captured_at_utc,auth_profile,verified_account_name,playlist_name,playlist_id,playlist_url,playlist_author,playlist_track_count_reported,playlist_track_count_returned_by_api,playlist_track_count_used_by_collector,playlist_track_limit_requested,playlist_track_limit_note,playlist_duration,playlist_duration_seconds,playlist_description,playlist_position,video_id,youtube_music_url,youtube_url,title,artists,artist_ids,artist_details_json,primary_artist_id,primary_artist_name,artist_subscribers_display,artist_subscribers_approx,artist_channel_views,artist_description,artist_song_shelf_count,artist_album_shelf_count,artist_single_shelf_count,artist_video_shelf_count,album_browse_id,album_name,album_type,album_year,album_track_count,album_duration,album_duration_seconds,album_audio_playlist_id,album_artists,album_description,duration,duration_seconds,video_type,view_count,playlist_view_display,view_count_source,like_count,comment_count,like_comment_note,category,upload_date,publish_date,topic_channel_owner,topic_channel_id,topic_channel_url,available_country_count,available_country_codes,available_countries_note,tags,canonical_url,family_safe,unlisted,paid,allow_ratings,is_live_content,is_private,is_crawlable,is_available,is_explicit_track,is_explicit_album,playability_status,playable_in_embed,profile_like_status,profile_in_library,thumbnail_url,track_thumbnails_json,song_lookup_error,artist_lookup_error,album_lookup_error,source_note,view_rank_within_discover_mix_desc,view_percentile_within_discover_mix,log10_view_count,popularity_measure,popularity_value_view_count,popularity_log10_view_count,popularity_original_pool_fixed_band,popularity_original_pool_fixed_tier,popularity_tier_reference,popularity_comparison_note,popularity_video_version_note
2026-08-24T12:27:34+00:00,user_03,Aysima Baba,Discover Mix,RDTMAK5uy_n_5IN6hzAOwdCnM8D8rzrs3vDl12UcZpA,https://music.youtube.com/playlist?list=RDTMAK5uy_n_5IN6hzAOwdCnM8D8rzrs3vDl12UcZpA,,,200,30,30,Collector records only the first 30 tracks. YouTube Music's browse response may still include more tracks in the raw API payload.,,51496,"Discover great music, picked just for you. Always updating.",1,8OsSp5jDkwk,https://music.youtube.com/watch?v=8OsSp5jDkwk,https://www.youtube.com/watch?v=8OsSp5jDkwk,Colours on My Shield (Bonus Track),Civil War,UC0hshC2PY-1-rlJz_PmN22A,"[{""id"": ""UC0hshC2PY-1-rlJz_PmN22A"", ""name"": ""Civil War"", ""subscribers_display"": ""11.3K"", ""subscribers_approx"": 11300, ""channel_views"": null, ""description"": null, ""song_shelf_count"": 5, ""album_shelf_count"": 5, ""single_shelf_count"": 10, ""video_shelf_count"": 10, ""lookup_error"": """"}]",UC0hshC2PY-1-rlJz_PmN22A,Civil War,11.3K,11300,,,5,5,10,10,MPREb_uB4fFbk3nYR,Gods & Generals,Album,2015,12,56 minutes,3364,OLAK5uy_l4fVV6s0VVAbqIWKDLG-HwanpSxvkiGs0,Civil War,"Gods and Generals is the second studio album by Swedish power metal band Civil War, released in 2015. The album's name is a reference to the 1966 novel of the same title, Gods and Generals.

From Wikipedia (",3:22,202,MUSIC_VIDEO_TYPE_ATV,653784,,ytmusicapi player response videoDetails.viewCount,,,Not exposed by this YouTube Music endpoint; official YouTube Data API credentials are required.,Music,2017-11-27T10:38:04-08:00,2017-11-27T10:38:04-08:00,Civil War - Topic,UC0hshC2PY-1-rlJz_PmN22A,http://www.youtube.com/channel/UC0hshC2PY-1-rlJz_PmN22A,122,AE;AR;AS;AT;AU;AW;AZ;BA;BD;BE;BG;BH;BM;BO;BR;BY;CA;CH;CL;CO;CR;CY;CZ;DE;DK;DO;DZ;EC;EE;EG;ES;FI;FR;GB;GE;GF;GH;GP;GR;GT;GU;HK;HN;HR;HU;ID;IE;IL;IN;IQ;IS;IT;JM;JO;JP;KE;KH;KR;KW;KY;KZ;LA;LB;LI;LK;LT;LU;LV;LY;MA;MK;MP;MQ;MT;MX;MY;NC;NG;NI;NL;NO;NP;NZ;OM;PA;PE;PF;PG;PH;PK;PL;PR;PT;PY;QA;RE;RO;RS;SA;SE;SG;SI;SK;SN;SV;TC;TH;TN;TR;TW;TZ;UA;UG;US;UY;VE;VI;VN;YE;YT;ZA;ZW,"Distribution availability, not artist nationality or audience geography.",Civil War; Patrik Nils Johansson; Daniel Karl Johan Myhr; Petrus Björn Johan Granar; Gods & Generals; Colours on My Shield (Bonus Track),https://music.youtube.com/watch?v=8OsSp5jDkwk,True,False,False,True,False,False,True,True,False,False,OK,True,INDIFFERENT,False,https://i.ytimg.com/vi/8OsSp5jDkwk/maxresdefault.jpg,"[{""url"": ""https://yt3.googleusercontent.com/477Mwq0hMNehbR9tFh_gFa3vq609XO4bTCa6CkiiqxO9-nAv1IC5ixz3xFz1PC4485hJoVuGdtzsVc4=w60-h60-l90-rj"", ""width"": 60, ""height"": 60}, {""url"": ""https://yt3.googleusercontent.com/477Mwq0hMNehbR9tFh_gFa3vq609XO4bTCa6CkiiqxO9-nAv1IC5ixz3xFz1PC4485hJoVuGdtzsVc4=w120-h120-l90-rj"", ""width"": 120, ""height"": 120}]",,,,YouTube Music internal web API via ytmusicapi; personalized playlist fetched with named auth profile.,28.0,8.333333,5.815434288,cumulative views of the exact recommended YouTube video,653784,5.815434288,Upper buffer,Buffer,"Frozen 83-song candidate pool captured 2026-06-29T19:44:09+00:00; Low <=7,505; lower buffer 7,506-19,756; Middle 19,757-243,792; upper buffer 243,793-1,223,809; High >=1,223,810 views.","Use view_count or popularity_log10_view_count for comparisons across users, weeks, and the original playlist. Do not use the within-Discover-Mix rank or percentile for cross-playlist comparisons because those are recalculated separately inside every 30-song mix.",Popularity is for the exact recommended video ID. Report or control video_type because this item is MUSIC_VIDEO_TYPE_ATV; ATV denotes an Art Track and OMV an official music video.
2026-08-24T12:27:34+00:00,user_03,Aysima Baba,Discover Mix,RDTMAK5uy_n_5IN6hzAOwdCnM8D8rzrs3vDl12UcZpA,https://music.youtube.com/playlist?list=RDTMAK5uy_n_5IN6hzAOwdCnM8D8rzrs3vDl12UcZpA,,,200,30,30,Collector records only the first 30 tracks. YouTube Music's browse response may still include more tracks in the raw API payload.,,51496,"Discover great music, picked just for you. Always updating.",2,UQ4uyq3GU1w,https://music.youtube.com/watch?v=UQ4uyq3GU1w,https://www.youtube.com/watch?v=UQ4uyq3GU1w,Heartless Madness,Dynazty,UC1_8sQRmjjw7YI2Bk-Kr_tA,"[{""id"": ""UC1_8sQRmjjw7YI2Bk-Kr_tA"", ""name"": ""Dynazty"", ""subscribers_display"": ""42.3K"", ""subscribers_approx"": 42300, ""channel_views"": 46949242, ""description"": ""Formed in 2008, Dynazty has over the years evolved from it’s humble beginnings rooted in the Scandinavian Hard Rock scene into now being a powerhouse and formidable force to be reckoned with on the top shelf of the modern melodic metal scene.\n\nCareer milestones include the 2020 chart breaking album The Dark Delight, certified for gold status in the bands home country Sweden and neighbors Finland. With single tracks Heartless Madness reaching platinum status.\n\nTours in recent years together with bands like Sabaton, Powerwolf, Battle Beast, Pain and Kissin' Dynamite have showcased and established the band on the European continent as one of the most prominent live acts of it’s generation.\n\nReleased on February 14th 2025, brand new album \""Game of Faces\"" is doubling down on punch and ferocity together with the band’s trademark attention to songwriting and production detail.\n\nProduced by Dynazty themselves and mixed by swedish pioneer Jens Bogren, Game of Faces takes you on a journey exploring the essence of the human mind and existance with lyrical themes such as self discovery, spiritual death, rebirth and re-invention in Die to Survive, Fire to Fight and Fortune Favors the Brave.\nWhile taking on the duality and deceptive nature of human kind in the eponymous title track, the album’s opener Call of The Night and first single release Devilry of Ecstasy."", ""song_shelf_count"": 5, ""album_shelf_count"": 9, ""single_shelf_count"": 10, ""video_shelf_count"": 10, ""lookup_error"": """"}]",UC1_8sQRmjjw7YI2Bk-Kr_tA,Dynazty,42.3K,42300,46949242,"Formed in 2008, Dynazty has over the years evolved from it’s humble beginnings rooted in the Scandinavian Hard Rock scene into now being a powerhouse and formidable force to be reckoned with on the top shelf of the modern melodic metal scene.

Career milestones include the 2020 chart breaking album The Dark Delight, certified for gold status in the bands home country Sweden and neighbors Finland. With single tracks Heartless Madness reaching platinum status.

Tours in recent years together with bands like Sabaton, Powerwolf, Battle Beast, Pain and Kissin' Dynamite have showcased and established the band on the European continent as one of the most prominent live acts of it’s generation.

Released on February 14th 2025, brand new album ""Game of Faces"" is doubling down on punch and ferocity together with the band’s trademark attention to songwriting and production detail.

Produced by Dynazty themselves and mixed by swedish pioneer Jens Bogren, Game of Faces takes you on a journey exploring the essence of the human mind and existance with lyrical themes such as self discovery, spiritual death, rebirth and re-invention in Die to Survive, Fire to Fight and Fortune Favors the Brave.
While taking on the duality and deceptive nature of human kind in the eponymous title track, the album’s opener Call of The Night and first single release Devilry of Ecstasy.",5,9,10,10,,,,,,,,,,,4:09,249,MUSIC_VIDEO_TYPE_OMV,6379132,,ytmusicapi player response videoDetails.viewCount,,,Not exposed by this YouTube Music endpoint; official YouTube Data API credentials are required.,Music,2020-02-28T03:02:07-08:00,2020-02-28T03:02:07-08:00,AFM Records,UCKdA5J4-opjla1aWOjF74mg,http://www.youtube.com/@afmrecords,249,AD;AE;AF;AG;AI;AL;AM;AO;AQ;AR;AS;AT;AU;AW;AX;AZ;BA;BB;BD;BE;BF;BG;BH;BI;BJ;BL;BM;BN;BO;BQ;BR;BS;BT;BV;BW;BY;BZ;CA;CC;CD;CF;CG;CH;CI;CK;CL;CM;CN;CO;CR;CU;CV;CW;CX;CY;CZ;DE;DJ;DK;DM;DO;DZ;EC;EE;EG;EH;ER;ES;ET;FI;FJ;FK;FM;FO;FR;GA;GB;GD;GE;GF;GG;GH;GI;GL;GM;GN;GP;GQ;GR;GS;GT;GU;GW;GY;HK;HM;HN;HR;HT;HU;ID;IE;IL;IM;IN;IO;IQ;IR;IS;IT;JE;JM;JO;JP;KE;KG;KH;KI;KM;KN;KP;KR;KW;KY;KZ;LA;LB;LC;LI;LK;LR;LS;LT;LU;LV;LY;MA;MC;MD;ME;MF;MG;MH;MK;ML;MM;MN;MO;MP;MQ;MR;MS;MT;MU;MV;MW;MX;MY;MZ;NA;NC;NE;NF;NG;NI;NL;NO;NP;NR;NU;NZ;OM;PA;PE;PF;PG;PH;PK;PL;PM;PN;PR;PS;PT;PW;PY;QA;RE;RO;RS;RU;RW;SA;SB;SC;SD;SE;SG;SH;SI;SJ;SK;SL;SM;SN;SO;SR;SS;ST;SV;SX;SY;SZ;TC;TD;TF;TG;TH;TJ;TK;TL;TM;TN;TO;TR;TT;TV;TW;TZ;UA;UG;UM;US;UY;UZ;VA;VC;VE;VG;VI;VN;VU;WF;WS;YE;YT;ZA;ZM;ZW,"Distribution availability, not artist nationality or audience geography.",afmrecords; AFM; Records; heavymetal; powermetal; official; musicvideo; music; metal; clip,https://music.youtube.com/watch?v=UQ4uyq3GU1w,True,False,False,True,False,False,True,True,False,,OK,True,INDIFFERENT,False,https://i.ytimg.com/vi/UQ4uyq3GU1w/maxresdefault.jpg,"[{""url"": ""https://i.ytimg.com/vi/UQ4uyq3GU1w/hqdefault.jpg?sqp=-oaymwEWCJADEOEBIAQqCggAEOADGC0guwJIWg&rs=AMzJL3mYZkJRRBZStIfUBZFu8O1w2ksyNw"", ""width"": 400, ""height"": 225}]",,,missing album browse id,YouTube Music internal web API via ytmusicapi; personalized playlist fetched with named auth profile.,15.0,51.666667,6.804761589,cumulative views of the exact recommended YouTube video,6379132,6.804761589,High,High,"Frozen 83-song candidate pool captured 2026-06-29T19:44:09+00:00; Low <=7,505; lower buffer 7,506-19,756; Middle 19,757-243,792; upper buffer 243,793-1,223,809; High >=1,223,810 views.","Use view_count or popularity_log10_view_count for comparisons across users, weeks, and the original playlist. Do not use the within-Discover-Mix rank or percentile for cross-playlist comparisons because those are recalculated separately inside every 30-song mix.",Popularity is for the exact recommended video ID. Report or control video_type because this item is MUSIC_VIDEO_TYPE_OMV; ATV denotes an Art Track and OMV an official music video.
2026-08-24T12:27:34+00:00,user_03,Aysima Baba,Discover Mix,RDTMAK5uy_n_5IN6hzAOwdCnM8D8rzrs3vDl12UcZpA,https://music.youtube.com/playlist?list=RDTMAK5uy_n_5IN6hzAOwdCnM8D8rzrs3vDl12UcZpA,,,200,30,30,Collector records only the first 30 tracks. YouTube Music's browse response may still include more tracks in the raw API payload.,,51496,"Discover great music, picked just for you. Always updating.",3,htKY2oD85rs,https://music.youtube.com/watch?v=htKY2oD85rs,https://www.youtube.com/watch?v=htKY2oD85rs,Hearts on Fire,Hammerfall,UCOspMA8k5GDzhPH7EsZ_IwQ,"[{""id"": ""UCOspMA8k5GDzhPH7EsZ_IwQ"", ""name"": ""Hammerfall"", ""subscribers_display"": ""108K"", ""subscribers_approx"": 108000, ""channel_views"": 88329654, ""description"": ""HammerFall is a Swedish power metal band from Gothenburg. It was formed in 1993 by ex-Ceremonial Oath guitarist Oscar Dronjak. They have released thirteen studio albums.\nThe band has largely stayed consistent with their original sound throughout its career. The group's mascot \""Hector\"" – a role-playing game character belonging to the paladin class – has appeared on most of their album covers.\n\nFrom Wikipedia ("", ""song_shelf_count"": 5, ""album_shelf_count"": 10, ""single_shelf_count"": 10, ""video_shelf_count"": 10, ""lookup_error"": """"}]",UCOspMA8k5GDzhPH7EsZ_IwQ,Hammerfall,108K,108000,88329654,"HammerFall is a Swedish power metal band from Gothenburg. It was formed in 1993 by ex-Ceremonial Oath guitarist Oscar Dronjak. They have released thirteen studio albums.
The band has largely stayed consistent with their original sound throughout its career. The group's mascot ""Hector"" – a role-playing game character belonging to the paladin class – has appeared on most of their album covers.

From Wikipedia (",5,10,10,10,,,,,,,,,,,3:52,232,MUSIC_VIDEO_TYPE_OMV,37365357,,ytmusicapi player response videoDetails.viewCount,,,Not exposed by this YouTube Music endpoint; official YouTube Data API credentials are required.,Music,2008-05-13T04:50:17-07:00,2008-05-13T04:50:17-07:00,Nuclear Blast Records,UCoxg3Kml41wE3IPq-PC-LQw,http://www.youtube.com/@NuclearBlastRecords,249,AD;AE;AF;AG;AI;AL;AM;AO;AQ;AR;AS;AT;AU;AW;AX;AZ;BA;BB;BD;BE;BF;BG;BH;BI;BJ;BL;BM;BN;BO;BQ;BR;BS;BT;BV;BW;BY;BZ;CA;CC;CD;CF;CG;CH;CI;CK;CL;CM;CN;CO;CR;CU;CV;CW;CX;CY;CZ;DE;DJ;DK;DM;DO;DZ;EC;EE;EG;EH;ER;ES;ET;FI;FJ;FK;FM;FO;FR;GA;GB;GD;GE;GF;GG;GH;GI;GL;GM;GN;GP;GQ;GR;GS;GT;GU;GW;GY;HK;HM;HN;HR;HT;HU;ID;IE;IL;IM;IN;IO;IQ;IR;IS;IT;JE;JM;JO;JP;KE;KG;KH;KI;KM;KN;KP;KR;KW;KY;KZ;LA;LB;LC;LI;LK;LR;LS;LT;LU;LV;LY;MA;MC;MD;ME;MF;MG;MH;MK;ML;MM;MN;MO;MP;MQ;MR;MS;MT;MU;MV;MW;MX;MY;MZ;NA;NC;NE;NF;NG;NI;NL;NO;NP;NR;NU;NZ;OM;PA;PE;PF;PG;PH;PK;PL;PM;PN;PR;PS;PT;PW;PY;QA;RE;RO;RS;RU;RW;SA;SB;SC;SD;SE;SG;SH;SI;SJ;SK;SL;SM;SN;SO;SR;SS;ST;SV;SX;SY;SZ;TC;TD;TF;TG;TH;TJ;TK;TL;TM;TN;TO;TR;TT;TV;TW;TZ;UA;UG;UM;US;UY;UZ;VA;VC;VE;VG;VI;VN;VU;WF;WS;YE;YT;ZA;ZM;ZW,"Distribution availability, not artist nationality or audience geography.",HammerFall (Musical Group); metal; Heavy Metal (Musical Genre); Power Metal (Musical Genre); swedish metal; Oscar Dronjak; Fredrik Larsson; Joacim Cans; Anders Johansson; Pontus Norgren; official music video; Hearts On Fire (Composition); hammerfall; power metal; heavy metal; crimson thunder; hearts on fire; nuclear blast records; hammerfall band; music video,https://music.youtube.com/watch?v=htKY2oD85rs,True,False,False,True,False,False,True,True,False,,OK,True,INDIFFERENT,False,https://i.ytimg.com/vi/htKY2oD85rs/maxresdefault.jpg,"[{""url"": ""https://i.ytimg.com/vi/htKY2oD85rs/hqdefault.jpg?sqp=-oaymwEWCJADEOEBIAQqCggAEOADGC0guwJIWg&rs=AMzJL3num-eeMoj0j686aY4SoqmDB4ayHA"", ""width"": 400, ""height"": 225}]",,,missing album browse id,YouTube Music internal web API via ytmusicapi; personalized playlist fetched with named auth profile.,6.0,81.666667,7.572469136,cumulative views of the exact recommended YouTube video,37365357,7.572469136,High,High,"Frozen 83-song candidate pool captured 2026-06-29T19:44:09+00:00; Low <=7,505; lower buffer 7,506-19,756; Middle 19,757-243,792; upper buffer 243,793-1,223,809; High >=1,223,810 views.","Use view_count or popularity_log10_view_count for comparisons across users, weeks, and the original playlist. Do not use the within-Discover-Mix rank or percentile for cross-playlist comparisons because those are recalculated separately inside every 30-song mix.",Popularity is for the exact recommended video ID. Report or control video_type because this item is MUSIC_VIDEO_TYPE_OMV; ATV denotes an Art Track and OMV an official music video.
2026-08-24T12:27:34+00:00,user_03,Aysima Baba,Discover Mix,RDTMAK5uy_n_5IN6hzAOwdCnM8D8rzrs3vDl12UcZpA,https://music.youtube.com/playlist?list=RDTMAK5uy_n_5IN6hzAOwdCnM8D8rzrs3vDl12UcZpA,,,200,30,30,Collector records only the first 30 tracks. YouTube Music's browse response may still include more tracks in the raw API payload.,,51496,"Discover great music, picked just for you. Always updating.",4,9QYLAQ1q4RU,https://music.youtube.com/watch?v=9QYLAQ1q4RU,https://www.youtube.com/watch?v=9QYLAQ1q4RU,Brothers of the Road,KK's Priest,UCliRcXwIgFPm7ZlpwRlsLqA,"[{""id"": ""UCliRcXwIgFPm7ZlpwRlsLqA"", ""name"": ""KK's Priest"", ""subscribers_display"": ""10.5K"", ""subscribers_approx"": 10500, ""channel_views"": 1939972, ""description"": ""KK's Priest are an English heavy metal band, formed by former Judas Priest guitarist, K. K. Downing in 2019.\n\nFrom Wikipedia ("", ""song_shelf_count"": 5, ""album_shelf_count"": 2, ""single_shelf_count"": 3, ""video_shelf_count"": 10, ""lookup_error"": """"}]",UCliRcXwIgFPm7ZlpwRlsLqA,KK's Priest,10.5K,10500,1939972,"KK's Priest are an English heavy metal band, formed by former Judas Priest guitarist, K. K. Downing in 2019.

From Wikipedia (",5,2,3,10,,,,,,,,,,,3:31,211,MUSIC_VIDEO_TYPE_OMV,925701,,ytmusicapi player response videoDetails.viewCount,,,Not exposed by this YouTube Music endpoint; official YouTube Data API credentials are required.,People & Blogs,2021-07-23T17:28:13-07:00,2021-07-23T17:28:13-07:00,KKs Priest,UCeG76Mc8GkqHa0YGbpkQCgw,http://www.youtube.com/@KKsPriest,249,AD;AE;AF;AG;AI;AL;AM;AO;AQ;AR;AS;AT;AU;AW;AX;AZ;BA;BB;BD;BE;BF;BG;BH;BI;BJ;BL;BM;BN;BO;BQ;BR;BS;BT;BV;BW;BY;BZ;CA;CC;CD;CF;CG;CH;CI;CK;CL;CM;CN;CO;CR;CU;CV;CW;CX;CY;CZ;DE;DJ;DK;DM;DO;DZ;EC;EE;EG;EH;ER;ES;ET;FI;FJ;FK;FM;FO;FR;GA;GB;GD;GE;GF;GG;GH;GI;GL;GM;GN;GP;GQ;GR;GS;GT;GU;GW;GY;HK;HM;HN;HR;HT;HU;ID;IE;IL;IM;IN;IO;IQ;IR;IS;IT;JE;JM;JO;JP;KE;KG;KH;KI;KM;KN;KP;KR;KW;KY;KZ;LA;LB;LC;LI;LK;LR;LS;LT;LU;LV;LY;MA;MC;MD;ME;MF;MG;MH;MK;ML;MM;MN;MO;MP;MQ;MR;MS;MT;MU;MV;MW;MX;MY;MZ;NA;NC;NE;NF;NG;NI;NL;NO;NP;NR;NU;NZ;OM;PA;PE;PF;PG;PH;PK;PL;PM;PN;PR;PS;PT;PW;PY;QA;RE;RO;RS;RU;RW;SA;SB;SC;SD;SE;SG;SH;SI;SJ;SK;SL;SM;SN;SO;SR;SS;ST;SV;SX;SY;SZ;TC;TD;TF;TG;TH;TJ;TK;TL;TM;TN;TO;TR;TT;TV;TW;TZ;UA;UG;UM;US;UY;UZ;VA;VC;VE;VG;VI;VN;VU;WF;WS;YE;YT;ZA;ZM;ZW,"Distribution availability, not artist nationality or audience geography.",,https://music.youtube.com/watch?v=9QYLAQ1q4RU,True,False,False,True,False,False,True,True,False,,OK,True,INDIFFERENT,False,https://i.ytimg.com/vi/9QYLAQ1q4RU/maxresdefault.jpg,"[{""url"": ""https://i.ytimg.com/vi/9QYLAQ1q4RU/hqdefault.jpg?sqp=-oaymwEWCJADEOEBIAQqCggAEOADGC0guwJIWg&rs=AMzJL3ktB3WCxRJhp39QfVJqmUbSV79Dlw"", ""width"": 400, ""height"": 225}]",,,missing album browse id,YouTube Music internal web API via ytmusicapi; personalized playlist fetched with named auth profile.,26.0,15.0,5.966470733,cumulative views of the exact recommended YouTube video,925701,5.966470733,Upper buffer,Buffer,"Frozen 83-song candidate pool captured 2026-06-29T19:44:09+00:00; Low <=7,505; lower buffer 7,506-19,756; Middle 19,757-243,792; upper buffer 243,793-1,223,809; High >=1,223,810 views.","Use view_count or popularity_log10_view_count for comparisons across users, weeks, and the original playlist. Do not use the within-Discover-Mix rank or percentile for cross-playlist comparisons because those are recalculated separately inside every 30-song mix.",Popularity is for the exact recommended video ID. Report or control video_type because this item is MUSIC_VIDEO_TYPE_OMV; ATV denotes an Art Track and OMV an official music video.
2026-08-24T12:27:34+00:00,user_03,Aysima Baba,Discover Mix,RDTMAK5uy_n_5IN6hzAOwdCnM8D8rzrs3vDl12UcZpA,https://music.youtube.com/playlist?list=RDTMAK5uy_n_5IN6hzAOwdCnM8D8rzrs3vDl12UcZpA,,,200,30,30,Collector records only the first 30 tracks. YouTube Music's browse response may still include more tracks in the raw API payload.,,51496,"Discover great music, picked just for you. Always updating.",5,7Iz1aYaxg_8,https://music.youtube.com/watch?v=7Iz1aYaxg_8,https://www.youtube.com/watch?v=7Iz1aYaxg_8,Hootsforce,Gloryhammer,UCPGTSBEsBiITt6ZaniWufag,"[{""id"": ""UCPGTSBEsBiITt6ZaniWufag"", ""name"": ""Gloryhammer"", ""subscribers_display"": ""54.7K"", ""subscribers_approx"": 54700, ""channel_views"": 69463671, ""description"": ""Gloryhammer are a British power metal band founded by keyboardist Christopher Bowes, lead vocalist of the band Alestorm. Each member of the band represents a character in the story concept. Band members appear on stage in armour and costumes to represent their respective characters.\n\nFrom Wikipedia ("", ""song_shelf_count"": 5, ""album_shelf_count"": 4, ""single_shelf_count"": 10, ""video_shelf_count"": 10, ""lookup_error"": """"}]",UCPGTSBEsBiITt6ZaniWufag,Gloryhammer,54.7K,54700,69463671,"Gloryhammer are a British power metal band founded by keyboardist Christopher Bowes, lead vocalist of the band Alestorm. Each member of the band represents a character in the story concept. Band members appear on stage in armour and costumes to represent their respective characters.

From Wikipedia (",5,4,10,10,MPREb_SYfYYO3yJFl,Legends from Beyond the Galactic Terrorvortex,Album,2019,10,49 minutes,2982,OLAK5uy_khAVCijbD0U3ixmrdoeAFdqlbSzByPYLs,Gloryhammer,"Legends from Beyond the Galactic Terrorvortex is the third studio album by the British power metal band Gloryhammer. It was released on 31 May 2019. It is the final album to feature vocalist Thomas Winkler.

From Wikipedia (",3:51,231,MUSIC_VIDEO_TYPE_ATV,11648287,,ytmusicapi player response videoDetails.viewCount,,,Not exposed by this YouTube Music endpoint; official YouTube Data API credentials are required.,Music,2019-05-30T06:30:03-07:00,2019-05-30T06:30:03-07:00,Gloryhammer - Topic,UCPGTSBEsBiITt6ZaniWufag,http://www.youtube.com/channel/UCPGTSBEsBiITt6ZaniWufag,122,AE;AR;AS;AT;AU;AW;AZ;BA;BD;BE;BG;BH;BM;BO;BR;BY;CA;CH;CL;CO;CR;CY;CZ;DE;DK;DO;DZ;EC;EE;EG;ES;FI;FR;GB;GE;GF;GH;GP;GR;GT;GU;HK;HN;HR;HU;ID;IE;IL;IN;IQ;IS;IT;JM;JO;JP;KE;KH;KR;KW;KY;KZ;LA;LB;LI;LK;LT;LU;LV;LY;MA;MK;MP;MQ;MT;MX;MY;NC;NG;NI;NL;NO;NP;NZ;OM;PA;PE;PF;PG;PH;PK;PL;PR;PT;PY;QA;RE;RO;RS;SA;SE;SG;SI;SK;SN;SV;TC;TH;TN;TR;TW;TZ;UA;UG;US;UY;VE;VI;VN;YE;YT;ZA;ZW,"Distribution availability, not artist nationality or audience geography.",Gloryhammer; Christopher Bowes; Ben Turk; Lasse Lammert; Legends from Beyond the Galactic Terrorvortex; Hootsforce,https://music.youtube.com/watch?v=7Iz1aYaxg_8,True,False,False,True,False,False,True,True,False,False,OK,True,INDIFFERENT,False,https://i.ytimg.com/vi/7Iz1aYaxg_8/maxresdefault.jpg,"[{""url"": ""https://yt3.googleusercontent.com/ZyFuSMPmBI8FxbQwC1gKOzwiZM1i41Zx4Sw5X7nXevoEcGWN6qnXUrq0VL7KI-OMsgAYpDTwyhBopXBJ=w60-h60-l90-rj"", ""width"": 60, ""height"": 60}, {""url"": ""https://yt3.googleusercontent.com/ZyFuSMPmBI8FxbQwC1gKOzwiZM1i41Zx4Sw5X7nXevoEcGWN6qnXUrq0VL7KI-OMsgAYpDTwyhBopXBJ=w120-h120-l90-rj"", ""width"": 120, ""height"": 120}]",,,,YouTube Music internal web API via ytmusicapi; personalized playlist fetched with named auth profile.,11.0,65.0,7.066262063,cumulative views of the exact recommended YouTube video,11648287,7.066262063,High,High,"Frozen 83-song candidate pool captured 2026-06-29T19:44:09+00:00; Low <=7,505; lower buffer 7,506-19,756; Middle 19,757-243,792; upper buffer 243,793-1,223,809; High >=1,223,810 views.","Use view_count or popularity_log10_view_count for comparisons across users, weeks, and the original playlist. Do not use the within-Discover-Mix rank or percentile for cross-playlist comparisons because those are recalculated separately inside every 30-song mix.",Popularity is for the exact recommended video ID. Report or control video_type because this item is MUSIC_VIDEO_TYPE_ATV; ATV denotes an Art Track and OMV an official music video.
2026-08-24T12:27:34+00:00,user_03,Aysima Baba,Discover Mix,RDTMAK5uy_n_5IN6hzAOwdCnM8D8rzrs3vDl12UcZpA,https://music.youtube.com/playlist?list=RDTMAK5uy_n_5IN6hzAOwdCnM8D8rzrs3vDl12UcZpA,,,200,30,30,Collector records only the first 30 tracks. YouTube Music's browse response may still include more tracks in the raw API payload.,,51496,"Discover great music, picked just for you. Always updating.",6,CNGCvI9dpZY,https://music.youtube.com/watch?v=CNGCvI9dpZY,https://www.youtube.com/watch?v=CNGCvI9dpZY,Mirror Mirror (Remastered 2007),Blind Guardian,UCevshEcA1yKVc0uucxo4dfg,"[{""id"": ""UCevshEcA1yKVc0uucxo4dfg"", ""name"": ""Blind Guardian"", ""subscribers_display"": ""202K"", ""subscribers_approx"": 202000, ""channel_views"": 124869988, ""description"": ""With a steady evolution from their early days as a speed metal band to their current, renowned musical alchemy of glory, drama, and grandiosity, Germany’s BLIND GUARDIAN have long since made their mark as the world’s definitive melodic/progressive rock band. \n\n\nFor many, they need no introduction, as the band possesses a track record and back catalogue of classic staples that perhaps only Iron Maiden can match. Called everything from heavy metal bards to modern day minstrels, BLIND GUARDIAN possess the ability to transport their legions of fans to new landscapes with their majestic songwriting, fantastically themed lyrics, and their meticulous, emotion-packed music. \nFounded under the name Lucifer’s Heritage in Krefeld, Germany by vocalist & bassist Hansi Kürsch, lead guitarist André Olbrich, rhythm guitarist Marcus Dork, and drummer Thomen Stauch, the band released only two demos – 1985’s Symphonies Of Doom and 1986’s Battalions Of Fear - before landing a record deal with Remorse Records. \n\nInspired by the Fates Warning album, Awaken The Guardian, band members decided to change their name to BLIND GUARDIAN and soon acquired new rhythm guitarist Marcus Siepen. Produced by Kalle Trapp (Saxon, Grave Digger), their 1988 debut album,Battalions Of Fear, (info | shop) showed a heavy influence by Iron Maiden and Helloween. \n\nOn 1989’s Follow The Blind (also produced by Trapp, info | shop), they leaned toward Testament’s musical direction, but also experimented with orchestral parts for the first time. More significantly, the album served as their introduction to the Japanese market where they ranked high on the import charts for half a year, poising them for a possible breakthrough with their third release. \n\nThe band’s reputation continued to grow via word-of-mouth, and when Tales From The Twilight World (info | shop) sold 30,000 copies in their home country alone, BLIND GUARDIAN reached the critical juncture in their career they had hoped for. Not only did they feel they had become better musicians and songwriters; they also penned a very distinct sound in the process, and record labels across Europe began courting them. Signing with Virgin Records in 1992, they were one of the very few metal bands to be signed on a major label. \n\nTheir Virgin debut, Somewhere Far Beyond, (info | shop) sold over 130,000 copies. After entering the international charts, BLIND GUARDIAN took their first trip to Japan to record their first live album, Tokyo Tales (info | shop). Playing two sold-out audiences to over 4,000 enthused fans, the show captured how strong, special, and symbiotic the relationship between artist and audience can be. \n\nThe summer of 1994 had BLIND GUARDIAN traveling to Sweet Silence Studios in Denmark to work with Flemming Rasmussen (Metallica) on the Imaginations From The Other Side (info | shop) album. After its release, they toured throughout Europe and secured themselves a very special international honor: they became the third-ever heavy metal band (after Metallica and Bon Jovi) to play in Thailand and received a heroes’ welcome into the country. \n\nAt this point in their career and with six successful albums in their discography, BLIND GUARDIAN opted not to release a standard “Best Of” compilation. Instead, to give their fans something truly special, they assembled The Forgotten Tales (info | shop) in 1996, a collection of a few cover songs (“Surfin’ USA,” “Barbara Ann,” and “Long Tall Sally”), a live version of the fan favorite “The Bard’s Song,” plus four acoustic versions and one orchestral arrangement of previously released BLIND GUARDIAN songs. \n\nSelf-professed perfectionists, BLIND GUARDIAN were becoming known for making fans wait a few years for a new album. Honing their creative talents with the production assistance of Rasmussen and drawing major inspiration from J.R.R. Tolkien’s book The Silmarillion, 1998’s Nightfall In Middle-Earth (info | shop) quickly became regarded as a pinnacle achievement in the band’s career. This carefully constructed collection of twenty-two tracks harnessed not only power and speed, but opulent orchestral arrangements, renaissance-styled acoustic sequences, spoken word, and flute & violin passages, all complemented by the jovial stroke of a traveling troubadour’s effervescent spirit. \n\nIn Europe, BLIND GUARDIAN toured more than ever before, and performed for the first time in new territories such as México, Brazil, and Argentina. While the band was on the road gathering momentum and adding to their ever-expanding fan base, the demand for BLIND GUARDIAN’s music in new markets continued to grow. Thanks to a licensing deal with Century Media Records, Nightfall became the band’s first official release in North America and landed on the Billboard charts. Nightfall went on to sell over 300,000 copies worldwide. Securing a loyal international audience and increasing their album sales over ten times with six studio albums, BLIND GUARDIAN’s obviously lively combination of talent, drive, and unified vision helped them earn their laurels of success and granted them a much-revered reputation in the power metal realm that continues to this day. \nMaking good on a promise made in the spring of 1997, vocalist Hansi Kürsch flew over to the U.S. in June of 1999 to team up with Iced Earth songwriter & guitarist and long-time friend Jon Schaffer on the Demons & Wizards project (the two first met while on tour together in Europe and began a lasting friendship). After the self-titled album was released in early 2000 and following a short European D&W summer tour, BLIND GUARDIAN began to resume work on their seventh studio album, A Night At The Opera (info | shop). \n\nWith the amount of work ahead of them due to their extensive tracking and the epic nature of the band’s musical orchestrations, the album took nearly seventeen months to complete. Teaming up with producer Charlie Bauerfeind (Helloween, Gamma Ray, Angra) at the band’s own Twilight Hall Studios in Grefrath-Oedt, Germany, the new material showcased a more aggressive version of Kürsch’s strongly emotive vocals, and cleaner, down-tuned guitar sounds. While the storytelling aspect of the band and the epic & grandiose studio performances remained intact, noticeably absent were the Tolkien-themed lyrics, but that would prove to be no hindrance to the success that waited them. \nThe band’s first-ever North American single, “And Then There Was Silence,” (which clocked in at over fourteen minutes, featured fifty vocal tracks, thirty guitar tracks, and took over four months to record) debuted on Billboard’s Top 200 Singles chart with no radio airplay. \nMetal Maniacs hailed BLIND GUARDIAN as “one of the few bands that consistently create 10-plus minute epics that never bore.” A Night At The Opera went on to debut at #37 on the Billboard Top Independent Albums chart, secured the #1 album position in Greece, #5 in Germany, #8 in Spain, and entered the Top 100 charts in Sweden, Italy, Austria, and France. Scoring a 9.5 out of 10 review and called “a pervasive and perennial slice of metal’s past, present, and future” by Brave Words and Bloody Knuckles Magazine, it went on to receive universal praise as one of the best albums in its genre. \nEven Billboard Magazine praised the band’s “larger-than-life sound, which incorporates the harmonies and drama of Queen with an aggressive, modern sensibility.” The success of the album brought BLIND GUARDIAN over to North America for the first time, launched with an appearance at Atlanta, Georgia’s sold-out ProgPower III festival plus additional sold-out shows in major cities. \n\nSparked by the avid interest of their fervent, ever-growing fan base to see the band perform in a live setting (laying credence to Metal Edge’s claim that the band has “reinvented classic metal for a younger audience”), BLIND GUARDIAN released a 2-CD live album, Live (info | shop), in 2003 and a double-disc DVD, Imaginations Through The Looking Glass, in 2004. \nOf note is that the latter was filmed at the first-ever, two-day BLIND GUARDIAN Open Air Festival in Coburg, Germany with the career-spanning set list voted upon entirely by fans before the festival, which ultimately translated into a truly vociferous crowd of over 6,000 on both days. \n\nEarly 2005 brought along several significant changes for BLIND GUARDIAN. In addition to signing with Nuclear Blast Records, the band - who managed to keep the same line-up for almost two decades - welcomed new drummer Fredrik Ehmke into the fold following the departure of Thomen Stauch. Once again joined by producer Charlie Bauerfeind at Twilight Hall Studios and diving into production for their eighth studio album, the band set out to create another album’s worth of grandeur. \n\nThe invigorating music on A Twist In The Myth (info | shop) satisfied on all counts, as demonstrated by the success of the “Fly” single, which debuted at very impressive international chart positions: #1 in Japan; #4 in Spain & Hungary; #29 in Sweden; #32 in Germany; #52 in Austria; and #94 in Switzerland. Debuting at #21 on the Billboard Top Independent Albums and "", ""song_shelf_count"": 5, ""album_shelf_count"": 10, ""single_shelf_count"": 9, ""video_shelf_count"": 10, ""lookup_error"": """"}]",UCevshEcA1yKVc0uucxo4dfg,Blind Guardian,202K,202000,124869988,"With a steady evolution from their early days as a speed metal band to their current, renowned musical alchemy of glory, drama, and grandiosity, Germany’s BLIND GUARDIAN have long since made their mark as the world’s definitive melodic/progressive rock band. 


For many, they need no introduction, as the band possesses a track record and back catalogue of classic staples that perhaps only Iron Maiden can match. Called everything from heavy metal bards to modern day minstrels, BLIND GUARDIAN possess the ability to transport their legions of fans to new landscapes with their majestic songwriting, fantastically themed lyrics, and their meticulous, emotion-packed music. 
Founded under the name Lucifer’s Heritage in Krefeld, Germany by vocalist & bassist Hansi Kürsch, lead guitarist André Olbrich, rhythm guitarist Marcus Dork, and drummer Thomen Stauch, the band released only two demos – 1985’s Symphonies Of Doom and 1986’s Battalions Of Fear - before landing a record deal with Remorse Records. 

Inspired by the Fates Warning album, Awaken The Guardian, band members decided to change their name to BLIND GUARDIAN and soon acquired new rhythm guitarist Marcus Siepen. Produced by Kalle Trapp (Saxon, Grave Digger), their 1988 debut album,Battalions Of Fear, (info | shop) showed a heavy influence by Iron Maiden and Helloween. 

On 1989’s Follow The Blind (also produced by Trapp, info | shop), they leaned toward Testament’s musical direction, but also experimented with orchestral parts for the first time. More significantly, the album served as their introduction to the Japanese market where they ranked high on the import charts for half a year, poising them for a possible breakthrough with their third release. 

The band’s reputation continued to grow via word-of-mouth, and when Tales From The Twilight World (info | shop) sold 30,000 copies in their home country alone, BLIND GUARDIAN reached the critical juncture in their career they had hoped for. Not only did they feel they had become better musicians and songwriters; they also penned a very distinct sound in the process, and record labels across Europe began courting them. Signing with Virgin Records in 1992, they were one of the very few metal bands to be signed on a major label. 

Their Virgin debut, Somewhere Far Beyond, (info | shop) sold over 130,000 copies. After entering the international charts, BLIND GUARDIAN took their first trip to Japan to record their first live album, Tokyo Tales (info | shop). Playing two sold-out audiences to over 4,000 enthused fans, the show captured how strong, special, and symbiotic the relationship between artist and audience can be. 

The summer of 1994 had BLIND GUARDIAN traveling to Sweet Silence Studios in Denmark to work with Flemming Rasmussen (Metallica) on the Imaginations From The Other Side (info | shop) album. After its release, they toured throughout Europe and secured themselves a very special international honor: they became the third-ever heavy metal band (after Metallica and Bon Jovi) to play in Thailand and received a heroes’ welcome into the country. 

At this point in their career and with six successful albums in their discography, BLIND GUARDIAN opted not to release a standard “Best Of” compilation. Instead, to give their fans something truly special, they assembled The Forgotten Tales (info | shop) in 1996, a collection of a few cover songs (“Surfin’ USA,” “Barbara Ann,” and “Long Tall Sally”), a live version of the fan favorite “The Bard’s Song,” plus four acoustic versions and one orchestral arrangement of previously released BLIND GUARDIAN songs. 

Self-professed perfectionists, BLIND GUARDIAN were becoming known for making fans wait a few years for a new album. Honing their creative talents with the production assistance of Rasmussen and drawing major inspiration from J.R.R. Tolkien’s book The Silmarillion, 1998’s Nightfall In Middle-Earth (info | shop) quickly became regarded as a pinnacle achievement in the band’s career. This carefully constructed collection of twenty-two tracks harnessed not only power and speed, but opulent orchestral arrangements, renaissance-styled acoustic sequences, spoken word, and flute & violin passages, all complemented by the jovial stroke of a traveling troubadour’s effervescent spirit. 

In Europe, BLIND GUARDIAN toured more than ever before, and performed for the first time in new territories such as México, Brazil, and Argentina. While the band was on the road gathering momentum and adding to their ever-expanding fan base, the demand for BLIND GUARDIAN’s music in new markets continued to grow. Thanks to a licensing deal with Century Media Records, Nightfall became the band’s first official release in North America and landed on the Billboard charts. Nightfall went on to sell over 300,000 copies worldwide. Securing a loyal international audience and increasing their album sales over ten times with six studio albums, BLIND GUARDIAN’s obviously lively combination of talent, drive, and unified vision helped them earn their laurels of success and granted them a much-revered reputation in the power metal realm that continues to this day. 
Making good on a promise made in the spring of 1997, vocalist Hansi Kürsch flew over to the U.S. in June of 1999 to team up with Iced Earth songwriter & guitarist and long-time friend Jon Schaffer on the Demons & Wizards project (the two first met while on tour together in Europe and began a lasting friendship). After the self-titled album was released in early 2000 and following a short European D&W summer tour, BLIND GUARDIAN began to resume work on their seventh studio album, A Night At The Opera (info | shop). 

With the amount of work ahead of them due to their extensive tracking and the epic nature of the band’s musical orchestrations, the album took nearly seventeen months to complete. Teaming up with producer Charlie Bauerfeind (Helloween, Gamma Ray, Angra) at the band’s own Twilight Hall Studios in Grefrath-Oedt, Germany, the new material showcased a more aggressive version of Kürsch’s strongly emotive vocals, and cleaner, down-tuned guitar sounds. While the storytelling aspect of the band and the epic & grandiose studio performances remained intact, noticeably absent were the Tolkien-themed lyrics, but that would prove to be no hindrance to the success that waited them. 
The band’s first-ever North American single, “And Then There Was Silence,” (which clocked in at over fourteen minutes, featured fifty vocal tracks, thirty guitar tracks, and took over four months to record) debuted on Billboard’s Top 200 Singles chart with no radio airplay. 
Metal Maniacs hailed BLIND GUARDIAN as “one of the few bands that consistently create 10-plus minute epics that never bore.” A Night At The Opera went on to debut at #37 on the Billboard Top Independent Albums chart, secured the #1 album position in Greece, #5 in Germany, #8 in Spain, and entered the Top 100 charts in Sweden, Italy, Austria, and France. Scoring a 9.5 out of 10 review and called “a pervasive and perennial slice of metal’s past, present, and future” by Brave Words and Bloody Knuckles Magazine, it went on to receive universal praise as one of the best albums in its genre. 
Even Billboard Magazine praised the band’s “larger-than-life sound, which incorporates the harmonies and drama of Queen with an aggressive, modern sensibility.” The success of the album brought BLIND GUARDIAN over to North America for the first time, launched with an appearance at Atlanta, Georgia’s sold-out ProgPower III festival plus additional sold-out shows in major cities. 

Sparked by the avid interest of their fervent, ever-growing fan base to see the band perform in a live setting (laying credence to Metal Edge’s claim that the band has “reinvented classic metal for a younger audience”), BLIND GUARDIAN released a 2-CD live album, Live (info | shop), in 2003 and a double-disc DVD, Imaginations Through The Looking Glass, in 2004. 
Of note is that the latter was filmed at the first-ever, two-day BLIND GUARDIAN Open Air Festival in Coburg, Germany with the career-spanning set list voted upon entirely by fans before the festival, which ultimately translated into a truly vociferous crowd of over 6,000 on both days. 

Early 2005 brought along several significant changes for BLIND GUARDIAN. In addition to signing with Nuclear Blast Records, the band - who managed to keep the same line-up for almost two decades - welcomed new drummer Fredrik Ehmke into the fold following the departure of Thomen Stauch. Once again joined by producer Charlie Bauerfeind at Twilight Hall Studios and diving into production for their eighth studio album, the band set out to create another album’s worth of grandeur. 

The invigorating music on A Twist In The Myth (info | shop) satisfied on all counts, as demonstrated by the success of the “Fly” single, which debuted at very impressive international chart positions: #1 in Japan; #4 in Spain & Hungary; #29 in Sweden; #32 in Germany; #52 in Austria; and #94 in Switzerland. Debuting at #21 on the Billboard Top Independent Albums and ",5,10,9,10,MPREb_9whAxze7X0B,Nightfall in Middle Earth (Remastered 2007),Album,1998,23,"1 hour, 9 minutes",4172,OLAK5uy_nVY7Ekmu-3gJilFDUz8xrjkzmVmVnQSMQ,Blind Guardian,,5:07,307,MUSIC_VIDEO_TYPE_ATV,6383455,,ytmusicapi player response videoDetails.viewCount,,,Not exposed by this YouTube Music endpoint; official YouTube Data API credentials are required.,Music,2019-05-16T04:51:41-07:00,2019-05-16T04:51:41-07:00,BLIND GUARDIAN - Topic,UCevshEcA1yKVc0uucxo4dfg,http://www.youtube.com/channel/UCevshEcA1yKVc0uucxo4dfg,249,AD;AE;AF;AG;AI;AL;AM;AO;AQ;AR;AS;AT;AU;AW;AX;AZ;BA;BB;BD;BE;BF;BG;BH;BI;BJ;BL;BM;BN;BO;BQ;BR;BS;BT;BV;BW;BY;BZ;CA;CC;CD;CF;CG;CH;CI;CK;CL;CM;CN;CO;CR;CU;CV;CW;CX;CY;CZ;DE;DJ;DK;DM;DO;DZ;EC;EE;EG;EH;ER;ES;ET;FI;FJ;FK;FM;FO;FR;GA;GB;GD;GE;GF;GG;GH;GI;GL;GM;GN;GP;GQ;GR;GS;GT;GU;GW;GY;HK;HM;HN;HR;HT;HU;ID;IE;IL;IM;IN;IO;IQ;IR;IS;IT;JE;JM;JO;JP;KE;KG;KH;KI;KM;KN;KP;KR;KW;KY;KZ;LA;LB;LC;LI;LK;LR;LS;LT;LU;LV;LY;MA;MC;MD;ME;MF;MG;MH;MK;ML;MM;MN;MO;MP;MQ;MR;MS;MT;MU;MV;MW;MX;MY;MZ;NA;NC;NE;NF;NG;NI;NL;NO;NP;NR;NU;NZ;OM;PA;PE;PF;PG;PH;PK;PL;PM;PN;PR;PS;PT;PW;PY;QA;RE;RO;RS;RU;RW;SA;SB;SC;SD;SE;SG;SH;SI;SJ;SK;SL;SM;SN;SO;SR;SS;ST;SV;SX;SY;SZ;TC;TD;TF;TG;TH;TJ;TK;TL;TM;TN;TO;TR;TT;TV;TW;TZ;UA;UG;UM;US;UY;UZ;VA;VC;VE;VG;VI;VN;VU;WF;WS;YE;YT;ZA;ZM;ZW,"Distribution availability, not artist nationality or audience geography.",Blind Guardian; Nightfall in Middle Earth (Remastered 2007); Mirror Mirror (Remastered 2007),https://music.youtube.com/watch?v=CNGCvI9dpZY,True,False,False,True,False,False,True,True,True,False,OK,True,INDIFFERENT,False,https://i.ytimg.com/vi/CNGCvI9dpZY/maxresdefault.jpg,"[{""url"": ""https://yt3.googleusercontent.com/HRKntLePSXoucd66RoeO659ZKU8raj1GlC4ts2vIgc5Dad7LNcKsF_65QDj6Mw64t3xWXBDNYJvo7Z7j=w60-h60-l90-rj"", ""width"": 60, ""height"": 60}, {""url"": ""https://yt3.googleusercontent.com/HRKntLePSXoucd66RoeO659ZKU8raj1GlC4ts2vIgc5Dad7LNcKsF_65QDj6Mw64t3xWXBDNYJvo7Z7j=w120-h120-l90-rj"", ""width"": 120, ""height"": 120}]",,,,YouTube Music internal web API via ytmusicapi; personalized playlist fetched with named auth profile.,14.0,55.0,6.805055801,cumulative views of the exact recommended YouTube video,6383455,6.805055801,High,High,"Frozen 83-song candidate pool captured 2026-06-29T19:44:09+00:00; Low <=7,505; lower buffer 7,506-19,756; Middle 19,757-243,792; upper buffer 243,793-1,223,809; High >=1,223,810 views.","Use view_count or popularity_log10_view_count for comparisons across users, weeks, and the original playlist. Do not use the within-Discover-Mix rank or percentile for cross-playlist comparisons because those are recalculated separately inside every 30-song mix.",Popularity is for the exact recommended video ID. Report or control video_type because this item is MUSIC_VIDEO_TYPE_ATV; ATV denotes an Art Track and OMV an official music video.
2026-08-24T12:27:34+00:00,user_03,Aysima Baba,Discover Mix,RDTMAK5uy_n_5IN6hzAOwdCnM8D8rzrs3vDl12UcZpA,https://music.youtube.com/playlist?list=RDTMAK5uy_n_5IN6hzAOwdCnM8D8rzrs3vDl12UcZpA,,,200,30,30,Collector records only the first 30 tracks. YouTube Music's browse response may still include more tracks in the raw API payload.,,51496,"Discover great music, picked just for you. Always updating.",7,v5yYMjU8xDg,https://music.youtube.com/watch?v=v5yYMjU8xDg,https://www.youtube.com/watch?v=v5yYMjU8xDg,Yggdrasil,Brothers of Metal,UC7apj1hieWRm-ji4_Umt2GA,"[{""id"": ""UC7apj1hieWRm-ji4_Umt2GA"", ""name"": ""Brothers of Metal"", ""subscribers_display"": ""105K"", ""subscribers_approx"": 105000, ""channel_views"": 113927907, ""description"": ""Brothers of Metal are an eight-piece Swedish power metal band from Falun, formed in 2012. The band's visual style and lyrics are inspired by Vikings and Norse mythology, and are often purposefully over-the-top, which earns them both criticism and praise.\n\nFrom Wikipedia ("", ""song_shelf_count"": 5, ""album_shelf_count"": 3, ""single_shelf_count"": 10, ""video_shelf_count"": 10, ""lookup_error"": """"}]",UC7apj1hieWRm-ji4_Umt2GA,Brothers of Metal,105K,105000,113927907,"Brothers of Metal are an eight-piece Swedish power metal band from Falun, formed in 2012. The band's visual style and lyrics are inspired by Vikings and Norse mythology, and are often purposefully over-the-top, which earns them both criticism and praise.

From Wikipedia (",5,3,10,10,,,,,,,,,,,4:33,273,MUSIC_VIDEO_TYPE_OMV,9260319,,ytmusicapi player response videoDetails.viewCount,,,Not exposed by this YouTube Music endpoint; official YouTube Data API credentials are required.,Music,2018-12-12T07:17:51-08:00,2018-12-12T07:17:51-08:00,AFM Records,UCKdA5J4-opjla1aWOjF74mg,http://www.youtube.com/@afmrecords,249,AD;AE;AF;AG;AI;AL;AM;AO;AQ;AR;AS;AT;AU;AW;AX;AZ;BA;BB;BD;BE;BF;BG;BH;BI;BJ;BL;BM;BN;BO;BQ;BR;BS;BT;BV;BW;BY;BZ;CA;CC;CD;CF;CG;CH;CI;CK;CL;CM;CN;CO;CR;CU;CV;CW;CX;CY;CZ;DE;DJ;DK;DM;DO;DZ;EC;EE;EG;EH;ER;ES;ET;FI;FJ;FK;FM;FO;FR;GA;GB;GD;GE;GF;GG;GH;GI;GL;GM;GN;GP;GQ;GR;GS;GT;GU;GW;GY;HK;HM;HN;HR;HT;HU;ID;IE;IL;IM;IN;IO;IQ;IR;IS;IT;JE;JM;JO;JP;KE;KG;KH;KI;KM;KN;KP;KR;KW;KY;KZ;LA;LB;LC;LI;LK;LR;LS;LT;LU;LV;LY;MA;MC;MD;ME;MF;MG;MH;MK;ML;MM;MN;MO;MP;MQ;MR;MS;MT;MU;MV;MW;MX;MY;MZ;NA;NC;NE;NF;NG;NI;NL;NO;NP;NR;NU;NZ;OM;PA;PE;PF;PG;PH;PK;PL;PM;PN;PR;PS;PT;PW;PY;QA;RE;RO;RS;RU;RW;SA;SB;SC;SD;SE;SG;SH;SI;SJ;SK;SL;SM;SN;SO;SR;SS;ST;SV;SX;SY;SZ;TC;TD;TF;TG;TH;TJ;TK;TL;TM;TN;TO;TR;TT;TV;TW;TZ;UA;UG;UM;US;UY;UZ;VA;VC;VE;VG;VI;VN;VU;WF;WS;YE;YT;ZA;ZM;ZW,"Distribution availability, not artist nationality or audience geography.",afmrecords; AFM; Records; heavymetal; powermetal; official; musicvideo; music; metal; clip,https://music.youtube.com/watch?v=v5yYMjU8xDg,True,False,False,True,False,False,True,True,False,,OK,True,INDIFFERENT,False,https://i.ytimg.com/vi/v5yYMjU8xDg/maxresdefault.jpg,"[{""url"": ""https://i.ytimg.com/vi/v5yYMjU8xDg/hqdefault.jpg?sqp=-oaymwEWCJADEOEBIAQqCggAEOADGC0guwJIWg&rs=AMzJL3ntJ42XDQjV2x-2BJ-w5FMZQThXeQ"", ""width"": 400, ""height"": 225}]",,,missing album browse id,YouTube Music internal web API via ytmusicapi; personalized playlist fetched with named auth profile.,13.0,58.333333,6.966625948,cumulative views of the exact recommended YouTube video,9260319,6.966625948,High,High,"Frozen 83-song candidate pool captured 2026-06-29T19:44:09+00:00; Low <=7,505; lower buffer 7,506-19,756; Middle 19,757-243,792; upper buffer 243,793-1,223,809; High >=1,223,810 views.","Use view_count or popularity_log10_view_count for comparisons across users, weeks, and the original playlist. Do not use the within-Discover-Mix rank or percentile for cross-playlist comparisons because those are recalculated separately inside every 30-song mix.",Popularity is for the exact recommended video ID. Report or control video_type because this item is MUSIC_VIDEO_TYPE_OMV; ATV denotes an Art Track and OMV an official music video.
2026-08-24T12:27:34+00:00,user_03,Aysima Baba,Discover Mix,RDTMAK5uy_n_5IN6hzAOwdCnM8D8rzrs3vDl12UcZpA,https://music.youtube.com/playlist?list=RDTMAK5uy_n_5IN6hzAOwdCnM8D8rzrs3vDl12UcZpA,,,200,30,30,Collector records only the first 30 tracks. YouTube Music's browse response may still include more tracks in the raw API payload.,,51496,"Discover great music, picked just for you. Always updating.",8,1zN7J64IeBo,https://music.youtube.com/watch?v=1zN7J64IeBo,https://www.youtube.com/watch?v=1zN7J64IeBo,Army of the Night (The Monumental Mass),Powerwolf,UC9LO_ioQYQay7CrsbacNqBQ,"[{""id"": ""UC9LO_ioQYQay7CrsbacNqBQ"", ""name"": ""Powerwolf"", ""subscribers_display"": ""437K"", ""subscribers_approx"": 437000, ""channel_views"": 352940977, ""description"": ""Powerwolf is a German power metal band founded in 2004 in Saarbrücken by members of Red Aim. The band consists of vocalist Karsten Brill as \""Attila Dorn\"", lead guitarist Benjamin Buss as \""Matthew Greywolf\"", bassist/rhythm guitarist David Vogt as \""Charles Greywolf\"", keyboardist Christian Jost as \""Falk Maria Schlegel\"" and drummer Roel van Helden. The group uses religious themes and images, contrary to traditional power metal music, as well as corpse paint, gothic-tinged compositions and songs about werewolf and vampire legends.\nThey released their debut album, Return in Bloodred, in 2005. Their second album, Lupus Dei, was released in 2007. The band entered the official German charts for the first time in 2009 with their third album, Bible of the Beast. Shortly after its release, their first drummer Stefan Gemballa left the band. He was replaced by Tom Diener, who was replaced in 2011 by Roel van Helden. In the same year, the band released their fourth album, Blood of the Saints. In 2012, Powerwolf signed with Napalm Records and released Preachers of the Night in 2013. It has debuted at No. 1 in Germany.\n\nFrom Wikipedia ("", ""song_shelf_count"": 5, ""album_shelf_count"": 10, ""single_shelf_count"": 10, ""video_shelf_count"": 10, ""lookup_error"": """"}]",UC9LO_ioQYQay7CrsbacNqBQ,Powerwolf,437K,437000,352940977,"Powerwolf is a German power metal band founded in 2004 in Saarbrücken by members of Red Aim. The band consists of vocalist Karsten Brill as ""Attila Dorn"", lead guitarist Benjamin Buss as ""Matthew Greywolf"", bassist/rhythm guitarist David Vogt as ""Charles Greywolf"", keyboardist Christian Jost as ""Falk Maria Schlegel"" and drummer Roel van Helden. The group uses religious themes and images, contrary to traditional power metal music, as well as corpse paint, gothic-tinged compositions and songs about werewolf and vampire legends.
They released their debut album, Return in Bloodred, in 2005. Their second album, Lupus Dei, was released in 2007. The band entered the official German charts for the first time in 2009 with their third album, Bible of the Beast. Shortly after its release, their first drummer Stefan Gemballa left the band. He was replaced by Tom Diener, who was replaced in 2011 by Roel van Helden. In the same year, the band released their fourth album, Blood of the Saints. In 2012, Powerwolf signed with Napalm Records and released Preachers of the Night in 2013. It has debuted at No. 1 in Germany.

From Wikipedia (",5,10,10,10,,,,,,,,,,,3:45,225,MUSIC_VIDEO_TYPE_OMV,34094681,,ytmusicapi player response videoDetails.viewCount,,,Not exposed by this YouTube Music endpoint; official YouTube Data API credentials are required.,People & Blogs,2015-06-26T05:22:14-07:00,2015-06-26T05:22:14-07:00,Napalm Records,UCG7AaCh_CiG6pq_rRDNw72A,http://www.youtube.com/@napalmrecords,249,AD;AE;AF;AG;AI;AL;AM;AO;AQ;AR;AS;AT;AU;AW;AX;AZ;BA;BB;BD;BE;BF;BG;BH;BI;BJ;BL;BM;BN;BO;BQ;BR;BS;BT;BV;BW;BY;BZ;CA;CC;CD;CF;CG;CH;CI;CK;CL;CM;CN;CO;CR;CU;CV;CW;CX;CY;CZ;DE;DJ;DK;DM;DO;DZ;EC;EE;EG;EH;ER;ES;ET;FI;FJ;FK;FM;FO;FR;GA;GB;GD;GE;GF;GG;GH;GI;GL;GM;GN;GP;GQ;GR;GS;GT;GU;GW;GY;HK;HM;HN;HR;HT;HU;ID;IE;IL;IM;IN;IO;IQ;IR;IS;IT;JE;JM;JO;JP;KE;KG;KH;KI;KM;KN;KP;KR;KW;KY;KZ;LA;LB;LC;LI;LK;LR;LS;LT;LU;LV;LY;MA;MC;MD;ME;MF;MG;MH;MK;ML;MM;MN;MO;MP;MQ;MR;MS;MT;MU;MV;MW;MX;MY;MZ;NA;NC;NE;NF;NG;NI;NL;NO;NP;NR;NU;NZ;OM;PA;PE;PF;PG;PH;PK;PL;PM;PN;PR;PS;PT;PW;PY;QA;RE;RO;RS;RU;RW;SA;SB;SC;SD;SE;SG;SH;SI;SJ;SK;SL;SM;SN;SO;SR;SS;ST;SV;SX;SY;SZ;TC;TD;TF;TG;TH;TJ;TK;TL;TM;TN;TO;TR;TT;TV;TW;TZ;UA;UG;UM;US;UY;UZ;VA;VC;VE;VG;VI;VN;VU;WF;WS;YE;YT;ZA;ZM;ZW,"Distribution availability, not artist nationality or audience geography.",Napalm; Records; Channel; Powerwolf (Musical Group); Army Of The Night; Napalm Records (Record Label); Metal; Official; Heavy Metal (Musical Genre); Power Metal (Musical Genre); blessed & possessed; attila; armata strigoi; romanian,https://music.youtube.com/watch?v=1zN7J64IeBo,True,False,False,True,False,False,True,True,False,,OK,True,INDIFFERENT,False,https://i.ytimg.com/vi/1zN7J64IeBo/maxresdefault.jpg?sqp=-oaymwEmCIAKENAF8quKqQMa8AEB-AH-CYAC0AWKAgwIABABGEIgSShlMA8=&rs=AOn4CLDRYCeyW49ZFpRMakHRf-TzG3k3Xg,"[{""url"": ""https://i.ytimg.com/vi/1zN7J64IeBo/hqdefault.jpg?sqp=-oaymwEWCJADEOEBIAQqCggAEOADGC0guwJIWg&rs=AMzJL3mOqwYD3Qs_h8Ttt7_p1mf0SEQ7CQ"", ""width"": 400, ""height"": 225}]",,,missing album browse id,YouTube Music internal web API via ytmusicapi; personalized playlist fetched with named auth profile.,8.0,75.0,7.532686631,cumulative views of the exact recommended YouTube video,34094681,7.532686631,High,High,"Frozen 83-song candidate pool captured 2026-06-29T19:44:09+00:00; Low <=7,505; lower buffer 7,506-19,756; Middle 19,757-243,792; upper buffer 243,793-1,223,809; High >=1,223,810 views.","Use view_count or popularity_log10_view_count for comparisons across users, weeks, and the original playlist. Do not use the within-Discover-Mix rank or percentile for cross-playlist comparisons because those are recalculated separately inside every 30-song mix.",Popularity is for the exact recommended video ID. Report or control video_type because this item is MUSIC_VIDEO_TYPE_OMV; ATV denotes an Art Track and OMV an official music video.
2026-08-24T12:27:34+00:00,user_03,Aysima Baba,Discover Mix,RDTMAK5uy_n_5IN6hzAOwdCnM8D8rzrs3vDl12UcZpA,https://music.youtube.com/playlist?list=RDTMAK5uy_n_5IN6hzAOwdCnM8D8rzrs3vDl12UcZpA,,,200,30,30,Collector records only the first 30 tracks. YouTube Music's browse response may still include more tracks in the raw API payload.,,51496,"Discover great music, picked just for you. Always updating.",9,0LfT5qJH2zc,https://music.youtube.com/watch?v=0LfT5qJH2zc,https://www.youtube.com/watch?v=0LfT5qJH2zc,Ievan Polkka,Korpiklaani,UC_MdHsWfs_34TX-nKRWfDrA,"[{""id"": ""UC_MdHsWfs_34TX-nKRWfDrA"", ""name"": ""Korpiklaani"", ""subscribers_display"": ""174K"", ""subscribers_approx"": 174000, ""channel_views"": 95796950, ""description"": ""The foundation of Korpiklaani in 2003 in Lahti, Finland brought the traditional folk music back to life. No one could have foreseen that such a large audience would be interested in Finnish and English mythological texts.\n\nKorpiklaani:\nJonne Järvelä – Vocals, acoustic guitar, mandolin, percussion, violafon\nOlli Vänskä – Fiddle\nCane – Guitars, backing vocals\nJarkko Aaltonen - Bass\nSami Perttula – Accordion\nSamuli Mikkonen – Drums\n\n”Sprit Of The Forest” 2003\n”Voice Of Wilderness” 2005\n”Tales Along This Road” 2006\n”Tervaskanto” 2007\n”Korven Kuningas” 2008\n”Karkelo” 2009\n”Ukon Wacka” 2011\n“Manala’ 2012\n”Noita” 2015 \n“Live at Masters of Rock” 2017  (DVD/Blu-Ray)\n“Kulkija\"" 2018\n\""Jylhä\"" 2021\n\""Rankarumpu\""2025\n\nFor more info - www.korpiklaani.com"", ""song_shelf_count"": 5, ""album_shelf_count"": 10, ""single_shelf_count"": 10, ""video_shelf_count"": 10, ""lookup_error"": """"}]",UC_MdHsWfs_34TX-nKRWfDrA,Korpiklaani,174K,174000,95796950,"The foundation of Korpiklaani in 2003 in Lahti, Finland brought the traditional folk music back to life. No one could have foreseen that such a large audience would be interested in Finnish and English mythological texts.

Korpiklaani:
Jonne Järvelä – Vocals, acoustic guitar, mandolin, percussion, violafon
Olli Vänskä – Fiddle
Cane – Guitars, backing vocals
Jarkko Aaltonen - Bass
Sami Perttula – Accordion
Samuli Mikkonen – Drums

”Sprit Of The Forest” 2003
”Voice Of Wilderness” 2005
”Tales Along This Road” 2006
”Tervaskanto” 2007
”Korven Kuningas” 2008
”Karkelo” 2009
”Ukon Wacka” 2011
“Manala’ 2012
”Noita” 2015 
“Live at Masters of Rock” 2017  (DVD/Blu-Ray)
“Kulkija"" 2018
""Jylhä"" 2021
""Rankarumpu""2025

For more info - www.korpiklaani.com",5,10,10,10,MPREb_mkz3BPUGVn8,Manala,Album,2012,23,"1 hour, 25 minutes",5138,OLAK5uy_kHEhb4S8Ndtg9hzNOtus5J1N9Q7CiOZMw,Korpiklaani,"Manala is the eighth studio album by Finnish folk metal band Korpiklaani. It was released on August 3, 2012 through Nuclear Blast. ""Manala"" translated from Finnish to English is ""Underworld"".

From Wikipedia (",3:09,189,MUSIC_VIDEO_TYPE_ATV,19839172,,ytmusicapi player response videoDetails.viewCount,,,Not exposed by this YouTube Music endpoint; official YouTube Data API credentials are required.,Music,2019-03-19T12:15:30-07:00,2019-03-19T12:15:30-07:00,Korpiklaani - Topic,UC_MdHsWfs_34TX-nKRWfDrA,http://www.youtube.com/channel/UC_MdHsWfs_34TX-nKRWfDrA,249,AD;AE;AF;AG;AI;AL;AM;AO;AQ;AR;AS;AT;AU;AW;AX;AZ;BA;BB;BD;BE;BF;BG;BH;BI;BJ;BL;BM;BN;BO;BQ;BR;BS;BT;BV;BW;BY;BZ;CA;CC;CD;CF;CG;CH;CI;CK;CL;CM;CN;CO;CR;CU;CV;CW;CX;CY;CZ;DE;DJ;DK;DM;DO;DZ;EC;EE;EG;EH;ER;ES;ET;FI;FJ;FK;FM;FO;FR;GA;GB;GD;GE;GF;GG;GH;GI;GL;GM;GN;GP;GQ;GR;GS;GT;GU;GW;GY;HK;HM;HN;HR;HT;HU;ID;IE;IL;IM;IN;IO;IQ;IR;IS;IT;JE;JM;JO;JP;KE;KG;KH;KI;KM;KN;KP;KR;KW;KY;KZ;LA;LB;LC;LI;LK;LR;LS;LT;LU;LV;LY;MA;MC;MD;ME;MF;MG;MH;MK;ML;MM;MN;MO;MP;MQ;MR;MS;MT;MU;MV;MW;MX;MY;MZ;NA;NC;NE;NF;NG;NI;NL;NO;NP;NR;NU;NZ;OM;PA;PE;PF;PG;PH;PK;PL;PM;PN;PR;PS;PT;PW;PY;QA;RE;RO;RS;RU;RW;SA;SB;SC;SD;SE;SG;SH;SI;SJ;SK;SL;SM;SN;SO;SR;SS;ST;SV;SX;SY;SZ;TC;TD;TF;TG;TH;TJ;TK;TL;TM;TN;TO;TR;TT;TV;TW;TZ;UA;UG;UM;US;UY;UZ;VA;VC;VE;VG;VI;VN;VU;WF;WS;YE;YT;ZA;ZM;ZW,"Distribution availability, not artist nationality or audience geography.",Korpiklaani; Manala; Ievan Polkka,https://music.youtube.com/watch?v=0LfT5qJH2zc,True,False,False,True,False,False,True,True,False,False,OK,True,INDIFFERENT,False,https://i.ytimg.com/vi/0LfT5qJH2zc/maxresdefault.jpg,"[{""url"": ""https://yt3.googleusercontent.com/NjxgeEocCYXBpwGaDohL5GGaJN4EzjoRKVm0-OokoRTfAGJKDd6PowLdVgoixwh0PDhoRFF7sv46Y3EipA=w60-h60-l90-rj"", ""width"": 60, ""height"": 60}, {""url"": ""https://yt3.googleusercontent.com/NjxgeEocCYXBpwGaDohL5GGaJN4EzjoRKVm0-OokoRTfAGJKDd6PowLdVgoixwh0PDhoRFF7sv46Y3EipA=w120-h120-l90-rj"", ""width"": 120, ""height"": 120}]",,,,YouTube Music internal web API via ytmusicapi; personalized playlist fetched with named auth profile.,10.0,68.333333,7.297523543,cumulative views of the exact recommended YouTube video,19839172,7.297523543,High,High,"Frozen 83-song candidate pool captured 2026-06-29T19:44:09+00:00; Low <=7,505; lower buffer 7,506-19,756; Middle 19,757-243,792; upper buffer 243,793-1,223,809; High >=1,223,810 views.","Use view_count or popularity_log10_view_count for comparisons across users, weeks, and the original playlist. Do not use the within-Discover-Mix rank or percentile for cross-playlist comparisons because those are recalculated separately inside every 30-song mix.",Popularity is for the exact recommended video ID. Report or control video_type because this item is MUSIC_VIDEO_TYPE_ATV; ATV denotes an Art Track and OMV an official music video.
2026-08-24T12:27:34+00:00,user_03,Aysima Baba,Discover Mix,RDTMAK5uy_n_5IN6hzAOwdCnM8D8rzrs3vDl12UcZpA,https://music.youtube.com/playlist?list=RDTMAK5uy_n_5IN6hzAOwdCnM8D8rzrs3vDl12UcZpA,,,200,30,30,Collector records only the first 30 tracks. YouTube Music's browse response may still include more tracks in the raw API payload.,,51496,"Discover great music, picked just for you. Always updating.",10,iywaBOMvYLI,https://music.youtube.com/watch?v=iywaBOMvYLI,https://www.youtube.com/watch?v=iywaBOMvYLI,Toxicity,System Of A Down,UCDJftX2zx_UT_QSnBGIF96w,"[{""id"": ""UCDJftX2zx_UT_QSnBGIF96w"", ""name"": ""System Of A Down"", ""subscribers_display"": ""8.28M"", ""subscribers_approx"": 8280000, ""channel_views"": 7652697635, ""description"": ""System of a Down is an Armenian-American heavy metal band formed in Glendale, California, in 1994. Since 1997, the band has consisted of founding members Serj Tankian, Daron Malakian, and Shavo Odadjian; along with John Dolmayan, who replaced original drummer Andy Khachaturian.\nThe band achieved commercial success with the release of five studio albums, three of which debuted at number one on the US Billboard 200. System of a Down has been nominated for four Grammy Awards, and their song \""B.Y.O.B.\"" won a Grammy Award for Best Hard Rock Performance in 2006. Known for their politically charged lyrics, many of their songs address social and political issues, such as the anti-war message in \""B.Y.O.B.\"" and criticism of the prison industrial complex and the war on drugs in \""Prison Song.\"" The band went on hiatus in 2006 and reunited in 2010. Other than two new songs in 2020, System of a Down has not released any new material since the Mezmerize and Hypnotize albums in 2005. The band has sold over 12 million records worldwide, while two of their singles, \""Aerials\"" and \""Hypnotize\"", reached number one on Billboard's Alternative Songs chart.\n\nFrom Wikipedia ("", ""song_shelf_count"": 5, ""album_shelf_count"": 5, ""single_shelf_count"": 8, ""video_shelf_count"": 10, ""lookup_error"": """"}]",UCDJftX2zx_UT_QSnBGIF96w,System Of A Down,8.28M,8280000,7652697635,"System of a Down is an Armenian-American heavy metal band formed in Glendale, California, in 1994. Since 1997, the band has consisted of founding members Serj Tankian, Daron Malakian, and Shavo Odadjian; along with John Dolmayan, who replaced original drummer Andy Khachaturian.
The band achieved commercial success with the release of five studio albums, three of which debuted at number one on the US Billboard 200. System of a Down has been nominated for four Grammy Awards, and their song ""B.Y.O.B."" won a Grammy Award for Best Hard Rock Performance in 2006. Known for their politically charged lyrics, many of their songs address social and political issues, such as the anti-war message in ""B.Y.O.B."" and criticism of the prison industrial complex and the war on drugs in ""Prison Song."" The band went on hiatus in 2006 and reunited in 2010. Other than two new songs in 2020, System of a Down has not released any new material since the Mezmerize and Hypnotize albums in 2005. The band has sold over 12 million records worldwide, while two of their singles, ""Aerials"" and ""Hypnotize"", reached number one on Billboard's Alternative Songs chart.

From Wikipedia (",5,5,8,10,,,,,,,,,,,3:45,225,MUSIC_VIDEO_TYPE_OMV,1210892259,,ytmusicapi player response videoDetails.viewCount,,,Not exposed by this YouTube Music endpoint; official YouTube Data API credentials are required.,Music,2009-10-02T08:16:02-07:00,2009-10-02T08:16:02-07:00,systemofadownVEVO,UCvtZDkeFxMkRTNqfqXtxxkw,http://www.youtube.com/@systemofadownVEVO,248,AD;AE;AF;AG;AI;AL;AM;AO;AQ;AR;AS;AT;AU;AW;AX;AZ;BA;BB;BD;BE;BF;BG;BH;BI;BJ;BL;BM;BN;BO;BQ;BR;BS;BT;BV;BW;BY;BZ;CA;CC;CD;CF;CG;CH;CI;CK;CL;CM;CN;CO;CR;CU;CV;CW;CX;CY;CZ;DJ;DK;DM;DO;DZ;EC;EE;EG;EH;ER;ES;ET;FI;FJ;FK;FM;FO;FR;GA;GB;GD;GE;GF;GG;GH;GI;GL;GM;GN;GP;GQ;GR;GS;GT;GU;GW;GY;HK;HM;HN;HR;HT;HU;ID;IE;IL;IM;IN;IO;IQ;IR;IS;IT;JE;JM;JO;JP;KE;KG;KH;KI;KM;KN;KP;KR;KW;KY;KZ;LA;LB;LC;LI;LK;LR;LS;LT;LU;LV;LY;MA;MC;MD;ME;MF;MG;MH;MK;ML;MM;MN;MO;MP;MQ;MR;MS;MT;MU;MV;MW;MX;MY;MZ;NA;NC;NE;NF;NG;NI;NL;NO;NP;NR;NU;NZ;OM;PA;PE;PF;PG;PH;PK;PL;PM;PN;PR;PS;PT;PW;PY;QA;RE;RO;RS;RU;RW;SA;SB;SC;SD;SE;SG;SH;SI;SJ;SK;SL;SM;SN;SO;SR;SS;ST;SV;SX;SY;SZ;TC;TD;TF;TG;TH;TJ;TK;TL;TM;TN;TO;TR;TT;TV;TW;TZ;UA;UG;UM;US;UY;UZ;VA;VC;VE;VG;VI;VN;VU;WF;WS;YE;YT;ZA;ZM;ZW,"Distribution availability, not artist nationality or audience geography.",system of down; toxicity; system of down toxicity; toxicity system of down; sister of down; soad; soad toxicity; chop suey; sistem of down; slipknot; toxic; metal; toxicity system of down lyrics; rammstein; toxity; system of down chop suey; toxicity system of down album; chop suey system of down; byob soad; lonely day system of down; korn; disturbed; powerman 5000; nu metal; hard rock; nu metal playlist; toxicity hd video,https://music.youtube.com/watch?v=iywaBOMvYLI,True,False,False,True,False,False,True,True,False,,OK,True,INDIFFERENT,False,https://i.ytimg.com/vi/iywaBOMvYLI/maxresdefault.jpg,"[{""url"": ""https://i.ytimg.com/vi/iywaBOMvYLI/hqdefault.jpg?sqp=-oaymwEWCJADEOEBIAQqCggAEOADGC0guwJIWg&rs=AMzJL3l6ILGUbXJv1RP0WtIYrfV8aY8eFA"", ""width"": 400, ""height"": 225}]",,,missing album browse id,YouTube Music internal web API via ytmusicapi; personalized playlist fetched with named auth profile.,1.0,98.333333,9.083105503,cumulative views of the exact recommended YouTube video,1210892259,9.083105503,High,High,"Frozen 83-song candidate pool captured 2026-06-29T19:44:09+00:00; Low <=7,505; lower buffer 7,506-19,756; Middle 19,757-243,792; upper buffer 243,793-1,223,809; High >=1,223,810 views.","Use view_count or popularity_log10_view_count for comparisons across users, weeks, and the original playlist. Do not use the within-Discover-Mix rank or percentile for cross-playlist comparisons because those are recalculated separately inside every 30-song mix.",Popularity is for the exact recommended video ID. Report or control video_type because this item is MUSIC_VIDEO_TYPE_OMV; ATV denotes an Art Track and OMV an official music video.
2026-08-24T12:27:34+00:00,user_03,Aysima Baba,Discover Mix,RDTMAK5uy_n_5IN6hzAOwdCnM8D8rzrs3vDl12UcZpA,https://music.youtube.com/playlist?list=RDTMAK5uy_n_5IN6hzAOwdCnM8D8rzrs3vDl12UcZpA,,,200,30,30,Collector records only the first 30 tracks. YouTube Music's browse response may still include more tracks in the raw API payload.,,51496,"Discover great music, picked just for you. Always updating.",11,5g8ykQLYnX0,https://music.youtube.com/watch?v=5g8ykQLYnX0,https://www.youtube.com/watch?v=5g8ykQLYnX0,Storytime (Radio Edit),Nightwish,UCnDibivBAgWYKWi9qOiCNnA,"[{""id"": ""UCnDibivBAgWYKWi9qOiCNnA"", ""name"": ""Nightwish"", ""subscribers_display"": ""1.88M"", ""subscribers_approx"": 1880000, ""channel_views"": 1312563662, ""description"": ""Nightwish were formed in Kitee, Finland, in 1997 by keyboardist Tuomas Holopainen. Nightwish's demos landed them a contract with the Finnish label Spinefarm, which released their debut album, Angels Fall First, in late 1997. The follow-up, Oceanborn, appeared in late 1998 and made Nightwish a mainstream success in their homeland.\n\nTheir third album, Wishmaster topped the Finnish charts. Released in 2002, Century Child proved a massive hit in Finland and around Europe, but 2004's Once saw them go one step further and conquer Europe. Marko Hietala was now on bass, replacing Sami Vänskä, while in 2005 Swedish singer Anette Olzon replaced Tarja Turunen. Dark Passion Play (2007) and the concept album Imaginaerum (2011) both featured Olzon before she and the band parted ways in 2012.\n\nAt short notice, ex-After Forever frontwoman Floor Jansen stepped in to take over on lead vocal duties. She was embraced immediately by their passionate fans, and was soon made a permanent member, alongside English piper Troy Donockley. Endless Forms Most Beautiful placed on no less than ten different charts including the Top 200 (number 34) and hard rock charts (number two). \n\nDecades, a double-length compilation album was released in March of 2018, and coincided with Nightwish's 20th anniversary world tour. After this Nightwish released a live recording of this very tour as Decades: Live in Buenos Aires. The latest album of Nightwish, \""Human. :||: Nature.\"" is out now!"", ""song_shelf_count"": 5, ""album_shelf_count"": 10, ""single_shelf_count"": 10, ""video_shelf_count"": 10, ""lookup_error"": """"}]",UCnDibivBAgWYKWi9qOiCNnA,Nightwish,1.88M,1880000,1312563662,"Nightwish were formed in Kitee, Finland, in 1997 by keyboardist Tuomas Holopainen. Nightwish's demos landed them a contract with the Finnish label Spinefarm, which released their debut album, Angels Fall First, in late 1997. The follow-up, Oceanborn, appeared in late 1998 and made Nightwish a mainstream success in their homeland.

Their third album, Wishmaster topped the Finnish charts. Released in 2002, Century Child proved a massive hit in Finland and around Europe, but 2004's Once saw them go one step further and conquer Europe. Marko Hietala was now on bass, replacing Sami Vänskä, while in 2005 Swedish singer Anette Olzon replaced Tarja Turunen. Dark Passion Play (2007) and the concept album Imaginaerum (2011) both featured Olzon before she and the band parted ways in 2012.

At short notice, ex-After Forever frontwoman Floor Jansen stepped in to take over on lead vocal duties. She was embraced immediately by their passionate fans, and was soon made a permanent member, alongside English piper Troy Donockley. Endless Forms Most Beautiful placed on no less than ten different charts including the Top 200 (number 34) and hard rock charts (number two). 

Decades, a double-length compilation album was released in March of 2018, and coincided with Nightwish's 20th anniversary world tour. After this Nightwish released a live recording of this very tour as Decades: Live in Buenos Aires. The latest album of Nightwish, ""Human. :||: Nature."" is out now!",5,10,10,10,,,,,,,,,,,4:05,245,MUSIC_VIDEO_TYPE_OMV,28219253,,ytmusicapi player response videoDetails.viewCount,,,Not exposed by this YouTube Music endpoint; official YouTube Data API credentials are required.,Music,2011-11-08T06:41:25-08:00,2011-11-08T06:41:25-08:00,Nuclear Blast Records,UCoxg3Kml41wE3IPq-PC-LQw,http://www.youtube.com/@NuclearBlastRecords,249,AD;AE;AF;AG;AI;AL;AM;AO;AQ;AR;AS;AT;AU;AW;AX;AZ;BA;BB;BD;BE;BF;BG;BH;BI;BJ;BL;BM;BN;BO;BQ;BR;BS;BT;BV;BW;BY;BZ;CA;CC;CD;CF;CG;CH;CI;CK;CL;CM;CN;CO;CR;CU;CV;CW;CX;CY;CZ;DE;DJ;DK;DM;DO;DZ;EC;EE;EG;EH;ER;ES;ET;FI;FJ;FK;FM;FO;FR;GA;GB;GD;GE;GF;GG;GH;GI;GL;GM;GN;GP;GQ;GR;GS;GT;GU;GW;GY;HK;HM;HN;HR;HT;HU;ID;IE;IL;IM;IN;IO;IQ;IR;IS;IT;JE;JM;JO;JP;KE;KG;KH;KI;KM;KN;KP;KR;KW;KY;KZ;LA;LB;LC;LI;LK;LR;LS;LT;LU;LV;LY;MA;MC;MD;ME;MF;MG;MH;MK;ML;MM;MN;MO;MP;MQ;MR;MS;MT;MU;MV;MW;MX;MY;MZ;NA;NC;NE;NF;NG;NI;NL;NO;NP;NR;NU;NZ;OM;PA;PE;PF;PG;PH;PK;PL;PM;PN;PR;PS;PT;PW;PY;QA;RE;RO;RS;RU;RW;SA;SB;SC;SD;SE;SG;SH;SI;SJ;SK;SL;SM;SN;SO;SR;SS;ST;SV;SX;SY;SZ;TC;TD;TF;TG;TH;TJ;TK;TL;TM;TN;TO;TR;TT;TV;TW;TZ;UA;UG;UM;US;UY;UZ;VA;VC;VE;VG;VI;VN;VU;WF;WS;YE;YT;ZA;ZM;ZW,"Distribution availability, not artist nationality or audience geography.",anette olzon; Metal Playlist; dark passion play; Power Metal; Movie Soundtracks; storytime; tarja turunen; emppu vuorinen; eva; Modern Metal; Epic; Hans Zimmer; Metal; nightwish; Female Metal; Metal Meets Classic; imaginaerum; the islander; jukka nevalainen; Orchestra Metal; Melodic Metal; Epic Metal; Mayhem Festival; marco hietala; amaranth; Film Scores; tuomas holopainen; bye bye beautiful; New Single 2013; Nuclear Blast,https://music.youtube.com/watch?v=5g8ykQLYnX0,True,False,False,True,False,False,True,True,False,,OK,True,INDIFFERENT,False,https://i.ytimg.com/vi/5g8ykQLYnX0/maxresdefault.jpg,"[{""url"": ""https://i.ytimg.com/vi/5g8ykQLYnX0/hqdefault.jpg?sqp=-oaymwEWCJADEOEBIAQqCggAEOADGC0guwJIWg&rs=AMzJL3mUbgROqsa5HHAs6omaOSRq2lnNsg"", ""width"": 400, ""height"": 225}]",,,missing album browse id,YouTube Music internal web API via ytmusicapi; personalized playlist fetched with named auth profile.,9.0,71.666667,7.450545513,cumulative views of the exact recommended YouTube video,28219253,7.450545513,High,High,"Frozen 83-song candidate pool captured 2026-06-29T19:44:09+00:00; Low <=7,505; lower buffer 7,506-19,756; Middle 19,757-243,792; upper buffer 243,793-1,223,809; High >=1,223,810 views.","Use view_count or popularity_log10_view_count for comparisons across users, weeks, and the original playlist. Do not use the within-Discover-Mix rank or percentile for cross-playlist comparisons because those are recalculated separately inside every 30-song mix.",Popularity is for the exact recommended video ID. Report or control video_type because this item is MUSIC_VIDEO_TYPE_OMV; ATV denotes an Art Track and OMV an official music video.
2026-08-24T12:27:34+00:00,user_03,Aysima Baba,Discover Mix,RDTMAK5uy_n_5IN6hzAOwdCnM8D8rzrs3vDl12UcZpA,https://music.youtube.com/playlist?list=RDTMAK5uy_n_5IN6hzAOwdCnM8D8rzrs3vDl12UcZpA,,,200,30,30,Collector records only the first 30 tracks. YouTube Music's browse response may still include more tracks in the raw API payload.,,51496,"Discover great music, picked just for you. Always updating.",12,qnzurkSGBCs,https://music.youtube.com/watch?v=qnzurkSGBCs,https://www.youtube.com/watch?v=qnzurkSGBCs,Pumping Iron Power,Grailknights,UCpQ0yahMIrWs5U_J_QkWQlw,"[{""id"": ""UCpQ0yahMIrWs5U_J_QkWQlw"", ""name"": ""Grailknights"", ""subscribers_display"": ""20K"", ""subscribers_approx"": 20000, ""channel_views"": 16109001, ""description"": ""Grailknights is a German power metal band. They have released seven studio albums. Having roots in death metal, by 2006's Return to Castle Grailskull the style of the band was described as \""classic fantasy power metal with death metal grunts\"".\n\nFrom Wikipedia ("", ""song_shelf_count"": 5, ""album_shelf_count"": 7, ""single_shelf_count"": 10, ""video_shelf_count"": 10, ""lookup_error"": """"}]",UCpQ0yahMIrWs5U_J_QkWQlw,Grailknights,20K,20000,16109001,"Grailknights is a German power metal band. They have released seven studio albums. Having roots in death metal, by 2006's Return to Castle Grailskull the style of the band was described as ""classic fantasy power metal with death metal grunts"".

From Wikipedia (",5,7,10,10,,,,,,,,,,,3:58,238,MUSIC_VIDEO_TYPE_OMV,3714439,,ytmusicapi player response videoDetails.viewCount,,,Not exposed by this YouTube Music endpoint; official YouTube Data API credentials are required.,Music,2018-04-24T08:57:35-07:00,2018-04-24T08:57:35-07:00,Grailknights Official,UC7tx_O28MjpIK2jBJYUWrHQ,http://www.youtube.com/@Grailknights_Official,249,AD;AE;AF;AG;AI;AL;AM;AO;AQ;AR;AS;AT;AU;AW;AX;AZ;BA;BB;BD;BE;BF;BG;BH;BI;BJ;BL;BM;BN;BO;BQ;BR;BS;BT;BV;BW;BY;BZ;CA;CC;CD;CF;CG;CH;CI;CK;CL;CM;CN;CO;CR;CU;CV;CW;CX;CY;CZ;DE;DJ;DK;DM;DO;DZ;EC;EE;EG;EH;ER;ES;ET;FI;FJ;FK;FM;FO;FR;GA;GB;GD;GE;GF;GG;GH;GI;GL;GM;GN;GP;GQ;GR;GS;GT;GU;GW;GY;HK;HM;HN;HR;HT;HU;ID;IE;IL;IM;IN;IO;IQ;IR;IS;IT;JE;JM;JO;JP;KE;KG;KH;KI;KM;KN;KP;KR;KW;KY;KZ;LA;LB;LC;LI;LK;LR;LS;LT;LU;LV;LY;MA;MC;MD;ME;MF;MG;MH;MK;ML;MM;MN;MO;MP;MQ;MR;MS;MT;MU;MV;MW;MX;MY;MZ;NA;NC;NE;NF;NG;NI;NL;NO;NP;NR;NU;NZ;OM;PA;PE;PF;PG;PH;PK;PL;PM;PN;PR;PS;PT;PW;PY;QA;RE;RO;RS;RU;RW;SA;SB;SC;SD;SE;SG;SH;SI;SJ;SK;SL;SM;SN;SO;SR;SS;ST;SV;SX;SY;SZ;TC;TD;TF;TG;TH;TJ;TK;TL;TM;TN;TO;TR;TT;TV;TW;TZ;UA;UG;UM;US;UY;UZ;VA;VC;VE;VG;VI;VN;VU;WF;WS;YE;YT;ZA;ZM;ZW,"Distribution availability, not artist nationality or audience geography.",Grailknights; Sabaton; Pumping Iron Power; Pumping Iron; Joakim Brodén; Grail; Knights; Metal; Knightfall; intono records; Masters of the Universe; Terminator; Joakinator; Schwarzenegger; Motu; 80s; 1980; work-out; gym; muscles; power; superhero; hero; super; panzer,https://music.youtube.com/watch?v=qnzurkSGBCs,True,False,False,True,False,False,True,True,False,,OK,True,INDIFFERENT,False,https://i.ytimg.com/vi/qnzurkSGBCs/maxresdefault.jpg,"[{""url"": ""https://i.ytimg.com/vi/qnzurkSGBCs/hqdefault.jpg?sqp=-oaymwEWCJADEOEBIAQqCggAEOADGC0guwJIWg&rs=AMzJL3knLuwSo7G9MxQXw7DeSyD-UeBd1w"", ""width"": 400, ""height"": 225}]",,,missing album browse id,YouTube Music internal web API via ytmusicapi; personalized playlist fetched with named auth profile.,19.0,38.333333,6.569893231,cumulative views of the exact recommended YouTube video,3714439,6.569893231,High,High,"Frozen 83-song candidate pool captured 2026-06-29T19:44:09+00:00; Low <=7,505; lower buffer 7,506-19,756; Middle 19,757-243,792; upper buffer 243,793-1,223,809; High >=1,223,810 views.","Use view_count or popularity_log10_view_count for comparisons across users, weeks, and the original playlist. Do not use the within-Discover-Mix rank or percentile for cross-playlist comparisons because those are recalculated separately inside every 30-song mix.",Popularity is for the exact recommended video ID. Report or control video_type because this item is MUSIC_VIDEO_TYPE_OMV; ATV denotes an Art Track and OMV an official music video.
2026-08-24T12:27:34+00:00,user_03,Aysima Baba,Discover Mix,RDTMAK5uy_n_5IN6hzAOwdCnM8D8rzrs3vDl12UcZpA,https://music.youtube.com/playlist?list=RDTMAK5uy_n_5IN6hzAOwdCnM8D8rzrs3vDl12UcZpA,,,200,30,30,Collector records only the first 30 tracks. YouTube Music's browse response may still include more tracks in the raw API payload.,,51496,"Discover great music, picked just for you. Always updating.",13,RSSmwXy98IY,https://music.youtube.com/watch?v=RSSmwXy98IY,https://www.youtube.com/watch?v=RSSmwXy98IY,Kings of Metal,Manowar,UCYNIpBZ3RonbMWRN0ff5OPQ,"[{""id"": ""UCYNIpBZ3RonbMWRN0ff5OPQ"", ""name"": ""Manowar"", ""subscribers_display"": ""423K"", ""subscribers_approx"": 423000, ""channel_views"": 439945639, ""description"": ""True since 1980\n\nThe official MANOWAR channel - for all who love true metal.\n\nHailed the world over for their bombastic and crystal-clear sound, unforgettable live performances and immortal hymns U.S. metal legends MANOWAR have changed the lives of music lovers for more than four decades. With powerful storytelling, their music and concerts bring to life universal themes like friendship, loyalty, and integrity. \n\nMANOWAR unite people of all ages and backgrounds in a worldwide community, providing them with motivation and inspiration to achieve their dreams, overcome and conquer any obstacles in their path, and write their own history. \n\nWith unfaltering courage, always true to themselves, MANOWAR have endured and inspire victory to all who come to know them."", ""song_shelf_count"": 5, ""album_shelf_count"": 10, ""single_shelf_count"": 6, ""video_shelf_count"": 10, ""lookup_error"": """"}]",UCYNIpBZ3RonbMWRN0ff5OPQ,Manowar,423K,423000,439945639,"True since 1980

The official MANOWAR channel - for all who love true metal.

Hailed the world over for their bombastic and crystal-clear sound, unforgettable live performances and immortal hymns U.S. metal legends MANOWAR have changed the lives of music lovers for more than four decades. With powerful storytelling, their music and concerts bring to life universal themes like friendship, loyalty, and integrity. 

MANOWAR unite people of all ages and backgrounds in a worldwide community, providing them with motivation and inspiration to achieve their dreams, overcome and conquer any obstacles in their path, and write their own history. 

With unfaltering courage, always true to themselves, MANOWAR have endured and inspire victory to all who come to know them.",5,10,6,10,MPREb_5tYUZltgJgg,Kings of Metal,Album,1988,10,48 minutes,2887,OLAK5uy_nxCKsomJw1WOvWZNeQDrFvKAVxKNm0Fdc,Manowar,"Kings of Metal is the sixth album by the American heavy metal band Manowar, released on November 18, 1988 by Atlantic Records. The album was the last to feature guitarist and founding member Ross ""The Boss"" Friedman, who later went on to rejoin punk band The Dictators. Drummer Scott Columbus left the band after this album as well, but rejoined for 1996's Louder Than Hell and remained with the band until 2008.
In 2017, Loudwire ranked it as the 13th-best power metal album of all time. The album was re-recorded by the band in 2014 as Kings of Metal MMXIV.

From Wikipedia (",3:44,224,MUSIC_VIDEO_TYPE_ATV,5100427,,ytmusicapi player response videoDetails.viewCount,,,Not exposed by this YouTube Music endpoint; official YouTube Data API credentials are required.,Music,2017-07-27T07:00:15-07:00,2017-07-27T07:00:15-07:00,Manowar - Topic,UCYNIpBZ3RonbMWRN0ff5OPQ,http://www.youtube.com/channel/UCYNIpBZ3RonbMWRN0ff5OPQ,118,AE;AR;AT;AU;AW;AZ;BA;BD;BE;BG;BH;BM;BO;BR;BY;CA;CH;CL;CO;CR;CY;CZ;DE;DK;DO;DZ;EC;EE;EG;ES;FI;FR;GB;GE;GF;GH;GP;GR;GT;HK;HN;HR;HU;ID;IE;IL;IN;IQ;IS;IT;JM;JO;JP;KE;KH;KR;KW;KY;KZ;LA;LB;LI;LK;LT;LU;LV;LY;MA;MK;MQ;MT;MX;MY;NC;NG;NI;NL;NO;NP;NZ;OM;PA;PE;PF;PG;PH;PK;PL;PT;PY;QA;RE;RO;RS;RU;SA;SE;SG;SI;SK;SN;SV;TC;TH;TN;TR;TW;TZ;UA;UG;US;UY;VE;VN;YE;YT;ZA;ZW,"Distribution availability, not artist nationality or audience geography.",Manowar; Kings of Metal,https://music.youtube.com/watch?v=RSSmwXy98IY,True,False,False,True,False,False,True,True,False,False,OK,True,INDIFFERENT,False,https://i.ytimg.com/vi/RSSmwXy98IY/maxresdefault.jpg,"[{""url"": ""https://yt3.googleusercontent.com/OI6EXEoqTpSKTrWCT152hWI6dKKwnKtUC-B9Qe6BH2w_p7FW8kUuM8ZQTxN3WUNbRCocN4cUEKGTER6V=w60-h60-s-l90-rj"", ""width"": 60, ""height"": 60}, {""url"": ""https://yt3.googleusercontent.com/OI6EXEoqTpSKTrWCT152hWI6dKKwnKtUC-B9Qe6BH2w_p7FW8kUuM8ZQTxN3WUNbRCocN4cUEKGTER6V=w120-h120-s-l90-rj"", ""width"": 120, ""height"": 120}]",,,,YouTube Music internal web API via ytmusicapi; personalized playlist fetched with named auth profile.,16.0,48.333333,6.707606536,cumulative views of the exact recommended YouTube video,5100427,6.707606536,High,High,"Frozen 83-song candidate pool captured 2026-06-29T19:44:09+00:00; Low <=7,505; lower buffer 7,506-19,756; Middle 19,757-243,792; upper buffer 243,793-1,223,809; High >=1,223,810 views.","Use view_count or popularity_log10_view_count for comparisons across users, weeks, and the original playlist. Do not use the within-Discover-Mix rank or percentile for cross-playlist comparisons because those are recalculated separately inside every 30-song mix.",Popularity is for the exact recommended video ID. Report or control video_type because this item is MUSIC_VIDEO_TYPE_ATV; ATV denotes an Art Track and OMV an official music video.
2026-08-24T12:27:34+00:00,user_03,Aysima Baba,Discover Mix,RDTMAK5uy_n_5IN6hzAOwdCnM8D8rzrs3vDl12UcZpA,https://music.youtube.com/playlist?list=RDTMAK5uy_n_5IN6hzAOwdCnM8D8rzrs3vDl12UcZpA,,,200,30,30,Collector records only the first 30 tracks. YouTube Music's browse response may still include more tracks in the raw API payload.,,51496,"Discover great music, picked just for you. Always updating.",14,TEJJSeQm49c,https://music.youtube.com/watch?v=TEJJSeQm49c,https://www.youtube.com/watch?v=TEJJSeQm49c,Circle of Stone,Blaze Bayley,UCFWnaaPfunkgp49YYWhfBpw,"[{""id"": ""UCFWnaaPfunkgp49YYWhfBpw"", ""name"": ""Blaze Bayley"", ""subscribers_display"": ""4.47K"", ""subscribers_approx"": 4470, ""channel_views"": 4180060, ""description"": ""Blaze Bayley is an English heavy metal singer. He was the lead singer of Wolfsbane from 1984 to 1994. He was also the lead singer of Iron Maiden from 1994 to 1999. Since then, he has pursued a solo career and has released eleven studio albums. Blaze was voted number 67 in Sweden Rock magazine's top 100 singers of all time.\n\nFrom Wikipedia ("", ""song_shelf_count"": 5, ""album_shelf_count"": 10, ""single_shelf_count"": 10, ""video_shelf_count"": 10, ""lookup_error"": """"}]",UCFWnaaPfunkgp49YYWhfBpw,Blaze Bayley,4.47K,4470,4180060,"Blaze Bayley is an English heavy metal singer. He was the lead singer of Wolfsbane from 1984 to 1994. He was also the lead singer of Iron Maiden from 1994 to 1999. Since then, he has pursued a solo career and has released eleven studio albums. Blaze was voted number 67 in Sweden Rock magazine's top 100 singers of all time.

From Wikipedia (",5,10,10,10,,,,,,,,,,,3:32,212,MUSIC_VIDEO_TYPE_OMV,288067,,ytmusicapi player response videoDetails.viewCount,,,Not exposed by this YouTube Music endpoint; official YouTube Data API credentials are required.,Music,2024-01-10T23:03:21-08:00,2024-01-10T23:03:21-08:00,blazebayleyofficial,UC0KJuyHJ4j3g9iJM1ff24Cw,http://www.youtube.com/@blazebayley,249,AD;AE;AF;AG;AI;AL;AM;AO;AQ;AR;AS;AT;AU;AW;AX;AZ;BA;BB;BD;BE;BF;BG;BH;BI;BJ;BL;BM;BN;BO;BQ;BR;BS;BT;BV;BW;BY;BZ;CA;CC;CD;CF;CG;CH;CI;CK;CL;CM;CN;CO;CR;CU;CV;CW;CX;CY;CZ;DE;DJ;DK;DM;DO;DZ;EC;EE;EG;EH;ER;ES;ET;FI;FJ;FK;FM;FO;FR;GA;GB;GD;GE;GF;GG;GH;GI;GL;GM;GN;GP;GQ;GR;GS;GT;GU;GW;GY;HK;HM;HN;HR;HT;HU;ID;IE;IL;IM;IN;IO;IQ;IR;IS;IT;JE;JM;JO;JP;KE;KG;KH;KI;KM;KN;KP;KR;KW;KY;KZ;LA;LB;LC;LI;LK;LR;LS;LT;LU;LV;LY;MA;MC;MD;ME;MF;MG;MH;MK;ML;MM;MN;MO;MP;MQ;MR;MS;MT;MU;MV;MW;MX;MY;MZ;NA;NC;NE;NF;NG;NI;NL;NO;NP;NR;NU;NZ;OM;PA;PE;PF;PG;PH;PK;PL;PM;PN;PR;PS;PT;PW;PY;QA;RE;RO;RS;RU;RW;SA;SB;SC;SD;SE;SG;SH;SI;SJ;SK;SL;SM;SN;SO;SR;SS;ST;SV;SX;SY;SZ;TC;TD;TF;TG;TH;TJ;TK;TL;TM;TN;TO;TR;TT;TV;TW;TZ;UA;UG;UM;US;UY;UZ;VA;VC;VE;VG;VI;VN;VU;WF;WS;YE;YT;ZA;ZM;ZW,"Distribution availability, not artist nationality or audience geography.",,https://music.youtube.com/watch?v=TEJJSeQm49c,True,False,False,True,False,False,True,True,False,,OK,True,INDIFFERENT,False,https://i.ytimg.com/vi/TEJJSeQm49c/maxresdefault.jpg,"[{""url"": ""https://i.ytimg.com/vi/TEJJSeQm49c/hqdefault.jpg?sqp=-oaymwEWCJADEOEBIAQqCggAEOADGC0guwJIWg&rs=AMzJL3lqZKqnhQhWBKsloxzh5YWeuBXarA"", ""width"": 400, ""height"": 225}]",,,missing album browse id,YouTube Music internal web API via ytmusicapi; personalized playlist fetched with named auth profile.,30.0,1.666667,5.45949351,cumulative views of the exact recommended YouTube video,288067,5.45949351,Upper buffer,Buffer,"Frozen 83-song candidate pool captured 2026-06-29T19:44:09+00:00; Low <=7,505; lower buffer 7,506-19,756; Middle 19,757-243,792; upper buffer 243,793-1,223,809; High >=1,223,810 views.","Use view_count or popularity_log10_view_count for comparisons across users, weeks, and the original playlist. Do not use the within-Discover-Mix rank or percentile for cross-playlist comparisons because those are recalculated separately inside every 30-song mix.",Popularity is for the exact recommended video ID. Report or control video_type because this item is MUSIC_VIDEO_TYPE_OMV; ATV denotes an Art Track and OMV an official music video.
2026-08-24T12:27:34+00:00,user_03,Aysima Baba,Discover Mix,RDTMAK5uy_n_5IN6hzAOwdCnM8D8rzrs3vDl12UcZpA,https://music.youtube.com/playlist?list=RDTMAK5uy_n_5IN6hzAOwdCnM8D8rzrs3vDl12UcZpA,,,200,30,30,Collector records only the first 30 tracks. YouTube Music's browse response may still include more tracks in the raw API payload.,,51496,"Discover great music, picked just for you. Always updating.",15,NN7eGh86-WQ,https://music.youtube.com/watch?v=NN7eGh86-WQ,https://www.youtube.com/watch?v=NN7eGh86-WQ,Legion of the Seas,Visions of Atlantis,UCjUfzvqaP7gHrvWYrX9WQbQ,"[{""id"": ""UCjUfzvqaP7gHrvWYrX9WQbQ"", ""name"": ""Visions of Atlantis"", ""subscribers_display"": ""41.4K"", ""subscribers_approx"": 41400, ""channel_views"": 20609114, ""description"": ""We have the power in our hands to go on our own adventures, to face the perils and defeat. We have the confidence to take risks, to trust the universe, to demand and to let go. We don’t remain in our comfort zone. Each challenge makes us stronger, each mistake helps us learn. We always move forward, we go harder, stronger, we do better. Every time. The power is ours, to rule our lives and fate, to choose the best for ourselves."", ""song_shelf_count"": 5, ""album_shelf_count"": 10, ""single_shelf_count"": 10, ""video_shelf_count"": 10, ""lookup_error"": """"}]",UCjUfzvqaP7gHrvWYrX9WQbQ,Visions of Atlantis,41.4K,41400,20609114,"We have the power in our hands to go on our own adventures, to face the perils and defeat. We have the confidence to take risks, to trust the universe, to demand and to let go. We don’t remain in our comfort zone. Each challenge makes us stronger, each mistake helps us learn. We always move forward, we go harder, stronger, we do better. Every time. The power is ours, to rule our lives and fate, to choose the best for ourselves.",5,10,10,10,,,,,,,,,,,4:58,298,MUSIC_VIDEO_TYPE_OMV,2687551,,ytmusicapi player response videoDetails.viewCount,,,Not exposed by this YouTube Music endpoint; official YouTube Data API credentials are required.,Music,2022-03-07T07:00:10-08:00,2022-03-07T07:00:10-08:00,Napalm Records,UCG7AaCh_CiG6pq_rRDNw72A,http://www.youtube.com/@napalmrecords,249,AD;AE;AF;AG;AI;AL;AM;AO;AQ;AR;AS;AT;AU;AW;AX;AZ;BA;BB;BD;BE;BF;BG;BH;BI;BJ;BL;BM;BN;BO;BQ;BR;BS;BT;BV;BW;BY;BZ;CA;CC;CD;CF;CG;CH;CI;CK;CL;CM;CN;CO;CR;CU;CV;CW;CX;CY;CZ;DE;DJ;DK;DM;DO;DZ;EC;EE;EG;EH;ER;ES;ET;FI;FJ;FK;FM;FO;FR;GA;GB;GD;GE;GF;GG;GH;GI;GL;GM;GN;GP;GQ;GR;GS;GT;GU;GW;GY;HK;HM;HN;HR;HT;HU;ID;IE;IL;IM;IN;IO;IQ;IR;IS;IT;JE;JM;JO;JP;KE;KG;KH;KI;KM;KN;KP;KR;KW;KY;KZ;LA;LB;LC;LI;LK;LR;LS;LT;LU;LV;LY;MA;MC;MD;ME;MF;MG;MH;MK;ML;MM;MN;MO;MP;MQ;MR;MS;MT;MU;MV;MW;MX;MY;MZ;NA;NC;NE;NF;NG;NI;NL;NO;NP;NR;NU;NZ;OM;PA;PE;PF;PG;PH;PK;PL;PM;PN;PR;PS;PT;PW;PY;QA;RE;RO;RS;RU;RW;SA;SB;SC;SD;SE;SG;SH;SI;SJ;SK;SL;SM;SN;SO;SR;SS;ST;SV;SX;SY;SZ;TC;TD;TF;TG;TH;TJ;TK;TL;TM;TN;TO;TR;TT;TV;TW;TZ;UA;UG;UM;US;UY;UZ;VA;VC;VE;VG;VI;VN;VU;WF;WS;YE;YT;ZA;ZM;ZW,"Distribution availability, not artist nationality or audience geography.",napalm records,https://music.youtube.com/watch?v=NN7eGh86-WQ,True,False,False,True,False,False,True,True,False,,OK,True,INDIFFERENT,False,https://i.ytimg.com/vi/NN7eGh86-WQ/maxresdefault.jpg,"[{""url"": ""https://i.ytimg.com/vi/NN7eGh86-WQ/hqdefault.jpg?sqp=-oaymwEWCJADEOEBIAQqCggAEOADGC0guwJIWg&rs=AMzJL3l4gNcT4WmLSDmb4efu-kJy2R-Zog"", ""width"": 400, ""height"": 225}]",,,missing album browse id,YouTube Music internal web API via ytmusicapi; personalized playlist fetched with named auth profile.,21.0,31.666667,6.429356714,cumulative views of the exact recommended YouTube video,2687551,6.429356714,High,High,"Frozen 83-song candidate pool captured 2026-06-29T19:44:09+00:00; Low <=7,505; lower buffer 7,506-19,756; Middle 19,757-243,792; upper buffer 243,793-1,223,809; High >=1,223,810 views.","Use view_count or popularity_log10_view_count for comparisons across users, weeks, and the original playlist. Do not use the within-Discover-Mix rank or percentile for cross-playlist comparisons because those are recalculated separately inside every 30-song mix.",Popularity is for the exact recommended video ID. Report or control video_type because this item is MUSIC_VIDEO_TYPE_OMV; ATV denotes an Art Track and OMV an official music video.
2026-08-24T12:27:34+00:00,user_03,Aysima Baba,Discover Mix,RDTMAK5uy_n_5IN6hzAOwdCnM8D8rzrs3vDl12UcZpA,https://music.youtube.com/playlist?list=RDTMAK5uy_n_5IN6hzAOwdCnM8D8rzrs3vDl12UcZpA,,,200,30,30,Collector records only the first 30 tracks. YouTube Music's browse response may still include more tracks in the raw API payload.,,51496,"Discover great music, picked just for you. Always updating.",16,M-EvFAx0OsE,https://music.youtube.com/watch?v=M-EvFAx0OsE,https://www.youtube.com/watch?v=M-EvFAx0OsE,Viva La Victoria,Eclipse,UCxk24XSTFq3rpuOvZpCESbA,"[{""id"": ""UCxk24XSTFq3rpuOvZpCESbA"", ""name"": ""Eclipse"", ""subscribers_display"": ""9.14K"", ""subscribers_approx"": 9140, ""channel_views"": 13636983, ""description"": ""Eclipse is a Swedish hard rock band from Stockholm, formed in 1999. The band's current lineup consists of vocalist Erik Mårtensson, guitarist Magnus Henriksson, drummer Magnus \""Adde\"" Andreasson and bassist Victor Crusner.\n\nFrom Wikipedia ("", ""song_shelf_count"": 5, ""album_shelf_count"": 9, ""single_shelf_count"": 10, ""video_shelf_count"": 10, ""lookup_error"": """"}]",UCxk24XSTFq3rpuOvZpCESbA,Eclipse,9.14K,9140,13636983,"Eclipse is a Swedish hard rock band from Stockholm, formed in 1999. The band's current lineup consists of vocalist Erik Mårtensson, guitarist Magnus Henriksson, drummer Magnus ""Adde"" Andreasson and bassist Victor Crusner.

From Wikipedia (",5,9,10,10,,,,,,,,,,,3:14,194,MUSIC_VIDEO_TYPE_OMV,3932470,,ytmusicapi player response videoDetails.viewCount,,,Not exposed by this YouTube Music endpoint; official YouTube Data API credentials are required.,Music,2019-08-23T03:00:12-07:00,2019-08-23T03:00:12-07:00,Frontiers Music srl,UCBLAoqCQyz6a0OvwXWzKZag,http://www.youtube.com/@frontiersmusicsrl,249,AD;AE;AF;AG;AI;AL;AM;AO;AQ;AR;AS;AT;AU;AW;AX;AZ;BA;BB;BD;BE;BF;BG;BH;BI;BJ;BL;BM;BN;BO;BQ;BR;BS;BT;BV;BW;BY;BZ;CA;CC;CD;CF;CG;CH;CI;CK;CL;CM;CN;CO;CR;CU;CV;CW;CX;CY;CZ;DE;DJ;DK;DM;DO;DZ;EC;EE;EG;EH;ER;ES;ET;FI;FJ;FK;FM;FO;FR;GA;GB;GD;GE;GF;GG;GH;GI;GL;GM;GN;GP;GQ;GR;GS;GT;GU;GW;GY;HK;HM;HN;HR;HT;HU;ID;IE;IL;IM;IN;IO;IQ;IR;IS;IT;JE;JM;JO;JP;KE;KG;KH;KI;KM;KN;KP;KR;KW;KY;KZ;LA;LB;LC;LI;LK;LR;LS;LT;LU;LV;LY;MA;MC;MD;ME;MF;MG;MH;MK;ML;MM;MN;MO;MP;MQ;MR;MS;MT;MU;MV;MW;MX;MY;MZ;NA;NC;NE;NF;NG;NI;NL;NO;NP;NR;NU;NZ;OM;PA;PE;PF;PG;PH;PK;PL;PM;PN;PR;PS;PT;PW;PY;QA;RE;RO;RS;RU;RW;SA;SB;SC;SD;SE;SG;SH;SI;SJ;SK;SL;SM;SN;SO;SR;SS;ST;SV;SX;SY;SZ;TC;TD;TF;TG;TH;TJ;TK;TL;TM;TN;TO;TR;TT;TV;TW;TZ;UA;UG;UM;US;UY;UZ;VA;VC;VE;VG;VI;VN;VU;WF;WS;YE;YT;ZA;ZM;ZW,"Distribution availability, not artist nationality or audience geography.",Frontiers Records; Frontiers Music; Heavy Metal; Melodic Rock; Eclipse; Eclipse band; Viva La Victoria; Paradigm; New Eclipse song; New Eclipse album; Hard Rock; Erik Mårtensson; Magnus Henriksson; Magnus Ulfstedt; Philip Crusner; Nordic Union; W.E.T.,https://music.youtube.com/watch?v=M-EvFAx0OsE,True,False,False,True,False,False,True,True,False,,OK,True,INDIFFERENT,False,https://i.ytimg.com/vi/M-EvFAx0OsE/maxresdefault.jpg,"[{""url"": ""https://i.ytimg.com/vi/M-EvFAx0OsE/hqdefault.jpg?sqp=-oaymwEWCJADEOEBIAQqCggAEOADGC0guwJIWg&rs=AMzJL3nlyaDKo3L67PIkiN0OJ4c0O-NgIg"", ""width"": 400, ""height"": 225}]",,,missing album browse id,YouTube Music internal web API via ytmusicapi; personalized playlist fetched with named auth profile.,17.0,45.0,6.594665418,cumulative views of the exact recommended YouTube video,3932470,6.594665418,High,High,"Frozen 83-song candidate pool captured 2026-06-29T19:44:09+00:00; Low <=7,505; lower buffer 7,506-19,756; Middle 19,757-243,792; upper buffer 243,793-1,223,809; High >=1,223,810 views.","Use view_count or popularity_log10_view_count for comparisons across users, weeks, and the original playlist. Do not use the within-Discover-Mix rank or percentile for cross-playlist comparisons because those are recalculated separately inside every 30-song mix.",Popularity is for the exact recommended video ID. Report or control video_type because this item is MUSIC_VIDEO_TYPE_OMV; ATV denotes an Art Track and OMV an official music video.
2026-08-24T12:27:34+00:00,user_03,Aysima Baba,Discover Mix,RDTMAK5uy_n_5IN6hzAOwdCnM8D8rzrs3vDl12UcZpA,https://music.youtube.com/playlist?list=RDTMAK5uy_n_5IN6hzAOwdCnM8D8rzrs3vDl12UcZpA,,,200,30,30,Collector records only the first 30 tracks. YouTube Music's browse response may still include more tracks in the raw API payload.,,51496,"Discover great music, picked just for you. Always updating.",17,lWb1kee9z9Y,https://music.youtube.com/watch?v=lWb1kee9z9Y,https://www.youtube.com/watch?v=lWb1kee9z9Y,Hear The Drum,All For Metal,UCFyjdGcykEQTL7gTYPVfzVQ,"[{""id"": ""UCFyjdGcykEQTL7gTYPVfzVQ"", ""name"": ""All For Metal"", ""subscribers_display"": ""3.94K"", ""subscribers_approx"": 3940, ""channel_views"": null, ""description"": null, ""song_shelf_count"": 5, ""album_shelf_count"": 2, ""single_shelf_count"": 10, ""video_shelf_count"": 10, ""lookup_error"": """"}]",UCFyjdGcykEQTL7gTYPVfzVQ,All For Metal,3.94K,3940,,,5,2,10,10,,,,,,,,,,,3:14,194,MUSIC_VIDEO_TYPE_OMV,963223,,ytmusicapi player response videoDetails.viewCount,,,Not exposed by this YouTube Music endpoint; official YouTube Data API credentials are required.,Music,2023-07-06T07:00:09-07:00,2023-07-06T07:00:09-07:00,AFM Records,UCKdA5J4-opjla1aWOjF74mg,http://www.youtube.com/@afmrecords,249,AD;AE;AF;AG;AI;AL;AM;AO;AQ;AR;AS;AT;AU;AW;AX;AZ;BA;BB;BD;BE;BF;BG;BH;BI;BJ;BL;BM;BN;BO;BQ;BR;BS;BT;BV;BW;BY;BZ;CA;CC;CD;CF;CG;CH;CI;CK;CL;CM;CN;CO;CR;CU;CV;CW;CX;CY;CZ;DE;DJ;DK;DM;DO;DZ;EC;EE;EG;EH;ER;ES;ET;FI;FJ;FK;FM;FO;FR;GA;GB;GD;GE;GF;GG;GH;GI;GL;GM;GN;GP;GQ;GR;GS;GT;GU;GW;GY;HK;HM;HN;HR;HT;HU;ID;IE;IL;IM;IN;IO;IQ;IR;IS;IT;JE;JM;JO;JP;KE;KG;KH;KI;KM;KN;KP;KR;KW;KY;KZ;LA;LB;LC;LI;LK;LR;LS;LT;LU;LV;LY;MA;MC;MD;ME;MF;MG;MH;MK;ML;MM;MN;MO;MP;MQ;MR;MS;MT;MU;MV;MW;MX;MY;MZ;NA;NC;NE;NF;NG;NI;NL;NO;NP;NR;NU;NZ;OM;PA;PE;PF;PG;PH;PK;PL;PM;PN;PR;PS;PT;PW;PY;QA;RE;RO;RS;RU;RW;SA;SB;SC;SD;SE;SG;SH;SI;SJ;SK;SL;SM;SN;SO;SR;SS;ST;SV;SX;SY;SZ;TC;TD;TF;TG;TH;TJ;TK;TL;TM;TN;TO;TR;TT;TV;TW;TZ;UA;UG;UM;US;UY;UZ;VA;VC;VE;VG;VI;VN;VU;WF;WS;YE;YT;ZA;ZM;ZW,"Distribution availability, not artist nationality or audience geography.",AFM Records; ALL FOR METAL; Hear The Drum; Metal; Power Metal; Power Metal Band,https://music.youtube.com/watch?v=lWb1kee9z9Y,True,False,False,True,False,False,True,True,False,,OK,True,INDIFFERENT,False,https://i.ytimg.com/vi/lWb1kee9z9Y/maxresdefault.jpg,"[{""url"": ""https://i.ytimg.com/vi/lWb1kee9z9Y/hqdefault.jpg?sqp=-oaymwEWCJADEOEBIAQqCggAEOADGC0guwJIWg&rs=AMzJL3l03JEOdY_eKflT1S6N_c-V8ML-cg"", ""width"": 400, ""height"": 225}]",,,missing album browse id,YouTube Music internal web API via ytmusicapi; personalized playlist fetched with named auth profile.,25.0,18.333333,5.983726844,cumulative views of the exact recommended YouTube video,963223,5.983726844,Upper buffer,Buffer,"Frozen 83-song candidate pool captured 2026-06-29T19:44:09+00:00; Low <=7,505; lower buffer 7,506-19,756; Middle 19,757-243,792; upper buffer 243,793-1,223,809; High >=1,223,810 views.","Use view_count or popularity_log10_view_count for comparisons across users, weeks, and the original playlist. Do not use the within-Discover-Mix rank or percentile for cross-playlist comparisons because those are recalculated separately inside every 30-song mix.",Popularity is for the exact recommended video ID. Report or control video_type because this item is MUSIC_VIDEO_TYPE_OMV; ATV denotes an Art Track and OMV an official music video.
2026-08-24T12:27:34+00:00,user_03,Aysima Baba,Discover Mix,RDTMAK5uy_n_5IN6hzAOwdCnM8D8rzrs3vDl12UcZpA,https://music.youtube.com/playlist?list=RDTMAK5uy_n_5IN6hzAOwdCnM8D8rzrs3vDl12UcZpA,,,200,30,30,Collector records only the first 30 tracks. YouTube Music's browse response may still include more tracks in the raw API payload.,,51496,"Discover great music, picked just for you. Always updating.",18,W3q8Od5qJio,https://music.youtube.com/watch?v=W3q8Od5qJio,https://www.youtube.com/watch?v=W3q8Od5qJio,Rammstein - Du Hast (Official 4K Video),Rammstein,UCs6GGpd9zvsYghuYe0VDFUQ,"[{""id"": ""UCs6GGpd9zvsYghuYe0VDFUQ"", ""name"": ""Rammstein"", ""subscribers_display"": ""9.33M"", ""subscribers_approx"": 9330000, ""channel_views"": 8094422541, ""description"": ""Over the course of three decades, Rammstein have shaped heavy music with their unique blend of industrial sound, provocative aesthetics, and spectacular live shows. \n\nFormed in Berlin in 1994, the line-up has remained unchanged: Till Lindemann, Richard Z. Kruspe, Paul Landers, Oliver Riedel, Christoph Schneider, and Flake Lorenz. \n\nTheir debut “Herzeleid\"" (1995) laid the foundation for an international career that brought worldwide hits like “Du Hast”, “Sonne”, and “Mein Teil.” \n\nEight studio albums, including two German No.1 singles (“Pussy”, “Deutschland\"") and their most recent release “Zeit\"" (2022), have earned them multiple gold and platinum awards worldwide as well as Grammy nominations. \n\nKnown for uncompromising creativity, iconic videos, and incendiary stage productions, Rammstein continue to defy convention and sell out stadiums across the globe – writing one of the most influential and unique chapters in rock history."", ""song_shelf_count"": 5, ""album_shelf_count"": 10, ""single_shelf_count"": 10, ""video_shelf_count"": 10, ""lookup_error"": """"}]",UCs6GGpd9zvsYghuYe0VDFUQ,Rammstein,9.33M,9330000,8094422541,"Over the course of three decades, Rammstein have shaped heavy music with their unique blend of industrial sound, provocative aesthetics, and spectacular live shows. 

Formed in Berlin in 1994, the line-up has remained unchanged: Till Lindemann, Richard Z. Kruspe, Paul Landers, Oliver Riedel, Christoph Schneider, and Flake Lorenz. 

Their debut “Herzeleid"" (1995) laid the foundation for an international career that brought worldwide hits like “Du Hast”, “Sonne”, and “Mein Teil.” 

Eight studio albums, including two German No.1 singles (“Pussy”, “Deutschland"") and their most recent release “Zeit"" (2022), have earned them multiple gold and platinum awards worldwide as well as Grammy nominations. 

Known for uncompromising creativity, iconic videos, and incendiary stage productions, Rammstein continue to defy convention and sell out stadiums across the globe – writing one of the most influential and unique chapters in rock history.",5,10,10,10,,,,,,,,,,,3:56,236,MUSIC_VIDEO_TYPE_OMV,718819205,,ytmusicapi player response videoDetails.viewCount,,,Not exposed by this YouTube Music endpoint; official YouTube Data API credentials are required.,Entertainment,2015-07-31T07:37:12-07:00,2015-07-31T07:37:12-07:00,Rammstein Official,UCYp3rk70ACGXQ4gFAiMr1SQ,http://www.youtube.com/@RammsteinOfficial,249,AD;AE;AF;AG;AI;AL;AM;AO;AQ;AR;AS;AT;AU;AW;AX;AZ;BA;BB;BD;BE;BF;BG;BH;BI;BJ;BL;BM;BN;BO;BQ;BR;BS;BT;BV;BW;BY;BZ;CA;CC;CD;CF;CG;CH;CI;CK;CL;CM;CN;CO;CR;CU;CV;CW;CX;CY;CZ;DE;DJ;DK;DM;DO;DZ;EC;EE;EG;EH;ER;ES;ET;FI;FJ;FK;FM;FO;FR;GA;GB;GD;GE;GF;GG;GH;GI;GL;GM;GN;GP;GQ;GR;GS;GT;GU;GW;GY;HK;HM;HN;HR;HT;HU;ID;IE;IL;IM;IN;IO;IQ;IR;IS;IT;JE;JM;JO;JP;KE;KG;KH;KI;KM;KN;KP;KR;KW;KY;KZ;LA;LB;LC;LI;LK;LR;LS;LT;LU;LV;LY;MA;MC;MD;ME;MF;MG;MH;MK;ML;MM;MN;MO;MP;MQ;MR;MS;MT;MU;MV;MW;MX;MY;MZ;NA;NC;NE;NF;NG;NI;NL;NO;NP;NR;NU;NZ;OM;PA;PE;PF;PG;PH;PK;PL;PM;PN;PR;PS;PT;PW;PY;QA;RE;RO;RS;RU;RW;SA;SB;SC;SD;SE;SG;SH;SI;SJ;SK;SL;SM;SN;SO;SR;SS;ST;SV;SX;SY;SZ;TC;TD;TF;TG;TH;TJ;TK;TL;TM;TN;TO;TR;TT;TV;TW;TZ;UA;UG;UM;US;UY;UZ;VA;VC;VE;VG;VI;VN;VU;WF;WS;YE;YT;ZA;ZM;ZW,"Distribution availability, not artist nationality or audience geography.",Rammstein; Rammstein Official; Official; Official Video; Rammstein Musik; Rammstein Official Video; Rammstein.Official; Rammstein Channel; Heavy; Metal; Germany; Rammstein Video; Du Hast; Rammstein Du Hast; Du Hast Video; Rammstein Du Hast Video; Rammstein Du Hast Official; Neue Deutsche Härte (Musical Genre); Rammstein (Musical Group); Music Video (TV Genre); Rammstein (Composition); Music (TV Genre); Раммштайн; духаст; сонне; енгел; деутсчланд; сехнсучт,https://music.youtube.com/watch?v=W3q8Od5qJio,True,False,False,True,False,False,True,True,False,,OK,True,INDIFFERENT,False,https://i.ytimg.com/vi/W3q8Od5qJio/maxresdefault.jpg,"[{""url"": ""https://i.ytimg.com/vi/W3q8Od5qJio/hqdefault.jpg?sqp=-oaymwEWCJADEOEBIAQqCggAEOADGC0guwJIWg&rs=AMzJL3klD-8DNg7aNkuO0ge7Gd8hylEHIw"", ""width"": 400, ""height"": 225}]",,,missing album browse id,YouTube Music internal web API via ytmusicapi; personalized playlist fetched with named auth profile.,4.0,88.333333,8.856619672,cumulative views of the exact recommended YouTube video,718819205,8.856619672,High,High,"Frozen 83-song candidate pool captured 2026-06-29T19:44:09+00:00; Low <=7,505; lower buffer 7,506-19,756; Middle 19,757-243,792; upper buffer 243,793-1,223,809; High >=1,223,810 views.","Use view_count or popularity_log10_view_count for comparisons across users, weeks, and the original playlist. Do not use the within-Discover-Mix rank or percentile for cross-playlist comparisons because those are recalculated separately inside every 30-song mix.",Popularity is for the exact recommended video ID. Report or control video_type because this item is MUSIC_VIDEO_TYPE_OMV; ATV denotes an Art Track and OMV an official music video.
2026-08-24T12:27:34+00:00,user_03,Aysima Baba,Discover Mix,RDTMAK5uy_n_5IN6hzAOwdCnM8D8rzrs3vDl12UcZpA,https://music.youtube.com/playlist?list=RDTMAK5uy_n_5IN6hzAOwdCnM8D8rzrs3vDl12UcZpA,,,200,30,30,Collector records only the first 30 tracks. YouTube Music's browse response may still include more tracks in the raw API payload.,,51496,"Discover great music, picked just for you. Always updating.",19,SxOybZcRXhI,https://music.youtube.com/watch?v=SxOybZcRXhI,https://www.youtube.com/watch?v=SxOybZcRXhI,The Nexus,Amaranthe,UClXbyJ6lJGR3VVkLSVRmdOQ,"[{""id"": ""UClXbyJ6lJGR3VVkLSVRmdOQ"", ""name"": ""Amaranthe"", ""subscribers_display"": ""403K"", ""subscribers_approx"": 403000, ""channel_views"": 309003639, ""description"": ""Amaranthe is a Swedish heavy metal band originally known as Avalanche. The band is notable for their blend of various metal genres and having three lead vocalists.\n\nFrom Wikipedia ("", ""song_shelf_count"": 5, ""album_shelf_count"": 10, ""single_shelf_count"": 10, ""video_shelf_count"": 10, ""lookup_error"": """"}]",UClXbyJ6lJGR3VVkLSVRmdOQ,Amaranthe,403K,403000,309003639,"Amaranthe is a Swedish heavy metal band originally known as Avalanche. The band is notable for their blend of various metal genres and having three lead vocalists.

From Wikipedia (",5,10,10,10,,,,,,,,,,,4:27,267,MUSIC_VIDEO_TYPE_OMV,36820177,,ytmusicapi player response videoDetails.viewCount,,,Not exposed by this YouTube Music endpoint; official YouTube Data API credentials are required.,Music,2013-01-25T03:00:28-08:00,2013-01-25T03:00:28-08:00,AmarantheMusicVEVO,UCaB54U9wiuhoWVOPlLxZcsg,http://www.youtube.com/@AmarantheMusicVEVO,249,AD;AE;AF;AG;AI;AL;AM;AO;AQ;AR;AS;AT;AU;AW;AX;AZ;BA;BB;BD;BE;BF;BG;BH;BI;BJ;BL;BM;BN;BO;BQ;BR;BS;BT;BV;BW;BY;BZ;CA;CC;CD;CF;CG;CH;CI;CK;CL;CM;CN;CO;CR;CU;CV;CW;CX;CY;CZ;DE;DJ;DK;DM;DO;DZ;EC;EE;EG;EH;ER;ES;ET;FI;FJ;FK;FM;FO;FR;GA;GB;GD;GE;GF;GG;GH;GI;GL;GM;GN;GP;GQ;GR;GS;GT;GU;GW;GY;HK;HM;HN;HR;HT;HU;ID;IE;IL;IM;IN;IO;IQ;IR;IS;IT;JE;JM;JO;JP;KE;KG;KH;KI;KM;KN;KP;KR;KW;KY;KZ;LA;LB;LC;LI;LK;LR;LS;LT;LU;LV;LY;MA;MC;MD;ME;MF;MG;MH;MK;ML;MM;MN;MO;MP;MQ;MR;MS;MT;MU;MV;MW;MX;MY;MZ;NA;NC;NE;NF;NG;NI;NL;NO;NP;NR;NU;NZ;OM;PA;PE;PF;PG;PH;PK;PL;PM;PN;PR;PS;PT;PW;PY;QA;RE;RO;RS;RU;RW;SA;SB;SC;SD;SE;SG;SH;SI;SJ;SK;SL;SM;SN;SO;SR;SS;ST;SV;SX;SY;SZ;TC;TD;TF;TG;TH;TJ;TK;TL;TM;TN;TO;TR;TT;TV;TW;TZ;UA;UG;UM;US;UY;UZ;VA;VC;VE;VG;VI;VN;VU;WF;WS;YE;YT;ZA;ZM;ZW,"Distribution availability, not artist nationality or audience geography.",Amaranthe; The; Nexus; Spinefarm; Records; Metal; the nexus; vevo; veov music; vevo playlist,https://music.youtube.com/watch?v=SxOybZcRXhI,True,False,False,True,False,False,True,True,False,,OK,True,INDIFFERENT,False,https://i.ytimg.com/vi/SxOybZcRXhI/maxresdefault.jpg,"[{""url"": ""https://i.ytimg.com/vi/SxOybZcRXhI/hqdefault.jpg?sqp=-oaymwEWCJADEOEBIAQqCggAEOADGC0guwJIWg&rs=AMzJL3kgACtcJkqao8i-vsueNpB6mNXCNA"", ""width"": 400, ""height"": 225}]",,,missing album browse id,YouTube Music internal web API via ytmusicapi; personalized playlist fetched with named auth profile.,7.0,78.333333,7.566085872,cumulative views of the exact recommended YouTube video,36820177,7.566085872,High,High,"Frozen 83-song candidate pool captured 2026-06-29T19:44:09+00:00; Low <=7,505; lower buffer 7,506-19,756; Middle 19,757-243,792; upper buffer 243,793-1,223,809; High >=1,223,810 views.","Use view_count or popularity_log10_view_count for comparisons across users, weeks, and the original playlist. Do not use the within-Discover-Mix rank or percentile for cross-playlist comparisons because those are recalculated separately inside every 30-song mix.",Popularity is for the exact recommended video ID. Report or control video_type because this item is MUSIC_VIDEO_TYPE_OMV; ATV denotes an Art Track and OMV an official music video.
2026-08-24T12:27:34+00:00,user_03,Aysima Baba,Discover Mix,RDTMAK5uy_n_5IN6hzAOwdCnM8D8rzrs3vDl12UcZpA,https://music.youtube.com/playlist?list=RDTMAK5uy_n_5IN6hzAOwdCnM8D8rzrs3vDl12UcZpA,,,200,30,30,Collector records only the first 30 tracks. YouTube Music's browse response may still include more tracks in the raw API payload.,,51496,"Discover great music, picked just for you. Always updating.",20,UYd51g92y-Q,https://music.youtube.com/watch?v=UYd51g92y-Q,https://www.youtube.com/watch?v=UYd51g92y-Q,Black Thunder (feat. Serj Tankian & Daniel Laskiewicz),The HU; Serj Tankian; Bad Wolves,UCHEdEk00phCybcsq05cOfqg;UCixP1MOaomAQY-9Aozsz2Uw;UCNZgKQ8UFu_-UlJizJEBxkg,"[{""id"": ""UCHEdEk00phCybcsq05cOfqg"", ""name"": ""The HU"", ""subscribers_display"": ""1.82M"", ""subscribers_approx"": 1820000, ""channel_views"": 408678119, ""description"": ""The Hu is a Mongolian folk metal band formed in 2016 in Ulaanbaatar. Incorporating traditional Mongolian instrumentation, including the morin khuur, the tovshuur, and throat singing, the band calls their style of music \""hunnu rock\"", a term inspired by the Xiongnu, an ancient nomadic empire based in Mongolia proper, known as Hünnü in Mongolian. Some of the band's lyrics include old Mongolian war cries and poetry in the Mongolian language.\nThe Hu consists of Galbadrakh \""Gala\"" Tsendbaatar, Nyamjantsan \""Jaya\"" Galsanjamts, Enkhsaikhan \""Enkush\"" Batjargal, and Temuulen \""Temka\"" Naranbaatar. They have released the studio albums The Gereg, Rumble of Thunder, and Hun.\n\nFrom Wikipedia ("", ""song_shelf_count"": 5, ""album_shelf_count"": 5, ""single_shelf_count"": 10, ""video_shelf_count"": 10, ""lookup_error"": """"}, {""id"": ""UCixP1MOaomAQY-9Aozsz2Uw"", ""name"": ""Serj Tankian"", ""subscribers_display"": ""819K"", ""subscribers_approx"": 819000, ""channel_views"": 305841235, ""description"": ""Serj Tankian is an Armenian-American musician. He is best known as the lead vocalist and primary lyricist of the heavy metal band System of a Down, which was formed in 1994.\nTankian has released five albums with System of a Down and five solo albums, as well as collaborating with musicians such as rapper Tech N9ne and folk singer Arto Tunçboyacıyan. He also released Elect the Dead Symphony, a live orchestral version of Elect the Dead featuring the Auckland Philharmonia Orchestra. He is the founder of the record label Serjical Strike Records, and is currently represented by Velvet Hammer Music and Management Group.\nTankian is known and regarded as one of the best vocalists in heavy metal, with praise given to his unusual delivery and his wide vocal range. In 2006, he was ranked No. 26 on the Hit Parader list of \""Top 100 Heavy Metal Vocalists\"". A study conducted by VVN Music found that Tankian possesses a high and diverse vocal range of 4.2 octaves.\nIn 2002, Tankian co-founded the non-profit political activism organization Axis of Justice, alongside guitarist and fellow activist Tom Morello.\n\nFrom Wikipedia ("", ""song_shelf_count"": 5, ""album_shelf_count"": 10, ""single_shelf_count"": 10, ""video_shelf_count"": 10, ""lookup_error"": """"}, {""id"": ""UCNZgKQ8UFu_-UlJizJEBxkg"", ""name"": ""Bad Wolves"", ""subscribers_display"": ""271K"", ""subscribers_approx"": 271000, ""channel_views"": 234134337, ""description"": ""Bad Wolves is an American heavy metal band formed in Los Angeles, California in 2017. Initially finding fame from their first single, a cover of the Cranberries' 1994 hit \""Zombie\"", the band proceeded to find further success with a number of songs topping the Billboard Mainstream Rock Songs chart, including \""Remember When\"", \""Killing Me Slowly\"", and \""Sober\"". The band has released four studio albums, Disobey, N.A.T.I.O.N., Dear Monsters, and Die About It. In January 2021, original lead vocalist Tommy Vext left the band and was replaced by Daniel \""DL\"" Laskiewicz. Tensions ensued between Vext and the band, resulting in legal proceedings including Better Noise Music. The band is currently undergoing lineup changes and is working on their 5th studio album. They recently announced the additions of Derek Bolman on bass and Sara “Killboy” Skinner as their new vocalist, making drummer John Boecklin the last original member remaining in the band.\n\nFrom Wikipedia ("", ""song_shelf_count"": 5, ""album_shelf_count"": 4, ""single_shelf_count"": 10, ""video_shelf_count"": 10, ""lookup_error"": """"}]",UCHEdEk00phCybcsq05cOfqg,The HU,1.82M,1820000,408678119,"The Hu is a Mongolian folk metal band formed in 2016 in Ulaanbaatar. Incorporating traditional Mongolian instrumentation, including the morin khuur, the tovshuur, and throat singing, the band calls their style of music ""hunnu rock"", a term inspired by the Xiongnu, an ancient nomadic empire based in Mongolia proper, known as Hünnü in Mongolian. Some of the band's lyrics include old Mongolian war cries and poetry in the Mongolian language.
The Hu consists of Galbadrakh ""Gala"" Tsendbaatar, Nyamjantsan ""Jaya"" Galsanjamts, Enkhsaikhan ""Enkush"" Batjargal, and Temuulen ""Temka"" Naranbaatar. They have released the studio albums The Gereg, Rumble of Thunder, and Hun.

From Wikipedia (",5,5,10,10,MPREb_OMMpD2nXDO1,Rumble of Thunder (Deluxe),Album,2023,20,"1 hour, 40 minutes",6043,OLAK5uy_kkQVH-lJSeiYYbO4_a2iFLNi5HUpedUlQ,The HU,"Rumble of Thunder is the second studio album by the Mongolian folk metal band the Hu, released by Better Noise Music on 2 September 2022. It was announced on 8 July 2022 upon the release of the single ""Black Thunder"". A deluxe edition featuring bonus tracks was released on 30 June 2023.
The album was ranked by Metal Hammer as the 15th most anticipated metal release of 2022.

From Wikipedia (",4:29,269,MUSIC_VIDEO_TYPE_ATV,3761077,,ytmusicapi player response videoDetails.viewCount,,,Not exposed by this YouTube Music endpoint; official YouTube Data API credentials are required.,Music,2023-03-30T03:03:36-07:00,2023-03-30T03:03:36-07:00,The Hu - Topic,UCHEdEk00phCybcsq05cOfqg,http://www.youtube.com/channel/UCHEdEk00phCybcsq05cOfqg,249,AD;AE;AF;AG;AI;AL;AM;AO;AQ;AR;AS;AT;AU;AW;AX;AZ;BA;BB;BD;BE;BF;BG;BH;BI;BJ;BL;BM;BN;BO;BQ;BR;BS;BT;BV;BW;BY;BZ;CA;CC;CD;CF;CG;CH;CI;CK;CL;CM;CN;CO;CR;CU;CV;CW;CX;CY;CZ;DE;DJ;DK;DM;DO;DZ;EC;EE;EG;EH;ER;ES;ET;FI;FJ;FK;FM;FO;FR;GA;GB;GD;GE;GF;GG;GH;GI;GL;GM;GN;GP;GQ;GR;GS;GT;GU;GW;GY;HK;HM;HN;HR;HT;HU;ID;IE;IL;IM;IN;IO;IQ;IR;IS;IT;JE;JM;JO;JP;KE;KG;KH;KI;KM;KN;KP;KR;KW;KY;KZ;LA;LB;LC;LI;LK;LR;LS;LT;LU;LV;LY;MA;MC;MD;ME;MF;MG;MH;MK;ML;MM;MN;MO;MP;MQ;MR;MS;MT;MU;MV;MW;MX;MY;MZ;NA;NC;NE;NF;NG;NI;NL;NO;NP;NR;NU;NZ;OM;PA;PE;PF;PG;PH;PK;PL;PM;PN;PR;PS;PT;PW;PY;QA;RE;RO;RS;RU;RW;SA;SB;SC;SD;SE;SG;SH;SI;SJ;SK;SL;SM;SN;SO;SR;SS;ST;SV;SX;SY;SZ;TC;TD;TF;TG;TH;TJ;TK;TL;TM;TN;TO;TR;TT;TV;TW;TZ;UA;UG;UM;US;UY;UZ;VA;VC;VE;VG;VI;VN;VU;WF;WS;YE;YT;ZA;ZM;ZW,"Distribution availability, not artist nationality or audience geography.",The HU; Serj Tankian; Bad Wolves; Rumble of Thunder; Black Thunder (feat. Serj Tankian and DL of Bad Wolves),https://music.youtube.com/watch?v=UYd51g92y-Q,True,False,False,True,False,False,True,True,False,False,OK,True,INDIFFERENT,False,https://i.ytimg.com/vi/UYd51g92y-Q/maxresdefault.jpg,"[{""url"": ""https://yt3.googleusercontent.com/KD8sDyYWT0WQs9vDbNJbaz9pknWRkXkhZufvsLS7FI4EzMZvY5ozoIAQ_0WZlzfS49LaYsAan-9ZFZLd-g=w60-h60-l90-rj"", ""width"": 60, ""height"": 60}, {""url"": ""https://yt3.googleusercontent.com/KD8sDyYWT0WQs9vDbNJbaz9pknWRkXkhZufvsLS7FI4EzMZvY5ozoIAQ_0WZlzfS49LaYsAan-9ZFZLd-g=w120-h120-l90-rj"", ""width"": 120, ""height"": 120}]",,,,YouTube Music internal web API via ytmusicapi; personalized playlist fetched with named auth profile.,18.0,41.666667,6.575312225,cumulative views of the exact recommended YouTube video,3761077,6.575312225,High,High,"Frozen 83-song candidate pool captured 2026-06-29T19:44:09+00:00; Low <=7,505; lower buffer 7,506-19,756; Middle 19,757-243,792; upper buffer 243,793-1,223,809; High >=1,223,810 views.","Use view_count or popularity_log10_view_count for comparisons across users, weeks, and the original playlist. Do not use the within-Discover-Mix rank or percentile for cross-playlist comparisons because those are recalculated separately inside every 30-song mix.",Popularity is for the exact recommended video ID. Report or control video_type because this item is MUSIC_VIDEO_TYPE_ATV; ATV denotes an Art Track and OMV an official music video.
2026-08-24T12:27:34+00:00,user_03,Aysima Baba,Discover Mix,RDTMAK5uy_n_5IN6hzAOwdCnM8D8rzrs3vDl12UcZpA,https://music.youtube.com/playlist?list=RDTMAK5uy_n_5IN6hzAOwdCnM8D8rzrs3vDl12UcZpA,,,200,30,30,Collector records only the first 30 tracks. YouTube Music's browse response may still include more tracks in the raw API payload.,,51496,"Discover great music, picked just for you. Always updating.",21,u9Dg-g7t2l4,https://music.youtube.com/watch?v=u9Dg-g7t2l4,https://www.youtube.com/watch?v=u9Dg-g7t2l4,The Sound of Silence,Disturbed,UCMHHDXMvnMKRzuEKtMe8ZRA,"[{""id"": ""UCMHHDXMvnMKRzuEKtMe8ZRA"", ""name"": ""Disturbed"", ""subscribers_display"": ""5.13M"", ""subscribers_approx"": 5130000, ""channel_views"": 4894033912, ""description"": ""By challenging convention, breaking boundaries, and innovating at every turn, Disturbed consistently push rock music forward.\n\nThe multiplatinum Chicago hard rock juggernaut accomplished the rare feat of achieving “five consecutive number one debuts on the Billboard Top 200.” That accolade historically elevated them to rarified air alongside Metallica, the only other hard rock group to do so in the history of the chart.\n\nImmortalized (2015) received a platinum certification and spawned the triple-platinum crossover smash “The Sound of Silence,” which garnered a nomination at the 2017 GRAMMY® Awards in the category of “Best Rock Performance.” Since their formation in 1996, Disturbed – David Draiman [vocals], Dan Donegan [guitar], Mike Wengren [drums], and John Moyer [bass] – have additionally sold 16 million albums globally and scored eleven No. 1 singles at Active Rock Radio. Their quadruple-platinum 2000 debut The Sickness formally announced their arrival as hard rock leaders, with that status solidified by subsequent GRAMMY® Award nominations as well as gold-, platinum- and double platinum-certified records as well as countless sold out shows around the globe.\n\nNamed “Best Rock Artist” during the 2017 iHeartRadioMusic Awards, Disturbed continue to boldly forge ahead in 2018 with the release of their aptly titled seventh offering, Evolution, and their leadoff single “Are You Ready.”"", ""song_shelf_count"": 5, ""album_shelf_count"": 10, ""single_shelf_count"": 10, ""video_shelf_count"": 10, ""lookup_error"": """"}]",UCMHHDXMvnMKRzuEKtMe8ZRA,Disturbed,5.13M,5130000,4894033912,"By challenging convention, breaking boundaries, and innovating at every turn, Disturbed consistently push rock music forward.

The multiplatinum Chicago hard rock juggernaut accomplished the rare feat of achieving “five consecutive number one debuts on the Billboard Top 200.” That accolade historically elevated them to rarified air alongside Metallica, the only other hard rock group to do so in the history of the chart.

Immortalized (2015) received a platinum certification and spawned the triple-platinum crossover smash “The Sound of Silence,” which garnered a nomination at the 2017 GRAMMY® Awards in the category of “Best Rock Performance.” Since their formation in 1996, Disturbed – David Draiman [vocals], Dan Donegan [guitar], Mike Wengren [drums], and John Moyer [bass] – have additionally sold 16 million albums globally and scored eleven No. 1 singles at Active Rock Radio. Their quadruple-platinum 2000 debut The Sickness formally announced their arrival as hard rock leaders, with that status solidified by subsequent GRAMMY® Award nominations as well as gold-, platinum- and double platinum-certified records as well as countless sold out shows around the globe.

Named “Best Rock Artist” during the 2017 iHeartRadioMusic Awards, Disturbed continue to boldly forge ahead in 2018 with the release of their aptly titled seventh offering, Evolution, and their leadoff single “Are You Ready.”",5,10,10,10,,,,,,,,,,,4:23,263,MUSIC_VIDEO_TYPE_OMV,1194160653,,ytmusicapi player response videoDetails.viewCount,,,Not exposed by this YouTube Music endpoint; official YouTube Data API credentials are required.,Music,2015-12-08T07:28:55-08:00,2015-12-08T07:28:55-08:00,Disturbed,UCveWMJeHgcIUPMnFzd7Vxjg,http://www.youtube.com/@DisturbedMusic,249,AD;AE;AF;AG;AI;AL;AM;AO;AQ;AR;AS;AT;AU;AW;AX;AZ;BA;BB;BD;BE;BF;BG;BH;BI;BJ;BL;BM;BN;BO;BQ;BR;BS;BT;BV;BW;BY;BZ;CA;CC;CD;CF;CG;CH;CI;CK;CL;CM;CN;CO;CR;CU;CV;CW;CX;CY;CZ;DE;DJ;DK;DM;DO;DZ;EC;EE;EG;EH;ER;ES;ET;FI;FJ;FK;FM;FO;FR;GA;GB;GD;GE;GF;GG;GH;GI;GL;GM;GN;GP;GQ;GR;GS;GT;GU;GW;GY;HK;HM;HN;HR;HT;HU;ID;IE;IL;IM;IN;IO;IQ;IR;IS;IT;JE;JM;JO;JP;KE;KG;KH;KI;KM;KN;KP;KR;KW;KY;KZ;LA;LB;LC;LI;LK;LR;LS;LT;LU;LV;LY;MA;MC;MD;ME;MF;MG;MH;MK;ML;MM;MN;MO;MP;MQ;MR;MS;MT;MU;MV;MW;MX;MY;MZ;NA;NC;NE;NF;NG;NI;NL;NO;NP;NR;NU;NZ;OM;PA;PE;PF;PG;PH;PK;PL;PM;PN;PR;PS;PT;PW;PY;QA;RE;RO;RS;RU;RW;SA;SB;SC;SD;SE;SG;SH;SI;SJ;SK;SL;SM;SN;SO;SR;SS;ST;SV;SX;SY;SZ;TC;TD;TF;TG;TH;TJ;TK;TL;TM;TN;TO;TR;TT;TV;TW;TZ;UA;UG;UM;US;UY;UZ;VA;VC;VE;VG;VI;VN;VU;WF;WS;YE;YT;ZA;ZM;ZW,"Distribution availability, not artist nationality or audience geography.",disturbed; sound of silence; simon and garfunkel cover; david draiman; disturbed immortalized; the sound of silence cover; hello darkess my old friend; disturbed singing the sound of silence; disturbed the sound of silence original; disturbed covers; disturbed songs; disturbed official video; the sound of silence disturbed; warner records,https://music.youtube.com/watch?v=u9Dg-g7t2l4,True,False,False,True,False,False,True,True,False,,OK,True,INDIFFERENT,False,https://i.ytimg.com/vi/u9Dg-g7t2l4/maxresdefault.jpg,"[{""url"": ""https://i.ytimg.com/vi/u9Dg-g7t2l4/hqdefault.jpg?sqp=-oaymwEWCJADEOEBIAQqCggAEOADGC0guwJIWg&rs=AMzJL3nR_jwOtrIC43x9Ofs6VgJj24pnbw"", ""width"": 400, ""height"": 225}]",,,missing album browse id,YouTube Music internal web API via ytmusicapi; personalized playlist fetched with named auth profile.,2.0,95.0,9.077062757,cumulative views of the exact recommended YouTube video,1194160653,9.077062757,High,High,"Frozen 83-song candidate pool captured 2026-06-29T19:44:09+00:00; Low <=7,505; lower buffer 7,506-19,756; Middle 19,757-243,792; upper buffer 243,793-1,223,809; High >=1,223,810 views.","Use view_count or popularity_log10_view_count for comparisons across users, weeks, and the original playlist. Do not use the within-Discover-Mix rank or percentile for cross-playlist comparisons because those are recalculated separately inside every 30-song mix.",Popularity is for the exact recommended video ID. Report or control video_type because this item is MUSIC_VIDEO_TYPE_OMV; ATV denotes an Art Track and OMV an official music video.
2026-08-24T12:27:34+00:00,user_03,Aysima Baba,Discover Mix,RDTMAK5uy_n_5IN6hzAOwdCnM8D8rzrs3vDl12UcZpA,https://music.youtube.com/playlist?list=RDTMAK5uy_n_5IN6hzAOwdCnM8D8rzrs3vDl12UcZpA,,,200,30,30,Collector records only the first 30 tracks. YouTube Music's browse response may still include more tracks in the raw API payload.,,51496,"Discover great music, picked just for you. Always updating.",22,1ib54-mVnGw,https://music.youtube.com/watch?v=1ib54-mVnGw,https://www.youtube.com/watch?v=1ib54-mVnGw,Memento Mori,Feuerschwanz,UCIB3k3K3hAvpkB2RDwInwTw,"[{""id"": ""UCIB3k3K3hAvpkB2RDwInwTw"", ""name"": ""Feuerschwanz"", ""subscribers_display"": ""119K"", ""subscribers_approx"": 119000, ""channel_views"": null, ""description"": null, ""song_shelf_count"": 5, ""album_shelf_count"": 10, ""single_shelf_count"": 10, ""video_shelf_count"": 10, ""lookup_error"": """"}]",UCIB3k3K3hAvpkB2RDwInwTw,Feuerschwanz,119K,119000,,,5,10,10,10,,,,,,,,,,,3:57,237,MUSIC_VIDEO_TYPE_OMV,3222485,,ytmusicapi player response videoDetails.viewCount,,,Not exposed by this YouTube Music endpoint; official YouTube Data API credentials are required.,Music,2021-11-08T05:00:09-08:00,2021-11-08T05:00:09-08:00,Napalm Records,UCG7AaCh_CiG6pq_rRDNw72A,http://www.youtube.com/@napalmrecords,249,AD;AE;AF;AG;AI;AL;AM;AO;AQ;AR;AS;AT;AU;AW;AX;AZ;BA;BB;BD;BE;BF;BG;BH;BI;BJ;BL;BM;BN;BO;BQ;BR;BS;BT;BV;BW;BY;BZ;CA;CC;CD;CF;CG;CH;CI;CK;CL;CM;CN;CO;CR;CU;CV;CW;CX;CY;CZ;DE;DJ;DK;DM;DO;DZ;EC;EE;EG;EH;ER;ES;ET;FI;FJ;FK;FM;FO;FR;GA;GB;GD;GE;GF;GG;GH;GI;GL;GM;GN;GP;GQ;GR;GS;GT;GU;GW;GY;HK;HM;HN;HR;HT;HU;ID;IE;IL;IM;IN;IO;IQ;IR;IS;IT;JE;JM;JO;JP;KE;KG;KH;KI;KM;KN;KP;KR;KW;KY;KZ;LA;LB;LC;LI;LK;LR;LS;LT;LU;LV;LY;MA;MC;MD;ME;MF;MG;MH;MK;ML;MM;MN;MO;MP;MQ;MR;MS;MT;MU;MV;MW;MX;MY;MZ;NA;NC;NE;NF;NG;NI;NL;NO;NP;NR;NU;NZ;OM;PA;PE;PF;PG;PH;PK;PL;PM;PN;PR;PS;PT;PW;PY;QA;RE;RO;RS;RU;RW;SA;SB;SC;SD;SE;SG;SH;SI;SJ;SK;SL;SM;SN;SO;SR;SS;ST;SV;SX;SY;SZ;TC;TD;TF;TG;TH;TJ;TK;TL;TM;TN;TO;TR;TT;TV;TW;TZ;UA;UG;UM;US;UY;UZ;VA;VC;VE;VG;VI;VN;VU;WF;WS;YE;YT;ZA;ZM;ZW,"Distribution availability, not artist nationality or audience geography.",napalm records,https://music.youtube.com/watch?v=1ib54-mVnGw,True,False,False,True,False,False,True,True,False,,OK,True,INDIFFERENT,False,https://i.ytimg.com/vi/1ib54-mVnGw/maxresdefault.jpg,"[{""url"": ""https://i.ytimg.com/vi/1ib54-mVnGw/hqdefault.jpg?sqp=-oaymwEWCJADEOEBIAQqCggAEOADGC0guwJIWg&rs=AMzJL3lx_KFayT2g9FqXVBppBaHlKR20Xw"", ""width"": 400, ""height"": 225}]",,,missing album browse id,YouTube Music internal web API via ytmusicapi; personalized playlist fetched with named auth profile.,20.0,35.0,6.508190904,cumulative views of the exact recommended YouTube video,3222485,6.508190904,High,High,"Frozen 83-song candidate pool captured 2026-06-29T19:44:09+00:00; Low <=7,505; lower buffer 7,506-19,756; Middle 19,757-243,792; upper buffer 243,793-1,223,809; High >=1,223,810 views.","Use view_count or popularity_log10_view_count for comparisons across users, weeks, and the original playlist. Do not use the within-Discover-Mix rank or percentile for cross-playlist comparisons because those are recalculated separately inside every 30-song mix.",Popularity is for the exact recommended video ID. Report or control video_type because this item is MUSIC_VIDEO_TYPE_OMV; ATV denotes an Art Track and OMV an official music video.
2026-08-24T12:27:34+00:00,user_03,Aysima Baba,Discover Mix,RDTMAK5uy_n_5IN6hzAOwdCnM8D8rzrs3vDl12UcZpA,https://music.youtube.com/playlist?list=RDTMAK5uy_n_5IN6hzAOwdCnM8D8rzrs3vDl12UcZpA,,,200,30,30,Collector records only the first 30 tracks. YouTube Music's browse response may still include more tracks in the raw API payload.,,51496,"Discover great music, picked just for you. Always updating.",23,qRzT95QV2K8,https://music.youtube.com/watch?v=qRzT95QV2K8,https://www.youtube.com/watch?v=qRzT95QV2K8,Fight,Warkings,UCFaEGi6xPZb0ydrY2OJMyqQ,"[{""id"": ""UCFaEGi6xPZb0ydrY2OJMyqQ"", ""name"": ""Warkings"", ""subscribers_display"": ""16.5K"", ""subscribers_approx"": 16500, ""channel_views"": null, ""description"": null, ""song_shelf_count"": 5, ""album_shelf_count"": 5, ""single_shelf_count"": 10, ""video_shelf_count"": 10, ""lookup_error"": """"}]",UCFaEGi6xPZb0ydrY2OJMyqQ,Warkings,16.5K,16500,,,5,5,10,10,,,,,,,,,,,4:28,268,MUSIC_VIDEO_TYPE_OMV,1210507,,ytmusicapi player response videoDetails.viewCount,,,Not exposed by this YouTube Music endpoint; official YouTube Data API credentials are required.,Music,2021-06-15T07:00:12-07:00,2021-06-15T07:00:12-07:00,Napalm Records,UCG7AaCh_CiG6pq_rRDNw72A,http://www.youtube.com/@napalmrecords,249,AD;AE;AF;AG;AI;AL;AM;AO;AQ;AR;AS;AT;AU;AW;AX;AZ;BA;BB;BD;BE;BF;BG;BH;BI;BJ;BL;BM;BN;BO;BQ;BR;BS;BT;BV;BW;BY;BZ;CA;CC;CD;CF;CG;CH;CI;CK;CL;CM;CN;CO;CR;CU;CV;CW;CX;CY;CZ;DE;DJ;DK;DM;DO;DZ;EC;EE;EG;EH;ER;ES;ET;FI;FJ;FK;FM;FO;FR;GA;GB;GD;GE;GF;GG;GH;GI;GL;GM;GN;GP;GQ;GR;GS;GT;GU;GW;GY;HK;HM;HN;HR;HT;HU;ID;IE;IL;IM;IN;IO;IQ;IR;IS;IT;JE;JM;JO;JP;KE;KG;KH;KI;KM;KN;KP;KR;KW;KY;KZ;LA;LB;LC;LI;LK;LR;LS;LT;LU;LV;LY;MA;MC;MD;ME;MF;MG;MH;MK;ML;MM;MN;MO;MP;MQ;MR;MS;MT;MU;MV;MW;MX;MY;MZ;NA;NC;NE;NF;NG;NI;NL;NO;NP;NR;NU;NZ;OM;PA;PE;PF;PG;PH;PK;PL;PM;PN;PR;PS;PT;PW;PY;QA;RE;RO;RS;RU;RW;SA;SB;SC;SD;SE;SG;SH;SI;SJ;SK;SL;SM;SN;SO;SR;SS;ST;SV;SX;SY;SZ;TC;TD;TF;TG;TH;TJ;TK;TL;TM;TN;TO;TR;TT;TV;TW;TZ;UA;UG;UM;US;UY;UZ;VA;VC;VE;VG;VI;VN;VU;WF;WS;YE;YT;ZA;ZM;ZW,"Distribution availability, not artist nationality or audience geography.",napalm records,https://music.youtube.com/watch?v=qRzT95QV2K8,True,False,False,True,False,False,True,True,False,,OK,True,INDIFFERENT,False,https://i.ytimg.com/vi/qRzT95QV2K8/maxresdefault.jpg,"[{""url"": ""https://i.ytimg.com/vi/qRzT95QV2K8/hqdefault.jpg?sqp=-oaymwEWCJADEOEBIAQqCggAEOADGC0guwJIWg&rs=AMzJL3kqHfvTZjNDwfoXjwSItOYBhy8VcA"", ""width"": 400, ""height"": 225}]",,,missing album browse id,YouTube Music internal web API via ytmusicapi; personalized playlist fetched with named auth profile.,24.0,21.666667,6.082967305,cumulative views of the exact recommended YouTube video,1210507,6.082967305,Upper buffer,Buffer,"Frozen 83-song candidate pool captured 2026-06-29T19:44:09+00:00; Low <=7,505; lower buffer 7,506-19,756; Middle 19,757-243,792; upper buffer 243,793-1,223,809; High >=1,223,810 views.","Use view_count or popularity_log10_view_count for comparisons across users, weeks, and the original playlist. Do not use the within-Discover-Mix rank or percentile for cross-playlist comparisons because those are recalculated separately inside every 30-song mix.",Popularity is for the exact recommended video ID. Report or control video_type because this item is MUSIC_VIDEO_TYPE_OMV; ATV denotes an Art Track and OMV an official music video.
2026-08-24T12:27:34+00:00,user_03,Aysima Baba,Discover Mix,RDTMAK5uy_n_5IN6hzAOwdCnM8D8rzrs3vDl12UcZpA,https://music.youtube.com/playlist?list=RDTMAK5uy_n_5IN6hzAOwdCnM8D8rzrs3vDl12UcZpA,,,200,30,30,Collector records only the first 30 tracks. YouTube Music's browse response may still include more tracks in the raw API payload.,,51496,"Discover great music, picked just for you. Always updating.",24,y2q5R9HU7C0,https://music.youtube.com/watch?v=y2q5R9HU7C0,https://www.youtube.com/watch?v=y2q5R9HU7C0,SKÅL! by Miracle Of Sound,Miracle Of Sound,UCgVlMhRaM_83zLomevX-ZgQ,"[{""id"": ""UCgVlMhRaM_83zLomevX-ZgQ"", ""name"": ""Miracle Of Sound"", ""subscribers_display"": ""1.2M"", ""subscribers_approx"": 1200000, ""channel_views"": 1032503570, ""description"": ""With over a billion completely grassroots cross platform streams, Miracle Of Sound is the project of Gavin Dunne, an independent producer/songwriter & singer from Ireland. The songs span a vast range of genres & styles, from dark folk to symphonic metal to sea shanties, cultivating a wide and varied audience over the last decade.\n\nThe project has had hundreds of chart appearances and a couple of ultra-viral hits, including the Viking history anthem Valhalla Calling, which Gavin wrote after playing Assassin's Creed Valhalla. The song has gone on to spawn countless cover versions, viral moments and remixes.\n\nAs he considers himself a little bit too boring to write about all the time, Gavin likes to celebrate great stories in his songs and many of them are inspired by the characters & tales in TV, Videogames, books & movies. \n\nHe has worked on cross promotion with various videogame industry companies including Ubisoft, Bioware, Owlcat/Games Workshop, EA and Bethesda for titles such as Mass Effect, Assassin’s Creed, Warhammer 40k, Wasteland 2 and Watch Dogs. \n\nMiracle Of Sound songs are loved for their addictive, catchy hooks, strong emotional punch and a ridiculously diverse range of genres, styles & song structures while always maintaining the MOS 'feel'."", ""song_shelf_count"": 5, ""album_shelf_count"": 10, ""single_shelf_count"": 10, ""video_shelf_count"": 10, ""lookup_error"": """"}]",UCgVlMhRaM_83zLomevX-ZgQ,Miracle Of Sound,1.2M,1200000,1032503570,"With over a billion completely grassroots cross platform streams, Miracle Of Sound is the project of Gavin Dunne, an independent producer/songwriter & singer from Ireland. The songs span a vast range of genres & styles, from dark folk to symphonic metal to sea shanties, cultivating a wide and varied audience over the last decade.

The project has had hundreds of chart appearances and a couple of ultra-viral hits, including the Viking history anthem Valhalla Calling, which Gavin wrote after playing Assassin's Creed Valhalla. The song has gone on to spawn countless cover versions, viral moments and remixes.

As he considers himself a little bit too boring to write about all the time, Gavin likes to celebrate great stories in his songs and many of them are inspired by the characters & tales in TV, Videogames, books & movies. 

He has worked on cross promotion with various videogame industry companies including Ubisoft, Bioware, Owlcat/Games Workshop, EA and Bethesda for titles such as Mass Effect, Assassin’s Creed, Warhammer 40k, Wasteland 2 and Watch Dogs. 

Miracle Of Sound songs are loved for their addictive, catchy hooks, strong emotional punch and a ridiculously diverse range of genres, styles & song structures while always maintaining the MOS 'feel'.",5,10,10,10,,,,,,,,,,,2:53,173,MUSIC_VIDEO_TYPE_OMV,49604546,,ytmusicapi player response videoDetails.viewCount,,,Not exposed by this YouTube Music endpoint; official YouTube Data API credentials are required.,Music,2023-03-10T07:00:49-08:00,2023-03-10T07:00:49-08:00,miracleofsound,UCSfoxYTlCPFfglckBLrjpsA,http://www.youtube.com/@miracleofsound,249,AD;AE;AF;AG;AI;AL;AM;AO;AQ;AR;AS;AT;AU;AW;AX;AZ;BA;BB;BD;BE;BF;BG;BH;BI;BJ;BL;BM;BN;BO;BQ;BR;BS;BT;BV;BW;BY;BZ;CA;CC;CD;CF;CG;CH;CI;CK;CL;CM;CN;CO;CR;CU;CV;CW;CX;CY;CZ;DE;DJ;DK;DM;DO;DZ;EC;EE;EG;EH;ER;ES;ET;FI;FJ;FK;FM;FO;FR;GA;GB;GD;GE;GF;GG;GH;GI;GL;GM;GN;GP;GQ;GR;GS;GT;GU;GW;GY;HK;HM;HN;HR;HT;HU;ID;IE;IL;IM;IN;IO;IQ;IR;IS;IT;JE;JM;JO;JP;KE;KG;KH;KI;KM;KN;KP;KR;KW;KY;KZ;LA;LB;LC;LI;LK;LR;LS;LT;LU;LV;LY;MA;MC;MD;ME;MF;MG;MH;MK;ML;MM;MN;MO;MP;MQ;MR;MS;MT;MU;MV;MW;MX;MY;MZ;NA;NC;NE;NF;NG;NI;NL;NO;NP;NR;NU;NZ;OM;PA;PE;PF;PG;PH;PK;PL;PM;PN;PR;PS;PT;PW;PY;QA;RE;RO;RS;RU;RW;SA;SB;SC;SD;SE;SG;SH;SI;SJ;SK;SL;SM;SN;SO;SR;SS;ST;SV;SX;SY;SZ;TC;TD;TF;TG;TH;TJ;TK;TL;TM;TN;TO;TR;TT;TV;TW;TZ;UA;UG;UM;US;UY;UZ;VA;VC;VE;VG;VI;VN;VU;WF;WS;YE;YT;ZA;ZM;ZW,"Distribution availability, not artist nationality or audience geography.",miracle of sound; miracleofsound; skal; valhalla calling; miracle of sound skal; skal miracle of sound; miracle of sound skal song; miracle of sound viking song; miracle of sound vikings; miracle of sound viking; viking song; viking music; viking war chant music; miracle of sound valhalla calling; Skal valhalla; miracle of sound skal lyrics; skal song lyrics; viking songs; miracle of sound viking songs; skol; miracle of sound skol; skol miracle of sound; valhalla calling me,https://music.youtube.com/watch?v=y2q5R9HU7C0,True,False,False,True,False,False,True,True,False,,OK,True,INDIFFERENT,False,https://i.ytimg.com/vi/y2q5R9HU7C0/maxresdefault.jpg,"[{""url"": ""https://i.ytimg.com/vi/y2q5R9HU7C0/hqdefault.jpg?sqp=-oaymwEWCJADEOEBIAQqCggAEOADGC0guwJIWg&rs=AMzJL3lAfiuwSlbkB5B3w_1nXvsvtgHhyw"", ""width"": 400, ""height"": 225}]",,,missing album browse id,YouTube Music internal web API via ytmusicapi; personalized playlist fetched with named auth profile.,5.0,85.0,7.695521479,cumulative views of the exact recommended YouTube video,49604546,7.695521479,High,High,"Frozen 83-song candidate pool captured 2026-06-29T19:44:09+00:00; Low <=7,505; lower buffer 7,506-19,756; Middle 19,757-243,792; upper buffer 243,793-1,223,809; High >=1,223,810 views.","Use view_count or popularity_log10_view_count for comparisons across users, weeks, and the original playlist. Do not use the within-Discover-Mix rank or percentile for cross-playlist comparisons because those are recalculated separately inside every 30-song mix.",Popularity is for the exact recommended video ID. Report or control video_type because this item is MUSIC_VIDEO_TYPE_OMV; ATV denotes an Art Track and OMV an official music video.
2026-08-24T12:27:34+00:00,user_03,Aysima Baba,Discover Mix,RDTMAK5uy_n_5IN6hzAOwdCnM8D8rzrs3vDl12UcZpA,https://music.youtube.com/playlist?list=RDTMAK5uy_n_5IN6hzAOwdCnM8D8rzrs3vDl12UcZpA,,,200,30,30,Collector records only the first 30 tracks. YouTube Music's browse response may still include more tracks in the raw API payload.,,51496,"Discover great music, picked just for you. Always updating.",25,hZF6BglDS30,https://music.youtube.com/watch?v=hZF6BglDS30,https://www.youtube.com/watch?v=hZF6BglDS30,The Wheel (Live),Imperial Age,UCDVz0Aze3KyKjF6kGwK_D7Q,"[{""id"": ""UCDVz0Aze3KyKjF6kGwK_D7Q"", ""name"": ""Imperial Age"", ""subscribers_display"": ""83.3K"", ""subscribers_approx"": 83300, ""channel_views"": 19678684, ""description"": ""Born in the wrong place for the dreams they carried, Imperial Age masterminds Jane and Aor faced uphill battles from day one. Starting an international metal band from Russia meant facing growing isolation, hostile authorities, and a Western music industry that ignored them. They had no label, no management, and no booking agents.\n\nYet, their zealous DIY work ethic forged a global army of devoted fans. Against all odds, they crushed 200+ concerts across Europe, sold tens of thousands of albums, and drew 100,000+ viewers to their massive Live New World orchestral concert.\n\nThen, Russia invaded Ukraine.\n\nHaving publicly condemned the war, Jane and Aor fled the country, leaving everything behind. Critics thought the story was over. But after a grueling year of legal limbo in Turkey, their resilience paid off: they were endorsed by Arts Council England as \""Exceptional Talent\"" and granted UK residency.\n\nSettling in Northamptonshire under severe financial strain, they faced the daunting reality of rebuilding from absolute zero.\n\nToday, Imperial Age is reborn as a UK-based powerhouse. They’ve assembled a premier new lineup, opened a London fulfillment office to meet massive merch demand, completed their biggest European tour, and secured major 2026 festival slots, including the Bloodstock main stage.\n\nFinally free from survival mode, Jane and Aor are pushing Imperial Age into entirely new territory—tearing up the genre playbook and letting their creativity run wild."", ""song_shelf_count"": 5, ""album_shelf_count"": 6, ""single_shelf_count"": 8, ""video_shelf_count"": 9, ""lookup_error"": """"}]",UCDVz0Aze3KyKjF6kGwK_D7Q,Imperial Age,83.3K,83300,19678684,"Born in the wrong place for the dreams they carried, Imperial Age masterminds Jane and Aor faced uphill battles from day one. Starting an international metal band from Russia meant facing growing isolation, hostile authorities, and a Western music industry that ignored them. They had no label, no management, and no booking agents.

Yet, their zealous DIY work ethic forged a global army of devoted fans. Against all odds, they crushed 200+ concerts across Europe, sold tens of thousands of albums, and drew 100,000+ viewers to their massive Live New World orchestral concert.

Then, Russia invaded Ukraine.

Having publicly condemned the war, Jane and Aor fled the country, leaving everything behind. Critics thought the story was over. But after a grueling year of legal limbo in Turkey, their resilience paid off: they were endorsed by Arts Council England as ""Exceptional Talent"" and granted UK residency.

Settling in Northamptonshire under severe financial strain, they faced the daunting reality of rebuilding from absolute zero.

Today, Imperial Age is reborn as a UK-based powerhouse. They’ve assembled a premier new lineup, opened a London fulfillment office to meet massive merch demand, completed their biggest European tour, and secured major 2026 festival slots, including the Bloodstock main stage.

Finally free from survival mode, Jane and Aor are pushing Imperial Age into entirely new territory—tearing up the genre playbook and letting their creativity run wild.",5,6,8,9,,,,,,,,,,,3:46,226,MUSIC_VIDEO_TYPE_OMV,636838,,ytmusicapi player response videoDetails.viewCount,,,Not exposed by this YouTube Music endpoint; official YouTube Data API credentials are required.,Music,2022-12-16T09:00:09-08:00,2022-12-16T09:00:09-08:00,Imperial Age,UC_jM1-IX_Eu8HV5pF1JCwLg,http://www.youtube.com/@ImperialAge,249,AD;AE;AF;AG;AI;AL;AM;AO;AQ;AR;AS;AT;AU;AW;AX;AZ;BA;BB;BD;BE;BF;BG;BH;BI;BJ;BL;BM;BN;BO;BQ;BR;BS;BT;BV;BW;BY;BZ;CA;CC;CD;CF;CG;CH;CI;CK;CL;CM;CN;CO;CR;CU;CV;CW;CX;CY;CZ;DE;DJ;DK;DM;DO;DZ;EC;EE;EG;EH;ER;ES;ET;FI;FJ;FK;FM;FO;FR;GA;GB;GD;GE;GF;GG;GH;GI;GL;GM;GN;GP;GQ;GR;GS;GT;GU;GW;GY;HK;HM;HN;HR;HT;HU;ID;IE;IL;IM;IN;IO;IQ;IR;IS;IT;JE;JM;JO;JP;KE;KG;KH;KI;KM;KN;KP;KR;KW;KY;KZ;LA;LB;LC;LI;LK;LR;LS;LT;LU;LV;LY;MA;MC;MD;ME;MF;MG;MH;MK;ML;MM;MN;MO;MP;MQ;MR;MS;MT;MU;MV;MW;MX;MY;MZ;NA;NC;NE;NF;NG;NI;NL;NO;NP;NR;NU;NZ;OM;PA;PE;PF;PG;PH;PK;PL;PM;PN;PR;PS;PT;PW;PY;QA;RE;RO;RS;RU;RW;SA;SB;SC;SD;SE;SG;SH;SI;SJ;SK;SL;SM;SN;SO;SR;SS;ST;SV;SX;SY;SZ;TC;TD;TF;TG;TH;TJ;TK;TL;TM;TN;TO;TR;TT;TV;TW;TZ;UA;UG;UM;US;UY;UZ;VA;VC;VE;VG;VI;VN;VU;WF;WS;YE;YT;ZA;ZM;ZW,"Distribution availability, not artist nationality or audience geography.",,https://music.youtube.com/watch?v=hZF6BglDS30,True,False,False,True,False,False,True,True,False,,OK,True,INDIFFERENT,False,https://i.ytimg.com/vi/hZF6BglDS30/maxresdefault.jpg,"[{""url"": ""https://i.ytimg.com/vi/hZF6BglDS30/hqdefault.jpg?sqp=-oaymwEWCJADEOEBIAQqCggAEOADGC0guwJIWg&rs=AMzJL3nLYqfZVptFlxhlM6nnv7NFSGFxqA"", ""width"": 400, ""height"": 225}]",,,missing album browse id,YouTube Music internal web API via ytmusicapi; personalized playlist fetched with named auth profile.,29.0,5.0,5.80402897,cumulative views of the exact recommended YouTube video,636838,5.80402897,Upper buffer,Buffer,"Frozen 83-song candidate pool captured 2026-06-29T19:44:09+00:00; Low <=7,505; lower buffer 7,506-19,756; Middle 19,757-243,792; upper buffer 243,793-1,223,809; High >=1,223,810 views.","Use view_count or popularity_log10_view_count for comparisons across users, weeks, and the original playlist. Do not use the within-Discover-Mix rank or percentile for cross-playlist comparisons because those are recalculated separately inside every 30-song mix.",Popularity is for the exact recommended video ID. Report or control video_type because this item is MUSIC_VIDEO_TYPE_OMV; ATV denotes an Art Track and OMV an official music video.
2026-08-24T12:27:34+00:00,user_03,Aysima Baba,Discover Mix,RDTMAK5uy_n_5IN6hzAOwdCnM8D8rzrs3vDl12UcZpA,https://music.youtube.com/playlist?list=RDTMAK5uy_n_5IN6hzAOwdCnM8D8rzrs3vDl12UcZpA,,,200,30,30,Collector records only the first 30 tracks. YouTube Music's browse response may still include more tracks in the raw API payload.,,51496,"Discover great music, picked just for you. Always updating.",26,0J2QdDbelmY,https://music.youtube.com/watch?v=0J2QdDbelmY,https://www.youtube.com/watch?v=0J2QdDbelmY,Seven Nation Army (Live),The White Stripes,UCD0Wge1UpszMtqK3P9x50vA,"[{""id"": ""UCD0Wge1UpszMtqK3P9x50vA"", ""name"": ""The White Stripes"", ""subscribers_display"": ""1.17M"", ""subscribers_approx"": 1170000, ""channel_views"": 1750711239, ""description"": ""The White Stripes are Jack White and Meg White. Formed in Southwest Detroit in 1997, the acclaimed rock duo released six studio albums with their simple guitar, drums and vocals approach – The White Stripes (1999), De Stijl (2000), White Blood Cells (2001), Elephant (2003) which includes global anthem “Seven Nation Army”, Get Behind Me Satan (2005), Icky Thump (2007), as well as The White Stripes Greatest Hits (2020)."", ""song_shelf_count"": 5, ""album_shelf_count"": 8, ""single_shelf_count"": 10, ""video_shelf_count"": 10, ""lookup_error"": """"}]",UCD0Wge1UpszMtqK3P9x50vA,The White Stripes,1.17M,1170000,1750711239,"The White Stripes are Jack White and Meg White. Formed in Southwest Detroit in 1997, the acclaimed rock duo released six studio albums with their simple guitar, drums and vocals approach – The White Stripes (1999), De Stijl (2000), White Blood Cells (2001), Elephant (2003) which includes global anthem “Seven Nation Army”, Get Behind Me Satan (2005), Icky Thump (2007), as well as The White Stripes Greatest Hits (2020).",5,8,10,10,,,,,,,,,,,3:59,239,MUSIC_VIDEO_TYPE_OMV,847781356,,ytmusicapi player response videoDetails.viewCount,,,Not exposed by this YouTube Music endpoint; official YouTube Data API credentials are required.,Music,2008-10-21T06:32:13-07:00,2008-10-21T06:32:13-07:00,The White Stripes,UC0sQemK7pgX5fYy0k1MFsHg,http://www.youtube.com/@thewhitestripes,249,AD;AE;AF;AG;AI;AL;AM;AO;AQ;AR;AS;AT;AU;AW;AX;AZ;BA;BB;BD;BE;BF;BG;BH;BI;BJ;BL;BM;BN;BO;BQ;BR;BS;BT;BV;BW;BY;BZ;CA;CC;CD;CF;CG;CH;CI;CK;CL;CM;CN;CO;CR;CU;CV;CW;CX;CY;CZ;DE;DJ;DK;DM;DO;DZ;EC;EE;EG;EH;ER;ES;ET;FI;FJ;FK;FM;FO;FR;GA;GB;GD;GE;GF;GG;GH;GI;GL;GM;GN;GP;GQ;GR;GS;GT;GU;GW;GY;HK;HM;HN;HR;HT;HU;ID;IE;IL;IM;IN;IO;IQ;IR;IS;IT;JE;JM;JO;JP;KE;KG;KH;KI;KM;KN;KP;KR;KW;KY;KZ;LA;LB;LC;LI;LK;LR;LS;LT;LU;LV;LY;MA;MC;MD;ME;MF;MG;MH;MK;ML;MM;MN;MO;MP;MQ;MR;MS;MT;MU;MV;MW;MX;MY;MZ;NA;NC;NE;NF;NG;NI;NL;NO;NP;NR;NU;NZ;OM;PA;PE;PF;PG;PH;PK;PL;PM;PN;PR;PS;PT;PW;PY;QA;RE;RO;RS;RU;RW;SA;SB;SC;SD;SE;SG;SH;SI;SJ;SK;SL;SM;SN;SO;SR;SS;ST;SV;SX;SY;SZ;TC;TD;TF;TG;TH;TJ;TK;TL;TM;TN;TO;TR;TT;TV;TW;TZ;UA;UG;UM;US;UY;UZ;VA;VC;VE;VG;VI;VN;VU;WF;WS;YE;YT;ZA;ZM;ZW,"Distribution availability, not artist nationality or audience geography.",Seven Nation Army; Jack White; seven nation army; white stripes; the white stripes; 7 nation army; white stripes seven nation army lyrics; white stripes seven nation army; jack white; the white stripes seven nation army; tan tan tan tan taaaan cancion rock; the white stripes seven nation army lyrics; seven nation; nation army; stripes; popolopopopo musique; icky thump; handshake trend; tiktok handshake; Ben Callahan & The White Stripes; ben callahan; 7 nation army handshake,https://music.youtube.com/watch?v=0J2QdDbelmY,True,False,False,True,False,False,True,True,False,,OK,True,INDIFFERENT,False,https://i.ytimg.com/vi/0J2QdDbelmY/maxresdefault.jpg,"[{""url"": ""https://i.ytimg.com/vi/0J2QdDbelmY/hqdefault.jpg?sqp=-oaymwEWCJADEOEBIAQqCggAEOADGC0guwJIWg&rs=AMzJL3mTAryod0KI6IOs4y99zhh0NVA4xQ"", ""width"": 400, ""height"": 225}]",,,missing album browse id,YouTube Music internal web API via ytmusicapi; personalized playlist fetched with named auth profile.,3.0,91.666667,8.928283862,cumulative views of the exact recommended YouTube video,847781356,8.928283862,High,High,"Frozen 83-song candidate pool captured 2026-06-29T19:44:09+00:00; Low <=7,505; lower buffer 7,506-19,756; Middle 19,757-243,792; upper buffer 243,793-1,223,809; High >=1,223,810 views.","Use view_count or popularity_log10_view_count for comparisons across users, weeks, and the original playlist. Do not use the within-Discover-Mix rank or percentile for cross-playlist comparisons because those are recalculated separately inside every 30-song mix.",Popularity is for the exact recommended video ID. Report or control video_type because this item is MUSIC_VIDEO_TYPE_OMV; ATV denotes an Art Track and OMV an official music video.
2026-08-24T12:27:34+00:00,user_03,Aysima Baba,Discover Mix,RDTMAK5uy_n_5IN6hzAOwdCnM8D8rzrs3vDl12UcZpA,https://music.youtube.com/playlist?list=RDTMAK5uy_n_5IN6hzAOwdCnM8D8rzrs3vDl12UcZpA,,,200,30,30,Collector records only the first 30 tracks. YouTube Music's browse response may still include more tracks in the raw API payload.,,51496,"Discover great music, picked just for you. Always updating.",27,UO37wJG1j2k,https://music.youtube.com/watch?v=UO37wJG1j2k,https://www.youtube.com/watch?v=UO37wJG1j2k,Metal United,Majestica,UC0oLl-AD2ikFO_WDmG4YMzw,"[{""id"": ""UC0oLl-AD2ikFO_WDmG4YMzw"", ""name"": ""Majestica"", ""subscribers_display"": ""29.3K"", ""subscribers_approx"": 29300, ""channel_views"": 12193693, ""description"": ""Symphonic power metal from Sweden."", ""song_shelf_count"": 5, ""album_shelf_count"": 4, ""single_shelf_count"": 8, ""video_shelf_count"": 10, ""lookup_error"": """"}]",UC0oLl-AD2ikFO_WDmG4YMzw,Majestica,29.3K,29300,12193693,Symphonic power metal from Sweden.,5,4,8,10,,,,,,,,,,,3:54,234,MUSIC_VIDEO_TYPE_OMV,1263726,,ytmusicapi player response videoDetails.viewCount,,,Not exposed by this YouTube Music endpoint; official YouTube Data API credentials are required.,Music,2021-09-10T02:01:09-07:00,2021-09-10T02:01:09-07:00,Nuclear Blast Records,UCoxg3Kml41wE3IPq-PC-LQw,http://www.youtube.com/@NuclearBlastRecords,249,AD;AE;AF;AG;AI;AL;AM;AO;AQ;AR;AS;AT;AU;AW;AX;AZ;BA;BB;BD;BE;BF;BG;BH;BI;BJ;BL;BM;BN;BO;BQ;BR;BS;BT;BV;BW;BY;BZ;CA;CC;CD;CF;CG;CH;CI;CK;CL;CM;CN;CO;CR;CU;CV;CW;CX;CY;CZ;DE;DJ;DK;DM;DO;DZ;EC;EE;EG;EH;ER;ES;ET;FI;FJ;FK;FM;FO;FR;GA;GB;GD;GE;GF;GG;GH;GI;GL;GM;GN;GP;GQ;GR;GS;GT;GU;GW;GY;HK;HM;HN;HR;HT;HU;ID;IE;IL;IM;IN;IO;IQ;IR;IS;IT;JE;JM;JO;JP;KE;KG;KH;KI;KM;KN;KP;KR;KW;KY;KZ;LA;LB;LC;LI;LK;LR;LS;LT;LU;LV;LY;MA;MC;MD;ME;MF;MG;MH;MK;ML;MM;MN;MO;MP;MQ;MR;MS;MT;MU;MV;MW;MX;MY;MZ;NA;NC;NE;NF;NG;NI;NL;NO;NP;NR;NU;NZ;OM;PA;PE;PF;PG;PH;PK;PL;PM;PN;PR;PS;PT;PW;PY;QA;RE;RO;RS;RU;RW;SA;SB;SC;SD;SE;SG;SH;SI;SJ;SK;SL;SM;SN;SO;SR;SS;ST;SV;SX;SY;SZ;TC;TD;TF;TG;TH;TJ;TK;TL;TM;TN;TO;TR;TT;TV;TW;TZ;UA;UG;UM;US;UY;UZ;VA;VC;VE;VG;VI;VN;VU;WF;WS;YE;YT;ZA;ZM;ZW,"Distribution availability, not artist nationality or audience geography.",Majestica; rising tide; sabaton; power metal; reinxeed; live; nuclear blast; metal; above the sky; Nuclear Blast; tommy johansson; metal united; symphonic metal,https://music.youtube.com/watch?v=UO37wJG1j2k,True,False,False,True,False,False,True,True,False,,OK,True,INDIFFERENT,False,https://i.ytimg.com/vi/UO37wJG1j2k/maxresdefault.jpg,"[{""url"": ""https://i.ytimg.com/vi/UO37wJG1j2k/hqdefault.jpg?sqp=-oaymwEWCJADEOEBIAQqCggAEOADGC0guwJIWg&rs=AMzJL3lHedd-Tlm9WU164sHfXY9a2wNHzQ"", ""width"": 400, ""height"": 225}]",,,missing album browse id,YouTube Music internal web API via ytmusicapi; personalized playlist fetched with named auth profile.,23.0,25.0,6.101652921,cumulative views of the exact recommended YouTube video,1263726,6.101652921,High,High,"Frozen 83-song candidate pool captured 2026-06-29T19:44:09+00:00; Low <=7,505; lower buffer 7,506-19,756; Middle 19,757-243,792; upper buffer 243,793-1,223,809; High >=1,223,810 views.","Use view_count or popularity_log10_view_count for comparisons across users, weeks, and the original playlist. Do not use the within-Discover-Mix rank or percentile for cross-playlist comparisons because those are recalculated separately inside every 30-song mix.",Popularity is for the exact recommended video ID. Report or control video_type because this item is MUSIC_VIDEO_TYPE_OMV; ATV denotes an Art Track and OMV an official music video.
2026-08-24T12:27:34+00:00,user_03,Aysima Baba,Discover Mix,RDTMAK5uy_n_5IN6hzAOwdCnM8D8rzrs3vDl12UcZpA,https://music.youtube.com/playlist?list=RDTMAK5uy_n_5IN6hzAOwdCnM8D8rzrs3vDl12UcZpA,,,200,30,30,Collector records only the first 30 tracks. YouTube Music's browse response may still include more tracks in the raw API payload.,,51496,"Discover great music, picked just for you. Always updating.",28,fu2bgwcv43o,https://music.youtube.com/watch?v=fu2bgwcv43o,https://www.youtube.com/watch?v=fu2bgwcv43o,Hold the Heathen Hammer High,Tyr,UCcsoYke5q0w-OMEakJsLbAQ,"[{""id"": ""UCcsoYke5q0w-OMEakJsLbAQ"", ""name"": ""Tyr"", ""subscribers_display"": ""45.5K"", ""subscribers_approx"": 45500, ""channel_views"": 19214640, ""description"": ""Rooted in the epic past\nweaving powerful melodic inspiration\nfor the modern Viking spirit"", ""song_shelf_count"": 5, ""album_shelf_count"": 8, ""single_shelf_count"": 9, ""video_shelf_count"": 10, ""lookup_error"": """"}]",UCcsoYke5q0w-OMEakJsLbAQ,Tyr,45.5K,45500,19214640,"Rooted in the epic past
weaving powerful melodic inspiration
for the modern Viking spirit",5,8,9,10,,,,,,,,,,,4:55,295,MUSIC_VIDEO_TYPE_OMV,10523523,,ytmusicapi player response videoDetails.viewCount,,,Not exposed by this YouTube Music endpoint; official YouTube Data API credentials are required.,Music,2009-07-10T05:17:12-07:00,2009-07-10T05:17:12-07:00,Napalm Records,UCG7AaCh_CiG6pq_rRDNw72A,http://www.youtube.com/@napalmrecords,249,AD;AE;AF;AG;AI;AL;AM;AO;AQ;AR;AS;AT;AU;AW;AX;AZ;BA;BB;BD;BE;BF;BG;BH;BI;BJ;BL;BM;BN;BO;BQ;BR;BS;BT;BV;BW;BY;BZ;CA;CC;CD;CF;CG;CH;CI;CK;CL;CM;CN;CO;CR;CU;CV;CW;CX;CY;CZ;DE;DJ;DK;DM;DO;DZ;EC;EE;EG;EH;ER;ES;ET;FI;FJ;FK;FM;FO;FR;GA;GB;GD;GE;GF;GG;GH;GI;GL;GM;GN;GP;GQ;GR;GS;GT;GU;GW;GY;HK;HM;HN;HR;HT;HU;ID;IE;IL;IM;IN;IO;IQ;IR;IS;IT;JE;JM;JO;JP;KE;KG;KH;KI;KM;KN;KP;KR;KW;KY;KZ;LA;LB;LC;LI;LK;LR;LS;LT;LU;LV;LY;MA;MC;MD;ME;MF;MG;MH;MK;ML;MM;MN;MO;MP;MQ;MR;MS;MT;MU;MV;MW;MX;MY;MZ;NA;NC;NE;NF;NG;NI;NL;NO;NP;NR;NU;NZ;OM;PA;PE;PF;PG;PH;PK;PL;PM;PN;PR;PS;PT;PW;PY;QA;RE;RO;RS;RU;RW;SA;SB;SC;SD;SE;SG;SH;SI;SJ;SK;SL;SM;SN;SO;SR;SS;ST;SV;SX;SY;SZ;TC;TD;TF;TG;TH;TJ;TK;TL;TM;TN;TO;TR;TT;TV;TW;TZ;UA;UG;UM;US;UY;UZ;VA;VC;VE;VG;VI;VN;VU;WF;WS;YE;YT;ZA;ZM;ZW,"Distribution availability, not artist nationality or audience geography.",Amon; Amarth;; Turisas;; Alestorm;; Bathory;; VIking; Metal;; Vikings;; Folk; tyr; týr; faroe; islands; by the light of the northern star; faroese; hold the heathen hammer high; official video; official; heavy; metal; pagan; heri joensen; heri; blackstage; silvan büge,https://music.youtube.com/watch?v=fu2bgwcv43o,True,False,False,True,False,False,True,True,False,,OK,True,INDIFFERENT,False,https://i.ytimg.com/vi/fu2bgwcv43o/hqdefault.jpg?sqp=-oaymwEmCOADEOgC8quKqQMa8AEB-AHUBoAC4AOKAgwIABABGFwgZShNMA8=&rs=AOn4CLBkRT-dLfw5sjCUwNBrwszT3g0upw,"[{""url"": ""https://i.ytimg.com/vi/fu2bgwcv43o/hqdefault.jpg?sqp=-oaymwEWCJADEOEBIAQqCggAEOADGC0guwJIWg&rs=AMzJL3m1WziWvCW-o_h2CZ2r9kS_1JzdBQ"", ""width"": 400, ""height"": 225}]",,,missing album browse id,YouTube Music internal web API via ytmusicapi; personalized playlist fetched with named auth profile.,12.0,61.666667,7.022161155,cumulative views of the exact recommended YouTube video,10523523,7.022161155,High,High,"Frozen 83-song candidate pool captured 2026-06-29T19:44:09+00:00; Low <=7,505; lower buffer 7,506-19,756; Middle 19,757-243,792; upper buffer 243,793-1,223,809; High >=1,223,810 views.","Use view_count or popularity_log10_view_count for comparisons across users, weeks, and the original playlist. Do not use the within-Discover-Mix rank or percentile for cross-playlist comparisons because those are recalculated separately inside every 30-song mix.",Popularity is for the exact recommended video ID. Report or control video_type because this item is MUSIC_VIDEO_TYPE_OMV; ATV denotes an Art Track and OMV an official music video.
2026-08-24T12:27:34+00:00,user_03,Aysima Baba,Discover Mix,RDTMAK5uy_n_5IN6hzAOwdCnM8D8rzrs3vDl12UcZpA,https://music.youtube.com/playlist?list=RDTMAK5uy_n_5IN6hzAOwdCnM8D8rzrs3vDl12UcZpA,,,200,30,30,Collector records only the first 30 tracks. YouTube Music's browse response may still include more tracks in the raw API payload.,,51496,"Discover great music, picked just for you. Always updating.",29,iwbUG29dDd4,https://music.youtube.com/watch?v=iwbUG29dDd4,https://www.youtube.com/watch?v=iwbUG29dDd4,WINGS OF STEEL - Wings of Steel (OFFICIAL MUSIC VIDEO),Wings of Steel,UCf_OyY7jsfQ-nS7UmPCnL2A,"[{""id"": ""UCf_OyY7jsfQ-nS7UmPCnL2A"", ""name"": ""Wings of Steel"", ""subscribers_display"": ""23.3K"", ""subscribers_approx"": 23300, ""channel_views"": null, ""description"": null, ""song_shelf_count"": 5, ""album_shelf_count"": 3, ""single_shelf_count"": 6, ""video_shelf_count"": 8, ""lookup_error"": """"}]",UCf_OyY7jsfQ-nS7UmPCnL2A,Wings of Steel,23.3K,23300,,,5,3,6,8,,,,,,,,,,,3:23,203,MUSIC_VIDEO_TYPE_OMV,709958,,ytmusicapi player response videoDetails.viewCount,,,Not exposed by this YouTube Music endpoint; official YouTube Data API credentials are required.,Music,2022-09-01T10:00:32-07:00,2022-09-01T10:00:32-07:00,Wings of Steel,UCk__CFKB7ldcNiT4yE3aFQw,http://www.youtube.com/@wingsofsteel,249,AD;AE;AF;AG;AI;AL;AM;AO;AQ;AR;AS;AT;AU;AW;AX;AZ;BA;BB;BD;BE;BF;BG;BH;BI;BJ;BL;BM;BN;BO;BQ;BR;BS;BT;BV;BW;BY;BZ;CA;CC;CD;CF;CG;CH;CI;CK;CL;CM;CN;CO;CR;CU;CV;CW;CX;CY;CZ;DE;DJ;DK;DM;DO;DZ;EC;EE;EG;EH;ER;ES;ET;FI;FJ;FK;FM;FO;FR;GA;GB;GD;GE;GF;GG;GH;GI;GL;GM;GN;GP;GQ;GR;GS;GT;GU;GW;GY;HK;HM;HN;HR;HT;HU;ID;IE;IL;IM;IN;IO;IQ;IR;IS;IT;JE;JM;JO;JP;KE;KG;KH;KI;KM;KN;KP;KR;KW;KY;KZ;LA;LB;LC;LI;LK;LR;LS;LT;LU;LV;LY;MA;MC;MD;ME;MF;MG;MH;MK;ML;MM;MN;MO;MP;MQ;MR;MS;MT;MU;MV;MW;MX;MY;MZ;NA;NC;NE;NF;NG;NI;NL;NO;NP;NR;NU;NZ;OM;PA;PE;PF;PG;PH;PK;PL;PM;PN;PR;PS;PT;PW;PY;QA;RE;RO;RS;RU;RW;SA;SB;SC;SD;SE;SG;SH;SI;SJ;SK;SL;SM;SN;SO;SR;SS;ST;SV;SX;SY;SZ;TC;TD;TF;TG;TH;TJ;TK;TL;TM;TN;TO;TR;TT;TV;TW;TZ;UA;UG;UM;US;UY;UZ;VA;VC;VE;VG;VI;VN;VU;WF;WS;YE;YT;ZA;ZM;ZW,"Distribution availability, not artist nationality or audience geography.",Wings of Steel; Heavy Metal; NWOTHM; wingsofsteelband,https://music.youtube.com/watch?v=iwbUG29dDd4,True,False,False,True,False,False,True,True,False,,OK,True,INDIFFERENT,False,https://i.ytimg.com/vi/iwbUG29dDd4/hqdefault.jpg,"[{""url"": ""https://i.ytimg.com/vi/iwbUG29dDd4/hqdefault.jpg?sqp=-oaymwEWCJADEOEBIAQqCggAEOADGC0guwJIWg&rs=AMzJL3mmYMO8c-e62asRPXTh5WcWsgpHZA"", ""width"": 400, ""height"": 225}]",,,missing album browse id,YouTube Music internal web API via ytmusicapi; personalized playlist fetched with named auth profile.,27.0,11.666667,5.851232657,cumulative views of the exact recommended YouTube video,709958,5.851232657,Upper buffer,Buffer,"Frozen 83-song candidate pool captured 2026-06-29T19:44:09+00:00; Low <=7,505; lower buffer 7,506-19,756; Middle 19,757-243,792; upper buffer 243,793-1,223,809; High >=1,223,810 views.","Use view_count or popularity_log10_view_count for comparisons across users, weeks, and the original playlist. Do not use the within-Discover-Mix rank or percentile for cross-playlist comparisons because those are recalculated separately inside every 30-song mix.",Popularity is for the exact recommended video ID. Report or control video_type because this item is MUSIC_VIDEO_TYPE_OMV; ATV denotes an Art Track and OMV an official music video.
2026-08-24T12:27:34+00:00,user_03,Aysima Baba,Discover Mix,RDTMAK5uy_n_5IN6hzAOwdCnM8D8rzrs3vDl12UcZpA,https://music.youtube.com/playlist?list=RDTMAK5uy_n_5IN6hzAOwdCnM8D8rzrs3vDl12UcZpA,,,200,30,30,Collector records only the first 30 tracks. YouTube Music's browse response may still include more tracks in the raw API payload.,,51496,"Discover great music, picked just for you. Always updating.",30,1Q2NJylEtrw,https://music.youtube.com/watch?v=1Q2NJylEtrw,https://www.youtube.com/watch?v=1Q2NJylEtrw,When the Lights Are Down,Kamelot,UCTAwYvdtEjXhMt0HR7d44Eg,"[{""id"": ""UCTAwYvdtEjXhMt0HR7d44Eg"", ""name"": ""Kamelot"", ""subscribers_display"": ""158K"", ""subscribers_approx"": 158000, ""channel_views"": 90185001, ""description"": ""Kamelot is an American power metal band from Tampa, Florida, formed by Thomas Youngblood in 1987. The Norwegian vocalist Roy Khan joined for the album Siége Perilous, and shared songwriting credit with Youngblood until his departure in April 2011. On June 22, 2012, Youngblood announced on their website that their new vocalist would be the Swedish singer Tommy Karevik, who was first featured on Kamelot's album Silverthorn as the main vocalist, co-songwriter, and lyricist.\nAs of 2026, Kamelot has released thirteen studio albums, three live albums, two live DVDs and twenty music videos.\n\nFrom Wikipedia ("", ""song_shelf_count"": 5, ""album_shelf_count"": 10, ""single_shelf_count"": 10, ""video_shelf_count"": 10, ""lookup_error"": """"}]",UCTAwYvdtEjXhMt0HR7d44Eg,Kamelot,158K,158000,90185001,"Kamelot is an American power metal band from Tampa, Florida, formed by Thomas Youngblood in 1987. The Norwegian vocalist Roy Khan joined for the album Siége Perilous, and shared songwriting credit with Youngblood until his departure in April 2011. On June 22, 2012, Youngblood announced on their website that their new vocalist would be the Swedish singer Tommy Karevik, who was first featured on Kamelot's album Silverthorn as the main vocalist, co-songwriter, and lyricist.
As of 2026, Kamelot has released thirteen studio albums, three live albums, two live DVDs and twenty music videos.

From Wikipedia (",5,10,10,10,MPREb_Y1gejVcgsBR,The Black Halo,Album,2005,16,"1 hour, 4 minutes",3881,OLAK5uy_lIqahzQE9CEv3YoDeBggipJUOQAwPIGzo,Kamelot,"The Black Halo is the seventh studio album by American power metal band Kamelot. It was released on March 15, 2005, through Steamhammer Records. It is a concept album inspired by Goethe's Faust. Continuing the story introduced in Epica, it is the second and final record in Kamelot's two-part rock opera about Ariel. Epica tells Part 1 while The Black Halo tells Part 2. Goethe's Faust is also broken into two parts. The Black Halo features guest appearances by Simone Simons, Shagrath, Jens Johansson, and several others. The album was released on vinyl in the spring of 2009, along with Ghost Opera.

From Wikipedia (",3:42,222,MUSIC_VIDEO_TYPE_ATV,2421997,,ytmusicapi player response videoDetails.viewCount,,,Not exposed by this YouTube Music endpoint; official YouTube Data API credentials are required.,Music,2016-02-09T16:07:17-08:00,2016-02-09T16:07:17-08:00,Kamelot - Topic,UCTAwYvdtEjXhMt0HR7d44Eg,http://www.youtube.com/channel/UCTAwYvdtEjXhMt0HR7d44Eg,227,AD;AE;AF;AG;AI;AL;AM;AO;AQ;AR;AS;AT;AU;AW;AX;AZ;BA;BB;BD;BE;BF;BG;BH;BJ;BM;BN;BO;BR;BS;BT;BV;BW;BZ;CA;CC;CG;CH;CI;CK;CL;CM;CN;CO;CR;CV;CX;CY;CZ;DE;DJ;DK;DM;DO;DZ;EC;EE;EG;EH;ER;ES;ET;FI;FJ;FK;FM;FO;FR;GA;GB;GD;GE;GF;GG;GH;GI;GL;GM;GN;GP;GQ;GR;GS;GT;GU;GW;GY;HK;HM;HN;HR;HT;HU;ID;IE;IL;IM;IN;IO;IS;IT;JE;JM;JO;JP;KE;KG;KH;KI;KM;KN;KR;KW;KY;KZ;LA;LB;LC;LI;LK;LR;LS;LT;LU;LV;MA;MC;MD;ME;MG;MH;MK;ML;MN;MO;MP;MQ;MR;MS;MT;MU;MV;MW;MX;MY;MZ;NA;NC;NE;NF;NG;NI;NL;NO;NP;NR;NU;NZ;OM;PA;PE;PF;PG;PH;PK;PL;PM;PN;PR;PS;PT;PW;PY;QA;RE;RO;RU;RW;SA;SB;SC;SE;SG;SH;SI;SJ;SK;SL;SM;SN;SR;ST;SV;SZ;TC;TD;TF;TG;TH;TJ;TK;TL;TM;TN;TO;TR;TT;TV;TW;TZ;UA;UG;UM;US;UY;UZ;VA;VC;VE;VG;VI;VN;VU;WF;WS;YT;ZA;ZM,"Distribution availability, not artist nationality or audience geography.",Kamelot; The Black Halo; When the Lights Are Down,https://music.youtube.com/watch?v=1Q2NJylEtrw,True,False,False,True,False,False,True,True,False,False,OK,True,INDIFFERENT,False,https://i.ytimg.com/vi/1Q2NJylEtrw/maxresdefault.jpg,"[{""url"": ""https://yt3.googleusercontent.com/38KdSEiCxgBp-srpHTXdq_oqx_xhW1aRG3fA614DsGkxANw8J1XLiqzSSKOu4ThzOcUk5NnJPxDJMc93wg=w60-h60-l90-rj"", ""width"": 60, ""height"": 60}, {""url"": ""https://yt3.googleusercontent.com/38KdSEiCxgBp-srpHTXdq_oqx_xhW1aRG3fA614DsGkxANw8J1XLiqzSSKOu4ThzOcUk5NnJPxDJMc93wg=w120-h120-l90-rj"", ""width"": 120, ""height"": 120}]",,,,YouTube Music internal web API via ytmusicapi; personalized playlist fetched with named auth profile.,22.0,28.333333,6.384173601,cumulative views of the exact recommended YouTube video,2421997,6.384173601,High,High,"Frozen 83-song candidate pool captured 2026-06-29T19:44:09+00:00; Low <=7,505; lower buffer 7,506-19,756; Middle 19,757-243,792; upper buffer 243,793-1,223,809; High >=1,223,810 views.","Use view_count or popularity_log10_view_count for comparisons across users, weeks, and the original playlist. Do not use the within-Discover-Mix rank or percentile for cross-playlist comparisons because those are recalculated separately inside every 30-song mix.",Popularity is for the exact recommended video ID. Report or control video_type because this item is MUSIC_VIDEO_TYPE_ATV; ATV denotes an Art Track and OMV an official music video.
