captured_at_utc,auth_profile,verified_account_name,playlist_name,playlist_id,playlist_url,playlist_author,playlist_track_count_reported,playlist_track_count_returned_by_api,playlist_track_count_used_by_collector,playlist_track_limit_requested,playlist_track_limit_note,playlist_duration,playlist_duration_seconds,playlist_description,playlist_position,video_id,youtube_music_url,youtube_url,title,artists,artist_ids,artist_details_json,primary_artist_id,primary_artist_name,artist_subscribers_display,artist_subscribers_approx,artist_channel_views,artist_description,artist_song_shelf_count,artist_album_shelf_count,artist_single_shelf_count,artist_video_shelf_count,album_browse_id,album_name,album_type,album_year,album_track_count,album_duration,album_duration_seconds,album_audio_playlist_id,album_artists,album_description,duration,duration_seconds,video_type,view_count,playlist_view_display,view_count_source,like_count,comment_count,like_comment_note,category,upload_date,publish_date,topic_channel_owner,topic_channel_id,topic_channel_url,available_country_count,available_country_codes,available_countries_note,tags,canonical_url,family_safe,unlisted,paid,allow_ratings,is_live_content,is_private,is_crawlable,is_available,is_explicit_track,is_explicit_album,playability_status,playable_in_embed,profile_like_status,profile_in_library,thumbnail_url,track_thumbnails_json,song_lookup_error,artist_lookup_error,album_lookup_error,source_note,view_rank_within_discover_mix_desc,view_percentile_within_discover_mix,log10_view_count,popularity_measure,popularity_value_view_count,popularity_log10_view_count,popularity_original_pool_fixed_band,popularity_original_pool_fixed_tier,popularity_tier_reference,popularity_comparison_note,popularity_video_version_note
2026-08-24T12:43:12+00:00,user_09,Aygun Karca,Discover Mix,RDTMAK5uy_n_5IN6hzAOwdCnM8D8rzrs3vDl12UcZpA,https://music.youtube.com/playlist?list=RDTMAK5uy_n_5IN6hzAOwdCnM8D8rzrs3vDl12UcZpA,,,200,30,30,Collector records only the first 30 tracks. YouTube Music's browse response may still include more tracks in the raw API payload.,,52455,"Discover great music, picked just for you. Always updating.",1,htKY2oD85rs,https://music.youtube.com/watch?v=htKY2oD85rs,https://www.youtube.com/watch?v=htKY2oD85rs,Hearts on Fire,Hammerfall,UCOspMA8k5GDzhPH7EsZ_IwQ,"[{""id"": ""UCOspMA8k5GDzhPH7EsZ_IwQ"", ""name"": ""Hammerfall"", ""subscribers_display"": ""108K"", ""subscribers_approx"": 108000, ""channel_views"": 88329654, ""description"": ""HammerFall is a Swedish power metal band from Gothenburg. It was formed in 1993 by ex-Ceremonial Oath guitarist Oscar Dronjak. They have released thirteen studio albums.\nThe band has largely stayed consistent with their original sound throughout its career. The group's mascot \""Hector\"" – a role-playing game character belonging to the paladin class – has appeared on most of their album covers.\n\nFrom Wikipedia ("", ""song_shelf_count"": 5, ""album_shelf_count"": 10, ""single_shelf_count"": 10, ""video_shelf_count"": 10, ""lookup_error"": """"}]",UCOspMA8k5GDzhPH7EsZ_IwQ,Hammerfall,108K,108000,88329654,"HammerFall is a Swedish power metal band from Gothenburg. It was formed in 1993 by ex-Ceremonial Oath guitarist Oscar Dronjak. They have released thirteen studio albums.
The band has largely stayed consistent with their original sound throughout its career. The group's mascot ""Hector"" – a role-playing game character belonging to the paladin class – has appeared on most of their album covers.

From Wikipedia (",5,10,10,10,,,,,,,,,,,3:52,232,MUSIC_VIDEO_TYPE_OMV,37365422,,ytmusicapi player response videoDetails.viewCount,,,Not exposed by this YouTube Music endpoint; official YouTube Data API credentials are required.,Music,2008-05-13T04:50:17-07:00,2008-05-13T04:50:17-07:00,Nuclear Blast Records,UCoxg3Kml41wE3IPq-PC-LQw,http://www.youtube.com/@NuclearBlastRecords,249,AD;AE;AF;AG;AI;AL;AM;AO;AQ;AR;AS;AT;AU;AW;AX;AZ;BA;BB;BD;BE;BF;BG;BH;BI;BJ;BL;BM;BN;BO;BQ;BR;BS;BT;BV;BW;BY;BZ;CA;CC;CD;CF;CG;CH;CI;CK;CL;CM;CN;CO;CR;CU;CV;CW;CX;CY;CZ;DE;DJ;DK;DM;DO;DZ;EC;EE;EG;EH;ER;ES;ET;FI;FJ;FK;FM;FO;FR;GA;GB;GD;GE;GF;GG;GH;GI;GL;GM;GN;GP;GQ;GR;GS;GT;GU;GW;GY;HK;HM;HN;HR;HT;HU;ID;IE;IL;IM;IN;IO;IQ;IR;IS;IT;JE;JM;JO;JP;KE;KG;KH;KI;KM;KN;KP;KR;KW;KY;KZ;LA;LB;LC;LI;LK;LR;LS;LT;LU;LV;LY;MA;MC;MD;ME;MF;MG;MH;MK;ML;MM;MN;MO;MP;MQ;MR;MS;MT;MU;MV;MW;MX;MY;MZ;NA;NC;NE;NF;NG;NI;NL;NO;NP;NR;NU;NZ;OM;PA;PE;PF;PG;PH;PK;PL;PM;PN;PR;PS;PT;PW;PY;QA;RE;RO;RS;RU;RW;SA;SB;SC;SD;SE;SG;SH;SI;SJ;SK;SL;SM;SN;SO;SR;SS;ST;SV;SX;SY;SZ;TC;TD;TF;TG;TH;TJ;TK;TL;TM;TN;TO;TR;TT;TV;TW;TZ;UA;UG;UM;US;UY;UZ;VA;VC;VE;VG;VI;VN;VU;WF;WS;YE;YT;ZA;ZM;ZW,"Distribution availability, not artist nationality or audience geography.",HammerFall (Musical Group); metal; Heavy Metal (Musical Genre); Power Metal (Musical Genre); swedish metal; Oscar Dronjak; Fredrik Larsson; Joacim Cans; Anders Johansson; Pontus Norgren; official music video; Hearts On Fire (Composition); hammerfall; power metal; heavy metal; crimson thunder; hearts on fire; nuclear blast records; hammerfall band; music video,https://music.youtube.com/watch?v=htKY2oD85rs,True,False,False,True,False,False,True,True,False,,OK,True,INDIFFERENT,False,https://i.ytimg.com/vi/htKY2oD85rs/maxresdefault.jpg,"[{""url"": ""https://i.ytimg.com/vi/htKY2oD85rs/hqdefault.jpg?sqp=-oaymwEWCJADEOEBIAQqCggAEOADGC0guwJIWg&rs=AMzJL3num-eeMoj0j686aY4SoqmDB4ayHA"", ""width"": 400, ""height"": 225}]",,,missing album browse id,YouTube Music internal web API via ytmusicapi; personalized playlist fetched with named auth profile.,2.0,95.0,7.572469891,cumulative views of the exact recommended YouTube video,37365422,7.572469891,High,High,"Frozen 83-song candidate pool captured 2026-06-29T19:44:09+00:00; Low <=7,505; lower buffer 7,506-19,756; Middle 19,757-243,792; upper buffer 243,793-1,223,809; High >=1,223,810 views.","Use view_count or popularity_log10_view_count for comparisons across users, weeks, and the original playlist. Do not use the within-Discover-Mix rank or percentile for cross-playlist comparisons because those are recalculated separately inside every 30-song mix.",Popularity is for the exact recommended video ID. Report or control video_type because this item is MUSIC_VIDEO_TYPE_OMV; ATV denotes an Art Track and OMV an official music video.
2026-08-24T12:43:12+00:00,user_09,Aygun Karca,Discover Mix,RDTMAK5uy_n_5IN6hzAOwdCnM8D8rzrs3vDl12UcZpA,https://music.youtube.com/playlist?list=RDTMAK5uy_n_5IN6hzAOwdCnM8D8rzrs3vDl12UcZpA,,,200,30,30,Collector records only the first 30 tracks. YouTube Music's browse response may still include more tracks in the raw API payload.,,52455,"Discover great music, picked just for you. Always updating.",2,iwbUG29dDd4,https://music.youtube.com/watch?v=iwbUG29dDd4,https://www.youtube.com/watch?v=iwbUG29dDd4,WINGS OF STEEL - Wings of Steel (OFFICIAL MUSIC VIDEO),Wings of Steel,UCf_OyY7jsfQ-nS7UmPCnL2A,"[{""id"": ""UCf_OyY7jsfQ-nS7UmPCnL2A"", ""name"": ""Wings of Steel"", ""subscribers_display"": ""23.3K"", ""subscribers_approx"": 23300, ""channel_views"": null, ""description"": null, ""song_shelf_count"": 5, ""album_shelf_count"": 3, ""single_shelf_count"": 6, ""video_shelf_count"": 8, ""lookup_error"": """"}]",UCf_OyY7jsfQ-nS7UmPCnL2A,Wings of Steel,23.3K,23300,,,5,3,6,8,,,,,,,,,,,3:23,203,MUSIC_VIDEO_TYPE_OMV,709964,,ytmusicapi player response videoDetails.viewCount,,,Not exposed by this YouTube Music endpoint; official YouTube Data API credentials are required.,Music,2022-09-01T10:00:32-07:00,2022-09-01T10:00:32-07:00,Wings of Steel,UCk__CFKB7ldcNiT4yE3aFQw,http://www.youtube.com/@wingsofsteel,249,AD;AE;AF;AG;AI;AL;AM;AO;AQ;AR;AS;AT;AU;AW;AX;AZ;BA;BB;BD;BE;BF;BG;BH;BI;BJ;BL;BM;BN;BO;BQ;BR;BS;BT;BV;BW;BY;BZ;CA;CC;CD;CF;CG;CH;CI;CK;CL;CM;CN;CO;CR;CU;CV;CW;CX;CY;CZ;DE;DJ;DK;DM;DO;DZ;EC;EE;EG;EH;ER;ES;ET;FI;FJ;FK;FM;FO;FR;GA;GB;GD;GE;GF;GG;GH;GI;GL;GM;GN;GP;GQ;GR;GS;GT;GU;GW;GY;HK;HM;HN;HR;HT;HU;ID;IE;IL;IM;IN;IO;IQ;IR;IS;IT;JE;JM;JO;JP;KE;KG;KH;KI;KM;KN;KP;KR;KW;KY;KZ;LA;LB;LC;LI;LK;LR;LS;LT;LU;LV;LY;MA;MC;MD;ME;MF;MG;MH;MK;ML;MM;MN;MO;MP;MQ;MR;MS;MT;MU;MV;MW;MX;MY;MZ;NA;NC;NE;NF;NG;NI;NL;NO;NP;NR;NU;NZ;OM;PA;PE;PF;PG;PH;PK;PL;PM;PN;PR;PS;PT;PW;PY;QA;RE;RO;RS;RU;RW;SA;SB;SC;SD;SE;SG;SH;SI;SJ;SK;SL;SM;SN;SO;SR;SS;ST;SV;SX;SY;SZ;TC;TD;TF;TG;TH;TJ;TK;TL;TM;TN;TO;TR;TT;TV;TW;TZ;UA;UG;UM;US;UY;UZ;VA;VC;VE;VG;VI;VN;VU;WF;WS;YE;YT;ZA;ZM;ZW,"Distribution availability, not artist nationality or audience geography.",Wings of Steel; Heavy Metal; NWOTHM; wingsofsteelband,https://music.youtube.com/watch?v=iwbUG29dDd4,True,False,False,True,False,False,True,True,False,,OK,True,INDIFFERENT,False,https://i.ytimg.com/vi/iwbUG29dDd4/hqdefault.jpg,"[{""url"": ""https://i.ytimg.com/vi/iwbUG29dDd4/hqdefault.jpg?sqp=-oaymwEWCJADEOEBIAQqCggAEOADGC0guwJIWg&rs=AMzJL3mmYMO8c-e62asRPXTh5WcWsgpHZA"", ""width"": 400, ""height"": 225}]",,,missing album browse id,YouTube Music internal web API via ytmusicapi; personalized playlist fetched with named auth profile.,20.0,35.0,5.851236328,cumulative views of the exact recommended YouTube video,709964,5.851236328,Upper buffer,Buffer,"Frozen 83-song candidate pool captured 2026-06-29T19:44:09+00:00; Low <=7,505; lower buffer 7,506-19,756; Middle 19,757-243,792; upper buffer 243,793-1,223,809; High >=1,223,810 views.","Use view_count or popularity_log10_view_count for comparisons across users, weeks, and the original playlist. Do not use the within-Discover-Mix rank or percentile for cross-playlist comparisons because those are recalculated separately inside every 30-song mix.",Popularity is for the exact recommended video ID. Report or control video_type because this item is MUSIC_VIDEO_TYPE_OMV; ATV denotes an Art Track and OMV an official music video.
2026-08-24T12:43:12+00:00,user_09,Aygun Karca,Discover Mix,RDTMAK5uy_n_5IN6hzAOwdCnM8D8rzrs3vDl12UcZpA,https://music.youtube.com/playlist?list=RDTMAK5uy_n_5IN6hzAOwdCnM8D8rzrs3vDl12UcZpA,,,200,30,30,Collector records only the first 30 tracks. YouTube Music's browse response may still include more tracks in the raw API payload.,,52455,"Discover great music, picked just for you. Always updating.",3,vMU804-bjQA,https://music.youtube.com/watch?v=vMU804-bjQA,https://www.youtube.com/watch?v=vMU804-bjQA,No Surrender (Official Video),Judas Priest,UCy6-RHgm74I8CCCvMu4NPJQ,"[{""id"": ""UCy6-RHgm74I8CCCvMu4NPJQ"", ""name"": ""Judas Priest"", ""subscribers_display"": ""1.32M"", ""subscribers_approx"": 1320000, ""channel_views"": 1324319179, ""description"": ""THE NEW ALBUM. INVINCIBLE SHIELD. MARCH 8TH 2024. PRE-ORDER NOW. judaspriest.lnk.to/store"", ""song_shelf_count"": 5, ""album_shelf_count"": 10, ""single_shelf_count"": 5, ""video_shelf_count"": 10, ""lookup_error"": """"}]",UCy6-RHgm74I8CCCvMu4NPJQ,Judas Priest,1.32M,1320000,1324319179,THE NEW ALBUM. INVINCIBLE SHIELD. MARCH 8TH 2024. PRE-ORDER NOW. judaspriest.lnk.to/store,5,10,5,10,,,,,,,,,,,2:55,175,MUSIC_VIDEO_TYPE_OMV,22206353,,ytmusicapi player response videoDetails.viewCount,,,Not exposed by this YouTube Music endpoint; official YouTube Data API credentials are required.,Music,2018-07-23T09:00:05-07:00,2018-07-23T09:00:05-07:00,JudasPriestVEVO,UCStHqF-8YWv8x6SJcTFkEXA,http://www.youtube.com/@JudasPriestVEVO,249,AD;AE;AF;AG;AI;AL;AM;AO;AQ;AR;AS;AT;AU;AW;AX;AZ;BA;BB;BD;BE;BF;BG;BH;BI;BJ;BL;BM;BN;BO;BQ;BR;BS;BT;BV;BW;BY;BZ;CA;CC;CD;CF;CG;CH;CI;CK;CL;CM;CN;CO;CR;CU;CV;CW;CX;CY;CZ;DE;DJ;DK;DM;DO;DZ;EC;EE;EG;EH;ER;ES;ET;FI;FJ;FK;FM;FO;FR;GA;GB;GD;GE;GF;GG;GH;GI;GL;GM;GN;GP;GQ;GR;GS;GT;GU;GW;GY;HK;HM;HN;HR;HT;HU;ID;IE;IL;IM;IN;IO;IQ;IR;IS;IT;JE;JM;JO;JP;KE;KG;KH;KI;KM;KN;KP;KR;KW;KY;KZ;LA;LB;LC;LI;LK;LR;LS;LT;LU;LV;LY;MA;MC;MD;ME;MF;MG;MH;MK;ML;MM;MN;MO;MP;MQ;MR;MS;MT;MU;MV;MW;MX;MY;MZ;NA;NC;NE;NF;NG;NI;NL;NO;NP;NR;NU;NZ;OM;PA;PE;PF;PG;PH;PK;PL;PM;PN;PR;PS;PT;PW;PY;QA;RE;RO;RS;RU;RW;SA;SB;SC;SD;SE;SG;SH;SI;SJ;SK;SL;SM;SN;SO;SR;SS;ST;SV;SX;SY;SZ;TC;TD;TF;TG;TH;TJ;TK;TL;TM;TN;TO;TR;TT;TV;TW;TZ;UA;UG;UM;US;UY;UZ;VA;VC;VE;VG;VI;VN;VU;WF;WS;YE;YT;ZA;ZM;ZW,"Distribution availability, not artist nationality or audience geography.",judas priest; judas priest no surrender; judas priest breaking the law; judas priest firepower; judas priest live; judas priest lyrics; judas priest lightning strike; judas priest british steel; judas priest 2018; judas priest new single; judas priest new album; Album; Album-Oriented Rock (AOR); Classic Rock; Energetic; Feeling Good; Hard Rock; Heavy Metal; Metal; No Surrender; Rock; Single; Upbeat,https://music.youtube.com/watch?v=vMU804-bjQA,True,False,False,True,False,False,True,True,False,,OK,True,INDIFFERENT,False,https://i.ytimg.com/vi/vMU804-bjQA/maxresdefault.jpg,"[{""url"": ""https://i.ytimg.com/vi/vMU804-bjQA/hqdefault.jpg?sqp=-oaymwEWCJADEOEBIAQqCggAEOADGC0guwJIWg&rs=AMzJL3mn7Re7SmBSLLtbvQ7ySrEIC3jAvw"", ""width"": 400, ""height"": 225}]",,,missing album browse id,YouTube Music internal web API via ytmusicapi; personalized playlist fetched with named auth profile.,5.0,85.0,7.346477239,cumulative views of the exact recommended YouTube video,22206353,7.346477239,High,High,"Frozen 83-song candidate pool captured 2026-06-29T19:44:09+00:00; Low <=7,505; lower buffer 7,506-19,756; Middle 19,757-243,792; upper buffer 243,793-1,223,809; High >=1,223,810 views.","Use view_count or popularity_log10_view_count for comparisons across users, weeks, and the original playlist. Do not use the within-Discover-Mix rank or percentile for cross-playlist comparisons because those are recalculated separately inside every 30-song mix.",Popularity is for the exact recommended video ID. Report or control video_type because this item is MUSIC_VIDEO_TYPE_OMV; ATV denotes an Art Track and OMV an official music video.
2026-08-24T12:43:12+00:00,user_09,Aygun Karca,Discover Mix,RDTMAK5uy_n_5IN6hzAOwdCnM8D8rzrs3vDl12UcZpA,https://music.youtube.com/playlist?list=RDTMAK5uy_n_5IN6hzAOwdCnM8D8rzrs3vDl12UcZpA,,,200,30,30,Collector records only the first 30 tracks. YouTube Music's browse response may still include more tracks in the raw API payload.,,52455,"Discover great music, picked just for you. Always updating.",4,i3u_JGmq5Fs,https://music.youtube.com/watch?v=i3u_JGmq5Fs,https://www.youtube.com/watch?v=i3u_JGmq5Fs,Master of the Universe,ANGUS McSIX,UCMooeoff7wXSATd31UgzBuw,"[{""id"": ""UCMooeoff7wXSATd31UgzBuw"", ""name"": ""ANGUS McSIX"", ""subscribers_display"": ""8.89K"", ""subscribers_approx"": 8890, ""channel_views"": 6787719, ""description"": ""Angus McSix is an international power metal band formed by Swiss singer Thomas Winkler and German producer, vocalist and guitarist Sebastian \""Seeb\"" Levermann. The debut studio album, Angus McSix and the Sword of Power, was released on 21 April 2023 through Napalm Records. The band members each embody a character in the concept story told through this album.\n\nFrom Wikipedia ("", ""song_shelf_count"": 5, ""album_shelf_count"": 2, ""single_shelf_count"": 8, ""video_shelf_count"": 10, ""lookup_error"": """"}]",UCMooeoff7wXSATd31UgzBuw,ANGUS McSIX,8.89K,8890,6787719,"Angus McSix is an international power metal band formed by Swiss singer Thomas Winkler and German producer, vocalist and guitarist Sebastian ""Seeb"" Levermann. The debut studio album, Angus McSix and the Sword of Power, was released on 21 April 2023 through Napalm Records. The band members each embody a character in the concept story told through this album.

From Wikipedia (",5,2,8,10,,,,,,,,,,,4:27,267,MUSIC_VIDEO_TYPE_OMV,2646627,,ytmusicapi player response videoDetails.viewCount,,,Not exposed by this YouTube Music endpoint; official YouTube Data API credentials are required.,Music,2023-01-19T07:00:19-08:00,2023-01-19T07:00:19-08:00,Napalm Records,UCG7AaCh_CiG6pq_rRDNw72A,http://www.youtube.com/@napalmrecords,249,AD;AE;AF;AG;AI;AL;AM;AO;AQ;AR;AS;AT;AU;AW;AX;AZ;BA;BB;BD;BE;BF;BG;BH;BI;BJ;BL;BM;BN;BO;BQ;BR;BS;BT;BV;BW;BY;BZ;CA;CC;CD;CF;CG;CH;CI;CK;CL;CM;CN;CO;CR;CU;CV;CW;CX;CY;CZ;DE;DJ;DK;DM;DO;DZ;EC;EE;EG;EH;ER;ES;ET;FI;FJ;FK;FM;FO;FR;GA;GB;GD;GE;GF;GG;GH;GI;GL;GM;GN;GP;GQ;GR;GS;GT;GU;GW;GY;HK;HM;HN;HR;HT;HU;ID;IE;IL;IM;IN;IO;IQ;IR;IS;IT;JE;JM;JO;JP;KE;KG;KH;KI;KM;KN;KP;KR;KW;KY;KZ;LA;LB;LC;LI;LK;LR;LS;LT;LU;LV;LY;MA;MC;MD;ME;MF;MG;MH;MK;ML;MM;MN;MO;MP;MQ;MR;MS;MT;MU;MV;MW;MX;MY;MZ;NA;NC;NE;NF;NG;NI;NL;NO;NP;NR;NU;NZ;OM;PA;PE;PF;PG;PH;PK;PL;PM;PN;PR;PS;PT;PW;PY;QA;RE;RO;RS;RU;RW;SA;SB;SC;SD;SE;SG;SH;SI;SJ;SK;SL;SM;SN;SO;SR;SS;ST;SV;SX;SY;SZ;TC;TD;TF;TG;TH;TJ;TK;TL;TM;TN;TO;TR;TT;TV;TW;TZ;UA;UG;UM;US;UY;UZ;VA;VC;VE;VG;VI;VN;VU;WF;WS;YE;YT;ZA;ZM;ZW,"Distribution availability, not artist nationality or audience geography.",napalm records,https://music.youtube.com/watch?v=i3u_JGmq5Fs,True,False,False,True,False,False,True,True,False,,OK,True,INDIFFERENT,False,https://i.ytimg.com/vi/i3u_JGmq5Fs/maxresdefault.jpg,"[{""url"": ""https://i.ytimg.com/vi/i3u_JGmq5Fs/hqdefault.jpg?sqp=-oaymwEWCJADEOEBIAQqCggAEOADGC0guwJIWg&rs=AMzJL3mo4BzaYBRm27ykmwJA9hLnts5T6Q"", ""width"": 400, ""height"": 225}]",,,missing album browse id,YouTube Music internal web API via ytmusicapi; personalized playlist fetched with named auth profile.,14.0,55.0,6.422692739,cumulative views of the exact recommended YouTube video,2646627,6.422692739,High,High,"Frozen 83-song candidate pool captured 2026-06-29T19:44:09+00:00; Low <=7,505; lower buffer 7,506-19,756; Middle 19,757-243,792; upper buffer 243,793-1,223,809; High >=1,223,810 views.","Use view_count or popularity_log10_view_count for comparisons across users, weeks, and the original playlist. Do not use the within-Discover-Mix rank or percentile for cross-playlist comparisons because those are recalculated separately inside every 30-song mix.",Popularity is for the exact recommended video ID. Report or control video_type because this item is MUSIC_VIDEO_TYPE_OMV; ATV denotes an Art Track and OMV an official music video.
2026-08-24T12:43:12+00:00,user_09,Aygun Karca,Discover Mix,RDTMAK5uy_n_5IN6hzAOwdCnM8D8rzrs3vDl12UcZpA,https://music.youtube.com/playlist?list=RDTMAK5uy_n_5IN6hzAOwdCnM8D8rzrs3vDl12UcZpA,,,200,30,30,Collector records only the first 30 tracks. YouTube Music's browse response may still include more tracks in the raw API payload.,,52455,"Discover great music, picked just for you. Always updating.",5,1zN7J64IeBo,https://music.youtube.com/watch?v=1zN7J64IeBo,https://www.youtube.com/watch?v=1zN7J64IeBo,Army of the Night (The Monumental Mass),Powerwolf,UC9LO_ioQYQay7CrsbacNqBQ,"[{""id"": ""UC9LO_ioQYQay7CrsbacNqBQ"", ""name"": ""Powerwolf"", ""subscribers_display"": ""437K"", ""subscribers_approx"": 437000, ""channel_views"": 352940977, ""description"": ""Powerwolf is a German power metal band founded in 2004 in Saarbrücken by members of Red Aim. The band consists of vocalist Karsten Brill as \""Attila Dorn\"", lead guitarist Benjamin Buss as \""Matthew Greywolf\"", bassist/rhythm guitarist David Vogt as \""Charles Greywolf\"", keyboardist Christian Jost as \""Falk Maria Schlegel\"" and drummer Roel van Helden. The group uses religious themes and images, contrary to traditional power metal music, as well as corpse paint, gothic-tinged compositions and songs about werewolf and vampire legends.\nThey released their debut album, Return in Bloodred, in 2005. Their second album, Lupus Dei, was released in 2007. The band entered the official German charts for the first time in 2009 with their third album, Bible of the Beast. Shortly after its release, their first drummer Stefan Gemballa left the band. He was replaced by Tom Diener, who was replaced in 2011 by Roel van Helden. In the same year, the band released their fourth album, Blood of the Saints. In 2012, Powerwolf signed with Napalm Records and released Preachers of the Night in 2013. It has debuted at No. 1 in Germany.\n\nFrom Wikipedia ("", ""song_shelf_count"": 5, ""album_shelf_count"": 10, ""single_shelf_count"": 10, ""video_shelf_count"": 10, ""lookup_error"": """"}]",UC9LO_ioQYQay7CrsbacNqBQ,Powerwolf,437K,437000,352940977,"Powerwolf is a German power metal band founded in 2004 in Saarbrücken by members of Red Aim. The band consists of vocalist Karsten Brill as ""Attila Dorn"", lead guitarist Benjamin Buss as ""Matthew Greywolf"", bassist/rhythm guitarist David Vogt as ""Charles Greywolf"", keyboardist Christian Jost as ""Falk Maria Schlegel"" and drummer Roel van Helden. The group uses religious themes and images, contrary to traditional power metal music, as well as corpse paint, gothic-tinged compositions and songs about werewolf and vampire legends.
They released their debut album, Return in Bloodred, in 2005. Their second album, Lupus Dei, was released in 2007. The band entered the official German charts for the first time in 2009 with their third album, Bible of the Beast. Shortly after its release, their first drummer Stefan Gemballa left the band. He was replaced by Tom Diener, who was replaced in 2011 by Roel van Helden. In the same year, the band released their fourth album, Blood of the Saints. In 2012, Powerwolf signed with Napalm Records and released Preachers of the Night in 2013. It has debuted at No. 1 in Germany.

From Wikipedia (",5,10,10,10,,,,,,,,,,,3:45,225,MUSIC_VIDEO_TYPE_OMV,34094729,,ytmusicapi player response videoDetails.viewCount,,,Not exposed by this YouTube Music endpoint; official YouTube Data API credentials are required.,People & Blogs,2015-06-26T05:22:14-07:00,2015-06-26T05:22:14-07:00,Napalm Records,UCG7AaCh_CiG6pq_rRDNw72A,http://www.youtube.com/@napalmrecords,249,AD;AE;AF;AG;AI;AL;AM;AO;AQ;AR;AS;AT;AU;AW;AX;AZ;BA;BB;BD;BE;BF;BG;BH;BI;BJ;BL;BM;BN;BO;BQ;BR;BS;BT;BV;BW;BY;BZ;CA;CC;CD;CF;CG;CH;CI;CK;CL;CM;CN;CO;CR;CU;CV;CW;CX;CY;CZ;DE;DJ;DK;DM;DO;DZ;EC;EE;EG;EH;ER;ES;ET;FI;FJ;FK;FM;FO;FR;GA;GB;GD;GE;GF;GG;GH;GI;GL;GM;GN;GP;GQ;GR;GS;GT;GU;GW;GY;HK;HM;HN;HR;HT;HU;ID;IE;IL;IM;IN;IO;IQ;IR;IS;IT;JE;JM;JO;JP;KE;KG;KH;KI;KM;KN;KP;KR;KW;KY;KZ;LA;LB;LC;LI;LK;LR;LS;LT;LU;LV;LY;MA;MC;MD;ME;MF;MG;MH;MK;ML;MM;MN;MO;MP;MQ;MR;MS;MT;MU;MV;MW;MX;MY;MZ;NA;NC;NE;NF;NG;NI;NL;NO;NP;NR;NU;NZ;OM;PA;PE;PF;PG;PH;PK;PL;PM;PN;PR;PS;PT;PW;PY;QA;RE;RO;RS;RU;RW;SA;SB;SC;SD;SE;SG;SH;SI;SJ;SK;SL;SM;SN;SO;SR;SS;ST;SV;SX;SY;SZ;TC;TD;TF;TG;TH;TJ;TK;TL;TM;TN;TO;TR;TT;TV;TW;TZ;UA;UG;UM;US;UY;UZ;VA;VC;VE;VG;VI;VN;VU;WF;WS;YE;YT;ZA;ZM;ZW,"Distribution availability, not artist nationality or audience geography.",Napalm; Records; Channel; Powerwolf (Musical Group); Army Of The Night; Napalm Records (Record Label); Metal; Official; Heavy Metal (Musical Genre); Power Metal (Musical Genre); blessed & possessed; attila; armata strigoi; romanian,https://music.youtube.com/watch?v=1zN7J64IeBo,True,False,False,True,False,False,True,True,False,,OK,True,INDIFFERENT,False,https://i.ytimg.com/vi/1zN7J64IeBo/maxresdefault.jpg?sqp=-oaymwEmCIAKENAF8quKqQMa8AEB-AH-CYAC0AWKAgwIABABGEIgSShlMA8=&rs=AOn4CLDRYCeyW49ZFpRMakHRf-TzG3k3Xg,"[{""url"": ""https://i.ytimg.com/vi/1zN7J64IeBo/hqdefault.jpg?sqp=-oaymwEWCJADEOEBIAQqCggAEOADGC0guwJIWg&rs=AMzJL3mOqwYD3Qs_h8Ttt7_p1mf0SEQ7CQ"", ""width"": 400, ""height"": 225}]",,,missing album browse id,YouTube Music internal web API via ytmusicapi; personalized playlist fetched with named auth profile.,4.0,88.333333,7.532687243,cumulative views of the exact recommended YouTube video,34094729,7.532687243,High,High,"Frozen 83-song candidate pool captured 2026-06-29T19:44:09+00:00; Low <=7,505; lower buffer 7,506-19,756; Middle 19,757-243,792; upper buffer 243,793-1,223,809; High >=1,223,810 views.","Use view_count or popularity_log10_view_count for comparisons across users, weeks, and the original playlist. Do not use the within-Discover-Mix rank or percentile for cross-playlist comparisons because those are recalculated separately inside every 30-song mix.",Popularity is for the exact recommended video ID. Report or control video_type because this item is MUSIC_VIDEO_TYPE_OMV; ATV denotes an Art Track and OMV an official music video.
2026-08-24T12:43:12+00:00,user_09,Aygun Karca,Discover Mix,RDTMAK5uy_n_5IN6hzAOwdCnM8D8rzrs3vDl12UcZpA,https://music.youtube.com/playlist?list=RDTMAK5uy_n_5IN6hzAOwdCnM8D8rzrs3vDl12UcZpA,,,200,30,30,Collector records only the first 30 tracks. YouTube Music's browse response may still include more tracks in the raw API payload.,,52455,"Discover great music, picked just for you. Always updating.",6,l7FdL1LArWo,https://music.youtube.com/watch?v=l7FdL1LArWo,https://www.youtube.com/watch?v=l7FdL1LArWo,Die with a Sword in My Hand,Gloryhammer,UCPGTSBEsBiITt6ZaniWufag,"[{""id"": ""UCPGTSBEsBiITt6ZaniWufag"", ""name"": ""Gloryhammer"", ""subscribers_display"": ""54.7K"", ""subscribers_approx"": 54700, ""channel_views"": 69463671, ""description"": ""Gloryhammer are a British power metal band founded by keyboardist Christopher Bowes, lead vocalist of the band Alestorm. Each member of the band represents a character in the story concept. Band members appear on stage in armour and costumes to represent their respective characters.\n\nFrom Wikipedia ("", ""song_shelf_count"": 5, ""album_shelf_count"": 4, ""single_shelf_count"": 10, ""video_shelf_count"": 10, ""lookup_error"": """"}]",UCPGTSBEsBiITt6ZaniWufag,Gloryhammer,54.7K,54700,69463671,"Gloryhammer are a British power metal band founded by keyboardist Christopher Bowes, lead vocalist of the band Alestorm. Each member of the band represents a character in the story concept. Band members appear on stage in armour and costumes to represent their respective characters.

From Wikipedia (",5,4,10,10,,,,,,,,,,,4:19,259,MUSIC_VIDEO_TYPE_OMV,326784,,ytmusicapi player response videoDetails.viewCount,,,Not exposed by this YouTube Music endpoint; official YouTube Data API credentials are required.,Music,2026-08-13T07:00:02-07:00,2026-08-13T07:00:02-07:00,Napalm Records,UCG7AaCh_CiG6pq_rRDNw72A,http://www.youtube.com/@napalmrecords,249,AD;AE;AF;AG;AI;AL;AM;AO;AQ;AR;AS;AT;AU;AW;AX;AZ;BA;BB;BD;BE;BF;BG;BH;BI;BJ;BL;BM;BN;BO;BQ;BR;BS;BT;BV;BW;BY;BZ;CA;CC;CD;CF;CG;CH;CI;CK;CL;CM;CN;CO;CR;CU;CV;CW;CX;CY;CZ;DE;DJ;DK;DM;DO;DZ;EC;EE;EG;EH;ER;ES;ET;FI;FJ;FK;FM;FO;FR;GA;GB;GD;GE;GF;GG;GH;GI;GL;GM;GN;GP;GQ;GR;GS;GT;GU;GW;GY;HK;HM;HN;HR;HT;HU;ID;IE;IL;IM;IN;IO;IQ;IR;IS;IT;JE;JM;JO;JP;KE;KG;KH;KI;KM;KN;KP;KR;KW;KY;KZ;LA;LB;LC;LI;LK;LR;LS;LT;LU;LV;LY;MA;MC;MD;ME;MF;MG;MH;MK;ML;MM;MN;MO;MP;MQ;MR;MS;MT;MU;MV;MW;MX;MY;MZ;NA;NC;NE;NF;NG;NI;NL;NO;NP;NR;NU;NZ;OM;PA;PE;PF;PG;PH;PK;PL;PM;PN;PR;PS;PT;PW;PY;QA;RE;RO;RS;RU;RW;SA;SB;SC;SD;SE;SG;SH;SI;SJ;SK;SL;SM;SN;SO;SR;SS;ST;SV;SX;SY;SZ;TC;TD;TF;TG;TH;TJ;TK;TL;TM;TN;TO;TR;TT;TV;TW;TZ;UA;UG;UM;US;UY;UZ;VA;VC;VE;VG;VI;VN;VU;WF;WS;YE;YT;ZA;ZM;ZW,"Distribution availability, not artist nationality or audience geography.",napalm records,https://music.youtube.com/watch?v=l7FdL1LArWo,True,False,False,True,False,False,True,True,False,,OK,True,INDIFFERENT,False,https://i.ytimg.com/vi/l7FdL1LArWo/maxresdefault.jpg,"[{""url"": ""https://i.ytimg.com/vi/l7FdL1LArWo/hqdefault.jpg?sqp=-oaymwEWCJADEOEBIAQqCggAEOADGC0guwJIWg&rs=AMzJL3lk2yFvkSMdSh2WqxO87CAaKF77ZA"", ""width"": 400, ""height"": 225}]",,,missing album browse id,YouTube Music internal web API via ytmusicapi; personalized playlist fetched with named auth profile.,22.0,28.333333,5.514260784,cumulative views of the exact recommended YouTube video,326784,5.514260784,Upper buffer,Buffer,"Frozen 83-song candidate pool captured 2026-06-29T19:44:09+00:00; Low <=7,505; lower buffer 7,506-19,756; Middle 19,757-243,792; upper buffer 243,793-1,223,809; High >=1,223,810 views.","Use view_count or popularity_log10_view_count for comparisons across users, weeks, and the original playlist. Do not use the within-Discover-Mix rank or percentile for cross-playlist comparisons because those are recalculated separately inside every 30-song mix.",Popularity is for the exact recommended video ID. Report or control video_type because this item is MUSIC_VIDEO_TYPE_OMV; ATV denotes an Art Track and OMV an official music video.
2026-08-24T12:43:12+00:00,user_09,Aygun Karca,Discover Mix,RDTMAK5uy_n_5IN6hzAOwdCnM8D8rzrs3vDl12UcZpA,https://music.youtube.com/playlist?list=RDTMAK5uy_n_5IN6hzAOwdCnM8D8rzrs3vDl12UcZpA,,,200,30,30,Collector records only the first 30 tracks. YouTube Music's browse response may still include more tracks in the raw API payload.,,52455,"Discover great music, picked just for you. Always updating.",7,TP9mSAUSvdU,https://music.youtube.com/watch?v=TP9mSAUSvdU,https://www.youtube.com/watch?v=TP9mSAUSvdU,4000 Rainy Nights,Stratovarius,UCrmWShE1Kjc31dCC5g2Ti2w,"[{""id"": ""UCrmWShE1Kjc31dCC5g2Ti2w"", ""name"": ""Stratovarius"", ""subscribers_display"": ""179K"", ""subscribers_approx"": 179000, ""channel_views"": 55036966, ""description"": ""Stratovarius is a Finnish power metal band formed in 1984. They have released sixteen studio albums, six DVDs, and six live albums. The band's line-up has changed many times, with no founding member left since the departure of drummer Tuomo Lassila in 1995, and no member from their early recording days left following guitarist Timo Tolkki's departure in 2008. Currently, the longest standing member is singer Timo Kotipelto, who joined in 1994.\nThe band was founded in August 1984 as Black Water, consisting of Lassila as singer and drummer, guitarist Staffan Stråhlman, bassist John Vihervä, and, later, keyboardist Antti Ikonen. In Summer 1985, the band changed its name to Stratovarius, which was soon followed by line-up changes. Tolkki replaced Stråhlman and with this line-up, the band released its first album Fright Night in 1989, with Tolkki as sole songwriter. While going through many bassists, the band released the albums Twilight Time in 1992 and Dreamspace in 1994. In 1994, Kotipelto replaced Tolkki as lead vocalist, and after the release of Fourth Dimension in 1995, Lassila and Ikonen left the band and were replaced by Jörg Michael and Jens Johansson respectively.\n\nFrom Wikipedia ("", ""song_shelf_count"": 5, ""album_shelf_count"": 10, ""single_shelf_count"": 8, ""video_shelf_count"": 10, ""lookup_error"": """"}]",UCrmWShE1Kjc31dCC5g2Ti2w,Stratovarius,179K,179000,55036966,"Stratovarius is a Finnish power metal band formed in 1984. They have released sixteen studio albums, six DVDs, and six live albums. The band's line-up has changed many times, with no founding member left since the departure of drummer Tuomo Lassila in 1995, and no member from their early recording days left following guitarist Timo Tolkki's departure in 2008. Currently, the longest standing member is singer Timo Kotipelto, who joined in 1994.
The band was founded in August 1984 as Black Water, consisting of Lassila as singer and drummer, guitarist Staffan Stråhlman, bassist John Vihervä, and, later, keyboardist Antti Ikonen. In Summer 1985, the band changed its name to Stratovarius, which was soon followed by line-up changes. Tolkki replaced Stråhlman and with this line-up, the band released its first album Fright Night in 1989, with Tolkki as sole songwriter. While going through many bassists, the band released the albums Twilight Time in 1992 and Dreamspace in 1994. In 1994, Kotipelto replaced Tolkki as lead vocalist, and after the release of Fourth Dimension in 1995, Lassila and Ikonen left the band and were replaced by Jörg Michael and Jens Johansson respectively.

From Wikipedia (",5,10,8,10,MPREb_3YVRtGftniz,Destiny (2016 Remastered Version),Album,1998,22,"2 hours, 6 minutes",7595,OLAK5uy_nFTdk-KedWO1sKNRR-YQs-nsAN00aRab4,Stratovarius,,6:00,360,MUSIC_VIDEO_TYPE_ATV,110719,,ytmusicapi player response videoDetails.viewCount,,,Not exposed by this YouTube Music endpoint; official YouTube Data API credentials are required.,Music,2026-01-26T03:41:57-08:00,2026-01-26T03:41:57-08:00,Stratovarius - Topic,UCrmWShE1Kjc31dCC5g2Ti2w,http://www.youtube.com/channel/UCrmWShE1Kjc31dCC5g2Ti2w,114,AE;AR;AS;AT;AU;AW;AZ;BA;BD;BE;BG;BH;BM;BO;BR;BY;CA;CH;CL;CO;CR;CY;CZ;DE;DK;DO;DZ;EC;EE;EG;ES;FI;FR;GB;GE;GF;GH;GP;GR;GT;GU;HK;HN;HR;HU;IE;IL;IN;IQ;IS;IT;JM;JO;KE;KH;KW;KY;KZ;LB;LI;LK;LT;LU;LV;LY;MA;MK;MP;MQ;MT;MX;NC;NG;NI;NL;NO;NP;NZ;OM;PA;PE;PF;PG;PH;PK;PL;PR;PT;PY;QA;RE;RO;RS;RU;SA;SE;SI;SK;SN;SV;TC;TN;TR;TZ;UA;UG;US;UY;VE;VI;YE;YT;ZA;ZW,"Distribution availability, not artist nationality or audience geography.",Stratovarius; Destiny; 4000 Rainy Nights,https://music.youtube.com/watch?v=TP9mSAUSvdU,True,False,False,True,False,False,True,True,False,False,OK,True,INDIFFERENT,False,https://i.ytimg.com/vi/TP9mSAUSvdU/maxresdefault.jpg,"[{""url"": ""https://yt3.googleusercontent.com/IPVzWDgUAQ29_z8D6UoIZFiIw4VVFAO-EpCwNNOjQb-C7ZdzK83vcageSGBuaYRosYnAStkIkRXzjFHD=w60-h60-l90-rj"", ""width"": 60, ""height"": 60}, {""url"": ""https://yt3.googleusercontent.com/IPVzWDgUAQ29_z8D6UoIZFiIw4VVFAO-EpCwNNOjQb-C7ZdzK83vcageSGBuaYRosYnAStkIkRXzjFHD=w120-h120-l90-rj"", ""width"": 120, ""height"": 120}]",,,,YouTube Music internal web API via ytmusicapi; personalized playlist fetched with named auth profile.,28.0,8.333333,5.044222155,cumulative views of the exact recommended YouTube video,110719,5.044222155,Middle,Middle,"Frozen 83-song candidate pool captured 2026-06-29T19:44:09+00:00; Low <=7,505; lower buffer 7,506-19,756; Middle 19,757-243,792; upper buffer 243,793-1,223,809; High >=1,223,810 views.","Use view_count or popularity_log10_view_count for comparisons across users, weeks, and the original playlist. Do not use the within-Discover-Mix rank or percentile for cross-playlist comparisons because those are recalculated separately inside every 30-song mix.",Popularity is for the exact recommended video ID. Report or control video_type because this item is MUSIC_VIDEO_TYPE_ATV; ATV denotes an Art Track and OMV an official music video.
2026-08-24T12:43:12+00:00,user_09,Aygun Karca,Discover Mix,RDTMAK5uy_n_5IN6hzAOwdCnM8D8rzrs3vDl12UcZpA,https://music.youtube.com/playlist?list=RDTMAK5uy_n_5IN6hzAOwdCnM8D8rzrs3vDl12UcZpA,,,200,30,30,Collector records only the first 30 tracks. YouTube Music's browse response may still include more tracks in the raw API payload.,,52455,"Discover great music, picked just for you. Always updating.",8,UQ4uyq3GU1w,https://music.youtube.com/watch?v=UQ4uyq3GU1w,https://www.youtube.com/watch?v=UQ4uyq3GU1w,Heartless Madness,Dynazty,UC1_8sQRmjjw7YI2Bk-Kr_tA,"[{""id"": ""UC1_8sQRmjjw7YI2Bk-Kr_tA"", ""name"": ""Dynazty"", ""subscribers_display"": ""42.3K"", ""subscribers_approx"": 42300, ""channel_views"": 46949242, ""description"": ""Formed in 2008, Dynazty has over the years evolved from it’s humble beginnings rooted in the Scandinavian Hard Rock scene into now being a powerhouse and formidable force to be reckoned with on the top shelf of the modern melodic metal scene.\n\nCareer milestones include the 2020 chart breaking album The Dark Delight, certified for gold status in the bands home country Sweden and neighbors Finland. With single tracks Heartless Madness reaching platinum status.\n\nTours in recent years together with bands like Sabaton, Powerwolf, Battle Beast, Pain and Kissin' Dynamite have showcased and established the band on the European continent as one of the most prominent live acts of it’s generation.\n\nReleased on February 14th 2025, brand new album \""Game of Faces\"" is doubling down on punch and ferocity together with the band’s trademark attention to songwriting and production detail.\n\nProduced by Dynazty themselves and mixed by swedish pioneer Jens Bogren, Game of Faces takes you on a journey exploring the essence of the human mind and existance with lyrical themes such as self discovery, spiritual death, rebirth and re-invention in Die to Survive, Fire to Fight and Fortune Favors the Brave.\nWhile taking on the duality and deceptive nature of human kind in the eponymous title track, the album’s opener Call of The Night and first single release Devilry of Ecstasy."", ""song_shelf_count"": 5, ""album_shelf_count"": 9, ""single_shelf_count"": 10, ""video_shelf_count"": 10, ""lookup_error"": """"}]",UC1_8sQRmjjw7YI2Bk-Kr_tA,Dynazty,42.3K,42300,46949242,"Formed in 2008, Dynazty has over the years evolved from it’s humble beginnings rooted in the Scandinavian Hard Rock scene into now being a powerhouse and formidable force to be reckoned with on the top shelf of the modern melodic metal scene.

Career milestones include the 2020 chart breaking album The Dark Delight, certified for gold status in the bands home country Sweden and neighbors Finland. With single tracks Heartless Madness reaching platinum status.

Tours in recent years together with bands like Sabaton, Powerwolf, Battle Beast, Pain and Kissin' Dynamite have showcased and established the band on the European continent as one of the most prominent live acts of it’s generation.

Released on February 14th 2025, brand new album ""Game of Faces"" is doubling down on punch and ferocity together with the band’s trademark attention to songwriting and production detail.

Produced by Dynazty themselves and mixed by swedish pioneer Jens Bogren, Game of Faces takes you on a journey exploring the essence of the human mind and existance with lyrical themes such as self discovery, spiritual death, rebirth and re-invention in Die to Survive, Fire to Fight and Fortune Favors the Brave.
While taking on the duality and deceptive nature of human kind in the eponymous title track, the album’s opener Call of The Night and first single release Devilry of Ecstasy.",5,9,10,10,,,,,,,,,,,4:09,249,MUSIC_VIDEO_TYPE_OMV,6379132,,ytmusicapi player response videoDetails.viewCount,,,Not exposed by this YouTube Music endpoint; official YouTube Data API credentials are required.,Music,2020-02-28T03:02:07-08:00,2020-02-28T03:02:07-08:00,AFM Records,UCKdA5J4-opjla1aWOjF74mg,http://www.youtube.com/@afmrecords,249,AD;AE;AF;AG;AI;AL;AM;AO;AQ;AR;AS;AT;AU;AW;AX;AZ;BA;BB;BD;BE;BF;BG;BH;BI;BJ;BL;BM;BN;BO;BQ;BR;BS;BT;BV;BW;BY;BZ;CA;CC;CD;CF;CG;CH;CI;CK;CL;CM;CN;CO;CR;CU;CV;CW;CX;CY;CZ;DE;DJ;DK;DM;DO;DZ;EC;EE;EG;EH;ER;ES;ET;FI;FJ;FK;FM;FO;FR;GA;GB;GD;GE;GF;GG;GH;GI;GL;GM;GN;GP;GQ;GR;GS;GT;GU;GW;GY;HK;HM;HN;HR;HT;HU;ID;IE;IL;IM;IN;IO;IQ;IR;IS;IT;JE;JM;JO;JP;KE;KG;KH;KI;KM;KN;KP;KR;KW;KY;KZ;LA;LB;LC;LI;LK;LR;LS;LT;LU;LV;LY;MA;MC;MD;ME;MF;MG;MH;MK;ML;MM;MN;MO;MP;MQ;MR;MS;MT;MU;MV;MW;MX;MY;MZ;NA;NC;NE;NF;NG;NI;NL;NO;NP;NR;NU;NZ;OM;PA;PE;PF;PG;PH;PK;PL;PM;PN;PR;PS;PT;PW;PY;QA;RE;RO;RS;RU;RW;SA;SB;SC;SD;SE;SG;SH;SI;SJ;SK;SL;SM;SN;SO;SR;SS;ST;SV;SX;SY;SZ;TC;TD;TF;TG;TH;TJ;TK;TL;TM;TN;TO;TR;TT;TV;TW;TZ;UA;UG;UM;US;UY;UZ;VA;VC;VE;VG;VI;VN;VU;WF;WS;YE;YT;ZA;ZM;ZW,"Distribution availability, not artist nationality or audience geography.",afmrecords; AFM; Records; heavymetal; powermetal; official; musicvideo; music; metal; clip,https://music.youtube.com/watch?v=UQ4uyq3GU1w,True,False,False,True,False,False,True,True,False,,OK,True,INDIFFERENT,False,https://i.ytimg.com/vi/UQ4uyq3GU1w/maxresdefault.jpg,"[{""url"": ""https://i.ytimg.com/vi/UQ4uyq3GU1w/hqdefault.jpg?sqp=-oaymwEWCJADEOEBIAQqCggAEOADGC0guwJIWg&rs=AMzJL3mYZkJRRBZStIfUBZFu8O1w2ksyNw"", ""width"": 400, ""height"": 225}]",,,missing album browse id,YouTube Music internal web API via ytmusicapi; personalized playlist fetched with named auth profile.,9.0,71.666667,6.804761589,cumulative views of the exact recommended YouTube video,6379132,6.804761589,High,High,"Frozen 83-song candidate pool captured 2026-06-29T19:44:09+00:00; Low <=7,505; lower buffer 7,506-19,756; Middle 19,757-243,792; upper buffer 243,793-1,223,809; High >=1,223,810 views.","Use view_count or popularity_log10_view_count for comparisons across users, weeks, and the original playlist. Do not use the within-Discover-Mix rank or percentile for cross-playlist comparisons because those are recalculated separately inside every 30-song mix.",Popularity is for the exact recommended video ID. Report or control video_type because this item is MUSIC_VIDEO_TYPE_OMV; ATV denotes an Art Track and OMV an official music video.
2026-08-24T12:43:12+00:00,user_09,Aygun Karca,Discover Mix,RDTMAK5uy_n_5IN6hzAOwdCnM8D8rzrs3vDl12UcZpA,https://music.youtube.com/playlist?list=RDTMAK5uy_n_5IN6hzAOwdCnM8D8rzrs3vDl12UcZpA,,,200,30,30,Collector records only the first 30 tracks. YouTube Music's browse response may still include more tracks in the raw API payload.,,52455,"Discover great music, picked just for you. Always updating.",9,SxOybZcRXhI,https://music.youtube.com/watch?v=SxOybZcRXhI,https://www.youtube.com/watch?v=SxOybZcRXhI,The Nexus,Amaranthe,UClXbyJ6lJGR3VVkLSVRmdOQ,"[{""id"": ""UClXbyJ6lJGR3VVkLSVRmdOQ"", ""name"": ""Amaranthe"", ""subscribers_display"": ""403K"", ""subscribers_approx"": 403000, ""channel_views"": 309003639, ""description"": ""Amaranthe is a Swedish heavy metal band originally known as Avalanche. The band is notable for their blend of various metal genres and having three lead vocalists.\n\nFrom Wikipedia ("", ""song_shelf_count"": 5, ""album_shelf_count"": 10, ""single_shelf_count"": 10, ""video_shelf_count"": 10, ""lookup_error"": """"}]",UClXbyJ6lJGR3VVkLSVRmdOQ,Amaranthe,403K,403000,309003639,"Amaranthe is a Swedish heavy metal band originally known as Avalanche. The band is notable for their blend of various metal genres and having three lead vocalists.

From Wikipedia (",5,10,10,10,,,,,,,,,,,4:27,267,MUSIC_VIDEO_TYPE_OMV,36820243,,ytmusicapi player response videoDetails.viewCount,,,Not exposed by this YouTube Music endpoint; official YouTube Data API credentials are required.,Music,2013-01-25T03:00:28-08:00,2013-01-25T03:00:28-08:00,AmarantheMusicVEVO,UCaB54U9wiuhoWVOPlLxZcsg,http://www.youtube.com/@AmarantheMusicVEVO,249,AD;AE;AF;AG;AI;AL;AM;AO;AQ;AR;AS;AT;AU;AW;AX;AZ;BA;BB;BD;BE;BF;BG;BH;BI;BJ;BL;BM;BN;BO;BQ;BR;BS;BT;BV;BW;BY;BZ;CA;CC;CD;CF;CG;CH;CI;CK;CL;CM;CN;CO;CR;CU;CV;CW;CX;CY;CZ;DE;DJ;DK;DM;DO;DZ;EC;EE;EG;EH;ER;ES;ET;FI;FJ;FK;FM;FO;FR;GA;GB;GD;GE;GF;GG;GH;GI;GL;GM;GN;GP;GQ;GR;GS;GT;GU;GW;GY;HK;HM;HN;HR;HT;HU;ID;IE;IL;IM;IN;IO;IQ;IR;IS;IT;JE;JM;JO;JP;KE;KG;KH;KI;KM;KN;KP;KR;KW;KY;KZ;LA;LB;LC;LI;LK;LR;LS;LT;LU;LV;LY;MA;MC;MD;ME;MF;MG;MH;MK;ML;MM;MN;MO;MP;MQ;MR;MS;MT;MU;MV;MW;MX;MY;MZ;NA;NC;NE;NF;NG;NI;NL;NO;NP;NR;NU;NZ;OM;PA;PE;PF;PG;PH;PK;PL;PM;PN;PR;PS;PT;PW;PY;QA;RE;RO;RS;RU;RW;SA;SB;SC;SD;SE;SG;SH;SI;SJ;SK;SL;SM;SN;SO;SR;SS;ST;SV;SX;SY;SZ;TC;TD;TF;TG;TH;TJ;TK;TL;TM;TN;TO;TR;TT;TV;TW;TZ;UA;UG;UM;US;UY;UZ;VA;VC;VE;VG;VI;VN;VU;WF;WS;YE;YT;ZA;ZM;ZW,"Distribution availability, not artist nationality or audience geography.",Amaranthe; The; Nexus; Spinefarm; Records; Metal; the nexus; vevo; veov music; vevo playlist,https://music.youtube.com/watch?v=SxOybZcRXhI,True,False,False,True,False,False,True,True,False,,OK,True,INDIFFERENT,False,https://i.ytimg.com/vi/SxOybZcRXhI/maxresdefault.jpg,"[{""url"": ""https://i.ytimg.com/vi/SxOybZcRXhI/hqdefault.jpg?sqp=-oaymwEWCJADEOEBIAQqCggAEOADGC0guwJIWg&rs=AMzJL3kgACtcJkqao8i-vsueNpB6mNXCNA"", ""width"": 400, ""height"": 225}]",,,missing album browse id,YouTube Music internal web API via ytmusicapi; personalized playlist fetched with named auth profile.,3.0,91.666667,7.56608665,cumulative views of the exact recommended YouTube video,36820243,7.56608665,High,High,"Frozen 83-song candidate pool captured 2026-06-29T19:44:09+00:00; Low <=7,505; lower buffer 7,506-19,756; Middle 19,757-243,792; upper buffer 243,793-1,223,809; High >=1,223,810 views.","Use view_count or popularity_log10_view_count for comparisons across users, weeks, and the original playlist. Do not use the within-Discover-Mix rank or percentile for cross-playlist comparisons because those are recalculated separately inside every 30-song mix.",Popularity is for the exact recommended video ID. Report or control video_type because this item is MUSIC_VIDEO_TYPE_OMV; ATV denotes an Art Track and OMV an official music video.
2026-08-24T12:43:12+00:00,user_09,Aygun Karca,Discover Mix,RDTMAK5uy_n_5IN6hzAOwdCnM8D8rzrs3vDl12UcZpA,https://music.youtube.com/playlist?list=RDTMAK5uy_n_5IN6hzAOwdCnM8D8rzrs3vDl12UcZpA,,,200,30,30,Collector records only the first 30 tracks. YouTube Music's browse response may still include more tracks in the raw API payload.,,52455,"Discover great music, picked just for you. Always updating.",10,TEJJSeQm49c,https://music.youtube.com/watch?v=TEJJSeQm49c,https://www.youtube.com/watch?v=TEJJSeQm49c,Circle of Stone,Blaze Bayley,UCFWnaaPfunkgp49YYWhfBpw,"[{""id"": ""UCFWnaaPfunkgp49YYWhfBpw"", ""name"": ""Blaze Bayley"", ""subscribers_display"": ""4.47K"", ""subscribers_approx"": 4470, ""channel_views"": 4180060, ""description"": ""Blaze Bayley is an English heavy metal singer. He was the lead singer of Wolfsbane from 1984 to 1994. He was also the lead singer of Iron Maiden from 1994 to 1999. Since then, he has pursued a solo career and has released eleven studio albums. Blaze was voted number 67 in Sweden Rock magazine's top 100 singers of all time.\n\nFrom Wikipedia ("", ""song_shelf_count"": 5, ""album_shelf_count"": 10, ""single_shelf_count"": 10, ""video_shelf_count"": 10, ""lookup_error"": """"}]",UCFWnaaPfunkgp49YYWhfBpw,Blaze Bayley,4.47K,4470,4180060,"Blaze Bayley is an English heavy metal singer. He was the lead singer of Wolfsbane from 1984 to 1994. He was also the lead singer of Iron Maiden from 1994 to 1999. Since then, he has pursued a solo career and has released eleven studio albums. Blaze was voted number 67 in Sweden Rock magazine's top 100 singers of all time.

From Wikipedia (",5,10,10,10,,,,,,,,,,,3:32,212,MUSIC_VIDEO_TYPE_OMV,288067,,ytmusicapi player response videoDetails.viewCount,,,Not exposed by this YouTube Music endpoint; official YouTube Data API credentials are required.,Music,2024-01-10T23:03:21-08:00,2024-01-10T23:03:21-08:00,blazebayleyofficial,UC0KJuyHJ4j3g9iJM1ff24Cw,http://www.youtube.com/@blazebayley,249,AD;AE;AF;AG;AI;AL;AM;AO;AQ;AR;AS;AT;AU;AW;AX;AZ;BA;BB;BD;BE;BF;BG;BH;BI;BJ;BL;BM;BN;BO;BQ;BR;BS;BT;BV;BW;BY;BZ;CA;CC;CD;CF;CG;CH;CI;CK;CL;CM;CN;CO;CR;CU;CV;CW;CX;CY;CZ;DE;DJ;DK;DM;DO;DZ;EC;EE;EG;EH;ER;ES;ET;FI;FJ;FK;FM;FO;FR;GA;GB;GD;GE;GF;GG;GH;GI;GL;GM;GN;GP;GQ;GR;GS;GT;GU;GW;GY;HK;HM;HN;HR;HT;HU;ID;IE;IL;IM;IN;IO;IQ;IR;IS;IT;JE;JM;JO;JP;KE;KG;KH;KI;KM;KN;KP;KR;KW;KY;KZ;LA;LB;LC;LI;LK;LR;LS;LT;LU;LV;LY;MA;MC;MD;ME;MF;MG;MH;MK;ML;MM;MN;MO;MP;MQ;MR;MS;MT;MU;MV;MW;MX;MY;MZ;NA;NC;NE;NF;NG;NI;NL;NO;NP;NR;NU;NZ;OM;PA;PE;PF;PG;PH;PK;PL;PM;PN;PR;PS;PT;PW;PY;QA;RE;RO;RS;RU;RW;SA;SB;SC;SD;SE;SG;SH;SI;SJ;SK;SL;SM;SN;SO;SR;SS;ST;SV;SX;SY;SZ;TC;TD;TF;TG;TH;TJ;TK;TL;TM;TN;TO;TR;TT;TV;TW;TZ;UA;UG;UM;US;UY;UZ;VA;VC;VE;VG;VI;VN;VU;WF;WS;YE;YT;ZA;ZM;ZW,"Distribution availability, not artist nationality or audience geography.",,https://music.youtube.com/watch?v=TEJJSeQm49c,True,False,False,True,False,False,True,True,False,,OK,True,INDIFFERENT,False,https://i.ytimg.com/vi/TEJJSeQm49c/maxresdefault.jpg,"[{""url"": ""https://i.ytimg.com/vi/TEJJSeQm49c/hqdefault.jpg?sqp=-oaymwEWCJADEOEBIAQqCggAEOADGC0guwJIWg&rs=AMzJL3lqZKqnhQhWBKsloxzh5YWeuBXarA"", ""width"": 400, ""height"": 225}]",,,missing album browse id,YouTube Music internal web API via ytmusicapi; personalized playlist fetched with named auth profile.,24.0,21.666667,5.45949351,cumulative views of the exact recommended YouTube video,288067,5.45949351,Upper buffer,Buffer,"Frozen 83-song candidate pool captured 2026-06-29T19:44:09+00:00; Low <=7,505; lower buffer 7,506-19,756; Middle 19,757-243,792; upper buffer 243,793-1,223,809; High >=1,223,810 views.","Use view_count or popularity_log10_view_count for comparisons across users, weeks, and the original playlist. Do not use the within-Discover-Mix rank or percentile for cross-playlist comparisons because those are recalculated separately inside every 30-song mix.",Popularity is for the exact recommended video ID. Report or control video_type because this item is MUSIC_VIDEO_TYPE_OMV; ATV denotes an Art Track and OMV an official music video.
2026-08-24T12:43:12+00:00,user_09,Aygun Karca,Discover Mix,RDTMAK5uy_n_5IN6hzAOwdCnM8D8rzrs3vDl12UcZpA,https://music.youtube.com/playlist?list=RDTMAK5uy_n_5IN6hzAOwdCnM8D8rzrs3vDl12UcZpA,,,200,30,30,Collector records only the first 30 tracks. YouTube Music's browse response may still include more tracks in the raw API payload.,,52455,"Discover great music, picked just for you. Always updating.",11,5YYDzyucFBM,https://music.youtube.com/watch?v=5YYDzyucFBM,https://www.youtube.com/watch?v=5YYDzyucFBM,Seek & Destroy,Testament,UCAzb0gYKjvUm-WNy-tevEcw,"[{""id"": ""UCAzb0gYKjvUm-WNy-tevEcw"", ""name"": ""Testament"", ""subscribers_display"": ""194K"", ""subscribers_approx"": 194000, ""channel_views"": 102843542, ""description"": ""With every generation comes a great war. It may take years to fully reveal itself, but the seasoned warrior knows preparation is everything. Now in 2025, Bay Area thrash metal icons TESTAMENT return with their fourteenth studio album, Para Bellum, via Nuclear Blast Records. Taken from the Latin phrase Si vis pacem, para bellum—“If you want peace, prepare for war”—the album stands as both a battle cry and an observation of humanity's uneasy alliance with its own creations. As technology accelerates and disconnection grows, Para Bellum sees TESTAMENT reflecting the modern chaos through music that’s urgent, sharp, and unflinchingly human."", ""song_shelf_count"": 5, ""album_shelf_count"": 10, ""single_shelf_count"": 8, ""video_shelf_count"": 10, ""lookup_error"": """"}]",UCAzb0gYKjvUm-WNy-tevEcw,Testament,194K,194000,102843542,"With every generation comes a great war. It may take years to fully reveal itself, but the seasoned warrior knows preparation is everything. Now in 2025, Bay Area thrash metal icons TESTAMENT return with their fourteenth studio album, Para Bellum, via Nuclear Blast Records. Taken from the Latin phrase Si vis pacem, para bellum—“If you want peace, prepare for war”—the album stands as both a battle cry and an observation of humanity's uneasy alliance with its own creations. As technology accelerates and disconnection grows, Para Bellum sees TESTAMENT reflecting the modern chaos through music that’s urgent, sharp, and unflinchingly human.",5,10,8,10,MPREb_MUXKH6a6Lvc,Seek & Destroy,Single,2025,1,"6 minutes, 55 seconds",415,OLAK5uy_m_bRBwJ0HyaT-VPQV8DKhmxAUD5VzeLoE,Testament,,6:55,415,MUSIC_VIDEO_TYPE_ATV,1702500,,ytmusicapi player response videoDetails.viewCount,,,Not exposed by this YouTube Music endpoint; official YouTube Data API credentials are required.,Music,2025-10-22T07:01:56-07:00,2025-10-22T07:01:56-07:00,Testament - Topic,UCAzb0gYKjvUm-WNy-tevEcw,http://www.youtube.com/channel/UCAzb0gYKjvUm-WNy-tevEcw,121,AE;AR;AS;AT;AU;AW;AZ;BA;BD;BE;BG;BH;BM;BO;BR;CA;CH;CL;CO;CR;CY;CZ;DE;DK;DO;DZ;EC;EE;EG;ES;FI;FR;GB;GE;GF;GH;GP;GR;GT;GU;HK;HN;HR;HU;ID;IE;IL;IN;IQ;IS;IT;JM;JO;JP;KE;KH;KR;KW;KY;KZ;LA;LB;LI;LK;LT;LU;LV;LY;MA;MK;MP;MQ;MT;MX;MY;NC;NG;NI;NL;NO;NP;NZ;OM;PA;PE;PF;PG;PH;PK;PL;PR;PT;PY;QA;RE;RO;RS;SA;SE;SG;SI;SK;SN;SV;TC;TH;TN;TR;TW;TZ;UA;UG;US;UY;VE;VI;VN;YE;YT;ZA;ZW,"Distribution availability, not artist nationality or audience geography.",Testament; Seek & Destroy,https://music.youtube.com/watch?v=5YYDzyucFBM,True,False,False,True,False,False,True,True,False,False,OK,True,INDIFFERENT,False,https://i.ytimg.com/vi/5YYDzyucFBM/maxresdefault.jpg,"[{""url"": ""https://yt3.googleusercontent.com/N8w8oS8JTrm3N_W1GLGuwgraEfGWGSoflcWLsbfl6cc6bsThBmAw9ED1QnMp7wUpo5iy6HM-rCs1Z8lr_w=w60-h60-l90-rj"", ""width"": 60, ""height"": 60}, {""url"": ""https://yt3.googleusercontent.com/N8w8oS8JTrm3N_W1GLGuwgraEfGWGSoflcWLsbfl6cc6bsThBmAw9ED1QnMp7wUpo5iy6HM-rCs1Z8lr_w=w120-h120-l90-rj"", ""width"": 120, ""height"": 120}]",,,,YouTube Music internal web API via ytmusicapi; personalized playlist fetched with named auth profile.,17.0,45.0,6.231087121,cumulative views of the exact recommended YouTube video,1702500,6.231087121,High,High,"Frozen 83-song candidate pool captured 2026-06-29T19:44:09+00:00; Low <=7,505; lower buffer 7,506-19,756; Middle 19,757-243,792; upper buffer 243,793-1,223,809; High >=1,223,810 views.","Use view_count or popularity_log10_view_count for comparisons across users, weeks, and the original playlist. Do not use the within-Discover-Mix rank or percentile for cross-playlist comparisons because those are recalculated separately inside every 30-song mix.",Popularity is for the exact recommended video ID. Report or control video_type because this item is MUSIC_VIDEO_TYPE_ATV; ATV denotes an Art Track and OMV an official music video.
2026-08-24T12:43:12+00:00,user_09,Aygun Karca,Discover Mix,RDTMAK5uy_n_5IN6hzAOwdCnM8D8rzrs3vDl12UcZpA,https://music.youtube.com/playlist?list=RDTMAK5uy_n_5IN6hzAOwdCnM8D8rzrs3vDl12UcZpA,,,200,30,30,Collector records only the first 30 tracks. YouTube Music's browse response may still include more tracks in the raw API payload.,,52455,"Discover great music, picked just for you. Always updating.",12,NN7eGh86-WQ,https://music.youtube.com/watch?v=NN7eGh86-WQ,https://www.youtube.com/watch?v=NN7eGh86-WQ,Legion of the Seas,Visions of Atlantis,UCjUfzvqaP7gHrvWYrX9WQbQ,"[{""id"": ""UCjUfzvqaP7gHrvWYrX9WQbQ"", ""name"": ""Visions of Atlantis"", ""subscribers_display"": ""41.4K"", ""subscribers_approx"": 41400, ""channel_views"": 20609114, ""description"": ""We have the power in our hands to go on our own adventures, to face the perils and defeat. We have the confidence to take risks, to trust the universe, to demand and to let go. We don’t remain in our comfort zone. Each challenge makes us stronger, each mistake helps us learn. We always move forward, we go harder, stronger, we do better. Every time. The power is ours, to rule our lives and fate, to choose the best for ourselves."", ""song_shelf_count"": 5, ""album_shelf_count"": 10, ""single_shelf_count"": 10, ""video_shelf_count"": 10, ""lookup_error"": """"}]",UCjUfzvqaP7gHrvWYrX9WQbQ,Visions of Atlantis,41.4K,41400,20609114,"We have the power in our hands to go on our own adventures, to face the perils and defeat. We have the confidence to take risks, to trust the universe, to demand and to let go. We don’t remain in our comfort zone. Each challenge makes us stronger, each mistake helps us learn. We always move forward, we go harder, stronger, we do better. Every time. The power is ours, to rule our lives and fate, to choose the best for ourselves.",5,10,10,10,,,,,,,,,,,4:58,298,MUSIC_VIDEO_TYPE_OMV,2687556,,ytmusicapi player response videoDetails.viewCount,,,Not exposed by this YouTube Music endpoint; official YouTube Data API credentials are required.,Music,2022-03-07T07:00:10-08:00,2022-03-07T07:00:10-08:00,Napalm Records,UCG7AaCh_CiG6pq_rRDNw72A,http://www.youtube.com/@napalmrecords,249,AD;AE;AF;AG;AI;AL;AM;AO;AQ;AR;AS;AT;AU;AW;AX;AZ;BA;BB;BD;BE;BF;BG;BH;BI;BJ;BL;BM;BN;BO;BQ;BR;BS;BT;BV;BW;BY;BZ;CA;CC;CD;CF;CG;CH;CI;CK;CL;CM;CN;CO;CR;CU;CV;CW;CX;CY;CZ;DE;DJ;DK;DM;DO;DZ;EC;EE;EG;EH;ER;ES;ET;FI;FJ;FK;FM;FO;FR;GA;GB;GD;GE;GF;GG;GH;GI;GL;GM;GN;GP;GQ;GR;GS;GT;GU;GW;GY;HK;HM;HN;HR;HT;HU;ID;IE;IL;IM;IN;IO;IQ;IR;IS;IT;JE;JM;JO;JP;KE;KG;KH;KI;KM;KN;KP;KR;KW;KY;KZ;LA;LB;LC;LI;LK;LR;LS;LT;LU;LV;LY;MA;MC;MD;ME;MF;MG;MH;MK;ML;MM;MN;MO;MP;MQ;MR;MS;MT;MU;MV;MW;MX;MY;MZ;NA;NC;NE;NF;NG;NI;NL;NO;NP;NR;NU;NZ;OM;PA;PE;PF;PG;PH;PK;PL;PM;PN;PR;PS;PT;PW;PY;QA;RE;RO;RS;RU;RW;SA;SB;SC;SD;SE;SG;SH;SI;SJ;SK;SL;SM;SN;SO;SR;SS;ST;SV;SX;SY;SZ;TC;TD;TF;TG;TH;TJ;TK;TL;TM;TN;TO;TR;TT;TV;TW;TZ;UA;UG;UM;US;UY;UZ;VA;VC;VE;VG;VI;VN;VU;WF;WS;YE;YT;ZA;ZM;ZW,"Distribution availability, not artist nationality or audience geography.",napalm records,https://music.youtube.com/watch?v=NN7eGh86-WQ,True,False,False,True,False,False,True,True,False,,OK,True,INDIFFERENT,False,https://i.ytimg.com/vi/NN7eGh86-WQ/maxresdefault.jpg,"[{""url"": ""https://i.ytimg.com/vi/NN7eGh86-WQ/hqdefault.jpg?sqp=-oaymwEWCJADEOEBIAQqCggAEOADGC0guwJIWg&rs=AMzJL3l4gNcT4WmLSDmb4efu-kJy2R-Zog"", ""width"": 400, ""height"": 225}]",,,missing album browse id,YouTube Music internal web API via ytmusicapi; personalized playlist fetched with named auth profile.,13.0,58.333333,6.429357522,cumulative views of the exact recommended YouTube video,2687556,6.429357522,High,High,"Frozen 83-song candidate pool captured 2026-06-29T19:44:09+00:00; Low <=7,505; lower buffer 7,506-19,756; Middle 19,757-243,792; upper buffer 243,793-1,223,809; High >=1,223,810 views.","Use view_count or popularity_log10_view_count for comparisons across users, weeks, and the original playlist. Do not use the within-Discover-Mix rank or percentile for cross-playlist comparisons because those are recalculated separately inside every 30-song mix.",Popularity is for the exact recommended video ID. Report or control video_type because this item is MUSIC_VIDEO_TYPE_OMV; ATV denotes an Art Track and OMV an official music video.
2026-08-24T12:43:12+00:00,user_09,Aygun Karca,Discover Mix,RDTMAK5uy_n_5IN6hzAOwdCnM8D8rzrs3vDl12UcZpA,https://music.youtube.com/playlist?list=RDTMAK5uy_n_5IN6hzAOwdCnM8D8rzrs3vDl12UcZpA,,,200,30,30,Collector records only the first 30 tracks. YouTube Music's browse response may still include more tracks in the raw API payload.,,52455,"Discover great music, picked just for you. Always updating.",13,be7iNHw8QoQ,https://music.youtube.com/watch?v=be7iNHw8QoQ,https://www.youtube.com/watch?v=be7iNHw8QoQ,Got The Time,Anthrax,UCYjzkgiNzCLU_NlBAFflrAg,"[{""id"": ""UCYjzkgiNzCLU_NlBAFflrAg"", ""name"": ""Anthrax"", ""subscribers_display"": ""368K"", ""subscribers_approx"": 368000, ""channel_views"": 212702943, ""description"": ""TV has soap operas, literature has Shakespeare, and metal – well, metal has ANTHRAX, that fire-breathing, thrash-spitting, multi-headed beast of a band that – 30 years since the day Scott Ian and then-bassist Danny Lilker searched a biology textbook for the disease that would become their moniker – smiles back at you with a monstrous, upturned middle finger and refuses to fucking die.\n\nBut then, if you have an inkling about heavy metal, you'll have heard of their meteoric rise in the 80s alongside the likes of Slayer, Megadeth, and a little band that once crashed on ANTHRAX’s studio floor known as Metallica. You'll know all about their game-changing, crossover hit with Public Enemy on “Bring The Noise“ in 1991. You'll have listened to generations of bands that owe everything to their signature stomp and crushing riffs.\nAnd in more recent times, you'll have witnessed an almost irrational will to survive in defiance of monumental odds. And that, true believers, is the story of one of the most doggedly heroic bands in metaldom on the cusp of their greatest release to date.\n\nThe road has not been easy. Rewind to 2005. Hot on the heels of 2003's rapturously received \""We've Come For You All“ (info | shop), a unanimously praised, end-to-end scorcher spearheaded by vocalist John Bush, ANTHRAX shocked the metal world with the announcement that singer Joey Belladonna would be re-joining the band for a classic, 80s-era reunion that would sweep them around the world on a wave of head-banging nostalgia, but more importantly, reconnecting the band as friends and as the brutal thrash machine that gave the world “Among The Living“ (info | shop).\nOnce that tour finished, ANTHRAX returned to discover that John Bush had moved on, and they would need to recruit yet another singer for the recording of their follow-up to “We've Come For You All“; the album that would become “Worship Music“(info | shop), their tenth studio album. The band worked with one singer for a period of time, but in 2009, they were still without the right vocalist. “There was no way I was going to let anything derail my life's work,” says Scott Ian.\n“We've been through more drama than most bands experience in a lifetime. Granted, we didn't have to deal with somebody dying or some tragic situation but at the same time we really did face an uncertain future. For lack of a better way to explain it, I am a tenacious prick, and if I want something to happen I will make it so. It's always been like that. It touches on the 30th anniversary. I think back to July 18, 1981. Danny Lilker and I were friends and I always said to him, 'when White Heat [Lilker’s band at the time] break up, we're forming Anthrax,' and he was like, 'we're not breaking up.' I've always been like that, and with such an amazing record to put out, there's no way I was going to let anything screw that up.”\n\nRefusing to accept their predicament, the remaining members rallied themselves in a spine-tingling gesture of conviction and self-belief for what would become the single greatest metal event of the 21st century, the first-ever performance of The Big 4. According to Charlie Benante, getting the band's proverbial excrement together for that gig was just the motivation that ANTHRAX needed to spit out the blood and get back on their feet. “The genesis of this whole Big 4 idea – and you could say the idea of getting Joey back in the band full time - was at the Rock and Roll Hall of Fame,” Benante continues. “It was me, Lars, and Scott talking at the bar, bullshitting, and Lars just blurted it out. It was such a surreal moment, we weren't sure if he was taking the piss out of us and all of a sudden it just happened. It made us really say 'we need to step this up and get this thing going.' It was because of that that we were pushed into this direction. Metallica gave us the kick in the ass that we needed.”\n“Joey was the band’s vocalist from ’85 to ’92, the time period when ‘The Big Four’ started,” added Scott, “so we felt he had to be the guy to represent us on these Big Four shows, and he had to be the guy on the new record.”\nRob Caggiano picks up the story – “So Charlie called Joey, they started talking and Joey expressed an interest. Then we all met with him in New York and while the vibe was really good, none of us really knew what to expect. Then we did the first Big 4 show with Joey, I think that’s when we all knew that this was right. The vibe was amazing, he sounds better than he’s ever sounded, including the reunion tour.”\nReuniting with Joey Belladonna for a whirlwind, globe-stomping tour that would see ANTHRAX playing shoulder to shoulder with Slayer, Megadeth and old pals Metallica, the explosive success of The Big 4 would suddenly beg the question of what would happen next, and more to the point: who would sing on “Worship Music“, and how would ANTHRAX approach the follow-up to “We’ve Come For You All“?\n\nIt wasn’t easy, but – from the ferocious attack of “Earth on Hell” to the red-blooded might of “Fight’em ‘Til You Can’t,” the results have been nothing less than horn-conjuring. “The majority of this record was about 55% done before we even had a singer in mind,” explains Charlie. “It was me, Scott and Frankie in our rehearsal room, the same way we wrote “Spreading the Disease“ (info | shop) - with no singer in mind. But I'll never forget the day I first heard Joey singing, I got goosebumps, I got excited - all I could think of in my mind was 'how will he sing this song' and it was just amazing to me. Every time I heard the next song I would be like, 'this rules.'”\n“The process leading up to it was painful but I think being in ANTHRAX is painful,” says bassist Frank Bello with a laugh. “I think everything happens for a reason and to listen to this record now, this is the reason it had to happen that way, and I am loving Joey's voice. I'm listening and I'm thinking 'you know I can't tell you when he sang better.' I'm not gonna kiss his ass that much but I really think the guy just doesn't age. He weirds me out because he just goes out there and sings like a bird, amazingly, with power. He came into a hard situation. He really rose to it. When Joey came in it was like the icing on the cake for me. ”\nJoey agrees: “It's not easy to throw someone in there and try to wash away what you've done and how you've done it,” says Joey. “I feel honored, but I also feel like I've done a lot to be there, I wasn't just saying 'oh I've got a chance again.' I just thought I'd be who I was without being like 'can I be like someone else?' I just went in and sang with the best intentions. I just did whatever came from my heart to the best of my abilities, and it worked.”\nAnd that is an understatement. Co-produced by Rob Caggiano and Jay Ruston (both Grammy-nominated producers), the album takes its name from one of Charlie's late-night bouts of insomnia where, while flipping through TV channels he stumbled upon a religious-themed infomercial entitled “Worship Music.”\nA fitting sentiment for an undeniable masterwork of skewering melodies powered by herculean riffage and a tunefulness that bespeaks ANTHRAX's utter supremacy as songwriters. From the haunting, ethereal tones of “Worship” – an atmospheric piece composed by Charlie himself – to the punch-in-the-face assault of opening track “Earth On Hell,” the results are positively badass. But that isn't to say “Worship Music“ is without its deeper subtexts.\n“The song “In the End” has a melancholy feel to it,” says Charlie. “It has nothing to do with the band, but two people who had a lot to do with our band, Dimebag and Ronnie James Dio. They were both heroes and huge influences on us. Darrell played on the last three ANTHRAX records, a sixth member if you will, and Ronnie was always a champion for us, taking us on tour, just being so amazing to us always. It had to be made, and it was very cathartic.”\n“It's just an epic piece of music,” adds Scott. “Of course in the back of my mind I was thinking, 'if somehow I could get this in the lyrics without it being completely cornball, that song would just lend itself to expressing the feelings and emotions about how we felt about what those guys meant to us -- Did we ever tell you how much we loved you tearing my head off tearing my face off ripping my heart out.” I meant that in a good way. The first time I ever heard Ronnie James Dio, my world was fucked forever.”\nOf course, “Worship Music“ also features a far more obvious musical tribute about ANTHRAX's greatest inspiration, Judas Priest, mysteriously entitled... “Judas Priest.”\n\nAlongside the colossal crescendo of “Crawl” and the irresistible catchiness of “The Devil You Know,” “Worship Music“ is a record of mass destruction to be released upon the world, and to the delight of fans everywhere it already began when, in July, the Anthrax.com was updated with new artwork by universally acclaimed comic artist Alex Ross and an offering of “Fight’em ‘Til You Can't” as a free download that swept across the internet like a thrash metal hurricane.\n\nGiven that this year ANTHRAX celebrates its 30th anniversary of fighting the good fight, Scott's sentiment is a poignant one. So how does it feel to be releasing a new record over three decades since you began? “It freaks me out actually, that that much time has gone by,” says Charlie. “In my mind I still feel like the same person from back then, but if we were to do this ten years ago, I would be more concerned about staying relevant and this time I could care less about staying relevant. It's about doing what I think our fans enjoy. I truly can't put it into any kind of context because we're just so busy, you know? We're sitting here with this setup of a record in the middle of playing shows with so much going on, so I guess I could say nothing is changed, things are exactly the same as when we're working toward the next thing and that's maybe somehow some way we've always been able to move forward, always looking forward and never stopping - it's never been that way with ANTHRAX, even just this constant struggle to find band members who would commit to rehearsing for four nights a week and having to fire them, it was constantly moving forward until we recorded “Fistful of Metal“ (info), well we've gotta go on tour and sell t-shirts, and we've gotta get rid of Neil Turbin, and then we found Joey. In 2011 my day is still filled with what's happening with ANTHRAX, and I love this new record and how it represents our whole career in ANTHRAX. I can't wait for people to hear it.”\n\nThe new live-in-concert DVD/Blu-ray “Chile On Hell“ (info | shop) will be released on October 17th (EU)/ October 20th (UK/FR). \""Chile On Hell\"" was filmed at the Teatro Caupolican in Santiago, Chile on May 10th, 2013. The Show featured songs from the band's entire catalogue."", ""song_shelf_count"": 5, ""album_shelf_count"": 10, ""single_shelf_count"": 10, ""video_shelf_count"": 10, ""lookup_error"": """"}]",UCYjzkgiNzCLU_NlBAFflrAg,Anthrax,368K,368000,212702943,"TV has soap operas, literature has Shakespeare, and metal – well, metal has ANTHRAX, that fire-breathing, thrash-spitting, multi-headed beast of a band that – 30 years since the day Scott Ian and then-bassist Danny Lilker searched a biology textbook for the disease that would become their moniker – smiles back at you with a monstrous, upturned middle finger and refuses to fucking die.

But then, if you have an inkling about heavy metal, you'll have heard of their meteoric rise in the 80s alongside the likes of Slayer, Megadeth, and a little band that once crashed on ANTHRAX’s studio floor known as Metallica. You'll know all about their game-changing, crossover hit with Public Enemy on “Bring The Noise“ in 1991. You'll have listened to generations of bands that owe everything to their signature stomp and crushing riffs.
And in more recent times, you'll have witnessed an almost irrational will to survive in defiance of monumental odds. And that, true believers, is the story of one of the most doggedly heroic bands in metaldom on the cusp of their greatest release to date.

The road has not been easy. Rewind to 2005. Hot on the heels of 2003's rapturously received ""We've Come For You All“ (info | shop), a unanimously praised, end-to-end scorcher spearheaded by vocalist John Bush, ANTHRAX shocked the metal world with the announcement that singer Joey Belladonna would be re-joining the band for a classic, 80s-era reunion that would sweep them around the world on a wave of head-banging nostalgia, but more importantly, reconnecting the band as friends and as the brutal thrash machine that gave the world “Among The Living“ (info | shop).
Once that tour finished, ANTHRAX returned to discover that John Bush had moved on, and they would need to recruit yet another singer for the recording of their follow-up to “We've Come For You All“; the album that would become “Worship Music“(info | shop), their tenth studio album. The band worked with one singer for a period of time, but in 2009, they were still without the right vocalist. “There was no way I was going to let anything derail my life's work,” says Scott Ian.
“We've been through more drama than most bands experience in a lifetime. Granted, we didn't have to deal with somebody dying or some tragic situation but at the same time we really did face an uncertain future. For lack of a better way to explain it, I am a tenacious prick, and if I want something to happen I will make it so. It's always been like that. It touches on the 30th anniversary. I think back to July 18, 1981. Danny Lilker and I were friends and I always said to him, 'when White Heat [Lilker’s band at the time] break up, we're forming Anthrax,' and he was like, 'we're not breaking up.' I've always been like that, and with such an amazing record to put out, there's no way I was going to let anything screw that up.”

Refusing to accept their predicament, the remaining members rallied themselves in a spine-tingling gesture of conviction and self-belief for what would become the single greatest metal event of the 21st century, the first-ever performance of The Big 4. According to Charlie Benante, getting the band's proverbial excrement together for that gig was just the motivation that ANTHRAX needed to spit out the blood and get back on their feet. “The genesis of this whole Big 4 idea – and you could say the idea of getting Joey back in the band full time - was at the Rock and Roll Hall of Fame,” Benante continues. “It was me, Lars, and Scott talking at the bar, bullshitting, and Lars just blurted it out. It was such a surreal moment, we weren't sure if he was taking the piss out of us and all of a sudden it just happened. It made us really say 'we need to step this up and get this thing going.' It was because of that that we were pushed into this direction. Metallica gave us the kick in the ass that we needed.”
“Joey was the band’s vocalist from ’85 to ’92, the time period when ‘The Big Four’ started,” added Scott, “so we felt he had to be the guy to represent us on these Big Four shows, and he had to be the guy on the new record.”
Rob Caggiano picks up the story – “So Charlie called Joey, they started talking and Joey expressed an interest. Then we all met with him in New York and while the vibe was really good, none of us really knew what to expect. Then we did the first Big 4 show with Joey, I think that’s when we all knew that this was right. The vibe was amazing, he sounds better than he’s ever sounded, including the reunion tour.”
Reuniting with Joey Belladonna for a whirlwind, globe-stomping tour that would see ANTHRAX playing shoulder to shoulder with Slayer, Megadeth and old pals Metallica, the explosive success of The Big 4 would suddenly beg the question of what would happen next, and more to the point: who would sing on “Worship Music“, and how would ANTHRAX approach the follow-up to “We’ve Come For You All“?

It wasn’t easy, but – from the ferocious attack of “Earth on Hell” to the red-blooded might of “Fight’em ‘Til You Can’t,” the results have been nothing less than horn-conjuring. “The majority of this record was about 55% done before we even had a singer in mind,” explains Charlie. “It was me, Scott and Frankie in our rehearsal room, the same way we wrote “Spreading the Disease“ (info | shop) - with no singer in mind. But I'll never forget the day I first heard Joey singing, I got goosebumps, I got excited - all I could think of in my mind was 'how will he sing this song' and it was just amazing to me. Every time I heard the next song I would be like, 'this rules.'”
“The process leading up to it was painful but I think being in ANTHRAX is painful,” says bassist Frank Bello with a laugh. “I think everything happens for a reason and to listen to this record now, this is the reason it had to happen that way, and I am loving Joey's voice. I'm listening and I'm thinking 'you know I can't tell you when he sang better.' I'm not gonna kiss his ass that much but I really think the guy just doesn't age. He weirds me out because he just goes out there and sings like a bird, amazingly, with power. He came into a hard situation. He really rose to it. When Joey came in it was like the icing on the cake for me. ”
Joey agrees: “It's not easy to throw someone in there and try to wash away what you've done and how you've done it,” says Joey. “I feel honored, but I also feel like I've done a lot to be there, I wasn't just saying 'oh I've got a chance again.' I just thought I'd be who I was without being like 'can I be like someone else?' I just went in and sang with the best intentions. I just did whatever came from my heart to the best of my abilities, and it worked.”
And that is an understatement. Co-produced by Rob Caggiano and Jay Ruston (both Grammy-nominated producers), the album takes its name from one of Charlie's late-night bouts of insomnia where, while flipping through TV channels he stumbled upon a religious-themed infomercial entitled “Worship Music.”
A fitting sentiment for an undeniable masterwork of skewering melodies powered by herculean riffage and a tunefulness that bespeaks ANTHRAX's utter supremacy as songwriters. From the haunting, ethereal tones of “Worship” – an atmospheric piece composed by Charlie himself – to the punch-in-the-face assault of opening track “Earth On Hell,” the results are positively badass. But that isn't to say “Worship Music“ is without its deeper subtexts.
“The song “In the End” has a melancholy feel to it,” says Charlie. “It has nothing to do with the band, but two people who had a lot to do with our band, Dimebag and Ronnie James Dio. They were both heroes and huge influences on us. Darrell played on the last three ANTHRAX records, a sixth member if you will, and Ronnie was always a champion for us, taking us on tour, just being so amazing to us always. It had to be made, and it was very cathartic.”
“It's just an epic piece of music,” adds Scott. “Of course in the back of my mind I was thinking, 'if somehow I could get this in the lyrics without it being completely cornball, that song would just lend itself to expressing the feelings and emotions about how we felt about what those guys meant to us -- Did we ever tell you how much we loved you tearing my head off tearing my face off ripping my heart out.” I meant that in a good way. The first time I ever heard Ronnie James Dio, my world was fucked forever.”
Of course, “Worship Music“ also features a far more obvious musical tribute about ANTHRAX's greatest inspiration, Judas Priest, mysteriously entitled... “Judas Priest.”

Alongside the colossal crescendo of “Crawl” and the irresistible catchiness of “The Devil You Know,” “Worship Music“ is a record of mass destruction to be released upon the world, and to the delight of fans everywhere it already began when, in July, the Anthrax.com was updated with new artwork by universally acclaimed comic artist Alex Ross and an offering of “Fight’em ‘Til You Can't” as a free download that swept across the internet like a thrash metal hurricane.

Given that this year ANTHRAX celebrates its 30th anniversary of fighting the good fight, Scott's sentiment is a poignant one. So how does it feel to be releasing a new record over three decades since you began? “It freaks me out actually, that that much time has gone by,” says Charlie. “In my mind I still feel like the same person from back then, but if we were to do this ten years ago, I would be more concerned about staying relevant and this time I could care less about staying relevant. It's about doing what I think our fans enjoy. I truly can't put it into any kind of context because we're just so busy, you know? We're sitting here with this setup of a record in the middle of playing shows with so much going on, so I guess I could say nothing is changed, things are exactly the same as when we're working toward the next thing and that's maybe somehow some way we've always been able to move forward, always looking forward and never stopping - it's never been that way with ANTHRAX, even just this constant struggle to find band members who would commit to rehearsing for four nights a week and having to fire them, it was constantly moving forward until we recorded “Fistful of Metal“ (info), well we've gotta go on tour and sell t-shirts, and we've gotta get rid of Neil Turbin, and then we found Joey. In 2011 my day is still filled with what's happening with ANTHRAX, and I love this new record and how it represents our whole career in ANTHRAX. I can't wait for people to hear it.”

The new live-in-concert DVD/Blu-ray “Chile On Hell“ (info | shop) will be released on October 17th (EU)/ October 20th (UK/FR). ""Chile On Hell"" was filmed at the Teatro Caupolican in Santiago, Chile on May 10th, 2013. The Show featured songs from the band's entire catalogue.",5,10,10,10,,,,,,,,,,,2:52,172,MUSIC_VIDEO_TYPE_OMV,15603702,,ytmusicapi player response videoDetails.viewCount,,,Not exposed by this YouTube Music endpoint; official YouTube Data API credentials are required.,Music,2009-10-06T19:43:23-07:00,2009-10-06T19:43:23-07:00,AnthraxVEVO,UCcOBeVbcRhIhyh-ChO7ABLg,http://www.youtube.com/@AnthraxVEVO,249,AD;AE;AF;AG;AI;AL;AM;AO;AQ;AR;AS;AT;AU;AW;AX;AZ;BA;BB;BD;BE;BF;BG;BH;BI;BJ;BL;BM;BN;BO;BQ;BR;BS;BT;BV;BW;BY;BZ;CA;CC;CD;CF;CG;CH;CI;CK;CL;CM;CN;CO;CR;CU;CV;CW;CX;CY;CZ;DE;DJ;DK;DM;DO;DZ;EC;EE;EG;EH;ER;ES;ET;FI;FJ;FK;FM;FO;FR;GA;GB;GD;GE;GF;GG;GH;GI;GL;GM;GN;GP;GQ;GR;GS;GT;GU;GW;GY;HK;HM;HN;HR;HT;HU;ID;IE;IL;IM;IN;IO;IQ;IR;IS;IT;JE;JM;JO;JP;KE;KG;KH;KI;KM;KN;KP;KR;KW;KY;KZ;LA;LB;LC;LI;LK;LR;LS;LT;LU;LV;LY;MA;MC;MD;ME;MF;MG;MH;MK;ML;MM;MN;MO;MP;MQ;MR;MS;MT;MU;MV;MW;MX;MY;MZ;NA;NC;NE;NF;NG;NI;NL;NO;NP;NR;NU;NZ;OM;PA;PE;PF;PG;PH;PK;PL;PM;PN;PR;PS;PT;PW;PY;QA;RE;RO;RS;RU;RW;SA;SB;SC;SD;SE;SG;SH;SI;SJ;SK;SL;SM;SN;SO;SR;SS;ST;SV;SX;SY;SZ;TC;TD;TF;TG;TH;TJ;TK;TL;TM;TN;TO;TR;TT;TV;TW;TZ;UA;UG;UM;US;UY;UZ;VA;VC;VE;VG;VI;VN;VU;WF;WS;YE;YT;ZA;ZM;ZW,"Distribution availability, not artist nationality or audience geography.",Anthrax; Island; Records; Rock,https://music.youtube.com/watch?v=be7iNHw8QoQ,True,False,False,True,False,False,True,True,False,,OK,True,INDIFFERENT,False,https://i.ytimg.com/vi/be7iNHw8QoQ/maxresdefault.jpg,"[{""url"": ""https://i.ytimg.com/vi/be7iNHw8QoQ/hqdefault.jpg?sqp=-oaymwEWCJADEOEBIAQqCggAEOADGC0guwJIWg&rs=AMzJL3mr4IKcNQVfMyzqfqqi5UXaajxB5Q"", ""width"": 400, ""height"": 225}]",,,missing album browse id,YouTube Music internal web API via ytmusicapi; personalized playlist fetched with named auth profile.,6.0,81.666667,7.193227648,cumulative views of the exact recommended YouTube video,15603702,7.193227648,High,High,"Frozen 83-song candidate pool captured 2026-06-29T19:44:09+00:00; Low <=7,505; lower buffer 7,506-19,756; Middle 19,757-243,792; upper buffer 243,793-1,223,809; High >=1,223,810 views.","Use view_count or popularity_log10_view_count for comparisons across users, weeks, and the original playlist. Do not use the within-Discover-Mix rank or percentile for cross-playlist comparisons because those are recalculated separately inside every 30-song mix.",Popularity is for the exact recommended video ID. Report or control video_type because this item is MUSIC_VIDEO_TYPE_OMV; ATV denotes an Art Track and OMV an official music video.
2026-08-24T12:43:12+00:00,user_09,Aygun Karca,Discover Mix,RDTMAK5uy_n_5IN6hzAOwdCnM8D8rzrs3vDl12UcZpA,https://music.youtube.com/playlist?list=RDTMAK5uy_n_5IN6hzAOwdCnM8D8rzrs3vDl12UcZpA,,,200,30,30,Collector records only the first 30 tracks. YouTube Music's browse response may still include more tracks in the raw API payload.,,52455,"Discover great music, picked just for you. Always updating.",14,--zQyrWF9_k,https://music.youtube.com/watch?v=--zQyrWF9_k,https://www.youtube.com/watch?v=--zQyrWF9_k,At the End of the Rainbow,Enforcer,UC4dNGpBnJCHJQky_9uxJxxg,"[{""id"": ""UC4dNGpBnJCHJQky_9uxJxxg"", ""name"": ""Enforcer"", ""subscribers_display"": ""13.1K"", ""subscribers_approx"": 13100, ""channel_views"": 4421097, ""description"": ""Enforcer is a Swedish heavy metal band formed in 2004 in Arvika. They are considered part of the new wave of traditional heavy metal.\n\nFrom Wikipedia ("", ""song_shelf_count"": 5, ""album_shelf_count"": 9, ""single_shelf_count"": 5, ""video_shelf_count"": 3, ""lookup_error"": """"}]",UC4dNGpBnJCHJQky_9uxJxxg,Enforcer,13.1K,13100,4421097,"Enforcer is a Swedish heavy metal band formed in 2004 in Arvika. They are considered part of the new wave of traditional heavy metal.

From Wikipedia (",5,9,5,3,MPREb_naOQaHNYAxN,At the End of the Rainbow,Single,2021,1,"3 minutes, 22 seconds",202,OLAK5uy_l14seQdocR7hB-rH9M8a7nmXnxGMBW8f0,Enforcer,,3:22,202,MUSIC_VIDEO_TYPE_ATV,170434,,ytmusicapi player response videoDetails.viewCount,,,Not exposed by this YouTube Music endpoint; official YouTube Data API credentials are required.,Music,2021-10-28T03:05:50-07:00,2021-10-28T03:05:50-07:00,Enforcer - Topic,UC4dNGpBnJCHJQky_9uxJxxg,http://www.youtube.com/channel/UC4dNGpBnJCHJQky_9uxJxxg,249,AD;AE;AF;AG;AI;AL;AM;AO;AQ;AR;AS;AT;AU;AW;AX;AZ;BA;BB;BD;BE;BF;BG;BH;BI;BJ;BL;BM;BN;BO;BQ;BR;BS;BT;BV;BW;BY;BZ;CA;CC;CD;CF;CG;CH;CI;CK;CL;CM;CN;CO;CR;CU;CV;CW;CX;CY;CZ;DE;DJ;DK;DM;DO;DZ;EC;EE;EG;EH;ER;ES;ET;FI;FJ;FK;FM;FO;FR;GA;GB;GD;GE;GF;GG;GH;GI;GL;GM;GN;GP;GQ;GR;GS;GT;GU;GW;GY;HK;HM;HN;HR;HT;HU;ID;IE;IL;IM;IN;IO;IQ;IR;IS;IT;JE;JM;JO;JP;KE;KG;KH;KI;KM;KN;KP;KR;KW;KY;KZ;LA;LB;LC;LI;LK;LR;LS;LT;LU;LV;LY;MA;MC;MD;ME;MF;MG;MH;MK;ML;MM;MN;MO;MP;MQ;MR;MS;MT;MU;MV;MW;MX;MY;MZ;NA;NC;NE;NF;NG;NI;NL;NO;NP;NR;NU;NZ;OM;PA;PE;PF;PG;PH;PK;PL;PM;PN;PR;PS;PT;PW;PY;QA;RE;RO;RS;RU;RW;SA;SB;SC;SD;SE;SG;SH;SI;SJ;SK;SL;SM;SN;SO;SR;SS;ST;SV;SX;SY;SZ;TC;TD;TF;TG;TH;TJ;TK;TL;TM;TN;TO;TR;TT;TV;TW;TZ;UA;UG;UM;US;UY;UZ;VA;VC;VE;VG;VI;VN;VU;WF;WS;YE;YT;ZA;ZM;ZW,"Distribution availability, not artist nationality or audience geography.",Enforcer; At the End of the Rainbow,https://music.youtube.com/watch?v=--zQyrWF9_k,True,False,False,True,False,False,True,True,False,False,OK,True,INDIFFERENT,False,https://i.ytimg.com/vi/--zQyrWF9_k/maxresdefault.jpg,"[{""url"": ""https://yt3.googleusercontent.com/lmYVxDLslgZvy-JKTL-hlXPKwfh126-z2qXsO2VPJEklDVQbyEukDaJY0C08nUrY6f_kn297NKZrhgaeTw=w60-h60-l90-rj"", ""width"": 60, ""height"": 60}, {""url"": ""https://yt3.googleusercontent.com/lmYVxDLslgZvy-JKTL-hlXPKwfh126-z2qXsO2VPJEklDVQbyEukDaJY0C08nUrY6f_kn297NKZrhgaeTw=w120-h120-l90-rj"", ""width"": 120, ""height"": 120}]",,,,YouTube Music internal web API via ytmusicapi; personalized playlist fetched with named auth profile.,25.0,18.333333,5.231556237,cumulative views of the exact recommended YouTube video,170434,5.231556237,Middle,Middle,"Frozen 83-song candidate pool captured 2026-06-29T19:44:09+00:00; Low <=7,505; lower buffer 7,506-19,756; Middle 19,757-243,792; upper buffer 243,793-1,223,809; High >=1,223,810 views.","Use view_count or popularity_log10_view_count for comparisons across users, weeks, and the original playlist. Do not use the within-Discover-Mix rank or percentile for cross-playlist comparisons because those are recalculated separately inside every 30-song mix.",Popularity is for the exact recommended video ID. Report or control video_type because this item is MUSIC_VIDEO_TYPE_ATV; ATV denotes an Art Track and OMV an official music video.
2026-08-24T12:43:12+00:00,user_09,Aygun Karca,Discover Mix,RDTMAK5uy_n_5IN6hzAOwdCnM8D8rzrs3vDl12UcZpA,https://music.youtube.com/playlist?list=RDTMAK5uy_n_5IN6hzAOwdCnM8D8rzrs3vDl12UcZpA,,,200,30,30,Collector records only the first 30 tracks. YouTube Music's browse response may still include more tracks in the raw API payload.,,52455,"Discover great music, picked just for you. Always updating.",15,fnMFZELu7o8,https://music.youtube.com/watch?v=fnMFZELu7o8,https://www.youtube.com/watch?v=fnMFZELu7o8,Fighting the World,Manowar,UCYNIpBZ3RonbMWRN0ff5OPQ,"[{""id"": ""UCYNIpBZ3RonbMWRN0ff5OPQ"", ""name"": ""Manowar"", ""subscribers_display"": ""423K"", ""subscribers_approx"": 423000, ""channel_views"": 439945639, ""description"": ""True since 1980\n\nThe official MANOWAR channel - for all who love true metal.\n\nHailed the world over for their bombastic and crystal-clear sound, unforgettable live performances and immortal hymns U.S. metal legends MANOWAR have changed the lives of music lovers for more than four decades. With powerful storytelling, their music and concerts bring to life universal themes like friendship, loyalty, and integrity. \n\nMANOWAR unite people of all ages and backgrounds in a worldwide community, providing them with motivation and inspiration to achieve their dreams, overcome and conquer any obstacles in their path, and write their own history. \n\nWith unfaltering courage, always true to themselves, MANOWAR have endured and inspire victory to all who come to know them."", ""song_shelf_count"": 5, ""album_shelf_count"": 10, ""single_shelf_count"": 6, ""video_shelf_count"": 10, ""lookup_error"": """"}]",UCYNIpBZ3RonbMWRN0ff5OPQ,Manowar,423K,423000,439945639,"True since 1980

The official MANOWAR channel - for all who love true metal.

Hailed the world over for their bombastic and crystal-clear sound, unforgettable live performances and immortal hymns U.S. metal legends MANOWAR have changed the lives of music lovers for more than four decades. With powerful storytelling, their music and concerts bring to life universal themes like friendship, loyalty, and integrity. 

MANOWAR unite people of all ages and backgrounds in a worldwide community, providing them with motivation and inspiration to achieve their dreams, overcome and conquer any obstacles in their path, and write their own history. 

With unfaltering courage, always true to themselves, MANOWAR have endured and inspire victory to all who come to know them.",5,10,6,10,MPREb_vWOoemNxaBX,Fighting the World,Album,1987,9,34 minutes,2080,OLAK5uy_l_kkzUyRILF-K95a1Pki3A8ruHaqNffIY,Manowar,"Fighting the World is the fifth album by the American heavy metal band Manowar, released in February 1987 by ATCO Records. This was the first Manowar album to feature artwork by long-time collaborator Ken Kelly, and also one of the earliest heavy metal albums to be recorded and mixed entirely on digital equipment. Since Fighting the World, all Manowar album covers have been painted by Ken Kelly.

From Wikipedia (",3:51,231,MUSIC_VIDEO_TYPE_ATV,3489145,,ytmusicapi player response videoDetails.viewCount,,,Not exposed by this YouTube Music endpoint; official YouTube Data API credentials are required.,Music,2014-11-07T18:33:49-08:00,2014-11-07T18:33:49-08:00,Manowar - Topic,UCYNIpBZ3RonbMWRN0ff5OPQ,http://www.youtube.com/channel/UCYNIpBZ3RonbMWRN0ff5OPQ,118,AE;AR;AT;AU;AW;AZ;BA;BD;BE;BG;BH;BM;BO;BR;BY;CA;CH;CL;CO;CR;CY;CZ;DE;DK;DO;DZ;EC;EE;EG;ES;FI;FR;GB;GE;GF;GH;GP;GR;GT;HK;HN;HR;HU;ID;IE;IL;IN;IQ;IS;IT;JM;JO;JP;KE;KH;KR;KW;KY;KZ;LA;LB;LI;LK;LT;LU;LV;LY;MA;MK;MQ;MT;MX;MY;NC;NG;NI;NL;NO;NP;NZ;OM;PA;PE;PF;PG;PH;PK;PL;PT;PY;QA;RE;RO;RS;RU;SA;SE;SG;SI;SK;SN;SV;TC;TH;TN;TR;TW;TZ;UA;UG;US;UY;VE;VN;YE;YT;ZA;ZW,"Distribution availability, not artist nationality or audience geography.",Manowar; Fighting the World,https://music.youtube.com/watch?v=fnMFZELu7o8,True,False,False,True,False,False,True,True,True,False,OK,True,INDIFFERENT,False,https://i.ytimg.com/vi/fnMFZELu7o8/maxresdefault.jpg,"[{""url"": ""https://yt3.googleusercontent.com/IpeCiHswvNuiVaklD67hDKYphcBI6XT3L1JAVLkf2ykUZCj5MaTgwk1b0Zh3n2c21_DVAUj9h7eZynw=w60-h60-l90-rj"", ""width"": 60, ""height"": 60}, {""url"": ""https://yt3.googleusercontent.com/IpeCiHswvNuiVaklD67hDKYphcBI6XT3L1JAVLkf2ykUZCj5MaTgwk1b0Zh3n2c21_DVAUj9h7eZynw=w120-h120-l90-rj"", ""width"": 120, ""height"": 120}]",,,,YouTube Music internal web API via ytmusicapi; personalized playlist fetched with named auth profile.,11.0,65.0,6.542719018,cumulative views of the exact recommended YouTube video,3489145,6.542719018,High,High,"Frozen 83-song candidate pool captured 2026-06-29T19:44:09+00:00; Low <=7,505; lower buffer 7,506-19,756; Middle 19,757-243,792; upper buffer 243,793-1,223,809; High >=1,223,810 views.","Use view_count or popularity_log10_view_count for comparisons across users, weeks, and the original playlist. Do not use the within-Discover-Mix rank or percentile for cross-playlist comparisons because those are recalculated separately inside every 30-song mix.",Popularity is for the exact recommended video ID. Report or control video_type because this item is MUSIC_VIDEO_TYPE_ATV; ATV denotes an Art Track and OMV an official music video.
2026-08-24T12:43:12+00:00,user_09,Aygun Karca,Discover Mix,RDTMAK5uy_n_5IN6hzAOwdCnM8D8rzrs3vDl12UcZpA,https://music.youtube.com/playlist?list=RDTMAK5uy_n_5IN6hzAOwdCnM8D8rzrs3vDl12UcZpA,,,200,30,30,Collector records only the first 30 tracks. YouTube Music's browse response may still include more tracks in the raw API payload.,,52455,"Discover great music, picked just for you. Always updating.",16,Y06yUTCsXyU,https://music.youtube.com/watch?v=Y06yUTCsXyU,https://www.youtube.com/watch?v=Y06yUTCsXyU,S.O.S.,At Vance,UCunSqRntuwll6L1fOONNDPQ,"[{""id"": ""UCunSqRntuwll6L1fOONNDPQ"", ""name"": ""At Vance"", ""subscribers_display"": ""7.2K"", ""subscribers_approx"": 7200, ""channel_views"": 7528598, ""description"": ""At Vance is a neoclassical/power metal band formed in Germany. They were formed by vocalist Oliver Hartmann and guitarist Olaf Lenk in 1998.\n\nFrom Wikipedia ("", ""song_shelf_count"": 5, ""album_shelf_count"": 10, ""single_shelf_count"": 3, ""video_shelf_count"": 10, ""lookup_error"": """"}]",UCunSqRntuwll6L1fOONNDPQ,At Vance,7.2K,7200,7528598,"At Vance is a neoclassical/power metal band formed in Germany. They were formed by vocalist Oliver Hartmann and guitarist Olaf Lenk in 1998.

From Wikipedia (",5,10,3,10,MPREb_vxZVPCVGbdm,Heart of Steel,Album,2006,11,45 minutes,2742,OLAK5uy_n1I3WLxdapM22tmEdta3Nwg_xlJScTKHw,At Vance,,3:28,208,MUSIC_VIDEO_TYPE_ATV,133146,,ytmusicapi player response videoDetails.viewCount,,,Not exposed by this YouTube Music endpoint; official YouTube Data API credentials are required.,Music,2025-12-16T06:56:00-08:00,2025-12-16T06:56:00-08:00,At Vance - Topic,UCunSqRntuwll6L1fOONNDPQ,http://www.youtube.com/channel/UCunSqRntuwll6L1fOONNDPQ,249,AD;AE;AF;AG;AI;AL;AM;AO;AQ;AR;AS;AT;AU;AW;AX;AZ;BA;BB;BD;BE;BF;BG;BH;BI;BJ;BL;BM;BN;BO;BQ;BR;BS;BT;BV;BW;BY;BZ;CA;CC;CD;CF;CG;CH;CI;CK;CL;CM;CN;CO;CR;CU;CV;CW;CX;CY;CZ;DE;DJ;DK;DM;DO;DZ;EC;EE;EG;EH;ER;ES;ET;FI;FJ;FK;FM;FO;FR;GA;GB;GD;GE;GF;GG;GH;GI;GL;GM;GN;GP;GQ;GR;GS;GT;GU;GW;GY;HK;HM;HN;HR;HT;HU;ID;IE;IL;IM;IN;IO;IQ;IR;IS;IT;JE;JM;JO;JP;KE;KG;KH;KI;KM;KN;KP;KR;KW;KY;KZ;LA;LB;LC;LI;LK;LR;LS;LT;LU;LV;LY;MA;MC;MD;ME;MF;MG;MH;MK;ML;MM;MN;MO;MP;MQ;MR;MS;MT;MU;MV;MW;MX;MY;MZ;NA;NC;NE;NF;NG;NI;NL;NO;NP;NR;NU;NZ;OM;PA;PE;PF;PG;PH;PK;PL;PM;PN;PR;PS;PT;PW;PY;QA;RE;RO;RS;RU;RW;SA;SB;SC;SD;SE;SG;SH;SI;SJ;SK;SL;SM;SN;SO;SR;SS;ST;SV;SX;SY;SZ;TC;TD;TF;TG;TH;TJ;TK;TL;TM;TN;TO;TR;TT;TV;TW;TZ;UA;UG;UM;US;UY;UZ;VA;VC;VE;VG;VI;VN;VU;WF;WS;YE;YT;ZA;ZM;ZW,"Distribution availability, not artist nationality or audience geography.",At Vance; Heart of Steel; S.O.S.,https://music.youtube.com/watch?v=Y06yUTCsXyU,True,False,False,True,False,False,True,True,False,False,OK,True,INDIFFERENT,False,https://i.ytimg.com/vi/Y06yUTCsXyU/maxresdefault.jpg,"[{""url"": ""https://yt3.googleusercontent.com/vuHgPMxMAT76K08_tcDU6njxRMT7qGjAqqWrwPzbiQBT0kayh3ZFN-WK73AAkKic_hbTgL6WunctRsA=w60-h60-l90-rj"", ""width"": 60, ""height"": 60}, {""url"": ""https://yt3.googleusercontent.com/vuHgPMxMAT76K08_tcDU6njxRMT7qGjAqqWrwPzbiQBT0kayh3ZFN-WK73AAkKic_hbTgL6WunctRsA=w120-h120-l90-rj"", ""width"": 120, ""height"": 120}]",,,,YouTube Music internal web API via ytmusicapi; personalized playlist fetched with named auth profile.,27.0,11.666667,5.124328124,cumulative views of the exact recommended YouTube video,133146,5.124328124,Middle,Middle,"Frozen 83-song candidate pool captured 2026-06-29T19:44:09+00:00; Low <=7,505; lower buffer 7,506-19,756; Middle 19,757-243,792; upper buffer 243,793-1,223,809; High >=1,223,810 views.","Use view_count or popularity_log10_view_count for comparisons across users, weeks, and the original playlist. Do not use the within-Discover-Mix rank or percentile for cross-playlist comparisons because those are recalculated separately inside every 30-song mix.",Popularity is for the exact recommended video ID. Report or control video_type because this item is MUSIC_VIDEO_TYPE_ATV; ATV denotes an Art Track and OMV an official music video.
2026-08-24T12:43:12+00:00,user_09,Aygun Karca,Discover Mix,RDTMAK5uy_n_5IN6hzAOwdCnM8D8rzrs3vDl12UcZpA,https://music.youtube.com/playlist?list=RDTMAK5uy_n_5IN6hzAOwdCnM8D8rzrs3vDl12UcZpA,,,200,30,30,Collector records only the first 30 tracks. YouTube Music's browse response may still include more tracks in the raw API payload.,,52455,"Discover great music, picked just for you. Always updating.",17,C7Z-IP2onYQ,https://music.youtube.com/watch?v=C7Z-IP2onYQ,https://www.youtube.com/watch?v=C7Z-IP2onYQ,Eye of the Storm,Battle Beast,UCXNUOxaWLAyz8z2snld0o9A,"[{""id"": ""UCXNUOxaWLAyz8z2snld0o9A"", ""name"": ""Battle Beast"", ""subscribers_display"": ""90.4K"", ""subscribers_approx"": 90400, ""channel_views"": 93945271, ""description"": ""Line-up:\nNoora Louhimo | vocals\nJoona Björkroth | guitars\nJuuso Soinio | guitars\nEero Sipilä | bass\nJanne Björkroth | keyboards\nPyry Vikky | drums\n\n“100% heavy metal - 0% bullshit!” - BATTLE BEAST’s formula is simple, but very effective; and with their enormously catchy, riff-laden songs coupled with Noora Louhimo’s unique voice, these young Finns have become a flagship of modern heavy metal over the past few years.\n\nHaving only formed in 2008, BATTLE BEAST signed a record detail with the renown German metal label Nuclear Blast in 2011. The unleashing of their acclaimed debut »Steel« (2012), won the band a support slot for their labelmates NIGHTWISH. Frontwoman Noora Louhimo finally joined the band in 2012 and the band’s self-titled record (2013) was released shortly afterwards. BATTLE BEAST then got the opportunity to open for bands such as SONATA ARCTICA and POWERWOLF on extensive runs. Their ascent up the metal ladder was quick and the band’s 3rd studio album »Unholy Savior«, achieved remarkable chart positions all over Europe (#1 Finland, #23 UK Rock, #39 Germany etc.). This release was accompanied by another big European tour, but this time with Swedish heavy metal heroes SABATON and DELAIN. BATTLE BEAST’s very first headline run throughout the Continent rounded off their »Unholy Savior« touring cycle.\n\nBut the band didn’t rest on their well-deserved laurels and instead made 2017 the most successful year in their still rather short history by forging their 4th powerful piece of heavy metal, »Bringer Of Pain«. The record also marked BATTLE BEAST’s first output without their original songwriter Anton Kabanen. The achievements of the previous album were topped: #1 in Finland, #14 in Germany plus several entries in countries where they had never hit the album charts before. The band’s 2ndEuropean headlining trek, this time supported by MAJESTY and GYZE, was the cherry on the 2017 cake. Many shows were sold out and had to be moved to bigger venues! Appearances at festivals such as Bloodstock Open Air (UK), Summer Breeze (D), and Masters of Rock (CZ) and show debuts in various countries and continents faded out this year which went down in history. In April 2018, BATTLE BEAST went on another US tour with KAMELOT and DELAIN, before closing their »Bringer Of Pain« world tour with selected summer festival and club gigs.\n\n…whilst in the silent corners of the band’s tour bus, 11 new hymns have been written for their opus no. 5, entitled »No More Hollywood Endings«. Recorded by keyboardist Janne Björkroth, Viktor Gullichsen and guitarist Joona Björkroth at JKB Studios; the record was also produced and mixed by Janne. The cover artwork was created by Jan Yrlund (KORPIKLAANI, MANOWAR etc.), who already took care of the »Bringer Of Pain« design.\n\nBut not all has been done the old way, there’s also a lot of fresh blood on the sextet’s forthcoming record: “The heavy songs are heavier, pop-delights brighter, rock vibes stronger, and sounds richer than before. The emotional scale is wider, and everything is bigger,” adds Janne.\n\nAnd the record immediately proves the keyboardists promise! It begins with the driving opening track 'Unbroken', graced with orchestral elements, which have been recorded by a real string ensemble this time. Up next, the first single and title track 'No More Hollywood Endings', which takes the fans by surprise with its extravagant lead melodies; followed by the hymnic stadium rocker 'Eden' and the heavily 80’s breathing 'Unfairy Tales', the listener arrives at 'Endless Summer', delivering one of Noora’s most soulful performances. Kicking off the 2nd half of the record with an old-school 8-bit music intro, ‘The Hero’ speeds up the tempo again and leads into the next banger, 'Piece Of Me'. Also packed with an orchestral chorus is 'I Wish', the ballad of the album, right before the duo 'Raise Your Fists' and 'The Golden Horde' gallops towards the glorious closing track in which BATTLE BEAST literally set the 'World On Fire'.\n\n“BATTLE BEAST have a shiny new skin and we’re going to present it with pride. With music even more empowering, theatrical and emotionally charged, this is going to be the most exciting adventure for BATTLE BEAST listeners since we started. Just wait until you experience the new material live. Come and see how the beast has been born again!” comments Noora.\n\nWith »No More Hollywood Endings«, the group cements their status as unstoppable force, showcasing their magic touch for writing endlessly catchy songs once again, without repeating themselves. This record includes everything the band needed to take the next step to conquer the big halls of the world. In the end, one thing’s for sure: Although BATTLE BEAST’s new record may not purely contain “100% heavy metal”, but definitely “0% bullshit”!"", ""song_shelf_count"": 5, ""album_shelf_count"": 8, ""single_shelf_count"": 7, ""video_shelf_count"": 10, ""lookup_error"": """"}]",UCXNUOxaWLAyz8z2snld0o9A,Battle Beast,90.4K,90400,93945271,"Line-up:
Noora Louhimo | vocals
Joona Björkroth | guitars
Juuso Soinio | guitars
Eero Sipilä | bass
Janne Björkroth | keyboards
Pyry Vikky | drums

“100% heavy metal - 0% bullshit!” - BATTLE BEAST’s formula is simple, but very effective; and with their enormously catchy, riff-laden songs coupled with Noora Louhimo’s unique voice, these young Finns have become a flagship of modern heavy metal over the past few years.

Having only formed in 2008, BATTLE BEAST signed a record detail with the renown German metal label Nuclear Blast in 2011. The unleashing of their acclaimed debut »Steel« (2012), won the band a support slot for their labelmates NIGHTWISH. Frontwoman Noora Louhimo finally joined the band in 2012 and the band’s self-titled record (2013) was released shortly afterwards. BATTLE BEAST then got the opportunity to open for bands such as SONATA ARCTICA and POWERWOLF on extensive runs. Their ascent up the metal ladder was quick and the band’s 3rd studio album »Unholy Savior«, achieved remarkable chart positions all over Europe (#1 Finland, #23 UK Rock, #39 Germany etc.). This release was accompanied by another big European tour, but this time with Swedish heavy metal heroes SABATON and DELAIN. BATTLE BEAST’s very first headline run throughout the Continent rounded off their »Unholy Savior« touring cycle.

But the band didn’t rest on their well-deserved laurels and instead made 2017 the most successful year in their still rather short history by forging their 4th powerful piece of heavy metal, »Bringer Of Pain«. The record also marked BATTLE BEAST’s first output without their original songwriter Anton Kabanen. The achievements of the previous album were topped: #1 in Finland, #14 in Germany plus several entries in countries where they had never hit the album charts before. The band’s 2ndEuropean headlining trek, this time supported by MAJESTY and GYZE, was the cherry on the 2017 cake. Many shows were sold out and had to be moved to bigger venues! Appearances at festivals such as Bloodstock Open Air (UK), Summer Breeze (D), and Masters of Rock (CZ) and show debuts in various countries and continents faded out this year which went down in history. In April 2018, BATTLE BEAST went on another US tour with KAMELOT and DELAIN, before closing their »Bringer Of Pain« world tour with selected summer festival and club gigs.

…whilst in the silent corners of the band’s tour bus, 11 new hymns have been written for their opus no. 5, entitled »No More Hollywood Endings«. Recorded by keyboardist Janne Björkroth, Viktor Gullichsen and guitarist Joona Björkroth at JKB Studios; the record was also produced and mixed by Janne. The cover artwork was created by Jan Yrlund (KORPIKLAANI, MANOWAR etc.), who already took care of the »Bringer Of Pain« design.

But not all has been done the old way, there’s also a lot of fresh blood on the sextet’s forthcoming record: “The heavy songs are heavier, pop-delights brighter, rock vibes stronger, and sounds richer than before. The emotional scale is wider, and everything is bigger,” adds Janne.

And the record immediately proves the keyboardists promise! It begins with the driving opening track 'Unbroken', graced with orchestral elements, which have been recorded by a real string ensemble this time. Up next, the first single and title track 'No More Hollywood Endings', which takes the fans by surprise with its extravagant lead melodies; followed by the hymnic stadium rocker 'Eden' and the heavily 80’s breathing 'Unfairy Tales', the listener arrives at 'Endless Summer', delivering one of Noora’s most soulful performances. Kicking off the 2nd half of the record with an old-school 8-bit music intro, ‘The Hero’ speeds up the tempo again and leads into the next banger, 'Piece Of Me'. Also packed with an orchestral chorus is 'I Wish', the ballad of the album, right before the duo 'Raise Your Fists' and 'The Golden Horde' gallops towards the glorious closing track in which BATTLE BEAST literally set the 'World On Fire'.

“BATTLE BEAST have a shiny new skin and we’re going to present it with pride. With music even more empowering, theatrical and emotionally charged, this is going to be the most exciting adventure for BATTLE BEAST listeners since we started. Just wait until you experience the new material live. Come and see how the beast has been born again!” comments Noora.

With »No More Hollywood Endings«, the group cements their status as unstoppable force, showcasing their magic touch for writing endlessly catchy songs once again, without repeating themselves. This record includes everything the band needed to take the next step to conquer the big halls of the world. In the end, one thing’s for sure: Although BATTLE BEAST’s new record may not purely contain “100% heavy metal”, but definitely “0% bullshit”!",5,8,7,10,,,,,,,,,,,4:35,275,MUSIC_VIDEO_TYPE_OMV,9895823,,ytmusicapi player response videoDetails.viewCount,,,Not exposed by this YouTube Music endpoint; official YouTube Data API credentials are required.,Music,2021-11-26T02:00:09-08:00,2021-11-26T02:00:09-08:00,Nuclear Blast Records,UCoxg3Kml41wE3IPq-PC-LQw,http://www.youtube.com/@NuclearBlastRecords,249,AD;AE;AF;AG;AI;AL;AM;AO;AQ;AR;AS;AT;AU;AW;AX;AZ;BA;BB;BD;BE;BF;BG;BH;BI;BJ;BL;BM;BN;BO;BQ;BR;BS;BT;BV;BW;BY;BZ;CA;CC;CD;CF;CG;CH;CI;CK;CL;CM;CN;CO;CR;CU;CV;CW;CX;CY;CZ;DE;DJ;DK;DM;DO;DZ;EC;EE;EG;EH;ER;ES;ET;FI;FJ;FK;FM;FO;FR;GA;GB;GD;GE;GF;GG;GH;GI;GL;GM;GN;GP;GQ;GR;GS;GT;GU;GW;GY;HK;HM;HN;HR;HT;HU;ID;IE;IL;IM;IN;IO;IQ;IR;IS;IT;JE;JM;JO;JP;KE;KG;KH;KI;KM;KN;KP;KR;KW;KY;KZ;LA;LB;LC;LI;LK;LR;LS;LT;LU;LV;LY;MA;MC;MD;ME;MF;MG;MH;MK;ML;MM;MN;MO;MP;MQ;MR;MS;MT;MU;MV;MW;MX;MY;MZ;NA;NC;NE;NF;NG;NI;NL;NO;NP;NR;NU;NZ;OM;PA;PE;PF;PG;PH;PK;PL;PM;PN;PR;PS;PT;PW;PY;QA;RE;RO;RS;RU;RW;SA;SB;SC;SD;SE;SG;SH;SI;SJ;SK;SL;SM;SN;SO;SR;SS;ST;SV;SX;SY;SZ;TC;TD;TF;TG;TH;TJ;TK;TL;TM;TN;TO;TR;TT;TV;TW;TZ;UA;UG;UM;US;UY;UZ;VA;VC;VE;VG;VI;VN;VU;WF;WS;YE;YT;ZA;ZM;ZW,"Distribution availability, not artist nationality or audience geography.",,https://music.youtube.com/watch?v=C7Z-IP2onYQ,True,False,False,True,False,False,True,True,False,,OK,True,INDIFFERENT,False,https://i.ytimg.com/vi/C7Z-IP2onYQ/maxresdefault.jpg,"[{""url"": ""https://i.ytimg.com/vi/C7Z-IP2onYQ/hqdefault.jpg?sqp=-oaymwEWCJADEOEBIAQqCggAEOADGC0guwJIWg&rs=AMzJL3mQYRwKXktIINwT-mYc1jrlh4rrPQ"", ""width"": 400, ""height"": 225}]",,,missing album browse id,YouTube Music internal web API via ytmusicapi; personalized playlist fetched with named auth profile.,7.0,78.333333,6.995451919,cumulative views of the exact recommended YouTube video,9895823,6.995451919,High,High,"Frozen 83-song candidate pool captured 2026-06-29T19:44:09+00:00; Low <=7,505; lower buffer 7,506-19,756; Middle 19,757-243,792; upper buffer 243,793-1,223,809; High >=1,223,810 views.","Use view_count or popularity_log10_view_count for comparisons across users, weeks, and the original playlist. Do not use the within-Discover-Mix rank or percentile for cross-playlist comparisons because those are recalculated separately inside every 30-song mix.",Popularity is for the exact recommended video ID. Report or control video_type because this item is MUSIC_VIDEO_TYPE_OMV; ATV denotes an Art Track and OMV an official music video.
2026-08-24T12:43:12+00:00,user_09,Aygun Karca,Discover Mix,RDTMAK5uy_n_5IN6hzAOwdCnM8D8rzrs3vDl12UcZpA,https://music.youtube.com/playlist?list=RDTMAK5uy_n_5IN6hzAOwdCnM8D8rzrs3vDl12UcZpA,,,200,30,30,Collector records only the first 30 tracks. YouTube Music's browse response may still include more tracks in the raw API payload.,,52455,"Discover great music, picked just for you. Always updating.",18,vnQobMrDtfg,https://music.youtube.com/watch?v=vnQobMrDtfg,https://www.youtube.com/watch?v=vnQobMrDtfg,For the Love of Metal,Dee Snider,UCkoUQYpLvwuDYfETd1iGqKQ,"[{""id"": ""UCkoUQYpLvwuDYfETd1iGqKQ"", ""name"": ""Dee Snider"", ""subscribers_display"": ""31.3K"", ""subscribers_approx"": 31300, ""channel_views"": 6719474, ""description"": ""Daniel \""Dee\"" Snider is an American musician, radio, and television personality best known as the former lead singer and songwriter of the heavy metal band Twisted Sister. The band's 1984 song \""We're Not Gonna Take It\"" reached No. 21 on the Billboard Hot 100 singles chart and was ranked No. 47 on 100 Greatest '80s Songs. Snider later formed and was the lead singer in the heavy metal bands Desperado, Widowmaker, and SMFs. He also released several solo albums. Snider was ranked #83 in the Hit Parader's Top 100 Metal Vocalists of All Time.\n\nFrom Wikipedia ("", ""song_shelf_count"": 5, ""album_shelf_count"": 8, ""single_shelf_count"": 5, ""video_shelf_count"": 10, ""lookup_error"": """"}]",UCkoUQYpLvwuDYfETd1iGqKQ,Dee Snider,31.3K,31300,6719474,"Daniel ""Dee"" Snider is an American musician, radio, and television personality best known as the former lead singer and songwriter of the heavy metal band Twisted Sister. The band's 1984 song ""We're Not Gonna Take It"" reached No. 21 on the Billboard Hot 100 singles chart and was ranked No. 47 on 100 Greatest '80s Songs. Snider later formed and was the lead singer in the heavy metal bands Desperado, Widowmaker, and SMFs. He also released several solo albums. Snider was ranked #83 in the Hit Parader's Top 100 Metal Vocalists of All Time.

From Wikipedia (",5,8,5,10,,,,,,,,,,,4:31,271,MUSIC_VIDEO_TYPE_OMV,1745738,,ytmusicapi player response videoDetails.viewCount,,,Not exposed by this YouTube Music endpoint; official YouTube Data API credentials are required.,Music,2018-12-07T10:05:35-08:00,2018-12-07T10:05:35-08:00,Napalm Records,UCG7AaCh_CiG6pq_rRDNw72A,http://www.youtube.com/@napalmrecords,249,AD;AE;AF;AG;AI;AL;AM;AO;AQ;AR;AS;AT;AU;AW;AX;AZ;BA;BB;BD;BE;BF;BG;BH;BI;BJ;BL;BM;BN;BO;BQ;BR;BS;BT;BV;BW;BY;BZ;CA;CC;CD;CF;CG;CH;CI;CK;CL;CM;CN;CO;CR;CU;CV;CW;CX;CY;CZ;DE;DJ;DK;DM;DO;DZ;EC;EE;EG;EH;ER;ES;ET;FI;FJ;FK;FM;FO;FR;GA;GB;GD;GE;GF;GG;GH;GI;GL;GM;GN;GP;GQ;GR;GS;GT;GU;GW;GY;HK;HM;HN;HR;HT;HU;ID;IE;IL;IM;IN;IO;IQ;IR;IS;IT;JE;JM;JO;JP;KE;KG;KH;KI;KM;KN;KP;KR;KW;KY;KZ;LA;LB;LC;LI;LK;LR;LS;LT;LU;LV;LY;MA;MC;MD;ME;MF;MG;MH;MK;ML;MM;MN;MO;MP;MQ;MR;MS;MT;MU;MV;MW;MX;MY;MZ;NA;NC;NE;NF;NG;NI;NL;NO;NP;NR;NU;NZ;OM;PA;PE;PF;PG;PH;PK;PL;PM;PN;PR;PS;PT;PW;PY;QA;RE;RO;RS;RU;RW;SA;SB;SC;SD;SE;SG;SH;SI;SJ;SK;SL;SM;SN;SO;SR;SS;ST;SV;SX;SY;SZ;TC;TD;TF;TG;TH;TJ;TK;TL;TM;TN;TO;TR;TT;TV;TW;TZ;UA;UG;UM;US;UY;UZ;VA;VC;VE;VG;VI;VN;VU;WF;WS;YE;YT;ZA;ZM;ZW,"Distribution availability, not artist nationality or audience geography.",Napalm; Records; Channel; Dee Snider; Dee; Snider; For The Love Of Metal; Twisted Sister; Jamey Jasta; Napalm Records; Metal; heavy metal,https://music.youtube.com/watch?v=vnQobMrDtfg,True,False,False,True,False,False,True,True,False,,OK,True,INDIFFERENT,False,https://i.ytimg.com/vi/vnQobMrDtfg/maxresdefault.jpg?sqp=-oaymwEmCIAKENAF8quKqQMa8AEB-AH-CYAC0AWKAgwIABABGGUgXShKMA8=&rs=AOn4CLAHrMvhNx9n4QwOWj7bFg9oFYNrng,"[{""url"": ""https://i.ytimg.com/vi/vnQobMrDtfg/hqdefault.jpg?sqp=-oaymwEWCJADEOEBIAQqCggAEOADGC0guwJIWg&rs=AMzJL3ldW9xozBc9nFT593ZsiFnyvFAiVg"", ""width"": 400, ""height"": 225}]",,,missing album browse id,YouTube Music internal web API via ytmusicapi; personalized playlist fetched with named auth profile.,16.0,48.333333,6.241979065,cumulative views of the exact recommended YouTube video,1745738,6.241979065,High,High,"Frozen 83-song candidate pool captured 2026-06-29T19:44:09+00:00; Low <=7,505; lower buffer 7,506-19,756; Middle 19,757-243,792; upper buffer 243,793-1,223,809; High >=1,223,810 views.","Use view_count or popularity_log10_view_count for comparisons across users, weeks, and the original playlist. Do not use the within-Discover-Mix rank or percentile for cross-playlist comparisons because those are recalculated separately inside every 30-song mix.",Popularity is for the exact recommended video ID. Report or control video_type because this item is MUSIC_VIDEO_TYPE_OMV; ATV denotes an Art Track and OMV an official music video.
2026-08-24T12:43:12+00:00,user_09,Aygun Karca,Discover Mix,RDTMAK5uy_n_5IN6hzAOwdCnM8D8rzrs3vDl12UcZpA,https://music.youtube.com/playlist?list=RDTMAK5uy_n_5IN6hzAOwdCnM8D8rzrs3vDl12UcZpA,,,200,30,30,Collector records only the first 30 tracks. YouTube Music's browse response may still include more tracks in the raw API payload.,,52455,"Discover great music, picked just for you. Always updating.",19,ofE7GYuhle0,https://music.youtube.com/watch?v=ofE7GYuhle0,https://www.youtube.com/watch?v=ofE7GYuhle0,King of Fools,Edguy,UCAMgiVHUhXSfF2saNgAEH7A,"[{""id"": ""UCAMgiVHUhXSfF2saNgAEH7A"", ""name"": ""Edguy"", ""subscribers_display"": ""52.2K"", ""subscribers_approx"": 52200, ""channel_views"": null, ""description"": null, ""song_shelf_count"": 5, ""album_shelf_count"": 0, ""single_shelf_count"": 7, ""video_shelf_count"": 10, ""lookup_error"": """"}]",UCAMgiVHUhXSfF2saNgAEH7A,Edguy,52.2K,52200,,,5,0,7,10,,,,,,,,,,,3:36,216,MUSIC_VIDEO_TYPE_OMV,3324863,,ytmusicapi player response videoDetails.viewCount,,,Not exposed by this YouTube Music endpoint; official YouTube Data API credentials are required.,Music,2011-01-20T05:53:39-08:00,2011-01-20T05:53:39-08:00,Nuclear Blast Records,UCoxg3Kml41wE3IPq-PC-LQw,http://www.youtube.com/@NuclearBlastRecords,249,AD;AE;AF;AG;AI;AL;AM;AO;AQ;AR;AS;AT;AU;AW;AX;AZ;BA;BB;BD;BE;BF;BG;BH;BI;BJ;BL;BM;BN;BO;BQ;BR;BS;BT;BV;BW;BY;BZ;CA;CC;CD;CF;CG;CH;CI;CK;CL;CM;CN;CO;CR;CU;CV;CW;CX;CY;CZ;DE;DJ;DK;DM;DO;DZ;EC;EE;EG;EH;ER;ES;ET;FI;FJ;FK;FM;FO;FR;GA;GB;GD;GE;GF;GG;GH;GI;GL;GM;GN;GP;GQ;GR;GS;GT;GU;GW;GY;HK;HM;HN;HR;HT;HU;ID;IE;IL;IM;IN;IO;IQ;IR;IS;IT;JE;JM;JO;JP;KE;KG;KH;KI;KM;KN;KP;KR;KW;KY;KZ;LA;LB;LC;LI;LK;LR;LS;LT;LU;LV;LY;MA;MC;MD;ME;MF;MG;MH;MK;ML;MM;MN;MO;MP;MQ;MR;MS;MT;MU;MV;MW;MX;MY;MZ;NA;NC;NE;NF;NG;NI;NL;NO;NP;NR;NU;NZ;OM;PA;PE;PF;PG;PH;PK;PL;PM;PN;PR;PS;PT;PW;PY;QA;RE;RO;RS;RU;RW;SA;SB;SC;SD;SE;SG;SH;SI;SJ;SK;SL;SM;SN;SO;SR;SS;ST;SV;SX;SY;SZ;TC;TD;TF;TG;TH;TJ;TK;TL;TM;TN;TO;TR;TT;TV;TW;TZ;UA;UG;UM;US;UY;UZ;VA;VC;VE;VG;VI;VN;VU;WF;WS;YE;YT;ZA;ZM;ZW,"Distribution availability, not artist nationality or audience geography.",Edguy (Musical Group); Nuclear Blast (Organization); metal; Heavy Metal (Musical Genre); Power Metal (Musical Genre); Tobias Sammet; Felix Bohnke; Jens Ludwig; Dirk Sauer; Tobias Exxel; official music video; King Of Fools (Musical Album); Hellfire Club (Musical Album),https://music.youtube.com/watch?v=ofE7GYuhle0,True,False,False,True,False,False,True,True,False,,OK,True,INDIFFERENT,False,https://i.ytimg.com/vi/ofE7GYuhle0/hqdefault.jpg,"[{""url"": ""https://i.ytimg.com/vi/ofE7GYuhle0/hqdefault.jpg?sqp=-oaymwEWCJADEOEBIAQqCggAEOADGC0guwJIWg&rs=AMzJL3lTN3CC3M9YWYvQk9UBNlZouBeVSQ"", ""width"": 400, ""height"": 225}]",,,missing album browse id,YouTube Music internal web API via ytmusicapi; personalized playlist fetched with named auth profile.,12.0,61.666667,6.521773755,cumulative views of the exact recommended YouTube video,3324863,6.521773755,High,High,"Frozen 83-song candidate pool captured 2026-06-29T19:44:09+00:00; Low <=7,505; lower buffer 7,506-19,756; Middle 19,757-243,792; upper buffer 243,793-1,223,809; High >=1,223,810 views.","Use view_count or popularity_log10_view_count for comparisons across users, weeks, and the original playlist. Do not use the within-Discover-Mix rank or percentile for cross-playlist comparisons because those are recalculated separately inside every 30-song mix.",Popularity is for the exact recommended video ID. Report or control video_type because this item is MUSIC_VIDEO_TYPE_OMV; ATV denotes an Art Track and OMV an official music video.
2026-08-24T12:43:12+00:00,user_09,Aygun Karca,Discover Mix,RDTMAK5uy_n_5IN6hzAOwdCnM8D8rzrs3vDl12UcZpA,https://music.youtube.com/playlist?list=RDTMAK5uy_n_5IN6hzAOwdCnM8D8rzrs3vDl12UcZpA,,,200,30,30,Collector records only the first 30 tracks. YouTube Music's browse response may still include more tracks in the raw API payload.,,52455,"Discover great music, picked just for you. Always updating.",20,Sjrnr9ukdiU,https://music.youtube.com/watch?v=Sjrnr9ukdiU,https://www.youtube.com/watch?v=Sjrnr9ukdiU,Gandalf's Rebirth,Blind Guardian,UCevshEcA1yKVc0uucxo4dfg,"[{""id"": ""UCevshEcA1yKVc0uucxo4dfg"", ""name"": ""Blind Guardian"", ""subscribers_display"": ""202K"", ""subscribers_approx"": 202000, ""channel_views"": 124869988, ""description"": ""With a steady evolution from their early days as a speed metal band to their current, renowned musical alchemy of glory, drama, and grandiosity, Germany’s BLIND GUARDIAN have long since made their mark as the world’s definitive melodic/progressive rock band. \n\n\nFor many, they need no introduction, as the band possesses a track record and back catalogue of classic staples that perhaps only Iron Maiden can match. Called everything from heavy metal bards to modern day minstrels, BLIND GUARDIAN possess the ability to transport their legions of fans to new landscapes with their majestic songwriting, fantastically themed lyrics, and their meticulous, emotion-packed music. \nFounded under the name Lucifer’s Heritage in Krefeld, Germany by vocalist & bassist Hansi Kürsch, lead guitarist André Olbrich, rhythm guitarist Marcus Dork, and drummer Thomen Stauch, the band released only two demos – 1985’s Symphonies Of Doom and 1986’s Battalions Of Fear - before landing a record deal with Remorse Records. \n\nInspired by the Fates Warning album, Awaken The Guardian, band members decided to change their name to BLIND GUARDIAN and soon acquired new rhythm guitarist Marcus Siepen. Produced by Kalle Trapp (Saxon, Grave Digger), their 1988 debut album,Battalions Of Fear, (info | shop) showed a heavy influence by Iron Maiden and Helloween. \n\nOn 1989’s Follow The Blind (also produced by Trapp, info | shop), they leaned toward Testament’s musical direction, but also experimented with orchestral parts for the first time. More significantly, the album served as their introduction to the Japanese market where they ranked high on the import charts for half a year, poising them for a possible breakthrough with their third release. \n\nThe band’s reputation continued to grow via word-of-mouth, and when Tales From The Twilight World (info | shop) sold 30,000 copies in their home country alone, BLIND GUARDIAN reached the critical juncture in their career they had hoped for. Not only did they feel they had become better musicians and songwriters; they also penned a very distinct sound in the process, and record labels across Europe began courting them. Signing with Virgin Records in 1992, they were one of the very few metal bands to be signed on a major label. \n\nTheir Virgin debut, Somewhere Far Beyond, (info | shop) sold over 130,000 copies. After entering the international charts, BLIND GUARDIAN took their first trip to Japan to record their first live album, Tokyo Tales (info | shop). Playing two sold-out audiences to over 4,000 enthused fans, the show captured how strong, special, and symbiotic the relationship between artist and audience can be. \n\nThe summer of 1994 had BLIND GUARDIAN traveling to Sweet Silence Studios in Denmark to work with Flemming Rasmussen (Metallica) on the Imaginations From The Other Side (info | shop) album. After its release, they toured throughout Europe and secured themselves a very special international honor: they became the third-ever heavy metal band (after Metallica and Bon Jovi) to play in Thailand and received a heroes’ welcome into the country. \n\nAt this point in their career and with six successful albums in their discography, BLIND GUARDIAN opted not to release a standard “Best Of” compilation. Instead, to give their fans something truly special, they assembled The Forgotten Tales (info | shop) in 1996, a collection of a few cover songs (“Surfin’ USA,” “Barbara Ann,” and “Long Tall Sally”), a live version of the fan favorite “The Bard’s Song,” plus four acoustic versions and one orchestral arrangement of previously released BLIND GUARDIAN songs. \n\nSelf-professed perfectionists, BLIND GUARDIAN were becoming known for making fans wait a few years for a new album. Honing their creative talents with the production assistance of Rasmussen and drawing major inspiration from J.R.R. Tolkien’s book The Silmarillion, 1998’s Nightfall In Middle-Earth (info | shop) quickly became regarded as a pinnacle achievement in the band’s career. This carefully constructed collection of twenty-two tracks harnessed not only power and speed, but opulent orchestral arrangements, renaissance-styled acoustic sequences, spoken word, and flute & violin passages, all complemented by the jovial stroke of a traveling troubadour’s effervescent spirit. \n\nIn Europe, BLIND GUARDIAN toured more than ever before, and performed for the first time in new territories such as México, Brazil, and Argentina. While the band was on the road gathering momentum and adding to their ever-expanding fan base, the demand for BLIND GUARDIAN’s music in new markets continued to grow. Thanks to a licensing deal with Century Media Records, Nightfall became the band’s first official release in North America and landed on the Billboard charts. Nightfall went on to sell over 300,000 copies worldwide. Securing a loyal international audience and increasing their album sales over ten times with six studio albums, BLIND GUARDIAN’s obviously lively combination of talent, drive, and unified vision helped them earn their laurels of success and granted them a much-revered reputation in the power metal realm that continues to this day. \nMaking good on a promise made in the spring of 1997, vocalist Hansi Kürsch flew over to the U.S. in June of 1999 to team up with Iced Earth songwriter & guitarist and long-time friend Jon Schaffer on the Demons & Wizards project (the two first met while on tour together in Europe and began a lasting friendship). After the self-titled album was released in early 2000 and following a short European D&W summer tour, BLIND GUARDIAN began to resume work on their seventh studio album, A Night At The Opera (info | shop). \n\nWith the amount of work ahead of them due to their extensive tracking and the epic nature of the band’s musical orchestrations, the album took nearly seventeen months to complete. Teaming up with producer Charlie Bauerfeind (Helloween, Gamma Ray, Angra) at the band’s own Twilight Hall Studios in Grefrath-Oedt, Germany, the new material showcased a more aggressive version of Kürsch’s strongly emotive vocals, and cleaner, down-tuned guitar sounds. While the storytelling aspect of the band and the epic & grandiose studio performances remained intact, noticeably absent were the Tolkien-themed lyrics, but that would prove to be no hindrance to the success that waited them. \nThe band’s first-ever North American single, “And Then There Was Silence,” (which clocked in at over fourteen minutes, featured fifty vocal tracks, thirty guitar tracks, and took over four months to record) debuted on Billboard’s Top 200 Singles chart with no radio airplay. \nMetal Maniacs hailed BLIND GUARDIAN as “one of the few bands that consistently create 10-plus minute epics that never bore.” A Night At The Opera went on to debut at #37 on the Billboard Top Independent Albums chart, secured the #1 album position in Greece, #5 in Germany, #8 in Spain, and entered the Top 100 charts in Sweden, Italy, Austria, and France. Scoring a 9.5 out of 10 review and called “a pervasive and perennial slice of metal’s past, present, and future” by Brave Words and Bloody Knuckles Magazine, it went on to receive universal praise as one of the best albums in its genre. \nEven Billboard Magazine praised the band’s “larger-than-life sound, which incorporates the harmonies and drama of Queen with an aggressive, modern sensibility.” The success of the album brought BLIND GUARDIAN over to North America for the first time, launched with an appearance at Atlanta, Georgia’s sold-out ProgPower III festival plus additional sold-out shows in major cities. \n\nSparked by the avid interest of their fervent, ever-growing fan base to see the band perform in a live setting (laying credence to Metal Edge’s claim that the band has “reinvented classic metal for a younger audience”), BLIND GUARDIAN released a 2-CD live album, Live (info | shop), in 2003 and a double-disc DVD, Imaginations Through The Looking Glass, in 2004. \nOf note is that the latter was filmed at the first-ever, two-day BLIND GUARDIAN Open Air Festival in Coburg, Germany with the career-spanning set list voted upon entirely by fans before the festival, which ultimately translated into a truly vociferous crowd of over 6,000 on both days. \n\nEarly 2005 brought along several significant changes for BLIND GUARDIAN. In addition to signing with Nuclear Blast Records, the band - who managed to keep the same line-up for almost two decades - welcomed new drummer Fredrik Ehmke into the fold following the departure of Thomen Stauch. Once again joined by producer Charlie Bauerfeind at Twilight Hall Studios and diving into production for their eighth studio album, the band set out to create another album’s worth of grandeur. \n\nThe invigorating music on A Twist In The Myth (info | shop) satisfied on all counts, as demonstrated by the success of the “Fly” single, which debuted at very impressive international chart positions: #1 in Japan; #4 in Spain & Hungary; #29 in Sweden; #32 in Germany; #52 in Austria; and #94 in Switzerland. Debuting at #21 on the Billboard Top Independent Albums and "", ""song_shelf_count"": 5, ""album_shelf_count"": 10, ""single_shelf_count"": 9, ""video_shelf_count"": 10, ""lookup_error"": """"}]",UCevshEcA1yKVc0uucxo4dfg,Blind Guardian,202K,202000,124869988,"With a steady evolution from their early days as a speed metal band to their current, renowned musical alchemy of glory, drama, and grandiosity, Germany’s BLIND GUARDIAN have long since made their mark as the world’s definitive melodic/progressive rock band. 


For many, they need no introduction, as the band possesses a track record and back catalogue of classic staples that perhaps only Iron Maiden can match. Called everything from heavy metal bards to modern day minstrels, BLIND GUARDIAN possess the ability to transport their legions of fans to new landscapes with their majestic songwriting, fantastically themed lyrics, and their meticulous, emotion-packed music. 
Founded under the name Lucifer’s Heritage in Krefeld, Germany by vocalist & bassist Hansi Kürsch, lead guitarist André Olbrich, rhythm guitarist Marcus Dork, and drummer Thomen Stauch, the band released only two demos – 1985’s Symphonies Of Doom and 1986’s Battalions Of Fear - before landing a record deal with Remorse Records. 

Inspired by the Fates Warning album, Awaken The Guardian, band members decided to change their name to BLIND GUARDIAN and soon acquired new rhythm guitarist Marcus Siepen. Produced by Kalle Trapp (Saxon, Grave Digger), their 1988 debut album,Battalions Of Fear, (info | shop) showed a heavy influence by Iron Maiden and Helloween. 

On 1989’s Follow The Blind (also produced by Trapp, info | shop), they leaned toward Testament’s musical direction, but also experimented with orchestral parts for the first time. More significantly, the album served as their introduction to the Japanese market where they ranked high on the import charts for half a year, poising them for a possible breakthrough with their third release. 

The band’s reputation continued to grow via word-of-mouth, and when Tales From The Twilight World (info | shop) sold 30,000 copies in their home country alone, BLIND GUARDIAN reached the critical juncture in their career they had hoped for. Not only did they feel they had become better musicians and songwriters; they also penned a very distinct sound in the process, and record labels across Europe began courting them. Signing with Virgin Records in 1992, they were one of the very few metal bands to be signed on a major label. 

Their Virgin debut, Somewhere Far Beyond, (info | shop) sold over 130,000 copies. After entering the international charts, BLIND GUARDIAN took their first trip to Japan to record their first live album, Tokyo Tales (info | shop). Playing two sold-out audiences to over 4,000 enthused fans, the show captured how strong, special, and symbiotic the relationship between artist and audience can be. 

The summer of 1994 had BLIND GUARDIAN traveling to Sweet Silence Studios in Denmark to work with Flemming Rasmussen (Metallica) on the Imaginations From The Other Side (info | shop) album. After its release, they toured throughout Europe and secured themselves a very special international honor: they became the third-ever heavy metal band (after Metallica and Bon Jovi) to play in Thailand and received a heroes’ welcome into the country. 

At this point in their career and with six successful albums in their discography, BLIND GUARDIAN opted not to release a standard “Best Of” compilation. Instead, to give their fans something truly special, they assembled The Forgotten Tales (info | shop) in 1996, a collection of a few cover songs (“Surfin’ USA,” “Barbara Ann,” and “Long Tall Sally”), a live version of the fan favorite “The Bard’s Song,” plus four acoustic versions and one orchestral arrangement of previously released BLIND GUARDIAN songs. 

Self-professed perfectionists, BLIND GUARDIAN were becoming known for making fans wait a few years for a new album. Honing their creative talents with the production assistance of Rasmussen and drawing major inspiration from J.R.R. Tolkien’s book The Silmarillion, 1998’s Nightfall In Middle-Earth (info | shop) quickly became regarded as a pinnacle achievement in the band’s career. This carefully constructed collection of twenty-two tracks harnessed not only power and speed, but opulent orchestral arrangements, renaissance-styled acoustic sequences, spoken word, and flute & violin passages, all complemented by the jovial stroke of a traveling troubadour’s effervescent spirit. 

In Europe, BLIND GUARDIAN toured more than ever before, and performed for the first time in new territories such as México, Brazil, and Argentina. While the band was on the road gathering momentum and adding to their ever-expanding fan base, the demand for BLIND GUARDIAN’s music in new markets continued to grow. Thanks to a licensing deal with Century Media Records, Nightfall became the band’s first official release in North America and landed on the Billboard charts. Nightfall went on to sell over 300,000 copies worldwide. Securing a loyal international audience and increasing their album sales over ten times with six studio albums, BLIND GUARDIAN’s obviously lively combination of talent, drive, and unified vision helped them earn their laurels of success and granted them a much-revered reputation in the power metal realm that continues to this day. 
Making good on a promise made in the spring of 1997, vocalist Hansi Kürsch flew over to the U.S. in June of 1999 to team up with Iced Earth songwriter & guitarist and long-time friend Jon Schaffer on the Demons & Wizards project (the two first met while on tour together in Europe and began a lasting friendship). After the self-titled album was released in early 2000 and following a short European D&W summer tour, BLIND GUARDIAN began to resume work on their seventh studio album, A Night At The Opera (info | shop). 

With the amount of work ahead of them due to their extensive tracking and the epic nature of the band’s musical orchestrations, the album took nearly seventeen months to complete. Teaming up with producer Charlie Bauerfeind (Helloween, Gamma Ray, Angra) at the band’s own Twilight Hall Studios in Grefrath-Oedt, Germany, the new material showcased a more aggressive version of Kürsch’s strongly emotive vocals, and cleaner, down-tuned guitar sounds. While the storytelling aspect of the band and the epic & grandiose studio performances remained intact, noticeably absent were the Tolkien-themed lyrics, but that would prove to be no hindrance to the success that waited them. 
The band’s first-ever North American single, “And Then There Was Silence,” (which clocked in at over fourteen minutes, featured fifty vocal tracks, thirty guitar tracks, and took over four months to record) debuted on Billboard’s Top 200 Singles chart with no radio airplay. 
Metal Maniacs hailed BLIND GUARDIAN as “one of the few bands that consistently create 10-plus minute epics that never bore.” A Night At The Opera went on to debut at #37 on the Billboard Top Independent Albums chart, secured the #1 album position in Greece, #5 in Germany, #8 in Spain, and entered the Top 100 charts in Sweden, Italy, Austria, and France. Scoring a 9.5 out of 10 review and called “a pervasive and perennial slice of metal’s past, present, and future” by Brave Words and Bloody Knuckles Magazine, it went on to receive universal praise as one of the best albums in its genre. 
Even Billboard Magazine praised the band’s “larger-than-life sound, which incorporates the harmonies and drama of Queen with an aggressive, modern sensibility.” The success of the album brought BLIND GUARDIAN over to North America for the first time, launched with an appearance at Atlanta, Georgia’s sold-out ProgPower III festival plus additional sold-out shows in major cities. 

Sparked by the avid interest of their fervent, ever-growing fan base to see the band perform in a live setting (laying credence to Metal Edge’s claim that the band has “reinvented classic metal for a younger audience”), BLIND GUARDIAN released a 2-CD live album, Live (info | shop), in 2003 and a double-disc DVD, Imaginations Through The Looking Glass, in 2004. 
Of note is that the latter was filmed at the first-ever, two-day BLIND GUARDIAN Open Air Festival in Coburg, Germany with the career-spanning set list voted upon entirely by fans before the festival, which ultimately translated into a truly vociferous crowd of over 6,000 on both days. 

Early 2005 brought along several significant changes for BLIND GUARDIAN. In addition to signing with Nuclear Blast Records, the band - who managed to keep the same line-up for almost two decades - welcomed new drummer Fredrik Ehmke into the fold following the departure of Thomen Stauch. Once again joined by producer Charlie Bauerfeind at Twilight Hall Studios and diving into production for their eighth studio album, the band set out to create another album’s worth of grandeur. 

The invigorating music on A Twist In The Myth (info | shop) satisfied on all counts, as demonstrated by the success of the “Fly” single, which debuted at very impressive international chart positions: #1 in Japan; #4 in Spain & Hungary; #29 in Sweden; #32 in Germany; #52 in Austria; and #94 in Switzerland. Debuting at #21 on the Billboard Top Independent Albums and ",5,10,9,10,MPREb_7uYb7y81Juw,Battalions of Fear,Album,1988,13,54 minutes,3247,OLAK5uy_mJ6BzsCe5kurzC46c0VZXyGGrwbT8KAWk,Blind Guardian,"Battalions of Fear is the debut studio album by the German power metal band Blind Guardian, released in 1988. The album is a raw and unpolished speed metal effort that touches on thrash metal. It lacks many of the stylistic flourishes that would mark the band's music in later years, focusing more on speed and aggression. The opening track ""Majesty"" remains a fan favorite and is often featured in the band's live performances. This album was remastered, remixed and re-released on 15 June 2007, with the whole first demo tape, Symphonies of Doom, of the band as part of the bonus tracks. The album was again re-released as part of the A Traveler's Guide to Space and Time boxset with minor adjustments to the mixing and with new mastering.

From Wikipedia (",2:11,131,MUSIC_VIDEO_TYPE_ATV,91366,,ytmusicapi player response videoDetails.viewCount,,,Not exposed by this YouTube Music endpoint; official YouTube Data API credentials are required.,Music,2019-05-14T18:32:13-07:00,2019-05-14T18:32:13-07:00,BLIND GUARDIAN - Topic,UCevshEcA1yKVc0uucxo4dfg,http://www.youtube.com/channel/UCevshEcA1yKVc0uucxo4dfg,249,AD;AE;AF;AG;AI;AL;AM;AO;AQ;AR;AS;AT;AU;AW;AX;AZ;BA;BB;BD;BE;BF;BG;BH;BI;BJ;BL;BM;BN;BO;BQ;BR;BS;BT;BV;BW;BY;BZ;CA;CC;CD;CF;CG;CH;CI;CK;CL;CM;CN;CO;CR;CU;CV;CW;CX;CY;CZ;DE;DJ;DK;DM;DO;DZ;EC;EE;EG;EH;ER;ES;ET;FI;FJ;FK;FM;FO;FR;GA;GB;GD;GE;GF;GG;GH;GI;GL;GM;GN;GP;GQ;GR;GS;GT;GU;GW;GY;HK;HM;HN;HR;HT;HU;ID;IE;IL;IM;IN;IO;IQ;IR;IS;IT;JE;JM;JO;JP;KE;KG;KH;KI;KM;KN;KP;KR;KW;KY;KZ;LA;LB;LC;LI;LK;LR;LS;LT;LU;LV;LY;MA;MC;MD;ME;MF;MG;MH;MK;ML;MM;MN;MO;MP;MQ;MR;MS;MT;MU;MV;MW;MX;MY;MZ;NA;NC;NE;NF;NG;NI;NL;NO;NP;NR;NU;NZ;OM;PA;PE;PF;PG;PH;PK;PL;PM;PN;PR;PS;PT;PW;PY;QA;RE;RO;RS;RU;RW;SA;SB;SC;SD;SE;SG;SH;SI;SJ;SK;SL;SM;SN;SO;SR;SS;ST;SV;SX;SY;SZ;TC;TD;TF;TG;TH;TJ;TK;TL;TM;TN;TO;TR;TT;TV;TW;TZ;UA;UG;UM;US;UY;UZ;VA;VC;VE;VG;VI;VN;VU;WF;WS;YE;YT;ZA;ZM;ZW,"Distribution availability, not artist nationality or audience geography.",Blind Guardian; Battalions of Fear (Remastered 2017); Gandalf's Rebirth (Remastered 2017),https://music.youtube.com/watch?v=Sjrnr9ukdiU,True,False,False,True,False,False,True,True,False,False,OK,True,INDIFFERENT,False,https://i.ytimg.com/vi/Sjrnr9ukdiU/maxresdefault.jpg,"[{""url"": ""https://yt3.googleusercontent.com/N0Jgdp-65YQEAaA1xqQgRksF_bjGlee1eAQUwHZrUI1RmGMfFRUCXxbSC8QFrJnJ4rJz0HkPWHgl3yw6=w60-h60-l90-rj"", ""width"": 60, ""height"": 60}, {""url"": ""https://yt3.googleusercontent.com/N0Jgdp-65YQEAaA1xqQgRksF_bjGlee1eAQUwHZrUI1RmGMfFRUCXxbSC8QFrJnJ4rJz0HkPWHgl3yw6=w120-h120-l90-rj"", ""width"": 120, ""height"": 120}]",,,,YouTube Music internal web API via ytmusicapi; personalized playlist fetched with named auth profile.,30.0,1.666667,4.960784612,cumulative views of the exact recommended YouTube video,91366,4.960784612,Middle,Middle,"Frozen 83-song candidate pool captured 2026-06-29T19:44:09+00:00; Low <=7,505; lower buffer 7,506-19,756; Middle 19,757-243,792; upper buffer 243,793-1,223,809; High >=1,223,810 views.","Use view_count or popularity_log10_view_count for comparisons across users, weeks, and the original playlist. Do not use the within-Discover-Mix rank or percentile for cross-playlist comparisons because those are recalculated separately inside every 30-song mix.",Popularity is for the exact recommended video ID. Report or control video_type because this item is MUSIC_VIDEO_TYPE_ATV; ATV denotes an Art Track and OMV an official music video.
2026-08-24T12:43:12+00:00,user_09,Aygun Karca,Discover Mix,RDTMAK5uy_n_5IN6hzAOwdCnM8D8rzrs3vDl12UcZpA,https://music.youtube.com/playlist?list=RDTMAK5uy_n_5IN6hzAOwdCnM8D8rzrs3vDl12UcZpA,,,200,30,30,Collector records only the first 30 tracks. YouTube Music's browse response may still include more tracks in the raw API payload.,,52455,"Discover great music, picked just for you. Always updating.",21,M-EvFAx0OsE,https://music.youtube.com/watch?v=M-EvFAx0OsE,https://www.youtube.com/watch?v=M-EvFAx0OsE,Viva La Victoria,Eclipse,UCxk24XSTFq3rpuOvZpCESbA,"[{""id"": ""UCxk24XSTFq3rpuOvZpCESbA"", ""name"": ""Eclipse"", ""subscribers_display"": ""9.14K"", ""subscribers_approx"": 9140, ""channel_views"": 13636983, ""description"": ""Eclipse is a Swedish hard rock band from Stockholm, formed in 1999. The band's current lineup consists of vocalist Erik Mårtensson, guitarist Magnus Henriksson, drummer Magnus \""Adde\"" Andreasson and bassist Victor Crusner.\n\nFrom Wikipedia ("", ""song_shelf_count"": 5, ""album_shelf_count"": 9, ""single_shelf_count"": 10, ""video_shelf_count"": 10, ""lookup_error"": """"}]",UCxk24XSTFq3rpuOvZpCESbA,Eclipse,9.14K,9140,13636983,"Eclipse is a Swedish hard rock band from Stockholm, formed in 1999. The band's current lineup consists of vocalist Erik Mårtensson, guitarist Magnus Henriksson, drummer Magnus ""Adde"" Andreasson and bassist Victor Crusner.

From Wikipedia (",5,9,10,10,,,,,,,,,,,3:14,194,MUSIC_VIDEO_TYPE_OMV,3932482,,ytmusicapi player response videoDetails.viewCount,,,Not exposed by this YouTube Music endpoint; official YouTube Data API credentials are required.,Music,2019-08-23T03:00:12-07:00,2019-08-23T03:00:12-07:00,Frontiers Music srl,UCBLAoqCQyz6a0OvwXWzKZag,http://www.youtube.com/@frontiersmusicsrl,249,AD;AE;AF;AG;AI;AL;AM;AO;AQ;AR;AS;AT;AU;AW;AX;AZ;BA;BB;BD;BE;BF;BG;BH;BI;BJ;BL;BM;BN;BO;BQ;BR;BS;BT;BV;BW;BY;BZ;CA;CC;CD;CF;CG;CH;CI;CK;CL;CM;CN;CO;CR;CU;CV;CW;CX;CY;CZ;DE;DJ;DK;DM;DO;DZ;EC;EE;EG;EH;ER;ES;ET;FI;FJ;FK;FM;FO;FR;GA;GB;GD;GE;GF;GG;GH;GI;GL;GM;GN;GP;GQ;GR;GS;GT;GU;GW;GY;HK;HM;HN;HR;HT;HU;ID;IE;IL;IM;IN;IO;IQ;IR;IS;IT;JE;JM;JO;JP;KE;KG;KH;KI;KM;KN;KP;KR;KW;KY;KZ;LA;LB;LC;LI;LK;LR;LS;LT;LU;LV;LY;MA;MC;MD;ME;MF;MG;MH;MK;ML;MM;MN;MO;MP;MQ;MR;MS;MT;MU;MV;MW;MX;MY;MZ;NA;NC;NE;NF;NG;NI;NL;NO;NP;NR;NU;NZ;OM;PA;PE;PF;PG;PH;PK;PL;PM;PN;PR;PS;PT;PW;PY;QA;RE;RO;RS;RU;RW;SA;SB;SC;SD;SE;SG;SH;SI;SJ;SK;SL;SM;SN;SO;SR;SS;ST;SV;SX;SY;SZ;TC;TD;TF;TG;TH;TJ;TK;TL;TM;TN;TO;TR;TT;TV;TW;TZ;UA;UG;UM;US;UY;UZ;VA;VC;VE;VG;VI;VN;VU;WF;WS;YE;YT;ZA;ZM;ZW,"Distribution availability, not artist nationality or audience geography.",Frontiers Records; Frontiers Music; Heavy Metal; Melodic Rock; Eclipse; Eclipse band; Viva La Victoria; Paradigm; New Eclipse song; New Eclipse album; Hard Rock; Erik Mårtensson; Magnus Henriksson; Magnus Ulfstedt; Philip Crusner; Nordic Union; W.E.T.,https://music.youtube.com/watch?v=M-EvFAx0OsE,True,False,False,True,False,False,True,True,False,,OK,True,INDIFFERENT,False,https://i.ytimg.com/vi/M-EvFAx0OsE/maxresdefault.jpg,"[{""url"": ""https://i.ytimg.com/vi/M-EvFAx0OsE/hqdefault.jpg?sqp=-oaymwEWCJADEOEBIAQqCggAEOADGC0guwJIWg&rs=AMzJL3nlyaDKo3L67PIkiN0OJ4c0O-NgIg"", ""width"": 400, ""height"": 225}]",,,missing album browse id,YouTube Music internal web API via ytmusicapi; personalized playlist fetched with named auth profile.,10.0,68.333333,6.594666743,cumulative views of the exact recommended YouTube video,3932482,6.594666743,High,High,"Frozen 83-song candidate pool captured 2026-06-29T19:44:09+00:00; Low <=7,505; lower buffer 7,506-19,756; Middle 19,757-243,792; upper buffer 243,793-1,223,809; High >=1,223,810 views.","Use view_count or popularity_log10_view_count for comparisons across users, weeks, and the original playlist. Do not use the within-Discover-Mix rank or percentile for cross-playlist comparisons because those are recalculated separately inside every 30-song mix.",Popularity is for the exact recommended video ID. Report or control video_type because this item is MUSIC_VIDEO_TYPE_OMV; ATV denotes an Art Track and OMV an official music video.
2026-08-24T12:43:12+00:00,user_09,Aygun Karca,Discover Mix,RDTMAK5uy_n_5IN6hzAOwdCnM8D8rzrs3vDl12UcZpA,https://music.youtube.com/playlist?list=RDTMAK5uy_n_5IN6hzAOwdCnM8D8rzrs3vDl12UcZpA,,,200,30,30,Collector records only the first 30 tracks. YouTube Music's browse response may still include more tracks in the raw API payload.,,52455,"Discover great music, picked just for you. Always updating.",22,GnupfNwf62M,https://music.youtube.com/watch?v=GnupfNwf62M,https://www.youtube.com/watch?v=GnupfNwf62M,"Am I Evil? (Live At King George’s Hall, Blackburn)",Diamond Head,UClfb_0PCjjd-NAa7Nt-FgQw,"[{""id"": ""UClfb_0PCjjd-NAa7Nt-FgQw"", ""name"": ""Diamond Head"", ""subscribers_display"": ""66.3K"", ""subscribers_approx"": 66300, ""channel_views"": 19164157, ""description"": ""Diamond Head are an English heavy metal band formed in Stourbridge, West Midlands, in 1976. They were part of the new wave of British heavy metal movement and are cited by bands such as Metallica and Megadeth as a significant early influence. The original members were schoolfriends Brian Tatler and Duncan Scott, who were joined by singer Sean Harris in the same year, and bass player Collin Kimberley in 1978.\n\nFrom Wikipedia ("", ""song_shelf_count"": 5, ""album_shelf_count"": 10, ""single_shelf_count"": 10, ""video_shelf_count"": 10, ""lookup_error"": """"}]",UClfb_0PCjjd-NAa7Nt-FgQw,Diamond Head,66.3K,66300,19164157,"Diamond Head are an English heavy metal band formed in Stourbridge, West Midlands, in 1976. They were part of the new wave of British heavy metal movement and are cited by bands such as Metallica and Megadeth as a significant early influence. The original members were schoolfriends Brian Tatler and Duncan Scott, who were joined by singer Sean Harris in the same year, and bass player Collin Kimberley in 1978.

From Wikipedia (",5,10,10,10,,,,,,,,,,,8:26,506,MUSIC_VIDEO_TYPE_OMV,2199800,,ytmusicapi player response videoDetails.viewCount,,,Not exposed by this YouTube Music endpoint; official YouTube Data API credentials are required.,Music,2020-10-30T07:59:02-07:00,2020-10-30T07:59:02-07:00,Diamond Head Official,UCwL_QWQ3ILpZlwaEJHsjP9A,http://www.youtube.com/@DiamondHeadOfficial,249,AD;AE;AF;AG;AI;AL;AM;AO;AQ;AR;AS;AT;AU;AW;AX;AZ;BA;BB;BD;BE;BF;BG;BH;BI;BJ;BL;BM;BN;BO;BQ;BR;BS;BT;BV;BW;BY;BZ;CA;CC;CD;CF;CG;CH;CI;CK;CL;CM;CN;CO;CR;CU;CV;CW;CX;CY;CZ;DE;DJ;DK;DM;DO;DZ;EC;EE;EG;EH;ER;ES;ET;FI;FJ;FK;FM;FO;FR;GA;GB;GD;GE;GF;GG;GH;GI;GL;GM;GN;GP;GQ;GR;GS;GT;GU;GW;GY;HK;HM;HN;HR;HT;HU;ID;IE;IL;IM;IN;IO;IQ;IR;IS;IT;JE;JM;JO;JP;KE;KG;KH;KI;KM;KN;KP;KR;KW;KY;KZ;LA;LB;LC;LI;LK;LR;LS;LT;LU;LV;LY;MA;MC;MD;ME;MF;MG;MH;MK;ML;MM;MN;MO;MP;MQ;MR;MS;MT;MU;MV;MW;MX;MY;MZ;NA;NC;NE;NF;NG;NI;NL;NO;NP;NR;NU;NZ;OM;PA;PE;PF;PG;PH;PK;PL;PM;PN;PR;PS;PT;PW;PY;QA;RE;RO;RS;RU;RW;SA;SB;SC;SD;SE;SG;SH;SI;SJ;SK;SL;SM;SN;SO;SR;SS;ST;SV;SX;SY;SZ;TC;TD;TF;TG;TH;TJ;TK;TL;TM;TN;TO;TR;TT;TV;TW;TZ;UA;UG;UM;US;UY;UZ;VA;VC;VE;VG;VI;VN;VU;WF;WS;YE;YT;ZA;ZM;ZW,"Distribution availability, not artist nationality or audience geography.",Diamond Head; Diamond Head am i evil; Diamond Head lightning to the nations; Diamond Head lightning to the nations 2020; Diamond Head new; Diamond Head it's electric; Diamond Head helpless; Brian Tatler; Brian Tatler interview; Brian Tatler guitar; Brian Tatler diamond head; Diamond Head borrowed time; Diamond Head in the heat of the night; Diamond Head call me; Diamond Head the prince,https://music.youtube.com/watch?v=GnupfNwf62M,True,False,False,True,False,False,True,True,False,,OK,True,INDIFFERENT,False,https://i.ytimg.com/vi/GnupfNwf62M/maxresdefault.jpg,"[{""url"": ""https://i.ytimg.com/vi/GnupfNwf62M/hqdefault.jpg?sqp=-oaymwEWCJADEOEBIAQqCggAEOADGC0guwJIWg&rs=AMzJL3lflvPOJv-GE4cZfd1CFTMmJtfMnQ"", ""width"": 400, ""height"": 225}]",,,missing album browse id,YouTube Music internal web API via ytmusicapi; personalized playlist fetched with named auth profile.,15.0,51.666667,6.342383198,cumulative views of the exact recommended YouTube video,2199800,6.342383198,High,High,"Frozen 83-song candidate pool captured 2026-06-29T19:44:09+00:00; Low <=7,505; lower buffer 7,506-19,756; Middle 19,757-243,792; upper buffer 243,793-1,223,809; High >=1,223,810 views.","Use view_count or popularity_log10_view_count for comparisons across users, weeks, and the original playlist. Do not use the within-Discover-Mix rank or percentile for cross-playlist comparisons because those are recalculated separately inside every 30-song mix.",Popularity is for the exact recommended video ID. Report or control video_type because this item is MUSIC_VIDEO_TYPE_OMV; ATV denotes an Art Track and OMV an official music video.
2026-08-24T12:43:12+00:00,user_09,Aygun Karca,Discover Mix,RDTMAK5uy_n_5IN6hzAOwdCnM8D8rzrs3vDl12UcZpA,https://music.youtube.com/playlist?list=RDTMAK5uy_n_5IN6hzAOwdCnM8D8rzrs3vDl12UcZpA,,,200,30,30,Collector records only the first 30 tracks. YouTube Music's browse response may still include more tracks in the raw API payload.,,52455,"Discover great music, picked just for you. Always updating.",23,UsCaL06Zppg,https://music.youtube.com/watch?v=UsCaL06Zppg,https://www.youtube.com/watch?v=UsCaL06Zppg,Fighting the Darkness,Primal Fear,UCnksEYBV7qSwUIhTQR_ZGUw,"[{""id"": ""UCnksEYBV7qSwUIhTQR_ZGUw"", ""name"": ""Primal Fear"", ""subscribers_display"": ""25.4K"", ""subscribers_approx"": 25400, ""channel_views"": 18296251, ""description"": ""Primal Fear is a German power metal band formed in 1997 by Ralf Scheepers and Mat Sinner. Sinner and Scheepers formed the band after Scheepers was not hired as Rob Halford's replacement in Judas Priest.\n\nFrom Wikipedia ("", ""song_shelf_count"": 5, ""album_shelf_count"": 10, ""single_shelf_count"": 10, ""video_shelf_count"": 10, ""lookup_error"": """"}]",UCnksEYBV7qSwUIhTQR_ZGUw,Primal Fear,25.4K,25400,18296251,"Primal Fear is a German power metal band formed in 1997 by Ralf Scheepers and Mat Sinner. Sinner and Scheepers formed the band after Scheepers was not hired as Rob Halford's replacement in Judas Priest.

From Wikipedia (",5,10,10,10,MPREb_5jrZV3aj2hx,New Religion,Album,2007,14,56 minutes,3418,OLAK5uy_lzOxZEw_T8npjiljFZaAM6A3mwuHxHrFw,Primal Fear,"New Religion is Primal Fear's seventh full-length album, released on 21 September 2007.
Music videos were made for ""Fighting the Darkness"" and ""Sign of Fear"".

From Wikipedia (",3:37,217,MUSIC_VIDEO_TYPE_ATV,98259,,ytmusicapi player response videoDetails.viewCount,,,Not exposed by this YouTube Music endpoint; official YouTube Data API credentials are required.,Music,2024-10-31T03:00:41-07:00,2024-10-31T03:00:41-07:00,PRIMAL FEAR - Topic,UCnksEYBV7qSwUIhTQR_ZGUw,http://www.youtube.com/channel/UCnksEYBV7qSwUIhTQR_ZGUw,122,AE;AR;AS;AT;AU;AW;AZ;BA;BD;BE;BG;BH;BM;BO;BR;BY;CA;CH;CL;CO;CR;CY;CZ;DE;DK;DO;DZ;EC;EE;EG;ES;FI;FR;GB;GE;GF;GH;GP;GR;GT;GU;HK;HN;HR;HU;ID;IE;IL;IN;IQ;IS;IT;JM;JO;JP;KE;KH;KR;KW;KY;KZ;LA;LB;LI;LK;LT;LU;LV;LY;MA;MK;MP;MQ;MT;MX;MY;NC;NG;NI;NL;NO;NP;NZ;OM;PA;PE;PF;PG;PH;PK;PL;PR;PT;PY;QA;RE;RO;RS;SA;SE;SG;SI;SK;SN;SV;TC;TH;TN;TR;TW;TZ;UA;UG;US;UY;VE;VI;VN;YE;YT;ZA;ZW,"Distribution availability, not artist nationality or audience geography.",Primal Fear; Johan Kjell Fransson; Tim Mikael Larsson; Tobias Lars Lundgren; Ronny Mikael Milianowicz; Mat Sinner; New Religion; Fighting the Darkness,https://music.youtube.com/watch?v=UsCaL06Zppg,True,False,False,True,False,False,True,True,False,False,OK,True,INDIFFERENT,False,https://i.ytimg.com/vi/UsCaL06Zppg/maxresdefault.jpg,"[{""url"": ""https://yt3.googleusercontent.com/LT_fWlJzhHGZyAvY1FVZHM64LKRmv1jXAaXyYHxxGggpafxV4FASaJvV_oo_htXr1q5C4TWsom8yTMD0=w60-h60-l90-rj"", ""width"": 60, ""height"": 60}, {""url"": ""https://yt3.googleusercontent.com/LT_fWlJzhHGZyAvY1FVZHM64LKRmv1jXAaXyYHxxGggpafxV4FASaJvV_oo_htXr1q5C4TWsom8yTMD0=w120-h120-l90-rj"", ""width"": 120, ""height"": 120}]",,,,YouTube Music internal web API via ytmusicapi; personalized playlist fetched with named auth profile.,29.0,5.0,4.99237234,cumulative views of the exact recommended YouTube video,98259,4.99237234,Middle,Middle,"Frozen 83-song candidate pool captured 2026-06-29T19:44:09+00:00; Low <=7,505; lower buffer 7,506-19,756; Middle 19,757-243,792; upper buffer 243,793-1,223,809; High >=1,223,810 views.","Use view_count or popularity_log10_view_count for comparisons across users, weeks, and the original playlist. Do not use the within-Discover-Mix rank or percentile for cross-playlist comparisons because those are recalculated separately inside every 30-song mix.",Popularity is for the exact recommended video ID. Report or control video_type because this item is MUSIC_VIDEO_TYPE_ATV; ATV denotes an Art Track and OMV an official music video.
2026-08-24T12:43:12+00:00,user_09,Aygun Karca,Discover Mix,RDTMAK5uy_n_5IN6hzAOwdCnM8D8rzrs3vDl12UcZpA,https://music.youtube.com/playlist?list=RDTMAK5uy_n_5IN6hzAOwdCnM8D8rzrs3vDl12UcZpA,,,200,30,30,Collector records only the first 30 tracks. YouTube Music's browse response may still include more tracks in the raw API payload.,,52455,"Discover great music, picked just for you. Always updating.",24,-w2m-TeLi6I,https://music.youtube.com/watch?v=-w2m-TeLi6I,https://www.youtube.com/watch?v=-w2m-TeLi6I,The Call of the Mountains,Eluveitie,UCbdGmf2QbfPRTPnlnFNFUhw,"[{""id"": ""UCbdGmf2QbfPRTPnlnFNFUhw"", ""name"": ""Eluveitie"", ""subscribers_display"": ""195K"", ""subscribers_approx"": 195000, ""channel_views"": 72179354, ""description"": ""Eluveitie – New Wave Of Folk Metal …\n\n“Est. 2002″\n\nEluveitie’s saga of success began just when mainman and mastermind Chrigel Glanzmann decided to form ELUVEITIE with the goal to fuse gothenburg styled melodic death metal with ancient folk melodies and themes to a powerful mixture that would soon become the \""New Wave Of Folk Metal\"". That was back in 2002 and Chrigel only meant to form a studio project.\n\nSlania (2008)\n\nOf course all that is history by now and the so called \""studio project\"" grew into a respected, well-known and active band. A relentless amount of touring and recording was all the band did in the past two years after having signed to Nuclear Blast Records. Their label debut \""Slania\"" marked the first chart entry (Switzerland: #35, Germany: #72) and was followed by massive touring activities all around the globe throughout 2008.\n\nEvocation I: The Arcane Dominion (2009)\n\nIn 2009 the band fulfilled their dream of producing an all acoustic folk album without shredding guitars or growling vocals – for the first time in the bands history Hurdy Gurdy player Anna Murphy took over vocal duties. A masterpiece of folk music that fascinated fans and press alike. \""Evocation I: The Arcane Dominion“ of course also hit the charts hard – Switzerland: #20, Greece: #23, Germany: #60.\n\nEverything Remains… As It Never Was (2010 – 2011)\n\n2010 & 2011 saw the band touring even more, but also dropping their most heavy and harsh album to date in February 2010: “Everything Remains… As It Never Was” – a contradictory title that, also in contradiction to its increased heaviness, hit the charts as high as never before: Switzerland: #8, Germany: #19, Austria: #22, Greece: #23, USA: #23 (Billdboard Heatseekers), Finland: #30.\n\nHelvetios (2012)\n\nIn 2012, ELUVEITIE lift the bar once again. With “Helvetios” the band created what is called the essence of their music by combining elements of all their efforts so far – taking them even further. From the raw and dark power of their early works to the anthemic tracks on “Slania” to the acoustic mysticism and beauty of “Evocation” to the heaviness and death metal brutality of “Everything Remains…”. No doubt – “Helvetios” took ELUVEITIE not only one step but a whole lot of steps further!\n\nThe Early Years (2012-2013)\n\nOver the course of the band’s 10th anniversary, it’s now about time to scrutinize their early days closely, in which the foundation for today’s success of the pioneers of their scene was laid.\n\nIt happened in winter of 2002/2003 that Chrigel started ELUVEITIE as a studio project to breathe life into his exceptional musical vision. The first self-financed EP “Vên” was recorded in spring of 2003, was released in the same year – and completely sold out about six months later. The logical conclusion of the rhapsodical public reaction was quickly found: ELUVEITIE had to become a “real” combo with a consistent line-up for the purpose of being able to play live henceforth (the first concert in the band’s history as support act of TRIMONIUM, MENHIR and SKYFORGER took place on the 5th of February 2004 in Winterthur, Switzerland). Quickly, ELUVEITIE were identified as an exceptionally gifted live band which enabled them to indulge in tour life extensively within the next months together with prestigious acts such as AMON AMARTH, FINNTROLL and KORPIKLAANI, before they returned to the studio in winter of 2005 to lay down their eagerly anticipated debut album. This very record named “Spirit” finally came out in 2006 and let the Swiss around maestro Glanzmann go down in the annals of metal as the founders and figureheads of the “New Wave Of Folk Metal”. The rest is history…\n\nNow ELUVEITIE have intensively recapitulated this exciting booster phase of their career. They’ve re-recorded the entire rare “Vên” EP with the 2012 lineup, by which a modern dimension was added to the legendary material, without the slightest loss of its historical splendour. Together with a re-mastered version of the full-length debut “Spirit”, this results in a profound retrospect that will send both long-time followers and nostalgia addicts as well as ELUVEITIE-newbies and those who have been chasing for these releases for years into rapture. So look forward to a very special journey through time!"", ""song_shelf_count"": 5, ""album_shelf_count"": 10, ""single_shelf_count"": 6, ""video_shelf_count"": 10, ""lookup_error"": """"}]",UCbdGmf2QbfPRTPnlnFNFUhw,Eluveitie,195K,195000,72179354,"Eluveitie – New Wave Of Folk Metal …

“Est. 2002″

Eluveitie’s saga of success began just when mainman and mastermind Chrigel Glanzmann decided to form ELUVEITIE with the goal to fuse gothenburg styled melodic death metal with ancient folk melodies and themes to a powerful mixture that would soon become the ""New Wave Of Folk Metal"". That was back in 2002 and Chrigel only meant to form a studio project.

Slania (2008)

Of course all that is history by now and the so called ""studio project"" grew into a respected, well-known and active band. A relentless amount of touring and recording was all the band did in the past two years after having signed to Nuclear Blast Records. Their label debut ""Slania"" marked the first chart entry (Switzerland: #35, Germany: #72) and was followed by massive touring activities all around the globe throughout 2008.

Evocation I: The Arcane Dominion (2009)

In 2009 the band fulfilled their dream of producing an all acoustic folk album without shredding guitars or growling vocals – for the first time in the bands history Hurdy Gurdy player Anna Murphy took over vocal duties. A masterpiece of folk music that fascinated fans and press alike. ""Evocation I: The Arcane Dominion“ of course also hit the charts hard – Switzerland: #20, Greece: #23, Germany: #60.

Everything Remains… As It Never Was (2010 – 2011)

2010 & 2011 saw the band touring even more, but also dropping their most heavy and harsh album to date in February 2010: “Everything Remains… As It Never Was” – a contradictory title that, also in contradiction to its increased heaviness, hit the charts as high as never before: Switzerland: #8, Germany: #19, Austria: #22, Greece: #23, USA: #23 (Billdboard Heatseekers), Finland: #30.

Helvetios (2012)

In 2012, ELUVEITIE lift the bar once again. With “Helvetios” the band created what is called the essence of their music by combining elements of all their efforts so far – taking them even further. From the raw and dark power of their early works to the anthemic tracks on “Slania” to the acoustic mysticism and beauty of “Evocation” to the heaviness and death metal brutality of “Everything Remains…”. No doubt – “Helvetios” took ELUVEITIE not only one step but a whole lot of steps further!

The Early Years (2012-2013)

Over the course of the band’s 10th anniversary, it’s now about time to scrutinize their early days closely, in which the foundation for today’s success of the pioneers of their scene was laid.

It happened in winter of 2002/2003 that Chrigel started ELUVEITIE as a studio project to breathe life into his exceptional musical vision. The first self-financed EP “Vên” was recorded in spring of 2003, was released in the same year – and completely sold out about six months later. The logical conclusion of the rhapsodical public reaction was quickly found: ELUVEITIE had to become a “real” combo with a consistent line-up for the purpose of being able to play live henceforth (the first concert in the band’s history as support act of TRIMONIUM, MENHIR and SKYFORGER took place on the 5th of February 2004 in Winterthur, Switzerland). Quickly, ELUVEITIE were identified as an exceptionally gifted live band which enabled them to indulge in tour life extensively within the next months together with prestigious acts such as AMON AMARTH, FINNTROLL and KORPIKLAANI, before they returned to the studio in winter of 2005 to lay down their eagerly anticipated debut album. This very record named “Spirit” finally came out in 2006 and let the Swiss around maestro Glanzmann go down in the annals of metal as the founders and figureheads of the “New Wave Of Folk Metal”. The rest is history…

Now ELUVEITIE have intensively recapitulated this exciting booster phase of their career. They’ve re-recorded the entire rare “Vên” EP with the 2012 lineup, by which a modern dimension was added to the legendary material, without the slightest loss of its historical splendour. Together with a re-mastered version of the full-length debut “Spirit”, this results in a profound retrospect that will send both long-time followers and nostalgia addicts as well as ELUVEITIE-newbies and those who have been chasing for these releases for years into rapture. So look forward to a very special journey through time!",5,10,6,10,,,,,,,,,,,4:16,256,MUSIC_VIDEO_TYPE_OMV,52146522,,ytmusicapi player response videoDetails.viewCount,,,Not exposed by this YouTube Music endpoint; official YouTube Data API credentials are required.,Music,2014-07-31T11:36:38-07:00,2014-07-31T11:36:38-07:00,Nuclear Blast Records,UCoxg3Kml41wE3IPq-PC-LQw,http://www.youtube.com/@NuclearBlastRecords,249,AD;AE;AF;AG;AI;AL;AM;AO;AQ;AR;AS;AT;AU;AW;AX;AZ;BA;BB;BD;BE;BF;BG;BH;BI;BJ;BL;BM;BN;BO;BQ;BR;BS;BT;BV;BW;BY;BZ;CA;CC;CD;CF;CG;CH;CI;CK;CL;CM;CN;CO;CR;CU;CV;CW;CX;CY;CZ;DE;DJ;DK;DM;DO;DZ;EC;EE;EG;EH;ER;ES;ET;FI;FJ;FK;FM;FO;FR;GA;GB;GD;GE;GF;GG;GH;GI;GL;GM;GN;GP;GQ;GR;GS;GT;GU;GW;GY;HK;HM;HN;HR;HT;HU;ID;IE;IL;IM;IN;IO;IQ;IR;IS;IT;JE;JM;JO;JP;KE;KG;KH;KI;KM;KN;KP;KR;KW;KY;KZ;LA;LB;LC;LI;LK;LR;LS;LT;LU;LV;LY;MA;MC;MD;ME;MF;MG;MH;MK;ML;MM;MN;MO;MP;MQ;MR;MS;MT;MU;MV;MW;MX;MY;MZ;NA;NC;NE;NF;NG;NI;NL;NO;NP;NR;NU;NZ;OM;PA;PE;PF;PG;PH;PK;PL;PM;PN;PR;PS;PT;PW;PY;QA;RE;RO;RS;RU;RW;SA;SB;SC;SD;SE;SG;SH;SI;SJ;SK;SL;SM;SN;SO;SR;SS;ST;SV;SX;SY;SZ;TC;TD;TF;TG;TH;TJ;TK;TL;TM;TN;TO;TR;TT;TV;TW;TZ;UA;UG;UM;US;UY;UZ;VA;VC;VE;VG;VI;VN;VU;WF;WS;YE;YT;ZA;ZM;ZW,"Distribution availability, not artist nationality or audience geography.",Eluveitie (Musical Group); king; Inis Mona (Musical Recording); Folk Metal; Female Fronted Metal; Melodic Death Metal (Musical Genre); Music Video (Ontology Class); metal; heavy metal; celtic metal; Official Music Video; Merlin; Anna; Ivo; Chrigel; Kay; Meri; Siméon; Päde; nuclear blast; origins; eluveitie origins; new music; new song; eluveitie 2014; eluveitie new song; eluveite music video,https://music.youtube.com/watch?v=-w2m-TeLi6I,True,False,False,True,False,False,True,True,False,,OK,True,INDIFFERENT,False,https://i.ytimg.com/vi/-w2m-TeLi6I/hqdefault.jpg,"[{""url"": ""https://i.ytimg.com/vi/-w2m-TeLi6I/hqdefault.jpg?sqp=-oaymwEWCJADEOEBIAQqCggAEOADGC0guwJIWg&rs=AMzJL3lp3Rac0ZWSfTL7TnAbsflEcNzGBQ"", ""width"": 400, ""height"": 225}]",,,missing album browse id,YouTube Music internal web API via ytmusicapi; personalized playlist fetched with named auth profile.,1.0,98.333333,7.717225348,cumulative views of the exact recommended YouTube video,52146522,7.717225348,High,High,"Frozen 83-song candidate pool captured 2026-06-29T19:44:09+00:00; Low <=7,505; lower buffer 7,506-19,756; Middle 19,757-243,792; upper buffer 243,793-1,223,809; High >=1,223,810 views.","Use view_count or popularity_log10_view_count for comparisons across users, weeks, and the original playlist. Do not use the within-Discover-Mix rank or percentile for cross-playlist comparisons because those are recalculated separately inside every 30-song mix.",Popularity is for the exact recommended video ID. Report or control video_type because this item is MUSIC_VIDEO_TYPE_OMV; ATV denotes an Art Track and OMV an official music video.
2026-08-24T12:43:12+00:00,user_09,Aygun Karca,Discover Mix,RDTMAK5uy_n_5IN6hzAOwdCnM8D8rzrs3vDl12UcZpA,https://music.youtube.com/playlist?list=RDTMAK5uy_n_5IN6hzAOwdCnM8D8rzrs3vDl12UcZpA,,,200,30,30,Collector records only the first 30 tracks. YouTube Music's browse response may still include more tracks in the raw API payload.,,52455,"Discover great music, picked just for you. Always updating.",25,PCpi1sZEZ1U,https://music.youtube.com/watch?v=PCpi1sZEZ1U,https://www.youtube.com/watch?v=PCpi1sZEZ1U,Brothers of Metal - Prophecy of Ragnarök (Lyric Video),Brothers of Metal,UC7apj1hieWRm-ji4_Umt2GA,"[{""id"": ""UC7apj1hieWRm-ji4_Umt2GA"", ""name"": ""Brothers of Metal"", ""subscribers_display"": ""105K"", ""subscribers_approx"": 105000, ""channel_views"": 113927907, ""description"": ""Brothers of Metal are an eight-piece Swedish power metal band from Falun, formed in 2012. The band's visual style and lyrics are inspired by Vikings and Norse mythology, and are often purposefully over-the-top, which earns them both criticism and praise.\n\nFrom Wikipedia ("", ""song_shelf_count"": 5, ""album_shelf_count"": 3, ""single_shelf_count"": 10, ""video_shelf_count"": 10, ""lookup_error"": """"}]",UC7apj1hieWRm-ji4_Umt2GA,Brothers of Metal,105K,105000,113927907,"Brothers of Metal are an eight-piece Swedish power metal band from Falun, formed in 2012. The band's visual style and lyrics are inspired by Vikings and Norse mythology, and are often purposefully over-the-top, which earns them both criticism and praise.

From Wikipedia (",5,3,10,10,,,,,,,,,,,3:43,223,MUSIC_VIDEO_TYPE_OMV,7622533,,ytmusicapi player response videoDetails.viewCount,,,Not exposed by this YouTube Music endpoint; official YouTube Data API credentials are required.,Music,2016-08-01T12:56:23-07:00,2016-08-01T12:56:23-07:00,Brothers of Metal Official,UCjTRADohcFt4lKeVrd0Kuxg,http://www.youtube.com/@BrothersofMetalOfficial,249,AD;AE;AF;AG;AI;AL;AM;AO;AQ;AR;AS;AT;AU;AW;AX;AZ;BA;BB;BD;BE;BF;BG;BH;BI;BJ;BL;BM;BN;BO;BQ;BR;BS;BT;BV;BW;BY;BZ;CA;CC;CD;CF;CG;CH;CI;CK;CL;CM;CN;CO;CR;CU;CV;CW;CX;CY;CZ;DE;DJ;DK;DM;DO;DZ;EC;EE;EG;EH;ER;ES;ET;FI;FJ;FK;FM;FO;FR;GA;GB;GD;GE;GF;GG;GH;GI;GL;GM;GN;GP;GQ;GR;GS;GT;GU;GW;GY;HK;HM;HN;HR;HT;HU;ID;IE;IL;IM;IN;IO;IQ;IR;IS;IT;JE;JM;JO;JP;KE;KG;KH;KI;KM;KN;KP;KR;KW;KY;KZ;LA;LB;LC;LI;LK;LR;LS;LT;LU;LV;LY;MA;MC;MD;ME;MF;MG;MH;MK;ML;MM;MN;MO;MP;MQ;MR;MS;MT;MU;MV;MW;MX;MY;MZ;NA;NC;NE;NF;NG;NI;NL;NO;NP;NR;NU;NZ;OM;PA;PE;PF;PG;PH;PK;PL;PM;PN;PR;PS;PT;PW;PY;QA;RE;RO;RS;RU;RW;SA;SB;SC;SD;SE;SG;SH;SI;SJ;SK;SL;SM;SN;SO;SR;SS;ST;SV;SX;SY;SZ;TC;TD;TF;TG;TH;TJ;TK;TL;TM;TN;TO;TR;TT;TV;TW;TZ;UA;UG;UM;US;UY;UZ;VA;VC;VE;VG;VI;VN;VU;WF;WS;YE;YT;ZA;ZM;ZW,"Distribution availability, not artist nationality or audience geography.",,https://music.youtube.com/watch?v=PCpi1sZEZ1U,True,False,False,True,False,False,True,True,False,,OK,True,INDIFFERENT,False,https://i.ytimg.com/vi/PCpi1sZEZ1U/maxresdefault.jpg,"[{""url"": ""https://i.ytimg.com/vi/PCpi1sZEZ1U/hqdefault.jpg?sqp=-oaymwEWCJADEOEBIAQqCggAEOADGC0guwJIWg&rs=AMzJL3mzAUwiUbhupiCBbIeUSPaP6XeXlA"", ""width"": 400, ""height"": 225}]",,,missing album browse id,YouTube Music internal web API via ytmusicapi; personalized playlist fetched with named auth profile.,8.0,75.0,6.882099313,cumulative views of the exact recommended YouTube video,7622533,6.882099313,High,High,"Frozen 83-song candidate pool captured 2026-06-29T19:44:09+00:00; Low <=7,505; lower buffer 7,506-19,756; Middle 19,757-243,792; upper buffer 243,793-1,223,809; High >=1,223,810 views.","Use view_count or popularity_log10_view_count for comparisons across users, weeks, and the original playlist. Do not use the within-Discover-Mix rank or percentile for cross-playlist comparisons because those are recalculated separately inside every 30-song mix.",Popularity is for the exact recommended video ID. Report or control video_type because this item is MUSIC_VIDEO_TYPE_OMV; ATV denotes an Art Track and OMV an official music video.
2026-08-24T12:43:12+00:00,user_09,Aygun Karca,Discover Mix,RDTMAK5uy_n_5IN6hzAOwdCnM8D8rzrs3vDl12UcZpA,https://music.youtube.com/playlist?list=RDTMAK5uy_n_5IN6hzAOwdCnM8D8rzrs3vDl12UcZpA,,,200,30,30,Collector records only the first 30 tracks. YouTube Music's browse response may still include more tracks in the raw API payload.,,52455,"Discover great music, picked just for you. Always updating.",26,ioRZVk_UIVk,https://music.youtube.com/watch?v=ioRZVk_UIVk,https://www.youtube.com/watch?v=ioRZVk_UIVk,Maniac,Firewind,UCfbn0QeQhJKLwGaEnDVN6Aw,"[{""id"": ""UCfbn0QeQhJKLwGaEnDVN6Aw"", ""name"": ""Firewind"", ""subscribers_display"": ""10.8K"", ""subscribers_approx"": 10800, ""channel_views"": 7238564, ""description"": ""Firewind is a Greek power metal band formed in Thessaloniki in 1998. The group is currently signed to AFM records and was originally a small project created by guitarist Gus G. to showcase his demo, Nocturnal Symphony, in 1998. Firewind later became a full band over three years later when they recorded their debut album, Between Heaven and Hell. To date, the band has released ten studio albums and has been met with international success.\n\nFrom Wikipedia ("", ""song_shelf_count"": 5, ""album_shelf_count"": 10, ""single_shelf_count"": 10, ""video_shelf_count"": 10, ""lookup_error"": """"}]",UCfbn0QeQhJKLwGaEnDVN6Aw,Firewind,10.8K,10800,7238564,"Firewind is a Greek power metal band formed in Thessaloniki in 1998. The group is currently signed to AFM records and was originally a small project created by guitarist Gus G. to showcase his demo, Nocturnal Symphony, in 1998. Firewind later became a full band over three years later when they recorded their debut album, Between Heaven and Hell. To date, the band has released ten studio albums and has been met with international success.

From Wikipedia (",5,10,10,10,MPREb_cd5foTsZ8nv,The Premonition,Album,2008,10,45 minutes,2725,OLAK5uy_mYguqzxa6BBSHFUOy4zQIRGrZRmdKlwRs,Firewind,"The Premonition is the fifth full-length album by Firewind and their first album to feature the same line-up as its predecessor. Gus G. said ""we basically kept the Allegiance 'winning team' together"" much to the apparent surprise of fans.

From Wikipedia (",4:56,296,MUSIC_VIDEO_TYPE_ATV,1083083,,ytmusicapi player response videoDetails.viewCount,,,Not exposed by this YouTube Music endpoint; official YouTube Data API credentials are required.,Music,2017-08-15T10:13:28-07:00,2017-08-15T10:13:28-07:00,Firewind - Topic,UCfbn0QeQhJKLwGaEnDVN6Aw,http://www.youtube.com/channel/UCfbn0QeQhJKLwGaEnDVN6Aw,123,AE;AR;AS;AT;AU;AW;AZ;BA;BD;BE;BG;BH;BM;BO;BR;BY;CA;CH;CL;CO;CR;CY;CZ;DE;DK;DO;DZ;EC;EE;EG;ES;FI;FR;GB;GE;GF;GH;GP;GR;GT;GU;HK;HN;HR;HU;ID;IE;IL;IN;IQ;IS;IT;JM;JO;JP;KE;KH;KR;KW;KY;KZ;LA;LB;LI;LK;LT;LU;LV;LY;MA;MK;MP;MQ;MT;MX;MY;NC;NG;NI;NL;NO;NP;NZ;OM;PA;PE;PF;PG;PH;PK;PL;PR;PT;PY;QA;RE;RO;RS;RU;SA;SE;SG;SI;SK;SN;SV;TC;TH;TN;TR;TW;TZ;UA;UG;US;UY;VE;VI;VN;YE;YT;ZA;ZW,"Distribution availability, not artist nationality or audience geography.",Firewind; The Premonition; Maniac,https://music.youtube.com/watch?v=ioRZVk_UIVk,True,False,False,True,False,False,True,True,True,False,OK,True,INDIFFERENT,False,https://i.ytimg.com/vi/ioRZVk_UIVk/maxresdefault.jpg,"[{""url"": ""https://yt3.googleusercontent.com/_EUTUM-q8Tg-6b65f7WxxN2-h2E8k0QVihvKjaMOoz072hHho9G4sprIzqecvuEGc6Pu-O-4CSINLpfY=w60-h60-l90-rj"", ""width"": 60, ""height"": 60}, {""url"": ""https://yt3.googleusercontent.com/_EUTUM-q8Tg-6b65f7WxxN2-h2E8k0QVihvKjaMOoz072hHho9G4sprIzqecvuEGc6Pu-O-4CSINLpfY=w120-h120-l90-rj"", ""width"": 120, ""height"": 120}]",,,,YouTube Music internal web API via ytmusicapi; personalized playlist fetched with named auth profile.,18.0,41.666667,6.034661739,cumulative views of the exact recommended YouTube video,1083083,6.034661739,Upper buffer,Buffer,"Frozen 83-song candidate pool captured 2026-06-29T19:44:09+00:00; Low <=7,505; lower buffer 7,506-19,756; Middle 19,757-243,792; upper buffer 243,793-1,223,809; High >=1,223,810 views.","Use view_count or popularity_log10_view_count for comparisons across users, weeks, and the original playlist. Do not use the within-Discover-Mix rank or percentile for cross-playlist comparisons because those are recalculated separately inside every 30-song mix.",Popularity is for the exact recommended video ID. Report or control video_type because this item is MUSIC_VIDEO_TYPE_ATV; ATV denotes an Art Track and OMV an official music video.
2026-08-24T12:43:12+00:00,user_09,Aygun Karca,Discover Mix,RDTMAK5uy_n_5IN6hzAOwdCnM8D8rzrs3vDl12UcZpA,https://music.youtube.com/playlist?list=RDTMAK5uy_n_5IN6hzAOwdCnM8D8rzrs3vDl12UcZpA,,,200,30,30,Collector records only the first 30 tracks. YouTube Music's browse response may still include more tracks in the raw API payload.,,52455,"Discover great music, picked just for you. Always updating.",27,elFPRPMlZQI,https://music.youtube.com/watch?v=elFPRPMlZQI,https://www.youtube.com/watch?v=elFPRPMlZQI,All Dreams Are Born to Die (feat. Tony Kakko),Jani Liimatainen,UCd-wCATY5YfOp4l4M0pEmSA,"[{""id"": ""UCd-wCATY5YfOp4l4M0pEmSA"", ""name"": ""Jani Liimatainen"", ""subscribers_display"": ""1.75K"", ""subscribers_approx"": 1750, ""channel_views"": 394984, ""description"": ""Jani Allan Kristian Liimatainen is a Finnish guitarist. He came to prominence as the guitarist for the power metal band Sonata Arctica between 1996 and 2007, and has since played in and founded bands such as Altaria, Cain's Offering, The Dark Element and Insomnium. Liimatainen's playing style is well known for his meticulous and fast soloing and riffs.\n\nFrom Wikipedia ("", ""song_shelf_count"": 5, ""album_shelf_count"": 1, ""single_shelf_count"": 2, ""video_shelf_count"": 5, ""lookup_error"": """"}]",UCd-wCATY5YfOp4l4M0pEmSA,Jani Liimatainen,1.75K,1750,394984,"Jani Allan Kristian Liimatainen is a Finnish guitarist. He came to prominence as the guitarist for the power metal band Sonata Arctica between 1996 and 2007, and has since played in and founded bands such as Altaria, Cain's Offering, The Dark Element and Insomnium. Liimatainen's playing style is well known for his meticulous and fast soloing and riffs.

From Wikipedia (",5,1,2,5,,,,,,,,,,,4:52,292,MUSIC_VIDEO_TYPE_OMV,147239,,ytmusicapi player response videoDetails.viewCount,,,Not exposed by this YouTube Music endpoint; official YouTube Data API credentials are required.,Music,2022-03-12T05:56:19-08:00,2022-03-12T05:56:19-08:00,Frontiers Music srl,UCBLAoqCQyz6a0OvwXWzKZag,http://www.youtube.com/@frontiersmusicsrl,249,AD;AE;AF;AG;AI;AL;AM;AO;AQ;AR;AS;AT;AU;AW;AX;AZ;BA;BB;BD;BE;BF;BG;BH;BI;BJ;BL;BM;BN;BO;BQ;BR;BS;BT;BV;BW;BY;BZ;CA;CC;CD;CF;CG;CH;CI;CK;CL;CM;CN;CO;CR;CU;CV;CW;CX;CY;CZ;DE;DJ;DK;DM;DO;DZ;EC;EE;EG;EH;ER;ES;ET;FI;FJ;FK;FM;FO;FR;GA;GB;GD;GE;GF;GG;GH;GI;GL;GM;GN;GP;GQ;GR;GS;GT;GU;GW;GY;HK;HM;HN;HR;HT;HU;ID;IE;IL;IM;IN;IO;IQ;IR;IS;IT;JE;JM;JO;JP;KE;KG;KH;KI;KM;KN;KP;KR;KW;KY;KZ;LA;LB;LC;LI;LK;LR;LS;LT;LU;LV;LY;MA;MC;MD;ME;MF;MG;MH;MK;ML;MM;MN;MO;MP;MQ;MR;MS;MT;MU;MV;MW;MX;MY;MZ;NA;NC;NE;NF;NG;NI;NL;NO;NP;NR;NU;NZ;OM;PA;PE;PF;PG;PH;PK;PL;PM;PN;PR;PS;PT;PW;PY;QA;RE;RO;RS;RU;RW;SA;SB;SC;SD;SE;SG;SH;SI;SJ;SK;SL;SM;SN;SO;SR;SS;ST;SV;SX;SY;SZ;TC;TD;TF;TG;TH;TJ;TK;TL;TM;TN;TO;TR;TT;TV;TW;TZ;UA;UG;UM;US;UY;UZ;VA;VC;VE;VG;VI;VN;VU;WF;WS;YE;YT;ZA;ZM;ZW,"Distribution availability, not artist nationality or audience geography.",Frontiers Records; Frontiers Music; Frontiers Music Srl; Heavy Metal; Frontier Records; Frontier Music; Frontiers Srl; Jani Liimatainen; Jani Limatainen; Björn Strid; Renan Zonta; Anette Olzon; Timo Kotipelto; Tony Kakko; Antti Railio; Pekka Heino; Bjorn Speed Strid; My Father's Son; Sonata Arctica; Sonata Arctica reunion; Sonata Arctica singer; Power Metal; Symphonic Metal; European Metal; Rolf Pilve; Tony Kakko official; Jani Liimatainen official; The Dark Element,https://music.youtube.com/watch?v=elFPRPMlZQI,True,False,False,True,False,False,True,True,False,,OK,True,INDIFFERENT,False,https://i.ytimg.com/vi/elFPRPMlZQI/maxresdefault.jpg?sqp=-oaymwEmCIAKENAF8quKqQMa8AEB-AH-CYAC0AWKAgwIABABGGUgXig7MA8=&rs=AOn4CLCFbpT5BB2H82PX67gZfXl-CtsLQw,"[{""url"": ""https://i.ytimg.com/vi/elFPRPMlZQI/hqdefault.jpg?sqp=-oaymwEWCJADEOEBIAQqCggAEOADGC0guwJIWg&rs=AMzJL3mIHSSEbYQZEyxDSrpeyBvImnKQTQ"", ""width"": 400, ""height"": 225}]",,,missing album browse id,YouTube Music internal web API via ytmusicapi; personalized playlist fetched with named auth profile.,26.0,15.0,5.168022859,cumulative views of the exact recommended YouTube video,147239,5.168022859,Middle,Middle,"Frozen 83-song candidate pool captured 2026-06-29T19:44:09+00:00; Low <=7,505; lower buffer 7,506-19,756; Middle 19,757-243,792; upper buffer 243,793-1,223,809; High >=1,223,810 views.","Use view_count or popularity_log10_view_count for comparisons across users, weeks, and the original playlist. Do not use the within-Discover-Mix rank or percentile for cross-playlist comparisons because those are recalculated separately inside every 30-song mix.",Popularity is for the exact recommended video ID. Report or control video_type because this item is MUSIC_VIDEO_TYPE_OMV; ATV denotes an Art Track and OMV an official music video.
2026-08-24T12:43:12+00:00,user_09,Aygun Karca,Discover Mix,RDTMAK5uy_n_5IN6hzAOwdCnM8D8rzrs3vDl12UcZpA,https://music.youtube.com/playlist?list=RDTMAK5uy_n_5IN6hzAOwdCnM8D8rzrs3vDl12UcZpA,,,200,30,30,Collector records only the first 30 tracks. YouTube Music's browse response may still include more tracks in the raw API payload.,,52455,"Discover great music, picked just for you. Always updating.",28,v7Ir9BFZKqU,https://music.youtube.com/watch?v=v7Ir9BFZKqU,https://www.youtube.com/watch?v=v7Ir9BFZKqU,Reap the Whirlwind,KK's Priest,UCliRcXwIgFPm7ZlpwRlsLqA,"[{""id"": ""UCliRcXwIgFPm7ZlpwRlsLqA"", ""name"": ""KK's Priest"", ""subscribers_display"": ""10.5K"", ""subscribers_approx"": 10500, ""channel_views"": 1939972, ""description"": ""KK's Priest are an English heavy metal band, formed by former Judas Priest guitarist, K. K. Downing in 2019.\n\nFrom Wikipedia ("", ""song_shelf_count"": 5, ""album_shelf_count"": 2, ""single_shelf_count"": 3, ""video_shelf_count"": 10, ""lookup_error"": """"}]",UCliRcXwIgFPm7ZlpwRlsLqA,KK's Priest,10.5K,10500,1939972,"KK's Priest are an English heavy metal band, formed by former Judas Priest guitarist, K. K. Downing in 2019.

From Wikipedia (",5,2,3,10,,,,,,,,,,,3:46,226,MUSIC_VIDEO_TYPE_OMV,896878,,ytmusicapi player response videoDetails.viewCount,,,Not exposed by this YouTube Music endpoint; official YouTube Data API credentials are required.,Music,2023-07-28T02:00:11-07:00,2023-07-28T02:00:11-07:00,Napalm Records,UCG7AaCh_CiG6pq_rRDNw72A,http://www.youtube.com/@napalmrecords,249,AD;AE;AF;AG;AI;AL;AM;AO;AQ;AR;AS;AT;AU;AW;AX;AZ;BA;BB;BD;BE;BF;BG;BH;BI;BJ;BL;BM;BN;BO;BQ;BR;BS;BT;BV;BW;BY;BZ;CA;CC;CD;CF;CG;CH;CI;CK;CL;CM;CN;CO;CR;CU;CV;CW;CX;CY;CZ;DE;DJ;DK;DM;DO;DZ;EC;EE;EG;EH;ER;ES;ET;FI;FJ;FK;FM;FO;FR;GA;GB;GD;GE;GF;GG;GH;GI;GL;GM;GN;GP;GQ;GR;GS;GT;GU;GW;GY;HK;HM;HN;HR;HT;HU;ID;IE;IL;IM;IN;IO;IQ;IR;IS;IT;JE;JM;JO;JP;KE;KG;KH;KI;KM;KN;KP;KR;KW;KY;KZ;LA;LB;LC;LI;LK;LR;LS;LT;LU;LV;LY;MA;MC;MD;ME;MF;MG;MH;MK;ML;MM;MN;MO;MP;MQ;MR;MS;MT;MU;MV;MW;MX;MY;MZ;NA;NC;NE;NF;NG;NI;NL;NO;NP;NR;NU;NZ;OM;PA;PE;PF;PG;PH;PK;PL;PM;PN;PR;PS;PT;PW;PY;QA;RE;RO;RS;RU;RW;SA;SB;SC;SD;SE;SG;SH;SI;SJ;SK;SL;SM;SN;SO;SR;SS;ST;SV;SX;SY;SZ;TC;TD;TF;TG;TH;TJ;TK;TL;TM;TN;TO;TR;TT;TV;TW;TZ;UA;UG;UM;US;UY;UZ;VA;VC;VE;VG;VI;VN;VU;WF;WS;YE;YT;ZA;ZM;ZW,"Distribution availability, not artist nationality or audience geography.",napalm records,https://music.youtube.com/watch?v=v7Ir9BFZKqU,True,False,False,True,False,False,True,True,False,,OK,True,INDIFFERENT,False,https://i.ytimg.com/vi/v7Ir9BFZKqU/maxresdefault.jpg,"[{""url"": ""https://i.ytimg.com/vi/v7Ir9BFZKqU/hqdefault.jpg?sqp=-oaymwEWCJADEOEBIAQqCggAEOADGC0guwJIWg&rs=AMzJL3ksqTBg2srOR9Ql2-wGSrNNuEUg5A"", ""width"": 400, ""height"": 225}]",,,missing album browse id,YouTube Music internal web API via ytmusicapi; personalized playlist fetched with named auth profile.,19.0,38.333333,5.952733371,cumulative views of the exact recommended YouTube video,896878,5.952733371,Upper buffer,Buffer,"Frozen 83-song candidate pool captured 2026-06-29T19:44:09+00:00; Low <=7,505; lower buffer 7,506-19,756; Middle 19,757-243,792; upper buffer 243,793-1,223,809; High >=1,223,810 views.","Use view_count or popularity_log10_view_count for comparisons across users, weeks, and the original playlist. Do not use the within-Discover-Mix rank or percentile for cross-playlist comparisons because those are recalculated separately inside every 30-song mix.",Popularity is for the exact recommended video ID. Report or control video_type because this item is MUSIC_VIDEO_TYPE_OMV; ATV denotes an Art Track and OMV an official music video.
2026-08-24T12:43:12+00:00,user_09,Aygun Karca,Discover Mix,RDTMAK5uy_n_5IN6hzAOwdCnM8D8rzrs3vDl12UcZpA,https://music.youtube.com/playlist?list=RDTMAK5uy_n_5IN6hzAOwdCnM8D8rzrs3vDl12UcZpA,,,200,30,30,Collector records only the first 30 tracks. YouTube Music's browse response may still include more tracks in the raw API payload.,,52455,"Discover great music, picked just for you. Always updating.",29,IKUpqUYzQp0,https://music.youtube.com/watch?v=IKUpqUYzQp0,https://www.youtube.com/watch?v=IKUpqUYzQp0,The Circle,Amorphis,UCRAHc1Aild5p1Zmy2rAgVmA,"[{""id"": ""UCRAHc1Aild5p1Zmy2rAgVmA"", ""name"": ""Amorphis"", ""subscribers_display"": ""69.1K"", ""subscribers_approx"": 69100, ""channel_views"": 35711572, ""description"": ""With “Borderland,” the title of the album couldn’t have been chosen more fittingly. Throughout their career, spanning over more than three decades, AMORPHIS -- Tomi Joutsen (vocals), Esa Holopainen (guitars), Tomi Koivusaari (guitars), Olli-Pekka Laine (bass), Santeri Kallio (keyboards) & Jan Rechberger (drums & percussion) -- have been an ever-evolving act, wandering on an boundary-pushing path. From their death metal debut “Karelian Isthmus” over genre-defining mid-90s melodic death works like “Tales From The Thousand Lakes” and “Elegy” as well as the melodic 2000’s grandeur of “Eclipse” or “Skyforger” to records combining the best of all prior eras to refreshing new soundscapes: Whatever this group works on promises long-range success.\nWith 2022’s “Halo,” the Finn’s were rewarded for their researching musical approach once again: The album marked AMORPHIS’ sixth no. 1 album in Finland, even cracked the top 3 of the official German album chart, and last but not least the sextet took home two awards from the prestigious Emma Gaala (“Band of the Year” & “Export of the Year”).\nRather than rushing into a follow-up, the band chose to step back from live performances and focus fully on their next chapter. The result is “Borderland” - a meticulously crafted opus that builds on their celebrated recent era, while seamlessly weaving in new, timely elements. It’s a bold, organic continuation of their journey, shaped by experience and guided by vision."", ""song_shelf_count"": 5, ""album_shelf_count"": 10, ""single_shelf_count"": 10, ""video_shelf_count"": 10, ""lookup_error"": """"}]",UCRAHc1Aild5p1Zmy2rAgVmA,Amorphis,69.1K,69100,35711572,"With “Borderland,” the title of the album couldn’t have been chosen more fittingly. Throughout their career, spanning over more than three decades, AMORPHIS -- Tomi Joutsen (vocals), Esa Holopainen (guitars), Tomi Koivusaari (guitars), Olli-Pekka Laine (bass), Santeri Kallio (keyboards) & Jan Rechberger (drums & percussion) -- have been an ever-evolving act, wandering on an boundary-pushing path. From their death metal debut “Karelian Isthmus” over genre-defining mid-90s melodic death works like “Tales From The Thousand Lakes” and “Elegy” as well as the melodic 2000’s grandeur of “Eclipse” or “Skyforger” to records combining the best of all prior eras to refreshing new soundscapes: Whatever this group works on promises long-range success.
With 2022’s “Halo,” the Finn’s were rewarded for their researching musical approach once again: The album marked AMORPHIS’ sixth no. 1 album in Finland, even cracked the top 3 of the official German album chart, and last but not least the sextet took home two awards from the prestigious Emma Gaala (“Band of the Year” & “Export of the Year”).
Rather than rushing into a follow-up, the band chose to step back from live performances and focus fully on their next chapter. The result is “Borderland” - a meticulously crafted opus that builds on their celebrated recent era, while seamlessly weaving in new, timely elements. It’s a bold, organic continuation of their journey, shaped by experience and guided by vision.",5,10,10,10,MPREb_QUSFPk9bVbr,Borderland,Album,2025,10,49 minutes,2989,OLAK5uy_nAXNlW2rUoESvV8iAAdhTk7shLE2OA4TY,Amorphis,,4:35,275,MUSIC_VIDEO_TYPE_ATV,290579,,ytmusicapi player response videoDetails.viewCount,,,Not exposed by this YouTube Music endpoint; official YouTube Data API credentials are required.,Music,2025-09-25T03:00:36-07:00,2025-09-25T03:00:36-07:00,Amorphis - Topic,UCRAHc1Aild5p1Zmy2rAgVmA,http://www.youtube.com/channel/UCRAHc1Aild5p1Zmy2rAgVmA,121,AE;AR;AS;AT;AU;AW;AZ;BA;BD;BE;BG;BH;BM;BO;BR;BY;CA;CH;CL;CO;CR;CY;CZ;DE;DK;DO;DZ;EC;EE;EG;ES;FI;FR;GB;GE;GF;GH;GP;GR;GT;GU;HK;HN;HR;HU;ID;IE;IL;IN;IQ;IS;IT;JM;JO;KE;KH;KR;KW;KY;KZ;LA;LB;LI;LK;LT;LU;LV;LY;MA;MK;MP;MQ;MT;MX;MY;NC;NG;NI;NL;NO;NP;NZ;OM;PA;PE;PF;PG;PH;PK;PL;PR;PT;PY;QA;RE;RO;RS;SA;SE;SG;SI;SK;SN;SV;TC;TH;TN;TR;TW;TZ;UA;UG;US;UY;VE;VI;VN;YE;YT;ZA;ZW,"Distribution availability, not artist nationality or audience geography.",Amorphis; Santeri Kallio; Borderland; The Circle,https://music.youtube.com/watch?v=IKUpqUYzQp0,True,False,False,True,False,False,True,True,False,False,OK,True,INDIFFERENT,False,https://i.ytimg.com/vi/IKUpqUYzQp0/maxresdefault.jpg,"[{""url"": ""https://yt3.googleusercontent.com/YxmTS8kRUvzKNgFWCRPtbXU4Qgyf6hSs7STYPGN7aI5mNKD3LNXOHuZWD5B9MLeiyn2J_RUp3VYsEJiV=w60-h60-l90-rj"", ""width"": 60, ""height"": 60}, {""url"": ""https://yt3.googleusercontent.com/YxmTS8kRUvzKNgFWCRPtbXU4Qgyf6hSs7STYPGN7aI5mNKD3LNXOHuZWD5B9MLeiyn2J_RUp3VYsEJiV=w120-h120-l90-rj"", ""width"": 120, ""height"": 120}]",,,,YouTube Music internal web API via ytmusicapi; personalized playlist fetched with named auth profile.,23.0,25.0,5.463264225,cumulative views of the exact recommended YouTube video,290579,5.463264225,Upper buffer,Buffer,"Frozen 83-song candidate pool captured 2026-06-29T19:44:09+00:00; Low <=7,505; lower buffer 7,506-19,756; Middle 19,757-243,792; upper buffer 243,793-1,223,809; High >=1,223,810 views.","Use view_count or popularity_log10_view_count for comparisons across users, weeks, and the original playlist. Do not use the within-Discover-Mix rank or percentile for cross-playlist comparisons because those are recalculated separately inside every 30-song mix.",Popularity is for the exact recommended video ID. Report or control video_type because this item is MUSIC_VIDEO_TYPE_ATV; ATV denotes an Art Track and OMV an official music video.
2026-08-24T12:43:12+00:00,user_09,Aygun Karca,Discover Mix,RDTMAK5uy_n_5IN6hzAOwdCnM8D8rzrs3vDl12UcZpA,https://music.youtube.com/playlist?list=RDTMAK5uy_n_5IN6hzAOwdCnM8D8rzrs3vDl12UcZpA,,,200,30,30,Collector records only the first 30 tracks. YouTube Music's browse response may still include more tracks in the raw API payload.,,52455,"Discover great music, picked just for you. Always updating.",30,1Vbk8o-0aZM,https://music.youtube.com/watch?v=1Vbk8o-0aZM,https://www.youtube.com/watch?v=1Vbk8o-0aZM,Paranoid,Mystic Prophecy,UCoGJu-rzMc5CGoIhSgH1T8A,"[{""id"": ""UCoGJu-rzMc5CGoIhSgH1T8A"", ""name"": ""Mystic Prophecy"", ""subscribers_display"": ""8.54K"", ""subscribers_approx"": 8540, ""channel_views"": 4759697, ""description"": ""Mystic Prophecy is a German power metal band from Bad Grönenbach. Their sound has been described as heavy and melodic, similar to American power metal bands such as Iced Earth, due to their melodic riffing and powerful drumming.\n\nFrom Wikipedia ("", ""song_shelf_count"": 5, ""album_shelf_count"": 10, ""single_shelf_count"": 10, ""video_shelf_count"": 3, ""lookup_error"": """"}]",UCoGJu-rzMc5CGoIhSgH1T8A,Mystic Prophecy,8.54K,8540,4759697,"Mystic Prophecy is a German power metal band from Bad Grönenbach. Their sound has been described as heavy and melodic, similar to American power metal bands such as Iced Earth, due to their melodic riffing and powerful drumming.

From Wikipedia (",5,10,10,3,MPREb_1QrPZuXzrrc,Satanic Curses,Album,2007,12,48 minutes,2899,OLAK5uy_nfmFXiQ3YEW7cf7n5j9h8yhuj2vx_znjM,Mystic Prophecy,"Satanic Curses is the fifth studio album by the German power metal band Mystic Prophecy. It was released in 2007.

From Wikipedia (",2:45,165,MUSIC_VIDEO_TYPE_ATV,454520,,ytmusicapi player response videoDetails.viewCount,,,Not exposed by this YouTube Music endpoint; official YouTube Data API credentials are required.,Music,2017-03-31T10:29:12-07:00,2017-03-31T10:29:12-07:00,Mystic Prophecy - Topic,UCoGJu-rzMc5CGoIhSgH1T8A,http://www.youtube.com/channel/UCoGJu-rzMc5CGoIhSgH1T8A,249,AD;AE;AF;AG;AI;AL;AM;AO;AQ;AR;AS;AT;AU;AW;AX;AZ;BA;BB;BD;BE;BF;BG;BH;BI;BJ;BL;BM;BN;BO;BQ;BR;BS;BT;BV;BW;BY;BZ;CA;CC;CD;CF;CG;CH;CI;CK;CL;CM;CN;CO;CR;CU;CV;CW;CX;CY;CZ;DE;DJ;DK;DM;DO;DZ;EC;EE;EG;EH;ER;ES;ET;FI;FJ;FK;FM;FO;FR;GA;GB;GD;GE;GF;GG;GH;GI;GL;GM;GN;GP;GQ;GR;GS;GT;GU;GW;GY;HK;HM;HN;HR;HT;HU;ID;IE;IL;IM;IN;IO;IQ;IR;IS;IT;JE;JM;JO;JP;KE;KG;KH;KI;KM;KN;KP;KR;KW;KY;KZ;LA;LB;LC;LI;LK;LR;LS;LT;LU;LV;LY;MA;MC;MD;ME;MF;MG;MH;MK;ML;MM;MN;MO;MP;MQ;MR;MS;MT;MU;MV;MW;MX;MY;MZ;NA;NC;NE;NF;NG;NI;NL;NO;NP;NR;NU;NZ;OM;PA;PE;PF;PG;PH;PK;PL;PM;PN;PR;PS;PT;PW;PY;QA;RE;RO;RS;RU;RW;SA;SB;SC;SD;SE;SG;SH;SI;SJ;SK;SL;SM;SN;SO;SR;SS;ST;SV;SX;SY;SZ;TC;TD;TF;TG;TH;TJ;TK;TL;TM;TN;TO;TR;TT;TV;TW;TZ;UA;UG;UM;US;UY;UZ;VA;VC;VE;VG;VI;VN;VU;WF;WS;YE;YT;ZA;ZM;ZW,"Distribution availability, not artist nationality or audience geography.",Mystic Prophecy; Satanic Curses; Paranoid,https://music.youtube.com/watch?v=1Vbk8o-0aZM,True,False,False,True,False,False,True,True,False,False,OK,True,INDIFFERENT,False,https://i.ytimg.com/vi/1Vbk8o-0aZM/maxresdefault.jpg,"[{""url"": ""https://yt3.googleusercontent.com/fgdZ-qf_bkDaDnFEkgIwuvtNSALX6_HMXPJEPrfJlQj4SCSLtntuQYKZrZWDnGg8LSgeuEoWFFgfeS55=w60-h60-l90-rj"", ""width"": 60, ""height"": 60}, {""url"": ""https://yt3.googleusercontent.com/fgdZ-qf_bkDaDnFEkgIwuvtNSALX6_HMXPJEPrfJlQj4SCSLtntuQYKZrZWDnGg8LSgeuEoWFFgfeS55=w120-h120-l90-rj"", ""width"": 120, ""height"": 120}]",,,,YouTube Music internal web API via ytmusicapi; personalized playlist fetched with named auth profile.,21.0,31.666667,5.657552998,cumulative views of the exact recommended YouTube video,454520,5.657552998,Upper buffer,Buffer,"Frozen 83-song candidate pool captured 2026-06-29T19:44:09+00:00; Low <=7,505; lower buffer 7,506-19,756; Middle 19,757-243,792; upper buffer 243,793-1,223,809; High >=1,223,810 views.","Use view_count or popularity_log10_view_count for comparisons across users, weeks, and the original playlist. Do not use the within-Discover-Mix rank or percentile for cross-playlist comparisons because those are recalculated separately inside every 30-song mix.",Popularity is for the exact recommended video ID. Report or control video_type because this item is MUSIC_VIDEO_TYPE_ATV; ATV denotes an Art Track and OMV an official music video.
