captured_at_utc,auth_profile,verified_account_name,playlist_name,playlist_id,playlist_url,playlist_author,playlist_track_count_reported,playlist_duration,playlist_duration_seconds,playlist_description,playlist_position,video_id,youtube_music_url,youtube_url,title,artists,artist_ids,artist_details_json,primary_artist_id,primary_artist_name,artist_subscribers_display,artist_subscribers_approx,artist_channel_views,artist_description,artist_song_shelf_count,artist_album_shelf_count,artist_single_shelf_count,artist_video_shelf_count,album_browse_id,album_name,album_type,album_year,album_track_count,album_duration,album_duration_seconds,album_audio_playlist_id,album_artists,album_description,duration,duration_seconds,video_type,view_count,playlist_view_display,view_count_source,like_count,comment_count,like_comment_note,category,upload_date,publish_date,topic_channel_owner,topic_channel_id,topic_channel_url,available_country_count,available_country_codes,available_countries_note,tags,canonical_url,family_safe,unlisted,paid,allow_ratings,is_live_content,is_private,is_crawlable,is_available,is_explicit_track,is_explicit_album,playability_status,playable_in_embed,profile_like_status,profile_in_library,thumbnail_url,track_thumbnails_json,song_lookup_error,artist_lookup_error,album_lookup_error,source_note,view_rank_within_discover_mix_desc,view_percentile_within_discover_mix,log10_view_count,popularity_measure,popularity_value_view_count,popularity_log10_view_count,popularity_original_pool_fixed_band,popularity_original_pool_fixed_tier,popularity_tier_reference,popularity_comparison_note,popularity_video_version_note
2026-08-17T11:59:15+00:00,user_02,aysima baba,Discover Mix,RDTMAK5uy_n_5IN6hzAOwdCnM8D8rzrs3vDl12UcZpA,https://music.youtube.com/playlist?list=RDTMAK5uy_n_5IN6hzAOwdCnM8D8rzrs3vDl12UcZpA,,,,51507,"Discover great music, picked just for you. Always updating.",1,hlxhqvmiPEs,https://music.youtube.com/watch?v=hlxhqvmiPEs,https://www.youtube.com/watch?v=hlxhqvmiPEs,Die with a Sword in My Hand,Gloryhammer,UCPGTSBEsBiITt6ZaniWufag,"[{""id"": ""UCPGTSBEsBiITt6ZaniWufag"", ""name"": ""Gloryhammer"", ""subscribers_display"": ""54.2K"", ""subscribers_approx"": 54200, ""channel_views"": 67456057, ""description"": ""Gloryhammer are a British power metal band founded by keyboardist Christopher Bowes, lead vocalist of the band Alestorm. Each member of the band represents a character in the story concept. Band members appear on stage in armour and costumes to represent their respective characters.\n\nFrom Wikipedia ("", ""song_shelf_count"": 5, ""album_shelf_count"": 4, ""single_shelf_count"": 10, ""video_shelf_count"": 10, ""lookup_error"": """"}]",UCPGTSBEsBiITt6ZaniWufag,Gloryhammer,54.2K,54200,67456057,"Gloryhammer are a British power metal band founded by keyboardist Christopher Bowes, lead vocalist of the band Alestorm. Each member of the band represents a character in the story concept. Band members appear on stage in armour and costumes to represent their respective characters.

From Wikipedia (",5,4,10,10,MPREb_xnWFbtmfxc9,Die with a Sword in My Hand,Single,2026,2,"7 minutes, 54 seconds",474,OLAK5uy_mYZ8Of0ccqWxbgvli2Jv1fuZktkahvJIk,Gloryhammer,,4:02,242,MUSIC_VIDEO_TYPE_ATV,56962,,ytmusicapi player response videoDetails.viewCount,,,Not exposed by this YouTube Music endpoint; official YouTube Data API credentials are required.,Music,2026-08-12T03:00:01-07:00,2026-08-12T03:00:01-07:00,Gloryhammer - Topic,UCPGTSBEsBiITt6ZaniWufag,http://www.youtube.com/channel/UCPGTSBEsBiITt6ZaniWufag,108,AE;AR;AT;AU;AW;AZ;BA;BD;BE;BG;BH;BM;BO;BR;BY;CA;CH;CL;CY;CZ;DE;DK;DO;DZ;EE;EG;ES;FI;FR;GB;GE;GF;GH;GP;GR;GU;HK;HR;HU;ID;IE;IL;IN;IQ;IS;IT;JO;JP;KE;KH;KR;KW;KZ;LA;LB;LI;LK;LT;LU;LV;LY;MA;MK;MP;MQ;MT;MY;NC;NG;NL;NO;NP;NZ;OM;PG;PH;PK;PL;PR;PT;PY;QA;RE;RO;RS;SA;SE;SG;SI;SK;SN;TC;TH;TN;TR;TW;TZ;UA;UG;US;UY;VE;VI;VN;YE;YT;ZA;ZW,"Distribution availability, not artist nationality or audience geography.",Gloryhammer; Ben Turk; James Cartwright; Sozos Michael; Die with a Sword in My Hand,https://music.youtube.com/watch?v=hlxhqvmiPEs,True,False,False,True,False,False,True,True,False,False,OK,True,INDIFFERENT,False,https://i.ytimg.com/vi/hlxhqvmiPEs/maxresdefault.jpg,"[{""url"": ""https://yt3.googleusercontent.com/1TPc2FYPgca80is_6atpnQGTACRO4ZBChQjdvA-ZUnchVd80N-hOPXdi0DAStJ6vmokKAx4gCPpZv4ya7Q=w60-h60-l90-rj"", ""width"": 60, ""height"": 60}, {""url"": ""https://yt3.googleusercontent.com/1TPc2FYPgca80is_6atpnQGTACRO4ZBChQjdvA-ZUnchVd80N-hOPXdi0DAStJ6vmokKAx4gCPpZv4ya7Q=w120-h120-l90-rj"", ""width"": 120, ""height"": 120}]",,,,YouTube Music internal web API via ytmusicapi; personalized playlist fetched with named auth profile.,29.0,5.0,4.755585229,cumulative views of the exact recommended YouTube video,56962,4.755585229,Middle,Middle,"Frozen 83-song candidate pool captured 2026-06-29T19:44:09+00:00; Low <=7,505; lower buffer 7,506-19,756; Middle 19,757-243,792; upper buffer 243,793-1,223,809; High >=1,223,810 views.","Use view_count or popularity_log10_view_count for comparisons across users, weeks, and the original playlist. Do not use the within-Discover-Mix rank or percentile for cross-playlist comparisons because those are recalculated separately inside every 30-song mix.",Popularity is for the exact recommended video ID. Report or control video_type because this item is MUSIC_VIDEO_TYPE_ATV; ATV denotes an Art Track and OMV an official music video.
2026-08-17T11:59:15+00:00,user_02,aysima baba,Discover Mix,RDTMAK5uy_n_5IN6hzAOwdCnM8D8rzrs3vDl12UcZpA,https://music.youtube.com/playlist?list=RDTMAK5uy_n_5IN6hzAOwdCnM8D8rzrs3vDl12UcZpA,,,,51507,"Discover great music, picked just for you. Always updating.",2,vMU804-bjQA,https://music.youtube.com/watch?v=vMU804-bjQA,https://www.youtube.com/watch?v=vMU804-bjQA,No Surrender (Official Video),Judas Priest,UCy6-RHgm74I8CCCvMu4NPJQ,"[{""id"": ""UCy6-RHgm74I8CCCvMu4NPJQ"", ""name"": ""Judas Priest"", ""subscribers_display"": ""1.32M"", ""subscribers_approx"": 1320000, ""channel_views"": 1318029768, ""description"": ""THE NEW ALBUM. INVINCIBLE SHIELD. MARCH 8TH 2024. PRE-ORDER NOW. judaspriest.lnk.to/store"", ""song_shelf_count"": 5, ""album_shelf_count"": 10, ""single_shelf_count"": 5, ""video_shelf_count"": 10, ""lookup_error"": """"}]",UCy6-RHgm74I8CCCvMu4NPJQ,Judas Priest,1.32M,1320000,1318029768,THE NEW ALBUM. INVINCIBLE SHIELD. MARCH 8TH 2024. PRE-ORDER NOW. judaspriest.lnk.to/store,5,10,5,10,,,,,,,,,,,2:55,175,MUSIC_VIDEO_TYPE_OMV,22172608,,ytmusicapi player response videoDetails.viewCount,,,Not exposed by this YouTube Music endpoint; official YouTube Data API credentials are required.,Music,2018-07-23T09:00:05-07:00,2018-07-23T09:00:05-07:00,JudasPriestVEVO,UCStHqF-8YWv8x6SJcTFkEXA,http://www.youtube.com/@JudasPriestVEVO,249,AD;AE;AF;AG;AI;AL;AM;AO;AQ;AR;AS;AT;AU;AW;AX;AZ;BA;BB;BD;BE;BF;BG;BH;BI;BJ;BL;BM;BN;BO;BQ;BR;BS;BT;BV;BW;BY;BZ;CA;CC;CD;CF;CG;CH;CI;CK;CL;CM;CN;CO;CR;CU;CV;CW;CX;CY;CZ;DE;DJ;DK;DM;DO;DZ;EC;EE;EG;EH;ER;ES;ET;FI;FJ;FK;FM;FO;FR;GA;GB;GD;GE;GF;GG;GH;GI;GL;GM;GN;GP;GQ;GR;GS;GT;GU;GW;GY;HK;HM;HN;HR;HT;HU;ID;IE;IL;IM;IN;IO;IQ;IR;IS;IT;JE;JM;JO;JP;KE;KG;KH;KI;KM;KN;KP;KR;KW;KY;KZ;LA;LB;LC;LI;LK;LR;LS;LT;LU;LV;LY;MA;MC;MD;ME;MF;MG;MH;MK;ML;MM;MN;MO;MP;MQ;MR;MS;MT;MU;MV;MW;MX;MY;MZ;NA;NC;NE;NF;NG;NI;NL;NO;NP;NR;NU;NZ;OM;PA;PE;PF;PG;PH;PK;PL;PM;PN;PR;PS;PT;PW;PY;QA;RE;RO;RS;RU;RW;SA;SB;SC;SD;SE;SG;SH;SI;SJ;SK;SL;SM;SN;SO;SR;SS;ST;SV;SX;SY;SZ;TC;TD;TF;TG;TH;TJ;TK;TL;TM;TN;TO;TR;TT;TV;TW;TZ;UA;UG;UM;US;UY;UZ;VA;VC;VE;VG;VI;VN;VU;WF;WS;YE;YT;ZA;ZM;ZW,"Distribution availability, not artist nationality or audience geography.",judas priest; judas priest no surrender; judas priest breaking the law; judas priest firepower; judas priest live; judas priest lyrics; judas priest lightning strike; judas priest british steel; judas priest 2018; judas priest new single; judas priest new album; Album; Album-Oriented Rock (AOR); Classic Rock; Energetic; Feeling Good; Hard Rock; Heavy Metal; Metal; No Surrender; Rock; Single; Upbeat,https://music.youtube.com/watch?v=vMU804-bjQA,True,False,False,True,False,False,True,True,False,,OK,True,INDIFFERENT,False,https://i.ytimg.com/vi/vMU804-bjQA/maxresdefault.jpg,"[{""url"": ""https://i.ytimg.com/vi/vMU804-bjQA/hqdefault.jpg?sqp=-oaymwEWCJADEOEBIAQqCggAEOADGC0guwJIWg&rs=AMzJL3mn7Re7SmBSLLtbvQ7ySrEIC3jAvw"", ""width"": 400, ""height"": 225}]",,,missing album browse id,YouTube Music internal web API via ytmusicapi; personalized playlist fetched with named auth profile.,10.0,68.333333,7.345816779,cumulative views of the exact recommended YouTube video,22172608,7.345816779,High,High,"Frozen 83-song candidate pool captured 2026-06-29T19:44:09+00:00; Low <=7,505; lower buffer 7,506-19,756; Middle 19,757-243,792; upper buffer 243,793-1,223,809; High >=1,223,810 views.","Use view_count or popularity_log10_view_count for comparisons across users, weeks, and the original playlist. Do not use the within-Discover-Mix rank or percentile for cross-playlist comparisons because those are recalculated separately inside every 30-song mix.",Popularity is for the exact recommended video ID. Report or control video_type because this item is MUSIC_VIDEO_TYPE_OMV; ATV denotes an Art Track and OMV an official music video.
2026-08-17T11:59:15+00:00,user_02,aysima baba,Discover Mix,RDTMAK5uy_n_5IN6hzAOwdCnM8D8rzrs3vDl12UcZpA,https://music.youtube.com/playlist?list=RDTMAK5uy_n_5IN6hzAOwdCnM8D8rzrs3vDl12UcZpA,,,,51507,"Discover great music, picked just for you. Always updating.",3,CwED4C5FJuo,https://music.youtube.com/watch?v=CwED4C5FJuo,https://www.youtube.com/watch?v=CwED4C5FJuo,Over The Hills And Far Away,Nightwish,UCnDibivBAgWYKWi9qOiCNnA,"[{""id"": ""UCnDibivBAgWYKWi9qOiCNnA"", ""name"": ""Nightwish"", ""subscribers_display"": ""1.87M"", ""subscribers_approx"": 1870000, ""channel_views"": 1312563662, ""description"": ""Nightwish were formed in Kitee, Finland, in 1997 by keyboardist Tuomas Holopainen. Nightwish's demos landed them a contract with the Finnish label Spinefarm, which released their debut album, Angels Fall First, in late 1997. The follow-up, Oceanborn, appeared in late 1998 and made Nightwish a mainstream success in their homeland.\n\nTheir third album, Wishmaster topped the Finnish charts. Released in 2002, Century Child proved a massive hit in Finland and around Europe, but 2004's Once saw them go one step further and conquer Europe. Marko Hietala was now on bass, replacing Sami Vänskä, while in 2005 Swedish singer Anette Olzon replaced Tarja Turunen. Dark Passion Play (2007) and the concept album Imaginaerum (2011) both featured Olzon before she and the band parted ways in 2012.\n\nAt short notice, ex-After Forever frontwoman Floor Jansen stepped in to take over on lead vocal duties. She was embraced immediately by their passionate fans, and was soon made a permanent member, alongside English piper Troy Donockley. Endless Forms Most Beautiful placed on no less than ten different charts including the Top 200 (number 34) and hard rock charts (number two). \n\nDecades, a double-length compilation album was released in March of 2018, and coincided with Nightwish's 20th anniversary world tour. After this Nightwish released a live recording of this very tour as Decades: Live in Buenos Aires. The latest album of Nightwish, \""Human. :||: Nature.\"" is out now!"", ""song_shelf_count"": 5, ""album_shelf_count"": 10, ""single_shelf_count"": 10, ""video_shelf_count"": 10, ""lookup_error"": """"}]",UCnDibivBAgWYKWi9qOiCNnA,Nightwish,1.87M,1870000,1312563662,"Nightwish were formed in Kitee, Finland, in 1997 by keyboardist Tuomas Holopainen. Nightwish's demos landed them a contract with the Finnish label Spinefarm, which released their debut album, Angels Fall First, in late 1997. The follow-up, Oceanborn, appeared in late 1998 and made Nightwish a mainstream success in their homeland.

Their third album, Wishmaster topped the Finnish charts. Released in 2002, Century Child proved a massive hit in Finland and around Europe, but 2004's Once saw them go one step further and conquer Europe. Marko Hietala was now on bass, replacing Sami Vänskä, while in 2005 Swedish singer Anette Olzon replaced Tarja Turunen. Dark Passion Play (2007) and the concept album Imaginaerum (2011) both featured Olzon before she and the band parted ways in 2012.

At short notice, ex-After Forever frontwoman Floor Jansen stepped in to take over on lead vocal duties. She was embraced immediately by their passionate fans, and was soon made a permanent member, alongside English piper Troy Donockley. Endless Forms Most Beautiful placed on no less than ten different charts including the Top 200 (number 34) and hard rock charts (number two). 

Decades, a double-length compilation album was released in March of 2018, and coincided with Nightwish's 20th anniversary world tour. After this Nightwish released a live recording of this very tour as Decades: Live in Buenos Aires. The latest album of Nightwish, ""Human. :||: Nature."" is out now!",5,10,10,10,,,,,,,,,,,3:56,236,MUSIC_VIDEO_TYPE_OMV,49744436,,ytmusicapi player response videoDetails.viewCount,,,Not exposed by this YouTube Music endpoint; official YouTube Data API credentials are required.,Music,2015-03-26T06:56:12-07:00,2015-03-26T06:56:12-07:00,Nightwish,UCQplaZZ2mv8fo8Zd-1hQPzg,http://www.youtube.com/@nightwish,249,AD;AE;AF;AG;AI;AL;AM;AO;AQ;AR;AS;AT;AU;AW;AX;AZ;BA;BB;BD;BE;BF;BG;BH;BI;BJ;BL;BM;BN;BO;BQ;BR;BS;BT;BV;BW;BY;BZ;CA;CC;CD;CF;CG;CH;CI;CK;CL;CM;CN;CO;CR;CU;CV;CW;CX;CY;CZ;DE;DJ;DK;DM;DO;DZ;EC;EE;EG;EH;ER;ES;ET;FI;FJ;FK;FM;FO;FR;GA;GB;GD;GE;GF;GG;GH;GI;GL;GM;GN;GP;GQ;GR;GS;GT;GU;GW;GY;HK;HM;HN;HR;HT;HU;ID;IE;IL;IM;IN;IO;IQ;IR;IS;IT;JE;JM;JO;JP;KE;KG;KH;KI;KM;KN;KP;KR;KW;KY;KZ;LA;LB;LC;LI;LK;LR;LS;LT;LU;LV;LY;MA;MC;MD;ME;MF;MG;MH;MK;ML;MM;MN;MO;MP;MQ;MR;MS;MT;MU;MV;MW;MX;MY;MZ;NA;NC;NE;NF;NG;NI;NL;NO;NP;NR;NU;NZ;OM;PA;PE;PF;PG;PH;PK;PL;PM;PN;PR;PS;PT;PW;PY;QA;RE;RO;RS;RU;RW;SA;SB;SC;SD;SE;SG;SH;SI;SJ;SK;SL;SM;SN;SO;SR;SS;ST;SV;SX;SY;SZ;TC;TD;TF;TG;TH;TJ;TK;TL;TM;TN;TO;TR;TT;TV;TW;TZ;UA;UG;UM;US;UY;UZ;VA;VC;VE;VG;VI;VN;VU;WF;WS;YE;YT;ZA;ZM;ZW,"Distribution availability, not artist nationality or audience geography.",over the hills and far away; nightwish; over the hills and far away nightwish; nightwish over the hills and far away; over the hills and far away lyrics; nightwish over the hills and far away lyrics; over the hills and far away music video; symphonic metal; nightwish official; nightwish music video; nightwish official video; tuomas holopainen,https://music.youtube.com/watch?v=CwED4C5FJuo,True,False,False,True,False,False,True,True,False,,OK,True,INDIFFERENT,False,https://i.ytimg.com/vi/CwED4C5FJuo/maxresdefault.jpg,"[{""url"": ""https://i.ytimg.com/vi/CwED4C5FJuo/hqdefault.jpg?sqp=-oaymwEWCJADEOEBIAQqCggAEOADGC0guwJIWg&rs=AMzJL3m1zxvTCtpdxUbxpAc7eE-CMsZTsA"", ""width"": 400, ""height"": 225}]",,,missing album browse id,YouTube Music internal web API via ytmusicapi; personalized playlist fetched with named auth profile.,6.0,81.666667,7.696744511,cumulative views of the exact recommended YouTube video,49744436,7.696744511,High,High,"Frozen 83-song candidate pool captured 2026-06-29T19:44:09+00:00; Low <=7,505; lower buffer 7,506-19,756; Middle 19,757-243,792; upper buffer 243,793-1,223,809; High >=1,223,810 views.","Use view_count or popularity_log10_view_count for comparisons across users, weeks, and the original playlist. Do not use the within-Discover-Mix rank or percentile for cross-playlist comparisons because those are recalculated separately inside every 30-song mix.",Popularity is for the exact recommended video ID. Report or control video_type because this item is MUSIC_VIDEO_TYPE_OMV; ATV denotes an Art Track and OMV an official music video.
2026-08-17T11:59:15+00:00,user_02,aysima baba,Discover Mix,RDTMAK5uy_n_5IN6hzAOwdCnM8D8rzrs3vDl12UcZpA,https://music.youtube.com/playlist?list=RDTMAK5uy_n_5IN6hzAOwdCnM8D8rzrs3vDl12UcZpA,,,,51507,"Discover great music, picked just for you. Always updating.",4,UQ4uyq3GU1w,https://music.youtube.com/watch?v=UQ4uyq3GU1w,https://www.youtube.com/watch?v=UQ4uyq3GU1w,Heartless Madness,Dynazty,UC1_8sQRmjjw7YI2Bk-Kr_tA,"[{""id"": ""UC1_8sQRmjjw7YI2Bk-Kr_tA"", ""name"": ""Dynazty"", ""subscribers_display"": ""42.2K"", ""subscribers_approx"": 42200, ""channel_views"": 46782726, ""description"": ""Formed in 2008, Dynazty has over the years evolved from it’s humble beginnings rooted in the Scandinavian Hard Rock scene into now being a powerhouse and formidable force to be reckoned with on the top shelf of the modern melodic metal scene.\n\nCareer milestones include the 2020 chart breaking album The Dark Delight, certified for gold status in the bands home country Sweden and neighbors Finland. With single tracks Heartless Madness reaching platinum status.\n\nTours in recent years together with bands like Sabaton, Powerwolf, Battle Beast, Pain and Kissin' Dynamite have showcased and established the band on the European continent as one of the most prominent live acts of it’s generation.\n\nReleased on February 14th 2025, brand new album \""Game of Faces\"" is doubling down on punch and ferocity together with the band’s trademark attention to songwriting and production detail.\n\nProduced by Dynazty themselves and mixed by swedish pioneer Jens Bogren, Game of Faces takes you on a journey exploring the essence of the human mind and existance with lyrical themes such as self discovery, spiritual death, rebirth and re-invention in Die to Survive, Fire to Fight and Fortune Favors the Brave.\nWhile taking on the duality and deceptive nature of human kind in the eponymous title track, the album’s opener Call of The Night and first single release Devilry of Ecstasy."", ""song_shelf_count"": 5, ""album_shelf_count"": 9, ""single_shelf_count"": 10, ""video_shelf_count"": 10, ""lookup_error"": """"}]",UC1_8sQRmjjw7YI2Bk-Kr_tA,Dynazty,42.2K,42200,46782726,"Formed in 2008, Dynazty has over the years evolved from it’s humble beginnings rooted in the Scandinavian Hard Rock scene into now being a powerhouse and formidable force to be reckoned with on the top shelf of the modern melodic metal scene.

Career milestones include the 2020 chart breaking album The Dark Delight, certified for gold status in the bands home country Sweden and neighbors Finland. With single tracks Heartless Madness reaching platinum status.

Tours in recent years together with bands like Sabaton, Powerwolf, Battle Beast, Pain and Kissin' Dynamite have showcased and established the band on the European continent as one of the most prominent live acts of it’s generation.

Released on February 14th 2025, brand new album ""Game of Faces"" is doubling down on punch and ferocity together with the band’s trademark attention to songwriting and production detail.

Produced by Dynazty themselves and mixed by swedish pioneer Jens Bogren, Game of Faces takes you on a journey exploring the essence of the human mind and existance with lyrical themes such as self discovery, spiritual death, rebirth and re-invention in Die to Survive, Fire to Fight and Fortune Favors the Brave.
While taking on the duality and deceptive nature of human kind in the eponymous title track, the album’s opener Call of The Night and first single release Devilry of Ecstasy.",5,9,10,10,,,,,,,,,,,4:09,249,MUSIC_VIDEO_TYPE_OMV,6363603,,ytmusicapi player response videoDetails.viewCount,,,Not exposed by this YouTube Music endpoint; official YouTube Data API credentials are required.,Music,2020-02-28T03:02:07-08:00,2020-02-28T03:02:07-08:00,AFM Records,UCKdA5J4-opjla1aWOjF74mg,http://www.youtube.com/@afmrecords,249,AD;AE;AF;AG;AI;AL;AM;AO;AQ;AR;AS;AT;AU;AW;AX;AZ;BA;BB;BD;BE;BF;BG;BH;BI;BJ;BL;BM;BN;BO;BQ;BR;BS;BT;BV;BW;BY;BZ;CA;CC;CD;CF;CG;CH;CI;CK;CL;CM;CN;CO;CR;CU;CV;CW;CX;CY;CZ;DE;DJ;DK;DM;DO;DZ;EC;EE;EG;EH;ER;ES;ET;FI;FJ;FK;FM;FO;FR;GA;GB;GD;GE;GF;GG;GH;GI;GL;GM;GN;GP;GQ;GR;GS;GT;GU;GW;GY;HK;HM;HN;HR;HT;HU;ID;IE;IL;IM;IN;IO;IQ;IR;IS;IT;JE;JM;JO;JP;KE;KG;KH;KI;KM;KN;KP;KR;KW;KY;KZ;LA;LB;LC;LI;LK;LR;LS;LT;LU;LV;LY;MA;MC;MD;ME;MF;MG;MH;MK;ML;MM;MN;MO;MP;MQ;MR;MS;MT;MU;MV;MW;MX;MY;MZ;NA;NC;NE;NF;NG;NI;NL;NO;NP;NR;NU;NZ;OM;PA;PE;PF;PG;PH;PK;PL;PM;PN;PR;PS;PT;PW;PY;QA;RE;RO;RS;RU;RW;SA;SB;SC;SD;SE;SG;SH;SI;SJ;SK;SL;SM;SN;SO;SR;SS;ST;SV;SX;SY;SZ;TC;TD;TF;TG;TH;TJ;TK;TL;TM;TN;TO;TR;TT;TV;TW;TZ;UA;UG;UM;US;UY;UZ;VA;VC;VE;VG;VI;VN;VU;WF;WS;YE;YT;ZA;ZM;ZW,"Distribution availability, not artist nationality or audience geography.",afmrecords; AFM; Records; heavymetal; powermetal; official; musicvideo; music; metal; clip,https://music.youtube.com/watch?v=UQ4uyq3GU1w,True,False,False,True,False,False,True,True,False,,OK,True,INDIFFERENT,False,https://i.ytimg.com/vi/UQ4uyq3GU1w/maxresdefault.jpg,"[{""url"": ""https://i.ytimg.com/vi/UQ4uyq3GU1w/hqdefault.jpg?sqp=-oaymwEWCJADEOEBIAQqCggAEOADGC0guwJIWg&rs=AMzJL3mYZkJRRBZStIfUBZFu8O1w2ksyNw"", ""width"": 400, ""height"": 225}]",,,missing album browse id,YouTube Music internal web API via ytmusicapi; personalized playlist fetched with named auth profile.,16.0,48.333333,6.803703078,cumulative views of the exact recommended YouTube video,6363603,6.803703078,High,High,"Frozen 83-song candidate pool captured 2026-06-29T19:44:09+00:00; Low <=7,505; lower buffer 7,506-19,756; Middle 19,757-243,792; upper buffer 243,793-1,223,809; High >=1,223,810 views.","Use view_count or popularity_log10_view_count for comparisons across users, weeks, and the original playlist. Do not use the within-Discover-Mix rank or percentile for cross-playlist comparisons because those are recalculated separately inside every 30-song mix.",Popularity is for the exact recommended video ID. Report or control video_type because this item is MUSIC_VIDEO_TYPE_OMV; ATV denotes an Art Track and OMV an official music video.
2026-08-17T11:59:15+00:00,user_02,aysima baba,Discover Mix,RDTMAK5uy_n_5IN6hzAOwdCnM8D8rzrs3vDl12UcZpA,https://music.youtube.com/playlist?list=RDTMAK5uy_n_5IN6hzAOwdCnM8D8rzrs3vDl12UcZpA,,,,51507,"Discover great music, picked just for you. Always updating.",5,v2AC41dglnM,https://music.youtube.com/watch?v=v2AC41dglnM,https://www.youtube.com/watch?v=v2AC41dglnM,Thunderstruck,AC/DC,UCVm4YdI3hobkwsHTTOMVJKg,"[{""id"": ""UCVm4YdI3hobkwsHTTOMVJKg"", ""name"": ""AC/DC"", ""subscribers_display"": ""11.7M"", ""subscribers_approx"": 11700000, ""channel_views"": 12173775595, ""description"": ""AC/DC are an Australian rock band formed in Sydney in 1973. Their music has been variously described as hard rock, blues rock and heavy metal, although the band calls it simply \""rock and roll\"". They are cited as a formative influence on the new wave of British heavy metal bands, such as Def Leppard and Saxon, and were among \""the second generation of rising stars ready to step into the breach as the old guard waned\"", according to critics.\nAC/DC were founded by brothers Angus and Malcolm Young, with Colin Burgess, Larry Van Kriedt and Dave Evans. They underwent several line-up changes before releasing their Australasian-only debut album, High Voltage. Membership stabilised after the release of Let There Be Rock, with the Young brothers, Phil Rudd on drums, Cliff Williams on bass guitar and Bon Scott on lead vocals. Seven months after the release of Highway to Hell, Scott died of alcohol poisoning and English singer Brian Johnson was then recruited as their new frontman. With Johnson in the line-up, the band recorded one of the best-selling albums of all time, Back in Black. Rudd was fired midway through the Flick of the Switch recording sessions in 1983.\n\nFrom Wikipedia ("", ""song_shelf_count"": 5, ""album_shelf_count"": 10, ""single_shelf_count"": 10, ""video_shelf_count"": 10, ""lookup_error"": """"}]",UCVm4YdI3hobkwsHTTOMVJKg,AC/DC,11.7M,11700000,12173775595,"AC/DC are an Australian rock band formed in Sydney in 1973. Their music has been variously described as hard rock, blues rock and heavy metal, although the band calls it simply ""rock and roll"". They are cited as a formative influence on the new wave of British heavy metal bands, such as Def Leppard and Saxon, and were among ""the second generation of rising stars ready to step into the breach as the old guard waned"", according to critics.
AC/DC were founded by brothers Angus and Malcolm Young, with Colin Burgess, Larry Van Kriedt and Dave Evans. They underwent several line-up changes before releasing their Australasian-only debut album, High Voltage. Membership stabilised after the release of Let There Be Rock, with the Young brothers, Phil Rudd on drums, Cliff Williams on bass guitar and Bon Scott on lead vocals. Seven months after the release of Highway to Hell, Scott died of alcohol poisoning and English singer Brian Johnson was then recruited as their new frontman. With Johnson in the line-up, the band recorded one of the best-selling albums of all time, Back in Black. Rudd was fired midway through the Flick of the Switch recording sessions in 1983.

From Wikipedia (",5,10,10,10,,,,,,,,,,,4:53,293,MUSIC_VIDEO_TYPE_OMV,1761456279,,ytmusicapi player response videoDetails.viewCount,,,Not exposed by this YouTube Music endpoint; official YouTube Data API credentials are required.,Music,2012-11-07T07:15:10-08:00,2012-11-07T07:15:10-08:00,acdcVEVO,UCmPuJ2BltKsGE2966jLgCnw,http://www.youtube.com/@acdcVEVO,249,AD;AE;AF;AG;AI;AL;AM;AO;AQ;AR;AS;AT;AU;AW;AX;AZ;BA;BB;BD;BE;BF;BG;BH;BI;BJ;BL;BM;BN;BO;BQ;BR;BS;BT;BV;BW;BY;BZ;CA;CC;CD;CF;CG;CH;CI;CK;CL;CM;CN;CO;CR;CU;CV;CW;CX;CY;CZ;DE;DJ;DK;DM;DO;DZ;EC;EE;EG;EH;ER;ES;ET;FI;FJ;FK;FM;FO;FR;GA;GB;GD;GE;GF;GG;GH;GI;GL;GM;GN;GP;GQ;GR;GS;GT;GU;GW;GY;HK;HM;HN;HR;HT;HU;ID;IE;IL;IM;IN;IO;IQ;IR;IS;IT;JE;JM;JO;JP;KE;KG;KH;KI;KM;KN;KP;KR;KW;KY;KZ;LA;LB;LC;LI;LK;LR;LS;LT;LU;LV;LY;MA;MC;MD;ME;MF;MG;MH;MK;ML;MM;MN;MO;MP;MQ;MR;MS;MT;MU;MV;MW;MX;MY;MZ;NA;NC;NE;NF;NG;NI;NL;NO;NP;NR;NU;NZ;OM;PA;PE;PF;PG;PH;PK;PL;PM;PN;PR;PS;PT;PW;PY;QA;RE;RO;RS;RU;RW;SA;SB;SC;SD;SE;SG;SH;SI;SJ;SK;SL;SM;SN;SO;SR;SS;ST;SV;SX;SY;SZ;TC;TD;TF;TG;TH;TJ;TK;TL;TM;TN;TO;TR;TT;TV;TW;TZ;UA;UG;UM;US;UY;UZ;VA;VC;VE;VG;VI;VN;VU;WF;WS;YE;YT;ZA;ZM;ZW,"Distribution availability, not artist nationality or audience geography.",thunderstruck; ac dc; acdc; ac dc thunderstruck; acdc the thunderstruck; ac dc thunderstruck official video; acdc thunderstruck; acdc thunder; ac/dc; thunder; acdc thunderstrucks; ac dc the thunderstruck; ac/dc thunderstruck; thunderstruck ac dc; ac dc thunder; thunder ac dc; metallica; acdc thunderstruck official video; thunderstruck acdc; ac dc thunderstruck official video lyrics; 4th of July songs; American songs; new years eve; NYE; nye 2021; new years eve 2021,https://music.youtube.com/watch?v=v2AC41dglnM,True,False,False,True,False,False,True,True,False,,OK,True,INDIFFERENT,False,https://i.ytimg.com/vi/v2AC41dglnM/maxresdefault.jpg,"[{""url"": ""https://i.ytimg.com/vi/v2AC41dglnM/hqdefault.jpg?sqp=-oaymwEWCJADEOEBIAQqCggAEOADGC0guwJIWg&rs=AMzJL3kus8hdlxUwAUd5velvYNT_K0sepA"", ""width"": 400, ""height"": 225}]",,,missing album browse id,YouTube Music internal web API via ytmusicapi; personalized playlist fetched with named auth profile.,1.0,98.333333,9.245871868,cumulative views of the exact recommended YouTube video,1761456279,9.245871868,High,High,"Frozen 83-song candidate pool captured 2026-06-29T19:44:09+00:00; Low <=7,505; lower buffer 7,506-19,756; Middle 19,757-243,792; upper buffer 243,793-1,223,809; High >=1,223,810 views.","Use view_count or popularity_log10_view_count for comparisons across users, weeks, and the original playlist. Do not use the within-Discover-Mix rank or percentile for cross-playlist comparisons because those are recalculated separately inside every 30-song mix.",Popularity is for the exact recommended video ID. Report or control video_type because this item is MUSIC_VIDEO_TYPE_OMV; ATV denotes an Art Track and OMV an official music video.
2026-08-17T11:59:15+00:00,user_02,aysima baba,Discover Mix,RDTMAK5uy_n_5IN6hzAOwdCnM8D8rzrs3vDl12UcZpA,https://music.youtube.com/playlist?list=RDTMAK5uy_n_5IN6hzAOwdCnM8D8rzrs3vDl12UcZpA,,,,51507,"Discover great music, picked just for you. Always updating.",6,IOmMZBZGBps,https://music.youtube.com/watch?v=IOmMZBZGBps,https://www.youtube.com/watch?v=IOmMZBZGBps,Last Man Standing,Hammerfall,UCOspMA8k5GDzhPH7EsZ_IwQ,"[{""id"": ""UCOspMA8k5GDzhPH7EsZ_IwQ"", ""name"": ""Hammerfall"", ""subscribers_display"": ""108K"", ""subscribers_approx"": 108000, ""channel_views"": 85121083, ""description"": ""HammerFall is a Swedish power metal band from Gothenburg. It was formed in 1993 by ex-Ceremonial Oath guitarist Oscar Dronjak. They have released thirteen studio albums.\nThe band has largely stayed consistent with their original sound throughout its career. The group's mascot \""Hector\"" – a role-playing game character belonging to the paladin class – has appeared on most of their album covers.\n\nFrom Wikipedia ("", ""song_shelf_count"": 5, ""album_shelf_count"": 10, ""single_shelf_count"": 10, ""video_shelf_count"": 10, ""lookup_error"": """"}]",UCOspMA8k5GDzhPH7EsZ_IwQ,Hammerfall,108K,108000,85121083,"HammerFall is a Swedish power metal band from Gothenburg. It was formed in 1993 by ex-Ceremonial Oath guitarist Oscar Dronjak. They have released thirteen studio albums.
The band has largely stayed consistent with their original sound throughout its career. The group's mascot ""Hector"" – a role-playing game character belonging to the paladin class – has appeared on most of their album covers.

From Wikipedia (",5,10,10,10,,,,,,,,,,,3:59,239,MUSIC_VIDEO_TYPE_OMV,32506446,,ytmusicapi player response videoDetails.viewCount,,,Not exposed by this YouTube Music endpoint; official YouTube Data API credentials are required.,Music,2007-10-01T04:06:23-07:00,2007-10-01T04:06:23-07:00,Nuclear Blast Records,UCoxg3Kml41wE3IPq-PC-LQw,http://www.youtube.com/@NuclearBlastRecords,249,AD;AE;AF;AG;AI;AL;AM;AO;AQ;AR;AS;AT;AU;AW;AX;AZ;BA;BB;BD;BE;BF;BG;BH;BI;BJ;BL;BM;BN;BO;BQ;BR;BS;BT;BV;BW;BY;BZ;CA;CC;CD;CF;CG;CH;CI;CK;CL;CM;CN;CO;CR;CU;CV;CW;CX;CY;CZ;DE;DJ;DK;DM;DO;DZ;EC;EE;EG;EH;ER;ES;ET;FI;FJ;FK;FM;FO;FR;GA;GB;GD;GE;GF;GG;GH;GI;GL;GM;GN;GP;GQ;GR;GS;GT;GU;GW;GY;HK;HM;HN;HR;HT;HU;ID;IE;IL;IM;IN;IO;IQ;IR;IS;IT;JE;JM;JO;JP;KE;KG;KH;KI;KM;KN;KP;KR;KW;KY;KZ;LA;LB;LC;LI;LK;LR;LS;LT;LU;LV;LY;MA;MC;MD;ME;MF;MG;MH;MK;ML;MM;MN;MO;MP;MQ;MR;MS;MT;MU;MV;MW;MX;MY;MZ;NA;NC;NE;NF;NG;NI;NL;NO;NP;NR;NU;NZ;OM;PA;PE;PF;PG;PH;PK;PL;PM;PN;PR;PS;PT;PW;PY;QA;RE;RO;RS;RU;RW;SA;SB;SC;SD;SE;SG;SH;SI;SJ;SK;SL;SM;SN;SO;SR;SS;ST;SV;SX;SY;SZ;TC;TD;TF;TG;TH;TJ;TK;TL;TM;TN;TO;TR;TT;TV;TW;TZ;UA;UG;UM;US;UY;UZ;VA;VC;VE;VG;VI;VN;VU;WF;WS;YE;YT;ZA;ZM;ZW,"Distribution availability, not artist nationality or audience geography.",HammerFall (Musical Group); Nuclear Blast (Organization); metal; Heavy Metal (Musical Genre); Power Metal (Musical Genre); swedish metal; Oscar Dronjak; Fredrik Larsson; Joacim Cans; Anders Johansson; Pontus Norgren; official music video; last man standing,https://music.youtube.com/watch?v=IOmMZBZGBps,True,False,False,True,False,False,True,True,False,,OK,True,INDIFFERENT,False,https://i.ytimg.com/vi/IOmMZBZGBps/hqdefault.jpg,"[{""url"": ""https://i.ytimg.com/vi/IOmMZBZGBps/hqdefault.jpg?sqp=-oaymwEWCJADEOEBIAQqCggAEOADGC0guwJIWg&rs=AMzJL3kAB_zLtXSBEDiVsxBlSeIXIE_0Mg"", ""width"": 400, ""height"": 225}]",,,missing album browse id,YouTube Music internal web API via ytmusicapi; personalized playlist fetched with named auth profile.,8.0,75.0,7.51196949,cumulative views of the exact recommended YouTube video,32506446,7.51196949,High,High,"Frozen 83-song candidate pool captured 2026-06-29T19:44:09+00:00; Low <=7,505; lower buffer 7,506-19,756; Middle 19,757-243,792; upper buffer 243,793-1,223,809; High >=1,223,810 views.","Use view_count or popularity_log10_view_count for comparisons across users, weeks, and the original playlist. Do not use the within-Discover-Mix rank or percentile for cross-playlist comparisons because those are recalculated separately inside every 30-song mix.",Popularity is for the exact recommended video ID. Report or control video_type because this item is MUSIC_VIDEO_TYPE_OMV; ATV denotes an Art Track and OMV an official music video.
2026-08-17T11:59:15+00:00,user_02,aysima baba,Discover Mix,RDTMAK5uy_n_5IN6hzAOwdCnM8D8rzrs3vDl12UcZpA,https://music.youtube.com/playlist?list=RDTMAK5uy_n_5IN6hzAOwdCnM8D8rzrs3vDl12UcZpA,,,,51507,"Discover great music, picked just for you. Always updating.",7,tG7fk_DUz5g,https://music.youtube.com/watch?v=tG7fk_DUz5g,https://www.youtube.com/watch?v=tG7fk_DUz5g,Valhalla Calling - War Chant,Miracle of Sound,UCgVlMhRaM_83zLomevX-ZgQ,"[{""id"": ""UCgVlMhRaM_83zLomevX-ZgQ"", ""name"": ""Miracle of Sound"", ""subscribers_display"": ""1.2M"", ""subscribers_approx"": 1200000, ""channel_views"": 1030031990, ""description"": ""With over a billion completely grassroots cross platform streams, Miracle Of Sound is the project of Gavin Dunne, an independent producer/songwriter & singer from Ireland. The songs span a vast range of genres & styles, from dark folk to symphonic metal to sea shanties, cultivating a wide and varied audience over the last decade.\n\nThe project has had hundreds of chart appearances and a couple of ultra-viral hits, including the Viking history anthem Valhalla Calling, which Gavin wrote after playing Assassin's Creed Valhalla. The song has gone on to spawn countless cover versions, viral moments and remixes.\n\nAs he considers himself a little bit too boring to write about all the time, Gavin likes to celebrate great stories in his songs and many of them are inspired by the characters & tales in TV, Videogames, books & movies. \n\nHe has worked on cross promotion with various videogame industry companies including Ubisoft, Bioware, Owlcat/Games Workshop, EA and Bethesda for titles such as Mass Effect, Assassin’s Creed, Warhammer 40k, Wasteland 2 and Watch Dogs. \n\nMiracle Of Sound songs are loved for their addictive, catchy hooks, strong emotional punch and a ridiculously diverse range of genres, styles & song structures while always maintaining the MOS 'feel'."", ""song_shelf_count"": 5, ""album_shelf_count"": 10, ""single_shelf_count"": 10, ""video_shelf_count"": 10, ""lookup_error"": """"}]",UCgVlMhRaM_83zLomevX-ZgQ,Miracle of Sound,1.2M,1200000,1030031990,"With over a billion completely grassroots cross platform streams, Miracle Of Sound is the project of Gavin Dunne, an independent producer/songwriter & singer from Ireland. The songs span a vast range of genres & styles, from dark folk to symphonic metal to sea shanties, cultivating a wide and varied audience over the last decade.

The project has had hundreds of chart appearances and a couple of ultra-viral hits, including the Viking history anthem Valhalla Calling, which Gavin wrote after playing Assassin's Creed Valhalla. The song has gone on to spawn countless cover versions, viral moments and remixes.

As he considers himself a little bit too boring to write about all the time, Gavin likes to celebrate great stories in his songs and many of them are inspired by the characters & tales in TV, Videogames, books & movies. 

He has worked on cross promotion with various videogame industry companies including Ubisoft, Bioware, Owlcat/Games Workshop, EA and Bethesda for titles such as Mass Effect, Assassin’s Creed, Warhammer 40k, Wasteland 2 and Watch Dogs. 

Miracle Of Sound songs are loved for their addictive, catchy hooks, strong emotional punch and a ridiculously diverse range of genres, styles & song structures while always maintaining the MOS 'feel'.",5,10,10,10,,,,,,,,,,,4:01,241,MUSIC_VIDEO_TYPE_OMV,160364530,,ytmusicapi player response videoDetails.viewCount,,,Not exposed by this YouTube Music endpoint; official YouTube Data API credentials are required.,Music,2021-11-05T10:00:13-07:00,2021-11-05T10:00:13-07:00,miracleofsound,UCSfoxYTlCPFfglckBLrjpsA,http://www.youtube.com/@miracleofsound,249,AD;AE;AF;AG;AI;AL;AM;AO;AQ;AR;AS;AT;AU;AW;AX;AZ;BA;BB;BD;BE;BF;BG;BH;BI;BJ;BL;BM;BN;BO;BQ;BR;BS;BT;BV;BW;BY;BZ;CA;CC;CD;CF;CG;CH;CI;CK;CL;CM;CN;CO;CR;CU;CV;CW;CX;CY;CZ;DE;DJ;DK;DM;DO;DZ;EC;EE;EG;EH;ER;ES;ET;FI;FJ;FK;FM;FO;FR;GA;GB;GD;GE;GF;GG;GH;GI;GL;GM;GN;GP;GQ;GR;GS;GT;GU;GW;GY;HK;HM;HN;HR;HT;HU;ID;IE;IL;IM;IN;IO;IQ;IR;IS;IT;JE;JM;JO;JP;KE;KG;KH;KI;KM;KN;KP;KR;KW;KY;KZ;LA;LB;LC;LI;LK;LR;LS;LT;LU;LV;LY;MA;MC;MD;ME;MF;MG;MH;MK;ML;MM;MN;MO;MP;MQ;MR;MS;MT;MU;MV;MW;MX;MY;MZ;NA;NC;NE;NF;NG;NI;NL;NO;NP;NR;NU;NZ;OM;PA;PE;PF;PG;PH;PK;PL;PM;PN;PR;PS;PT;PW;PY;QA;RE;RO;RS;RU;RW;SA;SB;SC;SD;SE;SG;SH;SI;SJ;SK;SL;SM;SN;SO;SR;SS;ST;SV;SX;SY;SZ;TC;TD;TF;TG;TH;TJ;TK;TL;TM;TN;TO;TR;TT;TV;TW;TZ;UA;UG;UM;US;UY;UZ;VA;VC;VE;VG;VI;VN;VU;WF;WS;YE;YT;ZA;ZM;ZW,"Distribution availability, not artist nationality or audience geography.",miracle of sound; miracleofsound; valhalla calling; peyton parrish; vikings valhalla; valhalla calling song; valhalla calling lyrics; miracle of sound valhalla calling; miracle of sound skal; valhalla calling me; valhalla calling me lyrics; valhalla calling miracle of sound; miracle of sound doom; valhalla; valhalla song; valhalla calling peyton parrish; valhalla rising; viking music; miracle of sounds; miracle of sound valhalla; valhalla calling me metal; echoes of eternity,https://music.youtube.com/watch?v=tG7fk_DUz5g,True,False,False,True,False,False,True,True,False,,OK,True,INDIFFERENT,False,https://i.ytimg.com/vi/tG7fk_DUz5g/maxresdefault.jpg,"[{""url"": ""https://i.ytimg.com/vi/tG7fk_DUz5g/hqdefault.jpg?sqp=-oaymwEWCJADEOEBIAQqCggAEOADGC0guwJIWg&rs=AMzJL3mMj3aXwCGuH2X6fcjCjugy9kySUw"", ""width"": 400, ""height"": 225}]",,,missing album browse id,YouTube Music internal web API via ytmusicapi; personalized playlist fetched with named auth profile.,5.0,85.0,8.205108316,cumulative views of the exact recommended YouTube video,160364530,8.205108316,High,High,"Frozen 83-song candidate pool captured 2026-06-29T19:44:09+00:00; Low <=7,505; lower buffer 7,506-19,756; Middle 19,757-243,792; upper buffer 243,793-1,223,809; High >=1,223,810 views.","Use view_count or popularity_log10_view_count for comparisons across users, weeks, and the original playlist. Do not use the within-Discover-Mix rank or percentile for cross-playlist comparisons because those are recalculated separately inside every 30-song mix.",Popularity is for the exact recommended video ID. Report or control video_type because this item is MUSIC_VIDEO_TYPE_OMV; ATV denotes an Art Track and OMV an official music video.
2026-08-17T11:59:15+00:00,user_02,aysima baba,Discover Mix,RDTMAK5uy_n_5IN6hzAOwdCnM8D8rzrs3vDl12UcZpA,https://music.youtube.com/playlist?list=RDTMAK5uy_n_5IN6hzAOwdCnM8D8rzrs3vDl12UcZpA,,,,51507,"Discover great music, picked just for you. Always updating.",8,HBeCXN1kyNI,https://music.youtube.com/watch?v=HBeCXN1kyNI,https://www.youtube.com/watch?v=HBeCXN1kyNI,Keelhauled,Alestorm,UCpmH4GvnC0AmPhrLUAKJyUg,"[{""id"": ""UCpmH4GvnC0AmPhrLUAKJyUg"", ""name"": ""Alestorm"", ""subscribers_display"": ""117K"", ""subscribers_approx"": 117000, ""channel_views"": 79546675, ""description"": ""Oh wow! From humble beginnings playing shows to farm animals in a field somewhere in Eastern Scotland, Alestorm have evolved into an international party machine hellbent on conquering album charts and festival stages throughout the world, with their infectious brand of 'Pirate Metal' and their dashing good looks. Somehow they've managed to convince hundreds of thousands of people from New Zealand to Argentina to Lithuania and everywhere inbetween (except Paraguay), that it's cool to wear a pirate hat and sing stupid songs about getting drunk and stealing ships. So prepare your spleens, because Alestorm are coming to kick ass and chew gum. And they're all out of ass."", ""song_shelf_count"": 5, ""album_shelf_count"": 10, ""single_shelf_count"": 10, ""video_shelf_count"": 10, ""lookup_error"": """"}]",UCpmH4GvnC0AmPhrLUAKJyUg,Alestorm,117K,117000,79546675,"Oh wow! From humble beginnings playing shows to farm animals in a field somewhere in Eastern Scotland, Alestorm have evolved into an international party machine hellbent on conquering album charts and festival stages throughout the world, with their infectious brand of 'Pirate Metal' and their dashing good looks. Somehow they've managed to convince hundreds of thousands of people from New Zealand to Argentina to Lithuania and everywhere inbetween (except Paraguay), that it's cool to wear a pirate hat and sing stupid songs about getting drunk and stealing ships. So prepare your spleens, because Alestorm are coming to kick ass and chew gum. And they're all out of ass.",5,10,10,10,MPREb_RDP6XuIY3Kt,Black Sails at Midnight,Album,2009,10,46 minutes,2781,OLAK5uy_nIe2klzi8sz0NsZ8hCx9rdE-gk29W2bMA,Alestorm,"Black Sails at Midnight is the second studio album by Scottish heavy metal band Alestorm. As with their first album, all the drums tracks were recorded by session drummer Migo Wagner but touring drummer Ian Wilson added additional percussion. The album features string and brass arrangements and folk instruments as opposed to the more heavy metal instrumentation of Captain Morgan's Revenge. The special edition of the album included a live DVD of the band's performance at the 2008 Wacken Festival.

From Wikipedia (",3:43,223,MUSIC_VIDEO_TYPE_ATV,2580801,,ytmusicapi player response videoDetails.viewCount,,,Not exposed by this YouTube Music endpoint; official YouTube Data API credentials are required.,Music,2018-02-06T15:01:21-08:00,2018-02-06T15:01:21-08:00,Release - Topic,UCnzKnKctTUgatQ3Y5sj5QRw,http://www.youtube.com/channel/UCnzKnKctTUgatQ3Y5sj5QRw,122,AE;AR;AS;AT;AU;AW;AZ;BA;BD;BE;BG;BH;BM;BO;BR;BY;CA;CH;CL;CO;CR;CY;CZ;DE;DK;DO;DZ;EC;EE;EG;ES;FI;FR;GB;GE;GF;GH;GP;GR;GT;GU;HK;HN;HR;HU;ID;IE;IL;IN;IQ;IS;IT;JM;JO;JP;KE;KH;KR;KW;KY;KZ;LA;LB;LI;LK;LT;LU;LV;LY;MA;MK;MP;MQ;MT;MX;MY;NC;NG;NI;NL;NO;NP;NZ;OM;PA;PE;PF;PG;PH;PK;PL;PR;PT;PY;QA;RE;RO;RS;SA;SE;SG;SI;SK;SN;SV;TC;TH;TN;TR;TW;TZ;UA;UG;US;UY;VE;VI;VN;YE;YT;ZA;ZW,"Distribution availability, not artist nationality or audience geography.",Alestorm; Christopher Bowes; Black Sails at Midnight; Keelhauled,https://music.youtube.com/watch?v=HBeCXN1kyNI,True,False,False,True,False,False,True,True,False,False,OK,True,INDIFFERENT,False,https://i.ytimg.com/vi/HBeCXN1kyNI/maxresdefault.jpg,"[{""url"": ""https://yt3.googleusercontent.com/ugY767nCSsepiRIypRjXwKxH4hRYwsEfTTt8DZmnd_KSsUzjlR0Pk-DZARWuJ4r0v8LHYphh1uiDlKxcIw=w60-h60-l90-rj"", ""width"": 60, ""height"": 60}, {""url"": ""https://yt3.googleusercontent.com/ugY767nCSsepiRIypRjXwKxH4hRYwsEfTTt8DZmnd_KSsUzjlR0Pk-DZARWuJ4r0v8LHYphh1uiDlKxcIw=w120-h120-l90-rj"", ""width"": 120, ""height"": 120}]",,,,YouTube Music internal web API via ytmusicapi; personalized playlist fetched with named auth profile.,18.0,41.666667,6.411754518,cumulative views of the exact recommended YouTube video,2580801,6.411754518,High,High,"Frozen 83-song candidate pool captured 2026-06-29T19:44:09+00:00; Low <=7,505; lower buffer 7,506-19,756; Middle 19,757-243,792; upper buffer 243,793-1,223,809; High >=1,223,810 views.","Use view_count or popularity_log10_view_count for comparisons across users, weeks, and the original playlist. Do not use the within-Discover-Mix rank or percentile for cross-playlist comparisons because those are recalculated separately inside every 30-song mix.",Popularity is for the exact recommended video ID. Report or control video_type because this item is MUSIC_VIDEO_TYPE_ATV; ATV denotes an Art Track and OMV an official music video.
2026-08-17T11:59:15+00:00,user_02,aysima baba,Discover Mix,RDTMAK5uy_n_5IN6hzAOwdCnM8D8rzrs3vDl12UcZpA,https://music.youtube.com/playlist?list=RDTMAK5uy_n_5IN6hzAOwdCnM8D8rzrs3vDl12UcZpA,,,,51507,"Discover great music, picked just for you. Always updating.",9,AiOs7nNbPWU,https://music.youtube.com/watch?v=AiOs7nNbPWU,https://www.youtube.com/watch?v=AiOs7nNbPWU,Emerald Sword,Rhapsody,UCjjuWbTlk-8b_MaGqTBnlsQ,"[{""id"": ""UCjjuWbTlk-8b_MaGqTBnlsQ"", ""name"": ""Rhapsody"", ""subscribers_display"": ""148K"", ""subscribers_approx"": 148000, ""channel_views"": 136485591, ""description"": ""Italian symphonic metal gods RHAPSODY OF FIRE, started their career in Trieste in the mid 90’s (releasing their first albums under the banner of “Rhapsody”), the debut ‘Legendary Tales’ (1997) and the second studio album ‘Symphony Of Enchanted Lands’ (1998) made a huge impact on the scene with a unique mixture of classic power metal, baroque/classical elements, operatic choirs and movie-like orchestrations. A huge worldwide fan base was built very quickly and the first five albums (which sold way over 1.000.000 copies) placed Rhapsody on top of the best-selling and most popular metal artists worldwide. They have played several tours all around the world in front of amazing crowds from Sao Paulo to Tokyo. \n\nIn 2004, Christopher Lee, a world-renowned actor that played in numerous movies including The Lord of The Rings as Saruman, contributed to the band by narrating and singing in their recordings. The most famous song that illustrates this unforgettable cooperation is “The Magic Of the Wizard’s Dream”. \n\nFrom 2011, Alex Staropoli invited his longtime friend Roby De Micheli to become the new guitarist of RHAPSODY OF FIRE to continue producing music in the more classic and heavy direction that the fans loved so much."", ""song_shelf_count"": 5, ""album_shelf_count"": 10, ""single_shelf_count"": 10, ""video_shelf_count"": 10, ""lookup_error"": """"}]",UCjjuWbTlk-8b_MaGqTBnlsQ,Rhapsody,148K,148000,136485591,"Italian symphonic metal gods RHAPSODY OF FIRE, started their career in Trieste in the mid 90’s (releasing their first albums under the banner of “Rhapsody”), the debut ‘Legendary Tales’ (1997) and the second studio album ‘Symphony Of Enchanted Lands’ (1998) made a huge impact on the scene with a unique mixture of classic power metal, baroque/classical elements, operatic choirs and movie-like orchestrations. A huge worldwide fan base was built very quickly and the first five albums (which sold way over 1.000.000 copies) placed Rhapsody on top of the best-selling and most popular metal artists worldwide. They have played several tours all around the world in front of amazing crowds from Sao Paulo to Tokyo. 

In 2004, Christopher Lee, a world-renowned actor that played in numerous movies including The Lord of The Rings as Saruman, contributed to the band by narrating and singing in their recordings. The most famous song that illustrates this unforgettable cooperation is “The Magic Of the Wizard’s Dream”. 

From 2011, Alex Staropoli invited his longtime friend Roby De Micheli to become the new guitarist of RHAPSODY OF FIRE to continue producing music in the more classic and heavy direction that the fans loved so much.",5,10,10,10,MPREb_g4rnTcsBr8F,Symphony of Enchanted Lands,Album,1998,10,55 minutes,3352,OLAK5uy_nzbu38qmIO3y2gefA19npUX65Yx_Mi2ao,Rhapsody,"Symphony of Enchanted Lands is the second studio album by the Italian symphonic power metal band Rhapsody, released in 1998. It is the second part of the Emerald Sword Saga.

From Wikipedia (",4:22,262,MUSIC_VIDEO_TYPE_ATV,21775211,,ytmusicapi player response videoDetails.viewCount,,,Not exposed by this YouTube Music endpoint; official YouTube Data API credentials are required.,Music,2018-04-30T03:42:20-07:00,2018-04-30T03:42:20-07:00,Rhapsody of Fire - Topic,UCjjuWbTlk-8b_MaGqTBnlsQ,http://www.youtube.com/channel/UCjjuWbTlk-8b_MaGqTBnlsQ,123,AE;AR;AS;AT;AU;AW;AZ;BA;BD;BE;BG;BH;BM;BO;BR;BY;CA;CH;CL;CO;CR;CY;CZ;DE;DK;DO;DZ;EC;EE;EG;ES;FI;FR;GB;GE;GF;GH;GP;GR;GT;GU;HK;HN;HR;HU;ID;IE;IL;IN;IQ;IS;IT;JM;JO;JP;KE;KH;KR;KW;KY;KZ;LA;LB;LI;LK;LT;LU;LV;LY;MA;MK;MP;MQ;MT;MX;MY;NC;NG;NI;NL;NO;NP;NZ;OM;PA;PE;PF;PG;PH;PK;PL;PR;PT;PY;QA;RE;RO;RS;RU;SA;SE;SG;SI;SK;SN;SV;TC;TH;TN;TR;TW;TZ;UA;UG;US;UY;VE;VI;VN;YE;YT;ZA;ZW,"Distribution availability, not artist nationality or audience geography.",Rhapsody; Symphony of Enchanted Lands; Emerald Sword,https://music.youtube.com/watch?v=AiOs7nNbPWU,True,False,False,True,False,False,True,True,False,False,OK,True,INDIFFERENT,False,https://i.ytimg.com/vi/AiOs7nNbPWU/maxresdefault.jpg,"[{""url"": ""https://yt3.googleusercontent.com/i37M31-Ee527gqAJK11B5E6fb_CW8TaVcu-fmJtg9VYle9F_U-qLlm__ufyV0s5r-TnoB7j3Twy6dmkh=w60-h60-l90-rj"", ""width"": 60, ""height"": 60}, {""url"": ""https://yt3.googleusercontent.com/i37M31-Ee527gqAJK11B5E6fb_CW8TaVcu-fmJtg9VYle9F_U-qLlm__ufyV0s5r-TnoB7j3Twy6dmkh=w120-h120-l90-rj"", ""width"": 120, ""height"": 120}]",,,,YouTube Music internal web API via ytmusicapi; personalized playlist fetched with named auth profile.,11.0,65.0,7.337962372,cumulative views of the exact recommended YouTube video,21775211,7.337962372,High,High,"Frozen 83-song candidate pool captured 2026-06-29T19:44:09+00:00; Low <=7,505; lower buffer 7,506-19,756; Middle 19,757-243,792; upper buffer 243,793-1,223,809; High >=1,223,810 views.","Use view_count or popularity_log10_view_count for comparisons across users, weeks, and the original playlist. Do not use the within-Discover-Mix rank or percentile for cross-playlist comparisons because those are recalculated separately inside every 30-song mix.",Popularity is for the exact recommended video ID. Report or control video_type because this item is MUSIC_VIDEO_TYPE_ATV; ATV denotes an Art Track and OMV an official music video.
2026-08-17T11:59:15+00:00,user_02,aysima baba,Discover Mix,RDTMAK5uy_n_5IN6hzAOwdCnM8D8rzrs3vDl12UcZpA,https://music.youtube.com/playlist?list=RDTMAK5uy_n_5IN6hzAOwdCnM8D8rzrs3vDl12UcZpA,,,,51507,"Discover great music, picked just for you. Always updating.",10,1zN7J64IeBo,https://music.youtube.com/watch?v=1zN7J64IeBo,https://www.youtube.com/watch?v=1zN7J64IeBo,Army of the Night (The Monumental Mass),Powerwolf,UC9LO_ioQYQay7CrsbacNqBQ,"[{""id"": ""UC9LO_ioQYQay7CrsbacNqBQ"", ""name"": ""Powerwolf"", ""subscribers_display"": ""436K"", ""subscribers_approx"": 436000, ""channel_views"": 352940977, ""description"": ""Powerwolf is a German power metal band founded in 2004 in Saarbrücken by members of Red Aim. The band consists of vocalist Karsten Brill as \""Attila Dorn\"", lead guitarist Benjamin Buss as \""Matthew Greywolf\"", bassist/rhythm guitarist David Vogt as \""Charles Greywolf\"", keyboardist Christian Jost as \""Falk Maria Schlegel\"" and drummer Roel van Helden. The group uses religious themes and images, contrary to traditional power metal music, as well as corpse paint, gothic-tinged compositions and songs about werewolf and vampire legends.\nThey released their debut album, Return in Bloodred, in 2005. Their second album, Lupus Dei, was released in 2007. The band entered the official German charts for the first time in 2009 with their third album, Bible of the Beast. Shortly after its release, their first drummer Stefan Gemballa left the band. He was replaced by Tom Diener, who was replaced in 2011 by Roel van Helden. In the same year, the band released their fourth album, Blood of the Saints. In 2012, Powerwolf signed with Napalm Records and released Preachers of the Night in 2013. It has debuted at No. 1 in Germany.\n\nFrom Wikipedia ("", ""song_shelf_count"": 5, ""album_shelf_count"": 10, ""single_shelf_count"": 10, ""video_shelf_count"": 10, ""lookup_error"": """"}]",UC9LO_ioQYQay7CrsbacNqBQ,Powerwolf,436K,436000,352940977,"Powerwolf is a German power metal band founded in 2004 in Saarbrücken by members of Red Aim. The band consists of vocalist Karsten Brill as ""Attila Dorn"", lead guitarist Benjamin Buss as ""Matthew Greywolf"", bassist/rhythm guitarist David Vogt as ""Charles Greywolf"", keyboardist Christian Jost as ""Falk Maria Schlegel"" and drummer Roel van Helden. The group uses religious themes and images, contrary to traditional power metal music, as well as corpse paint, gothic-tinged compositions and songs about werewolf and vampire legends.
They released their debut album, Return in Bloodred, in 2005. Their second album, Lupus Dei, was released in 2007. The band entered the official German charts for the first time in 2009 with their third album, Bible of the Beast. Shortly after its release, their first drummer Stefan Gemballa left the band. He was replaced by Tom Diener, who was replaced in 2011 by Roel van Helden. In the same year, the band released their fourth album, Blood of the Saints. In 2012, Powerwolf signed with Napalm Records and released Preachers of the Night in 2013. It has debuted at No. 1 in Germany.

From Wikipedia (",5,10,10,10,,,,,,,,,,,3:45,225,MUSIC_VIDEO_TYPE_OMV,34060207,,ytmusicapi player response videoDetails.viewCount,,,Not exposed by this YouTube Music endpoint; official YouTube Data API credentials are required.,People & Blogs,2015-06-26T05:22:14-07:00,2015-06-26T05:22:14-07:00,Napalm Records,UCG7AaCh_CiG6pq_rRDNw72A,http://www.youtube.com/@napalmrecords,249,AD;AE;AF;AG;AI;AL;AM;AO;AQ;AR;AS;AT;AU;AW;AX;AZ;BA;BB;BD;BE;BF;BG;BH;BI;BJ;BL;BM;BN;BO;BQ;BR;BS;BT;BV;BW;BY;BZ;CA;CC;CD;CF;CG;CH;CI;CK;CL;CM;CN;CO;CR;CU;CV;CW;CX;CY;CZ;DE;DJ;DK;DM;DO;DZ;EC;EE;EG;EH;ER;ES;ET;FI;FJ;FK;FM;FO;FR;GA;GB;GD;GE;GF;GG;GH;GI;GL;GM;GN;GP;GQ;GR;GS;GT;GU;GW;GY;HK;HM;HN;HR;HT;HU;ID;IE;IL;IM;IN;IO;IQ;IR;IS;IT;JE;JM;JO;JP;KE;KG;KH;KI;KM;KN;KP;KR;KW;KY;KZ;LA;LB;LC;LI;LK;LR;LS;LT;LU;LV;LY;MA;MC;MD;ME;MF;MG;MH;MK;ML;MM;MN;MO;MP;MQ;MR;MS;MT;MU;MV;MW;MX;MY;MZ;NA;NC;NE;NF;NG;NI;NL;NO;NP;NR;NU;NZ;OM;PA;PE;PF;PG;PH;PK;PL;PM;PN;PR;PS;PT;PW;PY;QA;RE;RO;RS;RU;RW;SA;SB;SC;SD;SE;SG;SH;SI;SJ;SK;SL;SM;SN;SO;SR;SS;ST;SV;SX;SY;SZ;TC;TD;TF;TG;TH;TJ;TK;TL;TM;TN;TO;TR;TT;TV;TW;TZ;UA;UG;UM;US;UY;UZ;VA;VC;VE;VG;VI;VN;VU;WF;WS;YE;YT;ZA;ZM;ZW,"Distribution availability, not artist nationality or audience geography.",Napalm; Records; Channel; Powerwolf (Musical Group); Army Of The Night; Napalm Records (Record Label); Metal; Official; Heavy Metal (Musical Genre); Power Metal (Musical Genre); blessed & possessed; attila; armata strigoi; romanian,https://music.youtube.com/watch?v=1zN7J64IeBo,True,False,False,True,False,False,True,True,False,,OK,True,INDIFFERENT,False,https://i.ytimg.com/vi/1zN7J64IeBo/maxresdefault.jpg?sqp=-oaymwEmCIAKENAF8quKqQMa8AEB-AH-CYAC0AWKAgwIABABGEIgSShlMA8=&rs=AOn4CLDRYCeyW49ZFpRMakHRf-TzG3k3Xg,"[{""url"": ""https://i.ytimg.com/vi/1zN7J64IeBo/hqdefault.jpg?sqp=-oaymwEWCJADEOEBIAQqCggAEOADGC0guwJIWg&rs=AMzJL3mOqwYD3Qs_h8Ttt7_p1mf0SEQ7CQ"", ""width"": 400, ""height"": 225}]",,,missing album browse id,YouTube Music internal web API via ytmusicapi; personalized playlist fetched with named auth profile.,7.0,78.333333,7.532247283,cumulative views of the exact recommended YouTube video,34060207,7.532247283,High,High,"Frozen 83-song candidate pool captured 2026-06-29T19:44:09+00:00; Low <=7,505; lower buffer 7,506-19,756; Middle 19,757-243,792; upper buffer 243,793-1,223,809; High >=1,223,810 views.","Use view_count or popularity_log10_view_count for comparisons across users, weeks, and the original playlist. Do not use the within-Discover-Mix rank or percentile for cross-playlist comparisons because those are recalculated separately inside every 30-song mix.",Popularity is for the exact recommended video ID. Report or control video_type because this item is MUSIC_VIDEO_TYPE_OMV; ATV denotes an Art Track and OMV an official music video.
2026-08-17T11:59:15+00:00,user_02,aysima baba,Discover Mix,RDTMAK5uy_n_5IN6hzAOwdCnM8D8rzrs3vDl12UcZpA,https://music.youtube.com/playlist?list=RDTMAK5uy_n_5IN6hzAOwdCnM8D8rzrs3vDl12UcZpA,,,,51507,"Discover great music, picked just for you. Always updating.",11,kTGVE8S2nT4,https://music.youtube.com/watch?v=kTGVE8S2nT4,https://www.youtube.com/watch?v=kTGVE8S2nT4,Hail to the Hordes,Kreator,UCd3NOEbRV6V3RKqUqvlrQ8w,"[{""id"": ""UCd3NOEbRV6V3RKqUqvlrQ8w"", ""name"": ""Kreator"", ""subscribers_display"": ""172K"", ""subscribers_approx"": 172000, ""channel_views"": 69201758, ""description"": ""Synonymous with all the heaviness, speed, energy, violence and sheer volume one associates with heavy metal, KREATOR’s ongoing story is a classic tale: the wondrous adventure of teenagers coming from rags to riches, from the proverbial gutter to literally every stage you can imagine. They went from No. 99 (1986’s “Pleasure To Kill”, the title track was part of Netflix series Dark’s soundtrack) to No. 1 (2017’s “Gods Of Violence”) in their home country’s official album charts, and traveled the world from Tokyo to Santiago, from Bangalore to Los Angeles.\n\nNow, it is time to continue this tale of humble beginnings, ambitious visions and unbreakable will, and start its much-anticipated 16th chapter! Entitled “Krushers Of The World”, album, will be out on Nuclear Blast Records on January 16th, 2026."", ""song_shelf_count"": 5, ""album_shelf_count"": 10, ""single_shelf_count"": 10, ""video_shelf_count"": 10, ""lookup_error"": """"}]",UCd3NOEbRV6V3RKqUqvlrQ8w,Kreator,172K,172000,69201758,"Synonymous with all the heaviness, speed, energy, violence and sheer volume one associates with heavy metal, KREATOR’s ongoing story is a classic tale: the wondrous adventure of teenagers coming from rags to riches, from the proverbial gutter to literally every stage you can imagine. They went from No. 99 (1986’s “Pleasure To Kill”, the title track was part of Netflix series Dark’s soundtrack) to No. 1 (2017’s “Gods Of Violence”) in their home country’s official album charts, and traveled the world from Tokyo to Santiago, from Bangalore to Los Angeles.

Now, it is time to continue this tale of humble beginnings, ambitious visions and unbreakable will, and start its much-anticipated 16th chapter! Entitled “Krushers Of The World”, album, will be out on Nuclear Blast Records on January 16th, 2026.",5,10,10,10,,,,,,,,,,,4:22,262,MUSIC_VIDEO_TYPE_OMV,14017138,,ytmusicapi player response videoDetails.viewCount,,,Not exposed by this YouTube Music endpoint; official YouTube Data API credentials are required.,Entertainment,2017-11-22T08:53:49-08:00,2017-11-22T08:53:49-08:00,Nuclear Blast Records,UCoxg3Kml41wE3IPq-PC-LQw,http://www.youtube.com/@NuclearBlastRecords,249,AD;AE;AF;AG;AI;AL;AM;AO;AQ;AR;AS;AT;AU;AW;AX;AZ;BA;BB;BD;BE;BF;BG;BH;BI;BJ;BL;BM;BN;BO;BQ;BR;BS;BT;BV;BW;BY;BZ;CA;CC;CD;CF;CG;CH;CI;CK;CL;CM;CN;CO;CR;CU;CV;CW;CX;CY;CZ;DE;DJ;DK;DM;DO;DZ;EC;EE;EG;EH;ER;ES;ET;FI;FJ;FK;FM;FO;FR;GA;GB;GD;GE;GF;GG;GH;GI;GL;GM;GN;GP;GQ;GR;GS;GT;GU;GW;GY;HK;HM;HN;HR;HT;HU;ID;IE;IL;IM;IN;IO;IQ;IR;IS;IT;JE;JM;JO;JP;KE;KG;KH;KI;KM;KN;KP;KR;KW;KY;KZ;LA;LB;LC;LI;LK;LR;LS;LT;LU;LV;LY;MA;MC;MD;ME;MF;MG;MH;MK;ML;MM;MN;MO;MP;MQ;MR;MS;MT;MU;MV;MW;MX;MY;MZ;NA;NC;NE;NF;NG;NI;NL;NO;NP;NR;NU;NZ;OM;PA;PE;PF;PG;PH;PK;PL;PM;PN;PR;PS;PT;PW;PY;QA;RE;RO;RS;RU;RW;SA;SB;SC;SD;SE;SG;SH;SI;SJ;SK;SL;SM;SN;SO;SR;SS;ST;SV;SX;SY;SZ;TC;TD;TF;TG;TH;TJ;TK;TL;TM;TN;TO;TR;TT;TV;TW;TZ;UA;UG;UM;US;UY;UZ;VA;VC;VE;VG;VI;VN;VU;WF;WS;YE;YT;ZA;ZM;ZW,"Distribution availability, not artist nationality or audience geography.",Kreator (Musical Group); Nuclear Blast (Organization); metal; Heavy Metal (Musical Genre); Thrash Metal (Musical Genre); Speed Metal (Musical Genre); Death Metal (Musical Genre); Industrial Metal (Musical Genre); Industrial Music (Musical Genre); Gothic Metal (Musical Genre); Miland Mille Petrozza; Jürgen Ventor Reil; Christian Speesy Giesler; Sami Yli-Sirniö; official live; death to the world; dying alive dvd; gods of violence; totalitarian terror; Hail To The Hordes,https://music.youtube.com/watch?v=kTGVE8S2nT4,True,False,False,True,False,False,True,True,False,,OK,True,INDIFFERENT,False,https://i.ytimg.com/vi/kTGVE8S2nT4/maxresdefault.jpg,"[{""url"": ""https://i.ytimg.com/vi/kTGVE8S2nT4/hqdefault.jpg?sqp=-oaymwEWCJADEOEBIAQqCggAEOADGC0guwJIWg&rs=AMzJL3nyErSV35f3VX3oXCCC9h-GDWecVg"", ""width"": 400, ""height"": 225}]",,,missing album browse id,YouTube Music internal web API via ytmusicapi; personalized playlist fetched with named auth profile.,13.0,58.333333,7.146659349,cumulative views of the exact recommended YouTube video,14017138,7.146659349,High,High,"Frozen 83-song candidate pool captured 2026-06-29T19:44:09+00:00; Low <=7,505; lower buffer 7,506-19,756; Middle 19,757-243,792; upper buffer 243,793-1,223,809; High >=1,223,810 views.","Use view_count or popularity_log10_view_count for comparisons across users, weeks, and the original playlist. Do not use the within-Discover-Mix rank or percentile for cross-playlist comparisons because those are recalculated separately inside every 30-song mix.",Popularity is for the exact recommended video ID. Report or control video_type because this item is MUSIC_VIDEO_TYPE_OMV; ATV denotes an Art Track and OMV an official music video.
2026-08-17T11:59:15+00:00,user_02,aysima baba,Discover Mix,RDTMAK5uy_n_5IN6hzAOwdCnM8D8rzrs3vDl12UcZpA,https://music.youtube.com/playlist?list=RDTMAK5uy_n_5IN6hzAOwdCnM8D8rzrs3vDl12UcZpA,,,,51507,"Discover great music, picked just for you. Always updating.",12,bc0sJvtKrRM,https://music.youtube.com/watch?v=bc0sJvtKrRM,https://www.youtube.com/watch?v=bc0sJvtKrRM,A Man with a Plan,Korpiklaani,UC_MdHsWfs_34TX-nKRWfDrA,"[{""id"": ""UC_MdHsWfs_34TX-nKRWfDrA"", ""name"": ""Korpiklaani"", ""subscribers_display"": ""173K"", ""subscribers_approx"": 173000, ""channel_views"": 93126454, ""description"": ""The foundation of Korpiklaani in 2003 in Lahti, Finland brought the traditional folk music back to life. No one could have foreseen that such a large audience would be interested in Finnish and English mythological texts.\n\nKorpiklaani:\nJonne Järvelä – Vocals, acoustic guitar, mandolin, percussion, violafon\nOlli Vänskä – Fiddle\nCane – Guitars, backing vocals\nJarkko Aaltonen - Bass\nSami Perttula – Accordion\nSamuli Mikkonen – Drums\n\n”Sprit Of The Forest” 2003\n”Voice Of Wilderness” 2005\n”Tales Along This Road” 2006\n”Tervaskanto” 2007\n”Korven Kuningas” 2008\n”Karkelo” 2009\n”Ukon Wacka” 2011\n“Manala’ 2012\n”Noita” 2015 \n“Live at Masters of Rock” 2017  (DVD/Blu-Ray)\n“Kulkija\"" 2018\n\""Jylhä\"" 2021\n\""Rankarumpu\""2025\n\nFor more info - www.korpiklaani.com"", ""song_shelf_count"": 5, ""album_shelf_count"": 10, ""single_shelf_count"": 10, ""video_shelf_count"": 10, ""lookup_error"": """"}]",UC_MdHsWfs_34TX-nKRWfDrA,Korpiklaani,173K,173000,93126454,"The foundation of Korpiklaani in 2003 in Lahti, Finland brought the traditional folk music back to life. No one could have foreseen that such a large audience would be interested in Finnish and English mythological texts.

Korpiklaani:
Jonne Järvelä – Vocals, acoustic guitar, mandolin, percussion, violafon
Olli Vänskä – Fiddle
Cane – Guitars, backing vocals
Jarkko Aaltonen - Bass
Sami Perttula – Accordion
Samuli Mikkonen – Drums

”Sprit Of The Forest” 2003
”Voice Of Wilderness” 2005
”Tales Along This Road” 2006
”Tervaskanto” 2007
”Korven Kuningas” 2008
”Karkelo” 2009
”Ukon Wacka” 2011
“Manala’ 2012
”Noita” 2015 
“Live at Masters of Rock” 2017  (DVD/Blu-Ray)
“Kulkija"" 2018
""Jylhä"" 2021
""Rankarumpu""2025

For more info - www.korpiklaani.com",5,10,10,10,,,,,,,,,,,3:00,180,MUSIC_VIDEO_TYPE_OMV,21211255,,ytmusicapi player response videoDetails.viewCount,,,Not exposed by this YouTube Music endpoint; official YouTube Data API credentials are required.,Music,2016-04-08T06:00:41-07:00,2016-04-08T06:00:41-07:00,Nuclear Blast Records,UCoxg3Kml41wE3IPq-PC-LQw,http://www.youtube.com/@NuclearBlastRecords,249,AD;AE;AF;AG;AI;AL;AM;AO;AQ;AR;AS;AT;AU;AW;AX;AZ;BA;BB;BD;BE;BF;BG;BH;BI;BJ;BL;BM;BN;BO;BQ;BR;BS;BT;BV;BW;BY;BZ;CA;CC;CD;CF;CG;CH;CI;CK;CL;CM;CN;CO;CR;CU;CV;CW;CX;CY;CZ;DE;DJ;DK;DM;DO;DZ;EC;EE;EG;EH;ER;ES;ET;FI;FJ;FK;FM;FO;FR;GA;GB;GD;GE;GF;GG;GH;GI;GL;GM;GN;GP;GQ;GR;GS;GT;GU;GW;GY;HK;HM;HN;HR;HT;HU;ID;IE;IL;IM;IN;IO;IQ;IR;IS;IT;JE;JM;JO;JP;KE;KG;KH;KI;KM;KN;KP;KR;KW;KY;KZ;LA;LB;LC;LI;LK;LR;LS;LT;LU;LV;LY;MA;MC;MD;ME;MF;MG;MH;MK;ML;MM;MN;MO;MP;MQ;MR;MS;MT;MU;MV;MW;MX;MY;MZ;NA;NC;NE;NF;NG;NI;NL;NO;NP;NR;NU;NZ;OM;PA;PE;PF;PG;PH;PK;PL;PM;PN;PR;PS;PT;PW;PY;QA;RE;RO;RS;RU;RW;SA;SB;SC;SD;SE;SG;SH;SI;SJ;SK;SL;SM;SN;SO;SR;SS;ST;SV;SX;SY;SZ;TC;TD;TF;TG;TH;TJ;TK;TL;TM;TN;TO;TR;TT;TV;TW;TZ;UA;UG;UM;US;UY;UZ;VA;VC;VE;VG;VI;VN;VU;WF;WS;YE;YT;ZA;ZM;ZW,"Distribution availability, not artist nationality or audience geography.",Metal Festival; official video; 2013; karkelo; Summerbreeze; korpiklaani; 2009; folk metal; vodka; metal; Summer Festival; music video; party music; Metal Festival 2013; korpiklaani - vodka; vodka - korpiklaani; Jonne Järvelä; Tuomas Rounakari; Juho Kauppinen; Jarkko Aaltonen; Cane Savijärvi; Matson Johansson; nuclear blast; Heavy Metal (Musical Genre); noita; lempo; kopriklaani full album; korpiklaani vodka; pagan metal; kopriklaani; Ämmänhauta; Viinamäen Mies,https://music.youtube.com/watch?v=bc0sJvtKrRM,True,False,False,True,False,False,True,True,False,,OK,True,INDIFFERENT,False,https://i.ytimg.com/vi/bc0sJvtKrRM/hqdefault.jpg,"[{""url"": ""https://i.ytimg.com/vi/bc0sJvtKrRM/hqdefault.jpg?sqp=-oaymwEWCJADEOEBIAQqCggAEOADGC0guwJIWg&rs=AMzJL3mL60J8rndnYiJW_Yh5UB66as7wrQ"", ""width"": 400, ""height"": 225}]",,,missing album browse id,YouTube Music internal web API via ytmusicapi; personalized playlist fetched with named auth profile.,12.0,61.666667,7.326566365,cumulative views of the exact recommended YouTube video,21211255,7.326566365,High,High,"Frozen 83-song candidate pool captured 2026-06-29T19:44:09+00:00; Low <=7,505; lower buffer 7,506-19,756; Middle 19,757-243,792; upper buffer 243,793-1,223,809; High >=1,223,810 views.","Use view_count or popularity_log10_view_count for comparisons across users, weeks, and the original playlist. Do not use the within-Discover-Mix rank or percentile for cross-playlist comparisons because those are recalculated separately inside every 30-song mix.",Popularity is for the exact recommended video ID. Report or control video_type because this item is MUSIC_VIDEO_TYPE_OMV; ATV denotes an Art Track and OMV an official music video.
2026-08-17T11:59:15+00:00,user_02,aysima baba,Discover Mix,RDTMAK5uy_n_5IN6hzAOwdCnM8D8rzrs3vDl12UcZpA,https://music.youtube.com/playlist?list=RDTMAK5uy_n_5IN6hzAOwdCnM8D8rzrs3vDl12UcZpA,,,,51507,"Discover great music, picked just for you. Always updating.",13,eisgPFbgyZM,https://music.youtube.com/watch?v=eisgPFbgyZM,https://www.youtube.com/watch?v=eisgPFbgyZM,Another Hero,Primal Fear,UCnksEYBV7qSwUIhTQR_ZGUw,"[{""id"": ""UCnksEYBV7qSwUIhTQR_ZGUw"", ""name"": ""Primal Fear"", ""subscribers_display"": ""25.3K"", ""subscribers_approx"": 25300, ""channel_views"": 18296251, ""description"": ""Primal Fear is a German power metal band formed in 1997 by Ralf Scheepers and Mat Sinner. Sinner and Scheepers formed the band after Scheepers was not hired as Rob Halford's replacement in Judas Priest.\n\nFrom Wikipedia ("", ""song_shelf_count"": 5, ""album_shelf_count"": 10, ""single_shelf_count"": 10, ""video_shelf_count"": 10, ""lookup_error"": """"}]",UCnksEYBV7qSwUIhTQR_ZGUw,Primal Fear,25.3K,25300,18296251,"Primal Fear is a German power metal band formed in 1997 by Ralf Scheepers and Mat Sinner. Sinner and Scheepers formed the band after Scheepers was not hired as Rob Halford's replacement in Judas Priest.

From Wikipedia (",5,10,10,10,MPREb_OUocHf5WCbc,Code Red,Album,2023,11,58 minutes,3482,OLAK5uy_kCHusFMYDTd7O3_1MUVr05GUJ89ipj_4w,Primal Fear,"Code Red is the fourteenth studio album by German heavy metal band Primal Fear. The album was released on 1 September 2023 via Atomic Fire. It is the final album with drummer Michael Ehré and guitarists Tom Naumann and Alex Beyrodt. Music videos were released for several songs in the album including ""Deep in the Night"".

From Wikipedia (",5:00,300,MUSIC_VIDEO_TYPE_ATV,135262,,ytmusicapi player response videoDetails.viewCount,,,Not exposed by this YouTube Music endpoint; official YouTube Data API credentials are required.,Music,2024-10-31T03:00:56-07:00,2024-10-31T03:00:56-07:00,PRIMAL FEAR - Topic,UCnksEYBV7qSwUIhTQR_ZGUw,http://www.youtube.com/channel/UCnksEYBV7qSwUIhTQR_ZGUw,122,AE;AR;AS;AT;AU;AW;AZ;BA;BD;BE;BG;BH;BM;BO;BR;BY;CA;CH;CL;CO;CR;CY;CZ;DE;DK;DO;DZ;EC;EE;EG;ES;FI;FR;GB;GE;GF;GH;GP;GR;GT;GU;HK;HN;HR;HU;ID;IE;IL;IN;IQ;IS;IT;JM;JO;JP;KE;KH;KR;KW;KY;KZ;LA;LB;LI;LK;LT;LU;LV;LY;MA;MK;MP;MQ;MT;MX;MY;NC;NG;NI;NL;NO;NP;NZ;OM;PA;PE;PF;PG;PH;PK;PL;PR;PT;PY;QA;RE;RO;RS;SA;SE;SG;SI;SK;SN;SV;TC;TH;TN;TR;TW;TZ;UA;UG;US;UY;VE;VI;VN;YE;YT;ZA;ZW,"Distribution availability, not artist nationality or audience geography.",Primal Fear; Thomas Naumann-Philipp; Ralf Scheepers; Mat Sinner; Magnus Mikael Karlsson; Code Red; Another Hero,https://music.youtube.com/watch?v=eisgPFbgyZM,True,False,False,True,False,False,True,True,False,False,OK,True,INDIFFERENT,False,https://i.ytimg.com/vi/eisgPFbgyZM/maxresdefault.jpg,"[{""url"": ""https://yt3.googleusercontent.com/vO4WFLNKSO8KWJWRtEGLRTXn7hhKd-HGRvQHD7gIsIwOAKK3Yv4QhnA200AMinKL0SIeBattF3_DLuneyg=w60-h60-l90-rj"", ""width"": 60, ""height"": 60}, {""url"": ""https://yt3.googleusercontent.com/vO4WFLNKSO8KWJWRtEGLRTXn7hhKd-HGRvQHD7gIsIwOAKK3Yv4QhnA200AMinKL0SIeBattF3_DLuneyg=w120-h120-l90-rj"", ""width"": 120, ""height"": 120}]",,,,YouTube Music internal web API via ytmusicapi; personalized playlist fetched with named auth profile.,28.0,8.333333,5.131175805,cumulative views of the exact recommended YouTube video,135262,5.131175805,Middle,Middle,"Frozen 83-song candidate pool captured 2026-06-29T19:44:09+00:00; Low <=7,505; lower buffer 7,506-19,756; Middle 19,757-243,792; upper buffer 243,793-1,223,809; High >=1,223,810 views.","Use view_count or popularity_log10_view_count for comparisons across users, weeks, and the original playlist. Do not use the within-Discover-Mix rank or percentile for cross-playlist comparisons because those are recalculated separately inside every 30-song mix.",Popularity is for the exact recommended video ID. Report or control video_type because this item is MUSIC_VIDEO_TYPE_ATV; ATV denotes an Art Track and OMV an official music video.
2026-08-17T11:59:15+00:00,user_02,aysima baba,Discover Mix,RDTMAK5uy_n_5IN6hzAOwdCnM8D8rzrs3vDl12UcZpA,https://music.youtube.com/playlist?list=RDTMAK5uy_n_5IN6hzAOwdCnM8D8rzrs3vDl12UcZpA,,,,51507,"Discover great music, picked just for you. Always updating.",14,0VsiK-yASzY,https://music.youtube.com/watch?v=0VsiK-yASzY,https://www.youtube.com/watch?v=0VsiK-yASzY,Annihilator | King Of The Kill | Official Music Video,Annihilator,UC1WbMJioQ-oDX6X2wxaB2oQ,"[{""id"": ""UC1WbMJioQ-oDX6X2wxaB2oQ"", ""name"": ""Annihilator"", ""subscribers_display"": ""65.9K"", ""subscribers_approx"": 65900, ""channel_views"": 31582008, ""description"": ""Annihilator is a Canadian thrash metal band, formed in Ottawa, Ontario in 1984 by Jeff Waters. Waters is the band's sole constant member and has acted as its guitarist, bandleader, writer, producer, engineer, and occasional bassist and vocalist. Annihilator has released seventeen studio albums and has undergone many line-up changes, with Waters regularly assembling touring or session musicians to perform with him. Along with Sacrifice, Voivod and Razor, Annihilator has been referred to as one of the \""Big Four\"" of Canadian thrash metal. They are also considered to be part of the \""second wave\"" of thrash metal bands from the late 1980s and early 1990s.\nAnnihilator is the highest-selling Canadian heavy metal group, although most sales have been generated outside of Canada. The band's first two studio albums, Alice in Hell and Never, Neverland, are considered influential Canadian metal records. Many of their subsequent albums — including their third and only major-label album Set the World on Fire — also received praise from critics and enjoyed success in Europe and Japan. Their most recent studio album of original material, Ballistic, Sadistic, was released in 2020.\n\nFrom Wikipedia ("", ""song_shelf_count"": 5, ""album_shelf_count"": 10, ""single_shelf_count"": 10, ""video_shelf_count"": 10, ""lookup_error"": """"}]",UC1WbMJioQ-oDX6X2wxaB2oQ,Annihilator,65.9K,65900,31582008,"Annihilator is a Canadian thrash metal band, formed in Ottawa, Ontario in 1984 by Jeff Waters. Waters is the band's sole constant member and has acted as its guitarist, bandleader, writer, producer, engineer, and occasional bassist and vocalist. Annihilator has released seventeen studio albums and has undergone many line-up changes, with Waters regularly assembling touring or session musicians to perform with him. Along with Sacrifice, Voivod and Razor, Annihilator has been referred to as one of the ""Big Four"" of Canadian thrash metal. They are also considered to be part of the ""second wave"" of thrash metal bands from the late 1980s and early 1990s.
Annihilator is the highest-selling Canadian heavy metal group, although most sales have been generated outside of Canada. The band's first two studio albums, Alice in Hell and Never, Neverland, are considered influential Canadian metal records. Many of their subsequent albums — including their third and only major-label album Set the World on Fire — also received praise from critics and enjoyed success in Europe and Japan. Their most recent studio album of original material, Ballistic, Sadistic, was released in 2020.

From Wikipedia (",5,10,10,10,,,,,,,,,,,3:14,194,MUSIC_VIDEO_TYPE_OMV,705765,,ytmusicapi player response videoDetails.viewCount,,,Not exposed by this YouTube Music endpoint; official YouTube Data API credentials are required.,Music,2010-03-01T21:59:59-08:00,2010-03-01T21:59:59-08:00,Annihilator Official,UChzFYBW7JICbmLd0VW6HyTQ,http://www.youtube.com/@AnnihilatorOfficial,249,AD;AE;AF;AG;AI;AL;AM;AO;AQ;AR;AS;AT;AU;AW;AX;AZ;BA;BB;BD;BE;BF;BG;BH;BI;BJ;BL;BM;BN;BO;BQ;BR;BS;BT;BV;BW;BY;BZ;CA;CC;CD;CF;CG;CH;CI;CK;CL;CM;CN;CO;CR;CU;CV;CW;CX;CY;CZ;DE;DJ;DK;DM;DO;DZ;EC;EE;EG;EH;ER;ES;ET;FI;FJ;FK;FM;FO;FR;GA;GB;GD;GE;GF;GG;GH;GI;GL;GM;GN;GP;GQ;GR;GS;GT;GU;GW;GY;HK;HM;HN;HR;HT;HU;ID;IE;IL;IM;IN;IO;IQ;IR;IS;IT;JE;JM;JO;JP;KE;KG;KH;KI;KM;KN;KP;KR;KW;KY;KZ;LA;LB;LC;LI;LK;LR;LS;LT;LU;LV;LY;MA;MC;MD;ME;MF;MG;MH;MK;ML;MM;MN;MO;MP;MQ;MR;MS;MT;MU;MV;MW;MX;MY;MZ;NA;NC;NE;NF;NG;NI;NL;NO;NP;NR;NU;NZ;OM;PA;PE;PF;PG;PH;PK;PL;PM;PN;PR;PS;PT;PW;PY;QA;RE;RO;RS;RU;RW;SA;SB;SC;SD;SE;SG;SH;SI;SJ;SK;SL;SM;SN;SO;SR;SS;ST;SV;SX;SY;SZ;TC;TD;TF;TG;TH;TJ;TK;TL;TM;TN;TO;TR;TT;TV;TW;TZ;UA;UG;UM;US;UY;UZ;VA;VC;VE;VG;VI;VN;VU;WF;WS;YE;YT;ZA;ZM;ZW,"Distribution availability, not artist nationality or audience geography.",KingOfKill; HD; YouTube,https://music.youtube.com/watch?v=0VsiK-yASzY,True,False,False,True,False,False,True,True,False,,OK,True,INDIFFERENT,False,https://i.ytimg.com/vi/0VsiK-yASzY/maxresdefault.jpg?sqp=-oaymwEmCIAKENAF8quKqQMa8AEB-AH-CYAC0AWKAgwIABABGGUgZShlMA8=&rs=AOn4CLCMpLD_h5CWAcn_9IxJKlSdQfJMWA,"[{""url"": ""https://i.ytimg.com/vi/0VsiK-yASzY/hqdefault.jpg?sqp=-oaymwEWCJADEOEBIAQqCggAEOADGC0guwJIWg&rs=AMzJL3nfbUKhSrHxptFGeSoirzzgnLPb3A"", ""width"": 400, ""height"": 225}]",,,missing album browse id,YouTube Music internal web API via ytmusicapi; personalized playlist fetched with named auth profile.,23.0,25.0,5.848660117,cumulative views of the exact recommended YouTube video,705765,5.848660117,Upper buffer,Buffer,"Frozen 83-song candidate pool captured 2026-06-29T19:44:09+00:00; Low <=7,505; lower buffer 7,506-19,756; Middle 19,757-243,792; upper buffer 243,793-1,223,809; High >=1,223,810 views.","Use view_count or popularity_log10_view_count for comparisons across users, weeks, and the original playlist. Do not use the within-Discover-Mix rank or percentile for cross-playlist comparisons because those are recalculated separately inside every 30-song mix.",Popularity is for the exact recommended video ID. Report or control video_type because this item is MUSIC_VIDEO_TYPE_OMV; ATV denotes an Art Track and OMV an official music video.
2026-08-17T11:59:15+00:00,user_02,aysima baba,Discover Mix,RDTMAK5uy_n_5IN6hzAOwdCnM8D8rzrs3vDl12UcZpA,https://music.youtube.com/playlist?list=RDTMAK5uy_n_5IN6hzAOwdCnM8D8rzrs3vDl12UcZpA,,,,51507,"Discover great music, picked just for you. Always updating.",15,POFDKbogFO8,https://music.youtube.com/watch?v=POFDKbogFO8,https://www.youtube.com/watch?v=POFDKbogFO8,Hellraiser (30th Anniversary Edition),Ozzy Osbourne; Lemmy Kilmister; Motörhead,UC3oY0sESMqxZaAy8nRcVxQQ;UCAMdSGST1w3DimFfXyzUmEA;UC29TwdZt2GUC-AqbhFs_uSA,"[{""id"": ""UC3oY0sESMqxZaAy8nRcVxQQ"", ""name"": ""Ozzy Osbourne"", ""subscribers_display"": ""3.63M"", ""subscribers_approx"": 3630000, ""channel_views"": 2584609973, ""description"": ""John Michael \""Ozzy\"" Osbourne was an English singer, songwriter, and media personality. Dubbed the \""Prince of Darkness\"", he is widely credited as a pioneer of heavy metal music. He co-founded the band Black Sabbath in 1968, and rose to prominence in the 1970s as their lead vocalist. He performed on the band's first eight studio albums, including Black Sabbath, Paranoid and Master of Reality, before he was fired in 1979 due to his problems with alcohol and other drugs.\nOsbourne began a solo career in the 1980s and formed his band with Randy Rhoads and Bob Daisley, with whom he recorded the albums Blizzard of Ozz and Diary of a Madman. Throughout the decade, he drew controversy for his antics both onstage and offstage, and was accused of promoting Satanism by the Christian right. Overall, Osbourne released thirteen solo studio albums, the first seven of which were certified multi-platinum in the United States. He reunited with Black Sabbath on several occasions. He rejoined from 1997 to 2005, and again in 2012; during this second reunion, he sang on the band's last studio album, 13, before they embarked on a farewell tour that ended in 2017.\n\nFrom Wikipedia ("", ""song_shelf_count"": 5, ""album_shelf_count"": 10, ""single_shelf_count"": 10, ""video_shelf_count"": 10, ""lookup_error"": """"}, {""id"": ""UCAMdSGST1w3DimFfXyzUmEA"", ""name"": ""Lemmy Kilmister"", ""subscribers_display"": ""16.5K"", ""subscribers_approx"": 16500, ""channel_views"": 3861214, ""description"": ""Ian Fraser Kilmister, better known as Lemmy or Lemmy Kilmister, was an English musician most known for being the founder, lead vocalist, bassist and primary songwriter of Motörhead, of which he was the only continuous member from 1975 to his death. He had been a member of Hawkwind from 1971 to 1975.\nA foundational force in the genre following the advent of the new wave of British heavy metal, Lemmy was known for his appearance, which included his signature sideburns, his military-influenced fashion sense and his gravelly, raspy voice that was once declared \""one of the most recognisable voices in rock\"". He was also noted for his unique posture when singing, which was once described as \""looking up towards a towering microphone tilted down into his weather-beaten face\"". He was also known for his bass playing style, using his Rickenbacker bass to create an \""overpowered, distorted rhythmic rumble\"". A notable aspect of his bass sound was his guitar-like riffing, often playing power chords using heavily overdriven tube stacks by Marshall.\n\nFrom Wikipedia ("", ""song_shelf_count"": 5, ""album_shelf_count"": 3, ""single_shelf_count"": 6, ""video_shelf_count"": 10, ""lookup_error"": """"}, {""id"": ""UC29TwdZt2GUC-AqbhFs_uSA"", ""name"": ""Motörhead"", ""subscribers_display"": ""958K"", ""subscribers_approx"": 958000, ""channel_views"": 694025189, ""description"": ""Motörhead were an English rock band formed in London in 1975 by bassist and lead vocalist Lemmy Kilmister, guitarist Larry Wallis and drummer Lucas Fox. Kilmister was the primary songwriter and only constant member. The band are often considered a precursor to the new wave of British heavy metal, which re-energised heavy metal in the late 1970s and early 1980s. Though several guitarists and drummers played in Motörhead, most of their best-selling albums and singles featured drummer Phil \""Philthy Animal\"" Taylor and guitarist \""Fast\"" Eddie Clarke. From 1992 until the band's break-up in 2015, the group consisted of Kilmister, guitarist Phil Campbell and drummer Mikkey Dee.\nMotörhead released 24 studio albums, 21 live recordings, 16 compilation albums and five EPs over a career spanning 40 years. Usually a power trio, they had particular success in the early 1980s with several successful singles in the UK Top 40 chart. The albums Overkill, Bomber, Ace of Spades and, particularly, the live album No Sleep 'til Hammersmith cemented Motörhead's reputation as a top-tier rock band. The band are ranked number 26 on VH1's 100 Greatest Artists of Hard Rock.\n\nFrom Wikipedia ("", ""song_shelf_count"": 5, ""album_shelf_count"": 10, ""single_shelf_count"": 10, ""video_shelf_count"": 10, ""lookup_error"": """"}]",UC3oY0sESMqxZaAy8nRcVxQQ,Ozzy Osbourne,3.63M,3630000,2584609973,"John Michael ""Ozzy"" Osbourne was an English singer, songwriter, and media personality. Dubbed the ""Prince of Darkness"", he is widely credited as a pioneer of heavy metal music. He co-founded the band Black Sabbath in 1968, and rose to prominence in the 1970s as their lead vocalist. He performed on the band's first eight studio albums, including Black Sabbath, Paranoid and Master of Reality, before he was fired in 1979 due to his problems with alcohol and other drugs.
Osbourne began a solo career in the 1980s and formed his band with Randy Rhoads and Bob Daisley, with whom he recorded the albums Blizzard of Ozz and Diary of a Madman. Throughout the decade, he drew controversy for his antics both onstage and offstage, and was accused of promoting Satanism by the Christian right. Overall, Osbourne released thirteen solo studio albums, the first seven of which were certified multi-platinum in the United States. He reunited with Black Sabbath on several occasions. He rejoined from 1997 to 2005, and again in 2012; during this second reunion, he sang on the band's last studio album, 13, before they embarked on a farewell tour that ended in 2017.

From Wikipedia (",5,10,10,10,MPREb_ShPzuSji42n,No More Tears (30th Anniversary Expanded Edition),Album,2021,25,"2 hours, 2 minutes",7375,OLAK5uy_ksQwLFsgGKre9GMXQSDVz5g2nyduEwvOQ,Ozzy Osbourne,"No More Tears is the sixth studio album by the English heavy metal singer Ozzy Osbourne. Released on 17 September 1991, the album charted at number 17 on the UK Albums Chart and number seven on the US Billboard 200 albums chart. No More Tears spawned four singles which reached the top ten of the US Hot Mainstream Rock Tracks chart, including the number two ""Mama, I'm Coming Home"", and the Grammy-winning track ""I Don't Want to Change the World"". Along with 1980's Blizzard of Ozz it is one of Osbourne's two best-selling solo albums in North America, having been certified quadruple platinum by the RIAA and double platinum by Music Canada. It was Osbourne's final album to feature drummer Randy Castillo and longtime bassist and songwriter Bob Daisley.

From Wikipedia (",4:56,296,MUSIC_VIDEO_TYPE_ATV,704326,,ytmusicapi player response videoDetails.viewCount,,,Not exposed by this YouTube Music endpoint; official YouTube Data API credentials are required.,Music,2021-09-16T03:01:47-07:00,2021-09-16T03:01:47-07:00,Ozzy Osbourne - Topic,UC3oY0sESMqxZaAy8nRcVxQQ,http://www.youtube.com/channel/UC3oY0sESMqxZaAy8nRcVxQQ,123,AE;AR;AS;AT;AU;AW;AZ;BA;BD;BE;BG;BH;BM;BO;BR;BY;CA;CH;CL;CO;CR;CY;CZ;DE;DK;DO;DZ;EC;EE;EG;ES;FI;FR;GB;GE;GF;GH;GP;GR;GT;GU;HK;HN;HR;HU;ID;IE;IL;IN;IQ;IS;IT;JM;JO;JP;KE;KH;KR;KW;KY;KZ;LA;LB;LI;LK;LT;LU;LV;LY;MA;MK;MP;MQ;MT;MX;MY;NC;NG;NI;NL;NO;NP;NZ;OM;PA;PE;PF;PG;PH;PK;PL;PR;PT;PY;QA;RE;RO;RS;RU;SA;SE;SG;SI;SK;SN;SV;TC;TH;TN;TR;TW;TZ;UA;UG;US;UY;VE;VI;VN;YE;YT;ZA;ZW,"Distribution availability, not artist nationality or audience geography.",Ozzy Osbourne; オジーオズボーン; 奧茲奧斯朋; Lemmy Kilmister; レミーキルミスター; Motörhead; Motorhead; モーターヘッド; 機車頭樂團; No More Tears (30th Anniversary Expanded Edition); Hellraiser,https://music.youtube.com/watch?v=POFDKbogFO8,True,False,False,True,False,False,True,True,False,False,OK,True,INDIFFERENT,False,https://i.ytimg.com/vi/POFDKbogFO8/maxresdefault.jpg,"[{""url"": ""https://yt3.googleusercontent.com/XtXBXJ1FhwOWkEupagHieaolFo3tbxsVzVUSJzlf4o139vv7LeK4JcQhqaj3uKWsF5w1DFWlLeG3ZrpaXw=w60-h60-l90-rj"", ""width"": 60, ""height"": 60}, {""url"": ""https://yt3.googleusercontent.com/XtXBXJ1FhwOWkEupagHieaolFo3tbxsVzVUSJzlf4o139vv7LeK4JcQhqaj3uKWsF5w1DFWlLeG3ZrpaXw=w120-h120-l90-rj"", ""width"": 120, ""height"": 120}]",,,,YouTube Music internal web API via ytmusicapi; personalized playlist fetched with named auth profile.,24.0,21.666667,5.847773721,cumulative views of the exact recommended YouTube video,704326,5.847773721,Upper buffer,Buffer,"Frozen 83-song candidate pool captured 2026-06-29T19:44:09+00:00; Low <=7,505; lower buffer 7,506-19,756; Middle 19,757-243,792; upper buffer 243,793-1,223,809; High >=1,223,810 views.","Use view_count or popularity_log10_view_count for comparisons across users, weeks, and the original playlist. Do not use the within-Discover-Mix rank or percentile for cross-playlist comparisons because those are recalculated separately inside every 30-song mix.",Popularity is for the exact recommended video ID. Report or control video_type because this item is MUSIC_VIDEO_TYPE_ATV; ATV denotes an Art Track and OMV an official music video.
2026-08-17T11:59:15+00:00,user_02,aysima baba,Discover Mix,RDTMAK5uy_n_5IN6hzAOwdCnM8D8rzrs3vDl12UcZpA,https://music.youtube.com/playlist?list=RDTMAK5uy_n_5IN6hzAOwdCnM8D8rzrs3vDl12UcZpA,,,,51507,"Discover great music, picked just for you. Always updating.",16,ZUkiNSvH6sA,https://music.youtube.com/watch?v=ZUkiNSvH6sA,https://www.youtube.com/watch?v=ZUkiNSvH6sA,Kings of Metal MMXIV,Manowar,UCYNIpBZ3RonbMWRN0ff5OPQ,"[{""id"": ""UCYNIpBZ3RonbMWRN0ff5OPQ"", ""name"": ""Manowar"", ""subscribers_display"": ""422K"", ""subscribers_approx"": 422000, ""channel_views"": 437793488, ""description"": ""True since 1980\n\nThe official MANOWAR channel - for all who love true metal.\n\nHailed the world over for their bombastic and crystal-clear sound, unforgettable live performances and immortal hymns U.S. metal legends MANOWAR have changed the lives of music lovers for more than four decades. With powerful storytelling, their music and concerts bring to life universal themes like friendship, loyalty, and integrity. \n\nMANOWAR unite people of all ages and backgrounds in a worldwide community, providing them with motivation and inspiration to achieve their dreams, overcome and conquer any obstacles in their path, and write their own history. \n\nWith unfaltering courage, always true to themselves, MANOWAR have endured and inspire victory to all who come to know them."", ""song_shelf_count"": 5, ""album_shelf_count"": 10, ""single_shelf_count"": 6, ""video_shelf_count"": 10, ""lookup_error"": """"}]",UCYNIpBZ3RonbMWRN0ff5OPQ,Manowar,422K,422000,437793488,"True since 1980

The official MANOWAR channel - for all who love true metal.

Hailed the world over for their bombastic and crystal-clear sound, unforgettable live performances and immortal hymns U.S. metal legends MANOWAR have changed the lives of music lovers for more than four decades. With powerful storytelling, their music and concerts bring to life universal themes like friendship, loyalty, and integrity. 

MANOWAR unite people of all ages and backgrounds in a worldwide community, providing them with motivation and inspiration to achieve their dreams, overcome and conquer any obstacles in their path, and write their own history. 

With unfaltering courage, always true to themselves, MANOWAR have endured and inspire victory to all who come to know them.",5,10,6,10,MPREb_WgwL20Wkhfy,Kings of Metal MMXIV,Album,2014,18,"1 hour, 29 minutes",5379,OLAK5uy_kaBjup0fuOJI1MQ8JeKqx0IT_5RlvBn04,Manowar,"Kings of Metal MMXIV is a re-recorded album by American heavy metal band Manowar, released in February 2014. It is a re-recording of their album Kings of Metal from 1988. In support of the album the band started their ""Kings of Metal MMXIV World Tour"".

From Wikipedia (",3:43,223,MUSIC_VIDEO_TYPE_ATV,317709,,ytmusicapi player response videoDetails.viewCount,,,Not exposed by this YouTube Music endpoint; official YouTube Data API credentials are required.,Music,2022-09-12T11:36:47-07:00,2022-09-12T11:36:47-07:00,Manowar - Topic,UCYNIpBZ3RonbMWRN0ff5OPQ,http://www.youtube.com/channel/UCYNIpBZ3RonbMWRN0ff5OPQ,249,AD;AE;AF;AG;AI;AL;AM;AO;AQ;AR;AS;AT;AU;AW;AX;AZ;BA;BB;BD;BE;BF;BG;BH;BI;BJ;BL;BM;BN;BO;BQ;BR;BS;BT;BV;BW;BY;BZ;CA;CC;CD;CF;CG;CH;CI;CK;CL;CM;CN;CO;CR;CU;CV;CW;CX;CY;CZ;DE;DJ;DK;DM;DO;DZ;EC;EE;EG;EH;ER;ES;ET;FI;FJ;FK;FM;FO;FR;GA;GB;GD;GE;GF;GG;GH;GI;GL;GM;GN;GP;GQ;GR;GS;GT;GU;GW;GY;HK;HM;HN;HR;HT;HU;ID;IE;IL;IM;IN;IO;IQ;IR;IS;IT;JE;JM;JO;JP;KE;KG;KH;KI;KM;KN;KP;KR;KW;KY;KZ;LA;LB;LC;LI;LK;LR;LS;LT;LU;LV;LY;MA;MC;MD;ME;MF;MG;MH;MK;ML;MM;MN;MO;MP;MQ;MR;MS;MT;MU;MV;MW;MX;MY;MZ;NA;NC;NE;NF;NG;NI;NL;NO;NP;NR;NU;NZ;OM;PA;PE;PF;PG;PH;PK;PL;PM;PN;PR;PS;PT;PW;PY;QA;RE;RO;RS;RU;RW;SA;SB;SC;SD;SE;SG;SH;SI;SJ;SK;SL;SM;SN;SO;SR;SS;ST;SV;SX;SY;SZ;TC;TD;TF;TG;TH;TJ;TK;TL;TM;TN;TO;TR;TT;TV;TW;TZ;UA;UG;UM;US;UY;UZ;VA;VC;VE;VG;VI;VN;VU;WF;WS;YE;YT;ZA;ZM;ZW,"Distribution availability, not artist nationality or audience geography.",Manowar; Kings of Metal MMXIV,https://music.youtube.com/watch?v=ZUkiNSvH6sA,True,False,False,True,False,False,True,True,False,False,OK,True,INDIFFERENT,False,https://i.ytimg.com/vi/ZUkiNSvH6sA/maxresdefault.jpg,"[{""url"": ""https://yt3.googleusercontent.com/UFbNomXU8MIHlPO3jzmG1NoOnDILjsBzA9kT_0kuk3L6zOW6iU7fiakeKJiCgKu0MDKRas5zdF331uPl=w60-h60-l90-rj"", ""width"": 60, ""height"": 60}, {""url"": ""https://yt3.googleusercontent.com/UFbNomXU8MIHlPO3jzmG1NoOnDILjsBzA9kT_0kuk3L6zOW6iU7fiakeKJiCgKu0MDKRas5zdF331uPl=w120-h120-l90-rj"", ""width"": 120, ""height"": 120}]",,,,YouTube Music internal web API via ytmusicapi; personalized playlist fetched with named auth profile.,27.0,11.666667,5.502029518,cumulative views of the exact recommended YouTube video,317709,5.502029518,Upper buffer,Buffer,"Frozen 83-song candidate pool captured 2026-06-29T19:44:09+00:00; Low <=7,505; lower buffer 7,506-19,756; Middle 19,757-243,792; upper buffer 243,793-1,223,809; High >=1,223,810 views.","Use view_count or popularity_log10_view_count for comparisons across users, weeks, and the original playlist. Do not use the within-Discover-Mix rank or percentile for cross-playlist comparisons because those are recalculated separately inside every 30-song mix.",Popularity is for the exact recommended video ID. Report or control video_type because this item is MUSIC_VIDEO_TYPE_ATV; ATV denotes an Art Track and OMV an official music video.
2026-08-17T11:59:15+00:00,user_02,aysima baba,Discover Mix,RDTMAK5uy_n_5IN6hzAOwdCnM8D8rzrs3vDl12UcZpA,https://music.youtube.com/playlist?list=RDTMAK5uy_n_5IN6hzAOwdCnM8D8rzrs3vDl12UcZpA,,,,51507,"Discover great music, picked just for you. Always updating.",17,QxwhiqguXQs,https://music.youtube.com/watch?v=QxwhiqguXQs,https://www.youtube.com/watch?v=QxwhiqguXQs,Accident Of Birth,Bruce Dickinson,UC18vB5KHtNwt7B_D8NYesRA,"[{""id"": ""UC18vB5KHtNwt7B_D8NYesRA"", ""name"": ""Bruce Dickinson"", ""subscribers_display"": ""177K"", ""subscribers_approx"": 177000, ""channel_views"": 77130995, ""description"": ""Renowned around the world as one of the greatest and most distinctive heavy metal vocalists of all time, Bruce Dickinson is best known as the lead singer of the iconic British band, Iron Maiden, who he joined in 1981 and who have sold well over 100 million albums. He has also become globally renowned as an author, pilot, broadcaster, brewer, businessman, sportsman, spoken-word performer, screenwriter and internationally successful solo artist. \n\nHis first solo album, Tattooed Millionaire, was released in May 1990, with its follow-up Balls To Picasso four years later (1994). It was on this second album that Dickinson first started working with guitarist Roy Z and despite a one album hiatus, he was joined again by him for all his subsequent solo studio albums - Accident Of Birth (1997), The Chemical Wedding (1998) and Tyranny Of Souls (2005).\n\nAlways on the back burner was a desire to create another solo musical project and in 2021 Dickinson finally had the opportunity to focus on that anew. He turned once more to Roy Z to work on some unfinished ideas together and that rapidly became his seventh studio album, The Mandrake Project, which is out now!\n\nWith The Mandrake Project the celebrated polymath is creating a whole new world in music, and beyond. The Mandrake Project could well be the crowning achievement of Dickinson’s solo career… so far!"", ""song_shelf_count"": 5, ""album_shelf_count"": 10, ""single_shelf_count"": 8, ""video_shelf_count"": 10, ""lookup_error"": """"}]",UC18vB5KHtNwt7B_D8NYesRA,Bruce Dickinson,177K,177000,77130995,"Renowned around the world as one of the greatest and most distinctive heavy metal vocalists of all time, Bruce Dickinson is best known as the lead singer of the iconic British band, Iron Maiden, who he joined in 1981 and who have sold well over 100 million albums. He has also become globally renowned as an author, pilot, broadcaster, brewer, businessman, sportsman, spoken-word performer, screenwriter and internationally successful solo artist. 

His first solo album, Tattooed Millionaire, was released in May 1990, with its follow-up Balls To Picasso four years later (1994). It was on this second album that Dickinson first started working with guitarist Roy Z and despite a one album hiatus, he was joined again by him for all his subsequent solo studio albums - Accident Of Birth (1997), The Chemical Wedding (1998) and Tyranny Of Souls (2005).

Always on the back burner was a desire to create another solo musical project and in 2021 Dickinson finally had the opportunity to focus on that anew. He turned once more to Roy Z to work on some unfinished ideas together and that rapidly became his seventh studio album, The Mandrake Project, which is out now!

With The Mandrake Project the celebrated polymath is creating a whole new world in music, and beyond. The Mandrake Project could well be the crowning achievement of Dickinson’s solo career… so far!",5,10,8,10,,,,,,,,,,,4:24,264,MUSIC_VIDEO_TYPE_OMV,484211,,ytmusicapi player response videoDetails.viewCount,,,Not exposed by this YouTube Music endpoint; official YouTube Data API credentials are required.,Music,2022-03-01T09:00:28-08:00,2022-03-01T09:00:28-08:00,Bruce Dickinson,UCuxB-cofMU3KfWkX19q4s0w,http://www.youtube.com/@BruceDickinsonYT,249,AD;AE;AF;AG;AI;AL;AM;AO;AQ;AR;AS;AT;AU;AW;AX;AZ;BA;BB;BD;BE;BF;BG;BH;BI;BJ;BL;BM;BN;BO;BQ;BR;BS;BT;BV;BW;BY;BZ;CA;CC;CD;CF;CG;CH;CI;CK;CL;CM;CN;CO;CR;CU;CV;CW;CX;CY;CZ;DE;DJ;DK;DM;DO;DZ;EC;EE;EG;EH;ER;ES;ET;FI;FJ;FK;FM;FO;FR;GA;GB;GD;GE;GF;GG;GH;GI;GL;GM;GN;GP;GQ;GR;GS;GT;GU;GW;GY;HK;HM;HN;HR;HT;HU;ID;IE;IL;IM;IN;IO;IQ;IR;IS;IT;JE;JM;JO;JP;KE;KG;KH;KI;KM;KN;KP;KR;KW;KY;KZ;LA;LB;LC;LI;LK;LR;LS;LT;LU;LV;LY;MA;MC;MD;ME;MF;MG;MH;MK;ML;MM;MN;MO;MP;MQ;MR;MS;MT;MU;MV;MW;MX;MY;MZ;NA;NC;NE;NF;NG;NI;NL;NO;NP;NR;NU;NZ;OM;PA;PE;PF;PG;PH;PK;PL;PM;PN;PR;PS;PT;PW;PY;QA;RE;RO;RS;RU;RW;SA;SB;SC;SD;SE;SG;SH;SI;SJ;SK;SL;SM;SN;SO;SR;SS;ST;SV;SX;SY;SZ;TC;TD;TF;TG;TH;TJ;TK;TL;TM;TN;TO;TR;TT;TV;TW;TZ;UA;UG;UM;US;UY;UZ;VA;VC;VE;VG;VI;VN;VU;WF;WS;YE;YT;ZA;ZM;ZW,"Distribution availability, not artist nationality or audience geography.",Bruce dickinson; bruce dick; bruce Iron Maiden; Iron Maiden; iron maden; bruce Dickinson mandrake; mandrake; mandrake project; bruce Dickinson tour 2024; Iron Maiden tour 2024; afterglow of ragnorak; ccxp; on the graves; Iron Maiden bruce; Dickinson Iron Maiden; tears of the dragon; Steve Harris; bruce Dickinson band; the mandrake project; bruce Dickinson Iron Maiden; bruce Dickinson pilot; bruce dickenson; evening with bruce dickinson; bruce dickinson now; heavy metal,https://music.youtube.com/watch?v=QxwhiqguXQs,True,False,False,True,False,False,True,True,False,,OK,True,INDIFFERENT,False,https://i.ytimg.com/vi/QxwhiqguXQs/maxresdefault.jpg,"[{""url"": ""https://i.ytimg.com/vi/QxwhiqguXQs/hqdefault.jpg?sqp=-oaymwEWCJADEOEBIAQqCggAEOADGC0guwJIWg&rs=AMzJL3kgbv_k2RFzrmRL7W4A-GS1DyxDLA"", ""width"": 400, ""height"": 225}]",,,missing album browse id,YouTube Music internal web API via ytmusicapi; personalized playlist fetched with named auth profile.,25.0,18.333333,5.685034651,cumulative views of the exact recommended YouTube video,484211,5.685034651,Upper buffer,Buffer,"Frozen 83-song candidate pool captured 2026-06-29T19:44:09+00:00; Low <=7,505; lower buffer 7,506-19,756; Middle 19,757-243,792; upper buffer 243,793-1,223,809; High >=1,223,810 views.","Use view_count or popularity_log10_view_count for comparisons across users, weeks, and the original playlist. Do not use the within-Discover-Mix rank or percentile for cross-playlist comparisons because those are recalculated separately inside every 30-song mix.",Popularity is for the exact recommended video ID. Report or control video_type because this item is MUSIC_VIDEO_TYPE_OMV; ATV denotes an Art Track and OMV an official music video.
2026-08-17T11:59:15+00:00,user_02,aysima baba,Discover Mix,RDTMAK5uy_n_5IN6hzAOwdCnM8D8rzrs3vDl12UcZpA,https://music.youtube.com/playlist?list=RDTMAK5uy_n_5IN6hzAOwdCnM8D8rzrs3vDl12UcZpA,,,,51507,"Discover great music, picked just for you. Always updating.",18,TM5hreyVfIc,https://music.youtube.com/watch?v=TM5hreyVfIc,https://www.youtube.com/watch?v=TM5hreyVfIc,Wolves in Winter,Demons & Wizards,UCkck-JAINpgXbP__7MqEwog,"[{""id"": ""UCkck-JAINpgXbP__7MqEwog"", ""name"": ""Demons & Wizards"", ""subscribers_display"": ""17.1K"", ""subscribers_approx"": 17100, ""channel_views"": 11465984, ""description"": ""Demons & Wizards was a power metal band conceived as a side-project by Blind Guardian vocalist Hansi Kürsch and Jon Schaffer, the guitarist for Iced Earth. Schaffer wrote the music and Kürsch wrote the lyrics. The band's line-up during the recording of their first album in 1999 featured Mark Prator, who was the drummer on a few Iced Earth albums, and Jim Morris, who has engineered for Iced Earth before, on lead guitar. The personnel for the second album, released in 2005, included Morris on lead guitar and Bobby Jarzombek on drums. The band released a third studio album, III, in 2020, and disbanded in early 2021.\n\nFrom Wikipedia ("", ""song_shelf_count"": 5, ""album_shelf_count"": 3, ""single_shelf_count"": 3, ""video_shelf_count"": 10, ""lookup_error"": """"}]",UCkck-JAINpgXbP__7MqEwog,Demons & Wizards,17.1K,17100,11465984,"Demons & Wizards was a power metal band conceived as a side-project by Blind Guardian vocalist Hansi Kürsch and Jon Schaffer, the guitarist for Iced Earth. Schaffer wrote the music and Kürsch wrote the lyrics. The band's line-up during the recording of their first album in 1999 featured Mark Prator, who was the drummer on a few Iced Earth albums, and Jim Morris, who has engineered for Iced Earth before, on lead guitar. The personnel for the second album, released in 2005, included Morris on lead guitar and Bobby Jarzombek on drums. The band released a third studio album, III, in 2020, and disbanded in early 2021.

From Wikipedia (",5,3,3,10,,,,,,,,,,,4:22,262,MUSIC_VIDEO_TYPE_OMV,856277,,ytmusicapi player response videoDetails.viewCount,,,Not exposed by this YouTube Music endpoint; official YouTube Data API credentials are required.,Music,2020-02-14T02:00:05-08:00,2020-02-14T02:00:05-08:00,Century Media Records,UCnK9PxMozTYs8ELOvgMNKFA,http://www.youtube.com/@centurymedia,249,AD;AE;AF;AG;AI;AL;AM;AO;AQ;AR;AS;AT;AU;AW;AX;AZ;BA;BB;BD;BE;BF;BG;BH;BI;BJ;BL;BM;BN;BO;BQ;BR;BS;BT;BV;BW;BY;BZ;CA;CC;CD;CF;CG;CH;CI;CK;CL;CM;CN;CO;CR;CU;CV;CW;CX;CY;CZ;DE;DJ;DK;DM;DO;DZ;EC;EE;EG;EH;ER;ES;ET;FI;FJ;FK;FM;FO;FR;GA;GB;GD;GE;GF;GG;GH;GI;GL;GM;GN;GP;GQ;GR;GS;GT;GU;GW;GY;HK;HM;HN;HR;HT;HU;ID;IE;IL;IM;IN;IO;IQ;IR;IS;IT;JE;JM;JO;JP;KE;KG;KH;KI;KM;KN;KP;KR;KW;KY;KZ;LA;LB;LC;LI;LK;LR;LS;LT;LU;LV;LY;MA;MC;MD;ME;MF;MG;MH;MK;ML;MM;MN;MO;MP;MQ;MR;MS;MT;MU;MV;MW;MX;MY;MZ;NA;NC;NE;NF;NG;NI;NL;NO;NP;NR;NU;NZ;OM;PA;PE;PF;PG;PH;PK;PL;PM;PN;PR;PS;PT;PW;PY;QA;RE;RO;RS;RU;RW;SA;SB;SC;SD;SE;SG;SH;SI;SJ;SK;SL;SM;SN;SO;SR;SS;ST;SV;SX;SY;SZ;TC;TD;TF;TG;TH;TJ;TK;TL;TM;TN;TO;TR;TT;TV;TW;TZ;UA;UG;UM;US;UY;UZ;VA;VC;VE;VG;VI;VN;VU;WF;WS;YE;YT;ZA;ZM;ZW,"Distribution availability, not artist nationality or audience geography.",Demons & Wizards; Demons and wizards; Wolves in winter; Midas disease; Diabolic; III; Jon schaffer; Hansi kürsch; Iced earth; Blind guardian; Century media; Century media records; Metal; Power metal; Heavy metal; Melodic metal; Avantasia; Edguy; Dream evil; Hammerfall; Firewind; Freedom call; Helloween; Witherfall; Jake dreyer,https://music.youtube.com/watch?v=TM5hreyVfIc,True,False,False,True,False,False,True,True,False,,OK,True,INDIFFERENT,False,https://i.ytimg.com/vi/TM5hreyVfIc/maxresdefault.jpg,"[{""url"": ""https://i.ytimg.com/vi/TM5hreyVfIc/hqdefault.jpg?sqp=-oaymwEWCJADEOEBIAQqCggAEOADGC0guwJIWg&rs=AMzJL3kiuxhBStNQaLgmtWR3wwn5iUUL9g"", ""width"": 400, ""height"": 225}]",,,missing album browse id,YouTube Music internal web API via ytmusicapi; personalized playlist fetched with named auth profile.,22.0,28.333333,5.932614279,cumulative views of the exact recommended YouTube video,856277,5.932614279,Upper buffer,Buffer,"Frozen 83-song candidate pool captured 2026-06-29T19:44:09+00:00; Low <=7,505; lower buffer 7,506-19,756; Middle 19,757-243,792; upper buffer 243,793-1,223,809; High >=1,223,810 views.","Use view_count or popularity_log10_view_count for comparisons across users, weeks, and the original playlist. Do not use the within-Discover-Mix rank or percentile for cross-playlist comparisons because those are recalculated separately inside every 30-song mix.",Popularity is for the exact recommended video ID. Report or control video_type because this item is MUSIC_VIDEO_TYPE_OMV; ATV denotes an Art Track and OMV an official music video.
2026-08-17T11:59:15+00:00,user_02,aysima baba,Discover Mix,RDTMAK5uy_n_5IN6hzAOwdCnM8D8rzrs3vDl12UcZpA,https://music.youtube.com/playlist?list=RDTMAK5uy_n_5IN6hzAOwdCnM8D8rzrs3vDl12UcZpA,,,,51507,"Discover great music, picked just for you. Always updating.",19,ltrMfT4Qz5Y,https://music.youtube.com/watch?v=ltrMfT4Qz5Y,https://www.youtube.com/watch?v=ltrMfT4Qz5Y,Footloose (Official Video),Kenny Loggins,UCF-DjS6Y9CKZThQf01SYe7w,"[{""id"": ""UCF-DjS6Y9CKZThQf01SYe7w"", ""name"": ""Kenny Loggins"", ""subscribers_display"": ""658K"", ""subscribers_approx"": 658000, ""channel_views"": 1046486460, ""description"": ""Kenneth Clark Loggins is an American singer, songwriter and guitarist. His early songs were recorded with the Nitty Gritty Dirt Band in 1970, which led to seven albums recorded with Jim Messina as Loggins and Messina from 1972 to 1977. His early soundtrack contributions date back to A Star Is Born in 1976, and he is known as the \""King of the Movie Soundtrack\"". As a solo artist, Loggins experienced a string of soundtrack successes, including an Academy Award nomination for \""Footloose\"" in 1985. Finally Home was released in 2013, shortly after Loggins formed the group Blue Sky Riders with Gary Burr and Georgia Middleman. He has won two Grammy Awards and a Daytime Emmy Award; and was nominated for an Academy Award, a Tony Award, and a Golden Globe Award.\n\nFrom Wikipedia ("", ""song_shelf_count"": 5, ""album_shelf_count"": 10, ""single_shelf_count"": 6, ""video_shelf_count"": 10, ""lookup_error"": """"}]",UCF-DjS6Y9CKZThQf01SYe7w,Kenny Loggins,658K,658000,1046486460,"Kenneth Clark Loggins is an American singer, songwriter and guitarist. His early songs were recorded with the Nitty Gritty Dirt Band in 1970, which led to seven albums recorded with Jim Messina as Loggins and Messina from 1972 to 1977. His early soundtrack contributions date back to A Star Is Born in 1976, and he is known as the ""King of the Movie Soundtrack"". As a solo artist, Loggins experienced a string of soundtrack successes, including an Academy Award nomination for ""Footloose"" in 1985. Finally Home was released in 2013, shortly after Loggins formed the group Blue Sky Riders with Gary Burr and Georgia Middleman. He has won two Grammy Awards and a Daytime Emmy Award; and was nominated for an Academy Award, a Tony Award, and a Golden Globe Award.

From Wikipedia (",5,10,6,10,,,,,,,,,,,2:56,176,MUSIC_VIDEO_TYPE_OMV,182700646,,ytmusicapi player response videoDetails.viewCount,,,Not exposed by this YouTube Music endpoint; official YouTube Data API credentials are required.,Music,2014-02-24T10:53:55-08:00,2014-02-24T10:53:55-08:00,KennyLogginsVEVO,UCpfkwctEySZJDyrIA2Gpv6g,http://www.youtube.com/@KennyLogginsVEVO,249,AD;AE;AF;AG;AI;AL;AM;AO;AQ;AR;AS;AT;AU;AW;AX;AZ;BA;BB;BD;BE;BF;BG;BH;BI;BJ;BL;BM;BN;BO;BQ;BR;BS;BT;BV;BW;BY;BZ;CA;CC;CD;CF;CG;CH;CI;CK;CL;CM;CN;CO;CR;CU;CV;CW;CX;CY;CZ;DE;DJ;DK;DM;DO;DZ;EC;EE;EG;EH;ER;ES;ET;FI;FJ;FK;FM;FO;FR;GA;GB;GD;GE;GF;GG;GH;GI;GL;GM;GN;GP;GQ;GR;GS;GT;GU;GW;GY;HK;HM;HN;HR;HT;HU;ID;IE;IL;IM;IN;IO;IQ;IR;IS;IT;JE;JM;JO;JP;KE;KG;KH;KI;KM;KN;KP;KR;KW;KY;KZ;LA;LB;LC;LI;LK;LR;LS;LT;LU;LV;LY;MA;MC;MD;ME;MF;MG;MH;MK;ML;MM;MN;MO;MP;MQ;MR;MS;MT;MU;MV;MW;MX;MY;MZ;NA;NC;NE;NF;NG;NI;NL;NO;NP;NR;NU;NZ;OM;PA;PE;PF;PG;PH;PK;PL;PM;PN;PR;PS;PT;PW;PY;QA;RE;RO;RS;RU;RW;SA;SB;SC;SD;SE;SG;SH;SI;SJ;SK;SL;SM;SN;SO;SR;SS;ST;SV;SX;SY;SZ;TC;TD;TF;TG;TH;TJ;TK;TL;TM;TN;TO;TR;TT;TV;TW;TZ;UA;UG;UM;US;UY;UZ;VA;VC;VE;VG;VI;VN;VU;WF;WS;YE;YT;ZA;ZM;ZW,"Distribution availability, not artist nationality or audience geography.",footloose; footloose song; footloose kenny loggins; kenny loggins; footlose; kenny loggins footloose; foot loose; footloose dance; footloose musica; footloose soundtrack; foot lose; loggins; foodloose; footloose musique; footloose songs; フットルース; footloos; 80s Sing-Alongs; tiktok; kevin bacon; milk; prank; tiktok dance; long thumb; how'd we do; dog; tiktok dogs; country swing; umbrella academy; season; dance off,https://music.youtube.com/watch?v=ltrMfT4Qz5Y,True,False,False,True,False,False,True,True,False,,OK,True,INDIFFERENT,False,https://i.ytimg.com/vi/ltrMfT4Qz5Y/maxresdefault.jpg,"[{""url"": ""https://i.ytimg.com/vi/ltrMfT4Qz5Y/hqdefault.jpg?sqp=-oaymwEWCJADEOEBIAQqCggAEOADGC0guwJIWg&rs=AMzJL3nzK60z76ycCoinWqOJ6nFZDCW-zA"", ""width"": 400, ""height"": 225}]",,,missing album browse id,YouTube Music internal web API via ytmusicapi; personalized playlist fetched with named auth profile.,4.0,88.333333,8.261740083,cumulative views of the exact recommended YouTube video,182700646,8.261740083,High,High,"Frozen 83-song candidate pool captured 2026-06-29T19:44:09+00:00; Low <=7,505; lower buffer 7,506-19,756; Middle 19,757-243,792; upper buffer 243,793-1,223,809; High >=1,223,810 views.","Use view_count or popularity_log10_view_count for comparisons across users, weeks, and the original playlist. Do not use the within-Discover-Mix rank or percentile for cross-playlist comparisons because those are recalculated separately inside every 30-song mix.",Popularity is for the exact recommended video ID. Report or control video_type because this item is MUSIC_VIDEO_TYPE_OMV; ATV denotes an Art Track and OMV an official music video.
2026-08-17T11:59:15+00:00,user_02,aysima baba,Discover Mix,RDTMAK5uy_n_5IN6hzAOwdCnM8D8rzrs3vDl12UcZpA,https://music.youtube.com/playlist?list=RDTMAK5uy_n_5IN6hzAOwdCnM8D8rzrs3vDl12UcZpA,,,,51507,"Discover great music, picked just for you. Always updating.",20,1Q2NJylEtrw,https://music.youtube.com/watch?v=1Q2NJylEtrw,https://www.youtube.com/watch?v=1Q2NJylEtrw,When the Lights Are Down,Kamelot,UCTAwYvdtEjXhMt0HR7d44Eg,"[{""id"": ""UCTAwYvdtEjXhMt0HR7d44Eg"", ""name"": ""Kamelot"", ""subscribers_display"": ""158K"", ""subscribers_approx"": 158000, ""channel_views"": 89076960, ""description"": ""Kamelot is an American power metal band from Tampa, Florida, formed by Thomas Youngblood in 1987. The Norwegian vocalist Roy Khan joined for the album Siége Perilous, and shared songwriting credit with Youngblood until his departure in April 2011. On June 22, 2012, Youngblood announced on their website that their new vocalist would be the Swedish singer Tommy Karevik, who was first featured on Kamelot's album Silverthorn as the main vocalist, co-songwriter, and lyricist.\nAs of 2026, Kamelot has released thirteen studio albums, three live albums, two live DVDs and twenty music videos.\n\nFrom Wikipedia ("", ""song_shelf_count"": 5, ""album_shelf_count"": 10, ""single_shelf_count"": 10, ""video_shelf_count"": 10, ""lookup_error"": """"}]",UCTAwYvdtEjXhMt0HR7d44Eg,Kamelot,158K,158000,89076960,"Kamelot is an American power metal band from Tampa, Florida, formed by Thomas Youngblood in 1987. The Norwegian vocalist Roy Khan joined for the album Siége Perilous, and shared songwriting credit with Youngblood until his departure in April 2011. On June 22, 2012, Youngblood announced on their website that their new vocalist would be the Swedish singer Tommy Karevik, who was first featured on Kamelot's album Silverthorn as the main vocalist, co-songwriter, and lyricist.
As of 2026, Kamelot has released thirteen studio albums, three live albums, two live DVDs and twenty music videos.

From Wikipedia (",5,10,10,10,MPREb_Y1gejVcgsBR,The Black Halo,Album,2005,16,"1 hour, 4 minutes",3881,OLAK5uy_lIqahzQE9CEv3YoDeBggipJUOQAwPIGzo,Kamelot,"The Black Halo is the seventh studio album by American power metal band Kamelot. It was released on March 15, 2005, through Steamhammer Records. It is a concept album inspired by Goethe's Faust. Continuing the story introduced in Epica, it is the second and final record in Kamelot's two-part rock opera about Ariel. Epica tells Part 1 while The Black Halo tells Part 2. Goethe's Faust is also broken into two parts. The Black Halo features guest appearances by Simone Simons, Shagrath, Jens Johansson, and several others. The album was released on vinyl in the spring of 2009, along with Ghost Opera.

From Wikipedia (",3:42,222,MUSIC_VIDEO_TYPE_ATV,2411589,,ytmusicapi player response videoDetails.viewCount,,,Not exposed by this YouTube Music endpoint; official YouTube Data API credentials are required.,Music,2016-02-09T16:07:17-08:00,2016-02-09T16:07:17-08:00,Kamelot - Topic,UCTAwYvdtEjXhMt0HR7d44Eg,http://www.youtube.com/channel/UCTAwYvdtEjXhMt0HR7d44Eg,227,AD;AE;AF;AG;AI;AL;AM;AO;AQ;AR;AS;AT;AU;AW;AX;AZ;BA;BB;BD;BE;BF;BG;BH;BJ;BM;BN;BO;BR;BS;BT;BV;BW;BZ;CA;CC;CG;CH;CI;CK;CL;CM;CN;CO;CR;CV;CX;CY;CZ;DE;DJ;DK;DM;DO;DZ;EC;EE;EG;EH;ER;ES;ET;FI;FJ;FK;FM;FO;FR;GA;GB;GD;GE;GF;GG;GH;GI;GL;GM;GN;GP;GQ;GR;GS;GT;GU;GW;GY;HK;HM;HN;HR;HT;HU;ID;IE;IL;IM;IN;IO;IS;IT;JE;JM;JO;JP;KE;KG;KH;KI;KM;KN;KR;KW;KY;KZ;LA;LB;LC;LI;LK;LR;LS;LT;LU;LV;MA;MC;MD;ME;MG;MH;MK;ML;MN;MO;MP;MQ;MR;MS;MT;MU;MV;MW;MX;MY;MZ;NA;NC;NE;NF;NG;NI;NL;NO;NP;NR;NU;NZ;OM;PA;PE;PF;PG;PH;PK;PL;PM;PN;PR;PS;PT;PW;PY;QA;RE;RO;RU;RW;SA;SB;SC;SE;SG;SH;SI;SJ;SK;SL;SM;SN;SR;ST;SV;SZ;TC;TD;TF;TG;TH;TJ;TK;TL;TM;TN;TO;TR;TT;TV;TW;TZ;UA;UG;UM;US;UY;UZ;VA;VC;VE;VG;VI;VN;VU;WF;WS;YT;ZA;ZM,"Distribution availability, not artist nationality or audience geography.",Kamelot; The Black Halo; When the Lights Are Down,https://music.youtube.com/watch?v=1Q2NJylEtrw,True,False,False,True,False,False,True,True,False,False,OK,True,INDIFFERENT,False,https://i.ytimg.com/vi/1Q2NJylEtrw/maxresdefault.jpg,"[{""url"": ""https://yt3.googleusercontent.com/38KdSEiCxgBp-srpHTXdq_oqx_xhW1aRG3fA614DsGkxANw8J1XLiqzSSKOu4ThzOcUk5NnJPxDJMc93wg=w60-h60-l90-rj"", ""width"": 60, ""height"": 60}, {""url"": ""https://yt3.googleusercontent.com/38KdSEiCxgBp-srpHTXdq_oqx_xhW1aRG3fA614DsGkxANw8J1XLiqzSSKOu4ThzOcUk5NnJPxDJMc93wg=w120-h120-l90-rj"", ""width"": 120, ""height"": 120}]",,,,YouTube Music internal web API via ytmusicapi; personalized playlist fetched with named auth profile.,19.0,38.333333,6.382303294,cumulative views of the exact recommended YouTube video,2411589,6.382303294,High,High,"Frozen 83-song candidate pool captured 2026-06-29T19:44:09+00:00; Low <=7,505; lower buffer 7,506-19,756; Middle 19,757-243,792; upper buffer 243,793-1,223,809; High >=1,223,810 views.","Use view_count or popularity_log10_view_count for comparisons across users, weeks, and the original playlist. Do not use the within-Discover-Mix rank or percentile for cross-playlist comparisons because those are recalculated separately inside every 30-song mix.",Popularity is for the exact recommended video ID. Report or control video_type because this item is MUSIC_VIDEO_TYPE_ATV; ATV denotes an Art Track and OMV an official music video.
2026-08-17T11:59:15+00:00,user_02,aysima baba,Discover Mix,RDTMAK5uy_n_5IN6hzAOwdCnM8D8rzrs3vDl12UcZpA,https://music.youtube.com/playlist?list=RDTMAK5uy_n_5IN6hzAOwdCnM8D8rzrs3vDl12UcZpA,,,,51507,"Discover great music, picked just for you. Always updating.",21,j6OFv3PrdsM,https://music.youtube.com/watch?v=j6OFv3PrdsM,https://www.youtube.com/watch?v=j6OFv3PrdsM,Son Kez,Hayko Cepkin,UC_9WsYdP8qXHqsdPQYJXFfw,"[{""id"": ""UC_9WsYdP8qXHqsdPQYJXFfw"", ""name"": ""Hayko Cepkin"", ""subscribers_display"": ""313K"", ""subscribers_approx"": 313000, ""channel_views"": null, ""description"": null, ""song_shelf_count"": 5, ""album_shelf_count"": 7, ""single_shelf_count"": 8, ""video_shelf_count"": 10, ""lookup_error"": """"}]",UC_9WsYdP8qXHqsdPQYJXFfw,Hayko Cepkin,313K,313000,,,5,7,8,10,,,,,,,,,,,4:26,266,MUSIC_VIDEO_TYPE_OMV,5429048,,ytmusicapi player response videoDetails.viewCount,,,Not exposed by this YouTube Music endpoint; official YouTube Data API credentials are required.,Music,2014-08-29T09:00:17-07:00,2014-08-29T09:00:17-07:00,HaykoCepkinOnVEVO,UCUX_3x2-nEpehxKSdD2Fk5A,http://www.youtube.com/@HaykoCepkinOnVEVO,246,AD;AE;AF;AG;AI;AL;AM;AO;AQ;AR;AS;AT;AU;AW;AX;AZ;BA;BB;BD;BE;BF;BG;BH;BI;BJ;BL;BM;BN;BO;BQ;BR;BS;BT;BV;BW;BY;BZ;CC;CD;CF;CG;CH;CI;CK;CL;CM;CN;CO;CR;CU;CV;CW;CX;CY;CZ;DE;DJ;DK;DM;DO;DZ;EC;EE;EG;EH;ER;ES;ET;FI;FJ;FK;FM;FO;FR;GA;GB;GD;GE;GF;GG;GH;GI;GL;GM;GN;GP;GQ;GR;GS;GT;GU;GW;GY;HK;HM;HN;HR;HT;HU;ID;IE;IL;IM;IN;IO;IQ;IR;IS;IT;JE;JM;JO;JP;KE;KG;KH;KI;KM;KN;KP;KR;KW;KY;KZ;LA;LB;LC;LI;LK;LR;LS;LT;LU;LV;LY;MA;MC;MD;ME;MF;MG;MH;MK;ML;MM;MN;MO;MP;MQ;MR;MS;MT;MU;MV;MW;MX;MY;MZ;NA;NC;NE;NF;NG;NI;NL;NO;NP;NR;NU;NZ;OM;PA;PE;PF;PG;PH;PK;PL;PM;PN;PS;PT;PW;PY;QA;RE;RO;RS;RU;RW;SA;SB;SC;SD;SE;SG;SH;SI;SJ;SK;SL;SM;SN;SO;SR;SS;ST;SV;SX;SY;SZ;TC;TD;TF;TG;TH;TJ;TK;TL;TM;TN;TO;TR;TT;TV;TW;TZ;UA;UG;UM;UY;UZ;VA;VC;VE;VG;VI;VN;VU;WF;WS;YE;YT;ZA;ZM;ZW,"Distribution availability, not artist nationality or audience geography.",Hayko Cepkin; rock; türkçe rock; türkçe müzik; Universal; Son Kez; Sakin Olmam Lazım,https://music.youtube.com/watch?v=j6OFv3PrdsM,True,False,False,True,False,False,True,True,False,,OK,True,INDIFFERENT,False,https://i.ytimg.com/vi/j6OFv3PrdsM/maxresdefault.jpg,"[{""url"": ""https://i.ytimg.com/vi/j6OFv3PrdsM/hqdefault.jpg?sqp=-oaymwEWCJADEOEBIAQqCggAEOADGC0guwJIWg&rs=AMzJL3nIFWf7GwsZkz0zzLlbcaSMnPqj6g"", ""width"": 400, ""height"": 225}]",,,missing album browse id,YouTube Music internal web API via ytmusicapi; personalized playlist fetched with named auth profile.,17.0,45.0,6.734723681,cumulative views of the exact recommended YouTube video,5429048,6.734723681,High,High,"Frozen 83-song candidate pool captured 2026-06-29T19:44:09+00:00; Low <=7,505; lower buffer 7,506-19,756; Middle 19,757-243,792; upper buffer 243,793-1,223,809; High >=1,223,810 views.","Use view_count or popularity_log10_view_count for comparisons across users, weeks, and the original playlist. Do not use the within-Discover-Mix rank or percentile for cross-playlist comparisons because those are recalculated separately inside every 30-song mix.",Popularity is for the exact recommended video ID. Report or control video_type because this item is MUSIC_VIDEO_TYPE_OMV; ATV denotes an Art Track and OMV an official music video.
2026-08-17T11:59:15+00:00,user_02,aysima baba,Discover Mix,RDTMAK5uy_n_5IN6hzAOwdCnM8D8rzrs3vDl12UcZpA,https://music.youtube.com/playlist?list=RDTMAK5uy_n_5IN6hzAOwdCnM8D8rzrs3vDl12UcZpA,,,,51507,"Discover great music, picked just for you. Always updating.",22,olqr_2p8j0g,https://music.youtube.com/watch?v=olqr_2p8j0g,https://www.youtube.com/watch?v=olqr_2p8j0g,Two Worlds,Xandria,UCIhbtL1WkYSBCPpV8taCIXA,"[{""id"": ""UCIhbtL1WkYSBCPpV8taCIXA"", ""name"": ""Xandria"", ""subscribers_display"": ""66.2K"", ""subscribers_approx"": 66200, ""channel_views"": 27913293, ""description"": ""Xandria is the vanguard of Symphonic Metal from Germany for many years already with a legendary status of its own - and after a long hiatus they are back now!\nAll new and stronger than ever with the fantastic new vocal sensation Ambre Vourvahis who has an astonishing range from rock over operatic vocals to even screams and growls.\n\nThis is giving the epic comeback masterpiece \""The Wonders Still Awaiting\"" an unheard dimension which catapults it right into the top league of this fascinating music genre - and its fresh sound and arrangement sets new standarts for the state of the art of modern Symphonic Metal.\n\nThe success of the album only confirmes this: Top 10 in their home country Germany´s album charts and #4 in the UK rock&metal charts, along other chart successes all over the world that clearly mark the band´s highest achievements so far, after becoming one of the flagships of their genre with classics like \""Ravenheart\"", \""Valentine\"" and \""Nightfall\"" already.\n\nAnd now Xandria are bringing their magic to the stages of the world - epic, bombastic Symphonic Metal as big and enthralling as it can ever become! Xandria let the listener be part of an imaginary movie with their filmscore-like orchestrations and atmosphere - stories brought to life by this fantastic band with their amazing singer Ambre Vourvahis who will set the stages on fire with her impressive vocal range and stilistic diversity that you must have experienced on your own."", ""song_shelf_count"": 5, ""album_shelf_count"": 10, ""single_shelf_count"": 10, ""video_shelf_count"": 10, ""lookup_error"": """"}]",UCIhbtL1WkYSBCPpV8taCIXA,Xandria,66.2K,66200,27913293,"Xandria is the vanguard of Symphonic Metal from Germany for many years already with a legendary status of its own - and after a long hiatus they are back now!
All new and stronger than ever with the fantastic new vocal sensation Ambre Vourvahis who has an astonishing range from rock over operatic vocals to even screams and growls.

This is giving the epic comeback masterpiece ""The Wonders Still Awaiting"" an unheard dimension which catapults it right into the top league of this fascinating music genre - and its fresh sound and arrangement sets new standarts for the state of the art of modern Symphonic Metal.

The success of the album only confirmes this: Top 10 in their home country Germany´s album charts and #4 in the UK rock&metal charts, along other chart successes all over the world that clearly mark the band´s highest achievements so far, after becoming one of the flagships of their genre with classics like ""Ravenheart"", ""Valentine"" and ""Nightfall"" already.

And now Xandria are bringing their magic to the stages of the world - epic, bombastic Symphonic Metal as big and enthralling as it can ever become! Xandria let the listener be part of an imaginary movie with their filmscore-like orchestrations and atmosphere - stories brought to life by this fantastic band with their amazing singer Ambre Vourvahis who will set the stages on fire with her impressive vocal range and stilistic diversity that you must have experienced on your own.",5,10,10,10,,,,,,,,,,,7:50,470,MUSIC_VIDEO_TYPE_OMV,975172,,ytmusicapi player response videoDetails.viewCount,,,Not exposed by this YouTube Music endpoint; official YouTube Data API credentials are required.,Music,2023-01-31T05:00:05-08:00,2023-01-31T05:00:05-08:00,Napalm Records,UCG7AaCh_CiG6pq_rRDNw72A,http://www.youtube.com/@napalmrecords,249,AD;AE;AF;AG;AI;AL;AM;AO;AQ;AR;AS;AT;AU;AW;AX;AZ;BA;BB;BD;BE;BF;BG;BH;BI;BJ;BL;BM;BN;BO;BQ;BR;BS;BT;BV;BW;BY;BZ;CA;CC;CD;CF;CG;CH;CI;CK;CL;CM;CN;CO;CR;CU;CV;CW;CX;CY;CZ;DE;DJ;DK;DM;DO;DZ;EC;EE;EG;EH;ER;ES;ET;FI;FJ;FK;FM;FO;FR;GA;GB;GD;GE;GF;GG;GH;GI;GL;GM;GN;GP;GQ;GR;GS;GT;GU;GW;GY;HK;HM;HN;HR;HT;HU;ID;IE;IL;IM;IN;IO;IQ;IR;IS;IT;JE;JM;JO;JP;KE;KG;KH;KI;KM;KN;KP;KR;KW;KY;KZ;LA;LB;LC;LI;LK;LR;LS;LT;LU;LV;LY;MA;MC;MD;ME;MF;MG;MH;MK;ML;MM;MN;MO;MP;MQ;MR;MS;MT;MU;MV;MW;MX;MY;MZ;NA;NC;NE;NF;NG;NI;NL;NO;NP;NR;NU;NZ;OM;PA;PE;PF;PG;PH;PK;PL;PM;PN;PR;PS;PT;PW;PY;QA;RE;RO;RS;RU;RW;SA;SB;SC;SD;SE;SG;SH;SI;SJ;SK;SL;SM;SN;SO;SR;SS;ST;SV;SX;SY;SZ;TC;TD;TF;TG;TH;TJ;TK;TL;TM;TN;TO;TR;TT;TV;TW;TZ;UA;UG;UM;US;UY;UZ;VA;VC;VE;VG;VI;VN;VU;WF;WS;YE;YT;ZA;ZM;ZW,"Distribution availability, not artist nationality or audience geography.",napalm records; xandria,https://music.youtube.com/watch?v=olqr_2p8j0g,True,False,False,True,False,False,True,True,False,,OK,True,INDIFFERENT,False,https://i.ytimg.com/vi/olqr_2p8j0g/maxresdefault.jpg,"[{""url"": ""https://i.ytimg.com/vi/olqr_2p8j0g/hqdefault.jpg?sqp=-oaymwEWCJADEOEBIAQqCggAEOADGC0guwJIWg&rs=AMzJL3mEgL8kIA7LTgU6ua1TTKhzgIN1LQ"", ""width"": 400, ""height"": 225}]",,,missing album browse id,YouTube Music internal web API via ytmusicapi; personalized playlist fetched with named auth profile.,21.0,31.666667,5.989081223,cumulative views of the exact recommended YouTube video,975172,5.989081223,Upper buffer,Buffer,"Frozen 83-song candidate pool captured 2026-06-29T19:44:09+00:00; Low <=7,505; lower buffer 7,506-19,756; Middle 19,757-243,792; upper buffer 243,793-1,223,809; High >=1,223,810 views.","Use view_count or popularity_log10_view_count for comparisons across users, weeks, and the original playlist. Do not use the within-Discover-Mix rank or percentile for cross-playlist comparisons because those are recalculated separately inside every 30-song mix.",Popularity is for the exact recommended video ID. Report or control video_type because this item is MUSIC_VIDEO_TYPE_OMV; ATV denotes an Art Track and OMV an official music video.
2026-08-17T11:59:15+00:00,user_02,aysima baba,Discover Mix,RDTMAK5uy_n_5IN6hzAOwdCnM8D8rzrs3vDl12UcZpA,https://music.youtube.com/playlist?list=RDTMAK5uy_n_5IN6hzAOwdCnM8D8rzrs3vDl12UcZpA,,,,51507,"Discover great music, picked just for you. Always updating.",23,vgDBg6aiRNk,https://music.youtube.com/watch?v=vgDBg6aiRNk,https://www.youtube.com/watch?v=vgDBg6aiRNk,Clocks,Visions of Atlantis,UCjUfzvqaP7gHrvWYrX9WQbQ,"[{""id"": ""UCjUfzvqaP7gHrvWYrX9WQbQ"", ""name"": ""Visions of Atlantis"", ""subscribers_display"": ""41.3K"", ""subscribers_approx"": 41300, ""channel_views"": 20502915, ""description"": ""We have the power in our hands to go on our own adventures, to face the perils and defeat. We have the confidence to take risks, to trust the universe, to demand and to let go. We don’t remain in our comfort zone. Each challenge makes us stronger, each mistake helps us learn. We always move forward, we go harder, stronger, we do better. Every time. The power is ours, to rule our lives and fate, to choose the best for ourselves."", ""song_shelf_count"": 5, ""album_shelf_count"": 10, ""single_shelf_count"": 10, ""video_shelf_count"": 10, ""lookup_error"": """"}]",UCjUfzvqaP7gHrvWYrX9WQbQ,Visions of Atlantis,41.3K,41300,20502915,"We have the power in our hands to go on our own adventures, to face the perils and defeat. We have the confidence to take risks, to trust the universe, to demand and to let go. We don’t remain in our comfort zone. Each challenge makes us stronger, each mistake helps us learn. We always move forward, we go harder, stronger, we do better. Every time. The power is ours, to rule our lives and fate, to choose the best for ourselves.",5,10,10,10,,,,,,,,,,,5:19,319,MUSIC_VIDEO_TYPE_OMV,2154197,,ytmusicapi player response videoDetails.viewCount,,,Not exposed by this YouTube Music endpoint; official YouTube Data API credentials are required.,Music,2023-01-09T07:00:21-08:00,2023-01-09T07:00:21-08:00,Napalm Records,UCG7AaCh_CiG6pq_rRDNw72A,http://www.youtube.com/@napalmrecords,249,AD;AE;AF;AG;AI;AL;AM;AO;AQ;AR;AS;AT;AU;AW;AX;AZ;BA;BB;BD;BE;BF;BG;BH;BI;BJ;BL;BM;BN;BO;BQ;BR;BS;BT;BV;BW;BY;BZ;CA;CC;CD;CF;CG;CH;CI;CK;CL;CM;CN;CO;CR;CU;CV;CW;CX;CY;CZ;DE;DJ;DK;DM;DO;DZ;EC;EE;EG;EH;ER;ES;ET;FI;FJ;FK;FM;FO;FR;GA;GB;GD;GE;GF;GG;GH;GI;GL;GM;GN;GP;GQ;GR;GS;GT;GU;GW;GY;HK;HM;HN;HR;HT;HU;ID;IE;IL;IM;IN;IO;IQ;IR;IS;IT;JE;JM;JO;JP;KE;KG;KH;KI;KM;KN;KP;KR;KW;KY;KZ;LA;LB;LC;LI;LK;LR;LS;LT;LU;LV;LY;MA;MC;MD;ME;MF;MG;MH;MK;ML;MM;MN;MO;MP;MQ;MR;MS;MT;MU;MV;MW;MX;MY;MZ;NA;NC;NE;NF;NG;NI;NL;NO;NP;NR;NU;NZ;OM;PA;PE;PF;PG;PH;PK;PL;PM;PN;PR;PS;PT;PW;PY;QA;RE;RO;RS;RU;RW;SA;SB;SC;SD;SE;SG;SH;SI;SJ;SK;SL;SM;SN;SO;SR;SS;ST;SV;SX;SY;SZ;TC;TD;TF;TG;TH;TJ;TK;TL;TM;TN;TO;TR;TT;TV;TW;TZ;UA;UG;UM;US;UY;UZ;VA;VC;VE;VG;VI;VN;VU;WF;WS;YE;YT;ZA;ZM;ZW,"Distribution availability, not artist nationality or audience geography.",napalm records,https://music.youtube.com/watch?v=vgDBg6aiRNk,True,False,False,True,False,False,True,True,False,,OK,True,INDIFFERENT,False,https://i.ytimg.com/vi/vgDBg6aiRNk/maxresdefault.jpg,"[{""url"": ""https://i.ytimg.com/vi/vgDBg6aiRNk/hqdefault.jpg?sqp=-oaymwEWCJADEOEBIAQqCggAEOADGC0guwJIWg&rs=AMzJL3mmG9ZfT2LaZMfnJcHOKhUYhxY-lQ"", ""width"": 400, ""height"": 225}]",,,missing album browse id,YouTube Music internal web API via ytmusicapi; personalized playlist fetched with named auth profile.,20.0,35.0,6.333285417,cumulative views of the exact recommended YouTube video,2154197,6.333285417,High,High,"Frozen 83-song candidate pool captured 2026-06-29T19:44:09+00:00; Low <=7,505; lower buffer 7,506-19,756; Middle 19,757-243,792; upper buffer 243,793-1,223,809; High >=1,223,810 views.","Use view_count or popularity_log10_view_count for comparisons across users, weeks, and the original playlist. Do not use the within-Discover-Mix rank or percentile for cross-playlist comparisons because those are recalculated separately inside every 30-song mix.",Popularity is for the exact recommended video ID. Report or control video_type because this item is MUSIC_VIDEO_TYPE_OMV; ATV denotes an Art Track and OMV an official music video.
2026-08-17T11:59:15+00:00,user_02,aysima baba,Discover Mix,RDTMAK5uy_n_5IN6hzAOwdCnM8D8rzrs3vDl12UcZpA,https://music.youtube.com/playlist?list=RDTMAK5uy_n_5IN6hzAOwdCnM8D8rzrs3vDl12UcZpA,,,,51507,"Discover great music, picked just for you. Always updating.",24,JjFeQ9ggKYk,https://music.youtube.com/watch?v=JjFeQ9ggKYk,https://www.youtube.com/watch?v=JjFeQ9ggKYk,Ash Of Eternal Flame,Innerwish,UCv72Cf_a0iP6vHNrEogD-Gw,"[{""id"": ""UCv72Cf_a0iP6vHNrEogD-Gw"", ""name"": ""Innerwish"", ""subscribers_display"": ""4.68K"", ""subscribers_approx"": 4680, ""channel_views"": 2361113, ""description"": ""The story of INNERWISH began in 1995, in Athens, Greece and in their 30 years of existence they managed not\nonly to be one of the most important metal bands from Greece, but also establishing themselves as a\nrespectful band in the European melodic metal scene."", ""song_shelf_count"": 5, ""album_shelf_count"": 6, ""single_shelf_count"": 6, ""video_shelf_count"": 3, ""lookup_error"": """"}]",UCv72Cf_a0iP6vHNrEogD-Gw,Innerwish,4.68K,4680,2361113,"The story of INNERWISH began in 1995, in Athens, Greece and in their 30 years of existence they managed not
only to be one of the most important metal bands from Greece, but also establishing themselves as a
respectful band in the European melodic metal scene.",5,6,6,3,MPREb_Z3poUosYSFV,Ash Of Eternal Flame,Album,2024,11,"1 hour, 3 minutes",3789,OLAK5uy_l96GXPPZeMtvYgdDuagGfDphpZOM9jkV4,Innerwish,,7:24,444,MUSIC_VIDEO_TYPE_ATV,28352,,ytmusicapi player response videoDetails.viewCount,,,Not exposed by this YouTube Music endpoint; official YouTube Data API credentials are required.,Music,2024-11-07T02:03:42-08:00,2024-11-07T02:03:42-08:00,InnerWish - Topic,UCv72Cf_a0iP6vHNrEogD-Gw,http://www.youtube.com/channel/UCv72Cf_a0iP6vHNrEogD-Gw,122,AE;AR;AS;AT;AU;AW;AZ;BA;BD;BE;BG;BH;BM;BO;BR;BY;CA;CH;CL;CO;CR;CY;CZ;DE;DK;DO;DZ;EC;EE;EG;ES;FI;FR;GB;GE;GF;GH;GP;GR;GT;GU;HK;HN;HR;HU;ID;IE;IL;IN;IQ;IS;IT;JM;JO;JP;KE;KH;KR;KW;KY;KZ;LA;LB;LI;LK;LT;LU;LV;LY;MA;MK;MP;MQ;MT;MX;MY;NC;NG;NI;NL;NO;NP;NZ;OM;PA;PE;PF;PG;PH;PK;PL;PR;PT;PY;QA;RE;RO;RS;SA;SE;SG;SI;SK;SN;SV;TC;TH;TN;TR;TW;TZ;UA;UG;US;UY;VE;VI;VN;YE;YT;ZA;ZW,"Distribution availability, not artist nationality or audience geography.",Innerwish; Thimios Krikos; Ash Of Eternal Flame,https://music.youtube.com/watch?v=JjFeQ9ggKYk,True,False,False,True,False,False,True,True,False,False,OK,True,INDIFFERENT,False,https://i.ytimg.com/vi/JjFeQ9ggKYk/maxresdefault.jpg,"[{""url"": ""https://yt3.googleusercontent.com/Ezd4Dw7myHuILr5XToy77XXb2wyJBn0ZtAoQOKc4XjONLOfbw6Y9lVe_NypaWmTzoXvummGKGktxCFg=w60-h60-l90-rj"", ""width"": 60, ""height"": 60}, {""url"": ""https://yt3.googleusercontent.com/Ezd4Dw7myHuILr5XToy77XXb2wyJBn0ZtAoQOKc4XjONLOfbw6Y9lVe_NypaWmTzoXvummGKGktxCFg=w120-h120-l90-rj"", ""width"": 120, ""height"": 120}]",,,,YouTube Music internal web API via ytmusicapi; personalized playlist fetched with named auth profile.,30.0,1.666667,4.4525837,cumulative views of the exact recommended YouTube video,28352,4.4525837,Middle,Middle,"Frozen 83-song candidate pool captured 2026-06-29T19:44:09+00:00; Low <=7,505; lower buffer 7,506-19,756; Middle 19,757-243,792; upper buffer 243,793-1,223,809; High >=1,223,810 views.","Use view_count or popularity_log10_view_count for comparisons across users, weeks, and the original playlist. Do not use the within-Discover-Mix rank or percentile for cross-playlist comparisons because those are recalculated separately inside every 30-song mix.",Popularity is for the exact recommended video ID. Report or control video_type because this item is MUSIC_VIDEO_TYPE_ATV; ATV denotes an Art Track and OMV an official music video.
2026-08-17T11:59:15+00:00,user_02,aysima baba,Discover Mix,RDTMAK5uy_n_5IN6hzAOwdCnM8D8rzrs3vDl12UcZpA,https://music.youtube.com/playlist?list=RDTMAK5uy_n_5IN6hzAOwdCnM8D8rzrs3vDl12UcZpA,,,,51507,"Discover great music, picked just for you. Always updating.",25,XhepwtKR5lg,https://music.youtube.com/watch?v=XhepwtKR5lg,https://www.youtube.com/watch?v=XhepwtKR5lg,82nd All the Way,Amaranthe,UClXbyJ6lJGR3VVkLSVRmdOQ,"[{""id"": ""UClXbyJ6lJGR3VVkLSVRmdOQ"", ""name"": ""Amaranthe"", ""subscribers_display"": ""402K"", ""subscribers_approx"": 402000, ""channel_views"": 309003639, ""description"": ""Amaranthe is a Swedish heavy metal band originally known as Avalanche. The band is notable for their blend of various metal genres and having three lead vocalists.\n\nFrom Wikipedia ("", ""song_shelf_count"": 5, ""album_shelf_count"": 10, ""single_shelf_count"": 10, ""video_shelf_count"": 10, ""lookup_error"": """"}]",UClXbyJ6lJGR3VVkLSVRmdOQ,Amaranthe,402K,402000,309003639,"Amaranthe is a Swedish heavy metal band originally known as Avalanche. The band is notable for their blend of various metal genres and having three lead vocalists.

From Wikipedia (",5,10,10,10,,,,,,,,,,,3:23,203,MUSIC_VIDEO_TYPE_OMV,23955315,,ytmusicapi player response videoDetails.viewCount,,,Not exposed by this YouTube Music endpoint; official YouTube Data API credentials are required.,Music,2020-01-03T02:00:05-08:00,2020-01-03T02:00:05-08:00,Nuclear Blast Records,UCoxg3Kml41wE3IPq-PC-LQw,http://www.youtube.com/@NuclearBlastRecords,249,AD;AE;AF;AG;AI;AL;AM;AO;AQ;AR;AS;AT;AU;AW;AX;AZ;BA;BB;BD;BE;BF;BG;BH;BI;BJ;BL;BM;BN;BO;BQ;BR;BS;BT;BV;BW;BY;BZ;CA;CC;CD;CF;CG;CH;CI;CK;CL;CM;CN;CO;CR;CU;CV;CW;CX;CY;CZ;DE;DJ;DK;DM;DO;DZ;EC;EE;EG;EH;ER;ES;ET;FI;FJ;FK;FM;FO;FR;GA;GB;GD;GE;GF;GG;GH;GI;GL;GM;GN;GP;GQ;GR;GS;GT;GU;GW;GY;HK;HM;HN;HR;HT;HU;ID;IE;IL;IM;IN;IO;IQ;IR;IS;IT;JE;JM;JO;JP;KE;KG;KH;KI;KM;KN;KP;KR;KW;KY;KZ;LA;LB;LC;LI;LK;LR;LS;LT;LU;LV;LY;MA;MC;MD;ME;MF;MG;MH;MK;ML;MM;MN;MO;MP;MQ;MR;MS;MT;MU;MV;MW;MX;MY;MZ;NA;NC;NE;NF;NG;NI;NL;NO;NP;NR;NU;NZ;OM;PA;PE;PF;PG;PH;PK;PL;PM;PN;PR;PS;PT;PW;PY;QA;RE;RO;RS;RU;RW;SA;SB;SC;SD;SE;SG;SH;SI;SJ;SK;SL;SM;SN;SO;SR;SS;ST;SV;SX;SY;SZ;TC;TD;TF;TG;TH;TJ;TK;TL;TM;TN;TO;TR;TT;TV;TW;TZ;UA;UG;UM;US;UY;UZ;VA;VC;VE;VG;VI;VN;VU;WF;WS;YE;YT;ZA;ZM;ZW,"Distribution availability, not artist nationality or audience geography.",amaranthe; 82nd all the way; sabaton; sabaton cover; apocalyptica; Elize Ryd; Morten Løwe Sørensen; Nils Molin; Olof Mörck; henrik englund wilhelmsson; the nexus; massive addictive; helix; drop dead cynical; amaranthe live; amaranthe tour; full album; seven spires; jacob hansen,https://music.youtube.com/watch?v=XhepwtKR5lg,True,False,False,True,False,False,True,True,False,,OK,True,INDIFFERENT,False,https://i.ytimg.com/vi/XhepwtKR5lg/maxresdefault.jpg,"[{""url"": ""https://i.ytimg.com/vi/XhepwtKR5lg/hqdefault.jpg?sqp=-oaymwEWCJADEOEBIAQqCggAEOADGC0guwJIWg&rs=AMzJL3mxWfTsUGOv-YwlVka8CcemCSzfig"", ""width"": 400, ""height"": 225}]",,,missing album browse id,YouTube Music internal web API via ytmusicapi; personalized playlist fetched with named auth profile.,9.0,71.666667,7.379401886,cumulative views of the exact recommended YouTube video,23955315,7.379401886,High,High,"Frozen 83-song candidate pool captured 2026-06-29T19:44:09+00:00; Low <=7,505; lower buffer 7,506-19,756; Middle 19,757-243,792; upper buffer 243,793-1,223,809; High >=1,223,810 views.","Use view_count or popularity_log10_view_count for comparisons across users, weeks, and the original playlist. Do not use the within-Discover-Mix rank or percentile for cross-playlist comparisons because those are recalculated separately inside every 30-song mix.",Popularity is for the exact recommended video ID. Report or control video_type because this item is MUSIC_VIDEO_TYPE_OMV; ATV denotes an Art Track and OMV an official music video.
2026-08-17T11:59:15+00:00,user_02,aysima baba,Discover Mix,RDTMAK5uy_n_5IN6hzAOwdCnM8D8rzrs3vDl12UcZpA,https://music.youtube.com/playlist?list=RDTMAK5uy_n_5IN6hzAOwdCnM8D8rzrs3vDl12UcZpA,,,,51507,"Discover great music, picked just for you. Always updating.",26,C7Z-IP2onYQ,https://music.youtube.com/watch?v=C7Z-IP2onYQ,https://www.youtube.com/watch?v=C7Z-IP2onYQ,Eye of the Storm,Battle Beast,UCXNUOxaWLAyz8z2snld0o9A,"[{""id"": ""UCXNUOxaWLAyz8z2snld0o9A"", ""name"": ""Battle Beast"", ""subscribers_display"": ""90.3K"", ""subscribers_approx"": 90300, ""channel_views"": 82116292, ""description"": ""Line-up:\nNoora Louhimo | vocals\nJoona Björkroth | guitars\nJuuso Soinio | guitars\nEero Sipilä | bass\nJanne Björkroth | keyboards\nPyry Vikky | drums\n\n“100% heavy metal - 0% bullshit!” - BATTLE BEAST’s formula is simple, but very effective; and with their enormously catchy, riff-laden songs coupled with Noora Louhimo’s unique voice, these young Finns have become a flagship of modern heavy metal over the past few years.\n\nHaving only formed in 2008, BATTLE BEAST signed a record detail with the renown German metal label Nuclear Blast in 2011. The unleashing of their acclaimed debut »Steel« (2012), won the band a support slot for their labelmates NIGHTWISH. Frontwoman Noora Louhimo finally joined the band in 2012 and the band’s self-titled record (2013) was released shortly afterwards. BATTLE BEAST then got the opportunity to open for bands such as SONATA ARCTICA and POWERWOLF on extensive runs. Their ascent up the metal ladder was quick and the band’s 3rd studio album »Unholy Savior«, achieved remarkable chart positions all over Europe (#1 Finland, #23 UK Rock, #39 Germany etc.). This release was accompanied by another big European tour, but this time with Swedish heavy metal heroes SABATON and DELAIN. BATTLE BEAST’s very first headline run throughout the Continent rounded off their »Unholy Savior« touring cycle.\n\nBut the band didn’t rest on their well-deserved laurels and instead made 2017 the most successful year in their still rather short history by forging their 4th powerful piece of heavy metal, »Bringer Of Pain«. The record also marked BATTLE BEAST’s first output without their original songwriter Anton Kabanen. The achievements of the previous album were topped: #1 in Finland, #14 in Germany plus several entries in countries where they had never hit the album charts before. The band’s 2ndEuropean headlining trek, this time supported by MAJESTY and GYZE, was the cherry on the 2017 cake. Many shows were sold out and had to be moved to bigger venues! Appearances at festivals such as Bloodstock Open Air (UK), Summer Breeze (D), and Masters of Rock (CZ) and show debuts in various countries and continents faded out this year which went down in history. In April 2018, BATTLE BEAST went on another US tour with KAMELOT and DELAIN, before closing their »Bringer Of Pain« world tour with selected summer festival and club gigs.\n\n…whilst in the silent corners of the band’s tour bus, 11 new hymns have been written for their opus no. 5, entitled »No More Hollywood Endings«. Recorded by keyboardist Janne Björkroth, Viktor Gullichsen and guitarist Joona Björkroth at JKB Studios; the record was also produced and mixed by Janne. The cover artwork was created by Jan Yrlund (KORPIKLAANI, MANOWAR etc.), who already took care of the »Bringer Of Pain« design.\n\nBut not all has been done the old way, there’s also a lot of fresh blood on the sextet’s forthcoming record: “The heavy songs are heavier, pop-delights brighter, rock vibes stronger, and sounds richer than before. The emotional scale is wider, and everything is bigger,” adds Janne.\n\nAnd the record immediately proves the keyboardists promise! It begins with the driving opening track 'Unbroken', graced with orchestral elements, which have been recorded by a real string ensemble this time. Up next, the first single and title track 'No More Hollywood Endings', which takes the fans by surprise with its extravagant lead melodies; followed by the hymnic stadium rocker 'Eden' and the heavily 80’s breathing 'Unfairy Tales', the listener arrives at 'Endless Summer', delivering one of Noora’s most soulful performances. Kicking off the 2nd half of the record with an old-school 8-bit music intro, ‘The Hero’ speeds up the tempo again and leads into the next banger, 'Piece Of Me'. Also packed with an orchestral chorus is 'I Wish', the ballad of the album, right before the duo 'Raise Your Fists' and 'The Golden Horde' gallops towards the glorious closing track in which BATTLE BEAST literally set the 'World On Fire'.\n\n“BATTLE BEAST have a shiny new skin and we’re going to present it with pride. With music even more empowering, theatrical and emotionally charged, this is going to be the most exciting adventure for BATTLE BEAST listeners since we started. Just wait until you experience the new material live. Come and see how the beast has been born again!” comments Noora.\n\nWith »No More Hollywood Endings«, the group cements their status as unstoppable force, showcasing their magic touch for writing endlessly catchy songs once again, without repeating themselves. This record includes everything the band needed to take the next step to conquer the big halls of the world. In the end, one thing’s for sure: Although BATTLE BEAST’s new record may not purely contain “100% heavy metal”, but definitely “0% bullshit”!"", ""song_shelf_count"": 5, ""album_shelf_count"": 8, ""single_shelf_count"": 7, ""video_shelf_count"": 10, ""lookup_error"": """"}]",UCXNUOxaWLAyz8z2snld0o9A,Battle Beast,90.3K,90300,82116292,"Line-up:
Noora Louhimo | vocals
Joona Björkroth | guitars
Juuso Soinio | guitars
Eero Sipilä | bass
Janne Björkroth | keyboards
Pyry Vikky | drums

“100% heavy metal - 0% bullshit!” - BATTLE BEAST’s formula is simple, but very effective; and with their enormously catchy, riff-laden songs coupled with Noora Louhimo’s unique voice, these young Finns have become a flagship of modern heavy metal over the past few years.

Having only formed in 2008, BATTLE BEAST signed a record detail with the renown German metal label Nuclear Blast in 2011. The unleashing of their acclaimed debut »Steel« (2012), won the band a support slot for their labelmates NIGHTWISH. Frontwoman Noora Louhimo finally joined the band in 2012 and the band’s self-titled record (2013) was released shortly afterwards. BATTLE BEAST then got the opportunity to open for bands such as SONATA ARCTICA and POWERWOLF on extensive runs. Their ascent up the metal ladder was quick and the band’s 3rd studio album »Unholy Savior«, achieved remarkable chart positions all over Europe (#1 Finland, #23 UK Rock, #39 Germany etc.). This release was accompanied by another big European tour, but this time with Swedish heavy metal heroes SABATON and DELAIN. BATTLE BEAST’s very first headline run throughout the Continent rounded off their »Unholy Savior« touring cycle.

But the band didn’t rest on their well-deserved laurels and instead made 2017 the most successful year in their still rather short history by forging their 4th powerful piece of heavy metal, »Bringer Of Pain«. The record also marked BATTLE BEAST’s first output without their original songwriter Anton Kabanen. The achievements of the previous album were topped: #1 in Finland, #14 in Germany plus several entries in countries where they had never hit the album charts before. The band’s 2ndEuropean headlining trek, this time supported by MAJESTY and GYZE, was the cherry on the 2017 cake. Many shows were sold out and had to be moved to bigger venues! Appearances at festivals such as Bloodstock Open Air (UK), Summer Breeze (D), and Masters of Rock (CZ) and show debuts in various countries and continents faded out this year which went down in history. In April 2018, BATTLE BEAST went on another US tour with KAMELOT and DELAIN, before closing their »Bringer Of Pain« world tour with selected summer festival and club gigs.

…whilst in the silent corners of the band’s tour bus, 11 new hymns have been written for their opus no. 5, entitled »No More Hollywood Endings«. Recorded by keyboardist Janne Björkroth, Viktor Gullichsen and guitarist Joona Björkroth at JKB Studios; the record was also produced and mixed by Janne. The cover artwork was created by Jan Yrlund (KORPIKLAANI, MANOWAR etc.), who already took care of the »Bringer Of Pain« design.

But not all has been done the old way, there’s also a lot of fresh blood on the sextet’s forthcoming record: “The heavy songs are heavier, pop-delights brighter, rock vibes stronger, and sounds richer than before. The emotional scale is wider, and everything is bigger,” adds Janne.

And the record immediately proves the keyboardists promise! It begins with the driving opening track 'Unbroken', graced with orchestral elements, which have been recorded by a real string ensemble this time. Up next, the first single and title track 'No More Hollywood Endings', which takes the fans by surprise with its extravagant lead melodies; followed by the hymnic stadium rocker 'Eden' and the heavily 80’s breathing 'Unfairy Tales', the listener arrives at 'Endless Summer', delivering one of Noora’s most soulful performances. Kicking off the 2nd half of the record with an old-school 8-bit music intro, ‘The Hero’ speeds up the tempo again and leads into the next banger, 'Piece Of Me'. Also packed with an orchestral chorus is 'I Wish', the ballad of the album, right before the duo 'Raise Your Fists' and 'The Golden Horde' gallops towards the glorious closing track in which BATTLE BEAST literally set the 'World On Fire'.

“BATTLE BEAST have a shiny new skin and we’re going to present it with pride. With music even more empowering, theatrical and emotionally charged, this is going to be the most exciting adventure for BATTLE BEAST listeners since we started. Just wait until you experience the new material live. Come and see how the beast has been born again!” comments Noora.

With »No More Hollywood Endings«, the group cements their status as unstoppable force, showcasing their magic touch for writing endlessly catchy songs once again, without repeating themselves. This record includes everything the band needed to take the next step to conquer the big halls of the world. In the end, one thing’s for sure: Although BATTLE BEAST’s new record may not purely contain “100% heavy metal”, but definitely “0% bullshit”!",5,8,7,10,,,,,,,,,,,4:35,275,MUSIC_VIDEO_TYPE_OMV,9878688,,ytmusicapi player response videoDetails.viewCount,,,Not exposed by this YouTube Music endpoint; official YouTube Data API credentials are required.,Music,2021-11-26T02:00:09-08:00,2021-11-26T02:00:09-08:00,Nuclear Blast Records,UCoxg3Kml41wE3IPq-PC-LQw,http://www.youtube.com/@NuclearBlastRecords,249,AD;AE;AF;AG;AI;AL;AM;AO;AQ;AR;AS;AT;AU;AW;AX;AZ;BA;BB;BD;BE;BF;BG;BH;BI;BJ;BL;BM;BN;BO;BQ;BR;BS;BT;BV;BW;BY;BZ;CA;CC;CD;CF;CG;CH;CI;CK;CL;CM;CN;CO;CR;CU;CV;CW;CX;CY;CZ;DE;DJ;DK;DM;DO;DZ;EC;EE;EG;EH;ER;ES;ET;FI;FJ;FK;FM;FO;FR;GA;GB;GD;GE;GF;GG;GH;GI;GL;GM;GN;GP;GQ;GR;GS;GT;GU;GW;GY;HK;HM;HN;HR;HT;HU;ID;IE;IL;IM;IN;IO;IQ;IR;IS;IT;JE;JM;JO;JP;KE;KG;KH;KI;KM;KN;KP;KR;KW;KY;KZ;LA;LB;LC;LI;LK;LR;LS;LT;LU;LV;LY;MA;MC;MD;ME;MF;MG;MH;MK;ML;MM;MN;MO;MP;MQ;MR;MS;MT;MU;MV;MW;MX;MY;MZ;NA;NC;NE;NF;NG;NI;NL;NO;NP;NR;NU;NZ;OM;PA;PE;PF;PG;PH;PK;PL;PM;PN;PR;PS;PT;PW;PY;QA;RE;RO;RS;RU;RW;SA;SB;SC;SD;SE;SG;SH;SI;SJ;SK;SL;SM;SN;SO;SR;SS;ST;SV;SX;SY;SZ;TC;TD;TF;TG;TH;TJ;TK;TL;TM;TN;TO;TR;TT;TV;TW;TZ;UA;UG;UM;US;UY;UZ;VA;VC;VE;VG;VI;VN;VU;WF;WS;YE;YT;ZA;ZM;ZW,"Distribution availability, not artist nationality or audience geography.",,https://music.youtube.com/watch?v=C7Z-IP2onYQ,True,False,False,True,False,False,True,True,False,,OK,True,INDIFFERENT,False,https://i.ytimg.com/vi/C7Z-IP2onYQ/maxresdefault.jpg,"[{""url"": ""https://i.ytimg.com/vi/C7Z-IP2onYQ/hqdefault.jpg?sqp=-oaymwEWCJADEOEBIAQqCggAEOADGC0guwJIWg&rs=AMzJL3mQYRwKXktIINwT-mYc1jrlh4rrPQ"", ""width"": 400, ""height"": 225}]",,,missing album browse id,YouTube Music internal web API via ytmusicapi; personalized playlist fetched with named auth profile.,14.0,55.0,6.994699269,cumulative views of the exact recommended YouTube video,9878688,6.994699269,High,High,"Frozen 83-song candidate pool captured 2026-06-29T19:44:09+00:00; Low <=7,505; lower buffer 7,506-19,756; Middle 19,757-243,792; upper buffer 243,793-1,223,809; High >=1,223,810 views.","Use view_count or popularity_log10_view_count for comparisons across users, weeks, and the original playlist. Do not use the within-Discover-Mix rank or percentile for cross-playlist comparisons because those are recalculated separately inside every 30-song mix.",Popularity is for the exact recommended video ID. Report or control video_type because this item is MUSIC_VIDEO_TYPE_OMV; ATV denotes an Art Track and OMV an official music video.
2026-08-17T11:59:15+00:00,user_02,aysima baba,Discover Mix,RDTMAK5uy_n_5IN6hzAOwdCnM8D8rzrs3vDl12UcZpA,https://music.youtube.com/playlist?list=RDTMAK5uy_n_5IN6hzAOwdCnM8D8rzrs3vDl12UcZpA,,,,51507,"Discover great music, picked just for you. Always updating.",27,u9Dg-g7t2l4,https://music.youtube.com/watch?v=u9Dg-g7t2l4,https://www.youtube.com/watch?v=u9Dg-g7t2l4,The Sound of Silence,Disturbed,UCMHHDXMvnMKRzuEKtMe8ZRA,"[{""id"": ""UCMHHDXMvnMKRzuEKtMe8ZRA"", ""name"": ""Disturbed"", ""subscribers_display"": ""5.12M"", ""subscribers_approx"": 5120000, ""channel_views"": 4877288530, ""description"": ""By challenging convention, breaking boundaries, and innovating at every turn, Disturbed consistently push rock music forward.\n\nThe multiplatinum Chicago hard rock juggernaut accomplished the rare feat of achieving “five consecutive number one debuts on the Billboard Top 200.” That accolade historically elevated them to rarified air alongside Metallica, the only other hard rock group to do so in the history of the chart.\n\nImmortalized (2015) received a platinum certification and spawned the triple-platinum crossover smash “The Sound of Silence,” which garnered a nomination at the 2017 GRAMMY® Awards in the category of “Best Rock Performance.” Since their formation in 1996, Disturbed – David Draiman [vocals], Dan Donegan [guitar], Mike Wengren [drums], and John Moyer [bass] – have additionally sold 16 million albums globally and scored eleven No. 1 singles at Active Rock Radio. Their quadruple-platinum 2000 debut The Sickness formally announced their arrival as hard rock leaders, with that status solidified by subsequent GRAMMY® Award nominations as well as gold-, platinum- and double platinum-certified records as well as countless sold out shows around the globe.\n\nNamed “Best Rock Artist” during the 2017 iHeartRadioMusic Awards, Disturbed continue to boldly forge ahead in 2018 with the release of their aptly titled seventh offering, Evolution, and their leadoff single “Are You Ready.”"", ""song_shelf_count"": 5, ""album_shelf_count"": 10, ""single_shelf_count"": 10, ""video_shelf_count"": 10, ""lookup_error"": """"}]",UCMHHDXMvnMKRzuEKtMe8ZRA,Disturbed,5.12M,5120000,4877288530,"By challenging convention, breaking boundaries, and innovating at every turn, Disturbed consistently push rock music forward.

The multiplatinum Chicago hard rock juggernaut accomplished the rare feat of achieving “five consecutive number one debuts on the Billboard Top 200.” That accolade historically elevated them to rarified air alongside Metallica, the only other hard rock group to do so in the history of the chart.

Immortalized (2015) received a platinum certification and spawned the triple-platinum crossover smash “The Sound of Silence,” which garnered a nomination at the 2017 GRAMMY® Awards in the category of “Best Rock Performance.” Since their formation in 1996, Disturbed – David Draiman [vocals], Dan Donegan [guitar], Mike Wengren [drums], and John Moyer [bass] – have additionally sold 16 million albums globally and scored eleven No. 1 singles at Active Rock Radio. Their quadruple-platinum 2000 debut The Sickness formally announced their arrival as hard rock leaders, with that status solidified by subsequent GRAMMY® Award nominations as well as gold-, platinum- and double platinum-certified records as well as countless sold out shows around the globe.

Named “Best Rock Artist” during the 2017 iHeartRadioMusic Awards, Disturbed continue to boldly forge ahead in 2018 with the release of their aptly titled seventh offering, Evolution, and their leadoff single “Are You Ready.”",5,10,10,10,,,,,,,,,,,4:23,263,MUSIC_VIDEO_TYPE_OMV,1192784199,,ytmusicapi player response videoDetails.viewCount,,,Not exposed by this YouTube Music endpoint; official YouTube Data API credentials are required.,Music,2015-12-08T07:28:55-08:00,2015-12-08T07:28:55-08:00,Disturbed,UCveWMJeHgcIUPMnFzd7Vxjg,http://www.youtube.com/@DisturbedMusic,249,AD;AE;AF;AG;AI;AL;AM;AO;AQ;AR;AS;AT;AU;AW;AX;AZ;BA;BB;BD;BE;BF;BG;BH;BI;BJ;BL;BM;BN;BO;BQ;BR;BS;BT;BV;BW;BY;BZ;CA;CC;CD;CF;CG;CH;CI;CK;CL;CM;CN;CO;CR;CU;CV;CW;CX;CY;CZ;DE;DJ;DK;DM;DO;DZ;EC;EE;EG;EH;ER;ES;ET;FI;FJ;FK;FM;FO;FR;GA;GB;GD;GE;GF;GG;GH;GI;GL;GM;GN;GP;GQ;GR;GS;GT;GU;GW;GY;HK;HM;HN;HR;HT;HU;ID;IE;IL;IM;IN;IO;IQ;IR;IS;IT;JE;JM;JO;JP;KE;KG;KH;KI;KM;KN;KP;KR;KW;KY;KZ;LA;LB;LC;LI;LK;LR;LS;LT;LU;LV;LY;MA;MC;MD;ME;MF;MG;MH;MK;ML;MM;MN;MO;MP;MQ;MR;MS;MT;MU;MV;MW;MX;MY;MZ;NA;NC;NE;NF;NG;NI;NL;NO;NP;NR;NU;NZ;OM;PA;PE;PF;PG;PH;PK;PL;PM;PN;PR;PS;PT;PW;PY;QA;RE;RO;RS;RU;RW;SA;SB;SC;SD;SE;SG;SH;SI;SJ;SK;SL;SM;SN;SO;SR;SS;ST;SV;SX;SY;SZ;TC;TD;TF;TG;TH;TJ;TK;TL;TM;TN;TO;TR;TT;TV;TW;TZ;UA;UG;UM;US;UY;UZ;VA;VC;VE;VG;VI;VN;VU;WF;WS;YE;YT;ZA;ZM;ZW,"Distribution availability, not artist nationality or audience geography.",disturbed; sound of silence; simon and garfunkel cover; david draiman; disturbed immortalized; the sound of silence cover; hello darkess my old friend; disturbed singing the sound of silence; disturbed the sound of silence original; disturbed covers; disturbed songs; disturbed official video; the sound of silence disturbed; warner records,https://music.youtube.com/watch?v=u9Dg-g7t2l4,True,False,False,True,False,False,True,True,False,,OK,True,INDIFFERENT,False,https://i.ytimg.com/vi/u9Dg-g7t2l4/maxresdefault.jpg,"[{""url"": ""https://i.ytimg.com/vi/u9Dg-g7t2l4/hqdefault.jpg?sqp=-oaymwEWCJADEOEBIAQqCggAEOADGC0guwJIWg&rs=AMzJL3nR_jwOtrIC43x9Ofs6VgJj24pnbw"", ""width"": 400, ""height"": 225}]",,,missing album browse id,YouTube Music internal web API via ytmusicapi; personalized playlist fetched with named auth profile.,2.0,95.0,9.076561877,cumulative views of the exact recommended YouTube video,1192784199,9.076561877,High,High,"Frozen 83-song candidate pool captured 2026-06-29T19:44:09+00:00; Low <=7,505; lower buffer 7,506-19,756; Middle 19,757-243,792; upper buffer 243,793-1,223,809; High >=1,223,810 views.","Use view_count or popularity_log10_view_count for comparisons across users, weeks, and the original playlist. Do not use the within-Discover-Mix rank or percentile for cross-playlist comparisons because those are recalculated separately inside every 30-song mix.",Popularity is for the exact recommended video ID. Report or control video_type because this item is MUSIC_VIDEO_TYPE_OMV; ATV denotes an Art Track and OMV an official music video.
2026-08-17T11:59:15+00:00,user_02,aysima baba,Discover Mix,RDTMAK5uy_n_5IN6hzAOwdCnM8D8rzrs3vDl12UcZpA,https://music.youtube.com/playlist?list=RDTMAK5uy_n_5IN6hzAOwdCnM8D8rzrs3vDl12UcZpA,,,,51507,"Discover great music, picked just for you. Always updating.",28,zhwJBgw6gDo,https://music.youtube.com/watch?v=zhwJBgw6gDo,https://www.youtube.com/watch?v=zhwJBgw6gDo,W.A.S.P.  Wild Child 1985 Official Music Video,W.A.S.P.,UCctxEm07OfzGTFp9DftBeyg,"[{""id"": ""UCctxEm07OfzGTFp9DftBeyg"", ""name"": ""W.A.S.P."", ""subscribers_display"": ""151K"", ""subscribers_approx"": 151000, ""channel_views"": 144101180, ""description"": ""W.A.S.P. is an American heavy metal band formed in Los Angeles, California in 1982. The band is considered to be an integral part of the early Sunset Strip scene of hard rock and glam metal, and they became recognized for their shock rock-themed image, lyrics, and live performances. The band has sold over 12 million records worldwide, with their first two full-length studio albums, W.A.S.P. and The Last Command, being certified as gold by the RIAA.\nW.A.S.P. was a target in the mid-1980s by the Parents Music Resource Center, an organization that pushed for warning labels on recorded music. The band immortalized its fight with the PMRC on the song \""Harder, Faster\"" from their 1987 live album, Live... in the Raw. Their most popular songs include \""Animal\"", \""I Wanna Be Somebody\"", \""L.O.V.E. Machine\"", \""Wild Child\"", \""Blind in Texas\"", \""Forever Free\"", \""The Headless Children\"", \""Chainsaw Charlie\"" and \""The Idol\"", as well as their cover versions of Ray Charles' \""I Don't Need No Doctor\"" and The Who's \""The Real Me\"". The band's most recent studio album, Golgotha, was released in 2015 and they are currently working on new material.\n\nFrom Wikipedia ("", ""song_shelf_count"": 5, ""album_shelf_count"": 10, ""single_shelf_count"": 3, ""video_shelf_count"": 10, ""lookup_error"": """"}]",UCctxEm07OfzGTFp9DftBeyg,W.A.S.P.,151K,151000,144101180,"W.A.S.P. is an American heavy metal band formed in Los Angeles, California in 1982. The band is considered to be an integral part of the early Sunset Strip scene of hard rock and glam metal, and they became recognized for their shock rock-themed image, lyrics, and live performances. The band has sold over 12 million records worldwide, with their first two full-length studio albums, W.A.S.P. and The Last Command, being certified as gold by the RIAA.
W.A.S.P. was a target in the mid-1980s by the Parents Music Resource Center, an organization that pushed for warning labels on recorded music. The band immortalized its fight with the PMRC on the song ""Harder, Faster"" from their 1987 live album, Live... in the Raw. Their most popular songs include ""Animal"", ""I Wanna Be Somebody"", ""L.O.V.E. Machine"", ""Wild Child"", ""Blind in Texas"", ""Forever Free"", ""The Headless Children"", ""Chainsaw Charlie"" and ""The Idol"", as well as their cover versions of Ray Charles' ""I Don't Need No Doctor"" and The Who's ""The Real Me"". The band's most recent studio album, Golgotha, was released in 2015 and they are currently working on new material.

From Wikipedia (",5,10,3,10,,,,,,,,,,,4:09,249,MUSIC_VIDEO_TYPE_OMV,8631312,,ytmusicapi player response videoDetails.viewCount,,,Not exposed by this YouTube Music endpoint; official YouTube Data API credentials are required.,People & Blogs,2021-11-05T09:33:14-07:00,2021-11-05T09:33:14-07:00,WASP Nation,UCDgsAjjCOfP788pAYA0dgDQ,http://www.youtube.com/@WASPNationOfficial,249,AD;AE;AF;AG;AI;AL;AM;AO;AQ;AR;AS;AT;AU;AW;AX;AZ;BA;BB;BD;BE;BF;BG;BH;BI;BJ;BL;BM;BN;BO;BQ;BR;BS;BT;BV;BW;BY;BZ;CA;CC;CD;CF;CG;CH;CI;CK;CL;CM;CN;CO;CR;CU;CV;CW;CX;CY;CZ;DE;DJ;DK;DM;DO;DZ;EC;EE;EG;EH;ER;ES;ET;FI;FJ;FK;FM;FO;FR;GA;GB;GD;GE;GF;GG;GH;GI;GL;GM;GN;GP;GQ;GR;GS;GT;GU;GW;GY;HK;HM;HN;HR;HT;HU;ID;IE;IL;IM;IN;IO;IQ;IR;IS;IT;JE;JM;JO;JP;KE;KG;KH;KI;KM;KN;KP;KR;KW;KY;KZ;LA;LB;LC;LI;LK;LR;LS;LT;LU;LV;LY;MA;MC;MD;ME;MF;MG;MH;MK;ML;MM;MN;MO;MP;MQ;MR;MS;MT;MU;MV;MW;MX;MY;MZ;NA;NC;NE;NF;NG;NI;NL;NO;NP;NR;NU;NZ;OM;PA;PE;PF;PG;PH;PK;PL;PM;PN;PR;PS;PT;PW;PY;QA;RE;RO;RS;RU;RW;SA;SB;SC;SD;SE;SG;SH;SI;SJ;SK;SL;SM;SN;SO;SR;SS;ST;SV;SX;SY;SZ;TC;TD;TF;TG;TH;TJ;TK;TL;TM;TN;TO;TR;TT;TV;TW;TZ;UA;UG;UM;US;UY;UZ;VA;VC;VE;VG;VI;VN;VU;WF;WS;YE;YT;ZA;ZM;ZW,"Distribution availability, not artist nationality or audience geography.",,https://music.youtube.com/watch?v=zhwJBgw6gDo,True,False,False,True,False,False,True,True,False,,OK,True,INDIFFERENT,False,https://i.ytimg.com/vi/zhwJBgw6gDo/hqdefault.jpg?sqp=-oaymwEmCOADEOgC8quKqQMa8AEB-AH-BIAC4AOKAgwIABABGHIgSigwMA8=&rs=AOn4CLAJ7Pz5EUISZrO1Il3S3eIB67EayA,"[{""url"": ""https://i.ytimg.com/vi/zhwJBgw6gDo/hqdefault.jpg?sqp=-oaymwEWCJADEOEBIAQqCggAEOADGC0guwJIWg&rs=AMzJL3ldY4Py5SWZ-D9l2wfUWDR1PYqYVw"", ""width"": 400, ""height"": 225}]",,,missing album browse id,YouTube Music internal web API via ytmusicapi; personalized playlist fetched with named auth profile.,15.0,51.666667,6.936076816,cumulative views of the exact recommended YouTube video,8631312,6.936076816,High,High,"Frozen 83-song candidate pool captured 2026-06-29T19:44:09+00:00; Low <=7,505; lower buffer 7,506-19,756; Middle 19,757-243,792; upper buffer 243,793-1,223,809; High >=1,223,810 views.","Use view_count or popularity_log10_view_count for comparisons across users, weeks, and the original playlist. Do not use the within-Discover-Mix rank or percentile for cross-playlist comparisons because those are recalculated separately inside every 30-song mix.",Popularity is for the exact recommended video ID. Report or control video_type because this item is MUSIC_VIDEO_TYPE_OMV; ATV denotes an Art Track and OMV an official music video.
2026-08-17T11:59:15+00:00,user_02,aysima baba,Discover Mix,RDTMAK5uy_n_5IN6hzAOwdCnM8D8rzrs3vDl12UcZpA,https://music.youtube.com/playlist?list=RDTMAK5uy_n_5IN6hzAOwdCnM8D8rzrs3vDl12UcZpA,,,,51507,"Discover great music, picked just for you. Always updating.",29,W3q8Od5qJio,https://music.youtube.com/watch?v=W3q8Od5qJio,https://www.youtube.com/watch?v=W3q8Od5qJio,Rammstein - Du Hast (Official 4K Video),Rammstein,UCs6GGpd9zvsYghuYe0VDFUQ,"[{""id"": ""UCs6GGpd9zvsYghuYe0VDFUQ"", ""name"": ""Rammstein"", ""subscribers_display"": ""9.33M"", ""subscribers_approx"": 9330000, ""channel_views"": 8094422541, ""description"": ""Over the course of three decades, Rammstein have shaped heavy music with their unique blend of industrial sound, provocative aesthetics, and spectacular live shows. \n\nFormed in Berlin in 1994, the line-up has remained unchanged: Till Lindemann, Richard Z. Kruspe, Paul Landers, Oliver Riedel, Christoph Schneider, and Flake Lorenz. \n\nTheir debut “Herzeleid\"" (1995) laid the foundation for an international career that brought worldwide hits like “Du Hast”, “Sonne”, and “Mein Teil.” \n\nEight studio albums, including two German No.1 singles (“Pussy”, “Deutschland\"") and their most recent release “Zeit\"" (2022), have earned them multiple gold and platinum awards worldwide as well as Grammy nominations. \n\nKnown for uncompromising creativity, iconic videos, and incendiary stage productions, Rammstein continue to defy convention and sell out stadiums across the globe – writing one of the most influential and unique chapters in rock history."", ""song_shelf_count"": 5, ""album_shelf_count"": 10, ""single_shelf_count"": 10, ""video_shelf_count"": 10, ""lookup_error"": """"}]",UCs6GGpd9zvsYghuYe0VDFUQ,Rammstein,9.33M,9330000,8094422541,"Over the course of three decades, Rammstein have shaped heavy music with their unique blend of industrial sound, provocative aesthetics, and spectacular live shows. 

Formed in Berlin in 1994, the line-up has remained unchanged: Till Lindemann, Richard Z. Kruspe, Paul Landers, Oliver Riedel, Christoph Schneider, and Flake Lorenz. 

Their debut “Herzeleid"" (1995) laid the foundation for an international career that brought worldwide hits like “Du Hast”, “Sonne”, and “Mein Teil.” 

Eight studio albums, including two German No.1 singles (“Pussy”, “Deutschland"") and their most recent release “Zeit"" (2022), have earned them multiple gold and platinum awards worldwide as well as Grammy nominations. 

Known for uncompromising creativity, iconic videos, and incendiary stage productions, Rammstein continue to defy convention and sell out stadiums across the globe – writing one of the most influential and unique chapters in rock history.",5,10,10,10,,,,,,,,,,,3:56,236,MUSIC_VIDEO_TYPE_OMV,717553091,,ytmusicapi player response videoDetails.viewCount,,,Not exposed by this YouTube Music endpoint; official YouTube Data API credentials are required.,Entertainment,2015-07-31T07:37:12-07:00,2015-07-31T07:37:12-07:00,Rammstein Official,UCYp3rk70ACGXQ4gFAiMr1SQ,http://www.youtube.com/@RammsteinOfficial,249,AD;AE;AF;AG;AI;AL;AM;AO;AQ;AR;AS;AT;AU;AW;AX;AZ;BA;BB;BD;BE;BF;BG;BH;BI;BJ;BL;BM;BN;BO;BQ;BR;BS;BT;BV;BW;BY;BZ;CA;CC;CD;CF;CG;CH;CI;CK;CL;CM;CN;CO;CR;CU;CV;CW;CX;CY;CZ;DE;DJ;DK;DM;DO;DZ;EC;EE;EG;EH;ER;ES;ET;FI;FJ;FK;FM;FO;FR;GA;GB;GD;GE;GF;GG;GH;GI;GL;GM;GN;GP;GQ;GR;GS;GT;GU;GW;GY;HK;HM;HN;HR;HT;HU;ID;IE;IL;IM;IN;IO;IQ;IR;IS;IT;JE;JM;JO;JP;KE;KG;KH;KI;KM;KN;KP;KR;KW;KY;KZ;LA;LB;LC;LI;LK;LR;LS;LT;LU;LV;LY;MA;MC;MD;ME;MF;MG;MH;MK;ML;MM;MN;MO;MP;MQ;MR;MS;MT;MU;MV;MW;MX;MY;MZ;NA;NC;NE;NF;NG;NI;NL;NO;NP;NR;NU;NZ;OM;PA;PE;PF;PG;PH;PK;PL;PM;PN;PR;PS;PT;PW;PY;QA;RE;RO;RS;RU;RW;SA;SB;SC;SD;SE;SG;SH;SI;SJ;SK;SL;SM;SN;SO;SR;SS;ST;SV;SX;SY;SZ;TC;TD;TF;TG;TH;TJ;TK;TL;TM;TN;TO;TR;TT;TV;TW;TZ;UA;UG;UM;US;UY;UZ;VA;VC;VE;VG;VI;VN;VU;WF;WS;YE;YT;ZA;ZM;ZW,"Distribution availability, not artist nationality or audience geography.",Rammstein; Rammstein Official; Official; Official Video; Rammstein Musik; Rammstein Official Video; Rammstein.Official; Rammstein Channel; Heavy; Metal; Germany; Rammstein Video; Du Hast; Rammstein Du Hast; Du Hast Video; Rammstein Du Hast Video; Rammstein Du Hast Official; Neue Deutsche Härte (Musical Genre); Rammstein (Musical Group); Music Video (TV Genre); Rammstein (Composition); Music (TV Genre); Раммштайн; духаст; сонне; енгел; деутсчланд; сехнсучт,https://music.youtube.com/watch?v=W3q8Od5qJio,True,False,False,True,False,False,True,True,False,,OK,True,INDIFFERENT,False,https://i.ytimg.com/vi/W3q8Od5qJio/maxresdefault.jpg,"[{""url"": ""https://i.ytimg.com/vi/W3q8Od5qJio/hqdefault.jpg?sqp=-oaymwEWCJADEOEBIAQqCggAEOADGC0guwJIWg&rs=AMzJL3klD-8DNg7aNkuO0ge7Gd8hylEHIw"", ""width"": 400, ""height"": 225}]",,,missing album browse id,YouTube Music internal web API via ytmusicapi; personalized playlist fetched with named auth profile.,3.0,91.666667,8.85585404,cumulative views of the exact recommended YouTube video,717553091,8.85585404,High,High,"Frozen 83-song candidate pool captured 2026-06-29T19:44:09+00:00; Low <=7,505; lower buffer 7,506-19,756; Middle 19,757-243,792; upper buffer 243,793-1,223,809; High >=1,223,810 views.","Use view_count or popularity_log10_view_count for comparisons across users, weeks, and the original playlist. Do not use the within-Discover-Mix rank or percentile for cross-playlist comparisons because those are recalculated separately inside every 30-song mix.",Popularity is for the exact recommended video ID. Report or control video_type because this item is MUSIC_VIDEO_TYPE_OMV; ATV denotes an Art Track and OMV an official music video.
2026-08-17T11:59:15+00:00,user_02,aysima baba,Discover Mix,RDTMAK5uy_n_5IN6hzAOwdCnM8D8rzrs3vDl12UcZpA,https://music.youtube.com/playlist?list=RDTMAK5uy_n_5IN6hzAOwdCnM8D8rzrs3vDl12UcZpA,,,,51507,"Discover great music, picked just for you. Always updating.",30,851v-eUo0NU,https://music.youtube.com/watch?v=851v-eUo0NU,https://www.youtube.com/watch?v=851v-eUo0NU,Upside Down,Ad Infinitum,UCSdu5ODAQF8g0yxYrYT9SAg,"[{""id"": ""UCSdu5ODAQF8g0yxYrYT9SAg"", ""name"": ""Ad Infinitum"", ""subscribers_display"": ""48K"", ""subscribers_approx"": 48000, ""channel_views"": 19362083, ""description"": ""Ad Infinitum is a Swiss symphonic metal band. Originally a solo project of Swiss singer Melissa Bonny, it turned into a full band with the arrival of drummer Niklas Müller, bassist Jonas Asplind and guitarist Adrian Theßenvitz. The band signed with Napalm Records in July 2019 and released a debut album, Chapter I: Monarchy, in April 2020. In December 2020, Asplind announced he was leaving the band due to health issues, to be replaced by Korbinian Benedict as the new bassist.\n\nFrom Wikipedia ("", ""song_shelf_count"": 5, ""album_shelf_count"": 5, ""single_shelf_count"": 10, ""video_shelf_count"": 10, ""lookup_error"": """"}]",UCSdu5ODAQF8g0yxYrYT9SAg,Ad Infinitum,48K,48000,19362083,"Ad Infinitum is a Swiss symphonic metal band. Originally a solo project of Swiss singer Melissa Bonny, it turned into a full band with the arrival of drummer Niklas Müller, bassist Jonas Asplind and guitarist Adrian Theßenvitz. The band signed with Napalm Records in July 2019 and released a debut album, Chapter I: Monarchy, in April 2020. In December 2020, Asplind announced he was leaving the band due to health issues, to be replaced by Korbinian Benedict as the new bassist.

From Wikipedia (",5,5,10,10,MPREb_wFCEKL6UU8j,Chapter III - Downfall,Album,2023,14,54 minutes,3266,OLAK5uy_lmLfCrgEuQHE2q27wC18FrPls3F_j32X0,Ad Infinitum,"Chapter III: Downfall is the third studio album by the Swiss symphonic metal band Ad Infinitum, released by Napalm Records on 31 March 2023.

From Wikipedia (",3:16,196,MUSIC_VIDEO_TYPE_ATV,478500,,ytmusicapi player response videoDetails.viewCount,,,Not exposed by this YouTube Music endpoint; official YouTube Data API credentials are required.,Music,2023-03-30T03:09:18-07:00,2023-03-30T03:09:18-07:00,Ad Infinitum - Topic,UCSdu5ODAQF8g0yxYrYT9SAg,http://www.youtube.com/channel/UCSdu5ODAQF8g0yxYrYT9SAg,122,AE;AR;AS;AT;AU;AW;AZ;BA;BD;BE;BG;BH;BM;BO;BR;BY;CA;CH;CL;CO;CR;CY;CZ;DE;DK;DO;DZ;EC;EE;EG;ES;FI;FR;GB;GE;GF;GH;GP;GR;GT;GU;HK;HN;HR;HU;ID;IE;IL;IN;IQ;IS;IT;JM;JO;JP;KE;KH;KR;KW;KY;KZ;LA;LB;LI;LK;LT;LU;LV;LY;MA;MK;MP;MQ;MT;MX;MY;NC;NG;NI;NL;NO;NP;NZ;OM;PA;PE;PF;PG;PH;PK;PL;PR;PT;PY;QA;RE;RO;RS;SA;SE;SG;SI;SK;SN;SV;TC;TH;TN;TR;TW;TZ;UA;UG;US;UY;VE;VI;VN;YE;YT;ZA;ZW,"Distribution availability, not artist nationality or audience geography.",Ad Infinitum; Melissa Bonny; Niklas Müller; Korbinian Benedict Stocker; Adrian Thessenvitz; Chapter III - Downfall; Upside Down,https://music.youtube.com/watch?v=851v-eUo0NU,True,False,False,True,False,False,True,True,False,False,OK,True,INDIFFERENT,False,https://i.ytimg.com/vi/851v-eUo0NU/maxresdefault.jpg,"[{""url"": ""https://yt3.googleusercontent.com/DfQjb9l_e12IpHL3gMcV9dJfKuDNjyQzJjNMn0SYTaR39UKEK9FIAULYktg5mfebOraxWtHRgvEoFwCY=w60-h60-l90-rj"", ""width"": 60, ""height"": 60}, {""url"": ""https://yt3.googleusercontent.com/DfQjb9l_e12IpHL3gMcV9dJfKuDNjyQzJjNMn0SYTaR39UKEK9FIAULYktg5mfebOraxWtHRgvEoFwCY=w120-h120-l90-rj"", ""width"": 120, ""height"": 120}]",,,,YouTube Music internal web API via ytmusicapi; personalized playlist fetched with named auth profile.,26.0,15.0,5.679881942,cumulative views of the exact recommended YouTube video,478500,5.679881942,Upper buffer,Buffer,"Frozen 83-song candidate pool captured 2026-06-29T19:44:09+00:00; Low <=7,505; lower buffer 7,506-19,756; Middle 19,757-243,792; upper buffer 243,793-1,223,809; High >=1,223,810 views.","Use view_count or popularity_log10_view_count for comparisons across users, weeks, and the original playlist. Do not use the within-Discover-Mix rank or percentile for cross-playlist comparisons because those are recalculated separately inside every 30-song mix.",Popularity is for the exact recommended video ID. Report or control video_type because this item is MUSIC_VIDEO_TYPE_ATV; ATV denotes an Art Track and OMV an official music video.
