captured_at_utc,auth_profile,verified_account_name,playlist_name,playlist_id,playlist_url,playlist_author,playlist_track_count_reported,playlist_duration,playlist_duration_seconds,playlist_description,playlist_position,video_id,youtube_music_url,youtube_url,title,artists,artist_ids,artist_details_json,primary_artist_id,primary_artist_name,artist_subscribers_display,artist_subscribers_approx,artist_channel_views,artist_description,artist_song_shelf_count,artist_album_shelf_count,artist_single_shelf_count,artist_video_shelf_count,album_browse_id,album_name,album_type,album_year,album_track_count,album_duration,album_duration_seconds,album_audio_playlist_id,album_artists,album_description,duration,duration_seconds,video_type,view_count,playlist_view_display,view_count_source,like_count,comment_count,like_comment_note,category,upload_date,publish_date,topic_channel_owner,topic_channel_id,topic_channel_url,available_country_count,available_country_codes,available_countries_note,tags,canonical_url,family_safe,unlisted,paid,allow_ratings,is_live_content,is_private,is_crawlable,is_available,is_explicit_track,is_explicit_album,playability_status,playable_in_embed,profile_like_status,profile_in_library,thumbnail_url,track_thumbnails_json,song_lookup_error,artist_lookup_error,album_lookup_error,source_note,view_rank_within_discover_mix_desc,view_percentile_within_discover_mix,log10_view_count,popularity_measure,popularity_value_view_count,popularity_log10_view_count,popularity_original_pool_fixed_band,popularity_original_pool_fixed_tier,popularity_tier_reference,popularity_comparison_note,popularity_video_version_note
2026-08-04T18:57:58+00:00,user_01,aysima MCT,Discover Mix,RDTMAK5uy_n_5IN6hzAOwdCnM8D8rzrs3vDl12UcZpA,https://music.youtube.com/playlist?list=RDTMAK5uy_n_5IN6hzAOwdCnM8D8rzrs3vDl12UcZpA,,,,47767,"Discover great music, picked just for you. Always updating.",1,vRyn5eH12mc,https://music.youtube.com/watch?v=vRyn5eH12mc,https://www.youtube.com/watch?v=vRyn5eH12mc,DEAD MAN’S THROTTLE | High-Energy Outlaw Rock & Aggressive Southern Stomp (145 BPM),Rebel Road Music,UCU7ztWlnSMxOxzXhaMw3byw,"[{""id"": ""UCU7ztWlnSMxOxzXhaMw3byw"", ""name"": ""Rebel Road Music"", ""subscribers_display"": ""7.33K"", ""subscribers_approx"": 7330, ""channel_views"": 6773428, ""description"": ""Rebel Road Music is the sonic blueprint of the dusty, forgotten highways and the dark corners of modern folklore. Blending the heavy stomps of Industrial Swamp Rock with the haunting storytelling of Southern Gothic and Dark Country, Rebel Road Music creates a cinematic experience where gritty guitars meet cinematic darkness. Every track is a journey through the neon-lit rains and the raw, untamed spirits of the road. Welcome to the outlaw's territory."", ""song_shelf_count"": 5, ""album_shelf_count"": 3, ""single_shelf_count"": 4, ""video_shelf_count"": 10, ""lookup_error"": """"}]",UCU7ztWlnSMxOxzXhaMw3byw,Rebel Road Music,7.33K,7330,6773428,"Rebel Road Music is the sonic blueprint of the dusty, forgotten highways and the dark corners of modern folklore. Blending the heavy stomps of Industrial Swamp Rock with the haunting storytelling of Southern Gothic and Dark Country, Rebel Road Music creates a cinematic experience where gritty guitars meet cinematic darkness. Every track is a journey through the neon-lit rains and the raw, untamed spirits of the road. Welcome to the outlaw's territory.",5,3,4,10,,,,,,,,,,,3:08,188,MUSIC_VIDEO_TYPE_OMV,193991,,ytmusicapi player response videoDetails.viewCount,,,Not exposed by this YouTube Music endpoint; official YouTube Data API credentials are required.,Music,2026-04-21T08:15:16-07:00,2026-04-21T08:15:16-07:00,Rebel Road Music,UCt5eMxyEkJWIyNks2rvruKQ,http://www.youtube.com/@RebelRoadMusic,249,AD;AE;AF;AG;AI;AL;AM;AO;AQ;AR;AS;AT;AU;AW;AX;AZ;BA;BB;BD;BE;BF;BG;BH;BI;BJ;BL;BM;BN;BO;BQ;BR;BS;BT;BV;BW;BY;BZ;CA;CC;CD;CF;CG;CH;CI;CK;CL;CM;CN;CO;CR;CU;CV;CW;CX;CY;CZ;DE;DJ;DK;DM;DO;DZ;EC;EE;EG;EH;ER;ES;ET;FI;FJ;FK;FM;FO;FR;GA;GB;GD;GE;GF;GG;GH;GI;GL;GM;GN;GP;GQ;GR;GS;GT;GU;GW;GY;HK;HM;HN;HR;HT;HU;ID;IE;IL;IM;IN;IO;IQ;IR;IS;IT;JE;JM;JO;JP;KE;KG;KH;KI;KM;KN;KP;KR;KW;KY;KZ;LA;LB;LC;LI;LK;LR;LS;LT;LU;LV;LY;MA;MC;MD;ME;MF;MG;MH;MK;ML;MM;MN;MO;MP;MQ;MR;MS;MT;MU;MV;MW;MX;MY;MZ;NA;NC;NE;NF;NG;NI;NL;NO;NP;NR;NU;NZ;OM;PA;PE;PF;PG;PH;PK;PL;PM;PN;PR;PS;PT;PW;PY;QA;RE;RO;RS;RU;RW;SA;SB;SC;SD;SE;SG;SH;SI;SJ;SK;SL;SM;SN;SO;SR;SS;ST;SV;SX;SY;SZ;TC;TD;TF;TG;TH;TJ;TK;TL;TM;TN;TO;TR;TT;TV;TW;TZ;UA;UG;UM;US;UY;UZ;VA;VC;VE;VG;VI;VN;VU;WF;WS;YE;YT;ZA;ZM;ZW,"Distribution availability, not artist nationality or audience geography.",Dark Country; Blues Rock; Southern Gothic; Outlaw Country; Epic Western Music; Rebel Music; Cinematic Rock; Badass Music; Gaming Music; Road Trip Music,https://music.youtube.com/watch?v=vRyn5eH12mc,True,False,False,True,False,False,True,True,False,,OK,True,INDIFFERENT,False,https://i.ytimg.com/vi/vRyn5eH12mc/hqdefault.jpg,"[{""url"": ""https://i.ytimg.com/vi/vRyn5eH12mc/hqdefault.jpg?sqp=-oaymwEWCJADEOEBIAQqCggAEOADGC0guwJIWg&rs=AMzJL3mCZlgodqyL82bGq4o-3hG9M6iSDQ"", ""width"": 400, ""height"": 225}]",,,missing album browse id,YouTube Music internal web API via ytmusicapi; personalized playlist fetched with named auth profile.,23.0,25.0,5.287781582,cumulative views of the exact recommended YouTube video,193991,5.287781582,Middle,Middle,"Frozen 83-song candidate pool captured 2026-06-29T19:44:09+00:00; Low <=7,505; lower buffer 7,506-19,756; Middle 19,757-243,792; upper buffer 243,793-1,223,809; High >=1,223,810 views.","Use view_count or popularity_log10_view_count for comparisons across users, weeks, and the original playlist. Do not use the within-Discover-Mix rank or percentile for cross-playlist comparisons because those are recalculated separately inside every 30-song mix.",Popularity is for the exact recommended video ID. Report or control video_type because this item is MUSIC_VIDEO_TYPE_OMV; ATV denotes an Art Track and OMV an official music video.
2026-08-04T18:57:58+00:00,user_01,aysima MCT,Discover Mix,RDTMAK5uy_n_5IN6hzAOwdCnM8D8rzrs3vDl12UcZpA,https://music.youtube.com/playlist?list=RDTMAK5uy_n_5IN6hzAOwdCnM8D8rzrs3vDl12UcZpA,,,,47767,"Discover great music, picked just for you. Always updating.",2,5kSco2Yxs2A,https://music.youtube.com/watch?v=5kSco2Yxs2A,https://www.youtube.com/watch?v=5kSco2Yxs2A,Dragons Never Die,Týr,UCcsoYke5q0w-OMEakJsLbAQ,"[{""id"": ""UCcsoYke5q0w-OMEakJsLbAQ"", ""name"": ""Týr"", ""subscribers_display"": ""45.3K"", ""subscribers_approx"": 45300, ""channel_views"": 18529975, ""description"": ""Rooted in the epic past\nweaving powerful melodic inspiration\nfor the modern Viking spirit"", ""song_shelf_count"": 5, ""album_shelf_count"": 8, ""single_shelf_count"": 9, ""video_shelf_count"": 10, ""lookup_error"": """"}]",UCcsoYke5q0w-OMEakJsLbAQ,Týr,45.3K,45300,18529975,"Rooted in the epic past
weaving powerful melodic inspiration
for the modern Viking spirit",5,8,9,10,,,,,,,,,,,3:03,183,MUSIC_VIDEO_TYPE_OMV,149445,,ytmusicapi player response videoDetails.viewCount,,,Not exposed by this YouTube Music endpoint; official YouTube Data API credentials are required.,Music,2024-03-28T10:00:07-07:00,2024-03-28T10:00:07-07:00,Týr,UCjJx8SH8sfh7ruD1495kAHg,http://www.youtube.com/@Tyrband,249,AD;AE;AF;AG;AI;AL;AM;AO;AQ;AR;AS;AT;AU;AW;AX;AZ;BA;BB;BD;BE;BF;BG;BH;BI;BJ;BL;BM;BN;BO;BQ;BR;BS;BT;BV;BW;BY;BZ;CA;CC;CD;CF;CG;CH;CI;CK;CL;CM;CN;CO;CR;CU;CV;CW;CX;CY;CZ;DE;DJ;DK;DM;DO;DZ;EC;EE;EG;EH;ER;ES;ET;FI;FJ;FK;FM;FO;FR;GA;GB;GD;GE;GF;GG;GH;GI;GL;GM;GN;GP;GQ;GR;GS;GT;GU;GW;GY;HK;HM;HN;HR;HT;HU;ID;IE;IL;IM;IN;IO;IQ;IR;IS;IT;JE;JM;JO;JP;KE;KG;KH;KI;KM;KN;KP;KR;KW;KY;KZ;LA;LB;LC;LI;LK;LR;LS;LT;LU;LV;LY;MA;MC;MD;ME;MF;MG;MH;MK;ML;MM;MN;MO;MP;MQ;MR;MS;MT;MU;MV;MW;MX;MY;MZ;NA;NC;NE;NF;NG;NI;NL;NO;NP;NR;NU;NZ;OM;PA;PE;PF;PG;PH;PK;PL;PM;PN;PR;PS;PT;PW;PY;QA;RE;RO;RS;RU;RW;SA;SB;SC;SD;SE;SG;SH;SI;SJ;SK;SL;SM;SN;SO;SR;SS;ST;SV;SX;SY;SZ;TC;TD;TF;TG;TH;TJ;TK;TL;TM;TN;TO;TR;TT;TV;TW;TZ;UA;UG;UM;US;UY;UZ;VA;VC;VE;VG;VI;VN;VU;WF;WS;YE;YT;ZA;ZM;ZW,"Distribution availability, not artist nationality or audience geography.",Týr; Tyr; Faroe Islands; Nordic; Heavy Metal; Metal; Metal Blade Records; Viking; Bassist; Music; Musicians; Guitarist; Drummer; Scandinavian; Faroese; Mythology; Faroe; Nordic Metal; Heri Joensen; Gunnar Thomsen; Tadeusz Rieckmann; Viking Metal; Pagan Metal; Folk Metal; Progressive Metal; Prog Metal; Epic Metal; Dragons Never Die; Battle Ballads; Hans Hammer; Týr - Dragons Never Die; Dragons Never Die Týr; heri joensen; prog metal; folk metal; islands; Týr - Dragons Never Die Týr,https://music.youtube.com/watch?v=5kSco2Yxs2A,True,False,False,True,False,False,True,True,False,,OK,True,INDIFFERENT,False,https://i.ytimg.com/vi/5kSco2Yxs2A/maxresdefault.jpg,"[{""url"": ""https://i.ytimg.com/vi/5kSco2Yxs2A/hqdefault.jpg?sqp=-oaymwEWCJADEOEBIAQqCggAEOADGC0guwJIWg&rs=AMzJL3nL91IgrXHNFEtNF_5loXmL9cxVpw"", ""width"": 400, ""height"": 225}]",,,missing album browse id,YouTube Music internal web API via ytmusicapi; personalized playlist fetched with named auth profile.,26.0,15.0,5.174481389,cumulative views of the exact recommended YouTube video,149445,5.174481389,Middle,Middle,"Frozen 83-song candidate pool captured 2026-06-29T19:44:09+00:00; Low <=7,505; lower buffer 7,506-19,756; Middle 19,757-243,792; upper buffer 243,793-1,223,809; High >=1,223,810 views.","Use view_count or popularity_log10_view_count for comparisons across users, weeks, and the original playlist. Do not use the within-Discover-Mix rank or percentile for cross-playlist comparisons because those are recalculated separately inside every 30-song mix.",Popularity is for the exact recommended video ID. Report or control video_type because this item is MUSIC_VIDEO_TYPE_OMV; ATV denotes an Art Track and OMV an official music video.
2026-08-04T18:57:58+00:00,user_01,aysima MCT,Discover Mix,RDTMAK5uy_n_5IN6hzAOwdCnM8D8rzrs3vDl12UcZpA,https://music.youtube.com/playlist?list=RDTMAK5uy_n_5IN6hzAOwdCnM8D8rzrs3vDl12UcZpA,,,,47767,"Discover great music, picked just for you. Always updating.",3,AeSeN-hJSHg,https://music.youtube.com/watch?v=AeSeN-hJSHg,https://www.youtube.com/watch?v=AeSeN-hJSHg,One Step On The Sun,DarWin; Greg Howe,UCweo1ebnDxRaB0rcBn3fxGg;UCrLnkg-SiP0WpZrt1CZpTLA,"[{""id"": ""UCweo1ebnDxRaB0rcBn3fxGg"", ""name"": ""DarWin"", ""subscribers_display"": ""31K"", ""subscribers_approx"": 31000, ""channel_views"": 12571229, ""description"": ""Watch and listen to more of DarWin: "", ""song_shelf_count"": 5, ""album_shelf_count"": 5, ""single_shelf_count"": 10, ""video_shelf_count"": 10, ""lookup_error"": """"}, {""id"": ""UCrLnkg-SiP0WpZrt1CZpTLA"", ""name"": ""Greg Howe"", ""subscribers_display"": ""71.9K"", ""subscribers_approx"": 71900, ""channel_views"": 14505245, ""description"": ""Gregory Howe is an American guitarist and composer. An active musician across four decades, he has released ten studio albums in addition to collaborating with a wide variety of artists.\n\nFrom Wikipedia ("", ""song_shelf_count"": 5, ""album_shelf_count"": 10, ""single_shelf_count"": 6, ""video_shelf_count"": 7, ""lookup_error"": """"}]",UCweo1ebnDxRaB0rcBn3fxGg,DarWin,31K,31000,12571229,Watch and listen to more of DarWin: ,5,5,10,10,,,,,,,,,,,1:32,92,MUSIC_VIDEO_TYPE_OMV,270894,,ytmusicapi player response videoDetails.viewCount,,,Not exposed by this YouTube Music endpoint; official YouTube Data API credentials are required.,Music,2024-05-31T05:42:40-07:00,2024-05-31T05:42:40-07:00,DarWin,UCqCdVQrrcMrFznnzq6M-_qA,http://www.youtube.com/@oosdarwin,249,AD;AE;AF;AG;AI;AL;AM;AO;AQ;AR;AS;AT;AU;AW;AX;AZ;BA;BB;BD;BE;BF;BG;BH;BI;BJ;BL;BM;BN;BO;BQ;BR;BS;BT;BV;BW;BY;BZ;CA;CC;CD;CF;CG;CH;CI;CK;CL;CM;CN;CO;CR;CU;CV;CW;CX;CY;CZ;DE;DJ;DK;DM;DO;DZ;EC;EE;EG;EH;ER;ES;ET;FI;FJ;FK;FM;FO;FR;GA;GB;GD;GE;GF;GG;GH;GI;GL;GM;GN;GP;GQ;GR;GS;GT;GU;GW;GY;HK;HM;HN;HR;HT;HU;ID;IE;IL;IM;IN;IO;IQ;IR;IS;IT;JE;JM;JO;JP;KE;KG;KH;KI;KM;KN;KP;KR;KW;KY;KZ;LA;LB;LC;LI;LK;LR;LS;LT;LU;LV;LY;MA;MC;MD;ME;MF;MG;MH;MK;ML;MM;MN;MO;MP;MQ;MR;MS;MT;MU;MV;MW;MX;MY;MZ;NA;NC;NE;NF;NG;NI;NL;NO;NP;NR;NU;NZ;OM;PA;PE;PF;PG;PH;PK;PL;PM;PN;PR;PS;PT;PW;PY;QA;RE;RO;RS;RU;RW;SA;SB;SC;SD;SE;SG;SH;SI;SJ;SK;SL;SM;SN;SO;SR;SS;ST;SV;SX;SY;SZ;TC;TD;TF;TG;TH;TJ;TK;TL;TM;TN;TO;TR;TT;TV;TW;TZ;UA;UG;UM;US;UY;UZ;VA;VC;VE;VG;VI;VN;VU;WF;WS;YE;YT;ZA;ZM;ZW,"Distribution availability, not artist nationality or audience geography.",guitar solo; greg howe,https://music.youtube.com/watch?v=AeSeN-hJSHg,True,False,False,True,False,False,True,True,False,,OK,True,INDIFFERENT,False,https://i.ytimg.com/vi/AeSeN-hJSHg/maxresdefault.jpg,"[{""url"": ""https://i.ytimg.com/vi/AeSeN-hJSHg/hqdefault.jpg?sqp=-oaymwEWCJADEOEBIAQqCggAEOADGC0guwJIWg&rs=AMzJL3nkdF276gRyl0oFxXX3xMG-W6Okcw"", ""width"": 400, ""height"": 225}]",,,missing album browse id,YouTube Music internal web API via ytmusicapi; personalized playlist fetched with named auth profile.,22.0,28.333333,5.432799386,cumulative views of the exact recommended YouTube video,270894,5.432799386,Upper buffer,Buffer,"Frozen 83-song candidate pool captured 2026-06-29T19:44:09+00:00; Low <=7,505; lower buffer 7,506-19,756; Middle 19,757-243,792; upper buffer 243,793-1,223,809; High >=1,223,810 views.","Use view_count or popularity_log10_view_count for comparisons across users, weeks, and the original playlist. Do not use the within-Discover-Mix rank or percentile for cross-playlist comparisons because those are recalculated separately inside every 30-song mix.",Popularity is for the exact recommended video ID. Report or control video_type because this item is MUSIC_VIDEO_TYPE_OMV; ATV denotes an Art Track and OMV an official music video.
2026-08-04T18:57:58+00:00,user_01,aysima MCT,Discover Mix,RDTMAK5uy_n_5IN6hzAOwdCnM8D8rzrs3vDl12UcZpA,https://music.youtube.com/playlist?list=RDTMAK5uy_n_5IN6hzAOwdCnM8D8rzrs3vDl12UcZpA,,,,47767,"Discover great music, picked just for you. Always updating.",4,bn-HCyk--5o,https://music.youtube.com/watch?v=bn-HCyk--5o,https://www.youtube.com/watch?v=bn-HCyk--5o,Against the Wind,Stratovarius,UCrmWShE1Kjc31dCC5g2Ti2w,"[{""id"": ""UCrmWShE1Kjc31dCC5g2Ti2w"", ""name"": ""Stratovarius"", ""subscribers_display"": ""178K"", ""subscribers_approx"": 178000, ""channel_views"": 53248618, ""description"": ""Stratovarius is a Finnish power metal band formed in 1984. They have released sixteen studio albums, six DVDs, and six live albums. The band's line-up has changed many times, with no founding member left since the departure of drummer Tuomo Lassila in 1995, and no member from their early recording days left following guitarist Timo Tolkki's departure in 2008. Currently, the longest standing member is singer Timo Kotipelto, who joined in 1994.\nThe band was founded in August 1984 as Black Water, consisting of Lassila as singer and drummer, guitarist Staffan Stråhlman, bassist John Vihervä, and, later, keyboardist Antti Ikonen. In Summer 1985, the band changed its name to Stratovarius, which was soon followed by line-up changes. Tolkki replaced Stråhlman and with this line-up, the band released its first album Fright Night in 1989, with Tolkki as sole songwriter. While going through many bassists, the band released the albums Twilight Time in 1992 and Dreamspace in 1994. In 1994, Kotipelto replaced Tolkki as lead vocalist, and after the release of Fourth Dimension in 1995, Lassila and Ikonen left the band and were replaced by Jörg Michael and Jens Johansson respectively.\n\nFrom Wikipedia ("", ""song_shelf_count"": 5, ""album_shelf_count"": 10, ""single_shelf_count"": 8, ""video_shelf_count"": 10, ""lookup_error"": """"}]",UCrmWShE1Kjc31dCC5g2Ti2w,Stratovarius,178K,178000,53248618,"Stratovarius is a Finnish power metal band formed in 1984. They have released sixteen studio albums, six DVDs, and six live albums. The band's line-up has changed many times, with no founding member left since the departure of drummer Tuomo Lassila in 1995, and no member from their early recording days left following guitarist Timo Tolkki's departure in 2008. Currently, the longest standing member is singer Timo Kotipelto, who joined in 1994.
The band was founded in August 1984 as Black Water, consisting of Lassila as singer and drummer, guitarist Staffan Stråhlman, bassist John Vihervä, and, later, keyboardist Antti Ikonen. In Summer 1985, the band changed its name to Stratovarius, which was soon followed by line-up changes. Tolkki replaced Stråhlman and with this line-up, the band released its first album Fright Night in 1989, with Tolkki as sole songwriter. While going through many bassists, the band released the albums Twilight Time in 1992 and Dreamspace in 1994. In 1994, Kotipelto replaced Tolkki as lead vocalist, and after the release of Fourth Dimension in 1995, Lassila and Ikonen left the band and were replaced by Jörg Michael and Jens Johansson respectively.

From Wikipedia (",5,10,8,10,MPREb_vFwKimPbOtM,Fourth Dimension,Album,1995,11,59 minutes,3571,OLAK5uy_njeTIJXqZncR9lsMijbROgR6caLecsEwE,Stratovarius,"Fourth Dimension is the fourth studio album by power metal band Stratovarius, released on 11 March 1995 through Noise Records. The album is the band's first to feature vocalist Timo Kotipelto as well as the last with keyboardist Antti Ikonen and drummer Tuomo Lassila, thus being the last Stratovarius album to date featuring an all-Finnish line-up.
Founding member and guitarist Timo Tolkki, who had served as the band's vocalist for their first three albums, made the decision to leave the vocals to Timo Kotipelto who the band had already known some time before. Tolkki still provided background vocals on Fourth Dimension before handing over lead singing duties to Kotipelto for all subsequent albums. The track ""030366"" is likely a reference to Tolkki's birthday of 3 March 1966. The album seen Stratovarius take off both commercially and artistically. As they redefined its style, with a mix between melody, speed and technical guitar passages.
For a couple of months, the recording sessions for this album ran parallel and in the same studio as Tolkki's then-upcoming solo studio album Classical Variations and Themes.

From Wikipedia (",3:49,229,MUSIC_VIDEO_TYPE_ATV,72132,,ytmusicapi player response videoDetails.viewCount,,,Not exposed by this YouTube Music endpoint; official YouTube Data API credentials are required.,Music,2026-01-26T03:40:07-08:00,2026-01-26T03:40:07-08:00,Stratovarius - Topic,UCrmWShE1Kjc31dCC5g2Ti2w,http://www.youtube.com/channel/UCrmWShE1Kjc31dCC5g2Ti2w,114,AE;AR;AS;AT;AU;AW;AZ;BA;BD;BE;BG;BH;BM;BO;BR;BY;CA;CH;CL;CO;CR;CY;CZ;DE;DK;DO;DZ;EC;EE;EG;ES;FI;FR;GB;GE;GF;GH;GP;GR;GT;GU;HK;HN;HR;HU;IE;IL;IN;IQ;IS;IT;JM;JO;KE;KH;KW;KY;KZ;LB;LI;LK;LT;LU;LV;LY;MA;MK;MP;MQ;MT;MX;NC;NG;NI;NL;NO;NP;NZ;OM;PA;PE;PF;PG;PH;PK;PL;PR;PT;PY;QA;RE;RO;RS;RU;SA;SE;SI;SK;SN;SV;TC;TN;TR;TZ;UA;UG;US;UY;VE;VI;YE;YT;ZA;ZW,"Distribution availability, not artist nationality or audience geography.",Stratovarius; Fourth Dimension; Against the Wind,https://music.youtube.com/watch?v=bn-HCyk--5o,True,False,False,True,False,False,True,True,False,False,OK,True,INDIFFERENT,False,https://i.ytimg.com/vi/bn-HCyk--5o/maxresdefault.jpg,"[{""url"": ""https://yt3.googleusercontent.com/FA3iSI0BU6YCW_VuI7S2CYJViq6dIDd3QKexx5-VEkOXdLVp0CWjal_0cR-VYkmYM7WJwSepxLOMEp4=w60-h60-l90-rj"", ""width"": 60, ""height"": 60}, {""url"": ""https://yt3.googleusercontent.com/FA3iSI0BU6YCW_VuI7S2CYJViq6dIDd3QKexx5-VEkOXdLVp0CWjal_0cR-VYkmYM7WJwSepxLOMEp4=w120-h120-l90-rj"", ""width"": 120, ""height"": 120}]",,,,YouTube Music internal web API via ytmusicapi; personalized playlist fetched with named auth profile.,30.0,1.666667,4.858127974,cumulative views of the exact recommended YouTube video,72132,4.858127974,Middle,Middle,"Frozen 83-song candidate pool captured 2026-06-29T19:44:09+00:00; Low <=7,505; lower buffer 7,506-19,756; Middle 19,757-243,792; upper buffer 243,793-1,223,809; High >=1,223,810 views.","Use view_count or popularity_log10_view_count for comparisons across users, weeks, and the original playlist. Do not use the within-Discover-Mix rank or percentile for cross-playlist comparisons because those are recalculated separately inside every 30-song mix.",Popularity is for the exact recommended video ID. Report or control video_type because this item is MUSIC_VIDEO_TYPE_ATV; ATV denotes an Art Track and OMV an official music video.
2026-08-04T18:57:58+00:00,user_01,aysima MCT,Discover Mix,RDTMAK5uy_n_5IN6hzAOwdCnM8D8rzrs3vDl12UcZpA,https://music.youtube.com/playlist?list=RDTMAK5uy_n_5IN6hzAOwdCnM8D8rzrs3vDl12UcZpA,,,,47767,"Discover great music, picked just for you. Always updating.",5,jW6A0iqPWMs,https://music.youtube.com/watch?v=jW6A0iqPWMs,https://www.youtube.com/watch?v=jW6A0iqPWMs,Himmelsrand,Equilibrium,UC5lBvp7xq6h7AeLUEdOgP8w,"[{""id"": ""UC5lBvp7xq6h7AeLUEdOgP8w"", ""name"": ""Equilibrium"", ""subscribers_display"": ""25.5K"", ""subscribers_approx"": 25500, ""channel_views"": 10496362, ""description"": ""Founded in 2001 as a quartet and originally for just one show, the German band managed to evoke such a storm of excitement at their home metal base, that disbanding into nowhere was out of the question. After the first demo release in 2003, their full-length debut »Turis Fratyr« (2005) as well as their Nuclear Blast premiere »Sagas« (2008) followed, with the band entering on #30 of the German charts. Their 2010 output »Rekreatur« even topped this charting success with #20 position on the German album charts."", ""song_shelf_count"": 5, ""album_shelf_count"": 7, ""single_shelf_count"": 10, ""video_shelf_count"": 10, ""lookup_error"": """"}]",UC5lBvp7xq6h7AeLUEdOgP8w,Equilibrium,25.5K,25500,10496362,"Founded in 2001 as a quartet and originally for just one show, the German band managed to evoke such a storm of excitement at their home metal base, that disbanding into nowhere was out of the question. After the first demo release in 2003, their full-length debut »Turis Fratyr« (2005) as well as their Nuclear Blast premiere »Sagas« (2008) followed, with the band entering on #30 of the German charts. Their 2010 output »Rekreatur« even topped this charting success with #20 position on the German album charts.",5,7,10,10,MPREb_YvvZRv4xNTE,Waldschrein,EP,2013,5,20 minutes,1207,OLAK5uy_niYjx193RQxy76-qKCnpg_FSncKcx-y40,Equilibrium,,2:34,154,MUSIC_VIDEO_TYPE_ATV,548540,,ytmusicapi player response videoDetails.viewCount,,,Not exposed by this YouTube Music endpoint; official YouTube Data API credentials are required.,Music,2019-04-03T08:50:04-07:00,2019-04-03T08:50:04-07:00,Equilibrium - Topic,UC5lBvp7xq6h7AeLUEdOgP8w,http://www.youtube.com/channel/UC5lBvp7xq6h7AeLUEdOgP8w,249,AD;AE;AF;AG;AI;AL;AM;AO;AQ;AR;AS;AT;AU;AW;AX;AZ;BA;BB;BD;BE;BF;BG;BH;BI;BJ;BL;BM;BN;BO;BQ;BR;BS;BT;BV;BW;BY;BZ;CA;CC;CD;CF;CG;CH;CI;CK;CL;CM;CN;CO;CR;CU;CV;CW;CX;CY;CZ;DE;DJ;DK;DM;DO;DZ;EC;EE;EG;EH;ER;ES;ET;FI;FJ;FK;FM;FO;FR;GA;GB;GD;GE;GF;GG;GH;GI;GL;GM;GN;GP;GQ;GR;GS;GT;GU;GW;GY;HK;HM;HN;HR;HT;HU;ID;IE;IL;IM;IN;IO;IQ;IR;IS;IT;JE;JM;JO;JP;KE;KG;KH;KI;KM;KN;KP;KR;KW;KY;KZ;LA;LB;LC;LI;LK;LR;LS;LT;LU;LV;LY;MA;MC;MD;ME;MF;MG;MH;MK;ML;MM;MN;MO;MP;MQ;MR;MS;MT;MU;MV;MW;MX;MY;MZ;NA;NC;NE;NF;NG;NI;NL;NO;NP;NR;NU;NZ;OM;PA;PE;PF;PG;PH;PK;PL;PM;PN;PR;PS;PT;PW;PY;QA;RE;RO;RS;RU;RW;SA;SB;SC;SD;SE;SG;SH;SI;SJ;SK;SL;SM;SN;SO;SR;SS;ST;SV;SX;SY;SZ;TC;TD;TF;TG;TH;TJ;TK;TL;TM;TN;TO;TR;TT;TV;TW;TZ;UA;UG;UM;US;UY;UZ;VA;VC;VE;VG;VI;VN;VU;WF;WS;YE;YT;ZA;ZM;ZW,"Distribution availability, not artist nationality or audience geography.",Equilibrium; Waldschrein; Himmelsrand,https://music.youtube.com/watch?v=jW6A0iqPWMs,True,False,False,True,False,False,True,True,False,False,OK,True,INDIFFERENT,False,https://i.ytimg.com/vi/jW6A0iqPWMs/maxresdefault.jpg,"[{""url"": ""https://yt3.googleusercontent.com/pZPNd0kYWGr92Zn4rapiBLvx3yYb-7bdhTP-uZMwIaIaADw5nV0ZurY8PMCIHhVKB4Az3SmQnNxqxDQ=w60-h60-l90-rj"", ""width"": 60, ""height"": 60}, {""url"": ""https://yt3.googleusercontent.com/pZPNd0kYWGr92Zn4rapiBLvx3yYb-7bdhTP-uZMwIaIaADw5nV0ZurY8PMCIHhVKB4Az3SmQnNxqxDQ=w120-h120-l90-rj"", ""width"": 120, ""height"": 120}]",,,,YouTube Music internal web API via ytmusicapi; personalized playlist fetched with named auth profile.,19.0,38.333333,5.739208302,cumulative views of the exact recommended YouTube video,548540,5.739208302,Upper buffer,Buffer,"Frozen 83-song candidate pool captured 2026-06-29T19:44:09+00:00; Low <=7,505; lower buffer 7,506-19,756; Middle 19,757-243,792; upper buffer 243,793-1,223,809; High >=1,223,810 views.","Use view_count or popularity_log10_view_count for comparisons across users, weeks, and the original playlist. Do not use the within-Discover-Mix rank or percentile for cross-playlist comparisons because those are recalculated separately inside every 30-song mix.",Popularity is for the exact recommended video ID. Report or control video_type because this item is MUSIC_VIDEO_TYPE_ATV; ATV denotes an Art Track and OMV an official music video.
2026-08-04T18:57:58+00:00,user_01,aysima MCT,Discover Mix,RDTMAK5uy_n_5IN6hzAOwdCnM8D8rzrs3vDl12UcZpA,https://music.youtube.com/playlist?list=RDTMAK5uy_n_5IN6hzAOwdCnM8D8rzrs3vDl12UcZpA,,,,47767,"Discover great music, picked just for you. Always updating.",6,dA-_g_KAIm8,https://music.youtube.com/watch?v=dA-_g_KAIm8,https://www.youtube.com/watch?v=dA-_g_KAIm8,Anima Mundi,Dionysus,UClJbvcY5lO1aJo2Q3SqjvlQ,"[{""id"": ""UClJbvcY5lO1aJo2Q3SqjvlQ"", ""name"": ""Dionysus"", ""subscribers_display"": ""3.96K"", ""subscribers_approx"": 3960, ""channel_views"": 3067135, ""description"": ""Dionysus was a Swedish/German power metal band formed in 1999 by Sinergy drummer Ronny Milianowicz. They released three studio albums and disbanded in 2008.\n\nFrom Wikipedia ("", ""song_shelf_count"": 5, ""album_shelf_count"": 4, ""single_shelf_count"": 0, ""video_shelf_count"": 10, ""lookup_error"": """"}]",UClJbvcY5lO1aJo2Q3SqjvlQ,Dionysus,3.96K,3960,3067135,"Dionysus was a Swedish/German power metal band formed in 1999 by Sinergy drummer Ronny Milianowicz. They released three studio albums and disbanded in 2008.

From Wikipedia (",5,4,0,10,MPREb_J88VjYCP070,Anima Mundi,Album,2004,11,53 minutes,3207,OLAK5uy_kEqioBy8YQ4SygxJnoRRPT--Gq933wLAA,Dionysus,,3:34,214,MUSIC_VIDEO_TYPE_ATV,1346490,,ytmusicapi player response videoDetails.viewCount,,,Not exposed by this YouTube Music endpoint; official YouTube Data API credentials are required.,Music,2015-01-19T21:24:09-08:00,2015-01-19T21:24:09-08:00,Dionysus - Topic,UClJbvcY5lO1aJo2Q3SqjvlQ,http://www.youtube.com/channel/UClJbvcY5lO1aJo2Q3SqjvlQ,249,AD;AE;AF;AG;AI;AL;AM;AO;AQ;AR;AS;AT;AU;AW;AX;AZ;BA;BB;BD;BE;BF;BG;BH;BI;BJ;BL;BM;BN;BO;BQ;BR;BS;BT;BV;BW;BY;BZ;CA;CC;CD;CF;CG;CH;CI;CK;CL;CM;CN;CO;CR;CU;CV;CW;CX;CY;CZ;DE;DJ;DK;DM;DO;DZ;EC;EE;EG;EH;ER;ES;ET;FI;FJ;FK;FM;FO;FR;GA;GB;GD;GE;GF;GG;GH;GI;GL;GM;GN;GP;GQ;GR;GS;GT;GU;GW;GY;HK;HM;HN;HR;HT;HU;ID;IE;IL;IM;IN;IO;IQ;IR;IS;IT;JE;JM;JO;JP;KE;KG;KH;KI;KM;KN;KP;KR;KW;KY;KZ;LA;LB;LC;LI;LK;LR;LS;LT;LU;LV;LY;MA;MC;MD;ME;MF;MG;MH;MK;ML;MM;MN;MO;MP;MQ;MR;MS;MT;MU;MV;MW;MX;MY;MZ;NA;NC;NE;NF;NG;NI;NL;NO;NP;NR;NU;NZ;OM;PA;PE;PF;PG;PH;PK;PL;PM;PN;PR;PS;PT;PW;PY;QA;RE;RO;RS;RU;RW;SA;SB;SC;SD;SE;SG;SH;SI;SJ;SK;SL;SM;SN;SO;SR;SS;ST;SV;SX;SY;SZ;TC;TD;TF;TG;TH;TJ;TK;TL;TM;TN;TO;TR;TT;TV;TW;TZ;UA;UG;UM;US;UY;UZ;VA;VC;VE;VG;VI;VN;VU;WF;WS;YE;YT;ZA;ZM;ZW,"Distribution availability, not artist nationality or audience geography.",Dionysus; Anima Mundi,https://music.youtube.com/watch?v=dA-_g_KAIm8,True,False,False,True,False,False,True,True,False,False,OK,True,INDIFFERENT,False,https://i.ytimg.com/vi/dA-_g_KAIm8/maxresdefault.jpg,"[{""url"": ""https://yt3.googleusercontent.com/nWfRHT-GhM9yCYRGVHMs9uR78ILNNhNnkfrBC0LsQPQ0efuB7H2JNLSKzfGP4bSkDKd0HJdz0Qy6Zj4=w60-h60-l90-rj"", ""width"": 60, ""height"": 60}, {""url"": ""https://yt3.googleusercontent.com/nWfRHT-GhM9yCYRGVHMs9uR78ILNNhNnkfrBC0LsQPQ0efuB7H2JNLSKzfGP4bSkDKd0HJdz0Qy6Zj4=w120-h120-l90-rj"", ""width"": 120, ""height"": 120}]",,,,YouTube Music internal web API via ytmusicapi; personalized playlist fetched with named auth profile.,13.0,58.333333,6.129203132,cumulative views of the exact recommended YouTube video,1346490,6.129203132,High,High,"Frozen 83-song candidate pool captured 2026-06-29T19:44:09+00:00; Low <=7,505; lower buffer 7,506-19,756; Middle 19,757-243,792; upper buffer 243,793-1,223,809; High >=1,223,810 views.","Use view_count or popularity_log10_view_count for comparisons across users, weeks, and the original playlist. Do not use the within-Discover-Mix rank or percentile for cross-playlist comparisons because those are recalculated separately inside every 30-song mix.",Popularity is for the exact recommended video ID. Report or control video_type because this item is MUSIC_VIDEO_TYPE_ATV; ATV denotes an Art Track and OMV an official music video.
2026-08-04T18:57:58+00:00,user_01,aysima MCT,Discover Mix,RDTMAK5uy_n_5IN6hzAOwdCnM8D8rzrs3vDl12UcZpA,https://music.youtube.com/playlist?list=RDTMAK5uy_n_5IN6hzAOwdCnM8D8rzrs3vDl12UcZpA,,,,47767,"Discover great music, picked just for you. Always updating.",7,ufgmGRkUCsM,https://music.youtube.com/watch?v=ufgmGRkUCsM,https://www.youtube.com/watch?v=ufgmGRkUCsM,"No Pain, No Gain",Majestica,UC0oLl-AD2ikFO_WDmG4YMzw,"[{""id"": ""UC0oLl-AD2ikFO_WDmG4YMzw"", ""name"": ""Majestica"", ""subscribers_display"": ""29K"", ""subscribers_approx"": 29000, ""channel_views"": 12321742, ""description"": ""Symphonic power metal from Sweden."", ""song_shelf_count"": 5, ""album_shelf_count"": 4, ""single_shelf_count"": 8, ""video_shelf_count"": 10, ""lookup_error"": """"}]",UC0oLl-AD2ikFO_WDmG4YMzw,Majestica,29K,29000,12321742,Symphonic power metal from Sweden.,5,4,8,10,MPREb_Vcrf5ZrWrel,Power Train,Album,2025,10,47 minutes,2822,OLAK5uy_mM6RPKBCFlUFzKVrQhxF4ODI27CC9E6j0,Majestica,,3:35,215,MUSIC_VIDEO_TYPE_ATV,2346841,,ytmusicapi player response videoDetails.viewCount,,,Not exposed by this YouTube Music endpoint; official YouTube Data API credentials are required.,Music,2025-02-06T02:01:06-08:00,2025-02-06T02:01:06-08:00,Majestica - Topic,UC0oLl-AD2ikFO_WDmG4YMzw,http://www.youtube.com/channel/UC0oLl-AD2ikFO_WDmG4YMzw,249,AD;AE;AF;AG;AI;AL;AM;AO;AQ;AR;AS;AT;AU;AW;AX;AZ;BA;BB;BD;BE;BF;BG;BH;BI;BJ;BL;BM;BN;BO;BQ;BR;BS;BT;BV;BW;BY;BZ;CA;CC;CD;CF;CG;CH;CI;CK;CL;CM;CN;CO;CR;CU;CV;CW;CX;CY;CZ;DE;DJ;DK;DM;DO;DZ;EC;EE;EG;EH;ER;ES;ET;FI;FJ;FK;FM;FO;FR;GA;GB;GD;GE;GF;GG;GH;GI;GL;GM;GN;GP;GQ;GR;GS;GT;GU;GW;GY;HK;HM;HN;HR;HT;HU;ID;IE;IL;IM;IN;IO;IQ;IR;IS;IT;JE;JM;JO;JP;KE;KG;KH;KI;KM;KN;KP;KR;KW;KY;KZ;LA;LB;LC;LI;LK;LR;LS;LT;LU;LV;LY;MA;MC;MD;ME;MF;MG;MH;MK;ML;MM;MN;MO;MP;MQ;MR;MS;MT;MU;MV;MW;MX;MY;MZ;NA;NC;NE;NF;NG;NI;NL;NO;NP;NR;NU;NZ;OM;PA;PE;PF;PG;PH;PK;PL;PM;PN;PR;PS;PT;PW;PY;QA;RE;RO;RS;RU;RW;SA;SB;SC;SD;SE;SG;SH;SI;SJ;SK;SL;SM;SN;SO;SR;SS;ST;SV;SX;SY;SZ;TC;TD;TF;TG;TH;TJ;TK;TL;TM;TN;TO;TR;TT;TV;TW;TZ;UA;UG;UM;US;UY;UZ;VA;VC;VE;VG;VI;VN;VU;WF;WS;YE;YT;ZA;ZM;ZW,"Distribution availability, not artist nationality or audience geography.","Majestica; Power Train; No Pain, No Gain",https://music.youtube.com/watch?v=ufgmGRkUCsM,True,False,False,True,False,False,True,True,False,False,OK,True,INDIFFERENT,False,https://i.ytimg.com/vi/ufgmGRkUCsM/maxresdefault.jpg,"[{""url"": ""https://yt3.googleusercontent.com/QpxpAvuGzsmzW35NY6g9KC9YvGQg2gx6B2R_bYL-CA_SuQnPWYCxgglm3VqjmRcA6NWGI9glGAiDSake0Q=w60-h60-l90-rj"", ""width"": 60, ""height"": 60}, {""url"": ""https://yt3.googleusercontent.com/QpxpAvuGzsmzW35NY6g9KC9YvGQg2gx6B2R_bYL-CA_SuQnPWYCxgglm3VqjmRcA6NWGI9glGAiDSake0Q=w120-h120-l90-rj"", ""width"": 120, ""height"": 120}]",,,,YouTube Music internal web API via ytmusicapi; personalized playlist fetched with named auth profile.,11.0,65.0,6.370483667,cumulative views of the exact recommended YouTube video,2346841,6.370483667,High,High,"Frozen 83-song candidate pool captured 2026-06-29T19:44:09+00:00; Low <=7,505; lower buffer 7,506-19,756; Middle 19,757-243,792; upper buffer 243,793-1,223,809; High >=1,223,810 views.","Use view_count or popularity_log10_view_count for comparisons across users, weeks, and the original playlist. Do not use the within-Discover-Mix rank or percentile for cross-playlist comparisons because those are recalculated separately inside every 30-song mix.",Popularity is for the exact recommended video ID. Report or control video_type because this item is MUSIC_VIDEO_TYPE_ATV; ATV denotes an Art Track and OMV an official music video.
2026-08-04T18:57:58+00:00,user_01,aysima MCT,Discover Mix,RDTMAK5uy_n_5IN6hzAOwdCnM8D8rzrs3vDl12UcZpA,https://music.youtube.com/playlist?list=RDTMAK5uy_n_5IN6hzAOwdCnM8D8rzrs3vDl12UcZpA,,,,47767,"Discover great music, picked just for you. Always updating.",8,kXYiU_JCYtU,https://music.youtube.com/watch?v=kXYiU_JCYtU,https://www.youtube.com/watch?v=kXYiU_JCYtU,Numb,Linkin Park,UCxgN32UVVztKAQd2HkXzBtw,"[{""id"": ""UCxgN32UVVztKAQd2HkXzBtw"", ""name"": ""Linkin Park"", ""subscribers_display"": ""25.1M"", ""subscribers_approx"": 25100000, ""channel_views"": 21928631172, ""description"": ""Linkin Park is an American rock band formed in Agoura Hills, California, in 1996. The band's current lineup consists of vocalist/rhythm guitarist/keyboardist Mike Shinoda, lead guitarist Brad Delson, DJ/turntablist Joe Hahn, bassist Dave Farrell, vocalist Emily Armstrong, and drummer Colin Brittain. The lineup for the band's first seven studio albums included lead vocalist Chester Bennington and drummer Rob Bourdon; after Bennington's suicide in July 2017, the band endured a seven-year hiatus, during which Bourdon chose to depart from the band. In September 2024, Linkin Park's reformation was announced along with the addition of Armstrong and Brittain.\nCategorized mainly as alternative rock and nu metal, Linkin Park's earlier music spanned a fusion of heavy metal and hip-hop, with their later music featuring more electronica and pop elements. Linkin Park rose to international fame with their debut studio album, Hybrid Theory, which became certified Diamond by the Recording Industry Association of America.\n\nFrom Wikipedia ("", ""song_shelf_count"": 5, ""album_shelf_count"": 10, ""single_shelf_count"": 10, ""video_shelf_count"": 10, ""lookup_error"": """"}]",UCxgN32UVVztKAQd2HkXzBtw,Linkin Park,25.1M,25100000,21928631172,"Linkin Park is an American rock band formed in Agoura Hills, California, in 1996. The band's current lineup consists of vocalist/rhythm guitarist/keyboardist Mike Shinoda, lead guitarist Brad Delson, DJ/turntablist Joe Hahn, bassist Dave Farrell, vocalist Emily Armstrong, and drummer Colin Brittain. The lineup for the band's first seven studio albums included lead vocalist Chester Bennington and drummer Rob Bourdon; after Bennington's suicide in July 2017, the band endured a seven-year hiatus, during which Bourdon chose to depart from the band. In September 2024, Linkin Park's reformation was announced along with the addition of Armstrong and Brittain.
Categorized mainly as alternative rock and nu metal, Linkin Park's earlier music spanned a fusion of heavy metal and hip-hop, with their later music featuring more electronica and pop elements. Linkin Park rose to international fame with their debut studio album, Hybrid Theory, which became certified Diamond by the Recording Industry Association of America.

From Wikipedia (",5,10,10,10,,,,,,,,,,,3:08,188,MUSIC_VIDEO_TYPE_OMV,2760775012,,ytmusicapi player response videoDetails.viewCount,,,Not exposed by this YouTube Music endpoint; official YouTube Data API credentials are required.,Music,2007-03-05T00:12:00-08:00,2007-03-05T00:12:00-08:00,Linkin Park,UCZU9T1ceaOgwfLRq7OKFU4Q,http://www.youtube.com/@LinkinPark,249,AD;AE;AF;AG;AI;AL;AM;AO;AQ;AR;AS;AT;AU;AW;AX;AZ;BA;BB;BD;BE;BF;BG;BH;BI;BJ;BL;BM;BN;BO;BQ;BR;BS;BT;BV;BW;BY;BZ;CA;CC;CD;CF;CG;CH;CI;CK;CL;CM;CN;CO;CR;CU;CV;CW;CX;CY;CZ;DE;DJ;DK;DM;DO;DZ;EC;EE;EG;EH;ER;ES;ET;FI;FJ;FK;FM;FO;FR;GA;GB;GD;GE;GF;GG;GH;GI;GL;GM;GN;GP;GQ;GR;GS;GT;GU;GW;GY;HK;HM;HN;HR;HT;HU;ID;IE;IL;IM;IN;IO;IQ;IR;IS;IT;JE;JM;JO;JP;KE;KG;KH;KI;KM;KN;KP;KR;KW;KY;KZ;LA;LB;LC;LI;LK;LR;LS;LT;LU;LV;LY;MA;MC;MD;ME;MF;MG;MH;MK;ML;MM;MN;MO;MP;MQ;MR;MS;MT;MU;MV;MW;MX;MY;MZ;NA;NC;NE;NF;NG;NI;NL;NO;NP;NR;NU;NZ;OM;PA;PE;PF;PG;PH;PK;PL;PM;PN;PR;PS;PT;PW;PY;QA;RE;RO;RS;RU;RW;SA;SB;SC;SD;SE;SG;SH;SI;SJ;SK;SL;SM;SN;SO;SR;SS;ST;SV;SX;SY;SZ;TC;TD;TF;TG;TH;TJ;TK;TL;TM;TN;TO;TR;TT;TV;TW;TZ;UA;UG;UM;US;UY;UZ;VA;VC;VE;VG;VI;VN;VU;WF;WS;YE;YT;ZA;ZM;ZW,"Distribution availability, not artist nationality or audience geography.",linkin park; numb; numb linkin park; linkin park numb; linkin park meteora; numb linkin park lyrics; chester bennington; linkin park songs; lincoln park; likining park; linkin park albums; linkin park hits; linkin park music video; linkin park youtube; warner records,https://music.youtube.com/watch?v=kXYiU_JCYtU,True,False,False,True,False,False,True,True,False,,OK,True,INDIFFERENT,False,https://i.ytimg.com/vi/kXYiU_JCYtU/maxresdefault.jpg,"[{""url"": ""https://i.ytimg.com/vi/kXYiU_JCYtU/hqdefault.jpg?sqp=-oaymwEWCJADEOEBIAQqCggAEOADGC0guwJIWg&rs=AMzJL3kBG_tyBsi_5z7yqJLGZWE9tbT6YQ"", ""width"": 400, ""height"": 225}]",,,missing album browse id,YouTube Music internal web API via ytmusicapi; personalized playlist fetched with named auth profile.,1.0,98.333333,9.441031015,cumulative views of the exact recommended YouTube video,2760775012,9.441031015,High,High,"Frozen 83-song candidate pool captured 2026-06-29T19:44:09+00:00; Low <=7,505; lower buffer 7,506-19,756; Middle 19,757-243,792; upper buffer 243,793-1,223,809; High >=1,223,810 views.","Use view_count or popularity_log10_view_count for comparisons across users, weeks, and the original playlist. Do not use the within-Discover-Mix rank or percentile for cross-playlist comparisons because those are recalculated separately inside every 30-song mix.",Popularity is for the exact recommended video ID. Report or control video_type because this item is MUSIC_VIDEO_TYPE_OMV; ATV denotes an Art Track and OMV an official music video.
2026-08-04T18:57:58+00:00,user_01,aysima MCT,Discover Mix,RDTMAK5uy_n_5IN6hzAOwdCnM8D8rzrs3vDl12UcZpA,https://music.youtube.com/playlist?list=RDTMAK5uy_n_5IN6hzAOwdCnM8D8rzrs3vDl12UcZpA,,,,47767,"Discover great music, picked just for you. Always updating.",9,UQ4uyq3GU1w,https://music.youtube.com/watch?v=UQ4uyq3GU1w,https://www.youtube.com/watch?v=UQ4uyq3GU1w,Heartless Madness,Dynazty,UC1_8sQRmjjw7YI2Bk-Kr_tA,"[{""id"": ""UC1_8sQRmjjw7YI2Bk-Kr_tA"", ""name"": ""Dynazty"", ""subscribers_display"": ""42.1K"", ""subscribers_approx"": 42100, ""channel_views"": 46304145, ""description"": ""Formed in 2008, Dynazty has over the years evolved from it’s humble beginnings rooted in the Scandinavian Hard Rock scene into now being a powerhouse and formidable force to be reckoned with on the top shelf of the modern melodic metal scene.\n\nCareer milestones include the 2020 chart breaking album The Dark Delight, certified for gold status in the bands home country Sweden and neighbors Finland. With single tracks Heartless Madness reaching platinum status.\n\nTours in recent years together with bands like Sabaton, Powerwolf, Battle Beast, Pain and Kissin' Dynamite have showcased and established the band on the European continent as one of the most prominent live acts of it’s generation.\n\nReleased on February 14th 2025, brand new album \""Game of Faces\"" is doubling down on punch and ferocity together with the band’s trademark attention to songwriting and production detail.\n\nProduced by Dynazty themselves and mixed by swedish pioneer Jens Bogren, Game of Faces takes you on a journey exploring the essence of the human mind and existance with lyrical themes such as self discovery, spiritual death, rebirth and re-invention in Die to Survive, Fire to Fight and Fortune Favors the Brave.\nWhile taking on the duality and deceptive nature of human kind in the eponymous title track, the album’s opener Call of The Night and first single release Devilry of Ecstasy."", ""song_shelf_count"": 5, ""album_shelf_count"": 9, ""single_shelf_count"": 10, ""video_shelf_count"": 10, ""lookup_error"": """"}]",UC1_8sQRmjjw7YI2Bk-Kr_tA,Dynazty,42.1K,42100,46304145,"Formed in 2008, Dynazty has over the years evolved from it’s humble beginnings rooted in the Scandinavian Hard Rock scene into now being a powerhouse and formidable force to be reckoned with on the top shelf of the modern melodic metal scene.

Career milestones include the 2020 chart breaking album The Dark Delight, certified for gold status in the bands home country Sweden and neighbors Finland. With single tracks Heartless Madness reaching platinum status.

Tours in recent years together with bands like Sabaton, Powerwolf, Battle Beast, Pain and Kissin' Dynamite have showcased and established the band on the European continent as one of the most prominent live acts of it’s generation.

Released on February 14th 2025, brand new album ""Game of Faces"" is doubling down on punch and ferocity together with the band’s trademark attention to songwriting and production detail.

Produced by Dynazty themselves and mixed by swedish pioneer Jens Bogren, Game of Faces takes you on a journey exploring the essence of the human mind and existance with lyrical themes such as self discovery, spiritual death, rebirth and re-invention in Die to Survive, Fire to Fight and Fortune Favors the Brave.
While taking on the duality and deceptive nature of human kind in the eponymous title track, the album’s opener Call of The Night and first single release Devilry of Ecstasy.",5,9,10,10,,,,,,,,,,,4:09,249,MUSIC_VIDEO_TYPE_OMV,6333639,,ytmusicapi player response videoDetails.viewCount,,,Not exposed by this YouTube Music endpoint; official YouTube Data API credentials are required.,Music,2020-02-28T03:02:07-08:00,2020-02-28T03:02:07-08:00,AFM Records,UCKdA5J4-opjla1aWOjF74mg,http://www.youtube.com/@afmrecords,249,AD;AE;AF;AG;AI;AL;AM;AO;AQ;AR;AS;AT;AU;AW;AX;AZ;BA;BB;BD;BE;BF;BG;BH;BI;BJ;BL;BM;BN;BO;BQ;BR;BS;BT;BV;BW;BY;BZ;CA;CC;CD;CF;CG;CH;CI;CK;CL;CM;CN;CO;CR;CU;CV;CW;CX;CY;CZ;DE;DJ;DK;DM;DO;DZ;EC;EE;EG;EH;ER;ES;ET;FI;FJ;FK;FM;FO;FR;GA;GB;GD;GE;GF;GG;GH;GI;GL;GM;GN;GP;GQ;GR;GS;GT;GU;GW;GY;HK;HM;HN;HR;HT;HU;ID;IE;IL;IM;IN;IO;IQ;IR;IS;IT;JE;JM;JO;JP;KE;KG;KH;KI;KM;KN;KP;KR;KW;KY;KZ;LA;LB;LC;LI;LK;LR;LS;LT;LU;LV;LY;MA;MC;MD;ME;MF;MG;MH;MK;ML;MM;MN;MO;MP;MQ;MR;MS;MT;MU;MV;MW;MX;MY;MZ;NA;NC;NE;NF;NG;NI;NL;NO;NP;NR;NU;NZ;OM;PA;PE;PF;PG;PH;PK;PL;PM;PN;PR;PS;PT;PW;PY;QA;RE;RO;RS;RU;RW;SA;SB;SC;SD;SE;SG;SH;SI;SJ;SK;SL;SM;SN;SO;SR;SS;ST;SV;SX;SY;SZ;TC;TD;TF;TG;TH;TJ;TK;TL;TM;TN;TO;TR;TT;TV;TW;TZ;UA;UG;UM;US;UY;UZ;VA;VC;VE;VG;VI;VN;VU;WF;WS;YE;YT;ZA;ZM;ZW,"Distribution availability, not artist nationality or audience geography.",afmrecords; AFM; Records; heavymetal; powermetal; official; musicvideo; music; metal; clip,https://music.youtube.com/watch?v=UQ4uyq3GU1w,True,False,False,True,False,False,True,True,False,,OK,True,INDIFFERENT,False,https://i.ytimg.com/vi/UQ4uyq3GU1w/maxresdefault.jpg,"[{""url"": ""https://i.ytimg.com/vi/UQ4uyq3GU1w/hqdefault.jpg?sqp=-oaymwEWCJADEOEBIAQqCggAEOADGC0guwJIWg&rs=AMzJL3mYZkJRRBZStIfUBZFu8O1w2ksyNw"", ""width"": 400, ""height"": 225}]",,,missing album browse id,YouTube Music internal web API via ytmusicapi; personalized playlist fetched with named auth profile.,7.0,78.333333,6.801653306,cumulative views of the exact recommended YouTube video,6333639,6.801653306,High,High,"Frozen 83-song candidate pool captured 2026-06-29T19:44:09+00:00; Low <=7,505; lower buffer 7,506-19,756; Middle 19,757-243,792; upper buffer 243,793-1,223,809; High >=1,223,810 views.","Use view_count or popularity_log10_view_count for comparisons across users, weeks, and the original playlist. Do not use the within-Discover-Mix rank or percentile for cross-playlist comparisons because those are recalculated separately inside every 30-song mix.",Popularity is for the exact recommended video ID. Report or control video_type because this item is MUSIC_VIDEO_TYPE_OMV; ATV denotes an Art Track and OMV an official music video.
2026-08-04T18:57:58+00:00,user_01,aysima MCT,Discover Mix,RDTMAK5uy_n_5IN6hzAOwdCnM8D8rzrs3vDl12UcZpA,https://music.youtube.com/playlist?list=RDTMAK5uy_n_5IN6hzAOwdCnM8D8rzrs3vDl12UcZpA,,,,47767,"Discover great music, picked just for you. Always updating.",10,yZvTzAhRMog,https://music.youtube.com/watch?v=yZvTzAhRMog,https://www.youtube.com/watch?v=yZvTzAhRMog,Shining Unity,Galderia,UCDmEHvhDICtSOuHiOQ94LRQ,"[{""id"": ""UCDmEHvhDICtSOuHiOQ94LRQ"", ""name"": ""Galderia"", ""subscribers_display"": ""3.18K"", ""subscribers_approx"": 3180, ""channel_views"": null, ""description"": null, ""song_shelf_count"": 5, ""album_shelf_count"": 6, ""single_shelf_count"": 4, ""video_shelf_count"": 5, ""lookup_error"": """"}]",UCDmEHvhDICtSOuHiOQ94LRQ,Galderia,3.18K,3180,,,5,6,4,5,MPREb_Kl5639fd6uo,Return of the Cosmic Men,Album,2017,10,47 minutes,2877,OLAK5uy_kINCctOlR7LjubOwAxgZjy66kcacAh4YY,Galderia,,5:41,341,MUSIC_VIDEO_TYPE_ATV,175208,,ytmusicapi player response videoDetails.viewCount,,,Not exposed by this YouTube Music endpoint; official YouTube Data API credentials are required.,Music,2017-07-20T04:26:50-07:00,2017-07-20T04:26:50-07:00,Galderia - Topic,UCDmEHvhDICtSOuHiOQ94LRQ,http://www.youtube.com/channel/UCDmEHvhDICtSOuHiOQ94LRQ,249,AD;AE;AF;AG;AI;AL;AM;AO;AQ;AR;AS;AT;AU;AW;AX;AZ;BA;BB;BD;BE;BF;BG;BH;BI;BJ;BL;BM;BN;BO;BQ;BR;BS;BT;BV;BW;BY;BZ;CA;CC;CD;CF;CG;CH;CI;CK;CL;CM;CN;CO;CR;CU;CV;CW;CX;CY;CZ;DE;DJ;DK;DM;DO;DZ;EC;EE;EG;EH;ER;ES;ET;FI;FJ;FK;FM;FO;FR;GA;GB;GD;GE;GF;GG;GH;GI;GL;GM;GN;GP;GQ;GR;GS;GT;GU;GW;GY;HK;HM;HN;HR;HT;HU;ID;IE;IL;IM;IN;IO;IQ;IR;IS;IT;JE;JM;JO;JP;KE;KG;KH;KI;KM;KN;KP;KR;KW;KY;KZ;LA;LB;LC;LI;LK;LR;LS;LT;LU;LV;LY;MA;MC;MD;ME;MF;MG;MH;MK;ML;MM;MN;MO;MP;MQ;MR;MS;MT;MU;MV;MW;MX;MY;MZ;NA;NC;NE;NF;NG;NI;NL;NO;NP;NR;NU;NZ;OM;PA;PE;PF;PG;PH;PK;PL;PM;PN;PR;PS;PT;PW;PY;QA;RE;RO;RS;RU;RW;SA;SB;SC;SD;SE;SG;SH;SI;SJ;SK;SL;SM;SN;SO;SR;SS;ST;SV;SX;SY;SZ;TC;TD;TF;TG;TH;TJ;TK;TL;TM;TN;TO;TR;TT;TV;TW;TZ;UA;UG;UM;US;UY;UZ;VA;VC;VE;VG;VI;VN;VU;WF;WS;YE;YT;ZA;ZM;ZW,"Distribution availability, not artist nationality or audience geography.",Galderia; Return of the Cosmic Men; Shining Unity,https://music.youtube.com/watch?v=yZvTzAhRMog,True,False,False,True,False,False,True,True,False,False,OK,True,INDIFFERENT,False,https://i.ytimg.com/vi/yZvTzAhRMog/maxresdefault.jpg,"[{""url"": ""https://yt3.googleusercontent.com/ovkpZK8D94MnvQOiys0QJOIcvCXfwQSpQV1rlSiBlLu0XQDLOO_wb5fXYfSQUKRX4loUiWVE1ZLOrBcXAA=w60-h60-l90-rj"", ""width"": 60, ""height"": 60}, {""url"": ""https://yt3.googleusercontent.com/ovkpZK8D94MnvQOiys0QJOIcvCXfwQSpQV1rlSiBlLu0XQDLOO_wb5fXYfSQUKRX4loUiWVE1ZLOrBcXAA=w120-h120-l90-rj"", ""width"": 120, ""height"": 120}]",,,,YouTube Music internal web API via ytmusicapi; personalized playlist fetched with named auth profile.,24.0,21.666667,5.243553932,cumulative views of the exact recommended YouTube video,175208,5.243553932,Middle,Middle,"Frozen 83-song candidate pool captured 2026-06-29T19:44:09+00:00; Low <=7,505; lower buffer 7,506-19,756; Middle 19,757-243,792; upper buffer 243,793-1,223,809; High >=1,223,810 views.","Use view_count or popularity_log10_view_count for comparisons across users, weeks, and the original playlist. Do not use the within-Discover-Mix rank or percentile for cross-playlist comparisons because those are recalculated separately inside every 30-song mix.",Popularity is for the exact recommended video ID. Report or control video_type because this item is MUSIC_VIDEO_TYPE_ATV; ATV denotes an Art Track and OMV an official music video.
2026-08-04T18:57:58+00:00,user_01,aysima MCT,Discover Mix,RDTMAK5uy_n_5IN6hzAOwdCnM8D8rzrs3vDl12UcZpA,https://music.youtube.com/playlist?list=RDTMAK5uy_n_5IN6hzAOwdCnM8D8rzrs3vDl12UcZpA,,,,47767,"Discover great music, picked just for you. Always updating.",11,EWpnzgzNhxU,https://music.youtube.com/watch?v=EWpnzgzNhxU,https://www.youtube.com/watch?v=EWpnzgzNhxU,Fire & Forgive,Powerwolf,UC9LO_ioQYQay7CrsbacNqBQ,"[{""id"": ""UC9LO_ioQYQay7CrsbacNqBQ"", ""name"": ""Powerwolf"", ""subscribers_display"": ""435K"", ""subscribers_approx"": 435000, ""channel_views"": 318540584, ""description"": ""Powerwolf is a German power metal band founded in 2004 in Saarbrücken by members of Red Aim. The band consists of vocalist Karsten Brill as \""Attila Dorn\"", lead guitarist Benjamin Buss as \""Matthew Greywolf\"", bassist/rhythm guitarist David Vogt as \""Charles Greywolf\"", keyboardist Christian Jost as \""Falk Maria Schlegel\"" and drummer Roel van Helden. The group uses religious themes and images, contrary to traditional power metal music, as well as corpse paint, gothic-tinged compositions and songs about werewolf and vampire legends.\nThey released their debut album, Return in Bloodred, in 2005. Their second album, Lupus Dei, was released in 2007. The band entered the official German charts for the first time in 2009 with their third album, Bible of the Beast. Shortly after its release, their first drummer Stefan Gemballa left the band. He was replaced by Tom Diener, who was replaced in 2011 by Roel van Helden. In the same year, the band released their fourth album, Blood of the Saints. In 2012, Powerwolf signed with Napalm Records and released Preachers of the Night in 2013. It has debuted at No. 1 in Germany.\n\nFrom Wikipedia ("", ""song_shelf_count"": 5, ""album_shelf_count"": 10, ""single_shelf_count"": 10, ""video_shelf_count"": 10, ""lookup_error"": """"}]",UC9LO_ioQYQay7CrsbacNqBQ,Powerwolf,435K,435000,318540584,"Powerwolf is a German power metal band founded in 2004 in Saarbrücken by members of Red Aim. The band consists of vocalist Karsten Brill as ""Attila Dorn"", lead guitarist Benjamin Buss as ""Matthew Greywolf"", bassist/rhythm guitarist David Vogt as ""Charles Greywolf"", keyboardist Christian Jost as ""Falk Maria Schlegel"" and drummer Roel van Helden. The group uses religious themes and images, contrary to traditional power metal music, as well as corpse paint, gothic-tinged compositions and songs about werewolf and vampire legends.
They released their debut album, Return in Bloodred, in 2005. Their second album, Lupus Dei, was released in 2007. The band entered the official German charts for the first time in 2009 with their third album, Bible of the Beast. Shortly after its release, their first drummer Stefan Gemballa left the band. He was replaced by Tom Diener, who was replaced in 2011 by Roel van Helden. In the same year, the band released their fourth album, Blood of the Saints. In 2012, Powerwolf signed with Napalm Records and released Preachers of the Night in 2013. It has debuted at No. 1 in Germany.

From Wikipedia (",5,10,10,10,,,,,,,,,,,4:12,252,MUSIC_VIDEO_TYPE_OMV,935743,,ytmusicapi player response videoDetails.viewCount,,,Not exposed by this YouTube Music endpoint; official YouTube Data API credentials are required.,Music,2021-12-21T03:55:34-08:00,2021-12-21T03:55:34-08:00,Powerwolf Official,UCL25rDdQtKGs2r7a9rbuNYg,http://www.youtube.com/@Powerwolfmetal,249,AD;AE;AF;AG;AI;AL;AM;AO;AQ;AR;AS;AT;AU;AW;AX;AZ;BA;BB;BD;BE;BF;BG;BH;BI;BJ;BL;BM;BN;BO;BQ;BR;BS;BT;BV;BW;BY;BZ;CA;CC;CD;CF;CG;CH;CI;CK;CL;CM;CN;CO;CR;CU;CV;CW;CX;CY;CZ;DE;DJ;DK;DM;DO;DZ;EC;EE;EG;EH;ER;ES;ET;FI;FJ;FK;FM;FO;FR;GA;GB;GD;GE;GF;GG;GH;GI;GL;GM;GN;GP;GQ;GR;GS;GT;GU;GW;GY;HK;HM;HN;HR;HT;HU;ID;IE;IL;IM;IN;IO;IQ;IR;IS;IT;JE;JM;JO;JP;KE;KG;KH;KI;KM;KN;KP;KR;KW;KY;KZ;LA;LB;LC;LI;LK;LR;LS;LT;LU;LV;LY;MA;MC;MD;ME;MF;MG;MH;MK;ML;MM;MN;MO;MP;MQ;MR;MS;MT;MU;MV;MW;MX;MY;MZ;NA;NC;NE;NF;NG;NI;NL;NO;NP;NR;NU;NZ;OM;PA;PE;PF;PG;PH;PK;PL;PM;PN;PR;PS;PT;PW;PY;QA;RE;RO;RS;RU;RW;SA;SB;SC;SD;SE;SG;SH;SI;SJ;SK;SL;SM;SN;SO;SR;SS;ST;SV;SX;SY;SZ;TC;TD;TF;TG;TH;TJ;TK;TL;TM;TN;TO;TR;TT;TV;TW;TZ;UA;UG;UM;US;UY;UZ;VA;VC;VE;VG;VI;VN;VU;WF;WS;YE;YT;ZA;ZM;ZW,"Distribution availability, not artist nationality or audience geography.",,https://music.youtube.com/watch?v=EWpnzgzNhxU,True,False,False,True,False,False,True,True,False,,OK,True,INDIFFERENT,False,https://i.ytimg.com/vi/EWpnzgzNhxU/maxresdefault.jpg,"[{""url"": ""https://i.ytimg.com/vi/EWpnzgzNhxU/hqdefault.jpg?sqp=-oaymwEWCJADEOEBIAQqCggAEOADGC0guwJIWg&rs=AMzJL3lY3vRSTKj0wLm8wHu6prcWHfMdvQ"", ""width"": 400, ""height"": 225}]",,,missing album browse id,YouTube Music internal web API via ytmusicapi; personalized playlist fetched with named auth profile.,15.0,51.666667,5.971156587,cumulative views of the exact recommended YouTube video,935743,5.971156587,Upper buffer,Buffer,"Frozen 83-song candidate pool captured 2026-06-29T19:44:09+00:00; Low <=7,505; lower buffer 7,506-19,756; Middle 19,757-243,792; upper buffer 243,793-1,223,809; High >=1,223,810 views.","Use view_count or popularity_log10_view_count for comparisons across users, weeks, and the original playlist. Do not use the within-Discover-Mix rank or percentile for cross-playlist comparisons because those are recalculated separately inside every 30-song mix.",Popularity is for the exact recommended video ID. Report or control video_type because this item is MUSIC_VIDEO_TYPE_OMV; ATV denotes an Art Track and OMV an official music video.
2026-08-04T18:57:58+00:00,user_01,aysima MCT,Discover Mix,RDTMAK5uy_n_5IN6hzAOwdCnM8D8rzrs3vDl12UcZpA,https://music.youtube.com/playlist?list=RDTMAK5uy_n_5IN6hzAOwdCnM8D8rzrs3vDl12UcZpA,,,,47767,"Discover great music, picked just for you. Always updating.",12,0CpmffNeI24,https://music.youtube.com/watch?v=0CpmffNeI24,https://www.youtube.com/watch?v=0CpmffNeI24,Last Goodbyes,Dreamtale,UCINpaM7CJldbiFRozJCofbw,"[{""id"": ""UCINpaM7CJldbiFRozJCofbw"", ""name"": ""Dreamtale"", ""subscribers_display"": ""6.45K"", ""subscribers_approx"": 6450, ""channel_views"": null, ""description"": null, ""song_shelf_count"": 5, ""album_shelf_count"": 9, ""single_shelf_count"": 9, ""video_shelf_count"": 7, ""lookup_error"": """"}]",UCINpaM7CJldbiFRozJCofbw,Dreamtale,6.45K,6450,,,5,9,9,7,MPREb_n20pwXhKjOr,Everlasting Flame,Album,2022,14,1 hour,3650,OLAK5uy_ncJ-TVdKSDqU5OvfmmRTrTHIZTjhDxyYs,Dreamtale,"Everlasting Flame is the eighth studio album by Finnish power metal band Dreamtale. It was released independently by the band in 2022.
On Suomen virallinen lista, the official Finnish album charts, Everlasting Flame entered at number 27 in week 14 of 2022, but only remained for that one week.
Several lineup changes preceded the release, with six years having passed since the previous Dreamtale album. A single from the album was released, ""The Glory"". ""Sleeping Beauty"" had been a single previously, but was re-recorded for this album, alongside a new version of ""Lady Dragon"" which was originally found on the 2008 Dreamtale album Phoenix.

From Wikipedia (",3:22,202,MUSIC_VIDEO_TYPE_ATV,122102,,ytmusicapi player response videoDetails.viewCount,,,Not exposed by this YouTube Music endpoint; official YouTube Data API credentials are required.,Music,2022-03-31T03:02:12-07:00,2022-03-31T03:02:12-07:00,Dreamtale - Topic,UCINpaM7CJldbiFRozJCofbw,http://www.youtube.com/channel/UCINpaM7CJldbiFRozJCofbw,121,AE;AR;AS;AT;AU;AW;AZ;BA;BD;BE;BG;BH;BM;BO;BR;CA;CH;CL;CO;CR;CY;CZ;DE;DK;DO;DZ;EC;EE;EG;ES;FI;FR;GB;GE;GF;GH;GP;GR;GT;GU;HK;HN;HR;HU;ID;IE;IL;IN;IQ;IS;IT;JM;JO;JP;KE;KH;KR;KW;KY;KZ;LA;LB;LI;LK;LT;LU;LV;LY;MA;MK;MP;MQ;MT;MX;MY;NC;NG;NI;NL;NO;NP;NZ;OM;PA;PE;PF;PG;PH;PK;PL;PR;PT;PY;QA;RE;RO;RS;SA;SE;SG;SI;SK;SN;SV;TC;TH;TN;TR;TW;TZ;UA;UG;US;UY;VE;VI;VN;YE;YT;ZA;ZW,"Distribution availability, not artist nationality or audience geography.",Dreamtale; Akseli Kaasalainen; Nitte Valo; Everlasting Flame; Last Goodbyes,https://music.youtube.com/watch?v=0CpmffNeI24,True,False,False,True,False,False,True,True,False,False,OK,True,INDIFFERENT,False,https://i.ytimg.com/vi/0CpmffNeI24/maxresdefault.jpg,"[{""url"": ""https://yt3.googleusercontent.com/oRA-QPGi_Pb-qbYu7GaV-BS1DYTVtAR8dWcRyUnjJqrl3xT81INGPH_n1yyxq3bw7ZwBrg6cyxZztoo=w60-h60-l90-rj"", ""width"": 60, ""height"": 60}, {""url"": ""https://yt3.googleusercontent.com/oRA-QPGi_Pb-qbYu7GaV-BS1DYTVtAR8dWcRyUnjJqrl3xT81INGPH_n1yyxq3bw7ZwBrg6cyxZztoo=w120-h120-l90-rj"", ""width"": 120, ""height"": 120}]",,,,YouTube Music internal web API via ytmusicapi; personalized playlist fetched with named auth profile.,28.0,8.333333,5.086722778,cumulative views of the exact recommended YouTube video,122102,5.086722778,Middle,Middle,"Frozen 83-song candidate pool captured 2026-06-29T19:44:09+00:00; Low <=7,505; lower buffer 7,506-19,756; Middle 19,757-243,792; upper buffer 243,793-1,223,809; High >=1,223,810 views.","Use view_count or popularity_log10_view_count for comparisons across users, weeks, and the original playlist. Do not use the within-Discover-Mix rank or percentile for cross-playlist comparisons because those are recalculated separately inside every 30-song mix.",Popularity is for the exact recommended video ID. Report or control video_type because this item is MUSIC_VIDEO_TYPE_ATV; ATV denotes an Art Track and OMV an official music video.
2026-08-04T18:57:58+00:00,user_01,aysima MCT,Discover Mix,RDTMAK5uy_n_5IN6hzAOwdCnM8D8rzrs3vDl12UcZpA,https://music.youtube.com/playlist?list=RDTMAK5uy_n_5IN6hzAOwdCnM8D8rzrs3vDl12UcZpA,,,,47767,"Discover great music, picked just for you. Always updating.",13,_KEEWfbC81g,https://music.youtube.com/watch?v=_KEEWfbC81g,https://www.youtube.com/watch?v=_KEEWfbC81g,Battle of Life,Napalm Records,UCG7AaCh_CiG6pq_rRDNw72A,"[{""id"": ""UCG7AaCh_CiG6pq_rRDNw72A"", ""name"": ""Napalm Records"", ""subscribers_display"": """", ""subscribers_approx"": null, ""channel_views"": null, ""description"": """", ""song_shelf_count"": 0, ""album_shelf_count"": 0, ""single_shelf_count"": 0, ""video_shelf_count"": 0, ""lookup_error"": ""'musicImmersiveHeaderRenderer'""}]",UCG7AaCh_CiG6pq_rRDNw72A,Napalm Records,,,,,0,0,0,0,,,,,,,,,,,4:02,242,MUSIC_VIDEO_TYPE_OMV,140996,,ytmusicapi player response videoDetails.viewCount,,,Not exposed by this YouTube Music endpoint; official YouTube Data API credentials are required.,Music,2022-05-11T05:00:16-07:00,2022-05-11T05:00:16-07:00,Napalm Records,UCG7AaCh_CiG6pq_rRDNw72A,http://www.youtube.com/@napalmrecords,249,AD;AE;AF;AG;AI;AL;AM;AO;AQ;AR;AS;AT;AU;AW;AX;AZ;BA;BB;BD;BE;BF;BG;BH;BI;BJ;BL;BM;BN;BO;BQ;BR;BS;BT;BV;BW;BY;BZ;CA;CC;CD;CF;CG;CH;CI;CK;CL;CM;CN;CO;CR;CU;CV;CW;CX;CY;CZ;DE;DJ;DK;DM;DO;DZ;EC;EE;EG;EH;ER;ES;ET;FI;FJ;FK;FM;FO;FR;GA;GB;GD;GE;GF;GG;GH;GI;GL;GM;GN;GP;GQ;GR;GS;GT;GU;GW;GY;HK;HM;HN;HR;HT;HU;ID;IE;IL;IM;IN;IO;IQ;IR;IS;IT;JE;JM;JO;JP;KE;KG;KH;KI;KM;KN;KP;KR;KW;KY;KZ;LA;LB;LC;LI;LK;LR;LS;LT;LU;LV;LY;MA;MC;MD;ME;MF;MG;MH;MK;ML;MM;MN;MO;MP;MQ;MR;MS;MT;MU;MV;MW;MX;MY;MZ;NA;NC;NE;NF;NG;NI;NL;NO;NP;NR;NU;NZ;OM;PA;PE;PF;PG;PH;PK;PL;PM;PN;PR;PS;PT;PW;PY;QA;RE;RO;RS;RU;RW;SA;SB;SC;SD;SE;SG;SH;SI;SJ;SK;SL;SM;SN;SO;SR;SS;ST;SV;SX;SY;SZ;TC;TD;TF;TG;TH;TJ;TK;TL;TM;TN;TO;TR;TT;TV;TW;TZ;UA;UG;UM;US;UY;UZ;VA;VC;VE;VG;VI;VN;VU;WF;WS;YE;YT;ZA;ZM;ZW,"Distribution availability, not artist nationality or audience geography.",napalm records,https://music.youtube.com/watch?v=_KEEWfbC81g,True,False,False,True,False,False,True,True,False,,OK,True,INDIFFERENT,False,https://i.ytimg.com/vi/_KEEWfbC81g/maxresdefault.jpg?sqp=-oaymwEmCIAKENAF8quKqQMa8AEB-AH-CYAC0AWKAgwIABABGGUgVyhTMA8=&rs=AOn4CLA80l_jPIkWDNzhojBgCflqu42VGA,"[{""url"": ""https://i.ytimg.com/vi/_KEEWfbC81g/hqdefault.jpg?sqp=-oaymwEWCJADEOEBIAQqCggAEOADGC0guwJIWg&rs=AMzJL3kM42gjAotHlytm6JbLPSsAvyi6nA"", ""width"": 400, ""height"": 225}]",,'musicImmersiveHeaderRenderer',missing album browse id,YouTube Music internal web API via ytmusicapi; personalized playlist fetched with named auth profile.,27.0,11.666667,5.149206792,cumulative views of the exact recommended YouTube video,140996,5.149206792,Middle,Middle,"Frozen 83-song candidate pool captured 2026-06-29T19:44:09+00:00; Low <=7,505; lower buffer 7,506-19,756; Middle 19,757-243,792; upper buffer 243,793-1,223,809; High >=1,223,810 views.","Use view_count or popularity_log10_view_count for comparisons across users, weeks, and the original playlist. Do not use the within-Discover-Mix rank or percentile for cross-playlist comparisons because those are recalculated separately inside every 30-song mix.",Popularity is for the exact recommended video ID. Report or control video_type because this item is MUSIC_VIDEO_TYPE_OMV; ATV denotes an Art Track and OMV an official music video.
2026-08-04T18:57:58+00:00,user_01,aysima MCT,Discover Mix,RDTMAK5uy_n_5IN6hzAOwdCnM8D8rzrs3vDl12UcZpA,https://music.youtube.com/playlist?list=RDTMAK5uy_n_5IN6hzAOwdCnM8D8rzrs3vDl12UcZpA,,,,47767,"Discover great music, picked just for you. Always updating.",14,-ZwdNxpx0eA,https://music.youtube.com/watch?v=-ZwdNxpx0eA,https://www.youtube.com/watch?v=-ZwdNxpx0eA,Gathering of Souls,Bloodbound,UCMdFBg2b49RBAUr5XZxkArA,"[{""id"": ""UCMdFBg2b49RBAUr5XZxkArA"", ""name"": ""Bloodbound"", ""subscribers_display"": ""18.1K"", ""subscribers_approx"": 18100, ""channel_views"": null, ""description"": null, ""song_shelf_count"": 5, ""album_shelf_count"": 10, ""single_shelf_count"": 10, ""video_shelf_count"": 10, ""lookup_error"": """"}]",UCMdFBg2b49RBAUr5XZxkArA,Bloodbound,18.1K,18100,,,5,10,10,10,MPREb_dDkKeR4o1I4,Creatures of the Dark Realm,Album,2021,12,45 minutes,2716,OLAK5uy_mkRvX-bC0Yfw0LdrEvd2tDWActrIesM9w,Bloodbound,,4:15,255,MUSIC_VIDEO_TYPE_ATV,388519,,ytmusicapi player response videoDetails.viewCount,,,Not exposed by this YouTube Music endpoint; official YouTube Data API credentials are required.,Music,2021-05-27T03:01:05-07:00,2021-05-27T03:01:05-07:00,Bloodbound - Topic,UCMdFBg2b49RBAUr5XZxkArA,http://www.youtube.com/channel/UCMdFBg2b49RBAUr5XZxkArA,248,AD;AE;AF;AG;AI;AL;AM;AO;AQ;AR;AS;AT;AU;AW;AX;AZ;BA;BB;BD;BE;BF;BG;BH;BI;BJ;BL;BM;BN;BO;BQ;BR;BS;BT;BV;BW;BY;BZ;CA;CC;CD;CF;CG;CH;CI;CK;CL;CM;CN;CO;CR;CU;CV;CW;CX;CY;CZ;DE;DJ;DK;DM;DO;DZ;EC;EE;EG;EH;ER;ES;ET;FI;FJ;FK;FM;FO;FR;GA;GB;GD;GE;GF;GG;GH;GI;GL;GM;GN;GP;GQ;GR;GS;GT;GU;GW;GY;HK;HM;HN;HR;HT;HU;ID;IE;IL;IM;IN;IO;IQ;IR;IS;IT;JE;JM;JO;KE;KG;KH;KI;KM;KN;KP;KR;KW;KY;KZ;LA;LB;LC;LI;LK;LR;LS;LT;LU;LV;LY;MA;MC;MD;ME;MF;MG;MH;MK;ML;MM;MN;MO;MP;MQ;MR;MS;MT;MU;MV;MW;MX;MY;MZ;NA;NC;NE;NF;NG;NI;NL;NO;NP;NR;NU;NZ;OM;PA;PE;PF;PG;PH;PK;PL;PM;PN;PR;PS;PT;PW;PY;QA;RE;RO;RS;RU;RW;SA;SB;SC;SD;SE;SG;SH;SI;SJ;SK;SL;SM;SN;SO;SR;SS;ST;SV;SX;SY;SZ;TC;TD;TF;TG;TH;TJ;TK;TL;TM;TN;TO;TR;TT;TV;TW;TZ;UA;UG;UM;US;UY;UZ;VA;VC;VE;VG;VI;VN;VU;WF;WS;YE;YT;ZA;ZM;ZW,"Distribution availability, not artist nationality or audience geography.",Bloodbound; Creatures of the Dark Realm; Gathering of Souls,https://music.youtube.com/watch?v=-ZwdNxpx0eA,True,False,False,True,False,False,True,True,False,False,OK,True,INDIFFERENT,False,https://i.ytimg.com/vi/-ZwdNxpx0eA/maxresdefault.jpg,"[{""url"": ""https://yt3.googleusercontent.com/kBvhxEPl6CvCmxcEZTCSPBlRDDvTqY1dtsKSybkprObqgZTE4tDTbIBFbBRjUt-DQyNMGsCRDbtRfepy=w60-h60-l90-rj"", ""width"": 60, ""height"": 60}, {""url"": ""https://yt3.googleusercontent.com/kBvhxEPl6CvCmxcEZTCSPBlRDDvTqY1dtsKSybkprObqgZTE4tDTbIBFbBRjUt-DQyNMGsCRDbtRfepy=w120-h120-l90-rj"", ""width"": 120, ""height"": 120}]",,,,YouTube Music internal web API via ytmusicapi; personalized playlist fetched with named auth profile.,21.0,31.666667,5.589412262,cumulative views of the exact recommended YouTube video,388519,5.589412262,Upper buffer,Buffer,"Frozen 83-song candidate pool captured 2026-06-29T19:44:09+00:00; Low <=7,505; lower buffer 7,506-19,756; Middle 19,757-243,792; upper buffer 243,793-1,223,809; High >=1,223,810 views.","Use view_count or popularity_log10_view_count for comparisons across users, weeks, and the original playlist. Do not use the within-Discover-Mix rank or percentile for cross-playlist comparisons because those are recalculated separately inside every 30-song mix.",Popularity is for the exact recommended video ID. Report or control video_type because this item is MUSIC_VIDEO_TYPE_ATV; ATV denotes an Art Track and OMV an official music video.
2026-08-04T18:57:58+00:00,user_01,aysima MCT,Discover Mix,RDTMAK5uy_n_5IN6hzAOwdCnM8D8rzrs3vDl12UcZpA,https://music.youtube.com/playlist?list=RDTMAK5uy_n_5IN6hzAOwdCnM8D8rzrs3vDl12UcZpA,,,,47767,"Discover great music, picked just for you. Always updating.",15,46Vs9Mujes0,https://music.youtube.com/watch?v=46Vs9Mujes0,https://www.youtube.com/watch?v=46Vs9Mujes0,Sport Motivation,OdinMann,UCfRjE2cTtjYDOO6uLjJh4BA,"[{""id"": ""UCfRjE2cTtjYDOO6uLjJh4BA"", ""name"": ""OdinMann"", ""subscribers_display"": ""13.5K"", ""subscribers_approx"": 13500, ""channel_views"": null, ""description"": null, ""song_shelf_count"": 5, ""album_shelf_count"": 4, ""single_shelf_count"": 10, ""video_shelf_count"": 10, ""lookup_error"": """"}]",UCfRjE2cTtjYDOO6uLjJh4BA,OdinMann,13.5K,13500,,,5,4,10,10,MPREb_21rW08qHfHp,Sport Motivation,Single,2023,1,"3 minutes, 44 seconds",224,OLAK5uy_kJJOlmlKrjr7ruWkppwBSTl20wSwuWgBk,OdinMann,,3:44,224,MUSIC_VIDEO_TYPE_ATV,7235734,,ytmusicapi player response videoDetails.viewCount,,,Not exposed by this YouTube Music endpoint; official YouTube Data API credentials are required.,Music,2023-02-09T04:41:22-08:00,2023-02-09T04:41:22-08:00,OdinMann - Topic,UCfRjE2cTtjYDOO6uLjJh4BA,http://www.youtube.com/channel/UCfRjE2cTtjYDOO6uLjJh4BA,123,AE;AR;AS;AT;AU;AW;AZ;BA;BD;BE;BG;BH;BM;BO;BR;BY;CA;CH;CL;CO;CR;CY;CZ;DE;DK;DO;DZ;EC;EE;EG;ES;FI;FR;GB;GE;GF;GH;GP;GR;GT;GU;HK;HN;HR;HU;ID;IE;IL;IN;IQ;IS;IT;JM;JO;JP;KE;KH;KR;KW;KY;KZ;LA;LB;LI;LK;LT;LU;LV;LY;MA;MK;MP;MQ;MT;MX;MY;NC;NG;NI;NL;NO;NP;NZ;OM;PA;PE;PF;PG;PH;PK;PL;PR;PT;PY;QA;RE;RO;RS;RU;SA;SE;SG;SI;SK;SN;SV;TC;TH;TN;TR;TW;TZ;UA;UG;US;UY;VE;VI;VN;YE;YT;ZA;ZW,"Distribution availability, not artist nationality or audience geography.",OdinMann; Sport Motivation,https://music.youtube.com/watch?v=46Vs9Mujes0,True,False,False,True,False,False,True,True,False,False,OK,True,INDIFFERENT,False,https://i.ytimg.com/vi/46Vs9Mujes0/maxresdefault.jpg,"[{""url"": ""https://yt3.googleusercontent.com/kR7ItkwCGHP9yxeY2wqYeiely-CBQby2PCUbE8T5V0B7y1BIV7A1DQbYWBn6gV9G__MXFUC1H28Ruks=w60-h60-l90-rj"", ""width"": 60, ""height"": 60}, {""url"": ""https://yt3.googleusercontent.com/kR7ItkwCGHP9yxeY2wqYeiely-CBQby2PCUbE8T5V0B7y1BIV7A1DQbYWBn6gV9G__MXFUC1H28Ruks=w120-h120-l90-rj"", ""width"": 120, ""height"": 120}]",,,,YouTube Music internal web API via ytmusicapi; personalized playlist fetched with named auth profile.,6.0,81.666667,6.859482593,cumulative views of the exact recommended YouTube video,7235734,6.859482593,High,High,"Frozen 83-song candidate pool captured 2026-06-29T19:44:09+00:00; Low <=7,505; lower buffer 7,506-19,756; Middle 19,757-243,792; upper buffer 243,793-1,223,809; High >=1,223,810 views.","Use view_count or popularity_log10_view_count for comparisons across users, weeks, and the original playlist. Do not use the within-Discover-Mix rank or percentile for cross-playlist comparisons because those are recalculated separately inside every 30-song mix.",Popularity is for the exact recommended video ID. Report or control video_type because this item is MUSIC_VIDEO_TYPE_ATV; ATV denotes an Art Track and OMV an official music video.
2026-08-04T18:57:58+00:00,user_01,aysima MCT,Discover Mix,RDTMAK5uy_n_5IN6hzAOwdCnM8D8rzrs3vDl12UcZpA,https://music.youtube.com/playlist?list=RDTMAK5uy_n_5IN6hzAOwdCnM8D8rzrs3vDl12UcZpA,,,,47767,"Discover great music, picked just for you. Always updating.",16,vCqK2xAbWcU,https://music.youtube.com/watch?v=vCqK2xAbWcU,https://www.youtube.com/watch?v=vCqK2xAbWcU,Blackout,Scorpions,UCL_jrFsNj-2iC9Obf5M8_uw,"[{""id"": ""UCL_jrFsNj-2iC9Obf5M8_uw"", ""name"": ""Scorpions"", ""subscribers_display"": ""5.63M"", ""subscribers_approx"": 5630000, ""channel_views"": 4734543197, ""description"": ""The Scorpions are a German hard rock/heavy metal band formed in Hanover in 1965 by guitarist Rudolf Schenker. The longest-running and most successful line-up of the band included Schenker, Klaus Meine, Matthias Jabs, Francis Buchholz, and Herman Rarebell, and lasted from 1978 to 1992. The band's only continuous member has been Schenker, although Meine has been with the band continuously since 1969, while Jabs has been a consistent member since 1978 and bassist Paweł Mąciwoda and drummer Mikkey Dee have been in the band since 2003 and 2016, respectively.\nThe band's debut album, Lonesome Crow, featured Schenker's younger brother Michael on lead guitar, before he departed to join UFO. He was replaced by Uli Jon Roth, who played with the band on their next four studio albums, Fly to the Rainbow, In Trance, Virgin Killer and Taken by Force, and their first live album Tokyo Tapes. Following Roth's departure, the band recruited Matthias Jabs and began moving towards a more melodic rock style on their sixth studio album Lovedrive, which also saw the Scorpions reunite briefly with Michael Schenker before he left again to begin a solo career.\n\nFrom Wikipedia ("", ""song_shelf_count"": 5, ""album_shelf_count"": 10, ""single_shelf_count"": 10, ""video_shelf_count"": 10, ""lookup_error"": """"}]",UCL_jrFsNj-2iC9Obf5M8_uw,Scorpions,5.63M,5630000,4734543197,"The Scorpions are a German hard rock/heavy metal band formed in Hanover in 1965 by guitarist Rudolf Schenker. The longest-running and most successful line-up of the band included Schenker, Klaus Meine, Matthias Jabs, Francis Buchholz, and Herman Rarebell, and lasted from 1978 to 1992. The band's only continuous member has been Schenker, although Meine has been with the band continuously since 1969, while Jabs has been a consistent member since 1978 and bassist Paweł Mąciwoda and drummer Mikkey Dee have been in the band since 2003 and 2016, respectively.
The band's debut album, Lonesome Crow, featured Schenker's younger brother Michael on lead guitar, before he departed to join UFO. He was replaced by Uli Jon Roth, who played with the band on their next four studio albums, Fly to the Rainbow, In Trance, Virgin Killer and Taken by Force, and their first live album Tokyo Tapes. Following Roth's departure, the band recruited Matthias Jabs and began moving towards a more melodic rock style on their sixth studio album Lovedrive, which also saw the Scorpions reunite briefly with Michael Schenker before he left again to begin a solo career.

From Wikipedia (",5,10,10,10,MPREb_Iftzj2brHoe,Comeblack,Album,2011,13,54 minutes,3251,OLAK5uy_ljcT2QkY5-kaIn7KD2zMbBA6KS5VpWgu4,Scorpions,"Comeblack is a compilation of songs recorded by German hard rock band Scorpions; and is intended as a comeback album, following their farewell tour. Released after the successful 2010's Sting in the Tail, half of the album features re-recorded versions of their own classic songs and the other half cover versions of 1960s and early 1970s popular rock songs. It was announced on 3 October 2011, with a planned global release date of 4 November and a US release on 24 January 2012. Comeblack was also released for streaming online by AOL Music on 23 January 2012. The album was released by Sony Music Entertainment and available in both CD and vinyl formats.
During its first week on sale in the US, Comeblack sold about 5,000 copies, debuting at number 90 on the Billboard 200 chart.
A review of Comeblack by AllMusic rated the album three out of five stars, noting that the re-recorded songs sounded ""bigger than their '80s counterparts,"" and saying that among the covers, ""Children of the Revolution"" and ""Tainted Love"" stood out.

From Wikipedia (",3:49,229,MUSIC_VIDEO_TYPE_ATV,540187,,ytmusicapi player response videoDetails.viewCount,,,Not exposed by this YouTube Music endpoint; official YouTube Data API credentials are required.,Music,2015-10-05T22:35:50-07:00,2015-10-05T22:35:50-07:00,Scorpions - Topic,UCL_jrFsNj-2iC9Obf5M8_uw,http://www.youtube.com/channel/UCL_jrFsNj-2iC9Obf5M8_uw,123,AE;AR;AS;AT;AU;AW;AZ;BA;BD;BE;BG;BH;BM;BO;BR;BY;CA;CH;CL;CO;CR;CY;CZ;DE;DK;DO;DZ;EC;EE;EG;ES;FI;FR;GB;GE;GF;GH;GP;GR;GT;GU;HK;HN;HR;HU;ID;IE;IL;IN;IQ;IS;IT;JM;JO;JP;KE;KH;KR;KW;KY;KZ;LA;LB;LI;LK;LT;LU;LV;LY;MA;MK;MP;MQ;MT;MX;MY;NC;NG;NI;NL;NO;NP;NZ;OM;PA;PE;PF;PG;PH;PK;PL;PR;PT;PY;QA;RE;RO;RS;RU;SA;SE;SG;SI;SK;SN;SV;TC;TH;TN;TR;TW;TZ;UA;UG;US;UY;VE;VI;VN;YE;YT;ZA;ZW,"Distribution availability, not artist nationality or audience geography.",Scorpions; スコーピオンズ; 天蠍合唱團; Comeblack; Blackout,https://music.youtube.com/watch?v=vCqK2xAbWcU,True,False,False,True,False,False,True,True,False,False,OK,True,INDIFFERENT,False,https://i.ytimg.com/vi/vCqK2xAbWcU/maxresdefault.jpg,"[{""url"": ""https://yt3.googleusercontent.com/FctV4htvNM718K8fJqbG21Ohky-2daA-ZrcMvdLYAov-fdewflEUDSH_hKzbL4HMZdQXTrD0ejZSNPM=w60-h60-s-l90-rj"", ""width"": 60, ""height"": 60}, {""url"": ""https://yt3.googleusercontent.com/FctV4htvNM718K8fJqbG21Ohky-2daA-ZrcMvdLYAov-fdewflEUDSH_hKzbL4HMZdQXTrD0ejZSNPM=w120-h120-s-l90-rj"", ""width"": 120, ""height"": 120}]",,,,YouTube Music internal web API via ytmusicapi; personalized playlist fetched with named auth profile.,20.0,35.0,5.732544128,cumulative views of the exact recommended YouTube video,540187,5.732544128,Upper buffer,Buffer,"Frozen 83-song candidate pool captured 2026-06-29T19:44:09+00:00; Low <=7,505; lower buffer 7,506-19,756; Middle 19,757-243,792; upper buffer 243,793-1,223,809; High >=1,223,810 views.","Use view_count or popularity_log10_view_count for comparisons across users, weeks, and the original playlist. Do not use the within-Discover-Mix rank or percentile for cross-playlist comparisons because those are recalculated separately inside every 30-song mix.",Popularity is for the exact recommended video ID. Report or control video_type because this item is MUSIC_VIDEO_TYPE_ATV; ATV denotes an Art Track and OMV an official music video.
2026-08-04T18:57:58+00:00,user_01,aysima MCT,Discover Mix,RDTMAK5uy_n_5IN6hzAOwdCnM8D8rzrs3vDl12UcZpA,https://music.youtube.com/playlist?list=RDTMAK5uy_n_5IN6hzAOwdCnM8D8rzrs3vDl12UcZpA,,,,47767,"Discover great music, picked just for you. Always updating.",17,NN7eGh86-WQ,https://music.youtube.com/watch?v=NN7eGh86-WQ,https://www.youtube.com/watch?v=NN7eGh86-WQ,Legion of the Seas,Visions of Atlantis,UCjUfzvqaP7gHrvWYrX9WQbQ,"[{""id"": ""UCjUfzvqaP7gHrvWYrX9WQbQ"", ""name"": ""Visions of Atlantis"", ""subscribers_display"": ""41.1K"", ""subscribers_approx"": 41100, ""channel_views"": 17515614, ""description"": ""We have the power in our hands to go on our own adventures, to face the perils and defeat. We have the confidence to take risks, to trust the universe, to demand and to let go. We don’t remain in our comfort zone. Each challenge makes us stronger, each mistake helps us learn. We always move forward, we go harder, stronger, we do better. Every time. The power is ours, to rule our lives and fate, to choose the best for ourselves."", ""song_shelf_count"": 5, ""album_shelf_count"": 10, ""single_shelf_count"": 10, ""video_shelf_count"": 10, ""lookup_error"": """"}]",UCjUfzvqaP7gHrvWYrX9WQbQ,Visions of Atlantis,41.1K,41100,17515614,"We have the power in our hands to go on our own adventures, to face the perils and defeat. We have the confidence to take risks, to trust the universe, to demand and to let go. We don’t remain in our comfort zone. Each challenge makes us stronger, each mistake helps us learn. We always move forward, we go harder, stronger, we do better. Every time. The power is ours, to rule our lives and fate, to choose the best for ourselves.",5,10,10,10,,,,,,,,,,,4:58,298,MUSIC_VIDEO_TYPE_OMV,2673763,,ytmusicapi player response videoDetails.viewCount,,,Not exposed by this YouTube Music endpoint; official YouTube Data API credentials are required.,Music,2022-03-07T07:00:10-08:00,2022-03-07T07:00:10-08:00,Napalm Records,UCG7AaCh_CiG6pq_rRDNw72A,http://www.youtube.com/@napalmrecords,249,AD;AE;AF;AG;AI;AL;AM;AO;AQ;AR;AS;AT;AU;AW;AX;AZ;BA;BB;BD;BE;BF;BG;BH;BI;BJ;BL;BM;BN;BO;BQ;BR;BS;BT;BV;BW;BY;BZ;CA;CC;CD;CF;CG;CH;CI;CK;CL;CM;CN;CO;CR;CU;CV;CW;CX;CY;CZ;DE;DJ;DK;DM;DO;DZ;EC;EE;EG;EH;ER;ES;ET;FI;FJ;FK;FM;FO;FR;GA;GB;GD;GE;GF;GG;GH;GI;GL;GM;GN;GP;GQ;GR;GS;GT;GU;GW;GY;HK;HM;HN;HR;HT;HU;ID;IE;IL;IM;IN;IO;IQ;IR;IS;IT;JE;JM;JO;JP;KE;KG;KH;KI;KM;KN;KP;KR;KW;KY;KZ;LA;LB;LC;LI;LK;LR;LS;LT;LU;LV;LY;MA;MC;MD;ME;MF;MG;MH;MK;ML;MM;MN;MO;MP;MQ;MR;MS;MT;MU;MV;MW;MX;MY;MZ;NA;NC;NE;NF;NG;NI;NL;NO;NP;NR;NU;NZ;OM;PA;PE;PF;PG;PH;PK;PL;PM;PN;PR;PS;PT;PW;PY;QA;RE;RO;RS;RU;RW;SA;SB;SC;SD;SE;SG;SH;SI;SJ;SK;SL;SM;SN;SO;SR;SS;ST;SV;SX;SY;SZ;TC;TD;TF;TG;TH;TJ;TK;TL;TM;TN;TO;TR;TT;TV;TW;TZ;UA;UG;UM;US;UY;UZ;VA;VC;VE;VG;VI;VN;VU;WF;WS;YE;YT;ZA;ZM;ZW,"Distribution availability, not artist nationality or audience geography.",napalm records,https://music.youtube.com/watch?v=NN7eGh86-WQ,True,False,False,True,False,False,True,True,False,,OK,True,INDIFFERENT,False,https://i.ytimg.com/vi/NN7eGh86-WQ/maxresdefault.jpg,"[{""url"": ""https://i.ytimg.com/vi/NN7eGh86-WQ/hqdefault.jpg?sqp=-oaymwEWCJADEOEBIAQqCggAEOADGC0guwJIWg&rs=AMzJL3l4gNcT4WmLSDmb4efu-kJy2R-Zog"", ""width"": 400, ""height"": 225}]",,,missing album browse id,YouTube Music internal web API via ytmusicapi; personalized playlist fetched with named auth profile.,10.0,68.333333,6.427122909,cumulative views of the exact recommended YouTube video,2673763,6.427122909,High,High,"Frozen 83-song candidate pool captured 2026-06-29T19:44:09+00:00; Low <=7,505; lower buffer 7,506-19,756; Middle 19,757-243,792; upper buffer 243,793-1,223,809; High >=1,223,810 views.","Use view_count or popularity_log10_view_count for comparisons across users, weeks, and the original playlist. Do not use the within-Discover-Mix rank or percentile for cross-playlist comparisons because those are recalculated separately inside every 30-song mix.",Popularity is for the exact recommended video ID. Report or control video_type because this item is MUSIC_VIDEO_TYPE_OMV; ATV denotes an Art Track and OMV an official music video.
2026-08-04T18:57:58+00:00,user_01,aysima MCT,Discover Mix,RDTMAK5uy_n_5IN6hzAOwdCnM8D8rzrs3vDl12UcZpA,https://music.youtube.com/playlist?list=RDTMAK5uy_n_5IN6hzAOwdCnM8D8rzrs3vDl12UcZpA,,,,47767,"Discover great music, picked just for you. Always updating.",18,zhwJBgw6gDo,https://music.youtube.com/watch?v=zhwJBgw6gDo,https://www.youtube.com/watch?v=zhwJBgw6gDo,W.A.S.P.  Wild Child 1985 Official Music Video,W.A.S.P.,UCctxEm07OfzGTFp9DftBeyg,"[{""id"": ""UCctxEm07OfzGTFp9DftBeyg"", ""name"": ""W.A.S.P."", ""subscribers_display"": ""150K"", ""subscribers_approx"": 150000, ""channel_views"": 138549899, ""description"": ""W.A.S.P. is an American heavy metal band formed in Los Angeles, California in 1982. The band is considered to be an integral part of the early Sunset Strip scene of hard rock and glam metal, and they became recognized for their shock rock-themed image, lyrics, and live performances. The band has sold over 12 million records worldwide, with their first two full-length studio albums, W.A.S.P. and The Last Command, being certified as gold by the RIAA.\nW.A.S.P. was a target in the mid-1980s by the Parents Music Resource Center, an organization that pushed for warning labels on recorded music. The band immortalized its fight with the PMRC on the song \""Harder, Faster\"" from their 1987 live album, Live... in the Raw. Their most popular songs include \""Animal\"", \""I Wanna Be Somebody\"", \""L.O.V.E. Machine\"", \""Wild Child\"", \""Blind in Texas\"", \""Forever Free\"", \""The Headless Children\"", \""Chainsaw Charlie\"" and \""The Idol\"", as well as their cover versions of Ray Charles' \""I Don't Need No Doctor\"" and The Who's \""The Real Me\"". The band's most recent studio album, Golgotha, was released in 2015 and they are currently working on new material.\n\nFrom Wikipedia ("", ""song_shelf_count"": 5, ""album_shelf_count"": 10, ""single_shelf_count"": 3, ""video_shelf_count"": 10, ""lookup_error"": """"}]",UCctxEm07OfzGTFp9DftBeyg,W.A.S.P.,150K,150000,138549899,"W.A.S.P. is an American heavy metal band formed in Los Angeles, California in 1982. The band is considered to be an integral part of the early Sunset Strip scene of hard rock and glam metal, and they became recognized for their shock rock-themed image, lyrics, and live performances. The band has sold over 12 million records worldwide, with their first two full-length studio albums, W.A.S.P. and The Last Command, being certified as gold by the RIAA.
W.A.S.P. was a target in the mid-1980s by the Parents Music Resource Center, an organization that pushed for warning labels on recorded music. The band immortalized its fight with the PMRC on the song ""Harder, Faster"" from their 1987 live album, Live... in the Raw. Their most popular songs include ""Animal"", ""I Wanna Be Somebody"", ""L.O.V.E. Machine"", ""Wild Child"", ""Blind in Texas"", ""Forever Free"", ""The Headless Children"", ""Chainsaw Charlie"" and ""The Idol"", as well as their cover versions of Ray Charles' ""I Don't Need No Doctor"" and The Who's ""The Real Me"". The band's most recent studio album, Golgotha, was released in 2015 and they are currently working on new material.

From Wikipedia (",5,10,3,10,,,,,,,,,,,4:09,249,MUSIC_VIDEO_TYPE_OMV,8541102,,ytmusicapi player response videoDetails.viewCount,,,Not exposed by this YouTube Music endpoint; official YouTube Data API credentials are required.,People & Blogs,2021-11-05T09:33:14-07:00,2021-11-05T09:33:14-07:00,WASP Nation,UCDgsAjjCOfP788pAYA0dgDQ,http://www.youtube.com/@WASPNationOfficial,249,AD;AE;AF;AG;AI;AL;AM;AO;AQ;AR;AS;AT;AU;AW;AX;AZ;BA;BB;BD;BE;BF;BG;BH;BI;BJ;BL;BM;BN;BO;BQ;BR;BS;BT;BV;BW;BY;BZ;CA;CC;CD;CF;CG;CH;CI;CK;CL;CM;CN;CO;CR;CU;CV;CW;CX;CY;CZ;DE;DJ;DK;DM;DO;DZ;EC;EE;EG;EH;ER;ES;ET;FI;FJ;FK;FM;FO;FR;GA;GB;GD;GE;GF;GG;GH;GI;GL;GM;GN;GP;GQ;GR;GS;GT;GU;GW;GY;HK;HM;HN;HR;HT;HU;ID;IE;IL;IM;IN;IO;IQ;IR;IS;IT;JE;JM;JO;JP;KE;KG;KH;KI;KM;KN;KP;KR;KW;KY;KZ;LA;LB;LC;LI;LK;LR;LS;LT;LU;LV;LY;MA;MC;MD;ME;MF;MG;MH;MK;ML;MM;MN;MO;MP;MQ;MR;MS;MT;MU;MV;MW;MX;MY;MZ;NA;NC;NE;NF;NG;NI;NL;NO;NP;NR;NU;NZ;OM;PA;PE;PF;PG;PH;PK;PL;PM;PN;PR;PS;PT;PW;PY;QA;RE;RO;RS;RU;RW;SA;SB;SC;SD;SE;SG;SH;SI;SJ;SK;SL;SM;SN;SO;SR;SS;ST;SV;SX;SY;SZ;TC;TD;TF;TG;TH;TJ;TK;TL;TM;TN;TO;TR;TT;TV;TW;TZ;UA;UG;UM;US;UY;UZ;VA;VC;VE;VG;VI;VN;VU;WF;WS;YE;YT;ZA;ZM;ZW,"Distribution availability, not artist nationality or audience geography.",,https://music.youtube.com/watch?v=zhwJBgw6gDo,True,False,False,True,False,False,True,True,False,,OK,True,INDIFFERENT,False,https://i.ytimg.com/vi/zhwJBgw6gDo/hqdefault.jpg?sqp=-oaymwEmCOADEOgC8quKqQMa8AEB-AH-BIAC4AOKAgwIABABGHIgSigwMA8=&rs=AOn4CLAJ7Pz5EUISZrO1Il3S3eIB67EayA,"[{""url"": ""https://i.ytimg.com/vi/zhwJBgw6gDo/hqdefault.jpg?sqp=-oaymwEWCJADEOEBIAQqCggAEOADGC0guwJIWg&rs=AMzJL3ldY4Py5SWZ-D9l2wfUWDR1PYqYVw"", ""width"": 400, ""height"": 225}]",,,missing album browse id,YouTube Music internal web API via ytmusicapi; personalized playlist fetched with named auth profile.,5.0,85.0,6.931513908,cumulative views of the exact recommended YouTube video,8541102,6.931513908,High,High,"Frozen 83-song candidate pool captured 2026-06-29T19:44:09+00:00; Low <=7,505; lower buffer 7,506-19,756; Middle 19,757-243,792; upper buffer 243,793-1,223,809; High >=1,223,810 views.","Use view_count or popularity_log10_view_count for comparisons across users, weeks, and the original playlist. Do not use the within-Discover-Mix rank or percentile for cross-playlist comparisons because those are recalculated separately inside every 30-song mix.",Popularity is for the exact recommended video ID. Report or control video_type because this item is MUSIC_VIDEO_TYPE_OMV; ATV denotes an Art Track and OMV an official music video.
2026-08-04T18:57:58+00:00,user_01,aysima MCT,Discover Mix,RDTMAK5uy_n_5IN6hzAOwdCnM8D8rzrs3vDl12UcZpA,https://music.youtube.com/playlist?list=RDTMAK5uy_n_5IN6hzAOwdCnM8D8rzrs3vDl12UcZpA,,,,47767,"Discover great music, picked just for you. Always updating.",19,VAxUOliJ8tE,https://music.youtube.com/watch?v=VAxUOliJ8tE,https://www.youtube.com/watch?v=VAxUOliJ8tE,Dawn of the Dragonstar,Twilight Force,UCah1jdLzh3l8_XSVxeKtXgA,"[{""id"": ""UCah1jdLzh3l8_XSVxeKtXgA"", ""name"": ""Twilight Force"", ""subscribers_display"": ""22K"", ""subscribers_approx"": 22000, ""channel_views"": 7881101, ""description"": ""Twilight Force has become both a staple and a guiding light in symphonic power metal; revitalizing the genre and pushing it to new, cinematic heights with their signature blend of fantasy storytelling and virtuosic performances.\nThe legend of Twilight Force began to form in the year 2007 of the Human Era. It was the result of a yearning to bring back the golden age of Epic Symphonic Power Metal. But Twilight Force soon became an entity of its own, evolving and elevating the genre to new heights and sounds. By fusing majestic and memorable melodies with rich orchestral arrangements and swift performances, Twilight Force creates an intense and immersive experience, transporting the listener to a magic realm filled with wonder, heroic tales, and mesmerising tales from the mythical world known as The Twilight Kingdoms."", ""song_shelf_count"": 5, ""album_shelf_count"": 5, ""single_shelf_count"": 8, ""video_shelf_count"": 10, ""lookup_error"": """"}]",UCah1jdLzh3l8_XSVxeKtXgA,Twilight Force,22K,22000,7881101,"Twilight Force has become both a staple and a guiding light in symphonic power metal; revitalizing the genre and pushing it to new, cinematic heights with their signature blend of fantasy storytelling and virtuosic performances.
The legend of Twilight Force began to form in the year 2007 of the Human Era. It was the result of a yearning to bring back the golden age of Epic Symphonic Power Metal. But Twilight Force soon became an entity of its own, evolving and elevating the genre to new heights and sounds. By fusing majestic and memorable melodies with rich orchestral arrangements and swift performances, Twilight Force creates an intense and immersive experience, transporting the listener to a magic realm filled with wonder, heroic tales, and mesmerising tales from the mythical world known as The Twilight Kingdoms.",5,5,8,10,MPREb_2Ee8KCBMCSz,Dawn of the Dragonstar,Album,2019,14,"1 hour, 18 minutes",4711,OLAK5uy_kt-i3LaffHl5BzUMVrw2Utb11LP5XNAoU,Twilight Force,"Dawn of the Dragonstar is the third studio album by Swedish symphonic power metal band Twilight Force. It was released on 16 August 2019. It is the band's second album with Nuclear Blast Records, the first to feature vocalist Allyon, and the last to feature drummer Daniel Sjögren as De'Azsh. On 7 June 2019, the band revealed the first single from the album, ""Night of Winterlight"".

From Wikipedia (",3:38,218,MUSIC_VIDEO_TYPE_ATV,762693,,ytmusicapi player response videoDetails.viewCount,,,Not exposed by this YouTube Music endpoint; official YouTube Data API credentials are required.,Music,2019-08-15T03:03:32-07:00,2019-08-15T03:03:32-07:00,Twilight Force - Topic,UCah1jdLzh3l8_XSVxeKtXgA,http://www.youtube.com/channel/UCah1jdLzh3l8_XSVxeKtXgA,249,AD;AE;AF;AG;AI;AL;AM;AO;AQ;AR;AS;AT;AU;AW;AX;AZ;BA;BB;BD;BE;BF;BG;BH;BI;BJ;BL;BM;BN;BO;BQ;BR;BS;BT;BV;BW;BY;BZ;CA;CC;CD;CF;CG;CH;CI;CK;CL;CM;CN;CO;CR;CU;CV;CW;CX;CY;CZ;DE;DJ;DK;DM;DO;DZ;EC;EE;EG;EH;ER;ES;ET;FI;FJ;FK;FM;FO;FR;GA;GB;GD;GE;GF;GG;GH;GI;GL;GM;GN;GP;GQ;GR;GS;GT;GU;GW;GY;HK;HM;HN;HR;HT;HU;ID;IE;IL;IM;IN;IO;IQ;IR;IS;IT;JE;JM;JO;JP;KE;KG;KH;KI;KM;KN;KP;KR;KW;KY;KZ;LA;LB;LC;LI;LK;LR;LS;LT;LU;LV;LY;MA;MC;MD;ME;MF;MG;MH;MK;ML;MM;MN;MO;MP;MQ;MR;MS;MT;MU;MV;MW;MX;MY;MZ;NA;NC;NE;NF;NG;NI;NL;NO;NP;NR;NU;NZ;OM;PA;PE;PF;PG;PH;PK;PL;PM;PN;PR;PS;PT;PW;PY;QA;RE;RO;RS;RU;RW;SA;SB;SC;SD;SE;SG;SH;SI;SJ;SK;SL;SM;SN;SO;SR;SS;ST;SV;SX;SY;SZ;TC;TD;TF;TG;TH;TJ;TK;TL;TM;TN;TO;TR;TT;TV;TW;TZ;UA;UG;UM;US;UY;UZ;VA;VC;VE;VG;VI;VN;VU;WF;WS;YE;YT;ZA;ZM;ZW,"Distribution availability, not artist nationality or audience geography.",Twilight Force; Dawn of the Dragonstar,https://music.youtube.com/watch?v=VAxUOliJ8tE,True,False,False,True,False,False,True,True,False,False,OK,True,INDIFFERENT,False,https://i.ytimg.com/vi/VAxUOliJ8tE/maxresdefault.jpg,"[{""url"": ""https://yt3.googleusercontent.com/r6kBtePjPS38SKdpBBxPda4_UgdN94sr32OAJgAatrZiIG0QyJ3IO-tRtKp1nnJjjbFA2k73J33tQ-U=w60-h60-l90-rj"", ""width"": 60, ""height"": 60}, {""url"": ""https://yt3.googleusercontent.com/r6kBtePjPS38SKdpBBxPda4_UgdN94sr32OAJgAatrZiIG0QyJ3IO-tRtKp1nnJjjbFA2k73J33tQ-U=w120-h120-l90-rj"", ""width"": 120, ""height"": 120}]",,,,YouTube Music internal web API via ytmusicapi; personalized playlist fetched with named auth profile.,17.0,45.0,5.88234976,cumulative views of the exact recommended YouTube video,762693,5.88234976,Upper buffer,Buffer,"Frozen 83-song candidate pool captured 2026-06-29T19:44:09+00:00; Low <=7,505; lower buffer 7,506-19,756; Middle 19,757-243,792; upper buffer 243,793-1,223,809; High >=1,223,810 views.","Use view_count or popularity_log10_view_count for comparisons across users, weeks, and the original playlist. Do not use the within-Discover-Mix rank or percentile for cross-playlist comparisons because those are recalculated separately inside every 30-song mix.",Popularity is for the exact recommended video ID. Report or control video_type because this item is MUSIC_VIDEO_TYPE_ATV; ATV denotes an Art Track and OMV an official music video.
2026-08-04T18:57:58+00:00,user_01,aysima MCT,Discover Mix,RDTMAK5uy_n_5IN6hzAOwdCnM8D8rzrs3vDl12UcZpA,https://music.youtube.com/playlist?list=RDTMAK5uy_n_5IN6hzAOwdCnM8D8rzrs3vDl12UcZpA,,,,47767,"Discover great music, picked just for you. Always updating.",20,kn5_gghYnCE,https://music.youtube.com/watch?v=kn5_gghYnCE,https://www.youtube.com/watch?v=kn5_gghYnCE,Road to Hell (2001 Remaster),Bruce Dickinson,UC18vB5KHtNwt7B_D8NYesRA,"[{""id"": ""UC18vB5KHtNwt7B_D8NYesRA"", ""name"": ""Bruce Dickinson"", ""subscribers_display"": ""177K"", ""subscribers_approx"": 177000, ""channel_views"": 73554084, ""description"": ""Renowned around the world as one of the greatest and most distinctive heavy metal vocalists of all time, Bruce Dickinson is best known as the lead singer of the iconic British band, Iron Maiden, who he joined in 1981 and who have sold well over 100 million albums. He has also become globally renowned as an author, pilot, broadcaster, brewer, businessman, sportsman, spoken-word performer, screenwriter and internationally successful solo artist. \n\nHis first solo album, Tattooed Millionaire, was released in May 1990, with its follow-up Balls To Picasso four years later (1994). It was on this second album that Dickinson first started working with guitarist Roy Z and despite a one album hiatus, he was joined again by him for all his subsequent solo studio albums - Accident Of Birth (1997), The Chemical Wedding (1998) and Tyranny Of Souls (2005).\n\nAlways on the back burner was a desire to create another solo musical project and in 2021 Dickinson finally had the opportunity to focus on that anew. He turned once more to Roy Z to work on some unfinished ideas together and that rapidly became his seventh studio album, The Mandrake Project, which is out now!\n\nWith The Mandrake Project the celebrated polymath is creating a whole new world in music, and beyond. The Mandrake Project could well be the crowning achievement of Dickinson’s solo career… so far!"", ""song_shelf_count"": 5, ""album_shelf_count"": 10, ""single_shelf_count"": 8, ""video_shelf_count"": 10, ""lookup_error"": """"}]",UC18vB5KHtNwt7B_D8NYesRA,Bruce Dickinson,177K,177000,73554084,"Renowned around the world as one of the greatest and most distinctive heavy metal vocalists of all time, Bruce Dickinson is best known as the lead singer of the iconic British band, Iron Maiden, who he joined in 1981 and who have sold well over 100 million albums. He has also become globally renowned as an author, pilot, broadcaster, brewer, businessman, sportsman, spoken-word performer, screenwriter and internationally successful solo artist. 

His first solo album, Tattooed Millionaire, was released in May 1990, with its follow-up Balls To Picasso four years later (1994). It was on this second album that Dickinson first started working with guitarist Roy Z and despite a one album hiatus, he was joined again by him for all his subsequent solo studio albums - Accident Of Birth (1997), The Chemical Wedding (1998) and Tyranny Of Souls (2005).

Always on the back burner was a desire to create another solo musical project and in 2021 Dickinson finally had the opportunity to focus on that anew. He turned once more to Roy Z to work on some unfinished ideas together and that rapidly became his seventh studio album, The Mandrake Project, which is out now!

With The Mandrake Project the celebrated polymath is creating a whole new world in music, and beyond. The Mandrake Project could well be the crowning achievement of Dickinson’s solo career… so far!",5,10,8,10,,,,,,,,,,,3:57,237,MUSIC_VIDEO_TYPE_OMV,571265,,ytmusicapi player response videoDetails.viewCount,,,Not exposed by this YouTube Music endpoint; official YouTube Data API credentials are required.,Music,2022-09-30T02:00:29-07:00,2022-09-30T02:00:29-07:00,Bruce Dickinson,UCuxB-cofMU3KfWkX19q4s0w,http://www.youtube.com/@BruceDickinsonYT,249,AD;AE;AF;AG;AI;AL;AM;AO;AQ;AR;AS;AT;AU;AW;AX;AZ;BA;BB;BD;BE;BF;BG;BH;BI;BJ;BL;BM;BN;BO;BQ;BR;BS;BT;BV;BW;BY;BZ;CA;CC;CD;CF;CG;CH;CI;CK;CL;CM;CN;CO;CR;CU;CV;CW;CX;CY;CZ;DE;DJ;DK;DM;DO;DZ;EC;EE;EG;EH;ER;ES;ET;FI;FJ;FK;FM;FO;FR;GA;GB;GD;GE;GF;GG;GH;GI;GL;GM;GN;GP;GQ;GR;GS;GT;GU;GW;GY;HK;HM;HN;HR;HT;HU;ID;IE;IL;IM;IN;IO;IQ;IR;IS;IT;JE;JM;JO;JP;KE;KG;KH;KI;KM;KN;KP;KR;KW;KY;KZ;LA;LB;LC;LI;LK;LR;LS;LT;LU;LV;LY;MA;MC;MD;ME;MF;MG;MH;MK;ML;MM;MN;MO;MP;MQ;MR;MS;MT;MU;MV;MW;MX;MY;MZ;NA;NC;NE;NF;NG;NI;NL;NO;NP;NR;NU;NZ;OM;PA;PE;PF;PG;PH;PK;PL;PM;PN;PR;PS;PT;PW;PY;QA;RE;RO;RS;RU;RW;SA;SB;SC;SD;SE;SG;SH;SI;SJ;SK;SL;SM;SN;SO;SR;SS;ST;SV;SX;SY;SZ;TC;TD;TF;TG;TH;TJ;TK;TL;TM;TN;TO;TR;TT;TV;TW;TZ;UA;UG;UM;US;UY;UZ;VA;VC;VE;VG;VI;VN;VU;WF;WS;YE;YT;ZA;ZM;ZW,"Distribution availability, not artist nationality or audience geography.",Bruce dickinson; bruce dick; bruce Iron Maiden; Iron Maiden; iron maden; bruce Dickinson mandrake; mandrake; mandrake project; bruce Dickinson tour 2024; Iron Maiden tour 2024; afterglow of ragnorak; ccxp; on the graves; Iron Maiden bruce; Dickinson Iron Maiden; tears of the dragon; Steve Harris; bruce Dickinson band; the mandrake project; bruce Dickinson Iron Maiden; bruce Dickinson pilot; bruce dickenson; evening with bruce dickinson; bruce dickinson now; heavy metal,https://music.youtube.com/watch?v=kn5_gghYnCE,True,False,False,True,False,False,True,True,False,,OK,True,INDIFFERENT,False,https://i.ytimg.com/vi/kn5_gghYnCE/maxresdefault.jpg,"[{""url"": ""https://i.ytimg.com/vi/kn5_gghYnCE/hqdefault.jpg?sqp=-oaymwEWCJADEOEBIAQqCggAEOADGC0guwJIWg&rs=AMzJL3m0zJ5GC_C1M_vA8rW01GPAM3fw5w"", ""width"": 400, ""height"": 225}]",,,missing album browse id,YouTube Music internal web API via ytmusicapi; personalized playlist fetched with named auth profile.,18.0,41.666667,5.756837617,cumulative views of the exact recommended YouTube video,571265,5.756837617,Upper buffer,Buffer,"Frozen 83-song candidate pool captured 2026-06-29T19:44:09+00:00; Low <=7,505; lower buffer 7,506-19,756; Middle 19,757-243,792; upper buffer 243,793-1,223,809; High >=1,223,810 views.","Use view_count or popularity_log10_view_count for comparisons across users, weeks, and the original playlist. Do not use the within-Discover-Mix rank or percentile for cross-playlist comparisons because those are recalculated separately inside every 30-song mix.",Popularity is for the exact recommended video ID. Report or control video_type because this item is MUSIC_VIDEO_TYPE_OMV; ATV denotes an Art Track and OMV an official music video.
2026-08-04T18:57:58+00:00,user_01,aysima MCT,Discover Mix,RDTMAK5uy_n_5IN6hzAOwdCnM8D8rzrs3vDl12UcZpA,https://music.youtube.com/playlist?list=RDTMAK5uy_n_5IN6hzAOwdCnM8D8rzrs3vDl12UcZpA,,,,47767,"Discover great music, picked just for you. Always updating.",21,--zQyrWF9_k,https://music.youtube.com/watch?v=--zQyrWF9_k,https://www.youtube.com/watch?v=--zQyrWF9_k,At the End of the Rainbow,Enforcer,UC4dNGpBnJCHJQky_9uxJxxg,"[{""id"": ""UC4dNGpBnJCHJQky_9uxJxxg"", ""name"": ""Enforcer"", ""subscribers_display"": ""13K"", ""subscribers_approx"": 13000, ""channel_views"": 4030652, ""description"": ""Enforcer is a Swedish heavy metal band formed in 2004 in Arvika. They are considered part of the new wave of traditional heavy metal.\n\nFrom Wikipedia ("", ""song_shelf_count"": 5, ""album_shelf_count"": 9, ""single_shelf_count"": 5, ""video_shelf_count"": 3, ""lookup_error"": """"}]",UC4dNGpBnJCHJQky_9uxJxxg,Enforcer,13K,13000,4030652,"Enforcer is a Swedish heavy metal band formed in 2004 in Arvika. They are considered part of the new wave of traditional heavy metal.

From Wikipedia (",5,9,5,3,MPREb_naOQaHNYAxN,At the End of the Rainbow,Single,2021,1,"3 minutes, 22 seconds",202,OLAK5uy_l14seQdocR7hB-rH9M8a7nmXnxGMBW8f0,Enforcer,,3:22,202,MUSIC_VIDEO_TYPE_ATV,159403,,ytmusicapi player response videoDetails.viewCount,,,Not exposed by this YouTube Music endpoint; official YouTube Data API credentials are required.,Music,2021-10-28T03:05:50-07:00,2021-10-28T03:05:50-07:00,Enforcer - Topic,UC4dNGpBnJCHJQky_9uxJxxg,http://www.youtube.com/channel/UC4dNGpBnJCHJQky_9uxJxxg,249,AD;AE;AF;AG;AI;AL;AM;AO;AQ;AR;AS;AT;AU;AW;AX;AZ;BA;BB;BD;BE;BF;BG;BH;BI;BJ;BL;BM;BN;BO;BQ;BR;BS;BT;BV;BW;BY;BZ;CA;CC;CD;CF;CG;CH;CI;CK;CL;CM;CN;CO;CR;CU;CV;CW;CX;CY;CZ;DE;DJ;DK;DM;DO;DZ;EC;EE;EG;EH;ER;ES;ET;FI;FJ;FK;FM;FO;FR;GA;GB;GD;GE;GF;GG;GH;GI;GL;GM;GN;GP;GQ;GR;GS;GT;GU;GW;GY;HK;HM;HN;HR;HT;HU;ID;IE;IL;IM;IN;IO;IQ;IR;IS;IT;JE;JM;JO;JP;KE;KG;KH;KI;KM;KN;KP;KR;KW;KY;KZ;LA;LB;LC;LI;LK;LR;LS;LT;LU;LV;LY;MA;MC;MD;ME;MF;MG;MH;MK;ML;MM;MN;MO;MP;MQ;MR;MS;MT;MU;MV;MW;MX;MY;MZ;NA;NC;NE;NF;NG;NI;NL;NO;NP;NR;NU;NZ;OM;PA;PE;PF;PG;PH;PK;PL;PM;PN;PR;PS;PT;PW;PY;QA;RE;RO;RS;RU;RW;SA;SB;SC;SD;SE;SG;SH;SI;SJ;SK;SL;SM;SN;SO;SR;SS;ST;SV;SX;SY;SZ;TC;TD;TF;TG;TH;TJ;TK;TL;TM;TN;TO;TR;TT;TV;TW;TZ;UA;UG;UM;US;UY;UZ;VA;VC;VE;VG;VI;VN;VU;WF;WS;YE;YT;ZA;ZM;ZW,"Distribution availability, not artist nationality or audience geography.",Enforcer; At the End of the Rainbow,https://music.youtube.com/watch?v=--zQyrWF9_k,True,False,False,True,False,False,True,True,False,False,OK,True,INDIFFERENT,False,https://i.ytimg.com/vi/--zQyrWF9_k/maxresdefault.jpg,"[{""url"": ""https://yt3.googleusercontent.com/lmYVxDLslgZvy-JKTL-hlXPKwfh126-z2qXsO2VPJEklDVQbyEukDaJY0C08nUrY6f_kn297NKZrhgaeTw=w60-h60-l90-rj"", ""width"": 60, ""height"": 60}, {""url"": ""https://yt3.googleusercontent.com/lmYVxDLslgZvy-JKTL-hlXPKwfh126-z2qXsO2VPJEklDVQbyEukDaJY0C08nUrY6f_kn297NKZrhgaeTw=w120-h120-l90-rj"", ""width"": 120, ""height"": 120}]",,,,YouTube Music internal web API via ytmusicapi; personalized playlist fetched with named auth profile.,25.0,18.333333,5.202496491,cumulative views of the exact recommended YouTube video,159403,5.202496491,Middle,Middle,"Frozen 83-song candidate pool captured 2026-06-29T19:44:09+00:00; Low <=7,505; lower buffer 7,506-19,756; Middle 19,757-243,792; upper buffer 243,793-1,223,809; High >=1,223,810 views.","Use view_count or popularity_log10_view_count for comparisons across users, weeks, and the original playlist. Do not use the within-Discover-Mix rank or percentile for cross-playlist comparisons because those are recalculated separately inside every 30-song mix.",Popularity is for the exact recommended video ID. Report or control video_type because this item is MUSIC_VIDEO_TYPE_ATV; ATV denotes an Art Track and OMV an official music video.
2026-08-04T18:57:58+00:00,user_01,aysima MCT,Discover Mix,RDTMAK5uy_n_5IN6hzAOwdCnM8D8rzrs3vDl12UcZpA,https://music.youtube.com/playlist?list=RDTMAK5uy_n_5IN6hzAOwdCnM8D8rzrs3vDl12UcZpA,,,,47767,"Discover great music, picked just for you. Always updating.",22,kTGVE8S2nT4,https://music.youtube.com/watch?v=kTGVE8S2nT4,https://www.youtube.com/watch?v=kTGVE8S2nT4,Hail to the Hordes,Nuclear Blast Records,UCoxg3Kml41wE3IPq-PC-LQw,"[{""id"": ""UCoxg3Kml41wE3IPq-PC-LQw"", ""name"": ""Nuclear Blast Records"", ""subscribers_display"": """", ""subscribers_approx"": null, ""channel_views"": null, ""description"": """", ""song_shelf_count"": 0, ""album_shelf_count"": 0, ""single_shelf_count"": 0, ""video_shelf_count"": 0, ""lookup_error"": ""'musicImmersiveHeaderRenderer'""}]",UCoxg3Kml41wE3IPq-PC-LQw,Nuclear Blast Records,,,,,0,0,0,0,,,,,,,,,,,4:22,262,MUSIC_VIDEO_TYPE_OMV,13988976,,ytmusicapi player response videoDetails.viewCount,,,Not exposed by this YouTube Music endpoint; official YouTube Data API credentials are required.,Entertainment,2017-11-22T08:53:49-08:00,2017-11-22T08:53:49-08:00,Nuclear Blast Records,UCoxg3Kml41wE3IPq-PC-LQw,http://www.youtube.com/@NuclearBlastRecords,249,AD;AE;AF;AG;AI;AL;AM;AO;AQ;AR;AS;AT;AU;AW;AX;AZ;BA;BB;BD;BE;BF;BG;BH;BI;BJ;BL;BM;BN;BO;BQ;BR;BS;BT;BV;BW;BY;BZ;CA;CC;CD;CF;CG;CH;CI;CK;CL;CM;CN;CO;CR;CU;CV;CW;CX;CY;CZ;DE;DJ;DK;DM;DO;DZ;EC;EE;EG;EH;ER;ES;ET;FI;FJ;FK;FM;FO;FR;GA;GB;GD;GE;GF;GG;GH;GI;GL;GM;GN;GP;GQ;GR;GS;GT;GU;GW;GY;HK;HM;HN;HR;HT;HU;ID;IE;IL;IM;IN;IO;IQ;IR;IS;IT;JE;JM;JO;JP;KE;KG;KH;KI;KM;KN;KP;KR;KW;KY;KZ;LA;LB;LC;LI;LK;LR;LS;LT;LU;LV;LY;MA;MC;MD;ME;MF;MG;MH;MK;ML;MM;MN;MO;MP;MQ;MR;MS;MT;MU;MV;MW;MX;MY;MZ;NA;NC;NE;NF;NG;NI;NL;NO;NP;NR;NU;NZ;OM;PA;PE;PF;PG;PH;PK;PL;PM;PN;PR;PS;PT;PW;PY;QA;RE;RO;RS;RU;RW;SA;SB;SC;SD;SE;SG;SH;SI;SJ;SK;SL;SM;SN;SO;SR;SS;ST;SV;SX;SY;SZ;TC;TD;TF;TG;TH;TJ;TK;TL;TM;TN;TO;TR;TT;TV;TW;TZ;UA;UG;UM;US;UY;UZ;VA;VC;VE;VG;VI;VN;VU;WF;WS;YE;YT;ZA;ZM;ZW,"Distribution availability, not artist nationality or audience geography.",Kreator (Musical Group); Nuclear Blast (Organization); metal; Heavy Metal (Musical Genre); Thrash Metal (Musical Genre); Speed Metal (Musical Genre); Death Metal (Musical Genre); Industrial Metal (Musical Genre); Industrial Music (Musical Genre); Gothic Metal (Musical Genre); Miland Mille Petrozza; Jürgen Ventor Reil; Christian Speesy Giesler; Sami Yli-Sirniö; official live; death to the world; dying alive dvd; gods of violence; totalitarian terror; Hail To The Hordes,https://music.youtube.com/watch?v=kTGVE8S2nT4,True,False,False,True,False,False,True,True,False,,OK,True,INDIFFERENT,False,https://i.ytimg.com/vi/kTGVE8S2nT4/maxresdefault.jpg,"[{""url"": ""https://i.ytimg.com/vi/kTGVE8S2nT4/hqdefault.jpg?sqp=-oaymwEWCJADEOEBIAQqCggAEOADGC0guwJIWg&rs=AMzJL3nyErSV35f3VX3oXCCC9h-GDWecVg"", ""width"": 400, ""height"": 225}]",,'musicImmersiveHeaderRenderer',missing album browse id,YouTube Music internal web API via ytmusicapi; personalized playlist fetched with named auth profile.,4.0,88.333333,7.145785925,cumulative views of the exact recommended YouTube video,13988976,7.145785925,High,High,"Frozen 83-song candidate pool captured 2026-06-29T19:44:09+00:00; Low <=7,505; lower buffer 7,506-19,756; Middle 19,757-243,792; upper buffer 243,793-1,223,809; High >=1,223,810 views.","Use view_count or popularity_log10_view_count for comparisons across users, weeks, and the original playlist. Do not use the within-Discover-Mix rank or percentile for cross-playlist comparisons because those are recalculated separately inside every 30-song mix.",Popularity is for the exact recommended video ID. Report or control video_type because this item is MUSIC_VIDEO_TYPE_OMV; ATV denotes an Art Track and OMV an official music video.
2026-08-04T18:57:58+00:00,user_01,aysima MCT,Discover Mix,RDTMAK5uy_n_5IN6hzAOwdCnM8D8rzrs3vDl12UcZpA,https://music.youtube.com/playlist?list=RDTMAK5uy_n_5IN6hzAOwdCnM8D8rzrs3vDl12UcZpA,,,,47767,"Discover great music, picked just for you. Always updating.",23,-PSflfYC2qk,https://music.youtube.com/watch?v=-PSflfYC2qk,https://www.youtube.com/watch?v=-PSflfYC2qk,Theft of the Hammer,Brothers of Metal,UC7apj1hieWRm-ji4_Umt2GA,"[{""id"": ""UC7apj1hieWRm-ji4_Umt2GA"", ""name"": ""Brothers of Metal"", ""subscribers_display"": ""105K"", ""subscribers_approx"": 105000, ""channel_views"": 109031700, ""description"": ""Brothers of Metal are an eight-piece Swedish power metal band from Falun, formed in 2012. The band's visual style and lyrics are inspired by Vikings and Norse mythology, and are often purposefully over-the-top, which earns them both criticism and praise.\n\nFrom Wikipedia ("", ""song_shelf_count"": 5, ""album_shelf_count"": 3, ""single_shelf_count"": 10, ""video_shelf_count"": 10, ""lookup_error"": """"}]",UC7apj1hieWRm-ji4_Umt2GA,Brothers of Metal,105K,105000,109031700,"Brothers of Metal are an eight-piece Swedish power metal band from Falun, formed in 2012. The band's visual style and lyrics are inspired by Vikings and Norse mythology, and are often purposefully over-the-top, which earns them both criticism and praise.

From Wikipedia (",5,3,10,10,MPREb_QylJ6tWnKT8,Emblas Saga,Album,2020,13,55 minutes,3319,OLAK5uy_kkAA2VtaKm0S2oOgNCEJpvoFFaGTgZFRI,Brothers of Metal,,4:11,251,MUSIC_VIDEO_TYPE_ATV,4264270,,ytmusicapi player response videoDetails.viewCount,,,Not exposed by this YouTube Music endpoint; official YouTube Data API credentials are required.,Music,2020-01-09T02:00:28-08:00,2020-01-09T02:00:28-08:00,Brothers of Metal - Topic,UC7apj1hieWRm-ji4_Umt2GA,http://www.youtube.com/channel/UC7apj1hieWRm-ji4_Umt2GA,249,AD;AE;AF;AG;AI;AL;AM;AO;AQ;AR;AS;AT;AU;AW;AX;AZ;BA;BB;BD;BE;BF;BG;BH;BI;BJ;BL;BM;BN;BO;BQ;BR;BS;BT;BV;BW;BY;BZ;CA;CC;CD;CF;CG;CH;CI;CK;CL;CM;CN;CO;CR;CU;CV;CW;CX;CY;CZ;DE;DJ;DK;DM;DO;DZ;EC;EE;EG;EH;ER;ES;ET;FI;FJ;FK;FM;FO;FR;GA;GB;GD;GE;GF;GG;GH;GI;GL;GM;GN;GP;GQ;GR;GS;GT;GU;GW;GY;HK;HM;HN;HR;HT;HU;ID;IE;IL;IM;IN;IO;IQ;IR;IS;IT;JE;JM;JO;JP;KE;KG;KH;KI;KM;KN;KP;KR;KW;KY;KZ;LA;LB;LC;LI;LK;LR;LS;LT;LU;LV;LY;MA;MC;MD;ME;MF;MG;MH;MK;ML;MM;MN;MO;MP;MQ;MR;MS;MT;MU;MV;MW;MX;MY;MZ;NA;NC;NE;NF;NG;NI;NL;NO;NP;NR;NU;NZ;OM;PA;PE;PF;PG;PH;PK;PL;PM;PN;PR;PS;PT;PW;PY;QA;RE;RO;RS;RU;RW;SA;SB;SC;SD;SE;SG;SH;SI;SJ;SK;SL;SM;SN;SO;SR;SS;ST;SV;SX;SY;SZ;TC;TD;TF;TG;TH;TJ;TK;TL;TM;TN;TO;TR;TT;TV;TW;TZ;UA;UG;UM;US;UY;UZ;VA;VC;VE;VG;VI;VN;VU;WF;WS;YE;YT;ZA;ZM;ZW,"Distribution availability, not artist nationality or audience geography.",Brothers of Metal; Emblas Saga; Theft of the Hammer,https://music.youtube.com/watch?v=-PSflfYC2qk,True,False,False,True,False,False,True,True,False,False,OK,True,INDIFFERENT,False,https://i.ytimg.com/vi/-PSflfYC2qk/maxresdefault.jpg,"[{""url"": ""https://yt3.googleusercontent.com/5vMpeF0pcE6MYil7CEkMbimnOSaF7o1HRrQvFPUlrkSQ11FYpIhaWGLxLlA3aqACKPDGZMAZohEKAxbdrQ=w60-h60-l90-rj"", ""width"": 60, ""height"": 60}, {""url"": ""https://yt3.googleusercontent.com/5vMpeF0pcE6MYil7CEkMbimnOSaF7o1HRrQvFPUlrkSQ11FYpIhaWGLxLlA3aqACKPDGZMAZohEKAxbdrQ=w120-h120-l90-rj"", ""width"": 120, ""height"": 120}]",,,,YouTube Music internal web API via ytmusicapi; personalized playlist fetched with named auth profile.,8.0,75.0,6.629844695,cumulative views of the exact recommended YouTube video,4264270,6.629844695,High,High,"Frozen 83-song candidate pool captured 2026-06-29T19:44:09+00:00; Low <=7,505; lower buffer 7,506-19,756; Middle 19,757-243,792; upper buffer 243,793-1,223,809; High >=1,223,810 views.","Use view_count or popularity_log10_view_count for comparisons across users, weeks, and the original playlist. Do not use the within-Discover-Mix rank or percentile for cross-playlist comparisons because those are recalculated separately inside every 30-song mix.",Popularity is for the exact recommended video ID. Report or control video_type because this item is MUSIC_VIDEO_TYPE_ATV; ATV denotes an Art Track and OMV an official music video.
2026-08-04T18:57:58+00:00,user_01,aysima MCT,Discover Mix,RDTMAK5uy_n_5IN6hzAOwdCnM8D8rzrs3vDl12UcZpA,https://music.youtube.com/playlist?list=RDTMAK5uy_n_5IN6hzAOwdCnM8D8rzrs3vDl12UcZpA,,,,47767,"Discover great music, picked just for you. Always updating.",24,BplgH8XSqs0,https://music.youtube.com/watch?v=BplgH8XSqs0,https://www.youtube.com/watch?v=BplgH8XSqs0,Heroes,Masterplan,UCQm2l9VFAwCEMR2zydt9y6w,"[{""id"": ""UCQm2l9VFAwCEMR2zydt9y6w"", ""name"": ""Masterplan"", ""subscribers_display"": ""10.1K"", ""subscribers_approx"": 10100, ""channel_views"": 4483859, ""description"": ""Masterplan is a German power metal band founded by guitarist Roland Grapow and drummer Uli Kusch upon leaving Helloween in 2001.\n\nFrom Wikipedia ("", ""song_shelf_count"": 5, ""album_shelf_count"": 8, ""single_shelf_count"": 10, ""video_shelf_count"": 10, ""lookup_error"": """"}]",UCQm2l9VFAwCEMR2zydt9y6w,Masterplan,10.1K,10100,4483859,"Masterplan is a German power metal band founded by guitarist Roland Grapow and drummer Uli Kusch upon leaving Helloween in 2001.

From Wikipedia (",5,8,10,10,MPREb_HAlWJFgd4x7,Masterplan,Album,2003,11,52 minutes,3151,OLAK5uy_k6qoAmMfNTfOzRyAd7_dJmAHXGS2dj8Fg,Masterplan,"Masterplan is the German power metal band Masterplan's self-titled debut album, released in 2003 by AFM Records. The album received many good reviews and entered the charts at high positions. The album was voted album of the month in Sweden Rock Magazine, Rock Hard and Heavy, Oder Was?! in Germany and Metal Factory in Switzerland. The band received the ""European Border Breakers Award"" in 2004 from the European Commission, for the album sales around Europe.
By the time their first full-length and self-titled CD was released in 2003, keyboard player Janne ""Warman"" Wirman was replaced by Axel Mackenrott. Wirman recorded some session keyboards for the album, but could not stay on as a full-time member due to his commitments to Children of Bodom. The main keyboard lines of the album were arranged and programmed by guitarist Roland Grapow and drummer Uli Kusch. Missing a proper bass player, Grapow recorded the bass parts, with some help from session bassist Jürgen Attig.

From Wikipedia (",3:34,214,MUSIC_VIDEO_TYPE_ATV,1135607,,ytmusicapi player response videoDetails.viewCount,,,Not exposed by this YouTube Music endpoint; official YouTube Data API credentials are required.,Music,2015-01-18T19:03:42-08:00,2015-01-18T19:03:42-08:00,Release - Topic,UCVI88PO2HcNy97IodY7ZJsw,http://www.youtube.com/channel/UCVI88PO2HcNy97IodY7ZJsw,249,AD;AE;AF;AG;AI;AL;AM;AO;AQ;AR;AS;AT;AU;AW;AX;AZ;BA;BB;BD;BE;BF;BG;BH;BI;BJ;BL;BM;BN;BO;BQ;BR;BS;BT;BV;BW;BY;BZ;CA;CC;CD;CF;CG;CH;CI;CK;CL;CM;CN;CO;CR;CU;CV;CW;CX;CY;CZ;DE;DJ;DK;DM;DO;DZ;EC;EE;EG;EH;ER;ES;ET;FI;FJ;FK;FM;FO;FR;GA;GB;GD;GE;GF;GG;GH;GI;GL;GM;GN;GP;GQ;GR;GS;GT;GU;GW;GY;HK;HM;HN;HR;HT;HU;ID;IE;IL;IM;IN;IO;IQ;IR;IS;IT;JE;JM;JO;JP;KE;KG;KH;KI;KM;KN;KP;KR;KW;KY;KZ;LA;LB;LC;LI;LK;LR;LS;LT;LU;LV;LY;MA;MC;MD;ME;MF;MG;MH;MK;ML;MM;MN;MO;MP;MQ;MR;MS;MT;MU;MV;MW;MX;MY;MZ;NA;NC;NE;NF;NG;NI;NL;NO;NP;NR;NU;NZ;OM;PA;PE;PF;PG;PH;PK;PL;PM;PN;PR;PS;PT;PW;PY;QA;RE;RO;RS;RU;RW;SA;SB;SC;SD;SE;SG;SH;SI;SJ;SK;SL;SM;SN;SO;SR;SS;ST;SV;SX;SY;SZ;TC;TD;TF;TG;TH;TJ;TK;TL;TM;TN;TO;TR;TT;TV;TW;TZ;UA;UG;UM;US;UY;UZ;VA;VC;VE;VG;VI;VN;VU;WF;WS;YE;YT;ZA;ZM;ZW,"Distribution availability, not artist nationality or audience geography.",Masterplan; Heroes,https://music.youtube.com/watch?v=BplgH8XSqs0,True,False,False,True,False,False,True,True,False,False,OK,True,INDIFFERENT,False,https://i.ytimg.com/vi/BplgH8XSqs0/maxresdefault.jpg,"[{""url"": ""https://yt3.googleusercontent.com/isCO2zDr3SJyqpQBkACQ19uun6zRUCzSN9w3zcytIGiLvI5d5w8JTiVAfKqWOqXRMiEfkbcfQy7-vMI=w60-h60-l90-rj"", ""width"": 60, ""height"": 60}, {""url"": ""https://yt3.googleusercontent.com/isCO2zDr3SJyqpQBkACQ19uun6zRUCzSN9w3zcytIGiLvI5d5w8JTiVAfKqWOqXRMiEfkbcfQy7-vMI=w120-h120-l90-rj"", ""width"": 120, ""height"": 120}]",,,,YouTube Music internal web API via ytmusicapi; personalized playlist fetched with named auth profile.,14.0,55.0,6.055228061,cumulative views of the exact recommended YouTube video,1135607,6.055228061,Upper buffer,Buffer,"Frozen 83-song candidate pool captured 2026-06-29T19:44:09+00:00; Low <=7,505; lower buffer 7,506-19,756; Middle 19,757-243,792; upper buffer 243,793-1,223,809; High >=1,223,810 views.","Use view_count or popularity_log10_view_count for comparisons across users, weeks, and the original playlist. Do not use the within-Discover-Mix rank or percentile for cross-playlist comparisons because those are recalculated separately inside every 30-song mix.",Popularity is for the exact recommended video ID. Report or control video_type because this item is MUSIC_VIDEO_TYPE_ATV; ATV denotes an Art Track and OMV an official music video.
2026-08-04T18:57:58+00:00,user_01,aysima MCT,Discover Mix,RDTMAK5uy_n_5IN6hzAOwdCnM8D8rzrs3vDl12UcZpA,https://music.youtube.com/playlist?list=RDTMAK5uy_n_5IN6hzAOwdCnM8D8rzrs3vDl12UcZpA,,,,47767,"Discover great music, picked just for you. Always updating.",25,iywaBOMvYLI,https://music.youtube.com/watch?v=iywaBOMvYLI,https://www.youtube.com/watch?v=iywaBOMvYLI,Toxicity,System Of A Down,UCDJftX2zx_UT_QSnBGIF96w,"[{""id"": ""UCDJftX2zx_UT_QSnBGIF96w"", ""name"": ""System Of A Down"", ""subscribers_display"": ""8.26M"", ""subscribers_approx"": 8260000, ""channel_views"": 7596530170, ""description"": ""System of a Down is an Armenian-American heavy metal band formed in Glendale, California, in 1994. Since 1997, the band has consisted of founding members Serj Tankian, Daron Malakian, and Shavo Odadjian; along with John Dolmayan, who replaced original drummer Andy Khachaturian.\nThe band achieved commercial success with the release of five studio albums, three of which debuted at number one on the US Billboard 200. System of a Down has been nominated for four Grammy Awards, and their song \""B.Y.O.B.\"" won a Grammy Award for Best Hard Rock Performance in 2006. Known for their politically charged lyrics, many of their songs address social and political issues, such as the anti-war message in \""B.Y.O.B.\"" and criticism of the prison industrial complex and the war on drugs in \""Prison Song.\"" The band went on hiatus in 2006 and reunited in 2010. Other than two new songs in 2020, System of a Down has not released any new material since the Mezmerize and Hypnotize albums in 2005. The band has sold over 12 million records worldwide, while two of their singles, \""Aerials\"" and \""Hypnotize\"", reached number one on Billboard's Alternative Songs chart.\n\nFrom Wikipedia ("", ""song_shelf_count"": 5, ""album_shelf_count"": 5, ""single_shelf_count"": 8, ""video_shelf_count"": 10, ""lookup_error"": """"}]",UCDJftX2zx_UT_QSnBGIF96w,System Of A Down,8.26M,8260000,7596530170,"System of a Down is an Armenian-American heavy metal band formed in Glendale, California, in 1994. Since 1997, the band has consisted of founding members Serj Tankian, Daron Malakian, and Shavo Odadjian; along with John Dolmayan, who replaced original drummer Andy Khachaturian.
The band achieved commercial success with the release of five studio albums, three of which debuted at number one on the US Billboard 200. System of a Down has been nominated for four Grammy Awards, and their song ""B.Y.O.B."" won a Grammy Award for Best Hard Rock Performance in 2006. Known for their politically charged lyrics, many of their songs address social and political issues, such as the anti-war message in ""B.Y.O.B."" and criticism of the prison industrial complex and the war on drugs in ""Prison Song."" The band went on hiatus in 2006 and reunited in 2010. Other than two new songs in 2020, System of a Down has not released any new material since the Mezmerize and Hypnotize albums in 2005. The band has sold over 12 million records worldwide, while two of their singles, ""Aerials"" and ""Hypnotize"", reached number one on Billboard's Alternative Songs chart.

From Wikipedia (",5,5,8,10,,,,,,,,,,,3:45,225,MUSIC_VIDEO_TYPE_OMV,1204484345,,ytmusicapi player response videoDetails.viewCount,,,Not exposed by this YouTube Music endpoint; official YouTube Data API credentials are required.,Music,2009-10-02T08:16:02-07:00,2009-10-02T08:16:02-07:00,systemofadownVEVO,UCvtZDkeFxMkRTNqfqXtxxkw,http://www.youtube.com/@systemofadownVEVO,248,AD;AE;AF;AG;AI;AL;AM;AO;AQ;AR;AS;AT;AU;AW;AX;AZ;BA;BB;BD;BE;BF;BG;BH;BI;BJ;BL;BM;BN;BO;BQ;BR;BS;BT;BV;BW;BY;BZ;CA;CC;CD;CF;CG;CH;CI;CK;CL;CM;CN;CO;CR;CU;CV;CW;CX;CY;CZ;DJ;DK;DM;DO;DZ;EC;EE;EG;EH;ER;ES;ET;FI;FJ;FK;FM;FO;FR;GA;GB;GD;GE;GF;GG;GH;GI;GL;GM;GN;GP;GQ;GR;GS;GT;GU;GW;GY;HK;HM;HN;HR;HT;HU;ID;IE;IL;IM;IN;IO;IQ;IR;IS;IT;JE;JM;JO;JP;KE;KG;KH;KI;KM;KN;KP;KR;KW;KY;KZ;LA;LB;LC;LI;LK;LR;LS;LT;LU;LV;LY;MA;MC;MD;ME;MF;MG;MH;MK;ML;MM;MN;MO;MP;MQ;MR;MS;MT;MU;MV;MW;MX;MY;MZ;NA;NC;NE;NF;NG;NI;NL;NO;NP;NR;NU;NZ;OM;PA;PE;PF;PG;PH;PK;PL;PM;PN;PR;PS;PT;PW;PY;QA;RE;RO;RS;RU;RW;SA;SB;SC;SD;SE;SG;SH;SI;SJ;SK;SL;SM;SN;SO;SR;SS;ST;SV;SX;SY;SZ;TC;TD;TF;TG;TH;TJ;TK;TL;TM;TN;TO;TR;TT;TV;TW;TZ;UA;UG;UM;US;UY;UZ;VA;VC;VE;VG;VI;VN;VU;WF;WS;YE;YT;ZA;ZM;ZW,"Distribution availability, not artist nationality or audience geography.",system of down; toxicity; system of down toxicity; toxicity system of down; sister of down; soad; soad toxicity; chop suey; sistem of down; slipknot; toxic; metal; toxicity system of down lyrics; rammstein; toxity; system of down chop suey; toxicity system of down album; chop suey system of down; byob soad; lonely day system of down; korn; disturbed; powerman 5000; nu metal; hard rock; nu metal playlist; toxicity hd video,https://music.youtube.com/watch?v=iywaBOMvYLI,True,False,False,True,False,False,True,True,False,,OK,True,INDIFFERENT,False,https://i.ytimg.com/vi/iywaBOMvYLI/maxresdefault.jpg,"[{""url"": ""https://i.ytimg.com/vi/iywaBOMvYLI/hqdefault.jpg?sqp=-oaymwEWCJADEOEBIAQqCggAEOADGC0guwJIWg&rs=AMzJL3l6ILGUbXJv1RP0WtIYrfV8aY8eFA"", ""width"": 400, ""height"": 225}]",,,missing album browse id,YouTube Music internal web API via ytmusicapi; personalized playlist fetched with named auth profile.,2.0,95.0,9.08080116,cumulative views of the exact recommended YouTube video,1204484345,9.08080116,High,High,"Frozen 83-song candidate pool captured 2026-06-29T19:44:09+00:00; Low <=7,505; lower buffer 7,506-19,756; Middle 19,757-243,792; upper buffer 243,793-1,223,809; High >=1,223,810 views.","Use view_count or popularity_log10_view_count for comparisons across users, weeks, and the original playlist. Do not use the within-Discover-Mix rank or percentile for cross-playlist comparisons because those are recalculated separately inside every 30-song mix.",Popularity is for the exact recommended video ID. Report or control video_type because this item is MUSIC_VIDEO_TYPE_OMV; ATV denotes an Art Track and OMV an official music video.
2026-08-04T18:57:58+00:00,user_01,aysima MCT,Discover Mix,RDTMAK5uy_n_5IN6hzAOwdCnM8D8rzrs3vDl12UcZpA,https://music.youtube.com/playlist?list=RDTMAK5uy_n_5IN6hzAOwdCnM8D8rzrs3vDl12UcZpA,,,,47767,"Discover great music, picked just for you. Always updating.",26,3BTSgATIBfg,https://music.youtube.com/watch?v=3BTSgATIBfg,https://www.youtube.com/watch?v=3BTSgATIBfg,Ultimate Sacrifice,Gloryhammer,UCPGTSBEsBiITt6ZaniWufag,"[{""id"": ""UCPGTSBEsBiITt6ZaniWufag"", ""name"": ""Gloryhammer"", ""subscribers_display"": ""52.9K"", ""subscribers_approx"": 52900, ""channel_views"": 47776402, ""description"": ""Gloryhammer are a British power metal band founded by keyboardist Christopher Bowes, lead vocalist of the band Alestorm. Each member of the band represents a character in the story concept. Band members appear on stage in armour and costumes to represent their respective characters.\n\nFrom Wikipedia ("", ""song_shelf_count"": 5, ""album_shelf_count"": 4, ""single_shelf_count"": 10, ""video_shelf_count"": 10, ""lookup_error"": """"}]",UCPGTSBEsBiITt6ZaniWufag,Gloryhammer,52.9K,52900,47776402,"Gloryhammer are a British power metal band founded by keyboardist Christopher Bowes, lead vocalist of the band Alestorm. Each member of the band represents a character in the story concept. Band members appear on stage in armour and costumes to represent their respective characters.

From Wikipedia (",5,4,10,10,MPREb_5QIsmOOMR7n,Ultimate Sacrifice,Single,2026,1,"3 minutes, 52 seconds",232,OLAK5uy_nlARRZPSzJve9-8rwnfFOSkv9KU6zVsYQ,Gloryhammer,,3:52,232,MUSIC_VIDEO_TYPE_ATV,111842,,ytmusicapi player response videoDetails.viewCount,,,Not exposed by this YouTube Music endpoint; official YouTube Data API credentials are required.,Music,2026-07-15T03:00:38-07:00,2026-07-15T03:00:38-07:00,Gloryhammer - Topic,UCPGTSBEsBiITt6ZaniWufag,http://www.youtube.com/channel/UCPGTSBEsBiITt6ZaniWufag,122,AE;AR;AS;AT;AU;AW;AZ;BA;BD;BE;BG;BH;BM;BO;BR;BY;CA;CH;CL;CO;CR;CY;CZ;DE;DK;DO;DZ;EC;EE;EG;ES;FI;FR;GB;GE;GF;GH;GP;GR;GT;GU;HK;HN;HR;HU;ID;IE;IL;IN;IQ;IS;IT;JM;JO;JP;KE;KH;KR;KW;KY;KZ;LA;LB;LI;LK;LT;LU;LV;LY;MA;MK;MP;MQ;MT;MX;MY;NC;NG;NI;NL;NO;NP;NZ;OM;PA;PE;PF;PG;PH;PK;PL;PR;PT;PY;QA;RE;RO;RS;SA;SE;SG;SI;SK;SN;SV;TC;TH;TN;TR;TW;TZ;UA;UG;US;UY;VE;VI;VN;YE;YT;ZA;ZW,"Distribution availability, not artist nationality or audience geography.",Gloryhammer; Ben Turk; James Cartwright; Sozos Michael; Paul Templing; Ultimate Sacrifice,https://music.youtube.com/watch?v=3BTSgATIBfg,True,False,False,True,False,False,True,True,False,False,OK,True,INDIFFERENT,False,https://i.ytimg.com/vi/3BTSgATIBfg/maxresdefault.jpg,"[{""url"": ""https://yt3.googleusercontent.com/cPx8UWNdSkSy5g4UL2iQI68mZAF3fLD_zX3qiBDCmieOBV43NTC-NkfYjQ0Es82qD4ZqnWrioJTw1Qr1=w60-h60-l90-rj"", ""width"": 60, ""height"": 60}, {""url"": ""https://yt3.googleusercontent.com/cPx8UWNdSkSy5g4UL2iQI68mZAF3fLD_zX3qiBDCmieOBV43NTC-NkfYjQ0Es82qD4ZqnWrioJTw1Qr1=w120-h120-l90-rj"", ""width"": 120, ""height"": 120}]",,,,YouTube Music internal web API via ytmusicapi; personalized playlist fetched with named auth profile.,29.0,5.0,5.048604925,cumulative views of the exact recommended YouTube video,111842,5.048604925,Middle,Middle,"Frozen 83-song candidate pool captured 2026-06-29T19:44:09+00:00; Low <=7,505; lower buffer 7,506-19,756; Middle 19,757-243,792; upper buffer 243,793-1,223,809; High >=1,223,810 views.","Use view_count or popularity_log10_view_count for comparisons across users, weeks, and the original playlist. Do not use the within-Discover-Mix rank or percentile for cross-playlist comparisons because those are recalculated separately inside every 30-song mix.",Popularity is for the exact recommended video ID. Report or control video_type because this item is MUSIC_VIDEO_TYPE_ATV; ATV denotes an Art Track and OMV an official music video.
2026-08-04T18:57:58+00:00,user_01,aysima MCT,Discover Mix,RDTMAK5uy_n_5IN6hzAOwdCnM8D8rzrs3vDl12UcZpA,https://music.youtube.com/playlist?list=RDTMAK5uy_n_5IN6hzAOwdCnM8D8rzrs3vDl12UcZpA,,,,47767,"Discover great music, picked just for you. Always updating.",27,qnzurkSGBCs,https://music.youtube.com/watch?v=qnzurkSGBCs,https://www.youtube.com/watch?v=qnzurkSGBCs,Pumping Iron Power,Grailknights,UCpQ0yahMIrWs5U_J_QkWQlw,"[{""id"": ""UCpQ0yahMIrWs5U_J_QkWQlw"", ""name"": ""Grailknights"", ""subscribers_display"": ""20K"", ""subscribers_approx"": 20000, ""channel_views"": 15980626, ""description"": ""Grailknights is a German power metal band. They have released seven studio albums. Having roots in death metal, by 2006's Return to Castle Grailskull the style of the band was described as \""classic fantasy power metal with death metal grunts\"".\n\nFrom Wikipedia ("", ""song_shelf_count"": 5, ""album_shelf_count"": 7, ""single_shelf_count"": 10, ""video_shelf_count"": 10, ""lookup_error"": """"}]",UCpQ0yahMIrWs5U_J_QkWQlw,Grailknights,20K,20000,15980626,"Grailknights is a German power metal band. They have released seven studio albums. Having roots in death metal, by 2006's Return to Castle Grailskull the style of the band was described as ""classic fantasy power metal with death metal grunts"".

From Wikipedia (",5,7,10,10,,,,,,,,,,,3:58,238,MUSIC_VIDEO_TYPE_OMV,3704914,,ytmusicapi player response videoDetails.viewCount,,,Not exposed by this YouTube Music endpoint; official YouTube Data API credentials are required.,Music,2018-04-24T08:57:35-07:00,2018-04-24T08:57:35-07:00,Grailknights Official,UC7tx_O28MjpIK2jBJYUWrHQ,http://www.youtube.com/@Grailknights_Official,249,AD;AE;AF;AG;AI;AL;AM;AO;AQ;AR;AS;AT;AU;AW;AX;AZ;BA;BB;BD;BE;BF;BG;BH;BI;BJ;BL;BM;BN;BO;BQ;BR;BS;BT;BV;BW;BY;BZ;CA;CC;CD;CF;CG;CH;CI;CK;CL;CM;CN;CO;CR;CU;CV;CW;CX;CY;CZ;DE;DJ;DK;DM;DO;DZ;EC;EE;EG;EH;ER;ES;ET;FI;FJ;FK;FM;FO;FR;GA;GB;GD;GE;GF;GG;GH;GI;GL;GM;GN;GP;GQ;GR;GS;GT;GU;GW;GY;HK;HM;HN;HR;HT;HU;ID;IE;IL;IM;IN;IO;IQ;IR;IS;IT;JE;JM;JO;JP;KE;KG;KH;KI;KM;KN;KP;KR;KW;KY;KZ;LA;LB;LC;LI;LK;LR;LS;LT;LU;LV;LY;MA;MC;MD;ME;MF;MG;MH;MK;ML;MM;MN;MO;MP;MQ;MR;MS;MT;MU;MV;MW;MX;MY;MZ;NA;NC;NE;NF;NG;NI;NL;NO;NP;NR;NU;NZ;OM;PA;PE;PF;PG;PH;PK;PL;PM;PN;PR;PS;PT;PW;PY;QA;RE;RO;RS;RU;RW;SA;SB;SC;SD;SE;SG;SH;SI;SJ;SK;SL;SM;SN;SO;SR;SS;ST;SV;SX;SY;SZ;TC;TD;TF;TG;TH;TJ;TK;TL;TM;TN;TO;TR;TT;TV;TW;TZ;UA;UG;UM;US;UY;UZ;VA;VC;VE;VG;VI;VN;VU;WF;WS;YE;YT;ZA;ZM;ZW,"Distribution availability, not artist nationality or audience geography.",Grailknights; Sabaton; Pumping Iron Power; Pumping Iron; Joakim Brodén; Grail; Knights; Metal; Knightfall; intono records; Masters of the Universe; Terminator; Joakinator; Schwarzenegger; Motu; 80s; 1980; work-out; gym; muscles; power; superhero; hero; super; panzer,https://music.youtube.com/watch?v=qnzurkSGBCs,True,False,False,True,False,False,True,True,False,,OK,True,INDIFFERENT,False,https://i.ytimg.com/vi/qnzurkSGBCs/maxresdefault.jpg,"[{""url"": ""https://i.ytimg.com/vi/qnzurkSGBCs/hqdefault.jpg?sqp=-oaymwEWCJADEOEBIAQqCggAEOADGC0guwJIWg&rs=AMzJL3knLuwSo7G9MxQXw7DeSyD-UeBd1w"", ""width"": 400, ""height"": 225}]",,,missing album browse id,YouTube Music internal web API via ytmusicapi; personalized playlist fetched with named auth profile.,9.0,71.666667,6.568778131,cumulative views of the exact recommended YouTube video,3704914,6.568778131,High,High,"Frozen 83-song candidate pool captured 2026-06-29T19:44:09+00:00; Low <=7,505; lower buffer 7,506-19,756; Middle 19,757-243,792; upper buffer 243,793-1,223,809; High >=1,223,810 views.","Use view_count or popularity_log10_view_count for comparisons across users, weeks, and the original playlist. Do not use the within-Discover-Mix rank or percentile for cross-playlist comparisons because those are recalculated separately inside every 30-song mix.",Popularity is for the exact recommended video ID. Report or control video_type because this item is MUSIC_VIDEO_TYPE_OMV; ATV denotes an Art Track and OMV an official music video.
2026-08-04T18:57:58+00:00,user_01,aysima MCT,Discover Mix,RDTMAK5uy_n_5IN6hzAOwdCnM8D8rzrs3vDl12UcZpA,https://music.youtube.com/playlist?list=RDTMAK5uy_n_5IN6hzAOwdCnM8D8rzrs3vDl12UcZpA,,,,47767,"Discover great music, picked just for you. Always updating.",28,Lr7A5FN3CMI,https://music.youtube.com/watch?v=Lr7A5FN3CMI,https://www.youtube.com/watch?v=Lr7A5FN3CMI,The 69 Eyes - Death Of Darkness (Official Music Video),The 69 Eyes,UC2XP5vqDA7wXeyCnaNf5o_g,"[{""id"": ""UC2XP5vqDA7wXeyCnaNf5o_g"", ""name"": ""The 69 Eyes"", ""subscribers_display"": ""127K"", ""subscribers_approx"": 127000, ""channel_views"": 68265894, ""description"": ""Some 22 years later after forming, in the world without THE RAMONES or TYPE O NEGATIVE, THE 69 EYES release their 10th studio album. To celebrate their long existence, the band has decided to name the album as Roman tenth, “X”. It also has ten songs. In the world where albums mattered, the 10th album of THE ROLLING STONES was “Exile on Main St.” And indeed “X” is also a turning point for THE 69 EYES. It clearly starts something new. Once again it sounds completely fresh and ambitious. It’s more melodic than its predecessor, Hollywood-made glam metallic “Back In Blood”. It’s also the most catchy and hooky goth ’n’ roll you have ever heard – no wonder since the album’s made under the supervision of the Swedish pop orientated production team called On The Verge. The team of Pat Phoenix and Joakim Övrenius has been co-writing with THE 69 EYES before; songs like “Never Say Die” and “Perfect Skin” have been written with them, but it was until now that the Helsinki Vampires felt it was the right time to move their coffins to Stockholm and record the entire album there. “This is our “Made in Sweden” album. We’ve considered Stockholm as one of our home towns really for a long, so it was about the time! It was also the time to bring back the more melodic side of ours, so with On The Verge guys that was perfect too. Lyric wise I thought to get also more personal since I had the chance to exploit my classic “My Babe Left Me” situation, so that’s where the real melancholy comes from this time,” says the singer, Jyrki69.\n\nThe 10th 69 EYES album was recorded in Stockholm and Helsinki during the spring of 2012. It was produced by Swedish team On The Verge and mixed by Stefan Boman (KENT, THE HELLACOPTERS, BACKYARD BABIES). It takes THE 69 EYES’ goth ’n’ roll sound back to their highlights decade ago of their albums like “Blessed Be” and “Paris Kills”, yet rising the singer Jyrki’s voice as the main statement of the record. The man in black is back. THE 69 EYES rise. Again."", ""song_shelf_count"": 5, ""album_shelf_count"": 10, ""single_shelf_count"": 10, ""video_shelf_count"": 10, ""lookup_error"": """"}]",UC2XP5vqDA7wXeyCnaNf5o_g,The 69 Eyes,127K,127000,68265894,"Some 22 years later after forming, in the world without THE RAMONES or TYPE O NEGATIVE, THE 69 EYES release their 10th studio album. To celebrate their long existence, the band has decided to name the album as Roman tenth, “X”. It also has ten songs. In the world where albums mattered, the 10th album of THE ROLLING STONES was “Exile on Main St.” And indeed “X” is also a turning point for THE 69 EYES. It clearly starts something new. Once again it sounds completely fresh and ambitious. It’s more melodic than its predecessor, Hollywood-made glam metallic “Back In Blood”. It’s also the most catchy and hooky goth ’n’ roll you have ever heard – no wonder since the album’s made under the supervision of the Swedish pop orientated production team called On The Verge. The team of Pat Phoenix and Joakim Övrenius has been co-writing with THE 69 EYES before; songs like “Never Say Die” and “Perfect Skin” have been written with them, but it was until now that the Helsinki Vampires felt it was the right time to move their coffins to Stockholm and record the entire album there. “This is our “Made in Sweden” album. We’ve considered Stockholm as one of our home towns really for a long, so it was about the time! It was also the time to bring back the more melodic side of ours, so with On The Verge guys that was perfect too. Lyric wise I thought to get also more personal since I had the chance to exploit my classic “My Babe Left Me” situation, so that’s where the real melancholy comes from this time,” says the singer, Jyrki69.

The 10th 69 EYES album was recorded in Stockholm and Helsinki during the spring of 2012. It was produced by Swedish team On The Verge and mixed by Stefan Boman (KENT, THE HELLACOPTERS, BACKYARD BABIES). It takes THE 69 EYES’ goth ’n’ roll sound back to their highlights decade ago of their albums like “Blessed Be” and “Paris Kills”, yet rising the singer Jyrki’s voice as the main statement of the record. The man in black is back. THE 69 EYES rise. Again.",5,10,10,10,,,,,,,,,,,4:01,241,MUSIC_VIDEO_TYPE_OMV,838922,,ytmusicapi player response videoDetails.viewCount,,,Not exposed by this YouTube Music endpoint; official YouTube Data API credentials are required.,Music,2023-03-02T23:00:05-08:00,2023-03-02T23:00:05-08:00,The 69 Eyes,UCG9dVVJn8GLRxuGVWh1TQLg,http://www.youtube.com/@the69eyes,249,AD;AE;AF;AG;AI;AL;AM;AO;AQ;AR;AS;AT;AU;AW;AX;AZ;BA;BB;BD;BE;BF;BG;BH;BI;BJ;BL;BM;BN;BO;BQ;BR;BS;BT;BV;BW;BY;BZ;CA;CC;CD;CF;CG;CH;CI;CK;CL;CM;CN;CO;CR;CU;CV;CW;CX;CY;CZ;DE;DJ;DK;DM;DO;DZ;EC;EE;EG;EH;ER;ES;ET;FI;FJ;FK;FM;FO;FR;GA;GB;GD;GE;GF;GG;GH;GI;GL;GM;GN;GP;GQ;GR;GS;GT;GU;GW;GY;HK;HM;HN;HR;HT;HU;ID;IE;IL;IM;IN;IO;IQ;IR;IS;IT;JE;JM;JO;JP;KE;KG;KH;KI;KM;KN;KP;KR;KW;KY;KZ;LA;LB;LC;LI;LK;LR;LS;LT;LU;LV;LY;MA;MC;MD;ME;MF;MG;MH;MK;ML;MM;MN;MO;MP;MQ;MR;MS;MT;MU;MV;MW;MX;MY;MZ;NA;NC;NE;NF;NG;NI;NL;NO;NP;NR;NU;NZ;OM;PA;PE;PF;PG;PH;PK;PL;PM;PN;PR;PS;PT;PW;PY;QA;RE;RO;RS;RU;RW;SA;SB;SC;SD;SE;SG;SH;SI;SJ;SK;SL;SM;SN;SO;SR;SS;ST;SV;SX;SY;SZ;TC;TD;TF;TG;TH;TJ;TK;TL;TM;TN;TO;TR;TT;TV;TW;TZ;UA;UG;UM;US;UY;UZ;VA;VC;VE;VG;VI;VN;VU;WF;WS;YE;YT;ZA;ZM;ZW,"Distribution availability, not artist nationality or audience geography.",Gothic Rock; Helsinki Vampires; Gothic; Jyrki 69; Jussi 69; Devils; Lost Boys; West End; Billy Idol; Iggy Pop; The Cult; The Doors; The Ramones; Type O Negative; Bazie; Archzie; Timo-Timo; Rock; Hard Rock; Blessed Be; Paris Kills; Angels; Glam Rock; Goth`n`Roll,https://music.youtube.com/watch?v=Lr7A5FN3CMI,True,False,False,True,False,False,True,True,False,,OK,True,INDIFFERENT,False,https://i.ytimg.com/vi/Lr7A5FN3CMI/hqdefault.jpg,"[{""url"": ""https://i.ytimg.com/vi/Lr7A5FN3CMI/hqdefault.jpg?sqp=-oaymwEWCJADEOEBIAQqCggAEOADGC0guwJIWg&rs=AMzJL3na9y5fJwCEOMt64s9I--UCCgYGOA"", ""width"": 400, ""height"": 225}]",,,missing album browse id,YouTube Music internal web API via ytmusicapi; personalized playlist fetched with named auth profile.,16.0,48.333333,5.923721584,cumulative views of the exact recommended YouTube video,838922,5.923721584,Upper buffer,Buffer,"Frozen 83-song candidate pool captured 2026-06-29T19:44:09+00:00; Low <=7,505; lower buffer 7,506-19,756; Middle 19,757-243,792; upper buffer 243,793-1,223,809; High >=1,223,810 views.","Use view_count or popularity_log10_view_count for comparisons across users, weeks, and the original playlist. Do not use the within-Discover-Mix rank or percentile for cross-playlist comparisons because those are recalculated separately inside every 30-song mix.",Popularity is for the exact recommended video ID. Report or control video_type because this item is MUSIC_VIDEO_TYPE_OMV; ATV denotes an Art Track and OMV an official music video.
2026-08-04T18:57:58+00:00,user_01,aysima MCT,Discover Mix,RDTMAK5uy_n_5IN6hzAOwdCnM8D8rzrs3vDl12UcZpA,https://music.youtube.com/playlist?list=RDTMAK5uy_n_5IN6hzAOwdCnM8D8rzrs3vDl12UcZpA,,,,47767,"Discover great music, picked just for you. Always updating.",29,_tF692t0I9c,https://music.youtube.com/watch?v=_tF692t0I9c,https://www.youtube.com/watch?v=_tF692t0I9c,Rain of Fury,Rhapsody of Fire,UCjjuWbTlk-8b_MaGqTBnlsQ,"[{""id"": ""UCjjuWbTlk-8b_MaGqTBnlsQ"", ""name"": ""Rhapsody of Fire"", ""subscribers_display"": ""148K"", ""subscribers_approx"": 148000, ""channel_views"": 130040482, ""description"": ""Italian symphonic metal gods RHAPSODY OF FIRE, started their career in Trieste in the mid 90’s (releasing their first albums under the banner of “Rhapsody”), the debut ‘Legendary Tales’ (1997) and the second studio album ‘Symphony Of Enchanted Lands’ (1998) made a huge impact on the scene with a unique mixture of classic power metal, baroque/classical elements, operatic choirs and movie-like orchestrations. A huge worldwide fan base was built very quickly and the first five albums (which sold way over 1.000.000 copies) placed Rhapsody on top of the best-selling and most popular metal artists worldwide. They have played several tours all around the world in front of amazing crowds from Sao Paulo to Tokyo. \n\nIn 2004, Christopher Lee, a world-renowned actor that played in numerous movies including The Lord of The Rings as Saruman, contributed to the band by narrating and singing in their recordings. The most famous song that illustrates this unforgettable cooperation is “The Magic Of the Wizard’s Dream”. \n\nFrom 2011, Alex Staropoli invited his longtime friend Roby De Micheli to become the new guitarist of RHAPSODY OF FIRE to continue producing music in the more classic and heavy direction that the fans loved so much."", ""song_shelf_count"": 5, ""album_shelf_count"": 10, ""single_shelf_count"": 10, ""video_shelf_count"": 10, ""lookup_error"": """"}]",UCjjuWbTlk-8b_MaGqTBnlsQ,Rhapsody of Fire,148K,148000,130040482,"Italian symphonic metal gods RHAPSODY OF FIRE, started their career in Trieste in the mid 90’s (releasing their first albums under the banner of “Rhapsody”), the debut ‘Legendary Tales’ (1997) and the second studio album ‘Symphony Of Enchanted Lands’ (1998) made a huge impact on the scene with a unique mixture of classic power metal, baroque/classical elements, operatic choirs and movie-like orchestrations. A huge worldwide fan base was built very quickly and the first five albums (which sold way over 1.000.000 copies) placed Rhapsody on top of the best-selling and most popular metal artists worldwide. They have played several tours all around the world in front of amazing crowds from Sao Paulo to Tokyo. 

In 2004, Christopher Lee, a world-renowned actor that played in numerous movies including The Lord of The Rings as Saruman, contributed to the band by narrating and singing in their recordings. The most famous song that illustrates this unforgettable cooperation is “The Magic Of the Wizard’s Dream”. 

From 2011, Alex Staropoli invited his longtime friend Roby De Micheli to become the new guitarist of RHAPSODY OF FIRE to continue producing music in the more classic and heavy direction that the fans loved so much.",5,10,10,10,,,,,,,,,,,4:19,259,MUSIC_VIDEO_TYPE_OMV,1813215,,ytmusicapi player response videoDetails.viewCount,,,Not exposed by this YouTube Music endpoint; official YouTube Data API credentials are required.,Music,2019-01-11T02:10:20-08:00,2019-01-11T02:10:20-08:00,AFM Records,UCKdA5J4-opjla1aWOjF74mg,http://www.youtube.com/@afmrecords,249,AD;AE;AF;AG;AI;AL;AM;AO;AQ;AR;AS;AT;AU;AW;AX;AZ;BA;BB;BD;BE;BF;BG;BH;BI;BJ;BL;BM;BN;BO;BQ;BR;BS;BT;BV;BW;BY;BZ;CA;CC;CD;CF;CG;CH;CI;CK;CL;CM;CN;CO;CR;CU;CV;CW;CX;CY;CZ;DE;DJ;DK;DM;DO;DZ;EC;EE;EG;EH;ER;ES;ET;FI;FJ;FK;FM;FO;FR;GA;GB;GD;GE;GF;GG;GH;GI;GL;GM;GN;GP;GQ;GR;GS;GT;GU;GW;GY;HK;HM;HN;HR;HT;HU;ID;IE;IL;IM;IN;IO;IQ;IR;IS;IT;JE;JM;JO;JP;KE;KG;KH;KI;KM;KN;KP;KR;KW;KY;KZ;LA;LB;LC;LI;LK;LR;LS;LT;LU;LV;LY;MA;MC;MD;ME;MF;MG;MH;MK;ML;MM;MN;MO;MP;MQ;MR;MS;MT;MU;MV;MW;MX;MY;MZ;NA;NC;NE;NF;NG;NI;NL;NO;NP;NR;NU;NZ;OM;PA;PE;PF;PG;PH;PK;PL;PM;PN;PR;PS;PT;PW;PY;QA;RE;RO;RS;RU;RW;SA;SB;SC;SD;SE;SG;SH;SI;SJ;SK;SL;SM;SN;SO;SR;SS;ST;SV;SX;SY;SZ;TC;TD;TF;TG;TH;TJ;TK;TL;TM;TN;TO;TR;TT;TV;TW;TZ;UA;UG;UM;US;UY;UZ;VA;VC;VE;VG;VI;VN;VU;WF;WS;YE;YT;ZA;ZM;ZW,"Distribution availability, not artist nationality or audience geography.",afmrecords; AFM; Records; heavymetal; powermetal; official; musicvideo; music; metal; clip; Rhapsody; Rhapsody Of Fire,https://music.youtube.com/watch?v=_tF692t0I9c,True,False,False,True,False,False,True,True,False,,OK,True,INDIFFERENT,False,https://i.ytimg.com/vi/_tF692t0I9c/maxresdefault.jpg,"[{""url"": ""https://i.ytimg.com/vi/_tF692t0I9c/hqdefault.jpg?sqp=-oaymwEWCJADEOEBIAQqCggAEOADGC0guwJIWg&rs=AMzJL3nyusNFNbFnXkOt9e8nQ4lVZgrHCA"", ""width"": 400, ""height"": 225}]",,,missing album browse id,YouTube Music internal web API via ytmusicapi; personalized playlist fetched with named auth profile.,12.0,61.666667,6.258449303,cumulative views of the exact recommended YouTube video,1813215,6.258449303,High,High,"Frozen 83-song candidate pool captured 2026-06-29T19:44:09+00:00; Low <=7,505; lower buffer 7,506-19,756; Middle 19,757-243,792; upper buffer 243,793-1,223,809; High >=1,223,810 views.","Use view_count or popularity_log10_view_count for comparisons across users, weeks, and the original playlist. Do not use the within-Discover-Mix rank or percentile for cross-playlist comparisons because those are recalculated separately inside every 30-song mix.",Popularity is for the exact recommended video ID. Report or control video_type because this item is MUSIC_VIDEO_TYPE_OMV; ATV denotes an Art Track and OMV an official music video.
2026-08-04T18:57:58+00:00,user_01,aysima MCT,Discover Mix,RDTMAK5uy_n_5IN6hzAOwdCnM8D8rzrs3vDl12UcZpA,https://music.youtube.com/playlist?list=RDTMAK5uy_n_5IN6hzAOwdCnM8D8rzrs3vDl12UcZpA,,,,47767,"Discover great music, picked just for you. Always updating.",30,iQVei5C2N4E,https://music.youtube.com/watch?v=iQVei5C2N4E,https://www.youtube.com/watch?v=iQVei5C2N4E,Faster (Music Video),Within Temptation,UCeWkbf3RIeKRs8THlxPlUUA,"[{""id"": ""UCeWkbf3RIeKRs8THlxPlUUA"", ""name"": ""Within Temptation"", ""subscribers_display"": ""1.28M"", ""subscribers_approx"": 1280000, ""channel_views"": 1167930816, ""description"": ""Within Temptation is a Dutch symphonic metal band founded in 1996 by vocalist Sharon den Adel and guitarist Robert Westerholt. Known for their fusion of powerful metal riffs and orchestral elements, they have become a cornerstone of the symphonic metal genre. Their debut album, *Enter* (1997), showcased a gothic metal style, but it was their second album, *Mother Earth* (2000), that catapulted them to fame with the hit single \""Ice Queen,\"" which topped the charts in the Netherlands and Belgium.\n\nThe band solidified their international presence with *The Silent Force* (2004), featuring a full orchestra and choir, and *The Heart of Everything* (2007), which introduced them to a wider global audience. Their fifth album, *The Unforgiving* (2011), brought a fresh sound blending rock and pop influences, complemented by a comic book series and short films. *Hydra* (2014) expanded their versatility with collaborations featuring artists like Howard Jones and Tarja Turunen. \n\nIn 2019, *Resist* modernized their symphonic sound with contemporary influences, while their most recent album, *Bleed Out* (2023), continues their musical evolution. Major hits include \""Ice Queen,\"" \""Stand My Ground,\"" \""Angels,\"" \""Faster,\"" and \""Paradise (What About Us?).\"" \n\nWith numerous awards and a global fanbase, Within Temptation remains one of the most celebrated acts in symphonic metal, renowned for their dynamic live performances and genre-defining sound."", ""song_shelf_count"": 5, ""album_shelf_count"": 10, ""single_shelf_count"": 10, ""video_shelf_count"": 10, ""lookup_error"": """"}]",UCeWkbf3RIeKRs8THlxPlUUA,Within Temptation,1.28M,1280000,1167930816,"Within Temptation is a Dutch symphonic metal band founded in 1996 by vocalist Sharon den Adel and guitarist Robert Westerholt. Known for their fusion of powerful metal riffs and orchestral elements, they have become a cornerstone of the symphonic metal genre. Their debut album, *Enter* (1997), showcased a gothic metal style, but it was their second album, *Mother Earth* (2000), that catapulted them to fame with the hit single ""Ice Queen,"" which topped the charts in the Netherlands and Belgium.

The band solidified their international presence with *The Silent Force* (2004), featuring a full orchestra and choir, and *The Heart of Everything* (2007), which introduced them to a wider global audience. Their fifth album, *The Unforgiving* (2011), brought a fresh sound blending rock and pop influences, complemented by a comic book series and short films. *Hydra* (2014) expanded their versatility with collaborations featuring artists like Howard Jones and Tarja Turunen. 

In 2019, *Resist* modernized their symphonic sound with contemporary influences, while their most recent album, *Bleed Out* (2023), continues their musical evolution. Major hits include ""Ice Queen,"" ""Stand My Ground,"" ""Angels,"" ""Faster,"" and ""Paradise (What About Us?)."" 

With numerous awards and a global fanbase, Within Temptation remains one of the most celebrated acts in symphonic metal, renowned for their dynamic live performances and genre-defining sound.",5,10,10,10,,,,,,,,,,,4:24,264,MUSIC_VIDEO_TYPE_OMV,71444905,,ytmusicapi player response videoDetails.viewCount,,,Not exposed by this YouTube Music endpoint; official YouTube Data API credentials are required.,Music,2019-05-06T09:56:08-07:00,2019-05-06T09:56:08-07:00,WithinTemptationVEVO,UChJVzMMn62Cd4E6Oohtia-Q,http://www.youtube.com/@WithinTemptationVEVO,249,AD;AE;AF;AG;AI;AL;AM;AO;AQ;AR;AS;AT;AU;AW;AX;AZ;BA;BB;BD;BE;BF;BG;BH;BI;BJ;BL;BM;BN;BO;BQ;BR;BS;BT;BV;BW;BY;BZ;CA;CC;CD;CF;CG;CH;CI;CK;CL;CM;CN;CO;CR;CU;CV;CW;CX;CY;CZ;DE;DJ;DK;DM;DO;DZ;EC;EE;EG;EH;ER;ES;ET;FI;FJ;FK;FM;FO;FR;GA;GB;GD;GE;GF;GG;GH;GI;GL;GM;GN;GP;GQ;GR;GS;GT;GU;GW;GY;HK;HM;HN;HR;HT;HU;ID;IE;IL;IM;IN;IO;IQ;IR;IS;IT;JE;JM;JO;JP;KE;KG;KH;KI;KM;KN;KP;KR;KW;KY;KZ;LA;LB;LC;LI;LK;LR;LS;LT;LU;LV;LY;MA;MC;MD;ME;MF;MG;MH;MK;ML;MM;MN;MO;MP;MQ;MR;MS;MT;MU;MV;MW;MX;MY;MZ;NA;NC;NE;NF;NG;NI;NL;NO;NP;NR;NU;NZ;OM;PA;PE;PF;PG;PH;PK;PL;PM;PN;PR;PS;PT;PW;PY;QA;RE;RO;RS;RU;RW;SA;SB;SC;SD;SE;SG;SH;SI;SJ;SK;SL;SM;SN;SO;SR;SS;ST;SV;SX;SY;SZ;TC;TD;TF;TG;TH;TJ;TK;TL;TM;TN;TO;TR;TT;TV;TW;TZ;UA;UG;UM;US;UY;UZ;VA;VC;VE;VG;VI;VN;VU;WF;WS;YE;YT;ZA;ZM;ZW,"Distribution availability, not artist nationality or audience geography.",Columbia Dragnet; Faster; Rock; Within Temptation,https://music.youtube.com/watch?v=iQVei5C2N4E,True,False,False,True,False,False,True,True,False,,OK,True,INDIFFERENT,False,https://i.ytimg.com/vi/iQVei5C2N4E/maxresdefault.jpg,"[{""url"": ""https://i.ytimg.com/vi/iQVei5C2N4E/hqdefault.jpg?sqp=-oaymwEWCJADEOEBIAQqCggAEOADGC0guwJIWg&rs=AMzJL3mmQyGRaI2TERTphzKkRTe4LTbIVw"", ""width"": 400, ""height"": 225}]",,,missing album browse id,YouTube Music internal web API via ytmusicapi; personalized playlist fetched with named auth profile.,3.0,91.666667,7.853971263,cumulative views of the exact recommended YouTube video,71444905,7.853971263,High,High,"Frozen 83-song candidate pool captured 2026-06-29T19:44:09+00:00; Low <=7,505; lower buffer 7,506-19,756; Middle 19,757-243,792; upper buffer 243,793-1,223,809; High >=1,223,810 views.","Use view_count or popularity_log10_view_count for comparisons across users, weeks, and the original playlist. Do not use the within-Discover-Mix rank or percentile for cross-playlist comparisons because those are recalculated separately inside every 30-song mix.",Popularity is for the exact recommended video ID. Report or control video_type because this item is MUSIC_VIDEO_TYPE_OMV; ATV denotes an Art Track and OMV an official music video.
