captured_at_utc,auth_profile,verified_account_name,playlist_name,playlist_id,playlist_url,playlist_author,playlist_track_count_reported,playlist_track_count_returned_by_api,playlist_track_count_used_by_collector,playlist_track_limit_requested,playlist_track_limit_note,playlist_duration,playlist_duration_seconds,playlist_description,playlist_position,video_id,youtube_music_url,youtube_url,title,artists,artist_ids,artist_details_json,primary_artist_id,primary_artist_name,artist_subscribers_display,artist_subscribers_approx,artist_channel_views,artist_description,artist_song_shelf_count,artist_album_shelf_count,artist_single_shelf_count,artist_video_shelf_count,album_browse_id,album_name,album_type,album_year,album_track_count,album_duration,album_duration_seconds,album_audio_playlist_id,album_artists,album_description,duration,duration_seconds,video_type,view_count,playlist_view_display,view_count_source,like_count,comment_count,like_comment_note,category,upload_date,publish_date,topic_channel_owner,topic_channel_id,topic_channel_url,available_country_count,available_country_codes,available_countries_note,tags,canonical_url,family_safe,unlisted,paid,allow_ratings,is_live_content,is_private,is_crawlable,is_available,is_explicit_track,is_explicit_album,playability_status,playable_in_embed,profile_like_status,profile_in_library,thumbnail_url,track_thumbnails_json,song_lookup_error,artist_lookup_error,album_lookup_error,source_note,view_rank_within_discover_mix_desc,view_percentile_within_discover_mix,log10_view_count,popularity_measure,popularity_value_view_count,popularity_log10_view_count,popularity_original_pool_fixed_band,popularity_original_pool_fixed_tier,popularity_tier_reference,popularity_comparison_note,popularity_video_version_note
2026-08-17T12:38:50+00:00,user_10,Aylin Karca,Discover Mix,RDTMAK5uy_n_5IN6hzAOwdCnM8D8rzrs3vDl12UcZpA,https://music.youtube.com/playlist?list=RDTMAK5uy_n_5IN6hzAOwdCnM8D8rzrs3vDl12UcZpA,,,200,30,30,Collector records only the first 30 tracks. YouTube Music's browse response may still include more tracks in the raw API payload.,,53670,"Discover great music, picked just for you. Always updating.",1,LaegLXWI3KE,https://music.youtube.com/watch?v=LaegLXWI3KE,https://www.youtube.com/watch?v=LaegLXWI3KE,Hollow,Deathless Legacy,UCvYrTrCAYUyw-y5XRsXouBg,"[{""id"": ""UCvYrTrCAYUyw-y5XRsXouBg"", ""name"": ""Deathless Legacy"", ""subscribers_display"": ""2.76K"", ""subscribers_approx"": 2760, ""channel_views"": null, ""description"": null, ""song_shelf_count"": 5, ""album_shelf_count"": 6, ""single_shelf_count"": 7, ""video_shelf_count"": 10, ""lookup_error"": """"}]",UCvYrTrCAYUyw-y5XRsXouBg,Deathless Legacy,2.76K,2760,,,5,6,7,10,MPREb_LootrjkOFN3,Mater Larvarum,Album,2022,11,51 minutes,3098,OLAK5uy_kXlebw6_OyhGdyemCVCJFiO_Iwf0FMdkE,Deathless Legacy,,4:48,288,MUSIC_VIDEO_TYPE_ATV,11669,,ytmusicapi player response videoDetails.viewCount,,,Not exposed by this YouTube Music endpoint; official YouTube Data API credentials are required.,Music,2023-11-15T01:37:06-08:00,2023-11-15T01:37:06-08:00,Deathless Legacy - Topic,UCvYrTrCAYUyw-y5XRsXouBg,http://www.youtube.com/channel/UCvYrTrCAYUyw-y5XRsXouBg,248,AD;AE;AF;AG;AI;AL;AM;AO;AQ;AR;AS;AT;AU;AW;AX;AZ;BA;BB;BD;BE;BF;BG;BH;BI;BJ;BL;BM;BN;BO;BQ;BR;BS;BT;BV;BW;BY;BZ;CA;CC;CD;CF;CG;CH;CI;CK;CL;CM;CN;CO;CR;CU;CV;CW;CX;CY;CZ;DE;DJ;DK;DM;DO;DZ;EC;EE;EG;EH;ER;ES;ET;FI;FJ;FK;FM;FO;FR;GA;GB;GD;GE;GF;GG;GH;GI;GL;GM;GN;GP;GQ;GR;GS;GT;GU;GW;GY;HK;HM;HN;HR;HT;HU;ID;IE;IL;IM;IN;IO;IQ;IR;IS;IT;JE;JM;JO;KE;KG;KH;KI;KM;KN;KP;KR;KW;KY;KZ;LA;LB;LC;LI;LK;LR;LS;LT;LU;LV;LY;MA;MC;MD;ME;MF;MG;MH;MK;ML;MM;MN;MO;MP;MQ;MR;MS;MT;MU;MV;MW;MX;MY;MZ;NA;NC;NE;NF;NG;NI;NL;NO;NP;NR;NU;NZ;OM;PA;PE;PF;PG;PH;PK;PL;PM;PN;PR;PS;PT;PW;PY;QA;RE;RO;RS;RU;RW;SA;SB;SC;SD;SE;SG;SH;SI;SJ;SK;SL;SM;SN;SO;SR;SS;ST;SV;SX;SY;SZ;TC;TD;TF;TG;TH;TJ;TK;TL;TM;TN;TO;TR;TT;TV;TW;TZ;UA;UG;UM;US;UY;UZ;VA;VC;VE;VG;VI;VN;VU;WF;WS;YE;YT;ZA;ZM;ZW,"Distribution availability, not artist nationality or audience geography.",Deathless Legacy; Mater Larvarum; Hollow,https://music.youtube.com/watch?v=LaegLXWI3KE,True,False,False,True,False,False,True,True,False,False,OK,True,INDIFFERENT,False,https://i.ytimg.com/vi/LaegLXWI3KE/maxresdefault.jpg,"[{""url"": ""https://yt3.googleusercontent.com/1qw1ncnSFjssZJsmr93YEnRLHz0ALi0HvWLwmYyiOPWFhwRbaGcPhYBD5YfolyityM8JjGMolNElrIc=w60-h60-l90-rj"", ""width"": 60, ""height"": 60}, {""url"": ""https://yt3.googleusercontent.com/1qw1ncnSFjssZJsmr93YEnRLHz0ALi0HvWLwmYyiOPWFhwRbaGcPhYBD5YfolyityM8JjGMolNElrIc=w120-h120-l90-rj"", ""width"": 120, ""height"": 120}]",,,,YouTube Music internal web API via ytmusicapi; personalized playlist fetched with named auth profile.,30.0,1.666667,4.06703364,cumulative views of the exact recommended YouTube video,11669,4.06703364,Lower buffer,Buffer,"Frozen 83-song candidate pool captured 2026-06-29T19:44:09+00:00; Low <=7,505; lower buffer 7,506-19,756; Middle 19,757-243,792; upper buffer 243,793-1,223,809; High >=1,223,810 views.","Use view_count or popularity_log10_view_count for comparisons across users, weeks, and the original playlist. Do not use the within-Discover-Mix rank or percentile for cross-playlist comparisons because those are recalculated separately inside every 30-song mix.",Popularity is for the exact recommended video ID. Report or control video_type because this item is MUSIC_VIDEO_TYPE_ATV; ATV denotes an Art Track and OMV an official music video.
2026-08-17T12:38:50+00:00,user_10,Aylin Karca,Discover Mix,RDTMAK5uy_n_5IN6hzAOwdCnM8D8rzrs3vDl12UcZpA,https://music.youtube.com/playlist?list=RDTMAK5uy_n_5IN6hzAOwdCnM8D8rzrs3vDl12UcZpA,,,200,30,30,Collector records only the first 30 tracks. YouTube Music's browse response may still include more tracks in the raw API payload.,,53670,"Discover great music, picked just for you. Always updating.",2,gl-kJncgV0s,https://music.youtube.com/watch?v=gl-kJncgV0s,https://www.youtube.com/watch?v=gl-kJncgV0s,Brothers of Crail,Gloryhammer,UCPGTSBEsBiITt6ZaniWufag,"[{""id"": ""UCPGTSBEsBiITt6ZaniWufag"", ""name"": ""Gloryhammer"", ""subscribers_display"": ""54.2K"", ""subscribers_approx"": 54200, ""channel_views"": 67456057, ""description"": ""Gloryhammer are a British power metal band founded by keyboardist Christopher Bowes, lead vocalist of the band Alestorm. Each member of the band represents a character in the story concept. Band members appear on stage in armour and costumes to represent their respective characters.\n\nFrom Wikipedia ("", ""song_shelf_count"": 5, ""album_shelf_count"": 4, ""single_shelf_count"": 10, ""video_shelf_count"": 10, ""lookup_error"": """"}]",UCPGTSBEsBiITt6ZaniWufag,Gloryhammer,54.2K,54200,67456057,"Gloryhammer are a British power metal band founded by keyboardist Christopher Bowes, lead vocalist of the band Alestorm. Each member of the band represents a character in the story concept. Band members appear on stage in armour and costumes to represent their respective characters.

From Wikipedia (",5,4,10,10,MPREb_vOY7Z2Vnk42,Return to the Kingdom of Fife,Album,2023,10,48 minutes,2902,OLAK5uy_nHouqsTK_3QvcAcLsXTwJrt-Yz08sJEJc,Gloryhammer,,4:17,257,MUSIC_VIDEO_TYPE_ATV,624697,,ytmusicapi player response videoDetails.viewCount,,,Not exposed by this YouTube Music endpoint; official YouTube Data API credentials are required.,Music,2023-06-01T03:00:33-07:00,2023-06-01T03:00:33-07:00,Gloryhammer - Topic,UCPGTSBEsBiITt6ZaniWufag,http://www.youtube.com/channel/UCPGTSBEsBiITt6ZaniWufag,122,AE;AR;AS;AT;AU;AW;AZ;BA;BD;BE;BG;BH;BM;BO;BR;BY;CA;CH;CL;CO;CR;CY;CZ;DE;DK;DO;DZ;EC;EE;EG;ES;FI;FR;GB;GE;GF;GH;GP;GR;GT;GU;HK;HN;HR;HU;ID;IE;IL;IN;IQ;IS;IT;JM;JO;JP;KE;KH;KR;KW;KY;KZ;LA;LB;LI;LK;LT;LU;LV;LY;MA;MK;MP;MQ;MT;MX;MY;NC;NG;NI;NL;NO;NP;NZ;OM;PA;PE;PF;PG;PH;PK;PL;PR;PT;PY;QA;RE;RO;RS;SA;SE;SG;SI;SK;SN;SV;TC;TH;TN;TR;TW;TZ;UA;UG;US;UY;VE;VI;VN;YE;YT;ZA;ZW,"Distribution availability, not artist nationality or audience geography.",Gloryhammer; Paul Templing; Christopher Bowes; Sozos Michael; Return to the Kingdom of Fife; Brothers of Crail,https://music.youtube.com/watch?v=gl-kJncgV0s,True,False,False,True,False,False,True,True,False,False,OK,True,INDIFFERENT,False,https://i.ytimg.com/vi/gl-kJncgV0s/maxresdefault.jpg,"[{""url"": ""https://yt3.googleusercontent.com/xtUn_Qw2fYHMMmiqFoXfTAr8-kiCIaWWy9HHD911Rb98hurennh1sC1QvyzTyrNs9XkGGTyFXsQxayAX=w60-h60-l90-rj"", ""width"": 60, ""height"": 60}, {""url"": ""https://yt3.googleusercontent.com/xtUn_Qw2fYHMMmiqFoXfTAr8-kiCIaWWy9HHD911Rb98hurennh1sC1QvyzTyrNs9XkGGTyFXsQxayAX=w120-h120-l90-rj"", ""width"": 120, ""height"": 120}]",,,,YouTube Music internal web API via ytmusicapi; personalized playlist fetched with named auth profile.,14.0,55.0,5.79566942,cumulative views of the exact recommended YouTube video,624697,5.79566942,Upper buffer,Buffer,"Frozen 83-song candidate pool captured 2026-06-29T19:44:09+00:00; Low <=7,505; lower buffer 7,506-19,756; Middle 19,757-243,792; upper buffer 243,793-1,223,809; High >=1,223,810 views.","Use view_count or popularity_log10_view_count for comparisons across users, weeks, and the original playlist. Do not use the within-Discover-Mix rank or percentile for cross-playlist comparisons because those are recalculated separately inside every 30-song mix.",Popularity is for the exact recommended video ID. Report or control video_type because this item is MUSIC_VIDEO_TYPE_ATV; ATV denotes an Art Track and OMV an official music video.
2026-08-17T12:38:50+00:00,user_10,Aylin Karca,Discover Mix,RDTMAK5uy_n_5IN6hzAOwdCnM8D8rzrs3vDl12UcZpA,https://music.youtube.com/playlist?list=RDTMAK5uy_n_5IN6hzAOwdCnM8D8rzrs3vDl12UcZpA,,,200,30,30,Collector records only the first 30 tracks. YouTube Music's browse response may still include more tracks in the raw API payload.,,53670,"Discover great music, picked just for you. Always updating.",3,Zo-zaoV2M6M,https://music.youtube.com/watch?v=Zo-zaoV2M6M,https://www.youtube.com/watch?v=Zo-zaoV2M6M,Delusions of Saviour,Slayer,UC9S7S6SFgBenThCZC6qbMoQ,"[{""id"": ""UC9S7S6SFgBenThCZC6qbMoQ"", ""name"": ""Slayer"", ""subscribers_display"": ""1.09M"", ""subscribers_approx"": 1090000, ""channel_views"": 682920104, ""description"": ""From the opening squeals of the guitars of Kerry King and Jeff Hanneman and the punishing breakaway attack of Dave Lombardo's drums on \""Flesh Storm\"" it's clear from the first thirty seconds the thrash metal titans have returned to pummel listeners with a raging onslaught of new music guaranteed to lay waste to MP3 players, car stereo speakers and whatever else gets in their way.\n\nChrist Illusion marks the long-awaited return of the legendary Slayer. Its first record in five years and its first record in fifteen years with the original band line-up, Christ Illusion is a cacophony of brutality. A soundtrack for the post-Apocalypse. Steeped in scorching riffs and a litany of menacing tracks/tirades on religion and violence, Slayer forges ahead on its devastating path of aural destruction with ten new songs, each charged with the electric hostility for which Slayer is renowned.\nOf the record Kerry King is ecstatic: \""I love it. I really like God Hates Us All and I think that's the best record we've done in my opinion since Seasons In The Abyss, and I like this better than that one. I think it's a more complete record, I think sonically it better: all the performances are awesome. I think this one is more intense not because we're trying to do 'Reign In Blood: The Sequel,' it's just that's where our writing is taking us now.\""\nSongs like the \""Flesh Storm,\"" \""Eyes of the Insane,\"" \""Skeleton Christ,\"" \""Jihad\"" and the first single, \""Cult\"" showcase the band at its most blazing intensity. The sonic excitement of speed, propelled by King, Hanneman and Lombardo and lead by the immutable roar of Tom Araya provoke the listener with Slayer's trademark fascination with terror, violence and religion.\n\nFor as long as Slayer has been making records it has been surrounded by controversy.\nSince the band recorded its first album, \""Show No Mercy,\"" Slayer has been plagued with accusations of Satanism, fascism, racism and so on. Christ Illusion gives no quarter to critics who would mindlessly attack the band for, what the Germans call, \""der Reiz des Unbekannten\"" (meaning \""the attraction of the unknown\""). A lyric fascination with violence and terror which guitarist King enthusiastically describes this way: \""When I was I kid I would see a horror movie over a love story. Being shocked, being in an environment that's not reality might be frightening but is cool nonetheless. With a lot of our songs we put people in that place. It doesn't bother me because I enjoy it. It could easily be programming from all the news channels.\""\n\nSlayer is often assailed for its subject matter, though the band is unrepentant. \"" According to Araya, \""Violence, darkness... So much of my inspiration comes from news articles or pictures and just start describing the images. Television- A&E, the History Channel, Court TV, Documentaries.\""\nThe singer continues, \""With this record, as far as a theme: there is none. That's just our favorite subject matter. The common thread is death. I think that's just a common thread in general: we all share death, and we all share it at different times in different ways, but it's the one thing that we all have in common. We all die. It's how we live that makes us different.\""\n\nBeyond being controversial Slayer is an exceptional force in music, highly praised for its trailblazing style of fast, heavy and aggressive music yet bristling with melody. The much-heralded return of Dave Lombardo to the drummer's throne will leave fans gasping for breath as he clobbers the listener on song after song.\nCommenting on Lombardo's return to the fold, King notes, \""Not to say the shine's worn off, but it's old news to us. I think the thing the kids are going to get into, besides just being the first Slayer album in five years, is that Dave's on it. When he came back he wasn't a member, he just came back to do a couple of tours and people started asking back then 'Is he gonna hang around?' And I would tell them that was up to Dave. But I could tell that Dave was having a killer time.\"" King confided. \""So it was just a matter of time before he said, 'Yeah, let's do it!' But it's great. And now that he's got a new Slayer album that he's played on, I think he's going to get some more enjoyment out of playing. He takes pride in everything he does and it's awesome to have him back with us.\""\n\nHaving the original members record their first album together in fifteen years is certainly newsworthy but the lasting might of the band and its continued popularity is an achievement few can boast. For each of the members, the band is resolute. There is no other band like Slayer.\n\""The staying power behind Slayer is that we've stuck to our guns,\"" Says Araya. \""Integrity... that would be number one. A lot of it has to do with the fact that we've stuck to what we do best. And the fact that we've been together as a band for so long. Ten years with Dave; another ten without Dave; and now Dave's back. It has a lot to do with compromise, that's just the way it has to be. You have to be able to compromise and give and take and that has a lot to do with why we're still together and a force to be reckoned with. I've learned that without each other, Slayer wouldn't exist, and that the whole is greater than its parts.\""\nKerry King is far more succinct. \""Slayer to me is the coolest band on the planet. There is a timeless quality to Slayer. It's cool, but I can't explain it. It's our life.\""\n\nSlayer has created one mesmerizing record after the next, has influenced many of today's most successful bands, including Slipknot, Sepultura, Killswitch Engage, and continues to earn new generations of fans, while staying true to its ceaselessly devoted followers. Slayer's legacy is cemented in music forever and the band remains undaunted in its directive to make punishing, aggressive and exciting music. With Christ Illusion the band marks its territory. Slayer has exceeded itself far beyond thrash metal to become an unstoppable juggernaut without equal.\nTom Araya sums it up: \""I think the best thing is the band's longevity and the fact that we haven't bowed to anyone. That we were able to make a record like Reign In Blood, which, to us, was just another record, but to others, was something very special, it's had such an impact. People will remember it for a long time, and it's all because we did things our way, we didn't bow down to anyone. We didn't compromise. We stuck to being who we are.\"""", ""song_shelf_count"": 5, ""album_shelf_count"": 10, ""single_shelf_count"": 3, ""video_shelf_count"": 10, ""lookup_error"": """"}]",UC9S7S6SFgBenThCZC6qbMoQ,Slayer,1.09M,1090000,682920104,"From the opening squeals of the guitars of Kerry King and Jeff Hanneman and the punishing breakaway attack of Dave Lombardo's drums on ""Flesh Storm"" it's clear from the first thirty seconds the thrash metal titans have returned to pummel listeners with a raging onslaught of new music guaranteed to lay waste to MP3 players, car stereo speakers and whatever else gets in their way.

Christ Illusion marks the long-awaited return of the legendary Slayer. Its first record in five years and its first record in fifteen years with the original band line-up, Christ Illusion is a cacophony of brutality. A soundtrack for the post-Apocalypse. Steeped in scorching riffs and a litany of menacing tracks/tirades on religion and violence, Slayer forges ahead on its devastating path of aural destruction with ten new songs, each charged with the electric hostility for which Slayer is renowned.
Of the record Kerry King is ecstatic: ""I love it. I really like God Hates Us All and I think that's the best record we've done in my opinion since Seasons In The Abyss, and I like this better than that one. I think it's a more complete record, I think sonically it better: all the performances are awesome. I think this one is more intense not because we're trying to do 'Reign In Blood: The Sequel,' it's just that's where our writing is taking us now.""
Songs like the ""Flesh Storm,"" ""Eyes of the Insane,"" ""Skeleton Christ,"" ""Jihad"" and the first single, ""Cult"" showcase the band at its most blazing intensity. The sonic excitement of speed, propelled by King, Hanneman and Lombardo and lead by the immutable roar of Tom Araya provoke the listener with Slayer's trademark fascination with terror, violence and religion.

For as long as Slayer has been making records it has been surrounded by controversy.
Since the band recorded its first album, ""Show No Mercy,"" Slayer has been plagued with accusations of Satanism, fascism, racism and so on. Christ Illusion gives no quarter to critics who would mindlessly attack the band for, what the Germans call, ""der Reiz des Unbekannten"" (meaning ""the attraction of the unknown""). A lyric fascination with violence and terror which guitarist King enthusiastically describes this way: ""When I was I kid I would see a horror movie over a love story. Being shocked, being in an environment that's not reality might be frightening but is cool nonetheless. With a lot of our songs we put people in that place. It doesn't bother me because I enjoy it. It could easily be programming from all the news channels.""

Slayer is often assailed for its subject matter, though the band is unrepentant. "" According to Araya, ""Violence, darkness... So much of my inspiration comes from news articles or pictures and just start describing the images. Television- A&E, the History Channel, Court TV, Documentaries.""
The singer continues, ""With this record, as far as a theme: there is none. That's just our favorite subject matter. The common thread is death. I think that's just a common thread in general: we all share death, and we all share it at different times in different ways, but it's the one thing that we all have in common. We all die. It's how we live that makes us different.""

Beyond being controversial Slayer is an exceptional force in music, highly praised for its trailblazing style of fast, heavy and aggressive music yet bristling with melody. The much-heralded return of Dave Lombardo to the drummer's throne will leave fans gasping for breath as he clobbers the listener on song after song.
Commenting on Lombardo's return to the fold, King notes, ""Not to say the shine's worn off, but it's old news to us. I think the thing the kids are going to get into, besides just being the first Slayer album in five years, is that Dave's on it. When he came back he wasn't a member, he just came back to do a couple of tours and people started asking back then 'Is he gonna hang around?' And I would tell them that was up to Dave. But I could tell that Dave was having a killer time."" King confided. ""So it was just a matter of time before he said, 'Yeah, let's do it!' But it's great. And now that he's got a new Slayer album that he's played on, I think he's going to get some more enjoyment out of playing. He takes pride in everything he does and it's awesome to have him back with us.""

Having the original members record their first album together in fifteen years is certainly newsworthy but the lasting might of the band and its continued popularity is an achievement few can boast. For each of the members, the band is resolute. There is no other band like Slayer.
""The staying power behind Slayer is that we've stuck to our guns,"" Says Araya. ""Integrity... that would be number one. A lot of it has to do with the fact that we've stuck to what we do best. And the fact that we've been together as a band for so long. Ten years with Dave; another ten without Dave; and now Dave's back. It has a lot to do with compromise, that's just the way it has to be. You have to be able to compromise and give and take and that has a lot to do with why we're still together and a force to be reckoned with. I've learned that without each other, Slayer wouldn't exist, and that the whole is greater than its parts.""
Kerry King is far more succinct. ""Slayer to me is the coolest band on the planet. There is a timeless quality to Slayer. It's cool, but I can't explain it. It's our life.""

Slayer has created one mesmerizing record after the next, has influenced many of today's most successful bands, including Slipknot, Sepultura, Killswitch Engage, and continues to earn new generations of fans, while staying true to its ceaselessly devoted followers. Slayer's legacy is cemented in music forever and the band remains undaunted in its directive to make punishing, aggressive and exciting music. With Christ Illusion the band marks its territory. Slayer has exceeded itself far beyond thrash metal to become an unstoppable juggernaut without equal.
Tom Araya sums it up: ""I think the best thing is the band's longevity and the fact that we haven't bowed to anyone. That we were able to make a record like Reign In Blood, which, to us, was just another record, but to others, was something very special, it's had such an impact. People will remember it for a long time, and it's all because we did things our way, we didn't bow down to anyone. We didn't compromise. We stuck to being who we are.""",5,10,3,10,MPREb_Ic7ZWlzpTJN,Repentless,Album,2015,12,42 minutes,2523,OLAK5uy_lXg5ZAzZSEI5eEm5YKIyjV2wLhKCX6qVc,Slayer,"Repentless is the twelfth and final studio album by American thrash metal band Slayer, released on September 11, 2015. This is the band's only album recorded without guitarist Jeff Hanneman, who died from liver cirrhosis in 2013 and was replaced by Gary Holt. It is also the first album to feature drummer Paul Bostaph since God Hates Us All. Repentless is also the only album the band released on Nuclear Blast and was produced by Terry Date, replacing Rick Rubin after twenty-nine years and nine studio albums as their producer or executive producer. The six-year gap between World Painted Blood and Repentless was also the longest between two Slayer albums in their career.
Three singles were released from the album: ""Repentless,"" ""You Against You"" and ""Pride in Prejudice"". The album debuted at no. 4 on the Billboard 200, the highest-charting debut from the band in its native country. It also topped the chart in Germany and featured in the top ten of almost twenty charts around the world. It received generally positive reviews from critics.

From Wikipedia (",1:56,116,MUSIC_VIDEO_TYPE_ATV,7546271,,ytmusicapi player response videoDetails.viewCount,,,Not exposed by this YouTube Music endpoint; official YouTube Data API credentials are required.,Music,2019-03-19T12:17:26-07:00,2019-03-19T12:17:26-07:00,Slayer - Topic,UC9S7S6SFgBenThCZC6qbMoQ,http://www.youtube.com/channel/UC9S7S6SFgBenThCZC6qbMoQ,249,AD;AE;AF;AG;AI;AL;AM;AO;AQ;AR;AS;AT;AU;AW;AX;AZ;BA;BB;BD;BE;BF;BG;BH;BI;BJ;BL;BM;BN;BO;BQ;BR;BS;BT;BV;BW;BY;BZ;CA;CC;CD;CF;CG;CH;CI;CK;CL;CM;CN;CO;CR;CU;CV;CW;CX;CY;CZ;DE;DJ;DK;DM;DO;DZ;EC;EE;EG;EH;ER;ES;ET;FI;FJ;FK;FM;FO;FR;GA;GB;GD;GE;GF;GG;GH;GI;GL;GM;GN;GP;GQ;GR;GS;GT;GU;GW;GY;HK;HM;HN;HR;HT;HU;ID;IE;IL;IM;IN;IO;IQ;IR;IS;IT;JE;JM;JO;JP;KE;KG;KH;KI;KM;KN;KP;KR;KW;KY;KZ;LA;LB;LC;LI;LK;LR;LS;LT;LU;LV;LY;MA;MC;MD;ME;MF;MG;MH;MK;ML;MM;MN;MO;MP;MQ;MR;MS;MT;MU;MV;MW;MX;MY;MZ;NA;NC;NE;NF;NG;NI;NL;NO;NP;NR;NU;NZ;OM;PA;PE;PF;PG;PH;PK;PL;PM;PN;PR;PS;PT;PW;PY;QA;RE;RO;RS;RU;RW;SA;SB;SC;SD;SE;SG;SH;SI;SJ;SK;SL;SM;SN;SO;SR;SS;ST;SV;SX;SY;SZ;TC;TD;TF;TG;TH;TJ;TK;TL;TM;TN;TO;TR;TT;TV;TW;TZ;UA;UG;UM;US;UY;UZ;VA;VC;VE;VG;VI;VN;VU;WF;WS;YE;YT;ZA;ZM;ZW,"Distribution availability, not artist nationality or audience geography.",Slayer; Repentless; Delusions of Saviour,https://music.youtube.com/watch?v=Zo-zaoV2M6M,True,False,False,True,False,False,True,True,True,False,OK,True,INDIFFERENT,False,https://i.ytimg.com/vi/Zo-zaoV2M6M/maxresdefault.jpg,"[{""url"": ""https://yt3.googleusercontent.com/j6QCO7-DOOrPYN6hCkT3-lXHjskMpWnwxCnkHFnXJtLmfTGAZJ4ZpHe9fYcZvaPsslYCD2T7daZMNcRY=w60-h60-l90-rj"", ""width"": 60, ""height"": 60}, {""url"": ""https://yt3.googleusercontent.com/j6QCO7-DOOrPYN6hCkT3-lXHjskMpWnwxCnkHFnXJtLmfTGAZJ4ZpHe9fYcZvaPsslYCD2T7daZMNcRY=w120-h120-l90-rj"", ""width"": 120, ""height"": 120}]",,,,YouTube Music internal web API via ytmusicapi; personalized playlist fetched with named auth profile.,5.0,85.0,6.877732397,cumulative views of the exact recommended YouTube video,7546271,6.877732397,High,High,"Frozen 83-song candidate pool captured 2026-06-29T19:44:09+00:00; Low <=7,505; lower buffer 7,506-19,756; Middle 19,757-243,792; upper buffer 243,793-1,223,809; High >=1,223,810 views.","Use view_count or popularity_log10_view_count for comparisons across users, weeks, and the original playlist. Do not use the within-Discover-Mix rank or percentile for cross-playlist comparisons because those are recalculated separately inside every 30-song mix.",Popularity is for the exact recommended video ID. Report or control video_type because this item is MUSIC_VIDEO_TYPE_ATV; ATV denotes an Art Track and OMV an official music video.
2026-08-17T12:38:50+00:00,user_10,Aylin Karca,Discover Mix,RDTMAK5uy_n_5IN6hzAOwdCnM8D8rzrs3vDl12UcZpA,https://music.youtube.com/playlist?list=RDTMAK5uy_n_5IN6hzAOwdCnM8D8rzrs3vDl12UcZpA,,,200,30,30,Collector records only the first 30 tracks. YouTube Music's browse response may still include more tracks in the raw API payload.,,53670,"Discover great music, picked just for you. Always updating.",4,Lr7A5FN3CMI,https://music.youtube.com/watch?v=Lr7A5FN3CMI,https://www.youtube.com/watch?v=Lr7A5FN3CMI,The 69 Eyes - Death Of Darkness (Official Music Video),The 69 Eyes,UC2XP5vqDA7wXeyCnaNf5o_g,"[{""id"": ""UC2XP5vqDA7wXeyCnaNf5o_g"", ""name"": ""The 69 Eyes"", ""subscribers_display"": ""127K"", ""subscribers_approx"": 127000, ""channel_views"": 71022398, ""description"": ""Some 22 years later after forming, in the world without THE RAMONES or TYPE O NEGATIVE, THE 69 EYES release their 10th studio album. To celebrate their long existence, the band has decided to name the album as Roman tenth, “X”. It also has ten songs. In the world where albums mattered, the 10th album of THE ROLLING STONES was “Exile on Main St.” And indeed “X” is also a turning point for THE 69 EYES. It clearly starts something new. Once again it sounds completely fresh and ambitious. It’s more melodic than its predecessor, Hollywood-made glam metallic “Back In Blood”. It’s also the most catchy and hooky goth ’n’ roll you have ever heard – no wonder since the album’s made under the supervision of the Swedish pop orientated production team called On The Verge. The team of Pat Phoenix and Joakim Övrenius has been co-writing with THE 69 EYES before; songs like “Never Say Die” and “Perfect Skin” have been written with them, but it was until now that the Helsinki Vampires felt it was the right time to move their coffins to Stockholm and record the entire album there. “This is our “Made in Sweden” album. We’ve considered Stockholm as one of our home towns really for a long, so it was about the time! It was also the time to bring back the more melodic side of ours, so with On The Verge guys that was perfect too. Lyric wise I thought to get also more personal since I had the chance to exploit my classic “My Babe Left Me” situation, so that’s where the real melancholy comes from this time,” says the singer, Jyrki69.\n\nThe 10th 69 EYES album was recorded in Stockholm and Helsinki during the spring of 2012. It was produced by Swedish team On The Verge and mixed by Stefan Boman (KENT, THE HELLACOPTERS, BACKYARD BABIES). It takes THE 69 EYES’ goth ’n’ roll sound back to their highlights decade ago of their albums like “Blessed Be” and “Paris Kills”, yet rising the singer Jyrki’s voice as the main statement of the record. The man in black is back. THE 69 EYES rise. Again."", ""song_shelf_count"": 5, ""album_shelf_count"": 10, ""single_shelf_count"": 10, ""video_shelf_count"": 10, ""lookup_error"": """"}]",UC2XP5vqDA7wXeyCnaNf5o_g,The 69 Eyes,127K,127000,71022398,"Some 22 years later after forming, in the world without THE RAMONES or TYPE O NEGATIVE, THE 69 EYES release their 10th studio album. To celebrate their long existence, the band has decided to name the album as Roman tenth, “X”. It also has ten songs. In the world where albums mattered, the 10th album of THE ROLLING STONES was “Exile on Main St.” And indeed “X” is also a turning point for THE 69 EYES. It clearly starts something new. Once again it sounds completely fresh and ambitious. It’s more melodic than its predecessor, Hollywood-made glam metallic “Back In Blood”. It’s also the most catchy and hooky goth ’n’ roll you have ever heard – no wonder since the album’s made under the supervision of the Swedish pop orientated production team called On The Verge. The team of Pat Phoenix and Joakim Övrenius has been co-writing with THE 69 EYES before; songs like “Never Say Die” and “Perfect Skin” have been written with them, but it was until now that the Helsinki Vampires felt it was the right time to move their coffins to Stockholm and record the entire album there. “This is our “Made in Sweden” album. We’ve considered Stockholm as one of our home towns really for a long, so it was about the time! It was also the time to bring back the more melodic side of ours, so with On The Verge guys that was perfect too. Lyric wise I thought to get also more personal since I had the chance to exploit my classic “My Babe Left Me” situation, so that’s where the real melancholy comes from this time,” says the singer, Jyrki69.

The 10th 69 EYES album was recorded in Stockholm and Helsinki during the spring of 2012. It was produced by Swedish team On The Verge and mixed by Stefan Boman (KENT, THE HELLACOPTERS, BACKYARD BABIES). It takes THE 69 EYES’ goth ’n’ roll sound back to their highlights decade ago of their albums like “Blessed Be” and “Paris Kills”, yet rising the singer Jyrki’s voice as the main statement of the record. The man in black is back. THE 69 EYES rise. Again.",5,10,10,10,,,,,,,,,,,4:01,241,MUSIC_VIDEO_TYPE_OMV,845786,,ytmusicapi player response videoDetails.viewCount,,,Not exposed by this YouTube Music endpoint; official YouTube Data API credentials are required.,Music,2023-03-02T23:00:05-08:00,2023-03-02T23:00:05-08:00,The 69 Eyes,UCG9dVVJn8GLRxuGVWh1TQLg,http://www.youtube.com/@the69eyes,249,AD;AE;AF;AG;AI;AL;AM;AO;AQ;AR;AS;AT;AU;AW;AX;AZ;BA;BB;BD;BE;BF;BG;BH;BI;BJ;BL;BM;BN;BO;BQ;BR;BS;BT;BV;BW;BY;BZ;CA;CC;CD;CF;CG;CH;CI;CK;CL;CM;CN;CO;CR;CU;CV;CW;CX;CY;CZ;DE;DJ;DK;DM;DO;DZ;EC;EE;EG;EH;ER;ES;ET;FI;FJ;FK;FM;FO;FR;GA;GB;GD;GE;GF;GG;GH;GI;GL;GM;GN;GP;GQ;GR;GS;GT;GU;GW;GY;HK;HM;HN;HR;HT;HU;ID;IE;IL;IM;IN;IO;IQ;IR;IS;IT;JE;JM;JO;JP;KE;KG;KH;KI;KM;KN;KP;KR;KW;KY;KZ;LA;LB;LC;LI;LK;LR;LS;LT;LU;LV;LY;MA;MC;MD;ME;MF;MG;MH;MK;ML;MM;MN;MO;MP;MQ;MR;MS;MT;MU;MV;MW;MX;MY;MZ;NA;NC;NE;NF;NG;NI;NL;NO;NP;NR;NU;NZ;OM;PA;PE;PF;PG;PH;PK;PL;PM;PN;PR;PS;PT;PW;PY;QA;RE;RO;RS;RU;RW;SA;SB;SC;SD;SE;SG;SH;SI;SJ;SK;SL;SM;SN;SO;SR;SS;ST;SV;SX;SY;SZ;TC;TD;TF;TG;TH;TJ;TK;TL;TM;TN;TO;TR;TT;TV;TW;TZ;UA;UG;UM;US;UY;UZ;VA;VC;VE;VG;VI;VN;VU;WF;WS;YE;YT;ZA;ZM;ZW,"Distribution availability, not artist nationality or audience geography.",Gothic Rock; Helsinki Vampires; Gothic; Jyrki 69; Jussi 69; Devils; Lost Boys; West End; Billy Idol; Iggy Pop; The Cult; The Doors; The Ramones; Type O Negative; Bazie; Archzie; Timo-Timo; Rock; Hard Rock; Blessed Be; Paris Kills; Angels; Glam Rock; Goth`n`Roll,https://music.youtube.com/watch?v=Lr7A5FN3CMI,True,False,False,True,False,False,True,True,False,,OK,True,INDIFFERENT,False,https://i.ytimg.com/vi/Lr7A5FN3CMI/hqdefault.jpg,"[{""url"": ""https://i.ytimg.com/vi/Lr7A5FN3CMI/hqdefault.jpg?sqp=-oaymwEWCJADEOEBIAQqCggAEOADGC0guwJIWg&rs=AMzJL3na9y5fJwCEOMt64s9I--UCCgYGOA"", ""width"": 400, ""height"": 225}]",,,missing album browse id,YouTube Music internal web API via ytmusicapi; personalized playlist fetched with named auth profile.,12.0,61.666667,5.927260492,cumulative views of the exact recommended YouTube video,845786,5.927260492,Upper buffer,Buffer,"Frozen 83-song candidate pool captured 2026-06-29T19:44:09+00:00; Low <=7,505; lower buffer 7,506-19,756; Middle 19,757-243,792; upper buffer 243,793-1,223,809; High >=1,223,810 views.","Use view_count or popularity_log10_view_count for comparisons across users, weeks, and the original playlist. Do not use the within-Discover-Mix rank or percentile for cross-playlist comparisons because those are recalculated separately inside every 30-song mix.",Popularity is for the exact recommended video ID. Report or control video_type because this item is MUSIC_VIDEO_TYPE_OMV; ATV denotes an Art Track and OMV an official music video.
2026-08-17T12:38:50+00:00,user_10,Aylin Karca,Discover Mix,RDTMAK5uy_n_5IN6hzAOwdCnM8D8rzrs3vDl12UcZpA,https://music.youtube.com/playlist?list=RDTMAK5uy_n_5IN6hzAOwdCnM8D8rzrs3vDl12UcZpA,,,200,30,30,Collector records only the first 30 tracks. YouTube Music's browse response may still include more tracks in the raw API payload.,,53670,"Discover great music, picked just for you. Always updating.",5,htKY2oD85rs,https://music.youtube.com/watch?v=htKY2oD85rs,https://www.youtube.com/watch?v=htKY2oD85rs,Hearts on Fire,Hammerfall,UCOspMA8k5GDzhPH7EsZ_IwQ,"[{""id"": ""UCOspMA8k5GDzhPH7EsZ_IwQ"", ""name"": ""Hammerfall"", ""subscribers_display"": ""108K"", ""subscribers_approx"": 108000, ""channel_views"": 85121083, ""description"": ""HammerFall is a Swedish power metal band from Gothenburg. It was formed in 1993 by ex-Ceremonial Oath guitarist Oscar Dronjak. They have released thirteen studio albums.\nThe band has largely stayed consistent with their original sound throughout its career. The group's mascot \""Hector\"" – a role-playing game character belonging to the paladin class – has appeared on most of their album covers.\n\nFrom Wikipedia ("", ""song_shelf_count"": 5, ""album_shelf_count"": 10, ""single_shelf_count"": 10, ""video_shelf_count"": 10, ""lookup_error"": """"}]",UCOspMA8k5GDzhPH7EsZ_IwQ,Hammerfall,108K,108000,85121083,"HammerFall is a Swedish power metal band from Gothenburg. It was formed in 1993 by ex-Ceremonial Oath guitarist Oscar Dronjak. They have released thirteen studio albums.
The band has largely stayed consistent with their original sound throughout its career. The group's mascot ""Hector"" – a role-playing game character belonging to the paladin class – has appeared on most of their album covers.

From Wikipedia (",5,10,10,10,,,,,,,,,,,3:52,232,MUSIC_VIDEO_TYPE_OMV,37313436,,ytmusicapi player response videoDetails.viewCount,,,Not exposed by this YouTube Music endpoint; official YouTube Data API credentials are required.,Music,2008-05-13T04:50:17-07:00,2008-05-13T04:50:17-07:00,Nuclear Blast Records,UCoxg3Kml41wE3IPq-PC-LQw,http://www.youtube.com/@NuclearBlastRecords,249,AD;AE;AF;AG;AI;AL;AM;AO;AQ;AR;AS;AT;AU;AW;AX;AZ;BA;BB;BD;BE;BF;BG;BH;BI;BJ;BL;BM;BN;BO;BQ;BR;BS;BT;BV;BW;BY;BZ;CA;CC;CD;CF;CG;CH;CI;CK;CL;CM;CN;CO;CR;CU;CV;CW;CX;CY;CZ;DE;DJ;DK;DM;DO;DZ;EC;EE;EG;EH;ER;ES;ET;FI;FJ;FK;FM;FO;FR;GA;GB;GD;GE;GF;GG;GH;GI;GL;GM;GN;GP;GQ;GR;GS;GT;GU;GW;GY;HK;HM;HN;HR;HT;HU;ID;IE;IL;IM;IN;IO;IQ;IR;IS;IT;JE;JM;JO;JP;KE;KG;KH;KI;KM;KN;KP;KR;KW;KY;KZ;LA;LB;LC;LI;LK;LR;LS;LT;LU;LV;LY;MA;MC;MD;ME;MF;MG;MH;MK;ML;MM;MN;MO;MP;MQ;MR;MS;MT;MU;MV;MW;MX;MY;MZ;NA;NC;NE;NF;NG;NI;NL;NO;NP;NR;NU;NZ;OM;PA;PE;PF;PG;PH;PK;PL;PM;PN;PR;PS;PT;PW;PY;QA;RE;RO;RS;RU;RW;SA;SB;SC;SD;SE;SG;SH;SI;SJ;SK;SL;SM;SN;SO;SR;SS;ST;SV;SX;SY;SZ;TC;TD;TF;TG;TH;TJ;TK;TL;TM;TN;TO;TR;TT;TV;TW;TZ;UA;UG;UM;US;UY;UZ;VA;VC;VE;VG;VI;VN;VU;WF;WS;YE;YT;ZA;ZM;ZW,"Distribution availability, not artist nationality or audience geography.",HammerFall (Musical Group); metal; Heavy Metal (Musical Genre); Power Metal (Musical Genre); swedish metal; Oscar Dronjak; Fredrik Larsson; Joacim Cans; Anders Johansson; Pontus Norgren; official music video; Hearts On Fire (Composition); hammerfall; power metal; heavy metal; crimson thunder; hearts on fire; nuclear blast records; hammerfall band; music video,https://music.youtube.com/watch?v=htKY2oD85rs,True,False,False,True,False,False,True,True,False,,OK,True,INDIFFERENT,False,https://i.ytimg.com/vi/htKY2oD85rs/maxresdefault.jpg,"[{""url"": ""https://i.ytimg.com/vi/htKY2oD85rs/hqdefault.jpg?sqp=-oaymwEWCJADEOEBIAQqCggAEOADGC0guwJIWg&rs=AMzJL3num-eeMoj0j686aY4SoqmDB4ayHA"", ""width"": 400, ""height"": 225}]",,,missing album browse id,YouTube Music internal web API via ytmusicapi; personalized playlist fetched with named auth profile.,1.0,98.333333,7.571865243,cumulative views of the exact recommended YouTube video,37313436,7.571865243,High,High,"Frozen 83-song candidate pool captured 2026-06-29T19:44:09+00:00; Low <=7,505; lower buffer 7,506-19,756; Middle 19,757-243,792; upper buffer 243,793-1,223,809; High >=1,223,810 views.","Use view_count or popularity_log10_view_count for comparisons across users, weeks, and the original playlist. Do not use the within-Discover-Mix rank or percentile for cross-playlist comparisons because those are recalculated separately inside every 30-song mix.",Popularity is for the exact recommended video ID. Report or control video_type because this item is MUSIC_VIDEO_TYPE_OMV; ATV denotes an Art Track and OMV an official music video.
2026-08-17T12:38:50+00:00,user_10,Aylin Karca,Discover Mix,RDTMAK5uy_n_5IN6hzAOwdCnM8D8rzrs3vDl12UcZpA,https://music.youtube.com/playlist?list=RDTMAK5uy_n_5IN6hzAOwdCnM8D8rzrs3vDl12UcZpA,,,200,30,30,Collector records only the first 30 tracks. YouTube Music's browse response may still include more tracks in the raw API payload.,,53670,"Discover great music, picked just for you. Always updating.",6,nO2HChgYqbM,https://music.youtube.com/watch?v=nO2HChgYqbM,https://www.youtube.com/watch?v=nO2HChgYqbM,Outro,Tarja,UCYWGPvcAl6q2I80wvK4N4JQ,"[{""id"": ""UCYWGPvcAl6q2I80wvK4N4JQ"", ""name"": ""Tarja"", ""subscribers_display"": ""250K"", ""subscribers_approx"": 250000, ""channel_views"": 59688482, ""description"": ""Tarja Soile Susanna Turunen-Cabuli, known professionally as Tarja Turunen or simply Tarja, is a Finnish heavy metal singer best known as the former lead vocalist of the symphonic metal band Nightwish.\nTurunen studied lyrical singing at Sibelius Academy and the Hochschule für Musik Karlsruhe. She is a professional classical lied singer with a three-octave vocal range, and founded symphonic metal band Nightwish with Tuomas Holopainen and Emppu Vuorinen in 1996. Their combination of hard and fast guitar riffs with Turunen's dramatic, \""operatic\"" lead vocals quickly achieved critical and commercial popularity. Their classically influenced music, dubbed symphonic metal, inspired many other metal bands and performers.\nTurunen was fired from the band on 21 October 2005 for personal reasons accompanied by an open letter from the band. She started her solo career in 2006 with the release of a Christmas album called Henkäys ikuisuudesta. In 2007, Turunen released My Winter Storm, an album featuring various styles including symphonic metal, and started the Storm World Tour.\n\nFrom Wikipedia ("", ""song_shelf_count"": 5, ""album_shelf_count"": 10, ""single_shelf_count"": 10, ""video_shelf_count"": 10, ""lookup_error"": """"}]",UCYWGPvcAl6q2I80wvK4N4JQ,Tarja,250K,250000,59688482,"Tarja Soile Susanna Turunen-Cabuli, known professionally as Tarja Turunen or simply Tarja, is a Finnish heavy metal singer best known as the former lead vocalist of the symphonic metal band Nightwish.
Turunen studied lyrical singing at Sibelius Academy and the Hochschule für Musik Karlsruhe. She is a professional classical lied singer with a three-octave vocal range, and founded symphonic metal band Nightwish with Tuomas Holopainen and Emppu Vuorinen in 1996. Their combination of hard and fast guitar riffs with Turunen's dramatic, ""operatic"" lead vocals quickly achieved critical and commercial popularity. Their classically influenced music, dubbed symphonic metal, inspired many other metal bands and performers.
Turunen was fired from the band on 21 October 2005 for personal reasons accompanied by an open letter from the band. She started her solo career in 2006 with the release of a Christmas album called Henkäys ikuisuudesta. In 2007, Turunen released My Winter Storm, an album featuring various styles including symphonic metal, and started the Storm World Tour.

From Wikipedia (",5,10,10,10,MPREb_224IVTd2iaW,Frisson Noir,Album,2026,12,"1 hour, 4 minutes",3847,OLAK5uy_nnBgd3wAwj6JBlT9KoOX4WSFinWmYsmd8,Tarja,"Frisson Noir is the tenth studio album and sixth heavy metal album by the Finnish singer Tarja Turunen, released on 12 June 2026 by earMUSIC. The album has been described by Turunen as being the ""heaviest record of her career"", being described as her return to the metal genre. Frisson Noir marks the longest gap between metal albums for Turunen, with her last metal album In the Raw being released in 2019. The album's first single, ""At Sea"", was released on 18 March 2026. A second single, ""I Don't Care"", featuring Dani Filth was released on 22 April 2026. The third single, ""The Trace Outlives"", featuring Sayo Komada, was released on 27 May 2026.
The album includes collaborations with former Nightwish bassist Marko Hietala, Apocalyptica, Cradle of Filth vocalist Dani Filth, and Red Hot Chili Peppers drummer Chad Smith. The album also features several guest musicians, including shamisen player Sayo Komada. The album was produced by Turunen and mixed by producer Neal Avron. To promote the album, Turunen will be embarking on the Frisson Live tour, starting in Berlin, Germany.

From Wikipedia (",1:06,66,MUSIC_VIDEO_TYPE_ATV,23140,,ytmusicapi player response videoDetails.viewCount,,,Not exposed by this YouTube Music endpoint; official YouTube Data API credentials are required.,Music,2026-06-11T03:01:42-07:00,2026-06-11T03:01:42-07:00,Tarja - Topic,UCYWGPvcAl6q2I80wvK4N4JQ,http://www.youtube.com/channel/UCYWGPvcAl6q2I80wvK4N4JQ,117,AE;AR;AT;AU;AW;AZ;BA;BD;BE;BG;BH;BM;BO;BR;BY;CH;CL;CO;CR;CY;CZ;DE;DK;DO;DZ;EC;EE;EG;ES;FI;FR;GB;GE;GF;GH;GP;GR;GT;HK;HN;HR;HU;ID;IE;IL;IN;IQ;IS;IT;JM;JO;JP;KE;KH;KR;KW;KY;KZ;LA;LB;LI;LK;LT;LU;LV;LY;MA;MK;MP;MQ;MT;MX;MY;NC;NG;NI;NL;NO;NP;NZ;OM;PA;PE;PF;PG;PH;PK;PL;PT;PY;QA;RE;RO;RS;RU;SA;SE;SG;SI;SK;SN;SV;TC;TH;TN;TR;TW;TZ;UA;UG;UY;VE;VN;YE;YT;ZA;ZW,"Distribution availability, not artist nationality or audience geography.",Tarja; Frisson Noir; Outro,https://music.youtube.com/watch?v=nO2HChgYqbM,True,False,False,True,False,False,True,True,False,False,OK,True,INDIFFERENT,False,https://i.ytimg.com/vi/nO2HChgYqbM/maxresdefault.jpg,"[{""url"": ""https://yt3.googleusercontent.com/2fhPlVkpVJk0EYjey54fLXmeJ9nR7J4u3U0ULY-X2hFR0Bhd6YBPeV4xnbB6-ZPSgBxlzKuhTORavYQjKw=w60-h60-l90-rj"", ""width"": 60, ""height"": 60}, {""url"": ""https://yt3.googleusercontent.com/2fhPlVkpVJk0EYjey54fLXmeJ9nR7J4u3U0ULY-X2hFR0Bhd6YBPeV4xnbB6-ZPSgBxlzKuhTORavYQjKw=w120-h120-l90-rj"", ""width"": 120, ""height"": 120}]",,,,YouTube Music internal web API via ytmusicapi; personalized playlist fetched with named auth profile.,28.0,8.333333,4.364363355,cumulative views of the exact recommended YouTube video,23140,4.364363355,Middle,Middle,"Frozen 83-song candidate pool captured 2026-06-29T19:44:09+00:00; Low <=7,505; lower buffer 7,506-19,756; Middle 19,757-243,792; upper buffer 243,793-1,223,809; High >=1,223,810 views.","Use view_count or popularity_log10_view_count for comparisons across users, weeks, and the original playlist. Do not use the within-Discover-Mix rank or percentile for cross-playlist comparisons because those are recalculated separately inside every 30-song mix.",Popularity is for the exact recommended video ID. Report or control video_type because this item is MUSIC_VIDEO_TYPE_ATV; ATV denotes an Art Track and OMV an official music video.
2026-08-17T12:38:50+00:00,user_10,Aylin Karca,Discover Mix,RDTMAK5uy_n_5IN6hzAOwdCnM8D8rzrs3vDl12UcZpA,https://music.youtube.com/playlist?list=RDTMAK5uy_n_5IN6hzAOwdCnM8D8rzrs3vDl12UcZpA,,,200,30,30,Collector records only the first 30 tracks. YouTube Music's browse response may still include more tracks in the raw API payload.,,53670,"Discover great music, picked just for you. Always updating.",7,fvtZ9_EN0xs,https://music.youtube.com/watch?v=fvtZ9_EN0xs,https://www.youtube.com/watch?v=fvtZ9_EN0xs,The Quest for Tanelorn (Remastered 2007),BLIND GUARDIAN,UCevshEcA1yKVc0uucxo4dfg,"[{""id"": ""UCevshEcA1yKVc0uucxo4dfg"", ""name"": ""BLIND GUARDIAN"", ""subscribers_display"": ""202K"", ""subscribers_approx"": 202000, ""channel_views"": 124869988, ""description"": ""With a steady evolution from their early days as a speed metal band to their current, renowned musical alchemy of glory, drama, and grandiosity, Germany’s BLIND GUARDIAN have long since made their mark as the world’s definitive melodic/progressive rock band. \n\n\nFor many, they need no introduction, as the band possesses a track record and back catalogue of classic staples that perhaps only Iron Maiden can match. Called everything from heavy metal bards to modern day minstrels, BLIND GUARDIAN possess the ability to transport their legions of fans to new landscapes with their majestic songwriting, fantastically themed lyrics, and their meticulous, emotion-packed music. \nFounded under the name Lucifer’s Heritage in Krefeld, Germany by vocalist & bassist Hansi Kürsch, lead guitarist André Olbrich, rhythm guitarist Marcus Dork, and drummer Thomen Stauch, the band released only two demos – 1985’s Symphonies Of Doom and 1986’s Battalions Of Fear - before landing a record deal with Remorse Records. \n\nInspired by the Fates Warning album, Awaken The Guardian, band members decided to change their name to BLIND GUARDIAN and soon acquired new rhythm guitarist Marcus Siepen. Produced by Kalle Trapp (Saxon, Grave Digger), their 1988 debut album,Battalions Of Fear, (info | shop) showed a heavy influence by Iron Maiden and Helloween. \n\nOn 1989’s Follow The Blind (also produced by Trapp, info | shop), they leaned toward Testament’s musical direction, but also experimented with orchestral parts for the first time. More significantly, the album served as their introduction to the Japanese market where they ranked high on the import charts for half a year, poising them for a possible breakthrough with their third release. \n\nThe band’s reputation continued to grow via word-of-mouth, and when Tales From The Twilight World (info | shop) sold 30,000 copies in their home country alone, BLIND GUARDIAN reached the critical juncture in their career they had hoped for. Not only did they feel they had become better musicians and songwriters; they also penned a very distinct sound in the process, and record labels across Europe began courting them. Signing with Virgin Records in 1992, they were one of the very few metal bands to be signed on a major label. \n\nTheir Virgin debut, Somewhere Far Beyond, (info | shop) sold over 130,000 copies. After entering the international charts, BLIND GUARDIAN took their first trip to Japan to record their first live album, Tokyo Tales (info | shop). Playing two sold-out audiences to over 4,000 enthused fans, the show captured how strong, special, and symbiotic the relationship between artist and audience can be. \n\nThe summer of 1994 had BLIND GUARDIAN traveling to Sweet Silence Studios in Denmark to work with Flemming Rasmussen (Metallica) on the Imaginations From The Other Side (info | shop) album. After its release, they toured throughout Europe and secured themselves a very special international honor: they became the third-ever heavy metal band (after Metallica and Bon Jovi) to play in Thailand and received a heroes’ welcome into the country. \n\nAt this point in their career and with six successful albums in their discography, BLIND GUARDIAN opted not to release a standard “Best Of” compilation. Instead, to give their fans something truly special, they assembled The Forgotten Tales (info | shop) in 1996, a collection of a few cover songs (“Surfin’ USA,” “Barbara Ann,” and “Long Tall Sally”), a live version of the fan favorite “The Bard’s Song,” plus four acoustic versions and one orchestral arrangement of previously released BLIND GUARDIAN songs. \n\nSelf-professed perfectionists, BLIND GUARDIAN were becoming known for making fans wait a few years for a new album. Honing their creative talents with the production assistance of Rasmussen and drawing major inspiration from J.R.R. Tolkien’s book The Silmarillion, 1998’s Nightfall In Middle-Earth (info | shop) quickly became regarded as a pinnacle achievement in the band’s career. This carefully constructed collection of twenty-two tracks harnessed not only power and speed, but opulent orchestral arrangements, renaissance-styled acoustic sequences, spoken word, and flute & violin passages, all complemented by the jovial stroke of a traveling troubadour’s effervescent spirit. \n\nIn Europe, BLIND GUARDIAN toured more than ever before, and performed for the first time in new territories such as México, Brazil, and Argentina. While the band was on the road gathering momentum and adding to their ever-expanding fan base, the demand for BLIND GUARDIAN’s music in new markets continued to grow. Thanks to a licensing deal with Century Media Records, Nightfall became the band’s first official release in North America and landed on the Billboard charts. Nightfall went on to sell over 300,000 copies worldwide. Securing a loyal international audience and increasing their album sales over ten times with six studio albums, BLIND GUARDIAN’s obviously lively combination of talent, drive, and unified vision helped them earn their laurels of success and granted them a much-revered reputation in the power metal realm that continues to this day. \nMaking good on a promise made in the spring of 1997, vocalist Hansi Kürsch flew over to the U.S. in June of 1999 to team up with Iced Earth songwriter & guitarist and long-time friend Jon Schaffer on the Demons & Wizards project (the two first met while on tour together in Europe and began a lasting friendship). After the self-titled album was released in early 2000 and following a short European D&W summer tour, BLIND GUARDIAN began to resume work on their seventh studio album, A Night At The Opera (info | shop). \n\nWith the amount of work ahead of them due to their extensive tracking and the epic nature of the band’s musical orchestrations, the album took nearly seventeen months to complete. Teaming up with producer Charlie Bauerfeind (Helloween, Gamma Ray, Angra) at the band’s own Twilight Hall Studios in Grefrath-Oedt, Germany, the new material showcased a more aggressive version of Kürsch’s strongly emotive vocals, and cleaner, down-tuned guitar sounds. While the storytelling aspect of the band and the epic & grandiose studio performances remained intact, noticeably absent were the Tolkien-themed lyrics, but that would prove to be no hindrance to the success that waited them. \nThe band’s first-ever North American single, “And Then There Was Silence,” (which clocked in at over fourteen minutes, featured fifty vocal tracks, thirty guitar tracks, and took over four months to record) debuted on Billboard’s Top 200 Singles chart with no radio airplay. \nMetal Maniacs hailed BLIND GUARDIAN as “one of the few bands that consistently create 10-plus minute epics that never bore.” A Night At The Opera went on to debut at #37 on the Billboard Top Independent Albums chart, secured the #1 album position in Greece, #5 in Germany, #8 in Spain, and entered the Top 100 charts in Sweden, Italy, Austria, and France. Scoring a 9.5 out of 10 review and called “a pervasive and perennial slice of metal’s past, present, and future” by Brave Words and Bloody Knuckles Magazine, it went on to receive universal praise as one of the best albums in its genre. \nEven Billboard Magazine praised the band’s “larger-than-life sound, which incorporates the harmonies and drama of Queen with an aggressive, modern sensibility.” The success of the album brought BLIND GUARDIAN over to North America for the first time, launched with an appearance at Atlanta, Georgia’s sold-out ProgPower III festival plus additional sold-out shows in major cities. \n\nSparked by the avid interest of their fervent, ever-growing fan base to see the band perform in a live setting (laying credence to Metal Edge’s claim that the band has “reinvented classic metal for a younger audience”), BLIND GUARDIAN released a 2-CD live album, Live (info | shop), in 2003 and a double-disc DVD, Imaginations Through The Looking Glass, in 2004. \nOf note is that the latter was filmed at the first-ever, two-day BLIND GUARDIAN Open Air Festival in Coburg, Germany with the career-spanning set list voted upon entirely by fans before the festival, which ultimately translated into a truly vociferous crowd of over 6,000 on both days. \n\nEarly 2005 brought along several significant changes for BLIND GUARDIAN. In addition to signing with Nuclear Blast Records, the band - who managed to keep the same line-up for almost two decades - welcomed new drummer Fredrik Ehmke into the fold following the departure of Thomen Stauch. Once again joined by producer Charlie Bauerfeind at Twilight Hall Studios and diving into production for their eighth studio album, the band set out to create another album’s worth of grandeur. \n\nThe invigorating music on A Twist In The Myth (info | shop) satisfied on all counts, as demonstrated by the success of the “Fly” single, which debuted at very impressive international chart positions: #1 in Japan; #4 in Spain & Hungary; #29 in Sweden; #32 in Germany; #52 in Austria; and #94 in Switzerland. Debuting at #21 on the Billboard Top Independent Albums and "", ""song_shelf_count"": 5, ""album_shelf_count"": 10, ""single_shelf_count"": 9, ""video_shelf_count"": 10, ""lookup_error"": """"}]",UCevshEcA1yKVc0uucxo4dfg,BLIND GUARDIAN,202K,202000,124869988,"With a steady evolution from their early days as a speed metal band to their current, renowned musical alchemy of glory, drama, and grandiosity, Germany’s BLIND GUARDIAN have long since made their mark as the world’s definitive melodic/progressive rock band. 


For many, they need no introduction, as the band possesses a track record and back catalogue of classic staples that perhaps only Iron Maiden can match. Called everything from heavy metal bards to modern day minstrels, BLIND GUARDIAN possess the ability to transport their legions of fans to new landscapes with their majestic songwriting, fantastically themed lyrics, and their meticulous, emotion-packed music. 
Founded under the name Lucifer’s Heritage in Krefeld, Germany by vocalist & bassist Hansi Kürsch, lead guitarist André Olbrich, rhythm guitarist Marcus Dork, and drummer Thomen Stauch, the band released only two demos – 1985’s Symphonies Of Doom and 1986’s Battalions Of Fear - before landing a record deal with Remorse Records. 

Inspired by the Fates Warning album, Awaken The Guardian, band members decided to change their name to BLIND GUARDIAN and soon acquired new rhythm guitarist Marcus Siepen. Produced by Kalle Trapp (Saxon, Grave Digger), their 1988 debut album,Battalions Of Fear, (info | shop) showed a heavy influence by Iron Maiden and Helloween. 

On 1989’s Follow The Blind (also produced by Trapp, info | shop), they leaned toward Testament’s musical direction, but also experimented with orchestral parts for the first time. More significantly, the album served as their introduction to the Japanese market where they ranked high on the import charts for half a year, poising them for a possible breakthrough with their third release. 

The band’s reputation continued to grow via word-of-mouth, and when Tales From The Twilight World (info | shop) sold 30,000 copies in their home country alone, BLIND GUARDIAN reached the critical juncture in their career they had hoped for. Not only did they feel they had become better musicians and songwriters; they also penned a very distinct sound in the process, and record labels across Europe began courting them. Signing with Virgin Records in 1992, they were one of the very few metal bands to be signed on a major label. 

Their Virgin debut, Somewhere Far Beyond, (info | shop) sold over 130,000 copies. After entering the international charts, BLIND GUARDIAN took their first trip to Japan to record their first live album, Tokyo Tales (info | shop). Playing two sold-out audiences to over 4,000 enthused fans, the show captured how strong, special, and symbiotic the relationship between artist and audience can be. 

The summer of 1994 had BLIND GUARDIAN traveling to Sweet Silence Studios in Denmark to work with Flemming Rasmussen (Metallica) on the Imaginations From The Other Side (info | shop) album. After its release, they toured throughout Europe and secured themselves a very special international honor: they became the third-ever heavy metal band (after Metallica and Bon Jovi) to play in Thailand and received a heroes’ welcome into the country. 

At this point in their career and with six successful albums in their discography, BLIND GUARDIAN opted not to release a standard “Best Of” compilation. Instead, to give their fans something truly special, they assembled The Forgotten Tales (info | shop) in 1996, a collection of a few cover songs (“Surfin’ USA,” “Barbara Ann,” and “Long Tall Sally”), a live version of the fan favorite “The Bard’s Song,” plus four acoustic versions and one orchestral arrangement of previously released BLIND GUARDIAN songs. 

Self-professed perfectionists, BLIND GUARDIAN were becoming known for making fans wait a few years for a new album. Honing their creative talents with the production assistance of Rasmussen and drawing major inspiration from J.R.R. Tolkien’s book The Silmarillion, 1998’s Nightfall In Middle-Earth (info | shop) quickly became regarded as a pinnacle achievement in the band’s career. This carefully constructed collection of twenty-two tracks harnessed not only power and speed, but opulent orchestral arrangements, renaissance-styled acoustic sequences, spoken word, and flute & violin passages, all complemented by the jovial stroke of a traveling troubadour’s effervescent spirit. 

In Europe, BLIND GUARDIAN toured more than ever before, and performed for the first time in new territories such as México, Brazil, and Argentina. While the band was on the road gathering momentum and adding to their ever-expanding fan base, the demand for BLIND GUARDIAN’s music in new markets continued to grow. Thanks to a licensing deal with Century Media Records, Nightfall became the band’s first official release in North America and landed on the Billboard charts. Nightfall went on to sell over 300,000 copies worldwide. Securing a loyal international audience and increasing their album sales over ten times with six studio albums, BLIND GUARDIAN’s obviously lively combination of talent, drive, and unified vision helped them earn their laurels of success and granted them a much-revered reputation in the power metal realm that continues to this day. 
Making good on a promise made in the spring of 1997, vocalist Hansi Kürsch flew over to the U.S. in June of 1999 to team up with Iced Earth songwriter & guitarist and long-time friend Jon Schaffer on the Demons & Wizards project (the two first met while on tour together in Europe and began a lasting friendship). After the self-titled album was released in early 2000 and following a short European D&W summer tour, BLIND GUARDIAN began to resume work on their seventh studio album, A Night At The Opera (info | shop). 

With the amount of work ahead of them due to their extensive tracking and the epic nature of the band’s musical orchestrations, the album took nearly seventeen months to complete. Teaming up with producer Charlie Bauerfeind (Helloween, Gamma Ray, Angra) at the band’s own Twilight Hall Studios in Grefrath-Oedt, Germany, the new material showcased a more aggressive version of Kürsch’s strongly emotive vocals, and cleaner, down-tuned guitar sounds. While the storytelling aspect of the band and the epic & grandiose studio performances remained intact, noticeably absent were the Tolkien-themed lyrics, but that would prove to be no hindrance to the success that waited them. 
The band’s first-ever North American single, “And Then There Was Silence,” (which clocked in at over fourteen minutes, featured fifty vocal tracks, thirty guitar tracks, and took over four months to record) debuted on Billboard’s Top 200 Singles chart with no radio airplay. 
Metal Maniacs hailed BLIND GUARDIAN as “one of the few bands that consistently create 10-plus minute epics that never bore.” A Night At The Opera went on to debut at #37 on the Billboard Top Independent Albums chart, secured the #1 album position in Greece, #5 in Germany, #8 in Spain, and entered the Top 100 charts in Sweden, Italy, Austria, and France. Scoring a 9.5 out of 10 review and called “a pervasive and perennial slice of metal’s past, present, and future” by Brave Words and Bloody Knuckles Magazine, it went on to receive universal praise as one of the best albums in its genre. 
Even Billboard Magazine praised the band’s “larger-than-life sound, which incorporates the harmonies and drama of Queen with an aggressive, modern sensibility.” The success of the album brought BLIND GUARDIAN over to North America for the first time, launched with an appearance at Atlanta, Georgia’s sold-out ProgPower III festival plus additional sold-out shows in major cities. 

Sparked by the avid interest of their fervent, ever-growing fan base to see the band perform in a live setting (laying credence to Metal Edge’s claim that the band has “reinvented classic metal for a younger audience”), BLIND GUARDIAN released a 2-CD live album, Live (info | shop), in 2003 and a double-disc DVD, Imaginations Through The Looking Glass, in 2004. 
Of note is that the latter was filmed at the first-ever, two-day BLIND GUARDIAN Open Air Festival in Coburg, Germany with the career-spanning set list voted upon entirely by fans before the festival, which ultimately translated into a truly vociferous crowd of over 6,000 on both days. 

Early 2005 brought along several significant changes for BLIND GUARDIAN. In addition to signing with Nuclear Blast Records, the band - who managed to keep the same line-up for almost two decades - welcomed new drummer Fredrik Ehmke into the fold following the departure of Thomen Stauch. Once again joined by producer Charlie Bauerfeind at Twilight Hall Studios and diving into production for their eighth studio album, the band set out to create another album’s worth of grandeur. 

The invigorating music on A Twist In The Myth (info | shop) satisfied on all counts, as demonstrated by the success of the “Fly” single, which debuted at very impressive international chart positions: #1 in Japan; #4 in Spain & Hungary; #29 in Sweden; #32 in Germany; #52 in Austria; and #94 in Switzerland. Debuting at #21 on the Billboard Top Independent Albums and ",5,10,9,10,,,,,,,,,,,6:07,367,MUSIC_VIDEO_TYPE_OMV,318026,,ytmusicapi player response videoDetails.viewCount,,,Not exposed by this YouTube Music endpoint; official YouTube Data API credentials are required.,Music,2024-06-07T06:59:16-07:00,2024-06-07T06:59:16-07:00,Nuclear Blast Records,UCoxg3Kml41wE3IPq-PC-LQw,http://www.youtube.com/@NuclearBlastRecords,249,AD;AE;AF;AG;AI;AL;AM;AO;AQ;AR;AS;AT;AU;AW;AX;AZ;BA;BB;BD;BE;BF;BG;BH;BI;BJ;BL;BM;BN;BO;BQ;BR;BS;BT;BV;BW;BY;BZ;CA;CC;CD;CF;CG;CH;CI;CK;CL;CM;CN;CO;CR;CU;CV;CW;CX;CY;CZ;DE;DJ;DK;DM;DO;DZ;EC;EE;EG;EH;ER;ES;ET;FI;FJ;FK;FM;FO;FR;GA;GB;GD;GE;GF;GG;GH;GI;GL;GM;GN;GP;GQ;GR;GS;GT;GU;GW;GY;HK;HM;HN;HR;HT;HU;ID;IE;IL;IM;IN;IO;IQ;IR;IS;IT;JE;JM;JO;JP;KE;KG;KH;KI;KM;KN;KP;KR;KW;KY;KZ;LA;LB;LC;LI;LK;LR;LS;LT;LU;LV;LY;MA;MC;MD;ME;MF;MG;MH;MK;ML;MM;MN;MO;MP;MQ;MR;MS;MT;MU;MV;MW;MX;MY;MZ;NA;NC;NE;NF;NG;NI;NL;NO;NP;NR;NU;NZ;OM;PA;PE;PF;PG;PH;PK;PL;PM;PN;PR;PS;PT;PW;PY;QA;RE;RO;RS;RU;RW;SA;SB;SC;SD;SE;SG;SH;SI;SJ;SK;SL;SM;SN;SO;SR;SS;ST;SV;SX;SY;SZ;TC;TD;TF;TG;TH;TJ;TK;TL;TM;TN;TO;TR;TT;TV;TW;TZ;UA;UG;UM;US;UY;UZ;VA;VC;VE;VG;VI;VN;VU;WF;WS;YE;YT;ZA;ZM;ZW,"Distribution availability, not artist nationality or audience geography.",Blind Guardian; Metal; Nuclear Blast; Blind Guardian Live; Speed Metal; Power Metal,https://music.youtube.com/watch?v=fvtZ9_EN0xs,True,False,False,True,False,False,True,True,False,,OK,True,INDIFFERENT,False,https://i.ytimg.com/vi/fvtZ9_EN0xs/maxresdefault.jpg,"[{""url"": ""https://i.ytimg.com/vi/fvtZ9_EN0xs/hqdefault.jpg?sqp=-oaymwEWCJADEOEBIAQqCggAEOADGC0guwJIWg&rs=AMzJL3lnnjevHbYKM64LrTOBbc1_Vkl-wQ"", ""width"": 400, ""height"": 225}]",,,missing album browse id,YouTube Music internal web API via ytmusicapi; personalized playlist fetched with named auth profile.,20.0,35.0,5.502462627,cumulative views of the exact recommended YouTube video,318026,5.502462627,Upper buffer,Buffer,"Frozen 83-song candidate pool captured 2026-06-29T19:44:09+00:00; Low <=7,505; lower buffer 7,506-19,756; Middle 19,757-243,792; upper buffer 243,793-1,223,809; High >=1,223,810 views.","Use view_count or popularity_log10_view_count for comparisons across users, weeks, and the original playlist. Do not use the within-Discover-Mix rank or percentile for cross-playlist comparisons because those are recalculated separately inside every 30-song mix.",Popularity is for the exact recommended video ID. Report or control video_type because this item is MUSIC_VIDEO_TYPE_OMV; ATV denotes an Art Track and OMV an official music video.
2026-08-17T12:38:50+00:00,user_10,Aylin Karca,Discover Mix,RDTMAK5uy_n_5IN6hzAOwdCnM8D8rzrs3vDl12UcZpA,https://music.youtube.com/playlist?list=RDTMAK5uy_n_5IN6hzAOwdCnM8D8rzrs3vDl12UcZpA,,,200,30,30,Collector records only the first 30 tracks. YouTube Music's browse response may still include more tracks in the raw API payload.,,53670,"Discover great music, picked just for you. Always updating.",8,bn-HCyk--5o,https://music.youtube.com/watch?v=bn-HCyk--5o,https://www.youtube.com/watch?v=bn-HCyk--5o,Against the Wind,Stratovarius,UCrmWShE1Kjc31dCC5g2Ti2w,"[{""id"": ""UCrmWShE1Kjc31dCC5g2Ti2w"", ""name"": ""Stratovarius"", ""subscribers_display"": ""178K"", ""subscribers_approx"": 178000, ""channel_views"": 54452774, ""description"": ""Stratovarius is a Finnish power metal band formed in 1984. They have released sixteen studio albums, six DVDs, and six live albums. The band's line-up has changed many times, with no founding member left since the departure of drummer Tuomo Lassila in 1995, and no member from their early recording days left following guitarist Timo Tolkki's departure in 2008. Currently, the longest standing member is singer Timo Kotipelto, who joined in 1994.\nThe band was founded in August 1984 as Black Water, consisting of Lassila as singer and drummer, guitarist Staffan Stråhlman, bassist John Vihervä, and, later, keyboardist Antti Ikonen. In Summer 1985, the band changed its name to Stratovarius, which was soon followed by line-up changes. Tolkki replaced Stråhlman and with this line-up, the band released its first album Fright Night in 1989, with Tolkki as sole songwriter. While going through many bassists, the band released the albums Twilight Time in 1992 and Dreamspace in 1994. In 1994, Kotipelto replaced Tolkki as lead vocalist, and after the release of Fourth Dimension in 1995, Lassila and Ikonen left the band and were replaced by Jörg Michael and Jens Johansson respectively.\n\nFrom Wikipedia ("", ""song_shelf_count"": 5, ""album_shelf_count"": 10, ""single_shelf_count"": 8, ""video_shelf_count"": 10, ""lookup_error"": """"}]",UCrmWShE1Kjc31dCC5g2Ti2w,Stratovarius,178K,178000,54452774,"Stratovarius is a Finnish power metal band formed in 1984. They have released sixteen studio albums, six DVDs, and six live albums. The band's line-up has changed many times, with no founding member left since the departure of drummer Tuomo Lassila in 1995, and no member from their early recording days left following guitarist Timo Tolkki's departure in 2008. Currently, the longest standing member is singer Timo Kotipelto, who joined in 1994.
The band was founded in August 1984 as Black Water, consisting of Lassila as singer and drummer, guitarist Staffan Stråhlman, bassist John Vihervä, and, later, keyboardist Antti Ikonen. In Summer 1985, the band changed its name to Stratovarius, which was soon followed by line-up changes. Tolkki replaced Stråhlman and with this line-up, the band released its first album Fright Night in 1989, with Tolkki as sole songwriter. While going through many bassists, the band released the albums Twilight Time in 1992 and Dreamspace in 1994. In 1994, Kotipelto replaced Tolkki as lead vocalist, and after the release of Fourth Dimension in 1995, Lassila and Ikonen left the band and were replaced by Jörg Michael and Jens Johansson respectively.

From Wikipedia (",5,10,8,10,MPREb_vFwKimPbOtM,Fourth Dimension,Album,1995,11,59 minutes,3571,OLAK5uy_njeTIJXqZncR9lsMijbROgR6caLecsEwE,Stratovarius,"Fourth Dimension is the fourth studio album by power metal band Stratovarius, released on 11 March 1995 through Noise Records. The album is the band's first to feature vocalist Timo Kotipelto as well as the last with keyboardist Antti Ikonen and drummer Tuomo Lassila, thus being the last Stratovarius album to date featuring an all-Finnish line-up.
Founding member and guitarist Timo Tolkki, who had served as the band's vocalist for their first three albums, made the decision to leave the vocals to Timo Kotipelto who the band had already known some time before. Tolkki still provided background vocals on Fourth Dimension before handing over lead singing duties to Kotipelto for all subsequent albums. The track ""030366"" is likely a reference to Tolkki's birthday of 3 March 1966. The album seen Stratovarius take off both commercially and artistically. As they redefined its style, with a mix between melody, speed and technical guitar passages.
For a couple of months, the recording sessions for this album ran parallel and in the same studio as Tolkki's then-upcoming solo studio album Classical Variations and Themes.

From Wikipedia (",3:49,229,MUSIC_VIDEO_TYPE_ATV,76070,,ytmusicapi player response videoDetails.viewCount,,,Not exposed by this YouTube Music endpoint; official YouTube Data API credentials are required.,Music,2026-01-26T03:40:07-08:00,2026-01-26T03:40:07-08:00,Stratovarius - Topic,UCrmWShE1Kjc31dCC5g2Ti2w,http://www.youtube.com/channel/UCrmWShE1Kjc31dCC5g2Ti2w,114,AE;AR;AS;AT;AU;AW;AZ;BA;BD;BE;BG;BH;BM;BO;BR;BY;CA;CH;CL;CO;CR;CY;CZ;DE;DK;DO;DZ;EC;EE;EG;ES;FI;FR;GB;GE;GF;GH;GP;GR;GT;GU;HK;HN;HR;HU;IE;IL;IN;IQ;IS;IT;JM;JO;KE;KH;KW;KY;KZ;LB;LI;LK;LT;LU;LV;LY;MA;MK;MP;MQ;MT;MX;NC;NG;NI;NL;NO;NP;NZ;OM;PA;PE;PF;PG;PH;PK;PL;PR;PT;PY;QA;RE;RO;RS;RU;SA;SE;SI;SK;SN;SV;TC;TN;TR;TZ;UA;UG;US;UY;VE;VI;YE;YT;ZA;ZW,"Distribution availability, not artist nationality or audience geography.",Stratovarius; Fourth Dimension; Against the Wind,https://music.youtube.com/watch?v=bn-HCyk--5o,True,False,False,True,False,False,True,True,False,False,OK,True,INDIFFERENT,False,https://i.ytimg.com/vi/bn-HCyk--5o/maxresdefault.jpg,"[{""url"": ""https://yt3.googleusercontent.com/FA3iSI0BU6YCW_VuI7S2CYJViq6dIDd3QKexx5-VEkOXdLVp0CWjal_0cR-VYkmYM7WJwSepxLOMEp4=w60-h60-l90-rj"", ""width"": 60, ""height"": 60}, {""url"": ""https://yt3.googleusercontent.com/FA3iSI0BU6YCW_VuI7S2CYJViq6dIDd3QKexx5-VEkOXdLVp0CWjal_0cR-VYkmYM7WJwSepxLOMEp4=w120-h120-l90-rj"", ""width"": 120, ""height"": 120}]",,,,YouTube Music internal web API via ytmusicapi; personalized playlist fetched with named auth profile.,26.0,15.0,4.881213416,cumulative views of the exact recommended YouTube video,76070,4.881213416,Middle,Middle,"Frozen 83-song candidate pool captured 2026-06-29T19:44:09+00:00; Low <=7,505; lower buffer 7,506-19,756; Middle 19,757-243,792; upper buffer 243,793-1,223,809; High >=1,223,810 views.","Use view_count or popularity_log10_view_count for comparisons across users, weeks, and the original playlist. Do not use the within-Discover-Mix rank or percentile for cross-playlist comparisons because those are recalculated separately inside every 30-song mix.",Popularity is for the exact recommended video ID. Report or control video_type because this item is MUSIC_VIDEO_TYPE_ATV; ATV denotes an Art Track and OMV an official music video.
2026-08-17T12:38:50+00:00,user_10,Aylin Karca,Discover Mix,RDTMAK5uy_n_5IN6hzAOwdCnM8D8rzrs3vDl12UcZpA,https://music.youtube.com/playlist?list=RDTMAK5uy_n_5IN6hzAOwdCnM8D8rzrs3vDl12UcZpA,,,200,30,30,Collector records only the first 30 tracks. YouTube Music's browse response may still include more tracks in the raw API payload.,,53670,"Discover great music, picked just for you. Always updating.",9,BplgH8XSqs0,https://music.youtube.com/watch?v=BplgH8XSqs0,https://www.youtube.com/watch?v=BplgH8XSqs0,Heroes,Masterplan,UCQm2l9VFAwCEMR2zydt9y6w,"[{""id"": ""UCQm2l9VFAwCEMR2zydt9y6w"", ""name"": ""Masterplan"", ""subscribers_display"": ""10.2K"", ""subscribers_approx"": 10200, ""channel_views"": 7896946, ""description"": ""Masterplan is a German power metal band founded by guitarist Roland Grapow and drummer Uli Kusch upon leaving Helloween in 2001.\n\nFrom Wikipedia ("", ""song_shelf_count"": 5, ""album_shelf_count"": 8, ""single_shelf_count"": 10, ""video_shelf_count"": 10, ""lookup_error"": """"}]",UCQm2l9VFAwCEMR2zydt9y6w,Masterplan,10.2K,10200,7896946,"Masterplan is a German power metal band founded by guitarist Roland Grapow and drummer Uli Kusch upon leaving Helloween in 2001.

From Wikipedia (",5,8,10,10,MPREb_HAlWJFgd4x7,Masterplan,Album,2003,11,52 minutes,3151,OLAK5uy_k6qoAmMfNTfOzRyAd7_dJmAHXGS2dj8Fg,Masterplan,"Masterplan is the German power metal band Masterplan's self-titled debut album, released in 2003 by AFM Records. The album received many good reviews and entered the charts at high positions. The album was voted album of the month in Sweden Rock Magazine, Rock Hard and Heavy, Oder Was?! in Germany and Metal Factory in Switzerland. The band received the ""European Border Breakers Award"" in 2004 from the European Commission, for the album sales around Europe.
By the time their first full-length and self-titled CD was released in 2003, keyboard player Janne ""Warman"" Wirman was replaced by Axel Mackenrott. Wirman recorded some session keyboards for the album, but could not stay on as a full-time member due to his commitments to Children of Bodom. The main keyboard lines of the album were arranged and programmed by guitarist Roland Grapow and drummer Uli Kusch. Missing a proper bass player, Grapow recorded the bass parts, with some help from session bassist Jürgen Attig.

From Wikipedia (",3:34,214,MUSIC_VIDEO_TYPE_ATV,1152871,,ytmusicapi player response videoDetails.viewCount,,,Not exposed by this YouTube Music endpoint; official YouTube Data API credentials are required.,Music,2015-01-18T19:03:42-08:00,2015-01-18T19:03:42-08:00,Masterplan - Topic,UCQm2l9VFAwCEMR2zydt9y6w,http://www.youtube.com/channel/UCQm2l9VFAwCEMR2zydt9y6w,249,AD;AE;AF;AG;AI;AL;AM;AO;AQ;AR;AS;AT;AU;AW;AX;AZ;BA;BB;BD;BE;BF;BG;BH;BI;BJ;BL;BM;BN;BO;BQ;BR;BS;BT;BV;BW;BY;BZ;CA;CC;CD;CF;CG;CH;CI;CK;CL;CM;CN;CO;CR;CU;CV;CW;CX;CY;CZ;DE;DJ;DK;DM;DO;DZ;EC;EE;EG;EH;ER;ES;ET;FI;FJ;FK;FM;FO;FR;GA;GB;GD;GE;GF;GG;GH;GI;GL;GM;GN;GP;GQ;GR;GS;GT;GU;GW;GY;HK;HM;HN;HR;HT;HU;ID;IE;IL;IM;IN;IO;IQ;IR;IS;IT;JE;JM;JO;JP;KE;KG;KH;KI;KM;KN;KP;KR;KW;KY;KZ;LA;LB;LC;LI;LK;LR;LS;LT;LU;LV;LY;MA;MC;MD;ME;MF;MG;MH;MK;ML;MM;MN;MO;MP;MQ;MR;MS;MT;MU;MV;MW;MX;MY;MZ;NA;NC;NE;NF;NG;NI;NL;NO;NP;NR;NU;NZ;OM;PA;PE;PF;PG;PH;PK;PL;PM;PN;PR;PS;PT;PW;PY;QA;RE;RO;RS;RU;RW;SA;SB;SC;SD;SE;SG;SH;SI;SJ;SK;SL;SM;SN;SO;SR;SS;ST;SV;SX;SY;SZ;TC;TD;TF;TG;TH;TJ;TK;TL;TM;TN;TO;TR;TT;TV;TW;TZ;UA;UG;UM;US;UY;UZ;VA;VC;VE;VG;VI;VN;VU;WF;WS;YE;YT;ZA;ZM;ZW,"Distribution availability, not artist nationality or audience geography.",Masterplan; Heroes,https://music.youtube.com/watch?v=BplgH8XSqs0,True,False,False,True,False,False,True,True,False,False,OK,True,INDIFFERENT,False,https://i.ytimg.com/vi/BplgH8XSqs0/maxresdefault.jpg,"[{""url"": ""https://yt3.googleusercontent.com/isCO2zDr3SJyqpQBkACQ19uun6zRUCzSN9w3zcytIGiLvI5d5w8JTiVAfKqWOqXRMiEfkbcfQy7-vMI=w60-h60-l90-rj"", ""width"": 60, ""height"": 60}, {""url"": ""https://yt3.googleusercontent.com/isCO2zDr3SJyqpQBkACQ19uun6zRUCzSN9w3zcytIGiLvI5d5w8JTiVAfKqWOqXRMiEfkbcfQy7-vMI=w120-h120-l90-rj"", ""width"": 120, ""height"": 120}]",,,,YouTube Music internal web API via ytmusicapi; personalized playlist fetched with named auth profile.,11.0,65.0,6.061780715,cumulative views of the exact recommended YouTube video,1152871,6.061780715,Upper buffer,Buffer,"Frozen 83-song candidate pool captured 2026-06-29T19:44:09+00:00; Low <=7,505; lower buffer 7,506-19,756; Middle 19,757-243,792; upper buffer 243,793-1,223,809; High >=1,223,810 views.","Use view_count or popularity_log10_view_count for comparisons across users, weeks, and the original playlist. Do not use the within-Discover-Mix rank or percentile for cross-playlist comparisons because those are recalculated separately inside every 30-song mix.",Popularity is for the exact recommended video ID. Report or control video_type because this item is MUSIC_VIDEO_TYPE_ATV; ATV denotes an Art Track and OMV an official music video.
2026-08-17T12:38:50+00:00,user_10,Aylin Karca,Discover Mix,RDTMAK5uy_n_5IN6hzAOwdCnM8D8rzrs3vDl12UcZpA,https://music.youtube.com/playlist?list=RDTMAK5uy_n_5IN6hzAOwdCnM8D8rzrs3vDl12UcZpA,,,200,30,30,Collector records only the first 30 tracks. YouTube Music's browse response may still include more tracks in the raw API payload.,,53670,"Discover great music, picked just for you. Always updating.",10,p2ClSQvBSaM,https://music.youtube.com/watch?v=p2ClSQvBSaM,https://www.youtube.com/watch?v=p2ClSQvBSaM,The Book of Evil,Marco Garau's Magic Opera,UCC0L2P4245H9KanDLYuIbSg,"[{""id"": ""UCC0L2P4245H9KanDLYuIbSg"", ""name"": ""Marco Garau's Magic Opera"", ""subscribers_display"": ""801"", ""subscribers_approx"": 801, ""channel_views"": null, ""description"": null, ""song_shelf_count"": 5, ""album_shelf_count"": 3, ""single_shelf_count"": 2, ""video_shelf_count"": 9, ""lookup_error"": """"}]",UCC0L2P4245H9KanDLYuIbSg,Marco Garau's Magic Opera,801,801,,,5,3,2,9,MPREb_AAotOhRVR0X,Battle of Ice,Album,2023,10,"1 hour, 4 minutes",3851,OLAK5uy_m9P_cE7JQ9TvWioYUUTnaG70qwE3eyRn8,Marco Garau's Magic Opera,,5:15,315,MUSIC_VIDEO_TYPE_ATV,16064,,ytmusicapi player response videoDetails.viewCount,,,Not exposed by this YouTube Music endpoint; official YouTube Data API credentials are required.,Music,2023-01-26T02:01:58-08:00,2023-01-26T02:01:58-08:00,Marco Garau's Magic Opera - Topic,UCC0L2P4245H9KanDLYuIbSg,http://www.youtube.com/channel/UCC0L2P4245H9KanDLYuIbSg,123,AE;AR;AS;AT;AU;AW;AZ;BA;BD;BE;BG;BH;BM;BO;BR;BY;CA;CH;CL;CO;CR;CY;CZ;DE;DK;DO;DZ;EC;EE;EG;ES;FI;FR;GB;GE;GF;GH;GP;GR;GT;GU;HK;HN;HR;HU;ID;IE;IL;IN;IQ;IS;IT;JM;JO;JP;KE;KH;KR;KW;KY;KZ;LA;LB;LI;LK;LT;LU;LV;LY;MA;MK;MP;MQ;MT;MX;MY;NC;NG;NI;NL;NO;NP;NZ;OM;PA;PE;PF;PG;PH;PK;PL;PR;PT;PY;QA;RE;RO;RS;RU;SA;SE;SG;SI;SK;SN;SV;TC;TH;TN;TR;TW;TZ;UA;UG;US;UY;VE;VI;VN;YE;YT;ZA;ZW,"Distribution availability, not artist nationality or audience geography.",Marco Garau's Magic Opera; Battle of Ice; The Book of Evil,https://music.youtube.com/watch?v=p2ClSQvBSaM,True,False,False,True,False,False,True,True,False,False,OK,True,INDIFFERENT,False,https://i.ytimg.com/vi/p2ClSQvBSaM/maxresdefault.jpg,"[{""url"": ""https://yt3.googleusercontent.com/5qGEz4lzgbx9floR9VNSjpdWF0qozHmFjSWCMOGZbuQy37ovS2PO0gin9MGZaNw8o5yfJXK9qvbXlM-L=w60-h60-l90-rj"", ""width"": 60, ""height"": 60}, {""url"": ""https://yt3.googleusercontent.com/5qGEz4lzgbx9floR9VNSjpdWF0qozHmFjSWCMOGZbuQy37ovS2PO0gin9MGZaNw8o5yfJXK9qvbXlM-L=w120-h120-l90-rj"", ""width"": 120, ""height"": 120}]",,,,YouTube Music internal web API via ytmusicapi; personalized playlist fetched with named auth profile.,29.0,5.0,4.205853695,cumulative views of the exact recommended YouTube video,16064,4.205853695,Lower buffer,Buffer,"Frozen 83-song candidate pool captured 2026-06-29T19:44:09+00:00; Low <=7,505; lower buffer 7,506-19,756; Middle 19,757-243,792; upper buffer 243,793-1,223,809; High >=1,223,810 views.","Use view_count or popularity_log10_view_count for comparisons across users, weeks, and the original playlist. Do not use the within-Discover-Mix rank or percentile for cross-playlist comparisons because those are recalculated separately inside every 30-song mix.",Popularity is for the exact recommended video ID. Report or control video_type because this item is MUSIC_VIDEO_TYPE_ATV; ATV denotes an Art Track and OMV an official music video.
2026-08-17T12:38:50+00:00,user_10,Aylin Karca,Discover Mix,RDTMAK5uy_n_5IN6hzAOwdCnM8D8rzrs3vDl12UcZpA,https://music.youtube.com/playlist?list=RDTMAK5uy_n_5IN6hzAOwdCnM8D8rzrs3vDl12UcZpA,,,200,30,30,Collector records only the first 30 tracks. YouTube Music's browse response may still include more tracks in the raw API payload.,,53670,"Discover great music, picked just for you. Always updating.",11,lZ01-4B6si8,https://music.youtube.com/watch?v=lZ01-4B6si8,https://www.youtube.com/watch?v=lZ01-4B6si8,Defying the Rules,Hibria,UCC0uuIX4jXJBdHuBXxWTl_Q,"[{""id"": ""UCC0uuIX4jXJBdHuBXxWTl_Q"", ""name"": ""Hibria"", ""subscribers_display"": ""3.59K"", ""subscribers_approx"": 3590, ""channel_views"": 1561999, ""description"": ""Hibria is a Brazilian power metal band, known for their technicality and speed. The band cites influences from traditional metal bands such as Iron Maiden and Judas Priest, thrash bands such as Metallica and Megadeth, and progressive bands such as Dream Theater.\nHibria toured across Europe in 1999, in the \""Against the Faceless\"" demo tour, playing 29 concerts through Belgium, Germany, Netherlands, Czech Republic, and Poland. The band was on the roster to perform at ProgPower USA XVI in September 2015, which would have been their first time performing in the United States. However, they were not allowed into the country and did not get to perform. In December 2017, it was announced that Iuri Sanson, Eduardo Baldo, Renato Osorio, and Ivan Beck would be leaving the band. One more release titled Moving Ground, featuring this lineup, was released in February 2018 in Japan.\n\nFrom Wikipedia ("", ""song_shelf_count"": 5, ""album_shelf_count"": 9, ""single_shelf_count"": 4, ""video_shelf_count"": 10, ""lookup_error"": """"}]",UCC0uuIX4jXJBdHuBXxWTl_Q,Hibria,3.59K,3590,1561999,"Hibria is a Brazilian power metal band, known for their technicality and speed. The band cites influences from traditional metal bands such as Iron Maiden and Judas Priest, thrash bands such as Metallica and Megadeth, and progressive bands such as Dream Theater.
Hibria toured across Europe in 1999, in the ""Against the Faceless"" demo tour, playing 29 concerts through Belgium, Germany, Netherlands, Czech Republic, and Poland. The band was on the roster to perform at ProgPower USA XVI in September 2015, which would have been their first time performing in the United States. However, they were not allowed into the country and did not get to perform. In December 2017, it was announced that Iuri Sanson, Eduardo Baldo, Renato Osorio, and Ivan Beck would be leaving the band. One more release titled Moving Ground, featuring this lineup, was released in February 2018 in Japan.

From Wikipedia (",5,9,4,10,MPREb_wJBchnRmCBz,Defying the Rules,Album,2004,10,52 minutes,3131,OLAK5uy_leAUNiFlRTgu2cOqOnA-wCQ3lf091Xjes,Hibria,"Defying the Rules is Hibria's first album, released in 2004. It tells the story of a dystopian future, ruled over by the 'Faceless in Charge' and group of rebels, such as the 'Steel Lord' battling against his forces for a free world.

From Wikipedia (",5:50,350,MUSIC_VIDEO_TYPE_ATV,122462,,ytmusicapi player response videoDetails.viewCount,,,Not exposed by this YouTube Music endpoint; official YouTube Data API credentials are required.,Music,2015-01-13T01:24:44-08:00,2015-01-13T01:24:44-08:00,Hibria - Topic,UCC0uuIX4jXJBdHuBXxWTl_Q,http://www.youtube.com/channel/UCC0uuIX4jXJBdHuBXxWTl_Q,249,AD;AE;AF;AG;AI;AL;AM;AO;AQ;AR;AS;AT;AU;AW;AX;AZ;BA;BB;BD;BE;BF;BG;BH;BI;BJ;BL;BM;BN;BO;BQ;BR;BS;BT;BV;BW;BY;BZ;CA;CC;CD;CF;CG;CH;CI;CK;CL;CM;CN;CO;CR;CU;CV;CW;CX;CY;CZ;DE;DJ;DK;DM;DO;DZ;EC;EE;EG;EH;ER;ES;ET;FI;FJ;FK;FM;FO;FR;GA;GB;GD;GE;GF;GG;GH;GI;GL;GM;GN;GP;GQ;GR;GS;GT;GU;GW;GY;HK;HM;HN;HR;HT;HU;ID;IE;IL;IM;IN;IO;IQ;IR;IS;IT;JE;JM;JO;JP;KE;KG;KH;KI;KM;KN;KP;KR;KW;KY;KZ;LA;LB;LC;LI;LK;LR;LS;LT;LU;LV;LY;MA;MC;MD;ME;MF;MG;MH;MK;ML;MM;MN;MO;MP;MQ;MR;MS;MT;MU;MV;MW;MX;MY;MZ;NA;NC;NE;NF;NG;NI;NL;NO;NP;NR;NU;NZ;OM;PA;PE;PF;PG;PH;PK;PL;PM;PN;PR;PS;PT;PW;PY;QA;RE;RO;RS;RU;RW;SA;SB;SC;SD;SE;SG;SH;SI;SJ;SK;SL;SM;SN;SO;SR;SS;ST;SV;SX;SY;SZ;TC;TD;TF;TG;TH;TJ;TK;TL;TM;TN;TO;TR;TT;TV;TW;TZ;UA;UG;UM;US;UY;UZ;VA;VC;VE;VG;VI;VN;VU;WF;WS;YE;YT;ZA;ZM;ZW,"Distribution availability, not artist nationality or audience geography.",Hibria; Defying the Rules,https://music.youtube.com/watch?v=lZ01-4B6si8,True,False,False,True,False,False,True,True,False,False,OK,True,INDIFFERENT,False,https://i.ytimg.com/vi/lZ01-4B6si8/maxresdefault.jpg,"[{""url"": ""https://yt3.googleusercontent.com/99LYVUAtkdV1TaSQg3Qj1zbbh3iJPy4fA_kFLHsZPr0SrP00rqD5Ih81zms9gK3OYnYVbs4HV70hpHPZ=w60-h60-l90-rj"", ""width"": 60, ""height"": 60}, {""url"": ""https://yt3.googleusercontent.com/99LYVUAtkdV1TaSQg3Qj1zbbh3iJPy4fA_kFLHsZPr0SrP00rqD5Ih81zms9gK3OYnYVbs4HV70hpHPZ=w120-h120-l90-rj"", ""width"": 120, ""height"": 120}]",,,,YouTube Music internal web API via ytmusicapi; personalized playlist fetched with named auth profile.,25.0,18.333333,5.088001348,cumulative views of the exact recommended YouTube video,122462,5.088001348,Middle,Middle,"Frozen 83-song candidate pool captured 2026-06-29T19:44:09+00:00; Low <=7,505; lower buffer 7,506-19,756; Middle 19,757-243,792; upper buffer 243,793-1,223,809; High >=1,223,810 views.","Use view_count or popularity_log10_view_count for comparisons across users, weeks, and the original playlist. Do not use the within-Discover-Mix rank or percentile for cross-playlist comparisons because those are recalculated separately inside every 30-song mix.",Popularity is for the exact recommended video ID. Report or control video_type because this item is MUSIC_VIDEO_TYPE_ATV; ATV denotes an Art Track and OMV an official music video.
2026-08-17T12:38:50+00:00,user_10,Aylin Karca,Discover Mix,RDTMAK5uy_n_5IN6hzAOwdCnM8D8rzrs3vDl12UcZpA,https://music.youtube.com/playlist?list=RDTMAK5uy_n_5IN6hzAOwdCnM8D8rzrs3vDl12UcZpA,,,200,30,30,Collector records only the first 30 tracks. YouTube Music's browse response may still include more tracks in the raw API payload.,,53670,"Discover great music, picked just for you. Always updating.",12,8-OzvIL4d2w,https://music.youtube.com/watch?v=8-OzvIL4d2w,https://www.youtube.com/watch?v=8-OzvIL4d2w,Flight of the Sapphire Dragon (Orchestral Version),Twilight Force,UCah1jdLzh3l8_XSVxeKtXgA,"[{""id"": ""UCah1jdLzh3l8_XSVxeKtXgA"", ""name"": ""Twilight Force"", ""subscribers_display"": ""22.1K"", ""subscribers_approx"": 22100, ""channel_views"": 10103280, ""description"": ""Twilight Force has become both a staple and a guiding light in symphonic power metal; revitalizing the genre and pushing it to new, cinematic heights with their signature blend of fantasy storytelling and virtuosic performances.\nThe legend of Twilight Force began to form in the year 2007 of the Human Era. It was the result of a yearning to bring back the golden age of Epic Symphonic Power Metal. But Twilight Force soon became an entity of its own, evolving and elevating the genre to new heights and sounds. By fusing majestic and memorable melodies with rich orchestral arrangements and swift performances, Twilight Force creates an intense and immersive experience, transporting the listener to a magic realm filled with wonder, heroic tales, and mesmerising tales from the mythical world known as The Twilight Kingdoms."", ""song_shelf_count"": 5, ""album_shelf_count"": 5, ""single_shelf_count"": 8, ""video_shelf_count"": 10, ""lookup_error"": """"}]",UCah1jdLzh3l8_XSVxeKtXgA,Twilight Force,22.1K,22100,10103280,"Twilight Force has become both a staple and a guiding light in symphonic power metal; revitalizing the genre and pushing it to new, cinematic heights with their signature blend of fantasy storytelling and virtuosic performances.
The legend of Twilight Force began to form in the year 2007 of the Human Era. It was the result of a yearning to bring back the golden age of Epic Symphonic Power Metal. But Twilight Force soon became an entity of its own, evolving and elevating the genre to new heights and sounds. By fusing majestic and memorable melodies with rich orchestral arrangements and swift performances, Twilight Force creates an intense and immersive experience, transporting the listener to a magic realm filled with wonder, heroic tales, and mesmerising tales from the mythical world known as The Twilight Kingdoms.",5,5,8,10,,,,,,,,,,,5:38,338,MUSIC_VIDEO_TYPE_OMV,1290328,,ytmusicapi player response videoDetails.viewCount,,,Not exposed by this YouTube Music endpoint; official YouTube Data API credentials are required.,Music,2016-10-14T09:56:39-07:00,2016-10-14T09:56:39-07:00,Nuclear Blast Records,UCoxg3Kml41wE3IPq-PC-LQw,http://www.youtube.com/@NuclearBlastRecords,249,AD;AE;AF;AG;AI;AL;AM;AO;AQ;AR;AS;AT;AU;AW;AX;AZ;BA;BB;BD;BE;BF;BG;BH;BI;BJ;BL;BM;BN;BO;BQ;BR;BS;BT;BV;BW;BY;BZ;CA;CC;CD;CF;CG;CH;CI;CK;CL;CM;CN;CO;CR;CU;CV;CW;CX;CY;CZ;DE;DJ;DK;DM;DO;DZ;EC;EE;EG;EH;ER;ES;ET;FI;FJ;FK;FM;FO;FR;GA;GB;GD;GE;GF;GG;GH;GI;GL;GM;GN;GP;GQ;GR;GS;GT;GU;GW;GY;HK;HM;HN;HR;HT;HU;ID;IE;IL;IM;IN;IO;IQ;IR;IS;IT;JE;JM;JO;JP;KE;KG;KH;KI;KM;KN;KP;KR;KW;KY;KZ;LA;LB;LC;LI;LK;LR;LS;LT;LU;LV;LY;MA;MC;MD;ME;MF;MG;MH;MK;ML;MM;MN;MO;MP;MQ;MR;MS;MT;MU;MV;MW;MX;MY;MZ;NA;NC;NE;NF;NG;NI;NL;NO;NP;NR;NU;NZ;OM;PA;PE;PF;PG;PH;PK;PL;PM;PN;PR;PS;PT;PW;PY;QA;RE;RO;RS;RU;RW;SA;SB;SC;SD;SE;SG;SH;SI;SJ;SK;SL;SM;SN;SO;SR;SS;ST;SV;SX;SY;SZ;TC;TD;TF;TG;TH;TJ;TK;TL;TM;TN;TO;TR;TT;TV;TW;TZ;UA;UG;UM;US;UY;UZ;VA;VC;VE;VG;VI;VN;VU;WF;WS;YE;YT;ZA;ZM;ZW,"Distribution availability, not artist nationality or audience geography.",Battle Of Arcane Might; Christian Eriksson; Christian Hedgren; Gates of Glory; Heroes Of Mighty Magic; Heroes of Might and Magic; Medieval metal; SunStrike; Tales of Ancient Prophecies; The Power of Metal; The Power of the Ancient Force; To the Stars; chrileon; elv; ep,https://music.youtube.com/watch?v=8-OzvIL4d2w,True,False,False,True,False,False,True,True,False,,OK,True,INDIFFERENT,False,https://i.ytimg.com/vi/8-OzvIL4d2w/maxresdefault.jpg,"[{""url"": ""https://i.ytimg.com/vi/8-OzvIL4d2w/hqdefault.jpg?sqp=-oaymwEWCJADEOEBIAQqCggAEOADGC0guwJIWg&rs=AMzJL3nnfJYtM_NZF-2VrDNulV6MkOz_SQ"", ""width"": 400, ""height"": 225}]",,,missing album browse id,YouTube Music internal web API via ytmusicapi; personalized playlist fetched with named auth profile.,9.0,71.666667,6.110700122,cumulative views of the exact recommended YouTube video,1290328,6.110700122,High,High,"Frozen 83-song candidate pool captured 2026-06-29T19:44:09+00:00; Low <=7,505; lower buffer 7,506-19,756; Middle 19,757-243,792; upper buffer 243,793-1,223,809; High >=1,223,810 views.","Use view_count or popularity_log10_view_count for comparisons across users, weeks, and the original playlist. Do not use the within-Discover-Mix rank or percentile for cross-playlist comparisons because those are recalculated separately inside every 30-song mix.",Popularity is for the exact recommended video ID. Report or control video_type because this item is MUSIC_VIDEO_TYPE_OMV; ATV denotes an Art Track and OMV an official music video.
2026-08-17T12:38:50+00:00,user_10,Aylin Karca,Discover Mix,RDTMAK5uy_n_5IN6hzAOwdCnM8D8rzrs3vDl12UcZpA,https://music.youtube.com/playlist?list=RDTMAK5uy_n_5IN6hzAOwdCnM8D8rzrs3vDl12UcZpA,,,200,30,30,Collector records only the first 30 tracks. YouTube Music's browse response may still include more tracks in the raw API payload.,,53670,"Discover great music, picked just for you. Always updating.",13,A0G6TfCny-A,https://music.youtube.com/watch?v=A0G6TfCny-A,https://www.youtube.com/watch?v=A0G6TfCny-A,Undying Evil,Enforcer,UC4dNGpBnJCHJQky_9uxJxxg,"[{""id"": ""UC4dNGpBnJCHJQky_9uxJxxg"", ""name"": ""Enforcer"", ""subscribers_display"": ""13.1K"", ""subscribers_approx"": 13100, ""channel_views"": 4280978, ""description"": ""Enforcer is a Swedish heavy metal band formed in 2004 in Arvika. They are considered part of the new wave of traditional heavy metal.\n\nFrom Wikipedia ("", ""song_shelf_count"": 5, ""album_shelf_count"": 9, ""single_shelf_count"": 5, ""video_shelf_count"": 3, ""lookup_error"": """"}]",UC4dNGpBnJCHJQky_9uxJxxg,Enforcer,13.1K,13100,4280978,"Enforcer is a Swedish heavy metal band formed in 2004 in Arvika. They are considered part of the new wave of traditional heavy metal.

From Wikipedia (",5,9,5,3,MPREb_QHJEHTEyOpY,From Beyond (Bonus Digital Booklet Version),Album,2015,10,42 minutes,2571,OLAK5uy_l6Tr7066w0WPKsaAQl_vipjQNTyfcpcGE,Enforcer,,3:54,234,MUSIC_VIDEO_TYPE_ATV,367613,,ytmusicapi player response videoDetails.viewCount,,,Not exposed by this YouTube Music endpoint; official YouTube Data API credentials are required.,Music,2019-04-03T09:20:59-07:00,2019-04-03T09:20:59-07:00,Enforcer - Topic,UC4dNGpBnJCHJQky_9uxJxxg,http://www.youtube.com/channel/UC4dNGpBnJCHJQky_9uxJxxg,249,AD;AE;AF;AG;AI;AL;AM;AO;AQ;AR;AS;AT;AU;AW;AX;AZ;BA;BB;BD;BE;BF;BG;BH;BI;BJ;BL;BM;BN;BO;BQ;BR;BS;BT;BV;BW;BY;BZ;CA;CC;CD;CF;CG;CH;CI;CK;CL;CM;CN;CO;CR;CU;CV;CW;CX;CY;CZ;DE;DJ;DK;DM;DO;DZ;EC;EE;EG;EH;ER;ES;ET;FI;FJ;FK;FM;FO;FR;GA;GB;GD;GE;GF;GG;GH;GI;GL;GM;GN;GP;GQ;GR;GS;GT;GU;GW;GY;HK;HM;HN;HR;HT;HU;ID;IE;IL;IM;IN;IO;IQ;IR;IS;IT;JE;JM;JO;JP;KE;KG;KH;KI;KM;KN;KP;KR;KW;KY;KZ;LA;LB;LC;LI;LK;LR;LS;LT;LU;LV;LY;MA;MC;MD;ME;MF;MG;MH;MK;ML;MM;MN;MO;MP;MQ;MR;MS;MT;MU;MV;MW;MX;MY;MZ;NA;NC;NE;NF;NG;NI;NL;NO;NP;NR;NU;NZ;OM;PA;PE;PF;PG;PH;PK;PL;PM;PN;PR;PS;PT;PW;PY;QA;RE;RO;RS;RU;RW;SA;SB;SC;SD;SE;SG;SH;SI;SJ;SK;SL;SM;SN;SO;SR;SS;ST;SV;SX;SY;SZ;TC;TD;TF;TG;TH;TJ;TK;TL;TM;TN;TO;TR;TT;TV;TW;TZ;UA;UG;UM;US;UY;UZ;VA;VC;VE;VG;VI;VN;VU;WF;WS;YE;YT;ZA;ZM;ZW,"Distribution availability, not artist nationality or audience geography.",Enforcer; From Beyond (Bonus Digital Booklet Version); Undying Evil,https://music.youtube.com/watch?v=A0G6TfCny-A,True,False,False,True,False,False,True,True,False,False,OK,True,INDIFFERENT,False,https://i.ytimg.com/vi/A0G6TfCny-A/maxresdefault.jpg,"[{""url"": ""https://yt3.googleusercontent.com/Qo2pq1JZFBIsVd327JqblrQD_tZqtd2dktoXWItnrGf5lovrr8NP6qca-xC1WmbAJh8aDc_DkTvUWY1K=w60-h60-l90-rj"", ""width"": 60, ""height"": 60}, {""url"": ""https://yt3.googleusercontent.com/Qo2pq1JZFBIsVd327JqblrQD_tZqtd2dktoXWItnrGf5lovrr8NP6qca-xC1WmbAJh8aDc_DkTvUWY1K=w120-h120-l90-rj"", ""width"": 120, ""height"": 120}]",,,,YouTube Music internal web API via ytmusicapi; personalized playlist fetched with named auth profile.,19.0,38.333333,5.565390861,cumulative views of the exact recommended YouTube video,367613,5.565390861,Upper buffer,Buffer,"Frozen 83-song candidate pool captured 2026-06-29T19:44:09+00:00; Low <=7,505; lower buffer 7,506-19,756; Middle 19,757-243,792; upper buffer 243,793-1,223,809; High >=1,223,810 views.","Use view_count or popularity_log10_view_count for comparisons across users, weeks, and the original playlist. Do not use the within-Discover-Mix rank or percentile for cross-playlist comparisons because those are recalculated separately inside every 30-song mix.",Popularity is for the exact recommended video ID. Report or control video_type because this item is MUSIC_VIDEO_TYPE_ATV; ATV denotes an Art Track and OMV an official music video.
2026-08-17T12:38:50+00:00,user_10,Aylin Karca,Discover Mix,RDTMAK5uy_n_5IN6hzAOwdCnM8D8rzrs3vDl12UcZpA,https://music.youtube.com/playlist?list=RDTMAK5uy_n_5IN6hzAOwdCnM8D8rzrs3vDl12UcZpA,,,200,30,30,Collector records only the first 30 tracks. YouTube Music's browse response may still include more tracks in the raw API payload.,,53670,"Discover great music, picked just for you. Always updating.",14,TWk3989GTFI,https://music.youtube.com/watch?v=TWk3989GTFI,https://www.youtube.com/watch?v=TWk3989GTFI,We Don't Need a Hero,Edguy,UCAMgiVHUhXSfF2saNgAEH7A,"[{""id"": ""UCAMgiVHUhXSfF2saNgAEH7A"", ""name"": ""Edguy"", ""subscribers_display"": ""52.1K"", ""subscribers_approx"": 52100, ""channel_views"": null, ""description"": null, ""song_shelf_count"": 5, ""album_shelf_count"": 10, ""single_shelf_count"": 7, ""video_shelf_count"": 10, ""lookup_error"": """"}]",UCAMgiVHUhXSfF2saNgAEH7A,Edguy,52.1K,52100,,,5,10,7,10,MPREb_h6k98IUzN8W,Hellfire Club,Album,2004,12,"1 hour, 1 minute",3679,OLAK5uy_nlQaOPmvzdfaetn9115yXMQzF7boXHK6I,Edguy,"Hellfire Club, released on 15 March 2004, is the sixth album by German power metal band Edguy. The music of the band is supported by a German orchestra, the Deutsches Filmorchester Babelsberg. It is the band's first album released via Nuclear Blast.

From Wikipedia (",5:32,332,MUSIC_VIDEO_TYPE_ATV,552669,,ytmusicapi player response videoDetails.viewCount,,,Not exposed by this YouTube Music endpoint; official YouTube Data API credentials are required.,Music,2019-04-20T07:48:55-07:00,2019-04-20T07:48:55-07:00,Release - Topic,UCentDX2EFUp70JgShjHQfyQ,http://www.youtube.com/channel/UCentDX2EFUp70JgShjHQfyQ,249,AD;AE;AF;AG;AI;AL;AM;AO;AQ;AR;AS;AT;AU;AW;AX;AZ;BA;BB;BD;BE;BF;BG;BH;BI;BJ;BL;BM;BN;BO;BQ;BR;BS;BT;BV;BW;BY;BZ;CA;CC;CD;CF;CG;CH;CI;CK;CL;CM;CN;CO;CR;CU;CV;CW;CX;CY;CZ;DE;DJ;DK;DM;DO;DZ;EC;EE;EG;EH;ER;ES;ET;FI;FJ;FK;FM;FO;FR;GA;GB;GD;GE;GF;GG;GH;GI;GL;GM;GN;GP;GQ;GR;GS;GT;GU;GW;GY;HK;HM;HN;HR;HT;HU;ID;IE;IL;IM;IN;IO;IQ;IR;IS;IT;JE;JM;JO;JP;KE;KG;KH;KI;KM;KN;KP;KR;KW;KY;KZ;LA;LB;LC;LI;LK;LR;LS;LT;LU;LV;LY;MA;MC;MD;ME;MF;MG;MH;MK;ML;MM;MN;MO;MP;MQ;MR;MS;MT;MU;MV;MW;MX;MY;MZ;NA;NC;NE;NF;NG;NI;NL;NO;NP;NR;NU;NZ;OM;PA;PE;PF;PG;PH;PK;PL;PM;PN;PR;PS;PT;PW;PY;QA;RE;RO;RS;RU;RW;SA;SB;SC;SD;SE;SG;SH;SI;SJ;SK;SL;SM;SN;SO;SR;SS;ST;SV;SX;SY;SZ;TC;TD;TF;TG;TH;TJ;TK;TL;TM;TN;TO;TR;TT;TV;TW;TZ;UA;UG;UM;US;UY;UZ;VA;VC;VE;VG;VI;VN;VU;WF;WS;YE;YT;ZA;ZM;ZW,"Distribution availability, not artist nationality or audience geography.",Edguy; Hellfire Club; We Don't Need a Hero,https://music.youtube.com/watch?v=TWk3989GTFI,True,False,False,True,False,False,True,True,False,False,OK,True,INDIFFERENT,False,https://i.ytimg.com/vi/TWk3989GTFI/maxresdefault.jpg,"[{""url"": ""https://yt3.googleusercontent.com/wgbx4m3Beym_sL1N5EDyUoso9ON2YQg_vSo_n3U6HJqjTP9fMabOEd8nHMOmVOT9hgSDtT7WR63FGyZt=w60-h60-l90-rj"", ""width"": 60, ""height"": 60}, {""url"": ""https://yt3.googleusercontent.com/wgbx4m3Beym_sL1N5EDyUoso9ON2YQg_vSo_n3U6HJqjTP9fMabOEd8nHMOmVOT9hgSDtT7WR63FGyZt=w120-h120-l90-rj"", ""width"": 120, ""height"": 120}]",,,,YouTube Music internal web API via ytmusicapi; personalized playlist fetched with named auth profile.,15.0,51.666667,5.742465105,cumulative views of the exact recommended YouTube video,552669,5.742465105,Upper buffer,Buffer,"Frozen 83-song candidate pool captured 2026-06-29T19:44:09+00:00; Low <=7,505; lower buffer 7,506-19,756; Middle 19,757-243,792; upper buffer 243,793-1,223,809; High >=1,223,810 views.","Use view_count or popularity_log10_view_count for comparisons across users, weeks, and the original playlist. Do not use the within-Discover-Mix rank or percentile for cross-playlist comparisons because those are recalculated separately inside every 30-song mix.",Popularity is for the exact recommended video ID. Report or control video_type because this item is MUSIC_VIDEO_TYPE_ATV; ATV denotes an Art Track and OMV an official music video.
2026-08-17T12:38:50+00:00,user_10,Aylin Karca,Discover Mix,RDTMAK5uy_n_5IN6hzAOwdCnM8D8rzrs3vDl12UcZpA,https://music.youtube.com/playlist?list=RDTMAK5uy_n_5IN6hzAOwdCnM8D8rzrs3vDl12UcZpA,,,200,30,30,Collector records only the first 30 tracks. YouTube Music's browse response may still include more tracks in the raw API payload.,,53670,"Discover great music, picked just for you. Always updating.",15,1zN7J64IeBo,https://music.youtube.com/watch?v=1zN7J64IeBo,https://www.youtube.com/watch?v=1zN7J64IeBo,Army of the Night (The Monumental Mass),Powerwolf,UC9LO_ioQYQay7CrsbacNqBQ,"[{""id"": ""UC9LO_ioQYQay7CrsbacNqBQ"", ""name"": ""Powerwolf"", ""subscribers_display"": ""436K"", ""subscribers_approx"": 436000, ""channel_views"": 352940977, ""description"": ""Powerwolf is a German power metal band founded in 2004 in Saarbrücken by members of Red Aim. The band consists of vocalist Karsten Brill as \""Attila Dorn\"", lead guitarist Benjamin Buss as \""Matthew Greywolf\"", bassist/rhythm guitarist David Vogt as \""Charles Greywolf\"", keyboardist Christian Jost as \""Falk Maria Schlegel\"" and drummer Roel van Helden. The group uses religious themes and images, contrary to traditional power metal music, as well as corpse paint, gothic-tinged compositions and songs about werewolf and vampire legends.\nThey released their debut album, Return in Bloodred, in 2005. Their second album, Lupus Dei, was released in 2007. The band entered the official German charts for the first time in 2009 with their third album, Bible of the Beast. Shortly after its release, their first drummer Stefan Gemballa left the band. He was replaced by Tom Diener, who was replaced in 2011 by Roel van Helden. In the same year, the band released their fourth album, Blood of the Saints. In 2012, Powerwolf signed with Napalm Records and released Preachers of the Night in 2013. It has debuted at No. 1 in Germany.\n\nFrom Wikipedia ("", ""song_shelf_count"": 5, ""album_shelf_count"": 10, ""single_shelf_count"": 10, ""video_shelf_count"": 10, ""lookup_error"": """"}]",UC9LO_ioQYQay7CrsbacNqBQ,Powerwolf,436K,436000,352940977,"Powerwolf is a German power metal band founded in 2004 in Saarbrücken by members of Red Aim. The band consists of vocalist Karsten Brill as ""Attila Dorn"", lead guitarist Benjamin Buss as ""Matthew Greywolf"", bassist/rhythm guitarist David Vogt as ""Charles Greywolf"", keyboardist Christian Jost as ""Falk Maria Schlegel"" and drummer Roel van Helden. The group uses religious themes and images, contrary to traditional power metal music, as well as corpse paint, gothic-tinged compositions and songs about werewolf and vampire legends.
They released their debut album, Return in Bloodred, in 2005. Their second album, Lupus Dei, was released in 2007. The band entered the official German charts for the first time in 2009 with their third album, Bible of the Beast. Shortly after its release, their first drummer Stefan Gemballa left the band. He was replaced by Tom Diener, who was replaced in 2011 by Roel van Helden. In the same year, the band released their fourth album, Blood of the Saints. In 2012, Powerwolf signed with Napalm Records and released Preachers of the Night in 2013. It has debuted at No. 1 in Germany.

From Wikipedia (",5,10,10,10,,,,,,,,,,,3:45,225,MUSIC_VIDEO_TYPE_OMV,34060336,,ytmusicapi player response videoDetails.viewCount,,,Not exposed by this YouTube Music endpoint; official YouTube Data API credentials are required.,People & Blogs,2015-06-26T05:22:14-07:00,2015-06-26T05:22:14-07:00,Napalm Records,UCG7AaCh_CiG6pq_rRDNw72A,http://www.youtube.com/@napalmrecords,249,AD;AE;AF;AG;AI;AL;AM;AO;AQ;AR;AS;AT;AU;AW;AX;AZ;BA;BB;BD;BE;BF;BG;BH;BI;BJ;BL;BM;BN;BO;BQ;BR;BS;BT;BV;BW;BY;BZ;CA;CC;CD;CF;CG;CH;CI;CK;CL;CM;CN;CO;CR;CU;CV;CW;CX;CY;CZ;DE;DJ;DK;DM;DO;DZ;EC;EE;EG;EH;ER;ES;ET;FI;FJ;FK;FM;FO;FR;GA;GB;GD;GE;GF;GG;GH;GI;GL;GM;GN;GP;GQ;GR;GS;GT;GU;GW;GY;HK;HM;HN;HR;HT;HU;ID;IE;IL;IM;IN;IO;IQ;IR;IS;IT;JE;JM;JO;JP;KE;KG;KH;KI;KM;KN;KP;KR;KW;KY;KZ;LA;LB;LC;LI;LK;LR;LS;LT;LU;LV;LY;MA;MC;MD;ME;MF;MG;MH;MK;ML;MM;MN;MO;MP;MQ;MR;MS;MT;MU;MV;MW;MX;MY;MZ;NA;NC;NE;NF;NG;NI;NL;NO;NP;NR;NU;NZ;OM;PA;PE;PF;PG;PH;PK;PL;PM;PN;PR;PS;PT;PW;PY;QA;RE;RO;RS;RU;RW;SA;SB;SC;SD;SE;SG;SH;SI;SJ;SK;SL;SM;SN;SO;SR;SS;ST;SV;SX;SY;SZ;TC;TD;TF;TG;TH;TJ;TK;TL;TM;TN;TO;TR;TT;TV;TW;TZ;UA;UG;UM;US;UY;UZ;VA;VC;VE;VG;VI;VN;VU;WF;WS;YE;YT;ZA;ZM;ZW,"Distribution availability, not artist nationality or audience geography.",Napalm; Records; Channel; Powerwolf (Musical Group); Army Of The Night; Napalm Records (Record Label); Metal; Official; Heavy Metal (Musical Genre); Power Metal (Musical Genre); blessed & possessed; attila; armata strigoi; romanian,https://music.youtube.com/watch?v=1zN7J64IeBo,True,False,False,True,False,False,True,True,False,,OK,True,INDIFFERENT,False,https://i.ytimg.com/vi/1zN7J64IeBo/maxresdefault.jpg?sqp=-oaymwEmCIAKENAF8quKqQMa8AEB-AH-CYAC0AWKAgwIABABGEIgSShlMA8=&rs=AOn4CLDRYCeyW49ZFpRMakHRf-TzG3k3Xg,"[{""url"": ""https://i.ytimg.com/vi/1zN7J64IeBo/hqdefault.jpg?sqp=-oaymwEWCJADEOEBIAQqCggAEOADGC0guwJIWg&rs=AMzJL3mOqwYD3Qs_h8Ttt7_p1mf0SEQ7CQ"", ""width"": 400, ""height"": 225}]",,,missing album browse id,YouTube Music internal web API via ytmusicapi; personalized playlist fetched with named auth profile.,2.0,95.0,7.532248928,cumulative views of the exact recommended YouTube video,34060336,7.532248928,High,High,"Frozen 83-song candidate pool captured 2026-06-29T19:44:09+00:00; Low <=7,505; lower buffer 7,506-19,756; Middle 19,757-243,792; upper buffer 243,793-1,223,809; High >=1,223,810 views.","Use view_count or popularity_log10_view_count for comparisons across users, weeks, and the original playlist. Do not use the within-Discover-Mix rank or percentile for cross-playlist comparisons because those are recalculated separately inside every 30-song mix.",Popularity is for the exact recommended video ID. Report or control video_type because this item is MUSIC_VIDEO_TYPE_OMV; ATV denotes an Art Track and OMV an official music video.
2026-08-17T12:38:50+00:00,user_10,Aylin Karca,Discover Mix,RDTMAK5uy_n_5IN6hzAOwdCnM8D8rzrs3vDl12UcZpA,https://music.youtube.com/playlist?list=RDTMAK5uy_n_5IN6hzAOwdCnM8D8rzrs3vDl12UcZpA,,,200,30,30,Collector records only the first 30 tracks. YouTube Music's browse response may still include more tracks in the raw API payload.,,53670,"Discover great music, picked just for you. Always updating.",16,cJBmX5aU1DA,https://music.youtube.com/watch?v=cJBmX5aU1DA,https://www.youtube.com/watch?v=cJBmX5aU1DA,Dream Stealer,Arch Enemy,UCrflfrfvAw_s8fGcVXUtnPA,"[{""id"": ""UCrflfrfvAw_s8fGcVXUtnPA"", ""name"": ""Arch Enemy"", ""subscribers_display"": ""531K"", ""subscribers_approx"": 531000, ""channel_views"": 216724339, ""description"": ""Vocals - Lauren Hart\nLead Guitar - Michael Amott\nDrums - Daniel Erlandsson\nBass Guitar - Sharlee D'Angelo\nGuitar - Joey Concepcion\n\n\nLive photo by Kommodore Johnsen"", ""song_shelf_count"": 5, ""album_shelf_count"": 10, ""single_shelf_count"": 10, ""video_shelf_count"": 10, ""lookup_error"": """"}]",UCrflfrfvAw_s8fGcVXUtnPA,Arch Enemy,531K,531000,216724339,"Vocals - Lauren Hart
Lead Guitar - Michael Amott
Drums - Daniel Erlandsson
Bass Guitar - Sharlee D'Angelo
Guitar - Joey Concepcion


Live photo by Kommodore Johnsen",5,10,10,10,,,,,,,,,,,4:40,280,MUSIC_VIDEO_TYPE_OMV,2773624,,ytmusicapi player response videoDetails.viewCount,,,Not exposed by this YouTube Music endpoint; official YouTube Data API credentials are required.,Music,2024-07-31T09:00:06-07:00,2024-07-31T09:00:06-07:00,Arch Enemy,UCIPN3XIDtyAVP6GWYsE7pQQ,http://www.youtube.com/@archenemyofficial,248,AD;AE;AF;AG;AI;AL;AM;AO;AQ;AR;AS;AT;AU;AW;AX;AZ;BA;BB;BD;BE;BF;BG;BH;BI;BJ;BL;BM;BN;BO;BQ;BR;BS;BT;BV;BW;BY;BZ;CA;CC;CD;CF;CG;CH;CI;CK;CL;CM;CN;CO;CR;CU;CV;CW;CX;CY;CZ;DE;DJ;DK;DM;DO;DZ;EC;EE;EG;EH;ER;ES;ET;FI;FJ;FK;FM;FO;FR;GA;GB;GD;GE;GF;GG;GH;GI;GL;GM;GN;GP;GQ;GR;GS;GT;GU;GW;GY;HK;HM;HN;HR;HT;HU;ID;IE;IL;IM;IN;IO;IQ;IR;IS;IT;JE;JM;JO;JP;KE;KG;KH;KI;KM;KN;KP;KR;KW;KY;KZ;LA;LB;LC;LI;LK;LR;LS;LT;LU;LV;LY;MA;MC;MD;ME;MF;MG;MH;MK;ML;MM;MN;MO;MP;MQ;MR;MS;MT;MU;MV;MW;MX;MY;MZ;NA;NC;NE;NF;NG;NI;NL;NO;NP;NR;NU;NZ;OM;PA;PE;PF;PG;PH;PK;PL;PM;PN;PR;PS;PT;PW;PY;QA;RE;RO;RS;RW;SA;SB;SC;SD;SE;SG;SH;SI;SJ;SK;SL;SM;SN;SO;SR;SS;ST;SV;SX;SY;SZ;TC;TD;TF;TG;TH;TJ;TK;TL;TM;TN;TO;TR;TT;TV;TW;TZ;UA;UG;UM;US;UY;UZ;VA;VC;VE;VG;VI;VN;VU;WF;WS;YE;YT;ZA;ZM;ZW,"Distribution availability, not artist nationality or audience geography.",,https://music.youtube.com/watch?v=cJBmX5aU1DA,True,False,False,True,False,False,True,True,False,,OK,True,INDIFFERENT,False,https://i.ytimg.com/vi/cJBmX5aU1DA/maxresdefault.jpg,"[{""url"": ""https://i.ytimg.com/vi/cJBmX5aU1DA/hqdefault.jpg?sqp=-oaymwEWCJADEOEBIAQqCggAEOADGC0guwJIWg&rs=AMzJL3mmNdRRzZq0QRgfNzy87LAxjfEkiA"", ""width"": 400, ""height"": 225}]",,,missing album browse id,YouTube Music internal web API via ytmusicapi; personalized playlist fetched with named auth profile.,7.0,78.333333,6.443047587,cumulative views of the exact recommended YouTube video,2773624,6.443047587,High,High,"Frozen 83-song candidate pool captured 2026-06-29T19:44:09+00:00; Low <=7,505; lower buffer 7,506-19,756; Middle 19,757-243,792; upper buffer 243,793-1,223,809; High >=1,223,810 views.","Use view_count or popularity_log10_view_count for comparisons across users, weeks, and the original playlist. Do not use the within-Discover-Mix rank or percentile for cross-playlist comparisons because those are recalculated separately inside every 30-song mix.",Popularity is for the exact recommended video ID. Report or control video_type because this item is MUSIC_VIDEO_TYPE_OMV; ATV denotes an Art Track and OMV an official music video.
2026-08-17T12:38:50+00:00,user_10,Aylin Karca,Discover Mix,RDTMAK5uy_n_5IN6hzAOwdCnM8D8rzrs3vDl12UcZpA,https://music.youtube.com/playlist?list=RDTMAK5uy_n_5IN6hzAOwdCnM8D8rzrs3vDl12UcZpA,,,200,30,30,Collector records only the first 30 tracks. YouTube Music's browse response may still include more tracks in the raw API payload.,,53670,"Discover great music, picked just for you. Always updating.",17,UO37wJG1j2k,https://music.youtube.com/watch?v=UO37wJG1j2k,https://www.youtube.com/watch?v=UO37wJG1j2k,Metal United,Majestica,UC0oLl-AD2ikFO_WDmG4YMzw,"[{""id"": ""UC0oLl-AD2ikFO_WDmG4YMzw"", ""name"": ""Majestica"", ""subscribers_display"": ""29.2K"", ""subscribers_approx"": 29200, ""channel_views"": 12193693, ""description"": ""Symphonic power metal from Sweden."", ""song_shelf_count"": 5, ""album_shelf_count"": 4, ""single_shelf_count"": 8, ""video_shelf_count"": 10, ""lookup_error"": """"}]",UC0oLl-AD2ikFO_WDmG4YMzw,Majestica,29.2K,29200,12193693,Symphonic power metal from Sweden.,5,4,8,10,,,,,,,,,,,3:54,234,MUSIC_VIDEO_TYPE_OMV,1261047,,ytmusicapi player response videoDetails.viewCount,,,Not exposed by this YouTube Music endpoint; official YouTube Data API credentials are required.,Music,2021-09-10T02:01:09-07:00,2021-09-10T02:01:09-07:00,Nuclear Blast Records,UCoxg3Kml41wE3IPq-PC-LQw,http://www.youtube.com/@NuclearBlastRecords,249,AD;AE;AF;AG;AI;AL;AM;AO;AQ;AR;AS;AT;AU;AW;AX;AZ;BA;BB;BD;BE;BF;BG;BH;BI;BJ;BL;BM;BN;BO;BQ;BR;BS;BT;BV;BW;BY;BZ;CA;CC;CD;CF;CG;CH;CI;CK;CL;CM;CN;CO;CR;CU;CV;CW;CX;CY;CZ;DE;DJ;DK;DM;DO;DZ;EC;EE;EG;EH;ER;ES;ET;FI;FJ;FK;FM;FO;FR;GA;GB;GD;GE;GF;GG;GH;GI;GL;GM;GN;GP;GQ;GR;GS;GT;GU;GW;GY;HK;HM;HN;HR;HT;HU;ID;IE;IL;IM;IN;IO;IQ;IR;IS;IT;JE;JM;JO;JP;KE;KG;KH;KI;KM;KN;KP;KR;KW;KY;KZ;LA;LB;LC;LI;LK;LR;LS;LT;LU;LV;LY;MA;MC;MD;ME;MF;MG;MH;MK;ML;MM;MN;MO;MP;MQ;MR;MS;MT;MU;MV;MW;MX;MY;MZ;NA;NC;NE;NF;NG;NI;NL;NO;NP;NR;NU;NZ;OM;PA;PE;PF;PG;PH;PK;PL;PM;PN;PR;PS;PT;PW;PY;QA;RE;RO;RS;RU;RW;SA;SB;SC;SD;SE;SG;SH;SI;SJ;SK;SL;SM;SN;SO;SR;SS;ST;SV;SX;SY;SZ;TC;TD;TF;TG;TH;TJ;TK;TL;TM;TN;TO;TR;TT;TV;TW;TZ;UA;UG;UM;US;UY;UZ;VA;VC;VE;VG;VI;VN;VU;WF;WS;YE;YT;ZA;ZM;ZW,"Distribution availability, not artist nationality or audience geography.",Majestica; rising tide; sabaton; power metal; reinxeed; live; nuclear blast; metal; above the sky; Nuclear Blast; tommy johansson; metal united; symphonic metal,https://music.youtube.com/watch?v=UO37wJG1j2k,True,False,False,True,False,False,True,True,False,,OK,True,INDIFFERENT,False,https://i.ytimg.com/vi/UO37wJG1j2k/maxresdefault.jpg,"[{""url"": ""https://i.ytimg.com/vi/UO37wJG1j2k/hqdefault.jpg?sqp=-oaymwEWCJADEOEBIAQqCggAEOADGC0guwJIWg&rs=AMzJL3lHedd-Tlm9WU164sHfXY9a2wNHzQ"", ""width"": 400, ""height"": 225}]",,,missing album browse id,YouTube Music internal web API via ytmusicapi; personalized playlist fetched with named auth profile.,10.0,68.333333,6.100731273,cumulative views of the exact recommended YouTube video,1261047,6.100731273,High,High,"Frozen 83-song candidate pool captured 2026-06-29T19:44:09+00:00; Low <=7,505; lower buffer 7,506-19,756; Middle 19,757-243,792; upper buffer 243,793-1,223,809; High >=1,223,810 views.","Use view_count or popularity_log10_view_count for comparisons across users, weeks, and the original playlist. Do not use the within-Discover-Mix rank or percentile for cross-playlist comparisons because those are recalculated separately inside every 30-song mix.",Popularity is for the exact recommended video ID. Report or control video_type because this item is MUSIC_VIDEO_TYPE_OMV; ATV denotes an Art Track and OMV an official music video.
2026-08-17T12:38:50+00:00,user_10,Aylin Karca,Discover Mix,RDTMAK5uy_n_5IN6hzAOwdCnM8D8rzrs3vDl12UcZpA,https://music.youtube.com/playlist?list=RDTMAK5uy_n_5IN6hzAOwdCnM8D8rzrs3vDl12UcZpA,,,200,30,30,Collector records only the first 30 tracks. YouTube Music's browse response may still include more tracks in the raw API payload.,,53670,"Discover great music, picked just for you. Always updating.",18,xM3VbPFEpT4,https://music.youtube.com/watch?v=xM3VbPFEpT4,https://www.youtube.com/watch?v=xM3VbPFEpT4,Wings of Destiny,Gamma Ray,UC34yDJRgqZZFJ25BjEvvCQQ,"[{""id"": ""UC34yDJRgqZZFJ25BjEvvCQQ"", ""name"": ""Gamma Ray"", ""subscribers_display"": ""35.8K"", ""subscribers_approx"": 35800, ""channel_views"": 28901736, ""description"": ""Gamma Ray is a German power metal band from Hamburg, founded and fronted by Kai Hansen after his departure from power metal band Helloween, in 1989. He is the band's lead vocalist, guitarist and chief songwriter. Between 1990 and 2014, Gamma Ray recorded eleven studio albums.\n\nFrom Wikipedia ("", ""song_shelf_count"": 5, ""album_shelf_count"": 10, ""single_shelf_count"": 10, ""video_shelf_count"": 10, ""lookup_error"": """"}]",UC34yDJRgqZZFJ25BjEvvCQQ,Gamma Ray,35.8K,35800,28901736,"Gamma Ray is a German power metal band from Hamburg, founded and fronted by Kai Hansen after his departure from power metal band Helloween, in 1989. He is the band's lead vocalist, guitarist and chief songwriter. Between 1990 and 2014, Gamma Ray recorded eleven studio albums.

From Wikipedia (",5,10,10,10,MPREb_9cf2gUbOx5l,Power Plant,Album,1999,11,"1 hour, 3 minutes",3816,OLAK5uy_l8bkEhA0QRW2fu8D-XnXMte9vqxqveMQg,Gamma Ray,"Power Plant is the sixth full-length album from the German power metal band, Gamma Ray. The album was initially released in 1999, but was re-released along with most of the band's past catalogue in 2002 with bonus tracks and new covers. This album has a tight focus on the power metal genre.
Most notably for the band, it was the first album in which the lineup from one album to the next remained unchanged, with Kai Hansen on vocals and guitar, Henjo Richter on guitar, Dirk Schlächter on bass and Dan Zimmermann on drums.
The cover painting and illustrations are by Derek Riggs, creator of Iron Maiden's Eddie mascot.

From Wikipedia (",6:26,386,MUSIC_VIDEO_TYPE_ATV,317189,,ytmusicapi player response videoDetails.viewCount,,,Not exposed by this YouTube Music endpoint; official YouTube Data API credentials are required.,Music,2022-08-30T04:20:17-07:00,2022-08-30T04:20:17-07:00,Gamma Ray - Topic,UC34yDJRgqZZFJ25BjEvvCQQ,http://www.youtube.com/channel/UC34yDJRgqZZFJ25BjEvvCQQ,123,AE;AR;AS;AT;AU;AW;AZ;BA;BD;BE;BG;BH;BM;BO;BR;BY;CA;CH;CL;CO;CR;CY;CZ;DE;DK;DO;DZ;EC;EE;EG;ES;FI;FR;GB;GE;GF;GH;GP;GR;GT;GU;HK;HN;HR;HU;ID;IE;IL;IN;IQ;IS;IT;JM;JO;JP;KE;KH;KR;KW;KY;KZ;LA;LB;LI;LK;LT;LU;LV;LY;MA;MK;MP;MQ;MT;MX;MY;NC;NG;NI;NL;NO;NP;NZ;OM;PA;PE;PF;PG;PH;PK;PL;PR;PT;PY;QA;RE;RO;RS;RU;SA;SE;SG;SI;SK;SN;SV;TC;TH;TN;TR;TW;TZ;UA;UG;US;UY;VE;VI;VN;YE;YT;ZA;ZW,"Distribution availability, not artist nationality or audience geography.",Gamma Ray; Power Plant; Wings of Destiny,https://music.youtube.com/watch?v=xM3VbPFEpT4,True,False,False,True,False,False,True,True,False,False,OK,True,INDIFFERENT,False,https://i.ytimg.com/vi/xM3VbPFEpT4/maxresdefault.jpg,"[{""url"": ""https://yt3.googleusercontent.com/R4KZh_UdNVNczXzBVOfEVXpVBZ6lzaxXMoIkbs9pmMNqZvRnFE_mATSdnT2n0VqkAcDJwUMUfoetcXZ4=w60-h60-l90-rj"", ""width"": 60, ""height"": 60}, {""url"": ""https://yt3.googleusercontent.com/R4KZh_UdNVNczXzBVOfEVXpVBZ6lzaxXMoIkbs9pmMNqZvRnFE_mATSdnT2n0VqkAcDJwUMUfoetcXZ4=w120-h120-l90-rj"", ""width"": 120, ""height"": 120}]",,,,YouTube Music internal web API via ytmusicapi; personalized playlist fetched with named auth profile.,21.0,31.666667,5.501318118,cumulative views of the exact recommended YouTube video,317189,5.501318118,Upper buffer,Buffer,"Frozen 83-song candidate pool captured 2026-06-29T19:44:09+00:00; Low <=7,505; lower buffer 7,506-19,756; Middle 19,757-243,792; upper buffer 243,793-1,223,809; High >=1,223,810 views.","Use view_count or popularity_log10_view_count for comparisons across users, weeks, and the original playlist. Do not use the within-Discover-Mix rank or percentile for cross-playlist comparisons because those are recalculated separately inside every 30-song mix.",Popularity is for the exact recommended video ID. Report or control video_type because this item is MUSIC_VIDEO_TYPE_ATV; ATV denotes an Art Track and OMV an official music video.
2026-08-17T12:38:50+00:00,user_10,Aylin Karca,Discover Mix,RDTMAK5uy_n_5IN6hzAOwdCnM8D8rzrs3vDl12UcZpA,https://music.youtube.com/playlist?list=RDTMAK5uy_n_5IN6hzAOwdCnM8D8rzrs3vDl12UcZpA,,,200,30,30,Collector records only the first 30 tracks. YouTube Music's browse response may still include more tracks in the raw API payload.,,53670,"Discover great music, picked just for you. Always updating.",19,nT14mlv92t4,https://music.youtube.com/watch?v=nT14mlv92t4,https://www.youtube.com/watch?v=nT14mlv92t4,Masters Of Destiny           ,Delain,UCPIXyGsEUrGIz7olJ1d7-Ig,"[{""id"": ""UCPIXyGsEUrGIz7olJ1d7-Ig"", ""name"": ""Delain"", ""subscribers_display"": ""88.2K"", ""subscribers_approx"": 88200, ""channel_views"": 48114871, ""description"": ""DELAIN has started a thrilling new chapter and is ready to storm the globe again. Their new lineup consists of three original members - Martijn Westerholt (main songwriter/keyboardist), Ronald Landa (guitars), Sander Zoer (drums) as well as two new members Diana Leah (vocals) and Ludovico Cioffi (bass). They just finished their highly anticipated seventh studio album 'Dark Waters' which is set to release February 10, 2023 and are fired up to tour the world again following the release. \n\nDELAIN has seven studio albums, three EP’s and a live DVD to its name, including guest performances from the titans of the scene, among others: Sharon Den Adel (WITHIN TEMPTATION), Marko Hietala (NIGHTWISH) who is a returning guest on the new album 'Dark Waters', and Alissa White-Gluz (ARCH ENEMY). Having toured the globe with bands like NIGHTWISH, SABATON and WITHIN TEMPTATION, and having rocked festivals like WACKEN, GRASPOP, and DOWNLOAD, DELAIN has strongly carved its niche within the scene as one of the original early generation bands in the genre. With its new lineup, including the stunning and breathtaking vocals by Diana Leah, DELAIN is set to continue their legacy and forge new paths within the metal scene."", ""song_shelf_count"": 5, ""album_shelf_count"": 10, ""single_shelf_count"": 10, ""video_shelf_count"": 10, ""lookup_error"": """"}]",UCPIXyGsEUrGIz7olJ1d7-Ig,Delain,88.2K,88200,48114871,"DELAIN has started a thrilling new chapter and is ready to storm the globe again. Their new lineup consists of three original members - Martijn Westerholt (main songwriter/keyboardist), Ronald Landa (guitars), Sander Zoer (drums) as well as two new members Diana Leah (vocals) and Ludovico Cioffi (bass). They just finished their highly anticipated seventh studio album 'Dark Waters' which is set to release February 10, 2023 and are fired up to tour the world again following the release. 

DELAIN has seven studio albums, three EP’s and a live DVD to its name, including guest performances from the titans of the scene, among others: Sharon Den Adel (WITHIN TEMPTATION), Marko Hietala (NIGHTWISH) who is a returning guest on the new album 'Dark Waters', and Alissa White-Gluz (ARCH ENEMY). Having toured the globe with bands like NIGHTWISH, SABATON and WITHIN TEMPTATION, and having rocked festivals like WACKEN, GRASPOP, and DOWNLOAD, DELAIN has strongly carved its niche within the scene as one of the original early generation bands in the genre. With its new lineup, including the stunning and breathtaking vocals by Diana Leah, DELAIN is set to continue their legacy and forge new paths within the metal scene.",5,10,10,10,,,,,,,,,,,5:18,318,MUSIC_VIDEO_TYPE_OMV,6338847,,ytmusicapi player response videoDetails.viewCount,,,Not exposed by this YouTube Music endpoint; official YouTube Data API credentials are required.,People & Blogs,2019-01-11T08:00:33-08:00,2019-01-11T08:00:33-08:00,Napalm Records,UCG7AaCh_CiG6pq_rRDNw72A,http://www.youtube.com/@napalmrecords,249,AD;AE;AF;AG;AI;AL;AM;AO;AQ;AR;AS;AT;AU;AW;AX;AZ;BA;BB;BD;BE;BF;BG;BH;BI;BJ;BL;BM;BN;BO;BQ;BR;BS;BT;BV;BW;BY;BZ;CA;CC;CD;CF;CG;CH;CI;CK;CL;CM;CN;CO;CR;CU;CV;CW;CX;CY;CZ;DE;DJ;DK;DM;DO;DZ;EC;EE;EG;EH;ER;ES;ET;FI;FJ;FK;FM;FO;FR;GA;GB;GD;GE;GF;GG;GH;GI;GL;GM;GN;GP;GQ;GR;GS;GT;GU;GW;GY;HK;HM;HN;HR;HT;HU;ID;IE;IL;IM;IN;IO;IQ;IR;IS;IT;JE;JM;JO;JP;KE;KG;KH;KI;KM;KN;KP;KR;KW;KY;KZ;LA;LB;LC;LI;LK;LR;LS;LT;LU;LV;LY;MA;MC;MD;ME;MF;MG;MH;MK;ML;MM;MN;MO;MP;MQ;MR;MS;MT;MU;MV;MW;MX;MY;MZ;NA;NC;NE;NF;NG;NI;NL;NO;NP;NR;NU;NZ;OM;PA;PE;PF;PG;PH;PK;PL;PM;PN;PR;PS;PT;PW;PY;QA;RE;RO;RS;RU;RW;SA;SB;SC;SD;SE;SG;SH;SI;SJ;SK;SL;SM;SN;SO;SR;SS;ST;SV;SX;SY;SZ;TC;TD;TF;TG;TH;TJ;TK;TL;TM;TN;TO;TR;TT;TV;TW;TZ;UA;UG;UM;US;UY;UZ;VA;VC;VE;VG;VI;VN;VU;WF;WS;YE;YT;ZA;ZM;ZW,"Distribution availability, not artist nationality or audience geography.",Napalm; Records; Channel; delain; masters of destiny; hunter's moon; charlotte wessels; martijn westerhold; female fronted; symphonic metal; nightwish; napalm records; iceland,https://music.youtube.com/watch?v=nT14mlv92t4,True,False,False,True,False,False,True,True,False,,OK,True,INDIFFERENT,False,https://i.ytimg.com/vi/nT14mlv92t4/maxresdefault.jpg,"[{""url"": ""https://i.ytimg.com/vi/nT14mlv92t4/hqdefault.jpg?sqp=-oaymwEWCJADEOEBIAQqCggAEOADGC0guwJIWg&rs=AMzJL3mr0EDACK8blOQm3mhIAx7Ef3KioQ"", ""width"": 400, ""height"": 225}]",,,missing album browse id,YouTube Music internal web API via ytmusicapi; personalized playlist fetched with named auth profile.,6.0,81.666667,6.802010269,cumulative views of the exact recommended YouTube video,6338847,6.802010269,High,High,"Frozen 83-song candidate pool captured 2026-06-29T19:44:09+00:00; Low <=7,505; lower buffer 7,506-19,756; Middle 19,757-243,792; upper buffer 243,793-1,223,809; High >=1,223,810 views.","Use view_count or popularity_log10_view_count for comparisons across users, weeks, and the original playlist. Do not use the within-Discover-Mix rank or percentile for cross-playlist comparisons because those are recalculated separately inside every 30-song mix.",Popularity is for the exact recommended video ID. Report or control video_type because this item is MUSIC_VIDEO_TYPE_OMV; ATV denotes an Art Track and OMV an official music video.
2026-08-17T12:38:50+00:00,user_10,Aylin Karca,Discover Mix,RDTMAK5uy_n_5IN6hzAOwdCnM8D8rzrs3vDl12UcZpA,https://music.youtube.com/playlist?list=RDTMAK5uy_n_5IN6hzAOwdCnM8D8rzrs3vDl12UcZpA,,,200,30,30,Collector records only the first 30 tracks. YouTube Music's browse response may still include more tracks in the raw API payload.,,53670,"Discover great music, picked just for you. Always updating.",20,6MrFIMxUWP4,https://music.youtube.com/watch?v=6MrFIMxUWP4,https://www.youtube.com/watch?v=6MrFIMxUWP4,Armageddon,Warkings,UCFaEGi6xPZb0ydrY2OJMyqQ,"[{""id"": ""UCFaEGi6xPZb0ydrY2OJMyqQ"", ""name"": ""Warkings"", ""subscribers_display"": ""16.5K"", ""subscribers_approx"": 16500, ""channel_views"": null, ""description"": null, ""song_shelf_count"": 5, ""album_shelf_count"": 5, ""single_shelf_count"": 10, ""video_shelf_count"": 10, ""lookup_error"": """"}]",UCFaEGi6xPZb0ydrY2OJMyqQ,Warkings,16.5K,16500,,,5,5,10,10,,,,,,,,,,,3:04,184,MUSIC_VIDEO_TYPE_OMV,668205,,ytmusicapi player response videoDetails.viewCount,,,Not exposed by this YouTube Music endpoint; official YouTube Data API credentials are required.,Music,2025-04-09T07:00:06-07:00,2025-04-09T07:00:06-07:00,Napalm Records,UCG7AaCh_CiG6pq_rRDNw72A,http://www.youtube.com/@napalmrecords,249,AD;AE;AF;AG;AI;AL;AM;AO;AQ;AR;AS;AT;AU;AW;AX;AZ;BA;BB;BD;BE;BF;BG;BH;BI;BJ;BL;BM;BN;BO;BQ;BR;BS;BT;BV;BW;BY;BZ;CA;CC;CD;CF;CG;CH;CI;CK;CL;CM;CN;CO;CR;CU;CV;CW;CX;CY;CZ;DE;DJ;DK;DM;DO;DZ;EC;EE;EG;EH;ER;ES;ET;FI;FJ;FK;FM;FO;FR;GA;GB;GD;GE;GF;GG;GH;GI;GL;GM;GN;GP;GQ;GR;GS;GT;GU;GW;GY;HK;HM;HN;HR;HT;HU;ID;IE;IL;IM;IN;IO;IQ;IR;IS;IT;JE;JM;JO;JP;KE;KG;KH;KI;KM;KN;KP;KR;KW;KY;KZ;LA;LB;LC;LI;LK;LR;LS;LT;LU;LV;LY;MA;MC;MD;ME;MF;MG;MH;MK;ML;MM;MN;MO;MP;MQ;MR;MS;MT;MU;MV;MW;MX;MY;MZ;NA;NC;NE;NF;NG;NI;NL;NO;NP;NR;NU;NZ;OM;PA;PE;PF;PG;PH;PK;PL;PM;PN;PR;PS;PT;PW;PY;QA;RE;RO;RS;RU;RW;SA;SB;SC;SD;SE;SG;SH;SI;SJ;SK;SL;SM;SN;SO;SR;SS;ST;SV;SX;SY;SZ;TC;TD;TF;TG;TH;TJ;TK;TL;TM;TN;TO;TR;TT;TV;TW;TZ;UA;UG;UM;US;UY;UZ;VA;VC;VE;VG;VI;VN;VU;WF;WS;YE;YT;ZA;ZM;ZW,"Distribution availability, not artist nationality or audience geography.",napalm records,https://music.youtube.com/watch?v=6MrFIMxUWP4,True,False,False,True,False,False,True,True,False,,OK,True,INDIFFERENT,False,https://i.ytimg.com/vi/6MrFIMxUWP4/maxresdefault.jpg,"[{""url"": ""https://i.ytimg.com/vi/6MrFIMxUWP4/hqdefault.jpg?sqp=-oaymwEWCJADEOEBIAQqCggAEOADGC0guwJIWg&rs=AMzJL3mg1dd9oZsEzUrjAW5eaOj3TnYE-A"", ""width"": 400, ""height"": 225}]",,,missing album browse id,YouTube Music internal web API via ytmusicapi; personalized playlist fetched with named auth profile.,13.0,58.333333,5.824909721,cumulative views of the exact recommended YouTube video,668205,5.824909721,Upper buffer,Buffer,"Frozen 83-song candidate pool captured 2026-06-29T19:44:09+00:00; Low <=7,505; lower buffer 7,506-19,756; Middle 19,757-243,792; upper buffer 243,793-1,223,809; High >=1,223,810 views.","Use view_count or popularity_log10_view_count for comparisons across users, weeks, and the original playlist. Do not use the within-Discover-Mix rank or percentile for cross-playlist comparisons because those are recalculated separately inside every 30-song mix.",Popularity is for the exact recommended video ID. Report or control video_type because this item is MUSIC_VIDEO_TYPE_OMV; ATV denotes an Art Track and OMV an official music video.
2026-08-17T12:38:50+00:00,user_10,Aylin Karca,Discover Mix,RDTMAK5uy_n_5IN6hzAOwdCnM8D8rzrs3vDl12UcZpA,https://music.youtube.com/playlist?list=RDTMAK5uy_n_5IN6hzAOwdCnM8D8rzrs3vDl12UcZpA,,,200,30,30,Collector records only the first 30 tracks. YouTube Music's browse response may still include more tracks in the raw API payload.,,53670,"Discover great music, picked just for you. Always updating.",21,aHolTqDXipc,https://music.youtube.com/watch?v=aHolTqDXipc,https://www.youtube.com/watch?v=aHolTqDXipc,Dawn of Victory,Rhapsody,UCjjuWbTlk-8b_MaGqTBnlsQ,"[{""id"": ""UCjjuWbTlk-8b_MaGqTBnlsQ"", ""name"": ""Rhapsody"", ""subscribers_display"": ""148K"", ""subscribers_approx"": 148000, ""channel_views"": 136485591, ""description"": ""Italian symphonic metal gods RHAPSODY OF FIRE, started their career in Trieste in the mid 90’s (releasing their first albums under the banner of “Rhapsody”), the debut ‘Legendary Tales’ (1997) and the second studio album ‘Symphony Of Enchanted Lands’ (1998) made a huge impact on the scene with a unique mixture of classic power metal, baroque/classical elements, operatic choirs and movie-like orchestrations. A huge worldwide fan base was built very quickly and the first five albums (which sold way over 1.000.000 copies) placed Rhapsody on top of the best-selling and most popular metal artists worldwide. They have played several tours all around the world in front of amazing crowds from Sao Paulo to Tokyo. \n\nIn 2004, Christopher Lee, a world-renowned actor that played in numerous movies including The Lord of The Rings as Saruman, contributed to the band by narrating and singing in their recordings. The most famous song that illustrates this unforgettable cooperation is “The Magic Of the Wizard’s Dream”. \n\nFrom 2011, Alex Staropoli invited his longtime friend Roby De Micheli to become the new guitarist of RHAPSODY OF FIRE to continue producing music in the more classic and heavy direction that the fans loved so much."", ""song_shelf_count"": 5, ""album_shelf_count"": 10, ""single_shelf_count"": 10, ""video_shelf_count"": 10, ""lookup_error"": """"}]",UCjjuWbTlk-8b_MaGqTBnlsQ,Rhapsody,148K,148000,136485591,"Italian symphonic metal gods RHAPSODY OF FIRE, started their career in Trieste in the mid 90’s (releasing their first albums under the banner of “Rhapsody”), the debut ‘Legendary Tales’ (1997) and the second studio album ‘Symphony Of Enchanted Lands’ (1998) made a huge impact on the scene with a unique mixture of classic power metal, baroque/classical elements, operatic choirs and movie-like orchestrations. A huge worldwide fan base was built very quickly and the first five albums (which sold way over 1.000.000 copies) placed Rhapsody on top of the best-selling and most popular metal artists worldwide. They have played several tours all around the world in front of amazing crowds from Sao Paulo to Tokyo. 

In 2004, Christopher Lee, a world-renowned actor that played in numerous movies including The Lord of The Rings as Saruman, contributed to the band by narrating and singing in their recordings. The most famous song that illustrates this unforgettable cooperation is “The Magic Of the Wizard’s Dream”. 

From 2011, Alex Staropoli invited his longtime friend Roby De Micheli to become the new guitarist of RHAPSODY OF FIRE to continue producing music in the more classic and heavy direction that the fans loved so much.",5,10,10,10,MPREb_U1C2IJ0s5Up,Dawn of Victory,Album,2000,10,49 minutes,2977,OLAK5uy_lKGN1jijl-c6L4WxDrRh2HLTYsMTV77Ww,Rhapsody,"Dawn of Victory is the third studio album by the Italian symphonic power metal band Rhapsody, released in 2000. Like the previous albums, it centers on the story of Algalord and The Emerald Sword Saga. It was produced and engineered by Sascha Paeth and Miro. It is also the first album to feature drummer Alex Holzwarth.
In 2019, Metal Hammer ranked it as the second best power metal album of all time.

From Wikipedia (",4:48,288,MUSIC_VIDEO_TYPE_ATV,19403429,,ytmusicapi player response videoDetails.viewCount,,,Not exposed by this YouTube Music endpoint; official YouTube Data API credentials are required.,Music,2018-04-30T03:00:13-07:00,2018-04-30T03:00:13-07:00,Rhapsody of Fire - Topic,UCjjuWbTlk-8b_MaGqTBnlsQ,http://www.youtube.com/channel/UCjjuWbTlk-8b_MaGqTBnlsQ,123,AE;AR;AS;AT;AU;AW;AZ;BA;BD;BE;BG;BH;BM;BO;BR;BY;CA;CH;CL;CO;CR;CY;CZ;DE;DK;DO;DZ;EC;EE;EG;ES;FI;FR;GB;GE;GF;GH;GP;GR;GT;GU;HK;HN;HR;HU;ID;IE;IL;IN;IQ;IS;IT;JM;JO;JP;KE;KH;KR;KW;KY;KZ;LA;LB;LI;LK;LT;LU;LV;LY;MA;MK;MP;MQ;MT;MX;MY;NC;NG;NI;NL;NO;NP;NZ;OM;PA;PE;PF;PG;PH;PK;PL;PR;PT;PY;QA;RE;RO;RS;RU;SA;SE;SG;SI;SK;SN;SV;TC;TH;TN;TR;TW;TZ;UA;UG;US;UY;VE;VI;VN;YE;YT;ZA;ZW,"Distribution availability, not artist nationality or audience geography.",Rhapsody; Dawn of Victory; Dawn of Victory,https://music.youtube.com/watch?v=aHolTqDXipc,True,False,False,True,False,False,True,True,False,False,OK,True,INDIFFERENT,False,https://i.ytimg.com/vi/aHolTqDXipc/maxresdefault.jpg,"[{""url"": ""https://yt3.googleusercontent.com/QlyryEO13lua642te79Jb_yt9wWrSsh9wrSEB1LTGOrMVrQmub5l48di8CLcs1vIMuEN66hjmsjVdUU=w60-h60-l90-rj"", ""width"": 60, ""height"": 60}, {""url"": ""https://yt3.googleusercontent.com/QlyryEO13lua642te79Jb_yt9wWrSsh9wrSEB1LTGOrMVrQmub5l48di8CLcs1vIMuEN66hjmsjVdUU=w120-h120-l90-rj"", ""width"": 120, ""height"": 120}]",,,,YouTube Music internal web API via ytmusicapi; personalized playlist fetched with named auth profile.,4.0,88.333333,7.287878486,cumulative views of the exact recommended YouTube video,19403429,7.287878486,High,High,"Frozen 83-song candidate pool captured 2026-06-29T19:44:09+00:00; Low <=7,505; lower buffer 7,506-19,756; Middle 19,757-243,792; upper buffer 243,793-1,223,809; High >=1,223,810 views.","Use view_count or popularity_log10_view_count for comparisons across users, weeks, and the original playlist. Do not use the within-Discover-Mix rank or percentile for cross-playlist comparisons because those are recalculated separately inside every 30-song mix.",Popularity is for the exact recommended video ID. Report or control video_type because this item is MUSIC_VIDEO_TYPE_ATV; ATV denotes an Art Track and OMV an official music video.
2026-08-17T12:38:50+00:00,user_10,Aylin Karca,Discover Mix,RDTMAK5uy_n_5IN6hzAOwdCnM8D8rzrs3vDl12UcZpA,https://music.youtube.com/playlist?list=RDTMAK5uy_n_5IN6hzAOwdCnM8D8rzrs3vDl12UcZpA,,,200,30,30,Collector records only the first 30 tracks. YouTube Music's browse response may still include more tracks in the raw API payload.,,53670,"Discover great music, picked just for you. Always updating.",22,9l-mDq2Qqr8,https://music.youtube.com/watch?v=9l-mDq2Qqr8,https://www.youtube.com/watch?v=9l-mDq2Qqr8,Angel Of Light,Dreamtale,UCINpaM7CJldbiFRozJCofbw,"[{""id"": ""UCINpaM7CJldbiFRozJCofbw"", ""name"": ""Dreamtale"", ""subscribers_display"": ""6.5K"", ""subscribers_approx"": 6500, ""channel_views"": null, ""description"": null, ""song_shelf_count"": 5, ""album_shelf_count"": 9, ""single_shelf_count"": 9, ""video_shelf_count"": 7, ""lookup_error"": """"}]",UCINpaM7CJldbiFRozJCofbw,Dreamtale,6.5K,6500,,,5,9,9,7,MPREb_Zbow0LoXZdV,Epsilon,Album,2011,10,49 minutes,2969,OLAK5uy_nWiwNSG7w_nhznPgZtSWzDMKqrcElkQjc,Dreamtale,"Epsilon is the fifth studio album by Finnish power metal band Dreamtale. It was released on The Secret Door record label on 11 May 2011 in Finland, with an earlier 20 April 2011 release in Japan, and then released via IceWarrior Records on 28 September 2012 in Germany, Austria, and Switzerland, and 8 October 2012 in other European countries. The album reached number 39 on Suomen virallinen lista, The Official Finnish Charts.

From Wikipedia (",4:05,245,MUSIC_VIDEO_TYPE_ATV,404566,,ytmusicapi player response videoDetails.viewCount,,,Not exposed by this YouTube Music endpoint; official YouTube Data API credentials are required.,Music,2014-11-20T07:22:54-08:00,2014-11-20T07:22:54-08:00,Dreamtale - Topic,UCINpaM7CJldbiFRozJCofbw,http://www.youtube.com/channel/UCINpaM7CJldbiFRozJCofbw,121,AE;AR;AS;AT;AU;AW;AZ;BA;BD;BE;BG;BH;BM;BO;BR;CA;CH;CL;CO;CR;CY;CZ;DE;DK;DO;DZ;EC;EE;EG;ES;FI;FR;GB;GE;GF;GH;GP;GR;GT;GU;HK;HN;HR;HU;ID;IE;IL;IN;IQ;IS;IT;JM;JO;JP;KE;KH;KR;KW;KY;KZ;LA;LB;LI;LK;LT;LU;LV;LY;MA;MK;MP;MQ;MT;MX;MY;NC;NG;NI;NL;NO;NP;NZ;OM;PA;PE;PF;PG;PH;PK;PL;PR;PT;PY;QA;RE;RO;RS;SA;SE;SG;SI;SK;SN;SV;TC;TH;TN;TR;TW;TZ;UA;UG;US;UY;VE;VI;VN;YE;YT;ZA;ZW,"Distribution availability, not artist nationality or audience geography.",Dreamtale; Epsilon; Angel Of Light,https://music.youtube.com/watch?v=9l-mDq2Qqr8,True,False,False,True,False,False,True,True,False,False,OK,True,INDIFFERENT,False,https://i.ytimg.com/vi/9l-mDq2Qqr8/maxresdefault.jpg,"[{""url"": ""https://yt3.googleusercontent.com/qhgXn6c5zSo1xmXV3EjERC_JachxnBJJMdxTnvveIBFuviVVARc_aqlNXO3hmxDHjF231S6ZMYpzRNU=w60-h60-l90-rj"", ""width"": 60, ""height"": 60}, {""url"": ""https://yt3.googleusercontent.com/qhgXn6c5zSo1xmXV3EjERC_JachxnBJJMdxTnvveIBFuviVVARc_aqlNXO3hmxDHjF231S6ZMYpzRNU=w120-h120-l90-rj"", ""width"": 120, ""height"": 120}]",,,,YouTube Music internal web API via ytmusicapi; personalized playlist fetched with named auth profile.,18.0,41.666667,5.606989382,cumulative views of the exact recommended YouTube video,404566,5.606989382,Upper buffer,Buffer,"Frozen 83-song candidate pool captured 2026-06-29T19:44:09+00:00; Low <=7,505; lower buffer 7,506-19,756; Middle 19,757-243,792; upper buffer 243,793-1,223,809; High >=1,223,810 views.","Use view_count or popularity_log10_view_count for comparisons across users, weeks, and the original playlist. Do not use the within-Discover-Mix rank or percentile for cross-playlist comparisons because those are recalculated separately inside every 30-song mix.",Popularity is for the exact recommended video ID. Report or control video_type because this item is MUSIC_VIDEO_TYPE_ATV; ATV denotes an Art Track and OMV an official music video.
2026-08-17T12:38:50+00:00,user_10,Aylin Karca,Discover Mix,RDTMAK5uy_n_5IN6hzAOwdCnM8D8rzrs3vDl12UcZpA,https://music.youtube.com/playlist?list=RDTMAK5uy_n_5IN6hzAOwdCnM8D8rzrs3vDl12UcZpA,,,200,30,30,Collector records only the first 30 tracks. YouTube Music's browse response may still include more tracks in the raw API payload.,,53670,"Discover great music, picked just for you. Always updating.",23,7iDQEgLCNk0,https://music.youtube.com/watch?v=7iDQEgLCNk0,https://www.youtube.com/watch?v=7iDQEgLCNk0,Break the Chains,Dream Evil,UCaFJfPSGHItiAjCtEdXzJZA,"[{""id"": ""UCaFJfPSGHItiAjCtEdXzJZA"", ""name"": ""Dream Evil"", ""subscribers_display"": ""22.6K"", ""subscribers_approx"": 22600, ""channel_views"": 20895619, ""description"": ""Dream Evil is a Swedish heavy metal band, assembled by producer Fredrik Nordström in 1999. They have released seven studio albums.\n\nFrom Wikipedia ("", ""song_shelf_count"": 5, ""album_shelf_count"": 8, ""single_shelf_count"": 9, ""video_shelf_count"": 10, ""lookup_error"": """"}]",UCaFJfPSGHItiAjCtEdXzJZA,Dream Evil,22.6K,22600,20895619,"Dream Evil is a Swedish heavy metal band, assembled by producer Fredrik Nordström in 1999. They have released seven studio albums.

From Wikipedia (",5,8,9,10,MPREb_cKczeDRFDR0,Evilized,Album,2003,12,47 minutes,2840,OLAK5uy_mj2S0ZArTErr9vIGqz1YSe50sAdhcz-_c,Dream Evil,,3:33,213,MUSIC_VIDEO_TYPE_ATV,130296,,ytmusicapi player response videoDetails.viewCount,,,Not exposed by this YouTube Music endpoint; official YouTube Data API credentials are required.,Music,2017-08-15T10:39:40-07:00,2017-08-15T10:39:40-07:00,Dream Evil - Topic,UCaFJfPSGHItiAjCtEdXzJZA,http://www.youtube.com/channel/UCaFJfPSGHItiAjCtEdXzJZA,123,AE;AR;AS;AT;AU;AW;AZ;BA;BD;BE;BG;BH;BM;BO;BR;BY;CA;CH;CL;CO;CR;CY;CZ;DE;DK;DO;DZ;EC;EE;EG;ES;FI;FR;GB;GE;GF;GH;GP;GR;GT;GU;HK;HN;HR;HU;ID;IE;IL;IN;IQ;IS;IT;JM;JO;JP;KE;KH;KR;KW;KY;KZ;LA;LB;LI;LK;LT;LU;LV;LY;MA;MK;MP;MQ;MT;MX;MY;NC;NG;NI;NL;NO;NP;NZ;OM;PA;PE;PF;PG;PH;PK;PL;PR;PT;PY;QA;RE;RO;RS;RU;SA;SE;SG;SI;SK;SN;SV;TC;TH;TN;TR;TW;TZ;UA;UG;US;UY;VE;VI;VN;YE;YT;ZA;ZW,"Distribution availability, not artist nationality or audience geography.",Dream Evil; Evilized; Break the Chains,https://music.youtube.com/watch?v=7iDQEgLCNk0,True,False,False,True,False,False,True,True,False,False,OK,True,INDIFFERENT,False,https://i.ytimg.com/vi/7iDQEgLCNk0/maxresdefault.jpg,"[{""url"": ""https://yt3.googleusercontent.com/l54le4qRsOqLXqd1NErZusFIpXWkB0rTYqP3TaOjykJ8jbr1Q2Kdw1WVE5j7wmYnnci_5pr0kPyRBUhz=w60-h60-l90-rj"", ""width"": 60, ""height"": 60}, {""url"": ""https://yt3.googleusercontent.com/l54le4qRsOqLXqd1NErZusFIpXWkB0rTYqP3TaOjykJ8jbr1Q2Kdw1WVE5j7wmYnnci_5pr0kPyRBUhz=w120-h120-l90-rj"", ""width"": 120, ""height"": 120}]",,,,YouTube Music internal web API via ytmusicapi; personalized playlist fetched with named auth profile.,24.0,21.666667,5.114931083,cumulative views of the exact recommended YouTube video,130296,5.114931083,Middle,Middle,"Frozen 83-song candidate pool captured 2026-06-29T19:44:09+00:00; Low <=7,505; lower buffer 7,506-19,756; Middle 19,757-243,792; upper buffer 243,793-1,223,809; High >=1,223,810 views.","Use view_count or popularity_log10_view_count for comparisons across users, weeks, and the original playlist. Do not use the within-Discover-Mix rank or percentile for cross-playlist comparisons because those are recalculated separately inside every 30-song mix.",Popularity is for the exact recommended video ID. Report or control video_type because this item is MUSIC_VIDEO_TYPE_ATV; ATV denotes an Art Track and OMV an official music video.
2026-08-17T12:38:50+00:00,user_10,Aylin Karca,Discover Mix,RDTMAK5uy_n_5IN6hzAOwdCnM8D8rzrs3vDl12UcZpA,https://music.youtube.com/playlist?list=RDTMAK5uy_n_5IN6hzAOwdCnM8D8rzrs3vDl12UcZpA,,,200,30,30,Collector records only the first 30 tracks. YouTube Music's browse response may still include more tracks in the raw API payload.,,53670,"Discover great music, picked just for you. Always updating.",24,xyXDHMEifpI,https://music.youtube.com/watch?v=xyXDHMEifpI,https://www.youtube.com/watch?v=xyXDHMEifpI,Aeon of the Crescent Moon,Eluveitie,UCbdGmf2QbfPRTPnlnFNFUhw,"[{""id"": ""UCbdGmf2QbfPRTPnlnFNFUhw"", ""name"": ""Eluveitie"", ""subscribers_display"": ""195K"", ""subscribers_approx"": 195000, ""channel_views"": 72179354, ""description"": ""Eluveitie – New Wave Of Folk Metal …\n\n“Est. 2002″\n\nEluveitie’s saga of success began just when mainman and mastermind Chrigel Glanzmann decided to form ELUVEITIE with the goal to fuse gothenburg styled melodic death metal with ancient folk melodies and themes to a powerful mixture that would soon become the \""New Wave Of Folk Metal\"". That was back in 2002 and Chrigel only meant to form a studio project.\n\nSlania (2008)\n\nOf course all that is history by now and the so called \""studio project\"" grew into a respected, well-known and active band. A relentless amount of touring and recording was all the band did in the past two years after having signed to Nuclear Blast Records. Their label debut \""Slania\"" marked the first chart entry (Switzerland: #35, Germany: #72) and was followed by massive touring activities all around the globe throughout 2008.\n\nEvocation I: The Arcane Dominion (2009)\n\nIn 2009 the band fulfilled their dream of producing an all acoustic folk album without shredding guitars or growling vocals – for the first time in the bands history Hurdy Gurdy player Anna Murphy took over vocal duties. A masterpiece of folk music that fascinated fans and press alike. \""Evocation I: The Arcane Dominion“ of course also hit the charts hard – Switzerland: #20, Greece: #23, Germany: #60.\n\nEverything Remains… As It Never Was (2010 – 2011)\n\n2010 & 2011 saw the band touring even more, but also dropping their most heavy and harsh album to date in February 2010: “Everything Remains… As It Never Was” – a contradictory title that, also in contradiction to its increased heaviness, hit the charts as high as never before: Switzerland: #8, Germany: #19, Austria: #22, Greece: #23, USA: #23 (Billdboard Heatseekers), Finland: #30.\n\nHelvetios (2012)\n\nIn 2012, ELUVEITIE lift the bar once again. With “Helvetios” the band created what is called the essence of their music by combining elements of all their efforts so far – taking them even further. From the raw and dark power of their early works to the anthemic tracks on “Slania” to the acoustic mysticism and beauty of “Evocation” to the heaviness and death metal brutality of “Everything Remains…”. No doubt – “Helvetios” took ELUVEITIE not only one step but a whole lot of steps further!\n\nThe Early Years (2012-2013)\n\nOver the course of the band’s 10th anniversary, it’s now about time to scrutinize their early days closely, in which the foundation for today’s success of the pioneers of their scene was laid.\n\nIt happened in winter of 2002/2003 that Chrigel started ELUVEITIE as a studio project to breathe life into his exceptional musical vision. The first self-financed EP “Vên” was recorded in spring of 2003, was released in the same year – and completely sold out about six months later. The logical conclusion of the rhapsodical public reaction was quickly found: ELUVEITIE had to become a “real” combo with a consistent line-up for the purpose of being able to play live henceforth (the first concert in the band’s history as support act of TRIMONIUM, MENHIR and SKYFORGER took place on the 5th of February 2004 in Winterthur, Switzerland). Quickly, ELUVEITIE were identified as an exceptionally gifted live band which enabled them to indulge in tour life extensively within the next months together with prestigious acts such as AMON AMARTH, FINNTROLL and KORPIKLAANI, before they returned to the studio in winter of 2005 to lay down their eagerly anticipated debut album. This very record named “Spirit” finally came out in 2006 and let the Swiss around maestro Glanzmann go down in the annals of metal as the founders and figureheads of the “New Wave Of Folk Metal”. The rest is history…\n\nNow ELUVEITIE have intensively recapitulated this exciting booster phase of their career. They’ve re-recorded the entire rare “Vên” EP with the 2012 lineup, by which a modern dimension was added to the legendary material, without the slightest loss of its historical splendour. Together with a re-mastered version of the full-length debut “Spirit”, this results in a profound retrospect that will send both long-time followers and nostalgia addicts as well as ELUVEITIE-newbies and those who have been chasing for these releases for years into rapture. So look forward to a very special journey through time!"", ""song_shelf_count"": 5, ""album_shelf_count"": 10, ""single_shelf_count"": 6, ""video_shelf_count"": 10, ""lookup_error"": """"}]",UCbdGmf2QbfPRTPnlnFNFUhw,Eluveitie,195K,195000,72179354,"Eluveitie – New Wave Of Folk Metal …

“Est. 2002″

Eluveitie’s saga of success began just when mainman and mastermind Chrigel Glanzmann decided to form ELUVEITIE with the goal to fuse gothenburg styled melodic death metal with ancient folk melodies and themes to a powerful mixture that would soon become the ""New Wave Of Folk Metal"". That was back in 2002 and Chrigel only meant to form a studio project.

Slania (2008)

Of course all that is history by now and the so called ""studio project"" grew into a respected, well-known and active band. A relentless amount of touring and recording was all the band did in the past two years after having signed to Nuclear Blast Records. Their label debut ""Slania"" marked the first chart entry (Switzerland: #35, Germany: #72) and was followed by massive touring activities all around the globe throughout 2008.

Evocation I: The Arcane Dominion (2009)

In 2009 the band fulfilled their dream of producing an all acoustic folk album without shredding guitars or growling vocals – for the first time in the bands history Hurdy Gurdy player Anna Murphy took over vocal duties. A masterpiece of folk music that fascinated fans and press alike. ""Evocation I: The Arcane Dominion“ of course also hit the charts hard – Switzerland: #20, Greece: #23, Germany: #60.

Everything Remains… As It Never Was (2010 – 2011)

2010 & 2011 saw the band touring even more, but also dropping their most heavy and harsh album to date in February 2010: “Everything Remains… As It Never Was” – a contradictory title that, also in contradiction to its increased heaviness, hit the charts as high as never before: Switzerland: #8, Germany: #19, Austria: #22, Greece: #23, USA: #23 (Billdboard Heatseekers), Finland: #30.

Helvetios (2012)

In 2012, ELUVEITIE lift the bar once again. With “Helvetios” the band created what is called the essence of their music by combining elements of all their efforts so far – taking them even further. From the raw and dark power of their early works to the anthemic tracks on “Slania” to the acoustic mysticism and beauty of “Evocation” to the heaviness and death metal brutality of “Everything Remains…”. No doubt – “Helvetios” took ELUVEITIE not only one step but a whole lot of steps further!

The Early Years (2012-2013)

Over the course of the band’s 10th anniversary, it’s now about time to scrutinize their early days closely, in which the foundation for today’s success of the pioneers of their scene was laid.

It happened in winter of 2002/2003 that Chrigel started ELUVEITIE as a studio project to breathe life into his exceptional musical vision. The first self-financed EP “Vên” was recorded in spring of 2003, was released in the same year – and completely sold out about six months later. The logical conclusion of the rhapsodical public reaction was quickly found: ELUVEITIE had to become a “real” combo with a consistent line-up for the purpose of being able to play live henceforth (the first concert in the band’s history as support act of TRIMONIUM, MENHIR and SKYFORGER took place on the 5th of February 2004 in Winterthur, Switzerland). Quickly, ELUVEITIE were identified as an exceptionally gifted live band which enabled them to indulge in tour life extensively within the next months together with prestigious acts such as AMON AMARTH, FINNTROLL and KORPIKLAANI, before they returned to the studio in winter of 2005 to lay down their eagerly anticipated debut album. This very record named “Spirit” finally came out in 2006 and let the Swiss around maestro Glanzmann go down in the annals of metal as the founders and figureheads of the “New Wave Of Folk Metal”. The rest is history…

Now ELUVEITIE have intensively recapitulated this exciting booster phase of their career. They’ve re-recorded the entire rare “Vên” EP with the 2012 lineup, by which a modern dimension was added to the legendary material, without the slightest loss of its historical splendour. Together with a re-mastered version of the full-length debut “Spirit”, this results in a profound retrospect that will send both long-time followers and nostalgia addicts as well as ELUVEITIE-newbies and those who have been chasing for these releases for years into rapture. So look forward to a very special journey through time!",5,10,6,10,MPREb_YDB0uxi735l,Ànv,Album,2025,12,41 minutes,2490,OLAK5uy_n5lp5yeOZyKKezgADmpqiEAk87afxEBqs,Eluveitie,"Ànv is the ninth studio album by Swiss folk metal band Eluveitie. The album was announced on 21 January 2025 and was released on 25 April 2025 through Nuclear Blast Records. It is Eluveitie's first studio album to feature hurdy-gurdy player and violinist Lea-Sophie Fischer, following the departures of Annie Riediger and Nicole Ansperger from the band in 2024.

From Wikipedia (",4:22,262,MUSIC_VIDEO_TYPE_ATV,174185,,ytmusicapi player response videoDetails.viewCount,,,Not exposed by this YouTube Music endpoint; official YouTube Data API credentials are required.,Music,2025-04-24T03:02:05-07:00,2025-04-24T03:02:05-07:00,Eluveitie - Topic,UCbdGmf2QbfPRTPnlnFNFUhw,http://www.youtube.com/channel/UCbdGmf2QbfPRTPnlnFNFUhw,249,AD;AE;AF;AG;AI;AL;AM;AO;AQ;AR;AS;AT;AU;AW;AX;AZ;BA;BB;BD;BE;BF;BG;BH;BI;BJ;BL;BM;BN;BO;BQ;BR;BS;BT;BV;BW;BY;BZ;CA;CC;CD;CF;CG;CH;CI;CK;CL;CM;CN;CO;CR;CU;CV;CW;CX;CY;CZ;DE;DJ;DK;DM;DO;DZ;EC;EE;EG;EH;ER;ES;ET;FI;FJ;FK;FM;FO;FR;GA;GB;GD;GE;GF;GG;GH;GI;GL;GM;GN;GP;GQ;GR;GS;GT;GU;GW;GY;HK;HM;HN;HR;HT;HU;ID;IE;IL;IM;IN;IO;IQ;IR;IS;IT;JE;JM;JO;JP;KE;KG;KH;KI;KM;KN;KP;KR;KW;KY;KZ;LA;LB;LC;LI;LK;LR;LS;LT;LU;LV;LY;MA;MC;MD;ME;MF;MG;MH;MK;ML;MM;MN;MO;MP;MQ;MR;MS;MT;MU;MV;MW;MX;MY;MZ;NA;NC;NE;NF;NG;NI;NL;NO;NP;NR;NU;NZ;OM;PA;PE;PF;PG;PH;PK;PL;PM;PN;PR;PS;PT;PW;PY;QA;RE;RO;RS;RU;RW;SA;SB;SC;SD;SE;SG;SH;SI;SJ;SK;SL;SM;SN;SO;SR;SS;ST;SV;SX;SY;SZ;TC;TD;TF;TG;TH;TJ;TK;TL;TM;TN;TO;TR;TT;TV;TW;TZ;UA;UG;UM;US;UY;UZ;VA;VC;VE;VG;VI;VN;VU;WF;WS;YE;YT;ZA;ZM;ZW,"Distribution availability, not artist nationality or audience geography.",Eluveitie; Ànv; Aeon of the Crescent Moon,https://music.youtube.com/watch?v=xyXDHMEifpI,True,False,False,True,False,False,True,True,False,False,OK,True,INDIFFERENT,False,https://i.ytimg.com/vi/xyXDHMEifpI/maxresdefault.jpg,"[{""url"": ""https://yt3.googleusercontent.com/bzLqYr3cSsEIozRyV8HD6doFRbqHFVn2JTjhoHMy9NICdzZsmenTv-CVpjD5Olmc8y8keV5GIYpxnjQ=w60-h60-l90-rj"", ""width"": 60, ""height"": 60}, {""url"": ""https://yt3.googleusercontent.com/bzLqYr3cSsEIozRyV8HD6doFRbqHFVn2JTjhoHMy9NICdzZsmenTv-CVpjD5Olmc8y8keV5GIYpxnjQ=w120-h120-l90-rj"", ""width"": 120, ""height"": 120}]",,,,YouTube Music internal web API via ytmusicapi; personalized playlist fetched with named auth profile.,23.0,25.0,5.241010753,cumulative views of the exact recommended YouTube video,174185,5.241010753,Middle,Middle,"Frozen 83-song candidate pool captured 2026-06-29T19:44:09+00:00; Low <=7,505; lower buffer 7,506-19,756; Middle 19,757-243,792; upper buffer 243,793-1,223,809; High >=1,223,810 views.","Use view_count or popularity_log10_view_count for comparisons across users, weeks, and the original playlist. Do not use the within-Discover-Mix rank or percentile for cross-playlist comparisons because those are recalculated separately inside every 30-song mix.",Popularity is for the exact recommended video ID. Report or control video_type because this item is MUSIC_VIDEO_TYPE_ATV; ATV denotes an Art Track and OMV an official music video.
2026-08-17T12:38:50+00:00,user_10,Aylin Karca,Discover Mix,RDTMAK5uy_n_5IN6hzAOwdCnM8D8rzrs3vDl12UcZpA,https://music.youtube.com/playlist?list=RDTMAK5uy_n_5IN6hzAOwdCnM8D8rzrs3vDl12UcZpA,,,200,30,30,Collector records only the first 30 tracks. YouTube Music's browse response may still include more tracks in the raw API payload.,,53670,"Discover great music, picked just for you. Always updating.",25,pZkUCklg5Bs,https://music.youtube.com/watch?v=pZkUCklg5Bs,https://www.youtube.com/watch?v=pZkUCklg5Bs,Victory,Riot ,UCnv01KaUlkrJQN1DjblJUjg,"[{""id"": ""UCnv01KaUlkrJQN1DjblJUjg"", ""name"": ""Riot "", ""subscribers_display"": ""14.5K"", ""subscribers_approx"": 14500, ""channel_views"": 12026745, ""description"": ""Riot V, formerly known as Riot, is an American heavy metal band formed in New York City in 1975 by guitarist Mark Reale. Achieving peak success and popularity during the early 1980s, the band has continued a long-running successful career. Riot started out as straightforward heavy metal, but since their 1988 release Thundersteel, their style has shifted towards power metal.\nIn 2013, surviving members of Riot reformed the band as Riot V, after the death of founder, guitarist, primary songwriter and leader Mark Reale. The group uses a baby seal face as a logo on its album covers.\n\nFrom Wikipedia ("", ""song_shelf_count"": 5, ""album_shelf_count"": 10, ""single_shelf_count"": 10, ""video_shelf_count"": 10, ""lookup_error"": """"}]",UCnv01KaUlkrJQN1DjblJUjg,Riot ,14.5K,14500,12026745,"Riot V, formerly known as Riot, is an American heavy metal band formed in New York City in 1975 by guitarist Mark Reale. Achieving peak success and popularity during the early 1980s, the band has continued a long-running successful career. Riot started out as straightforward heavy metal, but since their 1988 release Thundersteel, their style has shifted towards power metal.
In 2013, surviving members of Riot reformed the band as Riot V, after the death of founder, guitarist, primary songwriter and leader Mark Reale. The group uses a baby seal face as a logo on its album covers.

From Wikipedia (",5,10,10,10,,,,,,,,,,,4:41,281,MUSIC_VIDEO_TYPE_OMV,480593,,ytmusicapi player response videoDetails.viewCount,,,Not exposed by this YouTube Music endpoint; official YouTube Data API credentials are required.,Music,2018-02-23T09:09:13-08:00,2018-02-23T09:09:13-08:00,Nuclear Blast Records,UCoxg3Kml41wE3IPq-PC-LQw,http://www.youtube.com/@NuclearBlastRecords,249,AD;AE;AF;AG;AI;AL;AM;AO;AQ;AR;AS;AT;AU;AW;AX;AZ;BA;BB;BD;BE;BF;BG;BH;BI;BJ;BL;BM;BN;BO;BQ;BR;BS;BT;BV;BW;BY;BZ;CA;CC;CD;CF;CG;CH;CI;CK;CL;CM;CN;CO;CR;CU;CV;CW;CX;CY;CZ;DE;DJ;DK;DM;DO;DZ;EC;EE;EG;EH;ER;ES;ET;FI;FJ;FK;FM;FO;FR;GA;GB;GD;GE;GF;GG;GH;GI;GL;GM;GN;GP;GQ;GR;GS;GT;GU;GW;GY;HK;HM;HN;HR;HT;HU;ID;IE;IL;IM;IN;IO;IQ;IR;IS;IT;JE;JM;JO;JP;KE;KG;KH;KI;KM;KN;KP;KR;KW;KY;KZ;LA;LB;LC;LI;LK;LR;LS;LT;LU;LV;LY;MA;MC;MD;ME;MF;MG;MH;MK;ML;MM;MN;MO;MP;MQ;MR;MS;MT;MU;MV;MW;MX;MY;MZ;NA;NC;NE;NF;NG;NI;NL;NO;NP;NR;NU;NZ;OM;PA;PE;PF;PG;PH;PK;PL;PM;PN;PR;PS;PT;PW;PY;QA;RE;RO;RS;RU;RW;SA;SB;SC;SD;SE;SG;SH;SI;SJ;SK;SL;SM;SN;SO;SR;SS;ST;SV;SX;SY;SZ;TC;TD;TF;TG;TH;TJ;TK;TL;TM;TN;TO;TR;TT;TV;TW;TZ;UA;UG;UM;US;UY;UZ;VA;VC;VE;VG;VI;VN;VU;WF;WS;YE;YT;ZA;ZM;ZW,"Distribution availability, not artist nationality or audience geography.",riot v; victory; heavy metal; lyric video; full album; live; riot; power metal; armor of light; nuclear blast; artwork; metal; thrash metal,https://music.youtube.com/watch?v=pZkUCklg5Bs,True,False,False,True,False,False,True,True,False,,OK,True,INDIFFERENT,False,https://i.ytimg.com/vi/pZkUCklg5Bs/maxresdefault.jpg,"[{""url"": ""https://i.ytimg.com/vi/pZkUCklg5Bs/hqdefault.jpg?sqp=-oaymwEWCJADEOEBIAQqCggAEOADGC0guwJIWg&rs=AMzJL3nt_MXPWZU5qfk4I9IE-qzQIar7ZA"", ""width"": 400, ""height"": 225}]",,,missing album browse id,YouTube Music internal web API via ytmusicapi; personalized playlist fetched with named auth profile.,16.0,48.333333,5.681777441,cumulative views of the exact recommended YouTube video,480593,5.681777441,Upper buffer,Buffer,"Frozen 83-song candidate pool captured 2026-06-29T19:44:09+00:00; Low <=7,505; lower buffer 7,506-19,756; Middle 19,757-243,792; upper buffer 243,793-1,223,809; High >=1,223,810 views.","Use view_count or popularity_log10_view_count for comparisons across users, weeks, and the original playlist. Do not use the within-Discover-Mix rank or percentile for cross-playlist comparisons because those are recalculated separately inside every 30-song mix.",Popularity is for the exact recommended video ID. Report or control video_type because this item is MUSIC_VIDEO_TYPE_OMV; ATV denotes an Art Track and OMV an official music video.
2026-08-17T12:38:50+00:00,user_10,Aylin Karca,Discover Mix,RDTMAK5uy_n_5IN6hzAOwdCnM8D8rzrs3vDl12UcZpA,https://music.youtube.com/playlist?list=RDTMAK5uy_n_5IN6hzAOwdCnM8D8rzrs3vDl12UcZpA,,,200,30,30,Collector records only the first 30 tracks. YouTube Music's browse response may still include more tracks in the raw API payload.,,53670,"Discover great music, picked just for you. Always updating.",26,cU9SdK6v9w4,https://music.youtube.com/watch?v=cU9SdK6v9w4,https://www.youtube.com/watch?v=cU9SdK6v9w4,Hammered,Tyr,UCcsoYke5q0w-OMEakJsLbAQ,"[{""id"": ""UCcsoYke5q0w-OMEakJsLbAQ"", ""name"": ""Tyr"", ""subscribers_display"": ""45.4K"", ""subscribers_approx"": 45400, ""channel_views"": 19019444, ""description"": ""Rooted in the epic past\nweaving powerful melodic inspiration\nfor the modern Viking spirit"", ""song_shelf_count"": 5, ""album_shelf_count"": 8, ""single_shelf_count"": 9, ""video_shelf_count"": 10, ""lookup_error"": """"}]",UCcsoYke5q0w-OMEakJsLbAQ,Tyr,45.4K,45400,19019444,"Rooted in the epic past
weaving powerful melodic inspiration
for the modern Viking spirit",5,8,9,10,,,,,,,,,,,3:30,210,MUSIC_VIDEO_TYPE_OMV,238976,,ytmusicapi player response videoDetails.viewCount,,,Not exposed by this YouTube Music endpoint; official YouTube Data API credentials are required.,Music,2024-03-06T09:00:07-08:00,2024-03-06T09:00:07-08:00,Metal Blade Records,UCSldglor1t-5E-Gy2eBdMrA,http://www.youtube.com/@metalbladerecords,249,AD;AE;AF;AG;AI;AL;AM;AO;AQ;AR;AS;AT;AU;AW;AX;AZ;BA;BB;BD;BE;BF;BG;BH;BI;BJ;BL;BM;BN;BO;BQ;BR;BS;BT;BV;BW;BY;BZ;CA;CC;CD;CF;CG;CH;CI;CK;CL;CM;CN;CO;CR;CU;CV;CW;CX;CY;CZ;DE;DJ;DK;DM;DO;DZ;EC;EE;EG;EH;ER;ES;ET;FI;FJ;FK;FM;FO;FR;GA;GB;GD;GE;GF;GG;GH;GI;GL;GM;GN;GP;GQ;GR;GS;GT;GU;GW;GY;HK;HM;HN;HR;HT;HU;ID;IE;IL;IM;IN;IO;IQ;IR;IS;IT;JE;JM;JO;JP;KE;KG;KH;KI;KM;KN;KP;KR;KW;KY;KZ;LA;LB;LC;LI;LK;LR;LS;LT;LU;LV;LY;MA;MC;MD;ME;MF;MG;MH;MK;ML;MM;MN;MO;MP;MQ;MR;MS;MT;MU;MV;MW;MX;MY;MZ;NA;NC;NE;NF;NG;NI;NL;NO;NP;NR;NU;NZ;OM;PA;PE;PF;PG;PH;PK;PL;PM;PN;PR;PS;PT;PW;PY;QA;RE;RO;RS;RU;RW;SA;SB;SC;SD;SE;SG;SH;SI;SJ;SK;SL;SM;SN;SO;SR;SS;ST;SV;SX;SY;SZ;TC;TD;TF;TG;TH;TJ;TK;TL;TM;TN;TO;TR;TT;TV;TW;TZ;UA;UG;UM;US;UY;UZ;VA;VC;VE;VG;VI;VN;VU;WF;WS;YE;YT;ZA;ZM;ZW,"Distribution availability, not artist nationality or audience geography.",metal; blade; records; official; channel; metal blade records; tyr; tyr folk metal; folk metal; faroe islands; ensiferum; primordial; heidevolk; turisas; finntroll; arkona; falkenbach; skalmold; manegarm; svartsot; wolfchant; moonsorrow; wintersun; korpiklaani; trollfest; suidakra; einherjer; elvenking; falconer; kalmah; norther; insomnium; eluveitie; finsterfrost,https://music.youtube.com/watch?v=cU9SdK6v9w4,True,False,False,True,False,False,True,True,False,,OK,True,INDIFFERENT,False,https://i.ytimg.com/vi/cU9SdK6v9w4/maxresdefault.jpg,"[{""url"": ""https://i.ytimg.com/vi/cU9SdK6v9w4/hqdefault.jpg?sqp=-oaymwEWCJADEOEBIAQqCggAEOADGC0guwJIWg&rs=AMzJL3nwHWvCRtAak7meM5uEQqLkWROUJQ"", ""width"": 400, ""height"": 225}]",,,missing album browse id,YouTube Music internal web API via ytmusicapi; personalized playlist fetched with named auth profile.,22.0,28.333333,5.378354288,cumulative views of the exact recommended YouTube video,238976,5.378354288,Middle,Middle,"Frozen 83-song candidate pool captured 2026-06-29T19:44:09+00:00; Low <=7,505; lower buffer 7,506-19,756; Middle 19,757-243,792; upper buffer 243,793-1,223,809; High >=1,223,810 views.","Use view_count or popularity_log10_view_count for comparisons across users, weeks, and the original playlist. Do not use the within-Discover-Mix rank or percentile for cross-playlist comparisons because those are recalculated separately inside every 30-song mix.",Popularity is for the exact recommended video ID. Report or control video_type because this item is MUSIC_VIDEO_TYPE_OMV; ATV denotes an Art Track and OMV an official music video.
2026-08-17T12:38:50+00:00,user_10,Aylin Karca,Discover Mix,RDTMAK5uy_n_5IN6hzAOwdCnM8D8rzrs3vDl12UcZpA,https://music.youtube.com/playlist?list=RDTMAK5uy_n_5IN6hzAOwdCnM8D8rzrs3vDl12UcZpA,,,200,30,30,Collector records only the first 30 tracks. YouTube Music's browse response may still include more tracks in the raw API payload.,,53670,"Discover great music, picked just for you. Always updating.",27,bc0sJvtKrRM,https://music.youtube.com/watch?v=bc0sJvtKrRM,https://www.youtube.com/watch?v=bc0sJvtKrRM,A Man with a Plan,Korpiklaani,UC_MdHsWfs_34TX-nKRWfDrA,"[{""id"": ""UC_MdHsWfs_34TX-nKRWfDrA"", ""name"": ""Korpiklaani"", ""subscribers_display"": ""173K"", ""subscribers_approx"": 173000, ""channel_views"": 93126454, ""description"": ""The foundation of Korpiklaani in 2003 in Lahti, Finland brought the traditional folk music back to life. No one could have foreseen that such a large audience would be interested in Finnish and English mythological texts.\n\nKorpiklaani:\nJonne Järvelä – Vocals, acoustic guitar, mandolin, percussion, violafon\nOlli Vänskä – Fiddle\nCane – Guitars, backing vocals\nJarkko Aaltonen - Bass\nSami Perttula – Accordion\nSamuli Mikkonen – Drums\n\n”Sprit Of The Forest” 2003\n”Voice Of Wilderness” 2005\n”Tales Along This Road” 2006\n”Tervaskanto” 2007\n”Korven Kuningas” 2008\n”Karkelo” 2009\n”Ukon Wacka” 2011\n“Manala’ 2012\n”Noita” 2015 \n“Live at Masters of Rock” 2017  (DVD/Blu-Ray)\n“Kulkija\"" 2018\n\""Jylhä\"" 2021\n\""Rankarumpu\""2025\n\nFor more info - www.korpiklaani.com"", ""song_shelf_count"": 5, ""album_shelf_count"": 10, ""single_shelf_count"": 10, ""video_shelf_count"": 10, ""lookup_error"": """"}]",UC_MdHsWfs_34TX-nKRWfDrA,Korpiklaani,173K,173000,93126454,"The foundation of Korpiklaani in 2003 in Lahti, Finland brought the traditional folk music back to life. No one could have foreseen that such a large audience would be interested in Finnish and English mythological texts.

Korpiklaani:
Jonne Järvelä – Vocals, acoustic guitar, mandolin, percussion, violafon
Olli Vänskä – Fiddle
Cane – Guitars, backing vocals
Jarkko Aaltonen - Bass
Sami Perttula – Accordion
Samuli Mikkonen – Drums

”Sprit Of The Forest” 2003
”Voice Of Wilderness” 2005
”Tales Along This Road” 2006
”Tervaskanto” 2007
”Korven Kuningas” 2008
”Karkelo” 2009
”Ukon Wacka” 2011
“Manala’ 2012
”Noita” 2015 
“Live at Masters of Rock” 2017  (DVD/Blu-Ray)
“Kulkija"" 2018
""Jylhä"" 2021
""Rankarumpu""2025

For more info - www.korpiklaani.com",5,10,10,10,,,,,,,,,,,3:00,180,MUSIC_VIDEO_TYPE_OMV,21211311,,ytmusicapi player response videoDetails.viewCount,,,Not exposed by this YouTube Music endpoint; official YouTube Data API credentials are required.,Music,2016-04-08T06:00:41-07:00,2016-04-08T06:00:41-07:00,Nuclear Blast Records,UCoxg3Kml41wE3IPq-PC-LQw,http://www.youtube.com/@NuclearBlastRecords,249,AD;AE;AF;AG;AI;AL;AM;AO;AQ;AR;AS;AT;AU;AW;AX;AZ;BA;BB;BD;BE;BF;BG;BH;BI;BJ;BL;BM;BN;BO;BQ;BR;BS;BT;BV;BW;BY;BZ;CA;CC;CD;CF;CG;CH;CI;CK;CL;CM;CN;CO;CR;CU;CV;CW;CX;CY;CZ;DE;DJ;DK;DM;DO;DZ;EC;EE;EG;EH;ER;ES;ET;FI;FJ;FK;FM;FO;FR;GA;GB;GD;GE;GF;GG;GH;GI;GL;GM;GN;GP;GQ;GR;GS;GT;GU;GW;GY;HK;HM;HN;HR;HT;HU;ID;IE;IL;IM;IN;IO;IQ;IR;IS;IT;JE;JM;JO;JP;KE;KG;KH;KI;KM;KN;KP;KR;KW;KY;KZ;LA;LB;LC;LI;LK;LR;LS;LT;LU;LV;LY;MA;MC;MD;ME;MF;MG;MH;MK;ML;MM;MN;MO;MP;MQ;MR;MS;MT;MU;MV;MW;MX;MY;MZ;NA;NC;NE;NF;NG;NI;NL;NO;NP;NR;NU;NZ;OM;PA;PE;PF;PG;PH;PK;PL;PM;PN;PR;PS;PT;PW;PY;QA;RE;RO;RS;RU;RW;SA;SB;SC;SD;SE;SG;SH;SI;SJ;SK;SL;SM;SN;SO;SR;SS;ST;SV;SX;SY;SZ;TC;TD;TF;TG;TH;TJ;TK;TL;TM;TN;TO;TR;TT;TV;TW;TZ;UA;UG;UM;US;UY;UZ;VA;VC;VE;VG;VI;VN;VU;WF;WS;YE;YT;ZA;ZM;ZW,"Distribution availability, not artist nationality or audience geography.",Metal Festival; official video; 2013; karkelo; Summerbreeze; korpiklaani; 2009; folk metal; vodka; metal; Summer Festival; music video; party music; Metal Festival 2013; korpiklaani - vodka; vodka - korpiklaani; Jonne Järvelä; Tuomas Rounakari; Juho Kauppinen; Jarkko Aaltonen; Cane Savijärvi; Matson Johansson; nuclear blast; Heavy Metal (Musical Genre); noita; lempo; kopriklaani full album; korpiklaani vodka; pagan metal; kopriklaani; Ämmänhauta; Viinamäen Mies,https://music.youtube.com/watch?v=bc0sJvtKrRM,True,False,False,True,False,False,True,True,False,,OK,True,INDIFFERENT,False,https://i.ytimg.com/vi/bc0sJvtKrRM/hqdefault.jpg,"[{""url"": ""https://i.ytimg.com/vi/bc0sJvtKrRM/hqdefault.jpg?sqp=-oaymwEWCJADEOEBIAQqCggAEOADGC0guwJIWg&rs=AMzJL3mL60J8rndnYiJW_Yh5UB66as7wrQ"", ""width"": 400, ""height"": 225}]",,,missing album browse id,YouTube Music internal web API via ytmusicapi; personalized playlist fetched with named auth profile.,3.0,91.666667,7.326567512,cumulative views of the exact recommended YouTube video,21211311,7.326567512,High,High,"Frozen 83-song candidate pool captured 2026-06-29T19:44:09+00:00; Low <=7,505; lower buffer 7,506-19,756; Middle 19,757-243,792; upper buffer 243,793-1,223,809; High >=1,223,810 views.","Use view_count or popularity_log10_view_count for comparisons across users, weeks, and the original playlist. Do not use the within-Discover-Mix rank or percentile for cross-playlist comparisons because those are recalculated separately inside every 30-song mix.",Popularity is for the exact recommended video ID. Report or control video_type because this item is MUSIC_VIDEO_TYPE_OMV; ATV denotes an Art Track and OMV an official music video.
2026-08-17T12:38:50+00:00,user_10,Aylin Karca,Discover Mix,RDTMAK5uy_n_5IN6hzAOwdCnM8D8rzrs3vDl12UcZpA,https://music.youtube.com/playlist?list=RDTMAK5uy_n_5IN6hzAOwdCnM8D8rzrs3vDl12UcZpA,,,200,30,30,Collector records only the first 30 tracks. YouTube Music's browse response may still include more tracks in the raw API payload.,,53670,"Discover great music, picked just for you. Always updating.",28,ZVZIKdIu7Ag,https://music.youtube.com/watch?v=ZVZIKdIu7Ag,https://www.youtube.com/watch?v=ZVZIKdIu7Ag,Rebellion (The Clans Are Marching),Grave Digger,UCo8IuNkx9PS8MswirsKtZpQ,"[{""id"": ""UCo8IuNkx9PS8MswirsKtZpQ"", ""name"": ""Grave Digger"", ""subscribers_display"": ""16.5K"", ""subscribers_approx"": 16500, ""channel_views"": 8806519, ""description"": ""Grave Digger is a German heavy metal band that was first formed in 1980 by Chris Boltendahl and Peter Masson. Emerging from the 1980s German heavy/power/speed metal scene, they are considered part of the scene's \""big four\"" alongside Helloween, Rage and Running Wild.\n\nFrom Wikipedia ("", ""song_shelf_count"": 5, ""album_shelf_count"": 10, ""single_shelf_count"": 10, ""video_shelf_count"": 10, ""lookup_error"": """"}]",UCo8IuNkx9PS8MswirsKtZpQ,Grave Digger,16.5K,16500,8806519,"Grave Digger is a German heavy metal band that was first formed in 1980 by Chris Boltendahl and Peter Masson. Emerging from the 1980s German heavy/power/speed metal scene, they are considered part of the scene's ""big four"" alongside Helloween, Rage and Running Wild.

From Wikipedia (",5,10,10,10,MPREb_bwnPYBhnteV,Masterpieces,Album,2002,16,"1 hour, 18 minutes",4693,OLAK5uy_mWwLCqYigQuj_4PatLB70lUNUN82TWPgw,Grave Digger,,4:05,245,MUSIC_VIDEO_TYPE_ATV,447445,,ytmusicapi player response videoDetails.viewCount,,,Not exposed by this YouTube Music endpoint; official YouTube Data API credentials are required.,Music,2017-01-25T17:00:11-08:00,2017-01-25T17:00:11-08:00,Grave Digger - Topic,UCo8IuNkx9PS8MswirsKtZpQ,http://www.youtube.com/channel/UCo8IuNkx9PS8MswirsKtZpQ,123,AE;AR;AS;AT;AU;AW;AZ;BA;BD;BE;BG;BH;BM;BO;BR;BY;CA;CH;CL;CO;CR;CY;CZ;DE;DK;DO;DZ;EC;EE;EG;ES;FI;FR;GB;GE;GF;GH;GP;GR;GT;GU;HK;HN;HR;HU;ID;IE;IL;IN;IQ;IS;IT;JM;JO;JP;KE;KH;KR;KW;KY;KZ;LA;LB;LI;LK;LT;LU;LV;LY;MA;MK;MP;MQ;MT;MX;MY;NC;NG;NI;NL;NO;NP;NZ;OM;PA;PE;PF;PG;PH;PK;PL;PR;PT;PY;QA;RE;RO;RS;RU;SA;SE;SG;SI;SK;SN;SV;TC;TH;TN;TR;TW;TZ;UA;UG;US;UY;VE;VI;VN;YE;YT;ZA;ZW,"Distribution availability, not artist nationality or audience geography.",Grave Digger; Masterpieces; Rebellion (The Clans Are Marching),https://music.youtube.com/watch?v=ZVZIKdIu7Ag,True,False,False,True,False,False,True,True,False,False,OK,True,INDIFFERENT,False,https://i.ytimg.com/vi/ZVZIKdIu7Ag/maxresdefault.jpg,"[{""url"": ""https://yt3.googleusercontent.com/51wXPz2OG4mCZAR4YkF2w0R5Cf11d-WcmSqPjq6wB87HDTC3qn9i1H-e18GLk5iTiQxovI9_IkVId8wB=w60-h60-s-l90-rj"", ""width"": 60, ""height"": 60}, {""url"": ""https://yt3.googleusercontent.com/51wXPz2OG4mCZAR4YkF2w0R5Cf11d-WcmSqPjq6wB87HDTC3qn9i1H-e18GLk5iTiQxovI9_IkVId8wB=w120-h120-s-l90-rj"", ""width"": 120, ""height"": 120}]",,,,YouTube Music internal web API via ytmusicapi; personalized playlist fetched with named auth profile.,17.0,45.0,5.650739659,cumulative views of the exact recommended YouTube video,447445,5.650739659,Upper buffer,Buffer,"Frozen 83-song candidate pool captured 2026-06-29T19:44:09+00:00; Low <=7,505; lower buffer 7,506-19,756; Middle 19,757-243,792; upper buffer 243,793-1,223,809; High >=1,223,810 views.","Use view_count or popularity_log10_view_count for comparisons across users, weeks, and the original playlist. Do not use the within-Discover-Mix rank or percentile for cross-playlist comparisons because those are recalculated separately inside every 30-song mix.",Popularity is for the exact recommended video ID. Report or control video_type because this item is MUSIC_VIDEO_TYPE_ATV; ATV denotes an Art Track and OMV an official music video.
2026-08-17T12:38:50+00:00,user_10,Aylin Karca,Discover Mix,RDTMAK5uy_n_5IN6hzAOwdCnM8D8rzrs3vDl12UcZpA,https://music.youtube.com/playlist?list=RDTMAK5uy_n_5IN6hzAOwdCnM8D8rzrs3vDl12UcZpA,,,200,30,30,Collector records only the first 30 tracks. YouTube Music's browse response may still include more tracks in the raw API payload.,,53670,"Discover great music, picked just for you. Always updating.",29,UXsms_9gFPw,https://music.youtube.com/watch?v=UXsms_9gFPw,https://www.youtube.com/watch?v=UXsms_9gFPw,War In (The Beginning of the Fall),1914,UCu6tbMK4UN3wMGblY_aASJA,"[{""id"": ""UCu6tbMK4UN3wMGblY_aASJA"", ""name"": ""1914"", ""subscribers_display"": ""18.7K"", ""subscribers_approx"": 18700, ""channel_views"": 3950040, ""description"": ""1914 is a Ukrainian metal band formed in Lviv in 2014. The band is themed primarily around World War I, and the group itself was named for the year it began. Musically, 1914 combines the sound of doom, death and black metal.\n\nFrom Wikipedia ("", ""song_shelf_count"": 5, ""album_shelf_count"": 6, ""single_shelf_count"": 5, ""video_shelf_count"": 10, ""lookup_error"": """"}]",UCu6tbMK4UN3wMGblY_aASJA,1914,18.7K,18700,3950040,"1914 is a Ukrainian metal band formed in Lviv in 2014. The band is themed primarily around World War I, and the group itself was named for the year it began. Musically, 1914 combines the sound of doom, death and black metal.

From Wikipedia (",5,6,5,10,MPREb_JxPIjDmB7Mt,Viribus Unitis,Album,2025,10,57 minutes,3428,OLAK5uy_l8Z6PgMbaRmoJxk6LQ7kYTptmg6Urv0jY,1914,"Viribus Unitis is the fourth studio album by the Ukrainian metal band 1914. It was released on 14 November 2025 via Napalm Records. It is the last album to include drummer Rostislaw Potoplacht, who left the band before its release.

From Wikipedia (",1:31,91,MUSIC_VIDEO_TYPE_ATV,46758,,ytmusicapi player response videoDetails.viewCount,,,Not exposed by this YouTube Music endpoint; official YouTube Data API credentials are required.,Music,2025-11-13T02:00:50-08:00,2025-11-13T02:00:50-08:00,1914 - Topic,UCu6tbMK4UN3wMGblY_aASJA,http://www.youtube.com/channel/UCu6tbMK4UN3wMGblY_aASJA,121,AE;AR;AS;AT;AU;AW;AZ;BA;BD;BE;BG;BH;BM;BO;BR;CA;CH;CL;CO;CR;CY;CZ;DE;DK;DO;DZ;EC;EE;EG;ES;FI;FR;GB;GE;GF;GH;GP;GR;GT;GU;HK;HN;HR;HU;ID;IE;IL;IN;IQ;IS;IT;JM;JO;JP;KE;KH;KR;KW;KY;KZ;LA;LB;LI;LK;LT;LU;LV;LY;MA;MK;MP;MQ;MT;MX;MY;NC;NG;NI;NL;NO;NP;NZ;OM;PA;PE;PF;PG;PH;PK;PL;PR;PT;PY;QA;RE;RO;RS;SA;SE;SG;SI;SK;SN;SV;TC;TH;TN;TR;TW;TZ;UA;UG;US;UY;VE;VI;VN;YE;YT;ZA;ZW,"Distribution availability, not artist nationality or audience geography.",1914; Unknown; Viribus Unitis; War In (The Beginning of the Fall),https://music.youtube.com/watch?v=UXsms_9gFPw,True,False,False,True,False,False,True,True,False,False,OK,True,INDIFFERENT,False,https://i.ytimg.com/vi/UXsms_9gFPw/maxresdefault.jpg,"[{""url"": ""https://yt3.googleusercontent.com/5Vh3b2sy6k8Zg61vO8hgdtINWBG1bbrLbw6fKdC9grwkb47jPM2AYhTU_L8cZBwra6TuzqvhJzY0I7djuw=w60-h60-l90-rj"", ""width"": 60, ""height"": 60}, {""url"": ""https://yt3.googleusercontent.com/5Vh3b2sy6k8Zg61vO8hgdtINWBG1bbrLbw6fKdC9grwkb47jPM2AYhTU_L8cZBwra6TuzqvhJzY0I7djuw=w120-h120-l90-rj"", ""width"": 120, ""height"": 120}]",,,,YouTube Music internal web API via ytmusicapi; personalized playlist fetched with named auth profile.,27.0,11.666667,4.669855927,cumulative views of the exact recommended YouTube video,46758,4.669855927,Middle,Middle,"Frozen 83-song candidate pool captured 2026-06-29T19:44:09+00:00; Low <=7,505; lower buffer 7,506-19,756; Middle 19,757-243,792; upper buffer 243,793-1,223,809; High >=1,223,810 views.","Use view_count or popularity_log10_view_count for comparisons across users, weeks, and the original playlist. Do not use the within-Discover-Mix rank or percentile for cross-playlist comparisons because those are recalculated separately inside every 30-song mix.",Popularity is for the exact recommended video ID. Report or control video_type because this item is MUSIC_VIDEO_TYPE_ATV; ATV denotes an Art Track and OMV an official music video.
2026-08-17T12:38:50+00:00,user_10,Aylin Karca,Discover Mix,RDTMAK5uy_n_5IN6hzAOwdCnM8D8rzrs3vDl12UcZpA,https://music.youtube.com/playlist?list=RDTMAK5uy_n_5IN6hzAOwdCnM8D8rzrs3vDl12UcZpA,,,200,30,30,Collector records only the first 30 tracks. YouTube Music's browse response may still include more tracks in the raw API payload.,,53670,"Discover great music, picked just for you. Always updating.",30,bkofRnfGh2A,https://music.youtube.com/watch?v=bkofRnfGh2A,https://www.youtube.com/watch?v=bkofRnfGh2A,In the Arms of a Devil,Dynazty,UC1_8sQRmjjw7YI2Bk-Kr_tA,"[{""id"": ""UC1_8sQRmjjw7YI2Bk-Kr_tA"", ""name"": ""Dynazty"", ""subscribers_display"": ""42.2K"", ""subscribers_approx"": 42200, ""channel_views"": 46782726, ""description"": ""Formed in 2008, Dynazty has over the years evolved from it’s humble beginnings rooted in the Scandinavian Hard Rock scene into now being a powerhouse and formidable force to be reckoned with on the top shelf of the modern melodic metal scene.\n\nCareer milestones include the 2020 chart breaking album The Dark Delight, certified for gold status in the bands home country Sweden and neighbors Finland. With single tracks Heartless Madness reaching platinum status.\n\nTours in recent years together with bands like Sabaton, Powerwolf, Battle Beast, Pain and Kissin' Dynamite have showcased and established the band on the European continent as one of the most prominent live acts of it’s generation.\n\nReleased on February 14th 2025, brand new album \""Game of Faces\"" is doubling down on punch and ferocity together with the band’s trademark attention to songwriting and production detail.\n\nProduced by Dynazty themselves and mixed by swedish pioneer Jens Bogren, Game of Faces takes you on a journey exploring the essence of the human mind and existance with lyrical themes such as self discovery, spiritual death, rebirth and re-invention in Die to Survive, Fire to Fight and Fortune Favors the Brave.\nWhile taking on the duality and deceptive nature of human kind in the eponymous title track, the album’s opener Call of The Night and first single release Devilry of Ecstasy."", ""song_shelf_count"": 5, ""album_shelf_count"": 9, ""single_shelf_count"": 10, ""video_shelf_count"": 10, ""lookup_error"": """"}]",UC1_8sQRmjjw7YI2Bk-Kr_tA,Dynazty,42.2K,42200,46782726,"Formed in 2008, Dynazty has over the years evolved from it’s humble beginnings rooted in the Scandinavian Hard Rock scene into now being a powerhouse and formidable force to be reckoned with on the top shelf of the modern melodic metal scene.

Career milestones include the 2020 chart breaking album The Dark Delight, certified for gold status in the bands home country Sweden and neighbors Finland. With single tracks Heartless Madness reaching platinum status.

Tours in recent years together with bands like Sabaton, Powerwolf, Battle Beast, Pain and Kissin' Dynamite have showcased and established the band on the European continent as one of the most prominent live acts of it’s generation.

Released on February 14th 2025, brand new album ""Game of Faces"" is doubling down on punch and ferocity together with the band’s trademark attention to songwriting and production detail.

Produced by Dynazty themselves and mixed by swedish pioneer Jens Bogren, Game of Faces takes you on a journey exploring the essence of the human mind and existance with lyrical themes such as self discovery, spiritual death, rebirth and re-invention in Die to Survive, Fire to Fight and Fortune Favors the Brave.
While taking on the duality and deceptive nature of human kind in the eponymous title track, the album’s opener Call of The Night and first single release Devilry of Ecstasy.",5,9,10,10,MPREb_M5WITFBNi7G,Firesign,Album,2018,11,49 minutes,2979,OLAK5uy_le0gc0QMp9vEOH8S3gkNpDiIuxB1PwG-M,Dynazty,,4:21,261,MUSIC_VIDEO_TYPE_ATV,1828014,,ytmusicapi player response videoDetails.viewCount,,,Not exposed by this YouTube Music endpoint; official YouTube Data API credentials are required.,Music,2018-07-16T02:49:13-07:00,2018-07-16T02:49:13-07:00,Dynazty - Topic,UC1_8sQRmjjw7YI2Bk-Kr_tA,http://www.youtube.com/channel/UC1_8sQRmjjw7YI2Bk-Kr_tA,249,AD;AE;AF;AG;AI;AL;AM;AO;AQ;AR;AS;AT;AU;AW;AX;AZ;BA;BB;BD;BE;BF;BG;BH;BI;BJ;BL;BM;BN;BO;BQ;BR;BS;BT;BV;BW;BY;BZ;CA;CC;CD;CF;CG;CH;CI;CK;CL;CM;CN;CO;CR;CU;CV;CW;CX;CY;CZ;DE;DJ;DK;DM;DO;DZ;EC;EE;EG;EH;ER;ES;ET;FI;FJ;FK;FM;FO;FR;GA;GB;GD;GE;GF;GG;GH;GI;GL;GM;GN;GP;GQ;GR;GS;GT;GU;GW;GY;HK;HM;HN;HR;HT;HU;ID;IE;IL;IM;IN;IO;IQ;IR;IS;IT;JE;JM;JO;JP;KE;KG;KH;KI;KM;KN;KP;KR;KW;KY;KZ;LA;LB;LC;LI;LK;LR;LS;LT;LU;LV;LY;MA;MC;MD;ME;MF;MG;MH;MK;ML;MM;MN;MO;MP;MQ;MR;MS;MT;MU;MV;MW;MX;MY;MZ;NA;NC;NE;NF;NG;NI;NL;NO;NP;NR;NU;NZ;OM;PA;PE;PF;PG;PH;PK;PL;PM;PN;PR;PS;PT;PW;PY;QA;RE;RO;RS;RU;RW;SA;SB;SC;SD;SE;SG;SH;SI;SJ;SK;SL;SM;SN;SO;SR;SS;ST;SV;SX;SY;SZ;TC;TD;TF;TG;TH;TJ;TK;TL;TM;TN;TO;TR;TT;TV;TW;TZ;UA;UG;UM;US;UY;UZ;VA;VC;VE;VG;VI;VN;VU;WF;WS;YE;YT;ZA;ZM;ZW,"Distribution availability, not artist nationality or audience geography.",Dynazty; Firesign; In the Arms of a Devil,https://music.youtube.com/watch?v=bkofRnfGh2A,True,False,False,True,False,False,True,True,False,False,OK,True,INDIFFERENT,False,https://i.ytimg.com/vi/bkofRnfGh2A/maxresdefault.jpg,"[{""url"": ""https://yt3.googleusercontent.com/rA5lEF6_Q9dzfhu-0KaRyqTDDmLhbT148J_-Em88AiEeh-UEm7Bh1X-VMCg_iNjp00nblAAD3EAXKqCyQw=w60-h60-l90-rj"", ""width"": 60, ""height"": 60}, {""url"": ""https://yt3.googleusercontent.com/rA5lEF6_Q9dzfhu-0KaRyqTDDmLhbT148J_-Em88AiEeh-UEm7Bh1X-VMCg_iNjp00nblAAD3EAXKqCyQw=w120-h120-l90-rj"", ""width"": 120, ""height"": 120}]",,,,YouTube Music internal web API via ytmusicapi; personalized playlist fetched with named auth profile.,8.0,75.0,6.261979517,cumulative views of the exact recommended YouTube video,1828014,6.261979517,High,High,"Frozen 83-song candidate pool captured 2026-06-29T19:44:09+00:00; Low <=7,505; lower buffer 7,506-19,756; Middle 19,757-243,792; upper buffer 243,793-1,223,809; High >=1,223,810 views.","Use view_count or popularity_log10_view_count for comparisons across users, weeks, and the original playlist. Do not use the within-Discover-Mix rank or percentile for cross-playlist comparisons because those are recalculated separately inside every 30-song mix.",Popularity is for the exact recommended video ID. Report or control video_type because this item is MUSIC_VIDEO_TYPE_ATV; ATV denotes an Art Track and OMV an official music video.
