source_type,playlist_kind,week_folder,week_number,platform,user_folder,user_number,playlist_file,playlist_name,playlist_id,playlist_url,playlist_position,track_id,track_url,track_name,artist_name,primary_artist_id,album_name,release_date,duration_seconds,explicit,popularity_metric,popularity_value,popularity_display,popularity_log10,selection_tier,baseline_empirical_percentile,baseline_empirical_band,baseline_range_band,baseline_median_value,baseline_median_log10,ratio_vs_baseline_median,log10_delta_vs_baseline_median,style,country,expected_year,secondary_metric,secondary_value,secondary_display,available_country_count,video_or_track_type,captured_at_utc,source_account_or_profile,metadata_error
baseline,final_balanced_playlist,FinalBalanced,0,Spotify,FinalBalanced,0,experiment_setup/final_balanced_playlist.csv,final_balanced_playlist,,,1,6O3eQ6rVO2wOptHkAfWNEL,https://open.spotify.com/track/6O3eQ6rVO2wOptHkAfWNEL,Combat Metal,Fireforce,,,2014,,,spotify_artist_monthly_listeners,1479,1479,3.1699681739968923,Low,21.666666666666668,bottom_third_vs_final_balanced,within_final_balanced_low_range,30091.0,4.478139338658135,0.04915090890964076,-1.3081711646612426,heavy metal,Belgium,2014,,,,,,2026-06-29T19:38:38+00:00,experiment_setup,
baseline,final_balanced_playlist,FinalBalanced,0,Spotify,FinalBalanced,0,experiment_setup/final_balanced_playlist.csv,final_balanced_playlist,,,2,6qCGoSR3V84W2pukqjC9rL,https://open.spotify.com/track/6qCGoSR3V84W2pukqjC9rL,Starbreaker,Traveler,,,2019,,,spotify_artist_monthly_listeners,5241,5241,3.7194141597025934,Low,31.666666666666668,bottom_third_vs_final_balanced,within_final_balanced_low_range,30091.0,4.478139338658135,0.17417167923963975,-0.7587251789555416,heavy metal,Canada,2019,,,,,,2026-06-29T19:38:38+00:00,experiment_setup,
baseline,final_balanced_playlist,FinalBalanced,0,Spotify,FinalBalanced,0,experiment_setup/final_balanced_playlist.csv,final_balanced_playlist,,,3,4tIMFWs6e4BMCsudGF7JQL,https://open.spotify.com/track/4tIMFWs6e4BMCsudGF7JQL,Messager - 2021,Sortilège,,,2021,,,spotify_artist_monthly_listeners,14158,14158,4.151001907992831,Middle,35.0,middle_third_vs_final_balanced,within_final_balanced_middle_range,30091.0,4.478139338658135,0.47050613140141573,-0.3271374306653039,heavy metal,France,2021,,,,,,2026-06-29T19:38:38+00:00,experiment_setup,
baseline,final_balanced_playlist,FinalBalanced,0,Spotify,FinalBalanced,0,experiment_setup/final_balanced_playlist.csv,final_balanced_playlist,,,4,73VDhH8TvIIIeps0RuqXaf,https://open.spotify.com/track/73VDhH8TvIIIeps0RuqXaf,World on Fire,Firewind,,,2010,,,spotify_artist_monthly_listeners,107557,107557,5.031638680297121,Middle,61.666666666666664,middle_third_vs_final_balanced,within_final_balanced_middle_range,30091.0,4.478139338658135,3.574391013924429,0.553499341638986,power metal,Greece,2010,,,,,,2026-06-29T19:38:38+00:00,experiment_setup,
baseline,final_balanced_playlist,FinalBalanced,0,Spotify,FinalBalanced,0,experiment_setup/final_balanced_playlist.csv,final_balanced_playlist,,,5,6oYAAgSsy3A5167QZl6Zb5,https://open.spotify.com/track/6oYAAgSsy3A5167QZl6Zb5,Rome Is Falling,Civil War,,,2012,,,spotify_artist_monthly_listeners,68031,68031,4.832706854780794,Middle,58.333333333333336,middle_third_vs_final_balanced,within_final_balanced_middle_range,30091.0,4.478139338658135,2.2608421122594797,0.3545675161226587,power metal,Sweden,2012,,,,,,2026-06-29T19:38:38+00:00,experiment_setup,
baseline,final_balanced_playlist,FinalBalanced,0,Spotify,FinalBalanced,0,experiment_setup/final_balanced_playlist.csv,final_balanced_playlist,,,6,11DYAaYg2bXqa2Vr8OpS4z,https://open.spotify.com/track/11DYAaYg2bXqa2Vr8OpS4z,Geçmişin Yükü,Pentagram,,,2012,,,spotify_artist_monthly_listeners,198966,198966,5.29877886900294,Middle,65.0,middle_third_vs_final_balanced,within_final_balanced_middle_range,30091.0,4.478139338658135,6.612143165730617,0.8206395303448053,heavy metal,Turkey,2012,,,,,,2026-06-29T19:38:38+00:00,experiment_setup,
baseline,final_balanced_playlist,FinalBalanced,0,Spotify,FinalBalanced,0,experiment_setup/final_balanced_playlist.csv,final_balanced_playlist,,,7,5lsqw3b9RryGa7NrhvdrMi,https://open.spotify.com/track/5lsqw3b9RryGa7NrhvdrMi,Skyfall,Helloween,,,2021,,,spotify_artist_monthly_listeners,1442999,1442999,6.159266030127013,High,81.66666666666667,top_third_vs_final_balanced,within_final_balanced_high_range,30091.0,4.478139338658135,47.954504669170184,1.6811266914688776,power metal,Germany,2021,,,,,,2026-06-29T19:38:38+00:00,experiment_setup,
baseline,final_balanced_playlist,FinalBalanced,0,Spotify,FinalBalanced,0,experiment_setup/final_balanced_playlist.csv,final_balanced_playlist,,,8,0ViETXmkc9BrgimhkqREGr,https://open.spotify.com/track/0ViETXmkc9BrgimhkqREGr,Thunderbolt,Saxon,,,2018,,,spotify_artist_monthly_listeners,472829,472829,5.674704105254199,High,68.33333333333333,top_third_vs_final_balanced,within_final_balanced_high_range,30091.0,4.478139338658135,15.713302980957762,1.1965647665960644,heavy metal,United Kingdom,2018,,,,,,2026-06-29T19:38:38+00:00,experiment_setup,
baseline,final_balanced_playlist,FinalBalanced,0,Spotify,FinalBalanced,0,experiment_setup/final_balanced_playlist.csv,final_balanced_playlist,,,9,15y18CCQL1zxTjZHB4xdJU,https://open.spotify.com/track/15y18CCQL1zxTjZHB4xdJU,Disciples of the Sun,Pyramaze,,,2015,,,spotify_artist_monthly_listeners,31204,31204,4.494210269229327,Middle,51.666666666666664,middle_third_vs_final_balanced,within_final_balanced_middle_range,30091.0,4.478139338658135,1.0369878036622246,0.01607093057119169,power metal,Denmark,2015,,,,,,2026-06-29T19:38:38+00:00,experiment_setup,
baseline,final_balanced_playlist,FinalBalanced,0,Spotify,FinalBalanced,0,experiment_setup/final_balanced_playlist.csv,final_balanced_playlist,,,10,2YQDtovUXJ2zfPldc9mZzy,https://open.spotify.com/track/2YQDtovUXJ2zfPldc9mZzy,If It Bleeds We Can Kill It,Dragony,,,2017,,,spotify_artist_monthly_listeners,31321,31321,4.495835619527313,Middle,55.0,middle_third_vs_final_balanced,within_final_balanced_middle_range,30091.0,4.478139338658135,1.040876009438038,0.017696280869177627,power metal,Austria,2017,,,,,,2026-06-29T19:38:38+00:00,experiment_setup,
baseline,final_balanced_playlist,FinalBalanced,0,Spotify,FinalBalanced,0,experiment_setup/final_balanced_playlist.csv,final_balanced_playlist,,,11,1RtW5EA4LO7nZHrgmgxCnJ,https://open.spotify.com/track/1RtW5EA4LO7nZHrgmgxCnJ,Better Late Than Never,Skull Fist,,,2018,,,spotify_artist_monthly_listeners,27621,27621,4.441239397871147,Middle,45.0,middle_third_vs_final_balanced,within_final_balanced_middle_range,30091.0,4.478139338658135,0.9179156558439401,-0.036899940786987884,heavy metal,Canada,2018,,,,,,2026-06-29T19:38:38+00:00,experiment_setup,
baseline,final_balanced_playlist,FinalBalanced,0,Spotify,FinalBalanced,0,experiment_setup/final_balanced_playlist.csv,final_balanced_playlist,,,12,2xT6dOB9HTQgP4WoR5ByI2,https://open.spotify.com/track/2xT6dOB9HTQgP4WoR5ByI2,Like Orpheus,Orphaned Land,,,2018,,,spotify_artist_monthly_listeners,28978,28978,4.462068408086943,Middle,48.333333333333336,middle_third_vs_final_balanced,within_final_balanced_middle_range,30091.0,4.478139338658135,0.9630121963377755,-0.01607093057119169,heavy metal,Israel,2018,,,,,,2026-06-29T19:38:38+00:00,experiment_setup,
baseline,final_balanced_playlist,FinalBalanced,0,Spotify,FinalBalanced,0,experiment_setup/final_balanced_playlist.csv,final_balanced_playlist,,,13,6bzEx9m1sOsY2WgAjPjcVX,https://open.spotify.com/track/6bzEx9m1sOsY2WgAjPjcVX,Warrior Queen,Visigoth,,,2015,,,spotify_artist_monthly_listeners,24956,24956,4.3971749769583255,Middle,38.333333333333336,middle_third_vs_final_balanced,within_final_balanced_middle_range,30091.0,4.478139338658135,0.8293509687281911,-0.08096436169980947,heavy metal,United States,2015,,,,,,2026-06-29T19:38:38+00:00,experiment_setup,
baseline,final_balanced_playlist,FinalBalanced,0,Spotify,FinalBalanced,0,experiment_setup/final_balanced_playlist.csv,final_balanced_playlist,,,14,4ktpjpQSF5GeX03fzd06EJ,https://open.spotify.com/track/4ktpjpQSF5GeX03fzd06EJ,Angel of Revenge,Vision Divine,,,2018,,,spotify_artist_monthly_listeners,25610,25610,4.408409578468429,Middle,41.666666666666664,middle_third_vs_final_balanced,within_final_balanced_middle_range,30091.0,4.478139338658135,0.8510850420391479,-0.06972976018970556,power metal,Italy,2018,,,,,,2026-06-29T19:38:38+00:00,experiment_setup,
baseline,final_balanced_playlist,FinalBalanced,0,Spotify,FinalBalanced,0,experiment_setup/final_balanced_playlist.csv,final_balanced_playlist,,,15,4ZCE9a3407wu9FG2i8baFE,https://open.spotify.com/track/4ZCE9a3407wu9FG2i8baFE,Hellphoria,Exlibris,,,2013,,,spotify_artist_monthly_listeners,742,742,2.870403905279027,Low,15.0,bottom_third_vs_final_balanced,within_final_balanced_low_range,30091.0,4.478139338658135,0.02465853577481639,-1.607735433379108,power metal,Poland,2013,,,,,,2026-06-29T19:38:38+00:00,experiment_setup,
baseline,final_balanced_playlist,FinalBalanced,0,Spotify,FinalBalanced,0,experiment_setup/final_balanced_playlist.csv,final_balanced_playlist,,,16,5aI2EF6gFKSdqW1bEHQFcb,https://open.spotify.com/track/5aI2EF6gFKSdqW1bEHQFcb,The Devil's Doll,Carthagods,,,2015,,,spotify_artist_monthly_listeners,640,640,2.806179973983887,Low,11.666666666666666,bottom_third_vs_final_balanced,within_final_balanced_low_range,30091.0,4.478139338658135,0.021268817918979097,-1.6719593646742479,heavy metal,Tunisia,2015,,,,,,2026-06-29T19:38:38+00:00,experiment_setup,
baseline,final_balanced_playlist,FinalBalanced,0,Spotify,FinalBalanced,0,experiment_setup/final_balanced_playlist.csv,final_balanced_playlist,,,17,5Hx4kJ8V59tGFotZHYW9Vy,https://open.spotify.com/track/5Hx4kJ8V59tGFotZHYW9Vy,Flesh Potion,Skinflint,,,2022,,,spotify_artist_monthly_listeners,385,385,2.5854607295085006,Low,5.0,bottom_third_vs_final_balanced,within_final_balanced_low_range,30091.0,4.478139338658135,0.012794523279385862,-1.8926786091496344,heavy metal,Botswana,2022,,,,,,2026-06-29T19:38:38+00:00,experiment_setup,
baseline,final_balanced_playlist,FinalBalanced,0,Spotify,FinalBalanced,0,experiment_setup/final_balanced_playlist.csv,final_balanced_playlist,,,18,1YpY2YfPHkbXCA1kaccmoF,https://open.spotify.com/track/1YpY2YfPHkbXCA1kaccmoF,Stigmata,Arrayan Path,,,2018,,,spotify_artist_monthly_listeners,522,522,2.717670503002262,Low,8.333333333333334,bottom_third_vs_final_balanced,within_final_balanced_low_range,30091.0,4.478139338658135,0.017347379615167326,-1.7604688356558729,power metal,Cyprus,2018,,,,,,2026-06-29T19:38:38+00:00,experiment_setup,
baseline,final_balanced_playlist,FinalBalanced,0,Spotify,FinalBalanced,0,experiment_setup/final_balanced_playlist.csv,final_balanced_playlist,,,19,6s5DxrVYsqh50hN2adnj0m,https://open.spotify.com/track/6s5DxrVYsqh50hN2adnj0m,Reverse,Eagleheart,,,2017,,,spotify_artist_monthly_listeners,297,297,2.4727564493172123,Low,1.6666666666666667,bottom_third_vs_final_balanced,within_final_balanced_low_range,30091.0,4.478139338658135,0.009870060815526237,-2.0053828893409227,power metal,Czech Republic,2017,,,,,,2026-06-29T19:38:38+00:00,experiment_setup,
baseline,final_balanced_playlist,FinalBalanced,0,Spotify,FinalBalanced,0,experiment_setup/final_balanced_playlist.csv,final_balanced_playlist,,,20,6BZwg1KPw2Rl0sSzE8yGNc,https://open.spotify.com/track/6BZwg1KPw2Rl0sSzE8yGNc,City of Golden Gates,Attick Demons,,,2016,,,spotify_artist_monthly_listeners,835,835,2.921686475483602,Low,18.333333333333332,bottom_third_vs_final_balanced,within_final_balanced_low_range,30091.0,4.478139338658135,0.02774916087866804,-1.556452863174533,heavy metal,Portugal,2016,,,,,,2026-06-29T19:38:38+00:00,experiment_setup,
baseline,final_balanced_playlist,FinalBalanced,0,Spotify,FinalBalanced,0,experiment_setup/final_balanced_playlist.csv,final_balanced_playlist,,,21,7yqjpBncd99OTk5EMWGUBT,https://open.spotify.com/track/7yqjpBncd99OTk5EMWGUBT,United,LORD,,,2019,,,spotify_artist_monthly_listeners,3073,3073,3.4875625602563782,Low,28.333333333333332,bottom_third_vs_final_balanced,within_final_balanced_low_range,30091.0,4.478139338658135,0.10212355853909807,-0.9905767784017567,power metal,Australia,2019,,,,,,2026-06-29T19:38:38+00:00,experiment_setup,
baseline,final_balanced_playlist,FinalBalanced,0,Spotify,FinalBalanced,0,experiment_setup/final_balanced_playlist.csv,final_balanced_playlist,,,22,3Idf8blFXZHb9cDAh5GH69,https://open.spotify.com/track/3Idf8blFXZHb9cDAh5GH69,Alone in Paradise,Concerto Moon,,,2017,,,spotify_artist_monthly_listeners,2218,2218,3.3459615418131414,Low,25.0,bottom_third_vs_final_balanced,within_final_balanced_low_range,30091.0,4.478139338658135,0.07370974710046194,-1.1321777968449935,power metal,Japan,2017,,,,,,2026-06-29T19:38:38+00:00,experiment_setup,
baseline,final_balanced_playlist,FinalBalanced,0,Spotify,FinalBalanced,0,experiment_setup/final_balanced_playlist.csv,final_balanced_playlist,,,23,7LSn5it9bQhJqyfEq1PM3l,https://open.spotify.com/track/7LSn5it9bQhJqyfEq1PM3l,Wolf Totem,The HU,,,2018,,,spotify_artist_monthly_listeners,1657676,1657676,6.219499649759146,High,85.0,top_third_vs_final_balanced,within_final_balanced_high_range,30091.0,4.478139338658135,55.08876408228374,1.741360311101011,heavy metal,Mongolia,2018,,,,,,2026-06-29T19:38:38+00:00,experiment_setup,
baseline,final_balanced_playlist,FinalBalanced,0,Spotify,FinalBalanced,0,experiment_setup/final_balanced_playlist.csv,final_balanced_playlist,,,24,3TjQAc2PzWzlSDrnq61J1y,https://open.spotify.com/track/3TjQAc2PzWzlSDrnq61J1y,The Devil's Bleeding Crown,Volbeat,,,2016,,,spotify_artist_monthly_listeners,4886124,4886124,6.688964484297757,High,95.0,top_third_vs_final_balanced,within_final_balanced_high_range,30091.0,4.478139338658135,162.37825263367785,2.210825145639622,heavy metal,Denmark,2016,,,,,,2026-06-29T19:38:38+00:00,experiment_setup,
baseline,final_balanced_playlist,FinalBalanced,0,Spotify,FinalBalanced,0,experiment_setup/final_balanced_playlist.csv,final_balanced_playlist,,,25,39m87lOMd5ccENPVvAT7gH,https://open.spotify.com/track/39m87lOMd5ccENPVvAT7gH,Bismarck,Sabaton,,,2019,,,spotify_artist_monthly_listeners,3239085,3239085,6.510422344906316,High,91.66666666666667,top_third_vs_final_balanced,within_final_balanced_high_range,30091.0,4.478139338658135,107.64298295171314,2.032283006248181,power metal,Sweden,2019,,,,,,2026-06-29T19:38:38+00:00,experiment_setup,
baseline,final_balanced_playlist,FinalBalanced,0,Spotify,FinalBalanced,0,experiment_setup/final_balanced_playlist.csv,final_balanced_playlist,,,26,7iOSeHfKU2EhSKcX7TbjKG,https://open.spotify.com/track/7iOSeHfKU2EhSKcX7TbjKG,Blind and Frozen,Beast in Black,,,2017,,,spotify_artist_monthly_listeners,1271062,1271062,6.104166735133994,High,78.33333333333333,top_third_vs_final_balanced,within_final_balanced_high_range,30091.0,4.478139338658135,42.24060350270845,1.626027396475859,power metal,Finland,2017,,,,,,2026-06-29T19:38:38+00:00,experiment_setup,
baseline,final_balanced_playlist,FinalBalanced,0,Spotify,FinalBalanced,0,experiment_setup/final_balanced_playlist.csv,final_balanced_playlist,,,27,3crIa21lfjekujCQuGjlJT,https://open.spotify.com/track/3crIa21lfjekujCQuGjlJT,Teutonic Terror,Accept,,,2010,,,spotify_artist_monthly_listeners,1213609,1213609,6.084078788473997,High,75.0,top_third_vs_final_balanced,within_final_balanced_high_range,30091.0,4.478139338658135,40.3312950716161,1.6059394498158621,heavy metal,Germany,2010,,,,,,2026-06-29T19:38:38+00:00,experiment_setup,
baseline,final_balanced_playlist,FinalBalanced,0,Spotify,FinalBalanced,0,experiment_setup/final_balanced_playlist.csv,final_balanced_playlist,,,28,3JjZq20Kv6UphyyirAaY9A,https://open.spotify.com/track/3JjZq20Kv6UphyyirAaY9A,Moth Into Flame,Metallica,,,2016,,,spotify_artist_monthly_listeners,32848505,32848505,7.516515608750442,High,98.33333333333333,top_third_vs_final_balanced,within_final_balanced_high_range,30091.0,4.478139338658135,1091.6388621182414,3.038376270092307,heavy metal,United States,2016,,,,,,2026-06-29T19:38:38+00:00,experiment_setup,
baseline,final_balanced_playlist,FinalBalanced,0,Spotify,FinalBalanced,0,experiment_setup/final_balanced_playlist.csv,final_balanced_playlist,,,29,45W8En2qul3ljQKzIbsyT4,https://open.spotify.com/track/45W8En2qul3ljQKzIbsyT4,Cry Thunder,DragonForce,,,2012,,,spotify_artist_monthly_listeners,1856073,1856073,6.268595053172561,High,88.33333333333333,top_third_vs_final_balanced,within_final_balanced_high_range,30091.0,4.478139338658135,61.68199793958326,1.790455714514426,power metal,United Kingdom,2012,,,,,,2026-06-29T19:38:38+00:00,experiment_setup,
baseline,final_balanced_playlist,FinalBalanced,0,Spotify,FinalBalanced,0,experiment_setup/final_balanced_playlist.csv,final_balanced_playlist,,,30,4qxK1lnNoYm1kevG69mhHU,https://open.spotify.com/track/4qxK1lnNoYm1kevG69mhHU,Drunken Dwarves,Wind Rose,,,2019,,,spotify_artist_monthly_listeners,723787,723787,5.859610778442025,High,71.66666666666667,top_third_vs_final_balanced,within_final_balanced_high_range,30091.0,4.478139338658135,24.053271742381444,1.3814714397838896,power metal,Italy,2019,,,,,,2026-06-29T19:38:38+00:00,experiment_setup,
baseline,final_balanced_playlist,FinalBalanced,0,Youtube,FinalBalanced,0,experiment_setup/final_balanced_playlist.csv,final_balanced_playlist,,,1,zip1C800tdU,https://music.youtube.com/watch?v=zip1C800tdU,Combat Metal,Fireforce,,,2014,,,youtube_video_view_count,23220,23220,4.365862215402555,Middle,35.0,middle_third_vs_final_balanced,within_final_balanced_middle_range,65199.0,4.814219747922499,0.35614043160171166,-0.44835753251994337,heavy metal,Belgium,2014,,,,,,2026-06-29T19:38:38+00:00,experiment_setup,
baseline,final_balanced_playlist,FinalBalanced,0,Youtube,FinalBalanced,0,experiment_setup/final_balanced_playlist.csv,final_balanced_playlist,,,2,BHfVbP9rjnE,https://music.youtube.com/watch?v=BHfVbP9rjnE,Starbreaker,Traveler,,,2019,,,youtube_video_view_count,31916,31916,4.5040084564010465,Middle,41.666666666666664,middle_third_vs_final_balanced,within_final_balanced_middle_range,65199.0,4.814219747922499,0.4895167103789935,-0.3102112915214521,heavy metal,Canada,2019,,,,,,2026-06-29T19:38:38+00:00,experiment_setup,
baseline,final_balanced_playlist,FinalBalanced,0,Youtube,FinalBalanced,0,experiment_setup/final_balanced_playlist.csv,final_balanced_playlist,,,3,mbrjS9BqzGw,https://music.youtube.com/watch?v=mbrjS9BqzGw,Messager - 2021,Sortilège,,,2021,,,youtube_video_view_count,4487,4487,3.651956069533074,Low,28.333333333333332,bottom_third_vs_final_balanced,within_final_balanced_low_range,65199.0,4.814219747922499,0.06882007392751423,-1.1622636783894245,heavy metal,France,2021,,,,,,2026-06-29T19:38:38+00:00,experiment_setup,
baseline,final_balanced_playlist,FinalBalanced,0,Youtube,FinalBalanced,0,experiment_setup/final_balanced_playlist.csv,final_balanced_playlist,,,4,qmnQfohX2vc,https://music.youtube.com/watch?v=qmnQfohX2vc,World on Fire,Firewind,,,2010,,,youtube_video_view_count,7505,7505,3.875350696579289,Low,31.666666666666668,bottom_third_vs_final_balanced,within_final_balanced_low_range,65199.0,4.814219747922499,0.11510912744060492,-0.9388690513432096,power metal,Greece,2010,,,,,,2026-06-29T19:38:38+00:00,experiment_setup,
baseline,final_balanced_playlist,FinalBalanced,0,Youtube,FinalBalanced,0,experiment_setup/final_balanced_playlist.csv,final_balanced_playlist,,,5,MuAMjthSJm0,https://music.youtube.com/watch?v=MuAMjthSJm0,Rome Is Falling,Civil War,,,2012,,,youtube_video_view_count,1392219,1392219,6.143707556402826,High,71.66666666666667,top_third_vs_final_balanced,within_final_balanced_high_range,65199.0,4.814219747922499,21.353379653062163,1.3294878084803274,power metal,Sweden,2012,,,,,,2026-06-29T19:38:38+00:00,experiment_setup,
baseline,final_balanced_playlist,FinalBalanced,0,Youtube,FinalBalanced,0,experiment_setup/final_balanced_playlist.csv,final_balanced_playlist,,,6,Smk-Vsb9AOk,https://music.youtube.com/watch?v=Smk-Vsb9AOk,Geçmişin Yükü,Pentagram,,,2012,,,youtube_video_view_count,1223810,1223810,6.087713997583522,High,68.33333333333333,top_third_vs_final_balanced,within_final_balanced_high_range,65199.0,4.814219747922499,18.77037991380236,1.2734942496610238,heavy metal,Turkey,2012,,,,,,2026-06-29T19:38:38+00:00,experiment_setup,
baseline,final_balanced_playlist,FinalBalanced,0,Youtube,FinalBalanced,0,experiment_setup/final_balanced_playlist.csv,final_balanced_playlist,,,7,BESgqzL8ijE,https://music.youtube.com/watch?v=BESgqzL8ijE,Skyfall,Helloween,,,2021,,,youtube_video_view_count,173407,173407,5.239066624858834,Middle,61.666666666666664,middle_third_vs_final_balanced,within_final_balanced_middle_range,65199.0,4.814219747922499,2.659657356707925,0.4248468769363356,power metal,Germany,2021,,,,,,2026-06-29T19:38:38+00:00,experiment_setup,
baseline,final_balanced_playlist,FinalBalanced,0,Youtube,FinalBalanced,0,experiment_setup/final_balanced_playlist.csv,final_balanced_playlist,,,8,zJ8FuN2OXHI,https://music.youtube.com/watch?v=zJ8FuN2OXHI,Thunderbolt,Saxon,,,2018,,,youtube_video_view_count,65843,65843,4.818509610384099,Middle,51.666666666666664,middle_third_vs_final_balanced,within_final_balanced_middle_range,65199.0,4.814219747922499,1.0098774521081613,0.004289862461600791,heavy metal,United Kingdom,2018,,,,,,2026-06-29T19:38:38+00:00,experiment_setup,
baseline,final_balanced_playlist,FinalBalanced,0,Youtube,FinalBalanced,0,experiment_setup/final_balanced_playlist.csv,final_balanced_playlist,,,9,TeIgtmGKtzY,https://music.youtube.com/watch?v=TeIgtmGKtzY,Disciples of the Sun,Pyramaze,,,2015,,,youtube_video_view_count,64555,64555,4.809929885460897,Middle,48.333333333333336,middle_third_vs_final_balanced,within_final_balanced_middle_range,65199.0,4.814219747922499,0.9901225478918388,-0.004289862461601679,power metal,Denmark,2015,,,,,,2026-06-29T19:38:38+00:00,experiment_setup,
baseline,final_balanced_playlist,FinalBalanced,0,Youtube,FinalBalanced,0,experiment_setup/final_balanced_playlist.csv,final_balanced_playlist,,,10,KNNgWU4kXp8,https://music.youtube.com/watch?v=KNNgWU4kXp8,If It Bleeds We Can Kill It,Dragony,,,2017,,,youtube_video_view_count,49427,49427,4.693964251509036,Middle,45.0,middle_third_vs_final_balanced,within_final_balanced_middle_range,65199.0,4.814219747922499,0.7580944493013696,-0.12025549641346256,power metal,Austria,2017,,,,,,2026-06-29T19:38:38+00:00,experiment_setup,
baseline,final_balanced_playlist,FinalBalanced,0,Youtube,FinalBalanced,0,experiment_setup/final_balanced_playlist.csv,final_balanced_playlist,,,11,8EELvJAEmIc,https://music.youtube.com/watch?v=8EELvJAEmIc,Better Late Than Never,Skull Fist,,,2018,,,youtube_video_view_count,29668,29668,4.472288270339757,Middle,38.333333333333336,middle_third_vs_final_balanced,within_final_balanced_middle_range,65199.0,4.814219747922499,0.4550376539517477,-0.341931477582742,heavy metal,Canada,2018,,,,,,2026-06-29T19:38:38+00:00,experiment_setup,
baseline,final_balanced_playlist,FinalBalanced,0,Youtube,FinalBalanced,0,experiment_setup/final_balanced_playlist.csv,final_balanced_playlist,,,12,3G3hBjV6R60,https://music.youtube.com/watch?v=3G3hBjV6R60,Like Orpheus,Orphaned Land,,,2018,,,youtube_video_view_count,129774,129774,5.113187691019157,Middle,55.0,middle_third_vs_final_balanced,within_final_balanced_middle_range,65199.0,4.814219747922499,1.9904293010628997,0.29896794309665875,heavy metal,Israel,2018,,,,,,2026-06-29T19:38:38+00:00,experiment_setup,
baseline,final_balanced_playlist,FinalBalanced,0,Youtube,FinalBalanced,0,experiment_setup/final_balanced_playlist.csv,final_balanced_playlist,,,13,AW3lGArBDMs,https://music.youtube.com/watch?v=AW3lGArBDMs,Warrior Queen,Visigoth,,,2015,,,youtube_video_view_count,161571,161571,5.208363412934918,Middle,58.333333333333336,middle_third_vs_final_balanced,within_final_balanced_middle_range,65199.0,4.814219747922499,2.4781208300740807,0.39414366501241904,heavy metal,United States,2015,,,,,,2026-06-29T19:38:38+00:00,experiment_setup,
baseline,final_balanced_playlist,FinalBalanced,0,Youtube,FinalBalanced,0,experiment_setup/final_balanced_playlist.csv,final_balanced_playlist,,,14,183PB-W2FB4,https://music.youtube.com/watch?v=183PB-W2FB4,Angel of Revenge,Vision Divine,,,2018,,,youtube_video_view_count,203378,203378,5.3083039722084004,Middle,65.0,middle_third_vs_final_balanced,within_final_balanced_middle_range,65199.0,4.814219747922499,3.119342321201245,0.4940842242859018,power metal,Italy,2018,,,,,,2026-06-29T19:38:38+00:00,experiment_setup,
baseline,final_balanced_playlist,FinalBalanced,0,Youtube,FinalBalanced,0,experiment_setup/final_balanced_playlist.csv,final_balanced_playlist,,,15,IVSlnryCW7s,https://music.youtube.com/watch?v=IVSlnryCW7s,Hellphoria,Exlibris,,,2013,,,youtube_video_view_count,1423,1423,3.153204900084284,Low,11.666666666666666,bottom_third_vs_final_balanced,within_final_balanced_low_range,65199.0,4.814219747922499,0.02182548812098345,-1.6610148478382145,power metal,Poland,2013,,,,,,2026-06-29T19:38:38+00:00,experiment_setup,
baseline,final_balanced_playlist,FinalBalanced,0,Youtube,FinalBalanced,0,experiment_setup/final_balanced_playlist.csv,final_balanced_playlist,,,16,FnGWUPTT9vk,https://music.youtube.com/watch?v=FnGWUPTT9vk,The Devil's Doll,Carthagods,,,2015,,,youtube_video_view_count,1797,1797,3.2545480771089736,Low,18.333333333333332,bottom_third_vs_final_balanced,within_final_balanced_low_range,65199.0,4.814219747922499,0.02756177241982239,-1.559671670813525,heavy metal,Tunisia,2015,,,,,,2026-06-29T19:38:38+00:00,experiment_setup,
baseline,final_balanced_playlist,FinalBalanced,0,Youtube,FinalBalanced,0,experiment_setup/final_balanced_playlist.csv,final_balanced_playlist,,,17,Lm9xUURZJ6k,https://music.youtube.com/watch?v=Lm9xUURZJ6k,Flesh Potion,Skinflint,,,2022,,,youtube_video_view_count,863,863,2.9360107957152097,Low,5.0,bottom_third_vs_final_balanced,within_final_balanced_low_range,65199.0,4.814219747922499,0.013236399331278088,-1.878208952207289,heavy metal,Botswana,2022,,,,,,2026-06-29T19:38:38+00:00,experiment_setup,
baseline,final_balanced_playlist,FinalBalanced,0,Youtube,FinalBalanced,0,experiment_setup/final_balanced_playlist.csv,final_balanced_playlist,,,18,CxTRjHDxL4w,https://music.youtube.com/watch?v=CxTRjHDxL4w,Stigmata,Arrayan Path,,,2018,,,youtube_video_view_count,1955,1955,3.2911467617318855,Low,21.666666666666668,bottom_third_vs_final_balanced,within_final_balanced_low_range,65199.0,4.814219747922499,0.029985122471203544,-1.5230729861906132,power metal,Cyprus,2018,,,,,,2026-06-29T19:38:38+00:00,experiment_setup,
baseline,final_balanced_playlist,FinalBalanced,0,Youtube,FinalBalanced,0,experiment_setup/final_balanced_playlist.csv,final_balanced_playlist,,,19,U20b7be3zO8,https://music.youtube.com/watch?v=U20b7be3zO8,Reverse,Eagleheart,,,2017,,,youtube_video_view_count,1241,1241,3.09377178149873,Low,8.333333333333334,bottom_third_vs_final_balanced,within_final_balanced_low_range,65199.0,4.814219747922499,0.019034034264329206,-1.7204479664237686,power metal,Czech Republic,2017,,,,,,2026-06-29T19:38:38+00:00,experiment_setup,
baseline,final_balanced_playlist,FinalBalanced,0,Youtube,FinalBalanced,0,experiment_setup/final_balanced_playlist.csv,final_balanced_playlist,,,20,DAV2A8R2x1w,https://music.youtube.com/watch?v=DAV2A8R2x1w,City of Golden Gates,Attick Demons,,,2016,,,youtube_video_view_count,2445,2445,3.388278863459639,Low,25.0,bottom_third_vs_final_balanced,within_final_balanced_low_range,65199.0,4.814219747922499,0.03750057516219574,-1.4259408844628596,heavy metal,Portugal,2016,,,,,,2026-06-29T19:38:38+00:00,experiment_setup,
baseline,final_balanced_playlist,FinalBalanced,0,Youtube,FinalBalanced,0,experiment_setup/final_balanced_playlist.csv,final_balanced_playlist,,,21,p3syPBCnQ3w,https://music.youtube.com/watch?v=p3syPBCnQ3w,United,LORD,,,2019,,,youtube_video_view_count,1594,1594,3.2024883170600935,Low,15.0,bottom_third_vs_final_balanced,within_final_balanced_low_range,65199.0,4.814219747922499,0.024448227733554196,-1.6117314308624051,power metal,Australia,2019,,,,,,2026-06-29T19:38:38+00:00,experiment_setup,
baseline,final_balanced_playlist,FinalBalanced,0,Youtube,FinalBalanced,0,experiment_setup/final_balanced_playlist.csv,final_balanced_playlist,,,22,IsRd3kIThAo,https://music.youtube.com/watch?v=IsRd3kIThAo,Alone in Paradise,Concerto Moon,,,2017,,,youtube_video_view_count,242,242,2.383815365980431,Low,1.6666666666666667,bottom_third_vs_final_balanced,within_final_balanced_low_range,65199.0,4.814219747922499,0.0037117133698369607,-2.4304043819420675,power metal,Japan,2017,,,,,,2026-06-29T19:38:38+00:00,experiment_setup,
baseline,final_balanced_playlist,FinalBalanced,0,Youtube,FinalBalanced,0,experiment_setup/final_balanced_playlist.csv,final_balanced_playlist,,,23,jpsUPdNthGY,https://music.youtube.com/watch?v=jpsUPdNthGY,Wolf Totem,The HU,,,2018,,,youtube_video_view_count,4761121,4761121,6.677709218854169,High,85.0,top_third_vs_final_balanced,within_final_balanced_high_range,65199.0,4.814219747922499,73.02444822773356,1.86348947093167,heavy metal,Mongolia,2018,,,,,,2026-06-29T19:38:38+00:00,experiment_setup,
baseline,final_balanced_playlist,FinalBalanced,0,Youtube,FinalBalanced,0,experiment_setup/final_balanced_playlist.csv,final_balanced_playlist,,,24,5dqummhs3S8,https://music.youtube.com/watch?v=5dqummhs3S8,The Devil's Bleeding Crown,Volbeat,,,2016,,,youtube_video_view_count,5343528,5343528,6.7278280894284626,High,88.33333333333333,top_third_vs_final_balanced,within_final_balanced_high_range,65199.0,4.814219747922499,81.957207932637,1.913608341505964,heavy metal,Denmark,2016,,,,,,2026-06-29T19:38:38+00:00,experiment_setup,
baseline,final_balanced_playlist,FinalBalanced,0,Youtube,FinalBalanced,0,experiment_setup/final_balanced_playlist.csv,final_balanced_playlist,,,25,ERj08qJ2FAU,https://music.youtube.com/watch?v=ERj08qJ2FAU,Bismarck,Sabaton,,,2019,,,youtube_video_view_count,14176293,14176293,7.151562680768158,High,95.0,top_third_vs_final_balanced,within_final_balanced_high_range,65199.0,4.814219747922499,217.4311415819261,2.337342932845659,power metal,Sweden,2019,,,,,,2026-06-29T19:38:38+00:00,experiment_setup,
baseline,final_balanced_playlist,FinalBalanced,0,Youtube,FinalBalanced,0,experiment_setup/final_balanced_playlist.csv,final_balanced_playlist,,,26,IVKByFMQHss,https://music.youtube.com/watch?v=IVKByFMQHss,Blind and Frozen,Beast in Black,,,2017,,,youtube_video_view_count,14385630,14385630,7.157928886006144,High,98.33333333333333,top_third_vs_final_balanced,within_final_balanced_high_range,65199.0,4.814219747922499,220.64188101044493,2.3437091380836454,power metal,Finland,2017,,,,,,2026-06-29T19:38:38+00:00,experiment_setup,
baseline,final_balanced_playlist,FinalBalanced,0,Youtube,FinalBalanced,0,experiment_setup/final_balanced_playlist.csv,final_balanced_playlist,,,27,ral4hAS5dVk,https://music.youtube.com/watch?v=ral4hAS5dVk,Teutonic Terror,Accept,,,2010,,,youtube_video_view_count,3933340,3933340,6.594761488678182,High,78.33333333333333,top_third_vs_final_balanced,within_final_balanced_high_range,65199.0,4.814219747922499,60.32822589303517,1.780541740755683,heavy metal,Germany,2010,,,,,,2026-06-29T19:38:38+00:00,experiment_setup,
baseline,final_balanced_playlist,FinalBalanced,0,Youtube,FinalBalanced,0,experiment_setup/final_balanced_playlist.csv,final_balanced_playlist,,,28,BtRyz1qGI8c,https://music.youtube.com/watch?v=BtRyz1qGI8c,Moth Into Flame,Metallica,,,2016,,,youtube_video_view_count,5386594,5386594,6.731314243003827,High,91.66666666666667,top_third_vs_final_balanced,within_final_balanced_high_range,65199.0,4.814219747922499,82.61773953588245,1.9170944950813285,heavy metal,United States,2016,,,,,,2026-06-29T19:38:38+00:00,experiment_setup,
baseline,final_balanced_playlist,FinalBalanced,0,Youtube,FinalBalanced,0,experiment_setup/final_balanced_playlist.csv,final_balanced_playlist,,,29,20vgg_WoTz4,https://music.youtube.com/watch?v=20vgg_WoTz4,Cry Thunder,DragonForce,,,2012,,,youtube_video_view_count,1631618,1631618,6.212618487805607,High,75.0,top_third_vs_final_balanced,within_final_balanced_high_range,65199.0,4.814219747922499,25.025199773002655,1.3983987398831088,power metal,United Kingdom,2012,,,,,,2026-06-29T19:38:38+00:00,experiment_setup,
baseline,final_balanced_playlist,FinalBalanced,0,Youtube,FinalBalanced,0,experiment_setup/final_balanced_playlist.csv,final_balanced_playlist,,,30,oPQAfz1GulI,https://music.youtube.com/watch?v=oPQAfz1GulI,Drunken Dwarves,Wind Rose,,,2019,,,youtube_video_view_count,4712660,4712660,6.673266108240377,High,81.66666666666667,top_third_vs_final_balanced,within_final_balanced_high_range,65199.0,4.814219747922499,72.28116995659443,1.859046360317878,power metal,Italy,2019,,,,,,2026-06-29T19:38:38+00:00,experiment_setup,
recommended,weekly_recommendation,Week1_21July,1,Spotify,User1,1,experiment_results/Week1_21July/Spotify/User1/Week1_User1_spotify_metadata.csv,Week1-User1,0IPV7H00KADkCCZXwiGIv4,https://open.spotify.com/playlist/0IPV7H00KADkCCZXwiGIv4,1,170Q9dEUIPy8imNb9p5DYu,https://open.spotify.com/track/170Q9dEUIPy8imNb9p5DYu,Impaler,Sabaton,3o2dn2O0FCVsWDFSh8qxgG,Legends,2025-10-17,284.413,False,spotify_artist_monthly_listeners,3115408,"3,115,408",6.493514930785041,,90.0,top_third_vs_final_balanced,within_final_balanced_high_range,30091.0,4.478139338658135,103.53288358645442,2.0153755921269063,,,,spotify_track_api_popularity,,,0,track,2026-07-24T08:36:00+00:00,Aysima Karçaaltıncaba,
recommended,weekly_recommendation,Week1_21July,1,Spotify,User1,1,experiment_results/Week1_21July/Spotify/User1/Week1_User1_spotify_metadata.csv,Week1-User1,0IPV7H00KADkCCZXwiGIv4,https://open.spotify.com/playlist/0IPV7H00KADkCCZXwiGIv4,2,0eV3PB3T0OxW4feG1DlOjQ,https://open.spotify.com/track/0eV3PB3T0OxW4feG1DlOjQ,Hearts on Fire,HammerFall,2o18h28enlHxj887tATc58,Crimson Thunder,2002-10-28,231.386,False,spotify_artist_monthly_listeners,858884,"858,884",5.93393451242058,,73.33333333333333,top_third_vs_final_balanced,within_final_balanced_high_range,30091.0,4.478139338658135,28.542886577381942,1.4557951737624446,,,,spotify_track_api_popularity,,,0,track,2026-07-24T08:36:00+00:00,Aysima Karçaaltıncaba,
recommended,weekly_recommendation,Week1_21July,1,Spotify,User1,1,experiment_results/Week1_21July/Spotify/User1/Week1_User1_spotify_metadata.csv,Week1-User1,0IPV7H00KADkCCZXwiGIv4,https://open.spotify.com/playlist/0IPV7H00KADkCCZXwiGIv4,3,3HQVanEnLlPtywbJai0uiG,https://open.spotify.com/track/3HQVanEnLlPtywbJai0uiG,Hunting High And Low,Stratovarius,1O8CSXsPwEqxcoBE360PPO,Infinite,2000-03-28,248.666,False,spotify_artist_monthly_listeners,845438,"845,438",5.927081764216234,,73.33333333333333,top_third_vs_final_balanced,within_final_balanced_high_range,30091.0,4.478139338658135,28.09604200591539,1.4489424255580987,,,,spotify_track_api_popularity,,,0,track,2026-07-24T08:36:00+00:00,Aysima Karçaaltıncaba,
recommended,weekly_recommendation,Week1_21July,1,Spotify,User1,1,experiment_results/Week1_21July/Spotify/User1/Week1_User1_spotify_metadata.csv,Week1-User1,0IPV7H00KADkCCZXwiGIv4,https://open.spotify.com/playlist/0IPV7H00KADkCCZXwiGIv4,4,09OnB8xeghs8FRnu4dJKmU,https://open.spotify.com/track/09OnB8xeghs8FRnu4dJKmU,Still Alive,Nocturnal Rites,0dSoaJ8iEP3aid30p18O2g,Grand Illusion,2006-07-13,242.626,False,spotify_artist_monthly_listeners,25447,"25,447",4.405636589806667,,40.0,middle_third_vs_final_balanced,within_final_balanced_middle_range,30091.0,4.478139338658135,0.8456681399754079,-0.07250274885146801,,,,spotify_track_api_popularity,,,0,track,2026-07-24T08:36:00+00:00,Aysima Karçaaltıncaba,
recommended,weekly_recommendation,Week1_21July,1,Spotify,User1,1,experiment_results/Week1_21July/Spotify/User1/Week1_User1_spotify_metadata.csv,Week1-User1,0IPV7H00KADkCCZXwiGIv4,https://open.spotify.com/playlist/0IPV7H00KADkCCZXwiGIv4,5,4gFhLQA90CAFuS0Ma8aIiX,https://open.spotify.com/track/4gFhLQA90CAFuS0Ma8aIiX,Mirror Mirror - Remastered 2007,Blind Guardian,7jxJ25p0pPjk0MStloN6o6,Nightfall in Middle Earth (Remastered 2007),1998-04-28,306.013,False,spotify_artist_monthly_listeners,594132,"594,132",5.7738829441443285,,70.0,top_third_vs_final_balanced,within_final_balanced_high_range,30091.0,4.478139338658135,19.744508324748264,1.2957436054861935,,,,spotify_track_api_popularity,,,0,track,2026-07-24T08:36:00+00:00,Aysima Karçaaltıncaba,
recommended,weekly_recommendation,Week1_21July,1,Spotify,User1,1,experiment_results/Week1_21July/Spotify/User1/Week1_User1_spotify_metadata.csv,Week1-User1,0IPV7H00KADkCCZXwiGIv4,https://open.spotify.com/playlist/0IPV7H00KADkCCZXwiGIv4,6,5HkvAtKEPDLmchWYmepqYB,https://open.spotify.com/track/5HkvAtKEPDLmchWYmepqYB,Hail and Kill,Manowar,4CzUzn54Cp9TQr6a7JIlMZ,Kings of Metal,1988-11-01,357.026,False,spotify_artist_monthly_listeners,1035240,"1,035,240",6.015041044085505,,73.33333333333333,top_third_vs_final_balanced,within_final_balanced_high_range,30091.0,4.478139338658135,34.40364228506863,1.5369017054273701,,,,spotify_track_api_popularity,,,0,track,2026-07-24T08:36:00+00:00,Aysima Karçaaltıncaba,
recommended,weekly_recommendation,Week1_21July,1,Spotify,User1,1,experiment_results/Week1_21July/Spotify/User1/Week1_User1_spotify_metadata.csv,Week1-User1,0IPV7H00KADkCCZXwiGIv4,https://open.spotify.com/playlist/0IPV7H00KADkCCZXwiGIv4,7,5WEqHNtlbM2mv4k7u9DB4Y,https://open.spotify.com/track/5WEqHNtlbM2mv4k7u9DB4Y,Nosferatu,Bloodbound,6nf7iwR6AoROxfUKZWd1r6,Nosferatu,2006-01-31,383.626,False,spotify_artist_monthly_listeners,295782,"295,782",5.470971741200654,,66.66666666666667,middle_third_vs_final_balanced,between_final_balanced_tier_ranges,30091.0,4.478139338658135,9.82958359642418,0.9928324025425193,,,,spotify_track_api_popularity,,,0,track,2026-07-24T08:36:00+00:00,Aysima Karçaaltıncaba,
recommended,weekly_recommendation,Week1_21July,1,Spotify,User1,1,experiment_results/Week1_21July/Spotify/User1/Week1_User1_spotify_metadata.csv,Week1-User1,0IPV7H00KADkCCZXwiGIv4,https://open.spotify.com/playlist/0IPV7H00KADkCCZXwiGIv4,8,3OdsSVAdClWuGRF9ZKslLA,https://open.spotify.com/track/3OdsSVAdClWuGRF9ZKslLA,Valley of the Kings,Gamma Ray,6LZE884lDIsCSLHuTplfGp,Somewhere out in Space,1997-08-25,230.840,False,spotify_artist_monthly_listeners,170740,"170,740",5.232335277085655,,63.333333333333336,middle_third_vs_final_balanced,within_final_balanced_middle_range,30091.0,4.478139338658135,5.674121830447642,0.7541959384275199,,,,spotify_track_api_popularity,,,0,track,2026-07-24T08:36:00+00:00,Aysima Karçaaltıncaba,
recommended,weekly_recommendation,Week1_21July,1,Spotify,User1,1,experiment_results/Week1_21July/Spotify/User1/Week1_User1_spotify_metadata.csv,Week1-User1,0IPV7H00KADkCCZXwiGIv4,https://open.spotify.com/playlist/0IPV7H00KADkCCZXwiGIv4,9,4mJmi9z3o1B6k2vry39Ufh,https://open.spotify.com/track/4mJmi9z3o1B6k2vry39Ufh,Heavy Metal Never Dies,Iron Savior,6COmyouHXwCeIGS1IFd1PA,The Landing,2011-11-18,254.386,False,spotify_artist_monthly_listeners,57678,"57,678",4.761010192695719,,56.666666666666664,middle_third_vs_final_balanced,within_final_balanced_middle_range,30091.0,4.478139338658135,1.9167857498919942,0.2828708540375837,,,,spotify_track_api_popularity,,,0,track,2026-07-24T08:36:00+00:00,Aysima Karçaaltıncaba,
recommended,weekly_recommendation,Week1_21July,1,Spotify,User1,1,experiment_results/Week1_21July/Spotify/User1/Week1_User1_spotify_metadata.csv,Week1-User1,0IPV7H00KADkCCZXwiGIv4,https://open.spotify.com/playlist/0IPV7H00KADkCCZXwiGIv4,10,4wEtmW6jIuPQ8NTYHbkOGm,https://open.spotify.com/track/4wEtmW6jIuPQ8NTYHbkOGm,King of Fools,Edguy,3AGFqPP3gt5rMSvhR87Xxu,The Singles,2008-11-14,215.320,False,spotify_artist_monthly_listeners,290277,"290,277",5.462812626018371,,66.66666666666667,middle_third_vs_final_balanced,between_final_balanced_tier_ranges,30091.0,4.478139338658135,9.64663852979296,0.984673287360236,,,,spotify_track_api_popularity,,,0,track,2026-07-24T08:36:00+00:00,Aysima Karçaaltıncaba,
recommended,weekly_recommendation,Week1_21July,1,Spotify,User1,1,experiment_results/Week1_21July/Spotify/User1/Week1_User1_spotify_metadata.csv,Week1-User1,0IPV7H00KADkCCZXwiGIv4,https://open.spotify.com/playlist/0IPV7H00KADkCCZXwiGIv4,11,0CwhgYudd5HzMC9K2vqGMu,https://open.spotify.com/track/0CwhgYudd5HzMC9K2vqGMu,Everytime I Die,Children Of Bodom,1xUhNgw4eJDZfvumIpcz1B,Follow The Reaper,2000-10-30,243.000,False,spotify_artist_monthly_listeners,758547,"758,547",5.8799824950875115,,73.33333333333333,top_third_vs_final_balanced,within_final_balanced_high_range,30091.0,4.478139338658135,25.208434415605996,1.4018431564293765,,,,spotify_track_api_popularity,,,0,track,2026-07-24T08:36:00+00:00,Aysima Karçaaltıncaba,
recommended,weekly_recommendation,Week1_21July,1,Spotify,User1,1,experiment_results/Week1_21July/Spotify/User1/Week1_User1_spotify_metadata.csv,Week1-User1,0IPV7H00KADkCCZXwiGIv4,https://open.spotify.com/playlist/0IPV7H00KADkCCZXwiGIv4,12,38PBzSdZMET0vcZfZ80ekj,https://open.spotify.com/track/38PBzSdZMET0vcZfZ80ekj,Why?,Helloween,4pQN0GB0fNEEOfQCaWotsY,Master of the Rings (Expanded Edition),1994-01-01,251.640,False,spotify_artist_monthly_listeners,1429906,"1,429,906",6.155307488497848,,80.0,top_third_vs_final_balanced,within_final_balanced_high_range,30091.0,4.478139338658135,47.51939118008707,1.677168149839713,,,,spotify_track_api_popularity,,,0,track,2026-07-24T08:36:00+00:00,Aysima Karçaaltıncaba,
recommended,weekly_recommendation,Week1_21July,1,Spotify,User1,1,experiment_results/Week1_21July/Spotify/User1/Week1_User1_spotify_metadata.csv,Week1-User1,0IPV7H00KADkCCZXwiGIv4,https://open.spotify.com/playlist/0IPV7H00KADkCCZXwiGIv4,13,4nrVRhp2fGwY7MwINf9QLY,https://open.spotify.com/track/4nrVRhp2fGwY7MwINf9QLY,Chasing the Dragon,Dream Evil,1bkf8u8ot6vEpWTJFBzKZB,Dragonslayer,2002-07-13,241.360,False,spotify_artist_monthly_listeners,167499,"167,499",5.2240122185622475,,63.333333333333336,middle_third_vs_final_balanced,within_final_balanced_middle_range,30091.0,4.478139338658135,5.566415207204812,0.7458728799041126,,,,spotify_track_api_popularity,,,0,track,2026-07-24T08:36:00+00:00,Aysima Karçaaltıncaba,
recommended,weekly_recommendation,Week1_21July,1,Spotify,User1,1,experiment_results/Week1_21July/Spotify/User1/Week1_User1_spotify_metadata.csv,Week1-User1,0IPV7H00KADkCCZXwiGIv4,https://open.spotify.com/playlist/0IPV7H00KADkCCZXwiGIv4,14,0wwAkc9n9SfV27COAK2AUH,https://open.spotify.com/track/0wwAkc9n9SfV27COAK2AUH,Iron,Ensiferum,0krXCIkthz13P8o0v2tksH,Iron,2008-01-01,233.186,False,spotify_artist_monthly_listeners,193731,"193,731",5.287199120211757,,63.333333333333336,middle_third_vs_final_balanced,within_final_balanced_middle_range,30091.0,4.478139338658135,6.438170881658968,0.8090597815536222,,,,spotify_track_api_popularity,,,0,track,2026-07-24T08:36:00+00:00,Aysima Karçaaltıncaba,
recommended,weekly_recommendation,Week1_21July,1,Spotify,User1,1,experiment_results/Week1_21July/Spotify/User1/Week1_User1_spotify_metadata.csv,Week1-User1,0IPV7H00KADkCCZXwiGIv4,https://open.spotify.com/playlist/0IPV7H00KADkCCZXwiGIv4,15,0V2Jge35CQn1Hc9hNBmdbm,https://open.spotify.com/track/0V2Jge35CQn1Hc9hNBmdbm,The End Is Near,Primal Fear,1yfiDL3YUEJlQCgb5Pun6g,Rulebreaker,2016-01-29,266.964,False,spotify_artist_monthly_listeners,105691,"105,691",5.024038007016501,,60.0,middle_third_vs_final_balanced,within_final_balanced_middle_range,30091.0,4.478139338658135,3.512379116679406,0.5458986683583662,,,,spotify_track_api_popularity,,,0,track,2026-07-24T08:36:00+00:00,Aysima Karçaaltıncaba,
recommended,weekly_recommendation,Week1_21July,1,Spotify,User1,1,experiment_results/Week1_21July/Spotify/User1/Week1_User1_spotify_metadata.csv,Week1-User1,0IPV7H00KADkCCZXwiGIv4,https://open.spotify.com/playlist/0IPV7H00KADkCCZXwiGIv4,16,1P5B3ARqjPkB9yCNPZq9jV,https://open.spotify.com/track/1P5B3ARqjPkB9yCNPZq9jV,Rebellion (The Clans Are Marching) - Remastered Version,Grave Digger,6mfghV4I1CD17FOhDKq7cJ,Tunes Of War (Remastered 2006),1996,244.760,False,spotify_artist_monthly_listeners,74393,"74,393",4.871532072583568,,60.0,middle_third_vs_final_balanced,within_final_balanced_middle_range,30091.0,4.478139338658135,2.472267455385331,0.39339273392543284,,,,spotify_track_api_popularity,,,0,track,2026-07-24T08:36:00+00:00,Aysima Karçaaltıncaba,
recommended,weekly_recommendation,Week1_21July,1,Spotify,User1,1,experiment_results/Week1_21July/Spotify/User1/Week1_User1_spotify_metadata.csv,Week1-User1,0IPV7H00KADkCCZXwiGIv4,https://open.spotify.com/playlist/0IPV7H00KADkCCZXwiGIv4,17,2cxtdKFeXk4F10nd8TZORl,https://open.spotify.com/track/2cxtdKFeXk4F10nd8TZORl,Kind Hearted Light,Masterplan,1OHNvr18TssBKYK0A75yvx,Masterplan,2003-01-20,265.773,False,spotify_artist_monthly_listeners,184836,"184,836",5.266786561465773,,63.333333333333336,middle_third_vs_final_balanced,within_final_balanced_middle_range,30091.0,4.478139338658135,6.142567545113157,0.7886472228076382,,,,spotify_track_api_popularity,,,0,track,2026-07-24T08:36:00+00:00,Aysima Karçaaltıncaba,
recommended,weekly_recommendation,Week1_21July,1,Spotify,User1,1,experiment_results/Week1_21July/Spotify/User1/Week1_User1_spotify_metadata.csv,Week1-User1,0IPV7H00KADkCCZXwiGIv4,https://open.spotify.com/playlist/0IPV7H00KADkCCZXwiGIv4,18,3hfgxj1PpTUUdgU0P8Nt7e,https://open.spotify.com/track/3hfgxj1PpTUUdgU0P8Nt7e,Down from the Mountain,Allen Lande,2hxa4ytcni5FUIK8IR27tX,The Great Divide,2014-10-17,246.295,False,spotify_artist_monthly_listeners,53997,"53,997",4.732369631681519,,56.666666666666664,middle_third_vs_final_balanced,within_final_balanced_middle_range,30091.0,4.478139338658135,1.794456814329866,0.25423029302338396,,,,spotify_track_api_popularity,,,0,track,2026-07-24T08:36:00+00:00,Aysima Karçaaltıncaba,
recommended,weekly_recommendation,Week1_21July,1,Spotify,User1,1,experiment_results/Week1_21July/Spotify/User1/Week1_User1_spotify_metadata.csv,Week1-User1,0IPV7H00KADkCCZXwiGIv4,https://open.spotify.com/playlist/0IPV7H00KADkCCZXwiGIv4,19,02A6THLfQXvqrx9IEMkQfJ,https://open.spotify.com/track/02A6THLfQXvqrx9IEMkQfJ,Out of Control,Battle Beast,7k5jeohQCF20a8foBD9ize,Battle Beast,2013-05-17,227.280,False,spotify_artist_monthly_listeners,586305,"586,305",5.768123597857235,,70.0,top_third_vs_final_balanced,within_final_balanced_high_range,30091.0,4.478139338658135,19.48439732810475,1.2899842591991,,,,spotify_track_api_popularity,,,0,track,2026-07-24T08:36:00+00:00,Aysima Karçaaltıncaba,
recommended,weekly_recommendation,Week1_21July,1,Spotify,User1,1,experiment_results/Week1_21July/Spotify/User1/Week1_User1_spotify_metadata.csv,Week1-User1,0IPV7H00KADkCCZXwiGIv4,https://open.spotify.com/playlist/0IPV7H00KADkCCZXwiGIv4,20,4ZuNyr0qk8gckL98Oee0ld,https://open.spotify.com/track/4ZuNyr0qk8gckL98Oee0ld,Chains of Destiny,Rhapsody Of Fire,3IjLXN4eSksdGj8uDE4Jm1,Glory for Salvation,2021-11-26,235.093,False,spotify_artist_monthly_listeners,239721,"239,721",5.379706080694629,,66.66666666666667,middle_third_vs_final_balanced,between_final_balanced_tier_ranges,30091.0,4.478139338658135,7.966534844305606,0.9015667420364943,,,,spotify_track_api_popularity,,,0,track,2026-07-24T08:36:00+00:00,Aysima Karçaaltıncaba,
recommended,weekly_recommendation,Week1_21July,1,Spotify,User1,1,experiment_results/Week1_21July/Spotify/User1/Week1_User1_spotify_metadata.csv,Week1-User1,0IPV7H00KADkCCZXwiGIv4,https://open.spotify.com/playlist/0IPV7H00KADkCCZXwiGIv4,21,1NQCQj6x94ZBEPSODneBHw,https://open.spotify.com/track/1NQCQj6x94ZBEPSODneBHw,The Village of Dwarves,Rhapsody,0zQfrabOFYf36Ikb6PXcCY,Dawn of Victory,2000,232.173,False,spotify_artist_monthly_listeners,368660,"368,660",5.566626018751573,,66.66666666666667,middle_third_vs_final_balanced,between_final_balanced_tier_ranges,30091.0,4.478139338658135,12.251503771891928,1.088486680093438,,,,spotify_track_api_popularity,,,0,track,2026-07-24T08:36:00+00:00,Aysima Karçaaltıncaba,
recommended,weekly_recommendation,Week1_21July,1,Spotify,User1,1,experiment_results/Week1_21July/Spotify/User1/Week1_User1_spotify_metadata.csv,Week1-User1,0IPV7H00KADkCCZXwiGIv4,https://open.spotify.com/playlist/0IPV7H00KADkCCZXwiGIv4,22,2rV29Dueq15Cq4IyFgINDL,https://open.spotify.com/track/2rV29Dueq15Cq4IyFgINDL,Set This World on Fire,Rage,5TJVsWPUaJxBxWfVZQEt2x,Unity,2002-03-13,306.146,False,spotify_artist_monthly_listeners,92170,"92,170",4.964589587489903,,60.0,middle_third_vs_final_balanced,within_final_balanced_middle_range,30091.0,4.478139338658135,3.063042105612974,0.48645024883176813,,,,spotify_track_api_popularity,,,0,track,2026-07-24T08:36:00+00:00,Aysima Karçaaltıncaba,
recommended,weekly_recommendation,Week1_21July,1,Spotify,User1,1,experiment_results/Week1_21July/Spotify/User1/Week1_User1_spotify_metadata.csv,Week1-User1,0IPV7H00KADkCCZXwiGIv4,https://open.spotify.com/playlist/0IPV7H00KADkCCZXwiGIv4,23,1rfztlEkSrTzBbHz7xRC29,https://open.spotify.com/track/1rfztlEkSrTzBbHz7xRC29,Back for More,Pyramaze,23jSIm8VfKV2HaQJtfR3PK,Disciples of the Sun,2015-05-22,262.320,False,spotify_artist_monthly_listeners,28922,"28,922",4.46122832178055,,46.666666666666664,middle_third_vs_final_balanced,within_final_balanced_middle_range,30091.0,4.478139338658135,0.9611511747698648,-0.016911016877585006,,,,spotify_track_api_popularity,,,0,track,2026-07-24T08:36:00+00:00,Aysima Karçaaltıncaba,
recommended,weekly_recommendation,Week1_21July,1,Spotify,User1,1,experiment_results/Week1_21July/Spotify/User1/Week1_User1_spotify_metadata.csv,Week1-User1,0IPV7H00KADkCCZXwiGIv4,https://open.spotify.com/playlist/0IPV7H00KADkCCZXwiGIv4,24,4i3L5DHB4W2CzKtaUdeDkC,https://open.spotify.com/track/4i3L5DHB4W2CzKtaUdeDkC,Wings of Steel,Wings of Steel,0y43lCvntQtyFlhCABGb0T,Wings of Steel,2022-03-11,203.546,False,spotify_artist_monthly_listeners,50778,"50,778",4.7056755912586725,,56.666666666666664,middle_third_vs_final_balanced,within_final_balanced_middle_range,30091.0,4.478139338658135,1.687481306703001,0.22753625260053756,,,,spotify_track_api_popularity,,,0,track,2026-07-24T08:36:00+00:00,Aysima Karçaaltıncaba,
recommended,weekly_recommendation,Week1_21July,1,Spotify,User1,1,experiment_results/Week1_21July/Spotify/User1/Week1_User1_spotify_metadata.csv,Week1-User1,0IPV7H00KADkCCZXwiGIv4,https://open.spotify.com/playlist/0IPV7H00KADkCCZXwiGIv4,25,5oJE6PFEhiRnY7SCspZF4k,https://open.spotify.com/track/5oJE6PFEhiRnY7SCspZF4k,Freedom Call,Freedom Call,55RDuy7cQW2Dqrcz3Jjl6F,Crystal Empire,2001-01-22,319.280,False,spotify_artist_monthly_listeners,97053,"97,053",4.987008964384957,,60.0,middle_third_vs_final_balanced,within_final_balanced_middle_range,30091.0,4.478139338658135,3.2253165398291848,0.5088696257268222,,,,spotify_track_api_popularity,,,0,track,2026-07-24T08:36:00+00:00,Aysima Karçaaltıncaba,
recommended,weekly_recommendation,Week1_21July,1,Spotify,User1,1,experiment_results/Week1_21July/Spotify/User1/Week1_User1_spotify_metadata.csv,Week1-User1,0IPV7H00KADkCCZXwiGIv4,https://open.spotify.com/playlist/0IPV7H00KADkCCZXwiGIv4,26,0WTbXgGmirq6A9LfzHg2uA,https://open.spotify.com/track/0WTbXgGmirq6A9LfzHg2uA,The Cage,Sonata Arctica,5YeoQ1L71cXDMpSpqxOjfH,Winterheart's Guild,2002-01-01,275.440,False,spotify_artist_monthly_listeners,445224,"445,224",5.6485785671330895,,66.66666666666667,middle_third_vs_final_balanced,between_final_balanced_tier_ranges,30091.0,4.478139338658135,14.795919045561796,1.1704392284749545,,,,spotify_track_api_popularity,,,0,track,2026-07-24T08:36:00+00:00,Aysima Karçaaltıncaba,
recommended,weekly_recommendation,Week1_21July,1,Spotify,User1,1,experiment_results/Week1_21July/Spotify/User1/Week1_User1_spotify_metadata.csv,Week1-User1,0IPV7H00KADkCCZXwiGIv4,https://open.spotify.com/playlist/0IPV7H00KADkCCZXwiGIv4,27,6bKdh1YoDfUMe4mx8mZ3D1,https://open.spotify.com/track/6bKdh1YoDfUMe4mx8mZ3D1,Only Human,At Vance,4alZ73UZp90icEjdKjSIxw,Only Human,2002-02-25,315.693,False,spotify_artist_monthly_listeners,111103,"111,103",5.045725785906262,,63.333333333333336,middle_third_vs_final_balanced,within_final_balanced_middle_range,30091.0,4.478139338658135,3.6922335582067727,0.5675864472481269,,,,spotify_track_api_popularity,,,0,track,2026-07-24T08:36:00+00:00,Aysima Karçaaltıncaba,
recommended,weekly_recommendation,Week1_21July,1,Spotify,User1,1,experiment_results/Week1_21July/Spotify/User1/Week1_User1_spotify_metadata.csv,Week1-User1,0IPV7H00KADkCCZXwiGIv4,https://open.spotify.com/playlist/0IPV7H00KADkCCZXwiGIv4,28,2NCh5hwrluY1w5D3BxDXMq,https://open.spotify.com/track/2NCh5hwrluY1w5D3BxDXMq,Under Jolly Roger,Running Wild,7954VFaZClkL503srfV5PE,Under Jolly Roger,1987-01-01,282.560,False,spotify_artist_monthly_listeners,98617,"98,617",4.993951786845871,,60.0,middle_third_vs_final_balanced,within_final_balanced_middle_range,30091.0,4.478139338658135,3.27729221361869,0.5158124481877362,,,,spotify_track_api_popularity,,,0,track,2026-07-24T08:36:00+00:00,Aysima Karçaaltıncaba,
recommended,weekly_recommendation,Week1_21July,1,Spotify,User1,1,experiment_results/Week1_21July/Spotify/User1/Week1_User1_spotify_metadata.csv,Week1-User1,0IPV7H00KADkCCZXwiGIv4,https://open.spotify.com/playlist/0IPV7H00KADkCCZXwiGIv4,29,0rv2jIngnCbHoGEaFOIcwW,https://open.spotify.com/track/0rv2jIngnCbHoGEaFOIcwW,Hall of the Mountain King,Savatage,3N1B1g6JtIgd6ClRkzD4yT,Hall of the Mountain King (2011 Edition),1987,333.453,False,spotify_artist_monthly_listeners,382776,"382,776",5.582944699757049,,66.66666666666667,middle_third_vs_final_balanced,between_final_balanced_tier_ranges,30091.0,4.478139338658135,12.72061413711741,1.1048053610989141,,,,spotify_track_api_popularity,,,0,track,2026-07-24T08:36:00+00:00,Aysima Karçaaltıncaba,
recommended,weekly_recommendation,Week1_21July,1,Spotify,User1,1,experiment_results/Week1_21July/Spotify/User1/Week1_User1_spotify_metadata.csv,Week1-User1,0IPV7H00KADkCCZXwiGIv4,https://open.spotify.com/playlist/0IPV7H00KADkCCZXwiGIv4,30,4bUnDOBTWfvmUDePpdXQsx,https://open.spotify.com/track/4bUnDOBTWfvmUDePpdXQsx,Black Flag,Iced Earth,3KEixcRfBS5K3E91Vn1Kdy,Incorruptible,2017-06-16,296.640,False,spotify_artist_monthly_listeners,219161,"219,161",5.34076327339021,,66.66666666666667,middle_third_vs_final_balanced,between_final_balanced_tier_ranges,30091.0,4.478139338658135,7.283274068658403,0.862623934732075,,,,spotify_track_api_popularity,,,0,track,2026-07-24T08:36:00+00:00,Aysima Karçaaltıncaba,
recommended,weekly_recommendation,Week1_21July,1,Spotify,User2,2,experiment_results/Week1_21July/Spotify/User2/Week1_User2_spotify_metadata.csv,Week1-User2,0bhndvZnFWvJLWLAO4XSxD,https://open.spotify.com/playlist/0bhndvZnFWvJLWLAO4XSxD,1,4Bkov6Yhi63EFOZUNMKbtf,https://open.spotify.com/track/4Bkov6Yhi63EFOZUNMKbtf,Poltava,Sabaton,3o2dn2O0FCVsWDFSh8qxgG,Carolus Rex (Swedish),2012-05-25,243.293,False,spotify_artist_monthly_listeners,3115408,"3,115,408",6.493514930785041,,90.0,top_third_vs_final_balanced,within_final_balanced_high_range,30091.0,4.478139338658135,103.53288358645442,2.0153755921269063,,,,spotify_track_api_popularity,,,0,track,2026-07-24T08:36:00+00:00,Aysima Karçaaltıncaba,
recommended,weekly_recommendation,Week1_21July,1,Spotify,User2,2,experiment_results/Week1_21July/Spotify/User2/Week1_User2_spotify_metadata.csv,Week1-User2,0bhndvZnFWvJLWLAO4XSxD,https://open.spotify.com/playlist/0bhndvZnFWvJLWLAO4XSxD,2,0eV3PB3T0OxW4feG1DlOjQ,https://open.spotify.com/track/0eV3PB3T0OxW4feG1DlOjQ,Hearts on Fire,HammerFall,2o18h28enlHxj887tATc58,Crimson Thunder,2002-10-28,231.386,False,spotify_artist_monthly_listeners,858884,"858,884",5.93393451242058,,73.33333333333333,top_third_vs_final_balanced,within_final_balanced_high_range,30091.0,4.478139338658135,28.542886577381942,1.4557951737624446,,,,spotify_track_api_popularity,,,0,track,2026-07-24T08:36:00+00:00,Aysima Karçaaltıncaba,
recommended,weekly_recommendation,Week1_21July,1,Spotify,User2,2,experiment_results/Week1_21July/Spotify/User2/Week1_User2_spotify_metadata.csv,Week1-User2,0bhndvZnFWvJLWLAO4XSxD,https://open.spotify.com/playlist/0bhndvZnFWvJLWLAO4XSxD,3,4mJmi9z3o1B6k2vry39Ufh,https://open.spotify.com/track/4mJmi9z3o1B6k2vry39Ufh,Heavy Metal Never Dies,Iron Savior,6COmyouHXwCeIGS1IFd1PA,The Landing,2011-11-18,254.386,False,spotify_artist_monthly_listeners,57678,"57,678",4.761010192695719,,56.666666666666664,middle_third_vs_final_balanced,within_final_balanced_middle_range,30091.0,4.478139338658135,1.9167857498919942,0.2828708540375837,,,,spotify_track_api_popularity,,,0,track,2026-07-24T08:36:00+00:00,Aysima Karçaaltıncaba,
recommended,weekly_recommendation,Week1_21July,1,Spotify,User2,2,experiment_results/Week1_21July/Spotify/User2/Week1_User2_spotify_metadata.csv,Week1-User2,0bhndvZnFWvJLWLAO4XSxD,https://open.spotify.com/playlist/0bhndvZnFWvJLWLAO4XSxD,4,3hfgxj1PpTUUdgU0P8Nt7e,https://open.spotify.com/track/3hfgxj1PpTUUdgU0P8Nt7e,Down from the Mountain,Allen Lande,2hxa4ytcni5FUIK8IR27tX,The Great Divide,2014-10-17,246.295,False,spotify_artist_monthly_listeners,53997,"53,997",4.732369631681519,,56.666666666666664,middle_third_vs_final_balanced,within_final_balanced_middle_range,30091.0,4.478139338658135,1.794456814329866,0.25423029302338396,,,,spotify_track_api_popularity,,,0,track,2026-07-24T08:36:00+00:00,Aysima Karçaaltıncaba,
recommended,weekly_recommendation,Week1_21July,1,Spotify,User2,2,experiment_results/Week1_21July/Spotify/User2/Week1_User2_spotify_metadata.csv,Week1-User2,0bhndvZnFWvJLWLAO4XSxD,https://open.spotify.com/playlist/0bhndvZnFWvJLWLAO4XSxD,5,3HQVanEnLlPtywbJai0uiG,https://open.spotify.com/track/3HQVanEnLlPtywbJai0uiG,Hunting High And Low,Stratovarius,1O8CSXsPwEqxcoBE360PPO,Infinite,2000-03-28,248.666,False,spotify_artist_monthly_listeners,845438,"845,438",5.927081764216234,,73.33333333333333,top_third_vs_final_balanced,within_final_balanced_high_range,30091.0,4.478139338658135,28.09604200591539,1.4489424255580987,,,,spotify_track_api_popularity,,,0,track,2026-07-24T08:36:00+00:00,Aysima Karçaaltıncaba,
recommended,weekly_recommendation,Week1_21July,1,Spotify,User2,2,experiment_results/Week1_21July/Spotify/User2/Week1_User2_spotify_metadata.csv,Week1-User2,0bhndvZnFWvJLWLAO4XSxD,https://open.spotify.com/playlist/0bhndvZnFWvJLWLAO4XSxD,6,3OdsSVAdClWuGRF9ZKslLA,https://open.spotify.com/track/3OdsSVAdClWuGRF9ZKslLA,Valley of the Kings,Gamma Ray,6LZE884lDIsCSLHuTplfGp,Somewhere out in Space,1997-08-25,230.840,False,spotify_artist_monthly_listeners,170740,"170,740",5.232335277085655,,63.333333333333336,middle_third_vs_final_balanced,within_final_balanced_middle_range,30091.0,4.478139338658135,5.674121830447642,0.7541959384275199,,,,spotify_track_api_popularity,,,0,track,2026-07-24T08:36:00+00:00,Aysima Karçaaltıncaba,
recommended,weekly_recommendation,Week1_21July,1,Spotify,User2,2,experiment_results/Week1_21July/Spotify/User2/Week1_User2_spotify_metadata.csv,Week1-User2,0bhndvZnFWvJLWLAO4XSxD,https://open.spotify.com/playlist/0bhndvZnFWvJLWLAO4XSxD,7,09OnB8xeghs8FRnu4dJKmU,https://open.spotify.com/track/09OnB8xeghs8FRnu4dJKmU,Still Alive,Nocturnal Rites,0dSoaJ8iEP3aid30p18O2g,Grand Illusion,2006-07-13,242.626,False,spotify_artist_monthly_listeners,25447,"25,447",4.405636589806667,,40.0,middle_third_vs_final_balanced,within_final_balanced_middle_range,30091.0,4.478139338658135,0.8456681399754079,-0.07250274885146801,,,,spotify_track_api_popularity,,,0,track,2026-07-24T08:36:00+00:00,Aysima Karçaaltıncaba,
recommended,weekly_recommendation,Week1_21July,1,Spotify,User2,2,experiment_results/Week1_21July/Spotify/User2/Week1_User2_spotify_metadata.csv,Week1-User2,0bhndvZnFWvJLWLAO4XSxD,https://open.spotify.com/playlist/0bhndvZnFWvJLWLAO4XSxD,8,0V2Jge35CQn1Hc9hNBmdbm,https://open.spotify.com/track/0V2Jge35CQn1Hc9hNBmdbm,The End Is Near,Primal Fear,1yfiDL3YUEJlQCgb5Pun6g,Rulebreaker,2016-01-29,266.964,False,spotify_artist_monthly_listeners,105691,"105,691",5.024038007016501,,60.0,middle_third_vs_final_balanced,within_final_balanced_middle_range,30091.0,4.478139338658135,3.512379116679406,0.5458986683583662,,,,spotify_track_api_popularity,,,0,track,2026-07-24T08:36:00+00:00,Aysima Karçaaltıncaba,
recommended,weekly_recommendation,Week1_21July,1,Spotify,User2,2,experiment_results/Week1_21July/Spotify/User2/Week1_User2_spotify_metadata.csv,Week1-User2,0bhndvZnFWvJLWLAO4XSxD,https://open.spotify.com/playlist/0bhndvZnFWvJLWLAO4XSxD,9,02A6THLfQXvqrx9IEMkQfJ,https://open.spotify.com/track/02A6THLfQXvqrx9IEMkQfJ,Out of Control,Battle Beast,7k5jeohQCF20a8foBD9ize,Battle Beast,2013-05-17,227.280,False,spotify_artist_monthly_listeners,586305,"586,305",5.768123597857235,,70.0,top_third_vs_final_balanced,within_final_balanced_high_range,30091.0,4.478139338658135,19.48439732810475,1.2899842591991,,,,spotify_track_api_popularity,,,0,track,2026-07-24T08:36:00+00:00,Aysima Karçaaltıncaba,
recommended,weekly_recommendation,Week1_21July,1,Spotify,User2,2,experiment_results/Week1_21July/Spotify/User2/Week1_User2_spotify_metadata.csv,Week1-User2,0bhndvZnFWvJLWLAO4XSxD,https://open.spotify.com/playlist/0bhndvZnFWvJLWLAO4XSxD,10,07Vk1JPd5MgBJxdrMpnLNh,https://open.spotify.com/track/07Vk1JPd5MgBJxdrMpnLNh,The Book of Heavy Metal (March of the Metallians),Dream Evil,1bkf8u8ot6vEpWTJFBzKZB,The Book of Heavy Metal,2004-07-13,325.800,False,spotify_artist_monthly_listeners,167499,"167,499",5.2240122185622475,,63.333333333333336,middle_third_vs_final_balanced,within_final_balanced_middle_range,30091.0,4.478139338658135,5.566415207204812,0.7458728799041126,,,,spotify_track_api_popularity,,,0,track,2026-07-24T08:36:00+00:00,Aysima Karçaaltıncaba,
recommended,weekly_recommendation,Week1_21July,1,Spotify,User2,2,experiment_results/Week1_21July/Spotify/User2/Week1_User2_spotify_metadata.csv,Week1-User2,0bhndvZnFWvJLWLAO4XSxD,https://open.spotify.com/playlist/0bhndvZnFWvJLWLAO4XSxD,11,4gFhLQA90CAFuS0Ma8aIiX,https://open.spotify.com/track/4gFhLQA90CAFuS0Ma8aIiX,Mirror Mirror - Remastered 2007,Blind Guardian,7jxJ25p0pPjk0MStloN6o6,Nightfall in Middle Earth (Remastered 2007),1998-04-28,306.013,False,spotify_artist_monthly_listeners,594132,"594,132",5.7738829441443285,,70.0,top_third_vs_final_balanced,within_final_balanced_high_range,30091.0,4.478139338658135,19.744508324748264,1.2957436054861935,,,,spotify_track_api_popularity,,,0,track,2026-07-24T08:36:00+00:00,Aysima Karçaaltıncaba,
recommended,weekly_recommendation,Week1_21July,1,Spotify,User2,2,experiment_results/Week1_21July/Spotify/User2/Week1_User2_spotify_metadata.csv,Week1-User2,0bhndvZnFWvJLWLAO4XSxD,https://open.spotify.com/playlist/0bhndvZnFWvJLWLAO4XSxD,12,3wQ21R3XstgLG4W0TX0Iue,https://open.spotify.com/track/3wQ21R3XstgLG4W0TX0Iue,Mr. Torture,Helloween,4pQN0GB0fNEEOfQCaWotsY,The Dark Ride (Special Edition),2013-12-06,207.933,False,spotify_artist_monthly_listeners,1429906,"1,429,906",6.155307488497848,,80.0,top_third_vs_final_balanced,within_final_balanced_high_range,30091.0,4.478139338658135,47.51939118008707,1.677168149839713,,,,spotify_track_api_popularity,,,0,track,2026-07-24T08:36:00+00:00,Aysima Karçaaltıncaba,
recommended,weekly_recommendation,Week1_21July,1,Spotify,User2,2,experiment_results/Week1_21July/Spotify/User2/Week1_User2_spotify_metadata.csv,Week1-User2,0bhndvZnFWvJLWLAO4XSxD,https://open.spotify.com/playlist/0bhndvZnFWvJLWLAO4XSxD,13,3tuCmmn6JmRXPln2Zt7KyI,https://open.spotify.com/track/3tuCmmn6JmRXPln2Zt7KyI,Brothers Of Metal (Part 1),Manowar,4CzUzn54Cp9TQr6a7JIlMZ,Louder Than Hell,1996-01-01,234.640,False,spotify_artist_monthly_listeners,1035240,"1,035,240",6.015041044085505,,73.33333333333333,top_third_vs_final_balanced,within_final_balanced_high_range,30091.0,4.478139338658135,34.40364228506863,1.5369017054273701,,,,spotify_track_api_popularity,,,0,track,2026-07-24T08:36:00+00:00,Aysima Karçaaltıncaba,
recommended,weekly_recommendation,Week1_21July,1,Spotify,User2,2,experiment_results/Week1_21July/Spotify/User2/Week1_User2_spotify_metadata.csv,Week1-User2,0bhndvZnFWvJLWLAO4XSxD,https://open.spotify.com/playlist/0bhndvZnFWvJLWLAO4XSxD,14,4wEtmW6jIuPQ8NTYHbkOGm,https://open.spotify.com/track/4wEtmW6jIuPQ8NTYHbkOGm,King of Fools,Edguy,3AGFqPP3gt5rMSvhR87Xxu,The Singles,2008-11-14,215.320,False,spotify_artist_monthly_listeners,290277,"290,277",5.462812626018371,,66.66666666666667,middle_third_vs_final_balanced,between_final_balanced_tier_ranges,30091.0,4.478139338658135,9.64663852979296,0.984673287360236,,,,spotify_track_api_popularity,,,0,track,2026-07-24T08:36:00+00:00,Aysima Karçaaltıncaba,
recommended,weekly_recommendation,Week1_21July,1,Spotify,User2,2,experiment_results/Week1_21July/Spotify/User2/Week1_User2_spotify_metadata.csv,Week1-User2,0bhndvZnFWvJLWLAO4XSxD,https://open.spotify.com/playlist/0bhndvZnFWvJLWLAO4XSxD,15,2x9DbLmcA7V3OZQHSq7I4L,https://open.spotify.com/track/2x9DbLmcA7V3OZQHSq7I4L,"Silent Night, Bodom Night",Children Of Bodom,1xUhNgw4eJDZfvumIpcz1B,Hatebreeder,1999-05-03,192.760,False,spotify_artist_monthly_listeners,758547,"758,547",5.8799824950875115,,73.33333333333333,top_third_vs_final_balanced,within_final_balanced_high_range,30091.0,4.478139338658135,25.208434415605996,1.4018431564293765,,,,spotify_track_api_popularity,,,0,track,2026-07-24T08:36:00+00:00,Aysima Karçaaltıncaba,
recommended,weekly_recommendation,Week1_21July,1,Spotify,User2,2,experiment_results/Week1_21July/Spotify/User2/Week1_User2_spotify_metadata.csv,Week1-User2,0bhndvZnFWvJLWLAO4XSxD,https://open.spotify.com/playlist/0bhndvZnFWvJLWLAO4XSxD,16,1BaJ4KLFgnveSRGKBwRWve,https://open.spotify.com/track/1BaJ4KLFgnveSRGKBwRWve,Heroes,Masterplan,1OHNvr18TssBKYK0A75yvx,Masterplan,2003-01-20,213.573,False,spotify_artist_monthly_listeners,184836,"184,836",5.266786561465773,,63.333333333333336,middle_third_vs_final_balanced,within_final_balanced_middle_range,30091.0,4.478139338658135,6.142567545113157,0.7886472228076382,,,,spotify_track_api_popularity,,,0,track,2026-07-24T08:36:00+00:00,Aysima Karçaaltıncaba,
recommended,weekly_recommendation,Week1_21July,1,Spotify,User2,2,experiment_results/Week1_21July/Spotify/User2/Week1_User2_spotify_metadata.csv,Week1-User2,0bhndvZnFWvJLWLAO4XSxD,https://open.spotify.com/playlist/0bhndvZnFWvJLWLAO4XSxD,17,5oJE6PFEhiRnY7SCspZF4k,https://open.spotify.com/track/5oJE6PFEhiRnY7SCspZF4k,Freedom Call,Freedom Call,55RDuy7cQW2Dqrcz3Jjl6F,Crystal Empire,2001-01-22,319.280,False,spotify_artist_monthly_listeners,97053,"97,053",4.987008964384957,,60.0,middle_third_vs_final_balanced,within_final_balanced_middle_range,30091.0,4.478139338658135,3.2253165398291848,0.5088696257268222,,,,spotify_track_api_popularity,,,0,track,2026-07-24T08:36:00+00:00,Aysima Karçaaltıncaba,
recommended,weekly_recommendation,Week1_21July,1,Spotify,User2,2,experiment_results/Week1_21July/Spotify/User2/Week1_User2_spotify_metadata.csv,Week1-User2,0bhndvZnFWvJLWLAO4XSxD,https://open.spotify.com/playlist/0bhndvZnFWvJLWLAO4XSxD,18,1P5B3ARqjPkB9yCNPZq9jV,https://open.spotify.com/track/1P5B3ARqjPkB9yCNPZq9jV,Rebellion (The Clans Are Marching) - Remastered Version,Grave Digger,6mfghV4I1CD17FOhDKq7cJ,Tunes Of War (Remastered 2006),1996,244.760,False,spotify_artist_monthly_listeners,74393,"74,393",4.871532072583568,,60.0,middle_third_vs_final_balanced,within_final_balanced_middle_range,30091.0,4.478139338658135,2.472267455385331,0.39339273392543284,,,,spotify_track_api_popularity,,,0,track,2026-07-24T08:36:00+00:00,Aysima Karçaaltıncaba,
recommended,weekly_recommendation,Week1_21July,1,Spotify,User2,2,experiment_results/Week1_21July/Spotify/User2/Week1_User2_spotify_metadata.csv,Week1-User2,0bhndvZnFWvJLWLAO4XSxD,https://open.spotify.com/playlist/0bhndvZnFWvJLWLAO4XSxD,19,7aYO9WJaSC8m7YpT0bM5Ke,https://open.spotify.com/track/7aYO9WJaSC8m7YpT0bM5Ke,In My Sword I Trust,Ensiferum,0krXCIkthz13P8o0v2tksH,Unsung Heroes (Japan Version),2012-01-01,320.426,False,spotify_artist_monthly_listeners,193731,"193,731",5.287199120211757,,63.333333333333336,middle_third_vs_final_balanced,within_final_balanced_middle_range,30091.0,4.478139338658135,6.438170881658968,0.8090597815536222,,,,spotify_track_api_popularity,,,0,track,2026-07-24T08:36:00+00:00,Aysima Karçaaltıncaba,
recommended,weekly_recommendation,Week1_21July,1,Spotify,User2,2,experiment_results/Week1_21July/Spotify/User2/Week1_User2_spotify_metadata.csv,Week1-User2,0bhndvZnFWvJLWLAO4XSxD,https://open.spotify.com/playlist/0bhndvZnFWvJLWLAO4XSxD,20,2rV29Dueq15Cq4IyFgINDL,https://open.spotify.com/track/2rV29Dueq15Cq4IyFgINDL,Set This World on Fire,Rage,5TJVsWPUaJxBxWfVZQEt2x,Unity,2002-03-13,306.146,False,spotify_artist_monthly_listeners,92170,"92,170",4.964589587489903,,60.0,middle_third_vs_final_balanced,within_final_balanced_middle_range,30091.0,4.478139338658135,3.063042105612974,0.48645024883176813,,,,spotify_track_api_popularity,,,0,track,2026-07-24T08:36:00+00:00,Aysima Karçaaltıncaba,
recommended,weekly_recommendation,Week1_21July,1,Spotify,User2,2,experiment_results/Week1_21July/Spotify/User2/Week1_User2_spotify_metadata.csv,Week1-User2,0bhndvZnFWvJLWLAO4XSxD,https://open.spotify.com/playlist/0bhndvZnFWvJLWLAO4XSxD,21,0WTbXgGmirq6A9LfzHg2uA,https://open.spotify.com/track/0WTbXgGmirq6A9LfzHg2uA,The Cage,Sonata Arctica,5YeoQ1L71cXDMpSpqxOjfH,Winterheart's Guild,2002-01-01,275.440,False,spotify_artist_monthly_listeners,445224,"445,224",5.6485785671330895,,66.66666666666667,middle_third_vs_final_balanced,between_final_balanced_tier_ranges,30091.0,4.478139338658135,14.795919045561796,1.1704392284749545,,,,spotify_track_api_popularity,,,0,track,2026-07-24T08:36:00+00:00,Aysima Karçaaltıncaba,
recommended,weekly_recommendation,Week1_21July,1,Spotify,User2,2,experiment_results/Week1_21July/Spotify/User2/Week1_User2_spotify_metadata.csv,Week1-User2,0bhndvZnFWvJLWLAO4XSxD,https://open.spotify.com/playlist/0bhndvZnFWvJLWLAO4XSxD,22,6ruhOxyV98u0nHjd4bX5KM,https://open.spotify.com/track/6ruhOxyV98u0nHjd4bX5KM,Your Time Has Come,Unisonic,3DDcmHnwKjM4sQ8qm34JMU,Light of Dawn,2014-08-01,303.493,False,spotify_artist_monthly_listeners,28965,"28,965",4.461873532835076,,46.666666666666664,middle_third_vs_final_balanced,within_final_balanced_middle_range,30091.0,4.478139338658135,0.9625801734737961,-0.0162658058230587,,,,spotify_track_api_popularity,,,0,track,2026-07-24T08:36:00+00:00,Aysima Karçaaltıncaba,
recommended,weekly_recommendation,Week1_21July,1,Spotify,User2,2,experiment_results/Week1_21July/Spotify/User2/Week1_User2_spotify_metadata.csv,Week1-User2,0bhndvZnFWvJLWLAO4XSxD,https://open.spotify.com/playlist/0bhndvZnFWvJLWLAO4XSxD,23,7LYxaN0EpwhRoheZ3eySLw,https://open.spotify.com/track/7LYxaN0EpwhRoheZ3eySLw,Princess of the Night - 2009 Remaster,Saxon,71vVmHeNgCVSa5SVmfvscU,Denim and Leather (2009 Remaster),1981,242.573,False,spotify_artist_monthly_listeners,460312,"460,312",5.663052296783724,,66.66666666666667,middle_third_vs_final_balanced,between_final_balanced_tier_ranges,30091.0,4.478139338658135,15.297331428001728,1.1849129581255893,,,,spotify_track_api_popularity,,,0,track,2026-07-24T08:36:00+00:00,Aysima Karçaaltıncaba,
recommended,weekly_recommendation,Week1_21July,1,Spotify,User2,2,experiment_results/Week1_21July/Spotify/User2/Week1_User2_spotify_metadata.csv,Week1-User2,0bhndvZnFWvJLWLAO4XSxD,https://open.spotify.com/playlist/0bhndvZnFWvJLWLAO4XSxD,24,6QYNj3zXz2aZCqH7QHuA6W,https://open.spotify.com/track/6QYNj3zXz2aZCqH7QHuA6W,Bad to the Bone,Running Wild,7954VFaZClkL503srfV5PE,Running Wild - 20 Years In History,2003-02-22,286.053,False,spotify_artist_monthly_listeners,98617,"98,617",4.993951786845871,,60.0,middle_third_vs_final_balanced,within_final_balanced_middle_range,30091.0,4.478139338658135,3.27729221361869,0.5158124481877362,,,,spotify_track_api_popularity,,,0,track,2026-07-24T08:36:00+00:00,Aysima Karçaaltıncaba,
recommended,weekly_recommendation,Week1_21July,1,Spotify,User2,2,experiment_results/Week1_21July/Spotify/User2/Week1_User2_spotify_metadata.csv,Week1-User2,0bhndvZnFWvJLWLAO4XSxD,https://open.spotify.com/playlist/0bhndvZnFWvJLWLAO4XSxD,25,4bUnDOBTWfvmUDePpdXQsx,https://open.spotify.com/track/4bUnDOBTWfvmUDePpdXQsx,Black Flag,Iced Earth,3KEixcRfBS5K3E91Vn1Kdy,Incorruptible,2017-06-16,296.640,False,spotify_artist_monthly_listeners,219161,"219,161",5.34076327339021,,66.66666666666667,middle_third_vs_final_balanced,between_final_balanced_tier_ranges,30091.0,4.478139338658135,7.283274068658403,0.862623934732075,,,,spotify_track_api_popularity,,,0,track,2026-07-24T08:36:00+00:00,Aysima Karçaaltıncaba,
recommended,weekly_recommendation,Week1_21July,1,Spotify,User2,2,experiment_results/Week1_21July/Spotify/User2/Week1_User2_spotify_metadata.csv,Week1-User2,0bhndvZnFWvJLWLAO4XSxD,https://open.spotify.com/playlist/0bhndvZnFWvJLWLAO4XSxD,26,1NQCQj6x94ZBEPSODneBHw,https://open.spotify.com/track/1NQCQj6x94ZBEPSODneBHw,The Village of Dwarves,Rhapsody,0zQfrabOFYf36Ikb6PXcCY,Dawn of Victory,2000,232.173,False,spotify_artist_monthly_listeners,368660,"368,660",5.566626018751573,,66.66666666666667,middle_third_vs_final_balanced,between_final_balanced_tier_ranges,30091.0,4.478139338658135,12.251503771891928,1.088486680093438,,,,spotify_track_api_popularity,,,0,track,2026-07-24T08:36:00+00:00,Aysima Karçaaltıncaba,
recommended,weekly_recommendation,Week1_21July,1,Spotify,User2,2,experiment_results/Week1_21July/Spotify/User2/Week1_User2_spotify_metadata.csv,Week1-User2,0bhndvZnFWvJLWLAO4XSxD,https://open.spotify.com/playlist/0bhndvZnFWvJLWLAO4XSxD,27,7ACH45QQtgGPFzWJbiirXN,https://open.spotify.com/track/7ACH45QQtgGPFzWJbiirXN,Rain of Fury,Rhapsody Of Fire,3IjLXN4eSksdGj8uDE4Jm1,The Eighth Mountain,2019-02-22,249.386,False,spotify_artist_monthly_listeners,239721,"239,721",5.379706080694629,,66.66666666666667,middle_third_vs_final_balanced,between_final_balanced_tier_ranges,30091.0,4.478139338658135,7.966534844305606,0.9015667420364943,,,,spotify_track_api_popularity,,,0,track,2026-07-24T08:36:00+00:00,Aysima Karçaaltıncaba,
recommended,weekly_recommendation,Week1_21July,1,Spotify,User2,2,experiment_results/Week1_21July/Spotify/User2/Week1_User2_spotify_metadata.csv,Week1-User2,0bhndvZnFWvJLWLAO4XSxD,https://open.spotify.com/playlist/0bhndvZnFWvJLWLAO4XSxD,28,31BIfWawTAEnp8KsAasy13,https://open.spotify.com/track/31BIfWawTAEnp8KsAasy13,Mindtraveller,Falconer,1UKdnbreQFDmPg3Mhcjhkr,Falconer,2001-05-08,345.573,False,spotify_artist_monthly_listeners,49330,"49,330",4.693111115462141,,56.666666666666664,middle_third_vs_final_balanced,within_final_balanced_middle_range,30091.0,4.478139338658135,1.6393606061613106,0.21497177680400625,,,,spotify_track_api_popularity,,,0,track,2026-07-24T08:36:00+00:00,Aysima Karçaaltıncaba,
recommended,weekly_recommendation,Week1_21July,1,Spotify,User2,2,experiment_results/Week1_21July/Spotify/User2/Week1_User2_spotify_metadata.csv,Week1-User2,0bhndvZnFWvJLWLAO4XSxD,https://open.spotify.com/playlist/0bhndvZnFWvJLWLAO4XSxD,29,4i3L5DHB4W2CzKtaUdeDkC,https://open.spotify.com/track/4i3L5DHB4W2CzKtaUdeDkC,Wings of Steel,Wings of Steel,0y43lCvntQtyFlhCABGb0T,Wings of Steel,2022-03-11,203.546,False,spotify_artist_monthly_listeners,50778,"50,778",4.7056755912586725,,56.666666666666664,middle_third_vs_final_balanced,within_final_balanced_middle_range,30091.0,4.478139338658135,1.687481306703001,0.22753625260053756,,,,spotify_track_api_popularity,,,0,track,2026-07-24T08:36:00+00:00,Aysima Karçaaltıncaba,
recommended,weekly_recommendation,Week1_21July,1,Spotify,User2,2,experiment_results/Week1_21July/Spotify/User2/Week1_User2_spotify_metadata.csv,Week1-User2,0bhndvZnFWvJLWLAO4XSxD,https://open.spotify.com/playlist/0bhndvZnFWvJLWLAO4XSxD,30,0ASc6EqyR29pOrdrkpzYHq,https://open.spotify.com/track/0ASc6EqyR29pOrdrkpzYHq,Lost in Your Eyes,Heavenly,7j3etSXgd9ZLYIUW7KWnpd,Carpe Diem,2009-12-18,228.464,False,spotify_artist_monthly_listeners,69375,"69,375",4.841202996130733,,60.0,middle_third_vs_final_balanced,within_final_balanced_middle_range,30091.0,4.478139338658135,2.3055066298893356,0.3630636574725976,,,,spotify_track_api_popularity,,,0,track,2026-07-24T08:36:00+00:00,Aysima Karçaaltıncaba,
recommended,weekly_recommendation,Week1_21July,1,Spotify,User3,3,experiment_results/Week1_21July/Spotify/User3/Week1_User3_spotify_metadata.csv,Week1-User3,73b83d4fpud64FLpYqCGjD,https://open.spotify.com/playlist/73b83d4fpud64FLpYqCGjD,1,1MoEyYsa9Y0FvApwLskO1l,https://open.spotify.com/track/1MoEyYsa9Y0FvApwLskO1l,Ghost Division,Sabaton,3o2dn2O0FCVsWDFSh8qxgG,The Art of War (Re-Armed),2010-09-24,231.186,False,spotify_artist_monthly_listeners,3115408,"3,115,408",6.493514930785041,,90.0,top_third_vs_final_balanced,within_final_balanced_high_range,30091.0,4.478139338658135,103.53288358645442,2.0153755921269063,,,,spotify_track_api_popularity,,,0,track,2026-07-24T08:36:00+00:00,Aysima Karçaaltıncaba,
recommended,weekly_recommendation,Week1_21July,1,Spotify,User3,3,experiment_results/Week1_21July/Spotify/User3/Week1_User3_spotify_metadata.csv,Week1-User3,73b83d4fpud64FLpYqCGjD,https://open.spotify.com/playlist/73b83d4fpud64FLpYqCGjD,2,3HQVanEnLlPtywbJai0uiG,https://open.spotify.com/track/3HQVanEnLlPtywbJai0uiG,Hunting High And Low,Stratovarius,1O8CSXsPwEqxcoBE360PPO,Infinite,2000-03-28,248.666,False,spotify_artist_monthly_listeners,845438,"845,438",5.927081764216234,,73.33333333333333,top_third_vs_final_balanced,within_final_balanced_high_range,30091.0,4.478139338658135,28.09604200591539,1.4489424255580987,,,,spotify_track_api_popularity,,,0,track,2026-07-24T08:36:00+00:00,Aysima Karçaaltıncaba,
recommended,weekly_recommendation,Week1_21July,1,Spotify,User3,3,experiment_results/Week1_21July/Spotify/User3/Week1_User3_spotify_metadata.csv,Week1-User3,73b83d4fpud64FLpYqCGjD,https://open.spotify.com/playlist/73b83d4fpud64FLpYqCGjD,3,4mJmi9z3o1B6k2vry39Ufh,https://open.spotify.com/track/4mJmi9z3o1B6k2vry39Ufh,Heavy Metal Never Dies,Iron Savior,6COmyouHXwCeIGS1IFd1PA,The Landing,2011-11-18,254.386,False,spotify_artist_monthly_listeners,57678,"57,678",4.761010192695719,,56.666666666666664,middle_third_vs_final_balanced,within_final_balanced_middle_range,30091.0,4.478139338658135,1.9167857498919942,0.2828708540375837,,,,spotify_track_api_popularity,,,0,track,2026-07-24T08:36:00+00:00,Aysima Karçaaltıncaba,
recommended,weekly_recommendation,Week1_21July,1,Spotify,User3,3,experiment_results/Week1_21July/Spotify/User3/Week1_User3_spotify_metadata.csv,Week1-User3,73b83d4fpud64FLpYqCGjD,https://open.spotify.com/playlist/73b83d4fpud64FLpYqCGjD,4,3hfgxj1PpTUUdgU0P8Nt7e,https://open.spotify.com/track/3hfgxj1PpTUUdgU0P8Nt7e,Down from the Mountain,Allen Lande,2hxa4ytcni5FUIK8IR27tX,The Great Divide,2014-10-17,246.295,False,spotify_artist_monthly_listeners,53997,"53,997",4.732369631681519,,56.666666666666664,middle_third_vs_final_balanced,within_final_balanced_middle_range,30091.0,4.478139338658135,1.794456814329866,0.25423029302338396,,,,spotify_track_api_popularity,,,0,track,2026-07-24T08:36:00+00:00,Aysima Karçaaltıncaba,
recommended,weekly_recommendation,Week1_21July,1,Spotify,User3,3,experiment_results/Week1_21July/Spotify/User3/Week1_User3_spotify_metadata.csv,Week1-User3,73b83d4fpud64FLpYqCGjD,https://open.spotify.com/playlist/73b83d4fpud64FLpYqCGjD,5,09OnB8xeghs8FRnu4dJKmU,https://open.spotify.com/track/09OnB8xeghs8FRnu4dJKmU,Still Alive,Nocturnal Rites,0dSoaJ8iEP3aid30p18O2g,Grand Illusion,2006-07-13,242.626,False,spotify_artist_monthly_listeners,25447,"25,447",4.405636589806667,,40.0,middle_third_vs_final_balanced,within_final_balanced_middle_range,30091.0,4.478139338658135,0.8456681399754079,-0.07250274885146801,,,,spotify_track_api_popularity,,,0,track,2026-07-24T08:36:00+00:00,Aysima Karçaaltıncaba,
recommended,weekly_recommendation,Week1_21July,1,Spotify,User3,3,experiment_results/Week1_21July/Spotify/User3/Week1_User3_spotify_metadata.csv,Week1-User3,73b83d4fpud64FLpYqCGjD,https://open.spotify.com/playlist/73b83d4fpud64FLpYqCGjD,6,0V2Jge35CQn1Hc9hNBmdbm,https://open.spotify.com/track/0V2Jge35CQn1Hc9hNBmdbm,The End Is Near,Primal Fear,1yfiDL3YUEJlQCgb5Pun6g,Rulebreaker,2016-01-29,266.964,False,spotify_artist_monthly_listeners,105691,"105,691",5.024038007016501,,60.0,middle_third_vs_final_balanced,within_final_balanced_middle_range,30091.0,4.478139338658135,3.512379116679406,0.5458986683583662,,,,spotify_track_api_popularity,,,0,track,2026-07-24T08:36:00+00:00,Aysima Karçaaltıncaba,
recommended,weekly_recommendation,Week1_21July,1,Spotify,User3,3,experiment_results/Week1_21July/Spotify/User3/Week1_User3_spotify_metadata.csv,Week1-User3,73b83d4fpud64FLpYqCGjD,https://open.spotify.com/playlist/73b83d4fpud64FLpYqCGjD,7,3OdsSVAdClWuGRF9ZKslLA,https://open.spotify.com/track/3OdsSVAdClWuGRF9ZKslLA,Valley of the Kings,Gamma Ray,6LZE884lDIsCSLHuTplfGp,Somewhere out in Space,1997-08-25,230.840,False,spotify_artist_monthly_listeners,170740,"170,740",5.232335277085655,,63.333333333333336,middle_third_vs_final_balanced,within_final_balanced_middle_range,30091.0,4.478139338658135,5.674121830447642,0.7541959384275199,,,,spotify_track_api_popularity,,,0,track,2026-07-24T08:36:00+00:00,Aysima Karçaaltıncaba,
recommended,weekly_recommendation,Week1_21July,1,Spotify,User3,3,experiment_results/Week1_21July/Spotify/User3/Week1_User3_spotify_metadata.csv,Week1-User3,73b83d4fpud64FLpYqCGjD,https://open.spotify.com/playlist/73b83d4fpud64FLpYqCGjD,8,4wEtmW6jIuPQ8NTYHbkOGm,https://open.spotify.com/track/4wEtmW6jIuPQ8NTYHbkOGm,King of Fools,Edguy,3AGFqPP3gt5rMSvhR87Xxu,The Singles,2008-11-14,215.320,False,spotify_artist_monthly_listeners,290277,"290,277",5.462812626018371,,66.66666666666667,middle_third_vs_final_balanced,between_final_balanced_tier_ranges,30091.0,4.478139338658135,9.64663852979296,0.984673287360236,,,,spotify_track_api_popularity,,,0,track,2026-07-24T08:36:00+00:00,Aysima Karçaaltıncaba,
recommended,weekly_recommendation,Week1_21July,1,Spotify,User3,3,experiment_results/Week1_21July/Spotify/User3/Week1_User3_spotify_metadata.csv,Week1-User3,73b83d4fpud64FLpYqCGjD,https://open.spotify.com/playlist/73b83d4fpud64FLpYqCGjD,9,2x9DbLmcA7V3OZQHSq7I4L,https://open.spotify.com/track/2x9DbLmcA7V3OZQHSq7I4L,"Silent Night, Bodom Night",Children Of Bodom,1xUhNgw4eJDZfvumIpcz1B,Hatebreeder,1999-05-03,192.760,False,spotify_artist_monthly_listeners,758547,"758,547",5.8799824950875115,,73.33333333333333,top_third_vs_final_balanced,within_final_balanced_high_range,30091.0,4.478139338658135,25.208434415605996,1.4018431564293765,,,,spotify_track_api_popularity,,,0,track,2026-07-24T08:36:00+00:00,Aysima Karçaaltıncaba,
recommended,weekly_recommendation,Week1_21July,1,Spotify,User3,3,experiment_results/Week1_21July/Spotify/User3/Week1_User3_spotify_metadata.csv,Week1-User3,73b83d4fpud64FLpYqCGjD,https://open.spotify.com/playlist/73b83d4fpud64FLpYqCGjD,10,02A6THLfQXvqrx9IEMkQfJ,https://open.spotify.com/track/02A6THLfQXvqrx9IEMkQfJ,Out of Control,Battle Beast,7k5jeohQCF20a8foBD9ize,Battle Beast,2013-05-17,227.280,False,spotify_artist_monthly_listeners,586305,"586,305",5.768123597857235,,70.0,top_third_vs_final_balanced,within_final_balanced_high_range,30091.0,4.478139338658135,19.48439732810475,1.2899842591991,,,,spotify_track_api_popularity,,,0,track,2026-07-24T08:36:00+00:00,Aysima Karçaaltıncaba,
recommended,weekly_recommendation,Week1_21July,1,Spotify,User3,3,experiment_results/Week1_21July/Spotify/User3/Week1_User3_spotify_metadata.csv,Week1-User3,73b83d4fpud64FLpYqCGjD,https://open.spotify.com/playlist/73b83d4fpud64FLpYqCGjD,11,1BaJ4KLFgnveSRGKBwRWve,https://open.spotify.com/track/1BaJ4KLFgnveSRGKBwRWve,Heroes,Masterplan,1OHNvr18TssBKYK0A75yvx,Masterplan,2003-01-20,213.573,False,spotify_artist_monthly_listeners,184836,"184,836",5.266786561465773,,63.333333333333336,middle_third_vs_final_balanced,within_final_balanced_middle_range,30091.0,4.478139338658135,6.142567545113157,0.7886472228076382,,,,spotify_track_api_popularity,,,0,track,2026-07-24T08:36:00+00:00,Aysima Karçaaltıncaba,
recommended,weekly_recommendation,Week1_21July,1,Spotify,User3,3,experiment_results/Week1_21July/Spotify/User3/Week1_User3_spotify_metadata.csv,Week1-User3,73b83d4fpud64FLpYqCGjD,https://open.spotify.com/playlist/73b83d4fpud64FLpYqCGjD,12,1rfztlEkSrTzBbHz7xRC29,https://open.spotify.com/track/1rfztlEkSrTzBbHz7xRC29,Back for More,Pyramaze,23jSIm8VfKV2HaQJtfR3PK,Disciples of the Sun,2015-05-22,262.320,False,spotify_artist_monthly_listeners,28922,"28,922",4.46122832178055,,46.666666666666664,middle_third_vs_final_balanced,within_final_balanced_middle_range,30091.0,4.478139338658135,0.9611511747698648,-0.016911016877585006,,,,spotify_track_api_popularity,,,0,track,2026-07-24T08:36:00+00:00,Aysima Karçaaltıncaba,
recommended,weekly_recommendation,Week1_21July,1,Spotify,User3,3,experiment_results/Week1_21July/Spotify/User3/Week1_User3_spotify_metadata.csv,Week1-User3,73b83d4fpud64FLpYqCGjD,https://open.spotify.com/playlist/73b83d4fpud64FLpYqCGjD,13,1P5B3ARqjPkB9yCNPZq9jV,https://open.spotify.com/track/1P5B3ARqjPkB9yCNPZq9jV,Rebellion (The Clans Are Marching) - Remastered Version,Grave Digger,6mfghV4I1CD17FOhDKq7cJ,Tunes Of War (Remastered 2006),1996,244.760,False,spotify_artist_monthly_listeners,74393,"74,393",4.871532072583568,,60.0,middle_third_vs_final_balanced,within_final_balanced_middle_range,30091.0,4.478139338658135,2.472267455385331,0.39339273392543284,,,,spotify_track_api_popularity,,,0,track,2026-07-24T08:36:00+00:00,Aysima Karçaaltıncaba,
recommended,weekly_recommendation,Week1_21July,1,Spotify,User3,3,experiment_results/Week1_21July/Spotify/User3/Week1_User3_spotify_metadata.csv,Week1-User3,73b83d4fpud64FLpYqCGjD,https://open.spotify.com/playlist/73b83d4fpud64FLpYqCGjD,14,4gFhLQA90CAFuS0Ma8aIiX,https://open.spotify.com/track/4gFhLQA90CAFuS0Ma8aIiX,Mirror Mirror - Remastered 2007,Blind Guardian,7jxJ25p0pPjk0MStloN6o6,Nightfall in Middle Earth (Remastered 2007),1998-04-28,306.013,False,spotify_artist_monthly_listeners,594132,"594,132",5.7738829441443285,,70.0,top_third_vs_final_balanced,within_final_balanced_high_range,30091.0,4.478139338658135,19.744508324748264,1.2957436054861935,,,,spotify_track_api_popularity,,,0,track,2026-07-24T08:36:00+00:00,Aysima Karçaaltıncaba,
recommended,weekly_recommendation,Week1_21July,1,Spotify,User3,3,experiment_results/Week1_21July/Spotify/User3/Week1_User3_spotify_metadata.csv,Week1-User3,73b83d4fpud64FLpYqCGjD,https://open.spotify.com/playlist/73b83d4fpud64FLpYqCGjD,15,5oJE6PFEhiRnY7SCspZF4k,https://open.spotify.com/track/5oJE6PFEhiRnY7SCspZF4k,Freedom Call,Freedom Call,55RDuy7cQW2Dqrcz3Jjl6F,Crystal Empire,2001-01-22,319.280,False,spotify_artist_monthly_listeners,97053,"97,053",4.987008964384957,,60.0,middle_third_vs_final_balanced,within_final_balanced_middle_range,30091.0,4.478139338658135,3.2253165398291848,0.5088696257268222,,,,spotify_track_api_popularity,,,0,track,2026-07-24T08:36:00+00:00,Aysima Karçaaltıncaba,
recommended,weekly_recommendation,Week1_21July,1,Spotify,User3,3,experiment_results/Week1_21July/Spotify/User3/Week1_User3_spotify_metadata.csv,Week1-User3,73b83d4fpud64FLpYqCGjD,https://open.spotify.com/playlist/73b83d4fpud64FLpYqCGjD,16,3tuCmmn6JmRXPln2Zt7KyI,https://open.spotify.com/track/3tuCmmn6JmRXPln2Zt7KyI,Brothers Of Metal (Part 1),Manowar,4CzUzn54Cp9TQr6a7JIlMZ,Louder Than Hell,1996-01-01,234.640,False,spotify_artist_monthly_listeners,1035240,"1,035,240",6.015041044085505,,73.33333333333333,top_third_vs_final_balanced,within_final_balanced_high_range,30091.0,4.478139338658135,34.40364228506863,1.5369017054273701,,,,spotify_track_api_popularity,,,0,track,2026-07-24T08:36:00+00:00,Aysima Karçaaltıncaba,
recommended,weekly_recommendation,Week1_21July,1,Spotify,User3,3,experiment_results/Week1_21July/Spotify/User3/Week1_User3_spotify_metadata.csv,Week1-User3,73b83d4fpud64FLpYqCGjD,https://open.spotify.com/playlist/73b83d4fpud64FLpYqCGjD,17,07Vk1JPd5MgBJxdrMpnLNh,https://open.spotify.com/track/07Vk1JPd5MgBJxdrMpnLNh,The Book of Heavy Metal (March of the Metallians),Dream Evil,1bkf8u8ot6vEpWTJFBzKZB,The Book of Heavy Metal,2004-07-13,325.800,False,spotify_artist_monthly_listeners,167499,"167,499",5.2240122185622475,,63.333333333333336,middle_third_vs_final_balanced,within_final_balanced_middle_range,30091.0,4.478139338658135,5.566415207204812,0.7458728799041126,,,,spotify_track_api_popularity,,,0,track,2026-07-24T08:36:00+00:00,Aysima Karçaaltıncaba,
recommended,weekly_recommendation,Week1_21July,1,Spotify,User3,3,experiment_results/Week1_21July/Spotify/User3/Week1_User3_spotify_metadata.csv,Week1-User3,73b83d4fpud64FLpYqCGjD,https://open.spotify.com/playlist/73b83d4fpud64FLpYqCGjD,18,0wwAkc9n9SfV27COAK2AUH,https://open.spotify.com/track/0wwAkc9n9SfV27COAK2AUH,Iron,Ensiferum,0krXCIkthz13P8o0v2tksH,Iron,2008-01-01,233.186,False,spotify_artist_monthly_listeners,193731,"193,731",5.287199120211757,,63.333333333333336,middle_third_vs_final_balanced,within_final_balanced_middle_range,30091.0,4.478139338658135,6.438170881658968,0.8090597815536222,,,,spotify_track_api_popularity,,,0,track,2026-07-24T08:36:00+00:00,Aysima Karçaaltıncaba,
recommended,weekly_recommendation,Week1_21July,1,Spotify,User3,3,experiment_results/Week1_21July/Spotify/User3/Week1_User3_spotify_metadata.csv,Week1-User3,73b83d4fpud64FLpYqCGjD,https://open.spotify.com/playlist/73b83d4fpud64FLpYqCGjD,19,6khWZRJMRkIL6sZIeogVYn,https://open.spotify.com/track/6khWZRJMRkIL6sZIeogVYn,Don't Say a Word,Sonata Arctica,5YeoQ1L71cXDMpSpqxOjfH,Reckoning Night,2004-10-11,348.986,False,spotify_artist_monthly_listeners,445224,"445,224",5.6485785671330895,,66.66666666666667,middle_third_vs_final_balanced,between_final_balanced_tier_ranges,30091.0,4.478139338658135,14.795919045561796,1.1704392284749545,,,,spotify_track_api_popularity,,,0,track,2026-07-24T08:36:00+00:00,Aysima Karçaaltıncaba,
recommended,weekly_recommendation,Week1_21July,1,Spotify,User3,3,experiment_results/Week1_21July/Spotify/User3/Week1_User3_spotify_metadata.csv,Week1-User3,73b83d4fpud64FLpYqCGjD,https://open.spotify.com/playlist/73b83d4fpud64FLpYqCGjD,20,1NQCQj6x94ZBEPSODneBHw,https://open.spotify.com/track/1NQCQj6x94ZBEPSODneBHw,The Village of Dwarves,Rhapsody,0zQfrabOFYf36Ikb6PXcCY,Dawn of Victory,2000,232.173,False,spotify_artist_monthly_listeners,368660,"368,660",5.566626018751573,,66.66666666666667,middle_third_vs_final_balanced,between_final_balanced_tier_ranges,30091.0,4.478139338658135,12.251503771891928,1.088486680093438,,,,spotify_track_api_popularity,,,0,track,2026-07-24T08:36:00+00:00,Aysima Karçaaltıncaba,
recommended,weekly_recommendation,Week1_21July,1,Spotify,User3,3,experiment_results/Week1_21July/Spotify/User3/Week1_User3_spotify_metadata.csv,Week1-User3,73b83d4fpud64FLpYqCGjD,https://open.spotify.com/playlist/73b83d4fpud64FLpYqCGjD,21,4bUnDOBTWfvmUDePpdXQsx,https://open.spotify.com/track/4bUnDOBTWfvmUDePpdXQsx,Black Flag,Iced Earth,3KEixcRfBS5K3E91Vn1Kdy,Incorruptible,2017-06-16,296.640,False,spotify_artist_monthly_listeners,219161,"219,161",5.34076327339021,,66.66666666666667,middle_third_vs_final_balanced,between_final_balanced_tier_ranges,30091.0,4.478139338658135,7.283274068658403,0.862623934732075,,,,spotify_track_api_popularity,,,0,track,2026-07-24T08:36:00+00:00,Aysima Karçaaltıncaba,
recommended,weekly_recommendation,Week1_21July,1,Spotify,User3,3,experiment_results/Week1_21July/Spotify/User3/Week1_User3_spotify_metadata.csv,Week1-User3,73b83d4fpud64FLpYqCGjD,https://open.spotify.com/playlist/73b83d4fpud64FLpYqCGjD,22,7ACH45QQtgGPFzWJbiirXN,https://open.spotify.com/track/7ACH45QQtgGPFzWJbiirXN,Rain of Fury,Rhapsody Of Fire,3IjLXN4eSksdGj8uDE4Jm1,The Eighth Mountain,2019-02-22,249.386,False,spotify_artist_monthly_listeners,239721,"239,721",5.379706080694629,,66.66666666666667,middle_third_vs_final_balanced,between_final_balanced_tier_ranges,30091.0,4.478139338658135,7.966534844305606,0.9015667420364943,,,,spotify_track_api_popularity,,,0,track,2026-07-24T08:36:00+00:00,Aysima Karçaaltıncaba,
recommended,weekly_recommendation,Week1_21July,1,Spotify,User3,3,experiment_results/Week1_21July/Spotify/User3/Week1_User3_spotify_metadata.csv,Week1-User3,73b83d4fpud64FLpYqCGjD,https://open.spotify.com/playlist/73b83d4fpud64FLpYqCGjD,23,3JecnepxrLHCxv4hl5OhZ0,https://open.spotify.com/track/3JecnepxrLHCxv4hl5OhZ0,Fallen World,DragonForce,2pH3wEn4eYlMMIIQyKPbVR,The Power Within,2012-04-17,249.466,False,spotify_artist_monthly_listeners,1792259,"1,792,259",6.253400769914831,,86.66666666666667,top_third_vs_final_balanced,within_final_balanced_high_range,30091.0,4.478139338658135,59.56129739789306,1.7752614312566957,,,,spotify_track_api_popularity,,,0,track,2026-07-24T08:36:00+00:00,Aysima Karçaaltıncaba,
recommended,weekly_recommendation,Week1_21July,1,Spotify,User3,3,experiment_results/Week1_21July/Spotify/User3/Week1_User3_spotify_metadata.csv,Week1-User3,73b83d4fpud64FLpYqCGjD,https://open.spotify.com/playlist/73b83d4fpud64FLpYqCGjD,24,6ruhOxyV98u0nHjd4bX5KM,https://open.spotify.com/track/6ruhOxyV98u0nHjd4bX5KM,Your Time Has Come,Unisonic,3DDcmHnwKjM4sQ8qm34JMU,Light of Dawn,2014-08-01,303.493,False,spotify_artist_monthly_listeners,28965,"28,965",4.461873532835076,,46.666666666666664,middle_third_vs_final_balanced,within_final_balanced_middle_range,30091.0,4.478139338658135,0.9625801734737961,-0.0162658058230587,,,,spotify_track_api_popularity,,,0,track,2026-07-24T08:36:00+00:00,Aysima Karçaaltıncaba,
recommended,weekly_recommendation,Week1_21July,1,Spotify,User3,3,experiment_results/Week1_21July/Spotify/User3/Week1_User3_spotify_metadata.csv,Week1-User3,73b83d4fpud64FLpYqCGjD,https://open.spotify.com/playlist/73b83d4fpud64FLpYqCGjD,25,2rV29Dueq15Cq4IyFgINDL,https://open.spotify.com/track/2rV29Dueq15Cq4IyFgINDL,Set This World on Fire,Rage,5TJVsWPUaJxBxWfVZQEt2x,Unity,2002-03-13,306.146,False,spotify_artist_monthly_listeners,92170,"92,170",4.964589587489903,,60.0,middle_third_vs_final_balanced,within_final_balanced_middle_range,30091.0,4.478139338658135,3.063042105612974,0.48645024883176813,,,,spotify_track_api_popularity,,,0,track,2026-07-24T08:36:00+00:00,Aysima Karçaaltıncaba,
recommended,weekly_recommendation,Week1_21July,1,Spotify,User3,3,experiment_results/Week1_21July/Spotify/User3/Week1_User3_spotify_metadata.csv,Week1-User3,73b83d4fpud64FLpYqCGjD,https://open.spotify.com/playlist/73b83d4fpud64FLpYqCGjD,26,6QYNj3zXz2aZCqH7QHuA6W,https://open.spotify.com/track/6QYNj3zXz2aZCqH7QHuA6W,Bad to the Bone,Running Wild,7954VFaZClkL503srfV5PE,Running Wild - 20 Years In History,2003-02-22,286.053,False,spotify_artist_monthly_listeners,98617,"98,617",4.993951786845871,,60.0,middle_third_vs_final_balanced,within_final_balanced_middle_range,30091.0,4.478139338658135,3.27729221361869,0.5158124481877362,,,,spotify_track_api_popularity,,,0,track,2026-07-24T08:36:00+00:00,Aysima Karçaaltıncaba,
recommended,weekly_recommendation,Week1_21July,1,Spotify,User3,3,experiment_results/Week1_21July/Spotify/User3/Week1_User3_spotify_metadata.csv,Week1-User3,73b83d4fpud64FLpYqCGjD,https://open.spotify.com/playlist/73b83d4fpud64FLpYqCGjD,27,1ryaGBXdSgLMvWjFOyTaGg,https://open.spotify.com/track/1ryaGBXdSgLMvWjFOyTaGg,Genghis Khan (feat. Orden Ogan),Warkings,7DXUeaMULtMVFmmaKFzH3E,Armageddon,2025-07-04,207.680,False,spotify_artist_monthly_listeners,84187,"84,187",4.92524503373063,,60.0,middle_third_vs_final_balanced,within_final_balanced_middle_range,30091.0,4.478139338658135,2.7977468346017083,0.4471056950724952,,,,spotify_track_api_popularity,,,0,track,2026-07-24T08:36:00+00:00,Aysima Karçaaltıncaba,
recommended,weekly_recommendation,Week1_21July,1,Spotify,User3,3,experiment_results/Week1_21July/Spotify/User3/Week1_User3_spotify_metadata.csv,Week1-User3,73b83d4fpud64FLpYqCGjD,https://open.spotify.com/playlist/73b83d4fpud64FLpYqCGjD,28,31BIfWawTAEnp8KsAasy13,https://open.spotify.com/track/31BIfWawTAEnp8KsAasy13,Mindtraveller,Falconer,1UKdnbreQFDmPg3Mhcjhkr,Falconer,2001-05-08,345.573,False,spotify_artist_monthly_listeners,49330,"49,330",4.693111115462141,,56.666666666666664,middle_third_vs_final_balanced,within_final_balanced_middle_range,30091.0,4.478139338658135,1.6393606061613106,0.21497177680400625,,,,spotify_track_api_popularity,,,0,track,2026-07-24T08:36:00+00:00,Aysima Karçaaltıncaba,
recommended,weekly_recommendation,Week1_21July,1,Spotify,User3,3,experiment_results/Week1_21July/Spotify/User3/Week1_User3_spotify_metadata.csv,Week1-User3,73b83d4fpud64FLpYqCGjD,https://open.spotify.com/playlist/73b83d4fpud64FLpYqCGjD,29,4i3L5DHB4W2CzKtaUdeDkC,https://open.spotify.com/track/4i3L5DHB4W2CzKtaUdeDkC,Wings of Steel,Wings of Steel,0y43lCvntQtyFlhCABGb0T,Wings of Steel,2022-03-11,203.546,False,spotify_artist_monthly_listeners,50778,"50,778",4.7056755912586725,,56.666666666666664,middle_third_vs_final_balanced,within_final_balanced_middle_range,30091.0,4.478139338658135,1.687481306703001,0.22753625260053756,,,,spotify_track_api_popularity,,,0,track,2026-07-24T08:36:00+00:00,Aysima Karçaaltıncaba,
recommended,weekly_recommendation,Week1_21July,1,Spotify,User3,3,experiment_results/Week1_21July/Spotify/User3/Week1_User3_spotify_metadata.csv,Week1-User3,73b83d4fpud64FLpYqCGjD,https://open.spotify.com/playlist/73b83d4fpud64FLpYqCGjD,30,2v9855tCBy97Qp4BmMZscS,https://open.spotify.com/track/2v9855tCBy97Qp4BmMZscS,Future World,Pretty Maids,4OGo8f0tdKloP3IZwvnLqt,Future World,1987-04-07,323.960,False,spotify_artist_monthly_listeners,120757,"120,757",5.081912315185529,,63.333333333333336,middle_third_vs_final_balanced,within_final_balanced_middle_range,30091.0,4.478139338658135,4.013060383503373,0.6037729765273943,,,,spotify_track_api_popularity,,,0,track,2026-07-24T08:36:00+00:00,Aysima Karçaaltıncaba,
recommended,weekly_recommendation,Week1_21July,1,Spotify,User4,4,experiment_results/Week1_21July/Spotify/User4/Week1_User4_spotify_metadata.csv,Week1-User4,4syI3cLSRArRP3VencCRM3,https://open.spotify.com/playlist/4syI3cLSRArRP3VencCRM3,1,275EXSVi2oyj4S5SPMo9qx,https://open.spotify.com/track/275EXSVi2oyj4S5SPMo9qx,Hordes of Khan,Sabaton,3o2dn2O0FCVsWDFSh8qxgG,Legends,2025-10-17,223.000,False,spotify_artist_monthly_listeners,3115408,"3,115,408",6.493514930785041,,90.0,top_third_vs_final_balanced,within_final_balanced_high_range,30091.0,4.478139338658135,103.53288358645442,2.0153755921269063,,,,spotify_track_api_popularity,,,0,track,2026-07-24T08:36:00+00:00,Aysima Karçaaltıncaba,
recommended,weekly_recommendation,Week1_21July,1,Spotify,User4,4,experiment_results/Week1_21July/Spotify/User4/Week1_User4_spotify_metadata.csv,Week1-User4,4syI3cLSRArRP3VencCRM3,https://open.spotify.com/playlist/4syI3cLSRArRP3VencCRM3,2,0eV3PB3T0OxW4feG1DlOjQ,https://open.spotify.com/track/0eV3PB3T0OxW4feG1DlOjQ,Hearts on Fire,HammerFall,2o18h28enlHxj887tATc58,Crimson Thunder,2002-10-28,231.386,False,spotify_artist_monthly_listeners,858884,"858,884",5.93393451242058,,73.33333333333333,top_third_vs_final_balanced,within_final_balanced_high_range,30091.0,4.478139338658135,28.542886577381942,1.4557951737624446,,,,spotify_track_api_popularity,,,0,track,2026-07-24T08:36:00+00:00,Aysima Karçaaltıncaba,
recommended,weekly_recommendation,Week1_21July,1,Spotify,User4,4,experiment_results/Week1_21July/Spotify/User4/Week1_User4_spotify_metadata.csv,Week1-User4,4syI3cLSRArRP3VencCRM3,https://open.spotify.com/playlist/4syI3cLSRArRP3VencCRM3,3,7ht4SHDXCtttLSabtIQ9XA,https://open.spotify.com/track/7ht4SHDXCtttLSabtIQ9XA,Eagleheart,Stratovarius,1O8CSXsPwEqxcoBE360PPO,"Elements, Pt. 1&2 (Complete Edition)",2014-12-05,230.266,False,spotify_artist_monthly_listeners,845438,"845,438",5.927081764216234,,73.33333333333333,top_third_vs_final_balanced,within_final_balanced_high_range,30091.0,4.478139338658135,28.09604200591539,1.4489424255580987,,,,spotify_track_api_popularity,,,0,track,2026-07-24T08:36:00+00:00,Aysima Karçaaltıncaba,
recommended,weekly_recommendation,Week1_21July,1,Spotify,User4,4,experiment_results/Week1_21July/Spotify/User4/Week1_User4_spotify_metadata.csv,Week1-User4,4syI3cLSRArRP3VencCRM3,https://open.spotify.com/playlist/4syI3cLSRArRP3VencCRM3,4,0V2Jge35CQn1Hc9hNBmdbm,https://open.spotify.com/track/0V2Jge35CQn1Hc9hNBmdbm,The End Is Near,Primal Fear,1yfiDL3YUEJlQCgb5Pun6g,Rulebreaker,2016-01-29,266.964,False,spotify_artist_monthly_listeners,105691,"105,691",5.024038007016501,,60.0,middle_third_vs_final_balanced,within_final_balanced_middle_range,30091.0,4.478139338658135,3.512379116679406,0.5458986683583662,,,,spotify_track_api_popularity,,,0,track,2026-07-24T08:36:00+00:00,Aysima Karçaaltıncaba,
recommended,weekly_recommendation,Week1_21July,1,Spotify,User4,4,experiment_results/Week1_21July/Spotify/User4/Week1_User4_spotify_metadata.csv,Week1-User4,4syI3cLSRArRP3VencCRM3,https://open.spotify.com/playlist/4syI3cLSRArRP3VencCRM3,5,3OdsSVAdClWuGRF9ZKslLA,https://open.spotify.com/track/3OdsSVAdClWuGRF9ZKslLA,Valley of the Kings,Gamma Ray,6LZE884lDIsCSLHuTplfGp,Somewhere out in Space,1997-08-25,230.840,False,spotify_artist_monthly_listeners,170740,"170,740",5.232335277085655,,63.333333333333336,middle_third_vs_final_balanced,within_final_balanced_middle_range,30091.0,4.478139338658135,5.674121830447642,0.7541959384275199,,,,spotify_track_api_popularity,,,0,track,2026-07-24T08:36:00+00:00,Aysima Karçaaltıncaba,
recommended,weekly_recommendation,Week1_21July,1,Spotify,User4,4,experiment_results/Week1_21July/Spotify/User4/Week1_User4_spotify_metadata.csv,Week1-User4,4syI3cLSRArRP3VencCRM3,https://open.spotify.com/playlist/4syI3cLSRArRP3VencCRM3,6,4wEtmW6jIuPQ8NTYHbkOGm,https://open.spotify.com/track/4wEtmW6jIuPQ8NTYHbkOGm,King of Fools,Edguy,3AGFqPP3gt5rMSvhR87Xxu,The Singles,2008-11-14,215.320,False,spotify_artist_monthly_listeners,290277,"290,277",5.462812626018371,,66.66666666666667,middle_third_vs_final_balanced,between_final_balanced_tier_ranges,30091.0,4.478139338658135,9.64663852979296,0.984673287360236,,,,spotify_track_api_popularity,,,0,track,2026-07-24T08:36:00+00:00,Aysima Karçaaltıncaba,
recommended,weekly_recommendation,Week1_21July,1,Spotify,User4,4,experiment_results/Week1_21July/Spotify/User4/Week1_User4_spotify_metadata.csv,Week1-User4,4syI3cLSRArRP3VencCRM3,https://open.spotify.com/playlist/4syI3cLSRArRP3VencCRM3,7,09OnB8xeghs8FRnu4dJKmU,https://open.spotify.com/track/09OnB8xeghs8FRnu4dJKmU,Still Alive,Nocturnal Rites,0dSoaJ8iEP3aid30p18O2g,Grand Illusion,2006-07-13,242.626,False,spotify_artist_monthly_listeners,25447,"25,447",4.405636589806667,,40.0,middle_third_vs_final_balanced,within_final_balanced_middle_range,30091.0,4.478139338658135,0.8456681399754079,-0.07250274885146801,,,,spotify_track_api_popularity,,,0,track,2026-07-24T08:36:00+00:00,Aysima Karçaaltıncaba,
recommended,weekly_recommendation,Week1_21July,1,Spotify,User4,4,experiment_results/Week1_21July/Spotify/User4/Week1_User4_spotify_metadata.csv,Week1-User4,4syI3cLSRArRP3VencCRM3,https://open.spotify.com/playlist/4syI3cLSRArRP3VencCRM3,8,4mJmi9z3o1B6k2vry39Ufh,https://open.spotify.com/track/4mJmi9z3o1B6k2vry39Ufh,Heavy Metal Never Dies,Iron Savior,6COmyouHXwCeIGS1IFd1PA,The Landing,2011-11-18,254.386,False,spotify_artist_monthly_listeners,57678,"57,678",4.761010192695719,,56.666666666666664,middle_third_vs_final_balanced,within_final_balanced_middle_range,30091.0,4.478139338658135,1.9167857498919942,0.2828708540375837,,,,spotify_track_api_popularity,,,0,track,2026-07-24T08:36:00+00:00,Aysima Karçaaltıncaba,
recommended,weekly_recommendation,Week1_21July,1,Spotify,User4,4,experiment_results/Week1_21July/Spotify/User4/Week1_User4_spotify_metadata.csv,Week1-User4,4syI3cLSRArRP3VencCRM3,https://open.spotify.com/playlist/4syI3cLSRArRP3VencCRM3,9,4nrVRhp2fGwY7MwINf9QLY,https://open.spotify.com/track/4nrVRhp2fGwY7MwINf9QLY,Chasing the Dragon,Dream Evil,1bkf8u8ot6vEpWTJFBzKZB,Dragonslayer,2002-07-13,241.360,False,spotify_artist_monthly_listeners,167499,"167,499",5.2240122185622475,,63.333333333333336,middle_third_vs_final_balanced,within_final_balanced_middle_range,30091.0,4.478139338658135,5.566415207204812,0.7458728799041126,,,,spotify_track_api_popularity,,,0,track,2026-07-24T08:36:00+00:00,Aysima Karçaaltıncaba,
recommended,weekly_recommendation,Week1_21July,1,Spotify,User4,4,experiment_results/Week1_21July/Spotify/User4/Week1_User4_spotify_metadata.csv,Week1-User4,4syI3cLSRArRP3VencCRM3,https://open.spotify.com/playlist/4syI3cLSRArRP3VencCRM3,10,3hfgxj1PpTUUdgU0P8Nt7e,https://open.spotify.com/track/3hfgxj1PpTUUdgU0P8Nt7e,Down from the Mountain,Allen Lande,2hxa4ytcni5FUIK8IR27tX,The Great Divide,2014-10-17,246.295,False,spotify_artist_monthly_listeners,53997,"53,997",4.732369631681519,,56.666666666666664,middle_third_vs_final_balanced,within_final_balanced_middle_range,30091.0,4.478139338658135,1.794456814329866,0.25423029302338396,,,,spotify_track_api_popularity,,,0,track,2026-07-24T08:36:00+00:00,Aysima Karçaaltıncaba,
recommended,weekly_recommendation,Week1_21July,1,Spotify,User4,4,experiment_results/Week1_21July/Spotify/User4/Week1_User4_spotify_metadata.csv,Week1-User4,4syI3cLSRArRP3VencCRM3,https://open.spotify.com/playlist/4syI3cLSRArRP3VencCRM3,11,4gFhLQA90CAFuS0Ma8aIiX,https://open.spotify.com/track/4gFhLQA90CAFuS0Ma8aIiX,Mirror Mirror - Remastered 2007,Blind Guardian,7jxJ25p0pPjk0MStloN6o6,Nightfall in Middle Earth (Remastered 2007),1998-04-28,306.013,False,spotify_artist_monthly_listeners,594132,"594,132",5.7738829441443285,,70.0,top_third_vs_final_balanced,within_final_balanced_high_range,30091.0,4.478139338658135,19.744508324748264,1.2957436054861935,,,,spotify_track_api_popularity,,,0,track,2026-07-24T08:36:00+00:00,Aysima Karçaaltıncaba,
recommended,weekly_recommendation,Week1_21July,1,Spotify,User4,4,experiment_results/Week1_21July/Spotify/User4/Week1_User4_spotify_metadata.csv,Week1-User4,4syI3cLSRArRP3VencCRM3,https://open.spotify.com/playlist/4syI3cLSRArRP3VencCRM3,12,7mBlBHsCrl4sVGDhSUrZRC,https://open.spotify.com/track/7mBlBHsCrl4sVGDhSUrZRC,Hour to Live,Skull Fist,6V6MyDcytW48stIykhH937,Chasing the Dream,2014-01-10,258.200,False,spotify_artist_monthly_listeners,26842,"26,842",4.428814872026153,,43.333333333333336,middle_third_vs_final_balanced,within_final_balanced_middle_range,30091.0,4.478139338658135,0.8920275165331827,-0.04932446663198231,,,,spotify_track_api_popularity,,,0,track,2026-07-24T08:36:00+00:00,Aysima Karçaaltıncaba,
recommended,weekly_recommendation,Week1_21July,1,Spotify,User4,4,experiment_results/Week1_21July/Spotify/User4/Week1_User4_spotify_metadata.csv,Week1-User4,4syI3cLSRArRP3VencCRM3,https://open.spotify.com/playlist/4syI3cLSRArRP3VencCRM3,13,5WEqHNtlbM2mv4k7u9DB4Y,https://open.spotify.com/track/5WEqHNtlbM2mv4k7u9DB4Y,Nosferatu,Bloodbound,6nf7iwR6AoROxfUKZWd1r6,Nosferatu,2006-01-31,383.626,False,spotify_artist_monthly_listeners,295782,"295,782",5.470971741200654,,66.66666666666667,middle_third_vs_final_balanced,between_final_balanced_tier_ranges,30091.0,4.478139338658135,9.82958359642418,0.9928324025425193,,,,spotify_track_api_popularity,,,0,track,2026-07-24T08:36:00+00:00,Aysima Karçaaltıncaba,
recommended,weekly_recommendation,Week1_21July,1,Spotify,User4,4,experiment_results/Week1_21July/Spotify/User4/Week1_User4_spotify_metadata.csv,Week1-User4,4syI3cLSRArRP3VencCRM3,https://open.spotify.com/playlist/4syI3cLSRArRP3VencCRM3,14,1P5B3ARqjPkB9yCNPZq9jV,https://open.spotify.com/track/1P5B3ARqjPkB9yCNPZq9jV,Rebellion (The Clans Are Marching) - Remastered Version,Grave Digger,6mfghV4I1CD17FOhDKq7cJ,Tunes Of War (Remastered 2006),1996,244.760,False,spotify_artist_monthly_listeners,74393,"74,393",4.871532072583568,,60.0,middle_third_vs_final_balanced,within_final_balanced_middle_range,30091.0,4.478139338658135,2.472267455385331,0.39339273392543284,,,,spotify_track_api_popularity,,,0,track,2026-07-24T08:36:00+00:00,Aysima Karçaaltıncaba,
recommended,weekly_recommendation,Week1_21July,1,Spotify,User4,4,experiment_results/Week1_21July/Spotify/User4/Week1_User4_spotify_metadata.csv,Week1-User4,4syI3cLSRArRP3VencCRM3,https://open.spotify.com/playlist/4syI3cLSRArRP3VencCRM3,15,5oJE6PFEhiRnY7SCspZF4k,https://open.spotify.com/track/5oJE6PFEhiRnY7SCspZF4k,Freedom Call,Freedom Call,55RDuy7cQW2Dqrcz3Jjl6F,Crystal Empire,2001-01-22,319.280,False,spotify_artist_monthly_listeners,97053,"97,053",4.987008964384957,,60.0,middle_third_vs_final_balanced,within_final_balanced_middle_range,30091.0,4.478139338658135,3.2253165398291848,0.5088696257268222,,,,spotify_track_api_popularity,,,0,track,2026-07-24T08:36:00+00:00,Aysima Karçaaltıncaba,
recommended,weekly_recommendation,Week1_21July,1,Spotify,User4,4,experiment_results/Week1_21July/Spotify/User4/Week1_User4_spotify_metadata.csv,Week1-User4,4syI3cLSRArRP3VencCRM3,https://open.spotify.com/playlist/4syI3cLSRArRP3VencCRM3,16,2cxtdKFeXk4F10nd8TZORl,https://open.spotify.com/track/2cxtdKFeXk4F10nd8TZORl,Kind Hearted Light,Masterplan,1OHNvr18TssBKYK0A75yvx,Masterplan,2003-01-20,265.773,False,spotify_artist_monthly_listeners,184836,"184,836",5.266786561465773,,63.333333333333336,middle_third_vs_final_balanced,within_final_balanced_middle_range,30091.0,4.478139338658135,6.142567545113157,0.7886472228076382,,,,spotify_track_api_popularity,,,0,track,2026-07-24T08:36:00+00:00,Aysima Karçaaltıncaba,
recommended,weekly_recommendation,Week1_21July,1,Spotify,User4,4,experiment_results/Week1_21July/Spotify/User4/Week1_User4_spotify_metadata.csv,Week1-User4,4syI3cLSRArRP3VencCRM3,https://open.spotify.com/playlist/4syI3cLSRArRP3VencCRM3,17,5HkvAtKEPDLmchWYmepqYB,https://open.spotify.com/track/5HkvAtKEPDLmchWYmepqYB,Hail and Kill,Manowar,4CzUzn54Cp9TQr6a7JIlMZ,Kings of Metal,1988-11-01,357.026,False,spotify_artist_monthly_listeners,1035240,"1,035,240",6.015041044085505,,73.33333333333333,top_third_vs_final_balanced,within_final_balanced_high_range,30091.0,4.478139338658135,34.40364228506863,1.5369017054273701,,,,spotify_track_api_popularity,,,0,track,2026-07-24T08:36:00+00:00,Aysima Karçaaltıncaba,
recommended,weekly_recommendation,Week1_21July,1,Spotify,User4,4,experiment_results/Week1_21July/Spotify/User4/Week1_User4_spotify_metadata.csv,Week1-User4,4syI3cLSRArRP3VencCRM3,https://open.spotify.com/playlist/4syI3cLSRArRP3VencCRM3,18,0CwhgYudd5HzMC9K2vqGMu,https://open.spotify.com/track/0CwhgYudd5HzMC9K2vqGMu,Everytime I Die,Children Of Bodom,1xUhNgw4eJDZfvumIpcz1B,Follow The Reaper,2000-10-30,243.000,False,spotify_artist_monthly_listeners,758547,"758,547",5.8799824950875115,,73.33333333333333,top_third_vs_final_balanced,within_final_balanced_high_range,30091.0,4.478139338658135,25.208434415605996,1.4018431564293765,,,,spotify_track_api_popularity,,,0,track,2026-07-24T08:36:00+00:00,Aysima Karçaaltıncaba,
recommended,weekly_recommendation,Week1_21July,1,Spotify,User4,4,experiment_results/Week1_21July/Spotify/User4/Week1_User4_spotify_metadata.csv,Week1-User4,4syI3cLSRArRP3VencCRM3,https://open.spotify.com/playlist/4syI3cLSRArRP3VencCRM3,19,35TLynakKhHyg7FcONAypo,https://open.spotify.com/track/35TLynakKhHyg7FcONAypo,Center of the Universe,Kamelot,7gTbq5nTZGQIUgjEGXQpOS,Epica,2003-03-03,326.946,False,spotify_artist_monthly_listeners,346998,"346,998",5.5403269716454355,,66.66666666666667,middle_third_vs_final_balanced,between_final_balanced_tier_ranges,30091.0,4.478139338658135,11.531620750390482,1.0621876329873006,,,,spotify_track_api_popularity,,,0,track,2026-07-24T08:36:00+00:00,Aysima Karçaaltıncaba,
recommended,weekly_recommendation,Week1_21July,1,Spotify,User4,4,experiment_results/Week1_21July/Spotify/User4/Week1_User4_spotify_metadata.csv,Week1-User4,4syI3cLSRArRP3VencCRM3,https://open.spotify.com/playlist/4syI3cLSRArRP3VencCRM3,20,1NQCQj6x94ZBEPSODneBHw,https://open.spotify.com/track/1NQCQj6x94ZBEPSODneBHw,The Village of Dwarves,Rhapsody,0zQfrabOFYf36Ikb6PXcCY,Dawn of Victory,2000,232.173,False,spotify_artist_monthly_listeners,368660,"368,660",5.566626018751573,,66.66666666666667,middle_third_vs_final_balanced,between_final_balanced_tier_ranges,30091.0,4.478139338658135,12.251503771891928,1.088486680093438,,,,spotify_track_api_popularity,,,0,track,2026-07-24T08:36:00+00:00,Aysima Karçaaltıncaba,
recommended,weekly_recommendation,Week1_21July,1,Spotify,User4,4,experiment_results/Week1_21July/Spotify/User4/Week1_User4_spotify_metadata.csv,Week1-User4,4syI3cLSRArRP3VencCRM3,https://open.spotify.com/playlist/4syI3cLSRArRP3VencCRM3,21,2rV29Dueq15Cq4IyFgINDL,https://open.spotify.com/track/2rV29Dueq15Cq4IyFgINDL,Set This World on Fire,Rage,5TJVsWPUaJxBxWfVZQEt2x,Unity,2002-03-13,306.146,False,spotify_artist_monthly_listeners,92170,"92,170",4.964589587489903,,60.0,middle_third_vs_final_balanced,within_final_balanced_middle_range,30091.0,4.478139338658135,3.063042105612974,0.48645024883176813,,,,spotify_track_api_popularity,,,0,track,2026-07-24T08:36:00+00:00,Aysima Karçaaltıncaba,
recommended,weekly_recommendation,Week1_21July,1,Spotify,User4,4,experiment_results/Week1_21July/Spotify/User4/Week1_User4_spotify_metadata.csv,Week1-User4,4syI3cLSRArRP3VencCRM3,https://open.spotify.com/playlist/4syI3cLSRArRP3VencCRM3,22,02A6THLfQXvqrx9IEMkQfJ,https://open.spotify.com/track/02A6THLfQXvqrx9IEMkQfJ,Out of Control,Battle Beast,7k5jeohQCF20a8foBD9ize,Battle Beast,2013-05-17,227.280,False,spotify_artist_monthly_listeners,586305,"586,305",5.768123597857235,,70.0,top_third_vs_final_balanced,within_final_balanced_high_range,30091.0,4.478139338658135,19.48439732810475,1.2899842591991,,,,spotify_track_api_popularity,,,0,track,2026-07-24T08:36:00+00:00,Aysima Karçaaltıncaba,
recommended,weekly_recommendation,Week1_21July,1,Spotify,User4,4,experiment_results/Week1_21July/Spotify/User4/Week1_User4_spotify_metadata.csv,Week1-User4,4syI3cLSRArRP3VencCRM3,https://open.spotify.com/playlist/4syI3cLSRArRP3VencCRM3,23,1dRiQJ2wsUcyL3S12MdUTw,https://open.spotify.com/track/1dRiQJ2wsUcyL3S12MdUTw,Steel and Silver,Visigoth,36Fw8K3uH9kPWEkZilzk86,Conqueror's Oath,2018-02-09,361.853,False,spotify_artist_monthly_listeners,24507,"24,507",4.389290150779289,,36.666666666666664,middle_third_vs_final_balanced,within_final_balanced_middle_range,30091.0,4.478139338658135,0.8144295636569073,-0.08884918787884555,,,,spotify_track_api_popularity,,,0,track,2026-07-24T08:36:00+00:00,Aysima Karçaaltıncaba,
recommended,weekly_recommendation,Week1_21July,1,Spotify,User4,4,experiment_results/Week1_21July/Spotify/User4/Week1_User4_spotify_metadata.csv,Week1-User4,4syI3cLSRArRP3VencCRM3,https://open.spotify.com/playlist/4syI3cLSRArRP3VencCRM3,24,4bUnDOBTWfvmUDePpdXQsx,https://open.spotify.com/track/4bUnDOBTWfvmUDePpdXQsx,Black Flag,Iced Earth,3KEixcRfBS5K3E91Vn1Kdy,Incorruptible,2017-06-16,296.640,False,spotify_artist_monthly_listeners,219161,"219,161",5.34076327339021,,66.66666666666667,middle_third_vs_final_balanced,between_final_balanced_tier_ranges,30091.0,4.478139338658135,7.283274068658403,0.862623934732075,,,,spotify_track_api_popularity,,,0,track,2026-07-24T08:36:00+00:00,Aysima Karçaaltıncaba,
recommended,weekly_recommendation,Week1_21July,1,Spotify,User4,4,experiment_results/Week1_21July/Spotify/User4/Week1_User4_spotify_metadata.csv,Week1-User4,4syI3cLSRArRP3VencCRM3,https://open.spotify.com/playlist/4syI3cLSRArRP3VencCRM3,25,0WTbXgGmirq6A9LfzHg2uA,https://open.spotify.com/track/0WTbXgGmirq6A9LfzHg2uA,The Cage,Sonata Arctica,5YeoQ1L71cXDMpSpqxOjfH,Winterheart's Guild,2002-01-01,275.440,False,spotify_artist_monthly_listeners,445224,"445,224",5.6485785671330895,,66.66666666666667,middle_third_vs_final_balanced,between_final_balanced_tier_ranges,30091.0,4.478139338658135,14.795919045561796,1.1704392284749545,,,,spotify_track_api_popularity,,,0,track,2026-07-24T08:36:00+00:00,Aysima Karçaaltıncaba,
recommended,weekly_recommendation,Week1_21July,1,Spotify,User4,4,experiment_results/Week1_21July/Spotify/User4/Week1_User4_spotify_metadata.csv,Week1-User4,4syI3cLSRArRP3VencCRM3,https://open.spotify.com/playlist/4syI3cLSRArRP3VencCRM3,26,7aYO9WJaSC8m7YpT0bM5Ke,https://open.spotify.com/track/7aYO9WJaSC8m7YpT0bM5Ke,In My Sword I Trust,Ensiferum,0krXCIkthz13P8o0v2tksH,Unsung Heroes (Japan Version),2012-01-01,320.426,False,spotify_artist_monthly_listeners,193731,"193,731",5.287199120211757,,63.333333333333336,middle_third_vs_final_balanced,within_final_balanced_middle_range,30091.0,4.478139338658135,6.438170881658968,0.8090597815536222,,,,spotify_track_api_popularity,,,0,track,2026-07-24T08:36:00+00:00,Aysima Karçaaltıncaba,
recommended,weekly_recommendation,Week1_21July,1,Spotify,User4,4,experiment_results/Week1_21July/Spotify/User4/Week1_User4_spotify_metadata.csv,Week1-User4,4syI3cLSRArRP3VencCRM3,https://open.spotify.com/playlist/4syI3cLSRArRP3VencCRM3,27,7taZYFNVCgY2XPDe5FiTlz,https://open.spotify.com/track/7taZYFNVCgY2XPDe5FiTlz,Rising Fire,Firewind,70I9vE7YTwKmelfEplXc5r,Firewind,2020-05-15,206.426,False,spotify_artist_monthly_listeners,106148,"106,148",5.025911815768654,,60.0,middle_third_vs_final_balanced,within_final_balanced_middle_range,30091.0,4.478139338658135,3.527566381974677,0.5477724771105192,,,,spotify_track_api_popularity,,,0,track,2026-07-24T08:36:00+00:00,Aysima Karçaaltıncaba,
recommended,weekly_recommendation,Week1_21July,1,Spotify,User4,4,experiment_results/Week1_21July/Spotify/User4/Week1_User4_spotify_metadata.csv,Week1-User4,4syI3cLSRArRP3VencCRM3,https://open.spotify.com/playlist/4syI3cLSRArRP3VencCRM3,28,6QYNj3zXz2aZCqH7QHuA6W,https://open.spotify.com/track/6QYNj3zXz2aZCqH7QHuA6W,Bad to the Bone,Running Wild,7954VFaZClkL503srfV5PE,Running Wild - 20 Years In History,2003-02-22,286.053,False,spotify_artist_monthly_listeners,98617,"98,617",4.993951786845871,,60.0,middle_third_vs_final_balanced,within_final_balanced_middle_range,30091.0,4.478139338658135,3.27729221361869,0.5158124481877362,,,,spotify_track_api_popularity,,,0,track,2026-07-24T08:36:00+00:00,Aysima Karçaaltıncaba,
recommended,weekly_recommendation,Week1_21July,1,Spotify,User4,4,experiment_results/Week1_21July/Spotify/User4/Week1_User4_spotify_metadata.csv,Week1-User4,4syI3cLSRArRP3VencCRM3,https://open.spotify.com/playlist/4syI3cLSRArRP3VencCRM3,29,6bKdh1YoDfUMe4mx8mZ3D1,https://open.spotify.com/track/6bKdh1YoDfUMe4mx8mZ3D1,Only Human,At Vance,4alZ73UZp90icEjdKjSIxw,Only Human,2002-02-25,315.693,False,spotify_artist_monthly_listeners,111103,"111,103",5.045725785906262,,63.333333333333336,middle_third_vs_final_balanced,within_final_balanced_middle_range,30091.0,4.478139338658135,3.6922335582067727,0.5675864472481269,,,,spotify_track_api_popularity,,,0,track,2026-07-24T08:36:00+00:00,Aysima Karçaaltıncaba,
recommended,weekly_recommendation,Week1_21July,1,Spotify,User4,4,experiment_results/Week1_21July/Spotify/User4/Week1_User4_spotify_metadata.csv,Week1-User4,4syI3cLSRArRP3VencCRM3,https://open.spotify.com/playlist/4syI3cLSRArRP3VencCRM3,30,31BIfWawTAEnp8KsAasy13,https://open.spotify.com/track/31BIfWawTAEnp8KsAasy13,Mindtraveller,Falconer,1UKdnbreQFDmPg3Mhcjhkr,Falconer,2001-05-08,345.573,False,spotify_artist_monthly_listeners,49330,"49,330",4.693111115462141,,56.666666666666664,middle_third_vs_final_balanced,within_final_balanced_middle_range,30091.0,4.478139338658135,1.6393606061613106,0.21497177680400625,,,,spotify_track_api_popularity,,,0,track,2026-07-24T08:36:00+00:00,Aysima Karçaaltıncaba,
recommended,weekly_recommendation,Week1_21July,1,Spotify,User5,5,experiment_results/Week1_21July/Spotify/User5/Week1_User5_spotify_metadata.csv,Week 1-User5,2iX1zNJBqgk2j4EIDozzWl,https://open.spotify.com/playlist/2iX1zNJBqgk2j4EIDozzWl,1,1MoEyYsa9Y0FvApwLskO1l,https://open.spotify.com/track/1MoEyYsa9Y0FvApwLskO1l,Ghost Division,Sabaton,3o2dn2O0FCVsWDFSh8qxgG,The Art of War (Re-Armed),2010-09-24,231.186,False,spotify_artist_monthly_listeners,3115408,"3,115,408",6.493514930785041,,90.0,top_third_vs_final_balanced,within_final_balanced_high_range,30091.0,4.478139338658135,103.53288358645442,2.0153755921269063,,,,spotify_track_api_popularity,,,0,track,2026-07-24T08:36:00+00:00,Aysima Karçaaltıncaba,
recommended,weekly_recommendation,Week1_21July,1,Spotify,User5,5,experiment_results/Week1_21July/Spotify/User5/Week1_User5_spotify_metadata.csv,Week 1-User5,2iX1zNJBqgk2j4EIDozzWl,https://open.spotify.com/playlist/2iX1zNJBqgk2j4EIDozzWl,2,7ht4SHDXCtttLSabtIQ9XA,https://open.spotify.com/track/7ht4SHDXCtttLSabtIQ9XA,Eagleheart,Stratovarius,1O8CSXsPwEqxcoBE360PPO,"Elements, Pt. 1&2 (Complete Edition)",2014-12-05,230.266,False,spotify_artist_monthly_listeners,845438,"845,438",5.927081764216234,,73.33333333333333,top_third_vs_final_balanced,within_final_balanced_high_range,30091.0,4.478139338658135,28.09604200591539,1.4489424255580987,,,,spotify_track_api_popularity,,,0,track,2026-07-24T08:36:00+00:00,Aysima Karçaaltıncaba,
recommended,weekly_recommendation,Week1_21July,1,Spotify,User5,5,experiment_results/Week1_21July/Spotify/User5/Week1_User5_spotify_metadata.csv,Week 1-User5,2iX1zNJBqgk2j4EIDozzWl,https://open.spotify.com/playlist/2iX1zNJBqgk2j4EIDozzWl,3,0eV3PB3T0OxW4feG1DlOjQ,https://open.spotify.com/track/0eV3PB3T0OxW4feG1DlOjQ,Hearts on Fire,HammerFall,2o18h28enlHxj887tATc58,Crimson Thunder,2002-10-28,231.386,False,spotify_artist_monthly_listeners,858884,"858,884",5.93393451242058,,73.33333333333333,top_third_vs_final_balanced,within_final_balanced_high_range,30091.0,4.478139338658135,28.542886577381942,1.4557951737624446,,,,spotify_track_api_popularity,,,0,track,2026-07-24T08:36:00+00:00,Aysima Karçaaltıncaba,
recommended,weekly_recommendation,Week1_21July,1,Spotify,User5,5,experiment_results/Week1_21July/Spotify/User5/Week1_User5_spotify_metadata.csv,Week 1-User5,2iX1zNJBqgk2j4EIDozzWl,https://open.spotify.com/playlist/2iX1zNJBqgk2j4EIDozzWl,4,09OnB8xeghs8FRnu4dJKmU,https://open.spotify.com/track/09OnB8xeghs8FRnu4dJKmU,Still Alive,Nocturnal Rites,0dSoaJ8iEP3aid30p18O2g,Grand Illusion,2006-07-13,242.626,False,spotify_artist_monthly_listeners,25447,"25,447",4.405636589806667,,40.0,middle_third_vs_final_balanced,within_final_balanced_middle_range,30091.0,4.478139338658135,0.8456681399754079,-0.07250274885146801,,,,spotify_track_api_popularity,,,0,track,2026-07-24T08:36:00+00:00,Aysima Karçaaltıncaba,
recommended,weekly_recommendation,Week1_21July,1,Spotify,User5,5,experiment_results/Week1_21July/Spotify/User5/Week1_User5_spotify_metadata.csv,Week 1-User5,2iX1zNJBqgk2j4EIDozzWl,https://open.spotify.com/playlist/2iX1zNJBqgk2j4EIDozzWl,5,4mJmi9z3o1B6k2vry39Ufh,https://open.spotify.com/track/4mJmi9z3o1B6k2vry39Ufh,Heavy Metal Never Dies,Iron Savior,6COmyouHXwCeIGS1IFd1PA,The Landing,2011-11-18,254.386,False,spotify_artist_monthly_listeners,57678,"57,678",4.761010192695719,,56.666666666666664,middle_third_vs_final_balanced,within_final_balanced_middle_range,30091.0,4.478139338658135,1.9167857498919942,0.2828708540375837,,,,spotify_track_api_popularity,,,0,track,2026-07-24T08:36:00+00:00,Aysima Karçaaltıncaba,
recommended,weekly_recommendation,Week1_21July,1,Spotify,User5,5,experiment_results/Week1_21July/Spotify/User5/Week1_User5_spotify_metadata.csv,Week 1-User5,2iX1zNJBqgk2j4EIDozzWl,https://open.spotify.com/playlist/2iX1zNJBqgk2j4EIDozzWl,6,4wEtmW6jIuPQ8NTYHbkOGm,https://open.spotify.com/track/4wEtmW6jIuPQ8NTYHbkOGm,King of Fools,Edguy,3AGFqPP3gt5rMSvhR87Xxu,The Singles,2008-11-14,215.320,False,spotify_artist_monthly_listeners,290277,"290,277",5.462812626018371,,66.66666666666667,middle_third_vs_final_balanced,between_final_balanced_tier_ranges,30091.0,4.478139338658135,9.64663852979296,0.984673287360236,,,,spotify_track_api_popularity,,,0,track,2026-07-24T08:36:00+00:00,Aysima Karçaaltıncaba,
recommended,weekly_recommendation,Week1_21July,1,Spotify,User5,5,experiment_results/Week1_21July/Spotify/User5/Week1_User5_spotify_metadata.csv,Week 1-User5,2iX1zNJBqgk2j4EIDozzWl,https://open.spotify.com/playlist/2iX1zNJBqgk2j4EIDozzWl,7,0CwhgYudd5HzMC9K2vqGMu,https://open.spotify.com/track/0CwhgYudd5HzMC9K2vqGMu,Everytime I Die,Children Of Bodom,1xUhNgw4eJDZfvumIpcz1B,Follow The Reaper,2000-10-30,243.000,False,spotify_artist_monthly_listeners,758547,"758,547",5.8799824950875115,,73.33333333333333,top_third_vs_final_balanced,within_final_balanced_high_range,30091.0,4.478139338658135,25.208434415605996,1.4018431564293765,,,,spotify_track_api_popularity,,,0,track,2026-07-24T08:36:00+00:00,Aysima Karçaaltıncaba,
recommended,weekly_recommendation,Week1_21July,1,Spotify,User5,5,experiment_results/Week1_21July/Spotify/User5/Week1_User5_spotify_metadata.csv,Week 1-User5,2iX1zNJBqgk2j4EIDozzWl,https://open.spotify.com/playlist/2iX1zNJBqgk2j4EIDozzWl,8,5WEqHNtlbM2mv4k7u9DB4Y,https://open.spotify.com/track/5WEqHNtlbM2mv4k7u9DB4Y,Nosferatu,Bloodbound,6nf7iwR6AoROxfUKZWd1r6,Nosferatu,2006-01-31,383.626,False,spotify_artist_monthly_listeners,295782,"295,782",5.470971741200654,,66.66666666666667,middle_third_vs_final_balanced,between_final_balanced_tier_ranges,30091.0,4.478139338658135,9.82958359642418,0.9928324025425193,,,,spotify_track_api_popularity,,,0,track,2026-07-24T08:36:00+00:00,Aysima Karçaaltıncaba,
recommended,weekly_recommendation,Week1_21July,1,Spotify,User5,5,experiment_results/Week1_21July/Spotify/User5/Week1_User5_spotify_metadata.csv,Week 1-User5,2iX1zNJBqgk2j4EIDozzWl,https://open.spotify.com/playlist/2iX1zNJBqgk2j4EIDozzWl,9,4gFhLQA90CAFuS0Ma8aIiX,https://open.spotify.com/track/4gFhLQA90CAFuS0Ma8aIiX,Mirror Mirror - Remastered 2007,Blind Guardian,7jxJ25p0pPjk0MStloN6o6,Nightfall in Middle Earth (Remastered 2007),1998-04-28,306.013,False,spotify_artist_monthly_listeners,594132,"594,132",5.7738829441443285,,70.0,top_third_vs_final_balanced,within_final_balanced_high_range,30091.0,4.478139338658135,19.744508324748264,1.2957436054861935,,,,spotify_track_api_popularity,,,0,track,2026-07-24T08:36:00+00:00,Aysima Karçaaltıncaba,
recommended,weekly_recommendation,Week1_21July,1,Spotify,User5,5,experiment_results/Week1_21July/Spotify/User5/Week1_User5_spotify_metadata.csv,Week 1-User5,2iX1zNJBqgk2j4EIDozzWl,https://open.spotify.com/playlist/2iX1zNJBqgk2j4EIDozzWl,10,5HkvAtKEPDLmchWYmepqYB,https://open.spotify.com/track/5HkvAtKEPDLmchWYmepqYB,Hail and Kill,Manowar,4CzUzn54Cp9TQr6a7JIlMZ,Kings of Metal,1988-11-01,357.026,False,spotify_artist_monthly_listeners,1035240,"1,035,240",6.015041044085505,,73.33333333333333,top_third_vs_final_balanced,within_final_balanced_high_range,30091.0,4.478139338658135,34.40364228506863,1.5369017054273701,,,,spotify_track_api_popularity,,,0,track,2026-07-24T08:36:00+00:00,Aysima Karçaaltıncaba,
recommended,weekly_recommendation,Week1_21July,1,Spotify,User5,5,experiment_results/Week1_21July/Spotify/User5/Week1_User5_spotify_metadata.csv,Week 1-User5,2iX1zNJBqgk2j4EIDozzWl,https://open.spotify.com/playlist/2iX1zNJBqgk2j4EIDozzWl,11,4nrVRhp2fGwY7MwINf9QLY,https://open.spotify.com/track/4nrVRhp2fGwY7MwINf9QLY,Chasing the Dragon,Dream Evil,1bkf8u8ot6vEpWTJFBzKZB,Dragonslayer,2002-07-13,241.360,False,spotify_artist_monthly_listeners,167499,"167,499",5.2240122185622475,,63.333333333333336,middle_third_vs_final_balanced,within_final_balanced_middle_range,30091.0,4.478139338658135,5.566415207204812,0.7458728799041126,,,,spotify_track_api_popularity,,,0,track,2026-07-24T08:36:00+00:00,Aysima Karçaaltıncaba,
recommended,weekly_recommendation,Week1_21July,1,Spotify,User5,5,experiment_results/Week1_21July/Spotify/User5/Week1_User5_spotify_metadata.csv,Week 1-User5,2iX1zNJBqgk2j4EIDozzWl,https://open.spotify.com/playlist/2iX1zNJBqgk2j4EIDozzWl,12,0QUJLDnDTiKQ1XQs6tRffK,https://open.spotify.com/track/0QUJLDnDTiKQ1XQs6tRffK,Eternal Fire,Beast In Black,0rEuaTPLMhlViNCJrg3NEH,Berserker,2017-11-03,214.061,False,spotify_artist_monthly_listeners,1264746,"1,264,746",6.1020033145438,,76.66666666666667,top_third_vs_final_balanced,within_final_balanced_high_range,30091.0,4.478139338658135,42.03070685587053,1.6238639758856648,,,,spotify_track_api_popularity,,,0,track,2026-07-24T08:36:00+00:00,Aysima Karçaaltıncaba,
recommended,weekly_recommendation,Week1_21July,1,Spotify,User5,5,experiment_results/Week1_21July/Spotify/User5/Week1_User5_spotify_metadata.csv,Week 1-User5,2iX1zNJBqgk2j4EIDozzWl,https://open.spotify.com/playlist/2iX1zNJBqgk2j4EIDozzWl,13,7fkcqrzdbgIa4vthgYN3vs,https://open.spotify.com/track/7fkcqrzdbgIa4vthgYN3vs,Unisonic,Unisonic,3DDcmHnwKjM4sQ8qm34JMU,Unisonic,2012-03-30,205.866,False,spotify_artist_monthly_listeners,28965,"28,965",4.461873532835076,,46.666666666666664,middle_third_vs_final_balanced,within_final_balanced_middle_range,30091.0,4.478139338658135,0.9625801734737961,-0.0162658058230587,,,,spotify_track_api_popularity,,,0,track,2026-07-24T08:36:00+00:00,Aysima Karçaaltıncaba,
recommended,weekly_recommendation,Week1_21July,1,Spotify,User5,5,experiment_results/Week1_21July/Spotify/User5/Week1_User5_spotify_metadata.csv,Week 1-User5,2iX1zNJBqgk2j4EIDozzWl,https://open.spotify.com/playlist/2iX1zNJBqgk2j4EIDozzWl,14,0V2Jge35CQn1Hc9hNBmdbm,https://open.spotify.com/track/0V2Jge35CQn1Hc9hNBmdbm,The End Is Near,Primal Fear,1yfiDL3YUEJlQCgb5Pun6g,Rulebreaker,2016-01-29,266.964,False,spotify_artist_monthly_listeners,105691,"105,691",5.024038007016501,,60.0,middle_third_vs_final_balanced,within_final_balanced_middle_range,30091.0,4.478139338658135,3.512379116679406,0.5458986683583662,,,,spotify_track_api_popularity,,,0,track,2026-07-24T08:36:00+00:00,Aysima Karçaaltıncaba,
recommended,weekly_recommendation,Week1_21July,1,Spotify,User5,5,experiment_results/Week1_21July/Spotify/User5/Week1_User5_spotify_metadata.csv,Week 1-User5,2iX1zNJBqgk2j4EIDozzWl,https://open.spotify.com/playlist/2iX1zNJBqgk2j4EIDozzWl,15,6khWZRJMRkIL6sZIeogVYn,https://open.spotify.com/track/6khWZRJMRkIL6sZIeogVYn,Don't Say a Word,Sonata Arctica,5YeoQ1L71cXDMpSpqxOjfH,Reckoning Night,2004-10-11,348.986,False,spotify_artist_monthly_listeners,445224,"445,224",5.6485785671330895,,66.66666666666667,middle_third_vs_final_balanced,between_final_balanced_tier_ranges,30091.0,4.478139338658135,14.795919045561796,1.1704392284749545,,,,spotify_track_api_popularity,,,0,track,2026-07-24T08:36:00+00:00,Aysima Karçaaltıncaba,
recommended,weekly_recommendation,Week1_21July,1,Spotify,User5,5,experiment_results/Week1_21July/Spotify/User5/Week1_User5_spotify_metadata.csv,Week 1-User5,2iX1zNJBqgk2j4EIDozzWl,https://open.spotify.com/playlist/2iX1zNJBqgk2j4EIDozzWl,16,1NQCQj6x94ZBEPSODneBHw,https://open.spotify.com/track/1NQCQj6x94ZBEPSODneBHw,The Village of Dwarves,Rhapsody,0zQfrabOFYf36Ikb6PXcCY,Dawn of Victory,2000,232.173,False,spotify_artist_monthly_listeners,368660,"368,660",5.566626018751573,,66.66666666666667,middle_third_vs_final_balanced,between_final_balanced_tier_ranges,30091.0,4.478139338658135,12.251503771891928,1.088486680093438,,,,spotify_track_api_popularity,,,0,track,2026-07-24T08:36:00+00:00,Aysima Karçaaltıncaba,
recommended,weekly_recommendation,Week1_21July,1,Spotify,User5,5,experiment_results/Week1_21July/Spotify/User5/Week1_User5_spotify_metadata.csv,Week 1-User5,2iX1zNJBqgk2j4EIDozzWl,https://open.spotify.com/playlist/2iX1zNJBqgk2j4EIDozzWl,17,2cxtdKFeXk4F10nd8TZORl,https://open.spotify.com/track/2cxtdKFeXk4F10nd8TZORl,Kind Hearted Light,Masterplan,1OHNvr18TssBKYK0A75yvx,Masterplan,2003-01-20,265.773,False,spotify_artist_monthly_listeners,184836,"184,836",5.266786561465773,,63.333333333333336,middle_third_vs_final_balanced,within_final_balanced_middle_range,30091.0,4.478139338658135,6.142567545113157,0.7886472228076382,,,,spotify_track_api_popularity,,,0,track,2026-07-24T08:36:00+00:00,Aysima Karçaaltıncaba,
recommended,weekly_recommendation,Week1_21July,1,Spotify,User5,5,experiment_results/Week1_21July/Spotify/User5/Week1_User5_spotify_metadata.csv,Week 1-User5,2iX1zNJBqgk2j4EIDozzWl,https://open.spotify.com/playlist/2iX1zNJBqgk2j4EIDozzWl,18,3hfgxj1PpTUUdgU0P8Nt7e,https://open.spotify.com/track/3hfgxj1PpTUUdgU0P8Nt7e,Down from the Mountain,Allen Lande,2hxa4ytcni5FUIK8IR27tX,The Great Divide,2014-10-17,246.295,False,spotify_artist_monthly_listeners,53997,"53,997",4.732369631681519,,56.666666666666664,middle_third_vs_final_balanced,within_final_balanced_middle_range,30091.0,4.478139338658135,1.794456814329866,0.25423029302338396,,,,spotify_track_api_popularity,,,0,track,2026-07-24T08:36:00+00:00,Aysima Karçaaltıncaba,
recommended,weekly_recommendation,Week1_21July,1,Spotify,User5,5,experiment_results/Week1_21July/Spotify/User5/Week1_User5_spotify_metadata.csv,Week 1-User5,2iX1zNJBqgk2j4EIDozzWl,https://open.spotify.com/playlist/2iX1zNJBqgk2j4EIDozzWl,19,1P5B3ARqjPkB9yCNPZq9jV,https://open.spotify.com/track/1P5B3ARqjPkB9yCNPZq9jV,Rebellion (The Clans Are Marching) - Remastered Version,Grave Digger,6mfghV4I1CD17FOhDKq7cJ,Tunes Of War (Remastered 2006),1996,244.760,False,spotify_artist_monthly_listeners,74393,"74,393",4.871532072583568,,60.0,middle_third_vs_final_balanced,within_final_balanced_middle_range,30091.0,4.478139338658135,2.472267455385331,0.39339273392543284,,,,spotify_track_api_popularity,,,0,track,2026-07-24T08:36:00+00:00,Aysima Karçaaltıncaba,
recommended,weekly_recommendation,Week1_21July,1,Spotify,User5,5,experiment_results/Week1_21July/Spotify/User5/Week1_User5_spotify_metadata.csv,Week 1-User5,2iX1zNJBqgk2j4EIDozzWl,https://open.spotify.com/playlist/2iX1zNJBqgk2j4EIDozzWl,20,7aYO9WJaSC8m7YpT0bM5Ke,https://open.spotify.com/track/7aYO9WJaSC8m7YpT0bM5Ke,In My Sword I Trust,Ensiferum,0krXCIkthz13P8o0v2tksH,Unsung Heroes (Japan Version),2012-01-01,320.426,False,spotify_artist_monthly_listeners,193731,"193,731",5.287199120211757,,63.333333333333336,middle_third_vs_final_balanced,within_final_balanced_middle_range,30091.0,4.478139338658135,6.438170881658968,0.8090597815536222,,,,spotify_track_api_popularity,,,0,track,2026-07-24T08:36:00+00:00,Aysima Karçaaltıncaba,
recommended,weekly_recommendation,Week1_21July,1,Spotify,User5,5,experiment_results/Week1_21July/Spotify/User5/Week1_User5_spotify_metadata.csv,Week 1-User5,2iX1zNJBqgk2j4EIDozzWl,https://open.spotify.com/playlist/2iX1zNJBqgk2j4EIDozzWl,21,2rV29Dueq15Cq4IyFgINDL,https://open.spotify.com/track/2rV29Dueq15Cq4IyFgINDL,Set This World on Fire,Rage,5TJVsWPUaJxBxWfVZQEt2x,Unity,2002-03-13,306.146,False,spotify_artist_monthly_listeners,92170,"92,170",4.964589587489903,,60.0,middle_third_vs_final_balanced,within_final_balanced_middle_range,30091.0,4.478139338658135,3.063042105612974,0.48645024883176813,,,,spotify_track_api_popularity,,,0,track,2026-07-24T08:36:00+00:00,Aysima Karçaaltıncaba,
recommended,weekly_recommendation,Week1_21July,1,Spotify,User5,5,experiment_results/Week1_21July/Spotify/User5/Week1_User5_spotify_metadata.csv,Week 1-User5,2iX1zNJBqgk2j4EIDozzWl,https://open.spotify.com/playlist/2iX1zNJBqgk2j4EIDozzWl,22,4ZuNyr0qk8gckL98Oee0ld,https://open.spotify.com/track/4ZuNyr0qk8gckL98Oee0ld,Chains of Destiny,Rhapsody Of Fire,3IjLXN4eSksdGj8uDE4Jm1,Glory for Salvation,2021-11-26,235.093,False,spotify_artist_monthly_listeners,239721,"239,721",5.379706080694629,,66.66666666666667,middle_third_vs_final_balanced,between_final_balanced_tier_ranges,30091.0,4.478139338658135,7.966534844305606,0.9015667420364943,,,,spotify_track_api_popularity,,,0,track,2026-07-24T08:36:00+00:00,Aysima Karçaaltıncaba,
recommended,weekly_recommendation,Week1_21July,1,Spotify,User5,5,experiment_results/Week1_21July/Spotify/User5/Week1_User5_spotify_metadata.csv,Week 1-User5,2iX1zNJBqgk2j4EIDozzWl,https://open.spotify.com/playlist/2iX1zNJBqgk2j4EIDozzWl,23,01HSj8YdEgtcd5hrmZUQ6v,https://open.spotify.com/track/01HSj8YdEgtcd5hrmZUQ6v,As Long as I Fall,Helloween,4pQN0GB0fNEEOfQCaWotsY,Gambling with the Devil,2007-10-24,221.933,False,spotify_artist_monthly_listeners,1429906,"1,429,906",6.155307488497848,,80.0,top_third_vs_final_balanced,within_final_balanced_high_range,30091.0,4.478139338658135,47.51939118008707,1.677168149839713,,,,spotify_track_api_popularity,,,0,track,2026-07-24T08:36:00+00:00,Aysima Karçaaltıncaba,
recommended,weekly_recommendation,Week1_21July,1,Spotify,User5,5,experiment_results/Week1_21July/Spotify/User5/Week1_User5_spotify_metadata.csv,Week 1-User5,2iX1zNJBqgk2j4EIDozzWl,https://open.spotify.com/playlist/2iX1zNJBqgk2j4EIDozzWl,24,4i3L5DHB4W2CzKtaUdeDkC,https://open.spotify.com/track/4i3L5DHB4W2CzKtaUdeDkC,Wings of Steel,Wings of Steel,0y43lCvntQtyFlhCABGb0T,Wings of Steel,2022-03-11,203.546,False,spotify_artist_monthly_listeners,50778,"50,778",4.7056755912586725,,56.666666666666664,middle_third_vs_final_balanced,within_final_balanced_middle_range,30091.0,4.478139338658135,1.687481306703001,0.22753625260053756,,,,spotify_track_api_popularity,,,0,track,2026-07-24T08:36:00+00:00,Aysima Karçaaltıncaba,
recommended,weekly_recommendation,Week1_21July,1,Spotify,User5,5,experiment_results/Week1_21July/Spotify/User5/Week1_User5_spotify_metadata.csv,Week 1-User5,2iX1zNJBqgk2j4EIDozzWl,https://open.spotify.com/playlist/2iX1zNJBqgk2j4EIDozzWl,25,6bKdh1YoDfUMe4mx8mZ3D1,https://open.spotify.com/track/6bKdh1YoDfUMe4mx8mZ3D1,Only Human,At Vance,4alZ73UZp90icEjdKjSIxw,Only Human,2002-02-25,315.693,False,spotify_artist_monthly_listeners,111103,"111,103",5.045725785906262,,63.333333333333336,middle_third_vs_final_balanced,within_final_balanced_middle_range,30091.0,4.478139338658135,3.6922335582067727,0.5675864472481269,,,,spotify_track_api_popularity,,,0,track,2026-07-24T08:36:00+00:00,Aysima Karçaaltıncaba,
recommended,weekly_recommendation,Week1_21July,1,Spotify,User5,5,experiment_results/Week1_21July/Spotify/User5/Week1_User5_spotify_metadata.csv,Week 1-User5,2iX1zNJBqgk2j4EIDozzWl,https://open.spotify.com/playlist/2iX1zNJBqgk2j4EIDozzWl,26,6tTv9op5ImYyTmpN9jX7PK,https://open.spotify.com/track/6tTv9op5ImYyTmpN9jX7PK,Send Me a Sign,Gamma Ray,6LZE884lDIsCSLHuTplfGp,Power Plant,1999-03-29,246.866,False,spotify_artist_monthly_listeners,170740,"170,740",5.232335277085655,,63.333333333333336,middle_third_vs_final_balanced,within_final_balanced_middle_range,30091.0,4.478139338658135,5.674121830447642,0.7541959384275199,,,,spotify_track_api_popularity,,,0,track,2026-07-24T08:36:00+00:00,Aysima Karçaaltıncaba,
recommended,weekly_recommendation,Week1_21July,1,Spotify,User5,5,experiment_results/Week1_21July/Spotify/User5/Week1_User5_spotify_metadata.csv,Week 1-User5,2iX1zNJBqgk2j4EIDozzWl,https://open.spotify.com/playlist/2iX1zNJBqgk2j4EIDozzWl,27,2NCh5hwrluY1w5D3BxDXMq,https://open.spotify.com/track/2NCh5hwrluY1w5D3BxDXMq,Under Jolly Roger,Running Wild,7954VFaZClkL503srfV5PE,Under Jolly Roger,1987-01-01,282.560,False,spotify_artist_monthly_listeners,98617,"98,617",4.993951786845871,,60.0,middle_third_vs_final_balanced,within_final_balanced_middle_range,30091.0,4.478139338658135,3.27729221361869,0.5158124481877362,,,,spotify_track_api_popularity,,,0,track,2026-07-24T08:36:00+00:00,Aysima Karçaaltıncaba,
recommended,weekly_recommendation,Week1_21July,1,Spotify,User5,5,experiment_results/Week1_21July/Spotify/User5/Week1_User5_spotify_metadata.csv,Week 1-User5,2iX1zNJBqgk2j4EIDozzWl,https://open.spotify.com/playlist/2iX1zNJBqgk2j4EIDozzWl,28,4bUnDOBTWfvmUDePpdXQsx,https://open.spotify.com/track/4bUnDOBTWfvmUDePpdXQsx,Black Flag,Iced Earth,3KEixcRfBS5K3E91Vn1Kdy,Incorruptible,2017-06-16,296.640,False,spotify_artist_monthly_listeners,219161,"219,161",5.34076327339021,,66.66666666666667,middle_third_vs_final_balanced,between_final_balanced_tier_ranges,30091.0,4.478139338658135,7.283274068658403,0.862623934732075,,,,spotify_track_api_popularity,,,0,track,2026-07-24T08:36:00+00:00,Aysima Karçaaltıncaba,
recommended,weekly_recommendation,Week1_21July,1,Spotify,User5,5,experiment_results/Week1_21July/Spotify/User5/Week1_User5_spotify_metadata.csv,Week 1-User5,2iX1zNJBqgk2j4EIDozzWl,https://open.spotify.com/playlist/2iX1zNJBqgk2j4EIDozzWl,29,35TLynakKhHyg7FcONAypo,https://open.spotify.com/track/35TLynakKhHyg7FcONAypo,Center of the Universe,Kamelot,7gTbq5nTZGQIUgjEGXQpOS,Epica,2003-03-03,326.946,False,spotify_artist_monthly_listeners,346998,"346,998",5.5403269716454355,,66.66666666666667,middle_third_vs_final_balanced,between_final_balanced_tier_ranges,30091.0,4.478139338658135,11.531620750390482,1.0621876329873006,,,,spotify_track_api_popularity,,,0,track,2026-07-24T08:36:00+00:00,Aysima Karçaaltıncaba,
recommended,weekly_recommendation,Week1_21July,1,Spotify,User5,5,experiment_results/Week1_21July/Spotify/User5/Week1_User5_spotify_metadata.csv,Week 1-User5,2iX1zNJBqgk2j4EIDozzWl,https://open.spotify.com/playlist/2iX1zNJBqgk2j4EIDozzWl,30,31BIfWawTAEnp8KsAasy13,https://open.spotify.com/track/31BIfWawTAEnp8KsAasy13,Mindtraveller,Falconer,1UKdnbreQFDmPg3Mhcjhkr,Falconer,2001-05-08,345.573,False,spotify_artist_monthly_listeners,49330,"49,330",4.693111115462141,,56.666666666666664,middle_third_vs_final_balanced,within_final_balanced_middle_range,30091.0,4.478139338658135,1.6393606061613106,0.21497177680400625,,,,spotify_track_api_popularity,,,0,track,2026-07-24T08:36:00+00:00,Aysima Karçaaltıncaba,
recommended,weekly_recommendation,Week1_21July,1,Spotify,User6,6,experiment_results/Week1_21July/Spotify/User6/Week1_User6_spotify_metadata.csv,Week1-User6 ,1RNu19SNSendzk0U0m8DIW,https://open.spotify.com/playlist/1RNu19SNSendzk0U0m8DIW,1,2VS1jveuhfU7Latlgfh62T,https://open.spotify.com/track/2VS1jveuhfU7Latlgfh62T,Fields of Verdun,Sabaton,3o2dn2O0FCVsWDFSh8qxgG,The Great War,2019-07-19,197.413,False,spotify_artist_monthly_listeners,3115408,"3,115,408",6.493514930785041,,90.0,top_third_vs_final_balanced,within_final_balanced_high_range,30091.0,4.478139338658135,103.53288358645442,2.0153755921269063,,,,spotify_track_api_popularity,,,0,track,2026-07-24T08:36:00+00:00,Aysima Karçaaltıncaba,
recommended,weekly_recommendation,Week1_21July,1,Spotify,User6,6,experiment_results/Week1_21July/Spotify/User6/Week1_User6_spotify_metadata.csv,Week1-User6 ,1RNu19SNSendzk0U0m8DIW,https://open.spotify.com/playlist/1RNu19SNSendzk0U0m8DIW,2,7K8tplxNrEPRR2wcc6y0xT,https://open.spotify.com/track/7K8tplxNrEPRR2wcc6y0xT,At the End of the Rainbow,HammerFall,2o18h28enlHxj887tATc58,Legacy of Kings,1998-09-28,245.973,False,spotify_artist_monthly_listeners,858884,"858,884",5.93393451242058,,73.33333333333333,top_third_vs_final_balanced,within_final_balanced_high_range,30091.0,4.478139338658135,28.542886577381942,1.4557951737624446,,,,spotify_track_api_popularity,,,0,track,2026-07-24T08:36:00+00:00,Aysima Karçaaltıncaba,
recommended,weekly_recommendation,Week1_21July,1,Spotify,User6,6,experiment_results/Week1_21July/Spotify/User6/Week1_User6_spotify_metadata.csv,Week1-User6 ,1RNu19SNSendzk0U0m8DIW,https://open.spotify.com/playlist/1RNu19SNSendzk0U0m8DIW,3,4mJmi9z3o1B6k2vry39Ufh,https://open.spotify.com/track/4mJmi9z3o1B6k2vry39Ufh,Heavy Metal Never Dies,Iron Savior,6COmyouHXwCeIGS1IFd1PA,The Landing,2011-11-18,254.386,False,spotify_artist_monthly_listeners,57678,"57,678",4.761010192695719,,56.666666666666664,middle_third_vs_final_balanced,within_final_balanced_middle_range,30091.0,4.478139338658135,1.9167857498919942,0.2828708540375837,,,,spotify_track_api_popularity,,,0,track,2026-07-24T08:36:00+00:00,Aysima Karçaaltıncaba,
recommended,weekly_recommendation,Week1_21July,1,Spotify,User6,6,experiment_results/Week1_21July/Spotify/User6/Week1_User6_spotify_metadata.csv,Week1-User6 ,1RNu19SNSendzk0U0m8DIW,https://open.spotify.com/playlist/1RNu19SNSendzk0U0m8DIW,4,3hfgxj1PpTUUdgU0P8Nt7e,https://open.spotify.com/track/3hfgxj1PpTUUdgU0P8Nt7e,Down from the Mountain,Allen Lande,2hxa4ytcni5FUIK8IR27tX,The Great Divide,2014-10-17,246.295,False,spotify_artist_monthly_listeners,53997,"53,997",4.732369631681519,,56.666666666666664,middle_third_vs_final_balanced,within_final_balanced_middle_range,30091.0,4.478139338658135,1.794456814329866,0.25423029302338396,,,,spotify_track_api_popularity,,,0,track,2026-07-24T08:36:00+00:00,Aysima Karçaaltıncaba,
recommended,weekly_recommendation,Week1_21July,1,Spotify,User6,6,experiment_results/Week1_21July/Spotify/User6/Week1_User6_spotify_metadata.csv,Week1-User6 ,1RNu19SNSendzk0U0m8DIW,https://open.spotify.com/playlist/1RNu19SNSendzk0U0m8DIW,5,09OnB8xeghs8FRnu4dJKmU,https://open.spotify.com/track/09OnB8xeghs8FRnu4dJKmU,Still Alive,Nocturnal Rites,0dSoaJ8iEP3aid30p18O2g,Grand Illusion,2006-07-13,242.626,False,spotify_artist_monthly_listeners,25447,"25,447",4.405636589806667,,40.0,middle_third_vs_final_balanced,within_final_balanced_middle_range,30091.0,4.478139338658135,0.8456681399754079,-0.07250274885146801,,,,spotify_track_api_popularity,,,0,track,2026-07-24T08:36:00+00:00,Aysima Karçaaltıncaba,
recommended,weekly_recommendation,Week1_21July,1,Spotify,User6,6,experiment_results/Week1_21July/Spotify/User6/Week1_User6_spotify_metadata.csv,Week1-User6 ,1RNu19SNSendzk0U0m8DIW,https://open.spotify.com/playlist/1RNu19SNSendzk0U0m8DIW,6,0V2Jge35CQn1Hc9hNBmdbm,https://open.spotify.com/track/0V2Jge35CQn1Hc9hNBmdbm,The End Is Near,Primal Fear,1yfiDL3YUEJlQCgb5Pun6g,Rulebreaker,2016-01-29,266.964,False,spotify_artist_monthly_listeners,105691,"105,691",5.024038007016501,,60.0,middle_third_vs_final_balanced,within_final_balanced_middle_range,30091.0,4.478139338658135,3.512379116679406,0.5458986683583662,,,,spotify_track_api_popularity,,,0,track,2026-07-24T08:36:00+00:00,Aysima Karçaaltıncaba,
recommended,weekly_recommendation,Week1_21July,1,Spotify,User6,6,experiment_results/Week1_21July/Spotify/User6/Week1_User6_spotify_metadata.csv,Week1-User6 ,1RNu19SNSendzk0U0m8DIW,https://open.spotify.com/playlist/1RNu19SNSendzk0U0m8DIW,7,7fkcqrzdbgIa4vthgYN3vs,https://open.spotify.com/track/7fkcqrzdbgIa4vthgYN3vs,Unisonic,Unisonic,3DDcmHnwKjM4sQ8qm34JMU,Unisonic,2012-03-30,205.866,False,spotify_artist_monthly_listeners,28965,"28,965",4.461873532835076,,46.666666666666664,middle_third_vs_final_balanced,within_final_balanced_middle_range,30091.0,4.478139338658135,0.9625801734737961,-0.0162658058230587,,,,spotify_track_api_popularity,,,0,track,2026-07-24T08:36:00+00:00,Aysima Karçaaltıncaba,
recommended,weekly_recommendation,Week1_21July,1,Spotify,User6,6,experiment_results/Week1_21July/Spotify/User6/Week1_User6_spotify_metadata.csv,Week1-User6 ,1RNu19SNSendzk0U0m8DIW,https://open.spotify.com/playlist/1RNu19SNSendzk0U0m8DIW,8,1P5B3ARqjPkB9yCNPZq9jV,https://open.spotify.com/track/1P5B3ARqjPkB9yCNPZq9jV,Rebellion (The Clans Are Marching) - Remastered Version,Grave Digger,6mfghV4I1CD17FOhDKq7cJ,Tunes Of War (Remastered 2006),1996,244.760,False,spotify_artist_monthly_listeners,74393,"74,393",4.871532072583568,,60.0,middle_third_vs_final_balanced,within_final_balanced_middle_range,30091.0,4.478139338658135,2.472267455385331,0.39339273392543284,,,,spotify_track_api_popularity,,,0,track,2026-07-24T08:36:00+00:00,Aysima Karçaaltıncaba,
recommended,weekly_recommendation,Week1_21July,1,Spotify,User6,6,experiment_results/Week1_21July/Spotify/User6/Week1_User6_spotify_metadata.csv,Week1-User6 ,1RNu19SNSendzk0U0m8DIW,https://open.spotify.com/playlist/1RNu19SNSendzk0U0m8DIW,9,5WEqHNtlbM2mv4k7u9DB4Y,https://open.spotify.com/track/5WEqHNtlbM2mv4k7u9DB4Y,Nosferatu,Bloodbound,6nf7iwR6AoROxfUKZWd1r6,Nosferatu,2006-01-31,383.626,False,spotify_artist_monthly_listeners,295782,"295,782",5.470971741200654,,66.66666666666667,middle_third_vs_final_balanced,between_final_balanced_tier_ranges,30091.0,4.478139338658135,9.82958359642418,0.9928324025425193,,,,spotify_track_api_popularity,,,0,track,2026-07-24T08:36:00+00:00,Aysima Karçaaltıncaba,
recommended,weekly_recommendation,Week1_21July,1,Spotify,User6,6,experiment_results/Week1_21July/Spotify/User6/Week1_User6_spotify_metadata.csv,Week1-User6 ,1RNu19SNSendzk0U0m8DIW,https://open.spotify.com/playlist/1RNu19SNSendzk0U0m8DIW,10,07Vk1JPd5MgBJxdrMpnLNh,https://open.spotify.com/track/07Vk1JPd5MgBJxdrMpnLNh,The Book of Heavy Metal (March of the Metallians),Dream Evil,1bkf8u8ot6vEpWTJFBzKZB,The Book of Heavy Metal,2004-07-13,325.800,False,spotify_artist_monthly_listeners,167499,"167,499",5.2240122185622475,,63.333333333333336,middle_third_vs_final_balanced,within_final_balanced_middle_range,30091.0,4.478139338658135,5.566415207204812,0.7458728799041126,,,,spotify_track_api_popularity,,,0,track,2026-07-24T08:36:00+00:00,Aysima Karçaaltıncaba,
recommended,weekly_recommendation,Week1_21July,1,Spotify,User6,6,experiment_results/Week1_21July/Spotify/User6/Week1_User6_spotify_metadata.csv,Week1-User6 ,1RNu19SNSendzk0U0m8DIW,https://open.spotify.com/playlist/1RNu19SNSendzk0U0m8DIW,11,7ht4SHDXCtttLSabtIQ9XA,https://open.spotify.com/track/7ht4SHDXCtttLSabtIQ9XA,Eagleheart,Stratovarius,1O8CSXsPwEqxcoBE360PPO,"Elements, Pt. 1&2 (Complete Edition)",2014-12-05,230.266,False,spotify_artist_monthly_listeners,845438,"845,438",5.927081764216234,,73.33333333333333,top_third_vs_final_balanced,within_final_balanced_high_range,30091.0,4.478139338658135,28.09604200591539,1.4489424255580987,,,,spotify_track_api_popularity,,,0,track,2026-07-24T08:36:00+00:00,Aysima Karçaaltıncaba,
recommended,weekly_recommendation,Week1_21July,1,Spotify,User6,6,experiment_results/Week1_21July/Spotify/User6/Week1_User6_spotify_metadata.csv,Week1-User6 ,1RNu19SNSendzk0U0m8DIW,https://open.spotify.com/playlist/1RNu19SNSendzk0U0m8DIW,12,1rfztlEkSrTzBbHz7xRC29,https://open.spotify.com/track/1rfztlEkSrTzBbHz7xRC29,Back for More,Pyramaze,23jSIm8VfKV2HaQJtfR3PK,Disciples of the Sun,2015-05-22,262.320,False,spotify_artist_monthly_listeners,28922,"28,922",4.46122832178055,,46.666666666666664,middle_third_vs_final_balanced,within_final_balanced_middle_range,30091.0,4.478139338658135,0.9611511747698648,-0.016911016877585006,,,,spotify_track_api_popularity,,,0,track,2026-07-24T08:36:00+00:00,Aysima Karçaaltıncaba,
recommended,weekly_recommendation,Week1_21July,1,Spotify,User6,6,experiment_results/Week1_21July/Spotify/User6/Week1_User6_spotify_metadata.csv,Week1-User6 ,1RNu19SNSendzk0U0m8DIW,https://open.spotify.com/playlist/1RNu19SNSendzk0U0m8DIW,13,02XVxzkohYQ1oLrjY6AUAC,https://open.spotify.com/track/02XVxzkohYQ1oLrjY6AUAC,Lady in Black,Ensiferum,0krXCIkthz13P8o0v2tksH,Suomi Warmetal,2020-10-21,272.822,False,spotify_artist_monthly_listeners,193731,"193,731",5.287199120211757,,63.333333333333336,middle_third_vs_final_balanced,within_final_balanced_middle_range,30091.0,4.478139338658135,6.438170881658968,0.8090597815536222,,,,spotify_track_api_popularity,,,0,track,2026-07-24T08:36:00+00:00,Aysima Karçaaltıncaba,
recommended,weekly_recommendation,Week1_21July,1,Spotify,User6,6,experiment_results/Week1_21July/Spotify/User6/Week1_User6_spotify_metadata.csv,Week1-User6 ,1RNu19SNSendzk0U0m8DIW,https://open.spotify.com/playlist/1RNu19SNSendzk0U0m8DIW,14,5oJE6PFEhiRnY7SCspZF4k,https://open.spotify.com/track/5oJE6PFEhiRnY7SCspZF4k,Freedom Call,Freedom Call,55RDuy7cQW2Dqrcz3Jjl6F,Crystal Empire,2001-01-22,319.280,False,spotify_artist_monthly_listeners,97053,"97,053",4.987008964384957,,60.0,middle_third_vs_final_balanced,within_final_balanced_middle_range,30091.0,4.478139338658135,3.2253165398291848,0.5088696257268222,,,,spotify_track_api_popularity,,,0,track,2026-07-24T08:36:00+00:00,Aysima Karçaaltıncaba,
recommended,weekly_recommendation,Week1_21July,1,Spotify,User6,6,experiment_results/Week1_21July/Spotify/User6/Week1_User6_spotify_metadata.csv,Week1-User6 ,1RNu19SNSendzk0U0m8DIW,https://open.spotify.com/playlist/1RNu19SNSendzk0U0m8DIW,15,02A6THLfQXvqrx9IEMkQfJ,https://open.spotify.com/track/02A6THLfQXvqrx9IEMkQfJ,Out of Control,Battle Beast,7k5jeohQCF20a8foBD9ize,Battle Beast,2013-05-17,227.280,False,spotify_artist_monthly_listeners,586305,"586,305",5.768123597857235,,70.0,top_third_vs_final_balanced,within_final_balanced_high_range,30091.0,4.478139338658135,19.48439732810475,1.2899842591991,,,,spotify_track_api_popularity,,,0,track,2026-07-24T08:36:00+00:00,Aysima Karçaaltıncaba,
recommended,weekly_recommendation,Week1_21July,1,Spotify,User6,6,experiment_results/Week1_21July/Spotify/User6/Week1_User6_spotify_metadata.csv,Week1-User6 ,1RNu19SNSendzk0U0m8DIW,https://open.spotify.com/playlist/1RNu19SNSendzk0U0m8DIW,16,2x9DbLmcA7V3OZQHSq7I4L,https://open.spotify.com/track/2x9DbLmcA7V3OZQHSq7I4L,"Silent Night, Bodom Night",Children Of Bodom,1xUhNgw4eJDZfvumIpcz1B,Hatebreeder,1999-05-03,192.760,False,spotify_artist_monthly_listeners,758547,"758,547",5.8799824950875115,,73.33333333333333,top_third_vs_final_balanced,within_final_balanced_high_range,30091.0,4.478139338658135,25.208434415605996,1.4018431564293765,,,,spotify_track_api_popularity,,,0,track,2026-07-24T08:36:00+00:00,Aysima Karçaaltıncaba,
recommended,weekly_recommendation,Week1_21July,1,Spotify,User6,6,experiment_results/Week1_21July/Spotify/User6/Week1_User6_spotify_metadata.csv,Week1-User6 ,1RNu19SNSendzk0U0m8DIW,https://open.spotify.com/playlist/1RNu19SNSendzk0U0m8DIW,17,3tuCmmn6JmRXPln2Zt7KyI,https://open.spotify.com/track/3tuCmmn6JmRXPln2Zt7KyI,Brothers Of Metal (Part 1),Manowar,4CzUzn54Cp9TQr6a7JIlMZ,Louder Than Hell,1996-01-01,234.640,False,spotify_artist_monthly_listeners,1035240,"1,035,240",6.015041044085505,,73.33333333333333,top_third_vs_final_balanced,within_final_balanced_high_range,30091.0,4.478139338658135,34.40364228506863,1.5369017054273701,,,,spotify_track_api_popularity,,,0,track,2026-07-24T08:36:00+00:00,Aysima Karçaaltıncaba,
recommended,weekly_recommendation,Week1_21July,1,Spotify,User6,6,experiment_results/Week1_21July/Spotify/User6/Week1_User6_spotify_metadata.csv,Week1-User6 ,1RNu19SNSendzk0U0m8DIW,https://open.spotify.com/playlist/1RNu19SNSendzk0U0m8DIW,18,4gFhLQA90CAFuS0Ma8aIiX,https://open.spotify.com/track/4gFhLQA90CAFuS0Ma8aIiX,Mirror Mirror - Remastered 2007,Blind Guardian,7jxJ25p0pPjk0MStloN6o6,Nightfall in Middle Earth (Remastered 2007),1998-04-28,306.013,False,spotify_artist_monthly_listeners,594132,"594,132",5.7738829441443285,,70.0,top_third_vs_final_balanced,within_final_balanced_high_range,30091.0,4.478139338658135,19.744508324748264,1.2957436054861935,,,,spotify_track_api_popularity,,,0,track,2026-07-24T08:36:00+00:00,Aysima Karçaaltıncaba,
recommended,weekly_recommendation,Week1_21July,1,Spotify,User6,6,experiment_results/Week1_21July/Spotify/User6/Week1_User6_spotify_metadata.csv,Week1-User6 ,1RNu19SNSendzk0U0m8DIW,https://open.spotify.com/playlist/1RNu19SNSendzk0U0m8DIW,19,4wEtmW6jIuPQ8NTYHbkOGm,https://open.spotify.com/track/4wEtmW6jIuPQ8NTYHbkOGm,King of Fools,Edguy,3AGFqPP3gt5rMSvhR87Xxu,The Singles,2008-11-14,215.320,False,spotify_artist_monthly_listeners,290277,"290,277",5.462812626018371,,66.66666666666667,middle_third_vs_final_balanced,between_final_balanced_tier_ranges,30091.0,4.478139338658135,9.64663852979296,0.984673287360236,,,,spotify_track_api_popularity,,,0,track,2026-07-24T08:36:00+00:00,Aysima Karçaaltıncaba,
recommended,weekly_recommendation,Week1_21July,1,Spotify,User6,6,experiment_results/Week1_21July/Spotify/User6/Week1_User6_spotify_metadata.csv,Week1-User6 ,1RNu19SNSendzk0U0m8DIW,https://open.spotify.com/playlist/1RNu19SNSendzk0U0m8DIW,20,2cxtdKFeXk4F10nd8TZORl,https://open.spotify.com/track/2cxtdKFeXk4F10nd8TZORl,Kind Hearted Light,Masterplan,1OHNvr18TssBKYK0A75yvx,Masterplan,2003-01-20,265.773,False,spotify_artist_monthly_listeners,184836,"184,836",5.266786561465773,,63.333333333333336,middle_third_vs_final_balanced,within_final_balanced_middle_range,30091.0,4.478139338658135,6.142567545113157,0.7886472228076382,,,,spotify_track_api_popularity,,,0,track,2026-07-24T08:36:00+00:00,Aysima Karçaaltıncaba,
recommended,weekly_recommendation,Week1_21July,1,Spotify,User6,6,experiment_results/Week1_21July/Spotify/User6/Week1_User6_spotify_metadata.csv,Week1-User6 ,1RNu19SNSendzk0U0m8DIW,https://open.spotify.com/playlist/1RNu19SNSendzk0U0m8DIW,21,0WTbXgGmirq6A9LfzHg2uA,https://open.spotify.com/track/0WTbXgGmirq6A9LfzHg2uA,The Cage,Sonata Arctica,5YeoQ1L71cXDMpSpqxOjfH,Winterheart's Guild,2002-01-01,275.440,False,spotify_artist_monthly_listeners,445224,"445,224",5.6485785671330895,,66.66666666666667,middle_third_vs_final_balanced,between_final_balanced_tier_ranges,30091.0,4.478139338658135,14.795919045561796,1.1704392284749545,,,,spotify_track_api_popularity,,,0,track,2026-07-24T08:36:00+00:00,Aysima Karçaaltıncaba,
recommended,weekly_recommendation,Week1_21July,1,Spotify,User6,6,experiment_results/Week1_21July/Spotify/User6/Week1_User6_spotify_metadata.csv,Week1-User6 ,1RNu19SNSendzk0U0m8DIW,https://open.spotify.com/playlist/1RNu19SNSendzk0U0m8DIW,22,2NCh5hwrluY1w5D3BxDXMq,https://open.spotify.com/track/2NCh5hwrluY1w5D3BxDXMq,Under Jolly Roger,Running Wild,7954VFaZClkL503srfV5PE,Under Jolly Roger,1987-01-01,282.560,False,spotify_artist_monthly_listeners,98617,"98,617",4.993951786845871,,60.0,middle_third_vs_final_balanced,within_final_balanced_middle_range,30091.0,4.478139338658135,3.27729221361869,0.5158124481877362,,,,spotify_track_api_popularity,,,0,track,2026-07-24T08:36:00+00:00,Aysima Karçaaltıncaba,
recommended,weekly_recommendation,Week1_21July,1,Spotify,User6,6,experiment_results/Week1_21July/Spotify/User6/Week1_User6_spotify_metadata.csv,Week1-User6 ,1RNu19SNSendzk0U0m8DIW,https://open.spotify.com/playlist/1RNu19SNSendzk0U0m8DIW,23,1OMplIvNpCVCYirUTXF07d,https://open.spotify.com/track/1OMplIvNpCVCYirUTXF07d,Together We Rise,Wind Rose,67ps5pbKVO7V9Fcb4lTIXz,Warfront,2022-06-10,302.628,False,spotify_artist_monthly_listeners,701253,"701,253",5.8458747322045514,,70.0,top_third_vs_final_balanced,within_final_balanced_high_range,30091.0,4.478139338658135,23.30440995646539,1.3677353935464165,,,,spotify_track_api_popularity,,,0,track,2026-07-24T08:36:00+00:00,Aysima Karçaaltıncaba,
recommended,weekly_recommendation,Week1_21July,1,Spotify,User6,6,experiment_results/Week1_21July/Spotify/User6/Week1_User6_spotify_metadata.csv,Week1-User6 ,1RNu19SNSendzk0U0m8DIW,https://open.spotify.com/playlist/1RNu19SNSendzk0U0m8DIW,24,1ryaGBXdSgLMvWjFOyTaGg,https://open.spotify.com/track/1ryaGBXdSgLMvWjFOyTaGg,Genghis Khan (feat. Orden Ogan),Warkings,7DXUeaMULtMVFmmaKFzH3E,Armageddon,2025-07-04,207.680,False,spotify_artist_monthly_listeners,84187,"84,187",4.92524503373063,,60.0,middle_third_vs_final_balanced,within_final_balanced_middle_range,30091.0,4.478139338658135,2.7977468346017083,0.4471056950724952,,,,spotify_track_api_popularity,,,0,track,2026-07-24T08:36:00+00:00,Aysima Karçaaltıncaba,
recommended,weekly_recommendation,Week1_21July,1,Spotify,User6,6,experiment_results/Week1_21July/Spotify/User6/Week1_User6_spotify_metadata.csv,Week1-User6 ,1RNu19SNSendzk0U0m8DIW,https://open.spotify.com/playlist/1RNu19SNSendzk0U0m8DIW,25,31BIfWawTAEnp8KsAasy13,https://open.spotify.com/track/31BIfWawTAEnp8KsAasy13,Mindtraveller,Falconer,1UKdnbreQFDmPg3Mhcjhkr,Falconer,2001-05-08,345.573,False,spotify_artist_monthly_listeners,49330,"49,330",4.693111115462141,,56.666666666666664,middle_third_vs_final_balanced,within_final_balanced_middle_range,30091.0,4.478139338658135,1.6393606061613106,0.21497177680400625,,,,spotify_track_api_popularity,,,0,track,2026-07-24T08:36:00+00:00,Aysima Karçaaltıncaba,
recommended,weekly_recommendation,Week1_21July,1,Spotify,User6,6,experiment_results/Week1_21July/Spotify/User6/Week1_User6_spotify_metadata.csv,Week1-User6 ,1RNu19SNSendzk0U0m8DIW,https://open.spotify.com/playlist/1RNu19SNSendzk0U0m8DIW,26,2rV29Dueq15Cq4IyFgINDL,https://open.spotify.com/track/2rV29Dueq15Cq4IyFgINDL,Set This World on Fire,Rage,5TJVsWPUaJxBxWfVZQEt2x,Unity,2002-03-13,306.146,False,spotify_artist_monthly_listeners,92170,"92,170",4.964589587489903,,60.0,middle_third_vs_final_balanced,within_final_balanced_middle_range,30091.0,4.478139338658135,3.063042105612974,0.48645024883176813,,,,spotify_track_api_popularity,,,0,track,2026-07-24T08:36:00+00:00,Aysima Karçaaltıncaba,
recommended,weekly_recommendation,Week1_21July,1,Spotify,User6,6,experiment_results/Week1_21July/Spotify/User6/Week1_User6_spotify_metadata.csv,Week1-User6 ,1RNu19SNSendzk0U0m8DIW,https://open.spotify.com/playlist/1RNu19SNSendzk0U0m8DIW,27,15tb65IQDLvVlz8znIQfAu,https://open.spotify.com/track/15tb65IQDLvVlz8znIQfAu,Voyage of the Dead Marauder (feat. Patty Gurdy),Alestorm,3OpqU68JpZlzvjAJj3B2Da,Voyage of the Dead Marauder,2024-02-14,267.530,False,spotify_artist_monthly_listeners,681067,"681,067",5.833189837755656,,70.0,top_third_vs_final_balanced,within_final_balanced_high_range,30091.0,4.478139338658135,22.633578146289587,1.355050499097521,,,,spotify_track_api_popularity,,,0,track,2026-07-24T08:36:00+00:00,Aysima Karçaaltıncaba,
recommended,weekly_recommendation,Week1_21July,1,Spotify,User6,6,experiment_results/Week1_21July/Spotify/User6/Week1_User6_spotify_metadata.csv,Week1-User6 ,1RNu19SNSendzk0U0m8DIW,https://open.spotify.com/playlist/1RNu19SNSendzk0U0m8DIW,28,4bUnDOBTWfvmUDePpdXQsx,https://open.spotify.com/track/4bUnDOBTWfvmUDePpdXQsx,Black Flag,Iced Earth,3KEixcRfBS5K3E91Vn1Kdy,Incorruptible,2017-06-16,296.640,False,spotify_artist_monthly_listeners,219161,"219,161",5.34076327339021,,66.66666666666667,middle_third_vs_final_balanced,between_final_balanced_tier_ranges,30091.0,4.478139338658135,7.283274068658403,0.862623934732075,,,,spotify_track_api_popularity,,,0,track,2026-07-24T08:36:00+00:00,Aysima Karçaaltıncaba,
recommended,weekly_recommendation,Week1_21July,1,Spotify,User6,6,experiment_results/Week1_21July/Spotify/User6/Week1_User6_spotify_metadata.csv,Week1-User6 ,1RNu19SNSendzk0U0m8DIW,https://open.spotify.com/playlist/1RNu19SNSendzk0U0m8DIW,29,1NQCQj6x94ZBEPSODneBHw,https://open.spotify.com/track/1NQCQj6x94ZBEPSODneBHw,The Village of Dwarves,Rhapsody,0zQfrabOFYf36Ikb6PXcCY,Dawn of Victory,2000,232.173,False,spotify_artist_monthly_listeners,368660,"368,660",5.566626018751573,,66.66666666666667,middle_third_vs_final_balanced,between_final_balanced_tier_ranges,30091.0,4.478139338658135,12.251503771891928,1.088486680093438,,,,spotify_track_api_popularity,,,0,track,2026-07-24T08:36:00+00:00,Aysima Karçaaltıncaba,
recommended,weekly_recommendation,Week1_21July,1,Spotify,User6,6,experiment_results/Week1_21July/Spotify/User6/Week1_User6_spotify_metadata.csv,Week1-User6 ,1RNu19SNSendzk0U0m8DIW,https://open.spotify.com/playlist/1RNu19SNSendzk0U0m8DIW,30,6tTv9op5ImYyTmpN9jX7PK,https://open.spotify.com/track/6tTv9op5ImYyTmpN9jX7PK,Send Me a Sign,Gamma Ray,6LZE884lDIsCSLHuTplfGp,Power Plant,1999-03-29,246.866,False,spotify_artist_monthly_listeners,170740,"170,740",5.232335277085655,,63.333333333333336,middle_third_vs_final_balanced,within_final_balanced_middle_range,30091.0,4.478139338658135,5.674121830447642,0.7541959384275199,,,,spotify_track_api_popularity,,,0,track,2026-07-24T08:36:00+00:00,Aysima Karçaaltıncaba,
recommended,weekly_recommendation,Week1_21July,1,Spotify,User7,7,experiment_results/Week1_21July/Spotify/User7/Week1_User7_spotify_metadata.csv,Week 1-User7,5VlUNznEaGQKKZNZl1o67Z,https://open.spotify.com/playlist/5VlUNznEaGQKKZNZl1o67Z,1,4fmr8c3rh0dUKjw14UGfaH,https://open.spotify.com/track/4fmr8c3rh0dUKjw14UGfaH,Great War,Sabaton,3o2dn2O0FCVsWDFSh8qxgG,The Great War,2019-07-19,268.266,False,spotify_artist_monthly_listeners,3115408,"3,115,408",6.493514930785041,,90.0,top_third_vs_final_balanced,within_final_balanced_high_range,30091.0,4.478139338658135,103.53288358645442,2.0153755921269063,,,,spotify_track_api_popularity,,,0,track,2026-07-24T08:36:00+00:00,Aysima Karçaaltıncaba,
recommended,weekly_recommendation,Week1_21July,1,Spotify,User7,7,experiment_results/Week1_21July/Spotify/User7/Week1_User7_spotify_metadata.csv,Week 1-User7,5VlUNznEaGQKKZNZl1o67Z,https://open.spotify.com/playlist/5VlUNznEaGQKKZNZl1o67Z,2,18S33odAheWBHbVAefiRLM,https://open.spotify.com/track/18S33odAheWBHbVAefiRLM,Last Man Standing,HammerFall,2o18h28enlHxj887tATc58,Any Means Necessary,2009-02-06,270.233,False,spotify_artist_monthly_listeners,858884,"858,884",5.93393451242058,,73.33333333333333,top_third_vs_final_balanced,within_final_balanced_high_range,30091.0,4.478139338658135,28.542886577381942,1.4557951737624446,,,,spotify_track_api_popularity,,,0,track,2026-07-24T08:36:00+00:00,Aysima Karçaaltıncaba,
recommended,weekly_recommendation,Week1_21July,1,Spotify,User7,7,experiment_results/Week1_21July/Spotify/User7/Week1_User7_spotify_metadata.csv,Week 1-User7,5VlUNznEaGQKKZNZl1o67Z,https://open.spotify.com/playlist/5VlUNznEaGQKKZNZl1o67Z,3,0wwAkc9n9SfV27COAK2AUH,https://open.spotify.com/track/0wwAkc9n9SfV27COAK2AUH,Iron,Ensiferum,0krXCIkthz13P8o0v2tksH,Iron,2008-01-01,233.186,False,spotify_artist_monthly_listeners,193731,"193,731",5.287199120211757,,63.333333333333336,middle_third_vs_final_balanced,within_final_balanced_middle_range,30091.0,4.478139338658135,6.438170881658968,0.8090597815536222,,,,spotify_track_api_popularity,,,0,track,2026-07-24T08:36:00+00:00,Aysima Karçaaltıncaba,
recommended,weekly_recommendation,Week1_21July,1,Spotify,User7,7,experiment_results/Week1_21July/Spotify/User7/Week1_User7_spotify_metadata.csv,Week 1-User7,5VlUNznEaGQKKZNZl1o67Z,https://open.spotify.com/playlist/5VlUNznEaGQKKZNZl1o67Z,4,09OnB8xeghs8FRnu4dJKmU,https://open.spotify.com/track/09OnB8xeghs8FRnu4dJKmU,Still Alive,Nocturnal Rites,0dSoaJ8iEP3aid30p18O2g,Grand Illusion,2006-07-13,242.626,False,spotify_artist_monthly_listeners,25447,"25,447",4.405636589806667,,40.0,middle_third_vs_final_balanced,within_final_balanced_middle_range,30091.0,4.478139338658135,0.8456681399754079,-0.07250274885146801,,,,spotify_track_api_popularity,,,0,track,2026-07-24T08:36:00+00:00,Aysima Karçaaltıncaba,
recommended,weekly_recommendation,Week1_21July,1,Spotify,User7,7,experiment_results/Week1_21July/Spotify/User7/Week1_User7_spotify_metadata.csv,Week 1-User7,5VlUNznEaGQKKZNZl1o67Z,https://open.spotify.com/playlist/5VlUNznEaGQKKZNZl1o67Z,5,4mJmi9z3o1B6k2vry39Ufh,https://open.spotify.com/track/4mJmi9z3o1B6k2vry39Ufh,Heavy Metal Never Dies,Iron Savior,6COmyouHXwCeIGS1IFd1PA,The Landing,2011-11-18,254.386,False,spotify_artist_monthly_listeners,57678,"57,678",4.761010192695719,,56.666666666666664,middle_third_vs_final_balanced,within_final_balanced_middle_range,30091.0,4.478139338658135,1.9167857498919942,0.2828708540375837,,,,spotify_track_api_popularity,,,0,track,2026-07-24T08:36:00+00:00,Aysima Karçaaltıncaba,
recommended,weekly_recommendation,Week1_21July,1,Spotify,User7,7,experiment_results/Week1_21July/Spotify/User7/Week1_User7_spotify_metadata.csv,Week 1-User7,5VlUNznEaGQKKZNZl1o67Z,https://open.spotify.com/playlist/5VlUNznEaGQKKZNZl1o67Z,6,4gFhLQA90CAFuS0Ma8aIiX,https://open.spotify.com/track/4gFhLQA90CAFuS0Ma8aIiX,Mirror Mirror - Remastered 2007,Blind Guardian,7jxJ25p0pPjk0MStloN6o6,Nightfall in Middle Earth (Remastered 2007),1998-04-28,306.013,False,spotify_artist_monthly_listeners,594132,"594,132",5.7738829441443285,,70.0,top_third_vs_final_balanced,within_final_balanced_high_range,30091.0,4.478139338658135,19.744508324748264,1.2957436054861935,,,,spotify_track_api_popularity,,,0,track,2026-07-24T08:36:00+00:00,Aysima Karçaaltıncaba,
recommended,weekly_recommendation,Week1_21July,1,Spotify,User7,7,experiment_results/Week1_21July/Spotify/User7/Week1_User7_spotify_metadata.csv,Week 1-User7,5VlUNznEaGQKKZNZl1o67Z,https://open.spotify.com/playlist/5VlUNznEaGQKKZNZl1o67Z,7,3HQVanEnLlPtywbJai0uiG,https://open.spotify.com/track/3HQVanEnLlPtywbJai0uiG,Hunting High And Low,Stratovarius,1O8CSXsPwEqxcoBE360PPO,Infinite,2000-03-28,248.666,False,spotify_artist_monthly_listeners,845438,"845,438",5.927081764216234,,73.33333333333333,top_third_vs_final_balanced,within_final_balanced_high_range,30091.0,4.478139338658135,28.09604200591539,1.4489424255580987,,,,spotify_track_api_popularity,,,0,track,2026-07-24T08:36:00+00:00,Aysima Karçaaltıncaba,
recommended,weekly_recommendation,Week1_21July,1,Spotify,User7,7,experiment_results/Week1_21July/Spotify/User7/Week1_User7_spotify_metadata.csv,Week 1-User7,5VlUNznEaGQKKZNZl1o67Z,https://open.spotify.com/playlist/5VlUNznEaGQKKZNZl1o67Z,8,5HkvAtKEPDLmchWYmepqYB,https://open.spotify.com/track/5HkvAtKEPDLmchWYmepqYB,Hail and Kill,Manowar,4CzUzn54Cp9TQr6a7JIlMZ,Kings of Metal,1988-11-01,357.026,False,spotify_artist_monthly_listeners,1035240,"1,035,240",6.015041044085505,,73.33333333333333,top_third_vs_final_balanced,within_final_balanced_high_range,30091.0,4.478139338658135,34.40364228506863,1.5369017054273701,,,,spotify_track_api_popularity,,,0,track,2026-07-24T08:36:00+00:00,Aysima Karçaaltıncaba,
recommended,weekly_recommendation,Week1_21July,1,Spotify,User7,7,experiment_results/Week1_21July/Spotify/User7/Week1_User7_spotify_metadata.csv,Week 1-User7,5VlUNznEaGQKKZNZl1o67Z,https://open.spotify.com/playlist/5VlUNznEaGQKKZNZl1o67Z,9,4wEtmW6jIuPQ8NTYHbkOGm,https://open.spotify.com/track/4wEtmW6jIuPQ8NTYHbkOGm,King of Fools,Edguy,3AGFqPP3gt5rMSvhR87Xxu,The Singles,2008-11-14,215.320,False,spotify_artist_monthly_listeners,290277,"290,277",5.462812626018371,,66.66666666666667,middle_third_vs_final_balanced,between_final_balanced_tier_ranges,30091.0,4.478139338658135,9.64663852979296,0.984673287360236,,,,spotify_track_api_popularity,,,0,track,2026-07-24T08:36:00+00:00,Aysima Karçaaltıncaba,
recommended,weekly_recommendation,Week1_21July,1,Spotify,User7,7,experiment_results/Week1_21July/Spotify/User7/Week1_User7_spotify_metadata.csv,Week 1-User7,5VlUNznEaGQKKZNZl1o67Z,https://open.spotify.com/playlist/5VlUNznEaGQKKZNZl1o67Z,10,4nrVRhp2fGwY7MwINf9QLY,https://open.spotify.com/track/4nrVRhp2fGwY7MwINf9QLY,Chasing the Dragon,Dream Evil,1bkf8u8ot6vEpWTJFBzKZB,Dragonslayer,2002-07-13,241.360,False,spotify_artist_monthly_listeners,167499,"167,499",5.2240122185622475,,63.333333333333336,middle_third_vs_final_balanced,within_final_balanced_middle_range,30091.0,4.478139338658135,5.566415207204812,0.7458728799041126,,,,spotify_track_api_popularity,,,0,track,2026-07-24T08:36:00+00:00,Aysima Karçaaltıncaba,
recommended,weekly_recommendation,Week1_21July,1,Spotify,User7,7,experiment_results/Week1_21July/Spotify/User7/Week1_User7_spotify_metadata.csv,Week 1-User7,5VlUNznEaGQKKZNZl1o67Z,https://open.spotify.com/playlist/5VlUNznEaGQKKZNZl1o67Z,11,4mwiaj9c4V0pW5y8t9mYHa,https://open.spotify.com/track/4mwiaj9c4V0pW5y8t9mYHa,Wishmaster,Nightwish,2NPduAUeLVsfIauhRwuft1,Wishmaster,2000-01-01,264.026,False,spotify_artist_monthly_listeners,2669593,"2,669,593",6.4264450548748755,,90.0,top_third_vs_final_balanced,within_final_balanced_high_range,30091.0,4.478139338658135,88.71732411684557,1.9483057162167405,,,,spotify_track_api_popularity,,,0,track,2026-07-24T08:36:00+00:00,Aysima Karçaaltıncaba,
recommended,weekly_recommendation,Week1_21July,1,Spotify,User7,7,experiment_results/Week1_21July/Spotify/User7/Week1_User7_spotify_metadata.csv,Week 1-User7,5VlUNznEaGQKKZNZl1o67Z,https://open.spotify.com/playlist/5VlUNznEaGQKKZNZl1o67Z,12,7LYxaN0EpwhRoheZ3eySLw,https://open.spotify.com/track/7LYxaN0EpwhRoheZ3eySLw,Princess of the Night - 2009 Remaster,Saxon,71vVmHeNgCVSa5SVmfvscU,Denim and Leather (2009 Remaster),1981,242.573,False,spotify_artist_monthly_listeners,460312,"460,312",5.663052296783724,,66.66666666666667,middle_third_vs_final_balanced,between_final_balanced_tier_ranges,30091.0,4.478139338658135,15.297331428001728,1.1849129581255893,,,,spotify_track_api_popularity,,,0,track,2026-07-24T08:36:00+00:00,Aysima Karçaaltıncaba,
recommended,weekly_recommendation,Week1_21July,1,Spotify,User7,7,experiment_results/Week1_21July/Spotify/User7/Week1_User7_spotify_metadata.csv,Week 1-User7,5VlUNznEaGQKKZNZl1o67Z,https://open.spotify.com/playlist/5VlUNznEaGQKKZNZl1o67Z,13,7fkcqrzdbgIa4vthgYN3vs,https://open.spotify.com/track/7fkcqrzdbgIa4vthgYN3vs,Unisonic,Unisonic,3DDcmHnwKjM4sQ8qm34JMU,Unisonic,2012-03-30,205.866,False,spotify_artist_monthly_listeners,28965,"28,965",4.461873532835076,,46.666666666666664,middle_third_vs_final_balanced,within_final_balanced_middle_range,30091.0,4.478139338658135,0.9625801734737961,-0.0162658058230587,,,,spotify_track_api_popularity,,,0,track,2026-07-24T08:36:00+00:00,Aysima Karçaaltıncaba,
recommended,weekly_recommendation,Week1_21July,1,Spotify,User7,7,experiment_results/Week1_21July/Spotify/User7/Week1_User7_spotify_metadata.csv,Week 1-User7,5VlUNznEaGQKKZNZl1o67Z,https://open.spotify.com/playlist/5VlUNznEaGQKKZNZl1o67Z,14,1P5B3ARqjPkB9yCNPZq9jV,https://open.spotify.com/track/1P5B3ARqjPkB9yCNPZq9jV,Rebellion (The Clans Are Marching) - Remastered Version,Grave Digger,6mfghV4I1CD17FOhDKq7cJ,Tunes Of War (Remastered 2006),1996,244.760,False,spotify_artist_monthly_listeners,74393,"74,393",4.871532072583568,,60.0,middle_third_vs_final_balanced,within_final_balanced_middle_range,30091.0,4.478139338658135,2.472267455385331,0.39339273392543284,,,,spotify_track_api_popularity,,,0,track,2026-07-24T08:36:00+00:00,Aysima Karçaaltıncaba,
recommended,weekly_recommendation,Week1_21July,1,Spotify,User7,7,experiment_results/Week1_21July/Spotify/User7/Week1_User7_spotify_metadata.csv,Week 1-User7,5VlUNznEaGQKKZNZl1o67Z,https://open.spotify.com/playlist/5VlUNznEaGQKKZNZl1o67Z,15,3hfgxj1PpTUUdgU0P8Nt7e,https://open.spotify.com/track/3hfgxj1PpTUUdgU0P8Nt7e,Down from the Mountain,Allen Lande,2hxa4ytcni5FUIK8IR27tX,The Great Divide,2014-10-17,246.295,False,spotify_artist_monthly_listeners,53997,"53,997",4.732369631681519,,56.666666666666664,middle_third_vs_final_balanced,within_final_balanced_middle_range,30091.0,4.478139338658135,1.794456814329866,0.25423029302338396,,,,spotify_track_api_popularity,,,0,track,2026-07-24T08:36:00+00:00,Aysima Karçaaltıncaba,
recommended,weekly_recommendation,Week1_21July,1,Spotify,User7,7,experiment_results/Week1_21July/Spotify/User7/Week1_User7_spotify_metadata.csv,Week 1-User7,5VlUNznEaGQKKZNZl1o67Z,https://open.spotify.com/playlist/5VlUNznEaGQKKZNZl1o67Z,16,0V2Jge35CQn1Hc9hNBmdbm,https://open.spotify.com/track/0V2Jge35CQn1Hc9hNBmdbm,The End Is Near,Primal Fear,1yfiDL3YUEJlQCgb5Pun6g,Rulebreaker,2016-01-29,266.964,False,spotify_artist_monthly_listeners,105691,"105,691",5.024038007016501,,60.0,middle_third_vs_final_balanced,within_final_balanced_middle_range,30091.0,4.478139338658135,3.512379116679406,0.5458986683583662,,,,spotify_track_api_popularity,,,0,track,2026-07-24T08:36:00+00:00,Aysima Karçaaltıncaba,
recommended,weekly_recommendation,Week1_21July,1,Spotify,User7,7,experiment_results/Week1_21July/Spotify/User7/Week1_User7_spotify_metadata.csv,Week 1-User7,5VlUNznEaGQKKZNZl1o67Z,https://open.spotify.com/playlist/5VlUNznEaGQKKZNZl1o67Z,17,3Mz5lXbMBK2tUmKAwAJwi1,https://open.spotify.com/track/3Mz5lXbMBK2tUmKAwAJwi1,Gunman,Orden Ogan,3t5X2CVDf5mrlIx1SdvWYM,Gunmen,2017-07-07,317.733,False,spotify_artist_monthly_listeners,251329,"251,329",5.400242603249666,,66.66666666666667,middle_third_vs_final_balanced,between_final_balanced_tier_ranges,30091.0,4.478139338658135,8.35229802931109,0.9221032645915308,,,,spotify_track_api_popularity,,,0,track,2026-07-24T08:36:00+00:00,Aysima Karçaaltıncaba,
recommended,weekly_recommendation,Week1_21July,1,Spotify,User7,7,experiment_results/Week1_21July/Spotify/User7/Week1_User7_spotify_metadata.csv,Week 1-User7,5VlUNznEaGQKKZNZl1o67Z,https://open.spotify.com/playlist/5VlUNznEaGQKKZNZl1o67Z,18,2NCh5hwrluY1w5D3BxDXMq,https://open.spotify.com/track/2NCh5hwrluY1w5D3BxDXMq,Under Jolly Roger,Running Wild,7954VFaZClkL503srfV5PE,Under Jolly Roger,1987-01-01,282.560,False,spotify_artist_monthly_listeners,98617,"98,617",4.993951786845871,,60.0,middle_third_vs_final_balanced,within_final_balanced_middle_range,30091.0,4.478139338658135,3.27729221361869,0.5158124481877362,,,,spotify_track_api_popularity,,,0,track,2026-07-24T08:36:00+00:00,Aysima Karçaaltıncaba,
recommended,weekly_recommendation,Week1_21July,1,Spotify,User7,7,experiment_results/Week1_21July/Spotify/User7/Week1_User7_spotify_metadata.csv,Week 1-User7,5VlUNznEaGQKKZNZl1o67Z,https://open.spotify.com/playlist/5VlUNznEaGQKKZNZl1o67Z,19,02A6THLfQXvqrx9IEMkQfJ,https://open.spotify.com/track/02A6THLfQXvqrx9IEMkQfJ,Out of Control,Battle Beast,7k5jeohQCF20a8foBD9ize,Battle Beast,2013-05-17,227.280,False,spotify_artist_monthly_listeners,586305,"586,305",5.768123597857235,,70.0,top_third_vs_final_balanced,within_final_balanced_high_range,30091.0,4.478139338658135,19.48439732810475,1.2899842591991,,,,spotify_track_api_popularity,,,0,track,2026-07-24T08:36:00+00:00,Aysima Karçaaltıncaba,
recommended,weekly_recommendation,Week1_21July,1,Spotify,User7,7,experiment_results/Week1_21July/Spotify/User7/Week1_User7_spotify_metadata.csv,Week 1-User7,5VlUNznEaGQKKZNZl1o67Z,https://open.spotify.com/playlist/5VlUNznEaGQKKZNZl1o67Z,20,5qKymwS7ymNUCRimGhiQkm,https://open.spotify.com/track/5qKymwS7ymNUCRimGhiQkm,Metal Is for Everyone,Freedom Call,55RDuy7cQW2Dqrcz3Jjl6F,Master of Light,2016-11-11,292.146,False,spotify_artist_monthly_listeners,97053,"97,053",4.987008964384957,,60.0,middle_third_vs_final_balanced,within_final_balanced_middle_range,30091.0,4.478139338658135,3.2253165398291848,0.5088696257268222,,,,spotify_track_api_popularity,,,0,track,2026-07-24T08:36:00+00:00,Aysima Karçaaltıncaba,
recommended,weekly_recommendation,Week1_21July,1,Spotify,User7,7,experiment_results/Week1_21July/Spotify/User7/Week1_User7_spotify_metadata.csv,Week 1-User7,5VlUNznEaGQKKZNZl1o67Z,https://open.spotify.com/playlist/5VlUNznEaGQKKZNZl1o67Z,21,4qgDlkfqsbZ0q5tOSp0nqE,https://open.spotify.com/track/4qgDlkfqsbZ0q5tOSp0nqE,Blood of Heroes,Týr,6TmGNPW2oDM5uaXBILozGa,Valkyrja,2013-09-17,221.506,False,spotify_artist_monthly_listeners,131903,"131,903",5.120254673246359,,63.333333333333336,middle_third_vs_final_balanced,within_final_balanced_middle_range,30091.0,4.478139338658135,4.383470140573594,0.6421153345882242,,,,spotify_track_api_popularity,,,0,track,2026-07-24T08:36:00+00:00,Aysima Karçaaltıncaba,
recommended,weekly_recommendation,Week1_21July,1,Spotify,User7,7,experiment_results/Week1_21July/Spotify/User7/Week1_User7_spotify_metadata.csv,Week 1-User7,5VlUNznEaGQKKZNZl1o67Z,https://open.spotify.com/playlist/5VlUNznEaGQKKZNZl1o67Z,22,2rV29Dueq15Cq4IyFgINDL,https://open.spotify.com/track/2rV29Dueq15Cq4IyFgINDL,Set This World on Fire,Rage,5TJVsWPUaJxBxWfVZQEt2x,Unity,2002-03-13,306.146,False,spotify_artist_monthly_listeners,92170,"92,170",4.964589587489903,,60.0,middle_third_vs_final_balanced,within_final_balanced_middle_range,30091.0,4.478139338658135,3.063042105612974,0.48645024883176813,,,,spotify_track_api_popularity,,,0,track,2026-07-24T08:36:00+00:00,Aysima Karçaaltıncaba,
recommended,weekly_recommendation,Week1_21July,1,Spotify,User7,7,experiment_results/Week1_21July/Spotify/User7/Week1_User7_spotify_metadata.csv,Week 1-User7,5VlUNznEaGQKKZNZl1o67Z,https://open.spotify.com/playlist/5VlUNznEaGQKKZNZl1o67Z,23,6nlP2XgdlmPDqq5bu5MBQF,https://open.spotify.com/track/6nlP2XgdlmPDqq5bu5MBQF,Bay of Pigs,Civil War,6lGzC0JJCotCU9QZ2Lgi8T,Gods & Generals,2015-05-11,334.200,False,spotify_artist_monthly_listeners,67364,"67,364",4.828427867184448,,56.666666666666664,middle_third_vs_final_balanced,within_final_balanced_middle_range,30091.0,4.478139338658135,2.2386760160845434,0.3502885285263133,,,,spotify_track_api_popularity,,,0,track,2026-07-24T08:36:00+00:00,Aysima Karçaaltıncaba,
recommended,weekly_recommendation,Week1_21July,1,Spotify,User7,7,experiment_results/Week1_21July/Spotify/User7/Week1_User7_spotify_metadata.csv,Week 1-User7,5VlUNznEaGQKKZNZl1o67Z,https://open.spotify.com/playlist/5VlUNznEaGQKKZNZl1o67Z,24,1NQCQj6x94ZBEPSODneBHw,https://open.spotify.com/track/1NQCQj6x94ZBEPSODneBHw,The Village of Dwarves,Rhapsody,0zQfrabOFYf36Ikb6PXcCY,Dawn of Victory,2000,232.173,False,spotify_artist_monthly_listeners,368660,"368,660",5.566626018751573,,66.66666666666667,middle_third_vs_final_balanced,between_final_balanced_tier_ranges,30091.0,4.478139338658135,12.251503771891928,1.088486680093438,,,,spotify_track_api_popularity,,,0,track,2026-07-24T08:36:00+00:00,Aysima Karçaaltıncaba,
recommended,weekly_recommendation,Week1_21July,1,Spotify,User7,7,experiment_results/Week1_21July/Spotify/User7/Week1_User7_spotify_metadata.csv,Week 1-User7,5VlUNznEaGQKKZNZl1o67Z,https://open.spotify.com/playlist/5VlUNznEaGQKKZNZl1o67Z,25,6tTv9op5ImYyTmpN9jX7PK,https://open.spotify.com/track/6tTv9op5ImYyTmpN9jX7PK,Send Me a Sign,Gamma Ray,6LZE884lDIsCSLHuTplfGp,Power Plant,1999-03-29,246.866,False,spotify_artist_monthly_listeners,170740,"170,740",5.232335277085655,,63.333333333333336,middle_third_vs_final_balanced,within_final_balanced_middle_range,30091.0,4.478139338658135,5.674121830447642,0.7541959384275199,,,,spotify_track_api_popularity,,,0,track,2026-07-24T08:36:00+00:00,Aysima Karçaaltıncaba,
recommended,weekly_recommendation,Week1_21July,1,Spotify,User7,7,experiment_results/Week1_21July/Spotify/User7/Week1_User7_spotify_metadata.csv,Week 1-User7,5VlUNznEaGQKKZNZl1o67Z,https://open.spotify.com/playlist/5VlUNznEaGQKKZNZl1o67Z,26,6NckTLOMeZFE9sqx4EyisQ,https://open.spotify.com/track/6NckTLOMeZFE9sqx4EyisQ,Spirit Never Die,Masterplan,1OHNvr18TssBKYK0A75yvx,Masterplan,2003-01-20,326.893,False,spotify_artist_monthly_listeners,184836,"184,836",5.266786561465773,,63.333333333333336,middle_third_vs_final_balanced,within_final_balanced_middle_range,30091.0,4.478139338658135,6.142567545113157,0.7886472228076382,,,,spotify_track_api_popularity,,,0,track,2026-07-24T08:36:00+00:00,Aysima Karçaaltıncaba,
recommended,weekly_recommendation,Week1_21July,1,Spotify,User7,7,experiment_results/Week1_21July/Spotify/User7/Week1_User7_spotify_metadata.csv,Week 1-User7,5VlUNznEaGQKKZNZl1o67Z,https://open.spotify.com/playlist/5VlUNznEaGQKKZNZl1o67Z,27,5CtKdgmm86gjAETNUqDJHQ,https://open.spotify.com/track/5CtKdgmm86gjAETNUqDJHQ,Moria,Bloodbound,6nf7iwR6AoROxfUKZWd1r6,Unholy Cross,2011-03-18,340.622,False,spotify_artist_monthly_listeners,295782,"295,782",5.470971741200654,,66.66666666666667,middle_third_vs_final_balanced,between_final_balanced_tier_ranges,30091.0,4.478139338658135,9.82958359642418,0.9928324025425193,,,,spotify_track_api_popularity,,,0,track,2026-07-24T08:36:00+00:00,Aysima Karçaaltıncaba,
recommended,weekly_recommendation,Week1_21July,1,Spotify,User7,7,experiment_results/Week1_21July/Spotify/User7/Week1_User7_spotify_metadata.csv,Week 1-User7,5VlUNznEaGQKKZNZl1o67Z,https://open.spotify.com/playlist/5VlUNznEaGQKKZNZl1o67Z,28,76jaUC95i1VXRmgVHY9Lh3,https://open.spotify.com/track/76jaUC95i1VXRmgVHY9Lh3,The Clarion Call,Falconer,1UKdnbreQFDmPg3Mhcjhkr,Chapters from a Vale Forlorn,2002-03-12,347.626,False,spotify_artist_monthly_listeners,49330,"49,330",4.693111115462141,,56.666666666666664,middle_third_vs_final_balanced,within_final_balanced_middle_range,30091.0,4.478139338658135,1.6393606061613106,0.21497177680400625,,,,spotify_track_api_popularity,,,0,track,2026-07-24T08:36:00+00:00,Aysima Karçaaltıncaba,
recommended,weekly_recommendation,Week1_21July,1,Spotify,User7,7,experiment_results/Week1_21July/Spotify/User7/Week1_User7_spotify_metadata.csv,Week 1-User7,5VlUNznEaGQKKZNZl1o67Z,https://open.spotify.com/playlist/5VlUNznEaGQKKZNZl1o67Z,29,1PiFUVjeIru5HkBAKwr44A,https://open.spotify.com/track/1PiFUVjeIru5HkBAKwr44A,Trollhammaren,Finntroll,4ZgkHVHmGPXuRy8zd26ZJX,Nattfödd,2004-04-19,212.240,False,spotify_artist_monthly_listeners,95853,"95,853",4.981605709942895,,60.0,middle_third_vs_final_balanced,within_final_balanced_middle_range,30091.0,4.478139338658135,3.185437506231099,0.5034663712847598,,,,spotify_track_api_popularity,,,0,track,2026-07-24T08:36:00+00:00,Aysima Karçaaltıncaba,
recommended,weekly_recommendation,Week1_21July,1,Spotify,User7,7,experiment_results/Week1_21July/Spotify/User7/Week1_User7_spotify_metadata.csv,Week 1-User7,5VlUNznEaGQKKZNZl1o67Z,https://open.spotify.com/playlist/5VlUNznEaGQKKZNZl1o67Z,30,0Wvq34MjCPA1ldMIavqmXA,https://open.spotify.com/track/0Wvq34MjCPA1ldMIavqmXA,Hephaistos,Warkings,7DXUeaMULtMVFmmaKFzH3E,Reborn,2018-11-16,246.546,True,spotify_artist_monthly_listeners,84187,"84,187",4.92524503373063,,60.0,middle_third_vs_final_balanced,within_final_balanced_middle_range,30091.0,4.478139338658135,2.7977468346017083,0.4471056950724952,,,,spotify_track_api_popularity,,,0,track,2026-07-24T08:36:00+00:00,Aysima Karçaaltıncaba,
recommended,weekly_recommendation,Week1_21July,1,Spotify,User8,8,experiment_results/Week1_21July/Spotify/User8/Week1_User8_spotify_metadata.csv,Week1-User8,6W1ai3xtubuTGHsxIqrP09,https://open.spotify.com/playlist/6W1ai3xtubuTGHsxIqrP09,1,0HlhtIdbSWSKW9DU5sXeFX,https://open.spotify.com/track/0HlhtIdbSWSKW9DU5sXeFX,Blade Runner,Beast In Black,0rEuaTPLMhlViNCJrg3NEH,Dark Connection,2021-10-29,247.967,False,spotify_artist_monthly_listeners,1264746,"1,264,746",6.1020033145438,,76.66666666666667,top_third_vs_final_balanced,within_final_balanced_high_range,30091.0,4.478139338658135,42.03070685587053,1.6238639758856648,,,,spotify_track_api_popularity,,,0,track,2026-07-24T08:36:00+00:00,Aysima Karçaaltıncaba,
recommended,weekly_recommendation,Week1_21July,1,Spotify,User8,8,experiment_results/Week1_21July/Spotify/User8/Week1_User8_spotify_metadata.csv,Week1-User8,6W1ai3xtubuTGHsxIqrP09,https://open.spotify.com/playlist/6W1ai3xtubuTGHsxIqrP09,2,0eV3PB3T0OxW4feG1DlOjQ,https://open.spotify.com/track/0eV3PB3T0OxW4feG1DlOjQ,Hearts on Fire,HammerFall,2o18h28enlHxj887tATc58,Crimson Thunder,2002-10-28,231.386,False,spotify_artist_monthly_listeners,858884,"858,884",5.93393451242058,,73.33333333333333,top_third_vs_final_balanced,within_final_balanced_high_range,30091.0,4.478139338658135,28.542886577381942,1.4557951737624446,,,,spotify_track_api_popularity,,,0,track,2026-07-24T08:36:00+00:00,Aysima Karçaaltıncaba,
recommended,weekly_recommendation,Week1_21July,1,Spotify,User8,8,experiment_results/Week1_21July/Spotify/User8/Week1_User8_spotify_metadata.csv,Week1-User8,6W1ai3xtubuTGHsxIqrP09,https://open.spotify.com/playlist/6W1ai3xtubuTGHsxIqrP09,3,3HQVanEnLlPtywbJai0uiG,https://open.spotify.com/track/3HQVanEnLlPtywbJai0uiG,Hunting High And Low,Stratovarius,1O8CSXsPwEqxcoBE360PPO,Infinite,2000-03-28,248.666,False,spotify_artist_monthly_listeners,845438,"845,438",5.927081764216234,,73.33333333333333,top_third_vs_final_balanced,within_final_balanced_high_range,30091.0,4.478139338658135,28.09604200591539,1.4489424255580987,,,,spotify_track_api_popularity,,,0,track,2026-07-24T08:36:00+00:00,Aysima Karçaaltıncaba,
recommended,weekly_recommendation,Week1_21July,1,Spotify,User8,8,experiment_results/Week1_21July/Spotify/User8/Week1_User8_spotify_metadata.csv,Week1-User8,6W1ai3xtubuTGHsxIqrP09,https://open.spotify.com/playlist/6W1ai3xtubuTGHsxIqrP09,4,09OnB8xeghs8FRnu4dJKmU,https://open.spotify.com/track/09OnB8xeghs8FRnu4dJKmU,Still Alive,Nocturnal Rites,0dSoaJ8iEP3aid30p18O2g,Grand Illusion,2006-07-13,242.626,False,spotify_artist_monthly_listeners,25447,"25,447",4.405636589806667,,40.0,middle_third_vs_final_balanced,within_final_balanced_middle_range,30091.0,4.478139338658135,0.8456681399754079,-0.07250274885146801,,,,spotify_track_api_popularity,,,0,track,2026-07-24T08:36:00+00:00,Aysima Karçaaltıncaba,
recommended,weekly_recommendation,Week1_21July,1,Spotify,User8,8,experiment_results/Week1_21July/Spotify/User8/Week1_User8_spotify_metadata.csv,Week1-User8,6W1ai3xtubuTGHsxIqrP09,https://open.spotify.com/playlist/6W1ai3xtubuTGHsxIqrP09,5,4gFhLQA90CAFuS0Ma8aIiX,https://open.spotify.com/track/4gFhLQA90CAFuS0Ma8aIiX,Mirror Mirror - Remastered 2007,Blind Guardian,7jxJ25p0pPjk0MStloN6o6,Nightfall in Middle Earth (Remastered 2007),1998-04-28,306.013,False,spotify_artist_monthly_listeners,594132,"594,132",5.7738829441443285,,70.0,top_third_vs_final_balanced,within_final_balanced_high_range,30091.0,4.478139338658135,19.744508324748264,1.2957436054861935,,,,spotify_track_api_popularity,,,0,track,2026-07-24T08:36:00+00:00,Aysima Karçaaltıncaba,
recommended,weekly_recommendation,Week1_21July,1,Spotify,User8,8,experiment_results/Week1_21July/Spotify/User8/Week1_User8_spotify_metadata.csv,Week1-User8,6W1ai3xtubuTGHsxIqrP09,https://open.spotify.com/playlist/6W1ai3xtubuTGHsxIqrP09,6,5HkvAtKEPDLmchWYmepqYB,https://open.spotify.com/track/5HkvAtKEPDLmchWYmepqYB,Hail and Kill,Manowar,4CzUzn54Cp9TQr6a7JIlMZ,Kings of Metal,1988-11-01,357.026,False,spotify_artist_monthly_listeners,1035240,"1,035,240",6.015041044085505,,73.33333333333333,top_third_vs_final_balanced,within_final_balanced_high_range,30091.0,4.478139338658135,34.40364228506863,1.5369017054273701,,,,spotify_track_api_popularity,,,0,track,2026-07-24T08:36:00+00:00,Aysima Karçaaltıncaba,
recommended,weekly_recommendation,Week1_21July,1,Spotify,User8,8,experiment_results/Week1_21July/Spotify/User8/Week1_User8_spotify_metadata.csv,Week1-User8,6W1ai3xtubuTGHsxIqrP09,https://open.spotify.com/playlist/6W1ai3xtubuTGHsxIqrP09,7,4mJmi9z3o1B6k2vry39Ufh,https://open.spotify.com/track/4mJmi9z3o1B6k2vry39Ufh,Heavy Metal Never Dies,Iron Savior,6COmyouHXwCeIGS1IFd1PA,The Landing,2011-11-18,254.386,False,spotify_artist_monthly_listeners,57678,"57,678",4.761010192695719,,56.666666666666664,middle_third_vs_final_balanced,within_final_balanced_middle_range,30091.0,4.478139338658135,1.9167857498919942,0.2828708540375837,,,,spotify_track_api_popularity,,,0,track,2026-07-24T08:36:00+00:00,Aysima Karçaaltıncaba,
recommended,weekly_recommendation,Week1_21July,1,Spotify,User8,8,experiment_results/Week1_21July/Spotify/User8/Week1_User8_spotify_metadata.csv,Week1-User8,6W1ai3xtubuTGHsxIqrP09,https://open.spotify.com/playlist/6W1ai3xtubuTGHsxIqrP09,8,4wEtmW6jIuPQ8NTYHbkOGm,https://open.spotify.com/track/4wEtmW6jIuPQ8NTYHbkOGm,King of Fools,Edguy,3AGFqPP3gt5rMSvhR87Xxu,The Singles,2008-11-14,215.320,False,spotify_artist_monthly_listeners,290277,"290,277",5.462812626018371,,66.66666666666667,middle_third_vs_final_balanced,between_final_balanced_tier_ranges,30091.0,4.478139338658135,9.64663852979296,0.984673287360236,,,,spotify_track_api_popularity,,,0,track,2026-07-24T08:36:00+00:00,Aysima Karçaaltıncaba,
recommended,weekly_recommendation,Week1_21July,1,Spotify,User8,8,experiment_results/Week1_21July/Spotify/User8/Week1_User8_spotify_metadata.csv,Week1-User8,6W1ai3xtubuTGHsxIqrP09,https://open.spotify.com/playlist/6W1ai3xtubuTGHsxIqrP09,9,0wwAkc9n9SfV27COAK2AUH,https://open.spotify.com/track/0wwAkc9n9SfV27COAK2AUH,Iron,Ensiferum,0krXCIkthz13P8o0v2tksH,Iron,2008-01-01,233.186,False,spotify_artist_monthly_listeners,193731,"193,731",5.287199120211757,,63.333333333333336,middle_third_vs_final_balanced,within_final_balanced_middle_range,30091.0,4.478139338658135,6.438170881658968,0.8090597815536222,,,,spotify_track_api_popularity,,,0,track,2026-07-24T08:36:00+00:00,Aysima Karçaaltıncaba,
recommended,weekly_recommendation,Week1_21July,1,Spotify,User8,8,experiment_results/Week1_21July/Spotify/User8/Week1_User8_spotify_metadata.csv,Week1-User8,6W1ai3xtubuTGHsxIqrP09,https://open.spotify.com/playlist/6W1ai3xtubuTGHsxIqrP09,10,07Vk1JPd5MgBJxdrMpnLNh,https://open.spotify.com/track/07Vk1JPd5MgBJxdrMpnLNh,The Book of Heavy Metal (March of the Metallians),Dream Evil,1bkf8u8ot6vEpWTJFBzKZB,The Book of Heavy Metal,2004-07-13,325.800,False,spotify_artist_monthly_listeners,167499,"167,499",5.2240122185622475,,63.333333333333336,middle_third_vs_final_balanced,within_final_balanced_middle_range,30091.0,4.478139338658135,5.566415207204812,0.7458728799041126,,,,spotify_track_api_popularity,,,0,track,2026-07-24T08:36:00+00:00,Aysima Karçaaltıncaba,
recommended,weekly_recommendation,Week1_21July,1,Spotify,User8,8,experiment_results/Week1_21July/Spotify/User8/Week1_User8_spotify_metadata.csv,Week1-User8,6W1ai3xtubuTGHsxIqrP09,https://open.spotify.com/playlist/6W1ai3xtubuTGHsxIqrP09,11,2x9DbLmcA7V3OZQHSq7I4L,https://open.spotify.com/track/2x9DbLmcA7V3OZQHSq7I4L,"Silent Night, Bodom Night",Children Of Bodom,1xUhNgw4eJDZfvumIpcz1B,Hatebreeder,1999-05-03,192.760,False,spotify_artist_monthly_listeners,758547,"758,547",5.8799824950875115,,73.33333333333333,top_third_vs_final_balanced,within_final_balanced_high_range,30091.0,4.478139338658135,25.208434415605996,1.4018431564293765,,,,spotify_track_api_popularity,,,0,track,2026-07-24T08:36:00+00:00,Aysima Karçaaltıncaba,
recommended,weekly_recommendation,Week1_21July,1,Spotify,User8,8,experiment_results/Week1_21July/Spotify/User8/Week1_User8_spotify_metadata.csv,Week1-User8,6W1ai3xtubuTGHsxIqrP09,https://open.spotify.com/playlist/6W1ai3xtubuTGHsxIqrP09,12,7xrNu3NxSQ0zAnB8ZSqUgq,https://open.spotify.com/track/7xrNu3NxSQ0zAnB8ZSqUgq,Till Seger,Sabaton,3o2dn2O0FCVsWDFSh8qxgG,Legends,2025-10-17,207.733,False,spotify_artist_monthly_listeners,3115408,"3,115,408",6.493514930785041,,90.0,top_third_vs_final_balanced,within_final_balanced_high_range,30091.0,4.478139338658135,103.53288358645442,2.0153755921269063,,,,spotify_track_api_popularity,,,0,track,2026-07-24T08:36:00+00:00,Aysima Karçaaltıncaba,
recommended,weekly_recommendation,Week1_21July,1,Spotify,User8,8,experiment_results/Week1_21July/Spotify/User8/Week1_User8_spotify_metadata.csv,Week1-User8,6W1ai3xtubuTGHsxIqrP09,https://open.spotify.com/playlist/6W1ai3xtubuTGHsxIqrP09,13,3OdsSVAdClWuGRF9ZKslLA,https://open.spotify.com/track/3OdsSVAdClWuGRF9ZKslLA,Valley of the Kings,Gamma Ray,6LZE884lDIsCSLHuTplfGp,Somewhere out in Space,1997-08-25,230.840,False,spotify_artist_monthly_listeners,170740,"170,740",5.232335277085655,,63.333333333333336,middle_third_vs_final_balanced,within_final_balanced_middle_range,30091.0,4.478139338658135,5.674121830447642,0.7541959384275199,,,,spotify_track_api_popularity,,,0,track,2026-07-24T08:36:00+00:00,Aysima Karçaaltıncaba,
recommended,weekly_recommendation,Week1_21July,1,Spotify,User8,8,experiment_results/Week1_21July/Spotify/User8/Week1_User8_spotify_metadata.csv,Week1-User8,6W1ai3xtubuTGHsxIqrP09,https://open.spotify.com/playlist/6W1ai3xtubuTGHsxIqrP09,14,0V2Jge35CQn1Hc9hNBmdbm,https://open.spotify.com/track/0V2Jge35CQn1Hc9hNBmdbm,The End Is Near,Primal Fear,1yfiDL3YUEJlQCgb5Pun6g,Rulebreaker,2016-01-29,266.964,False,spotify_artist_monthly_listeners,105691,"105,691",5.024038007016501,,60.0,middle_third_vs_final_balanced,within_final_balanced_middle_range,30091.0,4.478139338658135,3.512379116679406,0.5458986683583662,,,,spotify_track_api_popularity,,,0,track,2026-07-24T08:36:00+00:00,Aysima Karçaaltıncaba,
recommended,weekly_recommendation,Week1_21July,1,Spotify,User8,8,experiment_results/Week1_21July/Spotify/User8/Week1_User8_spotify_metadata.csv,Week1-User8,6W1ai3xtubuTGHsxIqrP09,https://open.spotify.com/playlist/6W1ai3xtubuTGHsxIqrP09,15,3hfgxj1PpTUUdgU0P8Nt7e,https://open.spotify.com/track/3hfgxj1PpTUUdgU0P8Nt7e,Down from the Mountain,Allen Lande,2hxa4ytcni5FUIK8IR27tX,The Great Divide,2014-10-17,246.295,False,spotify_artist_monthly_listeners,53997,"53,997",4.732369631681519,,56.666666666666664,middle_third_vs_final_balanced,within_final_balanced_middle_range,30091.0,4.478139338658135,1.794456814329866,0.25423029302338396,,,,spotify_track_api_popularity,,,0,track,2026-07-24T08:36:00+00:00,Aysima Karçaaltıncaba,
recommended,weekly_recommendation,Week1_21July,1,Spotify,User8,8,experiment_results/Week1_21July/Spotify/User8/Week1_User8_spotify_metadata.csv,Week1-User8,6W1ai3xtubuTGHsxIqrP09,https://open.spotify.com/playlist/6W1ai3xtubuTGHsxIqrP09,16,1P5B3ARqjPkB9yCNPZq9jV,https://open.spotify.com/track/1P5B3ARqjPkB9yCNPZq9jV,Rebellion (The Clans Are Marching) - Remastered Version,Grave Digger,6mfghV4I1CD17FOhDKq7cJ,Tunes Of War (Remastered 2006),1996,244.760,False,spotify_artist_monthly_listeners,74393,"74,393",4.871532072583568,,60.0,middle_third_vs_final_balanced,within_final_balanced_middle_range,30091.0,4.478139338658135,2.472267455385331,0.39339273392543284,,,,spotify_track_api_popularity,,,0,track,2026-07-24T08:36:00+00:00,Aysima Karçaaltıncaba,
recommended,weekly_recommendation,Week1_21July,1,Spotify,User8,8,experiment_results/Week1_21July/Spotify/User8/Week1_User8_spotify_metadata.csv,Week1-User8,6W1ai3xtubuTGHsxIqrP09,https://open.spotify.com/playlist/6W1ai3xtubuTGHsxIqrP09,17,2NCh5hwrluY1w5D3BxDXMq,https://open.spotify.com/track/2NCh5hwrluY1w5D3BxDXMq,Under Jolly Roger,Running Wild,7954VFaZClkL503srfV5PE,Under Jolly Roger,1987-01-01,282.560,False,spotify_artist_monthly_listeners,98617,"98,617",4.993951786845871,,60.0,middle_third_vs_final_balanced,within_final_balanced_middle_range,30091.0,4.478139338658135,3.27729221361869,0.5158124481877362,,,,spotify_track_api_popularity,,,0,track,2026-07-24T08:36:00+00:00,Aysima Karçaaltıncaba,
recommended,weekly_recommendation,Week1_21July,1,Spotify,User8,8,experiment_results/Week1_21July/Spotify/User8/Week1_User8_spotify_metadata.csv,Week1-User8,6W1ai3xtubuTGHsxIqrP09,https://open.spotify.com/playlist/6W1ai3xtubuTGHsxIqrP09,18,1NQCQj6x94ZBEPSODneBHw,https://open.spotify.com/track/1NQCQj6x94ZBEPSODneBHw,The Village of Dwarves,Rhapsody,0zQfrabOFYf36Ikb6PXcCY,Dawn of Victory,2000,232.173,False,spotify_artist_monthly_listeners,368660,"368,660",5.566626018751573,,66.66666666666667,middle_third_vs_final_balanced,between_final_balanced_tier_ranges,30091.0,4.478139338658135,12.251503771891928,1.088486680093438,,,,spotify_track_api_popularity,,,0,track,2026-07-24T08:36:00+00:00,Aysima Karçaaltıncaba,
recommended,weekly_recommendation,Week1_21July,1,Spotify,User8,8,experiment_results/Week1_21July/Spotify/User8/Week1_User8_spotify_metadata.csv,Week1-User8,6W1ai3xtubuTGHsxIqrP09,https://open.spotify.com/playlist/6W1ai3xtubuTGHsxIqrP09,19,2rV29Dueq15Cq4IyFgINDL,https://open.spotify.com/track/2rV29Dueq15Cq4IyFgINDL,Set This World on Fire,Rage,5TJVsWPUaJxBxWfVZQEt2x,Unity,2002-03-13,306.146,False,spotify_artist_monthly_listeners,92170,"92,170",4.964589587489903,,60.0,middle_third_vs_final_balanced,within_final_balanced_middle_range,30091.0,4.478139338658135,3.063042105612974,0.48645024883176813,,,,spotify_track_api_popularity,,,0,track,2026-07-24T08:36:00+00:00,Aysima Karçaaltıncaba,
recommended,weekly_recommendation,Week1_21July,1,Spotify,User8,8,experiment_results/Week1_21July/Spotify/User8/Week1_User8_spotify_metadata.csv,Week1-User8,6W1ai3xtubuTGHsxIqrP09,https://open.spotify.com/playlist/6W1ai3xtubuTGHsxIqrP09,20,6NckTLOMeZFE9sqx4EyisQ,https://open.spotify.com/track/6NckTLOMeZFE9sqx4EyisQ,Spirit Never Die,Masterplan,1OHNvr18TssBKYK0A75yvx,Masterplan,2003-01-20,326.893,False,spotify_artist_monthly_listeners,184836,"184,836",5.266786561465773,,63.333333333333336,middle_third_vs_final_balanced,within_final_balanced_middle_range,30091.0,4.478139338658135,6.142567545113157,0.7886472228076382,,,,spotify_track_api_popularity,,,0,track,2026-07-24T08:36:00+00:00,Aysima Karçaaltıncaba,
recommended,weekly_recommendation,Week1_21July,1,Spotify,User8,8,experiment_results/Week1_21July/Spotify/User8/Week1_User8_spotify_metadata.csv,Week1-User8,6W1ai3xtubuTGHsxIqrP09,https://open.spotify.com/playlist/6W1ai3xtubuTGHsxIqrP09,21,5oJE6PFEhiRnY7SCspZF4k,https://open.spotify.com/track/5oJE6PFEhiRnY7SCspZF4k,Freedom Call,Freedom Call,55RDuy7cQW2Dqrcz3Jjl6F,Crystal Empire,2001-01-22,319.280,False,spotify_artist_monthly_listeners,97053,"97,053",4.987008964384957,,60.0,middle_third_vs_final_balanced,within_final_balanced_middle_range,30091.0,4.478139338658135,3.2253165398291848,0.5088696257268222,,,,spotify_track_api_popularity,,,0,track,2026-07-24T08:36:00+00:00,Aysima Karçaaltıncaba,
recommended,weekly_recommendation,Week1_21July,1,Spotify,User8,8,experiment_results/Week1_21July/Spotify/User8/Week1_User8_spotify_metadata.csv,Week1-User8,6W1ai3xtubuTGHsxIqrP09,https://open.spotify.com/playlist/6W1ai3xtubuTGHsxIqrP09,22,7ACH45QQtgGPFzWJbiirXN,https://open.spotify.com/track/7ACH45QQtgGPFzWJbiirXN,Rain of Fury,Rhapsody Of Fire,3IjLXN4eSksdGj8uDE4Jm1,The Eighth Mountain,2019-02-22,249.386,False,spotify_artist_monthly_listeners,239721,"239,721",5.379706080694629,,66.66666666666667,middle_third_vs_final_balanced,between_final_balanced_tier_ranges,30091.0,4.478139338658135,7.966534844305606,0.9015667420364943,,,,spotify_track_api_popularity,,,0,track,2026-07-24T08:36:00+00:00,Aysima Karçaaltıncaba,
recommended,weekly_recommendation,Week1_21July,1,Spotify,User8,8,experiment_results/Week1_21July/Spotify/User8/Week1_User8_spotify_metadata.csv,Week1-User8,6W1ai3xtubuTGHsxIqrP09,https://open.spotify.com/playlist/6W1ai3xtubuTGHsxIqrP09,23,7LYxaN0EpwhRoheZ3eySLw,https://open.spotify.com/track/7LYxaN0EpwhRoheZ3eySLw,Princess of the Night - 2009 Remaster,Saxon,71vVmHeNgCVSa5SVmfvscU,Denim and Leather (2009 Remaster),1981,242.573,False,spotify_artist_monthly_listeners,460312,"460,312",5.663052296783724,,66.66666666666667,middle_third_vs_final_balanced,between_final_balanced_tier_ranges,30091.0,4.478139338658135,15.297331428001728,1.1849129581255893,,,,spotify_track_api_popularity,,,0,track,2026-07-24T08:36:00+00:00,Aysima Karçaaltıncaba,
recommended,weekly_recommendation,Week1_21July,1,Spotify,User8,8,experiment_results/Week1_21July/Spotify/User8/Week1_User8_spotify_metadata.csv,Week1-User8,6W1ai3xtubuTGHsxIqrP09,https://open.spotify.com/playlist/6W1ai3xtubuTGHsxIqrP09,24,0WTbXgGmirq6A9LfzHg2uA,https://open.spotify.com/track/0WTbXgGmirq6A9LfzHg2uA,The Cage,Sonata Arctica,5YeoQ1L71cXDMpSpqxOjfH,Winterheart's Guild,2002-01-01,275.440,False,spotify_artist_monthly_listeners,445224,"445,224",5.6485785671330895,,66.66666666666667,middle_third_vs_final_balanced,between_final_balanced_tier_ranges,30091.0,4.478139338658135,14.795919045561796,1.1704392284749545,,,,spotify_track_api_popularity,,,0,track,2026-07-24T08:36:00+00:00,Aysima Karçaaltıncaba,
recommended,weekly_recommendation,Week1_21July,1,Spotify,User8,8,experiment_results/Week1_21July/Spotify/User8/Week1_User8_spotify_metadata.csv,Week1-User8,6W1ai3xtubuTGHsxIqrP09,https://open.spotify.com/playlist/6W1ai3xtubuTGHsxIqrP09,25,4i3L5DHB4W2CzKtaUdeDkC,https://open.spotify.com/track/4i3L5DHB4W2CzKtaUdeDkC,Wings of Steel,Wings of Steel,0y43lCvntQtyFlhCABGb0T,Wings of Steel,2022-03-11,203.546,False,spotify_artist_monthly_listeners,50778,"50,778",4.7056755912586725,,56.666666666666664,middle_third_vs_final_balanced,within_final_balanced_middle_range,30091.0,4.478139338658135,1.687481306703001,0.22753625260053756,,,,spotify_track_api_popularity,,,0,track,2026-07-24T08:36:00+00:00,Aysima Karçaaltıncaba,
recommended,weekly_recommendation,Week1_21July,1,Spotify,User8,8,experiment_results/Week1_21July/Spotify/User8/Week1_User8_spotify_metadata.csv,Week1-User8,6W1ai3xtubuTGHsxIqrP09,https://open.spotify.com/playlist/6W1ai3xtubuTGHsxIqrP09,26,4oxM91Vv0cHU9AMaNEwD92,https://open.spotify.com/track/4oxM91Vv0cHU9AMaNEwD92,Blood Angel,Axxis,2kGeYVloFXuKXgXnhQTcIT,Doom of Destiny,2015-05-15,273.626,False,spotify_artist_monthly_listeners,52704,"52,704",4.72184357748966,,56.666666666666664,middle_third_vs_final_balanced,within_final_balanced_middle_range,30091.0,4.478139338658135,1.7514871556279286,0.24370423883152537,,,,spotify_track_api_popularity,,,0,track,2026-07-24T08:36:00+00:00,Aysima Karçaaltıncaba,
recommended,weekly_recommendation,Week1_21July,1,Spotify,User8,8,experiment_results/Week1_21July/Spotify/User8/Week1_User8_spotify_metadata.csv,Week1-User8,6W1ai3xtubuTGHsxIqrP09,https://open.spotify.com/playlist/6W1ai3xtubuTGHsxIqrP09,27,6bKdh1YoDfUMe4mx8mZ3D1,https://open.spotify.com/track/6bKdh1YoDfUMe4mx8mZ3D1,Only Human,At Vance,4alZ73UZp90icEjdKjSIxw,Only Human,2002-02-25,315.693,False,spotify_artist_monthly_listeners,111103,"111,103",5.045725785906262,,63.333333333333336,middle_third_vs_final_balanced,within_final_balanced_middle_range,30091.0,4.478139338658135,3.6922335582067727,0.5675864472481269,,,,spotify_track_api_popularity,,,0,track,2026-07-24T08:36:00+00:00,Aysima Karçaaltıncaba,
recommended,weekly_recommendation,Week1_21July,1,Spotify,User8,8,experiment_results/Week1_21July/Spotify/User8/Week1_User8_spotify_metadata.csv,Week1-User8,6W1ai3xtubuTGHsxIqrP09,https://open.spotify.com/playlist/6W1ai3xtubuTGHsxIqrP09,28,31BIfWawTAEnp8KsAasy13,https://open.spotify.com/track/31BIfWawTAEnp8KsAasy13,Mindtraveller,Falconer,1UKdnbreQFDmPg3Mhcjhkr,Falconer,2001-05-08,345.573,False,spotify_artist_monthly_listeners,49330,"49,330",4.693111115462141,,56.666666666666664,middle_third_vs_final_balanced,within_final_balanced_middle_range,30091.0,4.478139338658135,1.6393606061613106,0.21497177680400625,,,,spotify_track_api_popularity,,,0,track,2026-07-24T08:36:00+00:00,Aysima Karçaaltıncaba,
recommended,weekly_recommendation,Week1_21July,1,Spotify,User8,8,experiment_results/Week1_21July/Spotify/User8/Week1_User8_spotify_metadata.csv,Week1-User8,6W1ai3xtubuTGHsxIqrP09,https://open.spotify.com/playlist/6W1ai3xtubuTGHsxIqrP09,29,25ZqVu02DsxzWkBCM3HSH8,https://open.spotify.com/track/25ZqVu02DsxzWkBCM3HSH8,Man and Machine,U.D.O.,2aWjaq32aRQo58dw0w8NM6,Man and Machine (Anniversary Edition),2002-03-25,341.373,False,spotify_artist_monthly_listeners,192310,"192,310",5.2840018678677145,,63.333333333333336,middle_third_vs_final_balanced,within_final_balanced_middle_range,30091.0,4.478139338658135,6.390947459373234,0.8058625292095796,,,,spotify_track_api_popularity,,,0,track,2026-07-24T08:36:00+00:00,Aysima Karçaaltıncaba,
recommended,weekly_recommendation,Week1_21July,1,Spotify,User8,8,experiment_results/Week1_21July/Spotify/User8/Week1_User8_spotify_metadata.csv,Week1-User8,6W1ai3xtubuTGHsxIqrP09,https://open.spotify.com/playlist/6W1ai3xtubuTGHsxIqrP09,30,4bUnDOBTWfvmUDePpdXQsx,https://open.spotify.com/track/4bUnDOBTWfvmUDePpdXQsx,Black Flag,Iced Earth,3KEixcRfBS5K3E91Vn1Kdy,Incorruptible,2017-06-16,296.640,False,spotify_artist_monthly_listeners,219161,"219,161",5.34076327339021,,66.66666666666667,middle_third_vs_final_balanced,between_final_balanced_tier_ranges,30091.0,4.478139338658135,7.283274068658403,0.862623934732075,,,,spotify_track_api_popularity,,,0,track,2026-07-24T08:36:00+00:00,Aysima Karçaaltıncaba,
recommended,weekly_recommendation,Week1_21July,1,Spotify,User9,9,experiment_results/Week1_21July/Spotify/User9/Week1_User9_spotify_metadata.csv,Week1-User9,0escRZsQH6RJbznFnOpqCX,https://open.spotify.com/playlist/0escRZsQH6RJbznFnOpqCX,1,7LYxaN0EpwhRoheZ3eySLw,https://open.spotify.com/track/7LYxaN0EpwhRoheZ3eySLw,Princess of the Night - 2009 Remaster,Saxon,71vVmHeNgCVSa5SVmfvscU,Denim and Leather (2009 Remaster),1981,242.573,False,spotify_artist_monthly_listeners,460312,"460,312",5.663052296783724,,66.66666666666667,middle_third_vs_final_balanced,between_final_balanced_tier_ranges,30091.0,4.478139338658135,15.297331428001728,1.1849129581255893,,,,spotify_track_api_popularity,,,0,track,2026-07-24T08:36:00+00:00,Aysima Karçaaltıncaba,
recommended,weekly_recommendation,Week1_21July,1,Spotify,User9,9,experiment_results/Week1_21July/Spotify/User9/Week1_User9_spotify_metadata.csv,Week1-User9,0escRZsQH6RJbznFnOpqCX,https://open.spotify.com/playlist/0escRZsQH6RJbznFnOpqCX,2,0eV3PB3T0OxW4feG1DlOjQ,https://open.spotify.com/track/0eV3PB3T0OxW4feG1DlOjQ,Hearts on Fire,HammerFall,2o18h28enlHxj887tATc58,Crimson Thunder,2002-10-28,231.386,False,spotify_artist_monthly_listeners,858884,"858,884",5.93393451242058,,73.33333333333333,top_third_vs_final_balanced,within_final_balanced_high_range,30091.0,4.478139338658135,28.542886577381942,1.4557951737624446,,,,spotify_track_api_popularity,,,0,track,2026-07-24T08:36:00+00:00,Aysima Karçaaltıncaba,
recommended,weekly_recommendation,Week1_21July,1,Spotify,User9,9,experiment_results/Week1_21July/Spotify/User9/Week1_User9_spotify_metadata.csv,Week1-User9,0escRZsQH6RJbznFnOpqCX,https://open.spotify.com/playlist/0escRZsQH6RJbznFnOpqCX,3,1KJSyY61dglJHGEUV8CdMm,https://open.spotify.com/track/1KJSyY61dglJHGEUV8CdMm,Kingdom Come,Manowar,4CzUzn54Cp9TQr6a7JIlMZ,Kings of Metal,1988-11-01,236.973,False,spotify_artist_monthly_listeners,1035240,"1,035,240",6.015041044085505,,73.33333333333333,top_third_vs_final_balanced,within_final_balanced_high_range,30091.0,4.478139338658135,34.40364228506863,1.5369017054273701,,,,spotify_track_api_popularity,,,0,track,2026-07-24T08:36:00+00:00,Aysima Karçaaltıncaba,
recommended,weekly_recommendation,Week1_21July,1,Spotify,User9,9,experiment_results/Week1_21July/Spotify/User9/Week1_User9_spotify_metadata.csv,Week1-User9,0escRZsQH6RJbznFnOpqCX,https://open.spotify.com/playlist/0escRZsQH6RJbznFnOpqCX,4,2soaqea9OtrB2gD36zNF6s,https://open.spotify.com/track/2soaqea9OtrB2gD36zNF6s,Tears of a Mandrake,Edguy,3AGFqPP3gt5rMSvhR87Xxu,Mandrake,2001-09-24,431.693,False,spotify_artist_monthly_listeners,290277,"290,277",5.462812626018371,,66.66666666666667,middle_third_vs_final_balanced,between_final_balanced_tier_ranges,30091.0,4.478139338658135,9.64663852979296,0.984673287360236,,,,spotify_track_api_popularity,,,0,track,2026-07-24T08:36:00+00:00,Aysima Karçaaltıncaba,
recommended,weekly_recommendation,Week1_21July,1,Spotify,User9,9,experiment_results/Week1_21July/Spotify/User9/Week1_User9_spotify_metadata.csv,Week1-User9,0escRZsQH6RJbznFnOpqCX,https://open.spotify.com/playlist/0escRZsQH6RJbznFnOpqCX,5,3HQVanEnLlPtywbJai0uiG,https://open.spotify.com/track/3HQVanEnLlPtywbJai0uiG,Hunting High And Low,Stratovarius,1O8CSXsPwEqxcoBE360PPO,Infinite,2000-03-28,248.666,False,spotify_artist_monthly_listeners,845438,"845,438",5.927081764216234,,73.33333333333333,top_third_vs_final_balanced,within_final_balanced_high_range,30091.0,4.478139338658135,28.09604200591539,1.4489424255580987,,,,spotify_track_api_popularity,,,0,track,2026-07-24T08:36:00+00:00,Aysima Karçaaltıncaba,
recommended,weekly_recommendation,Week1_21July,1,Spotify,User9,9,experiment_results/Week1_21July/Spotify/User9/Week1_User9_spotify_metadata.csv,Week1-User9,0escRZsQH6RJbznFnOpqCX,https://open.spotify.com/playlist/0escRZsQH6RJbznFnOpqCX,6,4mJmi9z3o1B6k2vry39Ufh,https://open.spotify.com/track/4mJmi9z3o1B6k2vry39Ufh,Heavy Metal Never Dies,Iron Savior,6COmyouHXwCeIGS1IFd1PA,The Landing,2011-11-18,254.386,False,spotify_artist_monthly_listeners,57678,"57,678",4.761010192695719,,56.666666666666664,middle_third_vs_final_balanced,within_final_balanced_middle_range,30091.0,4.478139338658135,1.9167857498919942,0.2828708540375837,,,,spotify_track_api_popularity,,,0,track,2026-07-24T08:36:00+00:00,Aysima Karçaaltıncaba,
recommended,weekly_recommendation,Week1_21July,1,Spotify,User9,9,experiment_results/Week1_21July/Spotify/User9/Week1_User9_spotify_metadata.csv,Week1-User9,0escRZsQH6RJbznFnOpqCX,https://open.spotify.com/playlist/0escRZsQH6RJbznFnOpqCX,7,7s0fJ0s9A5eRh4NXaMkfgS,https://open.spotify.com/track/7s0fJ0s9A5eRh4NXaMkfgS,Nightfall - Remastered 2007,Blind Guardian,7jxJ25p0pPjk0MStloN6o6,Nightfall in Middle Earth (Remastered 2007),1998-04-28,334.693,False,spotify_artist_monthly_listeners,594132,"594,132",5.7738829441443285,,70.0,top_third_vs_final_balanced,within_final_balanced_high_range,30091.0,4.478139338658135,19.744508324748264,1.2957436054861935,,,,spotify_track_api_popularity,,,0,track,2026-07-24T08:36:00+00:00,Aysima Karçaaltıncaba,
recommended,weekly_recommendation,Week1_21July,1,Spotify,User9,9,experiment_results/Week1_21July/Spotify/User9/Week1_User9_spotify_metadata.csv,Week1-User9,0escRZsQH6RJbznFnOpqCX,https://open.spotify.com/playlist/0escRZsQH6RJbznFnOpqCX,8,09OnB8xeghs8FRnu4dJKmU,https://open.spotify.com/track/09OnB8xeghs8FRnu4dJKmU,Still Alive,Nocturnal Rites,0dSoaJ8iEP3aid30p18O2g,Grand Illusion,2006-07-13,242.626,False,spotify_artist_monthly_listeners,25447,"25,447",4.405636589806667,,40.0,middle_third_vs_final_balanced,within_final_balanced_middle_range,30091.0,4.478139338658135,0.8456681399754079,-0.07250274885146801,,,,spotify_track_api_popularity,,,0,track,2026-07-24T08:36:00+00:00,Aysima Karçaaltıncaba,
recommended,weekly_recommendation,Week1_21July,1,Spotify,User9,9,experiment_results/Week1_21July/Spotify/User9/Week1_User9_spotify_metadata.csv,Week1-User9,0escRZsQH6RJbznFnOpqCX,https://open.spotify.com/playlist/0escRZsQH6RJbznFnOpqCX,9,3hfgxj1PpTUUdgU0P8Nt7e,https://open.spotify.com/track/3hfgxj1PpTUUdgU0P8Nt7e,Down from the Mountain,Allen Lande,2hxa4ytcni5FUIK8IR27tX,The Great Divide,2014-10-17,246.295,False,spotify_artist_monthly_listeners,53997,"53,997",4.732369631681519,,56.666666666666664,middle_third_vs_final_balanced,within_final_balanced_middle_range,30091.0,4.478139338658135,1.794456814329866,0.25423029302338396,,,,spotify_track_api_popularity,,,0,track,2026-07-24T08:36:00+00:00,Aysima Karçaaltıncaba,
recommended,weekly_recommendation,Week1_21July,1,Spotify,User9,9,experiment_results/Week1_21July/Spotify/User9/Week1_User9_spotify_metadata.csv,Week1-User9,0escRZsQH6RJbznFnOpqCX,https://open.spotify.com/playlist/0escRZsQH6RJbznFnOpqCX,10,1P5B3ARqjPkB9yCNPZq9jV,https://open.spotify.com/track/1P5B3ARqjPkB9yCNPZq9jV,Rebellion (The Clans Are Marching) - Remastered Version,Grave Digger,6mfghV4I1CD17FOhDKq7cJ,Tunes Of War (Remastered 2006),1996,244.760,False,spotify_artist_monthly_listeners,74393,"74,393",4.871532072583568,,60.0,middle_third_vs_final_balanced,within_final_balanced_middle_range,30091.0,4.478139338658135,2.472267455385331,0.39339273392543284,,,,spotify_track_api_popularity,,,0,track,2026-07-24T08:36:00+00:00,Aysima Karçaaltıncaba,
recommended,weekly_recommendation,Week1_21July,1,Spotify,User9,9,experiment_results/Week1_21July/Spotify/User9/Week1_User9_spotify_metadata.csv,Week1-User9,0escRZsQH6RJbznFnOpqCX,https://open.spotify.com/playlist/0escRZsQH6RJbznFnOpqCX,11,07Vk1JPd5MgBJxdrMpnLNh,https://open.spotify.com/track/07Vk1JPd5MgBJxdrMpnLNh,The Book of Heavy Metal (March of the Metallians),Dream Evil,1bkf8u8ot6vEpWTJFBzKZB,The Book of Heavy Metal,2004-07-13,325.800,False,spotify_artist_monthly_listeners,167499,"167,499",5.2240122185622475,,63.333333333333336,middle_third_vs_final_balanced,within_final_balanced_middle_range,30091.0,4.478139338658135,5.566415207204812,0.7458728799041126,,,,spotify_track_api_popularity,,,0,track,2026-07-24T08:36:00+00:00,Aysima Karçaaltıncaba,
recommended,weekly_recommendation,Week1_21July,1,Spotify,User9,9,experiment_results/Week1_21July/Spotify/User9/Week1_User9_spotify_metadata.csv,Week1-User9,0escRZsQH6RJbznFnOpqCX,https://open.spotify.com/playlist/0escRZsQH6RJbznFnOpqCX,12,170Q9dEUIPy8imNb9p5DYu,https://open.spotify.com/track/170Q9dEUIPy8imNb9p5DYu,Impaler,Sabaton,3o2dn2O0FCVsWDFSh8qxgG,Legends,2025-10-17,284.413,False,spotify_artist_monthly_listeners,3115408,"3,115,408",6.493514930785041,,90.0,top_third_vs_final_balanced,within_final_balanced_high_range,30091.0,4.478139338658135,103.53288358645442,2.0153755921269063,,,,spotify_track_api_popularity,,,0,track,2026-07-24T08:36:00+00:00,Aysima Karçaaltıncaba,
recommended,weekly_recommendation,Week1_21July,1,Spotify,User9,9,experiment_results/Week1_21July/Spotify/User9/Week1_User9_spotify_metadata.csv,Week1-User9,0escRZsQH6RJbznFnOpqCX,https://open.spotify.com/playlist/0escRZsQH6RJbznFnOpqCX,13,4i3L5DHB4W2CzKtaUdeDkC,https://open.spotify.com/track/4i3L5DHB4W2CzKtaUdeDkC,Wings of Steel,Wings of Steel,0y43lCvntQtyFlhCABGb0T,Wings of Steel,2022-03-11,203.546,False,spotify_artist_monthly_listeners,50778,"50,778",4.7056755912586725,,56.666666666666664,middle_third_vs_final_balanced,within_final_balanced_middle_range,30091.0,4.478139338658135,1.687481306703001,0.22753625260053756,,,,spotify_track_api_popularity,,,0,track,2026-07-24T08:36:00+00:00,Aysima Karçaaltıncaba,
recommended,weekly_recommendation,Week1_21July,1,Spotify,User9,9,experiment_results/Week1_21July/Spotify/User9/Week1_User9_spotify_metadata.csv,Week1-User9,0escRZsQH6RJbznFnOpqCX,https://open.spotify.com/playlist/0escRZsQH6RJbznFnOpqCX,14,1mShQXyieokm7Yr5F2WSRd,https://open.spotify.com/track/1mShQXyieokm7Yr5F2WSRd,Master of Confusion - Remastered,Gamma Ray,6LZE884lDIsCSLHuTplfGp,The Best (Of),2015-01-30,293.732,False,spotify_artist_monthly_listeners,170740,"170,740",5.232335277085655,,63.333333333333336,middle_third_vs_final_balanced,within_final_balanced_middle_range,30091.0,4.478139338658135,5.674121830447642,0.7541959384275199,,,,spotify_track_api_popularity,,,0,track,2026-07-24T08:36:00+00:00,Aysima Karçaaltıncaba,
recommended,weekly_recommendation,Week1_21July,1,Spotify,User9,9,experiment_results/Week1_21July/Spotify/User9/Week1_User9_spotify_metadata.csv,Week1-User9,0escRZsQH6RJbznFnOpqCX,https://open.spotify.com/playlist/0escRZsQH6RJbznFnOpqCX,15,2NCh5hwrluY1w5D3BxDXMq,https://open.spotify.com/track/2NCh5hwrluY1w5D3BxDXMq,Under Jolly Roger,Running Wild,7954VFaZClkL503srfV5PE,Under Jolly Roger,1987-01-01,282.560,False,spotify_artist_monthly_listeners,98617,"98,617",4.993951786845871,,60.0,middle_third_vs_final_balanced,within_final_balanced_middle_range,30091.0,4.478139338658135,3.27729221361869,0.5158124481877362,,,,spotify_track_api_popularity,,,0,track,2026-07-24T08:36:00+00:00,Aysima Karçaaltıncaba,
recommended,weekly_recommendation,Week1_21July,1,Spotify,User9,9,experiment_results/Week1_21July/Spotify/User9/Week1_User9_spotify_metadata.csv,Week1-User9,0escRZsQH6RJbznFnOpqCX,https://open.spotify.com/playlist/0escRZsQH6RJbznFnOpqCX,16,1NQCQj6x94ZBEPSODneBHw,https://open.spotify.com/track/1NQCQj6x94ZBEPSODneBHw,The Village of Dwarves,Rhapsody,0zQfrabOFYf36Ikb6PXcCY,Dawn of Victory,2000,232.173,False,spotify_artist_monthly_listeners,368660,"368,660",5.566626018751573,,66.66666666666667,middle_third_vs_final_balanced,between_final_balanced_tier_ranges,30091.0,4.478139338658135,12.251503771891928,1.088486680093438,,,,spotify_track_api_popularity,,,0,track,2026-07-24T08:36:00+00:00,Aysima Karçaaltıncaba,
recommended,weekly_recommendation,Week1_21July,1,Spotify,User9,9,experiment_results/Week1_21July/Spotify/User9/Week1_User9_spotify_metadata.csv,Week1-User9,0escRZsQH6RJbznFnOpqCX,https://open.spotify.com/playlist/0escRZsQH6RJbznFnOpqCX,17,4WkdoleJNVD46dOS03j821,https://open.spotify.com/track/4WkdoleJNVD46dOS03j821,Hate Me,Children Of Bodom,1xUhNgw4eJDZfvumIpcz1B,Follow The Reaper,2000-10-30,284.733,True,spotify_artist_monthly_listeners,758547,"758,547",5.8799824950875115,,73.33333333333333,top_third_vs_final_balanced,within_final_balanced_high_range,30091.0,4.478139338658135,25.208434415605996,1.4018431564293765,,,,spotify_track_api_popularity,,,0,track,2026-07-24T08:36:00+00:00,Aysima Karçaaltıncaba,
recommended,weekly_recommendation,Week1_21July,1,Spotify,User9,9,experiment_results/Week1_21July/Spotify/User9/Week1_User9_spotify_metadata.csv,Week1-User9,0escRZsQH6RJbznFnOpqCX,https://open.spotify.com/playlist/0escRZsQH6RJbznFnOpqCX,18,6NckTLOMeZFE9sqx4EyisQ,https://open.spotify.com/track/6NckTLOMeZFE9sqx4EyisQ,Spirit Never Die,Masterplan,1OHNvr18TssBKYK0A75yvx,Masterplan,2003-01-20,326.893,False,spotify_artist_monthly_listeners,184836,"184,836",5.266786561465773,,63.333333333333336,middle_third_vs_final_balanced,within_final_balanced_middle_range,30091.0,4.478139338658135,6.142567545113157,0.7886472228076382,,,,spotify_track_api_popularity,,,0,track,2026-07-24T08:36:00+00:00,Aysima Karçaaltıncaba,
recommended,weekly_recommendation,Week1_21July,1,Spotify,User9,9,experiment_results/Week1_21July/Spotify/User9/Week1_User9_spotify_metadata.csv,Week1-User9,0escRZsQH6RJbznFnOpqCX,https://open.spotify.com/playlist/0escRZsQH6RJbznFnOpqCX,19,1xBR8Ne5wclgRXAiNTycei,https://open.spotify.com/track/1xBR8Ne5wclgRXAiNTycei,I Am Alive,Primal Fear,1yfiDL3YUEJlQCgb5Pun6g,Metal Commando,2020-07-24,274.826,False,spotify_artist_monthly_listeners,105691,"105,691",5.024038007016501,,60.0,middle_third_vs_final_balanced,within_final_balanced_middle_range,30091.0,4.478139338658135,3.512379116679406,0.5458986683583662,,,,spotify_track_api_popularity,,,0,track,2026-07-24T08:36:00+00:00,Aysima Karçaaltıncaba,
recommended,weekly_recommendation,Week1_21July,1,Spotify,User9,9,experiment_results/Week1_21July/Spotify/User9/Week1_User9_spotify_metadata.csv,Week1-User9,0escRZsQH6RJbznFnOpqCX,https://open.spotify.com/playlist/0escRZsQH6RJbznFnOpqCX,20,2rV29Dueq15Cq4IyFgINDL,https://open.spotify.com/track/2rV29Dueq15Cq4IyFgINDL,Set This World on Fire,Rage,5TJVsWPUaJxBxWfVZQEt2x,Unity,2002-03-13,306.146,False,spotify_artist_monthly_listeners,92170,"92,170",4.964589587489903,,60.0,middle_third_vs_final_balanced,within_final_balanced_middle_range,30091.0,4.478139338658135,3.063042105612974,0.48645024883176813,,,,spotify_track_api_popularity,,,0,track,2026-07-24T08:36:00+00:00,Aysima Karçaaltıncaba,
recommended,weekly_recommendation,Week1_21July,1,Spotify,User9,9,experiment_results/Week1_21July/Spotify/User9/Week1_User9_spotify_metadata.csv,Week1-User9,0escRZsQH6RJbznFnOpqCX,https://open.spotify.com/playlist/0escRZsQH6RJbznFnOpqCX,21,4bUnDOBTWfvmUDePpdXQsx,https://open.spotify.com/track/4bUnDOBTWfvmUDePpdXQsx,Black Flag,Iced Earth,3KEixcRfBS5K3E91Vn1Kdy,Incorruptible,2017-06-16,296.640,False,spotify_artist_monthly_listeners,219161,"219,161",5.34076327339021,,66.66666666666667,middle_third_vs_final_balanced,between_final_balanced_tier_ranges,30091.0,4.478139338658135,7.283274068658403,0.862623934732075,,,,spotify_track_api_popularity,,,0,track,2026-07-24T08:36:00+00:00,Aysima Karçaaltıncaba,
recommended,weekly_recommendation,Week1_21July,1,Spotify,User9,9,experiment_results/Week1_21July/Spotify/User9/Week1_User9_spotify_metadata.csv,Week1-User9,0escRZsQH6RJbznFnOpqCX,https://open.spotify.com/playlist/0escRZsQH6RJbznFnOpqCX,22,2YkbC7444FgOHOIfH33UC8,https://open.spotify.com/track/2YkbC7444FgOHOIfH33UC8,For the King,Bloodbound,6nf7iwR6AoROxfUKZWd1r6,Nosferatu,2006-01-31,229.146,False,spotify_artist_monthly_listeners,295782,"295,782",5.470971741200654,,66.66666666666667,middle_third_vs_final_balanced,between_final_balanced_tier_ranges,30091.0,4.478139338658135,9.82958359642418,0.9928324025425193,,,,spotify_track_api_popularity,,,0,track,2026-07-24T08:36:00+00:00,Aysima Karçaaltıncaba,
recommended,weekly_recommendation,Week1_21July,1,Spotify,User9,9,experiment_results/Week1_21July/Spotify/User9/Week1_User9_spotify_metadata.csv,Week1-User9,0escRZsQH6RJbznFnOpqCX,https://open.spotify.com/playlist/0escRZsQH6RJbznFnOpqCX,23,7mBlBHsCrl4sVGDhSUrZRC,https://open.spotify.com/track/7mBlBHsCrl4sVGDhSUrZRC,Hour to Live,Skull Fist,6V6MyDcytW48stIykhH937,Chasing the Dream,2014-01-10,258.200,False,spotify_artist_monthly_listeners,26842,"26,842",4.428814872026153,,43.333333333333336,middle_third_vs_final_balanced,within_final_balanced_middle_range,30091.0,4.478139338658135,0.8920275165331827,-0.04932446663198231,,,,spotify_track_api_popularity,,,0,track,2026-07-24T08:36:00+00:00,Aysima Karçaaltıncaba,
recommended,weekly_recommendation,Week1_21July,1,Spotify,User9,9,experiment_results/Week1_21July/Spotify/User9/Week1_User9_spotify_metadata.csv,Week1-User9,0escRZsQH6RJbznFnOpqCX,https://open.spotify.com/playlist/0escRZsQH6RJbznFnOpqCX,24,0rv2jIngnCbHoGEaFOIcwW,https://open.spotify.com/track/0rv2jIngnCbHoGEaFOIcwW,Hall of the Mountain King,Savatage,3N1B1g6JtIgd6ClRkzD4yT,Hall of the Mountain King (2011 Edition),1987,333.453,False,spotify_artist_monthly_listeners,382776,"382,776",5.582944699757049,,66.66666666666667,middle_third_vs_final_balanced,between_final_balanced_tier_ranges,30091.0,4.478139338658135,12.72061413711741,1.1048053610989141,,,,spotify_track_api_popularity,,,0,track,2026-07-24T08:36:00+00:00,Aysima Karçaaltıncaba,
recommended,weekly_recommendation,Week1_21July,1,Spotify,User9,9,experiment_results/Week1_21July/Spotify/User9/Week1_User9_spotify_metadata.csv,Week1-User9,0escRZsQH6RJbznFnOpqCX,https://open.spotify.com/playlist/0escRZsQH6RJbznFnOpqCX,25,0WTbXgGmirq6A9LfzHg2uA,https://open.spotify.com/track/0WTbXgGmirq6A9LfzHg2uA,The Cage,Sonata Arctica,5YeoQ1L71cXDMpSpqxOjfH,Winterheart's Guild,2002-01-01,275.440,False,spotify_artist_monthly_listeners,445224,"445,224",5.6485785671330895,,66.66666666666667,middle_third_vs_final_balanced,between_final_balanced_tier_ranges,30091.0,4.478139338658135,14.795919045561796,1.1704392284749545,,,,spotify_track_api_popularity,,,0,track,2026-07-24T08:36:00+00:00,Aysima Karçaaltıncaba,
recommended,weekly_recommendation,Week1_21July,1,Spotify,User9,9,experiment_results/Week1_21July/Spotify/User9/Week1_User9_spotify_metadata.csv,Week1-User9,0escRZsQH6RJbznFnOpqCX,https://open.spotify.com/playlist/0escRZsQH6RJbznFnOpqCX,26,1bOxv1BcxwZVHCxc6MnYUC,https://open.spotify.com/track/1bOxv1BcxwZVHCxc6MnYUC,Strongest Of The Strong,Kreator,3BM0EaYmkKWuPmmHFUTQHv,Hate Über Alles,2022-06-10,241.158,False,spotify_artist_monthly_listeners,493959,"493,959",5.693690902744062,,70.0,top_third_vs_final_balanced,within_final_balanced_high_range,30091.0,4.478139338658135,16.415506297564054,1.215551564085927,,,,spotify_track_api_popularity,,,0,track,2026-07-24T08:36:00+00:00,Aysima Karçaaltıncaba,
recommended,weekly_recommendation,Week1_21July,1,Spotify,User9,9,experiment_results/Week1_21July/Spotify/User9/Week1_User9_spotify_metadata.csv,Week1-User9,0escRZsQH6RJbznFnOpqCX,https://open.spotify.com/playlist/0escRZsQH6RJbznFnOpqCX,27,35TLynakKhHyg7FcONAypo,https://open.spotify.com/track/35TLynakKhHyg7FcONAypo,Center of the Universe,Kamelot,7gTbq5nTZGQIUgjEGXQpOS,Epica,2003-03-03,326.946,False,spotify_artist_monthly_listeners,346998,"346,998",5.5403269716454355,,66.66666666666667,middle_third_vs_final_balanced,between_final_balanced_tier_ranges,30091.0,4.478139338658135,11.531620750390482,1.0621876329873006,,,,spotify_track_api_popularity,,,0,track,2026-07-24T08:36:00+00:00,Aysima Karçaaltıncaba,
recommended,weekly_recommendation,Week1_21July,1,Spotify,User9,9,experiment_results/Week1_21July/Spotify/User9/Week1_User9_spotify_metadata.csv,Week1-User9,0escRZsQH6RJbznFnOpqCX,https://open.spotify.com/playlist/0escRZsQH6RJbznFnOpqCX,28,4ZuNyr0qk8gckL98Oee0ld,https://open.spotify.com/track/4ZuNyr0qk8gckL98Oee0ld,Chains of Destiny,Rhapsody Of Fire,3IjLXN4eSksdGj8uDE4Jm1,Glory for Salvation,2021-11-26,235.093,False,spotify_artist_monthly_listeners,239721,"239,721",5.379706080694629,,66.66666666666667,middle_third_vs_final_balanced,between_final_balanced_tier_ranges,30091.0,4.478139338658135,7.966534844305606,0.9015667420364943,,,,spotify_track_api_popularity,,,0,track,2026-07-24T08:36:00+00:00,Aysima Karçaaltıncaba,
recommended,weekly_recommendation,Week1_21July,1,Spotify,User9,9,experiment_results/Week1_21July/Spotify/User9/Week1_User9_spotify_metadata.csv,Week1-User9,0escRZsQH6RJbznFnOpqCX,https://open.spotify.com/playlist/0escRZsQH6RJbznFnOpqCX,29,7aYO9WJaSC8m7YpT0bM5Ke,https://open.spotify.com/track/7aYO9WJaSC8m7YpT0bM5Ke,In My Sword I Trust,Ensiferum,0krXCIkthz13P8o0v2tksH,Unsung Heroes (Japan Version),2012-01-01,320.426,False,spotify_artist_monthly_listeners,193731,"193,731",5.287199120211757,,63.333333333333336,middle_third_vs_final_balanced,within_final_balanced_middle_range,30091.0,4.478139338658135,6.438170881658968,0.8090597815536222,,,,spotify_track_api_popularity,,,0,track,2026-07-24T08:36:00+00:00,Aysima Karçaaltıncaba,
recommended,weekly_recommendation,Week1_21July,1,Spotify,User9,9,experiment_results/Week1_21July/Spotify/User9/Week1_User9_spotify_metadata.csv,Week1-User9,0escRZsQH6RJbznFnOpqCX,https://open.spotify.com/playlist/0escRZsQH6RJbznFnOpqCX,30,0ASc6EqyR29pOrdrkpzYHq,https://open.spotify.com/track/0ASc6EqyR29pOrdrkpzYHq,Lost in Your Eyes,Heavenly,7j3etSXgd9ZLYIUW7KWnpd,Carpe Diem,2009-12-18,228.464,False,spotify_artist_monthly_listeners,69375,"69,375",4.841202996130733,,60.0,middle_third_vs_final_balanced,within_final_balanced_middle_range,30091.0,4.478139338658135,2.3055066298893356,0.3630636574725976,,,,spotify_track_api_popularity,,,0,track,2026-07-24T08:36:00+00:00,Aysima Karçaaltıncaba,
recommended,weekly_recommendation,Week1_21July,1,Youtube,User1,1,experiment_results/Week1_21July/Youtube/User1/Week1_User1_21.07.csv,Discover Mix,RDTMAK5uy_n_5IN6hzAOwdCnM8D8rzrs3vDl12UcZpA,https://music.youtube.com/playlist?list=RDTMAK5uy_n_5IN6hzAOwdCnM8D8rzrs3vDl12UcZpA,1,w5UgOFIqWgg,https://music.youtube.com/watch?v=w5UgOFIqWgg,Archangel,Amaranthe,UClXbyJ6lJGR3VVkLSVRmdOQ,Manifest,2020-10-01T03:01:03-07:00,204,False,youtube_video_view_count,3875250,3875250,6.588299724937362,High,76.66666666666667,top_third_vs_final_balanced,within_final_balanced_high_range,65199.0,4.814219747922499,59.43726130768877,1.7740799770148632,,,,youtube_artist_subscribers,402000,402K,249,MUSIC_VIDEO_TYPE_ATV,2026-07-21T20:07:34+00:00,user_01,
recommended,weekly_recommendation,Week1_21July,1,Youtube,User1,1,experiment_results/Week1_21July/Youtube/User1/Week1_User1_21.07.csv,Discover Mix,RDTMAK5uy_n_5IN6hzAOwdCnM8D8rzrs3vDl12UcZpA,https://music.youtube.com/playlist?list=RDTMAK5uy_n_5IN6hzAOwdCnM8D8rzrs3vDl12UcZpA,2,MpiK6ncKQfM,https://music.youtube.com/watch?v=MpiK6ncKQfM,Powersnake,Brothers of Metal,UC7apj1hieWRm-ji4_Umt2GA,Emblas Saga,2020-01-09T02:00:56-08:00,224,False,youtube_video_view_count,9442528,9442528,6.975088281318198,High,93.33333333333333,top_third_vs_final_balanced,within_final_balanced_high_range,65199.0,4.814219747922499,144.82627034156965,2.160868533395699,,,,youtube_artist_subscribers,105000,105K,249,MUSIC_VIDEO_TYPE_ATV,2026-07-21T20:07:34+00:00,user_01,
recommended,weekly_recommendation,Week1_21July,1,Youtube,User1,1,experiment_results/Week1_21July/Youtube/User1/Week1_User1_21.07.csv,Discover Mix,RDTMAK5uy_n_5IN6hzAOwdCnM8D8rzrs3vDl12UcZpA,https://music.youtube.com/playlist?list=RDTMAK5uy_n_5IN6hzAOwdCnM8D8rzrs3vDl12UcZpA,3,rBJ7L5LyAk4,https://music.youtube.com/watch?v=rBJ7L5LyAk4,Power Train,Majestica,UC0oLl-AD2ikFO_WDmG4YMzw,,2024-11-06T06:00:08-08:00,269,False,youtube_video_view_count,873000,873000,5.9410142437055695,Buffer,66.66666666666667,middle_third_vs_final_balanced,between_final_balanced_tier_ranges,65199.0,4.814219747922499,13.38977591680854,1.126794495783071,,,,youtube_artist_subscribers,28800,28.8K,249,MUSIC_VIDEO_TYPE_OMV,2026-07-21T20:07:34+00:00,user_01,missing album browse id
recommended,weekly_recommendation,Week1_21July,1,Youtube,User1,1,experiment_results/Week1_21July/Youtube/User1/Week1_User1_21.07.csv,Discover Mix,RDTMAK5uy_n_5IN6hzAOwdCnM8D8rzrs3vDl12UcZpA,https://music.youtube.com/playlist?list=RDTMAK5uy_n_5IN6hzAOwdCnM8D8rzrs3vDl12UcZpA,4,0s72qU6NcSY,https://music.youtube.com/watch?v=0s72qU6NcSY,Divine,Dionysus,UClJbvcY5lO1aJo2Q3SqjvlQ,Anima Mundi,2015-01-19T21:15:04-08:00,251,False,youtube_video_view_count,262574,262574,5.419251720170981,Buffer,66.66666666666667,middle_third_vs_final_balanced,between_final_balanced_tier_ranges,65199.0,4.814219747922499,4.027270356907315,0.605031972248482,,,,youtube_artist_subscribers,3910,3.91K,249,MUSIC_VIDEO_TYPE_ATV,2026-07-21T20:07:34+00:00,user_01,
recommended,weekly_recommendation,Week1_21July,1,Youtube,User1,1,experiment_results/Week1_21July/Youtube/User1/Week1_User1_21.07.csv,Discover Mix,RDTMAK5uy_n_5IN6hzAOwdCnM8D8rzrs3vDl12UcZpA,https://music.youtube.com/playlist?list=RDTMAK5uy_n_5IN6hzAOwdCnM8D8rzrs3vDl12UcZpA,5,Ql3PAxkQy1s,https://music.youtube.com/watch?v=Ql3PAxkQy1s,End of the Attention Span,Armored Saint,UCRGwOPSYTalH6uhILC3m-IQ,,2020-08-12T09:00:10-07:00,317,False,youtube_video_view_count,296216,296216,5.471608513077968,Buffer,66.66666666666667,middle_third_vs_final_balanced,between_final_balanced_tier_ranges,65199.0,4.814219747922499,4.5432598659488646,0.6573887651554697,,,,youtube_artist_subscribers,16100,16.1K,249,MUSIC_VIDEO_TYPE_OMV,2026-07-21T20:07:34+00:00,user_01,missing album browse id
recommended,weekly_recommendation,Week1_21July,1,Youtube,User1,1,experiment_results/Week1_21July/Youtube/User1/Week1_User1_21.07.csv,Discover Mix,RDTMAK5uy_n_5IN6hzAOwdCnM8D8rzrs3vDl12UcZpA,https://music.youtube.com/playlist?list=RDTMAK5uy_n_5IN6hzAOwdCnM8D8rzrs3vDl12UcZpA,6,6zrqHXbytkw,https://music.youtube.com/watch?v=6zrqHXbytkw,On a Quest for Aberdeen,Gloryhammer,UCPGTSBEsBiITt6ZaniWufag,On a Quest for Aberdeen,2025-05-26T03:00:20-07:00,234,False,youtube_video_view_count,818921,818921,5.913242008086551,Buffer,66.66666666666667,middle_third_vs_final_balanced,between_final_balanced_tier_ranges,65199.0,4.814219747922499,12.560330679918403,1.0990222601640527,,,,youtube_artist_subscribers,52300,52.3K,122,MUSIC_VIDEO_TYPE_ATV,2026-07-21T20:07:34+00:00,user_01,
recommended,weekly_recommendation,Week1_21July,1,Youtube,User1,1,experiment_results/Week1_21July/Youtube/User1/Week1_User1_21.07.csv,Discover Mix,RDTMAK5uy_n_5IN6hzAOwdCnM8D8rzrs3vDl12UcZpA,https://music.youtube.com/playlist?list=RDTMAK5uy_n_5IN6hzAOwdCnM8D8rzrs3vDl12UcZpA,7,JPm46Qgyn24,https://music.youtube.com/watch?v=JPm46Qgyn24,Gunman,Orden Ogan,UCZzrOhpSH_iXyc8bUzbzT-w,,2017-05-19T09:22:42-07:00,360,False,youtube_video_view_count,12062992,12062992,7.081455039804916,High,93.33333333333333,top_third_vs_final_balanced,within_final_balanced_high_range,65199.0,4.814219747922499,185.01805242411695,2.2672352918824172,,,,youtube_artist_subscribers,29300,29.3K,249,MUSIC_VIDEO_TYPE_OMV,2026-07-21T20:07:34+00:00,user_01,missing album browse id
recommended,weekly_recommendation,Week1_21July,1,Youtube,User1,1,experiment_results/Week1_21July/Youtube/User1/Week1_User1_21.07.csv,Discover Mix,RDTMAK5uy_n_5IN6hzAOwdCnM8D8rzrs3vDl12UcZpA,https://music.youtube.com/playlist?list=RDTMAK5uy_n_5IN6hzAOwdCnM8D8rzrs3vDl12UcZpA,8,UQ4uyq3GU1w,https://music.youtube.com/watch?v=UQ4uyq3GU1w,Heartless Madness,Dynazty,UC1_8sQRmjjw7YI2Bk-Kr_tA,,2020-02-28T03:02:07-08:00,249,False,youtube_video_view_count,6301201,6301201,6.79942333325718,High,93.33333333333333,top_third_vs_final_balanced,within_final_balanced_high_range,65199.0,4.814219747922499,96.64566941210755,1.9852035853346814,,,,youtube_artist_subscribers,42100,42.1K,249,MUSIC_VIDEO_TYPE_OMV,2026-07-21T20:07:34+00:00,user_01,missing album browse id
recommended,weekly_recommendation,Week1_21July,1,Youtube,User1,1,experiment_results/Week1_21July/Youtube/User1/Week1_User1_21.07.csv,Discover Mix,RDTMAK5uy_n_5IN6hzAOwdCnM8D8rzrs3vDl12UcZpA,https://music.youtube.com/playlist?list=RDTMAK5uy_n_5IN6hzAOwdCnM8D8rzrs3vDl12UcZpA,9,VAxUOliJ8tE,https://music.youtube.com/watch?v=VAxUOliJ8tE,Dawn of the Dragonstar,Twilight Force,UCah1jdLzh3l8_XSVxeKtXgA,Dawn of the Dragonstar,2019-08-15T03:03:32-07:00,218,False,youtube_video_view_count,755426,755426,5.8781919281513035,Buffer,66.66666666666667,middle_third_vs_final_balanced,between_final_balanced_tier_ranges,65199.0,4.814219747922499,11.586466050092794,1.063972180228805,,,,youtube_artist_subscribers,21900,21.9K,249,MUSIC_VIDEO_TYPE_ATV,2026-07-21T20:07:34+00:00,user_01,
recommended,weekly_recommendation,Week1_21July,1,Youtube,User1,1,experiment_results/Week1_21July/Youtube/User1/Week1_User1_21.07.csv,Discover Mix,RDTMAK5uy_n_5IN6hzAOwdCnM8D8rzrs3vDl12UcZpA,https://music.youtube.com/playlist?list=RDTMAK5uy_n_5IN6hzAOwdCnM8D8rzrs3vDl12UcZpA,10,EYLfrkWlsC8,https://music.youtube.com/watch?v=EYLfrkWlsC8,Lightbringer,The Lightbringer,UC4UyRMLRyf3VkmGt60RkKtw,,2022-07-27T12:43:29-07:00,241,False,youtube_video_view_count,4617,4617,3.664359874551141,Low,30.0,bottom_third_vs_final_balanced,within_final_balanced_low_range,65199.0,4.814219747922499,0.07081396953941012,-1.1498598733713576,,,,youtube_artist_subscribers,2510,2.51K,249,MUSIC_VIDEO_TYPE_OMV,2026-07-21T20:07:34+00:00,user_01,missing album browse id
recommended,weekly_recommendation,Week1_21July,1,Youtube,User1,1,experiment_results/Week1_21July/Youtube/User1/Week1_User1_21.07.csv,Discover Mix,RDTMAK5uy_n_5IN6hzAOwdCnM8D8rzrs3vDl12UcZpA,https://music.youtube.com/playlist?list=RDTMAK5uy_n_5IN6hzAOwdCnM8D8rzrs3vDl12UcZpA,11,AssG0Qj15i0,https://music.youtube.com/watch?v=AssG0Qj15i0,Battlefield,Blind Guardian,UCevshEcA1yKVc0uucxo4dfg,A Night At The Opera,2014-11-07T15:09:02-08:00,338,False,youtube_video_view_count,532145,532145,5.726029985903374,Buffer,66.66666666666667,middle_third_vs_final_balanced,between_final_balanced_tier_ranges,65199.0,4.814219747922499,8.161858310710286,0.911810237980875,,,,youtube_artist_subscribers,201000,201K,97,MUSIC_VIDEO_TYPE_ATV,2026-07-21T20:07:34+00:00,user_01,
recommended,weekly_recommendation,Week1_21July,1,Youtube,User1,1,experiment_results/Week1_21July/Youtube/User1/Week1_User1_21.07.csv,Discover Mix,RDTMAK5uy_n_5IN6hzAOwdCnM8D8rzrs3vDl12UcZpA,https://music.youtube.com/playlist?list=RDTMAK5uy_n_5IN6hzAOwdCnM8D8rzrs3vDl12UcZpA,12,BplgH8XSqs0,https://music.youtube.com/watch?v=BplgH8XSqs0,Heroes,Masterplan,UCQm2l9VFAwCEMR2zydt9y6w,Masterplan,2015-01-18T19:03:42-08:00,214,False,youtube_video_view_count,1116453,1116453,6.04784044503371,Buffer,66.66666666666667,middle_third_vs_final_balanced,between_final_balanced_tier_ranges,65199.0,4.814219747922499,17.123774904523074,1.2336206971112116,,,,youtube_artist_subscribers,10100,10.1K,249,MUSIC_VIDEO_TYPE_ATV,2026-07-21T20:07:34+00:00,user_01,
recommended,weekly_recommendation,Week1_21July,1,Youtube,User1,1,experiment_results/Week1_21July/Youtube/User1/Week1_User1_21.07.csv,Discover Mix,RDTMAK5uy_n_5IN6hzAOwdCnM8D8rzrs3vDl12UcZpA,https://music.youtube.com/playlist?list=RDTMAK5uy_n_5IN6hzAOwdCnM8D8rzrs3vDl12UcZpA,13,lWb1kee9z9Y,https://music.youtube.com/watch?v=lWb1kee9z9Y,Hear The Drum,All For Metal,UCFyjdGcykEQTL7gTYPVfzVQ,,2023-07-06T07:00:09-07:00,194,False,youtube_video_view_count,960559,960559,5.982524045499107,Buffer,66.66666666666667,middle_third_vs_final_balanced,between_final_balanced_tier_ranges,65199.0,4.814219747922499,14.732725962054634,1.1683042975766087,,,,youtube_artist_subscribers,3920,3.92K,249,MUSIC_VIDEO_TYPE_OMV,2026-07-21T20:07:34+00:00,user_01,missing album browse id
recommended,weekly_recommendation,Week1_21July,1,Youtube,User1,1,experiment_results/Week1_21July/Youtube/User1/Week1_User1_21.07.csv,Discover Mix,RDTMAK5uy_n_5IN6hzAOwdCnM8D8rzrs3vDl12UcZpA,https://music.youtube.com/playlist?list=RDTMAK5uy_n_5IN6hzAOwdCnM8D8rzrs3vDl12UcZpA,14,09P9AhzEUns,https://music.youtube.com/watch?v=09P9AhzEUns,Send Me a Sign,Gamma Ray,UC34yDJRgqZZFJ25BjEvvCQQ,Power Plant,2022-08-30T04:20:15-07:00,247,False,youtube_video_view_count,598833,598833,5.777305725076167,Buffer,66.66666666666667,middle_third_vs_final_balanced,between_final_balanced_tier_ranges,65199.0,4.814219747922499,9.184696084295771,0.9630859771536686,,,,youtube_artist_subscribers,35500,35.5K,123,MUSIC_VIDEO_TYPE_ATV,2026-07-21T20:07:34+00:00,user_01,
recommended,weekly_recommendation,Week1_21July,1,Youtube,User1,1,experiment_results/Week1_21July/Youtube/User1/Week1_User1_21.07.csv,Discover Mix,RDTMAK5uy_n_5IN6hzAOwdCnM8D8rzrs3vDl12UcZpA,https://music.youtube.com/playlist?list=RDTMAK5uy_n_5IN6hzAOwdCnM8D8rzrs3vDl12UcZpA,15,AiOs7nNbPWU,https://music.youtube.com/watch?v=AiOs7nNbPWU,Emerald Sword,Rhapsody,UCjjuWbTlk-8b_MaGqTBnlsQ,Symphony of Enchanted Lands,2018-04-30T03:42:20-07:00,262,False,youtube_video_view_count,21462837,21462837,7.33168712732291,High,100.0,top_third_vs_final_balanced,above_final_balanced_max,65199.0,4.814219747922499,329.189665485667,2.5174673794004114,,,,youtube_artist_subscribers,148000,148K,123,MUSIC_VIDEO_TYPE_ATV,2026-07-21T20:07:34+00:00,user_01,
recommended,weekly_recommendation,Week1_21July,1,Youtube,User1,1,experiment_results/Week1_21July/Youtube/User1/Week1_User1_21.07.csv,Discover Mix,RDTMAK5uy_n_5IN6hzAOwdCnM8D8rzrs3vDl12UcZpA,https://music.youtube.com/playlist?list=RDTMAK5uy_n_5IN6hzAOwdCnM8D8rzrs3vDl12UcZpA,16,_P_fAPX1EmM,https://music.youtube.com/watch?v=_P_fAPX1EmM,Fail No More,Frozen Crown,UCGjaitth3Yy5Hd1bVq35gYw,The Fallen King,2023-07-24T10:09:56-07:00,250,False,youtube_video_view_count,304057,304057,5.482955006190982,Buffer,66.66666666666667,middle_third_vs_final_balanced,between_final_balanced_tier_ranges,65199.0,4.814219747922499,4.6635224466632925,0.6687352582684838,,,,youtube_artist_subscribers,42000,42K,248,MUSIC_VIDEO_TYPE_ATV,2026-07-21T20:07:34+00:00,user_01,
recommended,weekly_recommendation,Week1_21July,1,Youtube,User1,1,experiment_results/Week1_21July/Youtube/User1/Week1_User1_21.07.csv,Discover Mix,RDTMAK5uy_n_5IN6hzAOwdCnM8D8rzrs3vDl12UcZpA,https://music.youtube.com/playlist?list=RDTMAK5uy_n_5IN6hzAOwdCnM8D8rzrs3vDl12UcZpA,17,6TW5bCmNxgg,https://music.youtube.com/watch?v=6TW5bCmNxgg,Cthulhu,Grailknights,UCpQ0yahMIrWs5U_J_QkWQlw,Knightfall,2019-06-30T03:52:57-07:00,212,False,youtube_video_view_count,1672601,1672601,6.223392352101021,High,76.66666666666667,top_third_vs_final_balanced,within_final_balanced_high_range,65199.0,4.814219747922499,25.65378303348211,1.4091726041785222,,,,youtube_artist_subscribers,19900,19.9K,249,MUSIC_VIDEO_TYPE_ATV,2026-07-21T20:07:34+00:00,user_01,
recommended,weekly_recommendation,Week1_21July,1,Youtube,User1,1,experiment_results/Week1_21July/Youtube/User1/Week1_User1_21.07.csv,Discover Mix,RDTMAK5uy_n_5IN6hzAOwdCnM8D8rzrs3vDl12UcZpA,https://music.youtube.com/playlist?list=RDTMAK5uy_n_5IN6hzAOwdCnM8D8rzrs3vDl12UcZpA,18,--zQyrWF9_k,https://music.youtube.com/watch?v=--zQyrWF9_k,At the End of the Rainbow,Enforcer,UC4dNGpBnJCHJQky_9uxJxxg,At the End of the Rainbow,2021-10-28T03:05:50-07:00,202,False,youtube_video_view_count,155695,155695,5.192274665829029,Middle,56.666666666666664,middle_third_vs_final_balanced,within_final_balanced_middle_range,65199.0,4.814219747922499,2.387996748416387,0.37805491790653,,,,youtube_artist_subscribers,13000,13K,249,MUSIC_VIDEO_TYPE_ATV,2026-07-21T20:07:34+00:00,user_01,
recommended,weekly_recommendation,Week1_21July,1,Youtube,User1,1,experiment_results/Week1_21July/Youtube/User1/Week1_User1_21.07.csv,Discover Mix,RDTMAK5uy_n_5IN6hzAOwdCnM8D8rzrs3vDl12UcZpA,https://music.youtube.com/playlist?list=RDTMAK5uy_n_5IN6hzAOwdCnM8D8rzrs3vDl12UcZpA,19,a0Dgr5ohoO4,https://music.youtube.com/watch?v=a0Dgr5ohoO4,Shape Your Reality,NorthTale,UCCp5RYaz6-TOH2Q0tTr2VoQ,Welcome to Paradise,2019-08-01T03:07:23-07:00,227,False,youtube_video_view_count,76923,76923,4.886056213398464,Middle,53.333333333333336,middle_third_vs_final_balanced,within_final_balanced_middle_range,65199.0,4.814219747922499,1.179818708875903,0.07183646547596556,,,,youtube_artist_subscribers,6790,6.79K,249,MUSIC_VIDEO_TYPE_ATV,2026-07-21T20:07:34+00:00,user_01,
recommended,weekly_recommendation,Week1_21July,1,Youtube,User1,1,experiment_results/Week1_21July/Youtube/User1/Week1_User1_21.07.csv,Discover Mix,RDTMAK5uy_n_5IN6hzAOwdCnM8D8rzrs3vDl12UcZpA,https://music.youtube.com/playlist?list=RDTMAK5uy_n_5IN6hzAOwdCnM8D8rzrs3vDl12UcZpA,20,Mbsc-3T6o4M,https://music.youtube.com/watch?v=Mbsc-3T6o4M,Einherjr,Hulkoff,UCaBTq9G9dnNK0NhTHLtvroA,,2017-10-05T21:00:00-07:00,204,False,youtube_video_view_count,810295,810295,5.908643159061243,Buffer,66.66666666666667,middle_third_vs_final_balanced,between_final_balanced_tier_ranges,65199.0,4.814219747922499,12.428028037239836,1.0944234111387443,,,,youtube_artist_subscribers,15500,15.5K,249,MUSIC_VIDEO_TYPE_OMV,2026-07-21T20:07:34+00:00,user_01,missing album browse id
recommended,weekly_recommendation,Week1_21July,1,Youtube,User1,1,experiment_results/Week1_21July/Youtube/User1/Week1_User1_21.07.csv,Discover Mix,RDTMAK5uy_n_5IN6hzAOwdCnM8D8rzrs3vDl12UcZpA,https://music.youtube.com/playlist?list=RDTMAK5uy_n_5IN6hzAOwdCnM8D8rzrs3vDl12UcZpA,21,MW7qy6faStY,https://music.youtube.com/watch?v=MW7qy6faStY,I Walk To My Own Song,Stratovarius,UCrmWShE1Kjc31dCC5g2Ti2w,"Elements, Pt. 1&2 (Complete Edition)",2026-01-26T03:41:50-08:00,304,False,youtube_video_view_count,88594,88594,4.947404310429638,Middle,53.333333333333336,middle_third_vs_final_balanced,within_final_balanced_middle_range,65199.0,4.814219747922499,1.3588245218484947,0.1331845625071395,,,,youtube_artist_subscribers,177000,177K,114,MUSIC_VIDEO_TYPE_ATV,2026-07-21T20:07:34+00:00,user_01,
recommended,weekly_recommendation,Week1_21July,1,Youtube,User1,1,experiment_results/Week1_21July/Youtube/User1/Week1_User1_21.07.csv,Discover Mix,RDTMAK5uy_n_5IN6hzAOwdCnM8D8rzrs3vDl12UcZpA,https://music.youtube.com/playlist?list=RDTMAK5uy_n_5IN6hzAOwdCnM8D8rzrs3vDl12UcZpA,22,TWc_YZN_lZc,https://music.youtube.com/watch?v=TWc_YZN_lZc,Mindtraveller,Falconer,UCrkiks2WZxta5JD-CIMIujQ,,2015-03-11T10:21:32-07:00,346,False,youtube_video_view_count,201372,201372,5.303999083442665,Middle,63.333333333333336,middle_third_vs_final_balanced,within_final_balanced_middle_range,65199.0,4.814219747922499,3.0885749781438365,0.4897793355201667,,,,youtube_artist_subscribers,6210,6.21K,249,MUSIC_VIDEO_TYPE_OMV,2026-07-21T20:07:34+00:00,user_01,missing album browse id
recommended,weekly_recommendation,Week1_21July,1,Youtube,User1,1,experiment_results/Week1_21July/Youtube/User1/Week1_User1_21.07.csv,Discover Mix,RDTMAK5uy_n_5IN6hzAOwdCnM8D8rzrs3vDl12UcZpA,https://music.youtube.com/playlist?list=RDTMAK5uy_n_5IN6hzAOwdCnM8D8rzrs3vDl12UcZpA,23,587Aa9VTa5Y,https://music.youtube.com/watch?v=587Aa9VTa5Y,March of the Crabs,Anvil,UCG045iPvxKbI_NZmuB9q5Pw,Metal On Metal,2019-07-04T16:50:10-07:00,155,False,youtube_video_view_count,263118,263118,5.420150559348629,Buffer,66.66666666666667,middle_third_vs_final_balanced,between_final_balanced_tier_ranges,65199.0,4.814219747922499,4.035614043160171,0.6059308114261306,,,,youtube_artist_subscribers,7510,7.51K,123,MUSIC_VIDEO_TYPE_ATV,2026-07-21T20:07:34+00:00,user_01,
recommended,weekly_recommendation,Week1_21July,1,Youtube,User1,1,experiment_results/Week1_21July/Youtube/User1/Week1_User1_21.07.csv,Discover Mix,RDTMAK5uy_n_5IN6hzAOwdCnM8D8rzrs3vDl12UcZpA,https://music.youtube.com/playlist?list=RDTMAK5uy_n_5IN6hzAOwdCnM8D8rzrs3vDl12UcZpA,24,DF3ejxcFhoc,https://music.youtube.com/watch?v=DF3ejxcFhoc,Tears of a Dragonheart,Bloodbound,UCMdFBg2b49RBAUr5XZxkArA,War of Dragons,2017-02-23T02:15:03-08:00,230,False,youtube_video_view_count,2022048,2022048,6.305791460793905,High,76.66666666666667,top_third_vs_final_balanced,within_final_balanced_high_range,65199.0,4.814219747922499,31.013481801868128,1.4915717128714068,,,,youtube_artist_subscribers,18000,18K,248,MUSIC_VIDEO_TYPE_ATV,2026-07-21T20:07:34+00:00,user_01,
recommended,weekly_recommendation,Week1_21July,1,Youtube,User1,1,experiment_results/Week1_21July/Youtube/User1/Week1_User1_21.07.csv,Discover Mix,RDTMAK5uy_n_5IN6hzAOwdCnM8D8rzrs3vDl12UcZpA,https://music.youtube.com/playlist?list=RDTMAK5uy_n_5IN6hzAOwdCnM8D8rzrs3vDl12UcZpA,25,8kIv7ZJOyB4,https://music.youtube.com/watch?v=8kIv7ZJOyB4,The March of the Varangian Guard,Turisas,UCKtDEzexZu3QJk0IPtR2MLg,Stand Up and Fight,2017-11-17T17:43:41-08:00,232,False,youtube_video_view_count,2245020,2245020,6.351220214315266,High,76.66666666666667,top_third_vs_final_balanced,within_final_balanced_high_range,65199.0,4.814219747922499,34.433350204757744,1.537000466392767,,,,youtube_artist_subscribers,29500,29.5K,123,MUSIC_VIDEO_TYPE_ATV,2026-07-21T20:07:34+00:00,user_01,
recommended,weekly_recommendation,Week1_21July,1,Youtube,User1,1,experiment_results/Week1_21July/Youtube/User1/Week1_User1_21.07.csv,Discover Mix,RDTMAK5uy_n_5IN6hzAOwdCnM8D8rzrs3vDl12UcZpA,https://music.youtube.com/playlist?list=RDTMAK5uy_n_5IN6hzAOwdCnM8D8rzrs3vDl12UcZpA,26,LUzNIxY7EVQ,https://music.youtube.com/watch?v=LUzNIxY7EVQ,New Haven,Freedom Call,UC8Un9pLdux03pya-p---Urw,Silver Romance,2024-05-09T03:00:29-07:00,235,False,youtube_video_view_count,109975,109975,5.0412939706489,Middle,53.333333333333336,middle_third_vs_final_balanced,within_final_balanced_middle_range,65199.0,4.814219747922499,1.686758999371156,0.22707422272640176,,,,youtube_artist_subscribers,12200,12.2K,122,MUSIC_VIDEO_TYPE_ATV,2026-07-21T20:07:34+00:00,user_01,
recommended,weekly_recommendation,Week1_21July,1,Youtube,User1,1,experiment_results/Week1_21July/Youtube/User1/Week1_User1_21.07.csv,Discover Mix,RDTMAK5uy_n_5IN6hzAOwdCnM8D8rzrs3vDl12UcZpA,https://music.youtube.com/playlist?list=RDTMAK5uy_n_5IN6hzAOwdCnM8D8rzrs3vDl12UcZpA,27,bc0sJvtKrRM,https://music.youtube.com/watch?v=bc0sJvtKrRM,A Man with a Plan,Korpiklaani,UC_MdHsWfs_34TX-nKRWfDrA,,2016-04-08T06:00:41-07:00,180,False,youtube_video_view_count,21151099,21151099,7.325332938010614,High,100.0,top_third_vs_final_balanced,above_final_balanced_max,65199.0,4.814219747922499,324.4083344836577,2.511113190088115,,,,youtube_artist_subscribers,173000,173K,249,MUSIC_VIDEO_TYPE_OMV,2026-07-21T20:07:34+00:00,user_01,missing album browse id
recommended,weekly_recommendation,Week1_21July,1,Youtube,User1,1,experiment_results/Week1_21July/Youtube/User1/Week1_User1_21.07.csv,Discover Mix,RDTMAK5uy_n_5IN6hzAOwdCnM8D8rzrs3vDl12UcZpA,https://music.youtube.com/playlist?list=RDTMAK5uy_n_5IN6hzAOwdCnM8D8rzrs3vDl12UcZpA,28,dpby7z6xKz0,https://music.youtube.com/watch?v=dpby7z6xKz0,Stand As One,Majesty,UCnRc0Fy74P2_thiN8GJLvQQ,Legends,2019-06-27T06:30:55-07:00,219,False,youtube_video_view_count,53163,53163,4.725609480297106,Middle,46.666666666666664,middle_third_vs_final_balanced,within_final_balanced_middle_range,65199.0,4.814219747922499,0.8153959416555469,-0.08861026762539304,,,,youtube_artist_subscribers,5880,5.88K,122,MUSIC_VIDEO_TYPE_ATV,2026-07-21T20:07:34+00:00,user_01,
recommended,weekly_recommendation,Week1_21July,1,Youtube,User1,1,experiment_results/Week1_21July/Youtube/User1/Week1_User1_21.07.csv,Discover Mix,RDTMAK5uy_n_5IN6hzAOwdCnM8D8rzrs3vDl12UcZpA,https://music.youtube.com/playlist?list=RDTMAK5uy_n_5IN6hzAOwdCnM8D8rzrs3vDl12UcZpA,29,upxApJj-PIk,https://music.youtube.com/watch?v=upxApJj-PIk,Blood in the Water,Flotsam and Jetsam,UCXHiPJYBs1-741jx98ncMIg,Blood in the Water,2021-06-03T03:01:15-07:00,258,False,youtube_video_view_count,284876,284876,5.454655862694688,Buffer,66.66666666666667,middle_third_vs_final_balanced,between_final_balanced_tier_ranges,65199.0,4.814219747922499,4.369330817957331,0.6404361147721893,,,,youtube_artist_subscribers,19500,19.5K,249,MUSIC_VIDEO_TYPE_ATV,2026-07-21T20:07:34+00:00,user_01,
recommended,weekly_recommendation,Week1_21July,1,Youtube,User1,1,experiment_results/Week1_21July/Youtube/User1/Week1_User1_21.07.csv,Discover Mix,RDTMAK5uy_n_5IN6hzAOwdCnM8D8rzrs3vDl12UcZpA,https://music.youtube.com/playlist?list=RDTMAK5uy_n_5IN6hzAOwdCnM8D8rzrs3vDl12UcZpA,30,zSFpfej67Qw,https://music.youtube.com/watch?v=zSFpfej67Qw,Last Hero,Iron Savior,UCTEWI_aTHUGJW8vSs96RUBQ,Rise of the Hero,2015-01-18T20:21:43-08:00,301,False,youtube_video_view_count,158293,158293,5.199461710007076,Middle,56.666666666666664,middle_third_vs_final_balanced,within_final_balanced_middle_range,65199.0,4.814219747922499,2.4278439853371983,0.38524196208457706,,,,youtube_artist_subscribers,9050,9.05K,248,MUSIC_VIDEO_TYPE_ATV,2026-07-21T20:07:34+00:00,user_01,
recommended,weekly_recommendation,Week1_21July,1,Youtube,User2,2,experiment_results/Week1_21July/Youtube/User2/Week1_User2_21.07.csv,Discover Mix,RDTMAK5uy_n_5IN6hzAOwdCnM8D8rzrs3vDl12UcZpA,https://music.youtube.com/playlist?list=RDTMAK5uy_n_5IN6hzAOwdCnM8D8rzrs3vDl12UcZpA,1,C1_kMRiyt5w,https://music.youtube.com/watch?v=C1_kMRiyt5w,Tyrants Serenade,Paradise Lost,UCWZ2Qw9bIIR-H2RXz297zBQ,,2025-08-15T08:00:07-07:00,256,False,youtube_video_view_count,1567523,1567523,6.195213921879023,High,73.33333333333333,top_third_vs_final_balanced,within_final_balanced_high_range,65199.0,4.814219747922499,24.042132548045217,1.3809941739565241,,,,youtube_artist_subscribers,83300,83.3K,249,MUSIC_VIDEO_TYPE_OMV,2026-07-23T08:17:55+00:00,user_02,missing album browse id
recommended,weekly_recommendation,Week1_21July,1,Youtube,User2,2,experiment_results/Week1_21July/Youtube/User2/Week1_User2_21.07.csv,Discover Mix,RDTMAK5uy_n_5IN6hzAOwdCnM8D8rzrs3vDl12UcZpA,https://music.youtube.com/playlist?list=RDTMAK5uy_n_5IN6hzAOwdCnM8D8rzrs3vDl12UcZpA,2,09P9AhzEUns,https://music.youtube.com/watch?v=09P9AhzEUns,Send Me a Sign,Gamma Ray,UC34yDJRgqZZFJ25BjEvvCQQ,Power Plant,2022-08-30T04:20:15-07:00,247,False,youtube_video_view_count,599722,599722,5.777949980642604,Buffer,66.66666666666667,middle_third_vs_final_balanced,between_final_balanced_tier_ranges,65199.0,4.814219747922499,9.198331262749429,0.9637302327201054,,,,youtube_artist_subscribers,35500,35.5K,123,MUSIC_VIDEO_TYPE_ATV,2026-07-23T08:17:55+00:00,user_02,
recommended,weekly_recommendation,Week1_21July,1,Youtube,User2,2,experiment_results/Week1_21July/Youtube/User2/Week1_User2_21.07.csv,Discover Mix,RDTMAK5uy_n_5IN6hzAOwdCnM8D8rzrs3vDl12UcZpA,https://music.youtube.com/playlist?list=RDTMAK5uy_n_5IN6hzAOwdCnM8D8rzrs3vDl12UcZpA,3,FzgkFyKNLlo,https://music.youtube.com/watch?v=FzgkFyKNLlo,Devran,Neyse,UCw1QfGL4v3Gy-QgX0O-GYAw,,2017-12-08T02:31:08-08:00,222,False,youtube_video_view_count,478114,478114,5.679531460771145,Buffer,66.66666666666667,middle_third_vs_final_balanced,between_final_balanced_tier_ranges,65199.0,4.814219747922499,7.333149281430697,0.865311712848646,,,,youtube_artist_subscribers,725,725,249,MUSIC_VIDEO_TYPE_OMV,2026-07-23T08:17:55+00:00,user_02,missing album browse id
recommended,weekly_recommendation,Week1_21July,1,Youtube,User2,2,experiment_results/Week1_21July/Youtube/User2/Week1_User2_21.07.csv,Discover Mix,RDTMAK5uy_n_5IN6hzAOwdCnM8D8rzrs3vDl12UcZpA,https://music.youtube.com/playlist?list=RDTMAK5uy_n_5IN6hzAOwdCnM8D8rzrs3vDl12UcZpA,4,55OJ17cHeJA,https://music.youtube.com/watch?v=55OJ17cHeJA,The Way of Vikings,Amon Amarth,UCOtqJNbDV4s4HI1h1YStWIw,,2017-07-13T11:00:00-07:00,316,False,youtube_video_view_count,30454888,30454888,7.483657006691769,High,100.0,top_third_vs_final_balanced,above_final_balanced_max,65199.0,4.814219747922499,467.10667341523646,2.6694372587692703,,,,youtube_artist_subscribers,530000,530K,238,MUSIC_VIDEO_TYPE_OMV,2026-07-23T08:17:55+00:00,user_02,missing album browse id
recommended,weekly_recommendation,Week1_21July,1,Youtube,User2,2,experiment_results/Week1_21July/Youtube/User2/Week1_User2_21.07.csv,Discover Mix,RDTMAK5uy_n_5IN6hzAOwdCnM8D8rzrs3vDl12UcZpA,https://music.youtube.com/playlist?list=RDTMAK5uy_n_5IN6hzAOwdCnM8D8rzrs3vDl12UcZpA,5,3mbvWn1EY6g,https://music.youtube.com/watch?v=3mbvWn1EY6g,Ace of Spades,Motörhead,UC29TwdZt2GUC-AqbhFs_uSA,,2020-10-27T08:00:09-07:00,165,False,youtube_video_view_count,68695984,68695984,7.836931348739033,High,100.0,top_third_vs_final_balanced,above_final_balanced_max,65199.0,4.814219747922499,1053.6355465574625,3.0227116008165344,,,,youtube_artist_subscribers,953000,953K,249,MUSIC_VIDEO_TYPE_OMV,2026-07-23T08:17:55+00:00,user_02,missing album browse id
recommended,weekly_recommendation,Week1_21July,1,Youtube,User2,2,experiment_results/Week1_21July/Youtube/User2/Week1_User2_21.07.csv,Discover Mix,RDTMAK5uy_n_5IN6hzAOwdCnM8D8rzrs3vDl12UcZpA,https://music.youtube.com/playlist?list=RDTMAK5uy_n_5IN6hzAOwdCnM8D8rzrs3vDl12UcZpA,6,RTj7_HMCBeI,https://music.youtube.com/watch?v=RTj7_HMCBeI,Bertaraf Et,Hayko Cepkin,UC_9WsYdP8qXHqsdPQYJXFfw,,2014-09-05T07:30:00-07:00,172,False,youtube_video_view_count,6258656,6258656,6.796481081700696,High,93.33333333333333,top_third_vs_final_balanced,within_final_balanced_high_range,65199.0,4.814219747922499,95.99312872896823,1.9822613337781974,,,,youtube_artist_subscribers,312000,312K,246,MUSIC_VIDEO_TYPE_OMV,2026-07-23T08:17:55+00:00,user_02,missing album browse id
recommended,weekly_recommendation,Week1_21July,1,Youtube,User2,2,experiment_results/Week1_21July/Youtube/User2/Week1_User2_21.07.csv,Discover Mix,RDTMAK5uy_n_5IN6hzAOwdCnM8D8rzrs3vDl12UcZpA,https://music.youtube.com/playlist?list=RDTMAK5uy_n_5IN6hzAOwdCnM8D8rzrs3vDl12UcZpA,7,wBvVofteLvY,https://music.youtube.com/watch?v=wBvVofteLvY,Siyah,Çilekeş,UC-WfGdmrlmHEW9hZIu0k9EA,Y.O.K.,2015-06-23T10:52:08-07:00,286,False,youtube_video_view_count,682254,682254,5.833946090582806,Buffer,66.66666666666667,middle_third_vs_final_balanced,between_final_balanced_tier_ranges,65199.0,4.814219747922499,10.464178898449363,1.0197263426603076,,,,youtube_artist_subscribers,4940,4.94K,123,MUSIC_VIDEO_TYPE_ATV,2026-07-23T08:17:55+00:00,user_02,
recommended,weekly_recommendation,Week1_21July,1,Youtube,User2,2,experiment_results/Week1_21July/Youtube/User2/Week1_User2_21.07.csv,Discover Mix,RDTMAK5uy_n_5IN6hzAOwdCnM8D8rzrs3vDl12UcZpA,https://music.youtube.com/playlist?list=RDTMAK5uy_n_5IN6hzAOwdCnM8D8rzrs3vDl12UcZpA,8,xqwZ0wIdimM,https://music.youtube.com/watch?v=xqwZ0wIdimM,Stargate,Diviner,UCnxdWow9nwsSuJI2kYPDReQ,,2019-09-13T03:54:10-07:00,285,False,youtube_video_view_count,20200,20200,4.305351369446623,Middle,33.333333333333336,middle_third_vs_final_balanced,between_final_balanced_tier_ranges,65199.0,4.814219747922499,0.3098207027715149,-0.5088683784758752,,,,youtube_artist_subscribers,1870,1.87K,249,MUSIC_VIDEO_TYPE_OMV,2026-07-23T08:17:55+00:00,user_02,missing album browse id
recommended,weekly_recommendation,Week1_21July,1,Youtube,User2,2,experiment_results/Week1_21July/Youtube/User2/Week1_User2_21.07.csv,Discover Mix,RDTMAK5uy_n_5IN6hzAOwdCnM8D8rzrs3vDl12UcZpA,https://music.youtube.com/playlist?list=RDTMAK5uy_n_5IN6hzAOwdCnM8D8rzrs3vDl12UcZpA,9,sq55-0HBQ5Y,https://music.youtube.com/watch?v=sq55-0HBQ5Y,Power of Will,Dynazty,UC1_8sQRmjjw7YI2Bk-Kr_tA,Power of Will,2021-12-02T02:06:26-08:00,234,False,youtube_video_view_count,1003602,1003602,6.00156151811497,Buffer,66.66666666666667,middle_third_vs_final_balanced,between_final_balanced_tier_ranges,65199.0,4.814219747922499,15.392904799153362,1.1873417701924716,,,,youtube_artist_subscribers,42100,42.1K,249,MUSIC_VIDEO_TYPE_ATV,2026-07-23T08:17:55+00:00,user_02,
recommended,weekly_recommendation,Week1_21July,1,Youtube,User2,2,experiment_results/Week1_21July/Youtube/User2/Week1_User2_21.07.csv,Discover Mix,RDTMAK5uy_n_5IN6hzAOwdCnM8D8rzrs3vDl12UcZpA,https://music.youtube.com/playlist?list=RDTMAK5uy_n_5IN6hzAOwdCnM8D8rzrs3vDl12UcZpA,10,zf3NJ9WxUEc,https://music.youtube.com/watch?v=zf3NJ9WxUEc,Uss Monitor,Civil War,UC0hshC2PY-1-rlJz_PmN22A,Gods & Generals,2017-11-27T10:38:12-08:00,222,False,youtube_video_view_count,322443,322443,5.508452953162423,Buffer,66.66666666666667,middle_third_vs_final_balanced,between_final_balanced_tier_ranges,65199.0,4.814219747922499,4.945520636819583,0.6942332052399243,,,,youtube_artist_subscribers,11300,11.3K,122,MUSIC_VIDEO_TYPE_ATV,2026-07-23T08:17:55+00:00,user_02,
recommended,weekly_recommendation,Week1_21July,1,Youtube,User2,2,experiment_results/Week1_21July/Youtube/User2/Week1_User2_21.07.csv,Discover Mix,RDTMAK5uy_n_5IN6hzAOwdCnM8D8rzrs3vDl12UcZpA,https://music.youtube.com/playlist?list=RDTMAK5uy_n_5IN6hzAOwdCnM8D8rzrs3vDl12UcZpA,11,BakVHcm6-6A,https://music.youtube.com/watch?v=BakVHcm6-6A,Kahpe,Demir Demirkan,UC5t9ItjmLCPGnWi7W_g-lJQ,,2011-10-04T03:12:44-07:00,261,False,youtube_video_view_count,470634,470634,5.672683298698484,Buffer,66.66666666666667,middle_third_vs_final_balanced,between_final_balanced_tier_ranges,65199.0,4.814219747922499,7.218423595453918,0.8584635507759852,,,,youtube_artist_subscribers,17100,17.1K,249,MUSIC_VIDEO_TYPE_OMV,2026-07-23T08:17:55+00:00,user_02,missing album browse id
recommended,weekly_recommendation,Week1_21July,1,Youtube,User2,2,experiment_results/Week1_21July/Youtube/User2/Week1_User2_21.07.csv,Discover Mix,RDTMAK5uy_n_5IN6hzAOwdCnM8D8rzrs3vDl12UcZpA,https://music.youtube.com/playlist?list=RDTMAK5uy_n_5IN6hzAOwdCnM8D8rzrs3vDl12UcZpA,12,Wj8UKkMG1L0,https://music.youtube.com/watch?v=Wj8UKkMG1L0,Neanderthal,Malt,UCRhcS75N74HlhdJlxJR-Pqw,Arıza,2025-01-09T17:01:24-08:00,192,False,youtube_video_view_count,102615,102615,5.011210849480231,Middle,53.333333333333336,middle_third_vs_final_balanced,within_final_balanced_middle_range,65199.0,4.814219747922499,1.5738738324207426,0.19699110155773258,,,,youtube_artist_subscribers,2060,2.06K,249,MUSIC_VIDEO_TYPE_ATV,2026-07-23T08:17:55+00:00,user_02,
recommended,weekly_recommendation,Week1_21July,1,Youtube,User2,2,experiment_results/Week1_21July/Youtube/User2/Week1_User2_21.07.csv,Discover Mix,RDTMAK5uy_n_5IN6hzAOwdCnM8D8rzrs3vDl12UcZpA,https://music.youtube.com/playlist?list=RDTMAK5uy_n_5IN6hzAOwdCnM8D8rzrs3vDl12UcZpA,13,_lMiIsQqLaE,https://music.youtube.com/watch?v=_lMiIsQqLaE,A Natural Disaster (Audio),Anathema,UCjIsMbNawswtsbIz1yBPsOQ,,2018-03-28T00:00:07-07:00,388,False,youtube_video_view_count,441113,441113,5.6445498570191015,Buffer,66.66666666666667,middle_third_vs_final_balanced,between_final_balanced_tier_ranges,65199.0,4.814219747922499,6.765640577309468,0.8303301090966029,,,,youtube_artist_subscribers,69100,69.1K,249,MUSIC_VIDEO_TYPE_OMV,2026-07-23T08:17:55+00:00,user_02,missing album browse id
recommended,weekly_recommendation,Week1_21July,1,Youtube,User2,2,experiment_results/Week1_21July/Youtube/User2/Week1_User2_21.07.csv,Discover Mix,RDTMAK5uy_n_5IN6hzAOwdCnM8D8rzrs3vDl12UcZpA,https://music.youtube.com/playlist?list=RDTMAK5uy_n_5IN6hzAOwdCnM8D8rzrs3vDl12UcZpA,14,sCUsjbBTvZg,https://music.youtube.com/watch?v=sCUsjbBTvZg,Worth Fighting For (Audio),Judas Priest,UCy6-RHgm74I8CCCvMu4NPJQ,,2018-06-29T00:00:03-07:00,261,False,youtube_video_view_count,563074,563074,5.750565474211507,Buffer,66.66666666666667,middle_third_vs_final_balanced,between_final_balanced_tier_ranges,65199.0,4.814219747922499,8.636236752097425,0.9363457262890087,,,,youtube_artist_subscribers,1310000,1.31M,249,MUSIC_VIDEO_TYPE_OMV,2026-07-23T08:17:55+00:00,user_02,missing album browse id
recommended,weekly_recommendation,Week1_21July,1,Youtube,User2,2,experiment_results/Week1_21July/Youtube/User2/Week1_User2_21.07.csv,Discover Mix,RDTMAK5uy_n_5IN6hzAOwdCnM8D8rzrs3vDl12UcZpA,https://music.youtube.com/playlist?list=RDTMAK5uy_n_5IN6hzAOwdCnM8D8rzrs3vDl12UcZpA,15,lrhOI-672xw,https://music.youtube.com/watch?v=lrhOI-672xw,İnsanlar,Kurban,UCCNltt8c_o0kG7s1dMCXIzQ,İnsanlar,2025-01-09T16:54:06-08:00,308,False,youtube_video_view_count,258859,258859,5.413063269114623,Buffer,66.66666666666667,middle_third_vs_final_balanced,between_final_balanced_tier_ranges,65199.0,4.814219747922499,3.9702909553827515,0.5988435211921246,,,,youtube_artist_subscribers,9020,9.02K,249,MUSIC_VIDEO_TYPE_ATV,2026-07-23T08:17:55+00:00,user_02,
recommended,weekly_recommendation,Week1_21July,1,Youtube,User2,2,experiment_results/Week1_21July/Youtube/User2/Week1_User2_21.07.csv,Discover Mix,RDTMAK5uy_n_5IN6hzAOwdCnM8D8rzrs3vDl12UcZpA,https://music.youtube.com/playlist?list=RDTMAK5uy_n_5IN6hzAOwdCnM8D8rzrs3vDl12UcZpA,16,bc0sJvtKrRM,https://music.youtube.com/watch?v=bc0sJvtKrRM,A Man with a Plan,Korpiklaani,UC_MdHsWfs_34TX-nKRWfDrA,,2016-04-08T06:00:41-07:00,180,False,youtube_video_view_count,21154189,21154189,7.3253963801954995,High,100.0,top_third_vs_final_balanced,above_final_balanced_max,65199.0,4.814219747922499,324.45572784858666,2.511176632273001,,,,youtube_artist_subscribers,173000,173K,249,MUSIC_VIDEO_TYPE_OMV,2026-07-23T08:17:55+00:00,user_02,missing album browse id
recommended,weekly_recommendation,Week1_21July,1,Youtube,User2,2,experiment_results/Week1_21July/Youtube/User2/Week1_User2_21.07.csv,Discover Mix,RDTMAK5uy_n_5IN6hzAOwdCnM8D8rzrs3vDl12UcZpA,https://music.youtube.com/playlist?list=RDTMAK5uy_n_5IN6hzAOwdCnM8D8rzrs3vDl12UcZpA,17,rIL1vkQG_to,https://music.youtube.com/watch?v=rIL1vkQG_to,İnan Buna,Ogün Sanlısoy,UClWUCZ3-6m_dfZClzYlmK6w,,2023-03-30T14:00:27-07:00,221,False,youtube_video_view_count,90441,90441,4.956365355664486,Middle,53.333333333333336,middle_third_vs_final_balanced,within_final_balanced_middle_range,65199.0,4.814219747922499,1.3871531771959693,0.1421456077419876,,,,youtube_artist_subscribers,65900,65.9K,248,MUSIC_VIDEO_TYPE_OMV,2026-07-23T08:17:55+00:00,user_02,missing album browse id
recommended,weekly_recommendation,Week1_21July,1,Youtube,User2,2,experiment_results/Week1_21July/Youtube/User2/Week1_User2_21.07.csv,Discover Mix,RDTMAK5uy_n_5IN6hzAOwdCnM8D8rzrs3vDl12UcZpA,https://music.youtube.com/playlist?list=RDTMAK5uy_n_5IN6hzAOwdCnM8D8rzrs3vDl12UcZpA,18,1bGmjnkDTTI,https://music.youtube.com/watch?v=1bGmjnkDTTI,Abyss,Unleash The Archers,UCgPXJ1CMMIgRHqBqR4RExkQ,,2020-06-18T07:58:22-07:00,443,False,youtube_video_view_count,6225107,6225107,6.794146820685074,High,93.33333333333333,top_third_vs_final_balanced,within_final_balanced_high_range,65199.0,4.814219747922499,95.47856562217211,1.9799270727625755,,,,youtube_artist_subscribers,107000,107K,249,MUSIC_VIDEO_TYPE_OMV,2026-07-23T08:17:55+00:00,user_02,missing album browse id
recommended,weekly_recommendation,Week1_21July,1,Youtube,User2,2,experiment_results/Week1_21July/Youtube/User2/Week1_User2_21.07.csv,Discover Mix,RDTMAK5uy_n_5IN6hzAOwdCnM8D8rzrs3vDl12UcZpA,https://music.youtube.com/playlist?list=RDTMAK5uy_n_5IN6hzAOwdCnM8D8rzrs3vDl12UcZpA,19,CRIwJRutl4Q,https://music.youtube.com/watch?v=CRIwJRutl4Q,Laser-Shooting Dinosaur,ANGUS McSIX,UCMooeoff7wXSATd31UgzBuw,,2023-04-19T05:00:10-07:00,280,False,youtube_video_view_count,1773550,1773550,6.248843436629784,High,76.66666666666667,top_third_vs_final_balanced,within_final_balanced_high_range,65199.0,4.814219747922499,27.202104326753478,1.4346236887072852,,,,youtube_artist_subscribers,8780,8.78K,249,MUSIC_VIDEO_TYPE_OMV,2026-07-23T08:17:55+00:00,user_02,missing album browse id
recommended,weekly_recommendation,Week1_21July,1,Youtube,User2,2,experiment_results/Week1_21July/Youtube/User2/Week1_User2_21.07.csv,Discover Mix,RDTMAK5uy_n_5IN6hzAOwdCnM8D8rzrs3vDl12UcZpA,https://music.youtube.com/playlist?list=RDTMAK5uy_n_5IN6hzAOwdCnM8D8rzrs3vDl12UcZpA,20,-nFYKEFAO3I,https://music.youtube.com/watch?v=-nFYKEFAO3I,Pagan Purity,Elvenking,UCdwmUoz-DRF9ZUEjXXiQBbw,Heathenreel,2015-01-07T09:46:45-08:00,276,False,youtube_video_view_count,80062,80062,4.903426434858703,Middle,53.333333333333336,middle_third_vs_final_balanced,within_final_balanced_middle_range,65199.0,4.814219747922499,1.2279636190739123,0.0892066869362047,,,,youtube_artist_subscribers,13200,13.2K,249,MUSIC_VIDEO_TYPE_ATV,2026-07-23T08:17:55+00:00,user_02,
recommended,weekly_recommendation,Week1_21July,1,Youtube,User2,2,experiment_results/Week1_21July/Youtube/User2/Week1_User2_21.07.csv,Discover Mix,RDTMAK5uy_n_5IN6hzAOwdCnM8D8rzrs3vDl12UcZpA,https://music.youtube.com/playlist?list=RDTMAK5uy_n_5IN6hzAOwdCnM8D8rzrs3vDl12UcZpA,21,d8TaMQkBImQ,https://music.youtube.com/watch?v=d8TaMQkBImQ,Ghost in The Bottle,Blaze Bayley,UCFWnaaPfunkgp49YYWhfBpw,,2024-09-06T01:00:33-07:00,203,False,youtube_video_view_count,99520,99520,4.997910367346743,Middle,53.333333333333336,middle_third_vs_final_balanced,within_final_balanced_middle_range,65199.0,4.814219747922499,1.5264037791990674,0.1836906194242447,,,,youtube_artist_subscribers,4340,4.34K,249,MUSIC_VIDEO_TYPE_OMV,2026-07-23T08:17:55+00:00,user_02,missing album browse id
recommended,weekly_recommendation,Week1_21July,1,Youtube,User2,2,experiment_results/Week1_21July/Youtube/User2/Week1_User2_21.07.csv,Discover Mix,RDTMAK5uy_n_5IN6hzAOwdCnM8D8rzrs3vDl12UcZpA,https://music.youtube.com/playlist?list=RDTMAK5uy_n_5IN6hzAOwdCnM8D8rzrs3vDl12UcZpA,22,uQziTZhkmDI,https://music.youtube.com/watch?v=uQziTZhkmDI,Oyunbozan,Mor ve Ötesi,UCNgorPVroeaCRpC8INDNcdg,,2014-03-04T07:13:36-08:00,280,False,youtube_video_view_count,51903105,51903105,7.715193339429003,High,100.0,top_third_vs_final_balanced,above_final_balanced_max,65199.0,4.814219747922499,796.0721023328579,2.9009735915065047,,,,youtube_artist_subscribers,314000,314K,249,MUSIC_VIDEO_TYPE_OMV,2026-07-23T08:17:55+00:00,user_02,missing album browse id
recommended,weekly_recommendation,Week1_21July,1,Youtube,User2,2,experiment_results/Week1_21July/Youtube/User2/Week1_User2_21.07.csv,Discover Mix,RDTMAK5uy_n_5IN6hzAOwdCnM8D8rzrs3vDl12UcZpA,https://music.youtube.com/playlist?list=RDTMAK5uy_n_5IN6hzAOwdCnM8D8rzrs3vDl12UcZpA,23,GClPj0RmU6s,https://music.youtube.com/watch?v=GClPj0RmU6s,Drums of Midgard,Bjorth,UCsF9xEBIasTCHP_NH93_DDQ,,2020-08-02T08:36:05-07:00,185,False,youtube_video_view_count,1905246,1905246,6.279951058512972,High,76.66666666666667,top_third_vs_final_balanced,within_final_balanced_high_range,65199.0,4.814219747922499,29.22201260755533,1.4657313105904732,,,,youtube_artist_subscribers,72900,72.9K,249,MUSIC_VIDEO_TYPE_OMV,2026-07-23T08:17:55+00:00,user_02,missing album browse id
recommended,weekly_recommendation,Week1_21July,1,Youtube,User2,2,experiment_results/Week1_21July/Youtube/User2/Week1_User2_21.07.csv,Discover Mix,RDTMAK5uy_n_5IN6hzAOwdCnM8D8rzrs3vDl12UcZpA,https://music.youtube.com/playlist?list=RDTMAK5uy_n_5IN6hzAOwdCnM8D8rzrs3vDl12UcZpA,24,vkmlujV-TvU,https://music.youtube.com/watch?v=vkmlujV-TvU,Any Means Necessary,Hammerfall,UCOspMA8k5GDzhPH7EsZ_IwQ,,2009-01-22T08:08:58-08:00,215,False,youtube_video_view_count,26157076,26157076,7.4175891942378644,High,100.0,top_third_vs_final_balanced,above_final_balanced_max,65199.0,4.814219747922499,401.18830043405575,2.603369446315366,,,,youtube_artist_subscribers,108000,108K,249,MUSIC_VIDEO_TYPE_OMV,2026-07-23T08:17:55+00:00,user_02,missing album browse id
recommended,weekly_recommendation,Week1_21July,1,Youtube,User2,2,experiment_results/Week1_21July/Youtube/User2/Week1_User2_21.07.csv,Discover Mix,RDTMAK5uy_n_5IN6hzAOwdCnM8D8rzrs3vDl12UcZpA,https://music.youtube.com/playlist?list=RDTMAK5uy_n_5IN6hzAOwdCnM8D8rzrs3vDl12UcZpA,25,rBJ7L5LyAk4,https://music.youtube.com/watch?v=rBJ7L5LyAk4,Power Train,Majestica,UC0oLl-AD2ikFO_WDmG4YMzw,,2024-11-06T06:00:08-08:00,269,False,youtube_video_view_count,873616,873616,5.941320579399213,Buffer,66.66666666666667,middle_third_vs_final_balanced,between_final_balanced_tier_ranges,65199.0,4.814219747922499,13.399223914477217,1.1271008314767146,,,,youtube_artist_subscribers,28900,28.9K,249,MUSIC_VIDEO_TYPE_OMV,2026-07-23T08:17:55+00:00,user_02,missing album browse id
recommended,weekly_recommendation,Week1_21July,1,Youtube,User2,2,experiment_results/Week1_21July/Youtube/User2/Week1_User2_21.07.csv,Discover Mix,RDTMAK5uy_n_5IN6hzAOwdCnM8D8rzrs3vDl12UcZpA,https://music.youtube.com/playlist?list=RDTMAK5uy_n_5IN6hzAOwdCnM8D8rzrs3vDl12UcZpA,26,q3Q1hFvQA5A,https://music.youtube.com/watch?v=q3Q1hFvQA5A,Piece of Heaven (Radio Edit),Akira,UC_y8PgT6bI3myWozDT9L8dQ,Piece of Heaven,2018-06-24T03:48:20-07:00,207,False,youtube_video_view_count,33260,33260,4.5219222448835,Middle,43.333333333333336,middle_third_vs_final_balanced,within_final_balanced_middle_range,65199.0,4.814219747922499,0.5101305234742864,-0.2922975030389985,,,,youtube_artist_subscribers,1230,1.23K,249,MUSIC_VIDEO_TYPE_ATV,2026-07-23T08:17:55+00:00,user_02,
recommended,weekly_recommendation,Week1_21July,1,Youtube,User2,2,experiment_results/Week1_21July/Youtube/User2/Week1_User2_21.07.csv,Discover Mix,RDTMAK5uy_n_5IN6hzAOwdCnM8D8rzrs3vDl12UcZpA,https://music.youtube.com/playlist?list=RDTMAK5uy_n_5IN6hzAOwdCnM8D8rzrs3vDl12UcZpA,27,ReUYXFb2Ug8,https://music.youtube.com/watch?v=ReUYXFb2Ug8,Moria,Bloodbound,UCMdFBg2b49RBAUr5XZxkArA,Unholy Cross,2016-12-27T08:14:23-08:00,341,False,youtube_video_view_count,3770147,3770147,6.576358283904526,High,76.66666666666667,top_third_vs_final_balanced,within_final_balanced_high_range,65199.0,4.814219747922499,57.82522738078805,1.762138535982027,,,,youtube_artist_subscribers,18000,18K,245,MUSIC_VIDEO_TYPE_ATV,2026-07-23T08:17:55+00:00,user_02,
recommended,weekly_recommendation,Week1_21July,1,Youtube,User2,2,experiment_results/Week1_21July/Youtube/User2/Week1_User2_21.07.csv,Discover Mix,RDTMAK5uy_n_5IN6hzAOwdCnM8D8rzrs3vDl12UcZpA,https://music.youtube.com/playlist?list=RDTMAK5uy_n_5IN6hzAOwdCnM8D8rzrs3vDl12UcZpA,28,0J2QdDbelmY,https://music.youtube.com/watch?v=0J2QdDbelmY,Seven Nation Army (Live),The White Stripes,UCD0Wge1UpszMtqK3P9x50vA,,2008-10-21T06:32:13-07:00,239,False,youtube_video_view_count,840015371,840015371,8.924287233061174,High,100.0,top_third_vs_final_balanced,above_final_balanced_max,65199.0,4.814219747922499,12883.868939707665,4.110067485138675,,,,youtube_artist_subscribers,1160000,1.16M,249,MUSIC_VIDEO_TYPE_OMV,2026-07-23T08:17:55+00:00,user_02,missing album browse id
recommended,weekly_recommendation,Week1_21July,1,Youtube,User2,2,experiment_results/Week1_21July/Youtube/User2/Week1_User2_21.07.csv,Discover Mix,RDTMAK5uy_n_5IN6hzAOwdCnM8D8rzrs3vDl12UcZpA,https://music.youtube.com/playlist?list=RDTMAK5uy_n_5IN6hzAOwdCnM8D8rzrs3vDl12UcZpA,29,SX-_-4yBFIg,https://music.youtube.com/watch?v=SX-_-4yBFIg,All We Are,Warlock,UCFoz7sbUAKml8MZzDoxVhdQ,Triumph And Agony,2018-07-30T06:20:37-07:00,201,False,youtube_video_view_count,5387832,5387832,6.7314140453637785,High,93.33333333333333,top_third_vs_final_balanced,within_final_balanced_high_range,65199.0,4.814219747922499,82.63672755717113,1.91719429744128,,,,youtube_artist_subscribers,18200,18.2K,102,MUSIC_VIDEO_TYPE_ATV,2026-07-23T08:17:55+00:00,user_02,
recommended,weekly_recommendation,Week1_21July,1,Youtube,User2,2,experiment_results/Week1_21July/Youtube/User2/Week1_User2_21.07.csv,Discover Mix,RDTMAK5uy_n_5IN6hzAOwdCnM8D8rzrs3vDl12UcZpA,https://music.youtube.com/playlist?list=RDTMAK5uy_n_5IN6hzAOwdCnM8D8rzrs3vDl12UcZpA,30,Ns1K33XnH9g,https://music.youtube.com/watch?v=Ns1K33XnH9g,Rebellion (The Clans Are Marching) (Remastered Version),Grave Digger,UCo8IuNkx9PS8MswirsKtZpQ,Tunes Of War (Remastered 2006),2015-05-04T05:37:13-07:00,245,False,youtube_video_view_count,578477,578477,5.762286096266756,Buffer,66.66666666666667,middle_third_vs_final_balanced,between_final_balanced_tier_ranges,65199.0,4.814219747922499,8.872482706789981,0.9480663483442573,,,,youtube_artist_subscribers,16300,16.3K,119,MUSIC_VIDEO_TYPE_ATV,2026-07-23T08:17:55+00:00,user_02,
recommended,weekly_recommendation,Week1_21July,1,Youtube,User3,3,experiment_results/Week1_21July/Youtube/User3/Week1_User3_21.07.csv,Discover Mix,RDTMAK5uy_n_5IN6hzAOwdCnM8D8rzrs3vDl12UcZpA,https://music.youtube.com/playlist?list=RDTMAK5uy_n_5IN6hzAOwdCnM8D8rzrs3vDl12UcZpA,1,ARnBgW5XgSo,https://music.youtube.com/watch?v=ARnBgW5XgSo,Guardians Of Asgaard,Amon Amarth,UCOtqJNbDV4s4HI1h1YStWIw,,2009-03-31T14:01:57-07:00,274,False,youtube_video_view_count,24446062,24446062,7.38820890888238,High,100.0,top_third_vs_final_balanced,above_final_balanced_max,65199.0,4.814219747922499,374.9453519225755,2.573989160959881,,,,youtube_artist_subscribers,530000,530K,249,MUSIC_VIDEO_TYPE_OMV,2026-07-23T08:58:24+00:00,user_03,missing album browse id
recommended,weekly_recommendation,Week1_21July,1,Youtube,User3,3,experiment_results/Week1_21July/Youtube/User3/Week1_User3_21.07.csv,Discover Mix,RDTMAK5uy_n_5IN6hzAOwdCnM8D8rzrs3vDl12UcZpA,https://music.youtube.com/playlist?list=RDTMAK5uy_n_5IN6hzAOwdCnM8D8rzrs3vDl12UcZpA,2,sCUsjbBTvZg,https://music.youtube.com/watch?v=sCUsjbBTvZg,Worth Fighting For (Audio),Judas Priest,UCy6-RHgm74I8CCCvMu4NPJQ,,2018-06-29T00:00:03-07:00,261,False,youtube_video_view_count,563092,563092,5.750579357245936,Buffer,66.66666666666667,middle_third_vs_final_balanced,between_final_balanced_tier_ranges,65199.0,4.814219747922499,8.63651282995138,0.9363596093234374,,,,youtube_artist_subscribers,1310000,1.31M,249,MUSIC_VIDEO_TYPE_OMV,2026-07-23T08:58:24+00:00,user_03,missing album browse id
recommended,weekly_recommendation,Week1_21July,1,Youtube,User3,3,experiment_results/Week1_21July/Youtube/User3/Week1_User3_21.07.csv,Discover Mix,RDTMAK5uy_n_5IN6hzAOwdCnM8D8rzrs3vDl12UcZpA,https://music.youtube.com/playlist?list=RDTMAK5uy_n_5IN6hzAOwdCnM8D8rzrs3vDl12UcZpA,3,rIL1vkQG_to,https://music.youtube.com/watch?v=rIL1vkQG_to,İnan Buna,Ogün Sanlısoy,UClWUCZ3-6m_dfZClzYlmK6w,,2023-03-30T14:00:27-07:00,221,False,youtube_video_view_count,90441,90441,4.956365355664486,Middle,53.333333333333336,middle_third_vs_final_balanced,within_final_balanced_middle_range,65199.0,4.814219747922499,1.3871531771959693,0.1421456077419876,,,,youtube_artist_subscribers,65900,65.9K,248,MUSIC_VIDEO_TYPE_OMV,2026-07-23T08:58:24+00:00,user_03,missing album browse id
recommended,weekly_recommendation,Week1_21July,1,Youtube,User3,3,experiment_results/Week1_21July/Youtube/User3/Week1_User3_21.07.csv,Discover Mix,RDTMAK5uy_n_5IN6hzAOwdCnM8D8rzrs3vDl12UcZpA,https://music.youtube.com/playlist?list=RDTMAK5uy_n_5IN6hzAOwdCnM8D8rzrs3vDl12UcZpA,4,3mbvWn1EY6g,https://music.youtube.com/watch?v=3mbvWn1EY6g,Ace of Spades,Motörhead,UC29TwdZt2GUC-AqbhFs_uSA,,2020-10-27T08:00:09-07:00,165,False,youtube_video_view_count,68696913,68696913,7.836937221816645,High,100.0,top_third_vs_final_balanced,above_final_balanced_max,65199.0,4.814219747922499,1053.6497952422583,3.0227174738941462,,,,youtube_artist_subscribers,953000,953K,249,MUSIC_VIDEO_TYPE_OMV,2026-07-23T08:58:24+00:00,user_03,missing album browse id
recommended,weekly_recommendation,Week1_21July,1,Youtube,User3,3,experiment_results/Week1_21July/Youtube/User3/Week1_User3_21.07.csv,Discover Mix,RDTMAK5uy_n_5IN6hzAOwdCnM8D8rzrs3vDl12UcZpA,https://music.youtube.com/playlist?list=RDTMAK5uy_n_5IN6hzAOwdCnM8D8rzrs3vDl12UcZpA,5,nFGkutszRFA,https://music.youtube.com/watch?v=nFGkutszRFA,The Other Son of Odin,Brothers of Metal,UC7apj1hieWRm-ji4_Umt2GA,The Other Son of Odin,2022-03-17T03:02:29-07:00,206,False,youtube_video_view_count,3261500,3261500,6.513417382858506,High,76.66666666666667,top_third_vs_final_balanced,within_final_balanced_high_range,65199.0,4.814219747922499,50.02377337075722,1.6991976349360076,,,,youtube_artist_subscribers,105000,105K,249,MUSIC_VIDEO_TYPE_ATV,2026-07-23T08:58:24+00:00,user_03,
recommended,weekly_recommendation,Week1_21July,1,Youtube,User3,3,experiment_results/Week1_21July/Youtube/User3/Week1_User3_21.07.csv,Discover Mix,RDTMAK5uy_n_5IN6hzAOwdCnM8D8rzrs3vDl12UcZpA,https://music.youtube.com/playlist?list=RDTMAK5uy_n_5IN6hzAOwdCnM8D8rzrs3vDl12UcZpA,6,Lnu2Ko22UtA,https://music.youtube.com/watch?v=Lnu2Ko22UtA,Never Understand,Angra,UCTkcCBkaRc7knrvFO6hkr-g,Angels Cry,2023-05-24T13:22:33-07:00,470,False,youtube_video_view_count,378196,378196,5.577716931206234,Buffer,66.66666666666667,middle_third_vs_final_balanced,between_final_balanced_tier_ranges,65199.0,4.814219747922499,5.800641114127517,0.763497183283735,,,,youtube_artist_subscribers,321000,321K,114,MUSIC_VIDEO_TYPE_ATV,2026-07-23T08:58:24+00:00,user_03,
recommended,weekly_recommendation,Week1_21July,1,Youtube,User3,3,experiment_results/Week1_21July/Youtube/User3/Week1_User3_21.07.csv,Discover Mix,RDTMAK5uy_n_5IN6hzAOwdCnM8D8rzrs3vDl12UcZpA,https://music.youtube.com/playlist?list=RDTMAK5uy_n_5IN6hzAOwdCnM8D8rzrs3vDl12UcZpA,7,d8TaMQkBImQ,https://music.youtube.com/watch?v=d8TaMQkBImQ,Ghost in The Bottle,Blaze Bayley,UCFWnaaPfunkgp49YYWhfBpw,,2024-09-06T01:00:33-07:00,203,False,youtube_video_view_count,99520,99520,4.997910367346743,Middle,53.333333333333336,middle_third_vs_final_balanced,within_final_balanced_middle_range,65199.0,4.814219747922499,1.5264037791990674,0.1836906194242447,,,,youtube_artist_subscribers,4340,4.34K,249,MUSIC_VIDEO_TYPE_OMV,2026-07-23T08:58:24+00:00,user_03,missing album browse id
recommended,weekly_recommendation,Week1_21July,1,Youtube,User3,3,experiment_results/Week1_21July/Youtube/User3/Week1_User3_21.07.csv,Discover Mix,RDTMAK5uy_n_5IN6hzAOwdCnM8D8rzrs3vDl12UcZpA,https://music.youtube.com/playlist?list=RDTMAK5uy_n_5IN6hzAOwdCnM8D8rzrs3vDl12UcZpA,8,YrZtxBeI5FY,https://music.youtube.com/watch?v=YrZtxBeI5FY,Freedom Concept,Sonata Arctica,UCyGTmzFc3YzefTe8mOQ-QgA,Freedom Concept,2026-02-26T02:01:56-08:00,254,False,youtube_video_view_count,154655,154655,5.1893639653175825,Middle,56.666666666666664,middle_third_vs_final_balanced,within_final_balanced_middle_range,65199.0,4.814219747922499,2.3720455835212197,0.37514421739508386,,,,youtube_artist_subscribers,160000,160K,122,MUSIC_VIDEO_TYPE_ATV,2026-07-23T08:58:24+00:00,user_03,
recommended,weekly_recommendation,Week1_21July,1,Youtube,User3,3,experiment_results/Week1_21July/Youtube/User3/Week1_User3_21.07.csv,Discover Mix,RDTMAK5uy_n_5IN6hzAOwdCnM8D8rzrs3vDl12UcZpA,https://music.youtube.com/playlist?list=RDTMAK5uy_n_5IN6hzAOwdCnM8D8rzrs3vDl12UcZpA,9,ZGeiX1p2F8E,https://music.youtube.com/watch?v=ZGeiX1p2F8E,Kaos,Hayko Cepkin,UC_9WsYdP8qXHqsdPQYJXFfw,Tanışma Bitti,2015-08-11T17:41:10-07:00,238,False,youtube_video_view_count,512665,512665,5.709833668862824,Buffer,66.66666666666667,middle_third_vs_final_balanced,between_final_balanced_tier_ranges,65199.0,4.814219747922499,7.8630807220969645,0.8956139209403258,,,,youtube_artist_subscribers,312000,312K,123,MUSIC_VIDEO_TYPE_ATV,2026-07-23T08:58:24+00:00,user_03,
recommended,weekly_recommendation,Week1_21July,1,Youtube,User3,3,experiment_results/Week1_21July/Youtube/User3/Week1_User3_21.07.csv,Discover Mix,RDTMAK5uy_n_5IN6hzAOwdCnM8D8rzrs3vDl12UcZpA,https://music.youtube.com/playlist?list=RDTMAK5uy_n_5IN6hzAOwdCnM8D8rzrs3vDl12UcZpA,10,zf3NJ9WxUEc,https://music.youtube.com/watch?v=zf3NJ9WxUEc,Uss Monitor,Civil War,UC0hshC2PY-1-rlJz_PmN22A,Gods & Generals,2017-11-27T10:38:12-08:00,222,False,youtube_video_view_count,322434,322434,5.508440831004749,Buffer,66.66666666666667,middle_third_vs_final_balanced,between_final_balanced_tier_ranges,65199.0,4.814219747922499,4.945382597892606,0.6942210830822502,,,,youtube_artist_subscribers,11300,11.3K,122,MUSIC_VIDEO_TYPE_ATV,2026-07-23T08:58:24+00:00,user_03,
recommended,weekly_recommendation,Week1_21July,1,Youtube,User3,3,experiment_results/Week1_21July/Youtube/User3/Week1_User3_21.07.csv,Discover Mix,RDTMAK5uy_n_5IN6hzAOwdCnM8D8rzrs3vDl12UcZpA,https://music.youtube.com/playlist?list=RDTMAK5uy_n_5IN6hzAOwdCnM8D8rzrs3vDl12UcZpA,11,OaQ7P0FAfK8,https://music.youtube.com/watch?v=OaQ7P0FAfK8,Freedom,Stratovarius,UCrmWShE1Kjc31dCC5g2Ti2w,Infinite,2026-01-26T03:37:36-08:00,304,False,youtube_video_view_count,90213,90213,4.9552691253629355,Middle,53.333333333333336,middle_third_vs_final_balanced,within_final_balanced_middle_range,65199.0,4.814219747922499,1.383656191045875,0.14104937744043688,,,,youtube_artist_subscribers,177000,177K,114,MUSIC_VIDEO_TYPE_ATV,2026-07-23T08:58:24+00:00,user_03,
recommended,weekly_recommendation,Week1_21July,1,Youtube,User3,3,experiment_results/Week1_21July/Youtube/User3/Week1_User3_21.07.csv,Discover Mix,RDTMAK5uy_n_5IN6hzAOwdCnM8D8rzrs3vDl12UcZpA,https://music.youtube.com/playlist?list=RDTMAK5uy_n_5IN6hzAOwdCnM8D8rzrs3vDl12UcZpA,12,DE4WMH_RnCQ,https://music.youtube.com/watch?v=DE4WMH_RnCQ,Uyan,Mor ve Ötesi,UCNgorPVroeaCRpC8INDNcdg,,2019-02-20T12:07:51-08:00,325,False,youtube_video_view_count,1317549,1317549,6.119766775712968,High,70.0,top_third_vs_final_balanced,within_final_balanced_high_range,65199.0,4.814219747922499,20.208116688906273,1.3055470277904693,,,,youtube_artist_subscribers,314000,314K,249,MUSIC_VIDEO_TYPE_OMV,2026-07-23T08:58:24+00:00,user_03,missing album browse id
recommended,weekly_recommendation,Week1_21July,1,Youtube,User3,3,experiment_results/Week1_21July/Youtube/User3/Week1_User3_21.07.csv,Discover Mix,RDTMAK5uy_n_5IN6hzAOwdCnM8D8rzrs3vDl12UcZpA,https://music.youtube.com/playlist?list=RDTMAK5uy_n_5IN6hzAOwdCnM8D8rzrs3vDl12UcZpA,13,BigSJvJcRc0,https://music.youtube.com/watch?v=BigSJvJcRc0,Y.O.K. (live),Görkem Karabudak,UCqOisHdza1IY95ObO5wKmbw,,2025-09-07T09:00:06-07:00,285,False,youtube_video_view_count,393248,393248,5.594666522544727,Buffer,66.66666666666667,middle_third_vs_final_balanced,between_final_balanced_tier_ranges,65199.0,4.814219747922499,6.031503550667955,0.7804467746222281,,,,youtube_artist_subscribers,6430,6.43K,249,MUSIC_VIDEO_TYPE_OMV,2026-07-23T08:58:24+00:00,user_03,missing album browse id
recommended,weekly_recommendation,Week1_21July,1,Youtube,User3,3,experiment_results/Week1_21July/Youtube/User3/Week1_User3_21.07.csv,Discover Mix,RDTMAK5uy_n_5IN6hzAOwdCnM8D8rzrs3vDl12UcZpA,https://music.youtube.com/playlist?list=RDTMAK5uy_n_5IN6hzAOwdCnM8D8rzrs3vDl12UcZpA,14,2y89oOzqa_U,https://music.youtube.com/watch?v=2y89oOzqa_U,Venom of Venus,Ad Infinitum,UCSdu5ODAQF8g0yxYrYT9SAg,Interludium (Deluxe Version),2023-10-17T04:27:02-07:00,199,False,youtube_video_view_count,590856,590856,5.771481650042805,Buffer,66.66666666666667,middle_third_vs_final_balanced,between_final_balanced_tier_ranges,65199.0,4.814219747922499,9.062347582018129,0.9572619021203064,,,,youtube_artist_subscribers,47500,47.5K,122,MUSIC_VIDEO_TYPE_ATV,2026-07-23T08:58:24+00:00,user_03,
recommended,weekly_recommendation,Week1_21July,1,Youtube,User3,3,experiment_results/Week1_21July/Youtube/User3/Week1_User3_21.07.csv,Discover Mix,RDTMAK5uy_n_5IN6hzAOwdCnM8D8rzrs3vDl12UcZpA,https://music.youtube.com/playlist?list=RDTMAK5uy_n_5IN6hzAOwdCnM8D8rzrs3vDl12UcZpA,15,mhaTi7gD5-A,https://music.youtube.com/watch?v=mhaTi7gD5-A,King,Manowar,UCYNIpBZ3RonbMWRN0ff5OPQ,Louder Than Hell,2018-07-30T07:38:28-07:00,386,False,youtube_video_view_count,1022201,1022201,6.009536301481544,Buffer,66.66666666666667,middle_third_vs_final_balanced,between_final_balanced_tier_ranges,65199.0,4.814219747922499,15.67816991058145,1.1953165535590458,,,,youtube_artist_subscribers,419000,419K,123,MUSIC_VIDEO_TYPE_ATV,2026-07-23T08:58:24+00:00,user_03,
recommended,weekly_recommendation,Week1_21July,1,Youtube,User3,3,experiment_results/Week1_21July/Youtube/User3/Week1_User3_21.07.csv,Discover Mix,RDTMAK5uy_n_5IN6hzAOwdCnM8D8rzrs3vDl12UcZpA,https://music.youtube.com/playlist?list=RDTMAK5uy_n_5IN6hzAOwdCnM8D8rzrs3vDl12UcZpA,16,upxApJj-PIk,https://music.youtube.com/watch?v=upxApJj-PIk,Blood in the Water,Flotsam and Jetsam,UCXHiPJYBs1-741jx98ncMIg,Blood in the Water,2021-06-03T03:01:15-07:00,258,False,youtube_video_view_count,285108,285108,5.455009403584838,Buffer,66.66666666666667,middle_third_vs_final_balanced,between_final_balanced_tier_ranges,65199.0,4.814219747922499,4.372889154741637,0.6407896556623394,,,,youtube_artist_subscribers,19500,19.5K,249,MUSIC_VIDEO_TYPE_ATV,2026-07-23T08:58:24+00:00,user_03,
recommended,weekly_recommendation,Week1_21July,1,Youtube,User3,3,experiment_results/Week1_21July/Youtube/User3/Week1_User3_21.07.csv,Discover Mix,RDTMAK5uy_n_5IN6hzAOwdCnM8D8rzrs3vDl12UcZpA,https://music.youtube.com/playlist?list=RDTMAK5uy_n_5IN6hzAOwdCnM8D8rzrs3vDl12UcZpA,17,WxnN05vOuSM,https://music.youtube.com/watch?v=WxnN05vOuSM,The Number of the Beast (Live '82),Iron Maiden,UC0zbzp6x7zR8u0LhanNWFyw,,2015-08-07T06:36:58-07:00,292,False,youtube_video_view_count,89238502,89238502,7.950552271398955,High,100.0,top_third_vs_final_balanced,above_final_balanced_max,65199.0,4.814219747922499,1368.7096734612494,3.1363325234764563,,,,youtube_artist_subscribers,3310000,3.31M,249,MUSIC_VIDEO_TYPE_OMV,2026-07-23T08:58:24+00:00,user_03,missing album browse id
recommended,weekly_recommendation,Week1_21July,1,Youtube,User3,3,experiment_results/Week1_21July/Youtube/User3/Week1_User3_21.07.csv,Discover Mix,RDTMAK5uy_n_5IN6hzAOwdCnM8D8rzrs3vDl12UcZpA,https://music.youtube.com/playlist?list=RDTMAK5uy_n_5IN6hzAOwdCnM8D8rzrs3vDl12UcZpA,18,lv8UZ8wlTGQ,https://music.youtube.com/watch?v=lv8UZ8wlTGQ,Demokrasi,Murder King,UCSWOJrunI5HsXyQOl1UgYkg,,2014-03-03T14:58:15-08:00,237,False,youtube_video_view_count,1301723,1301723,6.114518578417929,High,70.0,top_third_vs_final_balanced,within_final_balanced_high_range,65199.0,4.814219747922499,19.965382904645775,1.3002988304954304,,,,youtube_artist_subscribers,3670,3.67K,249,MUSIC_VIDEO_TYPE_OMV,2026-07-23T08:58:24+00:00,user_03,missing album browse id
recommended,weekly_recommendation,Week1_21July,1,Youtube,User3,3,experiment_results/Week1_21July/Youtube/User3/Week1_User3_21.07.csv,Discover Mix,RDTMAK5uy_n_5IN6hzAOwdCnM8D8rzrs3vDl12UcZpA,https://music.youtube.com/playlist?list=RDTMAK5uy_n_5IN6hzAOwdCnM8D8rzrs3vDl12UcZpA,19,lrhOI-672xw,https://music.youtube.com/watch?v=lrhOI-672xw,İnsanlar,Kurban,UCCNltt8c_o0kG7s1dMCXIzQ,İnsanlar,2025-01-09T16:54:06-08:00,308,False,youtube_video_view_count,258859,258859,5.413063269114623,Buffer,66.66666666666667,middle_third_vs_final_balanced,between_final_balanced_tier_ranges,65199.0,4.814219747922499,3.9702909553827515,0.5988435211921246,,,,youtube_artist_subscribers,9020,9.02K,249,MUSIC_VIDEO_TYPE_ATV,2026-07-23T08:58:24+00:00,user_03,
recommended,weekly_recommendation,Week1_21July,1,Youtube,User3,3,experiment_results/Week1_21July/Youtube/User3/Week1_User3_21.07.csv,Discover Mix,RDTMAK5uy_n_5IN6hzAOwdCnM8D8rzrs3vDl12UcZpA,https://music.youtube.com/playlist?list=RDTMAK5uy_n_5IN6hzAOwdCnM8D8rzrs3vDl12UcZpA,20,09P9AhzEUns,https://music.youtube.com/watch?v=09P9AhzEUns,Send Me a Sign,Gamma Ray,UC34yDJRgqZZFJ25BjEvvCQQ,Power Plant,2022-08-30T04:20:15-07:00,247,False,youtube_video_view_count,599741,599741,5.777963739458269,Buffer,66.66666666666667,middle_third_vs_final_balanced,between_final_balanced_tier_ranges,65199.0,4.814219747922499,9.198622678261936,0.96374399153577,,,,youtube_artist_subscribers,35500,35.5K,123,MUSIC_VIDEO_TYPE_ATV,2026-07-23T08:58:24+00:00,user_03,
recommended,weekly_recommendation,Week1_21July,1,Youtube,User3,3,experiment_results/Week1_21July/Youtube/User3/Week1_User3_21.07.csv,Discover Mix,RDTMAK5uy_n_5IN6hzAOwdCnM8D8rzrs3vDl12UcZpA,https://music.youtube.com/playlist?list=RDTMAK5uy_n_5IN6hzAOwdCnM8D8rzrs3vDl12UcZpA,21,IUb9BA9cdoo,https://music.youtube.com/watch?v=IUb9BA9cdoo,King of Shadows,Tungsten,UCXZL5WaWwdiGOlJb0JRwpKQ,,2020-09-11T07:00:10-07:00,230,False,youtube_video_view_count,181902,181902,5.2598374741277425,Middle,63.333333333333336,middle_third_vs_final_balanced,within_final_balanced_middle_range,65199.0,4.814219747922499,2.7899507661160445,0.44561772620524387,,,,youtube_artist_subscribers,6390,6.39K,249,MUSIC_VIDEO_TYPE_OMV,2026-07-23T08:58:24+00:00,user_03,missing album browse id
recommended,weekly_recommendation,Week1_21July,1,Youtube,User3,3,experiment_results/Week1_21July/Youtube/User3/Week1_User3_21.07.csv,Discover Mix,RDTMAK5uy_n_5IN6hzAOwdCnM8D8rzrs3vDl12UcZpA,https://music.youtube.com/playlist?list=RDTMAK5uy_n_5IN6hzAOwdCnM8D8rzrs3vDl12UcZpA,22,UX_abrEVvNM,https://music.youtube.com/watch?v=UX_abrEVvNM,Hokkabaz,Neyse,UCw1QfGL4v3Gy-QgX0O-GYAw,,2017-11-03T00:00:01-07:00,225,False,youtube_video_view_count,374036,374036,5.572913403935585,Buffer,66.66666666666667,middle_third_vs_final_balanced,between_final_balanced_tier_ranges,65199.0,4.814219747922499,5.736836454546849,0.7586936560130866,,,,youtube_artist_subscribers,725,725,249,MUSIC_VIDEO_TYPE_OMV,2026-07-23T08:58:24+00:00,user_03,missing album browse id
recommended,weekly_recommendation,Week1_21July,1,Youtube,User3,3,experiment_results/Week1_21July/Youtube/User3/Week1_User3_21.07.csv,Discover Mix,RDTMAK5uy_n_5IN6hzAOwdCnM8D8rzrs3vDl12UcZpA,https://music.youtube.com/playlist?list=RDTMAK5uy_n_5IN6hzAOwdCnM8D8rzrs3vDl12UcZpA,23,3VVCpDjtbJE,https://music.youtube.com/watch?v=3VVCpDjtbJE,Moonlight,Labyrinth,UCRm7OtzIXx3lVm1LCuIV_4g,Return to Heaven Denied,2015-01-27T11:35:50-08:00,344,False,youtube_video_view_count,269388,269388,5.4303782459903225,Buffer,66.66666666666667,middle_third_vs_final_balanced,between_final_balanced_tier_ranges,65199.0,4.814219747922499,4.131781162287765,0.6161584980678239,,,,youtube_artist_subscribers,5200,5.2K,249,MUSIC_VIDEO_TYPE_ATV,2026-07-23T08:58:24+00:00,user_03,
recommended,weekly_recommendation,Week1_21July,1,Youtube,User3,3,experiment_results/Week1_21July/Youtube/User3/Week1_User3_21.07.csv,Discover Mix,RDTMAK5uy_n_5IN6hzAOwdCnM8D8rzrs3vDl12UcZpA,https://music.youtube.com/playlist?list=RDTMAK5uy_n_5IN6hzAOwdCnM8D8rzrs3vDl12UcZpA,24,7KFLZfNtbE8,https://music.youtube.com/watch?v=7KFLZfNtbE8,Breaking Away,Avantasia,UCoo3R3_6QAn0cXTkgaM-QKQ,"The Metal Opera, Pt. I",2015-01-27T13:03:13-08:00,276,False,youtube_video_view_count,1087579,1087579,6.036460813229392,Buffer,66.66666666666667,middle_third_vs_final_balanced,between_final_balanced_tier_ranges,65199.0,4.814219747922499,16.680915351462446,1.2222410653068936,,,,youtube_artist_subscribers,121000,121K,249,MUSIC_VIDEO_TYPE_ATV,2026-07-23T08:58:24+00:00,user_03,
recommended,weekly_recommendation,Week1_21July,1,Youtube,User3,3,experiment_results/Week1_21July/Youtube/User3/Week1_User3_21.07.csv,Discover Mix,RDTMAK5uy_n_5IN6hzAOwdCnM8D8rzrs3vDl12UcZpA,https://music.youtube.com/playlist?list=RDTMAK5uy_n_5IN6hzAOwdCnM8D8rzrs3vDl12UcZpA,25,MsZAWyWUcSI,https://music.youtube.com/watch?v=MsZAWyWUcSI,Shivers (2019 - Remaster),Dio,UCgxv4igPRzlBIyCKEzDwiYQ,,2025-11-03T12:21:39-08:00,262,False,youtube_video_view_count,19166,19166,4.282531483812228,Buffer,33.333333333333336,middle_third_vs_final_balanced,between_final_balanced_tier_ranges,65199.0,4.814219747922499,0.2939615638276661,-0.5316882641102705,,,,youtube_artist_subscribers,246000,246K,249,MUSIC_VIDEO_TYPE_OMV,2026-07-23T08:58:24+00:00,user_03,missing album browse id
recommended,weekly_recommendation,Week1_21July,1,Youtube,User3,3,experiment_results/Week1_21July/Youtube/User3/Week1_User3_21.07.csv,Discover Mix,RDTMAK5uy_n_5IN6hzAOwdCnM8D8rzrs3vDl12UcZpA,https://music.youtube.com/playlist?list=RDTMAK5uy_n_5IN6hzAOwdCnM8D8rzrs3vDl12UcZpA,26,O9GqfnOLJrQ,https://music.youtube.com/watch?v=O9GqfnOLJrQ,Dedicate Your Heart!,Epica,UCsXkTJM-ydmIkR5CuEWEloA,,2018-07-20T09:00:03-07:00,341,False,youtube_video_view_count,1877833,1877833,6.273656966842027,High,76.66666666666667,top_third_vs_final_balanced,within_final_balanced_high_range,65199.0,4.814219747922499,28.8015613736407,1.4594372189195282,,,,youtube_artist_subscribers,517000,517K,249,MUSIC_VIDEO_TYPE_OMV,2026-07-23T08:58:24+00:00,user_03,missing album browse id
recommended,weekly_recommendation,Week1_21July,1,Youtube,User3,3,experiment_results/Week1_21July/Youtube/User3/Week1_User3_21.07.csv,Discover Mix,RDTMAK5uy_n_5IN6hzAOwdCnM8D8rzrs3vDl12UcZpA,https://music.youtube.com/playlist?list=RDTMAK5uy_n_5IN6hzAOwdCnM8D8rzrs3vDl12UcZpA,27,dmLs-AhTwzY,https://music.youtube.com/watch?v=dmLs-AhTwzY,Hastiness,Hangar,UCwP8slMZ0AA9Lfbow8n1rYg,The Reason of Your Conviction,2017-07-12T05:51:26-07:00,253,False,youtube_video_view_count,73175,73175,4.86436273110583,Middle,53.333333333333336,middle_third_vs_final_balanced,within_final_balanced_middle_range,65199.0,4.814219747922499,1.1223331646190893,0.050142983183331324,,,,youtube_artist_subscribers,2140,2.14K,249,MUSIC_VIDEO_TYPE_ATV,2026-07-23T08:58:24+00:00,user_03,
recommended,weekly_recommendation,Week1_21July,1,Youtube,User3,3,experiment_results/Week1_21July/Youtube/User3/Week1_User3_21.07.csv,Discover Mix,RDTMAK5uy_n_5IN6hzAOwdCnM8D8rzrs3vDl12UcZpA,https://music.youtube.com/playlist?list=RDTMAK5uy_n_5IN6hzAOwdCnM8D8rzrs3vDl12UcZpA,28,rBJ7L5LyAk4,https://music.youtube.com/watch?v=rBJ7L5LyAk4,Power Train,Majestica,UC0oLl-AD2ikFO_WDmG4YMzw,,2024-11-06T06:00:08-08:00,269,False,youtube_video_view_count,873620,873620,5.941322567886089,Buffer,66.66666666666667,middle_third_vs_final_balanced,between_final_balanced_tier_ranges,65199.0,4.814219747922499,13.399285265111429,1.1271028199635902,,,,youtube_artist_subscribers,28900,28.9K,249,MUSIC_VIDEO_TYPE_OMV,2026-07-23T08:58:24+00:00,user_03,missing album browse id
recommended,weekly_recommendation,Week1_21July,1,Youtube,User3,3,experiment_results/Week1_21July/Youtube/User3/Week1_User3_21.07.csv,Discover Mix,RDTMAK5uy_n_5IN6hzAOwdCnM8D8rzrs3vDl12UcZpA,https://music.youtube.com/playlist?list=RDTMAK5uy_n_5IN6hzAOwdCnM8D8rzrs3vDl12UcZpA,29,Woi15nuZ6VQ,https://music.youtube.com/watch?v=Woi15nuZ6VQ,Orphaned Land - 'All Is One' Unboxing!,Orphaned Land,UC88NsIKwxNAjDMy8bzP_zhw,,2022-09-06T23:55:06-07:00,145,False,youtube_video_view_count,1706,1706,3.231979026831504,Low,16.666666666666668,bottom_third_vs_final_balanced,within_final_balanced_low_range,65199.0,4.814219747922499,0.026166045491495267,-1.5822407210909946,,,,youtube_artist_subscribers,18400,18.4K,249,MUSIC_VIDEO_TYPE_OMV,2026-07-23T08:58:24+00:00,user_03,missing album browse id
recommended,weekly_recommendation,Week1_21July,1,Youtube,User3,3,experiment_results/Week1_21July/Youtube/User3/Week1_User3_21.07.csv,Discover Mix,RDTMAK5uy_n_5IN6hzAOwdCnM8D8rzrs3vDl12UcZpA,https://music.youtube.com/playlist?list=RDTMAK5uy_n_5IN6hzAOwdCnM8D8rzrs3vDl12UcZpA,30,0J2QdDbelmY,https://music.youtube.com/watch?v=0J2QdDbelmY,Seven Nation Army (Live),The White Stripes,UCD0Wge1UpszMtqK3P9x50vA,,2008-10-21T06:32:13-07:00,239,False,youtube_video_view_count,840021427,840021427,8.924290364049002,High,100.0,top_third_vs_final_balanced,above_final_balanced_max,65199.0,4.814219747922499,12883.961824567861,4.110070616126503,,,,youtube_artist_subscribers,1160000,1.16M,249,MUSIC_VIDEO_TYPE_OMV,2026-07-23T08:58:24+00:00,user_03,missing album browse id
recommended,weekly_recommendation,Week1_21July,1,Youtube,User4,4,experiment_results/Week1_21July/Youtube/User4/Week1_User4_21.07.csv,Discover Mix,RDTMAK5uy_n_5IN6hzAOwdCnM8D8rzrs3vDl12UcZpA,https://music.youtube.com/playlist?list=RDTMAK5uy_n_5IN6hzAOwdCnM8D8rzrs3vDl12UcZpA,1,UGJV6cJkFcc,https://music.youtube.com/watch?v=UGJV6cJkFcc,Eagleheart,Stratovarius,UCrmWShE1Kjc31dCC5g2Ti2w,,2010-06-09T18:03:18-07:00,232,False,youtube_video_view_count,14439073,14439073,7.159539312076572,High,100.0,top_third_vs_final_balanced,above_final_balanced_max,65199.0,4.814219747922499,221.46157149649534,2.3453195641540736,,,,youtube_artist_subscribers,177000,177K,249,MUSIC_VIDEO_TYPE_OMV,2026-07-23T11:20:22+00:00,user_04,missing album browse id
recommended,weekly_recommendation,Week1_21July,1,Youtube,User4,4,experiment_results/Week1_21July/Youtube/User4/Week1_User4_21.07.csv,Discover Mix,RDTMAK5uy_n_5IN6hzAOwdCnM8D8rzrs3vDl12UcZpA,https://music.youtube.com/playlist?list=RDTMAK5uy_n_5IN6hzAOwdCnM8D8rzrs3vDl12UcZpA,2,Mfi8do4GgmI,https://music.youtube.com/watch?v=Mfi8do4GgmI,Kahpe (Live at Canavar Studios) (feat. Hayko Cepkin),Demir Demirkan,UC5t9ItjmLCPGnWi7W_g-lJQ,,2023-11-30T03:16:05-08:00,263,False,youtube_video_view_count,1327463,1327463,6.123022424955186,High,70.0,top_third_vs_final_balanced,within_final_balanced_high_range,65199.0,4.814219747922499,20.360174235801164,1.3088026770326877,,,,youtube_artist_subscribers,17100,17.1K,249,MUSIC_VIDEO_TYPE_OMV,2026-07-23T11:20:22+00:00,user_04,missing album browse id
recommended,weekly_recommendation,Week1_21July,1,Youtube,User4,4,experiment_results/Week1_21July/Youtube/User4/Week1_User4_21.07.csv,Discover Mix,RDTMAK5uy_n_5IN6hzAOwdCnM8D8rzrs3vDl12UcZpA,https://music.youtube.com/playlist?list=RDTMAK5uy_n_5IN6hzAOwdCnM8D8rzrs3vDl12UcZpA,3,3mbvWn1EY6g,https://music.youtube.com/watch?v=3mbvWn1EY6g,Ace of Spades,Motörhead,UC29TwdZt2GUC-AqbhFs_uSA,,2020-10-27T08:00:09-07:00,165,False,youtube_video_view_count,68699549,68699549,7.8369538860049035,High,100.0,top_third_vs_final_balanced,above_final_balanced_max,65199.0,4.814219747922499,1053.6902253102041,3.022734138082405,,,,youtube_artist_subscribers,953000,953K,249,MUSIC_VIDEO_TYPE_OMV,2026-07-23T11:20:22+00:00,user_04,missing album browse id
recommended,weekly_recommendation,Week1_21July,1,Youtube,User4,4,experiment_results/Week1_21July/Youtube/User4/Week1_User4_21.07.csv,Discover Mix,RDTMAK5uy_n_5IN6hzAOwdCnM8D8rzrs3vDl12UcZpA,https://music.youtube.com/playlist?list=RDTMAK5uy_n_5IN6hzAOwdCnM8D8rzrs3vDl12UcZpA,4,CUzcxJNZKC4,https://music.youtube.com/watch?v=CUzcxJNZKC4,Lightning Strike (Official Video),Judas Priest,UCy6-RHgm74I8CCCvMu4NPJQ,,2018-01-05T09:00:01-08:00,210,False,youtube_video_view_count,7125386,7125386,6.852808396137285,High,93.33333333333333,top_third_vs_final_balanced,within_final_balanced_high_range,65199.0,4.814219747922499,109.28673752664918,2.0385886482147866,,,,youtube_artist_subscribers,1310000,1.31M,249,MUSIC_VIDEO_TYPE_OMV,2026-07-23T11:20:22+00:00,user_04,missing album browse id
recommended,weekly_recommendation,Week1_21July,1,Youtube,User4,4,experiment_results/Week1_21July/Youtube/User4/Week1_User4_21.07.csv,Discover Mix,RDTMAK5uy_n_5IN6hzAOwdCnM8D8rzrs3vDl12UcZpA,https://music.youtube.com/playlist?list=RDTMAK5uy_n_5IN6hzAOwdCnM8D8rzrs3vDl12UcZpA,5,b8lrQmShfy4,https://music.youtube.com/watch?v=b8lrQmShfy4,mor ve ötesi - Sevda Çiçeği (Official Video),Mor ve Ötesi,UCNgorPVroeaCRpC8INDNcdg,,2014-03-04T00:50:03-08:00,246,False,youtube_video_view_count,12291355,12291355,7.0895997621855065,High,93.33333333333333,top_third_vs_final_balanced,within_final_balanced_high_range,65199.0,4.814219747922499,188.52060614426603,2.275380014263008,,,,youtube_artist_subscribers,314000,314K,249,MUSIC_VIDEO_TYPE_OMV,2026-07-23T11:20:22+00:00,user_04,missing album browse id
recommended,weekly_recommendation,Week1_21July,1,Youtube,User4,4,experiment_results/Week1_21July/Youtube/User4/Week1_User4_21.07.csv,Discover Mix,RDTMAK5uy_n_5IN6hzAOwdCnM8D8rzrs3vDl12UcZpA,https://music.youtube.com/playlist?list=RDTMAK5uy_n_5IN6hzAOwdCnM8D8rzrs3vDl12UcZpA,6,UX_abrEVvNM,https://music.youtube.com/watch?v=UX_abrEVvNM,Hokkabaz,Neyse,UCw1QfGL4v3Gy-QgX0O-GYAw,,2017-11-03T00:00:01-07:00,225,False,youtube_video_view_count,374042,374042,5.572920370500279,Buffer,66.66666666666667,middle_third_vs_final_balanced,between_final_balanced_tier_ranges,65199.0,4.814219747922499,5.736928480498167,0.7587006225777806,,,,youtube_artist_subscribers,725,725,249,MUSIC_VIDEO_TYPE_OMV,2026-07-23T11:20:22+00:00,user_04,missing album browse id
recommended,weekly_recommendation,Week1_21July,1,Youtube,User4,4,experiment_results/Week1_21July/Youtube/User4/Week1_User4_21.07.csv,Discover Mix,RDTMAK5uy_n_5IN6hzAOwdCnM8D8rzrs3vDl12UcZpA,https://music.youtube.com/playlist?list=RDTMAK5uy_n_5IN6hzAOwdCnM8D8rzrs3vDl12UcZpA,7,SxOybZcRXhI,https://music.youtube.com/watch?v=SxOybZcRXhI,The Nexus,Amaranthe,UClXbyJ6lJGR3VVkLSVRmdOQ,,2013-01-25T03:00:28-08:00,267,False,youtube_video_view_count,36771638,36771638,7.565512976034676,High,100.0,top_third_vs_final_balanced,above_final_balanced_max,65199.0,4.814219747922499,563.9908280801852,2.7512932281121776,,,,youtube_artist_subscribers,402000,402K,249,MUSIC_VIDEO_TYPE_OMV,2026-07-23T11:20:22+00:00,user_04,missing album browse id
recommended,weekly_recommendation,Week1_21July,1,Youtube,User4,4,experiment_results/Week1_21July/Youtube/User4/Week1_User4_21.07.csv,Discover Mix,RDTMAK5uy_n_5IN6hzAOwdCnM8D8rzrs3vDl12UcZpA,https://music.youtube.com/playlist?list=RDTMAK5uy_n_5IN6hzAOwdCnM8D8rzrs3vDl12UcZpA,8,vkmlujV-TvU,https://music.youtube.com/watch?v=vkmlujV-TvU,Any Means Necessary,Hammerfall,UCOspMA8k5GDzhPH7EsZ_IwQ,,2009-01-22T08:08:58-08:00,215,False,youtube_video_view_count,26157256,26157256,7.417592182826412,High,100.0,top_third_vs_final_balanced,above_final_balanced_max,65199.0,4.814219747922499,401.1910612125953,2.603372434903913,,,,youtube_artist_subscribers,108000,108K,249,MUSIC_VIDEO_TYPE_OMV,2026-07-23T11:20:22+00:00,user_04,missing album browse id
recommended,weekly_recommendation,Week1_21July,1,Youtube,User4,4,experiment_results/Week1_21July/Youtube/User4/Week1_User4_21.07.csv,Discover Mix,RDTMAK5uy_n_5IN6hzAOwdCnM8D8rzrs3vDl12UcZpA,https://music.youtube.com/playlist?list=RDTMAK5uy_n_5IN6hzAOwdCnM8D8rzrs3vDl12UcZpA,9,FBnIC1hRWO8,https://music.youtube.com/watch?v=FBnIC1hRWO8,Barbarian,Grave Digger,UCo8IuNkx9PS8MswirsKtZpQ,,2020-06-19T07:00:06-07:00,224,False,youtube_video_view_count,60552,60552,4.78212849222918,Middle,46.666666666666664,middle_third_vs_final_balanced,within_final_balanced_middle_range,65199.0,4.814219747922499,0.9287259007039985,-0.03209125569331839,,,,youtube_artist_subscribers,16300,16.3K,249,MUSIC_VIDEO_TYPE_OMV,2026-07-23T11:20:22+00:00,user_04,missing album browse id
recommended,weekly_recommendation,Week1_21July,1,Youtube,User4,4,experiment_results/Week1_21July/Youtube/User4/Week1_User4_21.07.csv,Discover Mix,RDTMAK5uy_n_5IN6hzAOwdCnM8D8rzrs3vDl12UcZpA,https://music.youtube.com/playlist?list=RDTMAK5uy_n_5IN6hzAOwdCnM8D8rzrs3vDl12UcZpA,10,-3cvu57itTg,https://music.youtube.com/watch?v=-3cvu57itTg,Silver Romance,Freedom Call,UC8Un9pLdux03pya-p---Urw,,2024-02-21T07:00:07-08:00,248,False,youtube_video_view_count,282707,282707,5.451336562022368,Buffer,66.66666666666667,middle_third_vs_final_balanced,between_final_balanced_tier_ranges,65199.0,4.814219747922499,4.336063436555776,0.6371168140998691,,,,youtube_artist_subscribers,12200,12.2K,249,MUSIC_VIDEO_TYPE_OMV,2026-07-23T11:20:22+00:00,user_04,missing album browse id
recommended,weekly_recommendation,Week1_21July,1,Youtube,User4,4,experiment_results/Week1_21July/Youtube/User4/Week1_User4_21.07.csv,Discover Mix,RDTMAK5uy_n_5IN6hzAOwdCnM8D8rzrs3vDl12UcZpA,https://music.youtube.com/playlist?list=RDTMAK5uy_n_5IN6hzAOwdCnM8D8rzrs3vDl12UcZpA,11,GtEtff9TR7Y,https://music.youtube.com/watch?v=GtEtff9TR7Y,Damla,Kurban,UCCNltt8c_o0kG7s1dMCXIzQ,Damla,2022-10-06T03:07:04-07:00,234,False,youtube_video_view_count,288152,288152,5.459621638270835,Buffer,66.66666666666667,middle_third_vs_final_balanced,between_final_balanced_tier_ranges,65199.0,4.814219747922499,4.419576987377107,0.6454018903483361,,,,youtube_artist_subscribers,9020,9.02K,122,MUSIC_VIDEO_TYPE_ATV,2026-07-23T11:20:22+00:00,user_04,
recommended,weekly_recommendation,Week1_21July,1,Youtube,User4,4,experiment_results/Week1_21July/Youtube/User4/Week1_User4_21.07.csv,Discover Mix,RDTMAK5uy_n_5IN6hzAOwdCnM8D8rzrs3vDl12UcZpA,https://music.youtube.com/playlist?list=RDTMAK5uy_n_5IN6hzAOwdCnM8D8rzrs3vDl12UcZpA,12,NN7sOUcNIyI,https://music.youtube.com/watch?v=NN7sOUcNIyI,Unspoken Words,Temperance,UCPb2fy3Qxq59pHuxOV066qw,,2016-09-16T00:36:20-07:00,243,False,youtube_video_view_count,1593164,1593164,6.2022604842939115,High,73.33333333333333,top_third_vs_final_balanced,within_final_balanced_high_range,65199.0,4.814219747922499,24.43540545100385,1.388040736371413,,,,youtube_artist_subscribers,11300,11.3K,249,MUSIC_VIDEO_TYPE_OMV,2026-07-23T11:20:22+00:00,user_04,missing album browse id
recommended,weekly_recommendation,Week1_21July,1,Youtube,User4,4,experiment_results/Week1_21July/Youtube/User4/Week1_User4_21.07.csv,Discover Mix,RDTMAK5uy_n_5IN6hzAOwdCnM8D8rzrs3vDl12UcZpA,https://music.youtube.com/playlist?list=RDTMAK5uy_n_5IN6hzAOwdCnM8D8rzrs3vDl12UcZpA,13,GClPj0RmU6s,https://music.youtube.com/watch?v=GClPj0RmU6s,Drums of Midgard,Bjorth,UCsF9xEBIasTCHP_NH93_DDQ,,2020-08-02T08:36:05-07:00,185,False,youtube_video_view_count,1905347,1905347,6.279974080516467,High,76.66666666666667,top_third_vs_final_balanced,within_final_balanced_high_range,65199.0,4.814219747922499,29.223561711069188,1.4657543325939688,,,,youtube_artist_subscribers,72900,72.9K,249,MUSIC_VIDEO_TYPE_OMV,2026-07-23T11:20:22+00:00,user_04,missing album browse id
recommended,weekly_recommendation,Week1_21July,1,Youtube,User4,4,experiment_results/Week1_21July/Youtube/User4/Week1_User4_21.07.csv,Discover Mix,RDTMAK5uy_n_5IN6hzAOwdCnM8D8rzrs3vDl12UcZpA,https://music.youtube.com/playlist?list=RDTMAK5uy_n_5IN6hzAOwdCnM8D8rzrs3vDl12UcZpA,14,bwiKpARBngU,https://music.youtube.com/watch?v=bwiKpARBngU,In the Sky,NanowaR of Steel,UCWc4wCNn-f4hsdBCqfTjJ_w,,2020-12-01T07:00:13-08:00,243,False,youtube_video_view_count,386759,386759,5.587440428654169,Buffer,66.66666666666667,middle_third_vs_final_balanced,between_final_balanced_tier_ranges,65199.0,4.814219747922499,5.931977484317244,0.7732206807316704,,,,youtube_artist_subscribers,157000,157K,249,MUSIC_VIDEO_TYPE_OMV,2026-07-23T11:20:22+00:00,user_04,missing album browse id
recommended,weekly_recommendation,Week1_21July,1,Youtube,User4,4,experiment_results/Week1_21July/Youtube/User4/Week1_User4_21.07.csv,Discover Mix,RDTMAK5uy_n_5IN6hzAOwdCnM8D8rzrs3vDl12UcZpA,https://music.youtube.com/playlist?list=RDTMAK5uy_n_5IN6hzAOwdCnM8D8rzrs3vDl12UcZpA,15,3zx1ZtxUbGE,https://music.youtube.com/watch?v=3zx1ZtxUbGE,Armata Strigoi (The Monumental Mass),Powerwolf,UC9LO_ioQYQay7CrsbacNqBQ,,2015-06-03T05:07:00-07:00,240,False,youtube_video_view_count,22056717,22056717,7.343540870983204,High,100.0,top_third_vs_final_balanced,above_final_balanced_max,65199.0,4.814219747922499,338.2983941471495,2.529321123060705,,,,youtube_artist_subscribers,435000,435K,249,MUSIC_VIDEO_TYPE_OMV,2026-07-23T11:20:22+00:00,user_04,missing album browse id
recommended,weekly_recommendation,Week1_21July,1,Youtube,User4,4,experiment_results/Week1_21July/Youtube/User4/Week1_User4_21.07.csv,Discover Mix,RDTMAK5uy_n_5IN6hzAOwdCnM8D8rzrs3vDl12UcZpA,https://music.youtube.com/playlist?list=RDTMAK5uy_n_5IN6hzAOwdCnM8D8rzrs3vDl12UcZpA,16,TEJJSeQm49c,https://music.youtube.com/watch?v=TEJJSeQm49c,Circle of Stone,Blaze Bayley,UCFWnaaPfunkgp49YYWhfBpw,,2024-01-10T23:03:21-08:00,212,False,youtube_video_view_count,283533,283533,5.452603613083762,Buffer,66.66666666666667,middle_third_vs_final_balanced,between_final_balanced_tier_ranges,65199.0,4.814219747922499,4.348732342520591,0.6383838651612637,,,,youtube_artist_subscribers,4340,4.34K,249,MUSIC_VIDEO_TYPE_OMV,2026-07-23T11:20:22+00:00,user_04,missing album browse id
recommended,weekly_recommendation,Week1_21July,1,Youtube,User4,4,experiment_results/Week1_21July/Youtube/User4/Week1_User4_21.07.csv,Discover Mix,RDTMAK5uy_n_5IN6hzAOwdCnM8D8rzrs3vDl12UcZpA,https://music.youtube.com/playlist?list=RDTMAK5uy_n_5IN6hzAOwdCnM8D8rzrs3vDl12UcZpA,17,W3q8Od5qJio,https://music.youtube.com/watch?v=W3q8Od5qJio,Rammstein - Du Hast (Official 4K Video),Rammstein,UCs6GGpd9zvsYghuYe0VDFUQ,,2015-07-31T07:37:12-07:00,236,False,youtube_video_view_count,713107535,713107535,8.85315502541381,High,100.0,top_third_vs_final_balanced,above_final_balanced_max,65199.0,4.814219747922499,10937.399883433794,4.038935277491312,,,,youtube_artist_subscribers,9300000,9.3M,249,MUSIC_VIDEO_TYPE_OMV,2026-07-23T11:20:22+00:00,user_04,missing album browse id
recommended,weekly_recommendation,Week1_21July,1,Youtube,User4,4,experiment_results/Week1_21July/Youtube/User4/Week1_User4_21.07.csv,Discover Mix,RDTMAK5uy_n_5IN6hzAOwdCnM8D8rzrs3vDl12UcZpA,https://music.youtube.com/playlist?list=RDTMAK5uy_n_5IN6hzAOwdCnM8D8rzrs3vDl12UcZpA,18,dP08ex8nbKE,https://music.youtube.com/watch?v=dP08ex8nbKE,A Story In The Night,Majestica,UC0oLl-AD2ikFO_WDmG4YMzw,,2025-01-14T06:00:07-08:00,335,False,youtube_video_view_count,744445,744445,5.87183261736174,Buffer,66.66666666666667,middle_third_vs_final_balanced,between_final_balanced_tier_ranges,65199.0,4.814219747922499,11.418043221521803,1.0576128694392413,,,,youtube_artist_subscribers,28900,28.9K,249,MUSIC_VIDEO_TYPE_OMV,2026-07-23T11:20:22+00:00,user_04,missing album browse id
recommended,weekly_recommendation,Week1_21July,1,Youtube,User4,4,experiment_results/Week1_21July/Youtube/User4/Week1_User4_21.07.csv,Discover Mix,RDTMAK5uy_n_5IN6hzAOwdCnM8D8rzrs3vDl12UcZpA,https://music.youtube.com/playlist?list=RDTMAK5uy_n_5IN6hzAOwdCnM8D8rzrs3vDl12UcZpA,19,qw5G6fF-wqQ,https://music.youtube.com/watch?v=qw5G6fF-wqQ,First Kill (Videoclip),Amon Amarth,UCOtqJNbDV4s4HI1h1YStWIw,,2016-01-25T08:00:01-08:00,296,False,youtube_video_view_count,12516159,12516159,7.097471071602952,High,93.33333333333333,top_third_vs_final_balanced,within_final_balanced_high_range,65199.0,4.814219747922499,191.96857313762482,2.283251323680453,,,,youtube_artist_subscribers,530000,530K,244,MUSIC_VIDEO_TYPE_OMV,2026-07-23T11:20:22+00:00,user_04,missing album browse id
recommended,weekly_recommendation,Week1_21July,1,Youtube,User4,4,experiment_results/Week1_21July/Youtube/User4/Week1_User4_21.07.csv,Discover Mix,RDTMAK5uy_n_5IN6hzAOwdCnM8D8rzrs3vDl12UcZpA,https://music.youtube.com/playlist?list=RDTMAK5uy_n_5IN6hzAOwdCnM8D8rzrs3vDl12UcZpA,20,7KFLZfNtbE8,https://music.youtube.com/watch?v=7KFLZfNtbE8,Breaking Away,Avantasia,UCoo3R3_6QAn0cXTkgaM-QKQ,"The Metal Opera, Pt. I",2015-01-27T13:03:13-08:00,276,False,youtube_video_view_count,1087657,1087657,6.036491959247207,Buffer,66.66666666666667,middle_third_vs_final_balanced,between_final_balanced_tier_ranges,65199.0,4.814219747922499,16.682111688829583,1.2222722113247082,,,,youtube_artist_subscribers,121000,121K,249,MUSIC_VIDEO_TYPE_ATV,2026-07-23T11:20:22+00:00,user_04,
recommended,weekly_recommendation,Week1_21July,1,Youtube,User4,4,experiment_results/Week1_21July/Youtube/User4/Week1_User4_21.07.csv,Discover Mix,RDTMAK5uy_n_5IN6hzAOwdCnM8D8rzrs3vDl12UcZpA,https://music.youtube.com/playlist?list=RDTMAK5uy_n_5IN6hzAOwdCnM8D8rzrs3vDl12UcZpA,21,hVHfXvg0Cjo,https://music.youtube.com/watch?v=hVHfXvg0Cjo,The Savior,AFM Records,UCKdA5J4-opjla1aWOjF74mg,,2011-10-21T05:23:29-07:00,291,False,youtube_video_view_count,186660,186660,5.271051261492347,Middle,63.333333333333336,middle_third_vs_final_balanced,within_final_balanced_middle_range,65199.0,4.814219747922499,2.862927345511434,0.4568315135698482,,,,youtube_artist_subscribers,,,248,MUSIC_VIDEO_TYPE_OMV,2026-07-23T11:20:22+00:00,user_04,'musicImmersiveHeaderRenderer'
recommended,weekly_recommendation,Week1_21July,1,Youtube,User4,4,experiment_results/Week1_21July/Youtube/User4/Week1_User4_21.07.csv,Discover Mix,RDTMAK5uy_n_5IN6hzAOwdCnM8D8rzrs3vDl12UcZpA,https://music.youtube.com/playlist?list=RDTMAK5uy_n_5IN6hzAOwdCnM8D8rzrs3vDl12UcZpA,22,nmctmVZEMA8,https://music.youtube.com/watch?v=nmctmVZEMA8,Faravid,Hulkoff,UCaBTq9G9dnNK0NhTHLtvroA,,2017-05-18T22:00:01-07:00,231,False,youtube_video_view_count,174372,174372,5.241476748820377,Middle,63.333333333333336,middle_third_vs_final_balanced,within_final_balanced_middle_range,65199.0,4.814219747922499,2.6744581972116137,0.4272570008978782,,,,youtube_artist_subscribers,15500,15.5K,249,MUSIC_VIDEO_TYPE_OMV,2026-07-23T11:20:22+00:00,user_04,missing album browse id
recommended,weekly_recommendation,Week1_21July,1,Youtube,User4,4,experiment_results/Week1_21July/Youtube/User4/Week1_User4_21.07.csv,Discover Mix,RDTMAK5uy_n_5IN6hzAOwdCnM8D8rzrs3vDl12UcZpA,https://music.youtube.com/playlist?list=RDTMAK5uy_n_5IN6hzAOwdCnM8D8rzrs3vDl12UcZpA,23,cG8orlq6_yE,https://music.youtube.com/watch?v=cG8orlq6_yE,SET THE WORLD ON FIRE (THE LIE OF LIES),Symphony X,UCKfHntVz0GHNeQ1cTZFy-wg,,2010-04-07T04:44:20-07:00,291,False,youtube_video_view_count,1853738,1853738,6.268048352680727,High,76.66666666666667,top_third_vs_final_balanced,within_final_balanced_high_range,65199.0,4.814219747922499,28.432000490805073,1.453828604758228,,,,youtube_artist_subscribers,60800,60.8K,249,MUSIC_VIDEO_TYPE_OMV,2026-07-23T11:20:22+00:00,user_04,missing album browse id
recommended,weekly_recommendation,Week1_21July,1,Youtube,User4,4,experiment_results/Week1_21July/Youtube/User4/Week1_User4_21.07.csv,Discover Mix,RDTMAK5uy_n_5IN6hzAOwdCnM8D8rzrs3vDl12UcZpA,https://music.youtube.com/playlist?list=RDTMAK5uy_n_5IN6hzAOwdCnM8D8rzrs3vDl12UcZpA,24,CRIwJRutl4Q,https://music.youtube.com/watch?v=CRIwJRutl4Q,Laser-Shooting Dinosaur,ANGUS McSIX,UCMooeoff7wXSATd31UgzBuw,,2023-04-19T05:00:10-07:00,280,False,youtube_video_view_count,1773562,1773562,6.248846375095658,High,76.66666666666667,top_third_vs_final_balanced,within_final_balanced_high_range,65199.0,4.814219747922499,27.202288378656114,1.4346266271731594,,,,youtube_artist_subscribers,8780,8.78K,249,MUSIC_VIDEO_TYPE_OMV,2026-07-23T11:20:22+00:00,user_04,missing album browse id
recommended,weekly_recommendation,Week1_21July,1,Youtube,User4,4,experiment_results/Week1_21July/Youtube/User4/Week1_User4_21.07.csv,Discover Mix,RDTMAK5uy_n_5IN6hzAOwdCnM8D8rzrs3vDl12UcZpA,https://music.youtube.com/playlist?list=RDTMAK5uy_n_5IN6hzAOwdCnM8D8rzrs3vDl12UcZpA,25,vyWQahvqoOE,https://music.youtube.com/watch?v=vyWQahvqoOE,Eternity Has Failed,Bruce Dickinson,UC18vB5KHtNwt7B_D8NYesRA,,2024-03-01T00:11:10-08:00,420,False,youtube_video_view_count,351110,351110,5.545443198827278,Buffer,66.66666666666667,middle_third_vs_final_balanced,between_final_balanced_tier_ranges,65199.0,4.814219747922499,5.385205294559732,0.7312234509047792,,,,youtube_artist_subscribers,176000,176K,249,MUSIC_VIDEO_TYPE_OMV,2026-07-23T11:20:22+00:00,user_04,missing album browse id
recommended,weekly_recommendation,Week1_21July,1,Youtube,User4,4,experiment_results/Week1_21July/Youtube/User4/Week1_User4_21.07.csv,Discover Mix,RDTMAK5uy_n_5IN6hzAOwdCnM8D8rzrs3vDl12UcZpA,https://music.youtube.com/playlist?list=RDTMAK5uy_n_5IN6hzAOwdCnM8D8rzrs3vDl12UcZpA,26,TgwHnRrF1yI,https://music.youtube.com/watch?v=TgwHnRrF1yI,Wasteland Outlaw,Majesty,UCnRc0Fy74P2_thiN8GJLvQQ,,2019-05-17T05:03:29-07:00,275,False,youtube_video_view_count,1134577,1134577,6.054833975355663,Buffer,66.66666666666667,middle_third_vs_final_balanced,between_final_balanced_tier_ranges,65199.0,4.814219747922499,17.40175462813847,1.2406142274331646,,,,youtube_artist_subscribers,5880,5.88K,249,MUSIC_VIDEO_TYPE_OMV,2026-07-23T11:20:22+00:00,user_04,missing album browse id
recommended,weekly_recommendation,Week1_21July,1,Youtube,User4,4,experiment_results/Week1_21July/Youtube/User4/Week1_User4_21.07.csv,Discover Mix,RDTMAK5uy_n_5IN6hzAOwdCnM8D8rzrs3vDl12UcZpA,https://music.youtube.com/playlist?list=RDTMAK5uy_n_5IN6hzAOwdCnM8D8rzrs3vDl12UcZpA,27,C9fpNQ67SaE,https://music.youtube.com/watch?v=C9fpNQ67SaE,Ghost Ship,Theocracy,UC0HijtVThn8Y_iUdVjEI6Ww,,2016-10-14T04:32:11-07:00,287,False,youtube_video_view_count,1587790,1587790,6.20079306240337,High,73.33333333333333,top_third_vs_final_balanced,within_final_balanced_high_range,65199.0,4.814219747922499,24.352980873939785,1.386573314480871,,,,youtube_artist_subscribers,17500,17.5K,249,MUSIC_VIDEO_TYPE_OMV,2026-07-23T11:20:22+00:00,user_04,missing album browse id
recommended,weekly_recommendation,Week1_21July,1,Youtube,User4,4,experiment_results/Week1_21July/Youtube/User4/Week1_User4_21.07.csv,Discover Mix,RDTMAK5uy_n_5IN6hzAOwdCnM8D8rzrs3vDl12UcZpA,https://music.youtube.com/playlist?list=RDTMAK5uy_n_5IN6hzAOwdCnM8D8rzrs3vDl12UcZpA,28,EtF9korJodM,https://music.youtube.com/watch?v=EtF9korJodM,Braveheart,Civil War,UC0hshC2PY-1-rlJz_PmN22A,,2015-10-21T03:53:20-07:00,238,False,youtube_video_view_count,730452,730452,5.863591682528981,Buffer,66.66666666666667,middle_third_vs_final_balanced,between_final_balanced_tier_ranges,65199.0,4.814219747922499,11.203423365389039,1.0493719346064827,,,,youtube_artist_subscribers,11300,11.3K,249,MUSIC_VIDEO_TYPE_OMV,2026-07-23T11:20:22+00:00,user_04,missing album browse id
recommended,weekly_recommendation,Week1_21July,1,Youtube,User4,4,experiment_results/Week1_21July/Youtube/User4/Week1_User4_21.07.csv,Discover Mix,RDTMAK5uy_n_5IN6hzAOwdCnM8D8rzrs3vDl12UcZpA,https://music.youtube.com/playlist?list=RDTMAK5uy_n_5IN6hzAOwdCnM8D8rzrs3vDl12UcZpA,29,MsZAWyWUcSI,https://music.youtube.com/watch?v=MsZAWyWUcSI,Shivers (2019 - Remaster),Dio,UCgxv4igPRzlBIyCKEzDwiYQ,,2025-11-03T12:21:39-08:00,262,False,youtube_video_view_count,19179,19179,4.282825959153527,Buffer,33.333333333333336,middle_third_vs_final_balanced,between_final_balanced_tier_ranges,65199.0,4.814219747922499,0.2941609533888557,-0.5313937887689715,,,,youtube_artist_subscribers,246000,246K,249,MUSIC_VIDEO_TYPE_OMV,2026-07-23T11:20:22+00:00,user_04,missing album browse id
recommended,weekly_recommendation,Week1_21July,1,Youtube,User4,4,experiment_results/Week1_21July/Youtube/User4/Week1_User4_21.07.csv,Discover Mix,RDTMAK5uy_n_5IN6hzAOwdCnM8D8rzrs3vDl12UcZpA,https://music.youtube.com/playlist?list=RDTMAK5uy_n_5IN6hzAOwdCnM8D8rzrs3vDl12UcZpA,30,sq55-0HBQ5Y,https://music.youtube.com/watch?v=sq55-0HBQ5Y,Power of Will,Dynazty,UC1_8sQRmjjw7YI2Bk-Kr_tA,Power of Will,2021-12-02T02:06:26-08:00,234,False,youtube_video_view_count,1003650,1003650,6.001582288935112,Buffer,66.66666666666667,middle_third_vs_final_balanced,between_final_balanced_tier_ranges,65199.0,4.814219747922499,15.393641006763907,1.1873625410126136,,,,youtube_artist_subscribers,42100,42.1K,249,MUSIC_VIDEO_TYPE_ATV,2026-07-23T11:20:22+00:00,user_04,
recommended,weekly_recommendation,Week1_21July,1,Youtube,User5,5,experiment_results/Week1_21July/Youtube/User5/Week1_User5_21.07.csv,Discover Mix,RDTMAK5uy_n_5IN6hzAOwdCnM8D8rzrs3vDl12UcZpA,https://music.youtube.com/playlist?list=RDTMAK5uy_n_5IN6hzAOwdCnM8D8rzrs3vDl12UcZpA,1,aegL4GV003w,https://music.youtube.com/watch?v=aegL4GV003w,The Matrix Reloaded (OST) - Fluke - Zion,Nostalgia Trip by RM44,UCFm_u7ZAYAlzWuOtiBShWZQ,,2012-06-06T12:08:48-07:00,290,False,youtube_video_view_count,1794945,1794945,6.254051145637203,High,76.66666666666667,top_third_vs_final_balanced,within_final_balanced_high_range,65199.0,4.814219747922499,27.53025353149588,1.4398313977147046,,,,youtube_artist_subscribers,,,247,MUSIC_VIDEO_TYPE_UGC,2026-07-23T11:21:53+00:00,user_05,'musicImmersiveHeaderRenderer'
recommended,weekly_recommendation,Week1_21July,1,Youtube,User5,5,experiment_results/Week1_21July/Youtube/User5/Week1_User5_21.07.csv,Discover Mix,RDTMAK5uy_n_5IN6hzAOwdCnM8D8rzrs3vDl12UcZpA,https://music.youtube.com/playlist?list=RDTMAK5uy_n_5IN6hzAOwdCnM8D8rzrs3vDl12UcZpA,2,kIBB7DXvQdo,https://music.youtube.com/watch?v=kIBB7DXvQdo,Prince of Persia - Warrior Within OST #0 Installation,OVGST,UCxfwGAiutuJnc1ECVO7Tfwg,,2012-04-03T13:22:57-07:00,120,False,youtube_video_view_count,954463,954463,5.979759097520378,Buffer,66.66666666666667,middle_third_vs_final_balanced,between_final_balanced_tier_ranges,65199.0,4.814219747922499,14.639227595515269,1.1655393495978794,,,,youtube_artist_subscribers,,,249,MUSIC_VIDEO_TYPE_UGC,2026-07-23T11:21:53+00:00,user_05,'musicImmersiveHeaderRenderer'
recommended,weekly_recommendation,Week1_21July,1,Youtube,User5,5,experiment_results/Week1_21July/Youtube/User5/Week1_User5_21.07.csv,Discover Mix,RDTMAK5uy_n_5IN6hzAOwdCnM8D8rzrs3vDl12UcZpA,https://music.youtube.com/playlist?list=RDTMAK5uy_n_5IN6hzAOwdCnM8D8rzrs3vDl12UcZpA,3,GClPj0RmU6s,https://music.youtube.com/watch?v=GClPj0RmU6s,Drums of Midgard,Bjorth,UCsF9xEBIasTCHP_NH93_DDQ,,2020-08-02T08:36:05-07:00,185,False,youtube_video_view_count,1905347,1905347,6.279974080516467,High,76.66666666666667,top_third_vs_final_balanced,within_final_balanced_high_range,65199.0,4.814219747922499,29.223561711069188,1.4657543325939688,,,,youtube_artist_subscribers,72900,72.9K,249,MUSIC_VIDEO_TYPE_OMV,2026-07-23T11:21:53+00:00,user_05,missing album browse id
recommended,weekly_recommendation,Week1_21July,1,Youtube,User5,5,experiment_results/Week1_21July/Youtube/User5/Week1_User5_21.07.csv,Discover Mix,RDTMAK5uy_n_5IN6hzAOwdCnM8D8rzrs3vDl12UcZpA,https://music.youtube.com/playlist?list=RDTMAK5uy_n_5IN6hzAOwdCnM8D8rzrs3vDl12UcZpA,4,dc9LMqeN9gc,https://music.youtube.com/watch?v=dc9LMqeN9gc,Yakuza 4 - For Faith,monkboy98,UCS2FYVWce3vkQpJ4ARAD7oA,,2010-08-12T08:51:58-07:00,215,False,youtube_video_view_count,882529,882529,5.945728985258777,Buffer,66.66666666666667,middle_third_vs_final_balanced,between_final_balanced_tier_ranges,65199.0,4.814219747922499,13.53592846516051,1.131509237336278,,,,youtube_artist_subscribers,,,249,MUSIC_VIDEO_TYPE_UGC,2026-07-23T11:21:53+00:00,user_05,'musicImmersiveHeaderRenderer'
recommended,weekly_recommendation,Week1_21July,1,Youtube,User5,5,experiment_results/Week1_21July/Youtube/User5/Week1_User5_21.07.csv,Discover Mix,RDTMAK5uy_n_5IN6hzAOwdCnM8D8rzrs3vDl12UcZpA,https://music.youtube.com/playlist?list=RDTMAK5uy_n_5IN6hzAOwdCnM8D8rzrs3vDl12UcZpA,5,oXWvmJ8s-BA,https://music.youtube.com/watch?v=oXWvmJ8s-BA,STEEL/Warriors,TrackzSlime,UCX73p4y7MwQK3yNX83b3TQg,,2025-10-17T16:00:54-07:00,210,False,youtube_video_view_count,220738,220738,5.3438771033008505,Middle,66.66666666666667,middle_third_vs_final_balanced,between_final_balanced_tier_ranges,65199.0,4.814219747922499,3.385604073682112,0.5296573553783519,,,,youtube_artist_subscribers,,,249,MUSIC_VIDEO_TYPE_UGC,2026-07-23T11:21:53+00:00,user_05,'musicImmersiveHeaderRenderer'
recommended,weekly_recommendation,Week1_21July,1,Youtube,User5,5,experiment_results/Week1_21July/Youtube/User5/Week1_User5_21.07.csv,Discover Mix,RDTMAK5uy_n_5IN6hzAOwdCnM8D8rzrs3vDl12UcZpA,https://music.youtube.com/playlist?list=RDTMAK5uy_n_5IN6hzAOwdCnM8D8rzrs3vDl12UcZpA,6,cFWimHtbCMI,https://music.youtube.com/watch?v=cFWimHtbCMI,Cleopatra,Brandon Fiechter,UCt9k4rjpL7Xx1POq3Gk43ew,Desert Sands,2014-12-25T07:38:15-08:00,217,False,youtube_video_view_count,928934,928934,5.967984858822449,Buffer,66.66666666666667,middle_third_vs_final_balanced,between_final_balanced_tier_ranges,65199.0,4.814219747922499,14.247672510314576,1.1537651108999505,,,,youtube_artist_subscribers,12800,12.8K,238,MUSIC_VIDEO_TYPE_ATV,2026-07-23T11:21:53+00:00,user_05,
recommended,weekly_recommendation,Week1_21July,1,Youtube,User5,5,experiment_results/Week1_21July/Youtube/User5/Week1_User5_21.07.csv,Discover Mix,RDTMAK5uy_n_5IN6hzAOwdCnM8D8rzrs3vDl12UcZpA,https://music.youtube.com/playlist?list=RDTMAK5uy_n_5IN6hzAOwdCnM8D8rzrs3vDl12UcZpA,7,Wj8UKkMG1L0,https://music.youtube.com/watch?v=Wj8UKkMG1L0,Neanderthal,Malt,UCRhcS75N74HlhdJlxJR-Pqw,Arıza,2025-01-09T17:01:24-08:00,192,False,youtube_video_view_count,102651,102651,5.011363184513883,Middle,53.333333333333336,middle_third_vs_final_balanced,within_final_balanced_middle_range,65199.0,4.814219747922499,1.5744259881286522,0.197143436591384,,,,youtube_artist_subscribers,2060,2.06K,249,MUSIC_VIDEO_TYPE_ATV,2026-07-23T11:21:53+00:00,user_05,
recommended,weekly_recommendation,Week1_21July,1,Youtube,User5,5,experiment_results/Week1_21July/Youtube/User5/Week1_User5_21.07.csv,Discover Mix,RDTMAK5uy_n_5IN6hzAOwdCnM8D8rzrs3vDl12UcZpA,https://music.youtube.com/playlist?list=RDTMAK5uy_n_5IN6hzAOwdCnM8D8rzrs3vDl12UcZpA,8,BigSJvJcRc0,https://music.youtube.com/watch?v=BigSJvJcRc0,Y.O.K. (live),Görkem Karabudak,UCqOisHdza1IY95ObO5wKmbw,,2025-09-07T09:00:06-07:00,285,False,youtube_video_view_count,393287,393287,5.594709591155299,Buffer,66.66666666666667,middle_third_vs_final_balanced,between_final_balanced_tier_ranges,65199.0,4.814219747922499,6.032101719351524,0.7804898432328002,,,,youtube_artist_subscribers,6430,6.43K,249,MUSIC_VIDEO_TYPE_OMV,2026-07-23T11:21:53+00:00,user_05,missing album browse id
recommended,weekly_recommendation,Week1_21July,1,Youtube,User5,5,experiment_results/Week1_21July/Youtube/User5/Week1_User5_21.07.csv,Discover Mix,RDTMAK5uy_n_5IN6hzAOwdCnM8D8rzrs3vDl12UcZpA,https://music.youtube.com/playlist?list=RDTMAK5uy_n_5IN6hzAOwdCnM8D8rzrs3vDl12UcZpA,9,7RW8n4iXZbA,https://music.youtube.com/watch?v=7RW8n4iXZbA,Bir Derdim Var,Mor ve Ötesi,UCNgorPVroeaCRpC8INDNcdg,,2014-03-04T00:49:56-08:00,202,False,youtube_video_view_count,164450699,164450699,8.216035723797376,High,100.0,top_third_vs_final_balanced,above_final_balanced_max,65199.0,4.814219747922499,2522.2886700716267,3.401815975874877,,,,youtube_artist_subscribers,314000,314K,249,MUSIC_VIDEO_TYPE_OMV,2026-07-23T11:21:53+00:00,user_05,missing album browse id
recommended,weekly_recommendation,Week1_21July,1,Youtube,User5,5,experiment_results/Week1_21July/Youtube/User5/Week1_User5_21.07.csv,Discover Mix,RDTMAK5uy_n_5IN6hzAOwdCnM8D8rzrs3vDl12UcZpA,https://music.youtube.com/playlist?list=RDTMAK5uy_n_5IN6hzAOwdCnM8D8rzrs3vDl12UcZpA,10,JjFeQ9ggKYk,https://music.youtube.com/watch?v=JjFeQ9ggKYk,Ash Of Eternal Flame,Innerwish,UCv72Cf_a0iP6vHNrEogD-Gw,Ash Of Eternal Flame,2024-11-07T02:03:42-08:00,444,False,youtube_video_view_count,27669,27669,4.441993463357438,Middle,36.666666666666664,middle_third_vs_final_balanced,within_final_balanced_middle_range,65199.0,4.814219747922499,0.4243776745042102,-0.3722262845650608,,,,youtube_artist_subscribers,4660,4.66K,122,MUSIC_VIDEO_TYPE_ATV,2026-07-23T11:21:53+00:00,user_05,
recommended,weekly_recommendation,Week1_21July,1,Youtube,User5,5,experiment_results/Week1_21July/Youtube/User5/Week1_User5_21.07.csv,Discover Mix,RDTMAK5uy_n_5IN6hzAOwdCnM8D8rzrs3vDl12UcZpA,https://music.youtube.com/playlist?list=RDTMAK5uy_n_5IN6hzAOwdCnM8D8rzrs3vDl12UcZpA,11,h0ytFDJjKmg,https://music.youtube.com/watch?v=h0ytFDJjKmg,Corpse Party BCR (PSP) Chapter 1 Main Theme,Lia Raz Lovelace,UC6_9TkiveigawwsY5hdRYCA,,2011-12-21T18:22:54-08:00,167,False,youtube_video_view_count,1382670,1382670,6.140718539993383,High,70.0,top_third_vs_final_balanced,within_final_balanced_high_range,65199.0,4.814219747922499,21.206920351539136,1.3264987920708844,,,,youtube_artist_subscribers,,,249,MUSIC_VIDEO_TYPE_UGC,2026-07-23T11:21:53+00:00,user_05,'musicImmersiveHeaderRenderer'
recommended,weekly_recommendation,Week1_21July,1,Youtube,User5,5,experiment_results/Week1_21July/Youtube/User5/Week1_User5_21.07.csv,Discover Mix,RDTMAK5uy_n_5IN6hzAOwdCnM8D8rzrs3vDl12UcZpA,https://music.youtube.com/playlist?list=RDTMAK5uy_n_5IN6hzAOwdCnM8D8rzrs3vDl12UcZpA,12,h9Uqz0DL1L8,https://music.youtube.com/watch?v=h9Uqz0DL1L8,A Taste Of Things To Come,George S. Clinton,UCRznRbFFRPuPHn9anknNslw,Mortal Kombat (Original Motion Picture Score),2021-02-11T02:16:23-08:00,83,False,youtube_video_view_count,89568,89568,4.9521528767860685,Middle,53.333333333333336,middle_third_vs_final_balanced,within_final_balanced_middle_range,65199.0,4.814219747922499,1.3737634012791606,0.1379331288635699,,,,youtube_artist_subscribers,1560,1.56K,123,MUSIC_VIDEO_TYPE_ATV,2026-07-23T11:21:53+00:00,user_05,
recommended,weekly_recommendation,Week1_21July,1,Youtube,User5,5,experiment_results/Week1_21July/Youtube/User5/Week1_User5_21.07.csv,Discover Mix,RDTMAK5uy_n_5IN6hzAOwdCnM8D8rzrs3vDl12UcZpA,https://music.youtube.com/playlist?list=RDTMAK5uy_n_5IN6hzAOwdCnM8D8rzrs3vDl12UcZpA,13,LOABqPaXF3g,https://music.youtube.com/watch?v=LOABqPaXF3g,Oeiao Oeiheia,Goldstein Terrab,UCkwM5Ij5If37S5qM1rhBjwQ,Oeiao Oeiheia,2023-02-21T08:42:52-08:00,186,False,youtube_video_view_count,59590,59590,4.775173385424787,Middle,46.666666666666664,middle_third_vs_final_balanced,within_final_balanced_middle_range,65199.0,4.814219747922499,0.9139710731759689,-0.03904636249771176,,,,youtube_artist_subscribers,63,63,249,MUSIC_VIDEO_TYPE_ATV,2026-07-23T11:21:53+00:00,user_05,
recommended,weekly_recommendation,Week1_21July,1,Youtube,User5,5,experiment_results/Week1_21July/Youtube/User5/Week1_User5_21.07.csv,Discover Mix,RDTMAK5uy_n_5IN6hzAOwdCnM8D8rzrs3vDl12UcZpA,https://music.youtube.com/playlist?list=RDTMAK5uy_n_5IN6hzAOwdCnM8D8rzrs3vDl12UcZpA,14,jmIrZv_VFtE,https://music.youtube.com/watch?v=jmIrZv_VFtE,Rain Fall,Evan Alam,UCIwRma6nCS0ZmIkkMyneQhw,Rain Fall,2025-09-01T06:47:05-07:00,205,False,youtube_video_view_count,548812,548812,5.739423598829902,Buffer,66.66666666666667,middle_third_vs_final_balanced,between_final_balanced_tier_ranges,65199.0,4.814219747922499,8.417491065813893,0.925203850907403,,,,youtube_artist_subscribers,171,171,123,MUSIC_VIDEO_TYPE_ATV,2026-07-23T11:21:53+00:00,user_05,
recommended,weekly_recommendation,Week1_21July,1,Youtube,User5,5,experiment_results/Week1_21July/Youtube/User5/Week1_User5_21.07.csv,Discover Mix,RDTMAK5uy_n_5IN6hzAOwdCnM8D8rzrs3vDl12UcZpA,https://music.youtube.com/playlist?list=RDTMAK5uy_n_5IN6hzAOwdCnM8D8rzrs3vDl12UcZpA,15,J2RNfFo29nI,https://music.youtube.com/watch?v=J2RNfFo29nI,Go Speed Racer Go (Original Recording),Danny Davis & The Nashville Brass,UCs7yeKYMpAPhsDUC8-EO1mQ,Speed Racer Classic Original Theme Song,2013-10-24T00:06:42-07:00,69,False,youtube_video_view_count,509017,509017,5.706732287018298,Buffer,66.66666666666667,middle_third_vs_final_balanced,between_final_balanced_tier_ranges,65199.0,4.814219747922499,7.807128943695456,0.8925125390957991,,,,youtube_artist_subscribers,918,918,123,MUSIC_VIDEO_TYPE_ATV,2026-07-23T11:21:53+00:00,user_05,
recommended,weekly_recommendation,Week1_21July,1,Youtube,User5,5,experiment_results/Week1_21July/Youtube/User5/Week1_User5_21.07.csv,Discover Mix,RDTMAK5uy_n_5IN6hzAOwdCnM8D8rzrs3vDl12UcZpA,https://music.youtube.com/playlist?list=RDTMAK5uy_n_5IN6hzAOwdCnM8D8rzrs3vDl12UcZpA,16,H8mKbFqGkwU,https://music.youtube.com/watch?v=H8mKbFqGkwU,Wolf God,Grand Magus,UC7iTYhfSP_FgAWBeGlmd8IA,,2019-02-22T06:01:26-08:00,230,False,youtube_video_view_count,227394,227394,5.3567790012432335,Middle,66.66666666666667,middle_third_vs_final_balanced,between_final_balanced_tier_ranges,65199.0,4.814219747922499,3.487691529011181,0.5425592533207348,,,,youtube_artist_subscribers,8150,8.15K,249,MUSIC_VIDEO_TYPE_OMV,2026-07-23T11:21:53+00:00,user_05,missing album browse id
recommended,weekly_recommendation,Week1_21July,1,Youtube,User5,5,experiment_results/Week1_21July/Youtube/User5/Week1_User5_21.07.csv,Discover Mix,RDTMAK5uy_n_5IN6hzAOwdCnM8D8rzrs3vDl12UcZpA,https://music.youtube.com/playlist?list=RDTMAK5uy_n_5IN6hzAOwdCnM8D8rzrs3vDl12UcZpA,17,2NUtYyEPMfM,https://music.youtube.com/watch?v=2NUtYyEPMfM,The Old Ways (2004 Remaster HD),Loreena McKennitt,UC5LyQkW4Qr6rbFkf8peJxYQ,The Visit,2025-03-24T09:22:34-07:00,345,False,youtube_video_view_count,265158,265158,5.423504734616727,Buffer,66.66666666666667,middle_third_vs_final_balanced,between_final_balanced_tier_ranges,65199.0,4.814219747922499,4.066902866608384,0.6092849866942283,,,,youtube_artist_subscribers,320000,320K,233,MUSIC_VIDEO_TYPE_ATV,2026-07-23T11:21:53+00:00,user_05,
recommended,weekly_recommendation,Week1_21July,1,Youtube,User5,5,experiment_results/Week1_21July/Youtube/User5/Week1_User5_21.07.csv,Discover Mix,RDTMAK5uy_n_5IN6hzAOwdCnM8D8rzrs3vDl12UcZpA,https://music.youtube.com/playlist?list=RDTMAK5uy_n_5IN6hzAOwdCnM8D8rzrs3vDl12UcZpA,18,KuOFwrb_6bw,https://music.youtube.com/watch?v=KuOFwrb_6bw,Oyneng yar,Faun,UCny6LhIQ9DDyh7gYUiC2ZBQ,Eden,2025-07-18T10:59:01-07:00,334,False,youtube_video_view_count,135674,135674,5.132496629248511,Middle,56.666666666666664,middle_third_vs_final_balanced,within_final_balanced_middle_range,65199.0,4.814219747922499,2.080921486525867,0.3182768813260122,,,,youtube_artist_subscribers,471000,471K,249,MUSIC_VIDEO_TYPE_ATV,2026-07-23T11:21:53+00:00,user_05,
recommended,weekly_recommendation,Week1_21July,1,Youtube,User5,5,experiment_results/Week1_21July/Youtube/User5/Week1_User5_21.07.csv,Discover Mix,RDTMAK5uy_n_5IN6hzAOwdCnM8D8rzrs3vDl12UcZpA,https://music.youtube.com/playlist?list=RDTMAK5uy_n_5IN6hzAOwdCnM8D8rzrs3vDl12UcZpA,19,P_WGax0cwjA,https://music.youtube.com/watch?v=P_WGax0cwjA,Fight for Deliverance,Heavenly,UC1b97TrRGwoNWZCZDlIWCMA,Dust to Dust,2021-07-21T03:01:07-07:00,418,False,youtube_video_view_count,112781,112781,5.0522359410464155,Middle,53.333333333333336,middle_third_vs_final_balanced,within_final_balanced_middle_range,65199.0,4.814219747922499,1.729796469271001,0.23801619312391686,,,,youtube_artist_subscribers,19700,19.7K,123,MUSIC_VIDEO_TYPE_ATV,2026-07-23T11:21:53+00:00,user_05,
recommended,weekly_recommendation,Week1_21July,1,Youtube,User5,5,experiment_results/Week1_21July/Youtube/User5/Week1_User5_21.07.csv,Discover Mix,RDTMAK5uy_n_5IN6hzAOwdCnM8D8rzrs3vDl12UcZpA,https://music.youtube.com/playlist?list=RDTMAK5uy_n_5IN6hzAOwdCnM8D8rzrs3vDl12UcZpA,20,NtO__69R9J0,https://music.youtube.com/watch?v=NtO__69R9J0,BROKEN ENGLISH,SCHAFT,UClEfaG-b6J05J9vRlQ9mtSw,SWITCHBLADE,2018-07-09T20:04:57-07:00,394,False,youtube_video_view_count,763580,763580,5.882854544651711,Buffer,66.66666666666667,middle_third_vs_final_balanced,between_final_balanced_tier_ranges,65199.0,4.814219747922499,11.711529317934325,1.0686347967292127,,,,youtube_artist_subscribers,994,994,249,MUSIC_VIDEO_TYPE_ATV,2026-07-23T11:21:53+00:00,user_05,
recommended,weekly_recommendation,Week1_21July,1,Youtube,User5,5,experiment_results/Week1_21July/Youtube/User5/Week1_User5_21.07.csv,Discover Mix,RDTMAK5uy_n_5IN6hzAOwdCnM8D8rzrs3vDl12UcZpA,https://music.youtube.com/playlist?list=RDTMAK5uy_n_5IN6hzAOwdCnM8D8rzrs3vDl12UcZpA,21,_-UGJNRFbhw,https://music.youtube.com/watch?v=_-UGJNRFbhw,i want to be with you,Sadness,UCywbGy-noKLe5fdtfHMX7tQ,I want to be there,2020-03-26T09:32:30-07:00,356,False,youtube_video_view_count,233178,233178,5.367687572976714,Middle,66.66666666666667,middle_third_vs_final_balanced,between_final_balanced_tier_ranges,65199.0,4.814219747922499,3.5764045460819953,0.5534678250542155,,,,youtube_artist_subscribers,6240,6.24K,123,MUSIC_VIDEO_TYPE_ATV,2026-07-23T11:21:53+00:00,user_05,
recommended,weekly_recommendation,Week1_21July,1,Youtube,User5,5,experiment_results/Week1_21July/Youtube/User5/Week1_User5_21.07.csv,Discover Mix,RDTMAK5uy_n_5IN6hzAOwdCnM8D8rzrs3vDl12UcZpA,https://music.youtube.com/playlist?list=RDTMAK5uy_n_5IN6hzAOwdCnM8D8rzrs3vDl12UcZpA,22,fj80c3UbyoY,https://music.youtube.com/watch?v=fj80c3UbyoY,River Walk,Philip Ayers,UCnk-ZY7dBZ7FYcN3fy0-5NQ,River Walk,2025-04-07T03:04:07-07:00,189,False,youtube_video_view_count,108621,108621,5.035913796730249,Middle,53.333333333333336,middle_third_vs_final_balanced,within_final_balanced_middle_range,65199.0,4.814219747922499,1.6659918096903328,0.22169404880775012,,,,youtube_artist_subscribers,4460,4.46K,123,MUSIC_VIDEO_TYPE_ATV,2026-07-23T11:21:53+00:00,user_05,
recommended,weekly_recommendation,Week1_21July,1,Youtube,User5,5,experiment_results/Week1_21July/Youtube/User5/Week1_User5_21.07.csv,Discover Mix,RDTMAK5uy_n_5IN6hzAOwdCnM8D8rzrs3vDl12UcZpA,https://music.youtube.com/playlist?list=RDTMAK5uy_n_5IN6hzAOwdCnM8D8rzrs3vDl12UcZpA,23,AjTNihulwvM,https://music.youtube.com/watch?v=AjTNihulwvM,Let It Rain,Secret Frequency,UCRWq5q3f-r-z4wR4bZlIxlQ,Let It Rain,2025-08-16T03:01:33-07:00,284,False,youtube_video_view_count,66483,66483,4.822710608460311,Middle,53.333333333333336,middle_third_vs_final_balanced,within_final_balanced_middle_range,65199.0,4.814219747922499,1.0196935535821101,0.008490860537812672,,,,youtube_artist_subscribers,14600,14.6K,123,MUSIC_VIDEO_TYPE_ATV,2026-07-23T11:21:53+00:00,user_05,
recommended,weekly_recommendation,Week1_21July,1,Youtube,User5,5,experiment_results/Week1_21July/Youtube/User5/Week1_User5_21.07.csv,Discover Mix,RDTMAK5uy_n_5IN6hzAOwdCnM8D8rzrs3vDl12UcZpA,https://music.youtube.com/playlist?list=RDTMAK5uy_n_5IN6hzAOwdCnM8D8rzrs3vDl12UcZpA,24,hL1Br5UKgA4,https://music.youtube.com/watch?v=hL1Br5UKgA4,Tomorrow,Jeff Album,UCqZNFZTYc4_C_oXYt2UiZZg,Tomorrow,2025-07-31T03:05:24-07:00,352,False,youtube_video_view_count,485488,485488,5.686178499747236,Buffer,66.66666666666667,middle_third_vs_final_balanced,between_final_balanced_tier_ranges,65199.0,4.814219747922499,7.446249175600853,0.8719587518247378,,,,youtube_artist_subscribers,89600,89.6K,123,MUSIC_VIDEO_TYPE_ATV,2026-07-23T11:21:53+00:00,user_05,
recommended,weekly_recommendation,Week1_21July,1,Youtube,User5,5,experiment_results/Week1_21July/Youtube/User5/Week1_User5_21.07.csv,Discover Mix,RDTMAK5uy_n_5IN6hzAOwdCnM8D8rzrs3vDl12UcZpA,https://music.youtube.com/playlist?list=RDTMAK5uy_n_5IN6hzAOwdCnM8D8rzrs3vDl12UcZpA,25,nrYuD_U9ihk,https://music.youtube.com/watch?v=nrYuD_U9ihk,Keiji Matsumoto - Blue Line (Instrumental Version),Sotiris Greece,UCNYg4k2b6EWe0W83BYBl_yA,,2010-11-06T05:53:06-07:00,314,False,youtube_video_view_count,1202149,1202149,6.079958299503172,Buffer,66.66666666666667,middle_third_vs_final_balanced,between_final_balanced_tier_ranges,65199.0,4.814219747922499,18.438150891884845,1.2657385515806734,,,,youtube_artist_subscribers,,,249,MUSIC_VIDEO_TYPE_UGC,2026-07-23T11:21:53+00:00,user_05,'musicImmersiveHeaderRenderer'
recommended,weekly_recommendation,Week1_21July,1,Youtube,User5,5,experiment_results/Week1_21July/Youtube/User5/Week1_User5_21.07.csv,Discover Mix,RDTMAK5uy_n_5IN6hzAOwdCnM8D8rzrs3vDl12UcZpA,https://music.youtube.com/playlist?list=RDTMAK5uy_n_5IN6hzAOwdCnM8D8rzrs3vDl12UcZpA,26,_lMiIsQqLaE,https://music.youtube.com/watch?v=_lMiIsQqLaE,A Natural Disaster (Audio),Anathema,UCjIsMbNawswtsbIz1yBPsOQ,,2018-03-28T00:00:07-07:00,388,False,youtube_video_view_count,441113,441113,5.6445498570191015,Buffer,66.66666666666667,middle_third_vs_final_balanced,between_final_balanced_tier_ranges,65199.0,4.814219747922499,6.765640577309468,0.8303301090966029,,,,youtube_artist_subscribers,69100,69.1K,249,MUSIC_VIDEO_TYPE_OMV,2026-07-23T11:21:53+00:00,user_05,missing album browse id
recommended,weekly_recommendation,Week1_21July,1,Youtube,User5,5,experiment_results/Week1_21July/Youtube/User5/Week1_User5_21.07.csv,Discover Mix,RDTMAK5uy_n_5IN6hzAOwdCnM8D8rzrs3vDl12UcZpA,https://music.youtube.com/playlist?list=RDTMAK5uy_n_5IN6hzAOwdCnM8D8rzrs3vDl12UcZpA,27,iXGP_I2hPIs,https://music.youtube.com/watch?v=iXGP_I2hPIs,The Tudors S1 Soundtrack: Finale + A Historic Love (extended),Olivier Doorenbos,UCyL6SRQBOoKTW9SSS9X66FA,,2015-10-26T08:44:26-07:00,427,False,youtube_video_view_count,487243,487243,5.68774560852191,Buffer,66.66666666666667,middle_third_vs_final_balanced,between_final_balanced_tier_ranges,65199.0,4.814219747922499,7.473166766361447,0.8735258605994112,,,,youtube_artist_subscribers,,,249,MUSIC_VIDEO_TYPE_UGC,2026-07-23T11:21:53+00:00,user_05,'musicImmersiveHeaderRenderer'
recommended,weekly_recommendation,Week1_21July,1,Youtube,User5,5,experiment_results/Week1_21July/Youtube/User5/Week1_User5_21.07.csv,Discover Mix,RDTMAK5uy_n_5IN6hzAOwdCnM8D8rzrs3vDl12UcZpA,https://music.youtube.com/playlist?list=RDTMAK5uy_n_5IN6hzAOwdCnM8D8rzrs3vDl12UcZpA,28,819pwpAyT5w,https://music.youtube.com/watch?v=819pwpAyT5w,Civil war - March across the belts (English Lyrics),Duke of Txtspeak,UC0wLpvht9LLUY7lkwbkSumw,,2019-03-27T15:37:07-07:00,233,False,youtube_video_view_count,107309,107309,5.030636147748089,Middle,53.333333333333336,middle_third_vs_final_balanced,within_final_balanced_middle_range,65199.0,4.814219747922499,1.6458688016687373,0.21641639982559013,,,,youtube_artist_subscribers,,,249,MUSIC_VIDEO_TYPE_UGC,2026-07-23T11:21:53+00:00,user_05,'musicImmersiveHeaderRenderer'
recommended,weekly_recommendation,Week1_21July,1,Youtube,User5,5,experiment_results/Week1_21July/Youtube/User5/Week1_User5_21.07.csv,Discover Mix,RDTMAK5uy_n_5IN6hzAOwdCnM8D8rzrs3vDl12UcZpA,https://music.youtube.com/playlist?list=RDTMAK5uy_n_5IN6hzAOwdCnM8D8rzrs3vDl12UcZpA,29,NSPG3D5qoYA,https://music.youtube.com/watch?v=NSPG3D5qoYA,Symphony of Avalon,Freedom Call,UC8Un9pLdux03pya-p---Urw,Silver Romance,2024-05-09T03:00:18-07:00,246,False,youtube_video_view_count,155383,155383,5.191403502173684,Middle,56.666666666666664,middle_third_vs_final_balanced,within_final_balanced_middle_range,65199.0,4.814219747922499,2.3832113989478367,0.37718375425118555,,,,youtube_artist_subscribers,12200,12.2K,122,MUSIC_VIDEO_TYPE_ATV,2026-07-23T11:21:53+00:00,user_05,
recommended,weekly_recommendation,Week1_21July,1,Youtube,User5,5,experiment_results/Week1_21July/Youtube/User5/Week1_User5_21.07.csv,Discover Mix,RDTMAK5uy_n_5IN6hzAOwdCnM8D8rzrs3vDl12UcZpA,https://music.youtube.com/playlist?list=RDTMAK5uy_n_5IN6hzAOwdCnM8D8rzrs3vDl12UcZpA,30,puHKaxpD4MY,https://music.youtube.com/watch?v=puHKaxpD4MY,Skycycle - It's Terror Time Again (Studio Version),aTunes,UCVIrbZqKu9vniSVdpo3NOSw,,2017-11-15T19:45:49-08:00,103,False,youtube_video_view_count,2640002,2640002,6.421604255880678,High,76.66666666666667,top_third_vs_final_balanced,within_final_balanced_high_range,65199.0,4.814219747922499,40.49144925535668,1.6073845079581792,,,,youtube_artist_subscribers,,,249,MUSIC_VIDEO_TYPE_UGC,2026-07-23T11:21:53+00:00,user_05,'musicImmersiveHeaderRenderer'
recommended,weekly_recommendation,Week1_21July,1,Youtube,User6,6,experiment_results/Week1_21July/Youtube/User6/Week1_User6_21.07.csv,Discover Mix,RDTMAK5uy_n_5IN6hzAOwdCnM8D8rzrs3vDl12UcZpA,https://music.youtube.com/playlist?list=RDTMAK5uy_n_5IN6hzAOwdCnM8D8rzrs3vDl12UcZpA,1,GClPj0RmU6s,https://music.youtube.com/watch?v=GClPj0RmU6s,Drums of Midgard,Bjorth,UCsF9xEBIasTCHP_NH93_DDQ,,2020-08-02T08:36:05-07:00,185,False,youtube_video_view_count,1905347,1905347,6.279974080516467,High,76.66666666666667,top_third_vs_final_balanced,within_final_balanced_high_range,65199.0,4.814219747922499,29.223561711069188,1.4657543325939688,,,,youtube_artist_subscribers,72900,72.9K,249,MUSIC_VIDEO_TYPE_OMV,2026-07-23T11:29:43+00:00,user_06,missing album browse id
recommended,weekly_recommendation,Week1_21July,1,Youtube,User6,6,experiment_results/Week1_21July/Youtube/User6/Week1_User6_21.07.csv,Discover Mix,RDTMAK5uy_n_5IN6hzAOwdCnM8D8rzrs3vDl12UcZpA,https://music.youtube.com/playlist?list=RDTMAK5uy_n_5IN6hzAOwdCnM8D8rzrs3vDl12UcZpA,2,sq55-0HBQ5Y,https://music.youtube.com/watch?v=sq55-0HBQ5Y,Power of Will,Dynazty,UC1_8sQRmjjw7YI2Bk-Kr_tA,Power of Will,2021-12-02T02:06:26-08:00,234,False,youtube_video_view_count,1003650,1003650,6.001582288935112,Buffer,66.66666666666667,middle_third_vs_final_balanced,between_final_balanced_tier_ranges,65199.0,4.814219747922499,15.393641006763907,1.1873625410126136,,,,youtube_artist_subscribers,42100,42.1K,249,MUSIC_VIDEO_TYPE_ATV,2026-07-23T11:29:43+00:00,user_06,
recommended,weekly_recommendation,Week1_21July,1,Youtube,User6,6,experiment_results/Week1_21July/Youtube/User6/Week1_User6_21.07.csv,Discover Mix,RDTMAK5uy_n_5IN6hzAOwdCnM8D8rzrs3vDl12UcZpA,https://music.youtube.com/playlist?list=RDTMAK5uy_n_5IN6hzAOwdCnM8D8rzrs3vDl12UcZpA,3,dRD8JHLoRyQ,https://music.youtube.com/watch?v=dRD8JHLoRyQ,Still Alive,Nocturnal Rites,UC9mSKsy3mVrGpDseXGKVtew,Grand Illusion,2017-08-15T09:03:34-07:00,243,False,youtube_video_view_count,164001,164001,5.214846496176709,Middle,60.0,middle_third_vs_final_balanced,within_final_balanced_middle_range,65199.0,4.814219747922499,2.515391340357981,0.4006267482542105,,,,youtube_artist_subscribers,4170,4.17K,123,MUSIC_VIDEO_TYPE_ATV,2026-07-23T11:29:43+00:00,user_06,
recommended,weekly_recommendation,Week1_21July,1,Youtube,User6,6,experiment_results/Week1_21July/Youtube/User6/Week1_User6_21.07.csv,Discover Mix,RDTMAK5uy_n_5IN6hzAOwdCnM8D8rzrs3vDl12UcZpA,https://music.youtube.com/playlist?list=RDTMAK5uy_n_5IN6hzAOwdCnM8D8rzrs3vDl12UcZpA,4,YkP02Fd44U8,https://music.youtube.com/watch?v=YkP02Fd44U8,Angus Mcfife,Gloryhammer,UCPGTSBEsBiITt6ZaniWufag,Tales from the Kingdom of Fife,2017-11-27T10:38:38-08:00,209,False,youtube_video_view_count,5373193,5373193,6.730232440295037,High,90.0,top_third_vs_final_balanced,within_final_balanced_high_range,65199.0,4.814219747922499,82.4121995736131,1.9160126923725382,,,,youtube_artist_subscribers,52500,52.5K,122,MUSIC_VIDEO_TYPE_ATV,2026-07-23T11:29:43+00:00,user_06,
recommended,weekly_recommendation,Week1_21July,1,Youtube,User6,6,experiment_results/Week1_21July/Youtube/User6/Week1_User6_21.07.csv,Discover Mix,RDTMAK5uy_n_5IN6hzAOwdCnM8D8rzrs3vDl12UcZpA,https://music.youtube.com/playlist?list=RDTMAK5uy_n_5IN6hzAOwdCnM8D8rzrs3vDl12UcZpA,5,Xp_rlSmt2P0,https://music.youtube.com/watch?v=Xp_rlSmt2P0,Dancing With the Dead,Powerwolf,UC9LO_ioQYQay7CrsbacNqBQ,,2021-06-24T05:00:12-07:00,291,False,youtube_video_view_count,12474432,12474432,7.096020779956215,High,93.33333333333333,top_third_vs_final_balanced,within_final_balanced_high_range,65199.0,4.814219747922499,191.3285786591819,2.2818010320337168,,,,youtube_artist_subscribers,435000,435K,249,MUSIC_VIDEO_TYPE_OMV,2026-07-23T11:29:43+00:00,user_06,missing album browse id
recommended,weekly_recommendation,Week1_21July,1,Youtube,User6,6,experiment_results/Week1_21July/Youtube/User6/Week1_User6_21.07.csv,Discover Mix,RDTMAK5uy_n_5IN6hzAOwdCnM8D8rzrs3vDl12UcZpA,https://music.youtube.com/playlist?list=RDTMAK5uy_n_5IN6hzAOwdCnM8D8rzrs3vDl12UcZpA,6,vgDBg6aiRNk,https://music.youtube.com/watch?v=vgDBg6aiRNk,Clocks,Visions of Atlantis,UCjUfzvqaP7gHrvWYrX9WQbQ,,2023-01-09T07:00:21-08:00,319,False,youtube_video_view_count,2130351,2130351,6.32845116437984,High,76.66666666666667,top_third_vs_final_balanced,within_final_balanced_high_range,65199.0,4.814219747922499,32.67459623613859,1.5142314164573412,,,,youtube_artist_subscribers,40800,40.8K,249,MUSIC_VIDEO_TYPE_OMV,2026-07-23T11:29:43+00:00,user_06,missing album browse id
recommended,weekly_recommendation,Week1_21July,1,Youtube,User6,6,experiment_results/Week1_21July/Youtube/User6/Week1_User6_21.07.csv,Discover Mix,RDTMAK5uy_n_5IN6hzAOwdCnM8D8rzrs3vDl12UcZpA,https://music.youtube.com/playlist?list=RDTMAK5uy_n_5IN6hzAOwdCnM8D8rzrs3vDl12UcZpA,7,NNUxAWjRkNo,https://music.youtube.com/watch?v=NNUxAWjRkNo,No Remorse,Diamond Head,UClfb_0PCjjd-NAa7Nt-FgQw,,2020-11-20T04:59:11-08:00,395,False,youtube_video_view_count,1634383,1634383,6.213353836343071,High,76.66666666666667,top_third_vs_final_balanced,within_final_balanced_high_range,65199.0,4.814219747922499,25.067608398901825,1.3991340884205723,,,,youtube_artist_subscribers,65700,65.7K,249,MUSIC_VIDEO_TYPE_OMV,2026-07-23T11:29:43+00:00,user_06,missing album browse id
recommended,weekly_recommendation,Week1_21July,1,Youtube,User6,6,experiment_results/Week1_21July/Youtube/User6/Week1_User6_21.07.csv,Discover Mix,RDTMAK5uy_n_5IN6hzAOwdCnM8D8rzrs3vDl12UcZpA,https://music.youtube.com/playlist?list=RDTMAK5uy_n_5IN6hzAOwdCnM8D8rzrs3vDl12UcZpA,8,JPm46Qgyn24,https://music.youtube.com/watch?v=JPm46Qgyn24,Gunman,Orden Ogan,UCZzrOhpSH_iXyc8bUzbzT-w,,2017-05-19T09:22:42-07:00,360,False,youtube_video_view_count,12064182,12064182,7.0814978803326865,High,93.33333333333333,top_third_vs_final_balanced,within_final_balanced_high_range,65199.0,4.814219747922499,185.03630423779506,2.267278132410188,,,,youtube_artist_subscribers,29300,29.3K,249,MUSIC_VIDEO_TYPE_OMV,2026-07-23T11:29:43+00:00,user_06,missing album browse id
recommended,weekly_recommendation,Week1_21July,1,Youtube,User6,6,experiment_results/Week1_21July/Youtube/User6/Week1_User6_21.07.csv,Discover Mix,RDTMAK5uy_n_5IN6hzAOwdCnM8D8rzrs3vDl12UcZpA,https://music.youtube.com/playlist?list=RDTMAK5uy_n_5IN6hzAOwdCnM8D8rzrs3vDl12UcZpA,9,klv2MoN0Kx4,https://music.youtube.com/watch?v=klv2MoN0Kx4,Heroes and Gods,Primal Fear,UCnksEYBV7qSwUIhTQR_ZGUw,Domination,2025-09-04T03:03:09-07:00,243,False,youtube_video_view_count,175869,175869,5.245189294173631,Middle,63.333333333333336,middle_third_vs_final_balanced,within_final_balanced_middle_range,65199.0,4.814219747922499,2.6974186720655227,0.4309695462511325,,,,youtube_artist_subscribers,25100,25.1K,122,MUSIC_VIDEO_TYPE_ATV,2026-07-23T11:29:43+00:00,user_06,
recommended,weekly_recommendation,Week1_21July,1,Youtube,User6,6,experiment_results/Week1_21July/Youtube/User6/Week1_User6_21.07.csv,Discover Mix,RDTMAK5uy_n_5IN6hzAOwdCnM8D8rzrs3vDl12UcZpA,https://music.youtube.com/playlist?list=RDTMAK5uy_n_5IN6hzAOwdCnM8D8rzrs3vDl12UcZpA,10,CiIg1wHmzQA,https://music.youtube.com/watch?v=CiIg1wHmzQA,Master Of Sorrow,ALLEN･LANDE,UCE-GS_dIh1-Wn8q8oKU3fJA,,2020-06-22T08:00:07-07:00,354,False,youtube_video_view_count,179935,179935,5.255115648217309,Middle,63.333333333333336,middle_third_vs_final_balanced,within_final_balanced_middle_range,65199.0,4.814219747922499,2.759781591742205,0.4408959002948105,,,,youtube_artist_subscribers,6720,6.72K,249,MUSIC_VIDEO_TYPE_OMV,2026-07-23T11:29:43+00:00,user_06,missing album browse id
recommended,weekly_recommendation,Week1_21July,1,Youtube,User6,6,experiment_results/Week1_21July/Youtube/User6/Week1_User6_21.07.csv,Discover Mix,RDTMAK5uy_n_5IN6hzAOwdCnM8D8rzrs3vDl12UcZpA,https://music.youtube.com/playlist?list=RDTMAK5uy_n_5IN6hzAOwdCnM8D8rzrs3vDl12UcZpA,11,G0izy1P_39c,https://music.youtube.com/watch?v=G0izy1P_39c,Children of Heaven,Sword,UCC0-cewVOWiVZpvpUMzOJOg,Metalized,2020-01-13T13:18:33-08:00,158,False,youtube_video_view_count,123062,123062,5.090123968950495,Middle,53.333333333333336,middle_third_vs_final_balanced,within_final_balanced_middle_range,65199.0,4.814219747922499,1.8874829368548598,0.2759042210279965,,,,youtube_artist_subscribers,2910,2.91K,123,MUSIC_VIDEO_TYPE_ATV,2026-07-23T11:29:43+00:00,user_06,
recommended,weekly_recommendation,Week1_21July,1,Youtube,User6,6,experiment_results/Week1_21July/Youtube/User6/Week1_User6_21.07.csv,Discover Mix,RDTMAK5uy_n_5IN6hzAOwdCnM8D8rzrs3vDl12UcZpA,https://music.youtube.com/playlist?list=RDTMAK5uy_n_5IN6hzAOwdCnM8D8rzrs3vDl12UcZpA,12,B19_HAK7v_0,https://music.youtube.com/watch?v=B19_HAK7v_0,Only Human,NorthTale,UCCp5RYaz6-TOH2Q0tTr2VoQ,,2021-09-30T07:00:03-07:00,223,False,youtube_video_view_count,52377,52377,4.719140619695215,Middle,46.666666666666664,middle_third_vs_final_balanced,within_final_balanced_middle_range,65199.0,4.814219747922499,0.8033405420328532,-0.09507912822728404,,,,youtube_artist_subscribers,6790,6.79K,249,MUSIC_VIDEO_TYPE_OMV,2026-07-23T11:29:43+00:00,user_06,missing album browse id
recommended,weekly_recommendation,Week1_21July,1,Youtube,User6,6,experiment_results/Week1_21July/Youtube/User6/Week1_User6_21.07.csv,Discover Mix,RDTMAK5uy_n_5IN6hzAOwdCnM8D8rzrs3vDl12UcZpA,https://music.youtube.com/playlist?list=RDTMAK5uy_n_5IN6hzAOwdCnM8D8rzrs3vDl12UcZpA,13,587Aa9VTa5Y,https://music.youtube.com/watch?v=587Aa9VTa5Y,March of the Crabs,Anvil,UCG045iPvxKbI_NZmuB9q5Pw,Metal On Metal,2019-07-04T16:50:10-07:00,155,False,youtube_video_view_count,263957,263957,5.421533183749603,Buffer,66.66666666666667,middle_third_vs_final_balanced,between_final_balanced_tier_ranges,65199.0,4.814219747922499,4.048482338686176,0.6073134358271046,,,,youtube_artist_subscribers,7510,7.51K,123,MUSIC_VIDEO_TYPE_ATV,2026-07-23T11:29:43+00:00,user_06,
recommended,weekly_recommendation,Week1_21July,1,Youtube,User6,6,experiment_results/Week1_21July/Youtube/User6/Week1_User6_21.07.csv,Discover Mix,RDTMAK5uy_n_5IN6hzAOwdCnM8D8rzrs3vDl12UcZpA,https://music.youtube.com/playlist?list=RDTMAK5uy_n_5IN6hzAOwdCnM8D8rzrs3vDl12UcZpA,14,7KFLZfNtbE8,https://music.youtube.com/watch?v=7KFLZfNtbE8,Breaking Away,Avantasia,UCoo3R3_6QAn0cXTkgaM-QKQ,"The Metal Opera, Pt. I",2015-01-27T13:03:13-08:00,276,False,youtube_video_view_count,1087660,1087660,6.036493157126362,Buffer,66.66666666666667,middle_third_vs_final_balanced,between_final_balanced_tier_ranges,65199.0,4.814219747922499,16.68215770180524,1.2222734092038632,,,,youtube_artist_subscribers,121000,121K,249,MUSIC_VIDEO_TYPE_ATV,2026-07-23T11:29:43+00:00,user_06,
recommended,weekly_recommendation,Week1_21July,1,Youtube,User6,6,experiment_results/Week1_21July/Youtube/User6/Week1_User6_21.07.csv,Discover Mix,RDTMAK5uy_n_5IN6hzAOwdCnM8D8rzrs3vDl12UcZpA,https://music.youtube.com/playlist?list=RDTMAK5uy_n_5IN6hzAOwdCnM8D8rzrs3vDl12UcZpA,15,d8TaMQkBImQ,https://music.youtube.com/watch?v=d8TaMQkBImQ,Ghost in The Bottle,Blaze Bayley,UCFWnaaPfunkgp49YYWhfBpw,,2024-09-06T01:00:33-07:00,203,False,youtube_video_view_count,99529,99529,4.997949640594435,Middle,53.333333333333336,middle_third_vs_final_balanced,within_final_balanced_middle_range,65199.0,4.814219747922499,1.5265418181260448,0.18372989267193596,,,,youtube_artist_subscribers,4340,4.34K,249,MUSIC_VIDEO_TYPE_OMV,2026-07-23T11:29:43+00:00,user_06,missing album browse id
recommended,weekly_recommendation,Week1_21July,1,Youtube,User6,6,experiment_results/Week1_21July/Youtube/User6/Week1_User6_21.07.csv,Discover Mix,RDTMAK5uy_n_5IN6hzAOwdCnM8D8rzrs3vDl12UcZpA,https://music.youtube.com/playlist?list=RDTMAK5uy_n_5IN6hzAOwdCnM8D8rzrs3vDl12UcZpA,16,Zd1kSs2Ttzw,https://music.youtube.com/watch?v=Zd1kSs2Ttzw,Vikingur,Munknörr,UC0q7ERxnSP3aXpSCFE6QPtA,,2024-07-03T08:18:07-07:00,241,False,youtube_video_view_count,87049,87049,4.939763786401352,Middle,53.333333333333336,middle_third_vs_final_balanced,within_final_balanced_middle_range,65199.0,4.814219747922499,1.3351278393840396,0.12554403847885354,,,,youtube_artist_subscribers,126000,126K,249,MUSIC_VIDEO_TYPE_OMV,2026-07-23T11:29:43+00:00,user_06,missing album browse id
recommended,weekly_recommendation,Week1_21July,1,Youtube,User6,6,experiment_results/Week1_21July/Youtube/User6/Week1_User6_21.07.csv,Discover Mix,RDTMAK5uy_n_5IN6hzAOwdCnM8D8rzrs3vDl12UcZpA,https://music.youtube.com/playlist?list=RDTMAK5uy_n_5IN6hzAOwdCnM8D8rzrs3vDl12UcZpA,17,w5UgOFIqWgg,https://music.youtube.com/watch?v=w5UgOFIqWgg,Archangel,Amaranthe,UClXbyJ6lJGR3VVkLSVRmdOQ,Manifest,2020-10-01T03:01:03-07:00,204,False,youtube_video_view_count,3877883,3877883,6.588594701797636,High,76.66666666666667,top_third_vs_final_balanced,within_final_balanced_high_range,65199.0,4.814219747922499,59.47764536265893,1.774374953875137,,,,youtube_artist_subscribers,402000,402K,249,MUSIC_VIDEO_TYPE_ATV,2026-07-23T11:29:43+00:00,user_06,
recommended,weekly_recommendation,Week1_21July,1,Youtube,User6,6,experiment_results/Week1_21July/Youtube/User6/Week1_User6_21.07.csv,Discover Mix,RDTMAK5uy_n_5IN6hzAOwdCnM8D8rzrs3vDl12UcZpA,https://music.youtube.com/playlist?list=RDTMAK5uy_n_5IN6hzAOwdCnM8D8rzrs3vDl12UcZpA,18,kG4uQ6Tk7fY,https://music.youtube.com/watch?v=kG4uQ6Tk7fY,Hunting High And Low,Stratovarius,UCrmWShE1Kjc31dCC5g2Ti2w,,2010-06-10T00:04:00-07:00,246,False,youtube_video_view_count,7459876,7459876,6.87273160857678,High,93.33333333333333,top_third_vs_final_balanced,within_final_balanced_high_range,65199.0,4.814219747922499,114.4170309360573,2.0585118606542814,,,,youtube_artist_subscribers,177000,177K,249,MUSIC_VIDEO_TYPE_OMV,2026-07-23T11:29:43+00:00,user_06,missing album browse id
recommended,weekly_recommendation,Week1_21July,1,Youtube,User6,6,experiment_results/Week1_21July/Youtube/User6/Week1_User6_21.07.csv,Discover Mix,RDTMAK5uy_n_5IN6hzAOwdCnM8D8rzrs3vDl12UcZpA,https://music.youtube.com/playlist?list=RDTMAK5uy_n_5IN6hzAOwdCnM8D8rzrs3vDl12UcZpA,19,tFjekrILVzM,https://music.youtube.com/watch?v=tFjekrILVzM,Sermons of the Sinner,KK's Priest,UCliRcXwIgFPm7ZlpwRlsLqA,,2021-06-16T08:28:17-07:00,351,False,youtube_video_view_count,1056516,1056516,6.023876078443792,Buffer,66.66666666666667,middle_third_vs_final_balanced,between_final_balanced_tier_ranges,65199.0,4.814219747922499,16.2044816638292,1.2096563305212937,,,,youtube_artist_subscribers,10400,10.4K,249,MUSIC_VIDEO_TYPE_OMV,2026-07-23T11:29:43+00:00,user_06,missing album browse id
recommended,weekly_recommendation,Week1_21July,1,Youtube,User6,6,experiment_results/Week1_21July/Youtube/User6/Week1_User6_21.07.csv,Discover Mix,RDTMAK5uy_n_5IN6hzAOwdCnM8D8rzrs3vDl12UcZpA,https://music.youtube.com/playlist?list=RDTMAK5uy_n_5IN6hzAOwdCnM8D8rzrs3vDl12UcZpA,20,FBnIC1hRWO8,https://music.youtube.com/watch?v=FBnIC1hRWO8,Barbarian,Grave Digger,UCo8IuNkx9PS8MswirsKtZpQ,,2020-06-19T07:00:06-07:00,224,False,youtube_video_view_count,60552,60552,4.78212849222918,Middle,46.666666666666664,middle_third_vs_final_balanced,within_final_balanced_middle_range,65199.0,4.814219747922499,0.9287259007039985,-0.03209125569331839,,,,youtube_artist_subscribers,16300,16.3K,249,MUSIC_VIDEO_TYPE_OMV,2026-07-23T11:29:43+00:00,user_06,missing album browse id
recommended,weekly_recommendation,Week1_21July,1,Youtube,User6,6,experiment_results/Week1_21July/Youtube/User6/Week1_User6_21.07.csv,Discover Mix,RDTMAK5uy_n_5IN6hzAOwdCnM8D8rzrs3vDl12UcZpA,https://music.youtube.com/playlist?list=RDTMAK5uy_n_5IN6hzAOwdCnM8D8rzrs3vDl12UcZpA,21,Y06yUTCsXyU,https://music.youtube.com/watch?v=Y06yUTCsXyU,S.O.S.,At Vance,UCunSqRntuwll6L1fOONNDPQ,Heart of Steel,2025-12-16T06:56:00-08:00,208,False,youtube_video_view_count,115146,115146,5.061248855820868,Middle,53.333333333333336,middle_third_vs_final_balanced,within_final_balanced_middle_range,65199.0,4.814219747922499,1.7660700317489533,0.24702910789836974,,,,youtube_artist_subscribers,6960,6.96K,249,MUSIC_VIDEO_TYPE_ATV,2026-07-23T11:29:43+00:00,user_06,
recommended,weekly_recommendation,Week1_21July,1,Youtube,User6,6,experiment_results/Week1_21July/Youtube/User6/Week1_User6_21.07.csv,Discover Mix,RDTMAK5uy_n_5IN6hzAOwdCnM8D8rzrs3vDl12UcZpA,https://music.youtube.com/playlist?list=RDTMAK5uy_n_5IN6hzAOwdCnM8D8rzrs3vDl12UcZpA,22,nFGkutszRFA,https://music.youtube.com/watch?v=nFGkutszRFA,The Other Son of Odin,Brothers of Metal,UC7apj1hieWRm-ji4_Umt2GA,The Other Son of Odin,2022-03-17T03:02:29-07:00,206,False,youtube_video_view_count,3261631,3261631,6.513434826192738,High,76.66666666666667,top_third_vs_final_balanced,within_final_balanced_high_range,65199.0,4.814219747922499,50.02578260402767,1.6992150782702398,,,,youtube_artist_subscribers,105000,105K,249,MUSIC_VIDEO_TYPE_ATV,2026-07-23T11:29:43+00:00,user_06,
recommended,weekly_recommendation,Week1_21July,1,Youtube,User6,6,experiment_results/Week1_21July/Youtube/User6/Week1_User6_21.07.csv,Discover Mix,RDTMAK5uy_n_5IN6hzAOwdCnM8D8rzrs3vDl12UcZpA,https://music.youtube.com/playlist?list=RDTMAK5uy_n_5IN6hzAOwdCnM8D8rzrs3vDl12UcZpA,23,nzCBZ3j-t20,https://music.youtube.com/watch?v=nzCBZ3j-t20,Chasing the Dragon,Dream Evil,UCaFJfPSGHItiAjCtEdXzJZA,Dragonslayer,2017-08-15T10:36:01-07:00,242,False,youtube_video_view_count,1270107,1270107,6.103840309579658,High,70.0,top_third_vs_final_balanced,within_final_balanced_high_range,65199.0,4.814219747922499,19.480467491832698,1.2896205616571592,,,,youtube_artist_subscribers,22400,22.4K,123,MUSIC_VIDEO_TYPE_ATV,2026-07-23T11:29:43+00:00,user_06,
recommended,weekly_recommendation,Week1_21July,1,Youtube,User6,6,experiment_results/Week1_21July/Youtube/User6/Week1_User6_21.07.csv,Discover Mix,RDTMAK5uy_n_5IN6hzAOwdCnM8D8rzrs3vDl12UcZpA,https://music.youtube.com/playlist?list=RDTMAK5uy_n_5IN6hzAOwdCnM8D8rzrs3vDl12UcZpA,24,Ia07P2F6bws,https://music.youtube.com/watch?v=Ia07P2F6bws,Unisonic,Unisonic,UC8vgpAbUBB9EnA-qSB6Ie8w,Unisonic,2017-11-19T18:31:20-08:00,206,False,youtube_video_view_count,122935,122935,5.08967554556239,Middle,53.333333333333336,middle_third_vs_final_balanced,within_final_balanced_middle_range,65199.0,4.814219747922499,1.8855350542186229,0.27545579763989103,,,,youtube_artist_subscribers,4540,4.54K,123,MUSIC_VIDEO_TYPE_ATV,2026-07-23T11:29:43+00:00,user_06,
recommended,weekly_recommendation,Week1_21July,1,Youtube,User6,6,experiment_results/Week1_21July/Youtube/User6/Week1_User6_21.07.csv,Discover Mix,RDTMAK5uy_n_5IN6hzAOwdCnM8D8rzrs3vDl12UcZpA,https://music.youtube.com/playlist?list=RDTMAK5uy_n_5IN6hzAOwdCnM8D8rzrs3vDl12UcZpA,25,IzAmAN87nzY,https://music.youtube.com/watch?v=IzAmAN87nzY,Blood of Heroes,Tyr,UCcsoYke5q0w-OMEakJsLbAQ,,2013-09-11T09:07:03-07:00,222,False,youtube_video_view_count,1032183,1032183,6.013756701985444,Buffer,66.66666666666667,middle_third_vs_final_balanced,between_final_balanced_tier_ranges,65199.0,4.814219747922499,15.83127041825795,1.1995369540629452,,,,youtube_artist_subscribers,45200,45.2K,249,MUSIC_VIDEO_TYPE_OMV,2026-07-23T11:29:43+00:00,user_06,missing album browse id
recommended,weekly_recommendation,Week1_21July,1,Youtube,User6,6,experiment_results/Week1_21July/Youtube/User6/Week1_User6_21.07.csv,Discover Mix,RDTMAK5uy_n_5IN6hzAOwdCnM8D8rzrs3vDl12UcZpA,https://music.youtube.com/playlist?list=RDTMAK5uy_n_5IN6hzAOwdCnM8D8rzrs3vDl12UcZpA,26,MsZAWyWUcSI,https://music.youtube.com/watch?v=MsZAWyWUcSI,Shivers (2019 - Remaster),Dio,UCgxv4igPRzlBIyCKEzDwiYQ,,2025-11-03T12:21:39-08:00,262,False,youtube_video_view_count,19179,19179,4.282825959153527,Buffer,33.333333333333336,middle_third_vs_final_balanced,between_final_balanced_tier_ranges,65199.0,4.814219747922499,0.2941609533888557,-0.5313937887689715,,,,youtube_artist_subscribers,246000,246K,249,MUSIC_VIDEO_TYPE_OMV,2026-07-23T11:29:43+00:00,user_06,missing album browse id
recommended,weekly_recommendation,Week1_21July,1,Youtube,User6,6,experiment_results/Week1_21July/Youtube/User6/Week1_User6_21.07.csv,Discover Mix,RDTMAK5uy_n_5IN6hzAOwdCnM8D8rzrs3vDl12UcZpA,https://music.youtube.com/playlist?list=RDTMAK5uy_n_5IN6hzAOwdCnM8D8rzrs3vDl12UcZpA,27,--zQyrWF9_k,https://music.youtube.com/watch?v=--zQyrWF9_k,At the End of the Rainbow,Enforcer,UC4dNGpBnJCHJQky_9uxJxxg,At the End of the Rainbow,2021-10-28T03:05:50-07:00,202,False,youtube_video_view_count,156064,156064,5.193302733911472,Middle,56.666666666666664,middle_third_vs_final_balanced,within_final_balanced_middle_range,65199.0,4.814219747922499,2.3936563444224603,0.3790829859889735,,,,youtube_artist_subscribers,13000,13K,249,MUSIC_VIDEO_TYPE_ATV,2026-07-23T11:29:43+00:00,user_06,
recommended,weekly_recommendation,Week1_21July,1,Youtube,User6,6,experiment_results/Week1_21July/Youtube/User6/Week1_User6_21.07.csv,Discover Mix,RDTMAK5uy_n_5IN6hzAOwdCnM8D8rzrs3vDl12UcZpA,https://music.youtube.com/playlist?list=RDTMAK5uy_n_5IN6hzAOwdCnM8D8rzrs3vDl12UcZpA,28,QrEoUUukGYg,https://music.youtube.com/watch?v=QrEoUUukGYg,Yalan,Kurban,UCCNltt8c_o0kG7s1dMCXIzQ,,2021-02-25T13:03:39-08:00,217,False,youtube_video_view_count,461802,461802,5.664455809454009,Buffer,66.66666666666667,middle_third_vs_final_balanced,between_final_balanced_tier_ranges,65199.0,4.814219747922499,7.082961395113422,0.8502360615315103,,,,youtube_artist_subscribers,9020,9.02K,249,MUSIC_VIDEO_TYPE_OMV,2026-07-23T11:29:43+00:00,user_06,missing album browse id
recommended,weekly_recommendation,Week1_21July,1,Youtube,User6,6,experiment_results/Week1_21July/Youtube/User6/Week1_User6_21.07.csv,Discover Mix,RDTMAK5uy_n_5IN6hzAOwdCnM8D8rzrs3vDl12UcZpA,https://music.youtube.com/playlist?list=RDTMAK5uy_n_5IN6hzAOwdCnM8D8rzrs3vDl12UcZpA,29,KZL96p4sZwI,https://music.youtube.com/watch?v=KZL96p4sZwI,The One You Love to Hate,Halford,UCRHvhb19eRZEGvd9_KMo0oA,Resurrection,2017-08-10T04:36:15-07:00,192,False,youtube_video_view_count,517215,517215,5.713671111573329,Buffer,66.66666666666667,middle_third_vs_final_balanced,between_final_balanced_tier_ranges,65199.0,4.814219747922499,7.932867068513321,0.8994513636508303,,,,youtube_artist_subscribers,11500,11.5K,123,MUSIC_VIDEO_TYPE_ATV,2026-07-23T11:29:43+00:00,user_06,
recommended,weekly_recommendation,Week1_21July,1,Youtube,User6,6,experiment_results/Week1_21July/Youtube/User6/Week1_User6_21.07.csv,Discover Mix,RDTMAK5uy_n_5IN6hzAOwdCnM8D8rzrs3vDl12UcZpA,https://music.youtube.com/playlist?list=RDTMAK5uy_n_5IN6hzAOwdCnM8D8rzrs3vDl12UcZpA,30,0s72qU6NcSY,https://music.youtube.com/watch?v=0s72qU6NcSY,Divine,Dionysus,UClJbvcY5lO1aJo2Q3SqjvlQ,Anima Mundi,2015-01-19T21:15:04-08:00,251,False,youtube_video_view_count,263086,263086,5.420097737920293,Buffer,66.66666666666667,middle_third_vs_final_balanced,between_final_balanced_tier_ranges,65199.0,4.814219747922499,4.035123238086474,0.6058779899977944,,,,youtube_artist_subscribers,3920,3.92K,249,MUSIC_VIDEO_TYPE_ATV,2026-07-23T11:29:43+00:00,user_06,
recommended,weekly_recommendation,Week1_21July,1,Youtube,User7,7,experiment_results/Week1_21July/Youtube/User7/Week1_User7_21.07.csv,Discover Mix,RDTMAK5uy_n_5IN6hzAOwdCnM8D8rzrs3vDl12UcZpA,https://music.youtube.com/playlist?list=RDTMAK5uy_n_5IN6hzAOwdCnM8D8rzrs3vDl12UcZpA,1,EtF9korJodM,https://music.youtube.com/watch?v=EtF9korJodM,Braveheart,Civil War,UC0hshC2PY-1-rlJz_PmN22A,,2015-10-21T03:53:20-07:00,238,False,youtube_video_view_count,730452,730452,5.863591682528981,Buffer,66.66666666666667,middle_third_vs_final_balanced,between_final_balanced_tier_ranges,65199.0,4.814219747922499,11.203423365389039,1.0493719346064827,,,,youtube_artist_subscribers,11300,11.3K,249,MUSIC_VIDEO_TYPE_OMV,2026-07-23T11:31:34+00:00,user_07,missing album browse id
recommended,weekly_recommendation,Week1_21July,1,Youtube,User7,7,experiment_results/Week1_21July/Youtube/User7/Week1_User7_21.07.csv,Discover Mix,RDTMAK5uy_n_5IN6hzAOwdCnM8D8rzrs3vDl12UcZpA,https://music.youtube.com/playlist?list=RDTMAK5uy_n_5IN6hzAOwdCnM8D8rzrs3vDl12UcZpA,2,htKY2oD85rs,https://music.youtube.com/watch?v=htKY2oD85rs,Hearts On Fire,Hammerfall,UCOspMA8k5GDzhPH7EsZ_IwQ,,2008-05-13T04:50:17-07:00,232,False,youtube_video_view_count,37146310,37146310,7.569915678763307,High,100.0,top_third_vs_final_balanced,above_final_balanced_max,65199.0,4.814219747922499,569.7374192855718,2.755695930840808,,,,youtube_artist_subscribers,108000,108K,249,MUSIC_VIDEO_TYPE_OMV,2026-07-23T11:31:34+00:00,user_07,missing album browse id
recommended,weekly_recommendation,Week1_21July,1,Youtube,User7,7,experiment_results/Week1_21July/Youtube/User7/Week1_User7_21.07.csv,Discover Mix,RDTMAK5uy_n_5IN6hzAOwdCnM8D8rzrs3vDl12UcZpA,https://music.youtube.com/playlist?list=RDTMAK5uy_n_5IN6hzAOwdCnM8D8rzrs3vDl12UcZpA,3,cDs7t26nnd8,https://music.youtube.com/watch?v=cDs7t26nnd8,If I Had a Heart - Tal Barr,Tal Barr,UCmyOukl0XOSn0rlX5oTyfGw,,2020-10-11T07:46:02-07:00,214,False,youtube_video_view_count,23608093,23608093,7.373060907323285,High,100.0,top_third_vs_final_balanced,above_final_balanced_max,65199.0,4.814219747922499,362.0928695225387,2.558841159400786,,,,youtube_artist_subscribers,57900,57.9K,249,MUSIC_VIDEO_TYPE_OMV,2026-07-23T11:31:34+00:00,user_07,missing album browse id
recommended,weekly_recommendation,Week1_21July,1,Youtube,User7,7,experiment_results/Week1_21July/Youtube/User7/Week1_User7_21.07.csv,Discover Mix,RDTMAK5uy_n_5IN6hzAOwdCnM8D8rzrs3vDl12UcZpA,https://music.youtube.com/playlist?list=RDTMAK5uy_n_5IN6hzAOwdCnM8D8rzrs3vDl12UcZpA,4,nO2HChgYqbM,https://music.youtube.com/watch?v=nO2HChgYqbM,Outro,Tarja,UCYWGPvcAl6q2I80wvK4N4JQ,Frisson Noir,2026-06-11T03:01:42-07:00,66,False,youtube_video_view_count,18144,18144,4.258733037212813,Buffer,33.333333333333336,middle_third_vs_final_balanced,between_final_balanced_tier_ranges,65199.0,4.814219747922499,0.2782864767864538,-0.5554867107096859,,,,youtube_artist_subscribers,250000,250K,117,MUSIC_VIDEO_TYPE_ATV,2026-07-23T11:31:34+00:00,user_07,
recommended,weekly_recommendation,Week1_21July,1,Youtube,User7,7,experiment_results/Week1_21July/Youtube/User7/Week1_User7_21.07.csv,Discover Mix,RDTMAK5uy_n_5IN6hzAOwdCnM8D8rzrs3vDl12UcZpA,https://music.youtube.com/playlist?list=RDTMAK5uy_n_5IN6hzAOwdCnM8D8rzrs3vDl12UcZpA,5,cXOAcuNhFS4,https://music.youtube.com/watch?v=cXOAcuNhFS4,Killers With the Cross (feat. Björn Strid),Powerwolf,UC9LO_ioQYQay7CrsbacNqBQ,,2018-09-07T05:52:10-07:00,296,False,youtube_video_view_count,19843862,19843862,7.297626198164244,High,100.0,top_third_vs_final_balanced,above_final_balanced_max,65199.0,4.814219747922499,304.3583797297505,2.4834064502417457,,,,youtube_artist_subscribers,435000,435K,249,MUSIC_VIDEO_TYPE_OMV,2026-07-23T11:31:34+00:00,user_07,missing album browse id
recommended,weekly_recommendation,Week1_21July,1,Youtube,User7,7,experiment_results/Week1_21July/Youtube/User7/Week1_User7_21.07.csv,Discover Mix,RDTMAK5uy_n_5IN6hzAOwdCnM8D8rzrs3vDl12UcZpA,https://music.youtube.com/playlist?list=RDTMAK5uy_n_5IN6hzAOwdCnM8D8rzrs3vDl12UcZpA,6,6Ejga4kJUts,https://music.youtube.com/watch?v=6Ejga4kJUts,Zombie,The Cranberries,UCE5eDJ9T05bGzDvJ5QYsdJQ,,2009-06-16T15:48:29-07:00,308,False,youtube_video_view_count,1858628149,1858628149,9.269192510271607,High,100.0,top_third_vs_final_balanced,above_final_balanced_max,65199.0,4.814219747922499,28507.00392644059,4.454972762349108,,,,youtube_artist_subscribers,4080000,4.08M,246,MUSIC_VIDEO_TYPE_OMV,2026-07-23T11:31:34+00:00,user_07,missing album browse id
recommended,weekly_recommendation,Week1_21July,1,Youtube,User7,7,experiment_results/Week1_21July/Youtube/User7/Week1_User7_21.07.csv,Discover Mix,RDTMAK5uy_n_5IN6hzAOwdCnM8D8rzrs3vDl12UcZpA,https://music.youtube.com/playlist?list=RDTMAK5uy_n_5IN6hzAOwdCnM8D8rzrs3vDl12UcZpA,7,e7kJRGPgvRQ,https://music.youtube.com/watch?v=e7kJRGPgvRQ,Vodka,Korpiklaani,UC_MdHsWfs_34TX-nKRWfDrA,,2009-06-12T01:22:11-07:00,182,False,youtube_video_view_count,45011118,45011118,7.653319800212434,High,100.0,top_third_vs_final_balanced,above_final_balanced_max,65199.0,4.814219747922499,690.3651589748309,2.8391000522899352,,,,youtube_artist_subscribers,173000,173K,249,MUSIC_VIDEO_TYPE_OMV,2026-07-23T11:31:34+00:00,user_07,missing album browse id
recommended,weekly_recommendation,Week1_21July,1,Youtube,User7,7,experiment_results/Week1_21July/Youtube/User7/Week1_User7_21.07.csv,Discover Mix,RDTMAK5uy_n_5IN6hzAOwdCnM8D8rzrs3vDl12UcZpA,https://music.youtube.com/playlist?list=RDTMAK5uy_n_5IN6hzAOwdCnM8D8rzrs3vDl12UcZpA,8,vjIy_uZPmkU,https://music.youtube.com/watch?v=vjIy_uZPmkU,Archangel,Beyond Gaia's Horizon,UC1zb1-fUVjys1FzLDlobXZA,"Best of Epic Music, Vol. 1",2025-11-17T02:00:05-08:00,171,False,youtube_video_view_count,159569,159569,5.2029485233767545,Middle,56.666666666666664,middle_third_vs_final_balanced,within_final_balanced_middle_range,65199.0,4.814219747922499,2.4474148376508844,0.3887287754542559,,,,youtube_artist_subscribers,107000,107K,123,MUSIC_VIDEO_TYPE_ATV,2026-07-23T11:31:34+00:00,user_07,
recommended,weekly_recommendation,Week1_21July,1,Youtube,User7,7,experiment_results/Week1_21July/Youtube/User7/Week1_User7_21.07.csv,Discover Mix,RDTMAK5uy_n_5IN6hzAOwdCnM8D8rzrs3vDl12UcZpA,https://music.youtube.com/playlist?list=RDTMAK5uy_n_5IN6hzAOwdCnM8D8rzrs3vDl12UcZpA,9,VClBGcNqEsI,https://music.youtube.com/watch?v=VClBGcNqEsI,Uplifting,PraskMusic,UCGACJMMixpsaagnHI9f2ALg,,2022-11-11T13:00:52-08:00,121,False,youtube_video_view_count,389598,389598,5.590616718763063,Buffer,66.66666666666667,middle_third_vs_final_balanced,between_final_balanced_tier_ranges,65199.0,4.814219747922499,5.97552109694934,0.7763969708405645,,,,youtube_artist_subscribers,11600,11.6K,249,MUSIC_VIDEO_TYPE_OMV,2026-07-23T11:31:34+00:00,user_07,missing album browse id
recommended,weekly_recommendation,Week1_21July,1,Youtube,User7,7,experiment_results/Week1_21July/Youtube/User7/Week1_User7_21.07.csv,Discover Mix,RDTMAK5uy_n_5IN6hzAOwdCnM8D8rzrs3vDl12UcZpA,https://music.youtube.com/playlist?list=RDTMAK5uy_n_5IN6hzAOwdCnM8D8rzrs3vDl12UcZpA,10,FBnIC1hRWO8,https://music.youtube.com/watch?v=FBnIC1hRWO8,Barbarian,Grave Digger,UCo8IuNkx9PS8MswirsKtZpQ,,2020-06-19T07:00:06-07:00,224,False,youtube_video_view_count,60552,60552,4.78212849222918,Middle,46.666666666666664,middle_third_vs_final_balanced,within_final_balanced_middle_range,65199.0,4.814219747922499,0.9287259007039985,-0.03209125569331839,,,,youtube_artist_subscribers,16300,16.3K,249,MUSIC_VIDEO_TYPE_OMV,2026-07-23T11:31:34+00:00,user_07,missing album browse id
recommended,weekly_recommendation,Week1_21July,1,Youtube,User7,7,experiment_results/Week1_21July/Youtube/User7/Week1_User7_21.07.csv,Discover Mix,RDTMAK5uy_n_5IN6hzAOwdCnM8D8rzrs3vDl12UcZpA,https://music.youtube.com/playlist?list=RDTMAK5uy_n_5IN6hzAOwdCnM8D8rzrs3vDl12UcZpA,11,ltrMfT4Qz5Y,https://music.youtube.com/watch?v=ltrMfT4Qz5Y,Footloose (Official Video),Kenny Loggins,UCF-DjS6Y9CKZThQf01SYe7w,,2014-02-24T10:53:55-08:00,176,False,youtube_video_view_count,180213262,180213262,8.255786747805569,High,100.0,top_third_vs_final_balanced,above_final_balanced_max,65199.0,4.814219747922499,2764.049479286492,3.4415669998830705,,,,youtube_artist_subscribers,655000,655K,249,MUSIC_VIDEO_TYPE_OMV,2026-07-23T11:31:34+00:00,user_07,missing album browse id
recommended,weekly_recommendation,Week1_21July,1,Youtube,User7,7,experiment_results/Week1_21July/Youtube/User7/Week1_User7_21.07.csv,Discover Mix,RDTMAK5uy_n_5IN6hzAOwdCnM8D8rzrs3vDl12UcZpA,https://music.youtube.com/playlist?list=RDTMAK5uy_n_5IN6hzAOwdCnM8D8rzrs3vDl12UcZpA,12,NSPG3D5qoYA,https://music.youtube.com/watch?v=NSPG3D5qoYA,Symphony of Avalon,Freedom Call,UC8Un9pLdux03pya-p---Urw,Silver Romance,2024-05-09T03:00:18-07:00,246,False,youtube_video_view_count,155366,155366,5.191355984684008,Middle,56.666666666666664,middle_third_vs_final_balanced,within_final_balanced_middle_range,65199.0,4.814219747922499,2.382950658752435,0.3771362367615092,,,,youtube_artist_subscribers,12200,12.2K,122,MUSIC_VIDEO_TYPE_ATV,2026-07-23T11:31:34+00:00,user_07,
recommended,weekly_recommendation,Week1_21July,1,Youtube,User7,7,experiment_results/Week1_21July/Youtube/User7/Week1_User7_21.07.csv,Discover Mix,RDTMAK5uy_n_5IN6hzAOwdCnM8D8rzrs3vDl12UcZpA,https://music.youtube.com/playlist?list=RDTMAK5uy_n_5IN6hzAOwdCnM8D8rzrs3vDl12UcZpA,13,aXsLlOPwe48,https://music.youtube.com/watch?v=aXsLlOPwe48,Altay,Otyken,UCv_jCq2Ahreh7TaKoWRA19Q,,2023-11-09T07:32:16-08:00,249,False,youtube_video_view_count,27186220,27186220,7.434348827033491,High,100.0,top_third_vs_final_balanced,above_final_balanced_max,65199.0,4.814219747922499,416.972959707971,2.620129079110993,,,,youtube_artist_subscribers,1050000,1.05M,249,MUSIC_VIDEO_TYPE_OMV,2026-07-23T11:31:34+00:00,user_07,missing album browse id
recommended,weekly_recommendation,Week1_21July,1,Youtube,User7,7,experiment_results/Week1_21July/Youtube/User7/Week1_User7_21.07.csv,Discover Mix,RDTMAK5uy_n_5IN6hzAOwdCnM8D8rzrs3vDl12UcZpA,https://music.youtube.com/playlist?list=RDTMAK5uy_n_5IN6hzAOwdCnM8D8rzrs3vDl12UcZpA,14,X4bgXH3sJ2Q,https://music.youtube.com/watch?v=X4bgXH3sJ2Q,Iron Maiden - The Trooper (Official Video),Iron Maiden,UC0zbzp6x7zR8u0LhanNWFyw,,2015-08-07T06:36:55-07:00,264,False,youtube_video_view_count,138222978,138222978,8.14058024556418,High,100.0,top_third_vs_final_balanced,above_final_balanced_max,65199.0,4.814219747922499,2120.0168407490914,3.326360497641682,,,,youtube_artist_subscribers,3310000,3.31M,249,MUSIC_VIDEO_TYPE_OMV,2026-07-23T11:31:34+00:00,user_07,missing album browse id
recommended,weekly_recommendation,Week1_21July,1,Youtube,User7,7,experiment_results/Week1_21July/Youtube/User7/Week1_User7_21.07.csv,Discover Mix,RDTMAK5uy_n_5IN6hzAOwdCnM8D8rzrs3vDl12UcZpA,https://music.youtube.com/playlist?list=RDTMAK5uy_n_5IN6hzAOwdCnM8D8rzrs3vDl12UcZpA,15,d8TaMQkBImQ,https://music.youtube.com/watch?v=d8TaMQkBImQ,Ghost in The Bottle,Blaze Bayley,UCFWnaaPfunkgp49YYWhfBpw,,2024-09-06T01:00:33-07:00,203,False,youtube_video_view_count,99529,99529,4.997949640594435,Middle,53.333333333333336,middle_third_vs_final_balanced,within_final_balanced_middle_range,65199.0,4.814219747922499,1.5265418181260448,0.18372989267193596,,,,youtube_artist_subscribers,4340,4.34K,249,MUSIC_VIDEO_TYPE_OMV,2026-07-23T11:31:34+00:00,user_07,missing album browse id
recommended,weekly_recommendation,Week1_21July,1,Youtube,User7,7,experiment_results/Week1_21July/Youtube/User7/Week1_User7_21.07.csv,Discover Mix,RDTMAK5uy_n_5IN6hzAOwdCnM8D8rzrs3vDl12UcZpA,https://music.youtube.com/playlist?list=RDTMAK5uy_n_5IN6hzAOwdCnM8D8rzrs3vDl12UcZpA,16,iQVei5C2N4E,https://music.youtube.com/watch?v=iQVei5C2N4E,Faster (Music Video),Within Temptation,UCeWkbf3RIeKRs8THlxPlUUA,,2019-05-06T09:56:08-07:00,264,False,youtube_video_view_count,71148112,71148112,7.852163380051211,High,100.0,top_third_vs_final_balanced,above_final_balanced_max,65199.0,4.814219747922499,1091.2454485498245,3.0379436321287123,,,,youtube_artist_subscribers,1280000,1.28M,249,MUSIC_VIDEO_TYPE_OMV,2026-07-23T11:31:34+00:00,user_07,missing album browse id
recommended,weekly_recommendation,Week1_21July,1,Youtube,User7,7,experiment_results/Week1_21July/Youtube/User7/Week1_User7_21.07.csv,Discover Mix,RDTMAK5uy_n_5IN6hzAOwdCnM8D8rzrs3vDl12UcZpA,https://music.youtube.com/playlist?list=RDTMAK5uy_n_5IN6hzAOwdCnM8D8rzrs3vDl12UcZpA,17,NeQM1c-XCDc,https://music.youtube.com/watch?v=NeQM1c-XCDc,Deutschland,Rammstein,UCs6GGpd9zvsYghuYe0VDFUQ,,2019-03-28T09:58:13-07:00,563,False,youtube_video_view_count,456560561,456560561,8.659498393181726,High,100.0,top_third_vs_final_balanced,above_final_balanced_max,65199.0,4.814219747922499,7002.569993404807,3.845278645259228,,,,youtube_artist_subscribers,9300000,9.3M,249,MUSIC_VIDEO_TYPE_OMV,2026-07-23T11:31:34+00:00,user_07,missing album browse id
recommended,weekly_recommendation,Week1_21July,1,Youtube,User7,7,experiment_results/Week1_21July/Youtube/User7/Week1_User7_21.07.csv,Discover Mix,RDTMAK5uy_n_5IN6hzAOwdCnM8D8rzrs3vDl12UcZpA,https://music.youtube.com/playlist?list=RDTMAK5uy_n_5IN6hzAOwdCnM8D8rzrs3vDl12UcZpA,18,mUEsqQpact0,https://music.youtube.com/watch?v=mUEsqQpact0,Toxicity,System Of A Down,UCDJftX2zx_UT_QSnBGIF96w,Toxicity,2015-08-11T17:59:40-07:00,219,False,youtube_video_view_count,342592807,342592807,8.53477824037788,High,100.0,top_third_vs_final_balanced,above_final_balanced_max,65199.0,4.814219747922499,5254.571496495345,3.720558492455382,,,,youtube_artist_subscribers,8240000,8.24M,122,MUSIC_VIDEO_TYPE_ATV,2026-07-23T11:31:34+00:00,user_07,
recommended,weekly_recommendation,Week1_21July,1,Youtube,User7,7,experiment_results/Week1_21July/Youtube/User7/Week1_User7_21.07.csv,Discover Mix,RDTMAK5uy_n_5IN6hzAOwdCnM8D8rzrs3vDl12UcZpA,https://music.youtube.com/playlist?list=RDTMAK5uy_n_5IN6hzAOwdCnM8D8rzrs3vDl12UcZpA,19,u9Dg-g7t2l4,https://music.youtube.com/watch?v=u9Dg-g7t2l4,The Sound of Silence,Disturbed,UCMHHDXMvnMKRzuEKtMe8ZRA,,2015-12-08T07:28:55-08:00,263,False,youtube_video_view_count,1187818393,1187818393,9.07475004590864,High,100.0,top_third_vs_final_balanced,above_final_balanced_max,65199.0,4.814219747922499,18218.352934860963,4.260530297986142,,,,youtube_artist_subscribers,5110000,5.11M,249,MUSIC_VIDEO_TYPE_OMV,2026-07-23T11:31:34+00:00,user_07,missing album browse id
recommended,weekly_recommendation,Week1_21July,1,Youtube,User7,7,experiment_results/Week1_21July/Youtube/User7/Week1_User7_21.07.csv,Discover Mix,RDTMAK5uy_n_5IN6hzAOwdCnM8D8rzrs3vDl12UcZpA,https://music.youtube.com/playlist?list=RDTMAK5uy_n_5IN6hzAOwdCnM8D8rzrs3vDl12UcZpA,20,QKl9JL1hXWY,https://music.youtube.com/watch?v=QKl9JL1hXWY,Dawn of Victory (Re-Recorded),Rhapsody Of Fire,UCjjuWbTlk-8b_MaGqTBnlsQ,Legendary Years (Re-Recorded),2017-05-25T04:35:31-07:00,285,False,youtube_video_view_count,3089266,3089266,6.48985530466226,High,76.66666666666667,top_third_vs_final_balanced,within_final_balanced_high_range,65199.0,4.814219747922499,47.38210708753202,1.6756355567397616,,,,youtube_artist_subscribers,148000,148K,249,MUSIC_VIDEO_TYPE_ATV,2026-07-23T11:31:34+00:00,user_07,
recommended,weekly_recommendation,Week1_21July,1,Youtube,User7,7,experiment_results/Week1_21July/Youtube/User7/Week1_User7_21.07.csv,Discover Mix,RDTMAK5uy_n_5IN6hzAOwdCnM8D8rzrs3vDl12UcZpA,https://music.youtube.com/playlist?list=RDTMAK5uy_n_5IN6hzAOwdCnM8D8rzrs3vDl12UcZpA,21,peKrFPwA5K8,https://music.youtube.com/watch?v=peKrFPwA5K8,Smile of the Day,Timeless Tone,UCQpCtFPiEScdFwg_Imy8pjg,Smile in the Rain,2025-10-06T07:04:59-07:00,228,False,youtube_video_view_count,116002,116002,5.064465476998264,Middle,53.333333333333336,middle_third_vs_final_balanced,within_final_balanced_middle_range,65199.0,4.814219747922499,1.77919906747036,0.2502457290757656,,,,youtube_artist_subscribers,36700,36.7K,244,MUSIC_VIDEO_TYPE_ATV,2026-07-23T11:31:34+00:00,user_07,
recommended,weekly_recommendation,Week1_21July,1,Youtube,User7,7,experiment_results/Week1_21July/Youtube/User7/Week1_User7_21.07.csv,Discover Mix,RDTMAK5uy_n_5IN6hzAOwdCnM8D8rzrs3vDl12UcZpA,https://music.youtube.com/playlist?list=RDTMAK5uy_n_5IN6hzAOwdCnM8D8rzrs3vDl12UcZpA,22,tVgUKJzDMnI,https://music.youtube.com/watch?v=tVgUKJzDMnI,Ljósálfur,SKÁLD,UC-wIawlQBEwyFmemXR_eb9A,Huldufólk,2023-01-19T02:04:39-08:00,188,False,youtube_video_view_count,1543285,1543285,6.18844613507022,High,73.33333333333333,top_third_vs_final_balanced,within_final_balanced_high_range,65199.0,4.814219747922499,23.670378380036503,1.3742263871477212,,,,youtube_artist_subscribers,505000,505K,121,MUSIC_VIDEO_TYPE_ATV,2026-07-23T11:31:34+00:00,user_07,
recommended,weekly_recommendation,Week1_21July,1,Youtube,User7,7,experiment_results/Week1_21July/Youtube/User7/Week1_User7_21.07.csv,Discover Mix,RDTMAK5uy_n_5IN6hzAOwdCnM8D8rzrs3vDl12UcZpA,https://music.youtube.com/playlist?list=RDTMAK5uy_n_5IN6hzAOwdCnM8D8rzrs3vDl12UcZpA,23,CpAcxbtXUgQ,https://music.youtube.com/watch?v=CpAcxbtXUgQ,Deceiver of the Gods,Amon Amarth,UCOtqJNbDV4s4HI1h1YStWIw,,2014-09-20T21:11:26-07:00,258,False,youtube_video_view_count,16657154,16657154,7.221600800931537,High,100.0,top_third_vs_final_balanced,above_final_balanced_max,65199.0,4.814219747922499,255.4817405174926,2.407381053009038,,,,youtube_artist_subscribers,530000,530K,249,MUSIC_VIDEO_TYPE_OMV,2026-07-23T11:31:34+00:00,user_07,missing album browse id
recommended,weekly_recommendation,Week1_21July,1,Youtube,User7,7,experiment_results/Week1_21July/Youtube/User7/Week1_User7_21.07.csv,Discover Mix,RDTMAK5uy_n_5IN6hzAOwdCnM8D8rzrs3vDl12UcZpA,https://music.youtube.com/playlist?list=RDTMAK5uy_n_5IN6hzAOwdCnM8D8rzrs3vDl12UcZpA,24,Ql3PAxkQy1s,https://music.youtube.com/watch?v=Ql3PAxkQy1s,End of the Attention Span,Armored Saint,UCRGwOPSYTalH6uhILC3m-IQ,,2020-08-12T09:00:10-07:00,317,False,youtube_video_view_count,296330,296330,5.471775621020804,Buffer,66.66666666666667,middle_third_vs_final_balanced,between_final_balanced_tier_ranges,65199.0,4.814219747922499,4.545008359023911,0.6575558730983051,,,,youtube_artist_subscribers,16100,16.1K,249,MUSIC_VIDEO_TYPE_OMV,2026-07-23T11:31:34+00:00,user_07,missing album browse id
recommended,weekly_recommendation,Week1_21July,1,Youtube,User7,7,experiment_results/Week1_21July/Youtube/User7/Week1_User7_21.07.csv,Discover Mix,RDTMAK5uy_n_5IN6hzAOwdCnM8D8rzrs3vDl12UcZpA,https://music.youtube.com/playlist?list=RDTMAK5uy_n_5IN6hzAOwdCnM8D8rzrs3vDl12UcZpA,25,L397TWLwrUU,https://music.youtube.com/watch?v=L397TWLwrUU,Breaking The Law (Official Music Video),Judas Priest,UCy6-RHgm74I8CCCvMu4NPJQ,,2009-11-24T05:38:04-08:00,158,False,youtube_video_view_count,91267442,91267442,7.960315878503708,High,100.0,top_third_vs_final_balanced,above_final_balanced_max,65199.0,4.814219747922499,1399.828862405865,3.146096130581209,,,,youtube_artist_subscribers,1310000,1.31M,249,MUSIC_VIDEO_TYPE_OMV,2026-07-23T11:31:34+00:00,user_07,missing album browse id
recommended,weekly_recommendation,Week1_21July,1,Youtube,User7,7,experiment_results/Week1_21July/Youtube/User7/Week1_User7_21.07.csv,Discover Mix,RDTMAK5uy_n_5IN6hzAOwdCnM8D8rzrs3vDl12UcZpA,https://music.youtube.com/playlist?list=RDTMAK5uy_n_5IN6hzAOwdCnM8D8rzrs3vDl12UcZpA,26,C9fpNQ67SaE,https://music.youtube.com/watch?v=C9fpNQ67SaE,Ghost Ship,Theocracy,UC0HijtVThn8Y_iUdVjEI6Ww,,2016-10-14T04:32:11-07:00,287,False,youtube_video_view_count,1587790,1587790,6.20079306240337,High,73.33333333333333,top_third_vs_final_balanced,within_final_balanced_high_range,65199.0,4.814219747922499,24.352980873939785,1.386573314480871,,,,youtube_artist_subscribers,17500,17.5K,249,MUSIC_VIDEO_TYPE_OMV,2026-07-23T11:31:34+00:00,user_07,missing album browse id
recommended,weekly_recommendation,Week1_21July,1,Youtube,User7,7,experiment_results/Week1_21July/Youtube/User7/Week1_User7_21.07.csv,Discover Mix,RDTMAK5uy_n_5IN6hzAOwdCnM8D8rzrs3vDl12UcZpA,https://music.youtube.com/playlist?list=RDTMAK5uy_n_5IN6hzAOwdCnM8D8rzrs3vDl12UcZpA,27,3pYf68Of_gI,https://music.youtube.com/watch?v=3pYf68Of_gI,Cock,Alestorm,UCpmH4GvnC0AmPhrLUAKJyUg,Voyage of the Dead Marauder,2024-03-21T03:01:32-07:00,89,True,youtube_video_view_count,78034,78034,4.892283869294149,Middle,53.333333333333336,middle_third_vs_final_balanced,within_final_balanced_middle_range,65199.0,4.814219747922499,1.1968588475283364,0.07806412137164997,,,,youtube_artist_subscribers,116000,116K,0,MUSIC_VIDEO_TYPE_ATV,2026-07-23T11:31:34+00:00,user_07,
recommended,weekly_recommendation,Week1_21July,1,Youtube,User7,7,experiment_results/Week1_21July/Youtube/User7/Week1_User7_21.07.csv,Discover Mix,RDTMAK5uy_n_5IN6hzAOwdCnM8D8rzrs3vDl12UcZpA,https://music.youtube.com/playlist?list=RDTMAK5uy_n_5IN6hzAOwdCnM8D8rzrs3vDl12UcZpA,28,VECI3keYKug,https://music.youtube.com/watch?v=VECI3keYKug,I Will Build You a Rome,Cain's Offering,UCCViwKlgGt7FDqBHDZ20DiA,,2015-04-15T08:32:01-07:00,281,False,youtube_video_view_count,931164,931164,5.9690261772461355,Buffer,66.66666666666667,middle_third_vs_final_balanced,between_final_balanced_tier_ranges,65199.0,4.814219747922499,14.281875488887867,1.1548064293236369,,,,youtube_artist_subscribers,3870,3.87K,249,MUSIC_VIDEO_TYPE_OMV,2026-07-23T11:31:34+00:00,user_07,missing album browse id
recommended,weekly_recommendation,Week1_21July,1,Youtube,User7,7,experiment_results/Week1_21July/Youtube/User7/Week1_User7_21.07.csv,Discover Mix,RDTMAK5uy_n_5IN6hzAOwdCnM8D8rzrs3vDl12UcZpA,https://music.youtube.com/playlist?list=RDTMAK5uy_n_5IN6hzAOwdCnM8D8rzrs3vDl12UcZpA,29,4mcTd8YPQ18,https://music.youtube.com/watch?v=4mcTd8YPQ18,Waterfall,Dynazty,UC1_8sQRmjjw7YI2Bk-Kr_tA,,2020-03-13T06:55:07-07:00,262,False,youtube_video_view_count,2043300,2043300,6.310332135002271,High,76.66666666666667,top_third_vs_final_balanced,within_final_balanced_high_range,65199.0,4.814219747922499,31.339437721437445,1.4961123870797728,,,,youtube_artist_subscribers,42100,42.1K,249,MUSIC_VIDEO_TYPE_OMV,2026-07-23T11:31:34+00:00,user_07,missing album browse id
recommended,weekly_recommendation,Week1_21July,1,Youtube,User7,7,experiment_results/Week1_21July/Youtube/User7/Week1_User7_21.07.csv,Discover Mix,RDTMAK5uy_n_5IN6hzAOwdCnM8D8rzrs3vDl12UcZpA,https://music.youtube.com/playlist?list=RDTMAK5uy_n_5IN6hzAOwdCnM8D8rzrs3vDl12UcZpA,30,_OUjkYeZNUw,https://music.youtube.com/watch?v=_OUjkYeZNUw,フレンド・ライク・ミー　（アラジン）,Nobuyoshi Takeuchi,UCYMlxVs3Fy7fa3r04fQpYhQ,,2013-07-23T05:20:31-07:00,152,False,youtube_video_view_count,17658484,17658484,7.246953416189708,High,100.0,top_third_vs_final_balanced,above_final_balanced_max,65199.0,4.814219747922499,270.83979815641345,2.4327336682672094,,,,youtube_artist_subscribers,,,249,MUSIC_VIDEO_TYPE_UGC,2026-07-23T11:31:34+00:00,user_07,'musicImmersiveHeaderRenderer'
recommended,weekly_recommendation,Week1_21July,1,Youtube,User8,8,experiment_results/Week1_21July/Youtube/User8/Week1_User8_21.07.csv,Discover Mix,RDTMAK5uy_n_5IN6hzAOwdCnM8D8rzrs3vDl12UcZpA,https://music.youtube.com/playlist?list=RDTMAK5uy_n_5IN6hzAOwdCnM8D8rzrs3vDl12UcZpA,1,AiOs7nNbPWU,https://music.youtube.com/watch?v=AiOs7nNbPWU,Emerald Sword,Rhapsody,UCjjuWbTlk-8b_MaGqTBnlsQ,Symphony of Enchanted Lands,2018-04-30T03:42:20-07:00,262,False,youtube_video_view_count,21481994,21481994,7.332074590947656,High,100.0,top_third_vs_final_balanced,above_final_balanced_max,65199.0,4.814219747922499,329.48348901056767,2.517854843025157,,,,youtube_artist_subscribers,148000,148K,123,MUSIC_VIDEO_TYPE_ATV,2026-07-23T11:33:32+00:00,user_08,
recommended,weekly_recommendation,Week1_21July,1,Youtube,User8,8,experiment_results/Week1_21July/Youtube/User8/Week1_User8_21.07.csv,Discover Mix,RDTMAK5uy_n_5IN6hzAOwdCnM8D8rzrs3vDl12UcZpA,https://music.youtube.com/playlist?list=RDTMAK5uy_n_5IN6hzAOwdCnM8D8rzrs3vDl12UcZpA,2,A0G6TfCny-A,https://music.youtube.com/watch?v=A0G6TfCny-A,Undying Evil,Enforcer,UC4dNGpBnJCHJQky_9uxJxxg,From Beyond (Bonus Digital Booklet Version),2019-04-03T09:20:59-07:00,234,False,youtube_video_view_count,361838,361838,5.558514174253216,Buffer,66.66666666666667,middle_third_vs_final_balanced,between_final_balanced_tier_ranges,65199.0,4.814219747922499,5.549747695516802,0.7442944263307174,,,,youtube_artist_subscribers,13000,13K,249,MUSIC_VIDEO_TYPE_ATV,2026-07-23T11:33:32+00:00,user_08,
recommended,weekly_recommendation,Week1_21July,1,Youtube,User8,8,experiment_results/Week1_21July/Youtube/User8/Week1_User8_21.07.csv,Discover Mix,RDTMAK5uy_n_5IN6hzAOwdCnM8D8rzrs3vDl12UcZpA,https://music.youtube.com/playlist?list=RDTMAK5uy_n_5IN6hzAOwdCnM8D8rzrs3vDl12UcZpA,3,B19_HAK7v_0,https://music.youtube.com/watch?v=B19_HAK7v_0,Only Human,NorthTale,UCCp5RYaz6-TOH2Q0tTr2VoQ,,2021-09-30T07:00:03-07:00,223,False,youtube_video_view_count,52377,52377,4.719140619695215,Middle,46.666666666666664,middle_third_vs_final_balanced,within_final_balanced_middle_range,65199.0,4.814219747922499,0.8033405420328532,-0.09507912822728404,,,,youtube_artist_subscribers,6790,6.79K,249,MUSIC_VIDEO_TYPE_OMV,2026-07-23T11:33:32+00:00,user_08,missing album browse id
recommended,weekly_recommendation,Week1_21July,1,Youtube,User8,8,experiment_results/Week1_21July/Youtube/User8/Week1_User8_21.07.csv,Discover Mix,RDTMAK5uy_n_5IN6hzAOwdCnM8D8rzrs3vDl12UcZpA,https://music.youtube.com/playlist?list=RDTMAK5uy_n_5IN6hzAOwdCnM8D8rzrs3vDl12UcZpA,4,mgsayvglv5o,https://music.youtube.com/watch?v=mgsayvglv5o,A Dangerous Mind,Within Temptation,UCeWkbf3RIeKRs8THlxPlUUA,The Silent Force,2021-02-15T15:20:07-08:00,257,False,youtube_video_view_count,2014779,2014779,6.304227415566828,High,76.66666666666667,top_third_vs_final_balanced,within_final_balanced_high_range,65199.0,4.814219747922499,30.90199236184604,1.4900076676443295,,,,youtube_artist_subscribers,1280000,1.28M,123,MUSIC_VIDEO_TYPE_ATV,2026-07-23T11:33:32+00:00,user_08,
recommended,weekly_recommendation,Week1_21July,1,Youtube,User8,8,experiment_results/Week1_21July/Youtube/User8/Week1_User8_21.07.csv,Discover Mix,RDTMAK5uy_n_5IN6hzAOwdCnM8D8rzrs3vDl12UcZpA,https://music.youtube.com/playlist?list=RDTMAK5uy_n_5IN6hzAOwdCnM8D8rzrs3vDl12UcZpA,5,UQ4uyq3GU1w,https://music.youtube.com/watch?v=UQ4uyq3GU1w,Heartless Madness,Dynazty,UC1_8sQRmjjw7YI2Bk-Kr_tA,,2020-02-28T03:02:07-08:00,249,False,youtube_video_view_count,6304727,6304727,6.799666285998641,High,93.33333333333333,top_third_vs_final_balanced,within_final_balanced_high_range,65199.0,4.814219747922499,96.69974999616558,1.9854465380761424,,,,youtube_artist_subscribers,42100,42.1K,249,MUSIC_VIDEO_TYPE_OMV,2026-07-23T11:33:32+00:00,user_08,missing album browse id
recommended,weekly_recommendation,Week1_21July,1,Youtube,User8,8,experiment_results/Week1_21July/Youtube/User8/Week1_User8_21.07.csv,Discover Mix,RDTMAK5uy_n_5IN6hzAOwdCnM8D8rzrs3vDl12UcZpA,https://music.youtube.com/playlist?list=RDTMAK5uy_n_5IN6hzAOwdCnM8D8rzrs3vDl12UcZpA,6,zsCD5XCu6CM,https://music.youtube.com/watch?v=zsCD5XCu6CM,Somewhere I Belong,Linkin Park,UCxgN32UVVztKAQd2HkXzBtw,,2007-03-04T23:59:27-08:00,226,False,youtube_video_view_count,511860368,511860368,8.70915150457422,High,100.0,top_third_vs_final_balanced,above_final_balanced_max,65199.0,4.814219747922499,7850.739551220111,3.8949317566517205,,,,youtube_artist_subscribers,25100000,25.1M,249,MUSIC_VIDEO_TYPE_OMV,2026-07-23T11:33:32+00:00,user_08,missing album browse id
recommended,weekly_recommendation,Week1_21July,1,Youtube,User8,8,experiment_results/Week1_21July/Youtube/User8/Week1_User8_21.07.csv,Discover Mix,RDTMAK5uy_n_5IN6hzAOwdCnM8D8rzrs3vDl12UcZpA,https://music.youtube.com/playlist?list=RDTMAK5uy_n_5IN6hzAOwdCnM8D8rzrs3vDl12UcZpA,7,p2ClSQvBSaM,https://music.youtube.com/watch?v=p2ClSQvBSaM,The Book of Evil,Marco Garau's Magic Opera,UCC0L2P4245H9KanDLYuIbSg,Battle of Ice,2023-01-26T02:01:58-08:00,315,False,youtube_video_view_count,15778,15778,4.198051951724344,Buffer,33.333333333333336,middle_third_vs_final_balanced,between_final_balanced_tier_ranges,65199.0,4.814219747922499,0.24199757664994861,-0.6161677961981544,,,,youtube_artist_subscribers,758,758,123,MUSIC_VIDEO_TYPE_ATV,2026-07-23T11:33:32+00:00,user_08,
recommended,weekly_recommendation,Week1_21July,1,Youtube,User8,8,experiment_results/Week1_21July/Youtube/User8/Week1_User8_21.07.csv,Discover Mix,RDTMAK5uy_n_5IN6hzAOwdCnM8D8rzrs3vDl12UcZpA,https://music.youtube.com/playlist?list=RDTMAK5uy_n_5IN6hzAOwdCnM8D8rzrs3vDl12UcZpA,8,V9vHb2WRlwI,https://music.youtube.com/watch?v=V9vHb2WRlwI,Locking Up the Sun,Poets Of The Fall,UC6Nm7oQCqJGgPzQj2EOKKzQ,,2008-07-15T14:18:05-07:00,234,False,youtube_video_view_count,4382706,4382706,6.641742338356406,High,80.0,top_third_vs_final_balanced,within_final_balanced_high_range,65199.0,4.814219747922499,67.22044816638292,1.8275225904339072,,,,youtube_artist_subscribers,506000,506K,249,MUSIC_VIDEO_TYPE_OMV,2026-07-23T11:33:32+00:00,user_08,missing album browse id
recommended,weekly_recommendation,Week1_21July,1,Youtube,User8,8,experiment_results/Week1_21July/Youtube/User8/Week1_User8_21.07.csv,Discover Mix,RDTMAK5uy_n_5IN6hzAOwdCnM8D8rzrs3vDl12UcZpA,https://music.youtube.com/playlist?list=RDTMAK5uy_n_5IN6hzAOwdCnM8D8rzrs3vDl12UcZpA,9,Vy4CQOyQ-0k,https://music.youtube.com/watch?v=Vy4CQOyQ-0k,Metal Is for Everyone,Freedom Call,UC8Un9pLdux03pya-p---Urw,,2016-11-02T03:00:01-07:00,336,False,youtube_video_view_count,3076445,3076445,6.48804915527322,High,76.66666666666667,top_third_vs_final_balanced,within_final_balanced_high_range,65199.0,4.814219747922499,47.18546296722342,1.6738294073507216,,,,youtube_artist_subscribers,12200,12.2K,249,MUSIC_VIDEO_TYPE_OMV,2026-07-23T11:33:32+00:00,user_08,missing album browse id
recommended,weekly_recommendation,Week1_21July,1,Youtube,User8,8,experiment_results/Week1_21July/Youtube/User8/Week1_User8_21.07.csv,Discover Mix,RDTMAK5uy_n_5IN6hzAOwdCnM8D8rzrs3vDl12UcZpA,https://music.youtube.com/playlist?list=RDTMAK5uy_n_5IN6hzAOwdCnM8D8rzrs3vDl12UcZpA,10,ulXorS4hvBA,https://music.youtube.com/watch?v=ulXorS4hvBA,Laser Raptor 3D,Grailknights,UCpQ0yahMIrWs5U_J_QkWQlw,,2020-02-24T00:18:22-08:00,228,False,youtube_video_view_count,215325,215325,5.333094455888206,Middle,66.66666666666667,middle_third_vs_final_balanced,between_final_balanced_tier_ranges,65199.0,4.814219747922499,3.3025813279344773,0.5188747079657077,,,,youtube_artist_subscribers,19900,19.9K,249,MUSIC_VIDEO_TYPE_OMV,2026-07-23T11:33:32+00:00,user_08,missing album browse id
recommended,weekly_recommendation,Week1_21July,1,Youtube,User8,8,experiment_results/Week1_21July/Youtube/User8/Week1_User8_21.07.csv,Discover Mix,RDTMAK5uy_n_5IN6hzAOwdCnM8D8rzrs3vDl12UcZpA,https://music.youtube.com/playlist?list=RDTMAK5uy_n_5IN6hzAOwdCnM8D8rzrs3vDl12UcZpA,11,ql9-82oV2JE,https://music.youtube.com/watch?v=ql9-82oV2JE,"You're Gonna Go Far, Kid (Official Music Video)",The Offspring,UCQVUXQu8RpxhihAMla6ke5A,,2017-01-17T17:21:42-08:00,197,False,youtube_video_view_count,157053395,157053395,8.196047328915547,High,100.0,top_third_vs_final_balanced,above_final_balanced_max,65199.0,4.814219747922499,2408.8313471065508,3.3818275809930487,,,,youtube_artist_subscribers,2660000,2.66M,244,MUSIC_VIDEO_TYPE_OMV,2026-07-23T11:33:32+00:00,user_08,missing album browse id
recommended,weekly_recommendation,Week1_21July,1,Youtube,User8,8,experiment_results/Week1_21July/Youtube/User8/Week1_User8_21.07.csv,Discover Mix,RDTMAK5uy_n_5IN6hzAOwdCnM8D8rzrs3vDl12UcZpA,https://music.youtube.com/playlist?list=RDTMAK5uy_n_5IN6hzAOwdCnM8D8rzrs3vDl12UcZpA,12,pJvduG0E628,https://music.youtube.com/watch?v=pJvduG0E628,The Chosen Ones,Dream Evil,UCaFJfPSGHItiAjCtEdXzJZA,Dragonslayer,2017-08-15T10:35:45-07:00,303,False,youtube_video_view_count,9040272,9040272,6.956181497546377,High,93.33333333333333,top_third_vs_final_balanced,within_final_balanced_high_range,65199.0,4.814219747922499,138.65660516265586,2.1419617496238788,,,,youtube_artist_subscribers,22400,22.4K,123,MUSIC_VIDEO_TYPE_ATV,2026-07-23T11:33:32+00:00,user_08,
recommended,weekly_recommendation,Week1_21July,1,Youtube,User8,8,experiment_results/Week1_21July/Youtube/User8/Week1_User8_21.07.csv,Discover Mix,RDTMAK5uy_n_5IN6hzAOwdCnM8D8rzrs3vDl12UcZpA,https://music.youtube.com/playlist?list=RDTMAK5uy_n_5IN6hzAOwdCnM8D8rzrs3vDl12UcZpA,13,UtwTsPc6Puk,https://music.youtube.com/watch?v=UtwTsPc6Puk,Rising High,Beyond The Black,UCab1v_wq5f-zZXzLMm-OXWg,,2025-06-20T06:00:08-07:00,199,False,youtube_video_view_count,926970,926970,5.967065679079465,Buffer,66.66666666666667,middle_third_vs_final_balanced,between_final_balanced_tier_ranges,65199.0,4.814219747922499,14.217549348916394,1.1528459311569668,,,,youtube_artist_subscribers,117000,117K,249,MUSIC_VIDEO_TYPE_OMV,2026-07-23T11:33:32+00:00,user_08,missing album browse id
recommended,weekly_recommendation,Week1_21July,1,Youtube,User8,8,experiment_results/Week1_21July/Youtube/User8/Week1_User8_21.07.csv,Discover Mix,RDTMAK5uy_n_5IN6hzAOwdCnM8D8rzrs3vDl12UcZpA,https://music.youtube.com/playlist?list=RDTMAK5uy_n_5IN6hzAOwdCnM8D8rzrs3vDl12UcZpA,14,8OsSp5jDkwk,https://music.youtube.com/watch?v=8OsSp5jDkwk,Colours on My Shield (Bonus Track),Civil War,UC0hshC2PY-1-rlJz_PmN22A,Gods & Generals,2017-11-27T10:38:04-08:00,202,False,youtube_video_view_count,643345,643345,5.808443930023366,Buffer,66.66666666666667,middle_third_vs_final_balanced,between_final_balanced_tier_ranges,65199.0,4.814219747922499,9.867405941808924,0.9942241821008677,,,,youtube_artist_subscribers,11300,11.3K,122,MUSIC_VIDEO_TYPE_ATV,2026-07-23T11:33:32+00:00,user_08,
recommended,weekly_recommendation,Week1_21July,1,Youtube,User8,8,experiment_results/Week1_21July/Youtube/User8/Week1_User8_21.07.csv,Discover Mix,RDTMAK5uy_n_5IN6hzAOwdCnM8D8rzrs3vDl12UcZpA,https://music.youtube.com/playlist?list=RDTMAK5uy_n_5IN6hzAOwdCnM8D8rzrs3vDl12UcZpA,15,2y89oOzqa_U,https://music.youtube.com/watch?v=2y89oOzqa_U,Venom of Venus,Ad Infinitum,UCSdu5ODAQF8g0yxYrYT9SAg,Interludium (Deluxe Version),2023-10-17T04:27:02-07:00,199,False,youtube_video_view_count,590891,590891,5.771507375188494,Buffer,66.66666666666667,middle_third_vs_final_balanced,between_final_balanced_tier_ranges,65199.0,4.814219747922499,9.062884400067485,0.9572876272659956,,,,youtube_artist_subscribers,47500,47.5K,122,MUSIC_VIDEO_TYPE_ATV,2026-07-23T11:33:32+00:00,user_08,
recommended,weekly_recommendation,Week1_21July,1,Youtube,User8,8,experiment_results/Week1_21July/Youtube/User8/Week1_User8_21.07.csv,Discover Mix,RDTMAK5uy_n_5IN6hzAOwdCnM8D8rzrs3vDl12UcZpA,https://music.youtube.com/playlist?list=RDTMAK5uy_n_5IN6hzAOwdCnM8D8rzrs3vDl12UcZpA,16,jaATQzLr_20,https://music.youtube.com/watch?v=jaATQzLr_20,Get the Devil Out of Me,Delain,UCPIXyGsEUrGIz7olJ1d7-Ig,,2012-04-20T06:00:10-07:00,203,False,youtube_video_view_count,3224202,3224202,6.508422243039124,High,76.66666666666667,top_third_vs_final_balanced,within_final_balanced_high_range,65199.0,4.814219747922499,49.451709382045735,1.6942024951166257,,,,youtube_artist_subscribers,87900,87.9K,249,MUSIC_VIDEO_TYPE_OMV,2026-07-23T11:33:32+00:00,user_08,missing album browse id
recommended,weekly_recommendation,Week1_21July,1,Youtube,User8,8,experiment_results/Week1_21July/Youtube/User8/Week1_User8_21.07.csv,Discover Mix,RDTMAK5uy_n_5IN6hzAOwdCnM8D8rzrs3vDl12UcZpA,https://music.youtube.com/playlist?list=RDTMAK5uy_n_5IN6hzAOwdCnM8D8rzrs3vDl12UcZpA,17,haS4Kvsx6rQ,https://music.youtube.com/watch?v=haS4Kvsx6rQ,The Fairies Dance,Tungsten,UCXZL5WaWwdiGOlJb0JRwpKQ,,2019-08-16T06:57:51-07:00,246,False,youtube_video_view_count,272415,272415,5.4352310174767,Buffer,66.66666666666667,middle_third_vs_final_balanced,between_final_balanced_tier_ranges,65199.0,4.814219747922499,4.178208254727833,0.6210112695542014,,,,youtube_artist_subscribers,6390,6.39K,249,MUSIC_VIDEO_TYPE_OMV,2026-07-23T11:33:32+00:00,user_08,missing album browse id
recommended,weekly_recommendation,Week1_21July,1,Youtube,User8,8,experiment_results/Week1_21July/Youtube/User8/Week1_User8_21.07.csv,Discover Mix,RDTMAK5uy_n_5IN6hzAOwdCnM8D8rzrs3vDl12UcZpA,https://music.youtube.com/playlist?list=RDTMAK5uy_n_5IN6hzAOwdCnM8D8rzrs3vDl12UcZpA,18,qCIloj7S0GI,https://music.youtube.com/watch?v=qCIloj7S0GI,Never Say Die,Wig Wam,UC4c0oSlUuC8SJbv_VnmW11w,Never Say Die,2021-01-21T02:11:31-08:00,245,False,youtube_video_view_count,211636,211636,5.325589544608535,Middle,66.66666666666667,middle_third_vs_final_balanced,between_final_balanced_tier_ranges,65199.0,4.814219747922499,3.2460007055322935,0.5113697966860364,,,,youtube_artist_subscribers,15300,15.3K,123,MUSIC_VIDEO_TYPE_ATV,2026-07-23T11:33:32+00:00,user_08,
recommended,weekly_recommendation,Week1_21July,1,Youtube,User8,8,experiment_results/Week1_21July/Youtube/User8/Week1_User8_21.07.csv,Discover Mix,RDTMAK5uy_n_5IN6hzAOwdCnM8D8rzrs3vDl12UcZpA,https://music.youtube.com/playlist?list=RDTMAK5uy_n_5IN6hzAOwdCnM8D8rzrs3vDl12UcZpA,19,UomqaZogxLI,https://music.youtube.com/watch?v=UomqaZogxLI,Inner Voice,Dawn Of Destiny,UCG5Kji-sfHJU6Jhp3zhnf8w,Of Silence,2022-06-23T03:04:04-07:00,266,False,youtube_video_view_count,16824,16824,4.2259292596782645,Buffer,33.333333333333336,middle_third_vs_final_balanced,between_final_balanced_tier_ranges,65199.0,4.814219747922499,0.258040767496434,-0.5882904882442341,,,,youtube_artist_subscribers,609,609,123,MUSIC_VIDEO_TYPE_ATV,2026-07-23T11:33:32+00:00,user_08,
recommended,weekly_recommendation,Week1_21July,1,Youtube,User8,8,experiment_results/Week1_21July/Youtube/User8/Week1_User8_21.07.csv,Discover Mix,RDTMAK5uy_n_5IN6hzAOwdCnM8D8rzrs3vDl12UcZpA,https://music.youtube.com/playlist?list=RDTMAK5uy_n_5IN6hzAOwdCnM8D8rzrs3vDl12UcZpA,20,FZbbea8v9pQ,https://music.youtube.com/watch?v=FZbbea8v9pQ,See My Commands,Golden Resurrection,UCtMFY68DIfVPl0axiKfsfXA,Glory to My King,2019-01-13T08:01:14-08:00,237,False,youtube_video_view_count,104841,104841,5.020531154705035,Middle,53.333333333333336,middle_third_vs_final_balanced,within_final_balanced_middle_range,65199.0,4.814219747922499,1.6080154603598216,0.206311406782536,,,,youtube_artist_subscribers,2680,2.68K,123,MUSIC_VIDEO_TYPE_ATV,2026-07-23T11:33:32+00:00,user_08,
recommended,weekly_recommendation,Week1_21July,1,Youtube,User8,8,experiment_results/Week1_21July/Youtube/User8/Week1_User8_21.07.csv,Discover Mix,RDTMAK5uy_n_5IN6hzAOwdCnM8D8rzrs3vDl12UcZpA,https://music.youtube.com/playlist?list=RDTMAK5uy_n_5IN6hzAOwdCnM8D8rzrs3vDl12UcZpA,21,FBh5N5m8ks4,https://music.youtube.com/watch?v=FBh5N5m8ks4,Kingdom of Hammers and Kings,Hammer King,UCyMV1IHJyg7hI5tp0hdn1rA,König und Kaiser,2024-03-21T03:02:04-07:00,260,False,youtube_video_view_count,11861,11861,4.0741213059062975,Buffer,33.333333333333336,middle_third_vs_final_balanced,between_final_balanced_tier_ranges,65199.0,4.814219747922499,0.18191996809767022,-0.7400984420162011,,,,youtube_artist_subscribers,3400,3.4K,122,MUSIC_VIDEO_TYPE_ATV,2026-07-23T11:33:32+00:00,user_08,
recommended,weekly_recommendation,Week1_21July,1,Youtube,User8,8,experiment_results/Week1_21July/Youtube/User8/Week1_User8_21.07.csv,Discover Mix,RDTMAK5uy_n_5IN6hzAOwdCnM8D8rzrs3vDl12UcZpA,https://music.youtube.com/playlist?list=RDTMAK5uy_n_5IN6hzAOwdCnM8D8rzrs3vDl12UcZpA,22,Xq_q0lg6pRE,https://music.youtube.com/watch?v=Xq_q0lg6pRE,Answer The Call,Galderia,UCDmEHvhDICtSOuHiOQ94LRQ,Endless Horizon,2022-11-10T02:03:23-08:00,324,False,youtube_video_view_count,34544,34544,4.5383726249901555,Middle,43.333333333333336,middle_third_vs_final_balanced,within_final_balanced_middle_range,65199.0,4.814219747922499,0.5298240770563966,-0.27584712293234315,,,,youtube_artist_subscribers,3170,3.17K,249,MUSIC_VIDEO_TYPE_ATV,2026-07-23T11:33:32+00:00,user_08,
recommended,weekly_recommendation,Week1_21July,1,Youtube,User8,8,experiment_results/Week1_21July/Youtube/User8/Week1_User8_21.07.csv,Discover Mix,RDTMAK5uy_n_5IN6hzAOwdCnM8D8rzrs3vDl12UcZpA,https://music.youtube.com/playlist?list=RDTMAK5uy_n_5IN6hzAOwdCnM8D8rzrs3vDl12UcZpA,23,1Q2NJylEtrw,https://music.youtube.com/watch?v=1Q2NJylEtrw,When the Lights Are Down,Kamelot,UCTAwYvdtEjXhMt0HR7d44Eg,The Black Halo,2016-02-09T16:07:17-08:00,222,False,youtube_video_view_count,2371443,2371443,6.375012690411896,High,76.66666666666667,top_third_vs_final_balanced,within_final_balanced_high_range,65199.0,4.814219747922499,36.37238301200939,1.5607929424893978,,,,youtube_artist_subscribers,157000,157K,227,MUSIC_VIDEO_TYPE_ATV,2026-07-23T11:33:32+00:00,user_08,
recommended,weekly_recommendation,Week1_21July,1,Youtube,User8,8,experiment_results/Week1_21July/Youtube/User8/Week1_User8_21.07.csv,Discover Mix,RDTMAK5uy_n_5IN6hzAOwdCnM8D8rzrs3vDl12UcZpA,https://music.youtube.com/playlist?list=RDTMAK5uy_n_5IN6hzAOwdCnM8D8rzrs3vDl12UcZpA,24,dRD8JHLoRyQ,https://music.youtube.com/watch?v=dRD8JHLoRyQ,Still Alive,Nocturnal Rites,UC9mSKsy3mVrGpDseXGKVtew,Grand Illusion,2017-08-15T09:03:34-07:00,243,False,youtube_video_view_count,164003,164003,5.214851792386291,Middle,60.0,middle_third_vs_final_balanced,within_final_balanced_middle_range,65199.0,4.814219747922499,2.515422015675087,0.4006320444637925,,,,youtube_artist_subscribers,4170,4.17K,123,MUSIC_VIDEO_TYPE_ATV,2026-07-23T11:33:32+00:00,user_08,
recommended,weekly_recommendation,Week1_21July,1,Youtube,User8,8,experiment_results/Week1_21July/Youtube/User8/Week1_User8_21.07.csv,Discover Mix,RDTMAK5uy_n_5IN6hzAOwdCnM8D8rzrs3vDl12UcZpA,https://music.youtube.com/playlist?list=RDTMAK5uy_n_5IN6hzAOwdCnM8D8rzrs3vDl12UcZpA,25,L397TWLwrUU,https://music.youtube.com/watch?v=L397TWLwrUU,Breaking The Law (Official Music Video),Judas Priest,UCy6-RHgm74I8CCCvMu4NPJQ,,2009-11-24T05:38:04-08:00,158,False,youtube_video_view_count,91267442,91267442,7.960315878503708,High,100.0,top_third_vs_final_balanced,above_final_balanced_max,65199.0,4.814219747922499,1399.828862405865,3.146096130581209,,,,youtube_artist_subscribers,1310000,1.31M,249,MUSIC_VIDEO_TYPE_OMV,2026-07-23T11:33:32+00:00,user_08,missing album browse id
recommended,weekly_recommendation,Week1_21July,1,Youtube,User8,8,experiment_results/Week1_21July/Youtube/User8/Week1_User8_21.07.csv,Discover Mix,RDTMAK5uy_n_5IN6hzAOwdCnM8D8rzrs3vDl12UcZpA,https://music.youtube.com/playlist?list=RDTMAK5uy_n_5IN6hzAOwdCnM8D8rzrs3vDl12UcZpA,26,4tJAdUahyTA,https://music.youtube.com/watch?v=4tJAdUahyTA,Return to Lemuria,Visions of Atlantis,UCjUfzvqaP7gHrvWYrX9WQbQ,,2017-12-01T08:52:53-08:00,256,False,youtube_video_view_count,2243224,2243224,6.35087264277899,High,76.66666666666667,top_third_vs_final_balanced,within_final_balanced_high_range,65199.0,4.814219747922499,34.405803769996474,1.5366528948564913,,,,youtube_artist_subscribers,40800,40.8K,249,MUSIC_VIDEO_TYPE_OMV,2026-07-23T11:33:32+00:00,user_08,missing album browse id
recommended,weekly_recommendation,Week1_21July,1,Youtube,User8,8,experiment_results/Week1_21July/Youtube/User8/Week1_User8_21.07.csv,Discover Mix,RDTMAK5uy_n_5IN6hzAOwdCnM8D8rzrs3vDl12UcZpA,https://music.youtube.com/playlist?list=RDTMAK5uy_n_5IN6hzAOwdCnM8D8rzrs3vDl12UcZpA,27,zO6nRXPzX1A,https://music.youtube.com/watch?v=zO6nRXPzX1A,Mother,Danzig-Verotik Entertainment,UCj7tShkbc4S5svD_xxO2VvA,,2017-05-10T17:28:26-07:00,208,False,youtube_video_view_count,43516468,43516468,7.6386536387498944,High,100.0,top_third_vs_final_balanced,above_final_balanced_max,65199.0,4.814219747922499,667.4407276185218,2.824433890827396,,,,youtube_artist_subscribers,210000,210K,249,MUSIC_VIDEO_TYPE_OMV,2026-07-23T11:33:32+00:00,user_08,missing album browse id
recommended,weekly_recommendation,Week1_21July,1,Youtube,User8,8,experiment_results/Week1_21July/Youtube/User8/Week1_User8_21.07.csv,Discover Mix,RDTMAK5uy_n_5IN6hzAOwdCnM8D8rzrs3vDl12UcZpA,https://music.youtube.com/playlist?list=RDTMAK5uy_n_5IN6hzAOwdCnM8D8rzrs3vDl12UcZpA,28,P7pSg4G9FT4,https://music.youtube.com/watch?v=P7pSg4G9FT4,VELVET VIPER,AOR Anthems,UCXj_CeWf4DvL-bKJwfahhIA,,2025-11-27T08:44:50-08:00,307,False,youtube_video_view_count,609653,609653,5.785082715232787,Buffer,66.66666666666667,middle_third_vs_final_balanced,between_final_balanced_tier_ranges,65199.0,4.814219747922499,9.350649549839721,0.9708629673102882,,,,youtube_artist_subscribers,,,249,MUSIC_VIDEO_TYPE_UGC,2026-07-23T11:33:32+00:00,user_08,'musicImmersiveHeaderRenderer'
recommended,weekly_recommendation,Week1_21July,1,Youtube,User8,8,experiment_results/Week1_21July/Youtube/User8/Week1_User8_21.07.csv,Discover Mix,RDTMAK5uy_n_5IN6hzAOwdCnM8D8rzrs3vDl12UcZpA,https://music.youtube.com/playlist?list=RDTMAK5uy_n_5IN6hzAOwdCnM8D8rzrs3vDl12UcZpA,29,8QwYaervXag,https://music.youtube.com/watch?v=8QwYaervXag,Viral,Amaranthe,UClXbyJ6lJGR3VVkLSVRmdOQ,Manifest,2020-10-01T03:01:07-07:00,182,False,youtube_video_view_count,2887877,2887877,6.46057869188969,High,76.66666666666667,top_third_vs_final_balanced,within_final_balanced_high_range,65199.0,4.814219747922499,44.29327136919278,1.6463589439671917,,,,youtube_artist_subscribers,402000,402K,249,MUSIC_VIDEO_TYPE_ATV,2026-07-23T11:33:32+00:00,user_08,
recommended,weekly_recommendation,Week1_21July,1,Youtube,User8,8,experiment_results/Week1_21July/Youtube/User8/Week1_User8_21.07.csv,Discover Mix,RDTMAK5uy_n_5IN6hzAOwdCnM8D8rzrs3vDl12UcZpA,https://music.youtube.com/playlist?list=RDTMAK5uy_n_5IN6hzAOwdCnM8D8rzrs3vDl12UcZpA,30,yDXUD03VDqQ,https://music.youtube.com/watch?v=yDXUD03VDqQ,Truth,Lione/Conti,UCwEnSPAGCmr3Xivnu-NTFcg,Lione-Conti,2018-01-25T15:26:02-08:00,308,False,youtube_video_view_count,5805,5805,3.7638022240745928,Low,30.0,bottom_third_vs_final_balanced,within_final_balanced_low_range,65199.0,4.814219747922499,0.08903510790042792,-1.0504175238479059,,,,youtube_artist_subscribers,455,455,123,MUSIC_VIDEO_TYPE_ATV,2026-07-23T11:33:32+00:00,user_08,
recommended,weekly_recommendation,Week1_21July,1,Youtube,User9,9,experiment_results/Week1_21July/Youtube/User9/Week1_User9_21.07.csv,Discover Mix,RDTMAK5uy_n_5IN6hzAOwdCnM8D8rzrs3vDl12UcZpA,https://music.youtube.com/playlist?list=RDTMAK5uy_n_5IN6hzAOwdCnM8D8rzrs3vDl12UcZpA,1,vMU804-bjQA,https://music.youtube.com/watch?v=vMU804-bjQA,No Surrender (Official Video),Judas Priest,UCy6-RHgm74I8CCCvMu4NPJQ,,2018-07-23T09:00:05-07:00,175,False,youtube_video_view_count,22047666,22047666,7.3433626211520755,High,100.0,top_third_vs_final_balanced,above_final_balanced_max,65199.0,4.814219747922499,338.15957299958586,2.529142873229577,,,,youtube_artist_subscribers,1310000,1.31M,249,MUSIC_VIDEO_TYPE_OMV,2026-07-23T11:35:29+00:00,user_09,missing album browse id
recommended,weekly_recommendation,Week1_21July,1,Youtube,User9,9,experiment_results/Week1_21July/Youtube/User9/Week1_User9_21.07.csv,Discover Mix,RDTMAK5uy_n_5IN6hzAOwdCnM8D8rzrs3vDl12UcZpA,https://music.youtube.com/playlist?list=RDTMAK5uy_n_5IN6hzAOwdCnM8D8rzrs3vDl12UcZpA,2,tVgUKJzDMnI,https://music.youtube.com/watch?v=tVgUKJzDMnI,Ljósálfur,SKÁLD,UC-wIawlQBEwyFmemXR_eb9A,Huldufólk,2023-01-19T02:04:39-08:00,188,False,youtube_video_view_count,1543285,1543285,6.18844613507022,High,73.33333333333333,top_third_vs_final_balanced,within_final_balanced_high_range,65199.0,4.814219747922499,23.670378380036503,1.3742263871477212,,,,youtube_artist_subscribers,505000,505K,121,MUSIC_VIDEO_TYPE_ATV,2026-07-23T11:35:29+00:00,user_09,
recommended,weekly_recommendation,Week1_21July,1,Youtube,User9,9,experiment_results/Week1_21July/Youtube/User9/Week1_User9_21.07.csv,Discover Mix,RDTMAK5uy_n_5IN6hzAOwdCnM8D8rzrs3vDl12UcZpA,https://music.youtube.com/playlist?list=RDTMAK5uy_n_5IN6hzAOwdCnM8D8rzrs3vDl12UcZpA,3,y2q5R9HU7C0,https://music.youtube.com/watch?v=y2q5R9HU7C0,SKÅL! by Miracle Of Sound,Miracle of Sound,UCgVlMhRaM_83zLomevX-ZgQ,,2023-03-10T07:00:49-08:00,173,False,youtube_video_view_count,49122828,49122828,7.691283361175474,High,100.0,top_third_vs_final_balanced,above_final_balanced_max,65199.0,4.814219747922499,753.4291630239727,2.877063613252975,,,,youtube_artist_subscribers,1190000,1.19M,249,MUSIC_VIDEO_TYPE_OMV,2026-07-23T11:35:29+00:00,user_09,missing album browse id
recommended,weekly_recommendation,Week1_21July,1,Youtube,User9,9,experiment_results/Week1_21July/Youtube/User9/Week1_User9_21.07.csv,Discover Mix,RDTMAK5uy_n_5IN6hzAOwdCnM8D8rzrs3vDl12UcZpA,https://music.youtube.com/playlist?list=RDTMAK5uy_n_5IN6hzAOwdCnM8D8rzrs3vDl12UcZpA,4,VjX2qm9vXSI,https://music.youtube.com/watch?v=VjX2qm9vXSI,Adrenaline Addict,Audio Wild,UCKEq4Ebd68dJieeoXP-zfZg,,2026-05-23T22:00:00-07:00,171,False,youtube_video_view_count,24661,24661,4.392010683195499,Middle,36.666666666666664,middle_third_vs_final_balanced,within_final_balanced_middle_range,65199.0,4.814219747922499,0.37824199757664995,-0.4222090647269994,,,,youtube_artist_subscribers,225,225,249,MUSIC_VIDEO_TYPE_OMV,2026-07-23T11:35:29+00:00,user_09,missing album browse id
recommended,weekly_recommendation,Week1_21July,1,Youtube,User9,9,experiment_results/Week1_21July/Youtube/User9/Week1_User9_21.07.csv,Discover Mix,RDTMAK5uy_n_5IN6hzAOwdCnM8D8rzrs3vDl12UcZpA,https://music.youtube.com/playlist?list=RDTMAK5uy_n_5IN6hzAOwdCnM8D8rzrs3vDl12UcZpA,5,nFGkutszRFA,https://music.youtube.com/watch?v=nFGkutszRFA,The Other Son of Odin,Brothers of Metal,UC7apj1hieWRm-ji4_Umt2GA,The Other Son of Odin,2022-03-17T03:02:29-07:00,206,False,youtube_video_view_count,3261631,3261631,6.513434826192738,High,76.66666666666667,top_third_vs_final_balanced,within_final_balanced_high_range,65199.0,4.814219747922499,50.02578260402767,1.6992150782702398,,,,youtube_artist_subscribers,105000,105K,249,MUSIC_VIDEO_TYPE_ATV,2026-07-23T11:35:29+00:00,user_09,
recommended,weekly_recommendation,Week1_21July,1,Youtube,User9,9,experiment_results/Week1_21July/Youtube/User9/Week1_User9_21.07.csv,Discover Mix,RDTMAK5uy_n_5IN6hzAOwdCnM8D8rzrs3vDl12UcZpA,https://music.youtube.com/playlist?list=RDTMAK5uy_n_5IN6hzAOwdCnM8D8rzrs3vDl12UcZpA,6,ufgmGRkUCsM,https://music.youtube.com/watch?v=ufgmGRkUCsM,"No Pain, No Gain",Majestica,UC0oLl-AD2ikFO_WDmG4YMzw,Power Train,2025-02-06T02:01:06-08:00,215,False,youtube_video_view_count,2285558,2285558,6.358992246741227,High,76.66666666666667,top_third_vs_final_balanced,within_final_balanced_high_range,65199.0,4.814219747922499,35.05510820718109,1.5447724988187286,,,,youtube_artist_subscribers,28900,28.9K,249,MUSIC_VIDEO_TYPE_ATV,2026-07-23T11:35:29+00:00,user_09,
recommended,weekly_recommendation,Week1_21July,1,Youtube,User9,9,experiment_results/Week1_21July/Youtube/User9/Week1_User9_21.07.csv,Discover Mix,RDTMAK5uy_n_5IN6hzAOwdCnM8D8rzrs3vDl12UcZpA,https://music.youtube.com/playlist?list=RDTMAK5uy_n_5IN6hzAOwdCnM8D8rzrs3vDl12UcZpA,7,0LfT5qJH2zc,https://music.youtube.com/watch?v=0LfT5qJH2zc,Ievan Polkka,Korpiklaani,UC_MdHsWfs_34TX-nKRWfDrA,Manala,2019-03-19T12:15:30-07:00,189,False,youtube_video_view_count,19655143,19655143,7.293476207855166,High,100.0,top_third_vs_final_balanced,above_final_balanced_max,65199.0,4.814219747922499,301.4638721452783,2.4792564599326674,,,,youtube_artist_subscribers,173000,173K,249,MUSIC_VIDEO_TYPE_ATV,2026-07-23T11:35:29+00:00,user_09,
recommended,weekly_recommendation,Week1_21July,1,Youtube,User9,9,experiment_results/Week1_21July/Youtube/User9/Week1_User9_21.07.csv,Discover Mix,RDTMAK5uy_n_5IN6hzAOwdCnM8D8rzrs3vDl12UcZpA,https://music.youtube.com/playlist?list=RDTMAK5uy_n_5IN6hzAOwdCnM8D8rzrs3vDl12UcZpA,8,klv2MoN0Kx4,https://music.youtube.com/watch?v=klv2MoN0Kx4,Heroes and Gods,Primal Fear,UCnksEYBV7qSwUIhTQR_ZGUw,Domination,2025-09-04T03:03:09-07:00,243,False,youtube_video_view_count,175869,175869,5.245189294173631,Middle,63.333333333333336,middle_third_vs_final_balanced,within_final_balanced_middle_range,65199.0,4.814219747922499,2.6974186720655227,0.4309695462511325,,,,youtube_artist_subscribers,25100,25.1K,122,MUSIC_VIDEO_TYPE_ATV,2026-07-23T11:35:29+00:00,user_09,
recommended,weekly_recommendation,Week1_21July,1,Youtube,User9,9,experiment_results/Week1_21July/Youtube/User9/Week1_User9_21.07.csv,Discover Mix,RDTMAK5uy_n_5IN6hzAOwdCnM8D8rzrs3vDl12UcZpA,https://music.youtube.com/playlist?list=RDTMAK5uy_n_5IN6hzAOwdCnM8D8rzrs3vDl12UcZpA,9,UtwTsPc6Puk,https://music.youtube.com/watch?v=UtwTsPc6Puk,Rising High,Beyond The Black,UCab1v_wq5f-zZXzLMm-OXWg,,2025-06-20T06:00:08-07:00,199,False,youtube_video_view_count,926964,926964,5.967062868011875,Buffer,66.66666666666667,middle_third_vs_final_balanced,between_final_balanced_tier_ranges,65199.0,4.814219747922499,14.217457322965076,1.1528431200893765,,,,youtube_artist_subscribers,117000,117K,249,MUSIC_VIDEO_TYPE_OMV,2026-07-23T11:35:29+00:00,user_09,missing album browse id
recommended,weekly_recommendation,Week1_21July,1,Youtube,User9,9,experiment_results/Week1_21July/Youtube/User9/Week1_User9_21.07.csv,Discover Mix,RDTMAK5uy_n_5IN6hzAOwdCnM8D8rzrs3vDl12UcZpA,https://music.youtube.com/playlist?list=RDTMAK5uy_n_5IN6hzAOwdCnM8D8rzrs3vDl12UcZpA,10,3zx1ZtxUbGE,https://music.youtube.com/watch?v=3zx1ZtxUbGE,Armata Strigoi (The Monumental Mass),Powerwolf,UC9LO_ioQYQay7CrsbacNqBQ,,2015-06-03T05:07:00-07:00,240,False,youtube_video_view_count,22056726,22056726,7.343541048192239,High,100.0,top_third_vs_final_balanced,above_final_balanced_max,65199.0,4.814219747922499,338.2985321860765,2.52932130026974,,,,youtube_artist_subscribers,435000,435K,249,MUSIC_VIDEO_TYPE_OMV,2026-07-23T11:35:29+00:00,user_09,missing album browse id
recommended,weekly_recommendation,Week1_21July,1,Youtube,User9,9,experiment_results/Week1_21July/Youtube/User9/Week1_User9_21.07.csv,Discover Mix,RDTMAK5uy_n_5IN6hzAOwdCnM8D8rzrs3vDl12UcZpA,https://music.youtube.com/playlist?list=RDTMAK5uy_n_5IN6hzAOwdCnM8D8rzrs3vDl12UcZpA,11,htKY2oD85rs,https://music.youtube.com/watch?v=htKY2oD85rs,Hearts On Fire,Hammerfall,UCOspMA8k5GDzhPH7EsZ_IwQ,,2008-05-13T04:50:17-07:00,232,False,youtube_video_view_count,37146310,37146310,7.569915678763307,High,100.0,top_third_vs_final_balanced,above_final_balanced_max,65199.0,4.814219747922499,569.7374192855718,2.755695930840808,,,,youtube_artist_subscribers,108000,108K,249,MUSIC_VIDEO_TYPE_OMV,2026-07-23T11:35:29+00:00,user_09,missing album browse id
recommended,weekly_recommendation,Week1_21July,1,Youtube,User9,9,experiment_results/Week1_21July/Youtube/User9/Week1_User9_21.07.csv,Discover Mix,RDTMAK5uy_n_5IN6hzAOwdCnM8D8rzrs3vDl12UcZpA,https://music.youtube.com/playlist?list=RDTMAK5uy_n_5IN6hzAOwdCnM8D8rzrs3vDl12UcZpA,12,aHolTqDXipc,https://music.youtube.com/watch?v=aHolTqDXipc,Dawn of Victory,Rhapsody,UCjjuWbTlk-8b_MaGqTBnlsQ,Dawn of Victory,2018-04-30T03:00:13-07:00,288,False,youtube_video_view_count,19210758,19210758,7.283544501182498,High,100.0,top_third_vs_final_balanced,above_final_balanced_max,65199.0,4.814219747922499,294.64804674918327,2.4693247532599996,,,,youtube_artist_subscribers,148000,148K,123,MUSIC_VIDEO_TYPE_ATV,2026-07-23T11:35:29+00:00,user_09,
recommended,weekly_recommendation,Week1_21July,1,Youtube,User9,9,experiment_results/Week1_21July/Youtube/User9/Week1_User9_21.07.csv,Discover Mix,RDTMAK5uy_n_5IN6hzAOwdCnM8D8rzrs3vDl12UcZpA,https://music.youtube.com/playlist?list=RDTMAK5uy_n_5IN6hzAOwdCnM8D8rzrs3vDl12UcZpA,13,CNGCvI9dpZY,https://music.youtube.com/watch?v=CNGCvI9dpZY,Mirror Mirror (Remastered 2007),BLIND GUARDIAN,UCevshEcA1yKVc0uucxo4dfg,Nightfall in Middle Earth (Remastered 2007),2019-05-16T04:51:41-07:00,307,True,youtube_video_view_count,6279247,6279247,6.797907566770278,High,93.33333333333333,top_third_vs_final_balanced,within_final_balanced_high_range,65199.0,4.814219747922499,96.308946456234,1.9836878188477796,,,,youtube_artist_subscribers,201000,201K,249,MUSIC_VIDEO_TYPE_ATV,2026-07-23T11:35:29+00:00,user_09,
recommended,weekly_recommendation,Week1_21July,1,Youtube,User9,9,experiment_results/Week1_21July/Youtube/User9/Week1_User9_21.07.csv,Discover Mix,RDTMAK5uy_n_5IN6hzAOwdCnM8D8rzrs3vDl12UcZpA,https://music.youtube.com/playlist?list=RDTMAK5uy_n_5IN6hzAOwdCnM8D8rzrs3vDl12UcZpA,14,pJvduG0E628,https://music.youtube.com/watch?v=pJvduG0E628,The Chosen Ones,Dream Evil,UCaFJfPSGHItiAjCtEdXzJZA,Dragonslayer,2017-08-15T10:35:45-07:00,303,False,youtube_video_view_count,9040272,9040272,6.956181497546377,High,93.33333333333333,top_third_vs_final_balanced,within_final_balanced_high_range,65199.0,4.814219747922499,138.65660516265586,2.1419617496238788,,,,youtube_artist_subscribers,22400,22.4K,123,MUSIC_VIDEO_TYPE_ATV,2026-07-23T11:35:29+00:00,user_09,
recommended,weekly_recommendation,Week1_21July,1,Youtube,User9,9,experiment_results/Week1_21July/Youtube/User9/Week1_User9_21.07.csv,Discover Mix,RDTMAK5uy_n_5IN6hzAOwdCnM8D8rzrs3vDl12UcZpA,https://music.youtube.com/playlist?list=RDTMAK5uy_n_5IN6hzAOwdCnM8D8rzrs3vDl12UcZpA,15,UQ4uyq3GU1w,https://music.youtube.com/watch?v=UQ4uyq3GU1w,Heartless Madness,Dynazty,UC1_8sQRmjjw7YI2Bk-Kr_tA,,2020-02-28T03:02:07-08:00,249,False,youtube_video_view_count,6304740,6304740,6.799667181489031,High,93.33333333333333,top_third_vs_final_balanced,within_final_balanced_high_range,65199.0,4.814219747922499,96.69994938572677,1.9854474335665326,,,,youtube_artist_subscribers,42100,42.1K,249,MUSIC_VIDEO_TYPE_OMV,2026-07-23T11:35:29+00:00,user_09,missing album browse id
recommended,weekly_recommendation,Week1_21July,1,Youtube,User9,9,experiment_results/Week1_21July/Youtube/User9/Week1_User9_21.07.csv,Discover Mix,RDTMAK5uy_n_5IN6hzAOwdCnM8D8rzrs3vDl12UcZpA,https://music.youtube.com/playlist?list=RDTMAK5uy_n_5IN6hzAOwdCnM8D8rzrs3vDl12UcZpA,16,4vvz0G9fK_k,https://music.youtube.com/watch?v=4vvz0G9fK_k,Battles (Acoustic),Alpine Universe,UCGDViLkaQvB2CbxSGAlzvfQ,,2021-08-29T21:00:10-07:00,219,False,youtube_video_view_count,2344672,2344672,6.37008209713499,High,76.66666666666667,top_third_vs_final_balanced,within_final_balanced_high_range,65199.0,4.814219747922499,35.96177855488581,1.5558623492124912,,,,youtube_artist_subscribers,24900,24.9K,249,MUSIC_VIDEO_TYPE_OMV,2026-07-23T11:35:29+00:00,user_09,missing album browse id
recommended,weekly_recommendation,Week1_21July,1,Youtube,User9,9,experiment_results/Week1_21July/Youtube/User9/Week1_User9_21.07.csv,Discover Mix,RDTMAK5uy_n_5IN6hzAOwdCnM8D8rzrs3vDl12UcZpA,https://music.youtube.com/playlist?list=RDTMAK5uy_n_5IN6hzAOwdCnM8D8rzrs3vDl12UcZpA,17,jaATQzLr_20,https://music.youtube.com/watch?v=jaATQzLr_20,Get the Devil Out of Me,Delain,UCPIXyGsEUrGIz7olJ1d7-Ig,,2012-04-20T06:00:10-07:00,203,False,youtube_video_view_count,3224202,3224202,6.508422243039124,High,76.66666666666667,top_third_vs_final_balanced,within_final_balanced_high_range,65199.0,4.814219747922499,49.451709382045735,1.6942024951166257,,,,youtube_artist_subscribers,87900,87.9K,249,MUSIC_VIDEO_TYPE_OMV,2026-07-23T11:35:29+00:00,user_09,missing album browse id
recommended,weekly_recommendation,Week1_21July,1,Youtube,User9,9,experiment_results/Week1_21July/Youtube/User9/Week1_User9_21.07.csv,Discover Mix,RDTMAK5uy_n_5IN6hzAOwdCnM8D8rzrs3vDl12UcZpA,https://music.youtube.com/playlist?list=RDTMAK5uy_n_5IN6hzAOwdCnM8D8rzrs3vDl12UcZpA,18,Fm96jfVkmFM,https://music.youtube.com/watch?v=Fm96jfVkmFM,Heathen Divine,Elvenking,UCdwmUoz-DRF9ZUEjXXiQBbw,Reader of the Runes - Divination,2019-08-29T03:00:18-07:00,298,False,youtube_video_view_count,162370,162370,5.210505790680973,Middle,60.0,middle_third_vs_final_balanced,within_final_balanced_middle_range,65199.0,4.814219747922499,2.4903756192579642,0.396286042758474,,,,youtube_artist_subscribers,13200,13.2K,249,MUSIC_VIDEO_TYPE_ATV,2026-07-23T11:35:29+00:00,user_09,
recommended,weekly_recommendation,Week1_21July,1,Youtube,User9,9,experiment_results/Week1_21July/Youtube/User9/Week1_User9_21.07.csv,Discover Mix,RDTMAK5uy_n_5IN6hzAOwdCnM8D8rzrs3vDl12UcZpA,https://music.youtube.com/playlist?list=RDTMAK5uy_n_5IN6hzAOwdCnM8D8rzrs3vDl12UcZpA,19,--tFFz44zvc,https://music.youtube.com/watch?v=--tFFz44zvc,The Islander (Radio Edit),Nightwish,UCnDibivBAgWYKWi9qOiCNnA,,2015-03-26T06:56:11-07:00,310,False,youtube_video_view_count,42173545,42173545,7.625040108229239,High,100.0,top_third_vs_final_balanced,above_final_balanced_max,65199.0,4.814219747922499,646.8434331814905,2.8108203603067405,,,,youtube_artist_subscribers,1870000,1.87M,249,MUSIC_VIDEO_TYPE_OMV,2026-07-23T11:35:29+00:00,user_09,missing album browse id
recommended,weekly_recommendation,Week1_21July,1,Youtube,User9,9,experiment_results/Week1_21July/Youtube/User9/Week1_User9_21.07.csv,Discover Mix,RDTMAK5uy_n_5IN6hzAOwdCnM8D8rzrs3vDl12UcZpA,https://music.youtube.com/playlist?list=RDTMAK5uy_n_5IN6hzAOwdCnM8D8rzrs3vDl12UcZpA,20,OXwVTP_oDZY,https://music.youtube.com/watch?v=OXwVTP_oDZY,Take the Day!,Turisas,UCKtDEzexZu3QJk0IPtR2MLg,Stand Up and Fight,2017-08-15T09:59:48-07:00,327,False,youtube_video_view_count,561524,561524,5.749368323099377,Buffer,66.66666666666667,middle_third_vs_final_balanced,between_final_balanced_tier_ranges,65199.0,4.814219747922499,8.612463381340204,0.9351485751768784,,,,youtube_artist_subscribers,29500,29.5K,123,MUSIC_VIDEO_TYPE_ATV,2026-07-23T11:35:29+00:00,user_09,
recommended,weekly_recommendation,Week1_21July,1,Youtube,User9,9,experiment_results/Week1_21July/Youtube/User9/Week1_User9_21.07.csv,Discover Mix,RDTMAK5uy_n_5IN6hzAOwdCnM8D8rzrs3vDl12UcZpA,https://music.youtube.com/playlist?list=RDTMAK5uy_n_5IN6hzAOwdCnM8D8rzrs3vDl12UcZpA,21,cDs7t26nnd8,https://music.youtube.com/watch?v=cDs7t26nnd8,If I Had a Heart - Tal Barr,Tal Barr,UCmyOukl0XOSn0rlX5oTyfGw,,2020-10-11T07:46:02-07:00,214,False,youtube_video_view_count,23608097,23608097,7.37306098090728,High,100.0,top_third_vs_final_balanced,above_final_balanced_max,65199.0,4.814219747922499,362.0929308731729,2.558841232984781,,,,youtube_artist_subscribers,57900,57.9K,249,MUSIC_VIDEO_TYPE_OMV,2026-07-23T11:35:29+00:00,user_09,missing album browse id
recommended,weekly_recommendation,Week1_21July,1,Youtube,User9,9,experiment_results/Week1_21July/Youtube/User9/Week1_User9_21.07.csv,Discover Mix,RDTMAK5uy_n_5IN6hzAOwdCnM8D8rzrs3vDl12UcZpA,https://music.youtube.com/playlist?list=RDTMAK5uy_n_5IN6hzAOwdCnM8D8rzrs3vDl12UcZpA,22,_Y8fmr8cNJw,https://music.youtube.com/watch?v=_Y8fmr8cNJw,"Battle Drone - ⚡︎🎸 Jolene 👩🏻‍🦰 (Symphonic Metal cover) - #Rock, #Metal, #heavymetal Metal #sabaton",Battle Drone,UCulVP2KumE00J_G2bPDZyCw,,2025-11-02T20:10:18-08:00,211,False,youtube_video_view_count,81584,81584,4.911604994623398,Middle,53.333333333333336,middle_third_vs_final_balanced,within_final_balanced_middle_range,65199.0,4.814219747922499,1.2513075353916472,0.09738524670089976,,,,youtube_artist_subscribers,2420,2.42K,249,MUSIC_VIDEO_TYPE_OMV,2026-07-23T11:35:29+00:00,user_09,missing album browse id
recommended,weekly_recommendation,Week1_21July,1,Youtube,User9,9,experiment_results/Week1_21July/Youtube/User9/Week1_User9_21.07.csv,Discover Mix,RDTMAK5uy_n_5IN6hzAOwdCnM8D8rzrs3vDl12UcZpA,https://music.youtube.com/playlist?list=RDTMAK5uy_n_5IN6hzAOwdCnM8D8rzrs3vDl12UcZpA,23,GClPj0RmU6s,https://music.youtube.com/watch?v=GClPj0RmU6s,Drums of Midgard,Bjorth,UCsF9xEBIasTCHP_NH93_DDQ,,2020-08-02T08:36:05-07:00,185,False,youtube_video_view_count,1905347,1905347,6.279974080516467,High,76.66666666666667,top_third_vs_final_balanced,within_final_balanced_high_range,65199.0,4.814219747922499,29.223561711069188,1.4657543325939688,,,,youtube_artist_subscribers,72900,72.9K,249,MUSIC_VIDEO_TYPE_OMV,2026-07-23T11:35:29+00:00,user_09,missing album browse id
recommended,weekly_recommendation,Week1_21July,1,Youtube,User9,9,experiment_results/Week1_21July/Youtube/User9/Week1_User9_21.07.csv,Discover Mix,RDTMAK5uy_n_5IN6hzAOwdCnM8D8rzrs3vDl12UcZpA,https://music.youtube.com/playlist?list=RDTMAK5uy_n_5IN6hzAOwdCnM8D8rzrs3vDl12UcZpA,24,8OsSp5jDkwk,https://music.youtube.com/watch?v=8OsSp5jDkwk,Colours on My Shield (Bonus Track),Civil War,UC0hshC2PY-1-rlJz_PmN22A,Gods & Generals,2017-11-27T10:38:04-08:00,202,False,youtube_video_view_count,643345,643345,5.808443930023366,Buffer,66.66666666666667,middle_third_vs_final_balanced,between_final_balanced_tier_ranges,65199.0,4.814219747922499,9.867405941808924,0.9942241821008677,,,,youtube_artist_subscribers,11300,11.3K,122,MUSIC_VIDEO_TYPE_ATV,2026-07-23T11:35:29+00:00,user_09,
recommended,weekly_recommendation,Week1_21July,1,Youtube,User9,9,experiment_results/Week1_21July/Youtube/User9/Week1_User9_21.07.csv,Discover Mix,RDTMAK5uy_n_5IN6hzAOwdCnM8D8rzrs3vDl12UcZpA,https://music.youtube.com/playlist?list=RDTMAK5uy_n_5IN6hzAOwdCnM8D8rzrs3vDl12UcZpA,25,587Aa9VTa5Y,https://music.youtube.com/watch?v=587Aa9VTa5Y,March of the Crabs,Anvil,UCG045iPvxKbI_NZmuB9q5Pw,Metal On Metal,2019-07-04T16:50:10-07:00,155,False,youtube_video_view_count,263940,263940,5.421505212360507,Buffer,66.66666666666667,middle_third_vs_final_balanced,between_final_balanced_tier_ranges,65199.0,4.814219747922499,4.048221598490774,0.6072854644380081,,,,youtube_artist_subscribers,7510,7.51K,123,MUSIC_VIDEO_TYPE_ATV,2026-07-23T11:35:29+00:00,user_09,
recommended,weekly_recommendation,Week1_21July,1,Youtube,User9,9,experiment_results/Week1_21July/Youtube/User9/Week1_User9_21.07.csv,Discover Mix,RDTMAK5uy_n_5IN6hzAOwdCnM8D8rzrs3vDl12UcZpA,https://music.youtube.com/playlist?list=RDTMAK5uy_n_5IN6hzAOwdCnM8D8rzrs3vDl12UcZpA,26,TEJJSeQm49c,https://music.youtube.com/watch?v=TEJJSeQm49c,Circle of Stone,Blaze Bayley,UCFWnaaPfunkgp49YYWhfBpw,,2024-01-10T23:03:21-08:00,212,False,youtube_video_view_count,283528,283528,5.452595954393042,Buffer,66.66666666666667,middle_third_vs_final_balanced,between_final_balanced_tier_ranges,65199.0,4.814219747922499,4.348655654227826,0.6383762064705429,,,,youtube_artist_subscribers,4340,4.34K,249,MUSIC_VIDEO_TYPE_OMV,2026-07-23T11:35:29+00:00,user_09,missing album browse id
recommended,weekly_recommendation,Week1_21July,1,Youtube,User9,9,experiment_results/Week1_21July/Youtube/User9/Week1_User9_21.07.csv,Discover Mix,RDTMAK5uy_n_5IN6hzAOwdCnM8D8rzrs3vDl12UcZpA,https://music.youtube.com/playlist?list=RDTMAK5uy_n_5IN6hzAOwdCnM8D8rzrs3vDl12UcZpA,27,Ylk1UEOBPg0,https://music.youtube.com/watch?v=Ylk1UEOBPg0,Gloryhammer,Gloryhammer,UCPGTSBEsBiITt6ZaniWufag,Legends from Beyond the Galactic Terrorvortex,2019-05-30T06:30:03-07:00,301,False,youtube_video_view_count,2413500,2413500,6.382647303154711,High,76.66666666666667,top_third_vs_final_balanced,within_final_balanced_high_range,65199.0,4.814219747922499,37.01743891777481,1.568427555232212,,,,youtube_artist_subscribers,52500,52.5K,122,MUSIC_VIDEO_TYPE_ATV,2026-07-23T11:35:29+00:00,user_09,
recommended,weekly_recommendation,Week1_21July,1,Youtube,User9,9,experiment_results/Week1_21July/Youtube/User9/Week1_User9_21.07.csv,Discover Mix,RDTMAK5uy_n_5IN6hzAOwdCnM8D8rzrs3vDl12UcZpA,https://music.youtube.com/playlist?list=RDTMAK5uy_n_5IN6hzAOwdCnM8D8rzrs3vDl12UcZpA,28,MbA6K3B0KGQ,https://music.youtube.com/watch?v=MbA6K3B0KGQ,MOTHER NATURE CAN JAM,ELEMENTS OF DYSFUNCTION,UC0ND9HEGGcB6Cmp9zBoe9hQ,ELEMENTS OF DYSFUNCTION,2026-05-04T10:53:14-07:00,178,False,youtube_video_view_count,68946,68946,4.83850907503226,Middle,53.333333333333336,middle_third_vs_final_balanced,within_final_balanced_middle_range,65199.0,4.814219747922499,1.0574702065982606,0.02428932710976106,,,,youtube_artist_subscribers,4870,4.87K,123,MUSIC_VIDEO_TYPE_ATV,2026-07-23T11:35:29+00:00,user_09,
recommended,weekly_recommendation,Week1_21July,1,Youtube,User9,9,experiment_results/Week1_21July/Youtube/User9/Week1_User9_21.07.csv,Discover Mix,RDTMAK5uy_n_5IN6hzAOwdCnM8D8rzrs3vDl12UcZpA,https://music.youtube.com/playlist?list=RDTMAK5uy_n_5IN6hzAOwdCnM8D8rzrs3vDl12UcZpA,29,DF3ejxcFhoc,https://music.youtube.com/watch?v=DF3ejxcFhoc,Tears of a Dragonheart,Bloodbound,UCMdFBg2b49RBAUr5XZxkArA,War of Dragons,2017-02-23T02:15:03-08:00,230,False,youtube_video_view_count,2023671,2023671,6.306139908119062,High,76.66666666666667,top_third_vs_final_balanced,within_final_balanced_high_range,65199.0,4.814219747922499,31.03837482169972,1.491920160196563,,,,youtube_artist_subscribers,18000,18K,248,MUSIC_VIDEO_TYPE_ATV,2026-07-23T11:35:29+00:00,user_09,
recommended,weekly_recommendation,Week1_21July,1,Youtube,User9,9,experiment_results/Week1_21July/Youtube/User9/Week1_User9_21.07.csv,Discover Mix,RDTMAK5uy_n_5IN6hzAOwdCnM8D8rzrs3vDl12UcZpA,https://music.youtube.com/playlist?list=RDTMAK5uy_n_5IN6hzAOwdCnM8D8rzrs3vDl12UcZpA,30,WNZiPMfCppU,https://music.youtube.com/watch?v=WNZiPMfCppU,For The Emperor (Warhammer 40k),Nerdburglars,UCr8wZw7ZNsRPUIceMBvBi5Q,For The Emperor (Warhammer 40k),2024-09-09T12:25:32-07:00,260,False,youtube_video_view_count,396492,396492,5.598234429003166,Buffer,66.66666666666667,middle_third_vs_final_balanced,between_final_balanced_tier_ranges,65199.0,4.814219747922499,6.081258915014034,0.7840146810806674,,,,youtube_artist_subscribers,3340,3.34K,123,MUSIC_VIDEO_TYPE_ATV,2026-07-23T11:35:29+00:00,user_09,
recommended,weekly_recommendation,Week1_21July,1,Youtube,User10,10,experiment_results/Week1_21July/Youtube/User10/Week1_User10_21.07.csv,Discover Mix,RDTMAK5uy_n_5IN6hzAOwdCnM8D8rzrs3vDl12UcZpA,https://music.youtube.com/playlist?list=RDTMAK5uy_n_5IN6hzAOwdCnM8D8rzrs3vDl12UcZpA,1,mUEsqQpact0,https://music.youtube.com/watch?v=mUEsqQpact0,Toxicity,System Of A Down,UCDJftX2zx_UT_QSnBGIF96w,Toxicity,2015-08-11T17:59:40-07:00,219,False,youtube_video_view_count,342592819,342592819,8.534778255589915,High,100.0,top_third_vs_final_balanced,above_final_balanced_max,65199.0,4.814219747922499,5254.5716805472475,3.720558507667416,,,,youtube_artist_subscribers,8240000,8.24M,122,MUSIC_VIDEO_TYPE_ATV,2026-07-23T11:37:01+00:00,user_10,
recommended,weekly_recommendation,Week1_21July,1,Youtube,User10,10,experiment_results/Week1_21July/Youtube/User10/Week1_User10_21.07.csv,Discover Mix,RDTMAK5uy_n_5IN6hzAOwdCnM8D8rzrs3vDl12UcZpA,https://music.youtube.com/playlist?list=RDTMAK5uy_n_5IN6hzAOwdCnM8D8rzrs3vDl12UcZpA,2,0J2QdDbelmY,https://music.youtube.com/watch?v=0J2QdDbelmY,Seven Nation Army (Live),The White Stripes,UCD0Wge1UpszMtqK3P9x50vA,,2008-10-21T06:32:13-07:00,239,False,youtube_video_view_count,840039851,840039851,8.924299889227207,High,100.0,top_third_vs_final_balanced,above_final_balanced_max,65199.0,4.814219747922499,12884.244405589043,4.110080141304708,,,,youtube_artist_subscribers,1160000,1.16M,249,MUSIC_VIDEO_TYPE_OMV,2026-07-23T11:37:01+00:00,user_10,missing album browse id
recommended,weekly_recommendation,Week1_21July,1,Youtube,User10,10,experiment_results/Week1_21July/Youtube/User10/Week1_User10_21.07.csv,Discover Mix,RDTMAK5uy_n_5IN6hzAOwdCnM8D8rzrs3vDl12UcZpA,https://music.youtube.com/playlist?list=RDTMAK5uy_n_5IN6hzAOwdCnM8D8rzrs3vDl12UcZpA,3,3mbvWn1EY6g,https://music.youtube.com/watch?v=3mbvWn1EY6g,Ace of Spades,Motörhead,UC29TwdZt2GUC-AqbhFs_uSA,,2020-10-27T08:00:09-07:00,165,False,youtube_video_view_count,68699667,68699667,7.836954631958925,High,100.0,top_third_vs_final_balanced,above_final_balanced_max,65199.0,4.814219747922499,1053.6920351539134,3.022734884036426,,,,youtube_artist_subscribers,953000,953K,249,MUSIC_VIDEO_TYPE_OMV,2026-07-23T11:37:01+00:00,user_10,missing album browse id
recommended,weekly_recommendation,Week1_21July,1,Youtube,User10,10,experiment_results/Week1_21July/Youtube/User10/Week1_User10_21.07.csv,Discover Mix,RDTMAK5uy_n_5IN6hzAOwdCnM8D8rzrs3vDl12UcZpA,https://music.youtube.com/playlist?list=RDTMAK5uy_n_5IN6hzAOwdCnM8D8rzrs3vDl12UcZpA,4,0LfT5qJH2zc,https://music.youtube.com/watch?v=0LfT5qJH2zc,Ievan Polkka,Korpiklaani,UC_MdHsWfs_34TX-nKRWfDrA,Manala,2019-03-19T12:15:30-07:00,189,False,youtube_video_view_count,19655143,19655143,7.293476207855166,High,100.0,top_third_vs_final_balanced,above_final_balanced_max,65199.0,4.814219747922499,301.4638721452783,2.4792564599326674,,,,youtube_artist_subscribers,173000,173K,249,MUSIC_VIDEO_TYPE_ATV,2026-07-23T11:37:01+00:00,user_10,
recommended,weekly_recommendation,Week1_21July,1,Youtube,User10,10,experiment_results/Week1_21July/Youtube/User10/Week1_User10_21.07.csv,Discover Mix,RDTMAK5uy_n_5IN6hzAOwdCnM8D8rzrs3vDl12UcZpA,https://music.youtube.com/playlist?list=RDTMAK5uy_n_5IN6hzAOwdCnM8D8rzrs3vDl12UcZpA,5,DF3ejxcFhoc,https://music.youtube.com/watch?v=DF3ejxcFhoc,Tears of a Dragonheart,Bloodbound,UCMdFBg2b49RBAUr5XZxkArA,War of Dragons,2017-02-23T02:15:03-08:00,230,False,youtube_video_view_count,2023671,2023671,6.306139908119062,High,76.66666666666667,top_third_vs_final_balanced,within_final_balanced_high_range,65199.0,4.814219747922499,31.03837482169972,1.491920160196563,,,,youtube_artist_subscribers,18000,18K,248,MUSIC_VIDEO_TYPE_ATV,2026-07-23T11:37:01+00:00,user_10,
recommended,weekly_recommendation,Week1_21July,1,Youtube,User10,10,experiment_results/Week1_21July/Youtube/User10/Week1_User10_21.07.csv,Discover Mix,RDTMAK5uy_n_5IN6hzAOwdCnM8D8rzrs3vDl12UcZpA,https://music.youtube.com/playlist?list=RDTMAK5uy_n_5IN6hzAOwdCnM8D8rzrs3vDl12UcZpA,6,QKl9JL1hXWY,https://music.youtube.com/watch?v=QKl9JL1hXWY,Dawn of Victory (Re-Recorded),Rhapsody Of Fire,UCjjuWbTlk-8b_MaGqTBnlsQ,Legendary Years (Re-Recorded),2017-05-25T04:35:31-07:00,285,False,youtube_video_view_count,3089266,3089266,6.48985530466226,High,76.66666666666667,top_third_vs_final_balanced,within_final_balanced_high_range,65199.0,4.814219747922499,47.38210708753202,1.6756355567397616,,,,youtube_artist_subscribers,148000,148K,249,MUSIC_VIDEO_TYPE_ATV,2026-07-23T11:37:01+00:00,user_10,
recommended,weekly_recommendation,Week1_21July,1,Youtube,User10,10,experiment_results/Week1_21July/Youtube/User10/Week1_User10_21.07.csv,Discover Mix,RDTMAK5uy_n_5IN6hzAOwdCnM8D8rzrs3vDl12UcZpA,https://music.youtube.com/playlist?list=RDTMAK5uy_n_5IN6hzAOwdCnM8D8rzrs3vDl12UcZpA,7,vMU804-bjQA,https://music.youtube.com/watch?v=vMU804-bjQA,No Surrender (Official Video),Judas Priest,UCy6-RHgm74I8CCCvMu4NPJQ,,2018-07-23T09:00:05-07:00,175,False,youtube_video_view_count,22047666,22047666,7.3433626211520755,High,100.0,top_third_vs_final_balanced,above_final_balanced_max,65199.0,4.814219747922499,338.15957299958586,2.529142873229577,,,,youtube_artist_subscribers,1310000,1.31M,249,MUSIC_VIDEO_TYPE_OMV,2026-07-23T11:37:01+00:00,user_10,missing album browse id
recommended,weekly_recommendation,Week1_21July,1,Youtube,User10,10,experiment_results/Week1_21July/Youtube/User10/Week1_User10_21.07.csv,Discover Mix,RDTMAK5uy_n_5IN6hzAOwdCnM8D8rzrs3vDl12UcZpA,https://music.youtube.com/playlist?list=RDTMAK5uy_n_5IN6hzAOwdCnM8D8rzrs3vDl12UcZpA,8,tGeSEbYzhBU,https://music.youtube.com/watch?v=tGeSEbYzhBU,Heidrun (Goat Remix),Amon Amarth,UCOtqJNbDV4s4HI1h1YStWIw,,2023-08-03T21:00:05-07:00,325,False,youtube_video_view_count,2603390,2603390,6.4155392323277285,High,76.66666666666667,top_third_vs_final_balanced,within_final_balanced_high_range,65199.0,4.814219747922499,39.92990690041258,1.6013194844052299,,,,youtube_artist_subscribers,530000,530K,249,MUSIC_VIDEO_TYPE_OMV,2026-07-23T11:37:01+00:00,user_10,missing album browse id
recommended,weekly_recommendation,Week1_21July,1,Youtube,User10,10,experiment_results/Week1_21July/Youtube/User10/Week1_User10_21.07.csv,Discover Mix,RDTMAK5uy_n_5IN6hzAOwdCnM8D8rzrs3vDl12UcZpA,https://music.youtube.com/playlist?list=RDTMAK5uy_n_5IN6hzAOwdCnM8D8rzrs3vDl12UcZpA,9,Kf66Hja5PMA,https://music.youtube.com/watch?v=Kf66Hja5PMA,Trial By The Archon,Blind Guardian,UCevshEcA1yKVc0uucxo4dfg,Battalions Of Fear,2014-11-07T13:04:50-08:00,105,False,youtube_video_view_count,86320,86320,4.936111431674854,Middle,53.333333333333336,middle_third_vs_final_balanced,within_final_balanced_middle_range,65199.0,4.814219747922499,1.3239466862988696,0.12189168375235582,,,,youtube_artist_subscribers,201000,201K,97,MUSIC_VIDEO_TYPE_ATV,2026-07-23T11:37:01+00:00,user_10,
recommended,weekly_recommendation,Week1_21July,1,Youtube,User10,10,experiment_results/Week1_21July/Youtube/User10/Week1_User10_21.07.csv,Discover Mix,RDTMAK5uy_n_5IN6hzAOwdCnM8D8rzrs3vDl12UcZpA,https://music.youtube.com/playlist?list=RDTMAK5uy_n_5IN6hzAOwdCnM8D8rzrs3vDl12UcZpA,10,8QwYaervXag,https://music.youtube.com/watch?v=8QwYaervXag,Viral,Amaranthe,UClXbyJ6lJGR3VVkLSVRmdOQ,Manifest,2020-10-01T03:01:07-07:00,182,False,youtube_video_view_count,2887877,2887877,6.46057869188969,High,76.66666666666667,top_third_vs_final_balanced,within_final_balanced_high_range,65199.0,4.814219747922499,44.29327136919278,1.6463589439671917,,,,youtube_artist_subscribers,402000,402K,249,MUSIC_VIDEO_TYPE_ATV,2026-07-23T11:37:01+00:00,user_10,
recommended,weekly_recommendation,Week1_21July,1,Youtube,User10,10,experiment_results/Week1_21July/Youtube/User10/Week1_User10_21.07.csv,Discover Mix,RDTMAK5uy_n_5IN6hzAOwdCnM8D8rzrs3vDl12UcZpA,https://music.youtube.com/playlist?list=RDTMAK5uy_n_5IN6hzAOwdCnM8D8rzrs3vDl12UcZpA,11,BplgH8XSqs0,https://music.youtube.com/watch?v=BplgH8XSqs0,Heroes,Masterplan,UCQm2l9VFAwCEMR2zydt9y6w,Masterplan,2015-01-18T19:03:42-08:00,214,False,youtube_video_view_count,1118743,1118743,6.048730330942172,Buffer,66.66666666666667,middle_third_vs_final_balanced,between_final_balanced_tier_ranges,65199.0,4.814219747922499,17.158898142609548,1.2345105830196736,,,,youtube_artist_subscribers,10100,10.1K,249,MUSIC_VIDEO_TYPE_ATV,2026-07-23T11:37:01+00:00,user_10,
recommended,weekly_recommendation,Week1_21July,1,Youtube,User10,10,experiment_results/Week1_21July/Youtube/User10/Week1_User10_21.07.csv,Discover Mix,RDTMAK5uy_n_5IN6hzAOwdCnM8D8rzrs3vDl12UcZpA,https://music.youtube.com/playlist?list=RDTMAK5uy_n_5IN6hzAOwdCnM8D8rzrs3vDl12UcZpA,12,UQ4uyq3GU1w,https://music.youtube.com/watch?v=UQ4uyq3GU1w,Heartless Madness,Dynazty,UC1_8sQRmjjw7YI2Bk-Kr_tA,,2020-02-28T03:02:07-08:00,249,False,youtube_video_view_count,6304740,6304740,6.799667181489031,High,93.33333333333333,top_third_vs_final_balanced,within_final_balanced_high_range,65199.0,4.814219747922499,96.69994938572677,1.9854474335665326,,,,youtube_artist_subscribers,42100,42.1K,249,MUSIC_VIDEO_TYPE_OMV,2026-07-23T11:37:01+00:00,user_10,missing album browse id
recommended,weekly_recommendation,Week1_21July,1,Youtube,User10,10,experiment_results/Week1_21July/Youtube/User10/Week1_User10_21.07.csv,Discover Mix,RDTMAK5uy_n_5IN6hzAOwdCnM8D8rzrs3vDl12UcZpA,https://music.youtube.com/playlist?list=RDTMAK5uy_n_5IN6hzAOwdCnM8D8rzrs3vDl12UcZpA,13,v2AC41dglnM,https://music.youtube.com/watch?v=v2AC41dglnM,Thunderstruck,AC/DC,UCVm4YdI3hobkwsHTTOMVJKg,,2012-11-07T07:15:10-08:00,293,False,youtube_video_view_count,1750559331,1750559331,9.243176834717872,High,100.0,top_third_vs_final_balanced,above_final_balanced_max,65199.0,4.814219747922499,26849.481295725396,4.428957086795373,,,,youtube_artist_subscribers,11700000,11.7M,249,MUSIC_VIDEO_TYPE_OMV,2026-07-23T11:37:01+00:00,user_10,missing album browse id
recommended,weekly_recommendation,Week1_21July,1,Youtube,User10,10,experiment_results/Week1_21July/Youtube/User10/Week1_User10_21.07.csv,Discover Mix,RDTMAK5uy_n_5IN6hzAOwdCnM8D8rzrs3vDl12UcZpA,https://music.youtube.com/playlist?list=RDTMAK5uy_n_5IN6hzAOwdCnM8D8rzrs3vDl12UcZpA,14,5OJsPtA3Rmg,https://music.youtube.com/watch?v=5OJsPtA3Rmg,Last Ride Of The Day,Nightwish,UCnDibivBAgWYKWi9qOiCNnA,Imaginaerum,2019-04-20T07:09:18-07:00,272,False,youtube_video_view_count,9822283,9822283,6.992212442885362,High,93.33333333333333,top_third_vs_final_balanced,within_final_balanced_high_range,65199.0,4.814219747922499,150.65082286538137,2.177992694962863,,,,youtube_artist_subscribers,1870000,1.87M,249,MUSIC_VIDEO_TYPE_ATV,2026-07-23T11:37:01+00:00,user_10,
recommended,weekly_recommendation,Week1_21July,1,Youtube,User10,10,experiment_results/Week1_21July/Youtube/User10/Week1_User10_21.07.csv,Discover Mix,RDTMAK5uy_n_5IN6hzAOwdCnM8D8rzrs3vDl12UcZpA,https://music.youtube.com/playlist?list=RDTMAK5uy_n_5IN6hzAOwdCnM8D8rzrs3vDl12UcZpA,15,fay61YjCUv4,https://music.youtube.com/watch?v=fay61YjCUv4,Motor,Malt,UCRhcS75N74HlhdJlxJR-Pqw,Kendi Adını Taşıyan İlk Albüm,2025-01-09T16:36:06-08:00,196,False,youtube_video_view_count,82199,82199,4.914866534120055,Middle,53.333333333333336,middle_third_vs_final_balanced,within_final_balanced_middle_range,65199.0,4.814219747922499,1.26074019540177,0.10064678619755618,,,,youtube_artist_subscribers,2060,2.06K,249,MUSIC_VIDEO_TYPE_ATV,2026-07-23T11:37:01+00:00,user_10,
recommended,weekly_recommendation,Week1_21July,1,Youtube,User10,10,experiment_results/Week1_21July/Youtube/User10/Week1_User10_21.07.csv,Discover Mix,RDTMAK5uy_n_5IN6hzAOwdCnM8D8rzrs3vDl12UcZpA,https://music.youtube.com/playlist?list=RDTMAK5uy_n_5IN6hzAOwdCnM8D8rzrs3vDl12UcZpA,16,6TW5bCmNxgg,https://music.youtube.com/watch?v=6TW5bCmNxgg,Cthulhu,Grailknights,UCpQ0yahMIrWs5U_J_QkWQlw,Knightfall,2019-06-30T03:52:57-07:00,212,False,youtube_video_view_count,1673489,1673489,6.223622862044856,High,76.66666666666667,top_third_vs_final_balanced,within_final_balanced_high_range,65199.0,4.814219747922499,25.66740287427721,1.409403114122357,,,,youtube_artist_subscribers,19900,19.9K,249,MUSIC_VIDEO_TYPE_ATV,2026-07-23T11:37:01+00:00,user_10,
recommended,weekly_recommendation,Week1_21July,1,Youtube,User10,10,experiment_results/Week1_21July/Youtube/User10/Week1_User10_21.07.csv,Discover Mix,RDTMAK5uy_n_5IN6hzAOwdCnM8D8rzrs3vDl12UcZpA,https://music.youtube.com/playlist?list=RDTMAK5uy_n_5IN6hzAOwdCnM8D8rzrs3vDl12UcZpA,17,iQVei5C2N4E,https://music.youtube.com/watch?v=iQVei5C2N4E,Faster (Music Video),Within Temptation,UCeWkbf3RIeKRs8THlxPlUUA,,2019-05-06T09:56:08-07:00,264,False,youtube_video_view_count,71148123,71148123,7.8521634471961965,High,100.0,top_third_vs_final_balanced,above_final_balanced_max,65199.0,4.814219747922499,1091.2456172640684,3.037943699273698,,,,youtube_artist_subscribers,1280000,1.28M,249,MUSIC_VIDEO_TYPE_OMV,2026-07-23T11:37:01+00:00,user_10,missing album browse id
recommended,weekly_recommendation,Week1_21July,1,Youtube,User10,10,experiment_results/Week1_21July/Youtube/User10/Week1_User10_21.07.csv,Discover Mix,RDTMAK5uy_n_5IN6hzAOwdCnM8D8rzrs3vDl12UcZpA,https://music.youtube.com/playlist?list=RDTMAK5uy_n_5IN6hzAOwdCnM8D8rzrs3vDl12UcZpA,18,_P_fAPX1EmM,https://music.youtube.com/watch?v=_P_fAPX1EmM,Fail No More,Frozen Crown,UCGjaitth3Yy5Hd1bVq35gYw,The Fallen King,2023-07-24T10:09:56-07:00,250,False,youtube_video_view_count,304549,304549,5.4836571778148,Buffer,66.66666666666667,middle_third_vs_final_balanced,between_final_balanced_tier_ranges,65199.0,4.814219747922499,4.6710685746713905,0.6694374298923016,,,,youtube_artist_subscribers,42100,42.1K,248,MUSIC_VIDEO_TYPE_ATV,2026-07-23T11:37:01+00:00,user_10,
recommended,weekly_recommendation,Week1_21July,1,Youtube,User10,10,experiment_results/Week1_21July/Youtube/User10/Week1_User10_21.07.csv,Discover Mix,RDTMAK5uy_n_5IN6hzAOwdCnM8D8rzrs3vDl12UcZpA,https://music.youtube.com/playlist?list=RDTMAK5uy_n_5IN6hzAOwdCnM8D8rzrs3vDl12UcZpA,19,MpiK6ncKQfM,https://music.youtube.com/watch?v=MpiK6ncKQfM,Powersnake,Brothers of Metal,UC7apj1hieWRm-ji4_Umt2GA,Emblas Saga,2020-01-09T02:00:56-08:00,224,False,youtube_video_view_count,9446131,9446131,6.975253964126837,High,93.33333333333333,top_third_vs_final_balanced,within_final_balanced_high_range,65199.0,4.814219747922499,144.88153192533628,2.1610342162043388,,,,youtube_artist_subscribers,105000,105K,249,MUSIC_VIDEO_TYPE_ATV,2026-07-23T11:37:01+00:00,user_10,
recommended,weekly_recommendation,Week1_21July,1,Youtube,User10,10,experiment_results/Week1_21July/Youtube/User10/Week1_User10_21.07.csv,Discover Mix,RDTMAK5uy_n_5IN6hzAOwdCnM8D8rzrs3vDl12UcZpA,https://music.youtube.com/playlist?list=RDTMAK5uy_n_5IN6hzAOwdCnM8D8rzrs3vDl12UcZpA,20,7Iz1aYaxg_8,https://music.youtube.com/watch?v=7Iz1aYaxg_8,Hootsforce,Gloryhammer,UCPGTSBEsBiITt6ZaniWufag,Legends from Beyond the Galactic Terrorvortex,2019-05-30T06:30:03-07:00,231,False,youtube_video_view_count,11519916,11519916,7.061449312345051,High,93.33333333333333,top_third_vs_final_balanced,within_final_balanced_high_range,65199.0,4.814219747922499,176.6885381677633,2.247229564422552,,,,youtube_artist_subscribers,52500,52.5K,122,MUSIC_VIDEO_TYPE_ATV,2026-07-23T11:37:01+00:00,user_10,
recommended,weekly_recommendation,Week1_21July,1,Youtube,User10,10,experiment_results/Week1_21July/Youtube/User10/Week1_User10_21.07.csv,Discover Mix,RDTMAK5uy_n_5IN6hzAOwdCnM8D8rzrs3vDl12UcZpA,https://music.youtube.com/playlist?list=RDTMAK5uy_n_5IN6hzAOwdCnM8D8rzrs3vDl12UcZpA,21,M-EvFAx0OsE,https://music.youtube.com/watch?v=M-EvFAx0OsE,Viva La Victoria,Eclipse,UCxk24XSTFq3rpuOvZpCESbA,,2019-08-23T03:00:12-07:00,194,False,youtube_video_view_count,3894313,3894313,6.5904308544027925,High,76.66666666666667,top_third_vs_final_balanced,within_final_balanced_high_range,65199.0,4.814219747922499,59.72964309268547,1.776211106480294,,,,youtube_artist_subscribers,9070,9.07K,249,MUSIC_VIDEO_TYPE_OMV,2026-07-23T11:37:01+00:00,user_10,missing album browse id
recommended,weekly_recommendation,Week1_21July,1,Youtube,User10,10,experiment_results/Week1_21July/Youtube/User10/Week1_User10_21.07.csv,Discover Mix,RDTMAK5uy_n_5IN6hzAOwdCnM8D8rzrs3vDl12UcZpA,https://music.youtube.com/playlist?list=RDTMAK5uy_n_5IN6hzAOwdCnM8D8rzrs3vDl12UcZpA,22,IOmMZBZGBps,https://music.youtube.com/watch?v=IOmMZBZGBps,Last Man Standing,Hammerfall,UCOspMA8k5GDzhPH7EsZ_IwQ,,2007-10-01T04:06:23-07:00,239,False,youtube_video_view_count,32447739,32447739,7.511184439995119,High,100.0,top_third_vs_final_balanced,above_final_balanced_max,65199.0,4.814219747922499,497.6723416003313,2.69696469207262,,,,youtube_artist_subscribers,108000,108K,249,MUSIC_VIDEO_TYPE_OMV,2026-07-23T11:37:01+00:00,user_10,missing album browse id
recommended,weekly_recommendation,Week1_21July,1,Youtube,User10,10,experiment_results/Week1_21July/Youtube/User10/Week1_User10_21.07.csv,Discover Mix,RDTMAK5uy_n_5IN6hzAOwdCnM8D8rzrs3vDl12UcZpA,https://music.youtube.com/playlist?list=RDTMAK5uy_n_5IN6hzAOwdCnM8D8rzrs3vDl12UcZpA,23,aXsLlOPwe48,https://music.youtube.com/watch?v=aXsLlOPwe48,Altay,Otyken,UCv_jCq2Ahreh7TaKoWRA19Q,,2023-11-09T07:32:16-08:00,249,False,youtube_video_view_count,27186220,27186220,7.434348827033491,High,100.0,top_third_vs_final_balanced,above_final_balanced_max,65199.0,4.814219747922499,416.972959707971,2.620129079110993,,,,youtube_artist_subscribers,1050000,1.05M,249,MUSIC_VIDEO_TYPE_OMV,2026-07-23T11:37:01+00:00,user_10,missing album browse id
recommended,weekly_recommendation,Week1_21July,1,Youtube,User10,10,experiment_results/Week1_21July/Youtube/User10/Week1_User10_21.07.csv,Discover Mix,RDTMAK5uy_n_5IN6hzAOwdCnM8D8rzrs3vDl12UcZpA,https://music.youtube.com/playlist?list=RDTMAK5uy_n_5IN6hzAOwdCnM8D8rzrs3vDl12UcZpA,24,8Q7jdWiYsUs,https://music.youtube.com/watch?v=8Q7jdWiYsUs,The Last Saskatchewan Pirate,Alestorm,UCpmH4GvnC0AmPhrLUAKJyUg,,2024-05-24T14:21:00-07:00,252,False,youtube_video_view_count,711813,711813,5.8523659153575,Buffer,66.66666666666667,middle_third_vs_final_balanced,between_final_balanced_tier_ranges,65199.0,4.814219747922499,10.917544747618829,1.0381461674350012,,,,youtube_artist_subscribers,116000,116K,249,MUSIC_VIDEO_TYPE_OMV,2026-07-23T11:37:01+00:00,user_10,missing album browse id
recommended,weekly_recommendation,Week1_21July,1,Youtube,User10,10,experiment_results/Week1_21July/Youtube/User10/Week1_User10_21.07.csv,Discover Mix,RDTMAK5uy_n_5IN6hzAOwdCnM8D8rzrs3vDl12UcZpA,https://music.youtube.com/playlist?list=RDTMAK5uy_n_5IN6hzAOwdCnM8D8rzrs3vDl12UcZpA,25,xhhu_YUDK-Y,https://music.youtube.com/watch?v=xhhu_YUDK-Y,Remember,Tungsten,UCXZL5WaWwdiGOlJb0JRwpKQ,We Will Rise,2020-06-26T09:19:15-07:00,220,False,youtube_video_view_count,139775,139775,5.14542950093071,Middle,56.666666666666664,middle_third_vs_final_balanced,within_final_balanced_middle_range,65199.0,4.814219747922499,2.143821224251906,0.33120975300821165,,,,youtube_artist_subscribers,6390,6.39K,123,MUSIC_VIDEO_TYPE_ATV,2026-07-23T11:37:01+00:00,user_10,
recommended,weekly_recommendation,Week1_21July,1,Youtube,User10,10,experiment_results/Week1_21July/Youtube/User10/Week1_User10_21.07.csv,Discover Mix,RDTMAK5uy_n_5IN6hzAOwdCnM8D8rzrs3vDl12UcZpA,https://music.youtube.com/playlist?list=RDTMAK5uy_n_5IN6hzAOwdCnM8D8rzrs3vDl12UcZpA,26,-1dM-pwNQ7w,https://music.youtube.com/watch?v=-1dM-pwNQ7w,Reverent of Rats,Mystic Prophecy,UCoGJu-rzMc5CGoIhSgH1T8A,Interludium (Deluxe Version),2023-10-17T04:27:02-07:00,177,False,youtube_video_view_count,152445,152445,5.183113184634362,Middle,56.666666666666664,middle_third_vs_final_balanced,within_final_balanced_middle_range,65199.0,4.814219747922499,2.3381493581189896,0.36889343671186303,,,,youtube_artist_subscribers,8420,8.42K,122,MUSIC_VIDEO_TYPE_ATV,2026-07-23T11:37:01+00:00,user_10,
recommended,weekly_recommendation,Week1_21July,1,Youtube,User10,10,experiment_results/Week1_21July/Youtube/User10/Week1_User10_21.07.csv,Discover Mix,RDTMAK5uy_n_5IN6hzAOwdCnM8D8rzrs3vDl12UcZpA,https://music.youtube.com/playlist?list=RDTMAK5uy_n_5IN6hzAOwdCnM8D8rzrs3vDl12UcZpA,27,Y06yUTCsXyU,https://music.youtube.com/watch?v=Y06yUTCsXyU,S.O.S.,At Vance,UCunSqRntuwll6L1fOONNDPQ,Heart of Steel,2025-12-16T06:56:00-08:00,208,False,youtube_video_view_count,115146,115146,5.061248855820868,Middle,53.333333333333336,middle_third_vs_final_balanced,within_final_balanced_middle_range,65199.0,4.814219747922499,1.7660700317489533,0.24702910789836974,,,,youtube_artist_subscribers,6960,6.96K,249,MUSIC_VIDEO_TYPE_ATV,2026-07-23T11:37:01+00:00,user_10,
recommended,weekly_recommendation,Week1_21July,1,Youtube,User10,10,experiment_results/Week1_21July/Youtube/User10/Week1_User10_21.07.csv,Discover Mix,RDTMAK5uy_n_5IN6hzAOwdCnM8D8rzrs3vDl12UcZpA,https://music.youtube.com/playlist?list=RDTMAK5uy_n_5IN6hzAOwdCnM8D8rzrs3vDl12UcZpA,28,tVgUKJzDMnI,https://music.youtube.com/watch?v=tVgUKJzDMnI,Ljósálfur,SKÁLD,UC-wIawlQBEwyFmemXR_eb9A,Huldufólk,2023-01-19T02:04:39-08:00,188,False,youtube_video_view_count,1543285,1543285,6.18844613507022,High,73.33333333333333,top_third_vs_final_balanced,within_final_balanced_high_range,65199.0,4.814219747922499,23.670378380036503,1.3742263871477212,,,,youtube_artist_subscribers,505000,505K,121,MUSIC_VIDEO_TYPE_ATV,2026-07-23T11:37:01+00:00,user_10,
recommended,weekly_recommendation,Week1_21July,1,Youtube,User10,10,experiment_results/Week1_21July/Youtube/User10/Week1_User10_21.07.csv,Discover Mix,RDTMAK5uy_n_5IN6hzAOwdCnM8D8rzrs3vDl12UcZpA,https://music.youtube.com/playlist?list=RDTMAK5uy_n_5IN6hzAOwdCnM8D8rzrs3vDl12UcZpA,29,ufgmGRkUCsM,https://music.youtube.com/watch?v=ufgmGRkUCsM,"No Pain, No Gain",Majestica,UC0oLl-AD2ikFO_WDmG4YMzw,Power Train,2025-02-06T02:01:06-08:00,215,False,youtube_video_view_count,2285558,2285558,6.358992246741227,High,76.66666666666667,top_third_vs_final_balanced,within_final_balanced_high_range,65199.0,4.814219747922499,35.05510820718109,1.5447724988187286,,,,youtube_artist_subscribers,28900,28.9K,249,MUSIC_VIDEO_TYPE_ATV,2026-07-23T11:37:01+00:00,user_10,
recommended,weekly_recommendation,Week1_21July,1,Youtube,User10,10,experiment_results/Week1_21July/Youtube/User10/Week1_User10_21.07.csv,Discover Mix,RDTMAK5uy_n_5IN6hzAOwdCnM8D8rzrs3vDl12UcZpA,https://music.youtube.com/playlist?list=RDTMAK5uy_n_5IN6hzAOwdCnM8D8rzrs3vDl12UcZpA,30,u9Dg-g7t2l4,https://music.youtube.com/watch?v=u9Dg-g7t2l4,The Sound of Silence,Disturbed,UCMHHDXMvnMKRzuEKtMe8ZRA,,2015-12-08T07:28:55-08:00,263,False,youtube_video_view_count,1187818450,1187818450,9.074750066749187,High,100.0,top_third_vs_final_balanced,above_final_balanced_max,65199.0,4.814219747922499,18218.353809107502,4.260530318826689,,,,youtube_artist_subscribers,5110000,5.11M,249,MUSIC_VIDEO_TYPE_OMV,2026-07-23T11:37:01+00:00,user_10,missing album browse id
recommended,weekly_recommendation,Week2_28July,2,Spotify,User1,1,experiment_results/Week2_28July/Spotify/User1/Week2_User1_spotify_metadata.csv,Week2_User1,0gQW7Y0E9raEHN0YTH4IIm,https://open.spotify.com/playlist/0gQW7Y0E9raEHN0YTH4IIm,1,7mBlBHsCrl4sVGDhSUrZRC,https://open.spotify.com/track/7mBlBHsCrl4sVGDhSUrZRC,Hour to Live,Skull Fist,6V6MyDcytW48stIykhH937,Chasing the Dream,2014-01-10,258.200,False,spotify_artist_monthly_listeners,26667,"26,667",4.425974160919376,,43.333333333333336,middle_third_vs_final_balanced,within_final_balanced_middle_range,30091.0,4.478139338658135,0.8862118241334618,-0.05216517773875928,,,,spotify_track_api_popularity,,,0,track,2026-07-28T18:02:42+00:00,Aysima Karçaaltıncaba,
recommended,weekly_recommendation,Week2_28July,2,Spotify,User1,1,experiment_results/Week2_28July/Spotify/User1/Week2_User1_spotify_metadata.csv,Week2_User1,0gQW7Y0E9raEHN0YTH4IIm,https://open.spotify.com/playlist/0gQW7Y0E9raEHN0YTH4IIm,2,0xdyzvMeQh0PHh3sZmS0MY,https://open.spotify.com/track/0xdyzvMeQh0PHh3sZmS0MY,(We Make) Sweden Rock,HammerFall,2o18h28enlHxj887tATc58,Dominion,2019-08-16,255.526,False,spotify_artist_monthly_listeners,855521,"855,521",5.932230674393992,,73.33333333333333,top_third_vs_final_balanced,within_final_balanced_high_range,30091.0,4.478139338658135,28.431125585723304,1.454091335735857,,,,spotify_track_api_popularity,,,0,track,2026-07-28T18:02:42+00:00,Aysima Karçaaltıncaba,
recommended,weekly_recommendation,Week2_28July,2,Spotify,User1,1,experiment_results/Week2_28July/Spotify/User1/Week2_User1_spotify_metadata.csv,Week2_User1,0gQW7Y0E9raEHN0YTH4IIm,https://open.spotify.com/playlist/0gQW7Y0E9raEHN0YTH4IIm,3,574pGyzXZeV8TcoejbitiM,https://open.spotify.com/track/574pGyzXZeV8TcoejbitiM,Into the Storm - Remastered 2007,Blind Guardian,7jxJ25p0pPjk0MStloN6o6,Nightfall in Middle Earth (Remastered 2007),1998-04-28,264.746,False,spotify_artist_monthly_listeners,598890,"598,890",5.77734706148782,,70.0,top_third_vs_final_balanced,within_final_balanced_high_range,30091.0,4.478139338658135,19.902628692964672,1.299207722829685,,,,spotify_track_api_popularity,,,0,track,2026-07-28T18:02:42+00:00,Aysima Karçaaltıncaba,
recommended,weekly_recommendation,Week2_28July,2,Spotify,User1,1,experiment_results/Week2_28July/Spotify/User1/Week2_User1_spotify_metadata.csv,Week2_User1,0gQW7Y0E9raEHN0YTH4IIm,https://open.spotify.com/playlist/0gQW7Y0E9raEHN0YTH4IIm,4,2bBUHwOa8alimc1TiXg1oY,https://open.spotify.com/track/2bBUHwOa8alimc1TiXg1oY,War of the Gods,Amon Amarth,3pulcT2wt7FEG10lQlqDJL,Surtur Rising,2011-03-29,273.253,False,spotify_artist_monthly_listeners,1132677,"1,132,677",6.054106081869729,,73.33333333333333,top_third_vs_final_balanced,within_final_balanced_high_range,30091.0,4.478139338658135,37.6417201156492,1.5759667432115938,,,,spotify_track_api_popularity,,,0,track,2026-07-28T18:02:42+00:00,Aysima Karçaaltıncaba,
recommended,weekly_recommendation,Week2_28July,2,Spotify,User1,1,experiment_results/Week2_28July/Spotify/User1/Week2_User1_spotify_metadata.csv,Week2_User1,0gQW7Y0E9raEHN0YTH4IIm,https://open.spotify.com/playlist/0gQW7Y0E9raEHN0YTH4IIm,5,7ht4SHDXCtttLSabtIQ9XA,https://open.spotify.com/track/7ht4SHDXCtttLSabtIQ9XA,Eagleheart,Stratovarius,1O8CSXsPwEqxcoBE360PPO,"Elements, Pt. 1&2 (Complete Edition)",2014-12-05,230.266,False,spotify_artist_monthly_listeners,847091,"847,091",5.927930067562097,,73.33333333333333,top_third_vs_final_balanced,within_final_balanced_high_range,30091.0,4.478139338658135,28.150975374696753,1.4497907289039622,,,,spotify_track_api_popularity,,,0,track,2026-07-28T18:02:42+00:00,Aysima Karçaaltıncaba,
recommended,weekly_recommendation,Week2_28July,2,Spotify,User1,1,experiment_results/Week2_28July/Spotify/User1/Week2_User1_spotify_metadata.csv,Week2_User1,0gQW7Y0E9raEHN0YTH4IIm,https://open.spotify.com/playlist/0gQW7Y0E9raEHN0YTH4IIm,6,4CwkuuBz81F5i3sGhJESNM,https://open.spotify.com/track/4CwkuuBz81F5i3sGhJESNM,Send Me a Sign - Remastered,Gamma Ray,6LZE884lDIsCSLHuTplfGp,The Best (Of),2015-01-30,247.273,False,spotify_artist_monthly_listeners,168685,"168,685",5.227076465476729,,63.333333333333336,middle_third_vs_final_balanced,within_final_balanced_middle_range,30091.0,4.478139338658135,5.60582898541092,0.7489371268185945,,,,spotify_track_api_popularity,,,0,track,2026-07-28T18:02:42+00:00,Aysima Karçaaltıncaba,
recommended,weekly_recommendation,Week2_28July,2,Spotify,User1,1,experiment_results/Week2_28July/Spotify/User1/Week2_User1_spotify_metadata.csv,Week2_User1,0gQW7Y0E9raEHN0YTH4IIm,https://open.spotify.com/playlist/0gQW7Y0E9raEHN0YTH4IIm,7,7fkcqrzdbgIa4vthgYN3vs,https://open.spotify.com/track/7fkcqrzdbgIa4vthgYN3vs,Unisonic,Unisonic,3DDcmHnwKjM4sQ8qm34JMU,Unisonic,2012-03-30,205.866,False,spotify_artist_monthly_listeners,28744,"28,744",4.458547204196593,,46.666666666666664,middle_third_vs_final_balanced,within_final_balanced_middle_range,30091.0,4.478139338658135,0.9552357847861487,-0.019592134461541733,,,,spotify_track_api_popularity,,,0,track,2026-07-28T18:02:42+00:00,Aysima Karçaaltıncaba,
recommended,weekly_recommendation,Week2_28July,2,Spotify,User1,1,experiment_results/Week2_28July/Spotify/User1/Week2_User1_spotify_metadata.csv,Week2_User1,0gQW7Y0E9raEHN0YTH4IIm,https://open.spotify.com/playlist/0gQW7Y0E9raEHN0YTH4IIm,8,0viBuplbZts6o5ftiQkWU2,https://open.spotify.com/track/0viBuplbZts6o5ftiQkWU2,Triumph and Power,Grand Magus,7GTkjp7qsfmx8iJzBUQLmN,Triumph and Power,2014-01-31,276.826,False,spotify_artist_monthly_listeners,32939,"32,939",4.517710410223103,,56.666666666666664,middle_third_vs_final_balanced,within_final_balanced_middle_range,30091.0,4.478139338658135,1.094646239739457,0.03957107156496775,,,,spotify_track_api_popularity,,,0,track,2026-07-28T18:02:42+00:00,Aysima Karçaaltıncaba,
recommended,weekly_recommendation,Week2_28July,2,Spotify,User1,1,experiment_results/Week2_28July/Spotify/User1/Week2_User1_spotify_metadata.csv,Week2_User1,0gQW7Y0E9raEHN0YTH4IIm,https://open.spotify.com/playlist/0gQW7Y0E9raEHN0YTH4IIm,9,7aYO9WJaSC8m7YpT0bM5Ke,https://open.spotify.com/track/7aYO9WJaSC8m7YpT0bM5Ke,In My Sword I Trust,Ensiferum,0krXCIkthz13P8o0v2tksH,Unsung Heroes (Japan Version),2012-01-01,320.426,False,spotify_artist_monthly_listeners,191439,"191,439",5.2820304170323755,,63.333333333333336,middle_third_vs_final_balanced,within_final_balanced_middle_range,30091.0,4.478139338658135,6.362001927486624,0.8038910783742406,,,,spotify_track_api_popularity,,,0,track,2026-07-28T18:02:42+00:00,Aysima Karçaaltıncaba,
recommended,weekly_recommendation,Week2_28July,2,Spotify,User1,1,experiment_results/Week2_28July/Spotify/User1/Week2_User1_spotify_metadata.csv,Week2_User1,0gQW7Y0E9raEHN0YTH4IIm,https://open.spotify.com/playlist/0gQW7Y0E9raEHN0YTH4IIm,10,0qwHMBslXUZo7ePfVYnU5X,https://open.spotify.com/track/0qwHMBslXUZo7ePfVYnU5X,Frozen Angel,Norther,7FYqu76teK16FSlw4ZYFhW,N,2008-07-13,246.826,False,spotify_artist_monthly_listeners,30981,"30,981",4.491095431740579,,50.0,middle_third_vs_final_balanced,within_final_balanced_middle_range,30091.0,4.478139338658135,1.0295769499185803,0.012956093082443942,,,,spotify_track_api_popularity,,,0,track,2026-07-28T18:02:42+00:00,Aysima Karçaaltıncaba,
recommended,weekly_recommendation,Week2_28July,2,Spotify,User1,1,experiment_results/Week2_28July/Spotify/User1/Week2_User1_spotify_metadata.csv,Week2_User1,0gQW7Y0E9raEHN0YTH4IIm,https://open.spotify.com/playlist/0gQW7Y0E9raEHN0YTH4IIm,11,2yUkX5Ea2NwodDJPvvsTxR,https://open.spotify.com/track/2yUkX5Ea2NwodDJPvvsTxR,Lucretia My Reflection,Warrel Dane,1qrGnVZhEO4vX3ahn4RY1r,Praises To The War Machine,2008-06-10,278.360,False,spotify_artist_monthly_listeners,10317,"10,317",4.013553430541676,,33.333333333333336,middle_third_vs_final_balanced,between_final_balanced_tier_ranges,30091.0,4.478139338658135,0.3428599913595427,-0.46458590811645895,,,,spotify_track_api_popularity,,,0,track,2026-07-28T18:02:42+00:00,Aysima Karçaaltıncaba,
recommended,weekly_recommendation,Week2_28July,2,Spotify,User1,1,experiment_results/Week2_28July/Spotify/User1/Week2_User1_spotify_metadata.csv,Week2_User1,0gQW7Y0E9raEHN0YTH4IIm,https://open.spotify.com/playlist/0gQW7Y0E9raEHN0YTH4IIm,12,1dRiQJ2wsUcyL3S12MdUTw,https://open.spotify.com/track/1dRiQJ2wsUcyL3S12MdUTw,Steel and Silver,Visigoth,36Fw8K3uH9kPWEkZilzk86,Conqueror's Oath,2018-02-09,361.853,False,spotify_artist_monthly_listeners,24471,"24,471",4.388651717026825,,36.666666666666664,middle_third_vs_final_balanced,within_final_balanced_middle_range,30091.0,4.478139338658135,0.8132331926489648,-0.08948762163131008,,,,spotify_track_api_popularity,,,0,track,2026-07-28T18:02:42+00:00,Aysima Karçaaltıncaba,
recommended,weekly_recommendation,Week2_28July,2,Spotify,User1,1,experiment_results/Week2_28July/Spotify/User1/Week2_User1_spotify_metadata.csv,Week2_User1,0gQW7Y0E9raEHN0YTH4IIm,https://open.spotify.com/playlist/0gQW7Y0E9raEHN0YTH4IIm,13,1xBR8Ne5wclgRXAiNTycei,https://open.spotify.com/track/1xBR8Ne5wclgRXAiNTycei,I Am Alive,Primal Fear,1yfiDL3YUEJlQCgb5Pun6g,Metal Commando,2020-07-24,274.826,False,spotify_artist_monthly_listeners,104665,"104,665",5.0198014777812645,,60.0,middle_third_vs_final_balanced,within_final_balanced_middle_range,30091.0,4.478139338658135,3.4782825429530426,0.5416621391231295,,,,spotify_track_api_popularity,,,0,track,2026-07-28T18:02:42+00:00,Aysima Karçaaltıncaba,
recommended,weekly_recommendation,Week2_28July,2,Spotify,User1,1,experiment_results/Week2_28July/Spotify/User1/Week2_User1_spotify_metadata.csv,Week2_User1,0gQW7Y0E9raEHN0YTH4IIm,https://open.spotify.com/playlist/0gQW7Y0E9raEHN0YTH4IIm,14,7xkqn8jhdDyTpzfTloh9NN,https://open.spotify.com/track/7xkqn8jhdDyTpzfTloh9NN,Wisdom of the Kings,Rhapsody,0zQfrabOFYf36Ikb6PXcCY,Symphony of Enchanted Lands,1998,268.693,False,spotify_artist_monthly_listeners,368456,"368,456",5.566385633041399,,66.66666666666667,middle_third_vs_final_balanced,between_final_balanced_tier_ranges,30091.0,4.478139338658135,12.244724336180253,1.0882462943832643,,,,spotify_track_api_popularity,,,0,track,2026-07-28T18:02:42+00:00,Aysima Karçaaltıncaba,
recommended,weekly_recommendation,Week2_28July,2,Spotify,User1,1,experiment_results/Week2_28July/Spotify/User1/Week2_User1_spotify_metadata.csv,Week2_User1,0gQW7Y0E9raEHN0YTH4IIm,https://open.spotify.com/playlist/0gQW7Y0E9raEHN0YTH4IIm,15,2sTY4LYxBBf3FhetMRGh2H,https://open.spotify.com/track/2sTY4LYxBBf3FhetMRGh2H,Desecrator,Ambush,5ZnuwxU3BQDmhQSdZO743a,Desecrator,2015-10-30,247.541,False,spotify_artist_monthly_listeners,30871,"30,871",4.48955069775057,,50.0,middle_third_vs_final_balanced,within_final_balanced_middle_range,30091.0,4.478139338658135,1.0259213718387559,0.011411359092434736,,,,spotify_track_api_popularity,,,0,track,2026-07-28T18:02:42+00:00,Aysima Karçaaltıncaba,
recommended,weekly_recommendation,Week2_28July,2,Spotify,User1,1,experiment_results/Week2_28July/Spotify/User1/Week2_User1_spotify_metadata.csv,Week2_User1,0gQW7Y0E9raEHN0YTH4IIm,https://open.spotify.com/playlist/0gQW7Y0E9raEHN0YTH4IIm,16,4WkdoleJNVD46dOS03j821,https://open.spotify.com/track/4WkdoleJNVD46dOS03j821,Hate Me,Children Of Bodom,1xUhNgw4eJDZfvumIpcz1B,Follow The Reaper,2000-10-30,284.733,True,spotify_artist_monthly_listeners,759719,"759,719",5.880652987918004,,73.33333333333333,top_third_vs_final_balanced,within_final_balanced_high_range,30091.0,4.478139338658135,25.247382938420127,1.4025136492598689,,,,spotify_track_api_popularity,,,0,track,2026-07-28T18:02:42+00:00,Aysima Karçaaltıncaba,
recommended,weekly_recommendation,Week2_28July,2,Spotify,User1,1,experiment_results/Week2_28July/Spotify/User1/Week2_User1_spotify_metadata.csv,Week2_User1,0gQW7Y0E9raEHN0YTH4IIm,https://open.spotify.com/playlist/0gQW7Y0E9raEHN0YTH4IIm,17,68tA0cl2dkuQNOIlr4qnEw,https://open.spotify.com/track/68tA0cl2dkuQNOIlr4qnEw,I Am the Anger,Firewind,70I9vE7YTwKmelfEplXc5r,Burning Earth,2003-01-01,227.826,False,spotify_artist_monthly_listeners,106431,"106,431",5.027068142696396,,60.0,middle_third_vs_final_balanced,within_final_balanced_middle_range,30091.0,4.478139338658135,3.5369711873982252,0.5489288040382609,,,,spotify_track_api_popularity,,,0,track,2026-07-28T18:02:42+00:00,Aysima Karçaaltıncaba,
recommended,weekly_recommendation,Week2_28July,2,Spotify,User1,1,experiment_results/Week2_28July/Spotify/User1/Week2_User1_spotify_metadata.csv,Week2_User1,0gQW7Y0E9raEHN0YTH4IIm,https://open.spotify.com/playlist/0gQW7Y0E9raEHN0YTH4IIm,18,4oNnIsGr61LVTPTyfa1zyx,https://open.spotify.com/track/4oNnIsGr61LVTPTyfa1zyx,Steal Away the Light,Triosphere,0hk3NBCfedrc9J4qj27UxG,The Heart of the Matter,2014-01-01,233.218,False,spotify_artist_monthly_listeners,22697,"22,697",4.355968457653611,,36.666666666666664,middle_third_vs_final_balanced,within_final_balanced_middle_range,30091.0,4.478139338658135,0.7542786879797946,-0.12217088100452411,,,,spotify_track_api_popularity,,,0,track,2026-07-28T18:02:42+00:00,Aysima Karçaaltıncaba,
recommended,weekly_recommendation,Week2_28July,2,Spotify,User1,1,experiment_results/Week2_28July/Spotify/User1/Week2_User1_spotify_metadata.csv,Week2_User1,0gQW7Y0E9raEHN0YTH4IIm,https://open.spotify.com/playlist/0gQW7Y0E9raEHN0YTH4IIm,19,4nNvSTWVXhoTlMlGRqduIT,https://open.spotify.com/track/4nNvSTWVXhoTlMlGRqduIT,Raven Wing,Iced Earth,3KEixcRfBS5K3E91Vn1Kdy,Incorruptible,2017-06-16,385.800,False,spotify_artist_monthly_listeners,220147,"220,147",5.342712771592851,,66.66666666666667,middle_third_vs_final_balanced,between_final_balanced_tier_ranges,30091.0,4.478139338658135,7.31604134126483,0.8645734329347157,,,,spotify_track_api_popularity,,,0,track,2026-07-28T18:02:42+00:00,Aysima Karçaaltıncaba,
recommended,weekly_recommendation,Week2_28July,2,Spotify,User1,1,experiment_results/Week2_28July/Spotify/User1/Week2_User1_spotify_metadata.csv,Week2_User1,0gQW7Y0E9raEHN0YTH4IIm,https://open.spotify.com/playlist/0gQW7Y0E9raEHN0YTH4IIm,20,4KS0wEQgZJjchHwYPch1OA,https://open.spotify.com/track/4KS0wEQgZJjchHwYPch1OA,I Walk Alone,Jorn,5SaDyTQkjAAdrsmhPzrmw2,Spirit Black,2009-06-05,267.880,False,spotify_artist_monthly_listeners,271120,"271,120",5.433161555829322,,66.66666666666667,middle_third_vs_final_balanced,between_final_balanced_tier_ranges,30091.0,4.478139338658135,9.01000299092752,0.9550222171711873,,,,spotify_track_api_popularity,,,0,track,2026-07-28T18:02:42+00:00,Aysima Karçaaltıncaba,
recommended,weekly_recommendation,Week2_28July,2,Spotify,User1,1,experiment_results/Week2_28July/Spotify/User1/Week2_User1_spotify_metadata.csv,Week2_User1,0gQW7Y0E9raEHN0YTH4IIm,https://open.spotify.com/playlist/0gQW7Y0E9raEHN0YTH4IIm,21,2JjRySKmXZGHRyCHOyhDr9,https://open.spotify.com/track/2JjRySKmXZGHRyCHOyhDr9,Edge of Thorns,Savatage,3N1B1g6JtIgd6ClRkzD4yT,Edge of Thorns (Bonus Track Edition),1993,356.160,False,spotify_artist_monthly_listeners,383266,"383,266",5.583500294163507,,66.66666666666667,middle_third_vs_final_balanced,between_final_balanced_tier_ranges,30091.0,4.478139338658135,12.73689807583663,1.1053609555053718,,,,spotify_track_api_popularity,,,0,track,2026-07-28T18:02:42+00:00,Aysima Karçaaltıncaba,
recommended,weekly_recommendation,Week2_28July,2,Spotify,User1,1,experiment_results/Week2_28July/Spotify/User1/Week2_User1_spotify_metadata.csv,Week2_User1,0gQW7Y0E9raEHN0YTH4IIm,https://open.spotify.com/playlist/0gQW7Y0E9raEHN0YTH4IIm,22,2soaqea9OtrB2gD36zNF6s,https://open.spotify.com/track/2soaqea9OtrB2gD36zNF6s,Tears of a Mandrake,Edguy,3AGFqPP3gt5rMSvhR87Xxu,Mandrake,2001-09-24,431.693,False,spotify_artist_monthly_listeners,290291,"290,291",5.462833571446806,,66.66666666666667,middle_third_vs_final_balanced,between_final_balanced_tier_ranges,30091.0,4.478139338658135,9.647103785184939,0.9846942327886712,,,,spotify_track_api_popularity,,,0,track,2026-07-28T18:02:42+00:00,Aysima Karçaaltıncaba,
recommended,weekly_recommendation,Week2_28July,2,Spotify,User1,1,experiment_results/Week2_28July/Spotify/User1/Week2_User1_spotify_metadata.csv,Week2_User1,0gQW7Y0E9raEHN0YTH4IIm,https://open.spotify.com/playlist/0gQW7Y0E9raEHN0YTH4IIm,23,5u6vCWUMT8MWQKrDlBu8gQ,https://open.spotify.com/track/5u6vCWUMT8MWQKrDlBu8gQ,Battering Ram,Saxon,71vVmHeNgCVSa5SVmfvscU,Battering Ram,2015-10-16,296.034,False,spotify_artist_monthly_listeners,461715,"461,715",5.664373983954236,,66.66666666666667,middle_third_vs_final_balanced,between_final_balanced_tier_ranges,30091.0,4.478139338658135,15.34395666478349,1.1862346452961008,,,,spotify_track_api_popularity,,,0,track,2026-07-28T18:02:42+00:00,Aysima Karçaaltıncaba,
recommended,weekly_recommendation,Week2_28July,2,Spotify,User1,1,experiment_results/Week2_28July/Spotify/User1/Week2_User1_spotify_metadata.csv,Week2_User1,0gQW7Y0E9raEHN0YTH4IIm,https://open.spotify.com/playlist/0gQW7Y0E9raEHN0YTH4IIm,24,6KMwkN5WDdAnmfeYQfv93m,https://open.spotify.com/track/6KMwkN5WDdAnmfeYQfv93m,Diabolic,Demons & Wizards,4O6RDLeFX5xuQ7IePFzVcl,III,2020-02-21,481.125,False,spotify_artist_monthly_listeners,57273,"57,273",4.757949932359394,,56.666666666666664,middle_third_vs_final_balanced,within_final_balanced_middle_range,30091.0,4.478139338658135,1.9033265760526403,0.27981059370125916,,,,spotify_track_api_popularity,,,0,track,2026-07-28T18:02:42+00:00,Aysima Karçaaltıncaba,
recommended,weekly_recommendation,Week2_28July,2,Spotify,User1,1,experiment_results/Week2_28July/Spotify/User1/Week2_User1_spotify_metadata.csv,Week2_User1,0gQW7Y0E9raEHN0YTH4IIm,https://open.spotify.com/playlist/0gQW7Y0E9raEHN0YTH4IIm,25,7vh5WK78hqQU2mSq9jeGUT,https://open.spotify.com/track/7vh5WK78hqQU2mSq9jeGUT,The Pulse of the Dead,Parasite Inc.,54T3fmk25giTpL4mBmqIHy,Time Tears Down,2013-08-02,251.760,False,spotify_artist_monthly_listeners,121979,"121,979",5.086285068632585,,63.333333333333336,middle_third_vs_final_balanced,within_final_balanced_middle_range,30091.0,4.478139338658135,4.053670532717423,0.6081457299744502,,,,spotify_track_api_popularity,,,0,track,2026-07-28T18:02:42+00:00,Aysima Karçaaltıncaba,
recommended,weekly_recommendation,Week2_28July,2,Spotify,User1,1,experiment_results/Week2_28July/Spotify/User1/Week2_User1_spotify_metadata.csv,Week2_User1,0gQW7Y0E9raEHN0YTH4IIm,https://open.spotify.com/playlist/0gQW7Y0E9raEHN0YTH4IIm,26,5IF7E1KDhfYaucurjPSTLJ,https://open.spotify.com/track/5IF7E1KDhfYaucurjPSTLJ,In Flames You Burn,Dream Evil,1bkf8u8ot6vEpWTJFBzKZB,Dragonslayer,2002-07-13,274.373,False,spotify_artist_monthly_listeners,167278,"167,278",5.223438827352918,,63.333333333333336,middle_third_vs_final_balanced,within_final_balanced_middle_range,30091.0,4.478139338658135,5.5590708185171644,0.7452994886947835,,,,spotify_track_api_popularity,,,0,track,2026-07-28T18:02:42+00:00,Aysima Karçaaltıncaba,
recommended,weekly_recommendation,Week2_28July,2,Spotify,User1,1,experiment_results/Week2_28July/Spotify/User1/Week2_User1_spotify_metadata.csv,Week2_User1,0gQW7Y0E9raEHN0YTH4IIm,https://open.spotify.com/playlist/0gQW7Y0E9raEHN0YTH4IIm,27,0XDbyUyp6PgCbbjjNEeRwx,https://open.spotify.com/track/0XDbyUyp6PgCbbjjNEeRwx,The Evil Kin,Kalmah,2YPVtFn6SsYNntkmrdDpGF,Palo,2018-06-04,255.240,False,spotify_artist_monthly_listeners,75519,"75,519",4.878056230530515,,60.0,middle_third_vs_final_balanced,within_final_balanced_middle_range,30091.0,4.478139338658135,2.509687281911535,0.39991689187237967,,,,spotify_track_api_popularity,,,0,track,2026-07-28T18:02:42+00:00,Aysima Karçaaltıncaba,
recommended,weekly_recommendation,Week2_28July,2,Spotify,User1,1,experiment_results/Week2_28July/Spotify/User1/Week2_User1_spotify_metadata.csv,Week2_User1,0gQW7Y0E9raEHN0YTH4IIm,https://open.spotify.com/playlist/0gQW7Y0E9raEHN0YTH4IIm,28,2wE7eJkf3IvxKwqiK3UoiO,https://open.spotify.com/track/2wE7eJkf3IvxKwqiK3UoiO,The Gods Made Heavy Metal,Manowar,4CzUzn54Cp9TQr6a7JIlMZ,Louder Than Hell,1996-01-01,363.893,False,spotify_artist_monthly_listeners,1037930,"1,037,930",6.016168064843028,,73.33333333333333,top_third_vs_final_balanced,within_final_balanced_high_range,30091.0,4.478139338658135,34.49303778538433,1.5380287261848933,,,,spotify_track_api_popularity,,,0,track,2026-07-28T18:02:42+00:00,Aysima Karçaaltıncaba,
recommended,weekly_recommendation,Week2_28July,2,Spotify,User1,1,experiment_results/Week2_28July/Spotify/User1/Week2_User1_spotify_metadata.csv,Week2_User1,0gQW7Y0E9raEHN0YTH4IIm,https://open.spotify.com/playlist/0gQW7Y0E9raEHN0YTH4IIm,29,0XJ91I6smUYRzRCGbU2N4b,https://open.spotify.com/track/0XJ91I6smUYRzRCGbU2N4b,One Heart One Soul,U.D.O.,2aWjaq32aRQo58dw0w8NM6,Steelfactory,2018-08-31,296.316,False,spotify_artist_monthly_listeners,191824,"191,824",5.282902942852888,,63.333333333333336,middle_third_vs_final_balanced,within_final_balanced_middle_range,30091.0,4.478139338658135,6.37479645076601,0.8047636041947532,,,,spotify_track_api_popularity,,,0,track,2026-07-28T18:02:42+00:00,Aysima Karçaaltıncaba,
recommended,weekly_recommendation,Week2_28July,2,Spotify,User1,1,experiment_results/Week2_28July/Spotify/User1/Week2_User1_spotify_metadata.csv,Week2_User1,0gQW7Y0E9raEHN0YTH4IIm,https://open.spotify.com/playlist/0gQW7Y0E9raEHN0YTH4IIm,30,7LBv83ZQoiqK0KBTrhDYFe,https://open.spotify.com/track/7LBv83ZQoiqK0KBTrhDYFe,Ravenlord,Mystic Prophecy,5kUzPpkPyNpxRYd66c8nYG,Ravenlord,2011-11-25,247.160,False,spotify_artist_monthly_listeners,148038,"148,038",5.170373209124836,,63.333333333333336,middle_third_vs_final_balanced,within_final_balanced_middle_range,30091.0,4.478139338658135,4.919676979827855,0.6922338704667013,,,,spotify_track_api_popularity,,,0,track,2026-07-28T18:02:42+00:00,Aysima Karçaaltıncaba,
recommended,weekly_recommendation,Week2_28July,2,Spotify,User2,2,experiment_results/Week2_28July/Spotify/User2/Week2_User2_spotify_metadata.csv,Week2_User2,4B6OTpHQaiyPHXU1R7F1JX,https://open.spotify.com/playlist/4B6OTpHQaiyPHXU1R7F1JX,1,5AIqIzZJQI7aLuiR3z5MXZ,https://open.spotify.com/track/5AIqIzZJQI7aLuiR3z5MXZ,Best Time,Helloween,4pQN0GB0fNEEOfQCaWotsY,Helloween,2021-06-18,215.757,False,spotify_artist_monthly_listeners,1431600,"1,431,600",6.155821689717967,,80.0,top_third_vs_final_balanced,within_final_balanced_high_range,30091.0,4.478139338658135,47.57568708251637,1.6776823510598318,,,,spotify_track_api_popularity,,,0,track,2026-07-28T18:02:42+00:00,Aysima Karçaaltıncaba,
recommended,weekly_recommendation,Week2_28July,2,Spotify,User2,2,experiment_results/Week2_28July/Spotify/User2/Week2_User2_spotify_metadata.csv,Week2_User2,4B6OTpHQaiyPHXU1R7F1JX,https://open.spotify.com/playlist/4B6OTpHQaiyPHXU1R7F1JX,2,574pGyzXZeV8TcoejbitiM,https://open.spotify.com/track/574pGyzXZeV8TcoejbitiM,Into the Storm - Remastered 2007,Blind Guardian,7jxJ25p0pPjk0MStloN6o6,Nightfall in Middle Earth (Remastered 2007),1998-04-28,264.746,False,spotify_artist_monthly_listeners,598890,"598,890",5.77734706148782,,70.0,top_third_vs_final_balanced,within_final_balanced_high_range,30091.0,4.478139338658135,19.902628692964672,1.299207722829685,,,,spotify_track_api_popularity,,,0,track,2026-07-28T18:02:42+00:00,Aysima Karçaaltıncaba,
recommended,weekly_recommendation,Week2_28July,2,Spotify,User2,2,experiment_results/Week2_28July/Spotify/User2/Week2_User2_spotify_metadata.csv,Week2_User2,4B6OTpHQaiyPHXU1R7F1JX,https://open.spotify.com/playlist/4B6OTpHQaiyPHXU1R7F1JX,3,0xdyzvMeQh0PHh3sZmS0MY,https://open.spotify.com/track/0xdyzvMeQh0PHh3sZmS0MY,(We Make) Sweden Rock,HammerFall,2o18h28enlHxj887tATc58,Dominion,2019-08-16,255.526,False,spotify_artist_monthly_listeners,855521,"855,521",5.932230674393992,,73.33333333333333,top_third_vs_final_balanced,within_final_balanced_high_range,30091.0,4.478139338658135,28.431125585723304,1.454091335735857,,,,spotify_track_api_popularity,,,0,track,2026-07-28T18:02:42+00:00,Aysima Karçaaltıncaba,
recommended,weekly_recommendation,Week2_28July,2,Spotify,User2,2,experiment_results/Week2_28July/Spotify/User2/Week2_User2_spotify_metadata.csv,Week2_User2,4B6OTpHQaiyPHXU1R7F1JX,https://open.spotify.com/playlist/4B6OTpHQaiyPHXU1R7F1JX,4,2bBUHwOa8alimc1TiXg1oY,https://open.spotify.com/track/2bBUHwOa8alimc1TiXg1oY,War of the Gods,Amon Amarth,3pulcT2wt7FEG10lQlqDJL,Surtur Rising,2011-03-29,273.253,False,spotify_artist_monthly_listeners,1132677,"1,132,677",6.054106081869729,,73.33333333333333,top_third_vs_final_balanced,within_final_balanced_high_range,30091.0,4.478139338658135,37.6417201156492,1.5759667432115938,,,,spotify_track_api_popularity,,,0,track,2026-07-28T18:02:42+00:00,Aysima Karçaaltıncaba,
recommended,weekly_recommendation,Week2_28July,2,Spotify,User2,2,experiment_results/Week2_28July/Spotify/User2/Week2_User2_spotify_metadata.csv,Week2_User2,4B6OTpHQaiyPHXU1R7F1JX,https://open.spotify.com/playlist/4B6OTpHQaiyPHXU1R7F1JX,5,0ZUPWnw89a0iLfNdcUiIm3,https://open.spotify.com/track/0ZUPWnw89a0iLfNdcUiIm3,Anthem,Iced Earth,3KEixcRfBS5K3E91Vn1Kdy,Dystopia,2011,294.613,False,spotify_artist_monthly_listeners,220147,"220,147",5.342712771592851,,66.66666666666667,middle_third_vs_final_balanced,between_final_balanced_tier_ranges,30091.0,4.478139338658135,7.31604134126483,0.8645734329347157,,,,spotify_track_api_popularity,,,0,track,2026-07-28T18:02:42+00:00,Aysima Karçaaltıncaba,
recommended,weekly_recommendation,Week2_28July,2,Spotify,User2,2,experiment_results/Week2_28July/Spotify/User2/Week2_User2_spotify_metadata.csv,Week2_User2,4B6OTpHQaiyPHXU1R7F1JX,https://open.spotify.com/playlist/4B6OTpHQaiyPHXU1R7F1JX,6,7ht4SHDXCtttLSabtIQ9XA,https://open.spotify.com/track/7ht4SHDXCtttLSabtIQ9XA,Eagleheart,Stratovarius,1O8CSXsPwEqxcoBE360PPO,"Elements, Pt. 1&2 (Complete Edition)",2014-12-05,230.266,False,spotify_artist_monthly_listeners,847091,"847,091",5.927930067562097,,73.33333333333333,top_third_vs_final_balanced,within_final_balanced_high_range,30091.0,4.478139338658135,28.150975374696753,1.4497907289039622,,,,spotify_track_api_popularity,,,0,track,2026-07-28T18:02:42+00:00,Aysima Karçaaltıncaba,
recommended,weekly_recommendation,Week2_28July,2,Spotify,User2,2,experiment_results/Week2_28July/Spotify/User2/Week2_User2_spotify_metadata.csv,Week2_User2,4B6OTpHQaiyPHXU1R7F1JX,https://open.spotify.com/playlist/4B6OTpHQaiyPHXU1R7F1JX,7,4CwkuuBz81F5i3sGhJESNM,https://open.spotify.com/track/4CwkuuBz81F5i3sGhJESNM,Send Me a Sign - Remastered,Gamma Ray,6LZE884lDIsCSLHuTplfGp,The Best (Of),2015-01-30,247.273,False,spotify_artist_monthly_listeners,168685,"168,685",5.227076465476729,,63.333333333333336,middle_third_vs_final_balanced,within_final_balanced_middle_range,30091.0,4.478139338658135,5.60582898541092,0.7489371268185945,,,,spotify_track_api_popularity,,,0,track,2026-07-28T18:02:42+00:00,Aysima Karçaaltıncaba,
recommended,weekly_recommendation,Week2_28July,2,Spotify,User2,2,experiment_results/Week2_28July/Spotify/User2/Week2_User2_spotify_metadata.csv,Week2_User2,4B6OTpHQaiyPHXU1R7F1JX,https://open.spotify.com/playlist/4B6OTpHQaiyPHXU1R7F1JX,8,0viBuplbZts6o5ftiQkWU2,https://open.spotify.com/track/0viBuplbZts6o5ftiQkWU2,Triumph and Power,Grand Magus,7GTkjp7qsfmx8iJzBUQLmN,Triumph and Power,2014-01-31,276.826,False,spotify_artist_monthly_listeners,32939,"32,939",4.517710410223103,,56.666666666666664,middle_third_vs_final_balanced,within_final_balanced_middle_range,30091.0,4.478139338658135,1.094646239739457,0.03957107156496775,,,,spotify_track_api_popularity,,,0,track,2026-07-28T18:02:42+00:00,Aysima Karçaaltıncaba,
recommended,weekly_recommendation,Week2_28July,2,Spotify,User2,2,experiment_results/Week2_28July/Spotify/User2/Week2_User2_spotify_metadata.csv,Week2_User2,4B6OTpHQaiyPHXU1R7F1JX,https://open.spotify.com/playlist/4B6OTpHQaiyPHXU1R7F1JX,9,2AQPuZzaegH8a65SWyq3YA,https://open.spotify.com/track/2AQPuZzaegH8a65SWyq3YA,Forever,Kamelot,7gTbq5nTZGQIUgjEGXQpOS,Karma,2001-07-19,246.293,False,spotify_artist_monthly_listeners,355443,"355,443",5.550769965768341,,66.66666666666667,middle_third_vs_final_balanced,between_final_balanced_tier_ranges,30091.0,4.478139338658135,11.81226944933701,1.0726306271102057,,,,spotify_track_api_popularity,,,0,track,2026-07-28T18:02:42+00:00,Aysima Karçaaltıncaba,
recommended,weekly_recommendation,Week2_28July,2,Spotify,User2,2,experiment_results/Week2_28July/Spotify/User2/Week2_User2_spotify_metadata.csv,Week2_User2,4B6OTpHQaiyPHXU1R7F1JX,https://open.spotify.com/playlist/4B6OTpHQaiyPHXU1R7F1JX,10,4qgDlkfqsbZ0q5tOSp0nqE,https://open.spotify.com/track/4qgDlkfqsbZ0q5tOSp0nqE,Blood of Heroes,Týr,6TmGNPW2oDM5uaXBILozGa,Valkyrja,2013-09-17,221.506,False,spotify_artist_monthly_listeners,132643,"132,643",5.12268433579902,,63.333333333333336,middle_third_vs_final_balanced,within_final_balanced_middle_range,30091.0,4.478139338658135,4.408062211292413,0.6445449971408852,,,,spotify_track_api_popularity,,,0,track,2026-07-28T18:02:42+00:00,Aysima Karçaaltıncaba,
recommended,weekly_recommendation,Week2_28July,2,Spotify,User2,2,experiment_results/Week2_28July/Spotify/User2/Week2_User2_spotify_metadata.csv,Week2_User2,4B6OTpHQaiyPHXU1R7F1JX,https://open.spotify.com/playlist/4B6OTpHQaiyPHXU1R7F1JX,11,5XJ1jQYn3l4KCNx3IoIC3r,https://open.spotify.com/track/5XJ1jQYn3l4KCNx3IoIC3r,Way of the Warrior,Ensiferum,0krXCIkthz13P8o0v2tksH,Two Paths,2017-09-15,237.226,False,spotify_artist_monthly_listeners,191439,"191,439",5.2820304170323755,,63.333333333333336,middle_third_vs_final_balanced,within_final_balanced_middle_range,30091.0,4.478139338658135,6.362001927486624,0.8038910783742406,,,,spotify_track_api_popularity,,,0,track,2026-07-28T18:02:42+00:00,Aysima Karçaaltıncaba,
recommended,weekly_recommendation,Week2_28July,2,Spotify,User2,2,experiment_results/Week2_28July/Spotify/User2/Week2_User2_spotify_metadata.csv,Week2_User2,4B6OTpHQaiyPHXU1R7F1JX,https://open.spotify.com/playlist/4B6OTpHQaiyPHXU1R7F1JX,12,1dRiQJ2wsUcyL3S12MdUTw,https://open.spotify.com/track/1dRiQJ2wsUcyL3S12MdUTw,Steel and Silver,Visigoth,36Fw8K3uH9kPWEkZilzk86,Conqueror's Oath,2018-02-09,361.853,False,spotify_artist_monthly_listeners,24471,"24,471",4.388651717026825,,36.666666666666664,middle_third_vs_final_balanced,within_final_balanced_middle_range,30091.0,4.478139338658135,0.8132331926489648,-0.08948762163131008,,,,spotify_track_api_popularity,,,0,track,2026-07-28T18:02:42+00:00,Aysima Karçaaltıncaba,
recommended,weekly_recommendation,Week2_28July,2,Spotify,User2,2,experiment_results/Week2_28July/Spotify/User2/Week2_User2_spotify_metadata.csv,Week2_User2,4B6OTpHQaiyPHXU1R7F1JX,https://open.spotify.com/playlist/4B6OTpHQaiyPHXU1R7F1JX,13,2yUkX5Ea2NwodDJPvvsTxR,https://open.spotify.com/track/2yUkX5Ea2NwodDJPvvsTxR,Lucretia My Reflection,Warrel Dane,1qrGnVZhEO4vX3ahn4RY1r,Praises To The War Machine,2008-06-10,278.360,False,spotify_artist_monthly_listeners,10317,"10,317",4.013553430541676,,33.333333333333336,middle_third_vs_final_balanced,between_final_balanced_tier_ranges,30091.0,4.478139338658135,0.3428599913595427,-0.46458590811645895,,,,spotify_track_api_popularity,,,0,track,2026-07-28T18:02:42+00:00,Aysima Karçaaltıncaba,
recommended,weekly_recommendation,Week2_28July,2,Spotify,User2,2,experiment_results/Week2_28July/Spotify/User2/Week2_User2_spotify_metadata.csv,Week2_User2,4B6OTpHQaiyPHXU1R7F1JX,https://open.spotify.com/playlist/4B6OTpHQaiyPHXU1R7F1JX,14,4WkdoleJNVD46dOS03j821,https://open.spotify.com/track/4WkdoleJNVD46dOS03j821,Hate Me,Children Of Bodom,1xUhNgw4eJDZfvumIpcz1B,Follow The Reaper,2000-10-30,284.733,True,spotify_artist_monthly_listeners,759719,"759,719",5.880652987918004,,73.33333333333333,top_third_vs_final_balanced,within_final_balanced_high_range,30091.0,4.478139338658135,25.247382938420127,1.4025136492598689,,,,spotify_track_api_popularity,,,0,track,2026-07-28T18:02:42+00:00,Aysima Karçaaltıncaba,
recommended,weekly_recommendation,Week2_28July,2,Spotify,User2,2,experiment_results/Week2_28July/Spotify/User2/Week2_User2_spotify_metadata.csv,Week2_User2,4B6OTpHQaiyPHXU1R7F1JX,https://open.spotify.com/playlist/4B6OTpHQaiyPHXU1R7F1JX,15,7xkqn8jhdDyTpzfTloh9NN,https://open.spotify.com/track/7xkqn8jhdDyTpzfTloh9NN,Wisdom of the Kings,Rhapsody,0zQfrabOFYf36Ikb6PXcCY,Symphony of Enchanted Lands,1998,268.693,False,spotify_artist_monthly_listeners,368456,"368,456",5.566385633041399,,66.66666666666667,middle_third_vs_final_balanced,between_final_balanced_tier_ranges,30091.0,4.478139338658135,12.244724336180253,1.0882462943832643,,,,spotify_track_api_popularity,,,0,track,2026-07-28T18:02:42+00:00,Aysima Karçaaltıncaba,
recommended,weekly_recommendation,Week2_28July,2,Spotify,User2,2,experiment_results/Week2_28July/Spotify/User2/Week2_User2_spotify_metadata.csv,Week2_User2,4B6OTpHQaiyPHXU1R7F1JX,https://open.spotify.com/playlist/4B6OTpHQaiyPHXU1R7F1JX,16,68tA0cl2dkuQNOIlr4qnEw,https://open.spotify.com/track/68tA0cl2dkuQNOIlr4qnEw,I Am the Anger,Firewind,70I9vE7YTwKmelfEplXc5r,Burning Earth,2003-01-01,227.826,False,spotify_artist_monthly_listeners,106431,"106,431",5.027068142696396,,60.0,middle_third_vs_final_balanced,within_final_balanced_middle_range,30091.0,4.478139338658135,3.5369711873982252,0.5489288040382609,,,,spotify_track_api_popularity,,,0,track,2026-07-28T18:02:42+00:00,Aysima Karçaaltıncaba,
recommended,weekly_recommendation,Week2_28July,2,Spotify,User2,2,experiment_results/Week2_28July/Spotify/User2/Week2_User2_spotify_metadata.csv,Week2_User2,4B6OTpHQaiyPHXU1R7F1JX,https://open.spotify.com/playlist/4B6OTpHQaiyPHXU1R7F1JX,17,6JeF22z02oTSaMBkutuQQu,https://open.spotify.com/track/6JeF22z02oTSaMBkutuQQu,Mirror of Madness,Norther,7FYqu76teK16FSlw4ZYFhW,Mirror Of Madness,2010-01-01,280.426,False,spotify_artist_monthly_listeners,30981,"30,981",4.491095431740579,,50.0,middle_third_vs_final_balanced,within_final_balanced_middle_range,30091.0,4.478139338658135,1.0295769499185803,0.012956093082443942,,,,spotify_track_api_popularity,,,0,track,2026-07-28T18:02:42+00:00,Aysima Karçaaltıncaba,
recommended,weekly_recommendation,Week2_28July,2,Spotify,User2,2,experiment_results/Week2_28July/Spotify/User2/Week2_User2_spotify_metadata.csv,Week2_User2,4B6OTpHQaiyPHXU1R7F1JX,https://open.spotify.com/playlist/4B6OTpHQaiyPHXU1R7F1JX,18,2JjRySKmXZGHRyCHOyhDr9,https://open.spotify.com/track/2JjRySKmXZGHRyCHOyhDr9,Edge of Thorns,Savatage,3N1B1g6JtIgd6ClRkzD4yT,Edge of Thorns (Bonus Track Edition),1993,356.160,False,spotify_artist_monthly_listeners,383266,"383,266",5.583500294163507,,66.66666666666667,middle_third_vs_final_balanced,between_final_balanced_tier_ranges,30091.0,4.478139338658135,12.73689807583663,1.1053609555053718,,,,spotify_track_api_popularity,,,0,track,2026-07-28T18:02:42+00:00,Aysima Karçaaltıncaba,
recommended,weekly_recommendation,Week2_28July,2,Spotify,User2,2,experiment_results/Week2_28July/Spotify/User2/Week2_User2_spotify_metadata.csv,Week2_User2,4B6OTpHQaiyPHXU1R7F1JX,https://open.spotify.com/playlist/4B6OTpHQaiyPHXU1R7F1JX,19,1xBR8Ne5wclgRXAiNTycei,https://open.spotify.com/track/1xBR8Ne5wclgRXAiNTycei,I Am Alive,Primal Fear,1yfiDL3YUEJlQCgb5Pun6g,Metal Commando,2020-07-24,274.826,False,spotify_artist_monthly_listeners,104665,"104,665",5.0198014777812645,,60.0,middle_third_vs_final_balanced,within_final_balanced_middle_range,30091.0,4.478139338658135,3.4782825429530426,0.5416621391231295,,,,spotify_track_api_popularity,,,0,track,2026-07-28T18:02:42+00:00,Aysima Karçaaltıncaba,
recommended,weekly_recommendation,Week2_28July,2,Spotify,User2,2,experiment_results/Week2_28July/Spotify/User2/Week2_User2_spotify_metadata.csv,Week2_User2,4B6OTpHQaiyPHXU1R7F1JX,https://open.spotify.com/playlist/4B6OTpHQaiyPHXU1R7F1JX,20,0Wvq34MjCPA1ldMIavqmXA,https://open.spotify.com/track/0Wvq34MjCPA1ldMIavqmXA,Hephaistos,Warkings,7DXUeaMULtMVFmmaKFzH3E,Reborn,2018-11-16,246.546,True,spotify_artist_monthly_listeners,83408,"83,408",4.921207707582944,,60.0,middle_third_vs_final_balanced,within_final_balanced_middle_range,30091.0,4.478139338658135,2.771858695290951,0.44306836892480916,,,,spotify_track_api_popularity,,,0,track,2026-07-28T18:02:42+00:00,Aysima Karçaaltıncaba,
recommended,weekly_recommendation,Week2_28July,2,Spotify,User2,2,experiment_results/Week2_28July/Spotify/User2/Week2_User2_spotify_metadata.csv,Week2_User2,4B6OTpHQaiyPHXU1R7F1JX,https://open.spotify.com/playlist/4B6OTpHQaiyPHXU1R7F1JX,21,5ndg51kIdyNdCOc4OQYmnS,https://open.spotify.com/track/5ndg51kIdyNdCOc4OQYmnS,Call to Arms,Manowar,4CzUzn54Cp9TQr6a7JIlMZ,Warriors of the World,2002-06-02,331.860,False,spotify_artist_monthly_listeners,1037930,"1,037,930",6.016168064843028,,73.33333333333333,top_third_vs_final_balanced,within_final_balanced_high_range,30091.0,4.478139338658135,34.49303778538433,1.5380287261848933,,,,spotify_track_api_popularity,,,0,track,2026-07-28T18:02:42+00:00,Aysima Karçaaltıncaba,
recommended,weekly_recommendation,Week2_28July,2,Spotify,User2,2,experiment_results/Week2_28July/Spotify/User2/Week2_User2_spotify_metadata.csv,Week2_User2,4B6OTpHQaiyPHXU1R7F1JX,https://open.spotify.com/playlist/4B6OTpHQaiyPHXU1R7F1JX,22,2sTY4LYxBBf3FhetMRGh2H,https://open.spotify.com/track/2sTY4LYxBBf3FhetMRGh2H,Desecrator,Ambush,5ZnuwxU3BQDmhQSdZO743a,Desecrator,2015-10-30,247.541,False,spotify_artist_monthly_listeners,30871,"30,871",4.48955069775057,,50.0,middle_third_vs_final_balanced,within_final_balanced_middle_range,30091.0,4.478139338658135,1.0259213718387559,0.011411359092434736,,,,spotify_track_api_popularity,,,0,track,2026-07-28T18:02:42+00:00,Aysima Karçaaltıncaba,
recommended,weekly_recommendation,Week2_28July,2,Spotify,User2,2,experiment_results/Week2_28July/Spotify/User2/Week2_User2_spotify_metadata.csv,Week2_User2,4B6OTpHQaiyPHXU1R7F1JX,https://open.spotify.com/playlist/4B6OTpHQaiyPHXU1R7F1JX,23,5u6vCWUMT8MWQKrDlBu8gQ,https://open.spotify.com/track/5u6vCWUMT8MWQKrDlBu8gQ,Battering Ram,Saxon,71vVmHeNgCVSa5SVmfvscU,Battering Ram,2015-10-16,296.034,False,spotify_artist_monthly_listeners,461715,"461,715",5.664373983954236,,66.66666666666667,middle_third_vs_final_balanced,between_final_balanced_tier_ranges,30091.0,4.478139338658135,15.34395666478349,1.1862346452961008,,,,spotify_track_api_popularity,,,0,track,2026-07-28T18:02:42+00:00,Aysima Karçaaltıncaba,
recommended,weekly_recommendation,Week2_28July,2,Spotify,User2,2,experiment_results/Week2_28July/Spotify/User2/Week2_User2_spotify_metadata.csv,Week2_User2,4B6OTpHQaiyPHXU1R7F1JX,https://open.spotify.com/playlist/4B6OTpHQaiyPHXU1R7F1JX,24,7kYViSgnPLFm4TPPfWedz3,https://open.spotify.com/track/7kYViSgnPLFm4TPPfWedz3,Exceptional,Unisonic,3DDcmHnwKjM4sQ8qm34JMU,Light of Dawn,2014-08-01,302.480,False,spotify_artist_monthly_listeners,28744,"28,744",4.458547204196593,,46.666666666666664,middle_third_vs_final_balanced,within_final_balanced_middle_range,30091.0,4.478139338658135,0.9552357847861487,-0.019592134461541733,,,,spotify_track_api_popularity,,,0,track,2026-07-28T18:02:42+00:00,Aysima Karçaaltıncaba,
recommended,weekly_recommendation,Week2_28July,2,Spotify,User2,2,experiment_results/Week2_28July/Spotify/User2/Week2_User2_spotify_metadata.csv,Week2_User2,4B6OTpHQaiyPHXU1R7F1JX,https://open.spotify.com/playlist/4B6OTpHQaiyPHXU1R7F1JX,25,4KS0wEQgZJjchHwYPch1OA,https://open.spotify.com/track/4KS0wEQgZJjchHwYPch1OA,I Walk Alone,Jorn,5SaDyTQkjAAdrsmhPzrmw2,Spirit Black,2009-06-05,267.880,False,spotify_artist_monthly_listeners,271120,"271,120",5.433161555829322,,66.66666666666667,middle_third_vs_final_balanced,between_final_balanced_tier_ranges,30091.0,4.478139338658135,9.01000299092752,0.9550222171711873,,,,spotify_track_api_popularity,,,0,track,2026-07-28T18:02:42+00:00,Aysima Karçaaltıncaba,
recommended,weekly_recommendation,Week2_28July,2,Spotify,User2,2,experiment_results/Week2_28July/Spotify/User2/Week2_User2_spotify_metadata.csv,Week2_User2,4B6OTpHQaiyPHXU1R7F1JX,https://open.spotify.com/playlist/4B6OTpHQaiyPHXU1R7F1JX,26,6YTOLMRTnLAdPOo1kxjNoZ,https://open.spotify.com/track/6YTOLMRTnLAdPOo1kxjNoZ,Avantasia,Avantasia,1Ih0fEQQsy9EeAJbYEeQRa,"The Metal Opera, Pt. I",2001-01-22,331.533,False,spotify_artist_monthly_listeners,556367,"556,367",5.745361362615973,,70.0,top_third_vs_final_balanced,within_final_balanced_high_range,30091.0,4.478139338658135,18.489481904888503,1.2672220239578378,,,,spotify_track_api_popularity,,,0,track,2026-07-28T18:02:42+00:00,Aysima Karçaaltıncaba,
recommended,weekly_recommendation,Week2_28July,2,Spotify,User2,2,experiment_results/Week2_28July/Spotify/User2/Week2_User2_spotify_metadata.csv,Week2_User2,4B6OTpHQaiyPHXU1R7F1JX,https://open.spotify.com/playlist/4B6OTpHQaiyPHXU1R7F1JX,27,5IF7E1KDhfYaucurjPSTLJ,https://open.spotify.com/track/5IF7E1KDhfYaucurjPSTLJ,In Flames You Burn,Dream Evil,1bkf8u8ot6vEpWTJFBzKZB,Dragonslayer,2002-07-13,274.373,False,spotify_artist_monthly_listeners,167278,"167,278",5.223438827352918,,63.333333333333336,middle_third_vs_final_balanced,within_final_balanced_middle_range,30091.0,4.478139338658135,5.5590708185171644,0.7452994886947835,,,,spotify_track_api_popularity,,,0,track,2026-07-28T18:02:42+00:00,Aysima Karçaaltıncaba,
recommended,weekly_recommendation,Week2_28July,2,Spotify,User2,2,experiment_results/Week2_28July/Spotify/User2/Week2_User2_spotify_metadata.csv,Week2_User2,4B6OTpHQaiyPHXU1R7F1JX,https://open.spotify.com/playlist/4B6OTpHQaiyPHXU1R7F1JX,28,6KMwkN5WDdAnmfeYQfv93m,https://open.spotify.com/track/6KMwkN5WDdAnmfeYQfv93m,Diabolic,Demons & Wizards,4O6RDLeFX5xuQ7IePFzVcl,III,2020-02-21,481.125,False,spotify_artist_monthly_listeners,57273,"57,273",4.757949932359394,,56.666666666666664,middle_third_vs_final_balanced,within_final_balanced_middle_range,30091.0,4.478139338658135,1.9033265760526403,0.27981059370125916,,,,spotify_track_api_popularity,,,0,track,2026-07-28T18:02:42+00:00,Aysima Karçaaltıncaba,
recommended,weekly_recommendation,Week2_28July,2,Spotify,User2,2,experiment_results/Week2_28July/Spotify/User2/Week2_User2_spotify_metadata.csv,Week2_User2,4B6OTpHQaiyPHXU1R7F1JX,https://open.spotify.com/playlist/4B6OTpHQaiyPHXU1R7F1JX,29,6bKdh1YoDfUMe4mx8mZ3D1,https://open.spotify.com/track/6bKdh1YoDfUMe4mx8mZ3D1,Only Human,At Vance,4alZ73UZp90icEjdKjSIxw,Only Human,2002-02-25,315.693,False,spotify_artist_monthly_listeners,111736,"111,736",5.048193120138325,,63.333333333333336,middle_third_vs_final_balanced,within_final_balanced_middle_range,30091.0,4.478139338658135,3.713269748429763,0.5700537814801905,,,,spotify_track_api_popularity,,,0,track,2026-07-28T18:02:42+00:00,Aysima Karçaaltıncaba,
recommended,weekly_recommendation,Week2_28July,2,Spotify,User2,2,experiment_results/Week2_28July/Spotify/User2/Week2_User2_spotify_metadata.csv,Week2_User2,4B6OTpHQaiyPHXU1R7F1JX,https://open.spotify.com/playlist/4B6OTpHQaiyPHXU1R7F1JX,30,7LBv83ZQoiqK0KBTrhDYFe,https://open.spotify.com/track/7LBv83ZQoiqK0KBTrhDYFe,Ravenlord,Mystic Prophecy,5kUzPpkPyNpxRYd66c8nYG,Ravenlord,2011-11-25,247.160,False,spotify_artist_monthly_listeners,148038,"148,038",5.170373209124836,,63.333333333333336,middle_third_vs_final_balanced,within_final_balanced_middle_range,30091.0,4.478139338658135,4.919676979827855,0.6922338704667013,,,,spotify_track_api_popularity,,,0,track,2026-07-28T18:02:42+00:00,Aysima Karçaaltıncaba,
recommended,weekly_recommendation,Week2_28July,2,Spotify,User3,3,experiment_results/Week2_28July/Spotify/User3/Week2_User3_spotify_metadata.csv,Week2_User3,79ckmmrzo9GLNKpdmfoHfI,https://open.spotify.com/playlist/79ckmmrzo9GLNKpdmfoHfI,1,7mBlBHsCrl4sVGDhSUrZRC,https://open.spotify.com/track/7mBlBHsCrl4sVGDhSUrZRC,Hour to Live,Skull Fist,6V6MyDcytW48stIykhH937,Chasing the Dream,2014-01-10,258.200,False,spotify_artist_monthly_listeners,26667,"26,667",4.425974160919376,,43.333333333333336,middle_third_vs_final_balanced,within_final_balanced_middle_range,30091.0,4.478139338658135,0.8862118241334618,-0.05216517773875928,,,,spotify_track_api_popularity,,,0,track,2026-07-28T18:02:42+00:00,Aysima Karçaaltıncaba,
recommended,weekly_recommendation,Week2_28July,2,Spotify,User3,3,experiment_results/Week2_28July/Spotify/User3/Week2_User3_spotify_metadata.csv,Week2_User3,79ckmmrzo9GLNKpdmfoHfI,https://open.spotify.com/playlist/79ckmmrzo9GLNKpdmfoHfI,2,574pGyzXZeV8TcoejbitiM,https://open.spotify.com/track/574pGyzXZeV8TcoejbitiM,Into the Storm - Remastered 2007,Blind Guardian,7jxJ25p0pPjk0MStloN6o6,Nightfall in Middle Earth (Remastered 2007),1998-04-28,264.746,False,spotify_artist_monthly_listeners,598890,"598,890",5.77734706148782,,70.0,top_third_vs_final_balanced,within_final_balanced_high_range,30091.0,4.478139338658135,19.902628692964672,1.299207722829685,,,,spotify_track_api_popularity,,,0,track,2026-07-28T18:02:42+00:00,Aysima Karçaaltıncaba,
recommended,weekly_recommendation,Week2_28July,2,Spotify,User3,3,experiment_results/Week2_28July/Spotify/User3/Week2_User3_spotify_metadata.csv,Week2_User3,79ckmmrzo9GLNKpdmfoHfI,https://open.spotify.com/playlist/79ckmmrzo9GLNKpdmfoHfI,3,2bBUHwOa8alimc1TiXg1oY,https://open.spotify.com/track/2bBUHwOa8alimc1TiXg1oY,War of the Gods,Amon Amarth,3pulcT2wt7FEG10lQlqDJL,Surtur Rising,2011-03-29,273.253,False,spotify_artist_monthly_listeners,1132677,"1,132,677",6.054106081869729,,73.33333333333333,top_third_vs_final_balanced,within_final_balanced_high_range,30091.0,4.478139338658135,37.6417201156492,1.5759667432115938,,,,spotify_track_api_popularity,,,0,track,2026-07-28T18:02:42+00:00,Aysima Karçaaltıncaba,
recommended,weekly_recommendation,Week2_28July,2,Spotify,User3,3,experiment_results/Week2_28July/Spotify/User3/Week2_User3_spotify_metadata.csv,Week2_User3,79ckmmrzo9GLNKpdmfoHfI,https://open.spotify.com/playlist/79ckmmrzo9GLNKpdmfoHfI,4,7ht4SHDXCtttLSabtIQ9XA,https://open.spotify.com/track/7ht4SHDXCtttLSabtIQ9XA,Eagleheart,Stratovarius,1O8CSXsPwEqxcoBE360PPO,"Elements, Pt. 1&2 (Complete Edition)",2014-12-05,230.266,False,spotify_artist_monthly_listeners,847091,"847,091",5.927930067562097,,73.33333333333333,top_third_vs_final_balanced,within_final_balanced_high_range,30091.0,4.478139338658135,28.150975374696753,1.4497907289039622,,,,spotify_track_api_popularity,,,0,track,2026-07-28T18:02:42+00:00,Aysima Karçaaltıncaba,
recommended,weekly_recommendation,Week2_28July,2,Spotify,User3,3,experiment_results/Week2_28July/Spotify/User3/Week2_User3_spotify_metadata.csv,Week2_User3,79ckmmrzo9GLNKpdmfoHfI,https://open.spotify.com/playlist/79ckmmrzo9GLNKpdmfoHfI,5,7fkcqrzdbgIa4vthgYN3vs,https://open.spotify.com/track/7fkcqrzdbgIa4vthgYN3vs,Unisonic,Unisonic,3DDcmHnwKjM4sQ8qm34JMU,Unisonic,2012-03-30,205.866,False,spotify_artist_monthly_listeners,28744,"28,744",4.458547204196593,,46.666666666666664,middle_third_vs_final_balanced,within_final_balanced_middle_range,30091.0,4.478139338658135,0.9552357847861487,-0.019592134461541733,,,,spotify_track_api_popularity,,,0,track,2026-07-28T18:02:42+00:00,Aysima Karçaaltıncaba,
recommended,weekly_recommendation,Week2_28July,2,Spotify,User3,3,experiment_results/Week2_28July/Spotify/User3/Week2_User3_spotify_metadata.csv,Week2_User3,79ckmmrzo9GLNKpdmfoHfI,https://open.spotify.com/playlist/79ckmmrzo9GLNKpdmfoHfI,6,0ZUPWnw89a0iLfNdcUiIm3,https://open.spotify.com/track/0ZUPWnw89a0iLfNdcUiIm3,Anthem,Iced Earth,3KEixcRfBS5K3E91Vn1Kdy,Dystopia,2011,294.613,False,spotify_artist_monthly_listeners,220147,"220,147",5.342712771592851,,66.66666666666667,middle_third_vs_final_balanced,between_final_balanced_tier_ranges,30091.0,4.478139338658135,7.31604134126483,0.8645734329347157,,,,spotify_track_api_popularity,,,0,track,2026-07-28T18:02:42+00:00,Aysima Karçaaltıncaba,
recommended,weekly_recommendation,Week2_28July,2,Spotify,User3,3,experiment_results/Week2_28July/Spotify/User3/Week2_User3_spotify_metadata.csv,Week2_User3,79ckmmrzo9GLNKpdmfoHfI,https://open.spotify.com/playlist/79ckmmrzo9GLNKpdmfoHfI,7,7aYO9WJaSC8m7YpT0bM5Ke,https://open.spotify.com/track/7aYO9WJaSC8m7YpT0bM5Ke,In My Sword I Trust,Ensiferum,0krXCIkthz13P8o0v2tksH,Unsung Heroes (Japan Version),2012-01-01,320.426,False,spotify_artist_monthly_listeners,191439,"191,439",5.2820304170323755,,63.333333333333336,middle_third_vs_final_balanced,within_final_balanced_middle_range,30091.0,4.478139338658135,6.362001927486624,0.8038910783742406,,,,spotify_track_api_popularity,,,0,track,2026-07-28T18:02:42+00:00,Aysima Karçaaltıncaba,
recommended,weekly_recommendation,Week2_28July,2,Spotify,User3,3,experiment_results/Week2_28July/Spotify/User3/Week2_User3_spotify_metadata.csv,Week2_User3,79ckmmrzo9GLNKpdmfoHfI,https://open.spotify.com/playlist/79ckmmrzo9GLNKpdmfoHfI,8,0viBuplbZts6o5ftiQkWU2,https://open.spotify.com/track/0viBuplbZts6o5ftiQkWU2,Triumph and Power,Grand Magus,7GTkjp7qsfmx8iJzBUQLmN,Triumph and Power,2014-01-31,276.826,False,spotify_artist_monthly_listeners,32939,"32,939",4.517710410223103,,56.666666666666664,middle_third_vs_final_balanced,within_final_balanced_middle_range,30091.0,4.478139338658135,1.094646239739457,0.03957107156496775,,,,spotify_track_api_popularity,,,0,track,2026-07-28T18:02:42+00:00,Aysima Karçaaltıncaba,
recommended,weekly_recommendation,Week2_28July,2,Spotify,User3,3,experiment_results/Week2_28July/Spotify/User3/Week2_User3_spotify_metadata.csv,Week2_User3,79ckmmrzo9GLNKpdmfoHfI,https://open.spotify.com/playlist/79ckmmrzo9GLNKpdmfoHfI,9,4qgDlkfqsbZ0q5tOSp0nqE,https://open.spotify.com/track/4qgDlkfqsbZ0q5tOSp0nqE,Blood of Heroes,Týr,6TmGNPW2oDM5uaXBILozGa,Valkyrja,2013-09-17,221.506,False,spotify_artist_monthly_listeners,132643,"132,643",5.12268433579902,,63.333333333333336,middle_third_vs_final_balanced,within_final_balanced_middle_range,30091.0,4.478139338658135,4.408062211292413,0.6445449971408852,,,,spotify_track_api_popularity,,,0,track,2026-07-28T18:02:42+00:00,Aysima Karçaaltıncaba,
recommended,weekly_recommendation,Week2_28July,2,Spotify,User3,3,experiment_results/Week2_28July/Spotify/User3/Week2_User3_spotify_metadata.csv,Week2_User3,79ckmmrzo9GLNKpdmfoHfI,https://open.spotify.com/playlist/79ckmmrzo9GLNKpdmfoHfI,10,4CwkuuBz81F5i3sGhJESNM,https://open.spotify.com/track/4CwkuuBz81F5i3sGhJESNM,Send Me a Sign - Remastered,Gamma Ray,6LZE884lDIsCSLHuTplfGp,The Best (Of),2015-01-30,247.273,False,spotify_artist_monthly_listeners,168685,"168,685",5.227076465476729,,63.333333333333336,middle_third_vs_final_balanced,within_final_balanced_middle_range,30091.0,4.478139338658135,5.60582898541092,0.7489371268185945,,,,spotify_track_api_popularity,,,0,track,2026-07-28T18:02:42+00:00,Aysima Karçaaltıncaba,
recommended,weekly_recommendation,Week2_28July,2,Spotify,User3,3,experiment_results/Week2_28July/Spotify/User3/Week2_User3_spotify_metadata.csv,Week2_User3,79ckmmrzo9GLNKpdmfoHfI,https://open.spotify.com/playlist/79ckmmrzo9GLNKpdmfoHfI,11,2AQPuZzaegH8a65SWyq3YA,https://open.spotify.com/track/2AQPuZzaegH8a65SWyq3YA,Forever,Kamelot,7gTbq5nTZGQIUgjEGXQpOS,Karma,2001-07-19,246.293,False,spotify_artist_monthly_listeners,355443,"355,443",5.550769965768341,,66.66666666666667,middle_third_vs_final_balanced,between_final_balanced_tier_ranges,30091.0,4.478139338658135,11.81226944933701,1.0726306271102057,,,,spotify_track_api_popularity,,,0,track,2026-07-28T18:02:42+00:00,Aysima Karçaaltıncaba,
recommended,weekly_recommendation,Week2_28July,2,Spotify,User3,3,experiment_results/Week2_28July/Spotify/User3/Week2_User3_spotify_metadata.csv,Week2_User3,79ckmmrzo9GLNKpdmfoHfI,https://open.spotify.com/playlist/79ckmmrzo9GLNKpdmfoHfI,12,1dRiQJ2wsUcyL3S12MdUTw,https://open.spotify.com/track/1dRiQJ2wsUcyL3S12MdUTw,Steel and Silver,Visigoth,36Fw8K3uH9kPWEkZilzk86,Conqueror's Oath,2018-02-09,361.853,False,spotify_artist_monthly_listeners,24471,"24,471",4.388651717026825,,36.666666666666664,middle_third_vs_final_balanced,within_final_balanced_middle_range,30091.0,4.478139338658135,0.8132331926489648,-0.08948762163131008,,,,spotify_track_api_popularity,,,0,track,2026-07-28T18:02:42+00:00,Aysima Karçaaltıncaba,
recommended,weekly_recommendation,Week2_28July,2,Spotify,User3,3,experiment_results/Week2_28July/Spotify/User3/Week2_User3_spotify_metadata.csv,Week2_User3,79ckmmrzo9GLNKpdmfoHfI,https://open.spotify.com/playlist/79ckmmrzo9GLNKpdmfoHfI,13,4WkdoleJNVD46dOS03j821,https://open.spotify.com/track/4WkdoleJNVD46dOS03j821,Hate Me,Children Of Bodom,1xUhNgw4eJDZfvumIpcz1B,Follow The Reaper,2000-10-30,284.733,True,spotify_artist_monthly_listeners,759719,"759,719",5.880652987918004,,73.33333333333333,top_third_vs_final_balanced,within_final_balanced_high_range,30091.0,4.478139338658135,25.247382938420127,1.4025136492598689,,,,spotify_track_api_popularity,,,0,track,2026-07-28T18:02:42+00:00,Aysima Karçaaltıncaba,
recommended,weekly_recommendation,Week2_28July,2,Spotify,User3,3,experiment_results/Week2_28July/Spotify/User3/Week2_User3_spotify_metadata.csv,Week2_User3,79ckmmrzo9GLNKpdmfoHfI,https://open.spotify.com/playlist/79ckmmrzo9GLNKpdmfoHfI,14,2yUkX5Ea2NwodDJPvvsTxR,https://open.spotify.com/track/2yUkX5Ea2NwodDJPvvsTxR,Lucretia My Reflection,Warrel Dane,1qrGnVZhEO4vX3ahn4RY1r,Praises To The War Machine,2008-06-10,278.360,False,spotify_artist_monthly_listeners,10317,"10,317",4.013553430541676,,33.333333333333336,middle_third_vs_final_balanced,between_final_balanced_tier_ranges,30091.0,4.478139338658135,0.3428599913595427,-0.46458590811645895,,,,spotify_track_api_popularity,,,0,track,2026-07-28T18:02:42+00:00,Aysima Karçaaltıncaba,
recommended,weekly_recommendation,Week2_28July,2,Spotify,User3,3,experiment_results/Week2_28July/Spotify/User3/Week2_User3_spotify_metadata.csv,Week2_User3,79ckmmrzo9GLNKpdmfoHfI,https://open.spotify.com/playlist/79ckmmrzo9GLNKpdmfoHfI,15,1xBR8Ne5wclgRXAiNTycei,https://open.spotify.com/track/1xBR8Ne5wclgRXAiNTycei,I Am Alive,Primal Fear,1yfiDL3YUEJlQCgb5Pun6g,Metal Commando,2020-07-24,274.826,False,spotify_artist_monthly_listeners,104665,"104,665",5.0198014777812645,,60.0,middle_third_vs_final_balanced,within_final_balanced_middle_range,30091.0,4.478139338658135,3.4782825429530426,0.5416621391231295,,,,spotify_track_api_popularity,,,0,track,2026-07-28T18:02:42+00:00,Aysima Karçaaltıncaba,
recommended,weekly_recommendation,Week2_28July,2,Spotify,User3,3,experiment_results/Week2_28July/Spotify/User3/Week2_User3_spotify_metadata.csv,Week2_User3,79ckmmrzo9GLNKpdmfoHfI,https://open.spotify.com/playlist/79ckmmrzo9GLNKpdmfoHfI,16,68tA0cl2dkuQNOIlr4qnEw,https://open.spotify.com/track/68tA0cl2dkuQNOIlr4qnEw,I Am the Anger,Firewind,70I9vE7YTwKmelfEplXc5r,Burning Earth,2003-01-01,227.826,False,spotify_artist_monthly_listeners,106431,"106,431",5.027068142696396,,60.0,middle_third_vs_final_balanced,within_final_balanced_middle_range,30091.0,4.478139338658135,3.5369711873982252,0.5489288040382609,,,,spotify_track_api_popularity,,,0,track,2026-07-28T18:02:42+00:00,Aysima Karçaaltıncaba,
recommended,weekly_recommendation,Week2_28July,2,Spotify,User3,3,experiment_results/Week2_28July/Spotify/User3/Week2_User3_spotify_metadata.csv,Week2_User3,79ckmmrzo9GLNKpdmfoHfI,https://open.spotify.com/playlist/79ckmmrzo9GLNKpdmfoHfI,17,2sTY4LYxBBf3FhetMRGh2H,https://open.spotify.com/track/2sTY4LYxBBf3FhetMRGh2H,Desecrator,Ambush,5ZnuwxU3BQDmhQSdZO743a,Desecrator,2015-10-30,247.541,False,spotify_artist_monthly_listeners,30871,"30,871",4.48955069775057,,50.0,middle_third_vs_final_balanced,within_final_balanced_middle_range,30091.0,4.478139338658135,1.0259213718387559,0.011411359092434736,,,,spotify_track_api_popularity,,,0,track,2026-07-28T18:02:42+00:00,Aysima Karçaaltıncaba,
recommended,weekly_recommendation,Week2_28July,2,Spotify,User3,3,experiment_results/Week2_28July/Spotify/User3/Week2_User3_spotify_metadata.csv,Week2_User3,79ckmmrzo9GLNKpdmfoHfI,https://open.spotify.com/playlist/79ckmmrzo9GLNKpdmfoHfI,18,7xkqn8jhdDyTpzfTloh9NN,https://open.spotify.com/track/7xkqn8jhdDyTpzfTloh9NN,Wisdom of the Kings,Rhapsody,0zQfrabOFYf36Ikb6PXcCY,Symphony of Enchanted Lands,1998,268.693,False,spotify_artist_monthly_listeners,368456,"368,456",5.566385633041399,,66.66666666666667,middle_third_vs_final_balanced,between_final_balanced_tier_ranges,30091.0,4.478139338658135,12.244724336180253,1.0882462943832643,,,,spotify_track_api_popularity,,,0,track,2026-07-28T18:02:42+00:00,Aysima Karçaaltıncaba,
recommended,weekly_recommendation,Week2_28July,2,Spotify,User3,3,experiment_results/Week2_28July/Spotify/User3/Week2_User3_spotify_metadata.csv,Week2_User3,79ckmmrzo9GLNKpdmfoHfI,https://open.spotify.com/playlist/79ckmmrzo9GLNKpdmfoHfI,19,2SR0CHOWgkVt0nLI9YwYti,https://open.spotify.com/track/2SR0CHOWgkVt0nLI9YwYti,"No Gods, No Masters",Arch Enemy,0DCw6lHkzh9t7f8Hb4Z0Sx,Khaos Legions,2011-05-27,254.653,False,spotify_artist_monthly_listeners,724991,"724,991",5.860332615295686,,73.33333333333333,top_third_vs_final_balanced,within_final_balanced_high_range,30091.0,4.478139338658135,24.093283706091523,1.382193276637551,,,,spotify_track_api_popularity,,,0,track,2026-07-28T18:02:42+00:00,Aysima Karçaaltıncaba,
recommended,weekly_recommendation,Week2_28July,2,Spotify,User3,3,experiment_results/Week2_28July/Spotify/User3/Week2_User3_spotify_metadata.csv,Week2_User3,79ckmmrzo9GLNKpdmfoHfI,https://open.spotify.com/playlist/79ckmmrzo9GLNKpdmfoHfI,20,1JnaBnib3kfHnG7T8jovNP,https://open.spotify.com/track/1JnaBnib3kfHnG7T8jovNP,The Burning of Rome (Cry for Pompeii),Virgin Steele,4npN9NLDTitqe7UKQj5lxY,Age Of Consent,2011-11-25,399.240,False,spotify_artist_monthly_listeners,19655,"19,655",4.293473048156108,,36.666666666666664,middle_third_vs_final_balanced,within_final_balanced_middle_range,30091.0,4.478139338658135,0.6531853378086471,-0.18466629050202688,,,,spotify_track_api_popularity,,,0,track,2026-07-28T18:02:42+00:00,Aysima Karçaaltıncaba,
recommended,weekly_recommendation,Week2_28July,2,Spotify,User3,3,experiment_results/Week2_28July/Spotify/User3/Week2_User3_spotify_metadata.csv,Week2_User3,79ckmmrzo9GLNKpdmfoHfI,https://open.spotify.com/playlist/79ckmmrzo9GLNKpdmfoHfI,21,6JeF22z02oTSaMBkutuQQu,https://open.spotify.com/track/6JeF22z02oTSaMBkutuQQu,Mirror of Madness,Norther,7FYqu76teK16FSlw4ZYFhW,Mirror Of Madness,2010-01-01,280.426,False,spotify_artist_monthly_listeners,30981,"30,981",4.491095431740579,,50.0,middle_third_vs_final_balanced,within_final_balanced_middle_range,30091.0,4.478139338658135,1.0295769499185803,0.012956093082443942,,,,spotify_track_api_popularity,,,0,track,2026-07-28T18:02:42+00:00,Aysima Karçaaltıncaba,
recommended,weekly_recommendation,Week2_28July,2,Spotify,User3,3,experiment_results/Week2_28July/Spotify/User3/Week2_User3_spotify_metadata.csv,Week2_User3,79ckmmrzo9GLNKpdmfoHfI,https://open.spotify.com/playlist/79ckmmrzo9GLNKpdmfoHfI,22,5VaZe94A50vJ1kghNSbh83,https://open.spotify.com/track/5VaZe94A50vJ1kghNSbh83,Pandemonium,Pretty Maids,4OGo8f0tdKloP3IZwvnLqt,Pandemonium,2010-05-14,321.333,False,spotify_artist_monthly_listeners,119590,"119,590",5.077694865886586,,63.333333333333336,middle_third_vs_final_balanced,within_final_balanced_middle_range,30091.0,4.478139338658135,3.9742780233292345,0.5995555272284507,,,,spotify_track_api_popularity,,,0,track,2026-07-28T18:02:42+00:00,Aysima Karçaaltıncaba,
recommended,weekly_recommendation,Week2_28July,2,Spotify,User3,3,experiment_results/Week2_28July/Spotify/User3/Week2_User3_spotify_metadata.csv,Week2_User3,79ckmmrzo9GLNKpdmfoHfI,https://open.spotify.com/playlist/79ckmmrzo9GLNKpdmfoHfI,23,5u6vCWUMT8MWQKrDlBu8gQ,https://open.spotify.com/track/5u6vCWUMT8MWQKrDlBu8gQ,Battering Ram,Saxon,71vVmHeNgCVSa5SVmfvscU,Battering Ram,2015-10-16,296.034,False,spotify_artist_monthly_listeners,461715,"461,715",5.664373983954236,,66.66666666666667,middle_third_vs_final_balanced,between_final_balanced_tier_ranges,30091.0,4.478139338658135,15.34395666478349,1.1862346452961008,,,,spotify_track_api_popularity,,,0,track,2026-07-28T18:02:42+00:00,Aysima Karçaaltıncaba,
recommended,weekly_recommendation,Week2_28July,2,Spotify,User3,3,experiment_results/Week2_28July/Spotify/User3/Week2_User3_spotify_metadata.csv,Week2_User3,79ckmmrzo9GLNKpdmfoHfI,https://open.spotify.com/playlist/79ckmmrzo9GLNKpdmfoHfI,24,4oNnIsGr61LVTPTyfa1zyx,https://open.spotify.com/track/4oNnIsGr61LVTPTyfa1zyx,Steal Away the Light,Triosphere,0hk3NBCfedrc9J4qj27UxG,The Heart of the Matter,2014-01-01,233.218,False,spotify_artist_monthly_listeners,22697,"22,697",4.355968457653611,,36.666666666666664,middle_third_vs_final_balanced,within_final_balanced_middle_range,30091.0,4.478139338658135,0.7542786879797946,-0.12217088100452411,,,,spotify_track_api_popularity,,,0,track,2026-07-28T18:02:42+00:00,Aysima Karçaaltıncaba,
recommended,weekly_recommendation,Week2_28July,2,Spotify,User3,3,experiment_results/Week2_28July/Spotify/User3/Week2_User3_spotify_metadata.csv,Week2_User3,79ckmmrzo9GLNKpdmfoHfI,https://open.spotify.com/playlist/79ckmmrzo9GLNKpdmfoHfI,25,0Wvq34MjCPA1ldMIavqmXA,https://open.spotify.com/track/0Wvq34MjCPA1ldMIavqmXA,Hephaistos,Warkings,7DXUeaMULtMVFmmaKFzH3E,Reborn,2018-11-16,246.546,True,spotify_artist_monthly_listeners,83408,"83,408",4.921207707582944,,60.0,middle_third_vs_final_balanced,within_final_balanced_middle_range,30091.0,4.478139338658135,2.771858695290951,0.44306836892480916,,,,spotify_track_api_popularity,,,0,track,2026-07-28T18:02:42+00:00,Aysima Karçaaltıncaba,
recommended,weekly_recommendation,Week2_28July,2,Spotify,User3,3,experiment_results/Week2_28July/Spotify/User3/Week2_User3_spotify_metadata.csv,Week2_User3,79ckmmrzo9GLNKpdmfoHfI,https://open.spotify.com/playlist/79ckmmrzo9GLNKpdmfoHfI,26,2soaqea9OtrB2gD36zNF6s,https://open.spotify.com/track/2soaqea9OtrB2gD36zNF6s,Tears of a Mandrake,Edguy,3AGFqPP3gt5rMSvhR87Xxu,Mandrake,2001-09-24,431.693,False,spotify_artist_monthly_listeners,290291,"290,291",5.462833571446806,,66.66666666666667,middle_third_vs_final_balanced,between_final_balanced_tier_ranges,30091.0,4.478139338658135,9.647103785184939,0.9846942327886712,,,,spotify_track_api_popularity,,,0,track,2026-07-28T18:02:42+00:00,Aysima Karçaaltıncaba,
recommended,weekly_recommendation,Week2_28July,2,Spotify,User3,3,experiment_results/Week2_28July/Spotify/User3/Week2_User3_spotify_metadata.csv,Week2_User3,79ckmmrzo9GLNKpdmfoHfI,https://open.spotify.com/playlist/79ckmmrzo9GLNKpdmfoHfI,27,4KS0wEQgZJjchHwYPch1OA,https://open.spotify.com/track/4KS0wEQgZJjchHwYPch1OA,I Walk Alone,Jorn,5SaDyTQkjAAdrsmhPzrmw2,Spirit Black,2009-06-05,267.880,False,spotify_artist_monthly_listeners,271120,"271,120",5.433161555829322,,66.66666666666667,middle_third_vs_final_balanced,between_final_balanced_tier_ranges,30091.0,4.478139338658135,9.01000299092752,0.9550222171711873,,,,spotify_track_api_popularity,,,0,track,2026-07-28T18:02:42+00:00,Aysima Karçaaltıncaba,
recommended,weekly_recommendation,Week2_28July,2,Spotify,User3,3,experiment_results/Week2_28July/Spotify/User3/Week2_User3_spotify_metadata.csv,Week2_User3,79ckmmrzo9GLNKpdmfoHfI,https://open.spotify.com/playlist/79ckmmrzo9GLNKpdmfoHfI,28,2JjRySKmXZGHRyCHOyhDr9,https://open.spotify.com/track/2JjRySKmXZGHRyCHOyhDr9,Edge of Thorns,Savatage,3N1B1g6JtIgd6ClRkzD4yT,Edge of Thorns (Bonus Track Edition),1993,356.160,False,spotify_artist_monthly_listeners,383266,"383,266",5.583500294163507,,66.66666666666667,middle_third_vs_final_balanced,between_final_balanced_tier_ranges,30091.0,4.478139338658135,12.73689807583663,1.1053609555053718,,,,spotify_track_api_popularity,,,0,track,2026-07-28T18:02:42+00:00,Aysima Karçaaltıncaba,
recommended,weekly_recommendation,Week2_28July,2,Spotify,User3,3,experiment_results/Week2_28July/Spotify/User3/Week2_User3_spotify_metadata.csv,Week2_User3,79ckmmrzo9GLNKpdmfoHfI,https://open.spotify.com/playlist/79ckmmrzo9GLNKpdmfoHfI,29,7vh5WK78hqQU2mSq9jeGUT,https://open.spotify.com/track/7vh5WK78hqQU2mSq9jeGUT,The Pulse of the Dead,Parasite Inc.,54T3fmk25giTpL4mBmqIHy,Time Tears Down,2013-08-02,251.760,False,spotify_artist_monthly_listeners,121979,"121,979",5.086285068632585,,63.333333333333336,middle_third_vs_final_balanced,within_final_balanced_middle_range,30091.0,4.478139338658135,4.053670532717423,0.6081457299744502,,,,spotify_track_api_popularity,,,0,track,2026-07-28T18:02:42+00:00,Aysima Karçaaltıncaba,
recommended,weekly_recommendation,Week2_28July,2,Spotify,User3,3,experiment_results/Week2_28July/Spotify/User3/Week2_User3_spotify_metadata.csv,Week2_User3,79ckmmrzo9GLNKpdmfoHfI,https://open.spotify.com/playlist/79ckmmrzo9GLNKpdmfoHfI,30,6KMwkN5WDdAnmfeYQfv93m,https://open.spotify.com/track/6KMwkN5WDdAnmfeYQfv93m,Diabolic,Demons & Wizards,4O6RDLeFX5xuQ7IePFzVcl,III,2020-02-21,481.125,False,spotify_artist_monthly_listeners,57273,"57,273",4.757949932359394,,56.666666666666664,middle_third_vs_final_balanced,within_final_balanced_middle_range,30091.0,4.478139338658135,1.9033265760526403,0.27981059370125916,,,,spotify_track_api_popularity,,,0,track,2026-07-28T18:02:42+00:00,Aysima Karçaaltıncaba,
recommended,weekly_recommendation,Week2_28July,2,Spotify,User4,4,experiment_results/Week2_28July/Spotify/User4/Week2_User4_spotify_metadata.csv,Week2_User4,1ZV7oj6yt7BpEIe4wX3CRW,https://open.spotify.com/playlist/1ZV7oj6yt7BpEIe4wX3CRW,1,1osPuS16pkPbqchi1Cotnq,https://open.spotify.com/track/1osPuS16pkPbqchi1Cotnq,Dominion,HammerFall,2o18h28enlHxj887tATc58,Dominion,2019-08-16,279.727,False,spotify_artist_monthly_listeners,855521,"855,521",5.932230674393992,,73.33333333333333,top_third_vs_final_balanced,within_final_balanced_high_range,30091.0,4.478139338658135,28.431125585723304,1.454091335735857,,,,spotify_track_api_popularity,,,0,track,2026-07-28T18:02:42+00:00,Aysima Karçaaltıncaba,
recommended,weekly_recommendation,Week2_28July,2,Spotify,User4,4,experiment_results/Week2_28July/Spotify/User4/Week2_User4_spotify_metadata.csv,Week2_User4,1ZV7oj6yt7BpEIe4wX3CRW,https://open.spotify.com/playlist/1ZV7oj6yt7BpEIe4wX3CRW,2,5u6vCWUMT8MWQKrDlBu8gQ,https://open.spotify.com/track/5u6vCWUMT8MWQKrDlBu8gQ,Battering Ram,Saxon,71vVmHeNgCVSa5SVmfvscU,Battering Ram,2015-10-16,296.034,False,spotify_artist_monthly_listeners,461715,"461,715",5.664373983954236,,66.66666666666667,middle_third_vs_final_balanced,between_final_balanced_tier_ranges,30091.0,4.478139338658135,15.34395666478349,1.1862346452961008,,,,spotify_track_api_popularity,,,0,track,2026-07-28T18:02:42+00:00,Aysima Karçaaltıncaba,
recommended,weekly_recommendation,Week2_28July,2,Spotify,User4,4,experiment_results/Week2_28July/Spotify/User4/Week2_User4_spotify_metadata.csv,Week2_User4,1ZV7oj6yt7BpEIe4wX3CRW,https://open.spotify.com/playlist/1ZV7oj6yt7BpEIe4wX3CRW,3,574pGyzXZeV8TcoejbitiM,https://open.spotify.com/track/574pGyzXZeV8TcoejbitiM,Into the Storm - Remastered 2007,Blind Guardian,7jxJ25p0pPjk0MStloN6o6,Nightfall in Middle Earth (Remastered 2007),1998-04-28,264.746,False,spotify_artist_monthly_listeners,598890,"598,890",5.77734706148782,,70.0,top_third_vs_final_balanced,within_final_balanced_high_range,30091.0,4.478139338658135,19.902628692964672,1.299207722829685,,,,spotify_track_api_popularity,,,0,track,2026-07-28T18:02:42+00:00,Aysima Karçaaltıncaba,
recommended,weekly_recommendation,Week2_28July,2,Spotify,User4,4,experiment_results/Week2_28July/Spotify/User4/Week2_User4_spotify_metadata.csv,Week2_User4,1ZV7oj6yt7BpEIe4wX3CRW,https://open.spotify.com/playlist/1ZV7oj6yt7BpEIe4wX3CRW,4,2bBUHwOa8alimc1TiXg1oY,https://open.spotify.com/track/2bBUHwOa8alimc1TiXg1oY,War of the Gods,Amon Amarth,3pulcT2wt7FEG10lQlqDJL,Surtur Rising,2011-03-29,273.253,False,spotify_artist_monthly_listeners,1132677,"1,132,677",6.054106081869729,,73.33333333333333,top_third_vs_final_balanced,within_final_balanced_high_range,30091.0,4.478139338658135,37.6417201156492,1.5759667432115938,,,,spotify_track_api_popularity,,,0,track,2026-07-28T18:02:42+00:00,Aysima Karçaaltıncaba,
recommended,weekly_recommendation,Week2_28July,2,Spotify,User4,4,experiment_results/Week2_28July/Spotify/User4/Week2_User4_spotify_metadata.csv,Week2_User4,1ZV7oj6yt7BpEIe4wX3CRW,https://open.spotify.com/playlist/1ZV7oj6yt7BpEIe4wX3CRW,5,0ZUPWnw89a0iLfNdcUiIm3,https://open.spotify.com/track/0ZUPWnw89a0iLfNdcUiIm3,Anthem,Iced Earth,3KEixcRfBS5K3E91Vn1Kdy,Dystopia,2011,294.613,False,spotify_artist_monthly_listeners,220147,"220,147",5.342712771592851,,66.66666666666667,middle_third_vs_final_balanced,between_final_balanced_tier_ranges,30091.0,4.478139338658135,7.31604134126483,0.8645734329347157,,,,spotify_track_api_popularity,,,0,track,2026-07-28T18:02:42+00:00,Aysima Karçaaltıncaba,
recommended,weekly_recommendation,Week2_28July,2,Spotify,User4,4,experiment_results/Week2_28July/Spotify/User4/Week2_User4_spotify_metadata.csv,Week2_User4,1ZV7oj6yt7BpEIe4wX3CRW,https://open.spotify.com/playlist/1ZV7oj6yt7BpEIe4wX3CRW,6,4CwkuuBz81F5i3sGhJESNM,https://open.spotify.com/track/4CwkuuBz81F5i3sGhJESNM,Send Me a Sign - Remastered,Gamma Ray,6LZE884lDIsCSLHuTplfGp,The Best (Of),2015-01-30,247.273,False,spotify_artist_monthly_listeners,168685,"168,685",5.227076465476729,,63.333333333333336,middle_third_vs_final_balanced,within_final_balanced_middle_range,30091.0,4.478139338658135,5.60582898541092,0.7489371268185945,,,,spotify_track_api_popularity,,,0,track,2026-07-28T18:02:42+00:00,Aysima Karçaaltıncaba,
recommended,weekly_recommendation,Week2_28July,2,Spotify,User4,4,experiment_results/Week2_28July/Spotify/User4/Week2_User4_spotify_metadata.csv,Week2_User4,1ZV7oj6yt7BpEIe4wX3CRW,https://open.spotify.com/playlist/1ZV7oj6yt7BpEIe4wX3CRW,7,2yUkX5Ea2NwodDJPvvsTxR,https://open.spotify.com/track/2yUkX5Ea2NwodDJPvvsTxR,Lucretia My Reflection,Warrel Dane,1qrGnVZhEO4vX3ahn4RY1r,Praises To The War Machine,2008-06-10,278.360,False,spotify_artist_monthly_listeners,10317,"10,317",4.013553430541676,,33.333333333333336,middle_third_vs_final_balanced,between_final_balanced_tier_ranges,30091.0,4.478139338658135,0.3428599913595427,-0.46458590811645895,,,,spotify_track_api_popularity,,,0,track,2026-07-28T18:02:42+00:00,Aysima Karçaaltıncaba,
recommended,weekly_recommendation,Week2_28July,2,Spotify,User4,4,experiment_results/Week2_28July/Spotify/User4/Week2_User4_spotify_metadata.csv,Week2_User4,1ZV7oj6yt7BpEIe4wX3CRW,https://open.spotify.com/playlist/1ZV7oj6yt7BpEIe4wX3CRW,8,7fkcqrzdbgIa4vthgYN3vs,https://open.spotify.com/track/7fkcqrzdbgIa4vthgYN3vs,Unisonic,Unisonic,3DDcmHnwKjM4sQ8qm34JMU,Unisonic,2012-03-30,205.866,False,spotify_artist_monthly_listeners,28744,"28,744",4.458547204196593,,46.666666666666664,middle_third_vs_final_balanced,within_final_balanced_middle_range,30091.0,4.478139338658135,0.9552357847861487,-0.019592134461541733,,,,spotify_track_api_popularity,,,0,track,2026-07-28T18:02:42+00:00,Aysima Karçaaltıncaba,
recommended,weekly_recommendation,Week2_28July,2,Spotify,User4,4,experiment_results/Week2_28July/Spotify/User4/Week2_User4_spotify_metadata.csv,Week2_User4,1ZV7oj6yt7BpEIe4wX3CRW,https://open.spotify.com/playlist/1ZV7oj6yt7BpEIe4wX3CRW,9,0viBuplbZts6o5ftiQkWU2,https://open.spotify.com/track/0viBuplbZts6o5ftiQkWU2,Triumph and Power,Grand Magus,7GTkjp7qsfmx8iJzBUQLmN,Triumph and Power,2014-01-31,276.826,False,spotify_artist_monthly_listeners,32939,"32,939",4.517710410223103,,56.666666666666664,middle_third_vs_final_balanced,within_final_balanced_middle_range,30091.0,4.478139338658135,1.094646239739457,0.03957107156496775,,,,spotify_track_api_popularity,,,0,track,2026-07-28T18:02:42+00:00,Aysima Karçaaltıncaba,
recommended,weekly_recommendation,Week2_28July,2,Spotify,User4,4,experiment_results/Week2_28July/Spotify/User4/Week2_User4_spotify_metadata.csv,Week2_User4,1ZV7oj6yt7BpEIe4wX3CRW,https://open.spotify.com/playlist/1ZV7oj6yt7BpEIe4wX3CRW,10,6saan07rgxLNm9DYBYdHxd,https://open.spotify.com/track/6saan07rgxLNm9DYBYdHxd,Headbangers Ballroom,Masterplan,1OHNvr18TssBKYK0A75yvx,Aeronautics (Deluxe Edition),2005-05-30,295.373,False,spotify_artist_monthly_listeners,182302,"182,302",5.260791433241916,,63.333333333333336,middle_third_vs_final_balanced,within_final_balanced_middle_range,30091.0,4.478139338658135,6.058356319165199,0.7826520945837814,,,,spotify_track_api_popularity,,,0,track,2026-07-28T18:02:42+00:00,Aysima Karçaaltıncaba,
recommended,weekly_recommendation,Week2_28July,2,Spotify,User4,4,experiment_results/Week2_28July/Spotify/User4/Week2_User4_spotify_metadata.csv,Week2_User4,1ZV7oj6yt7BpEIe4wX3CRW,https://open.spotify.com/playlist/1ZV7oj6yt7BpEIe4wX3CRW,11,2AQPuZzaegH8a65SWyq3YA,https://open.spotify.com/track/2AQPuZzaegH8a65SWyq3YA,Forever,Kamelot,7gTbq5nTZGQIUgjEGXQpOS,Karma,2001-07-19,246.293,False,spotify_artist_monthly_listeners,355443,"355,443",5.550769965768341,,66.66666666666667,middle_third_vs_final_balanced,between_final_balanced_tier_ranges,30091.0,4.478139338658135,11.81226944933701,1.0726306271102057,,,,spotify_track_api_popularity,,,0,track,2026-07-28T18:02:42+00:00,Aysima Karçaaltıncaba,
recommended,weekly_recommendation,Week2_28July,2,Spotify,User4,4,experiment_results/Week2_28July/Spotify/User4/Week2_User4_spotify_metadata.csv,Week2_User4,1ZV7oj6yt7BpEIe4wX3CRW,https://open.spotify.com/playlist/1ZV7oj6yt7BpEIe4wX3CRW,12,5XJ1jQYn3l4KCNx3IoIC3r,https://open.spotify.com/track/5XJ1jQYn3l4KCNx3IoIC3r,Way of the Warrior,Ensiferum,0krXCIkthz13P8o0v2tksH,Two Paths,2017-09-15,237.226,False,spotify_artist_monthly_listeners,191439,"191,439",5.2820304170323755,,63.333333333333336,middle_third_vs_final_balanced,within_final_balanced_middle_range,30091.0,4.478139338658135,6.362001927486624,0.8038910783742406,,,,spotify_track_api_popularity,,,0,track,2026-07-28T18:02:42+00:00,Aysima Karçaaltıncaba,
recommended,weekly_recommendation,Week2_28July,2,Spotify,User4,4,experiment_results/Week2_28July/Spotify/User4/Week2_User4_spotify_metadata.csv,Week2_User4,1ZV7oj6yt7BpEIe4wX3CRW,https://open.spotify.com/playlist/1ZV7oj6yt7BpEIe4wX3CRW,13,3LUFvlVXNOm2CAmVF11Xbl,https://open.spotify.com/track/3LUFvlVXNOm2CAmVF11Xbl,Curse of Darkness,DragonForce,2pH3wEn4eYlMMIIQyKPbVR,Reaching into Infinity,2017-05-19,335.093,False,spotify_artist_monthly_listeners,1778853,"1,778,853",6.250140060547888,,86.66666666666667,top_third_vs_final_balanced,within_final_balanced_high_range,30091.0,4.478139338658135,59.115782127546446,1.7720007218897527,,,,spotify_track_api_popularity,,,0,track,2026-07-28T18:02:42+00:00,Aysima Karçaaltıncaba,
recommended,weekly_recommendation,Week2_28July,2,Spotify,User4,4,experiment_results/Week2_28July/Spotify/User4/Week2_User4_spotify_metadata.csv,Week2_User4,1ZV7oj6yt7BpEIe4wX3CRW,https://open.spotify.com/playlist/1ZV7oj6yt7BpEIe4wX3CRW,14,4qgDlkfqsbZ0q5tOSp0nqE,https://open.spotify.com/track/4qgDlkfqsbZ0q5tOSp0nqE,Blood of Heroes,Týr,6TmGNPW2oDM5uaXBILozGa,Valkyrja,2013-09-17,221.506,False,spotify_artist_monthly_listeners,132643,"132,643",5.12268433579902,,63.333333333333336,middle_third_vs_final_balanced,within_final_balanced_middle_range,30091.0,4.478139338658135,4.408062211292413,0.6445449971408852,,,,spotify_track_api_popularity,,,0,track,2026-07-28T18:02:42+00:00,Aysima Karçaaltıncaba,
recommended,weekly_recommendation,Week2_28July,2,Spotify,User4,4,experiment_results/Week2_28July/Spotify/User4/Week2_User4_spotify_metadata.csv,Week2_User4,1ZV7oj6yt7BpEIe4wX3CRW,https://open.spotify.com/playlist/1ZV7oj6yt7BpEIe4wX3CRW,15,4WkdoleJNVD46dOS03j821,https://open.spotify.com/track/4WkdoleJNVD46dOS03j821,Hate Me,Children Of Bodom,1xUhNgw4eJDZfvumIpcz1B,Follow The Reaper,2000-10-30,284.733,True,spotify_artist_monthly_listeners,759719,"759,719",5.880652987918004,,73.33333333333333,top_third_vs_final_balanced,within_final_balanced_high_range,30091.0,4.478139338658135,25.247382938420127,1.4025136492598689,,,,spotify_track_api_popularity,,,0,track,2026-07-28T18:02:42+00:00,Aysima Karçaaltıncaba,
recommended,weekly_recommendation,Week2_28July,2,Spotify,User4,4,experiment_results/Week2_28July/Spotify/User4/Week2_User4_spotify_metadata.csv,Week2_User4,1ZV7oj6yt7BpEIe4wX3CRW,https://open.spotify.com/playlist/1ZV7oj6yt7BpEIe4wX3CRW,16,7xkqn8jhdDyTpzfTloh9NN,https://open.spotify.com/track/7xkqn8jhdDyTpzfTloh9NN,Wisdom of the Kings,Rhapsody,0zQfrabOFYf36Ikb6PXcCY,Symphony of Enchanted Lands,1998,268.693,False,spotify_artist_monthly_listeners,368456,"368,456",5.566385633041399,,66.66666666666667,middle_third_vs_final_balanced,between_final_balanced_tier_ranges,30091.0,4.478139338658135,12.244724336180253,1.0882462943832643,,,,spotify_track_api_popularity,,,0,track,2026-07-28T18:02:42+00:00,Aysima Karçaaltıncaba,
recommended,weekly_recommendation,Week2_28July,2,Spotify,User4,4,experiment_results/Week2_28July/Spotify/User4/Week2_User4_spotify_metadata.csv,Week2_User4,1ZV7oj6yt7BpEIe4wX3CRW,https://open.spotify.com/playlist/1ZV7oj6yt7BpEIe4wX3CRW,17,5VaZe94A50vJ1kghNSbh83,https://open.spotify.com/track/5VaZe94A50vJ1kghNSbh83,Pandemonium,Pretty Maids,4OGo8f0tdKloP3IZwvnLqt,Pandemonium,2010-05-14,321.333,False,spotify_artist_monthly_listeners,119590,"119,590",5.077694865886586,,63.333333333333336,middle_third_vs_final_balanced,within_final_balanced_middle_range,30091.0,4.478139338658135,3.9742780233292345,0.5995555272284507,,,,spotify_track_api_popularity,,,0,track,2026-07-28T18:02:42+00:00,Aysima Karçaaltıncaba,
recommended,weekly_recommendation,Week2_28July,2,Spotify,User4,4,experiment_results/Week2_28July/Spotify/User4/Week2_User4_spotify_metadata.csv,Week2_User4,1ZV7oj6yt7BpEIe4wX3CRW,https://open.spotify.com/playlist/1ZV7oj6yt7BpEIe4wX3CRW,18,2SR0CHOWgkVt0nLI9YwYti,https://open.spotify.com/track/2SR0CHOWgkVt0nLI9YwYti,"No Gods, No Masters",Arch Enemy,0DCw6lHkzh9t7f8Hb4Z0Sx,Khaos Legions,2011-05-27,254.653,False,spotify_artist_monthly_listeners,724991,"724,991",5.860332615295686,,73.33333333333333,top_third_vs_final_balanced,within_final_balanced_high_range,30091.0,4.478139338658135,24.093283706091523,1.382193276637551,,,,spotify_track_api_popularity,,,0,track,2026-07-28T18:02:42+00:00,Aysima Karçaaltıncaba,
recommended,weekly_recommendation,Week2_28July,2,Spotify,User4,4,experiment_results/Week2_28July/Spotify/User4/Week2_User4_spotify_metadata.csv,Week2_User4,1ZV7oj6yt7BpEIe4wX3CRW,https://open.spotify.com/playlist/1ZV7oj6yt7BpEIe4wX3CRW,19,6JeF22z02oTSaMBkutuQQu,https://open.spotify.com/track/6JeF22z02oTSaMBkutuQQu,Mirror of Madness,Norther,7FYqu76teK16FSlw4ZYFhW,Mirror Of Madness,2010-01-01,280.426,False,spotify_artist_monthly_listeners,30981,"30,981",4.491095431740579,,50.0,middle_third_vs_final_balanced,within_final_balanced_middle_range,30091.0,4.478139338658135,1.0295769499185803,0.012956093082443942,,,,spotify_track_api_popularity,,,0,track,2026-07-28T18:02:42+00:00,Aysima Karçaaltıncaba,
recommended,weekly_recommendation,Week2_28July,2,Spotify,User4,4,experiment_results/Week2_28July/Spotify/User4/Week2_User4_spotify_metadata.csv,Week2_User4,1ZV7oj6yt7BpEIe4wX3CRW,https://open.spotify.com/playlist/1ZV7oj6yt7BpEIe4wX3CRW,20,1xBR8Ne5wclgRXAiNTycei,https://open.spotify.com/track/1xBR8Ne5wclgRXAiNTycei,I Am Alive,Primal Fear,1yfiDL3YUEJlQCgb5Pun6g,Metal Commando,2020-07-24,274.826,False,spotify_artist_monthly_listeners,104665,"104,665",5.0198014777812645,,60.0,middle_third_vs_final_balanced,within_final_balanced_middle_range,30091.0,4.478139338658135,3.4782825429530426,0.5416621391231295,,,,spotify_track_api_popularity,,,0,track,2026-07-28T18:02:42+00:00,Aysima Karçaaltıncaba,
recommended,weekly_recommendation,Week2_28July,2,Spotify,User4,4,experiment_results/Week2_28July/Spotify/User4/Week2_User4_spotify_metadata.csv,Week2_User4,1ZV7oj6yt7BpEIe4wX3CRW,https://open.spotify.com/playlist/1ZV7oj6yt7BpEIe4wX3CRW,21,0Wvq34MjCPA1ldMIavqmXA,https://open.spotify.com/track/0Wvq34MjCPA1ldMIavqmXA,Hephaistos,Warkings,7DXUeaMULtMVFmmaKFzH3E,Reborn,2018-11-16,246.546,True,spotify_artist_monthly_listeners,83408,"83,408",4.921207707582944,,60.0,middle_third_vs_final_balanced,within_final_balanced_middle_range,30091.0,4.478139338658135,2.771858695290951,0.44306836892480916,,,,spotify_track_api_popularity,,,0,track,2026-07-28T18:02:42+00:00,Aysima Karçaaltıncaba,
recommended,weekly_recommendation,Week2_28July,2,Spotify,User4,4,experiment_results/Week2_28July/Spotify/User4/Week2_User4_spotify_metadata.csv,Week2_User4,1ZV7oj6yt7BpEIe4wX3CRW,https://open.spotify.com/playlist/1ZV7oj6yt7BpEIe4wX3CRW,22,07Vk1JPd5MgBJxdrMpnLNh,https://open.spotify.com/track/07Vk1JPd5MgBJxdrMpnLNh,The Book of Heavy Metal (March of the Metallians),Dream Evil,1bkf8u8ot6vEpWTJFBzKZB,The Book of Heavy Metal,2004-07-13,325.800,False,spotify_artist_monthly_listeners,167278,"167,278",5.223438827352918,,63.333333333333336,middle_third_vs_final_balanced,within_final_balanced_middle_range,30091.0,4.478139338658135,5.5590708185171644,0.7452994886947835,,,,spotify_track_api_popularity,,,0,track,2026-07-28T18:02:42+00:00,Aysima Karçaaltıncaba,
recommended,weekly_recommendation,Week2_28July,2,Spotify,User4,4,experiment_results/Week2_28July/Spotify/User4/Week2_User4_spotify_metadata.csv,Week2_User4,1ZV7oj6yt7BpEIe4wX3CRW,https://open.spotify.com/playlist/1ZV7oj6yt7BpEIe4wX3CRW,23,2sTY4LYxBBf3FhetMRGh2H,https://open.spotify.com/track/2sTY4LYxBBf3FhetMRGh2H,Desecrator,Ambush,5ZnuwxU3BQDmhQSdZO743a,Desecrator,2015-10-30,247.541,False,spotify_artist_monthly_listeners,30871,"30,871",4.48955069775057,,50.0,middle_third_vs_final_balanced,within_final_balanced_middle_range,30091.0,4.478139338658135,1.0259213718387559,0.011411359092434736,,,,spotify_track_api_popularity,,,0,track,2026-07-28T18:02:42+00:00,Aysima Karçaaltıncaba,
recommended,weekly_recommendation,Week2_28July,2,Spotify,User4,4,experiment_results/Week2_28July/Spotify/User4/Week2_User4_spotify_metadata.csv,Week2_User4,1ZV7oj6yt7BpEIe4wX3CRW,https://open.spotify.com/playlist/1ZV7oj6yt7BpEIe4wX3CRW,24,30ogzELFO9Uid6H823jney,https://open.spotify.com/track/30ogzELFO9Uid6H823jney,My God-Given Right,Helloween,4pQN0GB0fNEEOfQCaWotsY,My God-Given Right,2015-03-29,210.476,False,spotify_artist_monthly_listeners,1431600,"1,431,600",6.155821689717967,,80.0,top_third_vs_final_balanced,within_final_balanced_high_range,30091.0,4.478139338658135,47.57568708251637,1.6776823510598318,,,,spotify_track_api_popularity,,,0,track,2026-07-28T18:02:42+00:00,Aysima Karçaaltıncaba,
recommended,weekly_recommendation,Week2_28July,2,Spotify,User4,4,experiment_results/Week2_28July/Spotify/User4/Week2_User4_spotify_metadata.csv,Week2_User4,1ZV7oj6yt7BpEIe4wX3CRW,https://open.spotify.com/playlist/1ZV7oj6yt7BpEIe4wX3CRW,25,6YTOLMRTnLAdPOo1kxjNoZ,https://open.spotify.com/track/6YTOLMRTnLAdPOo1kxjNoZ,Avantasia,Avantasia,1Ih0fEQQsy9EeAJbYEeQRa,"The Metal Opera, Pt. I",2001-01-22,331.533,False,spotify_artist_monthly_listeners,556367,"556,367",5.745361362615973,,70.0,top_third_vs_final_balanced,within_final_balanced_high_range,30091.0,4.478139338658135,18.489481904888503,1.2672220239578378,,,,spotify_track_api_popularity,,,0,track,2026-07-28T18:02:42+00:00,Aysima Karçaaltıncaba,
recommended,weekly_recommendation,Week2_28July,2,Spotify,User4,4,experiment_results/Week2_28July/Spotify/User4/Week2_User4_spotify_metadata.csv,Week2_User4,1ZV7oj6yt7BpEIe4wX3CRW,https://open.spotify.com/playlist/1ZV7oj6yt7BpEIe4wX3CRW,26,6KMwkN5WDdAnmfeYQfv93m,https://open.spotify.com/track/6KMwkN5WDdAnmfeYQfv93m,Diabolic,Demons & Wizards,4O6RDLeFX5xuQ7IePFzVcl,III,2020-02-21,481.125,False,spotify_artist_monthly_listeners,57273,"57,273",4.757949932359394,,56.666666666666664,middle_third_vs_final_balanced,within_final_balanced_middle_range,30091.0,4.478139338658135,1.9033265760526403,0.27981059370125916,,,,spotify_track_api_popularity,,,0,track,2026-07-28T18:02:42+00:00,Aysima Karçaaltıncaba,
recommended,weekly_recommendation,Week2_28July,2,Spotify,User4,4,experiment_results/Week2_28July/Spotify/User4/Week2_User4_spotify_metadata.csv,Week2_User4,1ZV7oj6yt7BpEIe4wX3CRW,https://open.spotify.com/playlist/1ZV7oj6yt7BpEIe4wX3CRW,27,5ndg51kIdyNdCOc4OQYmnS,https://open.spotify.com/track/5ndg51kIdyNdCOc4OQYmnS,Call to Arms,Manowar,4CzUzn54Cp9TQr6a7JIlMZ,Warriors of the World,2002-06-02,331.860,False,spotify_artist_monthly_listeners,1037930,"1,037,930",6.016168064843028,,73.33333333333333,top_third_vs_final_balanced,within_final_balanced_high_range,30091.0,4.478139338658135,34.49303778538433,1.5380287261848933,,,,spotify_track_api_popularity,,,0,track,2026-07-28T18:02:42+00:00,Aysima Karçaaltıncaba,
recommended,weekly_recommendation,Week2_28July,2,Spotify,User4,4,experiment_results/Week2_28July/Spotify/User4/Week2_User4_spotify_metadata.csv,Week2_User4,1ZV7oj6yt7BpEIe4wX3CRW,https://open.spotify.com/playlist/1ZV7oj6yt7BpEIe4wX3CRW,28,0XJ91I6smUYRzRCGbU2N4b,https://open.spotify.com/track/0XJ91I6smUYRzRCGbU2N4b,One Heart One Soul,U.D.O.,2aWjaq32aRQo58dw0w8NM6,Steelfactory,2018-08-31,296.316,False,spotify_artist_monthly_listeners,191824,"191,824",5.282902942852888,,63.333333333333336,middle_third_vs_final_balanced,within_final_balanced_middle_range,30091.0,4.478139338658135,6.37479645076601,0.8047636041947532,,,,spotify_track_api_popularity,,,0,track,2026-07-28T18:02:42+00:00,Aysima Karçaaltıncaba,
recommended,weekly_recommendation,Week2_28July,2,Spotify,User4,4,experiment_results/Week2_28July/Spotify/User4/Week2_User4_spotify_metadata.csv,Week2_User4,1ZV7oj6yt7BpEIe4wX3CRW,https://open.spotify.com/playlist/1ZV7oj6yt7BpEIe4wX3CRW,29,5bh2yNq0H23I1Qfh2IBs34,https://open.spotify.com/track/5bh2yNq0H23I1Qfh2IBs34,King,Eluveitie,5X0N2k3qMnI8kSrGJT3kfT,Origins,2014-08-01,273.369,False,spotify_artist_monthly_listeners,745910,"745,910",5.872686429535235,,73.33333333333333,top_third_vs_final_balanced,within_final_balanced_high_range,30091.0,4.478139338658135,24.788474959290152,1.3945470908770998,,,,spotify_track_api_popularity,,,0,track,2026-07-28T18:02:42+00:00,Aysima Karçaaltıncaba,
recommended,weekly_recommendation,Week2_28July,2,Spotify,User4,4,experiment_results/Week2_28July/Spotify/User4/Week2_User4_spotify_metadata.csv,Week2_User4,1ZV7oj6yt7BpEIe4wX3CRW,https://open.spotify.com/playlist/1ZV7oj6yt7BpEIe4wX3CRW,30,7LBv83ZQoiqK0KBTrhDYFe,https://open.spotify.com/track/7LBv83ZQoiqK0KBTrhDYFe,Ravenlord,Mystic Prophecy,5kUzPpkPyNpxRYd66c8nYG,Ravenlord,2011-11-25,247.160,False,spotify_artist_monthly_listeners,148038,"148,038",5.170373209124836,,63.333333333333336,middle_third_vs_final_balanced,within_final_balanced_middle_range,30091.0,4.478139338658135,4.919676979827855,0.6922338704667013,,,,spotify_track_api_popularity,,,0,track,2026-07-28T18:02:42+00:00,Aysima Karçaaltıncaba,
recommended,weekly_recommendation,Week2_28July,2,Spotify,User5,5,experiment_results/Week2_28July/Spotify/User5/Week2_User5_spotify_metadata.csv,Week2-User5,6D5V06agsRCT19198mIbmw,https://open.spotify.com/playlist/6D5V06agsRCT19198mIbmw,1,6WyfybAgLz1EceoumvVSun,https://open.spotify.com/track/6WyfybAgLz1EceoumvVSun,Crossing the Rubicon,Sabaton,3o2dn2O0FCVsWDFSh8qxgG,Legends,2025-10-17,209.000,False,spotify_artist_monthly_listeners,3096823,"3,096,823",6.4909163838133495,,90.0,top_third_vs_final_balanced,within_final_balanced_high_range,30091.0,4.478139338658135,102.91525705360407,2.0127770451552145,,,,spotify_track_api_popularity,,,0,track,2026-07-28T12:06:09+00:00,Aysima Karçaaltıncaba,
recommended,weekly_recommendation,Week2_28July,2,Spotify,User5,5,experiment_results/Week2_28July/Spotify/User5/Week2_User5_spotify_metadata.csv,Week2-User5,6D5V06agsRCT19198mIbmw,https://open.spotify.com/playlist/6D5V06agsRCT19198mIbmw,2,1tedBknW0ryQX3Z5e7tGZg,https://open.spotify.com/track/1tedBknW0ryQX3Z5e7tGZg,Blood Bound,HammerFall,2o18h28enlHxj887tATc58,"Chapter V: Unbent, Unbowed, Unbroken",2005-03-04,229.000,False,spotify_artist_monthly_listeners,855521,"855,521",5.932230674393992,,73.33333333333333,top_third_vs_final_balanced,within_final_balanced_high_range,30091.0,4.478139338658135,28.431125585723304,1.454091335735857,,,,spotify_track_api_popularity,,,0,track,2026-07-28T12:06:09+00:00,Aysima Karçaaltıncaba,
recommended,weekly_recommendation,Week2_28July,2,Spotify,User5,5,experiment_results/Week2_28July/Spotify/User5/Week2_User5_spotify_metadata.csv,Week2-User5,6D5V06agsRCT19198mIbmw,https://open.spotify.com/playlist/6D5V06agsRCT19198mIbmw,3,5JHQnFsdxFCwqJze3z7hQJ,https://open.spotify.com/track/5JHQnFsdxFCwqJze3z7hQJ,Valhalla,Blind Guardian,7jxJ25p0pPjk0MStloN6o6,Memories of a Time to Come,2012,313.213,False,spotify_artist_monthly_listeners,598890,"598,890",5.77734706148782,,70.0,top_third_vs_final_balanced,within_final_balanced_high_range,30091.0,4.478139338658135,19.902628692964672,1.299207722829685,,,,spotify_track_api_popularity,,,0,track,2026-07-28T12:06:09+00:00,Aysima Karçaaltıncaba,
recommended,weekly_recommendation,Week2_28July,2,Spotify,User5,5,experiment_results/Week2_28July/Spotify/User5/Week2_User5_spotify_metadata.csv,Week2-User5,6D5V06agsRCT19198mIbmw,https://open.spotify.com/playlist/6D5V06agsRCT19198mIbmw,4,7ACH45QQtgGPFzWJbiirXN,https://open.spotify.com/track/7ACH45QQtgGPFzWJbiirXN,Rain of Fury,Rhapsody Of Fire,3IjLXN4eSksdGj8uDE4Jm1,The Eighth Mountain,2019-02-22,249.386,False,spotify_artist_monthly_listeners,241962,"241,962",5.383747165624428,,66.66666666666667,middle_third_vs_final_balanced,between_final_balanced_tier_ranges,30091.0,4.478139338658135,8.041008939550032,0.9056078269662926,,,,spotify_track_api_popularity,,,0,track,2026-07-28T12:06:09+00:00,Aysima Karçaaltıncaba,
recommended,weekly_recommendation,Week2_28July,2,Spotify,User5,5,experiment_results/Week2_28July/Spotify/User5/Week2_User5_spotify_metadata.csv,Week2-User5,6D5V06agsRCT19198mIbmw,https://open.spotify.com/playlist/6D5V06agsRCT19198mIbmw,5,68tA0cl2dkuQNOIlr4qnEw,https://open.spotify.com/track/68tA0cl2dkuQNOIlr4qnEw,I Am the Anger,Firewind,70I9vE7YTwKmelfEplXc5r,Burning Earth,2003-01-01,227.826,False,spotify_artist_monthly_listeners,106431,"106,431",5.027068142696396,,60.0,middle_third_vs_final_balanced,within_final_balanced_middle_range,30091.0,4.478139338658135,3.5369711873982252,0.5489288040382609,,,,spotify_track_api_popularity,,,0,track,2026-07-28T12:06:09+00:00,Aysima Karçaaltıncaba,
recommended,weekly_recommendation,Week2_28July,2,Spotify,User5,5,experiment_results/Week2_28July/Spotify/User5/Week2_User5_spotify_metadata.csv,Week2-User5,6D5V06agsRCT19198mIbmw,https://open.spotify.com/playlist/6D5V06agsRCT19198mIbmw,6,7kYViSgnPLFm4TPPfWedz3,https://open.spotify.com/track/7kYViSgnPLFm4TPPfWedz3,Exceptional,Unisonic,3DDcmHnwKjM4sQ8qm34JMU,Light of Dawn,2014-08-01,302.480,False,spotify_artist_monthly_listeners,28744,"28,744",4.458547204196593,,46.666666666666664,middle_third_vs_final_balanced,within_final_balanced_middle_range,30091.0,4.478139338658135,0.9552357847861487,-0.019592134461541733,,,,spotify_track_api_popularity,,,0,track,2026-07-28T12:06:09+00:00,Aysima Karçaaltıncaba,
recommended,weekly_recommendation,Week2_28July,2,Spotify,User5,5,experiment_results/Week2_28July/Spotify/User5/Week2_User5_spotify_metadata.csv,Week2-User5,6D5V06agsRCT19198mIbmw,https://open.spotify.com/playlist/6D5V06agsRCT19198mIbmw,7,2zzcdociKJgE51NaxgalV2,https://open.spotify.com/track/2zzcdociKJgE51NaxgalV2,8th Commandment,Sonata Arctica,5YeoQ1L71cXDMpSpqxOjfH,Ecliptica (International Version),1999-01-01,221.933,False,spotify_artist_monthly_listeners,448353,"448,353",5.651620080036942,,66.66666666666667,middle_third_vs_final_balanced,between_final_balanced_tier_ranges,30091.0,4.478139338658135,14.899903625668804,1.1734807413788069,,,,spotify_track_api_popularity,,,0,track,2026-07-28T12:06:09+00:00,Aysima Karçaaltıncaba,
recommended,weekly_recommendation,Week2_28July,2,Spotify,User5,5,experiment_results/Week2_28July/Spotify/User5/Week2_User5_spotify_metadata.csv,Week2-User5,6D5V06agsRCT19198mIbmw,https://open.spotify.com/playlist/6D5V06agsRCT19198mIbmw,8,7jpgyT57FUv1BzmHiaF6tQ,https://open.spotify.com/track/7jpgyT57FUv1BzmHiaF6tQ,Mysteria,Edguy,3AGFqPP3gt5rMSvhR87Xxu,Hellfire Club,2004-03-15,345.786,False,spotify_artist_monthly_listeners,290291,"290,291",5.462833571446806,,66.66666666666667,middle_third_vs_final_balanced,between_final_balanced_tier_ranges,30091.0,4.478139338658135,9.647103785184939,0.9846942327886712,,,,spotify_track_api_popularity,,,0,track,2026-07-28T12:06:09+00:00,Aysima Karçaaltıncaba,
recommended,weekly_recommendation,Week2_28July,2,Spotify,User5,5,experiment_results/Week2_28July/Spotify/User5/Week2_User5_spotify_metadata.csv,Week2-User5,6D5V06agsRCT19198mIbmw,https://open.spotify.com/playlist/6D5V06agsRCT19198mIbmw,9,2JjRySKmXZGHRyCHOyhDr9,https://open.spotify.com/track/2JjRySKmXZGHRyCHOyhDr9,Edge of Thorns,Savatage,3N1B1g6JtIgd6ClRkzD4yT,Edge of Thorns (Bonus Track Edition),1993,356.160,False,spotify_artist_monthly_listeners,383266,"383,266",5.583500294163507,,66.66666666666667,middle_third_vs_final_balanced,between_final_balanced_tier_ranges,30091.0,4.478139338658135,12.73689807583663,1.1053609555053718,,,,spotify_track_api_popularity,,,0,track,2026-07-28T12:06:09+00:00,Aysima Karçaaltıncaba,
recommended,weekly_recommendation,Week2_28July,2,Spotify,User5,5,experiment_results/Week2_28July/Spotify/User5/Week2_User5_spotify_metadata.csv,Week2-User5,6D5V06agsRCT19198mIbmw,https://open.spotify.com/playlist/6D5V06agsRCT19198mIbmw,10,19zT5M46RioXTv0PzU22Hb,https://open.spotify.com/track/19zT5M46RioXTv0PzU22Hb,The Way of Vikings,Amon Amarth,3pulcT2wt7FEG10lQlqDJL,Jomsviking,2016-03-25,311.320,False,spotify_artist_monthly_listeners,1132677,"1,132,677",6.054106081869729,,73.33333333333333,top_third_vs_final_balanced,within_final_balanced_high_range,30091.0,4.478139338658135,37.6417201156492,1.5759667432115938,,,,spotify_track_api_popularity,,,0,track,2026-07-28T12:06:09+00:00,Aysima Karçaaltıncaba,
recommended,weekly_recommendation,Week2_28July,2,Spotify,User5,5,experiment_results/Week2_28July/Spotify/User5/Week2_User5_spotify_metadata.csv,Week2-User5,6D5V06agsRCT19198mIbmw,https://open.spotify.com/playlist/6D5V06agsRCT19198mIbmw,11,2v3hw60laqNnrNM7KFyX19,https://open.spotify.com/track/2v3hw60laqNnrNM7KFyX19,Downfall,Children Of Bodom,1xUhNgw4eJDZfvumIpcz1B,Hatebreeder,1999-05-03,280.546,False,spotify_artist_monthly_listeners,759719,"759,719",5.880652987918004,,73.33333333333333,top_third_vs_final_balanced,within_final_balanced_high_range,30091.0,4.478139338658135,25.247382938420127,1.4025136492598689,,,,spotify_track_api_popularity,,,0,track,2026-07-28T12:06:09+00:00,Aysima Karçaaltıncaba,
recommended,weekly_recommendation,Week2_28July,2,Spotify,User5,5,experiment_results/Week2_28July/Spotify/User5/Week2_User5_spotify_metadata.csv,Week2-User5,6D5V06agsRCT19198mIbmw,https://open.spotify.com/playlist/6D5V06agsRCT19198mIbmw,12,0P5TSzUBq8y0B8xGqg9Gbr,https://open.spotify.com/track/0P5TSzUBq8y0B8xGqg9Gbr,New World Comin',Accept,3JDIAtVrJdQ7GFOX26LYpv,Blood of the Nations,2010-08-20,290.773,False,spotify_artist_monthly_listeners,1162100,"1,162,100",6.065243501186464,,73.33333333333333,top_third_vs_final_balanced,within_final_balanced_high_range,30091.0,4.478139338658135,38.61952078694626,1.5871041625283286,,,,spotify_track_api_popularity,,,0,track,2026-07-28T12:06:09+00:00,Aysima Karçaaltıncaba,
recommended,weekly_recommendation,Week2_28July,2,Spotify,User5,5,experiment_results/Week2_28July/Spotify/User5/Week2_User5_spotify_metadata.csv,Week2-User5,6D5V06agsRCT19198mIbmw,https://open.spotify.com/playlist/6D5V06agsRCT19198mIbmw,13,646cYYsquK53Vwm7uMrg2c,https://open.spotify.com/track/646cYYsquK53Vwm7uMrg2c,Only the Strong Will Survive,Axel Rudi Pell,7dWw3TXxNe2aEhng9vVRNl,Kings and Queens,2004-03-01,332.213,False,spotify_artist_monthly_listeners,265553,"265,553",5.4241512120857385,,66.66666666666667,middle_third_vs_final_balanced,between_final_balanced_tier_ranges,30091.0,4.478139338658135,8.8249975075604,0.9460118734276035,,,,spotify_track_api_popularity,,,0,track,2026-07-28T12:06:09+00:00,Aysima Karçaaltıncaba,
recommended,weekly_recommendation,Week2_28July,2,Spotify,User5,5,experiment_results/Week2_28July/Spotify/User5/Week2_User5_spotify_metadata.csv,Week2-User5,6D5V06agsRCT19198mIbmw,https://open.spotify.com/playlist/6D5V06agsRCT19198mIbmw,14,6ppTuqLIPRDXTGda4qPwVd,https://open.spotify.com/track/6ppTuqLIPRDXTGda4qPwVd,Let the Gods Decide,Manowar,4CzUzn54Cp9TQr6a7JIlMZ,Thunder in the Sky,2009-07-17,219.000,False,spotify_artist_monthly_listeners,1037930,"1,037,930",6.016168064843028,,73.33333333333333,top_third_vs_final_balanced,within_final_balanced_high_range,30091.0,4.478139338658135,34.49303778538433,1.5380287261848933,,,,spotify_track_api_popularity,,,0,track,2026-07-28T12:06:09+00:00,Aysima Karçaaltıncaba,
recommended,weekly_recommendation,Week2_28July,2,Spotify,User5,5,experiment_results/Week2_28July/Spotify/User5/Week2_User5_spotify_metadata.csv,Week2-User5,6D5V06agsRCT19198mIbmw,https://open.spotify.com/playlist/6D5V06agsRCT19198mIbmw,15,69FrkutQvM0kwdcP5oF5UI,https://open.spotify.com/track/69FrkutQvM0kwdcP5oF5UI,Melancholy (Holy Martyr),Iced Earth,3KEixcRfBS5K3E91Vn1Kdy,Something Wicked This Way Comes,1998-07-13,287.226,False,spotify_artist_monthly_listeners,220147,"220,147",5.342712771592851,,66.66666666666667,middle_third_vs_final_balanced,between_final_balanced_tier_ranges,30091.0,4.478139338658135,7.31604134126483,0.8645734329347157,,,,spotify_track_api_popularity,,,0,track,2026-07-28T12:06:09+00:00,Aysima Karçaaltıncaba,
recommended,weekly_recommendation,Week2_28July,2,Spotify,User5,5,experiment_results/Week2_28July/Spotify/User5/Week2_User5_spotify_metadata.csv,Week2-User5,6D5V06agsRCT19198mIbmw,https://open.spotify.com/playlist/6D5V06agsRCT19198mIbmw,16,1Fr7OlVZrc3mDvru8j2cFi,https://open.spotify.com/track/1Fr7OlVZrc3mDvru8j2cFi,No Surrender,Judas Priest,2tRsMl4eGxwoNabM08Dm4I,Firepower,2018-03-09,173.973,False,spotify_artist_monthly_listeners,4119511,"4,119,511",6.614845666857001,,93.33333333333333,top_third_vs_final_balanced,within_final_balanced_high_range,30091.0,4.478139338658135,136.90176464723672,2.1367063281988656,,,,spotify_track_api_popularity,,,0,track,2026-07-28T12:06:09+00:00,Aysima Karçaaltıncaba,
recommended,weekly_recommendation,Week2_28July,2,Spotify,User5,5,experiment_results/Week2_28July/Spotify/User5/Week2_User5_spotify_metadata.csv,Week2-User5,6D5V06agsRCT19198mIbmw,https://open.spotify.com/playlist/6D5V06agsRCT19198mIbmw,17,6NlRFM6YPUDQLTL94Cyf7W,https://open.spotify.com/track/6NlRFM6YPUDQLTL94Cyf7W,Token Of Time,Ensiferum,0krXCIkthz13P8o0v2tksH,Ensiferum,2008-01-01,256.000,False,spotify_artist_monthly_listeners,191439,"191,439",5.2820304170323755,,63.333333333333336,middle_third_vs_final_balanced,within_final_balanced_middle_range,30091.0,4.478139338658135,6.362001927486624,0.8038910783742406,,,,spotify_track_api_popularity,,,0,track,2026-07-28T12:06:09+00:00,Aysima Karçaaltıncaba,
recommended,weekly_recommendation,Week2_28July,2,Spotify,User5,5,experiment_results/Week2_28July/Spotify/User5/Week2_User5_spotify_metadata.csv,Week2-User5,6D5V06agsRCT19198mIbmw,https://open.spotify.com/playlist/6D5V06agsRCT19198mIbmw,18,4qgDlkfqsbZ0q5tOSp0nqE,https://open.spotify.com/track/4qgDlkfqsbZ0q5tOSp0nqE,Blood of Heroes,Týr,6TmGNPW2oDM5uaXBILozGa,Valkyrja,2013-09-17,221.506,False,spotify_artist_monthly_listeners,132643,"132,643",5.12268433579902,,63.333333333333336,middle_third_vs_final_balanced,within_final_balanced_middle_range,30091.0,4.478139338658135,4.408062211292413,0.6445449971408852,,,,spotify_track_api_popularity,,,0,track,2026-07-28T12:06:09+00:00,Aysima Karçaaltıncaba,
recommended,weekly_recommendation,Week2_28July,2,Spotify,User5,5,experiment_results/Week2_28July/Spotify/User5/Week2_User5_spotify_metadata.csv,Week2-User5,6D5V06agsRCT19198mIbmw,https://open.spotify.com/playlist/6D5V06agsRCT19198mIbmw,19,2sTY4LYxBBf3FhetMRGh2H,https://open.spotify.com/track/2sTY4LYxBBf3FhetMRGh2H,Desecrator,Ambush,5ZnuwxU3BQDmhQSdZO743a,Desecrator,2015-10-30,247.541,False,spotify_artist_monthly_listeners,30871,"30,871",4.48955069775057,,50.0,middle_third_vs_final_balanced,within_final_balanced_middle_range,30091.0,4.478139338658135,1.0259213718387559,0.011411359092434736,,,,spotify_track_api_popularity,,,0,track,2026-07-28T12:06:09+00:00,Aysima Karçaaltıncaba,
recommended,weekly_recommendation,Week2_28July,2,Spotify,User5,5,experiment_results/Week2_28July/Spotify/User5/Week2_User5_spotify_metadata.csv,Week2-User5,6D5V06agsRCT19198mIbmw,https://open.spotify.com/playlist/6D5V06agsRCT19198mIbmw,20,0XDbyUyp6PgCbbjjNEeRwx,https://open.spotify.com/track/0XDbyUyp6PgCbbjjNEeRwx,The Evil Kin,Kalmah,2YPVtFn6SsYNntkmrdDpGF,Palo,2018-06-04,255.240,False,spotify_artist_monthly_listeners,75519,"75,519",4.878056230530515,,60.0,middle_third_vs_final_balanced,within_final_balanced_middle_range,30091.0,4.478139338658135,2.509687281911535,0.39991689187237967,,,,spotify_track_api_popularity,,,0,track,2026-07-28T12:06:09+00:00,Aysima Karçaaltıncaba,
recommended,weekly_recommendation,Week2_28July,2,Spotify,User5,5,experiment_results/Week2_28July/Spotify/User5/Week2_User5_spotify_metadata.csv,Week2-User5,6D5V06agsRCT19198mIbmw,https://open.spotify.com/playlist/6D5V06agsRCT19198mIbmw,21,3Ipp4gOvgvdaSNhOTG46Tw,https://open.spotify.com/track/3Ipp4gOvgvdaSNhOTG46Tw,The Pride of the Tyrant,Rhapsody,0zQfrabOFYf36Ikb6PXcCY,Power of the Dragonflame,2002,293.200,False,spotify_artist_monthly_listeners,368456,"368,456",5.566385633041399,,66.66666666666667,middle_third_vs_final_balanced,between_final_balanced_tier_ranges,30091.0,4.478139338658135,12.244724336180253,1.0882462943832643,,,,spotify_track_api_popularity,,,0,track,2026-07-28T12:06:09+00:00,Aysima Karçaaltıncaba,
recommended,weekly_recommendation,Week2_28July,2,Spotify,User5,5,experiment_results/Week2_28July/Spotify/User5/Week2_User5_spotify_metadata.csv,Week2-User5,6D5V06agsRCT19198mIbmw,https://open.spotify.com/playlist/6D5V06agsRCT19198mIbmw,22,2AQPuZzaegH8a65SWyq3YA,https://open.spotify.com/track/2AQPuZzaegH8a65SWyq3YA,Forever,Kamelot,7gTbq5nTZGQIUgjEGXQpOS,Karma,2001-07-19,246.293,False,spotify_artist_monthly_listeners,355443,"355,443",5.550769965768341,,66.66666666666667,middle_third_vs_final_balanced,between_final_balanced_tier_ranges,30091.0,4.478139338658135,11.81226944933701,1.0726306271102057,,,,spotify_track_api_popularity,,,0,track,2026-07-28T12:06:09+00:00,Aysima Karçaaltıncaba,
recommended,weekly_recommendation,Week2_28July,2,Spotify,User5,5,experiment_results/Week2_28July/Spotify/User5/Week2_User5_spotify_metadata.csv,Week2-User5,6D5V06agsRCT19198mIbmw,https://open.spotify.com/playlist/6D5V06agsRCT19198mIbmw,23,1fG6E0ydGzxpyyUcgkfspJ,https://open.spotify.com/track/1fG6E0ydGzxpyyUcgkfspJ,Creatures of the Dark Realm,Bloodbound,6nf7iwR6AoROxfUKZWd1r6,Creatures of the Dark Realm,2021-05-28,248.133,False,spotify_artist_monthly_listeners,295221,"295,221",5.470147246984807,,66.66666666666667,middle_third_vs_final_balanced,between_final_balanced_tier_ranges,30091.0,4.478139338658135,9.810940148217075,0.9920079083266717,,,,spotify_track_api_popularity,,,0,track,2026-07-28T12:06:09+00:00,Aysima Karçaaltıncaba,
recommended,weekly_recommendation,Week2_28July,2,Spotify,User5,5,experiment_results/Week2_28July/Spotify/User5/Week2_User5_spotify_metadata.csv,Week2-User5,6D5V06agsRCT19198mIbmw,https://open.spotify.com/playlist/6D5V06agsRCT19198mIbmw,24,6JeF22z02oTSaMBkutuQQu,https://open.spotify.com/track/6JeF22z02oTSaMBkutuQQu,Mirror of Madness,Norther,7FYqu76teK16FSlw4ZYFhW,Mirror Of Madness,2010-01-01,280.426,False,spotify_artist_monthly_listeners,30981,"30,981",4.491095431740579,,50.0,middle_third_vs_final_balanced,within_final_balanced_middle_range,30091.0,4.478139338658135,1.0295769499185803,0.012956093082443942,,,,spotify_track_api_popularity,,,0,track,2026-07-28T12:06:09+00:00,Aysima Karçaaltıncaba,
recommended,weekly_recommendation,Week2_28July,2,Spotify,User5,5,experiment_results/Week2_28July/Spotify/User5/Week2_User5_spotify_metadata.csv,Week2-User5,6D5V06agsRCT19198mIbmw,https://open.spotify.com/playlist/6D5V06agsRCT19198mIbmw,25,7xdG0jGbG8rJ2G5CRcQlve,https://open.spotify.com/track/7xdG0jGbG8rJ2G5CRcQlve,Fail No More,Frozen Crown,6hbGneO1qRnmz6xflK4n8E,The Fallen King,2018-02-09,249.933,False,spotify_artist_monthly_listeners,64254,"64,254",4.80790016895048,,56.666666666666664,middle_third_vs_final_balanced,within_final_balanced_middle_range,30091.0,4.478139338658135,2.1353228540095044,0.3297608302923454,,,,spotify_track_api_popularity,,,0,track,2026-07-28T12:06:09+00:00,Aysima Karçaaltıncaba,
recommended,weekly_recommendation,Week2_28July,2,Spotify,User5,5,experiment_results/Week2_28July/Spotify/User5/Week2_User5_spotify_metadata.csv,Week2-User5,6D5V06agsRCT19198mIbmw,https://open.spotify.com/playlist/6D5V06agsRCT19198mIbmw,26,4VluTjykR2imjBfzp0AU4Y,https://open.spotify.com/track/4VluTjykR2imjBfzp0AU4Y,Destroyer,Primal Fear,1yfiDL3YUEJlQCgb5Pun6g,Domination,2025-09-05,273.466,False,spotify_artist_monthly_listeners,104665,"104,665",5.0198014777812645,,60.0,middle_third_vs_final_balanced,within_final_balanced_middle_range,30091.0,4.478139338658135,3.4782825429530426,0.5416621391231295,,,,spotify_track_api_popularity,,,0,track,2026-07-28T12:06:09+00:00,Aysima Karçaaltıncaba,
recommended,weekly_recommendation,Week2_28July,2,Spotify,User5,5,experiment_results/Week2_28July/Spotify/User5/Week2_User5_spotify_metadata.csv,Week2-User5,6D5V06agsRCT19198mIbmw,https://open.spotify.com/playlist/6D5V06agsRCT19198mIbmw,27,1mShQXyieokm7Yr5F2WSRd,https://open.spotify.com/track/1mShQXyieokm7Yr5F2WSRd,Master of Confusion - Remastered,Gamma Ray,6LZE884lDIsCSLHuTplfGp,The Best (Of),2015-01-30,293.732,False,spotify_artist_monthly_listeners,168685,"168,685",5.227076465476729,,63.333333333333336,middle_third_vs_final_balanced,within_final_balanced_middle_range,30091.0,4.478139338658135,5.60582898541092,0.7489371268185945,,,,spotify_track_api_popularity,,,0,track,2026-07-28T12:06:09+00:00,Aysima Karçaaltıncaba,
recommended,weekly_recommendation,Week2_28July,2,Spotify,User5,5,experiment_results/Week2_28July/Spotify/User5/Week2_User5_spotify_metadata.csv,Week2-User5,6D5V06agsRCT19198mIbmw,https://open.spotify.com/playlist/6D5V06agsRCT19198mIbmw,28,1s3Q1pq6jsW1yMVvhpnsGV,https://open.spotify.com/track/1s3Q1pq6jsW1yMVvhpnsGV,The Path,Thunderstone,5FLzywPMVGQ62kSD3X0M8q,Apocalypse Again,2016-04-01,261.746,False,spotify_artist_monthly_listeners,35990,"35,990",4.556181846652911,,56.666666666666664,middle_third_vs_final_balanced,within_final_balanced_middle_range,30091.0,4.478139338658135,1.1960386826625902,0.07804250799477597,,,,spotify_track_api_popularity,,,0,track,2026-07-28T12:06:09+00:00,Aysima Karçaaltıncaba,
recommended,weekly_recommendation,Week2_28July,2,Spotify,User5,5,experiment_results/Week2_28July/Spotify/User5/Week2_User5_spotify_metadata.csv,Week2-User5,6D5V06agsRCT19198mIbmw,https://open.spotify.com/playlist/6D5V06agsRCT19198mIbmw,29,7LBv83ZQoiqK0KBTrhDYFe,https://open.spotify.com/track/7LBv83ZQoiqK0KBTrhDYFe,Ravenlord,Mystic Prophecy,5kUzPpkPyNpxRYd66c8nYG,Ravenlord,2011-11-25,247.160,False,spotify_artist_monthly_listeners,148038,"148,038",5.170373209124836,,63.333333333333336,middle_third_vs_final_balanced,within_final_balanced_middle_range,30091.0,4.478139338658135,4.919676979827855,0.6922338704667013,,,,spotify_track_api_popularity,,,0,track,2026-07-28T12:06:09+00:00,Aysima Karçaaltıncaba,
recommended,weekly_recommendation,Week2_28July,2,Spotify,User5,5,experiment_results/Week2_28July/Spotify/User5/Week2_User5_spotify_metadata.csv,Week2-User5,6D5V06agsRCT19198mIbmw,https://open.spotify.com/playlist/6D5V06agsRCT19198mIbmw,30,4oNnIsGr61LVTPTyfa1zyx,https://open.spotify.com/track/4oNnIsGr61LVTPTyfa1zyx,Steal Away the Light,Triosphere,0hk3NBCfedrc9J4qj27UxG,The Heart of the Matter,2014-01-01,233.218,False,spotify_artist_monthly_listeners,22697,"22,697",4.355968457653611,,36.666666666666664,middle_third_vs_final_balanced,within_final_balanced_middle_range,30091.0,4.478139338658135,0.7542786879797946,-0.12217088100452411,,,,spotify_track_api_popularity,,,0,track,2026-07-28T12:06:09+00:00,Aysima Karçaaltıncaba,
recommended,weekly_recommendation,Week2_28July,2,Spotify,User6,6,experiment_results/Week2_28July/Spotify/User6/Week2_User6_spotify_metadata.csv,Week2_User6,2reniEc9xknHEdac0iPWrA,https://open.spotify.com/playlist/2reniEc9xknHEdac0iPWrA,1,5u6vCWUMT8MWQKrDlBu8gQ,https://open.spotify.com/track/5u6vCWUMT8MWQKrDlBu8gQ,Battering Ram,Saxon,71vVmHeNgCVSa5SVmfvscU,Battering Ram,2015-10-16,296.034,False,spotify_artist_monthly_listeners,461715,"461,715",5.664373983954236,,66.66666666666667,middle_third_vs_final_balanced,between_final_balanced_tier_ranges,30091.0,4.478139338658135,15.34395666478349,1.1862346452961008,,,,spotify_track_api_popularity,,,0,track,2026-07-28T12:06:09+00:00,Aysima Karçaaltıncaba,
recommended,weekly_recommendation,Week2_28July,2,Spotify,User6,6,experiment_results/Week2_28July/Spotify/User6/Week2_User6_spotify_metadata.csv,Week2_User6,2reniEc9xknHEdac0iPWrA,https://open.spotify.com/playlist/2reniEc9xknHEdac0iPWrA,2,1IaQLINjiOCSv4INrrv0aS,https://open.spotify.com/track/1IaQLINjiOCSv4INrrv0aS,Unbreakable - Remastered,Stratovarius,1O8CSXsPwEqxcoBE360PPO,Nemesis,2013-02-22,277.546,False,spotify_artist_monthly_listeners,847091,"847,091",5.927930067562097,,73.33333333333333,top_third_vs_final_balanced,within_final_balanced_high_range,30091.0,4.478139338658135,28.150975374696753,1.4497907289039622,,,,spotify_track_api_popularity,,,0,track,2026-07-28T12:06:09+00:00,Aysima Karçaaltıncaba,
recommended,weekly_recommendation,Week2_28July,2,Spotify,User6,6,experiment_results/Week2_28July/Spotify/User6/Week2_User6_spotify_metadata.csv,Week2_User6,2reniEc9xknHEdac0iPWrA,https://open.spotify.com/playlist/2reniEc9xknHEdac0iPWrA,3,7ACH45QQtgGPFzWJbiirXN,https://open.spotify.com/track/7ACH45QQtgGPFzWJbiirXN,Rain of Fury,Rhapsody Of Fire,3IjLXN4eSksdGj8uDE4Jm1,The Eighth Mountain,2019-02-22,249.386,False,spotify_artist_monthly_listeners,241962,"241,962",5.383747165624428,,66.66666666666667,middle_third_vs_final_balanced,between_final_balanced_tier_ranges,30091.0,4.478139338658135,8.041008939550032,0.9056078269662926,,,,spotify_track_api_popularity,,,0,track,2026-07-28T12:06:09+00:00,Aysima Karçaaltıncaba,
recommended,weekly_recommendation,Week2_28July,2,Spotify,User6,6,experiment_results/Week2_28July/Spotify/User6/Week2_User6_spotify_metadata.csv,Week2_User6,2reniEc9xknHEdac0iPWrA,https://open.spotify.com/playlist/2reniEc9xknHEdac0iPWrA,4,68tA0cl2dkuQNOIlr4qnEw,https://open.spotify.com/track/68tA0cl2dkuQNOIlr4qnEw,I Am the Anger,Firewind,70I9vE7YTwKmelfEplXc5r,Burning Earth,2003-01-01,227.826,False,spotify_artist_monthly_listeners,106431,"106,431",5.027068142696396,,60.0,middle_third_vs_final_balanced,within_final_balanced_middle_range,30091.0,4.478139338658135,3.5369711873982252,0.5489288040382609,,,,spotify_track_api_popularity,,,0,track,2026-07-28T12:06:09+00:00,Aysima Karçaaltıncaba,
recommended,weekly_recommendation,Week2_28July,2,Spotify,User6,6,experiment_results/Week2_28July/Spotify/User6/Week2_User6_spotify_metadata.csv,Week2_User6,2reniEc9xknHEdac0iPWrA,https://open.spotify.com/playlist/2reniEc9xknHEdac0iPWrA,5,2uVkdzzsf0ssKLLvdV1hMb,https://open.spotify.com/track/2uVkdzzsf0ssKLLvdV1hMb,Hammer of Justice,HammerFall,2o18h28enlHxj887tATc58,"Chapter V: Unbent, Unbowed, Unbroken",2005-03-04,277.706,False,spotify_artist_monthly_listeners,855521,"855,521",5.932230674393992,,73.33333333333333,top_third_vs_final_balanced,within_final_balanced_high_range,30091.0,4.478139338658135,28.431125585723304,1.454091335735857,,,,spotify_track_api_popularity,,,0,track,2026-07-28T12:06:09+00:00,Aysima Karçaaltıncaba,
recommended,weekly_recommendation,Week2_28July,2,Spotify,User6,6,experiment_results/Week2_28July/Spotify/User6/Week2_User6_spotify_metadata.csv,Week2_User6,2reniEc9xknHEdac0iPWrA,https://open.spotify.com/playlist/2reniEc9xknHEdac0iPWrA,6,7s0fJ0s9A5eRh4NXaMkfgS,https://open.spotify.com/track/7s0fJ0s9A5eRh4NXaMkfgS,Nightfall - Remastered 2007,Blind Guardian,7jxJ25p0pPjk0MStloN6o6,Nightfall in Middle Earth (Remastered 2007),1998-04-28,334.693,False,spotify_artist_monthly_listeners,598890,"598,890",5.77734706148782,,70.0,top_third_vs_final_balanced,within_final_balanced_high_range,30091.0,4.478139338658135,19.902628692964672,1.299207722829685,,,,spotify_track_api_popularity,,,0,track,2026-07-28T12:06:09+00:00,Aysima Karçaaltıncaba,
recommended,weekly_recommendation,Week2_28July,2,Spotify,User6,6,experiment_results/Week2_28July/Spotify/User6/Week2_User6_spotify_metadata.csv,Week2_User6,2reniEc9xknHEdac0iPWrA,https://open.spotify.com/playlist/2reniEc9xknHEdac0iPWrA,7,7kYViSgnPLFm4TPPfWedz3,https://open.spotify.com/track/7kYViSgnPLFm4TPPfWedz3,Exceptional,Unisonic,3DDcmHnwKjM4sQ8qm34JMU,Light of Dawn,2014-08-01,302.480,False,spotify_artist_monthly_listeners,28744,"28,744",4.458547204196593,,46.666666666666664,middle_third_vs_final_balanced,within_final_balanced_middle_range,30091.0,4.478139338658135,0.9552357847861487,-0.019592134461541733,,,,spotify_track_api_popularity,,,0,track,2026-07-28T12:06:09+00:00,Aysima Karçaaltıncaba,
recommended,weekly_recommendation,Week2_28July,2,Spotify,User6,6,experiment_results/Week2_28July/Spotify/User6/Week2_User6_spotify_metadata.csv,Week2_User6,2reniEc9xknHEdac0iPWrA,https://open.spotify.com/playlist/2reniEc9xknHEdac0iPWrA,8,0CwhgYudd5HzMC9K2vqGMu,https://open.spotify.com/track/0CwhgYudd5HzMC9K2vqGMu,Everytime I Die,Children Of Bodom,1xUhNgw4eJDZfvumIpcz1B,Follow The Reaper,2000-10-30,243.000,False,spotify_artist_monthly_listeners,759719,"759,719",5.880652987918004,,73.33333333333333,top_third_vs_final_balanced,within_final_balanced_high_range,30091.0,4.478139338658135,25.247382938420127,1.4025136492598689,,,,spotify_track_api_popularity,,,0,track,2026-07-28T12:06:09+00:00,Aysima Karçaaltıncaba,
recommended,weekly_recommendation,Week2_28July,2,Spotify,User6,6,experiment_results/Week2_28July/Spotify/User6/Week2_User6_spotify_metadata.csv,Week2_User6,2reniEc9xknHEdac0iPWrA,https://open.spotify.com/playlist/2reniEc9xknHEdac0iPWrA,9,4j5ngznFVuuM7pt0fh0ZCC,https://open.spotify.com/track/4j5ngznFVuuM7pt0fh0ZCC,I Want Out,Sonata Arctica,5YeoQ1L71cXDMpSpqxOjfH,Takatalvi,2009-01-01,230.506,False,spotify_artist_monthly_listeners,448353,"448,353",5.651620080036942,,66.66666666666667,middle_third_vs_final_balanced,between_final_balanced_tier_ranges,30091.0,4.478139338658135,14.899903625668804,1.1734807413788069,,,,spotify_track_api_popularity,,,0,track,2026-07-28T12:06:09+00:00,Aysima Karçaaltıncaba,
recommended,weekly_recommendation,Week2_28July,2,Spotify,User6,6,experiment_results/Week2_28July/Spotify/User6/Week2_User6_spotify_metadata.csv,Week2_User6,2reniEc9xknHEdac0iPWrA,https://open.spotify.com/playlist/2reniEc9xknHEdac0iPWrA,10,0zBGRzml0ZRj9bdeSp5xVN,https://open.spotify.com/track/0zBGRzml0ZRj9bdeSp5xVN,We Don't Need a Hero,Edguy,3AGFqPP3gt5rMSvhR87Xxu,Hellfire Club,2004-03-15,331.266,False,spotify_artist_monthly_listeners,290291,"290,291",5.462833571446806,,66.66666666666667,middle_third_vs_final_balanced,between_final_balanced_tier_ranges,30091.0,4.478139338658135,9.647103785184939,0.9846942327886712,,,,spotify_track_api_popularity,,,0,track,2026-07-28T12:06:09+00:00,Aysima Karçaaltıncaba,
recommended,weekly_recommendation,Week2_28July,2,Spotify,User6,6,experiment_results/Week2_28July/Spotify/User6/Week2_User6_spotify_metadata.csv,Week2_User6,2reniEc9xknHEdac0iPWrA,https://open.spotify.com/playlist/2reniEc9xknHEdac0iPWrA,11,19zT5M46RioXTv0PzU22Hb,https://open.spotify.com/track/19zT5M46RioXTv0PzU22Hb,The Way of Vikings,Amon Amarth,3pulcT2wt7FEG10lQlqDJL,Jomsviking,2016-03-25,311.320,False,spotify_artist_monthly_listeners,1132677,"1,132,677",6.054106081869729,,73.33333333333333,top_third_vs_final_balanced,within_final_balanced_high_range,30091.0,4.478139338658135,37.6417201156492,1.5759667432115938,,,,spotify_track_api_popularity,,,0,track,2026-07-28T12:06:09+00:00,Aysima Karçaaltıncaba,
recommended,weekly_recommendation,Week2_28July,2,Spotify,User6,6,experiment_results/Week2_28July/Spotify/User6/Week2_User6_spotify_metadata.csv,Week2_User6,2reniEc9xknHEdac0iPWrA,https://open.spotify.com/playlist/2reniEc9xknHEdac0iPWrA,12,75cCDRWudi3lI43Ox7S4wj,https://open.spotify.com/track/75cCDRWudi3lI43Ox7S4wj,Symphony of Pain,Accept,3JDIAtVrJdQ7GFOX26LYpv,Too Mean to Die,2021-01-29,279.413,False,spotify_artist_monthly_listeners,1162100,"1,162,100",6.065243501186464,,73.33333333333333,top_third_vs_final_balanced,within_final_balanced_high_range,30091.0,4.478139338658135,38.61952078694626,1.5871041625283286,,,,spotify_track_api_popularity,,,0,track,2026-07-28T12:06:09+00:00,Aysima Karçaaltıncaba,
recommended,weekly_recommendation,Week2_28July,2,Spotify,User6,6,experiment_results/Week2_28July/Spotify/User6/Week2_User6_spotify_metadata.csv,Week2_User6,2reniEc9xknHEdac0iPWrA,https://open.spotify.com/playlist/2reniEc9xknHEdac0iPWrA,13,0XATQ6wedL4bMP2emZNE9F,https://open.spotify.com/track/0XATQ6wedL4bMP2emZNE9F,Slayer Of Light,Ensiferum,0krXCIkthz13P8o0v2tksH,Iron,2008-01-01,190.053,False,spotify_artist_monthly_listeners,191439,"191,439",5.2820304170323755,,63.333333333333336,middle_third_vs_final_balanced,within_final_balanced_middle_range,30091.0,4.478139338658135,6.362001927486624,0.8038910783742406,,,,spotify_track_api_popularity,,,0,track,2026-07-28T12:06:09+00:00,Aysima Karçaaltıncaba,
recommended,weekly_recommendation,Week2_28July,2,Spotify,User6,6,experiment_results/Week2_28July/Spotify/User6/Week2_User6_spotify_metadata.csv,Week2_User6,2reniEc9xknHEdac0iPWrA,https://open.spotify.com/playlist/2reniEc9xknHEdac0iPWrA,14,44aY80ueRBAveED9znUKVO,https://open.spotify.com/track/44aY80ueRBAveED9znUKVO,Number 1,Manowar,4CzUzn54Cp9TQr6a7JIlMZ,Louder Than Hell,1996-01-01,311.533,False,spotify_artist_monthly_listeners,1037930,"1,037,930",6.016168064843028,,73.33333333333333,top_third_vs_final_balanced,within_final_balanced_high_range,30091.0,4.478139338658135,34.49303778538433,1.5380287261848933,,,,spotify_track_api_popularity,,,0,track,2026-07-28T12:06:09+00:00,Aysima Karçaaltıncaba,
recommended,weekly_recommendation,Week2_28July,2,Spotify,User6,6,experiment_results/Week2_28July/Spotify/User6/Week2_User6_spotify_metadata.csv,Week2_User6,2reniEc9xknHEdac0iPWrA,https://open.spotify.com/playlist/2reniEc9xknHEdac0iPWrA,15,2JjRySKmXZGHRyCHOyhDr9,https://open.spotify.com/track/2JjRySKmXZGHRyCHOyhDr9,Edge of Thorns,Savatage,3N1B1g6JtIgd6ClRkzD4yT,Edge of Thorns (Bonus Track Edition),1993,356.160,False,spotify_artist_monthly_listeners,383266,"383,266",5.583500294163507,,66.66666666666667,middle_third_vs_final_balanced,between_final_balanced_tier_ranges,30091.0,4.478139338658135,12.73689807583663,1.1053609555053718,,,,spotify_track_api_popularity,,,0,track,2026-07-28T12:06:09+00:00,Aysima Karçaaltıncaba,
recommended,weekly_recommendation,Week2_28July,2,Spotify,User6,6,experiment_results/Week2_28July/Spotify/User6/Week2_User6_spotify_metadata.csv,Week2_User6,2reniEc9xknHEdac0iPWrA,https://open.spotify.com/playlist/2reniEc9xknHEdac0iPWrA,16,646cYYsquK53Vwm7uMrg2c,https://open.spotify.com/track/646cYYsquK53Vwm7uMrg2c,Only the Strong Will Survive,Axel Rudi Pell,7dWw3TXxNe2aEhng9vVRNl,Kings and Queens,2004-03-01,332.213,False,spotify_artist_monthly_listeners,265553,"265,553",5.4241512120857385,,66.66666666666667,middle_third_vs_final_balanced,between_final_balanced_tier_ranges,30091.0,4.478139338658135,8.8249975075604,0.9460118734276035,,,,spotify_track_api_popularity,,,0,track,2026-07-28T12:06:09+00:00,Aysima Karçaaltıncaba,
recommended,weekly_recommendation,Week2_28July,2,Spotify,User6,6,experiment_results/Week2_28July/Spotify/User6/Week2_User6_spotify_metadata.csv,Week2_User6,2reniEc9xknHEdac0iPWrA,https://open.spotify.com/playlist/2reniEc9xknHEdac0iPWrA,17,4VluTjykR2imjBfzp0AU4Y,https://open.spotify.com/track/4VluTjykR2imjBfzp0AU4Y,Destroyer,Primal Fear,1yfiDL3YUEJlQCgb5Pun6g,Domination,2025-09-05,273.466,False,spotify_artist_monthly_listeners,104665,"104,665",5.0198014777812645,,60.0,middle_third_vs_final_balanced,within_final_balanced_middle_range,30091.0,4.478139338658135,3.4782825429530426,0.5416621391231295,,,,spotify_track_api_popularity,,,0,track,2026-07-28T12:06:09+00:00,Aysima Karçaaltıncaba,
recommended,weekly_recommendation,Week2_28July,2,Spotify,User6,6,experiment_results/Week2_28July/Spotify/User6/Week2_User6_spotify_metadata.csv,Week2_User6,2reniEc9xknHEdac0iPWrA,https://open.spotify.com/playlist/2reniEc9xknHEdac0iPWrA,18,7J7pOSJWc16vwEeYmDJQ9P,https://open.spotify.com/track/7J7pOSJWc16vwEeYmDJQ9P,Haunted by Guilt,Kalmah,2YPVtFn6SsYNntkmrdDpGF,Kalmah,2023-05-26,225.635,False,spotify_artist_monthly_listeners,75519,"75,519",4.878056230530515,,60.0,middle_third_vs_final_balanced,within_final_balanced_middle_range,30091.0,4.478139338658135,2.509687281911535,0.39991689187237967,,,,spotify_track_api_popularity,,,0,track,2026-07-28T12:06:09+00:00,Aysima Karçaaltıncaba,
recommended,weekly_recommendation,Week2_28July,2,Spotify,User6,6,experiment_results/Week2_28July/Spotify/User6/Week2_User6_spotify_metadata.csv,Week2_User6,2reniEc9xknHEdac0iPWrA,https://open.spotify.com/playlist/2reniEc9xknHEdac0iPWrA,19,2sTY4LYxBBf3FhetMRGh2H,https://open.spotify.com/track/2sTY4LYxBBf3FhetMRGh2H,Desecrator,Ambush,5ZnuwxU3BQDmhQSdZO743a,Desecrator,2015-10-30,247.541,False,spotify_artist_monthly_listeners,30871,"30,871",4.48955069775057,,50.0,middle_third_vs_final_balanced,within_final_balanced_middle_range,30091.0,4.478139338658135,1.0259213718387559,0.011411359092434736,,,,spotify_track_api_popularity,,,0,track,2026-07-28T12:06:09+00:00,Aysima Karçaaltıncaba,
recommended,weekly_recommendation,Week2_28July,2,Spotify,User6,6,experiment_results/Week2_28July/Spotify/User6/Week2_User6_spotify_metadata.csv,Week2_User6,2reniEc9xknHEdac0iPWrA,https://open.spotify.com/playlist/2reniEc9xknHEdac0iPWrA,20,6V8vNnVazB8BtWFbZuxJrZ,https://open.spotify.com/track/6V8vNnVazB8BtWFbZuxJrZ,Dark Saga,Iced Earth,3KEixcRfBS5K3E91Vn1Kdy,The Dark Saga,1996-06-03,222.426,False,spotify_artist_monthly_listeners,220147,"220,147",5.342712771592851,,66.66666666666667,middle_third_vs_final_balanced,between_final_balanced_tier_ranges,30091.0,4.478139338658135,7.31604134126483,0.8645734329347157,,,,spotify_track_api_popularity,,,0,track,2026-07-28T12:06:09+00:00,Aysima Karçaaltıncaba,
recommended,weekly_recommendation,Week2_28July,2,Spotify,User6,6,experiment_results/Week2_28July/Spotify/User6/Week2_User6_spotify_metadata.csv,Week2_User6,2reniEc9xknHEdac0iPWrA,https://open.spotify.com/playlist/2reniEc9xknHEdac0iPWrA,21,4i3L5DHB4W2CzKtaUdeDkC,https://open.spotify.com/track/4i3L5DHB4W2CzKtaUdeDkC,Wings of Steel,Wings of Steel,0y43lCvntQtyFlhCABGb0T,Wings of Steel,2022-03-11,203.546,False,spotify_artist_monthly_listeners,49220,"49,220",4.692141609366784,,56.666666666666664,middle_third_vs_final_balanced,within_final_balanced_middle_range,30091.0,4.478139338658135,1.6357050280814862,0.21400227070864908,,,,spotify_track_api_popularity,,,0,track,2026-07-28T12:06:09+00:00,Aysima Karçaaltıncaba,
recommended,weekly_recommendation,Week2_28July,2,Spotify,User6,6,experiment_results/Week2_28July/Spotify/User6/Week2_User6_spotify_metadata.csv,Week2_User6,2reniEc9xknHEdac0iPWrA,https://open.spotify.com/playlist/2reniEc9xknHEdac0iPWrA,22,2AQPuZzaegH8a65SWyq3YA,https://open.spotify.com/track/2AQPuZzaegH8a65SWyq3YA,Forever,Kamelot,7gTbq5nTZGQIUgjEGXQpOS,Karma,2001-07-19,246.293,False,spotify_artist_monthly_listeners,355443,"355,443",5.550769965768341,,66.66666666666667,middle_third_vs_final_balanced,between_final_balanced_tier_ranges,30091.0,4.478139338658135,11.81226944933701,1.0726306271102057,,,,spotify_track_api_popularity,,,0,track,2026-07-28T12:06:09+00:00,Aysima Karçaaltıncaba,
recommended,weekly_recommendation,Week2_28July,2,Spotify,User6,6,experiment_results/Week2_28July/Spotify/User6/Week2_User6_spotify_metadata.csv,Week2_User6,2reniEc9xknHEdac0iPWrA,https://open.spotify.com/playlist/2reniEc9xknHEdac0iPWrA,23,7ofu7CNmXFXOGlBqLlWqzy,https://open.spotify.com/track/7ofu7CNmXFXOGlBqLlWqzy,The Fifth Angel,Beast In Black,0rEuaTPLMhlViNCJrg3NEH,Berserker,2017-11-03,210.360,False,spotify_artist_monthly_listeners,1265927,"1,265,927",6.1024086627024605,,76.66666666666667,top_third_vs_final_balanced,within_final_balanced_high_range,30091.0,4.478139338658135,42.069954471436645,1.6242693240443256,,,,spotify_track_api_popularity,,,0,track,2026-07-28T12:06:09+00:00,Aysima Karçaaltıncaba,
recommended,weekly_recommendation,Week2_28July,2,Spotify,User6,6,experiment_results/Week2_28July/Spotify/User6/Week2_User6_spotify_metadata.csv,Week2_User6,2reniEc9xknHEdac0iPWrA,https://open.spotify.com/playlist/2reniEc9xknHEdac0iPWrA,24,4qgDlkfqsbZ0q5tOSp0nqE,https://open.spotify.com/track/4qgDlkfqsbZ0q5tOSp0nqE,Blood of Heroes,Týr,6TmGNPW2oDM5uaXBILozGa,Valkyrja,2013-09-17,221.506,False,spotify_artist_monthly_listeners,132643,"132,643",5.12268433579902,,63.333333333333336,middle_third_vs_final_balanced,within_final_balanced_middle_range,30091.0,4.478139338658135,4.408062211292413,0.6445449971408852,,,,spotify_track_api_popularity,,,0,track,2026-07-28T12:06:09+00:00,Aysima Karçaaltıncaba,
recommended,weekly_recommendation,Week2_28July,2,Spotify,User6,6,experiment_results/Week2_28July/Spotify/User6/Week2_User6_spotify_metadata.csv,Week2_User6,2reniEc9xknHEdac0iPWrA,https://open.spotify.com/playlist/2reniEc9xknHEdac0iPWrA,25,6JeF22z02oTSaMBkutuQQu,https://open.spotify.com/track/6JeF22z02oTSaMBkutuQQu,Mirror of Madness,Norther,7FYqu76teK16FSlw4ZYFhW,Mirror Of Madness,2010-01-01,280.426,False,spotify_artist_monthly_listeners,30981,"30,981",4.491095431740579,,50.0,middle_third_vs_final_balanced,within_final_balanced_middle_range,30091.0,4.478139338658135,1.0295769499185803,0.012956093082443942,,,,spotify_track_api_popularity,,,0,track,2026-07-28T12:06:09+00:00,Aysima Karçaaltıncaba,
recommended,weekly_recommendation,Week2_28July,2,Spotify,User6,6,experiment_results/Week2_28July/Spotify/User6/Week2_User6_spotify_metadata.csv,Week2_User6,2reniEc9xknHEdac0iPWrA,https://open.spotify.com/playlist/2reniEc9xknHEdac0iPWrA,26,7vvbcPlj9bCOyx0gAmESg2,https://open.spotify.com/track/7vvbcPlj9bCOyx0gAmESg2,Holy Thunderforce,Rhapsody,0zQfrabOFYf36Ikb6PXcCY,Dawn of Victory,2000,261.746,False,spotify_artist_monthly_listeners,368456,"368,456",5.566385633041399,,66.66666666666667,middle_third_vs_final_balanced,between_final_balanced_tier_ranges,30091.0,4.478139338658135,12.244724336180253,1.0882462943832643,,,,spotify_track_api_popularity,,,0,track,2026-07-28T12:06:09+00:00,Aysima Karçaaltıncaba,
recommended,weekly_recommendation,Week2_28July,2,Spotify,User6,6,experiment_results/Week2_28July/Spotify/User6/Week2_User6_spotify_metadata.csv,Week2_User6,2reniEc9xknHEdac0iPWrA,https://open.spotify.com/playlist/2reniEc9xknHEdac0iPWrA,27,7xdG0jGbG8rJ2G5CRcQlve,https://open.spotify.com/track/7xdG0jGbG8rJ2G5CRcQlve,Fail No More,Frozen Crown,6hbGneO1qRnmz6xflK4n8E,The Fallen King,2018-02-09,249.933,False,spotify_artist_monthly_listeners,64254,"64,254",4.80790016895048,,56.666666666666664,middle_third_vs_final_balanced,within_final_balanced_middle_range,30091.0,4.478139338658135,2.1353228540095044,0.3297608302923454,,,,spotify_track_api_popularity,,,0,track,2026-07-28T12:06:09+00:00,Aysima Karçaaltıncaba,
recommended,weekly_recommendation,Week2_28July,2,Spotify,User6,6,experiment_results/Week2_28July/Spotify/User6/Week2_User6_spotify_metadata.csv,Week2_User6,2reniEc9xknHEdac0iPWrA,https://open.spotify.com/playlist/2reniEc9xknHEdac0iPWrA,28,00npmhc8GChWQcovg8W6D5,https://open.spotify.com/track/00npmhc8GChWQcovg8W6D5,Riding the Storm (Reworked version 2003) (2017 Remaster),Running Wild,7954VFaZClkL503srfV5PE,Riding the Storm (Reworked version 2003;2017 Remaster),2017-08-02,387.400,False,spotify_artist_monthly_listeners,100403,"100,403",5.001746689541876,,60.0,middle_third_vs_final_balanced,within_final_balanced_middle_range,30091.0,4.478139338658135,3.336645508623841,0.5236073508837409,,,,spotify_track_api_popularity,,,0,track,2026-07-28T12:06:09+00:00,Aysima Karçaaltıncaba,
recommended,weekly_recommendation,Week2_28July,2,Spotify,User6,6,experiment_results/Week2_28July/Spotify/User6/Week2_User6_spotify_metadata.csv,Week2_User6,2reniEc9xknHEdac0iPWrA,https://open.spotify.com/playlist/2reniEc9xknHEdac0iPWrA,29,4KS0wEQgZJjchHwYPch1OA,https://open.spotify.com/track/4KS0wEQgZJjchHwYPch1OA,I Walk Alone,Jorn,5SaDyTQkjAAdrsmhPzrmw2,Spirit Black,2009-06-05,267.880,False,spotify_artist_monthly_listeners,271120,"271,120",5.433161555829322,,66.66666666666667,middle_third_vs_final_balanced,between_final_balanced_tier_ranges,30091.0,4.478139338658135,9.01000299092752,0.9550222171711873,,,,spotify_track_api_popularity,,,0,track,2026-07-28T12:06:09+00:00,Aysima Karçaaltıncaba,
recommended,weekly_recommendation,Week2_28July,2,Spotify,User6,6,experiment_results/Week2_28July/Spotify/User6/Week2_User6_spotify_metadata.csv,Week2_User6,2reniEc9xknHEdac0iPWrA,https://open.spotify.com/playlist/2reniEc9xknHEdac0iPWrA,30,4t9ax3CjKoJUCn4mO6QS9d,https://open.spotify.com/track/4t9ax3CjKoJUCn4mO6QS9d,Full Throttle,Kryptos,0SmK0Nh1fuDYGSGWDI3eVh,Burn up the Night,2016-09-23,230.964,False,spotify_artist_monthly_listeners,14038,"14,038",4.1473052380761946,,33.333333333333336,middle_third_vs_final_balanced,between_final_balanced_tier_ranges,30091.0,4.478139338658135,0.46651822804160714,-0.3308341005819404,,,,spotify_track_api_popularity,,,0,track,2026-07-28T12:06:09+00:00,Aysima Karçaaltıncaba,
recommended,weekly_recommendation,Week2_28July,2,Spotify,User7,7,experiment_results/Week2_28July/Spotify/User7/Week2_User7_spotify_metadata.csv,Week2_User7,56WJDeFpGIAjNlj52voETJ,https://open.spotify.com/playlist/56WJDeFpGIAjNlj52voETJ,1,2EVeVyXH9mQ5IIGi9b3smP,https://open.spotify.com/track/2EVeVyXH9mQ5IIGi9b3smP,Crossing the Rubicon (feat. NOTHING MORE),Sabaton,3o2dn2O0FCVsWDFSh8qxgG,Crossing the Rubicon (feat. NOTHING MORE),2025-09-12,204.400,False,spotify_artist_monthly_listeners,3096823,"3,096,823",6.4909163838133495,,90.0,top_third_vs_final_balanced,within_final_balanced_high_range,30091.0,4.478139338658135,102.91525705360407,2.0127770451552145,,,,spotify_track_api_popularity,,,0,track,2026-07-28T12:06:09+00:00,Aysima Karçaaltıncaba,
recommended,weekly_recommendation,Week2_28July,2,Spotify,User7,7,experiment_results/Week2_28July/Spotify/User7/Week2_User7_spotify_metadata.csv,Week2_User7,56WJDeFpGIAjNlj52voETJ,https://open.spotify.com/playlist/56WJDeFpGIAjNlj52voETJ,2,574pGyzXZeV8TcoejbitiM,https://open.spotify.com/track/574pGyzXZeV8TcoejbitiM,Into the Storm - Remastered 2007,Blind Guardian,7jxJ25p0pPjk0MStloN6o6,Nightfall in Middle Earth (Remastered 2007),1998-04-28,264.746,False,spotify_artist_monthly_listeners,598890,"598,890",5.77734706148782,,70.0,top_third_vs_final_balanced,within_final_balanced_high_range,30091.0,4.478139338658135,19.902628692964672,1.299207722829685,,,,spotify_track_api_popularity,,,0,track,2026-07-28T12:06:09+00:00,Aysima Karçaaltıncaba,
recommended,weekly_recommendation,Week2_28July,2,Spotify,User7,7,experiment_results/Week2_28July/Spotify/User7/Week2_User7_spotify_metadata.csv,Week2_User7,56WJDeFpGIAjNlj52voETJ,https://open.spotify.com/playlist/56WJDeFpGIAjNlj52voETJ,3,0xdyzvMeQh0PHh3sZmS0MY,https://open.spotify.com/track/0xdyzvMeQh0PHh3sZmS0MY,(We Make) Sweden Rock,HammerFall,2o18h28enlHxj887tATc58,Dominion,2019-08-16,255.526,False,spotify_artist_monthly_listeners,855521,"855,521",5.932230674393992,,73.33333333333333,top_third_vs_final_balanced,within_final_balanced_high_range,30091.0,4.478139338658135,28.431125585723304,1.454091335735857,,,,spotify_track_api_popularity,,,0,track,2026-07-28T12:06:09+00:00,Aysima Karçaaltıncaba,
recommended,weekly_recommendation,Week2_28July,2,Spotify,User7,7,experiment_results/Week2_28July/Spotify/User7/Week2_User7_spotify_metadata.csv,Week2_User7,56WJDeFpGIAjNlj52voETJ,https://open.spotify.com/playlist/56WJDeFpGIAjNlj52voETJ,4,2bBUHwOa8alimc1TiXg1oY,https://open.spotify.com/track/2bBUHwOa8alimc1TiXg1oY,War of the Gods,Amon Amarth,3pulcT2wt7FEG10lQlqDJL,Surtur Rising,2011-03-29,273.253,False,spotify_artist_monthly_listeners,1132677,"1,132,677",6.054106081869729,,73.33333333333333,top_third_vs_final_balanced,within_final_balanced_high_range,30091.0,4.478139338658135,37.6417201156492,1.5759667432115938,,,,spotify_track_api_popularity,,,0,track,2026-07-28T12:06:09+00:00,Aysima Karçaaltıncaba,
recommended,weekly_recommendation,Week2_28July,2,Spotify,User7,7,experiment_results/Week2_28July/Spotify/User7/Week2_User7_spotify_metadata.csv,Week2_User7,56WJDeFpGIAjNlj52voETJ,https://open.spotify.com/playlist/56WJDeFpGIAjNlj52voETJ,5,7ht4SHDXCtttLSabtIQ9XA,https://open.spotify.com/track/7ht4SHDXCtttLSabtIQ9XA,Eagleheart,Stratovarius,1O8CSXsPwEqxcoBE360PPO,"Elements, Pt. 1&2 (Complete Edition)",2014-12-05,230.266,False,spotify_artist_monthly_listeners,847091,"847,091",5.927930067562097,,73.33333333333333,top_third_vs_final_balanced,within_final_balanced_high_range,30091.0,4.478139338658135,28.150975374696753,1.4497907289039622,,,,spotify_track_api_popularity,,,0,track,2026-07-28T12:06:09+00:00,Aysima Karçaaltıncaba,
recommended,weekly_recommendation,Week2_28July,2,Spotify,User7,7,experiment_results/Week2_28July/Spotify/User7/Week2_User7_spotify_metadata.csv,Week2_User7,56WJDeFpGIAjNlj52voETJ,https://open.spotify.com/playlist/56WJDeFpGIAjNlj52voETJ,6,0ZUPWnw89a0iLfNdcUiIm3,https://open.spotify.com/track/0ZUPWnw89a0iLfNdcUiIm3,Anthem,Iced Earth,3KEixcRfBS5K3E91Vn1Kdy,Dystopia,2011,294.613,False,spotify_artist_monthly_listeners,220147,"220,147",5.342712771592851,,66.66666666666667,middle_third_vs_final_balanced,between_final_balanced_tier_ranges,30091.0,4.478139338658135,7.31604134126483,0.8645734329347157,,,,spotify_track_api_popularity,,,0,track,2026-07-28T12:06:09+00:00,Aysima Karçaaltıncaba,
recommended,weekly_recommendation,Week2_28July,2,Spotify,User7,7,experiment_results/Week2_28July/Spotify/User7/Week2_User7_spotify_metadata.csv,Week2_User7,56WJDeFpGIAjNlj52voETJ,https://open.spotify.com/playlist/56WJDeFpGIAjNlj52voETJ,7,7aYO9WJaSC8m7YpT0bM5Ke,https://open.spotify.com/track/7aYO9WJaSC8m7YpT0bM5Ke,In My Sword I Trust,Ensiferum,0krXCIkthz13P8o0v2tksH,Unsung Heroes (Japan Version),2012-01-01,320.426,False,spotify_artist_monthly_listeners,191439,"191,439",5.2820304170323755,,63.333333333333336,middle_third_vs_final_balanced,within_final_balanced_middle_range,30091.0,4.478139338658135,6.362001927486624,0.8038910783742406,,,,spotify_track_api_popularity,,,0,track,2026-07-28T12:06:09+00:00,Aysima Karçaaltıncaba,
recommended,weekly_recommendation,Week2_28July,2,Spotify,User7,7,experiment_results/Week2_28July/Spotify/User7/Week2_User7_spotify_metadata.csv,Week2_User7,56WJDeFpGIAjNlj52voETJ,https://open.spotify.com/playlist/56WJDeFpGIAjNlj52voETJ,8,4CwkuuBz81F5i3sGhJESNM,https://open.spotify.com/track/4CwkuuBz81F5i3sGhJESNM,Send Me a Sign - Remastered,Gamma Ray,6LZE884lDIsCSLHuTplfGp,The Best (Of),2015-01-30,247.273,False,spotify_artist_monthly_listeners,168685,"168,685",5.227076465476729,,63.333333333333336,middle_third_vs_final_balanced,within_final_balanced_middle_range,30091.0,4.478139338658135,5.60582898541092,0.7489371268185945,,,,spotify_track_api_popularity,,,0,track,2026-07-28T12:06:09+00:00,Aysima Karçaaltıncaba,
recommended,weekly_recommendation,Week2_28July,2,Spotify,User7,7,experiment_results/Week2_28July/Spotify/User7/Week2_User7_spotify_metadata.csv,Week2_User7,56WJDeFpGIAjNlj52voETJ,https://open.spotify.com/playlist/56WJDeFpGIAjNlj52voETJ,9,0viBuplbZts6o5ftiQkWU2,https://open.spotify.com/track/0viBuplbZts6o5ftiQkWU2,Triumph and Power,Grand Magus,7GTkjp7qsfmx8iJzBUQLmN,Triumph and Power,2014-01-31,276.826,False,spotify_artist_monthly_listeners,32939,"32,939",4.517710410223103,,56.666666666666664,middle_third_vs_final_balanced,within_final_balanced_middle_range,30091.0,4.478139338658135,1.094646239739457,0.03957107156496775,,,,spotify_track_api_popularity,,,0,track,2026-07-28T12:06:09+00:00,Aysima Karçaaltıncaba,
recommended,weekly_recommendation,Week2_28July,2,Spotify,User7,7,experiment_results/Week2_28July/Spotify/User7/Week2_User7_spotify_metadata.csv,Week2_User7,56WJDeFpGIAjNlj52voETJ,https://open.spotify.com/playlist/56WJDeFpGIAjNlj52voETJ,10,2AQPuZzaegH8a65SWyq3YA,https://open.spotify.com/track/2AQPuZzaegH8a65SWyq3YA,Forever,Kamelot,7gTbq5nTZGQIUgjEGXQpOS,Karma,2001-07-19,246.293,False,spotify_artist_monthly_listeners,355443,"355,443",5.550769965768341,,66.66666666666667,middle_third_vs_final_balanced,between_final_balanced_tier_ranges,30091.0,4.478139338658135,11.81226944933701,1.0726306271102057,,,,spotify_track_api_popularity,,,0,track,2026-07-28T12:06:09+00:00,Aysima Karçaaltıncaba,
recommended,weekly_recommendation,Week2_28July,2,Spotify,User7,7,experiment_results/Week2_28July/Spotify/User7/Week2_User7_spotify_metadata.csv,Week2_User7,56WJDeFpGIAjNlj52voETJ,https://open.spotify.com/playlist/56WJDeFpGIAjNlj52voETJ,11,2yUkX5Ea2NwodDJPvvsTxR,https://open.spotify.com/track/2yUkX5Ea2NwodDJPvvsTxR,Lucretia My Reflection,Warrel Dane,1qrGnVZhEO4vX3ahn4RY1r,Praises To The War Machine,2008-06-10,278.360,False,spotify_artist_monthly_listeners,10317,"10,317",4.013553430541676,,33.333333333333336,middle_third_vs_final_balanced,between_final_balanced_tier_ranges,30091.0,4.478139338658135,0.3428599913595427,-0.46458590811645895,,,,spotify_track_api_popularity,,,0,track,2026-07-28T12:06:09+00:00,Aysima Karçaaltıncaba,
recommended,weekly_recommendation,Week2_28July,2,Spotify,User7,7,experiment_results/Week2_28July/Spotify/User7/Week2_User7_spotify_metadata.csv,Week2_User7,56WJDeFpGIAjNlj52voETJ,https://open.spotify.com/playlist/56WJDeFpGIAjNlj52voETJ,12,1dRiQJ2wsUcyL3S12MdUTw,https://open.spotify.com/track/1dRiQJ2wsUcyL3S12MdUTw,Steel and Silver,Visigoth,36Fw8K3uH9kPWEkZilzk86,Conqueror's Oath,2018-02-09,361.853,False,spotify_artist_monthly_listeners,24471,"24,471",4.388651717026825,,36.666666666666664,middle_third_vs_final_balanced,within_final_balanced_middle_range,30091.0,4.478139338658135,0.8132331926489648,-0.08948762163131008,,,,spotify_track_api_popularity,,,0,track,2026-07-28T12:06:09+00:00,Aysima Karçaaltıncaba,
recommended,weekly_recommendation,Week2_28July,2,Spotify,User7,7,experiment_results/Week2_28July/Spotify/User7/Week2_User7_spotify_metadata.csv,Week2_User7,56WJDeFpGIAjNlj52voETJ,https://open.spotify.com/playlist/56WJDeFpGIAjNlj52voETJ,13,1xBR8Ne5wclgRXAiNTycei,https://open.spotify.com/track/1xBR8Ne5wclgRXAiNTycei,I Am Alive,Primal Fear,1yfiDL3YUEJlQCgb5Pun6g,Metal Commando,2020-07-24,274.826,False,spotify_artist_monthly_listeners,104665,"104,665",5.0198014777812645,,60.0,middle_third_vs_final_balanced,within_final_balanced_middle_range,30091.0,4.478139338658135,3.4782825429530426,0.5416621391231295,,,,spotify_track_api_popularity,,,0,track,2026-07-28T12:06:09+00:00,Aysima Karçaaltıncaba,
recommended,weekly_recommendation,Week2_28July,2,Spotify,User7,7,experiment_results/Week2_28July/Spotify/User7/Week2_User7_spotify_metadata.csv,Week2_User7,56WJDeFpGIAjNlj52voETJ,https://open.spotify.com/playlist/56WJDeFpGIAjNlj52voETJ,14,68tA0cl2dkuQNOIlr4qnEw,https://open.spotify.com/track/68tA0cl2dkuQNOIlr4qnEw,I Am the Anger,Firewind,70I9vE7YTwKmelfEplXc5r,Burning Earth,2003-01-01,227.826,False,spotify_artist_monthly_listeners,106431,"106,431",5.027068142696396,,60.0,middle_third_vs_final_balanced,within_final_balanced_middle_range,30091.0,4.478139338658135,3.5369711873982252,0.5489288040382609,,,,spotify_track_api_popularity,,,0,track,2026-07-28T12:06:09+00:00,Aysima Karçaaltıncaba,
recommended,weekly_recommendation,Week2_28July,2,Spotify,User7,7,experiment_results/Week2_28July/Spotify/User7/Week2_User7_spotify_metadata.csv,Week2_User7,56WJDeFpGIAjNlj52voETJ,https://open.spotify.com/playlist/56WJDeFpGIAjNlj52voETJ,15,6JeF22z02oTSaMBkutuQQu,https://open.spotify.com/track/6JeF22z02oTSaMBkutuQQu,Mirror of Madness,Norther,7FYqu76teK16FSlw4ZYFhW,Mirror Of Madness,2010-01-01,280.426,False,spotify_artist_monthly_listeners,30981,"30,981",4.491095431740579,,50.0,middle_third_vs_final_balanced,within_final_balanced_middle_range,30091.0,4.478139338658135,1.0295769499185803,0.012956093082443942,,,,spotify_track_api_popularity,,,0,track,2026-07-28T12:06:09+00:00,Aysima Karçaaltıncaba,
recommended,weekly_recommendation,Week2_28July,2,Spotify,User7,7,experiment_results/Week2_28July/Spotify/User7/Week2_User7_spotify_metadata.csv,Week2_User7,56WJDeFpGIAjNlj52voETJ,https://open.spotify.com/playlist/56WJDeFpGIAjNlj52voETJ,16,4WkdoleJNVD46dOS03j821,https://open.spotify.com/track/4WkdoleJNVD46dOS03j821,Hate Me,Children Of Bodom,1xUhNgw4eJDZfvumIpcz1B,Follow The Reaper,2000-10-30,284.733,True,spotify_artist_monthly_listeners,759719,"759,719",5.880652987918004,,73.33333333333333,top_third_vs_final_balanced,within_final_balanced_high_range,30091.0,4.478139338658135,25.247382938420127,1.4025136492598689,,,,spotify_track_api_popularity,,,0,track,2026-07-28T12:06:09+00:00,Aysima Karçaaltıncaba,
recommended,weekly_recommendation,Week2_28July,2,Spotify,User7,7,experiment_results/Week2_28July/Spotify/User7/Week2_User7_spotify_metadata.csv,Week2_User7,56WJDeFpGIAjNlj52voETJ,https://open.spotify.com/playlist/56WJDeFpGIAjNlj52voETJ,17,2sTY4LYxBBf3FhetMRGh2H,https://open.spotify.com/track/2sTY4LYxBBf3FhetMRGh2H,Desecrator,Ambush,5ZnuwxU3BQDmhQSdZO743a,Desecrator,2015-10-30,247.541,False,spotify_artist_monthly_listeners,30871,"30,871",4.48955069775057,,50.0,middle_third_vs_final_balanced,within_final_balanced_middle_range,30091.0,4.478139338658135,1.0259213718387559,0.011411359092434736,,,,spotify_track_api_popularity,,,0,track,2026-07-28T12:06:09+00:00,Aysima Karçaaltıncaba,
recommended,weekly_recommendation,Week2_28July,2,Spotify,User7,7,experiment_results/Week2_28July/Spotify/User7/Week2_User7_spotify_metadata.csv,Week2_User7,56WJDeFpGIAjNlj52voETJ,https://open.spotify.com/playlist/56WJDeFpGIAjNlj52voETJ,18,4oNnIsGr61LVTPTyfa1zyx,https://open.spotify.com/track/4oNnIsGr61LVTPTyfa1zyx,Steal Away the Light,Triosphere,0hk3NBCfedrc9J4qj27UxG,The Heart of the Matter,2014-01-01,233.218,False,spotify_artist_monthly_listeners,22697,"22,697",4.355968457653611,,36.666666666666664,middle_third_vs_final_balanced,within_final_balanced_middle_range,30091.0,4.478139338658135,0.7542786879797946,-0.12217088100452411,,,,spotify_track_api_popularity,,,0,track,2026-07-28T12:06:09+00:00,Aysima Karçaaltıncaba,
recommended,weekly_recommendation,Week2_28July,2,Spotify,User7,7,experiment_results/Week2_28July/Spotify/User7/Week2_User7_spotify_metadata.csv,Week2_User7,56WJDeFpGIAjNlj52voETJ,https://open.spotify.com/playlist/56WJDeFpGIAjNlj52voETJ,19,5VaZe94A50vJ1kghNSbh83,https://open.spotify.com/track/5VaZe94A50vJ1kghNSbh83,Pandemonium,Pretty Maids,4OGo8f0tdKloP3IZwvnLqt,Pandemonium,2010-05-14,321.333,False,spotify_artist_monthly_listeners,119590,"119,590",5.077694865886586,,63.333333333333336,middle_third_vs_final_balanced,within_final_balanced_middle_range,30091.0,4.478139338658135,3.9742780233292345,0.5995555272284507,,,,spotify_track_api_popularity,,,0,track,2026-07-28T12:06:09+00:00,Aysima Karçaaltıncaba,
recommended,weekly_recommendation,Week2_28July,2,Spotify,User7,7,experiment_results/Week2_28July/Spotify/User7/Week2_User7_spotify_metadata.csv,Week2_User7,56WJDeFpGIAjNlj52voETJ,https://open.spotify.com/playlist/56WJDeFpGIAjNlj52voETJ,20,7kYViSgnPLFm4TPPfWedz3,https://open.spotify.com/track/7kYViSgnPLFm4TPPfWedz3,Exceptional,Unisonic,3DDcmHnwKjM4sQ8qm34JMU,Light of Dawn,2014-08-01,302.480,False,spotify_artist_monthly_listeners,28744,"28,744",4.458547204196593,,46.666666666666664,middle_third_vs_final_balanced,within_final_balanced_middle_range,30091.0,4.478139338658135,0.9552357847861487,-0.019592134461541733,,,,spotify_track_api_popularity,,,0,track,2026-07-28T12:06:09+00:00,Aysima Karçaaltıncaba,
recommended,weekly_recommendation,Week2_28July,2,Spotify,User7,7,experiment_results/Week2_28July/Spotify/User7/Week2_User7_spotify_metadata.csv,Week2_User7,56WJDeFpGIAjNlj52voETJ,https://open.spotify.com/playlist/56WJDeFpGIAjNlj52voETJ,21,6KMwkN5WDdAnmfeYQfv93m,https://open.spotify.com/track/6KMwkN5WDdAnmfeYQfv93m,Diabolic,Demons & Wizards,4O6RDLeFX5xuQ7IePFzVcl,III,2020-02-21,481.125,False,spotify_artist_monthly_listeners,57273,"57,273",4.757949932359394,,56.666666666666664,middle_third_vs_final_balanced,within_final_balanced_middle_range,30091.0,4.478139338658135,1.9033265760526403,0.27981059370125916,,,,spotify_track_api_popularity,,,0,track,2026-07-28T12:06:09+00:00,Aysima Karçaaltıncaba,
recommended,weekly_recommendation,Week2_28July,2,Spotify,User7,7,experiment_results/Week2_28July/Spotify/User7/Week2_User7_spotify_metadata.csv,Week2_User7,56WJDeFpGIAjNlj52voETJ,https://open.spotify.com/playlist/56WJDeFpGIAjNlj52voETJ,22,7aHlmfKaJ8R9uiweZJ5rMr,https://open.spotify.com/track/7aHlmfKaJ8R9uiweZJ5rMr,Rain of a Thousand Flames,Rhapsody,0zQfrabOFYf36Ikb6PXcCY,Rain of a Thousand Flames,2001,223.613,False,spotify_artist_monthly_listeners,368456,"368,456",5.566385633041399,,66.66666666666667,middle_third_vs_final_balanced,between_final_balanced_tier_ranges,30091.0,4.478139338658135,12.244724336180253,1.0882462943832643,,,,spotify_track_api_popularity,,,0,track,2026-07-28T12:06:09+00:00,Aysima Karçaaltıncaba,
recommended,weekly_recommendation,Week2_28July,2,Spotify,User7,7,experiment_results/Week2_28July/Spotify/User7/Week2_User7_spotify_metadata.csv,Week2_User7,56WJDeFpGIAjNlj52voETJ,https://open.spotify.com/playlist/56WJDeFpGIAjNlj52voETJ,23,7mBlBHsCrl4sVGDhSUrZRC,https://open.spotify.com/track/7mBlBHsCrl4sVGDhSUrZRC,Hour to Live,Skull Fist,6V6MyDcytW48stIykhH937,Chasing the Dream,2014-01-10,258.200,False,spotify_artist_monthly_listeners,26667,"26,667",4.425974160919376,,43.333333333333336,middle_third_vs_final_balanced,within_final_balanced_middle_range,30091.0,4.478139338658135,0.8862118241334618,-0.05216517773875928,,,,spotify_track_api_popularity,,,0,track,2026-07-28T12:06:09+00:00,Aysima Karçaaltıncaba,
recommended,weekly_recommendation,Week2_28July,2,Spotify,User7,7,experiment_results/Week2_28July/Spotify/User7/Week2_User7_spotify_metadata.csv,Week2_User7,56WJDeFpGIAjNlj52voETJ,https://open.spotify.com/playlist/56WJDeFpGIAjNlj52voETJ,24,5IF7E1KDhfYaucurjPSTLJ,https://open.spotify.com/track/5IF7E1KDhfYaucurjPSTLJ,In Flames You Burn,Dream Evil,1bkf8u8ot6vEpWTJFBzKZB,Dragonslayer,2002-07-13,274.373,False,spotify_artist_monthly_listeners,167278,"167,278",5.223438827352918,,63.333333333333336,middle_third_vs_final_balanced,within_final_balanced_middle_range,30091.0,4.478139338658135,5.5590708185171644,0.7452994886947835,,,,spotify_track_api_popularity,,,0,track,2026-07-28T12:06:09+00:00,Aysima Karçaaltıncaba,
recommended,weekly_recommendation,Week2_28July,2,Spotify,User7,7,experiment_results/Week2_28July/Spotify/User7/Week2_User7_spotify_metadata.csv,Week2_User7,56WJDeFpGIAjNlj52voETJ,https://open.spotify.com/playlist/56WJDeFpGIAjNlj52voETJ,25,6YTOLMRTnLAdPOo1kxjNoZ,https://open.spotify.com/track/6YTOLMRTnLAdPOo1kxjNoZ,Avantasia,Avantasia,1Ih0fEQQsy9EeAJbYEeQRa,"The Metal Opera, Pt. I",2001-01-22,331.533,False,spotify_artist_monthly_listeners,556367,"556,367",5.745361362615973,,70.0,top_third_vs_final_balanced,within_final_balanced_high_range,30091.0,4.478139338658135,18.489481904888503,1.2672220239578378,,,,spotify_track_api_popularity,,,0,track,2026-07-28T12:06:09+00:00,Aysima Karçaaltıncaba,
recommended,weekly_recommendation,Week2_28July,2,Spotify,User7,7,experiment_results/Week2_28July/Spotify/User7/Week2_User7_spotify_metadata.csv,Week2_User7,56WJDeFpGIAjNlj52voETJ,https://open.spotify.com/playlist/56WJDeFpGIAjNlj52voETJ,26,7vh5WK78hqQU2mSq9jeGUT,https://open.spotify.com/track/7vh5WK78hqQU2mSq9jeGUT,The Pulse of the Dead,Parasite Inc.,54T3fmk25giTpL4mBmqIHy,Time Tears Down,2013-08-02,251.760,False,spotify_artist_monthly_listeners,121979,"121,979",5.086285068632585,,63.333333333333336,middle_third_vs_final_balanced,within_final_balanced_middle_range,30091.0,4.478139338658135,4.053670532717423,0.6081457299744502,,,,spotify_track_api_popularity,,,0,track,2026-07-28T12:06:09+00:00,Aysima Karçaaltıncaba,
recommended,weekly_recommendation,Week2_28July,2,Spotify,User7,7,experiment_results/Week2_28July/Spotify/User7/Week2_User7_spotify_metadata.csv,Week2_User7,56WJDeFpGIAjNlj52voETJ,https://open.spotify.com/playlist/56WJDeFpGIAjNlj52voETJ,27,6saan07rgxLNm9DYBYdHxd,https://open.spotify.com/track/6saan07rgxLNm9DYBYdHxd,Headbangers Ballroom,Masterplan,1OHNvr18TssBKYK0A75yvx,Aeronautics (Deluxe Edition),2005-05-30,295.373,False,spotify_artist_monthly_listeners,182302,"182,302",5.260791433241916,,63.333333333333336,middle_third_vs_final_balanced,within_final_balanced_middle_range,30091.0,4.478139338658135,6.058356319165199,0.7826520945837814,,,,spotify_track_api_popularity,,,0,track,2026-07-28T12:06:09+00:00,Aysima Karçaaltıncaba,
recommended,weekly_recommendation,Week2_28July,2,Spotify,User7,7,experiment_results/Week2_28July/Spotify/User7/Week2_User7_spotify_metadata.csv,Week2_User7,56WJDeFpGIAjNlj52voETJ,https://open.spotify.com/playlist/56WJDeFpGIAjNlj52voETJ,28,7LBv83ZQoiqK0KBTrhDYFe,https://open.spotify.com/track/7LBv83ZQoiqK0KBTrhDYFe,Ravenlord,Mystic Prophecy,5kUzPpkPyNpxRYd66c8nYG,Ravenlord,2011-11-25,247.160,False,spotify_artist_monthly_listeners,148038,"148,038",5.170373209124836,,63.333333333333336,middle_third_vs_final_balanced,within_final_balanced_middle_range,30091.0,4.478139338658135,4.919676979827855,0.6922338704667013,,,,spotify_track_api_popularity,,,0,track,2026-07-28T12:06:09+00:00,Aysima Karçaaltıncaba,
recommended,weekly_recommendation,Week2_28July,2,Spotify,User7,7,experiment_results/Week2_28July/Spotify/User7/Week2_User7_spotify_metadata.csv,Week2_User7,56WJDeFpGIAjNlj52voETJ,https://open.spotify.com/playlist/56WJDeFpGIAjNlj52voETJ,29,6bKdh1YoDfUMe4mx8mZ3D1,https://open.spotify.com/track/6bKdh1YoDfUMe4mx8mZ3D1,Only Human,At Vance,4alZ73UZp90icEjdKjSIxw,Only Human,2002-02-25,315.693,False,spotify_artist_monthly_listeners,111736,"111,736",5.048193120138325,,63.333333333333336,middle_third_vs_final_balanced,within_final_balanced_middle_range,30091.0,4.478139338658135,3.713269748429763,0.5700537814801905,,,,spotify_track_api_popularity,,,0,track,2026-07-28T12:06:09+00:00,Aysima Karçaaltıncaba,
recommended,weekly_recommendation,Week2_28July,2,Spotify,User7,7,experiment_results/Week2_28July/Spotify/User7/Week2_User7_spotify_metadata.csv,Week2_User7,56WJDeFpGIAjNlj52voETJ,https://open.spotify.com/playlist/56WJDeFpGIAjNlj52voETJ,30,4j5ngznFVuuM7pt0fh0ZCC,https://open.spotify.com/track/4j5ngznFVuuM7pt0fh0ZCC,I Want Out,Sonata Arctica,5YeoQ1L71cXDMpSpqxOjfH,Takatalvi,2009-01-01,230.506,False,spotify_artist_monthly_listeners,448353,"448,353",5.651620080036942,,66.66666666666667,middle_third_vs_final_balanced,between_final_balanced_tier_ranges,30091.0,4.478139338658135,14.899903625668804,1.1734807413788069,,,,spotify_track_api_popularity,,,0,track,2026-07-28T12:06:09+00:00,Aysima Karçaaltıncaba,
recommended,weekly_recommendation,Week2_28July,2,Spotify,User8,8,experiment_results/Week2_28July/Spotify/User8/Week2_User8_spotify_metadata.csv,Week2-User8,6hapyCTyBdE4UwvX9uPtTK,https://open.spotify.com/playlist/6hapyCTyBdE4UwvX9uPtTK,1,0P5TSzUBq8y0B8xGqg9Gbr,https://open.spotify.com/track/0P5TSzUBq8y0B8xGqg9Gbr,New World Comin',Accept,3JDIAtVrJdQ7GFOX26LYpv,Blood of the Nations,2010-08-20,290.773,False,spotify_artist_monthly_listeners,1162100,"1,162,100",6.065243501186464,,73.33333333333333,top_third_vs_final_balanced,within_final_balanced_high_range,30091.0,4.478139338658135,38.61952078694626,1.5871041625283286,,,,spotify_track_api_popularity,,,0,track,2026-07-28T12:06:09+00:00,Aysima Karçaaltıncaba,
recommended,weekly_recommendation,Week2_28July,2,Spotify,User8,8,experiment_results/Week2_28July/Spotify/User8/Week2_User8_spotify_metadata.csv,Week2-User8,6hapyCTyBdE4UwvX9uPtTK,https://open.spotify.com/playlist/6hapyCTyBdE4UwvX9uPtTK,2,1tedBknW0ryQX3Z5e7tGZg,https://open.spotify.com/track/1tedBknW0ryQX3Z5e7tGZg,Blood Bound,HammerFall,2o18h28enlHxj887tATc58,"Chapter V: Unbent, Unbowed, Unbroken",2005-03-04,229.000,False,spotify_artist_monthly_listeners,855521,"855,521",5.932230674393992,,73.33333333333333,top_third_vs_final_balanced,within_final_balanced_high_range,30091.0,4.478139338658135,28.431125585723304,1.454091335735857,,,,spotify_track_api_popularity,,,0,track,2026-07-28T12:06:09+00:00,Aysima Karçaaltıncaba,
recommended,weekly_recommendation,Week2_28July,2,Spotify,User8,8,experiment_results/Week2_28July/Spotify/User8/Week2_User8_spotify_metadata.csv,Week2-User8,6hapyCTyBdE4UwvX9uPtTK,https://open.spotify.com/playlist/6hapyCTyBdE4UwvX9uPtTK,3,1IaQLINjiOCSv4INrrv0aS,https://open.spotify.com/track/1IaQLINjiOCSv4INrrv0aS,Unbreakable - Remastered,Stratovarius,1O8CSXsPwEqxcoBE360PPO,Nemesis,2013-02-22,277.546,False,spotify_artist_monthly_listeners,847091,"847,091",5.927930067562097,,73.33333333333333,top_third_vs_final_balanced,within_final_balanced_high_range,30091.0,4.478139338658135,28.150975374696753,1.4497907289039622,,,,spotify_track_api_popularity,,,0,track,2026-07-28T12:06:09+00:00,Aysima Karçaaltıncaba,
recommended,weekly_recommendation,Week2_28July,2,Spotify,User8,8,experiment_results/Week2_28July/Spotify/User8/Week2_User8_spotify_metadata.csv,Week2-User8,6hapyCTyBdE4UwvX9uPtTK,https://open.spotify.com/playlist/6hapyCTyBdE4UwvX9uPtTK,4,68tA0cl2dkuQNOIlr4qnEw,https://open.spotify.com/track/68tA0cl2dkuQNOIlr4qnEw,I Am the Anger,Firewind,70I9vE7YTwKmelfEplXc5r,Burning Earth,2003-01-01,227.826,False,spotify_artist_monthly_listeners,106431,"106,431",5.027068142696396,,60.0,middle_third_vs_final_balanced,within_final_balanced_middle_range,30091.0,4.478139338658135,3.5369711873982252,0.5489288040382609,,,,spotify_track_api_popularity,,,0,track,2026-07-28T12:06:09+00:00,Aysima Karçaaltıncaba,
recommended,weekly_recommendation,Week2_28July,2,Spotify,User8,8,experiment_results/Week2_28July/Spotify/User8/Week2_User8_spotify_metadata.csv,Week2-User8,6hapyCTyBdE4UwvX9uPtTK,https://open.spotify.com/playlist/6hapyCTyBdE4UwvX9uPtTK,5,7kYViSgnPLFm4TPPfWedz3,https://open.spotify.com/track/7kYViSgnPLFm4TPPfWedz3,Exceptional,Unisonic,3DDcmHnwKjM4sQ8qm34JMU,Light of Dawn,2014-08-01,302.480,False,spotify_artist_monthly_listeners,28744,"28,744",4.458547204196593,,46.666666666666664,middle_third_vs_final_balanced,within_final_balanced_middle_range,30091.0,4.478139338658135,0.9552357847861487,-0.019592134461541733,,,,spotify_track_api_popularity,,,0,track,2026-07-28T12:06:09+00:00,Aysima Karçaaltıncaba,
recommended,weekly_recommendation,Week2_28July,2,Spotify,User8,8,experiment_results/Week2_28July/Spotify/User8/Week2_User8_spotify_metadata.csv,Week2-User8,6hapyCTyBdE4UwvX9uPtTK,https://open.spotify.com/playlist/6hapyCTyBdE4UwvX9uPtTK,6,7s0fJ0s9A5eRh4NXaMkfgS,https://open.spotify.com/track/7s0fJ0s9A5eRh4NXaMkfgS,Nightfall - Remastered 2007,Blind Guardian,7jxJ25p0pPjk0MStloN6o6,Nightfall in Middle Earth (Remastered 2007),1998-04-28,334.693,False,spotify_artist_monthly_listeners,598890,"598,890",5.77734706148782,,70.0,top_third_vs_final_balanced,within_final_balanced_high_range,30091.0,4.478139338658135,19.902628692964672,1.299207722829685,,,,spotify_track_api_popularity,,,0,track,2026-07-28T12:06:09+00:00,Aysima Karçaaltıncaba,
recommended,weekly_recommendation,Week2_28July,2,Spotify,User8,8,experiment_results/Week2_28July/Spotify/User8/Week2_User8_spotify_metadata.csv,Week2-User8,6hapyCTyBdE4UwvX9uPtTK,https://open.spotify.com/playlist/6hapyCTyBdE4UwvX9uPtTK,7,4qxYVvhuHAkiYhbsBBtV3L,https://open.spotify.com/track/4qxYVvhuHAkiYhbsBBtV3L,Down to the Devil,Edguy,3AGFqPP3gt5rMSvhR87Xxu,Hellfire Club,2004-03-15,328.413,False,spotify_artist_monthly_listeners,290291,"290,291",5.462833571446806,,66.66666666666667,middle_third_vs_final_balanced,between_final_balanced_tier_ranges,30091.0,4.478139338658135,9.647103785184939,0.9846942327886712,,,,spotify_track_api_popularity,,,0,track,2026-07-28T12:06:09+00:00,Aysima Karçaaltıncaba,
recommended,weekly_recommendation,Week2_28July,2,Spotify,User8,8,experiment_results/Week2_28July/Spotify/User8/Week2_User8_spotify_metadata.csv,Week2-User8,6hapyCTyBdE4UwvX9uPtTK,https://open.spotify.com/playlist/6hapyCTyBdE4UwvX9uPtTK,8,4ZuNyr0qk8gckL98Oee0ld,https://open.spotify.com/track/4ZuNyr0qk8gckL98Oee0ld,Chains of Destiny,Rhapsody Of Fire,3IjLXN4eSksdGj8uDE4Jm1,Glory for Salvation,2021-11-26,235.093,False,spotify_artist_monthly_listeners,241962,"241,962",5.383747165624428,,66.66666666666667,middle_third_vs_final_balanced,between_final_balanced_tier_ranges,30091.0,4.478139338658135,8.041008939550032,0.9056078269662926,,,,spotify_track_api_popularity,,,0,track,2026-07-28T12:06:09+00:00,Aysima Karçaaltıncaba,
recommended,weekly_recommendation,Week2_28July,2,Spotify,User8,8,experiment_results/Week2_28July/Spotify/User8/Week2_User8_spotify_metadata.csv,Week2-User8,6hapyCTyBdE4UwvX9uPtTK,https://open.spotify.com/playlist/6hapyCTyBdE4UwvX9uPtTK,9,19zT5M46RioXTv0PzU22Hb,https://open.spotify.com/track/19zT5M46RioXTv0PzU22Hb,The Way of Vikings,Amon Amarth,3pulcT2wt7FEG10lQlqDJL,Jomsviking,2016-03-25,311.320,False,spotify_artist_monthly_listeners,1132677,"1,132,677",6.054106081869729,,73.33333333333333,top_third_vs_final_balanced,within_final_balanced_high_range,30091.0,4.478139338658135,37.6417201156492,1.5759667432115938,,,,spotify_track_api_popularity,,,0,track,2026-07-28T12:06:09+00:00,Aysima Karçaaltıncaba,
recommended,weekly_recommendation,Week2_28July,2,Spotify,User8,8,experiment_results/Week2_28July/Spotify/User8/Week2_User8_spotify_metadata.csv,Week2-User8,6hapyCTyBdE4UwvX9uPtTK,https://open.spotify.com/playlist/6hapyCTyBdE4UwvX9uPtTK,10,0CwhgYudd5HzMC9K2vqGMu,https://open.spotify.com/track/0CwhgYudd5HzMC9K2vqGMu,Everytime I Die,Children Of Bodom,1xUhNgw4eJDZfvumIpcz1B,Follow The Reaper,2000-10-30,243.000,False,spotify_artist_monthly_listeners,759719,"759,719",5.880652987918004,,73.33333333333333,top_third_vs_final_balanced,within_final_balanced_high_range,30091.0,4.478139338658135,25.247382938420127,1.4025136492598689,,,,spotify_track_api_popularity,,,0,track,2026-07-28T12:06:09+00:00,Aysima Karçaaltıncaba,
recommended,weekly_recommendation,Week2_28July,2,Spotify,User8,8,experiment_results/Week2_28July/Spotify/User8/Week2_User8_spotify_metadata.csv,Week2-User8,6hapyCTyBdE4UwvX9uPtTK,https://open.spotify.com/playlist/6hapyCTyBdE4UwvX9uPtTK,11,4j5ngznFVuuM7pt0fh0ZCC,https://open.spotify.com/track/4j5ngznFVuuM7pt0fh0ZCC,I Want Out,Sonata Arctica,5YeoQ1L71cXDMpSpqxOjfH,Takatalvi,2009-01-01,230.506,False,spotify_artist_monthly_listeners,448353,"448,353",5.651620080036942,,66.66666666666667,middle_third_vs_final_balanced,between_final_balanced_tier_ranges,30091.0,4.478139338658135,14.899903625668804,1.1734807413788069,,,,spotify_track_api_popularity,,,0,track,2026-07-28T12:06:09+00:00,Aysima Karçaaltıncaba,
recommended,weekly_recommendation,Week2_28July,2,Spotify,User8,8,experiment_results/Week2_28July/Spotify/User8/Week2_User8_spotify_metadata.csv,Week2-User8,6hapyCTyBdE4UwvX9uPtTK,https://open.spotify.com/playlist/6hapyCTyBdE4UwvX9uPtTK,12,47VGqaDolcmzlAADoMdvNN,https://open.spotify.com/track/47VGqaDolcmzlAADoMdvNN,Blood Of A Lion,Beast In Black,0rEuaTPLMhlViNCJrg3NEH,Berserker,2017-11-03,303.513,False,spotify_artist_monthly_listeners,1265927,"1,265,927",6.1024086627024605,,76.66666666666667,top_third_vs_final_balanced,within_final_balanced_high_range,30091.0,4.478139338658135,42.069954471436645,1.6242693240443256,,,,spotify_track_api_popularity,,,0,track,2026-07-28T12:06:09+00:00,Aysima Karçaaltıncaba,
recommended,weekly_recommendation,Week2_28July,2,Spotify,User8,8,experiment_results/Week2_28July/Spotify/User8/Week2_User8_spotify_metadata.csv,Week2-User8,6hapyCTyBdE4UwvX9uPtTK,https://open.spotify.com/playlist/6hapyCTyBdE4UwvX9uPtTK,13,2JjRySKmXZGHRyCHOyhDr9,https://open.spotify.com/track/2JjRySKmXZGHRyCHOyhDr9,Edge of Thorns,Savatage,3N1B1g6JtIgd6ClRkzD4yT,Edge of Thorns (Bonus Track Edition),1993,356.160,False,spotify_artist_monthly_listeners,383266,"383,266",5.583500294163507,,66.66666666666667,middle_third_vs_final_balanced,between_final_balanced_tier_ranges,30091.0,4.478139338658135,12.73689807583663,1.1053609555053718,,,,spotify_track_api_popularity,,,0,track,2026-07-28T12:06:09+00:00,Aysima Karçaaltıncaba,
recommended,weekly_recommendation,Week2_28July,2,Spotify,User8,8,experiment_results/Week2_28July/Spotify/User8/Week2_User8_spotify_metadata.csv,Week2-User8,6hapyCTyBdE4UwvX9uPtTK,https://open.spotify.com/playlist/6hapyCTyBdE4UwvX9uPtTK,14,4qgDlkfqsbZ0q5tOSp0nqE,https://open.spotify.com/track/4qgDlkfqsbZ0q5tOSp0nqE,Blood of Heroes,Týr,6TmGNPW2oDM5uaXBILozGa,Valkyrja,2013-09-17,221.506,False,spotify_artist_monthly_listeners,132643,"132,643",5.12268433579902,,63.333333333333336,middle_third_vs_final_balanced,within_final_balanced_middle_range,30091.0,4.478139338658135,4.408062211292413,0.6445449971408852,,,,spotify_track_api_popularity,,,0,track,2026-07-28T12:06:09+00:00,Aysima Karçaaltıncaba,
recommended,weekly_recommendation,Week2_28July,2,Spotify,User8,8,experiment_results/Week2_28July/Spotify/User8/Week2_User8_spotify_metadata.csv,Week2-User8,6hapyCTyBdE4UwvX9uPtTK,https://open.spotify.com/playlist/6hapyCTyBdE4UwvX9uPtTK,15,5XJ1jQYn3l4KCNx3IoIC3r,https://open.spotify.com/track/5XJ1jQYn3l4KCNx3IoIC3r,Way of the Warrior,Ensiferum,0krXCIkthz13P8o0v2tksH,Two Paths,2017-09-15,237.226,False,spotify_artist_monthly_listeners,191439,"191,439",5.2820304170323755,,63.333333333333336,middle_third_vs_final_balanced,within_final_balanced_middle_range,30091.0,4.478139338658135,6.362001927486624,0.8038910783742406,,,,spotify_track_api_popularity,,,0,track,2026-07-28T12:06:09+00:00,Aysima Karçaaltıncaba,
recommended,weekly_recommendation,Week2_28July,2,Spotify,User8,8,experiment_results/Week2_28July/Spotify/User8/Week2_User8_spotify_metadata.csv,Week2-User8,6hapyCTyBdE4UwvX9uPtTK,https://open.spotify.com/playlist/6hapyCTyBdE4UwvX9uPtTK,16,2AQPuZzaegH8a65SWyq3YA,https://open.spotify.com/track/2AQPuZzaegH8a65SWyq3YA,Forever,Kamelot,7gTbq5nTZGQIUgjEGXQpOS,Karma,2001-07-19,246.293,False,spotify_artist_monthly_listeners,355443,"355,443",5.550769965768341,,66.66666666666667,middle_third_vs_final_balanced,between_final_balanced_tier_ranges,30091.0,4.478139338658135,11.81226944933701,1.0726306271102057,,,,spotify_track_api_popularity,,,0,track,2026-07-28T12:06:09+00:00,Aysima Karçaaltıncaba,
recommended,weekly_recommendation,Week2_28July,2,Spotify,User8,8,experiment_results/Week2_28July/Spotify/User8/Week2_User8_spotify_metadata.csv,Week2-User8,6hapyCTyBdE4UwvX9uPtTK,https://open.spotify.com/playlist/6hapyCTyBdE4UwvX9uPtTK,17,5LweWeDCVPKs8j3wYmYtmE,https://open.spotify.com/track/5LweWeDCVPKs8j3wYmYtmE,It's a Sin,Gamma Ray,6LZE884lDIsCSLHuTplfGp,Power Plant,1999-03-29,298.626,False,spotify_artist_monthly_listeners,168685,"168,685",5.227076465476729,,63.333333333333336,middle_third_vs_final_balanced,within_final_balanced_middle_range,30091.0,4.478139338658135,5.60582898541092,0.7489371268185945,,,,spotify_track_api_popularity,,,0,track,2026-07-28T12:06:09+00:00,Aysima Karçaaltıncaba,
recommended,weekly_recommendation,Week2_28July,2,Spotify,User8,8,experiment_results/Week2_28July/Spotify/User8/Week2_User8_spotify_metadata.csv,Week2-User8,6hapyCTyBdE4UwvX9uPtTK,https://open.spotify.com/playlist/6hapyCTyBdE4UwvX9uPtTK,18,0XDbyUyp6PgCbbjjNEeRwx,https://open.spotify.com/track/0XDbyUyp6PgCbbjjNEeRwx,The Evil Kin,Kalmah,2YPVtFn6SsYNntkmrdDpGF,Palo,2018-06-04,255.240,False,spotify_artist_monthly_listeners,75519,"75,519",4.878056230530515,,60.0,middle_third_vs_final_balanced,within_final_balanced_middle_range,30091.0,4.478139338658135,2.509687281911535,0.39991689187237967,,,,spotify_track_api_popularity,,,0,track,2026-07-28T12:06:09+00:00,Aysima Karçaaltıncaba,
recommended,weekly_recommendation,Week2_28July,2,Spotify,User8,8,experiment_results/Week2_28July/Spotify/User8/Week2_User8_spotify_metadata.csv,Week2-User8,6hapyCTyBdE4UwvX9uPtTK,https://open.spotify.com/playlist/6hapyCTyBdE4UwvX9uPtTK,19,2sTY4LYxBBf3FhetMRGh2H,https://open.spotify.com/track/2sTY4LYxBBf3FhetMRGh2H,Desecrator,Ambush,5ZnuwxU3BQDmhQSdZO743a,Desecrator,2015-10-30,247.541,False,spotify_artist_monthly_listeners,30871,"30,871",4.48955069775057,,50.0,middle_third_vs_final_balanced,within_final_balanced_middle_range,30091.0,4.478139338658135,1.0259213718387559,0.011411359092434736,,,,spotify_track_api_popularity,,,0,track,2026-07-28T12:06:09+00:00,Aysima Karçaaltıncaba,
recommended,weekly_recommendation,Week2_28July,2,Spotify,User8,8,experiment_results/Week2_28July/Spotify/User8/Week2_User8_spotify_metadata.csv,Week2-User8,6hapyCTyBdE4UwvX9uPtTK,https://open.spotify.com/playlist/6hapyCTyBdE4UwvX9uPtTK,20,6ppTuqLIPRDXTGda4qPwVd,https://open.spotify.com/track/6ppTuqLIPRDXTGda4qPwVd,Let the Gods Decide,Manowar,4CzUzn54Cp9TQr6a7JIlMZ,Thunder in the Sky,2009-07-17,219.000,False,spotify_artist_monthly_listeners,1037930,"1,037,930",6.016168064843028,,73.33333333333333,top_third_vs_final_balanced,within_final_balanced_high_range,30091.0,4.478139338658135,34.49303778538433,1.5380287261848933,,,,spotify_track_api_popularity,,,0,track,2026-07-28T12:06:09+00:00,Aysima Karçaaltıncaba,
recommended,weekly_recommendation,Week2_28July,2,Spotify,User8,8,experiment_results/Week2_28July/Spotify/User8/Week2_User8_spotify_metadata.csv,Week2-User8,6hapyCTyBdE4UwvX9uPtTK,https://open.spotify.com/playlist/6hapyCTyBdE4UwvX9uPtTK,21,0ZUPWnw89a0iLfNdcUiIm3,https://open.spotify.com/track/0ZUPWnw89a0iLfNdcUiIm3,Anthem,Iced Earth,3KEixcRfBS5K3E91Vn1Kdy,Dystopia,2011,294.613,False,spotify_artist_monthly_listeners,220147,"220,147",5.342712771592851,,66.66666666666667,middle_third_vs_final_balanced,between_final_balanced_tier_ranges,30091.0,4.478139338658135,7.31604134126483,0.8645734329347157,,,,spotify_track_api_popularity,,,0,track,2026-07-28T12:06:09+00:00,Aysima Karçaaltıncaba,
recommended,weekly_recommendation,Week2_28July,2,Spotify,User8,8,experiment_results/Week2_28July/Spotify/User8/Week2_User8_spotify_metadata.csv,Week2-User8,6hapyCTyBdE4UwvX9uPtTK,https://open.spotify.com/playlist/6hapyCTyBdE4UwvX9uPtTK,22,5CtKdgmm86gjAETNUqDJHQ,https://open.spotify.com/track/5CtKdgmm86gjAETNUqDJHQ,Moria,Bloodbound,6nf7iwR6AoROxfUKZWd1r6,Unholy Cross,2011-03-18,340.622,False,spotify_artist_monthly_listeners,295221,"295,221",5.470147246984807,,66.66666666666667,middle_third_vs_final_balanced,between_final_balanced_tier_ranges,30091.0,4.478139338658135,9.810940148217075,0.9920079083266717,,,,spotify_track_api_popularity,,,0,track,2026-07-28T12:06:09+00:00,Aysima Karçaaltıncaba,
recommended,weekly_recommendation,Week2_28July,2,Spotify,User8,8,experiment_results/Week2_28July/Spotify/User8/Week2_User8_spotify_metadata.csv,Week2-User8,6hapyCTyBdE4UwvX9uPtTK,https://open.spotify.com/playlist/6hapyCTyBdE4UwvX9uPtTK,23,5u6vCWUMT8MWQKrDlBu8gQ,https://open.spotify.com/track/5u6vCWUMT8MWQKrDlBu8gQ,Battering Ram,Saxon,71vVmHeNgCVSa5SVmfvscU,Battering Ram,2015-10-16,296.034,False,spotify_artist_monthly_listeners,461715,"461,715",5.664373983954236,,66.66666666666667,middle_third_vs_final_balanced,between_final_balanced_tier_ranges,30091.0,4.478139338658135,15.34395666478349,1.1862346452961008,,,,spotify_track_api_popularity,,,0,track,2026-07-28T12:06:09+00:00,Aysima Karçaaltıncaba,
recommended,weekly_recommendation,Week2_28July,2,Spotify,User8,8,experiment_results/Week2_28July/Spotify/User8/Week2_User8_spotify_metadata.csv,Week2-User8,6hapyCTyBdE4UwvX9uPtTK,https://open.spotify.com/playlist/6hapyCTyBdE4UwvX9uPtTK,24,3UDEQapo4aNTwmodEamAo2,https://open.spotify.com/track/3UDEQapo4aNTwmodEamAo2,Hail to the Hordes,Kreator,3BM0EaYmkKWuPmmHFUTQHv,Gods of Violence,2017-01-27,242.320,False,spotify_artist_monthly_listeners,493246,"493,246",5.693063572008422,,70.0,top_third_vs_final_balanced,within_final_balanced_high_range,30091.0,4.478139338658135,16.39181150510119,1.2149242333502874,,,,spotify_track_api_popularity,,,0,track,2026-07-28T12:06:09+00:00,Aysima Karçaaltıncaba,
recommended,weekly_recommendation,Week2_28July,2,Spotify,User8,8,experiment_results/Week2_28July/Spotify/User8/Week2_User8_spotify_metadata.csv,Week2-User8,6hapyCTyBdE4UwvX9uPtTK,https://open.spotify.com/playlist/6hapyCTyBdE4UwvX9uPtTK,25,7xdG0jGbG8rJ2G5CRcQlve,https://open.spotify.com/track/7xdG0jGbG8rJ2G5CRcQlve,Fail No More,Frozen Crown,6hbGneO1qRnmz6xflK4n8E,The Fallen King,2018-02-09,249.933,False,spotify_artist_monthly_listeners,64254,"64,254",4.80790016895048,,56.666666666666664,middle_third_vs_final_balanced,within_final_balanced_middle_range,30091.0,4.478139338658135,2.1353228540095044,0.3297608302923454,,,,spotify_track_api_popularity,,,0,track,2026-07-28T12:06:09+00:00,Aysima Karçaaltıncaba,
recommended,weekly_recommendation,Week2_28July,2,Spotify,User8,8,experiment_results/Week2_28July/Spotify/User8/Week2_User8_spotify_metadata.csv,Week2-User8,6hapyCTyBdE4UwvX9uPtTK,https://open.spotify.com/playlist/6hapyCTyBdE4UwvX9uPtTK,26,73k60UciuH1K0HusB2ixSQ,https://open.spotify.com/track/73k60UciuH1K0HusB2ixSQ,The Wingman,Excalion,72AisxxoPQu3Q0K5UgvQew,Waterlines,2007,237.773,False,spotify_artist_monthly_listeners,16435,"16,435",4.2157697084176435,,36.666666666666664,middle_third_vs_final_balanced,within_final_balanced_middle_range,30091.0,4.478139338658135,0.5461765976537836,-0.2623696302404914,,,,spotify_track_api_popularity,,,0,track,2026-07-28T12:06:09+00:00,Aysima Karçaaltıncaba,
recommended,weekly_recommendation,Week2_28July,2,Spotify,User8,8,experiment_results/Week2_28July/Spotify/User8/Week2_User8_spotify_metadata.csv,Week2-User8,6hapyCTyBdE4UwvX9uPtTK,https://open.spotify.com/playlist/6hapyCTyBdE4UwvX9uPtTK,27,7xkqn8jhdDyTpzfTloh9NN,https://open.spotify.com/track/7xkqn8jhdDyTpzfTloh9NN,Wisdom of the Kings,Rhapsody,0zQfrabOFYf36Ikb6PXcCY,Symphony of Enchanted Lands,1998,268.693,False,spotify_artist_monthly_listeners,368456,"368,456",5.566385633041399,,66.66666666666667,middle_third_vs_final_balanced,between_final_balanced_tier_ranges,30091.0,4.478139338658135,12.244724336180253,1.0882462943832643,,,,spotify_track_api_popularity,,,0,track,2026-07-28T12:06:09+00:00,Aysima Karçaaltıncaba,
recommended,weekly_recommendation,Week2_28July,2,Spotify,User8,8,experiment_results/Week2_28July/Spotify/User8/Week2_User8_spotify_metadata.csv,Week2-User8,6hapyCTyBdE4UwvX9uPtTK,https://open.spotify.com/playlist/6hapyCTyBdE4UwvX9uPtTK,28,4KS0wEQgZJjchHwYPch1OA,https://open.spotify.com/track/4KS0wEQgZJjchHwYPch1OA,I Walk Alone,Jorn,5SaDyTQkjAAdrsmhPzrmw2,Spirit Black,2009-06-05,267.880,False,spotify_artist_monthly_listeners,271120,"271,120",5.433161555829322,,66.66666666666667,middle_third_vs_final_balanced,between_final_balanced_tier_ranges,30091.0,4.478139338658135,9.01000299092752,0.9550222171711873,,,,spotify_track_api_popularity,,,0,track,2026-07-28T12:06:09+00:00,Aysima Karçaaltıncaba,
recommended,weekly_recommendation,Week2_28July,2,Spotify,User8,8,experiment_results/Week2_28July/Spotify/User8/Week2_User8_spotify_metadata.csv,Week2-User8,6hapyCTyBdE4UwvX9uPtTK,https://open.spotify.com/playlist/6hapyCTyBdE4UwvX9uPtTK,29,5IF7E1KDhfYaucurjPSTLJ,https://open.spotify.com/track/5IF7E1KDhfYaucurjPSTLJ,In Flames You Burn,Dream Evil,1bkf8u8ot6vEpWTJFBzKZB,Dragonslayer,2002-07-13,274.373,False,spotify_artist_monthly_listeners,167278,"167,278",5.223438827352918,,63.333333333333336,middle_third_vs_final_balanced,within_final_balanced_middle_range,30091.0,4.478139338658135,5.5590708185171644,0.7452994886947835,,,,spotify_track_api_popularity,,,0,track,2026-07-28T12:06:09+00:00,Aysima Karçaaltıncaba,
recommended,weekly_recommendation,Week2_28July,2,Spotify,User8,8,experiment_results/Week2_28July/Spotify/User8/Week2_User8_spotify_metadata.csv,Week2-User8,6hapyCTyBdE4UwvX9uPtTK,https://open.spotify.com/playlist/6hapyCTyBdE4UwvX9uPtTK,30,4VluTjykR2imjBfzp0AU4Y,https://open.spotify.com/track/4VluTjykR2imjBfzp0AU4Y,Destroyer,Primal Fear,1yfiDL3YUEJlQCgb5Pun6g,Domination,2025-09-05,273.466,False,spotify_artist_monthly_listeners,104665,"104,665",5.0198014777812645,,60.0,middle_third_vs_final_balanced,within_final_balanced_middle_range,30091.0,4.478139338658135,3.4782825429530426,0.5416621391231295,,,,spotify_track_api_popularity,,,0,track,2026-07-28T12:06:09+00:00,Aysima Karçaaltıncaba,
recommended,weekly_recommendation,Week2_28July,2,Spotify,User9,9,experiment_results/Week2_28July/Spotify/User9/Week2_User9_spotify_metadata.csv,Week2_User9,5VGvCQ6qPJ1xXYOzUhHIjx,https://open.spotify.com/playlist/5VGvCQ6qPJ1xXYOzUhHIjx,1,5u6vCWUMT8MWQKrDlBu8gQ,https://open.spotify.com/track/5u6vCWUMT8MWQKrDlBu8gQ,Battering Ram,Saxon,71vVmHeNgCVSa5SVmfvscU,Battering Ram,2015-10-16,296.034,False,spotify_artist_monthly_listeners,461715,"461,715",5.664373983954236,,66.66666666666667,middle_third_vs_final_balanced,between_final_balanced_tier_ranges,30091.0,4.478139338658135,15.34395666478349,1.1862346452961008,,,,spotify_track_api_popularity,,,0,track,2026-07-28T12:06:09+00:00,Aysima Karçaaltıncaba,
recommended,weekly_recommendation,Week2_28July,2,Spotify,User9,9,experiment_results/Week2_28July/Spotify/User9/Week2_User9_spotify_metadata.csv,Week2_User9,5VGvCQ6qPJ1xXYOzUhHIjx,https://open.spotify.com/playlist/5VGvCQ6qPJ1xXYOzUhHIjx,2,574pGyzXZeV8TcoejbitiM,https://open.spotify.com/track/574pGyzXZeV8TcoejbitiM,Into the Storm - Remastered 2007,Blind Guardian,7jxJ25p0pPjk0MStloN6o6,Nightfall in Middle Earth (Remastered 2007),1998-04-28,264.746,False,spotify_artist_monthly_listeners,598890,"598,890",5.77734706148782,,70.0,top_third_vs_final_balanced,within_final_balanced_high_range,30091.0,4.478139338658135,19.902628692964672,1.299207722829685,,,,spotify_track_api_popularity,,,0,track,2026-07-28T12:06:09+00:00,Aysima Karçaaltıncaba,
recommended,weekly_recommendation,Week2_28July,2,Spotify,User9,9,experiment_results/Week2_28July/Spotify/User9/Week2_User9_spotify_metadata.csv,Week2_User9,5VGvCQ6qPJ1xXYOzUhHIjx,https://open.spotify.com/playlist/5VGvCQ6qPJ1xXYOzUhHIjx,3,7uU84bkoSqL8zbI0dkZl9Y,https://open.spotify.com/track/7uU84bkoSqL8zbI0dkZl9Y,Hallowed Be My Name,HammerFall,2o18h28enlHxj887tATc58,"No Sacrifice, No Victory",2009-02-20,236.026,False,spotify_artist_monthly_listeners,855521,"855,521",5.932230674393992,,73.33333333333333,top_third_vs_final_balanced,within_final_balanced_high_range,30091.0,4.478139338658135,28.431125585723304,1.454091335735857,,,,spotify_track_api_popularity,,,0,track,2026-07-28T12:06:09+00:00,Aysima Karçaaltıncaba,
recommended,weekly_recommendation,Week2_28July,2,Spotify,User9,9,experiment_results/Week2_28July/Spotify/User9/Week2_User9_spotify_metadata.csv,Week2_User9,5VGvCQ6qPJ1xXYOzUhHIjx,https://open.spotify.com/playlist/5VGvCQ6qPJ1xXYOzUhHIjx,4,0V2Jge35CQn1Hc9hNBmdbm,https://open.spotify.com/track/0V2Jge35CQn1Hc9hNBmdbm,The End Is Near,Primal Fear,1yfiDL3YUEJlQCgb5Pun6g,Rulebreaker,2016-01-29,266.964,False,spotify_artist_monthly_listeners,104665,"104,665",5.0198014777812645,,60.0,middle_third_vs_final_balanced,within_final_balanced_middle_range,30091.0,4.478139338658135,3.4782825429530426,0.5416621391231295,,,,spotify_track_api_popularity,,,0,track,2026-07-28T12:06:09+00:00,Aysima Karçaaltıncaba,
recommended,weekly_recommendation,Week2_28July,2,Spotify,User9,9,experiment_results/Week2_28July/Spotify/User9/Week2_User9_spotify_metadata.csv,Week2_User9,5VGvCQ6qPJ1xXYOzUhHIjx,https://open.spotify.com/playlist/5VGvCQ6qPJ1xXYOzUhHIjx,5,7ht4SHDXCtttLSabtIQ9XA,https://open.spotify.com/track/7ht4SHDXCtttLSabtIQ9XA,Eagleheart,Stratovarius,1O8CSXsPwEqxcoBE360PPO,"Elements, Pt. 1&2 (Complete Edition)",2014-12-05,230.266,False,spotify_artist_monthly_listeners,847091,"847,091",5.927930067562097,,73.33333333333333,top_third_vs_final_balanced,within_final_balanced_high_range,30091.0,4.478139338658135,28.150975374696753,1.4497907289039622,,,,spotify_track_api_popularity,,,0,track,2026-07-28T12:06:09+00:00,Aysima Karçaaltıncaba,
recommended,weekly_recommendation,Week2_28July,2,Spotify,User9,9,experiment_results/Week2_28July/Spotify/User9/Week2_User9_spotify_metadata.csv,Week2_User9,5VGvCQ6qPJ1xXYOzUhHIjx,https://open.spotify.com/playlist/5VGvCQ6qPJ1xXYOzUhHIjx,6,2bBUHwOa8alimc1TiXg1oY,https://open.spotify.com/track/2bBUHwOa8alimc1TiXg1oY,War of the Gods,Amon Amarth,3pulcT2wt7FEG10lQlqDJL,Surtur Rising,2011-03-29,273.253,False,spotify_artist_monthly_listeners,1132677,"1,132,677",6.054106081869729,,73.33333333333333,top_third_vs_final_balanced,within_final_balanced_high_range,30091.0,4.478139338658135,37.6417201156492,1.5759667432115938,,,,spotify_track_api_popularity,,,0,track,2026-07-28T12:06:09+00:00,Aysima Karçaaltıncaba,
recommended,weekly_recommendation,Week2_28July,2,Spotify,User9,9,experiment_results/Week2_28July/Spotify/User9/Week2_User9_spotify_metadata.csv,Week2_User9,5VGvCQ6qPJ1xXYOzUhHIjx,https://open.spotify.com/playlist/5VGvCQ6qPJ1xXYOzUhHIjx,7,0ZUPWnw89a0iLfNdcUiIm3,https://open.spotify.com/track/0ZUPWnw89a0iLfNdcUiIm3,Anthem,Iced Earth,3KEixcRfBS5K3E91Vn1Kdy,Dystopia,2011,294.613,False,spotify_artist_monthly_listeners,220147,"220,147",5.342712771592851,,66.66666666666667,middle_third_vs_final_balanced,between_final_balanced_tier_ranges,30091.0,4.478139338658135,7.31604134126483,0.8645734329347157,,,,spotify_track_api_popularity,,,0,track,2026-07-28T12:06:09+00:00,Aysima Karçaaltıncaba,
recommended,weekly_recommendation,Week2_28July,2,Spotify,User9,9,experiment_results/Week2_28July/Spotify/User9/Week2_User9_spotify_metadata.csv,Week2_User9,5VGvCQ6qPJ1xXYOzUhHIjx,https://open.spotify.com/playlist/5VGvCQ6qPJ1xXYOzUhHIjx,8,4CwkuuBz81F5i3sGhJESNM,https://open.spotify.com/track/4CwkuuBz81F5i3sGhJESNM,Send Me a Sign - Remastered,Gamma Ray,6LZE884lDIsCSLHuTplfGp,The Best (Of),2015-01-30,247.273,False,spotify_artist_monthly_listeners,168685,"168,685",5.227076465476729,,63.333333333333336,middle_third_vs_final_balanced,within_final_balanced_middle_range,30091.0,4.478139338658135,5.60582898541092,0.7489371268185945,,,,spotify_track_api_popularity,,,0,track,2026-07-28T12:06:09+00:00,Aysima Karçaaltıncaba,
recommended,weekly_recommendation,Week2_28July,2,Spotify,User9,9,experiment_results/Week2_28July/Spotify/User9/Week2_User9_spotify_metadata.csv,Week2_User9,5VGvCQ6qPJ1xXYOzUhHIjx,https://open.spotify.com/playlist/5VGvCQ6qPJ1xXYOzUhHIjx,9,2AQPuZzaegH8a65SWyq3YA,https://open.spotify.com/track/2AQPuZzaegH8a65SWyq3YA,Forever,Kamelot,7gTbq5nTZGQIUgjEGXQpOS,Karma,2001-07-19,246.293,False,spotify_artist_monthly_listeners,355443,"355,443",5.550769965768341,,66.66666666666667,middle_third_vs_final_balanced,between_final_balanced_tier_ranges,30091.0,4.478139338658135,11.81226944933701,1.0726306271102057,,,,spotify_track_api_popularity,,,0,track,2026-07-28T12:06:09+00:00,Aysima Karçaaltıncaba,
recommended,weekly_recommendation,Week2_28July,2,Spotify,User9,9,experiment_results/Week2_28July/Spotify/User9/Week2_User9_spotify_metadata.csv,Week2_User9,5VGvCQ6qPJ1xXYOzUhHIjx,https://open.spotify.com/playlist/5VGvCQ6qPJ1xXYOzUhHIjx,10,7fkcqrzdbgIa4vthgYN3vs,https://open.spotify.com/track/7fkcqrzdbgIa4vthgYN3vs,Unisonic,Unisonic,3DDcmHnwKjM4sQ8qm34JMU,Unisonic,2012-03-30,205.866,False,spotify_artist_monthly_listeners,28744,"28,744",4.458547204196593,,46.666666666666664,middle_third_vs_final_balanced,within_final_balanced_middle_range,30091.0,4.478139338658135,0.9552357847861487,-0.019592134461541733,,,,spotify_track_api_popularity,,,0,track,2026-07-28T12:06:09+00:00,Aysima Karçaaltıncaba,
recommended,weekly_recommendation,Week2_28July,2,Spotify,User9,9,experiment_results/Week2_28July/Spotify/User9/Week2_User9_spotify_metadata.csv,Week2_User9,5VGvCQ6qPJ1xXYOzUhHIjx,https://open.spotify.com/playlist/5VGvCQ6qPJ1xXYOzUhHIjx,11,2JjRySKmXZGHRyCHOyhDr9,https://open.spotify.com/track/2JjRySKmXZGHRyCHOyhDr9,Edge of Thorns,Savatage,3N1B1g6JtIgd6ClRkzD4yT,Edge of Thorns (Bonus Track Edition),1993,356.160,False,spotify_artist_monthly_listeners,383266,"383,266",5.583500294163507,,66.66666666666667,middle_third_vs_final_balanced,between_final_balanced_tier_ranges,30091.0,4.478139338658135,12.73689807583663,1.1053609555053718,,,,spotify_track_api_popularity,,,0,track,2026-07-28T12:06:09+00:00,Aysima Karçaaltıncaba,
recommended,weekly_recommendation,Week2_28July,2,Spotify,User9,9,experiment_results/Week2_28July/Spotify/User9/Week2_User9_spotify_metadata.csv,Week2_User9,5VGvCQ6qPJ1xXYOzUhHIjx,https://open.spotify.com/playlist/5VGvCQ6qPJ1xXYOzUhHIjx,12,0czfM0RYKuIc5KIeSNzCSQ,https://open.spotify.com/track/0czfM0RYKuIc5KIeSNzCSQ,Metal Crüe,Sabaton,3o2dn2O0FCVsWDFSh8qxgG,Attero Dominatus (Re-Armed),2010-09-24,222.506,False,spotify_artist_monthly_listeners,3096823,"3,096,823",6.4909163838133495,,90.0,top_third_vs_final_balanced,within_final_balanced_high_range,30091.0,4.478139338658135,102.91525705360407,2.0127770451552145,,,,spotify_track_api_popularity,,,0,track,2026-07-28T12:06:09+00:00,Aysima Karçaaltıncaba,
recommended,weekly_recommendation,Week2_28July,2,Spotify,User9,9,experiment_results/Week2_28July/Spotify/User9/Week2_User9_spotify_metadata.csv,Week2_User9,5VGvCQ6qPJ1xXYOzUhHIjx,https://open.spotify.com/playlist/5VGvCQ6qPJ1xXYOzUhHIjx,13,2yUkX5Ea2NwodDJPvvsTxR,https://open.spotify.com/track/2yUkX5Ea2NwodDJPvvsTxR,Lucretia My Reflection,Warrel Dane,1qrGnVZhEO4vX3ahn4RY1r,Praises To The War Machine,2008-06-10,278.360,False,spotify_artist_monthly_listeners,10317,"10,317",4.013553430541676,,33.333333333333336,middle_third_vs_final_balanced,between_final_balanced_tier_ranges,30091.0,4.478139338658135,0.3428599913595427,-0.46458590811645895,,,,spotify_track_api_popularity,,,0,track,2026-07-28T12:06:09+00:00,Aysima Karçaaltıncaba,
recommended,weekly_recommendation,Week2_28July,2,Spotify,User9,9,experiment_results/Week2_28July/Spotify/User9/Week2_User9_spotify_metadata.csv,Week2_User9,5VGvCQ6qPJ1xXYOzUhHIjx,https://open.spotify.com/playlist/5VGvCQ6qPJ1xXYOzUhHIjx,14,4qgDlkfqsbZ0q5tOSp0nqE,https://open.spotify.com/track/4qgDlkfqsbZ0q5tOSp0nqE,Blood of Heroes,Týr,6TmGNPW2oDM5uaXBILozGa,Valkyrja,2013-09-17,221.506,False,spotify_artist_monthly_listeners,132643,"132,643",5.12268433579902,,63.333333333333336,middle_third_vs_final_balanced,within_final_balanced_middle_range,30091.0,4.478139338658135,4.408062211292413,0.6445449971408852,,,,spotify_track_api_popularity,,,0,track,2026-07-28T12:06:09+00:00,Aysima Karçaaltıncaba,
recommended,weekly_recommendation,Week2_28July,2,Spotify,User9,9,experiment_results/Week2_28July/Spotify/User9/Week2_User9_spotify_metadata.csv,Week2_User9,5VGvCQ6qPJ1xXYOzUhHIjx,https://open.spotify.com/playlist/5VGvCQ6qPJ1xXYOzUhHIjx,15,0viBuplbZts6o5ftiQkWU2,https://open.spotify.com/track/0viBuplbZts6o5ftiQkWU2,Triumph and Power,Grand Magus,7GTkjp7qsfmx8iJzBUQLmN,Triumph and Power,2014-01-31,276.826,False,spotify_artist_monthly_listeners,32939,"32,939",4.517710410223103,,56.666666666666664,middle_third_vs_final_balanced,within_final_balanced_middle_range,30091.0,4.478139338658135,1.094646239739457,0.03957107156496775,,,,spotify_track_api_popularity,,,0,track,2026-07-28T12:06:09+00:00,Aysima Karçaaltıncaba,
recommended,weekly_recommendation,Week2_28July,2,Spotify,User9,9,experiment_results/Week2_28July/Spotify/User9/Week2_User9_spotify_metadata.csv,Week2_User9,5VGvCQ6qPJ1xXYOzUhHIjx,https://open.spotify.com/playlist/5VGvCQ6qPJ1xXYOzUhHIjx,16,0CwhgYudd5HzMC9K2vqGMu,https://open.spotify.com/track/0CwhgYudd5HzMC9K2vqGMu,Everytime I Die,Children Of Bodom,1xUhNgw4eJDZfvumIpcz1B,Follow The Reaper,2000-10-30,243.000,False,spotify_artist_monthly_listeners,759719,"759,719",5.880652987918004,,73.33333333333333,top_third_vs_final_balanced,within_final_balanced_high_range,30091.0,4.478139338658135,25.247382938420127,1.4025136492598689,,,,spotify_track_api_popularity,,,0,track,2026-07-28T12:06:09+00:00,Aysima Karçaaltıncaba,
recommended,weekly_recommendation,Week2_28July,2,Spotify,User9,9,experiment_results/Week2_28July/Spotify/User9/Week2_User9_spotify_metadata.csv,Week2_User9,5VGvCQ6qPJ1xXYOzUhHIjx,https://open.spotify.com/playlist/5VGvCQ6qPJ1xXYOzUhHIjx,17,7xkqn8jhdDyTpzfTloh9NN,https://open.spotify.com/track/7xkqn8jhdDyTpzfTloh9NN,Wisdom of the Kings,Rhapsody,0zQfrabOFYf36Ikb6PXcCY,Symphony of Enchanted Lands,1998,268.693,False,spotify_artist_monthly_listeners,368456,"368,456",5.566385633041399,,66.66666666666667,middle_third_vs_final_balanced,between_final_balanced_tier_ranges,30091.0,4.478139338658135,12.244724336180253,1.0882462943832643,,,,spotify_track_api_popularity,,,0,track,2026-07-28T12:06:09+00:00,Aysima Karçaaltıncaba,
recommended,weekly_recommendation,Week2_28July,2,Spotify,User9,9,experiment_results/Week2_28July/Spotify/User9/Week2_User9_spotify_metadata.csv,Week2_User9,5VGvCQ6qPJ1xXYOzUhHIjx,https://open.spotify.com/playlist/5VGvCQ6qPJ1xXYOzUhHIjx,18,6JeF22z02oTSaMBkutuQQu,https://open.spotify.com/track/6JeF22z02oTSaMBkutuQQu,Mirror of Madness,Norther,7FYqu76teK16FSlw4ZYFhW,Mirror Of Madness,2010-01-01,280.426,False,spotify_artist_monthly_listeners,30981,"30,981",4.491095431740579,,50.0,middle_third_vs_final_balanced,within_final_balanced_middle_range,30091.0,4.478139338658135,1.0295769499185803,0.012956093082443942,,,,spotify_track_api_popularity,,,0,track,2026-07-28T12:06:09+00:00,Aysima Karçaaltıncaba,
recommended,weekly_recommendation,Week2_28July,2,Spotify,User9,9,experiment_results/Week2_28July/Spotify/User9/Week2_User9_spotify_metadata.csv,Week2_User9,5VGvCQ6qPJ1xXYOzUhHIjx,https://open.spotify.com/playlist/5VGvCQ6qPJ1xXYOzUhHIjx,19,68tA0cl2dkuQNOIlr4qnEw,https://open.spotify.com/track/68tA0cl2dkuQNOIlr4qnEw,I Am the Anger,Firewind,70I9vE7YTwKmelfEplXc5r,Burning Earth,2003-01-01,227.826,False,spotify_artist_monthly_listeners,106431,"106,431",5.027068142696396,,60.0,middle_third_vs_final_balanced,within_final_balanced_middle_range,30091.0,4.478139338658135,3.5369711873982252,0.5489288040382609,,,,spotify_track_api_popularity,,,0,track,2026-07-28T12:06:09+00:00,Aysima Karçaaltıncaba,
recommended,weekly_recommendation,Week2_28July,2,Spotify,User9,9,experiment_results/Week2_28July/Spotify/User9/Week2_User9_spotify_metadata.csv,Week2_User9,5VGvCQ6qPJ1xXYOzUhHIjx,https://open.spotify.com/playlist/5VGvCQ6qPJ1xXYOzUhHIjx,20,5XJ1jQYn3l4KCNx3IoIC3r,https://open.spotify.com/track/5XJ1jQYn3l4KCNx3IoIC3r,Way of the Warrior,Ensiferum,0krXCIkthz13P8o0v2tksH,Two Paths,2017-09-15,237.226,False,spotify_artist_monthly_listeners,191439,"191,439",5.2820304170323755,,63.333333333333336,middle_third_vs_final_balanced,within_final_balanced_middle_range,30091.0,4.478139338658135,6.362001927486624,0.8038910783742406,,,,spotify_track_api_popularity,,,0,track,2026-07-28T12:06:09+00:00,Aysima Karçaaltıncaba,
recommended,weekly_recommendation,Week2_28July,2,Spotify,User9,9,experiment_results/Week2_28July/Spotify/User9/Week2_User9_spotify_metadata.csv,Week2_User9,5VGvCQ6qPJ1xXYOzUhHIjx,https://open.spotify.com/playlist/5VGvCQ6qPJ1xXYOzUhHIjx,21,6EMTWm0HgzsvJiQQOqObEQ,https://open.spotify.com/track/6EMTWm0HgzsvJiQQOqObEQ,Vain Glory Opera,Edguy,3AGFqPP3gt5rMSvhR87Xxu,Vain Glory Opera,1998-01-19,370.186,False,spotify_artist_monthly_listeners,290291,"290,291",5.462833571446806,,66.66666666666667,middle_third_vs_final_balanced,between_final_balanced_tier_ranges,30091.0,4.478139338658135,9.647103785184939,0.9846942327886712,,,,spotify_track_api_popularity,,,0,track,2026-07-28T12:06:09+00:00,Aysima Karçaaltıncaba,
recommended,weekly_recommendation,Week2_28July,2,Spotify,User9,9,experiment_results/Week2_28July/Spotify/User9/Week2_User9_spotify_metadata.csv,Week2_User9,5VGvCQ6qPJ1xXYOzUhHIjx,https://open.spotify.com/playlist/5VGvCQ6qPJ1xXYOzUhHIjx,22,2sTY4LYxBBf3FhetMRGh2H,https://open.spotify.com/track/2sTY4LYxBBf3FhetMRGh2H,Desecrator,Ambush,5ZnuwxU3BQDmhQSdZO743a,Desecrator,2015-10-30,247.541,False,spotify_artist_monthly_listeners,30871,"30,871",4.48955069775057,,50.0,middle_third_vs_final_balanced,within_final_balanced_middle_range,30091.0,4.478139338658135,1.0259213718387559,0.011411359092434736,,,,spotify_track_api_popularity,,,0,track,2026-07-28T12:06:09+00:00,Aysima Karçaaltıncaba,
recommended,weekly_recommendation,Week2_28July,2,Spotify,User9,9,experiment_results/Week2_28July/Spotify/User9/Week2_User9_spotify_metadata.csv,Week2_User9,5VGvCQ6qPJ1xXYOzUhHIjx,https://open.spotify.com/playlist/5VGvCQ6qPJ1xXYOzUhHIjx,23,1dRiQJ2wsUcyL3S12MdUTw,https://open.spotify.com/track/1dRiQJ2wsUcyL3S12MdUTw,Steel and Silver,Visigoth,36Fw8K3uH9kPWEkZilzk86,Conqueror's Oath,2018-02-09,361.853,False,spotify_artist_monthly_listeners,24471,"24,471",4.388651717026825,,36.666666666666664,middle_third_vs_final_balanced,within_final_balanced_middle_range,30091.0,4.478139338658135,0.8132331926489648,-0.08948762163131008,,,,spotify_track_api_popularity,,,0,track,2026-07-28T12:06:09+00:00,Aysima Karçaaltıncaba,
recommended,weekly_recommendation,Week2_28July,2,Spotify,User9,9,experiment_results/Week2_28July/Spotify/User9/Week2_User9_spotify_metadata.csv,Week2_User9,5VGvCQ6qPJ1xXYOzUhHIjx,https://open.spotify.com/playlist/5VGvCQ6qPJ1xXYOzUhHIjx,24,2wE7eJkf3IvxKwqiK3UoiO,https://open.spotify.com/track/2wE7eJkf3IvxKwqiK3UoiO,The Gods Made Heavy Metal,Manowar,4CzUzn54Cp9TQr6a7JIlMZ,Louder Than Hell,1996-01-01,363.893,False,spotify_artist_monthly_listeners,1037930,"1,037,930",6.016168064843028,,73.33333333333333,top_third_vs_final_balanced,within_final_balanced_high_range,30091.0,4.478139338658135,34.49303778538433,1.5380287261848933,,,,spotify_track_api_popularity,,,0,track,2026-07-28T12:06:09+00:00,Aysima Karçaaltıncaba,
recommended,weekly_recommendation,Week2_28July,2,Spotify,User9,9,experiment_results/Week2_28July/Spotify/User9/Week2_User9_spotify_metadata.csv,Week2_User9,5VGvCQ6qPJ1xXYOzUhHIjx,https://open.spotify.com/playlist/5VGvCQ6qPJ1xXYOzUhHIjx,25,4KS0wEQgZJjchHwYPch1OA,https://open.spotify.com/track/4KS0wEQgZJjchHwYPch1OA,I Walk Alone,Jorn,5SaDyTQkjAAdrsmhPzrmw2,Spirit Black,2009-06-05,267.880,False,spotify_artist_monthly_listeners,271120,"271,120",5.433161555829322,,66.66666666666667,middle_third_vs_final_balanced,between_final_balanced_tier_ranges,30091.0,4.478139338658135,9.01000299092752,0.9550222171711873,,,,spotify_track_api_popularity,,,0,track,2026-07-28T12:06:09+00:00,Aysima Karçaaltıncaba,
recommended,weekly_recommendation,Week2_28July,2,Spotify,User9,9,experiment_results/Week2_28July/Spotify/User9/Week2_User9_spotify_metadata.csv,Week2_User9,5VGvCQ6qPJ1xXYOzUhHIjx,https://open.spotify.com/playlist/5VGvCQ6qPJ1xXYOzUhHIjx,26,6bKdh1YoDfUMe4mx8mZ3D1,https://open.spotify.com/track/6bKdh1YoDfUMe4mx8mZ3D1,Only Human,At Vance,4alZ73UZp90icEjdKjSIxw,Only Human,2002-02-25,315.693,False,spotify_artist_monthly_listeners,111736,"111,736",5.048193120138325,,63.333333333333336,middle_third_vs_final_balanced,within_final_balanced_middle_range,30091.0,4.478139338658135,3.713269748429763,0.5700537814801905,,,,spotify_track_api_popularity,,,0,track,2026-07-28T12:06:09+00:00,Aysima Karçaaltıncaba,
recommended,weekly_recommendation,Week2_28July,2,Spotify,User9,9,experiment_results/Week2_28July/Spotify/User9/Week2_User9_spotify_metadata.csv,Week2_User9,5VGvCQ6qPJ1xXYOzUhHIjx,https://open.spotify.com/playlist/5VGvCQ6qPJ1xXYOzUhHIjx,27,0Wvq34MjCPA1ldMIavqmXA,https://open.spotify.com/track/0Wvq34MjCPA1ldMIavqmXA,Hephaistos,Warkings,7DXUeaMULtMVFmmaKFzH3E,Reborn,2018-11-16,246.546,True,spotify_artist_monthly_listeners,83408,"83,408",4.921207707582944,,60.0,middle_third_vs_final_balanced,within_final_balanced_middle_range,30091.0,4.478139338658135,2.771858695290951,0.44306836892480916,,,,spotify_track_api_popularity,,,0,track,2026-07-28T12:06:09+00:00,Aysima Karçaaltıncaba,
recommended,weekly_recommendation,Week2_28July,2,Spotify,User9,9,experiment_results/Week2_28July/Spotify/User9/Week2_User9_spotify_metadata.csv,Week2_User9,5VGvCQ6qPJ1xXYOzUhHIjx,https://open.spotify.com/playlist/5VGvCQ6qPJ1xXYOzUhHIjx,28,71gch62Dn5dvX9Rvz9hhDf,https://open.spotify.com/track/71gch62Dn5dvX9Rvz9hhDf,Excalibur,Grave Digger,6mfghV4I1CD17FOhDKq7cJ,Excalibur,1999-09-06,285.466,False,spotify_artist_monthly_listeners,74603,"74,603",4.872756292047052,,60.0,middle_third_vs_final_balanced,within_final_balanced_middle_range,30091.0,4.478139338658135,2.479246286264996,0.3946169533889172,,,,spotify_track_api_popularity,,,0,track,2026-07-28T12:06:09+00:00,Aysima Karçaaltıncaba,
recommended,weekly_recommendation,Week2_28July,2,Spotify,User9,9,experiment_results/Week2_28July/Spotify/User9/Week2_User9_spotify_metadata.csv,Week2_User9,5VGvCQ6qPJ1xXYOzUhHIjx,https://open.spotify.com/playlist/5VGvCQ6qPJ1xXYOzUhHIjx,29,5IF7E1KDhfYaucurjPSTLJ,https://open.spotify.com/track/5IF7E1KDhfYaucurjPSTLJ,In Flames You Burn,Dream Evil,1bkf8u8ot6vEpWTJFBzKZB,Dragonslayer,2002-07-13,274.373,False,spotify_artist_monthly_listeners,167278,"167,278",5.223438827352918,,63.333333333333336,middle_third_vs_final_balanced,within_final_balanced_middle_range,30091.0,4.478139338658135,5.5590708185171644,0.7452994886947835,,,,spotify_track_api_popularity,,,0,track,2026-07-28T12:06:09+00:00,Aysima Karçaaltıncaba,
recommended,weekly_recommendation,Week2_28July,2,Spotify,User9,9,experiment_results/Week2_28July/Spotify/User9/Week2_User9_spotify_metadata.csv,Week2_User9,5VGvCQ6qPJ1xXYOzUhHIjx,https://open.spotify.com/playlist/5VGvCQ6qPJ1xXYOzUhHIjx,30,0XJ91I6smUYRzRCGbU2N4b,https://open.spotify.com/track/0XJ91I6smUYRzRCGbU2N4b,One Heart One Soul,U.D.O.,2aWjaq32aRQo58dw0w8NM6,Steelfactory,2018-08-31,296.316,False,spotify_artist_monthly_listeners,191824,"191,824",5.282902942852888,,63.333333333333336,middle_third_vs_final_balanced,within_final_balanced_middle_range,30091.0,4.478139338658135,6.37479645076601,0.8047636041947532,,,,spotify_track_api_popularity,,,0,track,2026-07-28T12:06:09+00:00,Aysima Karçaaltıncaba,
recommended,weekly_recommendation,Week2_28July,2,Spotify,User10,10,experiment_results/Week2_28July/Spotify/User10/Week2_User10_spotify_metadata.csv,Week2-User10,3tRVMEaGbAMwXjOETnyCJv,https://open.spotify.com/playlist/3tRVMEaGbAMwXjOETnyCJv,1,1tedBknW0ryQX3Z5e7tGZg,https://open.spotify.com/track/1tedBknW0ryQX3Z5e7tGZg,Blood Bound,HammerFall,2o18h28enlHxj887tATc58,"Chapter V: Unbent, Unbowed, Unbroken",2005-03-04,229.000,False,spotify_artist_monthly_listeners,855521,"855,521",5.932230674393992,,73.33333333333333,top_third_vs_final_balanced,within_final_balanced_high_range,30091.0,4.478139338658135,28.431125585723304,1.454091335735857,,,,spotify_track_api_popularity,,,0,track,2026-07-28T12:06:09+00:00,Aysima Karçaaltıncaba,
recommended,weekly_recommendation,Week2_28July,2,Spotify,User10,10,experiment_results/Week2_28July/Spotify/User10/Week2_User10_spotify_metadata.csv,Week2-User10,3tRVMEaGbAMwXjOETnyCJv,https://open.spotify.com/playlist/3tRVMEaGbAMwXjOETnyCJv,2,5u6vCWUMT8MWQKrDlBu8gQ,https://open.spotify.com/track/5u6vCWUMT8MWQKrDlBu8gQ,Battering Ram,Saxon,71vVmHeNgCVSa5SVmfvscU,Battering Ram,2015-10-16,296.034,False,spotify_artist_monthly_listeners,461715,"461,715",5.664373983954236,,66.66666666666667,middle_third_vs_final_balanced,between_final_balanced_tier_ranges,30091.0,4.478139338658135,15.34395666478349,1.1862346452961008,,,,spotify_track_api_popularity,,,0,track,2026-07-28T12:06:09+00:00,Aysima Karçaaltıncaba,
recommended,weekly_recommendation,Week2_28July,2,Spotify,User10,10,experiment_results/Week2_28July/Spotify/User10/Week2_User10_spotify_metadata.csv,Week2-User10,3tRVMEaGbAMwXjOETnyCJv,https://open.spotify.com/playlist/3tRVMEaGbAMwXjOETnyCJv,3,1IaQLINjiOCSv4INrrv0aS,https://open.spotify.com/track/1IaQLINjiOCSv4INrrv0aS,Unbreakable - Remastered,Stratovarius,1O8CSXsPwEqxcoBE360PPO,Nemesis,2013-02-22,277.546,False,spotify_artist_monthly_listeners,847091,"847,091",5.927930067562097,,73.33333333333333,top_third_vs_final_balanced,within_final_balanced_high_range,30091.0,4.478139338658135,28.150975374696753,1.4497907289039622,,,,spotify_track_api_popularity,,,0,track,2026-07-28T12:06:09+00:00,Aysima Karçaaltıncaba,
recommended,weekly_recommendation,Week2_28July,2,Spotify,User10,10,experiment_results/Week2_28July/Spotify/User10/Week2_User10_spotify_metadata.csv,Week2-User10,3tRVMEaGbAMwXjOETnyCJv,https://open.spotify.com/playlist/3tRVMEaGbAMwXjOETnyCJv,4,1fG6E0ydGzxpyyUcgkfspJ,https://open.spotify.com/track/1fG6E0ydGzxpyyUcgkfspJ,Creatures of the Dark Realm,Bloodbound,6nf7iwR6AoROxfUKZWd1r6,Creatures of the Dark Realm,2021-05-28,248.133,False,spotify_artist_monthly_listeners,295221,"295,221",5.470147246984807,,66.66666666666667,middle_third_vs_final_balanced,between_final_balanced_tier_ranges,30091.0,4.478139338658135,9.810940148217075,0.9920079083266717,,,,spotify_track_api_popularity,,,0,track,2026-07-28T12:06:09+00:00,Aysima Karçaaltıncaba,
recommended,weekly_recommendation,Week2_28July,2,Spotify,User10,10,experiment_results/Week2_28July/Spotify/User10/Week2_User10_spotify_metadata.csv,Week2-User10,3tRVMEaGbAMwXjOETnyCJv,https://open.spotify.com/playlist/3tRVMEaGbAMwXjOETnyCJv,5,7ACH45QQtgGPFzWJbiirXN,https://open.spotify.com/track/7ACH45QQtgGPFzWJbiirXN,Rain of Fury,Rhapsody Of Fire,3IjLXN4eSksdGj8uDE4Jm1,The Eighth Mountain,2019-02-22,249.386,False,spotify_artist_monthly_listeners,241962,"241,962",5.383747165624428,,66.66666666666667,middle_third_vs_final_balanced,between_final_balanced_tier_ranges,30091.0,4.478139338658135,8.041008939550032,0.9056078269662926,,,,spotify_track_api_popularity,,,0,track,2026-07-28T12:06:09+00:00,Aysima Karçaaltıncaba,
recommended,weekly_recommendation,Week2_28July,2,Spotify,User10,10,experiment_results/Week2_28July/Spotify/User10/Week2_User10_spotify_metadata.csv,Week2-User10,3tRVMEaGbAMwXjOETnyCJv,https://open.spotify.com/playlist/3tRVMEaGbAMwXjOETnyCJv,6,4mJmi9z3o1B6k2vry39Ufh,https://open.spotify.com/track/4mJmi9z3o1B6k2vry39Ufh,Heavy Metal Never Dies,Iron Savior,6COmyouHXwCeIGS1IFd1PA,The Landing,2011-11-18,254.386,False,spotify_artist_monthly_listeners,57545,"57,545",4.760007594399437,,56.666666666666664,middle_third_vs_final_balanced,within_final_balanced_middle_range,30091.0,4.478139338658135,1.9123658236682064,0.28186825574130214,,,,spotify_track_api_popularity,,,0,track,2026-07-28T12:06:09+00:00,Aysima Karçaaltıncaba,
recommended,weekly_recommendation,Week2_28July,2,Spotify,User10,10,experiment_results/Week2_28July/Spotify/User10/Week2_User10_spotify_metadata.csv,Week2-User10,3tRVMEaGbAMwXjOETnyCJv,https://open.spotify.com/playlist/3tRVMEaGbAMwXjOETnyCJv,7,4gFhLQA90CAFuS0Ma8aIiX,https://open.spotify.com/track/4gFhLQA90CAFuS0Ma8aIiX,Mirror Mirror - Remastered 2007,Blind Guardian,7jxJ25p0pPjk0MStloN6o6,Nightfall in Middle Earth (Remastered 2007),1998-04-28,306.013,False,spotify_artist_monthly_listeners,598890,"598,890",5.77734706148782,,70.0,top_third_vs_final_balanced,within_final_balanced_high_range,30091.0,4.478139338658135,19.902628692964672,1.299207722829685,,,,spotify_track_api_popularity,,,0,track,2026-07-28T12:06:09+00:00,Aysima Karçaaltıncaba,
recommended,weekly_recommendation,Week2_28July,2,Spotify,User10,10,experiment_results/Week2_28July/Spotify/User10/Week2_User10_spotify_metadata.csv,Week2-User10,3tRVMEaGbAMwXjOETnyCJv,https://open.spotify.com/playlist/3tRVMEaGbAMwXjOETnyCJv,8,68tA0cl2dkuQNOIlr4qnEw,https://open.spotify.com/track/68tA0cl2dkuQNOIlr4qnEw,I Am the Anger,Firewind,70I9vE7YTwKmelfEplXc5r,Burning Earth,2003-01-01,227.826,False,spotify_artist_monthly_listeners,106431,"106,431",5.027068142696396,,60.0,middle_third_vs_final_balanced,within_final_balanced_middle_range,30091.0,4.478139338658135,3.5369711873982252,0.5489288040382609,,,,spotify_track_api_popularity,,,0,track,2026-07-28T12:06:09+00:00,Aysima Karçaaltıncaba,
recommended,weekly_recommendation,Week2_28July,2,Spotify,User10,10,experiment_results/Week2_28July/Spotify/User10/Week2_User10_spotify_metadata.csv,Week2-User10,3tRVMEaGbAMwXjOETnyCJv,https://open.spotify.com/playlist/3tRVMEaGbAMwXjOETnyCJv,9,0XATQ6wedL4bMP2emZNE9F,https://open.spotify.com/track/0XATQ6wedL4bMP2emZNE9F,Slayer Of Light,Ensiferum,0krXCIkthz13P8o0v2tksH,Iron,2008-01-01,190.053,False,spotify_artist_monthly_listeners,191439,"191,439",5.2820304170323755,,63.333333333333336,middle_third_vs_final_balanced,within_final_balanced_middle_range,30091.0,4.478139338658135,6.362001927486624,0.8038910783742406,,,,spotify_track_api_popularity,,,0,track,2026-07-28T12:06:09+00:00,Aysima Karçaaltıncaba,
recommended,weekly_recommendation,Week2_28July,2,Spotify,User10,10,experiment_results/Week2_28July/Spotify/User10/Week2_User10_spotify_metadata.csv,Week2-User10,3tRVMEaGbAMwXjOETnyCJv,https://open.spotify.com/playlist/3tRVMEaGbAMwXjOETnyCJv,10,3hfgxj1PpTUUdgU0P8Nt7e,https://open.spotify.com/track/3hfgxj1PpTUUdgU0P8Nt7e,Down from the Mountain,Allen Lande,2hxa4ytcni5FUIK8IR27tX,The Great Divide,2014-10-17,246.295,False,spotify_artist_monthly_listeners,53580,"53,580",4.72900270927219,,56.666666666666664,middle_third_vs_final_balanced,within_final_balanced_middle_range,30091.0,4.478139338658135,1.7805988501545313,0.25086337061405484,,,,spotify_track_api_popularity,,,0,track,2026-07-28T12:06:09+00:00,Aysima Karçaaltıncaba,
recommended,weekly_recommendation,Week2_28July,2,Spotify,User10,10,experiment_results/Week2_28July/Spotify/User10/Week2_User10_spotify_metadata.csv,Week2-User10,3tRVMEaGbAMwXjOETnyCJv,https://open.spotify.com/playlist/3tRVMEaGbAMwXjOETnyCJv,11,7kYViSgnPLFm4TPPfWedz3,https://open.spotify.com/track/7kYViSgnPLFm4TPPfWedz3,Exceptional,Unisonic,3DDcmHnwKjM4sQ8qm34JMU,Light of Dawn,2014-08-01,302.480,False,spotify_artist_monthly_listeners,28744,"28,744",4.458547204196593,,46.666666666666664,middle_third_vs_final_balanced,within_final_balanced_middle_range,30091.0,4.478139338658135,0.9552357847861487,-0.019592134461541733,,,,spotify_track_api_popularity,,,0,track,2026-07-28T12:06:09+00:00,Aysima Karçaaltıncaba,
recommended,weekly_recommendation,Week2_28July,2,Spotify,User10,10,experiment_results/Week2_28July/Spotify/User10/Week2_User10_spotify_metadata.csv,Week2-User10,3tRVMEaGbAMwXjOETnyCJv,https://open.spotify.com/playlist/3tRVMEaGbAMwXjOETnyCJv,12,4j5ngznFVuuM7pt0fh0ZCC,https://open.spotify.com/track/4j5ngznFVuuM7pt0fh0ZCC,I Want Out,Sonata Arctica,5YeoQ1L71cXDMpSpqxOjfH,Takatalvi,2009-01-01,230.506,False,spotify_artist_monthly_listeners,448353,"448,353",5.651620080036942,,66.66666666666667,middle_third_vs_final_balanced,between_final_balanced_tier_ranges,30091.0,4.478139338658135,14.899903625668804,1.1734807413788069,,,,spotify_track_api_popularity,,,0,track,2026-07-28T12:06:09+00:00,Aysima Karçaaltıncaba,
recommended,weekly_recommendation,Week2_28July,2,Spotify,User10,10,experiment_results/Week2_28July/Spotify/User10/Week2_User10_spotify_metadata.csv,Week2-User10,3tRVMEaGbAMwXjOETnyCJv,https://open.spotify.com/playlist/3tRVMEaGbAMwXjOETnyCJv,13,15Fa3UlpypQFGufAhWRIT5,https://open.spotify.com/track/15Fa3UlpypQFGufAhWRIT5,Nabataea - Remastered 2020,Helloween,4pQN0GB0fNEEOfQCaWotsY,Straight out of Hell (Remastered 2020),2013-01-22,422.600,False,spotify_artist_monthly_listeners,1431600,"1,431,600",6.155821689717967,,80.0,top_third_vs_final_balanced,within_final_balanced_high_range,30091.0,4.478139338658135,47.57568708251637,1.6776823510598318,,,,spotify_track_api_popularity,,,0,track,2026-07-28T12:06:09+00:00,Aysima Karçaaltıncaba,
recommended,weekly_recommendation,Week2_28July,2,Spotify,User10,10,experiment_results/Week2_28July/Spotify/User10/Week2_User10_spotify_metadata.csv,Week2-User10,3tRVMEaGbAMwXjOETnyCJv,https://open.spotify.com/playlist/3tRVMEaGbAMwXjOETnyCJv,14,4wEtmW6jIuPQ8NTYHbkOGm,https://open.spotify.com/track/4wEtmW6jIuPQ8NTYHbkOGm,King of Fools,Edguy,3AGFqPP3gt5rMSvhR87Xxu,The Singles,2008-11-14,215.320,False,spotify_artist_monthly_listeners,290291,"290,291",5.462833571446806,,66.66666666666667,middle_third_vs_final_balanced,between_final_balanced_tier_ranges,30091.0,4.478139338658135,9.647103785184939,0.9846942327886712,,,,spotify_track_api_popularity,,,0,track,2026-07-28T12:06:09+00:00,Aysima Karçaaltıncaba,
recommended,weekly_recommendation,Week2_28July,2,Spotify,User10,10,experiment_results/Week2_28July/Spotify/User10/Week2_User10_spotify_metadata.csv,Week2-User10,3tRVMEaGbAMwXjOETnyCJv,https://open.spotify.com/playlist/3tRVMEaGbAMwXjOETnyCJv,15,09OnB8xeghs8FRnu4dJKmU,https://open.spotify.com/track/09OnB8xeghs8FRnu4dJKmU,Still Alive,Nocturnal Rites,0dSoaJ8iEP3aid30p18O2g,Grand Illusion,2006-07-13,242.626,False,spotify_artist_monthly_listeners,25395,"25,395",4.404748217164617,,40.0,middle_third_vs_final_balanced,within_final_balanced_middle_range,30091.0,4.478139338658135,0.8439400485194909,-0.07339112149351834,,,,spotify_track_api_popularity,,,0,track,2026-07-28T12:06:09+00:00,Aysima Karçaaltıncaba,
recommended,weekly_recommendation,Week2_28July,2,Spotify,User10,10,experiment_results/Week2_28July/Spotify/User10/Week2_User10_spotify_metadata.csv,Week2-User10,3tRVMEaGbAMwXjOETnyCJv,https://open.spotify.com/playlist/3tRVMEaGbAMwXjOETnyCJv,16,19zT5M46RioXTv0PzU22Hb,https://open.spotify.com/track/19zT5M46RioXTv0PzU22Hb,The Way of Vikings,Amon Amarth,3pulcT2wt7FEG10lQlqDJL,Jomsviking,2016-03-25,311.320,False,spotify_artist_monthly_listeners,1132677,"1,132,677",6.054106081869729,,73.33333333333333,top_third_vs_final_balanced,within_final_balanced_high_range,30091.0,4.478139338658135,37.6417201156492,1.5759667432115938,,,,spotify_track_api_popularity,,,0,track,2026-07-28T12:06:09+00:00,Aysima Karçaaltıncaba,
recommended,weekly_recommendation,Week2_28July,2,Spotify,User10,10,experiment_results/Week2_28July/Spotify/User10/Week2_User10_spotify_metadata.csv,Week2-User10,3tRVMEaGbAMwXjOETnyCJv,https://open.spotify.com/playlist/3tRVMEaGbAMwXjOETnyCJv,17,0XDbyUyp6PgCbbjjNEeRwx,https://open.spotify.com/track/0XDbyUyp6PgCbbjjNEeRwx,The Evil Kin,Kalmah,2YPVtFn6SsYNntkmrdDpGF,Palo,2018-06-04,255.240,False,spotify_artist_monthly_listeners,75519,"75,519",4.878056230530515,,60.0,middle_third_vs_final_balanced,within_final_balanced_middle_range,30091.0,4.478139338658135,2.509687281911535,0.39991689187237967,,,,spotify_track_api_popularity,,,0,track,2026-07-28T12:06:09+00:00,Aysima Karçaaltıncaba,
recommended,weekly_recommendation,Week2_28July,2,Spotify,User10,10,experiment_results/Week2_28July/Spotify/User10/Week2_User10_spotify_metadata.csv,Week2-User10,3tRVMEaGbAMwXjOETnyCJv,https://open.spotify.com/playlist/3tRVMEaGbAMwXjOETnyCJv,18,5LweWeDCVPKs8j3wYmYtmE,https://open.spotify.com/track/5LweWeDCVPKs8j3wYmYtmE,It's a Sin,Gamma Ray,6LZE884lDIsCSLHuTplfGp,Power Plant,1999-03-29,298.626,False,spotify_artist_monthly_listeners,168685,"168,685",5.227076465476729,,63.333333333333336,middle_third_vs_final_balanced,within_final_balanced_middle_range,30091.0,4.478139338658135,5.60582898541092,0.7489371268185945,,,,spotify_track_api_popularity,,,0,track,2026-07-28T12:06:09+00:00,Aysima Karçaaltıncaba,
recommended,weekly_recommendation,Week2_28July,2,Spotify,User10,10,experiment_results/Week2_28July/Spotify/User10/Week2_User10_spotify_metadata.csv,Week2-User10,3tRVMEaGbAMwXjOETnyCJv,https://open.spotify.com/playlist/3tRVMEaGbAMwXjOETnyCJv,19,2sTY4LYxBBf3FhetMRGh2H,https://open.spotify.com/track/2sTY4LYxBBf3FhetMRGh2H,Desecrator,Ambush,5ZnuwxU3BQDmhQSdZO743a,Desecrator,2015-10-30,247.541,False,spotify_artist_monthly_listeners,30871,"30,871",4.48955069775057,,50.0,middle_third_vs_final_balanced,within_final_balanced_middle_range,30091.0,4.478139338658135,1.0259213718387559,0.011411359092434736,,,,spotify_track_api_popularity,,,0,track,2026-07-28T12:06:09+00:00,Aysima Karçaaltıncaba,
recommended,weekly_recommendation,Week2_28July,2,Spotify,User10,10,experiment_results/Week2_28July/Spotify/User10/Week2_User10_spotify_metadata.csv,Week2-User10,3tRVMEaGbAMwXjOETnyCJv,https://open.spotify.com/playlist/3tRVMEaGbAMwXjOETnyCJv,20,6ppTuqLIPRDXTGda4qPwVd,https://open.spotify.com/track/6ppTuqLIPRDXTGda4qPwVd,Let the Gods Decide,Manowar,4CzUzn54Cp9TQr6a7JIlMZ,Thunder in the Sky,2009-07-17,219.000,False,spotify_artist_monthly_listeners,1037930,"1,037,930",6.016168064843028,,73.33333333333333,top_third_vs_final_balanced,within_final_balanced_high_range,30091.0,4.478139338658135,34.49303778538433,1.5380287261848933,,,,spotify_track_api_popularity,,,0,track,2026-07-28T12:06:09+00:00,Aysima Karçaaltıncaba,
recommended,weekly_recommendation,Week2_28July,2,Spotify,User10,10,experiment_results/Week2_28July/Spotify/User10/Week2_User10_spotify_metadata.csv,Week2-User10,3tRVMEaGbAMwXjOETnyCJv,https://open.spotify.com/playlist/3tRVMEaGbAMwXjOETnyCJv,21,0V2Jge35CQn1Hc9hNBmdbm,https://open.spotify.com/track/0V2Jge35CQn1Hc9hNBmdbm,The End Is Near,Primal Fear,1yfiDL3YUEJlQCgb5Pun6g,Rulebreaker,2016-01-29,266.964,False,spotify_artist_monthly_listeners,104665,"104,665",5.0198014777812645,,60.0,middle_third_vs_final_balanced,within_final_balanced_middle_range,30091.0,4.478139338658135,3.4782825429530426,0.5416621391231295,,,,spotify_track_api_popularity,,,0,track,2026-07-28T12:06:09+00:00,Aysima Karçaaltıncaba,
recommended,weekly_recommendation,Week2_28July,2,Spotify,User10,10,experiment_results/Week2_28July/Spotify/User10/Week2_User10_spotify_metadata.csv,Week2-User10,3tRVMEaGbAMwXjOETnyCJv,https://open.spotify.com/playlist/3tRVMEaGbAMwXjOETnyCJv,22,7vvbcPlj9bCOyx0gAmESg2,https://open.spotify.com/track/7vvbcPlj9bCOyx0gAmESg2,Holy Thunderforce,Rhapsody,0zQfrabOFYf36Ikb6PXcCY,Dawn of Victory,2000,261.746,False,spotify_artist_monthly_listeners,368456,"368,456",5.566385633041399,,66.66666666666667,middle_third_vs_final_balanced,between_final_balanced_tier_ranges,30091.0,4.478139338658135,12.244724336180253,1.0882462943832643,,,,spotify_track_api_popularity,,,0,track,2026-07-28T12:06:09+00:00,Aysima Karçaaltıncaba,
recommended,weekly_recommendation,Week2_28July,2,Spotify,User10,10,experiment_results/Week2_28July/Spotify/User10/Week2_User10_spotify_metadata.csv,Week2-User10,3tRVMEaGbAMwXjOETnyCJv,https://open.spotify.com/playlist/3tRVMEaGbAMwXjOETnyCJv,23,73k60UciuH1K0HusB2ixSQ,https://open.spotify.com/track/73k60UciuH1K0HusB2ixSQ,The Wingman,Excalion,72AisxxoPQu3Q0K5UgvQew,Waterlines,2007,237.773,False,spotify_artist_monthly_listeners,16435,"16,435",4.2157697084176435,,36.666666666666664,middle_third_vs_final_balanced,within_final_balanced_middle_range,30091.0,4.478139338658135,0.5461765976537836,-0.2623696302404914,,,,spotify_track_api_popularity,,,0,track,2026-07-28T12:06:09+00:00,Aysima Karçaaltıncaba,
recommended,weekly_recommendation,Week2_28July,2,Spotify,User10,10,experiment_results/Week2_28July/Spotify/User10/Week2_User10_spotify_metadata.csv,Week2-User10,3tRVMEaGbAMwXjOETnyCJv,https://open.spotify.com/playlist/3tRVMEaGbAMwXjOETnyCJv,24,2WUQqjjz0v0J9oz7Zkvztm,https://open.spotify.com/track/2WUQqjjz0v0J9oz7Zkvztm,Nightchild,Sabaton,3o2dn2O0FCVsWDFSh8qxgG,Attero Dominatus (Re-Armed),2010-09-24,312.813,False,spotify_artist_monthly_listeners,3096823,"3,096,823",6.4909163838133495,,90.0,top_third_vs_final_balanced,within_final_balanced_high_range,30091.0,4.478139338658135,102.91525705360407,2.0127770451552145,,,,spotify_track_api_popularity,,,0,track,2026-07-28T12:06:09+00:00,Aysima Karçaaltıncaba,
recommended,weekly_recommendation,Week2_28July,2,Spotify,User10,10,experiment_results/Week2_28July/Spotify/User10/Week2_User10_spotify_metadata.csv,Week2-User10,3tRVMEaGbAMwXjOETnyCJv,https://open.spotify.com/playlist/3tRVMEaGbAMwXjOETnyCJv,25,4KS0wEQgZJjchHwYPch1OA,https://open.spotify.com/track/4KS0wEQgZJjchHwYPch1OA,I Walk Alone,Jorn,5SaDyTQkjAAdrsmhPzrmw2,Spirit Black,2009-06-05,267.880,False,spotify_artist_monthly_listeners,271120,"271,120",5.433161555829322,,66.66666666666667,middle_third_vs_final_balanced,between_final_balanced_tier_ranges,30091.0,4.478139338658135,9.01000299092752,0.9550222171711873,,,,spotify_track_api_popularity,,,0,track,2026-07-28T12:06:09+00:00,Aysima Karçaaltıncaba,
recommended,weekly_recommendation,Week2_28July,2,Spotify,User10,10,experiment_results/Week2_28July/Spotify/User10/Week2_User10_spotify_metadata.csv,Week2-User10,3tRVMEaGbAMwXjOETnyCJv,https://open.spotify.com/playlist/3tRVMEaGbAMwXjOETnyCJv,26,7xdG0jGbG8rJ2G5CRcQlve,https://open.spotify.com/track/7xdG0jGbG8rJ2G5CRcQlve,Fail No More,Frozen Crown,6hbGneO1qRnmz6xflK4n8E,The Fallen King,2018-02-09,249.933,False,spotify_artist_monthly_listeners,64254,"64,254",4.80790016895048,,56.666666666666664,middle_third_vs_final_balanced,within_final_balanced_middle_range,30091.0,4.478139338658135,2.1353228540095044,0.3297608302923454,,,,spotify_track_api_popularity,,,0,track,2026-07-28T12:06:09+00:00,Aysima Karçaaltıncaba,
recommended,weekly_recommendation,Week2_28July,2,Spotify,User10,10,experiment_results/Week2_28July/Spotify/User10/Week2_User10_spotify_metadata.csv,Week2-User10,3tRVMEaGbAMwXjOETnyCJv,https://open.spotify.com/playlist/3tRVMEaGbAMwXjOETnyCJv,27,2rV29Dueq15Cq4IyFgINDL,https://open.spotify.com/track/2rV29Dueq15Cq4IyFgINDL,Set This World on Fire,Rage,5TJVsWPUaJxBxWfVZQEt2x,Unity,2002-03-13,306.146,False,spotify_artist_monthly_listeners,91618,"91,618",4.961980806994264,,60.0,middle_third_vs_final_balanced,within_final_balanced_middle_range,30091.0,4.478139338658135,3.0446977501578547,0.48384146833612895,,,,spotify_track_api_popularity,,,0,track,2026-07-28T12:06:09+00:00,Aysima Karçaaltıncaba,
recommended,weekly_recommendation,Week2_28July,2,Spotify,User10,10,experiment_results/Week2_28July/Spotify/User10/Week2_User10_spotify_metadata.csv,Week2-User10,3tRVMEaGbAMwXjOETnyCJv,https://open.spotify.com/playlist/3tRVMEaGbAMwXjOETnyCJv,28,6s4YFRwPbTT0yJ8jD8GZy0,https://open.spotify.com/track/6s4YFRwPbTT0yJ8jD8GZy0,Iron Hand,Battle Beast,7k5jeohQCF20a8foBD9ize,Steel,2012-01-27,244.146,False,spotify_artist_monthly_listeners,585098,"585,098",5.767228613594485,,70.0,top_third_vs_final_balanced,within_final_balanced_high_range,30091.0,4.478139338658135,19.444285666810675,1.2890892749363498,,,,spotify_track_api_popularity,,,0,track,2026-07-28T12:06:09+00:00,Aysima Karçaaltıncaba,
recommended,weekly_recommendation,Week2_28July,2,Spotify,User10,10,experiment_results/Week2_28July/Spotify/User10/Week2_User10_spotify_metadata.csv,Week2-User10,3tRVMEaGbAMwXjOETnyCJv,https://open.spotify.com/playlist/3tRVMEaGbAMwXjOETnyCJv,29,1BaJ4KLFgnveSRGKBwRWve,https://open.spotify.com/track/1BaJ4KLFgnveSRGKBwRWve,Heroes,Masterplan,1OHNvr18TssBKYK0A75yvx,Masterplan,2003-01-20,213.573,False,spotify_artist_monthly_listeners,182302,"182,302",5.260791433241916,,63.333333333333336,middle_third_vs_final_balanced,within_final_balanced_middle_range,30091.0,4.478139338658135,6.058356319165199,0.7826520945837814,,,,spotify_track_api_popularity,,,0,track,2026-07-28T12:06:09+00:00,Aysima Karçaaltıncaba,
recommended,weekly_recommendation,Week2_28July,2,Spotify,User10,10,experiment_results/Week2_28July/Spotify/User10/Week2_User10_spotify_metadata.csv,Week2-User10,3tRVMEaGbAMwXjOETnyCJv,https://open.spotify.com/playlist/3tRVMEaGbAMwXjOETnyCJv,30,5IF7E1KDhfYaucurjPSTLJ,https://open.spotify.com/track/5IF7E1KDhfYaucurjPSTLJ,In Flames You Burn,Dream Evil,1bkf8u8ot6vEpWTJFBzKZB,Dragonslayer,2002-07-13,274.373,False,spotify_artist_monthly_listeners,167278,"167,278",5.223438827352918,,63.333333333333336,middle_third_vs_final_balanced,within_final_balanced_middle_range,30091.0,4.478139338658135,5.5590708185171644,0.7452994886947835,,,,spotify_track_api_popularity,,,0,track,2026-07-28T12:06:09+00:00,Aysima Karçaaltıncaba,
recommended,weekly_recommendation,Week2_28July,2,Youtube,User1,1,experiment_results/Week2_28July/Youtube/User1/Week1_User1_28.07.csv,Discover Mix,RDTMAK5uy_n_5IN6hzAOwdCnM8D8rzrs3vDl12UcZpA,https://music.youtube.com/playlist?list=RDTMAK5uy_n_5IN6hzAOwdCnM8D8rzrs3vDl12UcZpA,1,3mbvWn1EY6g,https://music.youtube.com/watch?v=3mbvWn1EY6g,Ace of Spades,Motörhead,UC29TwdZt2GUC-AqbhFs_uSA,,2020-10-27T08:00:09-07:00,165,False,youtube_video_view_count,68906089,68906089,7.8382576007502625,High,100.0,top_third_vs_final_balanced,above_final_balanced_max,65199.0,4.814219747922499,1056.8580653077502,3.024037852827764,,,,youtube_artist_subscribers,954000,954K,249,MUSIC_VIDEO_TYPE_OMV,2026-07-28T18:08:23+00:00,user_01,missing album browse id
recommended,weekly_recommendation,Week2_28July,2,Youtube,User1,1,experiment_results/Week2_28July/Youtube/User1/Week1_User1_28.07.csv,Discover Mix,RDTMAK5uy_n_5IN6hzAOwdCnM8D8rzrs3vDl12UcZpA,https://music.youtube.com/playlist?list=RDTMAK5uy_n_5IN6hzAOwdCnM8D8rzrs3vDl12UcZpA,2,Kf66Hja5PMA,https://music.youtube.com/watch?v=Kf66Hja5PMA,Trial By The Archon,Blind Guardian,UCevshEcA1yKVc0uucxo4dfg,Battalions Of Fear,2014-11-07T13:04:50-08:00,105,False,youtube_video_view_count,89805,89805,4.953300517201366,Middle,53.333333333333336,middle_third_vs_final_balanced,within_final_balanced_middle_range,65199.0,4.814219747922499,1.3773984263562324,0.13908076927886714,,,,youtube_artist_subscribers,202000,202K,97,MUSIC_VIDEO_TYPE_ATV,2026-07-28T18:08:23+00:00,user_01,
recommended,weekly_recommendation,Week2_28July,2,Youtube,User1,1,experiment_results/Week2_28July/Youtube/User1/Week1_User1_28.07.csv,Discover Mix,RDTMAK5uy_n_5IN6hzAOwdCnM8D8rzrs3vDl12UcZpA,https://music.youtube.com/playlist?list=RDTMAK5uy_n_5IN6hzAOwdCnM8D8rzrs3vDl12UcZpA,3,htKY2oD85rs,https://music.youtube.com/watch?v=htKY2oD85rs,Hearts On Fire,Hammerfall,UCOspMA8k5GDzhPH7EsZ_IwQ,,2008-05-13T04:50:17-07:00,232,False,youtube_video_view_count,37181869,37181869,7.5703312164198975,High,100.0,top_third_vs_final_balanced,above_final_balanced_max,65199.0,4.814219747922499,570.2828110860596,2.756111468497399,,,,youtube_artist_subscribers,108000,108K,249,MUSIC_VIDEO_TYPE_OMV,2026-07-28T18:08:23+00:00,user_01,missing album browse id
recommended,weekly_recommendation,Week2_28July,2,Youtube,User1,1,experiment_results/Week2_28July/Youtube/User1/Week1_User1_28.07.csv,Discover Mix,RDTMAK5uy_n_5IN6hzAOwdCnM8D8rzrs3vDl12UcZpA,https://music.youtube.com/playlist?list=RDTMAK5uy_n_5IN6hzAOwdCnM8D8rzrs3vDl12UcZpA,4,_KEEWfbC81g,https://music.youtube.com/watch?v=_KEEWfbC81g,Battle of Life,Napalm Records,UCG7AaCh_CiG6pq_rRDNw72A,,2022-05-11T05:00:16-07:00,242,False,youtube_video_view_count,140763,140763,5.148488514127646,Middle,56.666666666666664,middle_third_vs_final_balanced,within_final_balanced_middle_range,65199.0,4.814219747922499,2.1589748309023142,0.3342687662051471,,,,youtube_artist_subscribers,,,249,MUSIC_VIDEO_TYPE_OMV,2026-07-28T18:08:23+00:00,user_01,'musicImmersiveHeaderRenderer'
recommended,weekly_recommendation,Week2_28July,2,Youtube,User1,1,experiment_results/Week2_28July/Youtube/User1/Week1_User1_28.07.csv,Discover Mix,RDTMAK5uy_n_5IN6hzAOwdCnM8D8rzrs3vDl12UcZpA,https://music.youtube.com/playlist?list=RDTMAK5uy_n_5IN6hzAOwdCnM8D8rzrs3vDl12UcZpA,5,UQ4uyq3GU1w,https://music.youtube.com/watch?v=UQ4uyq3GU1w,Heartless Madness,Dynazty,UC1_8sQRmjjw7YI2Bk-Kr_tA,,2020-02-28T03:02:07-08:00,249,False,youtube_video_view_count,6317343,6317343,6.800534457543924,High,93.33333333333333,top_third_vs_final_balanced,within_final_balanced_high_range,65199.0,4.814219747922499,96.8932498964708,1.9863147096214258,,,,youtube_artist_subscribers,42100,42.1K,249,MUSIC_VIDEO_TYPE_OMV,2026-07-28T18:08:23+00:00,user_01,missing album browse id
recommended,weekly_recommendation,Week2_28July,2,Youtube,User1,1,experiment_results/Week2_28July/Youtube/User1/Week1_User1_28.07.csv,Discover Mix,RDTMAK5uy_n_5IN6hzAOwdCnM8D8rzrs3vDl12UcZpA,https://music.youtube.com/playlist?list=RDTMAK5uy_n_5IN6hzAOwdCnM8D8rzrs3vDl12UcZpA,6,qVgj-d5TXrk,https://music.youtube.com/watch?v=qVgj-d5TXrk,Nuclear Fire,Primal Fear,UCnksEYBV7qSwUIhTQR_ZGUw,Nuclear Fire,2024-10-31T03:01:15-07:00,264,False,youtube_video_view_count,86450,86450,4.9367649976099415,Middle,53.333333333333336,middle_third_vs_final_balanced,within_final_balanced_middle_range,65199.0,4.814219747922499,1.3259405819107655,0.12254524968744285,,,,youtube_artist_subscribers,25200,25.2K,122,MUSIC_VIDEO_TYPE_ATV,2026-07-28T18:08:23+00:00,user_01,
recommended,weekly_recommendation,Week2_28July,2,Youtube,User1,1,experiment_results/Week2_28July/Youtube/User1/Week1_User1_28.07.csv,Discover Mix,RDTMAK5uy_n_5IN6hzAOwdCnM8D8rzrs3vDl12UcZpA,https://music.youtube.com/playlist?list=RDTMAK5uy_n_5IN6hzAOwdCnM8D8rzrs3vDl12UcZpA,7,dLbcipFIQAU,https://music.youtube.com/watch?v=dLbcipFIQAU,POWERWOLF - Venom Of Venus (Official Lyric Video),Powerwolf,UC9LO_ioQYQay7CrsbacNqBQ,,2021-02-21T07:59:43-08:00,208,False,youtube_video_view_count,7496574,7496574,6.874862832347265,High,93.33333333333333,top_third_vs_final_balanced,within_final_balanced_high_range,65199.0,4.814219747922499,114.97989232963695,2.0606430844247665,,,,youtube_artist_subscribers,435000,435K,249,MUSIC_VIDEO_TYPE_OMV,2026-07-28T18:08:23+00:00,user_01,missing album browse id
recommended,weekly_recommendation,Week2_28July,2,Youtube,User1,1,experiment_results/Week2_28July/Youtube/User1/Week1_User1_28.07.csv,Discover Mix,RDTMAK5uy_n_5IN6hzAOwdCnM8D8rzrs3vDl12UcZpA,https://music.youtube.com/playlist?list=RDTMAK5uy_n_5IN6hzAOwdCnM8D8rzrs3vDl12UcZpA,8,6TW5bCmNxgg,https://music.youtube.com/watch?v=6TW5bCmNxgg,Cthulhu,Grailknights,UCpQ0yahMIrWs5U_J_QkWQlw,Knightfall,2019-06-30T03:52:57-07:00,212,False,youtube_video_view_count,1676359,1676359,6.224367030417889,High,76.66666666666667,top_third_vs_final_balanced,within_final_balanced_high_range,65199.0,4.814219747922499,25.711421954324454,1.41014728249539,,,,youtube_artist_subscribers,20000,20K,249,MUSIC_VIDEO_TYPE_ATV,2026-07-28T18:08:23+00:00,user_01,
recommended,weekly_recommendation,Week2_28July,2,Youtube,User1,1,experiment_results/Week2_28July/Youtube/User1/Week1_User1_28.07.csv,Discover Mix,RDTMAK5uy_n_5IN6hzAOwdCnM8D8rzrs3vDl12UcZpA,https://music.youtube.com/playlist?list=RDTMAK5uy_n_5IN6hzAOwdCnM8D8rzrs3vDl12UcZpA,9,DF3ejxcFhoc,https://music.youtube.com/watch?v=DF3ejxcFhoc,Tears of a Dragonheart,Bloodbound,UCMdFBg2b49RBAUr5XZxkArA,War of Dragons,2017-02-23T02:15:03-08:00,230,False,youtube_video_view_count,2028465,2028465,6.307167518602829,High,76.66666666666667,top_third_vs_final_balanced,within_final_balanced_high_range,65199.0,4.814219747922499,31.111903556803018,1.4929477706803302,,,,youtube_artist_subscribers,18000,18K,248,MUSIC_VIDEO_TYPE_ATV,2026-07-28T18:08:23+00:00,user_01,
recommended,weekly_recommendation,Week2_28July,2,Youtube,User1,1,experiment_results/Week2_28July/Youtube/User1/Week1_User1_28.07.csv,Discover Mix,RDTMAK5uy_n_5IN6hzAOwdCnM8D8rzrs3vDl12UcZpA,https://music.youtube.com/playlist?list=RDTMAK5uy_n_5IN6hzAOwdCnM8D8rzrs3vDl12UcZpA,10,TEJJSeQm49c,https://music.youtube.com/watch?v=TEJJSeQm49c,Circle of Stone,Blaze Bayley,UCFWnaaPfunkgp49YYWhfBpw,,2024-01-10T23:03:21-08:00,212,False,youtube_video_view_count,284232,284232,5.453672970991441,Buffer,66.66666666666667,middle_third_vs_final_balanced,between_final_balanced_tier_ranges,65199.0,4.814219747922499,4.35945336584917,0.6394532230689425,,,,youtube_artist_subscribers,4360,4.36K,249,MUSIC_VIDEO_TYPE_OMV,2026-07-28T18:08:23+00:00,user_01,missing album browse id
recommended,weekly_recommendation,Week2_28July,2,Youtube,User1,1,experiment_results/Week2_28July/Youtube/User1/Week1_User1_28.07.csv,Discover Mix,RDTMAK5uy_n_5IN6hzAOwdCnM8D8rzrs3vDl12UcZpA,https://music.youtube.com/playlist?list=RDTMAK5uy_n_5IN6hzAOwdCnM8D8rzrs3vDl12UcZpA,11,NTwvcSSAjGg,https://music.youtube.com/watch?v=NTwvcSSAjGg,My Heart Is Crying,Dionysus,UClJbvcY5lO1aJo2Q3SqjvlQ,Anima Mundi,2015-01-19T21:25:11-08:00,302,False,youtube_video_view_count,205618,205618,5.313061130549392,Middle,66.66666666666667,middle_third_vs_final_balanced,between_final_balanced_tier_ranges,65199.0,4.814219747922499,3.153698676360067,0.49884138262689337,,,,youtube_artist_subscribers,3940,3.94K,249,MUSIC_VIDEO_TYPE_ATV,2026-07-28T18:08:23+00:00,user_01,
recommended,weekly_recommendation,Week2_28July,2,Youtube,User1,1,experiment_results/Week2_28July/Youtube/User1/Week1_User1_28.07.csv,Discover Mix,RDTMAK5uy_n_5IN6hzAOwdCnM8D8rzrs3vDl12UcZpA,https://music.youtube.com/playlist?list=RDTMAK5uy_n_5IN6hzAOwdCnM8D8rzrs3vDl12UcZpA,12,RHYUobknHQY,https://music.youtube.com/watch?v=RHYUobknHQY,Ride of the Valkyries,Brothers of Metal,UC7apj1hieWRm-ji4_Umt2GA,Emblas Saga,2020-01-09T02:01:14-08:00,207,False,youtube_video_view_count,8915166,8915166,6.9501294341308695,High,93.33333333333333,top_third_vs_final_balanced,within_final_balanced_high_range,65199.0,4.814219747922499,136.7377720517186,2.135909686208371,,,,youtube_artist_subscribers,105000,105K,249,MUSIC_VIDEO_TYPE_ATV,2026-07-28T18:08:23+00:00,user_01,
recommended,weekly_recommendation,Week2_28July,2,Youtube,User1,1,experiment_results/Week2_28July/Youtube/User1/Week1_User1_28.07.csv,Discover Mix,RDTMAK5uy_n_5IN6hzAOwdCnM8D8rzrs3vDl12UcZpA,https://music.youtube.com/playlist?list=RDTMAK5uy_n_5IN6hzAOwdCnM8D8rzrs3vDl12UcZpA,13,-vea3oxN8YE,https://music.youtube.com/watch?v=-vea3oxN8YE,Rise of the Chaos Wizards,Gloryhammer,UCPGTSBEsBiITt6ZaniWufag,Space 1992: Rise of the Chaos Wizards,2017-11-27T10:29:03-08:00,238,False,youtube_video_view_count,1662562,1662562,6.220777849918485,High,76.66666666666667,top_third_vs_final_balanced,within_final_balanced_high_range,65199.0,4.814219747922499,25.499808279268088,1.4065581019959863,,,,youtube_artist_subscribers,52700,52.7K,122,MUSIC_VIDEO_TYPE_ATV,2026-07-28T18:08:23+00:00,user_01,
recommended,weekly_recommendation,Week2_28July,2,Youtube,User1,1,experiment_results/Week2_28July/Youtube/User1/Week1_User1_28.07.csv,Discover Mix,RDTMAK5uy_n_5IN6hzAOwdCnM8D8rzrs3vDl12UcZpA,https://music.youtube.com/playlist?list=RDTMAK5uy_n_5IN6hzAOwdCnM8D8rzrs3vDl12UcZpA,14,C8lp7c4qBeo,https://music.youtube.com/watch?v=C8lp7c4qBeo,Heavy Metal Never Dies (Remixed & Remastered),Iron Savior,UCTEWI_aTHUGJW8vSs96RUBQ,,2022-03-23T05:54:20-07:00,257,False,youtube_video_view_count,473986,473986,5.675765514221471,Buffer,66.66666666666667,middle_third_vs_final_balanced,between_final_balanced_tier_ranges,65199.0,4.814219747922499,7.269835426923726,0.8615457662989723,,,,youtube_artist_subscribers,9060,9.06K,249,MUSIC_VIDEO_TYPE_OMV,2026-07-28T18:08:23+00:00,user_01,missing album browse id
recommended,weekly_recommendation,Week2_28July,2,Youtube,User1,1,experiment_results/Week2_28July/Youtube/User1/Week1_User1_28.07.csv,Discover Mix,RDTMAK5uy_n_5IN6hzAOwdCnM8D8rzrs3vDl12UcZpA,https://music.youtube.com/playlist?list=RDTMAK5uy_n_5IN6hzAOwdCnM8D8rzrs3vDl12UcZpA,15,iTUx86C7DwU,https://music.youtube.com/watch?v=iTUx86C7DwU,Merciless Times,Myrath,UCQwuWn3vcj96d7gOkax5qbQ,,2011-10-04T10:06:48-07:00,211,False,youtube_video_view_count,959650,959650,5.982112867639261,Buffer,66.66666666666667,middle_third_vs_final_balanced,between_final_balanced_tier_ranges,65199.0,4.814219747922499,14.718784030429914,1.1678931197167621,,,,youtube_artist_subscribers,51100,51.1K,249,MUSIC_VIDEO_TYPE_OMV,2026-07-28T18:08:23+00:00,user_01,missing album browse id
recommended,weekly_recommendation,Week2_28July,2,Youtube,User1,1,experiment_results/Week2_28July/Youtube/User1/Week1_User1_28.07.csv,Discover Mix,RDTMAK5uy_n_5IN6hzAOwdCnM8D8rzrs3vDl12UcZpA,https://music.youtube.com/playlist?list=RDTMAK5uy_n_5IN6hzAOwdCnM8D8rzrs3vDl12UcZpA,16,dRD8JHLoRyQ,https://music.youtube.com/watch?v=dRD8JHLoRyQ,Still Alive,Nocturnal Rites,UC9mSKsy3mVrGpDseXGKVtew,Grand Illusion,2017-08-15T09:03:34-07:00,243,False,youtube_video_view_count,164957,164957,5.2173707496896045,Middle,60.0,middle_third_vs_final_balanced,within_final_balanced_middle_range,65199.0,4.814219747922499,2.5300541419346922,0.40315100176710583,,,,youtube_artist_subscribers,4180,4.18K,123,MUSIC_VIDEO_TYPE_ATV,2026-07-28T18:08:23+00:00,user_01,
recommended,weekly_recommendation,Week2_28July,2,Youtube,User1,1,experiment_results/Week2_28July/Youtube/User1/Week1_User1_28.07.csv,Discover Mix,RDTMAK5uy_n_5IN6hzAOwdCnM8D8rzrs3vDl12UcZpA,https://music.youtube.com/playlist?list=RDTMAK5uy_n_5IN6hzAOwdCnM8D8rzrs3vDl12UcZpA,17,BplgH8XSqs0,https://music.youtube.com/watch?v=BplgH8XSqs0,Heroes,Masterplan,UCQm2l9VFAwCEMR2zydt9y6w,Masterplan,2015-01-18T19:03:42-08:00,214,False,youtube_video_view_count,1126503,1126503,6.051732352634826,Buffer,66.66666666666667,middle_third_vs_final_balanced,between_final_balanced_tier_ranges,65199.0,4.814219747922499,17.27791837298118,1.237512604712327,,,,youtube_artist_subscribers,10100,10.1K,249,MUSIC_VIDEO_TYPE_ATV,2026-07-28T18:08:23+00:00,user_01,
recommended,weekly_recommendation,Week2_28July,2,Youtube,User1,1,experiment_results/Week2_28July/Youtube/User1/Week1_User1_28.07.csv,Discover Mix,RDTMAK5uy_n_5IN6hzAOwdCnM8D8rzrs3vDl12UcZpA,https://music.youtube.com/playlist?list=RDTMAK5uy_n_5IN6hzAOwdCnM8D8rzrs3vDl12UcZpA,18,FAVW6hS2eXo,https://music.youtube.com/watch?v=FAVW6hS2eXo,Hunting Pirates,Turisas,UCKtDEzexZu3QJk0IPtR2MLg,Stand Up and Fight,2017-08-15T09:56:27-07:00,224,False,youtube_video_view_count,391568,391568,5.592807192857165,Buffer,66.66666666666667,middle_third_vs_final_balanced,between_final_balanced_tier_ranges,65199.0,4.814219747922499,6.005736284298839,0.7785874449346668,,,,youtube_artist_subscribers,29600,29.6K,123,MUSIC_VIDEO_TYPE_ATV,2026-07-28T18:08:23+00:00,user_01,
recommended,weekly_recommendation,Week2_28July,2,Youtube,User1,1,experiment_results/Week2_28July/Youtube/User1/Week1_User1_28.07.csv,Discover Mix,RDTMAK5uy_n_5IN6hzAOwdCnM8D8rzrs3vDl12UcZpA,https://music.youtube.com/playlist?list=RDTMAK5uy_n_5IN6hzAOwdCnM8D8rzrs3vDl12UcZpA,19,RFzlLNkHhJw,https://music.youtube.com/watch?v=RFzlLNkHhJw,Valley of the Kings,Gamma Ray,UC34yDJRgqZZFJ25BjEvvCQQ,Somewhere out in Space,2022-08-30T04:20:21-07:00,231,False,youtube_video_view_count,450777,450777,5.653961748927068,Buffer,66.66666666666667,middle_third_vs_final_balanced,between_final_balanced_tier_ranges,65199.0,4.814219747922499,6.9138637095660975,0.8397420010045691,,,,youtube_artist_subscribers,35500,35.5K,123,MUSIC_VIDEO_TYPE_ATV,2026-07-28T18:08:23+00:00,user_01,
recommended,weekly_recommendation,Week2_28July,2,Youtube,User1,1,experiment_results/Week2_28July/Youtube/User1/Week1_User1_28.07.csv,Discover Mix,RDTMAK5uy_n_5IN6hzAOwdCnM8D8rzrs3vDl12UcZpA,https://music.youtube.com/playlist?list=RDTMAK5uy_n_5IN6hzAOwdCnM8D8rzrs3vDl12UcZpA,20,L397TWLwrUU,https://music.youtube.com/watch?v=L397TWLwrUU,Breaking The Law (Official Music Video),Judas Priest,UCy6-RHgm74I8CCCvMu4NPJQ,,2009-11-24T05:38:04-08:00,158,False,youtube_video_view_count,91388909,91388909,7.960893492753863,High,100.0,top_third_vs_final_balanced,above_final_balanced_max,65199.0,4.814219747922499,1401.6918817773278,3.1466737448313644,,,,youtube_artist_subscribers,1310000,1.31M,249,MUSIC_VIDEO_TYPE_OMV,2026-07-28T18:08:23+00:00,user_01,missing album browse id
recommended,weekly_recommendation,Week2_28July,2,Youtube,User1,1,experiment_results/Week2_28July/Youtube/User1/Week1_User1_28.07.csv,Discover Mix,RDTMAK5uy_n_5IN6hzAOwdCnM8D8rzrs3vDl12UcZpA,https://music.youtube.com/playlist?list=RDTMAK5uy_n_5IN6hzAOwdCnM8D8rzrs3vDl12UcZpA,21,sXAGEmBeeDs,https://music.youtube.com/watch?v=sXAGEmBeeDs,Blinding Lights,Feuerschwanz,UCIB3k3K3hAvpkB2RDwInwTw,,2022-10-13T07:00:06-07:00,237,False,youtube_video_view_count,1983752,1983752,6.297487377614713,High,76.66666666666667,top_third_vs_final_balanced,within_final_balanced_high_range,65199.0,4.814219747922499,30.426110829920706,1.4832676296922145,,,,youtube_artist_subscribers,119000,119K,249,MUSIC_VIDEO_TYPE_OMV,2026-07-28T18:08:23+00:00,user_01,missing album browse id
recommended,weekly_recommendation,Week2_28July,2,Youtube,User1,1,experiment_results/Week2_28July/Youtube/User1/Week1_User1_28.07.csv,Discover Mix,RDTMAK5uy_n_5IN6hzAOwdCnM8D8rzrs3vDl12UcZpA,https://music.youtube.com/playlist?list=RDTMAK5uy_n_5IN6hzAOwdCnM8D8rzrs3vDl12UcZpA,22,edANLE9tsdg,https://music.youtube.com/watch?v=edANLE9tsdg,The Headless Game,Edguy,UCAMgiVHUhXSfF2saNgAEH7A,Theater of Salvation,2015-01-13T00:48:00-08:00,332,False,youtube_video_view_count,678887,678887,5.831797492453562,Buffer,66.66666666666667,middle_third_vs_final_balanced,between_final_balanced_tier_ranges,65199.0,4.814219747922499,10.41253700210126,1.0175777445310636,,,,youtube_artist_subscribers,51800,51.8K,249,MUSIC_VIDEO_TYPE_ATV,2026-07-28T18:08:23+00:00,user_01,
recommended,weekly_recommendation,Week2_28July,2,Youtube,User1,1,experiment_results/Week2_28July/Youtube/User1/Week1_User1_28.07.csv,Discover Mix,RDTMAK5uy_n_5IN6hzAOwdCnM8D8rzrs3vDl12UcZpA,https://music.youtube.com/playlist?list=RDTMAK5uy_n_5IN6hzAOwdCnM8D8rzrs3vDl12UcZpA,23,s24qFi0AlEA,https://music.youtube.com/watch?v=s24qFi0AlEA,Into the Sky,Tyr,UCcsoYke5q0w-OMEakJsLbAQ,,2023-06-01T08:00:42-07:00,177,False,youtube_video_view_count,22033,22033,4.343073634451801,Middle,33.333333333333336,middle_third_vs_final_balanced,between_final_balanced_tier_ranges,65199.0,4.814219747922499,0.3379346308992469,-0.4711461134706978,,,,youtube_artist_subscribers,45300,45.3K,249,MUSIC_VIDEO_TYPE_OMV,2026-07-28T18:08:23+00:00,user_01,missing album browse id
recommended,weekly_recommendation,Week2_28July,2,Youtube,User1,1,experiment_results/Week2_28July/Youtube/User1/Week1_User1_28.07.csv,Discover Mix,RDTMAK5uy_n_5IN6hzAOwdCnM8D8rzrs3vDl12UcZpA,https://music.youtube.com/playlist?list=RDTMAK5uy_n_5IN6hzAOwdCnM8D8rzrs3vDl12UcZpA,24,--zQyrWF9_k,https://music.youtube.com/watch?v=--zQyrWF9_k,At the End of the Rainbow,Enforcer,UC4dNGpBnJCHJQky_9uxJxxg,At the End of the Rainbow,2021-10-28T03:05:50-07:00,202,False,youtube_video_view_count,157372,157372,5.196927464190651,Middle,56.666666666666664,middle_third_vs_final_balanced,within_final_balanced_middle_range,65199.0,4.814219747922499,2.4137180018098436,0.38270771626815225,,,,youtube_artist_subscribers,13000,13K,249,MUSIC_VIDEO_TYPE_ATV,2026-07-28T18:08:23+00:00,user_01,
recommended,weekly_recommendation,Week2_28July,2,Youtube,User1,1,experiment_results/Week2_28July/Youtube/User1/Week1_User1_28.07.csv,Discover Mix,RDTMAK5uy_n_5IN6hzAOwdCnM8D8rzrs3vDl12UcZpA,https://music.youtube.com/playlist?list=RDTMAK5uy_n_5IN6hzAOwdCnM8D8rzrs3vDl12UcZpA,25,yqhSoCHaK1g,https://music.youtube.com/watch?v=yqhSoCHaK1g,Lost in Your Eyes,Heavenly,UC1b97TrRGwoNWZCZDlIWCMA,Carpe Diem,2015-06-23T11:08:47-07:00,229,False,youtube_video_view_count,272197,272197,5.434883334347751,Buffer,66.66666666666667,middle_third_vs_final_balanced,between_final_balanced_tier_ranges,65199.0,4.814219747922499,4.174864645163269,0.6206635864252528,,,,youtube_artist_subscribers,19700,19.7K,248,MUSIC_VIDEO_TYPE_ATV,2026-07-28T18:08:23+00:00,user_01,
recommended,weekly_recommendation,Week2_28July,2,Youtube,User1,1,experiment_results/Week2_28July/Youtube/User1/Week1_User1_28.07.csv,Discover Mix,RDTMAK5uy_n_5IN6hzAOwdCnM8D8rzrs3vDl12UcZpA,https://music.youtube.com/playlist?list=RDTMAK5uy_n_5IN6hzAOwdCnM8D8rzrs3vDl12UcZpA,26,w5UgOFIqWgg,https://music.youtube.com/watch?v=w5UgOFIqWgg,Archangel,Amaranthe,UClXbyJ6lJGR3VVkLSVRmdOQ,Manifest,2020-10-01T03:01:03-07:00,204,False,youtube_video_view_count,3886104,3886104,6.589514419017685,High,76.66666666666667,top_third_vs_final_balanced,within_final_balanced_high_range,65199.0,4.814219747922499,59.603736253623524,1.7752946710951862,,,,youtube_artist_subscribers,402000,402K,249,MUSIC_VIDEO_TYPE_ATV,2026-07-28T18:08:23+00:00,user_01,
recommended,weekly_recommendation,Week2_28July,2,Youtube,User1,1,experiment_results/Week2_28July/Youtube/User1/Week1_User1_28.07.csv,Discover Mix,RDTMAK5uy_n_5IN6hzAOwdCnM8D8rzrs3vDl12UcZpA,https://music.youtube.com/playlist?list=RDTMAK5uy_n_5IN6hzAOwdCnM8D8rzrs3vDl12UcZpA,27,DxM6gD-NUBY,https://music.youtube.com/watch?v=DxM6gD-NUBY,Chains of Destiny,Rhapsody of Fire,UCjjuWbTlk-8b_MaGqTBnlsQ,,2021-11-12T03:00:11-08:00,251,False,youtube_video_view_count,1145212,1145212,6.058885890088715,Buffer,66.66666666666667,middle_third_vs_final_balanced,between_final_balanced_tier_ranges,65199.0,4.814219747922499,17.564870626850105,1.2446661421662162,,,,youtube_artist_subscribers,148000,148K,249,MUSIC_VIDEO_TYPE_OMV,2026-07-28T18:08:23+00:00,user_01,missing album browse id
recommended,weekly_recommendation,Week2_28July,2,Youtube,User1,1,experiment_results/Week2_28July/Youtube/User1/Week1_User1_28.07.csv,Discover Mix,RDTMAK5uy_n_5IN6hzAOwdCnM8D8rzrs3vDl12UcZpA,https://music.youtube.com/playlist?list=RDTMAK5uy_n_5IN6hzAOwdCnM8D8rzrs3vDl12UcZpA,28,6rpiIea5sJg,https://music.youtube.com/watch?v=6rpiIea5sJg,Die With Your Boots On,Sonata Arctica,UCyGTmzFc3YzefTe8mOQ-QgA,Takatalvi,2023-01-02T02:02:25-08:00,264,False,youtube_video_view_count,194498,194498,5.288915139885739,Middle,63.333333333333336,middle_third_vs_final_balanced,within_final_balanced_middle_range,65199.0,4.814219747922499,2.983143913250203,0.4746953919632402,,,,youtube_artist_subscribers,161000,161K,123,MUSIC_VIDEO_TYPE_ATV,2026-07-28T18:08:23+00:00,user_01,
recommended,weekly_recommendation,Week2_28July,2,Youtube,User1,1,experiment_results/Week2_28July/Youtube/User1/Week1_User1_28.07.csv,Discover Mix,RDTMAK5uy_n_5IN6hzAOwdCnM8D8rzrs3vDl12UcZpA,https://music.youtube.com/playlist?list=RDTMAK5uy_n_5IN6hzAOwdCnM8D8rzrs3vDl12UcZpA,29,cPuThUod_48,https://music.youtube.com/watch?v=cPuThUod_48,We Are Magic,Revolution Renaissance,UCtAwIDHUxLv_URmHVaUtItQ,New Era,2014-11-08T18:56:20-08:00,264,False,youtube_video_view_count,140081,140081,5.146379233396147,Middle,56.666666666666664,middle_third_vs_final_balanced,within_final_balanced_middle_range,65199.0,4.814219747922499,2.1485145477691376,0.3321594854736487,,,,youtube_artist_subscribers,2860,2.86K,123,MUSIC_VIDEO_TYPE_ATV,2026-07-28T18:08:23+00:00,user_01,
recommended,weekly_recommendation,Week2_28July,2,Youtube,User1,1,experiment_results/Week2_28July/Youtube/User1/Week1_User1_28.07.csv,Discover Mix,RDTMAK5uy_n_5IN6hzAOwdCnM8D8rzrs3vDl12UcZpA,https://music.youtube.com/playlist?list=RDTMAK5uy_n_5IN6hzAOwdCnM8D8rzrs3vDl12UcZpA,30,ohotq66c0ec,https://music.youtube.com/watch?v=ohotq66c0ec,Helvetios,Eluveitie,UCbdGmf2QbfPRTPnlnFNFUhw,Helvetios,2019-03-19T12:11:09-07:00,241,False,youtube_video_view_count,555087,555087,5.744361056381805,Buffer,66.66666666666667,middle_third_vs_final_balanced,between_final_balanced_tier_ranges,65199.0,4.814219747922499,8.513734873234252,0.930141308459306,,,,youtube_artist_subscribers,194000,194K,249,MUSIC_VIDEO_TYPE_ATV,2026-07-28T18:08:23+00:00,user_01,
recommended,weekly_recommendation,Week2_28July,2,Youtube,User2,2,experiment_results/Week2_28July/Youtube/User2/Week2_User2_28.07.csv,Discover Mix,RDTMAK5uy_n_5IN6hzAOwdCnM8D8rzrs3vDl12UcZpA,https://music.youtube.com/playlist?list=RDTMAK5uy_n_5IN6hzAOwdCnM8D8rzrs3vDl12UcZpA,1,CUzcxJNZKC4,https://music.youtube.com/watch?v=CUzcxJNZKC4,Lightning Strike (Official Video),Judas Priest,UCy6-RHgm74I8CCCvMu4NPJQ,,2018-01-05T09:00:01-08:00,210,False,youtube_video_view_count,7128130,7128130,6.852975611591082,High,93.33333333333333,top_third_vs_final_balanced,within_final_balanced_high_range,65199.0,4.814219747922499,109.32882406171873,2.038755863668583,,,,youtube_artist_subscribers,1310000,1.31M,249,MUSIC_VIDEO_TYPE_OMV,2026-07-28T18:05:36+00:00,user_02,missing album browse id
recommended,weekly_recommendation,Week2_28July,2,Youtube,User2,2,experiment_results/Week2_28July/Youtube/User2/Week2_User2_28.07.csv,Discover Mix,RDTMAK5uy_n_5IN6hzAOwdCnM8D8rzrs3vDl12UcZpA,https://music.youtube.com/playlist?list=RDTMAK5uy_n_5IN6hzAOwdCnM8D8rzrs3vDl12UcZpA,2,MpiK6ncKQfM,https://music.youtube.com/watch?v=MpiK6ncKQfM,Powersnake,Brothers of Metal,UC7apj1hieWRm-ji4_Umt2GA,Emblas Saga,2020-01-09T02:00:56-08:00,224,False,youtube_video_view_count,9458005,9458005,6.975799539270424,High,93.33333333333333,top_third_vs_final_balanced,within_final_balanced_high_range,65199.0,4.814219747922499,145.06365128299512,2.1615797913479255,,,,youtube_artist_subscribers,105000,105K,249,MUSIC_VIDEO_TYPE_ATV,2026-07-28T18:05:36+00:00,user_02,
recommended,weekly_recommendation,Week2_28July,2,Youtube,User2,2,experiment_results/Week2_28July/Youtube/User2/Week2_User2_28.07.csv,Discover Mix,RDTMAK5uy_n_5IN6hzAOwdCnM8D8rzrs3vDl12UcZpA,https://music.youtube.com/playlist?list=RDTMAK5uy_n_5IN6hzAOwdCnM8D8rzrs3vDl12UcZpA,3,d8TaMQkBImQ,https://music.youtube.com/watch?v=d8TaMQkBImQ,Ghost in The Bottle,Blaze Bayley,UCFWnaaPfunkgp49YYWhfBpw,,2024-09-06T01:00:33-07:00,203,False,youtube_video_view_count,100057,100057,5.000247477330344,Middle,53.333333333333336,middle_third_vs_final_balanced,within_final_balanced_middle_range,65199.0,4.814219747922499,1.5346401018420528,0.1860277294078454,,,,youtube_artist_subscribers,4360,4.36K,249,MUSIC_VIDEO_TYPE_OMV,2026-07-28T18:05:36+00:00,user_02,missing album browse id
recommended,weekly_recommendation,Week2_28July,2,Youtube,User2,2,experiment_results/Week2_28July/Youtube/User2/Week2_User2_28.07.csv,Discover Mix,RDTMAK5uy_n_5IN6hzAOwdCnM8D8rzrs3vDl12UcZpA,https://music.youtube.com/playlist?list=RDTMAK5uy_n_5IN6hzAOwdCnM8D8rzrs3vDl12UcZpA,4,srI4pmaBBms,https://music.youtube.com/watch?v=srI4pmaBBms,After You're Gone,ONE DESIRE,UC9rp_T7KhZcx0ap3AT-Zy1g,,2020-02-26T00:00:10-08:00,325,False,youtube_video_view_count,1890222,1890222,6.27651281354523,High,76.66666666666667,top_third_vs_final_balanced,within_final_balanced_high_range,65199.0,4.814219747922499,28.991579625454378,1.462293065622731,,,,youtube_artist_subscribers,6350,6.35K,249,MUSIC_VIDEO_TYPE_OMV,2026-07-28T18:05:36+00:00,user_02,missing album browse id
recommended,weekly_recommendation,Week2_28July,2,Youtube,User2,2,experiment_results/Week2_28July/Youtube/User2/Week2_User2_28.07.csv,Discover Mix,RDTMAK5uy_n_5IN6hzAOwdCnM8D8rzrs3vDl12UcZpA,https://music.youtube.com/playlist?list=RDTMAK5uy_n_5IN6hzAOwdCnM8D8rzrs3vDl12UcZpA,5,3VVCpDjtbJE,https://music.youtube.com/watch?v=3VVCpDjtbJE,Moonlight,Labyrinth,UCRm7OtzIXx3lVm1LCuIV_4g,Return to Heaven Denied,2015-01-27T11:35:50-08:00,344,False,youtube_video_view_count,271370,271370,5.4335618346479615,Buffer,66.66666666666667,middle_third_vs_final_balanced,between_final_balanced_tier_ranges,65199.0,4.814219747922499,4.162180401539901,0.6193420867254629,,,,youtube_artist_subscribers,5210,5.21K,249,MUSIC_VIDEO_TYPE_ATV,2026-07-28T18:05:36+00:00,user_02,
recommended,weekly_recommendation,Week2_28July,2,Youtube,User2,2,experiment_results/Week2_28July/Youtube/User2/Week2_User2_28.07.csv,Discover Mix,RDTMAK5uy_n_5IN6hzAOwdCnM8D8rzrs3vDl12UcZpA,https://music.youtube.com/playlist?list=RDTMAK5uy_n_5IN6hzAOwdCnM8D8rzrs3vDl12UcZpA,6,vkmlujV-TvU,https://music.youtube.com/watch?v=vkmlujV-TvU,Any Means Necessary,Hammerfall,UCOspMA8k5GDzhPH7EsZ_IwQ,,2009-01-22T08:08:58-08:00,215,False,youtube_video_view_count,26164318,26164318,7.417709418888531,High,100.0,top_third_vs_final_balanced,above_final_balanced_max,65199.0,4.814219747922499,401.2993757572969,2.6034896709660327,,,,youtube_artist_subscribers,108000,108K,249,MUSIC_VIDEO_TYPE_OMV,2026-07-28T18:05:36+00:00,user_02,missing album browse id
recommended,weekly_recommendation,Week2_28July,2,Youtube,User2,2,experiment_results/Week2_28July/Youtube/User2/Week2_User2_28.07.csv,Discover Mix,RDTMAK5uy_n_5IN6hzAOwdCnM8D8rzrs3vDl12UcZpA,https://music.youtube.com/playlist?list=RDTMAK5uy_n_5IN6hzAOwdCnM8D8rzrs3vDl12UcZpA,7,KHHw25HE2EQ,https://music.youtube.com/watch?v=KHHw25HE2EQ,Live a Little More,SHIRAZ LANE,UCPs_f0SOpFEg9DqIrPH2ZZQ,,2025-10-07T03:00:35-07:00,197,False,youtube_video_view_count,29143,29143,4.464534256300944,Middle,36.666666666666664,middle_third_vs_final_balanced,within_final_balanced_middle_range,65199.0,4.814219747922499,0.44698538321139897,-0.34968549162155504,,,,youtube_artist_subscribers,1450,1.45K,249,MUSIC_VIDEO_TYPE_OMV,2026-07-28T18:05:36+00:00,user_02,missing album browse id
recommended,weekly_recommendation,Week2_28July,2,Youtube,User2,2,experiment_results/Week2_28July/Youtube/User2/Week2_User2_28.07.csv,Discover Mix,RDTMAK5uy_n_5IN6hzAOwdCnM8D8rzrs3vDl12UcZpA,https://music.youtube.com/playlist?list=RDTMAK5uy_n_5IN6hzAOwdCnM8D8rzrs3vDl12UcZpA,8,dNFphskQJ48,https://music.youtube.com/watch?v=dNFphskQJ48,Return of the King,Bruce Dickinson,UC18vB5KHtNwt7B_D8NYesRA,,2024-05-21T09:00:36-07:00,309,False,youtube_video_view_count,41823,41823,4.621415181918193,Middle,43.333333333333336,middle_third_vs_final_balanced,within_final_balanced_middle_range,65199.0,4.814219747922499,0.6414668936640132,-0.1928045660043054,,,,youtube_artist_subscribers,176000,176K,249,MUSIC_VIDEO_TYPE_OMV,2026-07-28T18:05:36+00:00,user_02,missing album browse id
recommended,weekly_recommendation,Week2_28July,2,Youtube,User2,2,experiment_results/Week2_28July/Youtube/User2/Week2_User2_28.07.csv,Discover Mix,RDTMAK5uy_n_5IN6hzAOwdCnM8D8rzrs3vDl12UcZpA,https://music.youtube.com/playlist?list=RDTMAK5uy_n_5IN6hzAOwdCnM8D8rzrs3vDl12UcZpA,9,rBJ7L5LyAk4,https://music.youtube.com/watch?v=rBJ7L5LyAk4,Power Train,Majestica,UC0oLl-AD2ikFO_WDmG4YMzw,,2024-11-06T06:00:08-08:00,269,False,youtube_video_view_count,876252,876252,5.942629022230604,Buffer,66.66666666666667,middle_third_vs_final_balanced,between_final_balanced_tier_ranges,65199.0,4.814219747922499,13.439653982423044,1.1284092743081056,,,,youtube_artist_subscribers,28900,28.9K,249,MUSIC_VIDEO_TYPE_OMV,2026-07-28T18:05:36+00:00,user_02,missing album browse id
recommended,weekly_recommendation,Week2_28July,2,Youtube,User2,2,experiment_results/Week2_28July/Youtube/User2/Week2_User2_28.07.csv,Discover Mix,RDTMAK5uy_n_5IN6hzAOwdCnM8D8rzrs3vDl12UcZpA,https://music.youtube.com/playlist?list=RDTMAK5uy_n_5IN6hzAOwdCnM8D8rzrs3vDl12UcZpA,10,7nHe7e1I_Fc,https://music.youtube.com/watch?v=7nHe7e1I_Fc,Thunderball,Art Nation,UCM_tcGRzKU7Ru7iTJYq8mBA,,2024-11-26T06:00:05-08:00,262,False,youtube_video_view_count,117458,117458,5.069882601680115,Middle,53.333333333333336,middle_third_vs_final_balanced,within_final_balanced_middle_range,65199.0,4.814219747922499,1.801530698323594,0.25566285375761666,,,,youtube_artist_subscribers,1760,1.76K,249,MUSIC_VIDEO_TYPE_OMV,2026-07-28T18:05:36+00:00,user_02,missing album browse id
recommended,weekly_recommendation,Week2_28July,2,Youtube,User2,2,experiment_results/Week2_28July/Youtube/User2/Week2_User2_28.07.csv,Discover Mix,RDTMAK5uy_n_5IN6hzAOwdCnM8D8rzrs3vDl12UcZpA,https://music.youtube.com/playlist?list=RDTMAK5uy_n_5IN6hzAOwdCnM8D8rzrs3vDl12UcZpA,11,rJEPayp4x_I,https://music.youtube.com/watch?v=rJEPayp4x_I,Spread Your Wings (Remastered 2007),Blind Guardian,UCevshEcA1yKVc0uucxo4dfg,Somewhere Far Beyond (Remastered 2007),2019-05-16T16:55:45-07:00,254,True,youtube_video_view_count,141685,141685,5.1513238745096155,Middle,56.666666666666664,middle_third_vs_final_balanced,within_final_balanced_middle_range,65199.0,4.814219747922499,2.1731161520882223,0.33710412658711686,,,,youtube_artist_subscribers,202000,202K,249,MUSIC_VIDEO_TYPE_ATV,2026-07-28T18:05:36+00:00,user_02,
recommended,weekly_recommendation,Week2_28July,2,Youtube,User2,2,experiment_results/Week2_28July/Youtube/User2/Week2_User2_28.07.csv,Discover Mix,RDTMAK5uy_n_5IN6hzAOwdCnM8D8rzrs3vDl12UcZpA,https://music.youtube.com/playlist?list=RDTMAK5uy_n_5IN6hzAOwdCnM8D8rzrs3vDl12UcZpA,12,09P9AhzEUns,https://music.youtube.com/watch?v=09P9AhzEUns,Send Me a Sign,Gamma Ray,UC34yDJRgqZZFJ25BjEvvCQQ,Power Plant,2022-08-30T04:20:15-07:00,247,False,youtube_video_view_count,602668,602668,5.780078132247119,Buffer,66.66666666666667,middle_third_vs_final_balanced,between_final_balanced_tier_ranges,65199.0,4.814219747922499,9.2435160048467,0.96585838432462,,,,youtube_artist_subscribers,35500,35.5K,123,MUSIC_VIDEO_TYPE_ATV,2026-07-28T18:05:36+00:00,user_02,
recommended,weekly_recommendation,Week2_28July,2,Youtube,User2,2,experiment_results/Week2_28July/Youtube/User2/Week2_User2_28.07.csv,Discover Mix,RDTMAK5uy_n_5IN6hzAOwdCnM8D8rzrs3vDl12UcZpA,https://music.youtube.com/playlist?list=RDTMAK5uy_n_5IN6hzAOwdCnM8D8rzrs3vDl12UcZpA,13,hxvXu6X2pZc,https://music.youtube.com/watch?v=hxvXu6X2pZc,We Will Rise,Tungsten,UCXZL5WaWwdiGOlJb0JRwpKQ,,2019-06-28T07:00:06-07:00,203,False,youtube_video_view_count,201438,201438,5.304141400843236,Middle,63.333333333333336,middle_third_vs_final_balanced,within_final_balanced_middle_range,65199.0,4.814219747922499,3.0895872636083377,0.48992165292073775,,,,youtube_artist_subscribers,6400,6.4K,249,MUSIC_VIDEO_TYPE_OMV,2026-07-28T18:05:36+00:00,user_02,missing album browse id
recommended,weekly_recommendation,Week2_28July,2,Youtube,User2,2,experiment_results/Week2_28July/Youtube/User2/Week2_User2_28.07.csv,Discover Mix,RDTMAK5uy_n_5IN6hzAOwdCnM8D8rzrs3vDl12UcZpA,https://music.youtube.com/playlist?list=RDTMAK5uy_n_5IN6hzAOwdCnM8D8rzrs3vDl12UcZpA,14,x3aDwRYij3s,https://music.youtube.com/watch?v=x3aDwRYij3s,Sleepless Empire,Lacuna Coil,UCw1BUVTZt8qPQW6KsZ8UEyg,Sleepless Empire,2025-02-13T02:01:58-08:00,243,False,youtube_video_view_count,250420,250420,5.39866901121082,Buffer,66.66666666666667,middle_third_vs_final_balanced,between_final_balanced_tier_ranges,65199.0,4.814219747922499,3.840856454853602,0.5844492632883211,,,,youtube_artist_subscribers,230000,230K,122,MUSIC_VIDEO_TYPE_ATV,2026-07-28T18:05:36+00:00,user_02,
recommended,weekly_recommendation,Week2_28July,2,Youtube,User2,2,experiment_results/Week2_28July/Youtube/User2/Week2_User2_28.07.csv,Discover Mix,RDTMAK5uy_n_5IN6hzAOwdCnM8D8rzrs3vDl12UcZpA,https://music.youtube.com/playlist?list=RDTMAK5uy_n_5IN6hzAOwdCnM8D8rzrs3vDl12UcZpA,15,9PFSOqETwsQ,https://music.youtube.com/watch?v=9PFSOqETwsQ,Delirious,Eclipse,UCxk24XSTFq3rpuOvZpCESbA,,2019-12-13T04:21:10-08:00,201,False,youtube_video_view_count,456139,456139,5.65909720611661,Buffer,66.66666666666667,middle_third_vs_final_balanced,between_final_balanced_tier_ranges,65199.0,4.814219747922499,6.996104234727526,0.8448774581941114,,,,youtube_artist_subscribers,9090,9.09K,249,MUSIC_VIDEO_TYPE_OMV,2026-07-28T18:05:36+00:00,user_02,missing album browse id
recommended,weekly_recommendation,Week2_28July,2,Youtube,User2,2,experiment_results/Week2_28July/Youtube/User2/Week2_User2_28.07.csv,Discover Mix,RDTMAK5uy_n_5IN6hzAOwdCnM8D8rzrs3vDl12UcZpA,https://music.youtube.com/playlist?list=RDTMAK5uy_n_5IN6hzAOwdCnM8D8rzrs3vDl12UcZpA,16,bn-HCyk--5o,https://music.youtube.com/watch?v=bn-HCyk--5o,Against the Wind,Stratovarius,UCrmWShE1Kjc31dCC5g2Ti2w,Fourth Dimension,2026-01-26T03:40:07-08:00,229,False,youtube_video_view_count,69693,69693,4.843189159532144,Middle,53.333333333333336,middle_third_vs_final_balanced,within_final_balanced_middle_range,65199.0,4.814219747922499,1.0689274375373856,0.028969411609645057,,,,youtube_artist_subscribers,177000,177K,114,MUSIC_VIDEO_TYPE_ATV,2026-07-28T18:05:36+00:00,user_02,
recommended,weekly_recommendation,Week2_28July,2,Youtube,User2,2,experiment_results/Week2_28July/Youtube/User2/Week2_User2_28.07.csv,Discover Mix,RDTMAK5uy_n_5IN6hzAOwdCnM8D8rzrs3vDl12UcZpA,https://music.youtube.com/playlist?list=RDTMAK5uy_n_5IN6hzAOwdCnM8D8rzrs3vDl12UcZpA,17,3O8ZloaqxQU,https://music.youtube.com/watch?v=3O8ZloaqxQU,Running Blood,Running Wild,UC8mEKsJhuwbfY1jSDTxplog,Death or Glory (Expanded Version;2017 Remaster),2021-07-21T03:06:15-07:00,270,False,youtube_video_view_count,100683,100683,5.002956147520295,Middle,53.333333333333336,middle_third_vs_final_balanced,within_final_balanced_middle_range,65199.0,4.814219747922499,1.544241476096259,0.1887363995977962,,,,youtube_artist_subscribers,25900,25.9K,123,MUSIC_VIDEO_TYPE_ATV,2026-07-28T18:05:36+00:00,user_02,
recommended,weekly_recommendation,Week2_28July,2,Youtube,User2,2,experiment_results/Week2_28July/Youtube/User2/Week2_User2_28.07.csv,Discover Mix,RDTMAK5uy_n_5IN6hzAOwdCnM8D8rzrs3vDl12UcZpA,https://music.youtube.com/playlist?list=RDTMAK5uy_n_5IN6hzAOwdCnM8D8rzrs3vDl12UcZpA,18,6rpVmUKFIwg,https://music.youtube.com/watch?v=6rpVmUKFIwg,Frost and Fire,Cirith Ungol,UCoMWXf9j2hdkTAx9Hpx0fPA,Frost and Fire,2015-12-23T22:03:50-08:00,216,False,youtube_video_view_count,210733,210733,5.323732549825934,Middle,66.66666666666667,middle_third_vs_final_balanced,between_final_balanced_tier_ranges,65199.0,4.814219747922499,3.2321507998588936,0.5095128019034352,,,,youtube_artist_subscribers,6400,6.4K,123,MUSIC_VIDEO_TYPE_ATV,2026-07-28T18:05:36+00:00,user_02,
recommended,weekly_recommendation,Week2_28July,2,Youtube,User2,2,experiment_results/Week2_28July/Youtube/User2/Week2_User2_28.07.csv,Discover Mix,RDTMAK5uy_n_5IN6hzAOwdCnM8D8rzrs3vDl12UcZpA,https://music.youtube.com/playlist?list=RDTMAK5uy_n_5IN6hzAOwdCnM8D8rzrs3vDl12UcZpA,19,CiIg1wHmzQA,https://music.youtube.com/watch?v=CiIg1wHmzQA,Master Of Sorrow,ALLEN･LANDE,UCE-GS_dIh1-Wn8q8oKU3fJA,,2020-06-22T08:00:07-07:00,354,False,youtube_video_view_count,180679,180679,5.256907678216101,Middle,63.333333333333336,middle_third_vs_final_balanced,within_final_balanced_middle_range,65199.0,4.814219747922499,2.77119280970567,0.4426879302936024,,,,youtube_artist_subscribers,6730,6.73K,249,MUSIC_VIDEO_TYPE_OMV,2026-07-28T18:05:36+00:00,user_02,missing album browse id
recommended,weekly_recommendation,Week2_28July,2,Youtube,User2,2,experiment_results/Week2_28July/Youtube/User2/Week2_User2_28.07.csv,Discover Mix,RDTMAK5uy_n_5IN6hzAOwdCnM8D8rzrs3vDl12UcZpA,https://music.youtube.com/playlist?list=RDTMAK5uy_n_5IN6hzAOwdCnM8D8rzrs3vDl12UcZpA,20,fj80c3UbyoY,https://music.youtube.com/watch?v=fj80c3UbyoY,River Walk,Philip Ayers,UCnk-ZY7dBZ7FYcN3fy0-5NQ,River Walk,2025-04-07T03:04:07-07:00,189,False,youtube_video_view_count,111300,111300,5.046495164334709,Middle,53.333333333333336,middle_third_vs_final_balanced,within_final_balanced_middle_range,65199.0,4.814219747922499,1.7070813969539411,0.23227541641221006,,,,youtube_artist_subscribers,4470,4.47K,123,MUSIC_VIDEO_TYPE_ATV,2026-07-28T18:05:36+00:00,user_02,
recommended,weekly_recommendation,Week2_28July,2,Youtube,User2,2,experiment_results/Week2_28July/Youtube/User2/Week2_User2_28.07.csv,Discover Mix,RDTMAK5uy_n_5IN6hzAOwdCnM8D8rzrs3vDl12UcZpA,https://music.youtube.com/playlist?list=RDTMAK5uy_n_5IN6hzAOwdCnM8D8rzrs3vDl12UcZpA,21,s4wg2eBIvRk,https://music.youtube.com/watch?v=s4wg2eBIvRk,People of the Lie,Kreator,UCd3NOEbRV6V3RKqUqvlrQ8w,,2010-03-27T16:39:46-07:00,193,False,youtube_video_view_count,658613,658613,5.81863029876056,Buffer,66.66666666666667,middle_third_vs_final_balanced,between_final_balanced_tier_ranges,65199.0,4.814219747922499,10.101581312596819,1.0044105508380614,,,,youtube_artist_subscribers,171000,171K,249,MUSIC_VIDEO_TYPE_OMV,2026-07-28T18:05:36+00:00,user_02,missing album browse id
recommended,weekly_recommendation,Week2_28July,2,Youtube,User2,2,experiment_results/Week2_28July/Youtube/User2/Week2_User2_28.07.csv,Discover Mix,RDTMAK5uy_n_5IN6hzAOwdCnM8D8rzrs3vDl12UcZpA,https://music.youtube.com/playlist?list=RDTMAK5uy_n_5IN6hzAOwdCnM8D8rzrs3vDl12UcZpA,22,C1_kMRiyt5w,https://music.youtube.com/watch?v=C1_kMRiyt5w,Tyrants Serenade,Paradise Lost,UCWZ2Qw9bIIR-H2RXz297zBQ,,2025-08-15T08:00:07-07:00,256,False,youtube_video_view_count,1580038,1580038,6.198667531885979,High,73.33333333333333,top_third_vs_final_balanced,within_final_balanced_high_range,65199.0,4.814219747922499,24.234083344836577,1.3844477839634806,,,,youtube_artist_subscribers,83400,83.4K,249,MUSIC_VIDEO_TYPE_OMV,2026-07-28T18:05:36+00:00,user_02,missing album browse id
recommended,weekly_recommendation,Week2_28July,2,Youtube,User2,2,experiment_results/Week2_28July/Youtube/User2/Week2_User2_28.07.csv,Discover Mix,RDTMAK5uy_n_5IN6hzAOwdCnM8D8rzrs3vDl12UcZpA,https://music.youtube.com/playlist?list=RDTMAK5uy_n_5IN6hzAOwdCnM8D8rzrs3vDl12UcZpA,23,nnsTQq_8mR8,https://music.youtube.com/watch?v=nnsTQq_8mR8,Midnight Blitz,Tailgunner,UC55SmEdTpEtDzks2idxZzxA,,2025-11-05T07:00:16-08:00,237,False,youtube_video_view_count,1126303,1126303,6.051655240893639,Buffer,66.66666666666667,middle_third_vs_final_balanced,between_final_balanced_tier_ranges,65199.0,4.814219747922499,17.27485084127057,1.23743549297114,,,,youtube_artist_subscribers,3370,3.37K,249,MUSIC_VIDEO_TYPE_OMV,2026-07-28T18:05:36+00:00,user_02,missing album browse id
recommended,weekly_recommendation,Week2_28July,2,Youtube,User2,2,experiment_results/Week2_28July/Youtube/User2/Week2_User2_28.07.csv,Discover Mix,RDTMAK5uy_n_5IN6hzAOwdCnM8D8rzrs3vDl12UcZpA,https://music.youtube.com/playlist?list=RDTMAK5uy_n_5IN6hzAOwdCnM8D8rzrs3vDl12UcZpA,24,RTj7_HMCBeI,https://music.youtube.com/watch?v=RTj7_HMCBeI,Bertaraf Et,Hayko Cepkin,UC_9WsYdP8qXHqsdPQYJXFfw,,2014-09-05T07:30:00-07:00,172,False,youtube_video_view_count,6266909,6266909,6.797053388479325,High,93.33333333333333,top_third_vs_final_balanced,within_final_balanced_high_range,65199.0,4.814219747922499,96.11971042500652,1.9828336405568265,,,,youtube_artist_subscribers,312000,312K,246,MUSIC_VIDEO_TYPE_OMV,2026-07-28T18:05:36+00:00,user_02,missing album browse id
recommended,weekly_recommendation,Week2_28July,2,Youtube,User2,2,experiment_results/Week2_28July/Youtube/User2/Week2_User2_28.07.csv,Discover Mix,RDTMAK5uy_n_5IN6hzAOwdCnM8D8rzrs3vDl12UcZpA,https://music.youtube.com/playlist?list=RDTMAK5uy_n_5IN6hzAOwdCnM8D8rzrs3vDl12UcZpA,25,bc0sJvtKrRM,https://music.youtube.com/watch?v=bc0sJvtKrRM,A Man with a Plan,Korpiklaani,UC_MdHsWfs_34TX-nKRWfDrA,,2016-04-08T06:00:41-07:00,180,False,youtube_video_view_count,21165902,21165902,7.325636780973296,High,100.0,top_third_vs_final_balanced,above_final_balanced_max,65199.0,4.814219747922499,324.63537784321846,2.5114170330507974,,,,youtube_artist_subscribers,173000,173K,249,MUSIC_VIDEO_TYPE_OMV,2026-07-28T18:05:36+00:00,user_02,missing album browse id
recommended,weekly_recommendation,Week2_28July,2,Youtube,User2,2,experiment_results/Week2_28July/Youtube/User2/Week2_User2_28.07.csv,Discover Mix,RDTMAK5uy_n_5IN6hzAOwdCnM8D8rzrs3vDl12UcZpA,https://music.youtube.com/playlist?list=RDTMAK5uy_n_5IN6hzAOwdCnM8D8rzrs3vDl12UcZpA,26,gMMQlBr4Dwo,https://music.youtube.com/watch?v=gMMQlBr4Dwo,The Seventh Seal,Sumerlands,UCSzBBeRZgv5S58t44v_9EqQ,Sumerlands,2016-09-24T16:19:02-07:00,227,False,youtube_video_view_count,81837,81837,4.912949700526609,Middle,53.333333333333336,middle_third_vs_final_balanced,within_final_balanced_middle_range,65199.0,4.814219747922499,1.2551879630055676,0.09872995260411077,,,,youtube_artist_subscribers,1210,1.21K,123,MUSIC_VIDEO_TYPE_ATV,2026-07-28T18:05:36+00:00,user_02,
recommended,weekly_recommendation,Week2_28July,2,Youtube,User2,2,experiment_results/Week2_28July/Youtube/User2/Week2_User2_28.07.csv,Discover Mix,RDTMAK5uy_n_5IN6hzAOwdCnM8D8rzrs3vDl12UcZpA,https://music.youtube.com/playlist?list=RDTMAK5uy_n_5IN6hzAOwdCnM8D8rzrs3vDl12UcZpA,27,lMk5SGKt7K0,https://music.youtube.com/watch?v=lMk5SGKt7K0,Garmr,Tyr,UCcsoYke5q0w-OMEakJsLbAQ,,2023-12-01T09:00:43-08:00,294,False,youtube_video_view_count,15659,15659,4.194764024110887,Buffer,33.333333333333336,middle_third_vs_final_balanced,between_final_balanced_tier_ranges,65199.0,4.814219747922499,0.24017239528213624,-0.6194557238116118,,,,youtube_artist_subscribers,45300,45.3K,249,MUSIC_VIDEO_TYPE_OMV,2026-07-28T18:05:36+00:00,user_02,missing album browse id
recommended,weekly_recommendation,Week2_28July,2,Youtube,User2,2,experiment_results/Week2_28July/Youtube/User2/Week2_User2_28.07.csv,Discover Mix,RDTMAK5uy_n_5IN6hzAOwdCnM8D8rzrs3vDl12UcZpA,https://music.youtube.com/playlist?list=RDTMAK5uy_n_5IN6hzAOwdCnM8D8rzrs3vDl12UcZpA,28,6zip5FZ8dZM,https://music.youtube.com/watch?v=6zip5FZ8dZM,Resident Evil 9 Requiem - Menu Music (Official Title Screen),Dan Allen Gaming,UCcTa20zpKM6CkcvocFXVe6A,,2025-08-20T04:31:25-07:00,127,False,youtube_video_view_count,114905,114905,5.0603389270796155,Middle,53.333333333333336,middle_third_vs_final_balanced,within_final_balanced_middle_range,65199.0,4.814219747922499,1.7623736560376693,0.2461191791571169,,,,youtube_artist_subscribers,,,249,MUSIC_VIDEO_TYPE_UGC,2026-07-28T18:05:36+00:00,user_02,'musicImmersiveHeaderRenderer'
recommended,weekly_recommendation,Week2_28July,2,Youtube,User2,2,experiment_results/Week2_28July/Youtube/User2/Week2_User2_28.07.csv,Discover Mix,RDTMAK5uy_n_5IN6hzAOwdCnM8D8rzrs3vDl12UcZpA,https://music.youtube.com/playlist?list=RDTMAK5uy_n_5IN6hzAOwdCnM8D8rzrs3vDl12UcZpA,29,nzCBZ3j-t20,https://music.youtube.com/watch?v=nzCBZ3j-t20,Chasing the Dragon,Dream Evil,UCaFJfPSGHItiAjCtEdXzJZA,Dragonslayer,2017-08-15T10:36:01-07:00,242,False,youtube_video_view_count,1273224,1273224,6.104904816384191,High,70.0,top_third_vs_final_balanced,within_final_balanced_high_range,65199.0,4.814219747922499,19.52827497354254,1.2906850684616922,,,,youtube_artist_subscribers,22500,22.5K,123,MUSIC_VIDEO_TYPE_ATV,2026-07-28T18:05:36+00:00,user_02,
recommended,weekly_recommendation,Week2_28July,2,Youtube,User2,2,experiment_results/Week2_28July/Youtube/User2/Week2_User2_28.07.csv,Discover Mix,RDTMAK5uy_n_5IN6hzAOwdCnM8D8rzrs3vDl12UcZpA,https://music.youtube.com/playlist?list=RDTMAK5uy_n_5IN6hzAOwdCnM8D8rzrs3vDl12UcZpA,30,587Aa9VTa5Y,https://music.youtube.com/watch?v=587Aa9VTa5Y,March of the Crabs,Anvil,UCG045iPvxKbI_NZmuB9q5Pw,Metal On Metal,2019-07-04T16:50:10-07:00,155,False,youtube_video_view_count,266185,266185,5.425183578558737,Buffer,66.66666666666667,middle_third_vs_final_balanced,between_final_balanced_tier_ranges,65199.0,4.814219747922499,4.082654641942361,0.6109638306362379,,,,youtube_artist_subscribers,7530,7.53K,123,MUSIC_VIDEO_TYPE_ATV,2026-07-28T18:05:36+00:00,user_02,
recommended,weekly_recommendation,Week2_28July,2,Youtube,User3,3,experiment_results/Week2_28July/Youtube/User3/Week3_User3_28.07.csv,Discover Mix,RDTMAK5uy_n_5IN6hzAOwdCnM8D8rzrs3vDl12UcZpA,https://music.youtube.com/playlist?list=RDTMAK5uy_n_5IN6hzAOwdCnM8D8rzrs3vDl12UcZpA,1,hhwIL6xTGpY,https://music.youtube.com/watch?v=hhwIL6xTGpY,Mexico,Alestorm,UCpmH4GvnC0AmPhrLUAKJyUg,No Grave but the Sea (Deluxe Edition),2017-05-25T16:00:01-07:00,191,False,youtube_video_view_count,1734592,1734592,6.2391973390773225,High,76.66666666666667,top_third_vs_final_balanced,within_final_balanced_high_range,65199.0,4.814219747922499,26.60457982484394,1.424977591154824,,,,youtube_artist_subscribers,116000,116K,122,MUSIC_VIDEO_TYPE_ATV,2026-07-28T18:09:51+00:00,user_03,
recommended,weekly_recommendation,Week2_28July,2,Youtube,User3,3,experiment_results/Week2_28July/Youtube/User3/Week3_User3_28.07.csv,Discover Mix,RDTMAK5uy_n_5IN6hzAOwdCnM8D8rzrs3vDl12UcZpA,https://music.youtube.com/playlist?list=RDTMAK5uy_n_5IN6hzAOwdCnM8D8rzrs3vDl12UcZpA,2,SxOybZcRXhI,https://music.youtube.com/watch?v=SxOybZcRXhI,The Nexus,Amaranthe,UClXbyJ6lJGR3VVkLSVRmdOQ,,2013-01-25T03:00:28-08:00,267,False,youtube_video_view_count,36779569,36779569,7.565606635668279,High,100.0,top_third_vs_final_balanced,above_final_balanced_max,65199.0,4.814219747922499,564.1124710501695,2.75138688774578,,,,youtube_artist_subscribers,402000,402K,249,MUSIC_VIDEO_TYPE_OMV,2026-07-28T18:09:51+00:00,user_03,missing album browse id
recommended,weekly_recommendation,Week2_28July,2,Youtube,User3,3,experiment_results/Week2_28July/Youtube/User3/Week3_User3_28.07.csv,Discover Mix,RDTMAK5uy_n_5IN6hzAOwdCnM8D8rzrs3vDl12UcZpA,https://music.youtube.com/playlist?list=RDTMAK5uy_n_5IN6hzAOwdCnM8D8rzrs3vDl12UcZpA,3,Y06yUTCsXyU,https://music.youtube.com/watch?v=Y06yUTCsXyU,S.O.S.,At Vance,UCunSqRntuwll6L1fOONNDPQ,Heart of Steel,2025-12-16T06:56:00-08:00,208,False,youtube_video_view_count,118888,118888,5.075138021172199,Middle,53.333333333333336,middle_third_vs_final_balanced,within_final_balanced_middle_range,65199.0,4.814219747922499,1.8234635500544487,0.2609182732497004,,,,youtube_artist_subscribers,7000,7K,249,MUSIC_VIDEO_TYPE_ATV,2026-07-28T18:09:51+00:00,user_03,
recommended,weekly_recommendation,Week2_28July,2,Youtube,User3,3,experiment_results/Week2_28July/Youtube/User3/Week3_User3_28.07.csv,Discover Mix,RDTMAK5uy_n_5IN6hzAOwdCnM8D8rzrs3vDl12UcZpA,https://music.youtube.com/playlist?list=RDTMAK5uy_n_5IN6hzAOwdCnM8D8rzrs3vDl12UcZpA,4,587Aa9VTa5Y,https://music.youtube.com/watch?v=587Aa9VTa5Y,March of the Crabs,Anvil,UCG045iPvxKbI_NZmuB9q5Pw,Metal On Metal,2019-07-04T16:50:10-07:00,155,False,youtube_video_view_count,266185,266185,5.425183578558737,Buffer,66.66666666666667,middle_third_vs_final_balanced,between_final_balanced_tier_ranges,65199.0,4.814219747922499,4.082654641942361,0.6109638306362379,,,,youtube_artist_subscribers,7530,7.53K,123,MUSIC_VIDEO_TYPE_ATV,2026-07-28T18:09:51+00:00,user_03,
recommended,weekly_recommendation,Week2_28July,2,Youtube,User3,3,experiment_results/Week2_28July/Youtube/User3/Week3_User3_28.07.csv,Discover Mix,RDTMAK5uy_n_5IN6hzAOwdCnM8D8rzrs3vDl12UcZpA,https://music.youtube.com/playlist?list=RDTMAK5uy_n_5IN6hzAOwdCnM8D8rzrs3vDl12UcZpA,5,v5yYMjU8xDg,https://music.youtube.com/watch?v=v5yYMjU8xDg,Yggdrasil,Brothers of Metal,UC7apj1hieWRm-ji4_Umt2GA,,2018-12-12T07:17:51-08:00,273,False,youtube_video_view_count,9218437,9218437,6.96465729200613,High,93.33333333333333,top_third_vs_final_balanced,within_final_balanced_high_range,65199.0,4.814219747922499,141.3892390987592,2.1504375440836316,,,,youtube_artist_subscribers,105000,105K,249,MUSIC_VIDEO_TYPE_OMV,2026-07-28T18:09:51+00:00,user_03,missing album browse id
recommended,weekly_recommendation,Week2_28July,2,Youtube,User3,3,experiment_results/Week2_28July/Youtube/User3/Week3_User3_28.07.csv,Discover Mix,RDTMAK5uy_n_5IN6hzAOwdCnM8D8rzrs3vDl12UcZpA,https://music.youtube.com/playlist?list=RDTMAK5uy_n_5IN6hzAOwdCnM8D8rzrs3vDl12UcZpA,6,pJvduG0E628,https://music.youtube.com/watch?v=pJvduG0E628,The Chosen Ones,Dream Evil,UCaFJfPSGHItiAjCtEdXzJZA,Dragonslayer,2017-08-15T10:35:45-07:00,303,False,youtube_video_view_count,9057983,9057983,6.957031501264898,High,93.33333333333333,top_third_vs_final_balanced,within_final_balanced_high_range,65199.0,4.814219747922499,138.92825043328887,2.142811753342399,,,,youtube_artist_subscribers,22500,22.5K,123,MUSIC_VIDEO_TYPE_ATV,2026-07-28T18:09:51+00:00,user_03,
recommended,weekly_recommendation,Week2_28July,2,Youtube,User3,3,experiment_results/Week2_28July/Youtube/User3/Week3_User3_28.07.csv,Discover Mix,RDTMAK5uy_n_5IN6hzAOwdCnM8D8rzrs3vDl12UcZpA,https://music.youtube.com/playlist?list=RDTMAK5uy_n_5IN6hzAOwdCnM8D8rzrs3vDl12UcZpA,7,d8TaMQkBImQ,https://music.youtube.com/watch?v=d8TaMQkBImQ,Ghost in The Bottle,Blaze Bayley,UCFWnaaPfunkgp49YYWhfBpw,,2024-09-06T01:00:33-07:00,203,False,youtube_video_view_count,100057,100057,5.000247477330344,Middle,53.333333333333336,middle_third_vs_final_balanced,within_final_balanced_middle_range,65199.0,4.814219747922499,1.5346401018420528,0.1860277294078454,,,,youtube_artist_subscribers,4360,4.36K,249,MUSIC_VIDEO_TYPE_OMV,2026-07-28T18:09:51+00:00,user_03,missing album browse id
recommended,weekly_recommendation,Week2_28July,2,Youtube,User3,3,experiment_results/Week2_28July/Youtube/User3/Week3_User3_28.07.csv,Discover Mix,RDTMAK5uy_n_5IN6hzAOwdCnM8D8rzrs3vDl12UcZpA,https://music.youtube.com/playlist?list=RDTMAK5uy_n_5IN6hzAOwdCnM8D8rzrs3vDl12UcZpA,8,vMU804-bjQA,https://music.youtube.com/watch?v=vMU804-bjQA,No Surrender (Official Video),Judas Priest,UCy6-RHgm74I8CCCvMu4NPJQ,,2018-07-23T09:00:05-07:00,175,False,youtube_video_view_count,22070632,22070632,7.343814769508855,High,100.0,top_third_vs_final_balanced,above_final_balanced_max,65199.0,4.814219747922499,338.51181766591515,2.5295950215863563,,,,youtube_artist_subscribers,1310000,1.31M,249,MUSIC_VIDEO_TYPE_OMV,2026-07-28T18:09:51+00:00,user_03,missing album browse id
recommended,weekly_recommendation,Week2_28July,2,Youtube,User3,3,experiment_results/Week2_28July/Youtube/User3/Week3_User3_28.07.csv,Discover Mix,RDTMAK5uy_n_5IN6hzAOwdCnM8D8rzrs3vDl12UcZpA,https://music.youtube.com/playlist?list=RDTMAK5uy_n_5IN6hzAOwdCnM8D8rzrs3vDl12UcZpA,9,0VsiK-yASzY,https://music.youtube.com/watch?v=0VsiK-yASzY,Annihilator | King Of The Kill | Official Music Video,Annihilator,UC1WbMJioQ-oDX6X2wxaB2oQ,,2010-03-01T21:59:59-08:00,194,False,youtube_video_view_count,699685,699685,5.844902563511888,Buffer,66.66666666666667,middle_third_vs_final_balanced,between_final_balanced_tier_ranges,65199.0,4.814219747922499,10.731529624687495,1.0306828155893895,,,,youtube_artist_subscribers,65600,65.6K,249,MUSIC_VIDEO_TYPE_OMV,2026-07-28T18:09:51+00:00,user_03,missing album browse id
recommended,weekly_recommendation,Week2_28July,2,Youtube,User3,3,experiment_results/Week2_28July/Youtube/User3/Week3_User3_28.07.csv,Discover Mix,RDTMAK5uy_n_5IN6hzAOwdCnM8D8rzrs3vDl12UcZpA,https://music.youtube.com/playlist?list=RDTMAK5uy_n_5IN6hzAOwdCnM8D8rzrs3vDl12UcZpA,10,JPm46Qgyn24,https://music.youtube.com/watch?v=JPm46Qgyn24,Gunman,Orden Ogan,UCZzrOhpSH_iXyc8bUzbzT-w,,2017-05-19T09:22:42-07:00,360,False,youtube_video_view_count,12068154,12068154,7.081640843508542,High,93.33333333333333,top_third_vs_final_balanced,within_final_balanced_high_range,65199.0,4.814219747922499,185.09722541756776,2.2674210955860437,,,,youtube_artist_subscribers,29300,29.3K,249,MUSIC_VIDEO_TYPE_OMV,2026-07-28T18:09:51+00:00,user_03,missing album browse id
recommended,weekly_recommendation,Week2_28July,2,Youtube,User3,3,experiment_results/Week2_28July/Youtube/User3/Week3_User3_28.07.csv,Discover Mix,RDTMAK5uy_n_5IN6hzAOwdCnM8D8rzrs3vDl12UcZpA,https://music.youtube.com/playlist?list=RDTMAK5uy_n_5IN6hzAOwdCnM8D8rzrs3vDl12UcZpA,11,C7Z-IP2onYQ,https://music.youtube.com/watch?v=C7Z-IP2onYQ,Eye of the Storm,Battle Beast,UCXNUOxaWLAyz8z2snld0o9A,,2021-11-26T02:00:09-08:00,275,False,youtube_video_view_count,9829029,9829029,6.99251061643123,High,93.33333333333333,top_third_vs_final_balanced,within_final_balanced_high_range,65199.0,4.814219747922499,150.7542907099802,2.178290868508731,,,,youtube_artist_subscribers,90000,90K,249,MUSIC_VIDEO_TYPE_OMV,2026-07-28T18:09:51+00:00,user_03,missing album browse id
recommended,weekly_recommendation,Week2_28July,2,Youtube,User3,3,experiment_results/Week2_28July/Youtube/User3/Week3_User3_28.07.csv,Discover Mix,RDTMAK5uy_n_5IN6hzAOwdCnM8D8rzrs3vDl12UcZpA,https://music.youtube.com/playlist?list=RDTMAK5uy_n_5IN6hzAOwdCnM8D8rzrs3vDl12UcZpA,12,09P9AhzEUns,https://music.youtube.com/watch?v=09P9AhzEUns,Send Me a Sign,Gamma Ray,UC34yDJRgqZZFJ25BjEvvCQQ,Power Plant,2022-08-30T04:20:15-07:00,247,False,youtube_video_view_count,602670,602670,5.780079573484288,Buffer,66.66666666666667,middle_third_vs_final_balanced,between_final_balanced_tier_ranges,65199.0,4.814219747922499,9.243546680163806,0.9658598255617896,,,,youtube_artist_subscribers,35500,35.5K,123,MUSIC_VIDEO_TYPE_ATV,2026-07-28T18:09:51+00:00,user_03,
recommended,weekly_recommendation,Week2_28July,2,Youtube,User3,3,experiment_results/Week2_28July/Youtube/User3/Week3_User3_28.07.csv,Discover Mix,RDTMAK5uy_n_5IN6hzAOwdCnM8D8rzrs3vDl12UcZpA,https://music.youtube.com/playlist?list=RDTMAK5uy_n_5IN6hzAOwdCnM8D8rzrs3vDl12UcZpA,13,c4zvb4YBzLE,https://music.youtube.com/watch?v=c4zvb4YBzLE,Mysteria,Edguy,UCAMgiVHUhXSfF2saNgAEH7A,Hellfire Club,2019-04-20T07:50:10-07:00,346,False,youtube_video_view_count,797146,797146,5.901537871192097,Buffer,66.66666666666667,middle_third_vs_final_balanced,between_final_balanced_tier_ranges,65199.0,4.814219747922499,12.226353164925843,1.0873181232695988,,,,youtube_artist_subscribers,51800,51.8K,249,MUSIC_VIDEO_TYPE_ATV,2026-07-28T18:09:51+00:00,user_03,
recommended,weekly_recommendation,Week2_28July,2,Youtube,User3,3,experiment_results/Week2_28July/Youtube/User3/Week3_User3_28.07.csv,Discover Mix,RDTMAK5uy_n_5IN6hzAOwdCnM8D8rzrs3vDl12UcZpA,https://music.youtube.com/playlist?list=RDTMAK5uy_n_5IN6hzAOwdCnM8D8rzrs3vDl12UcZpA,14,bep4sQA4pPg,https://music.youtube.com/watch?v=bep4sQA4pPg,Gökdelenler,Hayko Cepkin,UC_9WsYdP8qXHqsdPQYJXFfw,Söz Müzik Teoman,2018-06-21T17:03:02-07:00,213,False,youtube_video_view_count,118500,118500,5.073718350346122,Middle,53.333333333333336,middle_third_vs_final_balanced,within_final_balanced_middle_range,65199.0,4.814219747922499,1.817512538535867,0.25949860242362366,,,,youtube_artist_subscribers,312000,312K,249,MUSIC_VIDEO_TYPE_ATV,2026-07-28T18:09:51+00:00,user_03,
recommended,weekly_recommendation,Week2_28July,2,Youtube,User3,3,experiment_results/Week2_28July/Youtube/User3/Week3_User3_28.07.csv,Discover Mix,RDTMAK5uy_n_5IN6hzAOwdCnM8D8rzrs3vDl12UcZpA,https://music.youtube.com/playlist?list=RDTMAK5uy_n_5IN6hzAOwdCnM8D8rzrs3vDl12UcZpA,15,Kf66Hja5PMA,https://music.youtube.com/watch?v=Kf66Hja5PMA,Trial By The Archon,Blind Guardian,UCevshEcA1yKVc0uucxo4dfg,Battalions Of Fear,2014-11-07T13:04:50-08:00,105,False,youtube_video_view_count,89805,89805,4.953300517201366,Middle,53.333333333333336,middle_third_vs_final_balanced,within_final_balanced_middle_range,65199.0,4.814219747922499,1.3773984263562324,0.13908076927886714,,,,youtube_artist_subscribers,202000,202K,97,MUSIC_VIDEO_TYPE_ATV,2026-07-28T18:09:51+00:00,user_03,
recommended,weekly_recommendation,Week2_28July,2,Youtube,User3,3,experiment_results/Week2_28July/Youtube/User3/Week3_User3_28.07.csv,Discover Mix,RDTMAK5uy_n_5IN6hzAOwdCnM8D8rzrs3vDl12UcZpA,https://music.youtube.com/playlist?list=RDTMAK5uy_n_5IN6hzAOwdCnM8D8rzrs3vDl12UcZpA,16,UQ4uyq3GU1w,https://music.youtube.com/watch?v=UQ4uyq3GU1w,Heartless Madness,Dynazty,UC1_8sQRmjjw7YI2Bk-Kr_tA,,2020-02-28T03:02:07-08:00,249,False,youtube_video_view_count,6317343,6317343,6.800534457543924,High,93.33333333333333,top_third_vs_final_balanced,within_final_balanced_high_range,65199.0,4.814219747922499,96.8932498964708,1.9863147096214258,,,,youtube_artist_subscribers,42100,42.1K,249,MUSIC_VIDEO_TYPE_OMV,2026-07-28T18:09:51+00:00,user_03,missing album browse id
recommended,weekly_recommendation,Week2_28July,2,Youtube,User3,3,experiment_results/Week2_28July/Youtube/User3/Week3_User3_28.07.csv,Discover Mix,RDTMAK5uy_n_5IN6hzAOwdCnM8D8rzrs3vDl12UcZpA,https://music.youtube.com/playlist?list=RDTMAK5uy_n_5IN6hzAOwdCnM8D8rzrs3vDl12UcZpA,17,MW7qy6faStY,https://music.youtube.com/watch?v=MW7qy6faStY,I Walk To My Own Song,Stratovarius,UCrmWShE1Kjc31dCC5g2Ti2w,"Elements, Pt. 1&2 (Complete Edition)",2026-01-26T03:41:50-08:00,304,False,youtube_video_view_count,91191,91191,4.95995197820549,Middle,53.333333333333336,middle_third_vs_final_balanced,within_final_balanced_middle_range,65199.0,4.814219747922499,1.3986564211107533,0.14573223028299154,,,,youtube_artist_subscribers,177000,177K,114,MUSIC_VIDEO_TYPE_ATV,2026-07-28T18:09:51+00:00,user_03,
recommended,weekly_recommendation,Week2_28July,2,Youtube,User3,3,experiment_results/Week2_28July/Youtube/User3/Week3_User3_28.07.csv,Discover Mix,RDTMAK5uy_n_5IN6hzAOwdCnM8D8rzrs3vDl12UcZpA,https://music.youtube.com/playlist?list=RDTMAK5uy_n_5IN6hzAOwdCnM8D8rzrs3vDl12UcZpA,18,DF3ejxcFhoc,https://music.youtube.com/watch?v=DF3ejxcFhoc,Tears of a Dragonheart,Bloodbound,UCMdFBg2b49RBAUr5XZxkArA,War of Dragons,2017-02-23T02:15:03-08:00,230,False,youtube_video_view_count,2028465,2028465,6.307167518602829,High,76.66666666666667,top_third_vs_final_balanced,within_final_balanced_high_range,65199.0,4.814219747922499,31.111903556803018,1.4929477706803302,,,,youtube_artist_subscribers,18000,18K,248,MUSIC_VIDEO_TYPE_ATV,2026-07-28T18:09:51+00:00,user_03,
recommended,weekly_recommendation,Week2_28July,2,Youtube,User3,3,experiment_results/Week2_28July/Youtube/User3/Week3_User3_28.07.csv,Discover Mix,RDTMAK5uy_n_5IN6hzAOwdCnM8D8rzrs3vDl12UcZpA,https://music.youtube.com/playlist?list=RDTMAK5uy_n_5IN6hzAOwdCnM8D8rzrs3vDl12UcZpA,19,aHolTqDXipc,https://music.youtube.com/watch?v=aHolTqDXipc,Dawn of Victory,Rhapsody,UCjjuWbTlk-8b_MaGqTBnlsQ,Dawn of Victory,2018-04-30T03:00:13-07:00,288,False,youtube_video_view_count,19255930,19255930,7.284564498503523,High,100.0,top_third_vs_final_balanced,above_final_balanced_max,65199.0,4.814219747922499,295.34087946134144,2.4703447505810248,,,,youtube_artist_subscribers,148000,148K,123,MUSIC_VIDEO_TYPE_ATV,2026-07-28T18:09:51+00:00,user_03,
recommended,weekly_recommendation,Week2_28July,2,Youtube,User3,3,experiment_results/Week2_28July/Youtube/User3/Week3_User3_28.07.csv,Discover Mix,RDTMAK5uy_n_5IN6hzAOwdCnM8D8rzrs3vDl12UcZpA,https://music.youtube.com/playlist?list=RDTMAK5uy_n_5IN6hzAOwdCnM8D8rzrs3vDl12UcZpA,20,GtEtff9TR7Y,https://music.youtube.com/watch?v=GtEtff9TR7Y,Damla,Kurban,UCCNltt8c_o0kG7s1dMCXIzQ,Damla,2022-10-06T03:07:04-07:00,234,False,youtube_video_view_count,290043,290043,5.462462388513983,Buffer,66.66666666666667,middle_third_vs_final_balanced,between_final_balanced_tier_ranges,65199.0,4.814219747922499,4.448580499700916,0.6482426405914845,,,,youtube_artist_subscribers,9040,9.04K,122,MUSIC_VIDEO_TYPE_ATV,2026-07-28T18:09:51+00:00,user_03,
recommended,weekly_recommendation,Week2_28July,2,Youtube,User3,3,experiment_results/Week2_28July/Youtube/User3/Week3_User3_28.07.csv,Discover Mix,RDTMAK5uy_n_5IN6hzAOwdCnM8D8rzrs3vDl12UcZpA,https://music.youtube.com/playlist?list=RDTMAK5uy_n_5IN6hzAOwdCnM8D8rzrs3vDl12UcZpA,21,kymmZXYhovU,https://music.youtube.com/watch?v=kymmZXYhovU,FullMoon,Sonata Arctica,UCyGTmzFc3YzefTe8mOQ-QgA,Ecliptica (International Version),2023-01-02T02:03:43-08:00,309,False,youtube_video_view_count,5451879,5451879,6.736546208458408,High,93.33333333333333,top_third_vs_final_balanced,within_final_balanced_high_range,65199.0,4.814219747922499,83.61905857451801,1.922326460535909,,,,youtube_artist_subscribers,161000,161K,123,MUSIC_VIDEO_TYPE_ATV,2026-07-28T18:09:51+00:00,user_03,
recommended,weekly_recommendation,Week2_28July,2,Youtube,User3,3,experiment_results/Week2_28July/Youtube/User3/Week3_User3_28.07.csv,Discover Mix,RDTMAK5uy_n_5IN6hzAOwdCnM8D8rzrs3vDl12UcZpA,https://music.youtube.com/playlist?list=RDTMAK5uy_n_5IN6hzAOwdCnM8D8rzrs3vDl12UcZpA,22,0LfT5qJH2zc,https://music.youtube.com/watch?v=0LfT5qJH2zc,Ievan Polkka,Korpiklaani - Topic,UC_MdHsWfs_34TX-nKRWfDrA,Manala,2019-03-19T12:15:30-07:00,189,False,youtube_video_view_count,19685785,19685785,7.294152737610924,High,100.0,top_third_vs_final_balanced,above_final_balanced_max,65199.0,4.814219747922499,301.9338486786607,2.4799329896884252,,,,youtube_artist_subscribers,173000,173K,249,MUSIC_VIDEO_TYPE_ATV,2026-07-28T18:09:51+00:00,user_03,
recommended,weekly_recommendation,Week2_28July,2,Youtube,User3,3,experiment_results/Week2_28July/Youtube/User3/Week3_User3_28.07.csv,Discover Mix,RDTMAK5uy_n_5IN6hzAOwdCnM8D8rzrs3vDl12UcZpA,https://music.youtube.com/playlist?list=RDTMAK5uy_n_5IN6hzAOwdCnM8D8rzrs3vDl12UcZpA,23,IOmMZBZGBps,https://music.youtube.com/watch?v=IOmMZBZGBps,Last Man Standing,Hammerfall,UCOspMA8k5GDzhPH7EsZ_IwQ,,2007-10-01T04:06:23-07:00,239,False,youtube_video_view_count,32460947,32460947,7.511361185572626,High,100.0,top_third_vs_final_balanced,above_final_balanced_max,65199.0,4.814219747922499,497.8749213944999,2.697141437650127,,,,youtube_artist_subscribers,108000,108K,249,MUSIC_VIDEO_TYPE_OMV,2026-07-28T18:09:51+00:00,user_03,missing album browse id
recommended,weekly_recommendation,Week2_28July,2,Youtube,User3,3,experiment_results/Week2_28July/Youtube/User3/Week3_User3_28.07.csv,Discover Mix,RDTMAK5uy_n_5IN6hzAOwdCnM8D8rzrs3vDl12UcZpA,https://music.youtube.com/playlist?list=RDTMAK5uy_n_5IN6hzAOwdCnM8D8rzrs3vDl12UcZpA,24,IzAmAN87nzY,https://music.youtube.com/watch?v=IzAmAN87nzY,Blood of Heroes,Tyr,UCcsoYke5q0w-OMEakJsLbAQ,,2013-09-11T09:07:03-07:00,222,False,youtube_video_view_count,1033576,1033576,6.014342416296734,Buffer,66.66666666666667,middle_third_vs_final_balanced,between_final_balanced_tier_ranges,65199.0,4.814219747922499,15.852635776622341,1.2001226683742354,,,,youtube_artist_subscribers,45300,45.3K,249,MUSIC_VIDEO_TYPE_OMV,2026-07-28T18:09:51+00:00,user_03,missing album browse id
recommended,weekly_recommendation,Week2_28July,2,Youtube,User3,3,experiment_results/Week2_28July/Youtube/User3/Week3_User3_28.07.csv,Discover Mix,RDTMAK5uy_n_5IN6hzAOwdCnM8D8rzrs3vDl12UcZpA,https://music.youtube.com/playlist?list=RDTMAK5uy_n_5IN6hzAOwdCnM8D8rzrs3vDl12UcZpA,25,5OJsPtA3Rmg,https://music.youtube.com/watch?v=5OJsPtA3Rmg,Last Ride Of The Day,Nightwish,UCnDibivBAgWYKWi9qOiCNnA,Imaginaerum,2019-04-20T07:09:18-07:00,272,False,youtube_video_view_count,9833667,9833667,6.9927154975771755,High,93.33333333333333,top_third_vs_final_balanced,within_final_balanced_high_range,65199.0,4.814219747922499,150.82542677034922,2.178495749654677,,,,youtube_artist_subscribers,1870000,1.87M,249,MUSIC_VIDEO_TYPE_ATV,2026-07-28T18:09:51+00:00,user_03,
recommended,weekly_recommendation,Week2_28July,2,Youtube,User3,3,experiment_results/Week2_28July/Youtube/User3/Week3_User3_28.07.csv,Discover Mix,RDTMAK5uy_n_5IN6hzAOwdCnM8D8rzrs3vDl12UcZpA,https://music.youtube.com/playlist?list=RDTMAK5uy_n_5IN6hzAOwdCnM8D8rzrs3vDl12UcZpA,26,XUW4r_8Y5k4,https://music.youtube.com/watch?v=XUW4r_8Y5k4,Shadow of the Gods,Bruce Dickinson,UC18vB5KHtNwt7B_D8NYesRA,,2024-03-01T00:09:28-08:00,422,False,youtube_video_view_count,392049,392049,5.593340350438052,Buffer,66.66666666666667,middle_third_vs_final_balanced,between_final_balanced_tier_ranges,65199.0,4.814219747922499,6.0131136980628535,0.7791206025155537,,,,youtube_artist_subscribers,176000,176K,249,MUSIC_VIDEO_TYPE_OMV,2026-07-28T18:09:51+00:00,user_03,missing album browse id
recommended,weekly_recommendation,Week2_28July,2,Youtube,User3,3,experiment_results/Week2_28July/Youtube/User3/Week3_User3_28.07.csv,Discover Mix,RDTMAK5uy_n_5IN6hzAOwdCnM8D8rzrs3vDl12UcZpA,https://music.youtube.com/playlist?list=RDTMAK5uy_n_5IN6hzAOwdCnM8D8rzrs3vDl12UcZpA,27,GClPj0RmU6s,https://music.youtube.com/watch?v=GClPj0RmU6s,Drums of Midgard,Bjorth,UCsF9xEBIasTCHP_NH93_DDQ,,2020-08-02T08:36:05-07:00,185,False,youtube_video_view_count,1911548,1911548,6.281385207860357,High,76.66666666666667,top_third_vs_final_balanced,within_final_balanced_high_range,65199.0,4.814219747922499,29.318670531756624,1.467165459937858,,,,youtube_artist_subscribers,73000,73K,249,MUSIC_VIDEO_TYPE_OMV,2026-07-28T18:09:51+00:00,user_03,missing album browse id
recommended,weekly_recommendation,Week2_28July,2,Youtube,User3,3,experiment_results/Week2_28July/Youtube/User3/Week3_User3_28.07.csv,Discover Mix,RDTMAK5uy_n_5IN6hzAOwdCnM8D8rzrs3vDl12UcZpA,https://music.youtube.com/playlist?list=RDTMAK5uy_n_5IN6hzAOwdCnM8D8rzrs3vDl12UcZpA,28,UhQcyKAAjm0,https://music.youtube.com/watch?v=UhQcyKAAjm0,Lonely Winds of War,Masterplan - Topic,UCQm2l9VFAwCEMR2zydt9y6w,Time to Be King,2015-01-18T19:31:50-08:00,276,False,youtube_video_view_count,155691,155691,5.192263508115273,Middle,56.666666666666664,middle_third_vs_final_balanced,within_final_balanced_middle_range,65199.0,4.814219747922499,2.3879353977821745,0.3780437601927744,,,,youtube_artist_subscribers,10100,10.1K,245,MUSIC_VIDEO_TYPE_ATV,2026-07-28T18:09:51+00:00,user_03,
recommended,weekly_recommendation,Week2_28July,2,Youtube,User3,3,experiment_results/Week2_28July/Youtube/User3/Week3_User3_28.07.csv,Discover Mix,RDTMAK5uy_n_5IN6hzAOwdCnM8D8rzrs3vDl12UcZpA,https://music.youtube.com/playlist?list=RDTMAK5uy_n_5IN6hzAOwdCnM8D8rzrs3vDl12UcZpA,29,v-EcNhY5Wog,https://music.youtube.com/watch?v=v-EcNhY5Wog,War of Angels,Wisdom,UCfjcbXvFVgqkdxM_HoaGOHA,,2013-09-27T02:49:30-07:00,217,False,youtube_video_view_count,303899,303899,5.4827292710072335,Buffer,66.66666666666667,middle_third_vs_final_balanced,between_final_balanced_tier_ranges,65199.0,4.814219747922499,4.6610990966119115,0.6685095230847349,,,,youtube_artist_subscribers,824,824,249,MUSIC_VIDEO_TYPE_OMV,2026-07-28T18:09:51+00:00,user_03,missing album browse id
recommended,weekly_recommendation,Week2_28July,2,Youtube,User3,3,experiment_results/Week2_28July/Youtube/User3/Week3_User3_28.07.csv,Discover Mix,RDTMAK5uy_n_5IN6hzAOwdCnM8D8rzrs3vDl12UcZpA,https://music.youtube.com/playlist?list=RDTMAK5uy_n_5IN6hzAOwdCnM8D8rzrs3vDl12UcZpA,30,Vy4CQOyQ-0k,https://music.youtube.com/watch?v=Vy4CQOyQ-0k,Metal Is for Everyone,Freedom Call,UC8Un9pLdux03pya-p---Urw,,2016-11-02T03:00:01-07:00,336,False,youtube_video_view_count,3079374,3079374,6.488462438585641,High,76.66666666666667,top_third_vs_final_balanced,within_final_balanced_high_range,65199.0,4.814219747922499,47.23038696912529,1.6742426906631422,,,,youtube_artist_subscribers,12200,12.2K,249,MUSIC_VIDEO_TYPE_OMV,2026-07-28T18:09:51+00:00,user_03,missing album browse id
recommended,weekly_recommendation,Week2_28July,2,Youtube,User4,4,experiment_results/Week2_28July/Youtube/User4/Week4_User4_28.07.csv,Discover Mix,RDTMAK5uy_n_5IN6hzAOwdCnM8D8rzrs3vDl12UcZpA,https://music.youtube.com/playlist?list=RDTMAK5uy_n_5IN6hzAOwdCnM8D8rzrs3vDl12UcZpA,1,dNFphskQJ48,https://music.youtube.com/watch?v=dNFphskQJ48,Return of the King,Bruce Dickinson,UC18vB5KHtNwt7B_D8NYesRA,,2024-05-21T09:00:36-07:00,309,False,youtube_video_view_count,41823,41823,4.621415181918193,Middle,43.333333333333336,middle_third_vs_final_balanced,within_final_balanced_middle_range,65199.0,4.814219747922499,0.6414668936640132,-0.1928045660043054,,,,youtube_artist_subscribers,176000,176K,249,MUSIC_VIDEO_TYPE_OMV,2026-07-28T18:10:58+00:00,user_04,missing album browse id
recommended,weekly_recommendation,Week2_28July,2,Youtube,User4,4,experiment_results/Week2_28July/Youtube/User4/Week4_User4_28.07.csv,Discover Mix,RDTMAK5uy_n_5IN6hzAOwdCnM8D8rzrs3vDl12UcZpA,https://music.youtube.com/playlist?list=RDTMAK5uy_n_5IN6hzAOwdCnM8D8rzrs3vDl12UcZpA,2,CUzcxJNZKC4,https://music.youtube.com/watch?v=CUzcxJNZKC4,Lightning Strike (Official Video),Judas Priest,UCy6-RHgm74I8CCCvMu4NPJQ,,2018-01-05T09:00:01-08:00,210,False,youtube_video_view_count,7128131,7128131,6.852975672517924,High,93.33333333333333,top_third_vs_final_balanced,within_final_balanced_high_range,65199.0,4.814219747922499,109.32883939937729,2.038755924595425,,,,youtube_artist_subscribers,1310000,1.31M,249,MUSIC_VIDEO_TYPE_OMV,2026-07-28T18:10:58+00:00,user_04,missing album browse id
recommended,weekly_recommendation,Week2_28July,2,Youtube,User4,4,experiment_results/Week2_28July/Youtube/User4/Week4_User4_28.07.csv,Discover Mix,RDTMAK5uy_n_5IN6hzAOwdCnM8D8rzrs3vDl12UcZpA,https://music.youtube.com/playlist?list=RDTMAK5uy_n_5IN6hzAOwdCnM8D8rzrs3vDl12UcZpA,3,qQ-oFFdLuH0,https://music.youtube.com/watch?v=qQ-oFFdLuH0,Black Magic (2020),Reb Beach,UCV3O-GMuAg6J4K0qIPOxUug,A View from the Inside,2020-11-05T02:01:31-08:00,195,False,youtube_video_view_count,268045,268045,5.428207710488159,Buffer,66.66666666666667,middle_third_vs_final_balanced,between_final_balanced_tier_ranges,65199.0,4.814219747922499,4.111182686851025,0.6139879625656608,,,,youtube_artist_subscribers,2200,2.2K,123,MUSIC_VIDEO_TYPE_ATV,2026-07-28T18:10:58+00:00,user_04,
recommended,weekly_recommendation,Week2_28July,2,Youtube,User4,4,experiment_results/Week2_28July/Youtube/User4/Week4_User4_28.07.csv,Discover Mix,RDTMAK5uy_n_5IN6hzAOwdCnM8D8rzrs3vDl12UcZpA,https://music.youtube.com/playlist?list=RDTMAK5uy_n_5IN6hzAOwdCnM8D8rzrs3vDl12UcZpA,4,QJgovck9XNg,https://music.youtube.com/watch?v=QJgovck9XNg,Through Lands Forgotten,Sacred Outcry,UC1AL_UOW-JsMLKuOMvsjpGw,Towers of Gold,2026-07-06T07:38:30-07:00,134,False,youtube_video_view_count,162,162,2.2095150145426308,Low,0.0,bottom_third_vs_final_balanced,below_final_balanced_min,65199.0,4.814219747922499,0.002484700685593337,-2.604704733379868,,,,youtube_artist_subscribers,2080,2.08K,123,MUSIC_VIDEO_TYPE_ATV,2026-07-28T18:10:58+00:00,user_04,
recommended,weekly_recommendation,Week2_28July,2,Youtube,User4,4,experiment_results/Week2_28July/Youtube/User4/Week4_User4_28.07.csv,Discover Mix,RDTMAK5uy_n_5IN6hzAOwdCnM8D8rzrs3vDl12UcZpA,https://music.youtube.com/playlist?list=RDTMAK5uy_n_5IN6hzAOwdCnM8D8rzrs3vDl12UcZpA,5,vkmlujV-TvU,https://music.youtube.com/watch?v=vkmlujV-TvU,Any Means Necessary,Hammerfall,UCOspMA8k5GDzhPH7EsZ_IwQ,,2009-01-22T08:08:58-08:00,215,False,youtube_video_view_count,26164318,26164318,7.417709418888531,High,100.0,top_third_vs_final_balanced,above_final_balanced_max,65199.0,4.814219747922499,401.2993757572969,2.6034896709660327,,,,youtube_artist_subscribers,108000,108K,249,MUSIC_VIDEO_TYPE_OMV,2026-07-28T18:10:58+00:00,user_04,missing album browse id
recommended,weekly_recommendation,Week2_28July,2,Youtube,User4,4,experiment_results/Week2_28July/Youtube/User4/Week4_User4_28.07.csv,Discover Mix,RDTMAK5uy_n_5IN6hzAOwdCnM8D8rzrs3vDl12UcZpA,https://music.youtube.com/playlist?list=RDTMAK5uy_n_5IN6hzAOwdCnM8D8rzrs3vDl12UcZpA,6,DE4WMH_RnCQ,https://music.youtube.com/watch?v=DE4WMH_RnCQ,Uyan,Mor ve Ötesi,UCNgorPVroeaCRpC8INDNcdg,,2019-02-20T12:07:51-08:00,325,False,youtube_video_view_count,1318503,1318503,6.120081122284147,High,70.0,top_third_vs_final_balanced,within_final_balanced_high_range,65199.0,4.814219747922499,20.222748815165875,1.3058613743616485,,,,youtube_artist_subscribers,314000,314K,249,MUSIC_VIDEO_TYPE_OMV,2026-07-28T18:10:58+00:00,user_04,missing album browse id
recommended,weekly_recommendation,Week2_28July,2,Youtube,User4,4,experiment_results/Week2_28July/Youtube/User4/Week4_User4_28.07.csv,Discover Mix,RDTMAK5uy_n_5IN6hzAOwdCnM8D8rzrs3vDl12UcZpA,https://music.youtube.com/playlist?list=RDTMAK5uy_n_5IN6hzAOwdCnM8D8rzrs3vDl12UcZpA,7,BigSJvJcRc0,https://music.youtube.com/watch?v=BigSJvJcRc0,Y.O.K. (live),Görkem Karabudak,UCqOisHdza1IY95ObO5wKmbw,,2025-09-07T09:00:06-07:00,285,False,youtube_video_view_count,395907,395907,5.597593180546086,Buffer,66.66666666666667,middle_third_vs_final_balanced,between_final_balanced_tier_ranges,65199.0,4.814219747922499,6.072286384760503,0.7833734326235877,,,,youtube_artist_subscribers,6430,6.43K,249,MUSIC_VIDEO_TYPE_OMV,2026-07-28T18:10:58+00:00,user_04,missing album browse id
recommended,weekly_recommendation,Week2_28July,2,Youtube,User4,4,experiment_results/Week2_28July/Youtube/User4/Week4_User4_28.07.csv,Discover Mix,RDTMAK5uy_n_5IN6hzAOwdCnM8D8rzrs3vDl12UcZpA,https://music.youtube.com/playlist?list=RDTMAK5uy_n_5IN6hzAOwdCnM8D8rzrs3vDl12UcZpA,8,d8TaMQkBImQ,https://music.youtube.com/watch?v=d8TaMQkBImQ,Ghost in The Bottle,Blaze Bayley,UCFWnaaPfunkgp49YYWhfBpw,,2024-09-06T01:00:33-07:00,203,False,youtube_video_view_count,100057,100057,5.000247477330344,Middle,53.333333333333336,middle_third_vs_final_balanced,within_final_balanced_middle_range,65199.0,4.814219747922499,1.5346401018420528,0.1860277294078454,,,,youtube_artist_subscribers,4360,4.36K,249,MUSIC_VIDEO_TYPE_OMV,2026-07-28T18:10:58+00:00,user_04,missing album browse id
recommended,weekly_recommendation,Week2_28July,2,Youtube,User4,4,experiment_results/Week2_28July/Youtube/User4/Week4_User4_28.07.csv,Discover Mix,RDTMAK5uy_n_5IN6hzAOwdCnM8D8rzrs3vDl12UcZpA,https://music.youtube.com/playlist?list=RDTMAK5uy_n_5IN6hzAOwdCnM8D8rzrs3vDl12UcZpA,9,M4v8kLdrEVU,https://music.youtube.com/watch?v=M4v8kLdrEVU,Yol Gözümü Dağlıyor,Hayko Cepkin,UC_9WsYdP8qXHqsdPQYJXFfw,,2014-09-17T07:00:09-07:00,275,False,youtube_video_view_count,9677609,9677609,6.985768071526197,High,93.33333333333333,top_third_vs_final_balanced,within_final_balanced_high_range,65199.0,4.814219747922499,148.4318624518781,2.171548323603698,,,,youtube_artist_subscribers,312000,312K,246,MUSIC_VIDEO_TYPE_OMV,2026-07-28T18:10:58+00:00,user_04,missing album browse id
recommended,weekly_recommendation,Week2_28July,2,Youtube,User4,4,experiment_results/Week2_28July/Youtube/User4/Week4_User4_28.07.csv,Discover Mix,RDTMAK5uy_n_5IN6hzAOwdCnM8D8rzrs3vDl12UcZpA,https://music.youtube.com/playlist?list=RDTMAK5uy_n_5IN6hzAOwdCnM8D8rzrs3vDl12UcZpA,10,nnsTQq_8mR8,https://music.youtube.com/watch?v=nnsTQq_8mR8,Midnight Blitz,Tailgunner,UC55SmEdTpEtDzks2idxZzxA,,2025-11-05T07:00:16-08:00,237,False,youtube_video_view_count,1126304,1126304,6.051655626486404,Buffer,66.66666666666667,middle_third_vs_final_balanced,between_final_balanced_tier_ranges,65199.0,4.814219747922499,17.274866178929123,1.2374358785639057,,,,youtube_artist_subscribers,3370,3.37K,249,MUSIC_VIDEO_TYPE_OMV,2026-07-28T18:10:58+00:00,user_04,missing album browse id
recommended,weekly_recommendation,Week2_28July,2,Youtube,User4,4,experiment_results/Week2_28July/Youtube/User4/Week4_User4_28.07.csv,Discover Mix,RDTMAK5uy_n_5IN6hzAOwdCnM8D8rzrs3vDl12UcZpA,https://music.youtube.com/playlist?list=RDTMAK5uy_n_5IN6hzAOwdCnM8D8rzrs3vDl12UcZpA,11,pTYHYglem-M,https://music.youtube.com/watch?v=pTYHYglem-M,Alison Hell (Live),Annihilator,UC1WbMJioQ-oDX6X2wxaB2oQ,,2010-10-04T11:07:12-07:00,325,False,youtube_video_view_count,10664871,10664871,7.027955606683995,High,93.33333333333333,top_third_vs_final_balanced,within_final_balanced_high_range,65199.0,4.814219747922499,163.57414991027468,2.2137358587614964,,,,youtube_artist_subscribers,65600,65.6K,249,MUSIC_VIDEO_TYPE_OMV,2026-07-28T18:10:58+00:00,user_04,missing album browse id
recommended,weekly_recommendation,Week2_28July,2,Youtube,User4,4,experiment_results/Week2_28July/Youtube/User4/Week4_User4_28.07.csv,Discover Mix,RDTMAK5uy_n_5IN6hzAOwdCnM8D8rzrs3vDl12UcZpA,https://music.youtube.com/playlist?list=RDTMAK5uy_n_5IN6hzAOwdCnM8D8rzrs3vDl12UcZpA,12,UX_abrEVvNM,https://music.youtube.com/watch?v=UX_abrEVvNM,Hokkabaz,Neyse,UCw1QfGL4v3Gy-QgX0O-GYAw,,2017-11-03T00:00:01-07:00,225,False,youtube_video_view_count,374469,374469,5.573415870937518,Buffer,66.66666666666667,middle_third_vs_final_balanced,between_final_balanced_tier_ranges,65199.0,4.814219747922499,5.743477660700317,0.7591961230150197,,,,youtube_artist_subscribers,730,730,249,MUSIC_VIDEO_TYPE_OMV,2026-07-28T18:10:58+00:00,user_04,missing album browse id
recommended,weekly_recommendation,Week2_28July,2,Youtube,User4,4,experiment_results/Week2_28July/Youtube/User4/Week4_User4_28.07.csv,Discover Mix,RDTMAK5uy_n_5IN6hzAOwdCnM8D8rzrs3vDl12UcZpA,https://music.youtube.com/playlist?list=RDTMAK5uy_n_5IN6hzAOwdCnM8D8rzrs3vDl12UcZpA,13,Woi15nuZ6VQ,https://music.youtube.com/watch?v=Woi15nuZ6VQ,Orphaned Land - 'All Is One' Unboxing!,Orphaned Land,UC88NsIKwxNAjDMy8bzP_zhw,,2022-09-06T23:55:06-07:00,145,False,youtube_video_view_count,1732,1732,3.2385478876813276,Low,16.666666666666668,bottom_third_vs_final_balanced,within_final_balanced_low_range,65199.0,4.814219747922499,0.026564824613874445,-1.575671860241171,,,,youtube_artist_subscribers,18400,18.4K,249,MUSIC_VIDEO_TYPE_OMV,2026-07-28T18:10:58+00:00,user_04,missing album browse id
recommended,weekly_recommendation,Week2_28July,2,Youtube,User4,4,experiment_results/Week2_28July/Youtube/User4/Week4_User4_28.07.csv,Discover Mix,RDTMAK5uy_n_5IN6hzAOwdCnM8D8rzrs3vDl12UcZpA,https://music.youtube.com/playlist?list=RDTMAK5uy_n_5IN6hzAOwdCnM8D8rzrs3vDl12UcZpA,14,bn-HCyk--5o,https://music.youtube.com/watch?v=bn-HCyk--5o,Against the Wind,Stratovarius,UCrmWShE1Kjc31dCC5g2Ti2w,Fourth Dimension,2026-01-26T03:40:07-08:00,229,False,youtube_video_view_count,69693,69693,4.843189159532144,Middle,53.333333333333336,middle_third_vs_final_balanced,within_final_balanced_middle_range,65199.0,4.814219747922499,1.0689274375373856,0.028969411609645057,,,,youtube_artist_subscribers,177000,177K,114,MUSIC_VIDEO_TYPE_ATV,2026-07-28T18:10:58+00:00,user_04,
recommended,weekly_recommendation,Week2_28July,2,Youtube,User4,4,experiment_results/Week2_28July/Youtube/User4/Week4_User4_28.07.csv,Discover Mix,RDTMAK5uy_n_5IN6hzAOwdCnM8D8rzrs3vDl12UcZpA,https://music.youtube.com/playlist?list=RDTMAK5uy_n_5IN6hzAOwdCnM8D8rzrs3vDl12UcZpA,15,KHHw25HE2EQ,https://music.youtube.com/watch?v=KHHw25HE2EQ,Live a Little More,SHIRAZ LANE,UCPs_f0SOpFEg9DqIrPH2ZZQ,,2025-10-07T03:00:35-07:00,197,False,youtube_video_view_count,29143,29143,4.464534256300944,Middle,36.666666666666664,middle_third_vs_final_balanced,within_final_balanced_middle_range,65199.0,4.814219747922499,0.44698538321139897,-0.34968549162155504,,,,youtube_artist_subscribers,1450,1.45K,249,MUSIC_VIDEO_TYPE_OMV,2026-07-28T18:10:58+00:00,user_04,missing album browse id
recommended,weekly_recommendation,Week2_28July,2,Youtube,User4,4,experiment_results/Week2_28July/Youtube/User4/Week4_User4_28.07.csv,Discover Mix,RDTMAK5uy_n_5IN6hzAOwdCnM8D8rzrs3vDl12UcZpA,https://music.youtube.com/playlist?list=RDTMAK5uy_n_5IN6hzAOwdCnM8D8rzrs3vDl12UcZpA,16,MpiK6ncKQfM,https://music.youtube.com/watch?v=MpiK6ncKQfM,Powersnake,Brothers of Metal,UC7apj1hieWRm-ji4_Umt2GA,Emblas Saga,2020-01-09T02:00:56-08:00,224,False,youtube_video_view_count,9458011,9458011,6.975799814779484,High,93.33333333333333,top_third_vs_final_balanced,within_final_balanced_high_range,65199.0,4.814219747922499,145.06374330894644,2.1615800668569856,,,,youtube_artist_subscribers,105000,105K,249,MUSIC_VIDEO_TYPE_ATV,2026-07-28T18:10:58+00:00,user_04,
recommended,weekly_recommendation,Week2_28July,2,Youtube,User4,4,experiment_results/Week2_28July/Youtube/User4/Week4_User4_28.07.csv,Discover Mix,RDTMAK5uy_n_5IN6hzAOwdCnM8D8rzrs3vDl12UcZpA,https://music.youtube.com/playlist?list=RDTMAK5uy_n_5IN6hzAOwdCnM8D8rzrs3vDl12UcZpA,17,lmFCcD7V1Ws,https://music.youtube.com/watch?v=lmFCcD7V1Ws,The Flame Rekindled,Sacred Outcry,UC1AL_UOW-JsMLKuOMvsjpGw,Towers of Gold,2026-07-06T07:38:30-07:00,307,False,youtube_video_view_count,373,373,2.571708831808688,Low,3.3333333333333335,bottom_third_vs_final_balanced,within_final_balanced_low_range,65199.0,4.814219747922499,0.005720946640285894,-2.242510916113811,,,,youtube_artist_subscribers,2080,2.08K,123,MUSIC_VIDEO_TYPE_ATV,2026-07-28T18:10:58+00:00,user_04,
recommended,weekly_recommendation,Week2_28July,2,Youtube,User4,4,experiment_results/Week2_28July/Youtube/User4/Week4_User4_28.07.csv,Discover Mix,RDTMAK5uy_n_5IN6hzAOwdCnM8D8rzrs3vDl12UcZpA,https://music.youtube.com/playlist?list=RDTMAK5uy_n_5IN6hzAOwdCnM8D8rzrs3vDl12UcZpA,18,WGE6V2N8Zk4,https://music.youtube.com/watch?v=WGE6V2N8Zk4,A Monster Only You Can't See,Sonata Arctica,UCyGTmzFc3YzefTe8mOQ-QgA,Clear Cold Beyond,2024-10-31T03:00:42-07:00,357,True,youtube_video_view_count,38875,38875,4.589670402034894,Middle,43.333333333333336,middle_third_vs_final_balanced,within_final_balanced_middle_range,65199.0,4.814219747922499,0.5962514762496357,-0.22454934588760445,,,,youtube_artist_subscribers,161000,161K,105,MUSIC_VIDEO_TYPE_ATV,2026-07-28T18:10:58+00:00,user_04,
recommended,weekly_recommendation,Week2_28July,2,Youtube,User4,4,experiment_results/Week2_28July/Youtube/User4/Week4_User4_28.07.csv,Discover Mix,RDTMAK5uy_n_5IN6hzAOwdCnM8D8rzrs3vDl12UcZpA,https://music.youtube.com/playlist?list=RDTMAK5uy_n_5IN6hzAOwdCnM8D8rzrs3vDl12UcZpA,19,ReaFJ_MD2cs,https://music.youtube.com/watch?v=ReaFJ_MD2cs,Secrets of the American Gods,BLIND GUARDIAN,UCevshEcA1yKVc0uucxo4dfg,,2022-03-18T04:00:19-07:00,399,False,youtube_video_view_count,1425670,1425670,6.154019010954437,High,73.33333333333333,top_third_vs_final_balanced,within_final_balanced_high_range,65199.0,4.814219747922499,21.86643966932008,1.3397992630319386,,,,youtube_artist_subscribers,202000,202K,249,MUSIC_VIDEO_TYPE_OMV,2026-07-28T18:10:58+00:00,user_04,missing album browse id
recommended,weekly_recommendation,Week2_28July,2,Youtube,User4,4,experiment_results/Week2_28July/Youtube/User4/Week4_User4_28.07.csv,Discover Mix,RDTMAK5uy_n_5IN6hzAOwdCnM8D8rzrs3vDl12UcZpA,https://music.youtube.com/playlist?list=RDTMAK5uy_n_5IN6hzAOwdCnM8D8rzrs3vDl12UcZpA,20,NNUxAWjRkNo,https://music.youtube.com/watch?v=NNUxAWjRkNo,No Remorse,Diamond Head,UClfb_0PCjjd-NAa7Nt-FgQw,,2020-11-20T04:59:11-08:00,395,False,youtube_video_view_count,1636244,1636244,6.2138480670322,High,76.66666666666667,top_third_vs_final_balanced,within_final_balanced_high_range,65199.0,4.814219747922499,25.09615178146904,1.3996283191097012,,,,youtube_artist_subscribers,65800,65.8K,249,MUSIC_VIDEO_TYPE_OMV,2026-07-28T18:10:58+00:00,user_04,missing album browse id
recommended,weekly_recommendation,Week2_28July,2,Youtube,User4,4,experiment_results/Week2_28July/Youtube/User4/Week4_User4_28.07.csv,Discover Mix,RDTMAK5uy_n_5IN6hzAOwdCnM8D8rzrs3vDl12UcZpA,https://music.youtube.com/playlist?list=RDTMAK5uy_n_5IN6hzAOwdCnM8D8rzrs3vDl12UcZpA,21,RWEJVYeaHI0,https://music.youtube.com/watch?v=RWEJVYeaHI0,Steel And Gold,Frozen Crown,UCGjaitth3Yy5Hd1bVq35gYw,Steel And Gold,2024-08-06T03:00:23-07:00,248,False,youtube_video_view_count,167598,167598,5.224268831751618,Middle,60.0,middle_third_vs_final_balanced,within_final_balanced_middle_range,65199.0,4.814219747922499,2.570560898173285,0.41004908382911953,,,,youtube_artist_subscribers,42200,42.2K,121,MUSIC_VIDEO_TYPE_ATV,2026-07-28T18:10:58+00:00,user_04,
recommended,weekly_recommendation,Week2_28July,2,Youtube,User4,4,experiment_results/Week2_28July/Youtube/User4/Week4_User4_28.07.csv,Discover Mix,RDTMAK5uy_n_5IN6hzAOwdCnM8D8rzrs3vDl12UcZpA,https://music.youtube.com/playlist?list=RDTMAK5uy_n_5IN6hzAOwdCnM8D8rzrs3vDl12UcZpA,22,s4wg2eBIvRk,https://music.youtube.com/watch?v=s4wg2eBIvRk,People of the Lie,Kreator,UCd3NOEbRV6V3RKqUqvlrQ8w,,2010-03-27T16:39:46-07:00,193,False,youtube_video_view_count,658613,658613,5.81863029876056,Buffer,66.66666666666667,middle_third_vs_final_balanced,between_final_balanced_tier_ranges,65199.0,4.814219747922499,10.101581312596819,1.0044105508380614,,,,youtube_artist_subscribers,171000,171K,249,MUSIC_VIDEO_TYPE_OMV,2026-07-28T18:10:58+00:00,user_04,missing album browse id
recommended,weekly_recommendation,Week2_28July,2,Youtube,User4,4,experiment_results/Week2_28July/Youtube/User4/Week4_User4_28.07.csv,Discover Mix,RDTMAK5uy_n_5IN6hzAOwdCnM8D8rzrs3vDl12UcZpA,https://music.youtube.com/playlist?list=RDTMAK5uy_n_5IN6hzAOwdCnM8D8rzrs3vDl12UcZpA,23,rBJ7L5LyAk4,https://music.youtube.com/watch?v=rBJ7L5LyAk4,Power Train,Majestica,UC0oLl-AD2ikFO_WDmG4YMzw,,2024-11-06T06:00:08-08:00,269,False,youtube_video_view_count,876252,876252,5.942629022230604,Buffer,66.66666666666667,middle_third_vs_final_balanced,between_final_balanced_tier_ranges,65199.0,4.814219747922499,13.439653982423044,1.1284092743081056,,,,youtube_artist_subscribers,28900,28.9K,249,MUSIC_VIDEO_TYPE_OMV,2026-07-28T18:10:58+00:00,user_04,missing album browse id
recommended,weekly_recommendation,Week2_28July,2,Youtube,User4,4,experiment_results/Week2_28July/Youtube/User4/Week4_User4_28.07.csv,Discover Mix,RDTMAK5uy_n_5IN6hzAOwdCnM8D8rzrs3vDl12UcZpA,https://music.youtube.com/playlist?list=RDTMAK5uy_n_5IN6hzAOwdCnM8D8rzrs3vDl12UcZpA,24,5IGyQmnzpIU,https://music.youtube.com/watch?v=5IGyQmnzpIU,Ala Mai,Shepherds Reign,UC2vUgNZ8IdwI237nTi0YZ7g,,2024-05-27T00:00:07-07:00,323,False,youtube_video_view_count,1008003,1008003,6.003461824650684,Buffer,66.66666666666667,middle_third_vs_final_balanced,between_final_balanced_tier_ranges,65199.0,4.814219747922499,15.460405834445314,1.1892420767281857,,,,youtube_artist_subscribers,87700,87.7K,249,MUSIC_VIDEO_TYPE_OMV,2026-07-28T18:10:58+00:00,user_04,missing album browse id
recommended,weekly_recommendation,Week2_28July,2,Youtube,User4,4,experiment_results/Week2_28July/Youtube/User4/Week4_User4_28.07.csv,Discover Mix,RDTMAK5uy_n_5IN6hzAOwdCnM8D8rzrs3vDl12UcZpA,https://music.youtube.com/playlist?list=RDTMAK5uy_n_5IN6hzAOwdCnM8D8rzrs3vDl12UcZpA,25,7nHe7e1I_Fc,https://music.youtube.com/watch?v=7nHe7e1I_Fc,Thunderball,Art Nation,UCM_tcGRzKU7Ru7iTJYq8mBA,,2024-11-26T06:00:05-08:00,262,False,youtube_video_view_count,117458,117458,5.069882601680115,Middle,53.333333333333336,middle_third_vs_final_balanced,within_final_balanced_middle_range,65199.0,4.814219747922499,1.801530698323594,0.25566285375761666,,,,youtube_artist_subscribers,1760,1.76K,249,MUSIC_VIDEO_TYPE_OMV,2026-07-28T18:10:58+00:00,user_04,missing album browse id
recommended,weekly_recommendation,Week2_28July,2,Youtube,User4,4,experiment_results/Week2_28July/Youtube/User4/Week4_User4_28.07.csv,Discover Mix,RDTMAK5uy_n_5IN6hzAOwdCnM8D8rzrs3vDl12UcZpA,https://music.youtube.com/playlist?list=RDTMAK5uy_n_5IN6hzAOwdCnM8D8rzrs3vDl12UcZpA,26,3VVCpDjtbJE,https://music.youtube.com/watch?v=3VVCpDjtbJE,Moonlight,Labyrinth,UCRm7OtzIXx3lVm1LCuIV_4g,Return to Heaven Denied,2015-01-27T11:35:50-08:00,344,False,youtube_video_view_count,271370,271370,5.4335618346479615,Buffer,66.66666666666667,middle_third_vs_final_balanced,between_final_balanced_tier_ranges,65199.0,4.814219747922499,4.162180401539901,0.6193420867254629,,,,youtube_artist_subscribers,5210,5.21K,249,MUSIC_VIDEO_TYPE_ATV,2026-07-28T18:10:58+00:00,user_04,
recommended,weekly_recommendation,Week2_28July,2,Youtube,User4,4,experiment_results/Week2_28July/Youtube/User4/Week4_User4_28.07.csv,Discover Mix,RDTMAK5uy_n_5IN6hzAOwdCnM8D8rzrs3vDl12UcZpA,https://music.youtube.com/playlist?list=RDTMAK5uy_n_5IN6hzAOwdCnM8D8rzrs3vDl12UcZpA,27,5DEZEM55n1A,https://music.youtube.com/watch?v=5DEZEM55n1A,Courage,SECRET SPHERE,UCjIxQAfN9n5egHmlKp2szdw,,2017-05-19T05:23:03-07:00,315,False,youtube_video_view_count,51676,51676,4.713288889562118,Middle,46.666666666666664,middle_third_vs_final_balanced,within_final_balanced_middle_range,65199.0,4.814219747922499,0.7925888433871685,-0.10093085836038096,,,,youtube_artist_subscribers,2010,2.01K,249,MUSIC_VIDEO_TYPE_OMV,2026-07-28T18:10:58+00:00,user_04,missing album browse id
recommended,weekly_recommendation,Week2_28July,2,Youtube,User4,4,experiment_results/Week2_28July/Youtube/User4/Week4_User4_28.07.csv,Discover Mix,RDTMAK5uy_n_5IN6hzAOwdCnM8D8rzrs3vDl12UcZpA,https://music.youtube.com/playlist?list=RDTMAK5uy_n_5IN6hzAOwdCnM8D8rzrs3vDl12UcZpA,28,zFbmMPQooO8,https://music.youtube.com/watch?v=zFbmMPQooO8,Necropolis,Manilla Road,UC0O2BvoGlv2_j4jHycyNEwg,,2014-05-13T15:59:50-07:00,193,False,youtube_video_view_count,458727,458727,5.661554302822016,Buffer,66.66666666666667,middle_third_vs_final_balanced,between_final_balanced_tier_ranges,65199.0,4.814219747922499,7.035798095062808,0.8473345548995175,,,,youtube_artist_subscribers,12800,12.8K,249,MUSIC_VIDEO_TYPE_OMV,2026-07-28T18:10:58+00:00,user_04,missing album browse id
recommended,weekly_recommendation,Week2_28July,2,Youtube,User4,4,experiment_results/Week2_28July/Youtube/User4/Week4_User4_28.07.csv,Discover Mix,RDTMAK5uy_n_5IN6hzAOwdCnM8D8rzrs3vDl12UcZpA,https://music.youtube.com/playlist?list=RDTMAK5uy_n_5IN6hzAOwdCnM8D8rzrs3vDl12UcZpA,29,zJkeqJqlbWU,https://music.youtube.com/watch?v=zJkeqJqlbWU,Deliver Us From Evil,Warlord,UCyIjmoGWyk8ZI9eaQUDyIAQ,Deliver Us,2021-11-04T03:07:34-07:00,370,False,youtube_video_view_count,183709,183709,5.2641304331408225,Middle,63.333333333333336,middle_third_vs_final_balanced,within_final_balanced_middle_range,65199.0,4.814219747922499,2.8176659151213976,0.4499106852183239,,,,youtube_artist_subscribers,3150,3.15K,249,MUSIC_VIDEO_TYPE_ATV,2026-07-28T18:10:58+00:00,user_04,
recommended,weekly_recommendation,Week2_28July,2,Youtube,User4,4,experiment_results/Week2_28July/Youtube/User4/Week4_User4_28.07.csv,Discover Mix,RDTMAK5uy_n_5IN6hzAOwdCnM8D8rzrs3vDl12UcZpA,https://music.youtube.com/playlist?list=RDTMAK5uy_n_5IN6hzAOwdCnM8D8rzrs3vDl12UcZpA,30,gMMQlBr4Dwo,https://music.youtube.com/watch?v=gMMQlBr4Dwo,The Seventh Seal,Sumerlands,UCSzBBeRZgv5S58t44v_9EqQ,Sumerlands,2016-09-24T16:19:02-07:00,227,False,youtube_video_view_count,81837,81837,4.912949700526609,Middle,53.333333333333336,middle_third_vs_final_balanced,within_final_balanced_middle_range,65199.0,4.814219747922499,1.2551879630055676,0.09872995260411077,,,,youtube_artist_subscribers,1210,1.21K,123,MUSIC_VIDEO_TYPE_ATV,2026-07-28T18:10:58+00:00,user_04,
recommended,weekly_recommendation,Week2_28July,2,Youtube,User5,5,experiment_results/Week2_28July/Youtube/User5/Week5_User5_28.07.csv,Discover Mix,RDTMAK5uy_n_5IN6hzAOwdCnM8D8rzrs3vDl12UcZpA,https://music.youtube.com/playlist?list=RDTMAK5uy_n_5IN6hzAOwdCnM8D8rzrs3vDl12UcZpA,1,LEb-gW7JxM4,https://music.youtube.com/watch?v=LEb-gW7JxM4,Armageddon,Primal Fear,UCnksEYBV7qSwUIhTQR_ZGUw,Black Sun,2024-10-31T03:00:32-07:00,246,False,youtube_video_view_count,60120,60120,4.77901897191487,Middle,46.666666666666664,middle_third_vs_final_balanced,within_final_balanced_middle_range,65199.0,4.814219747922499,0.922100032209083,-0.0352007760076285,,,,youtube_artist_subscribers,25200,25.2K,122,MUSIC_VIDEO_TYPE_ATV,2026-07-28T18:12:11+00:00,user_05,
recommended,weekly_recommendation,Week2_28July,2,Youtube,User5,5,experiment_results/Week2_28July/Youtube/User5/Week5_User5_28.07.csv,Discover Mix,RDTMAK5uy_n_5IN6hzAOwdCnM8D8rzrs3vDl12UcZpA,https://music.youtube.com/playlist?list=RDTMAK5uy_n_5IN6hzAOwdCnM8D8rzrs3vDl12UcZpA,2,UX_abrEVvNM,https://music.youtube.com/watch?v=UX_abrEVvNM,Hokkabaz,Neyse,UCw1QfGL4v3Gy-QgX0O-GYAw,,2017-11-03T00:00:01-07:00,225,False,youtube_video_view_count,374469,374469,5.573415870937518,Buffer,66.66666666666667,middle_third_vs_final_balanced,between_final_balanced_tier_ranges,65199.0,4.814219747922499,5.743477660700317,0.7591961230150197,,,,youtube_artist_subscribers,730,730,249,MUSIC_VIDEO_TYPE_OMV,2026-07-28T18:12:11+00:00,user_05,missing album browse id
recommended,weekly_recommendation,Week2_28July,2,Youtube,User5,5,experiment_results/Week2_28July/Youtube/User5/Week5_User5_28.07.csv,Discover Mix,RDTMAK5uy_n_5IN6hzAOwdCnM8D8rzrs3vDl12UcZpA,https://music.youtube.com/playlist?list=RDTMAK5uy_n_5IN6hzAOwdCnM8D8rzrs3vDl12UcZpA,3,6XkX4RYJ614,https://music.youtube.com/watch?v=6XkX4RYJ614,Battle in the Sky,Bloodbound,UCMdFBg2b49RBAUr5XZxkArA,War of Dragons,2017-02-23T02:15:05-08:00,265,False,youtube_video_view_count,813440,813440,5.910325524537895,Buffer,66.66666666666667,middle_third_vs_final_balanced,between_final_balanced_tier_ranges,65199.0,4.814219747922499,12.476264973389162,1.0961057766153965,,,,youtube_artist_subscribers,18000,18K,248,MUSIC_VIDEO_TYPE_ATV,2026-07-28T18:12:11+00:00,user_05,
recommended,weekly_recommendation,Week2_28July,2,Youtube,User5,5,experiment_results/Week2_28July/Youtube/User5/Week5_User5_28.07.csv,Discover Mix,RDTMAK5uy_n_5IN6hzAOwdCnM8D8rzrs3vDl12UcZpA,https://music.youtube.com/playlist?list=RDTMAK5uy_n_5IN6hzAOwdCnM8D8rzrs3vDl12UcZpA,4,wRHReQvqKr0,https://music.youtube.com/watch?v=wRHReQvqKr0,Forevermore,Innerwish,UCv72Cf_a0iP6vHNrEogD-Gw,Ash Of Eternal Flame,2024-11-07T02:01:14-08:00,387,False,youtube_video_view_count,38371,38371,4.5840031176456115,Middle,43.333333333333336,middle_third_vs_final_balanced,within_final_balanced_middle_range,65199.0,4.814219747922499,0.5885212963389009,-0.2302166302768871,,,,youtube_artist_subscribers,4660,4.66K,122,MUSIC_VIDEO_TYPE_ATV,2026-07-28T18:12:11+00:00,user_05,
recommended,weekly_recommendation,Week2_28July,2,Youtube,User5,5,experiment_results/Week2_28July/Youtube/User5/Week5_User5_28.07.csv,Discover Mix,RDTMAK5uy_n_5IN6hzAOwdCnM8D8rzrs3vDl12UcZpA,https://music.youtube.com/playlist?list=RDTMAK5uy_n_5IN6hzAOwdCnM8D8rzrs3vDl12UcZpA,5,sXAGEmBeeDs,https://music.youtube.com/watch?v=sXAGEmBeeDs,Blinding Lights,Feuerschwanz,UCIB3k3K3hAvpkB2RDwInwTw,,2022-10-13T07:00:06-07:00,237,False,youtube_video_view_count,1983752,1983752,6.297487377614713,High,76.66666666666667,top_third_vs_final_balanced,within_final_balanced_high_range,65199.0,4.814219747922499,30.426110829920706,1.4832676296922145,,,,youtube_artist_subscribers,119000,119K,249,MUSIC_VIDEO_TYPE_OMV,2026-07-28T18:12:11+00:00,user_05,missing album browse id
recommended,weekly_recommendation,Week2_28July,2,Youtube,User5,5,experiment_results/Week2_28July/Youtube/User5/Week5_User5_28.07.csv,Discover Mix,RDTMAK5uy_n_5IN6hzAOwdCnM8D8rzrs3vDl12UcZpA,https://music.youtube.com/playlist?list=RDTMAK5uy_n_5IN6hzAOwdCnM8D8rzrs3vDl12UcZpA,6,UO37wJG1j2k,https://music.youtube.com/watch?v=UO37wJG1j2k,Metal United,Majestica,UC0oLl-AD2ikFO_WDmG4YMzw,,2021-09-10T02:01:09-07:00,234,False,youtube_video_view_count,1254359,1254359,6.098421850215395,High,70.0,top_third_vs_final_balanced,within_final_balanced_high_range,65199.0,4.814219747922499,19.23893004493934,1.2842021022928964,,,,youtube_artist_subscribers,28900,28.9K,249,MUSIC_VIDEO_TYPE_OMV,2026-07-28T18:12:11+00:00,user_05,missing album browse id
recommended,weekly_recommendation,Week2_28July,2,Youtube,User5,5,experiment_results/Week2_28July/Youtube/User5/Week5_User5_28.07.csv,Discover Mix,RDTMAK5uy_n_5IN6hzAOwdCnM8D8rzrs3vDl12UcZpA,https://music.youtube.com/playlist?list=RDTMAK5uy_n_5IN6hzAOwdCnM8D8rzrs3vDl12UcZpA,7,NSPG3D5qoYA,https://music.youtube.com/watch?v=NSPG3D5qoYA,Symphony of Avalon,Freedom Call,UC8Un9pLdux03pya-p---Urw,Silver Romance,2024-05-09T03:00:18-07:00,246,False,youtube_video_view_count,156318,156318,5.194008989859086,Middle,56.666666666666664,middle_third_vs_final_balanced,within_final_balanced_middle_range,65199.0,4.814219747922499,2.397552109694934,0.3797892419365878,,,,youtube_artist_subscribers,12200,12.2K,122,MUSIC_VIDEO_TYPE_ATV,2026-07-28T18:12:11+00:00,user_05,
recommended,weekly_recommendation,Week2_28July,2,Youtube,User5,5,experiment_results/Week2_28July/Youtube/User5/Week5_User5_28.07.csv,Discover Mix,RDTMAK5uy_n_5IN6hzAOwdCnM8D8rzrs3vDl12UcZpA,https://music.youtube.com/playlist?list=RDTMAK5uy_n_5IN6hzAOwdCnM8D8rzrs3vDl12UcZpA,8,2upIhtJz8Oo,https://music.youtube.com/watch?v=2upIhtJz8Oo,Ride to Hell,ANGUS McSIX,UCMooeoff7wXSATd31UgzBuw,,2023-06-21T07:00:09-07:00,288,False,youtube_video_view_count,564179,564179,5.751416916711487,Buffer,66.66666666666667,middle_third_vs_final_balanced,between_final_balanced_tier_ranges,65199.0,4.814219747922499,8.65318486479854,0.9371971687889884,,,,youtube_artist_subscribers,8800,8.8K,249,MUSIC_VIDEO_TYPE_OMV,2026-07-28T18:12:11+00:00,user_05,missing album browse id
recommended,weekly_recommendation,Week2_28July,2,Youtube,User5,5,experiment_results/Week2_28July/Youtube/User5/Week5_User5_28.07.csv,Discover Mix,RDTMAK5uy_n_5IN6hzAOwdCnM8D8rzrs3vDl12UcZpA,https://music.youtube.com/playlist?list=RDTMAK5uy_n_5IN6hzAOwdCnM8D8rzrs3vDl12UcZpA,9,9zUgqT94g1o,https://music.youtube.com/watch?v=9zUgqT94g1o,Run from the Crushing Tide,Ensiferum,UC9_e3R2JB9CLgfytblJdj5Q,,2021-09-16T09:00:11-07:00,275,False,youtube_video_view_count,448879,448879,5.652129288187457,Buffer,66.66666666666667,middle_third_vs_final_balanced,between_final_balanced_tier_ranges,65199.0,4.814219747922499,6.884752833632418,0.8379095402649588,,,,youtube_artist_subscribers,72600,72.6K,249,MUSIC_VIDEO_TYPE_OMV,2026-07-28T18:12:11+00:00,user_05,missing album browse id
recommended,weekly_recommendation,Week2_28July,2,Youtube,User5,5,experiment_results/Week2_28July/Youtube/User5/Week5_User5_28.07.csv,Discover Mix,RDTMAK5uy_n_5IN6hzAOwdCnM8D8rzrs3vDl12UcZpA,https://music.youtube.com/playlist?list=RDTMAK5uy_n_5IN6hzAOwdCnM8D8rzrs3vDl12UcZpA,10,dNFphskQJ48,https://music.youtube.com/watch?v=dNFphskQJ48,Return of the King,Bruce Dickinson,UC18vB5KHtNwt7B_D8NYesRA,,2024-05-21T09:00:36-07:00,309,False,youtube_video_view_count,41823,41823,4.621415181918193,Middle,43.333333333333336,middle_third_vs_final_balanced,within_final_balanced_middle_range,65199.0,4.814219747922499,0.6414668936640132,-0.1928045660043054,,,,youtube_artist_subscribers,176000,176K,249,MUSIC_VIDEO_TYPE_OMV,2026-07-28T18:12:11+00:00,user_05,missing album browse id
recommended,weekly_recommendation,Week2_28July,2,Youtube,User5,5,experiment_results/Week2_28July/Youtube/User5/Week5_User5_28.07.csv,Discover Mix,RDTMAK5uy_n_5IN6hzAOwdCnM8D8rzrs3vDl12UcZpA,https://music.youtube.com/playlist?list=RDTMAK5uy_n_5IN6hzAOwdCnM8D8rzrs3vDl12UcZpA,11,KmqgRAXygDg,https://music.youtube.com/watch?v=KmqgRAXygDg,Amen & Attack,Powerwolf,UC9LO_ioQYQay7CrsbacNqBQ,,2013-06-28T01:15:24-07:00,278,False,youtube_video_view_count,16710866,16710866,7.222998956732168,High,100.0,top_third_vs_final_balanced,above_final_balanced_max,65199.0,4.814219747922499,256.30555683369374,2.408779208809669,,,,youtube_artist_subscribers,435000,435K,249,MUSIC_VIDEO_TYPE_OMV,2026-07-28T18:12:11+00:00,user_05,missing album browse id
recommended,weekly_recommendation,Week2_28July,2,Youtube,User5,5,experiment_results/Week2_28July/Youtube/User5/Week5_User5_28.07.csv,Discover Mix,RDTMAK5uy_n_5IN6hzAOwdCnM8D8rzrs3vDl12UcZpA,https://music.youtube.com/playlist?list=RDTMAK5uy_n_5IN6hzAOwdCnM8D8rzrs3vDl12UcZpA,12,HADrV6wh1fk,https://music.youtube.com/watch?v=HADrV6wh1fk,Kind Hearted Light,Masterplan,UCQm2l9VFAwCEMR2zydt9y6w,Enlighten Me,2015-01-18T19:19:16-08:00,266,False,youtube_video_view_count,314054,314054,5.49700432923783,Buffer,66.66666666666667,middle_third_vs_final_balanced,between_final_balanced_tier_ranges,65199.0,4.814219747922499,4.816853019218086,0.6827845813153317,,,,youtube_artist_subscribers,10100,10.1K,249,MUSIC_VIDEO_TYPE_ATV,2026-07-28T18:12:11+00:00,user_05,
recommended,weekly_recommendation,Week2_28July,2,Youtube,User5,5,experiment_results/Week2_28July/Youtube/User5/Week5_User5_28.07.csv,Discover Mix,RDTMAK5uy_n_5IN6hzAOwdCnM8D8rzrs3vDl12UcZpA,https://music.youtube.com/playlist?list=RDTMAK5uy_n_5IN6hzAOwdCnM8D8rzrs3vDl12UcZpA,13,haS4Kvsx6rQ,https://music.youtube.com/watch?v=haS4Kvsx6rQ,The Fairies Dance,Tungsten,UCXZL5WaWwdiGOlJb0JRwpKQ,,2019-08-16T06:57:51-07:00,246,False,youtube_video_view_count,272917,272917,5.4360305887158615,Buffer,66.66666666666667,middle_third_vs_final_balanced,between_final_balanced_tier_ranges,65199.0,4.814219747922499,4.185907759321462,0.6218108407933629,,,,youtube_artist_subscribers,6400,6.4K,249,MUSIC_VIDEO_TYPE_OMV,2026-07-28T18:12:11+00:00,user_05,missing album browse id
recommended,weekly_recommendation,Week2_28July,2,Youtube,User5,5,experiment_results/Week2_28July/Youtube/User5/Week5_User5_28.07.csv,Discover Mix,RDTMAK5uy_n_5IN6hzAOwdCnM8D8rzrs3vDl12UcZpA,https://music.youtube.com/playlist?list=RDTMAK5uy_n_5IN6hzAOwdCnM8D8rzrs3vDl12UcZpA,14,9QYLAQ1q4RU,https://music.youtube.com/watch?v=9QYLAQ1q4RU,Brothers of the Road,KK's Priest,UCliRcXwIgFPm7ZlpwRlsLqA,,2021-07-23T17:28:13-07:00,211,False,youtube_video_view_count,922948,922948,5.965177233041912,Buffer,66.66666666666667,middle_third_vs_final_balanced,between_final_balanced_tier_ranges,65199.0,4.814219747922499,14.155861286216046,1.150957485119413,,,,youtube_artist_subscribers,10400,10.4K,249,MUSIC_VIDEO_TYPE_OMV,2026-07-28T18:12:11+00:00,user_05,missing album browse id
recommended,weekly_recommendation,Week2_28July,2,Youtube,User5,5,experiment_results/Week2_28July/Youtube/User5/Week5_User5_28.07.csv,Discover Mix,RDTMAK5uy_n_5IN6hzAOwdCnM8D8rzrs3vDl12UcZpA,https://music.youtube.com/playlist?list=RDTMAK5uy_n_5IN6hzAOwdCnM8D8rzrs3vDl12UcZpA,15,EgCCQVMIhcA,https://music.youtube.com/watch?v=EgCCQVMIhcA,My Walden,Nightwish,UCnDibivBAgWYKWi9qOiCNnA,Endless Forms Most Beautiful (Deluxe Edition),2019-04-20T07:04:53-07:00,280,False,youtube_video_view_count,382436,382436,5.582558767143436,Buffer,66.66666666666667,middle_third_vs_final_balanced,between_final_balanced_tier_ranges,65199.0,4.814219747922499,5.865672786392429,0.768339019220937,,,,youtube_artist_subscribers,1870000,1.87M,249,MUSIC_VIDEO_TYPE_ATV,2026-07-28T18:12:11+00:00,user_05,
recommended,weekly_recommendation,Week2_28July,2,Youtube,User5,5,experiment_results/Week2_28July/Youtube/User5/Week5_User5_28.07.csv,Discover Mix,RDTMAK5uy_n_5IN6hzAOwdCnM8D8rzrs3vDl12UcZpA,https://music.youtube.com/playlist?list=RDTMAK5uy_n_5IN6hzAOwdCnM8D8rzrs3vDl12UcZpA,16,GZZzLMSCm-M,https://music.youtube.com/watch?v=GZZzLMSCm-M,Forever,Kamelot,UCTAwYvdtEjXhMt0HR7d44Eg,One Cold Winter's Night,2019-01-10T02:19:00-08:00,476,False,youtube_video_view_count,330879,330879,5.519669204532079,Buffer,66.66666666666667,middle_third_vs_final_balanced,between_final_balanced_tier_ranges,65199.0,4.814219747922499,5.0749091243730735,0.7054494566095801,,,,youtube_artist_subscribers,157000,157K,249,MUSIC_VIDEO_TYPE_ATV,2026-07-28T18:12:11+00:00,user_05,
recommended,weekly_recommendation,Week2_28July,2,Youtube,User5,5,experiment_results/Week2_28July/Youtube/User5/Week5_User5_28.07.csv,Discover Mix,RDTMAK5uy_n_5IN6hzAOwdCnM8D8rzrs3vDl12UcZpA,https://music.youtube.com/playlist?list=RDTMAK5uy_n_5IN6hzAOwdCnM8D8rzrs3vDl12UcZpA,17,nnsTQq_8mR8,https://music.youtube.com/watch?v=nnsTQq_8mR8,Midnight Blitz,Tailgunner,UC55SmEdTpEtDzks2idxZzxA,,2025-11-05T07:00:16-08:00,237,False,youtube_video_view_count,1126304,1126304,6.051655626486404,Buffer,66.66666666666667,middle_third_vs_final_balanced,between_final_balanced_tier_ranges,65199.0,4.814219747922499,17.274866178929123,1.2374358785639057,,,,youtube_artist_subscribers,3370,3.37K,249,MUSIC_VIDEO_TYPE_OMV,2026-07-28T18:12:11+00:00,user_05,missing album browse id
recommended,weekly_recommendation,Week2_28July,2,Youtube,User5,5,experiment_results/Week2_28July/Youtube/User5/Week5_User5_28.07.csv,Discover Mix,RDTMAK5uy_n_5IN6hzAOwdCnM8D8rzrs3vDl12UcZpA,https://music.youtube.com/playlist?list=RDTMAK5uy_n_5IN6hzAOwdCnM8D8rzrs3vDl12UcZpA,18,sq55-0HBQ5Y,https://music.youtube.com/watch?v=sq55-0HBQ5Y,Power of Will,Dynazty,UC1_8sQRmjjw7YI2Bk-Kr_tA,Power of Will,2021-12-02T02:06:26-08:00,234,False,youtube_video_view_count,1005735,1005735,6.002483564021516,Buffer,66.66666666666667,middle_third_vs_final_balanced,between_final_balanced_tier_ranges,65199.0,4.814219747922499,15.425620024847007,1.1882638160990178,,,,youtube_artist_subscribers,42100,42.1K,249,MUSIC_VIDEO_TYPE_ATV,2026-07-28T18:12:11+00:00,user_05,
recommended,weekly_recommendation,Week2_28July,2,Youtube,User5,5,experiment_results/Week2_28July/Youtube/User5/Week5_User5_28.07.csv,Discover Mix,RDTMAK5uy_n_5IN6hzAOwdCnM8D8rzrs3vDl12UcZpA,https://music.youtube.com/playlist?list=RDTMAK5uy_n_5IN6hzAOwdCnM8D8rzrs3vDl12UcZpA,19,fay61YjCUv4,https://music.youtube.com/watch?v=fay61YjCUv4,Motor,Malt,UCRhcS75N74HlhdJlxJR-Pqw,Kendi Adını Taşıyan İlk Albüm,2025-01-09T16:36:06-08:00,196,False,youtube_video_view_count,83718,83718,4.922818844614823,Middle,53.333333333333336,middle_third_vs_final_balanced,within_final_balanced_middle_range,65199.0,4.814219747922499,1.2840380987438458,0.10859909669232426,,,,youtube_artist_subscribers,2070,2.07K,249,MUSIC_VIDEO_TYPE_ATV,2026-07-28T18:12:11+00:00,user_05,
recommended,weekly_recommendation,Week2_28July,2,Youtube,User5,5,experiment_results/Week2_28July/Youtube/User5/Week5_User5_28.07.csv,Discover Mix,RDTMAK5uy_n_5IN6hzAOwdCnM8D8rzrs3vDl12UcZpA,https://music.youtube.com/playlist?list=RDTMAK5uy_n_5IN6hzAOwdCnM8D8rzrs3vDl12UcZpA,20,A0G6TfCny-A,https://music.youtube.com/watch?v=A0G6TfCny-A,Undying Evil,Enforcer - Topic,UC4dNGpBnJCHJQky_9uxJxxg,From Beyond (Bonus Digital Booklet Version),2019-04-03T09:20:59-07:00,234,False,youtube_video_view_count,363266,363266,5.560224751830845,Buffer,66.66666666666667,middle_third_vs_final_balanced,between_final_balanced_tier_ranges,65199.0,4.814219747922499,5.571649871930551,0.7460050039083468,,,,youtube_artist_subscribers,13000,13K,249,MUSIC_VIDEO_TYPE_ATV,2026-07-28T18:12:11+00:00,user_05,
recommended,weekly_recommendation,Week2_28July,2,Youtube,User5,5,experiment_results/Week2_28July/Youtube/User5/Week5_User5_28.07.csv,Discover Mix,RDTMAK5uy_n_5IN6hzAOwdCnM8D8rzrs3vDl12UcZpA,https://music.youtube.com/playlist?list=RDTMAK5uy_n_5IN6hzAOwdCnM8D8rzrs3vDl12UcZpA,21,C1_kMRiyt5w,https://music.youtube.com/watch?v=C1_kMRiyt5w,Tyrants Serenade,Paradise Lost,UCWZ2Qw9bIIR-H2RXz297zBQ,,2025-08-15T08:00:07-07:00,256,False,youtube_video_view_count,1580056,1580056,6.1986724793974615,High,73.33333333333333,top_third_vs_final_balanced,within_final_balanced_high_range,65199.0,4.814219747922499,24.23435942269053,1.3844527314749628,,,,youtube_artist_subscribers,83400,83.4K,249,MUSIC_VIDEO_TYPE_OMV,2026-07-28T18:12:11+00:00,user_05,missing album browse id
recommended,weekly_recommendation,Week2_28July,2,Youtube,User5,5,experiment_results/Week2_28July/Youtube/User5/Week5_User5_28.07.csv,Discover Mix,RDTMAK5uy_n_5IN6hzAOwdCnM8D8rzrs3vDl12UcZpA,https://music.youtube.com/playlist?list=RDTMAK5uy_n_5IN6hzAOwdCnM8D8rzrs3vDl12UcZpA,22,zXHmPx_mFwQ,https://music.youtube.com/watch?v=zXHmPx_mFwQ,The Hidden Hand (feat. Cederick Forsberg),Tyfon's Doom,UC3e1Aw8uXx3JWIp6CE5sWdg,Emperor's Path,2017-11-16T02:31:55-08:00,199,False,youtube_video_view_count,21232,21232,4.32699090552036,Middle,33.333333333333336,middle_third_vs_final_balanced,between_final_balanced_tier_ranges,65199.0,4.814219747922499,0.32564916639825764,-0.48722884240213826,,,,youtube_artist_subscribers,28,28,123,MUSIC_VIDEO_TYPE_ATV,2026-07-28T18:12:11+00:00,user_05,
recommended,weekly_recommendation,Week2_28July,2,Youtube,User5,5,experiment_results/Week2_28July/Youtube/User5/Week5_User5_28.07.csv,Discover Mix,RDTMAK5uy_n_5IN6hzAOwdCnM8D8rzrs3vDl12UcZpA,https://music.youtube.com/playlist?list=RDTMAK5uy_n_5IN6hzAOwdCnM8D8rzrs3vDl12UcZpA,23,TEJJSeQm49c,https://music.youtube.com/watch?v=TEJJSeQm49c,Circle of Stone,Blaze Bayley,UCFWnaaPfunkgp49YYWhfBpw,,2024-01-10T23:03:21-08:00,212,False,youtube_video_view_count,284232,284232,5.453672970991441,Buffer,66.66666666666667,middle_third_vs_final_balanced,between_final_balanced_tier_ranges,65199.0,4.814219747922499,4.35945336584917,0.6394532230689425,,,,youtube_artist_subscribers,4360,4.36K,249,MUSIC_VIDEO_TYPE_OMV,2026-07-28T18:12:11+00:00,user_05,missing album browse id
recommended,weekly_recommendation,Week2_28July,2,Youtube,User5,5,experiment_results/Week2_28July/Youtube/User5/Week5_User5_28.07.csv,Discover Mix,RDTMAK5uy_n_5IN6hzAOwdCnM8D8rzrs3vDl12UcZpA,https://music.youtube.com/playlist?list=RDTMAK5uy_n_5IN6hzAOwdCnM8D8rzrs3vDl12UcZpA,24,KHHw25HE2EQ,https://music.youtube.com/watch?v=KHHw25HE2EQ,Live a Little More,SHIRAZ LANE,UCPs_f0SOpFEg9DqIrPH2ZZQ,,2025-10-07T03:00:35-07:00,197,False,youtube_video_view_count,29143,29143,4.464534256300944,Middle,36.666666666666664,middle_third_vs_final_balanced,within_final_balanced_middle_range,65199.0,4.814219747922499,0.44698538321139897,-0.34968549162155504,,,,youtube_artist_subscribers,1450,1.45K,249,MUSIC_VIDEO_TYPE_OMV,2026-07-28T18:12:11+00:00,user_05,missing album browse id
recommended,weekly_recommendation,Week2_28July,2,Youtube,User5,5,experiment_results/Week2_28July/Youtube/User5/Week5_User5_28.07.csv,Discover Mix,RDTMAK5uy_n_5IN6hzAOwdCnM8D8rzrs3vDl12UcZpA,https://music.youtube.com/playlist?list=RDTMAK5uy_n_5IN6hzAOwdCnM8D8rzrs3vDl12UcZpA,25,7sxPCgPwOmc,https://music.youtube.com/watch?v=7sxPCgPwOmc,The Voice Commanding You,Angra,UCTkcCBkaRc7knrvFO6hkr-g,Aurora Consurgens,2023-08-23T15:57:31-07:00,328,False,youtube_video_view_count,199050,199050,5.298962181920117,Middle,63.333333333333336,middle_third_vs_final_balanced,within_final_balanced_middle_range,65199.0,4.814219747922499,3.0529609349836653,0.48474243399761807,,,,youtube_artist_subscribers,322000,322K,114,MUSIC_VIDEO_TYPE_ATV,2026-07-28T18:12:11+00:00,user_05,
recommended,weekly_recommendation,Week2_28July,2,Youtube,User5,5,experiment_results/Week2_28July/Youtube/User5/Week5_User5_28.07.csv,Discover Mix,RDTMAK5uy_n_5IN6hzAOwdCnM8D8rzrs3vDl12UcZpA,https://music.youtube.com/playlist?list=RDTMAK5uy_n_5IN6hzAOwdCnM8D8rzrs3vDl12UcZpA,26,8F_ws83QcSQ,https://music.youtube.com/watch?v=8F_ws83QcSQ,Platitudes and Barren Words,Children Of Bodom,UCRiuOu6t_N0OHqpe8xORymQ,,2019-03-01T07:00:01-08:00,260,False,youtube_video_view_count,1904327,1904327,6.2797415249843525,High,76.66666666666667,top_third_vs_final_balanced,within_final_balanced_high_range,65199.0,4.814219747922499,29.20791729934508,1.4655217770618538,,,,youtube_artist_subscribers,217000,217K,249,MUSIC_VIDEO_TYPE_OMV,2026-07-28T18:12:11+00:00,user_05,missing album browse id
recommended,weekly_recommendation,Week2_28July,2,Youtube,User5,5,experiment_results/Week2_28July/Youtube/User5/Week5_User5_28.07.csv,Discover Mix,RDTMAK5uy_n_5IN6hzAOwdCnM8D8rzrs3vDl12UcZpA,https://music.youtube.com/playlist?list=RDTMAK5uy_n_5IN6hzAOwdCnM8D8rzrs3vDl12UcZpA,27,fj80c3UbyoY,https://music.youtube.com/watch?v=fj80c3UbyoY,River Walk,Philip Ayers,UCnk-ZY7dBZ7FYcN3fy0-5NQ,River Walk,2025-04-07T03:04:07-07:00,189,False,youtube_video_view_count,111302,111302,5.046502968298409,Middle,53.333333333333336,middle_third_vs_final_balanced,within_final_balanced_middle_range,65199.0,4.814219747922499,1.707112072271047,0.2322832203759102,,,,youtube_artist_subscribers,4470,4.47K,123,MUSIC_VIDEO_TYPE_ATV,2026-07-28T18:12:11+00:00,user_05,
recommended,weekly_recommendation,Week2_28July,2,Youtube,User5,5,experiment_results/Week2_28July/Youtube/User5/Week5_User5_28.07.csv,Discover Mix,RDTMAK5uy_n_5IN6hzAOwdCnM8D8rzrs3vDl12UcZpA,https://music.youtube.com/playlist?list=RDTMAK5uy_n_5IN6hzAOwdCnM8D8rzrs3vDl12UcZpA,28,7nHe7e1I_Fc,https://music.youtube.com/watch?v=7nHe7e1I_Fc,Thunderball,Art Nation,UCM_tcGRzKU7Ru7iTJYq8mBA,,2024-11-26T06:00:05-08:00,262,False,youtube_video_view_count,117458,117458,5.069882601680115,Middle,53.333333333333336,middle_third_vs_final_balanced,within_final_balanced_middle_range,65199.0,4.814219747922499,1.801530698323594,0.25566285375761666,,,,youtube_artist_subscribers,1760,1.76K,249,MUSIC_VIDEO_TYPE_OMV,2026-07-28T18:12:11+00:00,user_05,missing album browse id
recommended,weekly_recommendation,Week2_28July,2,Youtube,User5,5,experiment_results/Week2_28July/Youtube/User5/Week5_User5_28.07.csv,Discover Mix,RDTMAK5uy_n_5IN6hzAOwdCnM8D8rzrs3vDl12UcZpA,https://music.youtube.com/playlist?list=RDTMAK5uy_n_5IN6hzAOwdCnM8D8rzrs3vDl12UcZpA,29,ABGD7azyJWA,https://music.youtube.com/watch?v=ABGD7azyJWA,Elverhøy (Official Music Video),SKÁLD,UC-wIawlQBEwyFmemXR_eb9A,,2023-03-03T01:30:08-08:00,240,False,youtube_video_view_count,1722847,1722847,6.236246710990623,High,76.66666666666667,top_third_vs_final_balanced,within_final_balanced_high_range,65199.0,4.814219747922499,26.424439025138422,1.4220269630681246,,,,youtube_artist_subscribers,505000,505K,244,MUSIC_VIDEO_TYPE_OMV,2026-07-28T18:12:11+00:00,user_05,missing album browse id
recommended,weekly_recommendation,Week2_28July,2,Youtube,User5,5,experiment_results/Week2_28July/Youtube/User5/Week5_User5_28.07.csv,Discover Mix,RDTMAK5uy_n_5IN6hzAOwdCnM8D8rzrs3vDl12UcZpA,https://music.youtube.com/playlist?list=RDTMAK5uy_n_5IN6hzAOwdCnM8D8rzrs3vDl12UcZpA,30,o0GmTRm67rw,https://music.youtube.com/watch?v=o0GmTRm67rw,I Still Believe,Narnia,UCI_wDm-Vd-mk3ohNzvZq11A,,2016-09-15T23:59:41-07:00,272,False,youtube_video_view_count,700040,700040,5.845122856132769,Buffer,66.66666666666667,middle_third_vs_final_balanced,between_final_balanced_tier_ranges,65199.0,4.814219747922499,10.736974493473827,1.0309031082102704,,,,youtube_artist_subscribers,18800,18.8K,249,MUSIC_VIDEO_TYPE_OMV,2026-07-28T18:12:11+00:00,user_05,missing album browse id
recommended,weekly_recommendation,Week2_28July,2,Youtube,User6,6,experiment_results/Week2_28July/Youtube/User6/Week6_User6_28.07.csv,Discover Mix,RDTMAK5uy_n_5IN6hzAOwdCnM8D8rzrs3vDl12UcZpA,https://music.youtube.com/playlist?list=RDTMAK5uy_n_5IN6hzAOwdCnM8D8rzrs3vDl12UcZpA,1,Xp_rlSmt2P0,https://music.youtube.com/watch?v=Xp_rlSmt2P0,Dancing With the Dead,Powerwolf,UC9LO_ioQYQay7CrsbacNqBQ,,2021-06-24T05:00:12-07:00,291,False,youtube_video_view_count,12486886,12486886,7.096454146810195,High,93.33333333333333,top_third_vs_final_balanced,within_final_balanced_high_range,65199.0,4.814219747922499,191.51959385880153,2.282234398887696,,,,youtube_artist_subscribers,435000,435K,249,MUSIC_VIDEO_TYPE_OMV,2026-07-28T18:13:59+00:00,user_06,missing album browse id
recommended,weekly_recommendation,Week2_28July,2,Youtube,User6,6,experiment_results/Week2_28July/Youtube/User6/Week6_User6_28.07.csv,Discover Mix,RDTMAK5uy_n_5IN6hzAOwdCnM8D8rzrs3vDl12UcZpA,https://music.youtube.com/playlist?list=RDTMAK5uy_n_5IN6hzAOwdCnM8D8rzrs3vDl12UcZpA,2,CpAcxbtXUgQ,https://music.youtube.com/watch?v=CpAcxbtXUgQ,Deceiver of the Gods,Amon Amarth,UCOtqJNbDV4s4HI1h1YStWIw,,2014-09-20T21:11:26-07:00,258,False,youtube_video_view_count,16668113,16668113,7.221886436056305,High,100.0,top_third_vs_final_balanced,above_final_balanced_max,65199.0,4.814219747922499,255.6498259175754,2.4076666881338067,,,,youtube_artist_subscribers,532000,532K,249,MUSIC_VIDEO_TYPE_OMV,2026-07-28T18:13:59+00:00,user_06,missing album browse id
recommended,weekly_recommendation,Week2_28July,2,Youtube,User6,6,experiment_results/Week2_28July/Youtube/User6/Week6_User6_28.07.csv,Discover Mix,RDTMAK5uy_n_5IN6hzAOwdCnM8D8rzrs3vDl12UcZpA,https://music.youtube.com/playlist?list=RDTMAK5uy_n_5IN6hzAOwdCnM8D8rzrs3vDl12UcZpA,3,DF3ejxcFhoc,https://music.youtube.com/watch?v=DF3ejxcFhoc,Tears of a Dragonheart,Bloodbound,UCMdFBg2b49RBAUr5XZxkArA,War of Dragons,2017-02-23T02:15:03-08:00,230,False,youtube_video_view_count,2028468,2028468,6.307168160902539,High,76.66666666666667,top_third_vs_final_balanced,within_final_balanced_high_range,65199.0,4.814219747922499,31.111949569778677,1.4929484129800406,,,,youtube_artist_subscribers,18000,18K,248,MUSIC_VIDEO_TYPE_ATV,2026-07-28T18:13:59+00:00,user_06,
recommended,weekly_recommendation,Week2_28July,2,Youtube,User6,6,experiment_results/Week2_28July/Youtube/User6/Week6_User6_28.07.csv,Discover Mix,RDTMAK5uy_n_5IN6hzAOwdCnM8D8rzrs3vDl12UcZpA,https://music.youtube.com/playlist?list=RDTMAK5uy_n_5IN6hzAOwdCnM8D8rzrs3vDl12UcZpA,4,9QYLAQ1q4RU,https://music.youtube.com/watch?v=9QYLAQ1q4RU,Brothers of the Road,KK's Priest,UCliRcXwIgFPm7ZlpwRlsLqA,,2021-07-23T17:28:13-07:00,211,False,youtube_video_view_count,922948,922948,5.965177233041912,Buffer,66.66666666666667,middle_third_vs_final_balanced,between_final_balanced_tier_ranges,65199.0,4.814219747922499,14.155861286216046,1.150957485119413,,,,youtube_artist_subscribers,10400,10.4K,249,MUSIC_VIDEO_TYPE_OMV,2026-07-28T18:13:59+00:00,user_06,missing album browse id
recommended,weekly_recommendation,Week2_28July,2,Youtube,User6,6,experiment_results/Week2_28July/Youtube/User6/Week6_User6_28.07.csv,Discover Mix,RDTMAK5uy_n_5IN6hzAOwdCnM8D8rzrs3vDl12UcZpA,https://music.youtube.com/playlist?list=RDTMAK5uy_n_5IN6hzAOwdCnM8D8rzrs3vDl12UcZpA,5,C1_kMRiyt5w,https://music.youtube.com/watch?v=C1_kMRiyt5w,Tyrants Serenade,Paradise Lost,UCWZ2Qw9bIIR-H2RXz297zBQ,,2025-08-15T08:00:07-07:00,256,False,youtube_video_view_count,1580056,1580056,6.1986724793974615,High,73.33333333333333,top_third_vs_final_balanced,within_final_balanced_high_range,65199.0,4.814219747922499,24.23435942269053,1.3844527314749628,,,,youtube_artist_subscribers,83400,83.4K,249,MUSIC_VIDEO_TYPE_OMV,2026-07-28T18:13:59+00:00,user_06,missing album browse id
recommended,weekly_recommendation,Week2_28July,2,Youtube,User6,6,experiment_results/Week2_28July/Youtube/User6/Week6_User6_28.07.csv,Discover Mix,RDTMAK5uy_n_5IN6hzAOwdCnM8D8rzrs3vDl12UcZpA,https://music.youtube.com/playlist?list=RDTMAK5uy_n_5IN6hzAOwdCnM8D8rzrs3vDl12UcZpA,6,UW_cCYI2esE,https://music.youtube.com/watch?v=UW_cCYI2esE,Stridsgalten,Napalm Records,UCG7AaCh_CiG6pq_rRDNw72A,,2022-04-12T05:04:08-07:00,331,False,youtube_video_view_count,240940,240940,5.3819089060057985,Middle,66.66666666666667,middle_third_vs_final_balanced,between_final_balanced_tier_ranges,65199.0,4.814219747922499,3.6954554517707328,0.5676891580832999,,,,youtube_artist_subscribers,,,249,MUSIC_VIDEO_TYPE_OMV,2026-07-28T18:13:59+00:00,user_06,'musicImmersiveHeaderRenderer'
recommended,weekly_recommendation,Week2_28July,2,Youtube,User6,6,experiment_results/Week2_28July/Youtube/User6/Week6_User6_28.07.csv,Discover Mix,RDTMAK5uy_n_5IN6hzAOwdCnM8D8rzrs3vDl12UcZpA,https://music.youtube.com/playlist?list=RDTMAK5uy_n_5IN6hzAOwdCnM8D8rzrs3vDl12UcZpA,7,Ylk1UEOBPg0,https://music.youtube.com/watch?v=Ylk1UEOBPg0,Gloryhammer,Gloryhammer,UCPGTSBEsBiITt6ZaniWufag,Legends from Beyond the Galactic Terrorvortex,2019-05-30T06:30:03-07:00,301,False,youtube_video_view_count,2417766,2417766,6.383414265992736,High,76.66666666666667,top_third_vs_final_balanced,within_final_balanced_high_range,65199.0,4.814219747922499,37.082869369162104,1.5691945180702378,,,,youtube_artist_subscribers,52700,52.7K,122,MUSIC_VIDEO_TYPE_ATV,2026-07-28T18:13:59+00:00,user_06,
recommended,weekly_recommendation,Week2_28July,2,Youtube,User6,6,experiment_results/Week2_28July/Youtube/User6/Week6_User6_28.07.csv,Discover Mix,RDTMAK5uy_n_5IN6hzAOwdCnM8D8rzrs3vDl12UcZpA,https://music.youtube.com/playlist?list=RDTMAK5uy_n_5IN6hzAOwdCnM8D8rzrs3vDl12UcZpA,8,Hsi3OOZh9aQ,https://music.youtube.com/watch?v=Hsi3OOZh9aQ,Resurrection,Halford,UCRHvhb19eRZEGvd9_KMo0oA,Resurrection,2017-08-10T04:23:29-07:00,238,False,youtube_video_view_count,639973,639973,5.806161651798946,Buffer,66.66666666666667,middle_third_vs_final_balanced,between_final_balanced_tier_ranges,65199.0,4.814219747922499,9.815687357168054,0.9919419038764472,,,,youtube_artist_subscribers,11500,11.5K,123,MUSIC_VIDEO_TYPE_ATV,2026-07-28T18:13:59+00:00,user_06,
recommended,weekly_recommendation,Week2_28July,2,Youtube,User6,6,experiment_results/Week2_28July/Youtube/User6/Week6_User6_28.07.csv,Discover Mix,RDTMAK5uy_n_5IN6hzAOwdCnM8D8rzrs3vDl12UcZpA,https://music.youtube.com/playlist?list=RDTMAK5uy_n_5IN6hzAOwdCnM8D8rzrs3vDl12UcZpA,9,N4qjqEcNVVU,https://music.youtube.com/watch?v=N4qjqEcNVVU,Wings of Fire,Brymir,UCEjEuUWS79QMgsXs20-WxjA,,2019-02-11T03:13:14-08:00,260,False,youtube_video_view_count,196420,196420,5.293185706706598,Middle,63.333333333333336,middle_third_vs_final_balanced,within_final_balanced_middle_range,65199.0,4.814219747922499,3.0126228929891563,0.47896595878409975,,,,youtube_artist_subscribers,5800,5.8K,249,MUSIC_VIDEO_TYPE_OMV,2026-07-28T18:13:59+00:00,user_06,missing album browse id
recommended,weekly_recommendation,Week2_28July,2,Youtube,User6,6,experiment_results/Week2_28July/Youtube/User6/Week6_User6_28.07.csv,Discover Mix,RDTMAK5uy_n_5IN6hzAOwdCnM8D8rzrs3vDl12UcZpA,https://music.youtube.com/playlist?list=RDTMAK5uy_n_5IN6hzAOwdCnM8D8rzrs3vDl12UcZpA,10,SxOybZcRXhI,https://music.youtube.com/watch?v=SxOybZcRXhI,The Nexus,Amaranthe,UClXbyJ6lJGR3VVkLSVRmdOQ,,2013-01-25T03:00:28-08:00,267,False,youtube_video_view_count,36779570,36779570,7.565606647476314,High,100.0,top_third_vs_final_balanced,above_final_balanced_max,65199.0,4.814219747922499,564.1124863878281,2.7513868995538155,,,,youtube_artist_subscribers,402000,402K,249,MUSIC_VIDEO_TYPE_OMV,2026-07-28T18:13:59+00:00,user_06,missing album browse id
recommended,weekly_recommendation,Week2_28July,2,Youtube,User6,6,experiment_results/Week2_28July/Youtube/User6/Week6_User6_28.07.csv,Discover Mix,RDTMAK5uy_n_5IN6hzAOwdCnM8D8rzrs3vDl12UcZpA,https://music.youtube.com/playlist?list=RDTMAK5uy_n_5IN6hzAOwdCnM8D8rzrs3vDl12UcZpA,11,WbBMh-ZvnkA,https://music.youtube.com/watch?v=WbBMh-ZvnkA,Eternal Wait,Ensiferum,UC9_e3R2JB9CLgfytblJdj5Q,Ensiferum,2023-03-29T03:00:30-07:00,314,False,youtube_video_view_count,422666,422666,5.625997313818442,Buffer,66.66666666666667,middle_third_vs_final_balanced,between_final_balanced_tier_ranges,65199.0,4.814219747922499,6.4827067899814415,0.8117775658959436,,,,youtube_artist_subscribers,72600,72.6K,123,MUSIC_VIDEO_TYPE_ATV,2026-07-28T18:13:59+00:00,user_06,
recommended,weekly_recommendation,Week2_28July,2,Youtube,User6,6,experiment_results/Week2_28July/Youtube/User6/Week6_User6_28.07.csv,Discover Mix,RDTMAK5uy_n_5IN6hzAOwdCnM8D8rzrs3vDl12UcZpA,https://music.youtube.com/playlist?list=RDTMAK5uy_n_5IN6hzAOwdCnM8D8rzrs3vDl12UcZpA,12,BplgH8XSqs0,https://music.youtube.com/watch?v=BplgH8XSqs0,Heroes,Masterplan,UCQm2l9VFAwCEMR2zydt9y6w,Masterplan,2015-01-18T19:03:42-08:00,214,False,youtube_video_view_count,1126504,1126504,6.051732738159133,Buffer,66.66666666666667,middle_third_vs_final_balanced,between_final_balanced_tier_ranges,65199.0,4.814219747922499,17.277933710639733,1.2375129902366346,,,,youtube_artist_subscribers,10100,10.1K,249,MUSIC_VIDEO_TYPE_ATV,2026-07-28T18:13:59+00:00,user_06,
recommended,weekly_recommendation,Week2_28July,2,Youtube,User6,6,experiment_results/Week2_28July/Youtube/User6/Week6_User6_28.07.csv,Discover Mix,RDTMAK5uy_n_5IN6hzAOwdCnM8D8rzrs3vDl12UcZpA,https://music.youtube.com/playlist?list=RDTMAK5uy_n_5IN6hzAOwdCnM8D8rzrs3vDl12UcZpA,13,2CqirjgYIhw,https://music.youtube.com/watch?v=2CqirjgYIhw,Blood of the Forest,Duskmourn,UC02SbtEnAHAIbBrste86Nyg,Fallen Kings and Rusted Crowns,2021-06-18T04:53:34-07:00,359,False,youtube_video_view_count,26915,26915,4.429994384151707,Middle,36.666666666666664,middle_third_vs_final_balanced,within_final_balanced_middle_range,65199.0,4.814219747922499,0.41281307995521405,-0.38422536377079197,,,,youtube_artist_subscribers,2670,2.67K,249,MUSIC_VIDEO_TYPE_ATV,2026-07-28T18:13:59+00:00,user_06,
recommended,weekly_recommendation,Week2_28July,2,Youtube,User6,6,experiment_results/Week2_28July/Youtube/User6/Week6_User6_28.07.csv,Discover Mix,RDTMAK5uy_n_5IN6hzAOwdCnM8D8rzrs3vDl12UcZpA,https://music.youtube.com/playlist?list=RDTMAK5uy_n_5IN6hzAOwdCnM8D8rzrs3vDl12UcZpA,14,C8lp7c4qBeo,https://music.youtube.com/watch?v=C8lp7c4qBeo,Heavy Metal Never Dies (Remixed & Remastered),Iron Savior,UCTEWI_aTHUGJW8vSs96RUBQ,,2022-03-23T05:54:20-07:00,257,False,youtube_video_view_count,473986,473986,5.675765514221471,Buffer,66.66666666666667,middle_third_vs_final_balanced,between_final_balanced_tier_ranges,65199.0,4.814219747922499,7.269835426923726,0.8615457662989723,,,,youtube_artist_subscribers,9060,9.06K,249,MUSIC_VIDEO_TYPE_OMV,2026-07-28T18:13:59+00:00,user_06,missing album browse id
recommended,weekly_recommendation,Week2_28July,2,Youtube,User6,6,experiment_results/Week2_28July/Youtube/User6/Week6_User6_28.07.csv,Discover Mix,RDTMAK5uy_n_5IN6hzAOwdCnM8D8rzrs3vDl12UcZpA,https://music.youtube.com/playlist?list=RDTMAK5uy_n_5IN6hzAOwdCnM8D8rzrs3vDl12UcZpA,15,NNUxAWjRkNo,https://music.youtube.com/watch?v=NNUxAWjRkNo,No Remorse,Diamond Head,UClfb_0PCjjd-NAa7Nt-FgQw,,2020-11-20T04:59:11-08:00,395,False,youtube_video_view_count,1636244,1636244,6.2138480670322,High,76.66666666666667,top_third_vs_final_balanced,within_final_balanced_high_range,65199.0,4.814219747922499,25.09615178146904,1.3996283191097012,,,,youtube_artist_subscribers,65800,65.8K,249,MUSIC_VIDEO_TYPE_OMV,2026-07-28T18:13:59+00:00,user_06,missing album browse id
recommended,weekly_recommendation,Week2_28July,2,Youtube,User6,6,experiment_results/Week2_28July/Youtube/User6/Week6_User6_28.07.csv,Discover Mix,RDTMAK5uy_n_5IN6hzAOwdCnM8D8rzrs3vDl12UcZpA,https://music.youtube.com/playlist?list=RDTMAK5uy_n_5IN6hzAOwdCnM8D8rzrs3vDl12UcZpA,16,4SrneiMeXnY,https://music.youtube.com/watch?v=4SrneiMeXnY,Burn,W.A.S.P.,UCctxEm07OfzGTFp9DftBeyg,Babylon,2017-11-27T10:47:04-08:00,291,False,youtube_video_view_count,199391,199391,5.299705551475391,Middle,63.333333333333336,middle_third_vs_final_balanced,within_final_balanced_middle_range,65199.0,4.814219747922499,3.058191076550254,0.4854858035528924,,,,youtube_artist_subscribers,149000,149K,122,MUSIC_VIDEO_TYPE_ATV,2026-07-28T18:13:59+00:00,user_06,
recommended,weekly_recommendation,Week2_28July,2,Youtube,User6,6,experiment_results/Week2_28July/Youtube/User6/Week6_User6_28.07.csv,Discover Mix,RDTMAK5uy_n_5IN6hzAOwdCnM8D8rzrs3vDl12UcZpA,https://music.youtube.com/playlist?list=RDTMAK5uy_n_5IN6hzAOwdCnM8D8rzrs3vDl12UcZpA,17,d8TaMQkBImQ,https://music.youtube.com/watch?v=d8TaMQkBImQ,Ghost in The Bottle,Blaze Bayley,UCFWnaaPfunkgp49YYWhfBpw,,2024-09-06T01:00:33-07:00,203,False,youtube_video_view_count,100057,100057,5.000247477330344,Middle,53.333333333333336,middle_third_vs_final_balanced,within_final_balanced_middle_range,65199.0,4.814219747922499,1.5346401018420528,0.1860277294078454,,,,youtube_artist_subscribers,4360,4.36K,249,MUSIC_VIDEO_TYPE_OMV,2026-07-28T18:13:59+00:00,user_06,missing album browse id
recommended,weekly_recommendation,Week2_28July,2,Youtube,User6,6,experiment_results/Week2_28July/Youtube/User6/Week6_User6_28.07.csv,Discover Mix,RDTMAK5uy_n_5IN6hzAOwdCnM8D8rzrs3vDl12UcZpA,https://music.youtube.com/playlist?list=RDTMAK5uy_n_5IN6hzAOwdCnM8D8rzrs3vDl12UcZpA,18,nFGkutszRFA,https://music.youtube.com/watch?v=nFGkutszRFA,The Other Son of Odin,Brothers of Metal,UC7apj1hieWRm-ji4_Umt2GA,The Other Son of Odin,2022-03-17T03:02:29-07:00,206,False,youtube_video_view_count,3268064,3268064,6.51429055293219,High,76.66666666666667,top_third_vs_final_balanced,within_final_balanced_high_range,65199.0,4.814219747922499,50.124449761499406,1.700070805009691,,,,youtube_artist_subscribers,105000,105K,249,MUSIC_VIDEO_TYPE_ATV,2026-07-28T18:13:59+00:00,user_06,
recommended,weekly_recommendation,Week2_28July,2,Youtube,User6,6,experiment_results/Week2_28July/Youtube/User6/Week6_User6_28.07.csv,Discover Mix,RDTMAK5uy_n_5IN6hzAOwdCnM8D8rzrs3vDl12UcZpA,https://music.youtube.com/playlist?list=RDTMAK5uy_n_5IN6hzAOwdCnM8D8rzrs3vDl12UcZpA,19,2yn-GNKIsCo,https://music.youtube.com/watch?v=2yn-GNKIsCo,Higher,NorthTale,UCCp5RYaz6-TOH2Q0tTr2VoQ,Welcome to Paradise,2019-08-01T03:05:59-07:00,226,False,youtube_video_view_count,92485,92485,4.966071300895988,Middle,53.333333333333336,middle_third_vs_final_balanced,within_final_balanced_middle_range,65199.0,4.814219747922499,1.4185033512783938,0.15185155297348896,,,,youtube_artist_subscribers,6790,6.79K,249,MUSIC_VIDEO_TYPE_ATV,2026-07-28T18:13:59+00:00,user_06,
recommended,weekly_recommendation,Week2_28July,2,Youtube,User6,6,experiment_results/Week2_28July/Youtube/User6/Week6_User6_28.07.csv,Discover Mix,RDTMAK5uy_n_5IN6hzAOwdCnM8D8rzrs3vDl12UcZpA,https://music.youtube.com/playlist?list=RDTMAK5uy_n_5IN6hzAOwdCnM8D8rzrs3vDl12UcZpA,20,JPm46Qgyn24,https://music.youtube.com/watch?v=JPm46Qgyn24,Gunman,Orden Ogan,UCZzrOhpSH_iXyc8bUzbzT-w,,2017-05-19T09:22:42-07:00,360,False,youtube_video_view_count,12068155,12068155,7.08164087949536,High,93.33333333333333,top_third_vs_final_balanced,within_final_balanced_high_range,65199.0,4.814219747922499,185.0972407552263,2.2674211315728616,,,,youtube_artist_subscribers,29300,29.3K,249,MUSIC_VIDEO_TYPE_OMV,2026-07-28T18:13:59+00:00,user_06,missing album browse id
recommended,weekly_recommendation,Week2_28July,2,Youtube,User6,6,experiment_results/Week2_28July/Youtube/User6/Week6_User6_28.07.csv,Discover Mix,RDTMAK5uy_n_5IN6hzAOwdCnM8D8rzrs3vDl12UcZpA,https://music.youtube.com/playlist?list=RDTMAK5uy_n_5IN6hzAOwdCnM8D8rzrs3vDl12UcZpA,21,UGJV6cJkFcc,https://music.youtube.com/watch?v=UGJV6cJkFcc,Eagleheart,Stratovarius,UCrmWShE1Kjc31dCC5g2Ti2w,,2010-06-09T18:03:18-07:00,232,False,youtube_video_view_count,14460075,14460075,7.160170545517411,High,100.0,top_third_vs_final_balanced,above_final_balanced_max,65199.0,4.814219747922499,221.7836930014264,2.345950797594912,,,,youtube_artist_subscribers,177000,177K,249,MUSIC_VIDEO_TYPE_OMV,2026-07-28T18:13:59+00:00,user_06,missing album browse id
recommended,weekly_recommendation,Week2_28July,2,Youtube,User6,6,experiment_results/Week2_28July/Youtube/User6/Week6_User6_28.07.csv,Discover Mix,RDTMAK5uy_n_5IN6hzAOwdCnM8D8rzrs3vDl12UcZpA,https://music.youtube.com/playlist?list=RDTMAK5uy_n_5IN6hzAOwdCnM8D8rzrs3vDl12UcZpA,22,Aah4nfXosDs,https://music.youtube.com/watch?v=Aah4nfXosDs,Dancing Shadow,Amorphis,UCRAHc1Aild5p1Zmy2rAgVmA,Dancing Shadow,2025-08-07T03:04:58-07:00,299,False,youtube_video_view_count,487992,487992,5.688412702362682,Buffer,66.66666666666667,middle_third_vs_final_balanced,between_final_balanced_tier_ranges,65199.0,4.814219747922499,7.484654672617678,0.8741929544401836,,,,youtube_artist_subscribers,68700,68.7K,121,MUSIC_VIDEO_TYPE_ATV,2026-07-28T18:13:59+00:00,user_06,
recommended,weekly_recommendation,Week2_28July,2,Youtube,User6,6,experiment_results/Week2_28July/Youtube/User6/Week6_User6_28.07.csv,Discover Mix,RDTMAK5uy_n_5IN6hzAOwdCnM8D8rzrs3vDl12UcZpA,https://music.youtube.com/playlist?list=RDTMAK5uy_n_5IN6hzAOwdCnM8D8rzrs3vDl12UcZpA,23,GClPj0RmU6s,https://music.youtube.com/watch?v=GClPj0RmU6s,Drums of Midgard,Bjorth,UCsF9xEBIasTCHP_NH93_DDQ,,2020-08-02T08:36:05-07:00,185,False,youtube_video_view_count,1911551,1911551,6.281385889445346,High,76.66666666666667,top_third_vs_final_balanced,within_final_balanced_high_range,65199.0,4.814219747922499,29.318716544732283,1.4671661415228474,,,,youtube_artist_subscribers,73000,73K,249,MUSIC_VIDEO_TYPE_OMV,2026-07-28T18:13:59+00:00,user_06,missing album browse id
recommended,weekly_recommendation,Week2_28July,2,Youtube,User6,6,experiment_results/Week2_28July/Youtube/User6/Week6_User6_28.07.csv,Discover Mix,RDTMAK5uy_n_5IN6hzAOwdCnM8D8rzrs3vDl12UcZpA,https://music.youtube.com/playlist?list=RDTMAK5uy_n_5IN6hzAOwdCnM8D8rzrs3vDl12UcZpA,24,iTUx86C7DwU,https://music.youtube.com/watch?v=iTUx86C7DwU,Merciless Times,Myrath,UCQwuWn3vcj96d7gOkax5qbQ,,2011-10-04T10:06:48-07:00,211,False,youtube_video_view_count,959650,959650,5.982112867639261,Buffer,66.66666666666667,middle_third_vs_final_balanced,between_final_balanced_tier_ranges,65199.0,4.814219747922499,14.718784030429914,1.1678931197167621,,,,youtube_artist_subscribers,51100,51.1K,249,MUSIC_VIDEO_TYPE_OMV,2026-07-28T18:13:59+00:00,user_06,missing album browse id
recommended,weekly_recommendation,Week2_28July,2,Youtube,User6,6,experiment_results/Week2_28July/Youtube/User6/Week6_User6_28.07.csv,Discover Mix,RDTMAK5uy_n_5IN6hzAOwdCnM8D8rzrs3vDl12UcZpA,https://music.youtube.com/playlist?list=RDTMAK5uy_n_5IN6hzAOwdCnM8D8rzrs3vDl12UcZpA,25,NHU2-zGEQa8,https://music.youtube.com/watch?v=NHU2-zGEQa8,Dreamland,Hammerfall,UCOspMA8k5GDzhPH7EsZ_IwQ,Legacy of Kings,2019-04-20T08:04:34-07:00,343,False,youtube_video_view_count,415036,415036,5.618085768816335,Buffer,66.66666666666667,middle_third_vs_final_balanced,between_final_balanced_tier_ranges,65199.0,4.814219747922499,6.365680455221706,0.8038660208938362,,,,youtube_artist_subscribers,108000,108K,249,MUSIC_VIDEO_TYPE_ATV,2026-07-28T18:13:59+00:00,user_06,
recommended,weekly_recommendation,Week2_28July,2,Youtube,User6,6,experiment_results/Week2_28July/Youtube/User6/Week6_User6_28.07.csv,Discover Mix,RDTMAK5uy_n_5IN6hzAOwdCnM8D8rzrs3vDl12UcZpA,https://music.youtube.com/playlist?list=RDTMAK5uy_n_5IN6hzAOwdCnM8D8rzrs3vDl12UcZpA,26,zIzQNBmEI8g,https://music.youtube.com/watch?v=zIzQNBmEI8g,Devil's Light,Novembers Doom,UCWXs-ywGzplh7NeaaC7fKdA,Hamartia,2021-03-01T01:30:07-08:00,306,False,youtube_video_view_count,37509,37509,4.5741354858976955,Middle,43.333333333333336,middle_third_vs_final_balanced,within_final_balanced_middle_range,65199.0,4.814219747922499,0.5753002346661759,-0.24008426202480315,,,,youtube_artist_subscribers,6250,6.25K,249,MUSIC_VIDEO_TYPE_ATV,2026-07-28T18:13:59+00:00,user_06,
recommended,weekly_recommendation,Week2_28July,2,Youtube,User6,6,experiment_results/Week2_28July/Youtube/User6/Week6_User6_28.07.csv,Discover Mix,RDTMAK5uy_n_5IN6hzAOwdCnM8D8rzrs3vDl12UcZpA,https://music.youtube.com/playlist?list=RDTMAK5uy_n_5IN6hzAOwdCnM8D8rzrs3vDl12UcZpA,27,Ia07P2F6bws,https://music.youtube.com/watch?v=Ia07P2F6bws,Unisonic,Unisonic,UC8vgpAbUBB9EnA-qSB6Ie8w,Unisonic,2017-11-19T18:31:20-08:00,206,False,youtube_video_view_count,123478,123478,5.091589586504922,Middle,53.333333333333336,middle_third_vs_final_balanced,within_final_balanced_middle_range,65199.0,4.814219747922499,1.8938634028129266,0.27736983858242326,,,,youtube_artist_subscribers,4540,4.54K,123,MUSIC_VIDEO_TYPE_ATV,2026-07-28T18:13:59+00:00,user_06,
recommended,weekly_recommendation,Week2_28July,2,Youtube,User6,6,experiment_results/Week2_28July/Youtube/User6/Week6_User6_28.07.csv,Discover Mix,RDTMAK5uy_n_5IN6hzAOwdCnM8D8rzrs3vDl12UcZpA,https://music.youtube.com/playlist?list=RDTMAK5uy_n_5IN6hzAOwdCnM8D8rzrs3vDl12UcZpA,28,FBnIC1hRWO8,https://music.youtube.com/watch?v=FBnIC1hRWO8,Barbarian,Napalm Records,UCG7AaCh_CiG6pq_rRDNw72A,,2020-06-19T07:00:06-07:00,224,False,youtube_video_view_count,60638,60638,4.78274486869115,Middle,46.666666666666664,middle_third_vs_final_balanced,within_final_balanced_middle_range,65199.0,4.814219747922499,0.9300449393395605,-0.031474879231348396,,,,youtube_artist_subscribers,,,249,MUSIC_VIDEO_TYPE_OMV,2026-07-28T18:13:59+00:00,user_06,'musicImmersiveHeaderRenderer'
recommended,weekly_recommendation,Week2_28July,2,Youtube,User6,6,experiment_results/Week2_28July/Youtube/User6/Week6_User6_28.07.csv,Discover Mix,RDTMAK5uy_n_5IN6hzAOwdCnM8D8rzrs3vDl12UcZpA,https://music.youtube.com/playlist?list=RDTMAK5uy_n_5IN6hzAOwdCnM8D8rzrs3vDl12UcZpA,29,4mcTd8YPQ18,https://music.youtube.com/watch?v=4mcTd8YPQ18,Waterfall,Dynazty,UC1_8sQRmjjw7YI2Bk-Kr_tA,,2020-03-13T06:55:07-07:00,262,False,youtube_video_view_count,2045817,2045817,6.310866783117747,High,76.66666666666667,top_third_vs_final_balanced,within_final_balanced_high_range,65199.0,4.814219747922499,31.37804260801546,1.4966470351952488,,,,youtube_artist_subscribers,42100,42.1K,249,MUSIC_VIDEO_TYPE_OMV,2026-07-28T18:13:59+00:00,user_06,missing album browse id
recommended,weekly_recommendation,Week2_28July,2,Youtube,User6,6,experiment_results/Week2_28July/Youtube/User6/Week6_User6_28.07.csv,Discover Mix,RDTMAK5uy_n_5IN6hzAOwdCnM8D8rzrs3vDl12UcZpA,https://music.youtube.com/playlist?list=RDTMAK5uy_n_5IN6hzAOwdCnM8D8rzrs3vDl12UcZpA,30,7KFLZfNtbE8,https://music.youtube.com/watch?v=7KFLZfNtbE8,Breaking Away,Avantasia,UCoo3R3_6QAn0cXTkgaM-QKQ,"The Metal Opera, Pt. I",2015-01-27T13:03:13-08:00,276,False,youtube_video_view_count,1091498,1091498,6.038022944268924,Buffer,66.66666666666667,middle_third_vs_final_balanced,between_final_balanced_tier_ranges,65199.0,4.814219747922499,16.741023635331832,1.2238031963464255,,,,youtube_artist_subscribers,122000,122K,249,MUSIC_VIDEO_TYPE_ATV,2026-07-28T18:13:59+00:00,user_06,
recommended,weekly_recommendation,Week2_28July,2,Youtube,User7,7,experiment_results/Week2_28July/Youtube/User7/Week7_User7_28.07.csv,Discover Mix,RDTMAK5uy_n_5IN6hzAOwdCnM8D8rzrs3vDl12UcZpA,https://music.youtube.com/playlist?list=RDTMAK5uy_n_5IN6hzAOwdCnM8D8rzrs3vDl12UcZpA,1,3mbvWn1EY6g,https://music.youtube.com/watch?v=3mbvWn1EY6g,Ace of Spades,Motörhead,UC29TwdZt2GUC-AqbhFs_uSA,,2020-10-27T08:00:09-07:00,165,False,youtube_video_view_count,68906309,68906309,7.838258987342288,High,100.0,top_third_vs_final_balanced,above_final_balanced_max,65199.0,4.814219747922499,1056.8614395926318,3.024039239419789,,,,youtube_artist_subscribers,954000,954K,249,MUSIC_VIDEO_TYPE_OMV,2026-07-28T18:15:06+00:00,user_07,missing album browse id
recommended,weekly_recommendation,Week2_28July,2,Youtube,User7,7,experiment_results/Week2_28July/Youtube/User7/Week7_User7_28.07.csv,Discover Mix,RDTMAK5uy_n_5IN6hzAOwdCnM8D8rzrs3vDl12UcZpA,https://music.youtube.com/playlist?list=RDTMAK5uy_n_5IN6hzAOwdCnM8D8rzrs3vDl12UcZpA,2,tVgUKJzDMnI,https://music.youtube.com/watch?v=tVgUKJzDMnI,Ljósálfur,SKÁLD,UC-wIawlQBEwyFmemXR_eb9A,Huldufólk,2023-01-19T02:04:39-08:00,188,False,youtube_video_view_count,1549155,1549155,6.190094873070351,High,73.33333333333333,top_third_vs_final_balanced,within_final_balanced_high_range,65199.0,4.814219747922499,23.76041043574288,1.3758751251478527,,,,youtube_artist_subscribers,505000,505K,121,MUSIC_VIDEO_TYPE_ATV,2026-07-28T18:15:06+00:00,user_07,
recommended,weekly_recommendation,Week2_28July,2,Youtube,User7,7,experiment_results/Week2_28July/Youtube/User7/Week7_User7_28.07.csv,Discover Mix,RDTMAK5uy_n_5IN6hzAOwdCnM8D8rzrs3vDl12UcZpA,https://music.youtube.com/playlist?list=RDTMAK5uy_n_5IN6hzAOwdCnM8D8rzrs3vDl12UcZpA,3,iywaBOMvYLI,https://music.youtube.com/watch?v=iywaBOMvYLI,Toxicity,System Of A Down,UCDJftX2zx_UT_QSnBGIF96w,,2009-10-02T08:16:02-07:00,225,False,youtube_video_view_count,1202037008,1202037008,9.07991783881711,High,100.0,top_third_vs_final_balanced,above_final_balanced_max,65199.0,4.814219747922499,18436.433196828173,4.265698090894611,,,,youtube_artist_subscribers,8250000,8.25M,248,MUSIC_VIDEO_TYPE_OMV,2026-07-28T18:15:06+00:00,user_07,missing album browse id
recommended,weekly_recommendation,Week2_28July,2,Youtube,User7,7,experiment_results/Week2_28July/Youtube/User7/Week7_User7_28.07.csv,Discover Mix,RDTMAK5uy_n_5IN6hzAOwdCnM8D8rzrs3vDl12UcZpA,https://music.youtube.com/playlist?list=RDTMAK5uy_n_5IN6hzAOwdCnM8D8rzrs3vDl12UcZpA,4,L397TWLwrUU,https://music.youtube.com/watch?v=L397TWLwrUU,Breaking The Law (Official Music Video),Judas Priest,UCy6-RHgm74I8CCCvMu4NPJQ,,2009-11-24T05:38:04-08:00,158,False,youtube_video_view_count,91388971,91388971,7.960893787387524,High,100.0,top_third_vs_final_balanced,above_final_balanced_max,65199.0,4.814219747922499,1401.6928327121582,3.146674039465025,,,,youtube_artist_subscribers,1310000,1.31M,249,MUSIC_VIDEO_TYPE_OMV,2026-07-28T18:15:06+00:00,user_07,missing album browse id
recommended,weekly_recommendation,Week2_28July,2,Youtube,User7,7,experiment_results/Week2_28July/Youtube/User7/Week7_User7_28.07.csv,Discover Mix,RDTMAK5uy_n_5IN6hzAOwdCnM8D8rzrs3vDl12UcZpA,https://music.youtube.com/playlist?list=RDTMAK5uy_n_5IN6hzAOwdCnM8D8rzrs3vDl12UcZpA,5,1Q2NJylEtrw,https://music.youtube.com/watch?v=1Q2NJylEtrw,When the Lights Are Down,Kamelot,UCTAwYvdtEjXhMt0HR7d44Eg,The Black Halo,2016-02-09T16:07:17-08:00,222,False,youtube_video_view_count,2380308,2380308,6.376633156235478,High,76.66666666666667,top_third_vs_final_balanced,within_final_balanced_high_range,65199.0,4.814219747922499,36.508351355082134,1.5624134083129793,,,,youtube_artist_subscribers,157000,157K,227,MUSIC_VIDEO_TYPE_ATV,2026-07-28T18:15:06+00:00,user_07,
recommended,weekly_recommendation,Week2_28July,2,Youtube,User7,7,experiment_results/Week2_28July/Youtube/User7/Week7_User7_28.07.csv,Discover Mix,RDTMAK5uy_n_5IN6hzAOwdCnM8D8rzrs3vDl12UcZpA,https://music.youtube.com/playlist?list=RDTMAK5uy_n_5IN6hzAOwdCnM8D8rzrs3vDl12UcZpA,6,8Xv941u59o8,https://music.youtube.com/watch?v=8Xv941u59o8,Slaying The Dreamer,Nightwish,UCnDibivBAgWYKWi9qOiCNnA,Century Child,2023-02-04T07:35:31-08:00,272,False,youtube_video_view_count,550518,550518,5.740771523440148,Buffer,66.66666666666667,middle_third_vs_final_balanced,between_final_balanced_tier_ranges,65199.0,4.814219747922499,8.443657111305388,0.9265517755176491,,,,youtube_artist_subscribers,1870000,1.87M,123,MUSIC_VIDEO_TYPE_ATV,2026-07-28T18:15:06+00:00,user_07,
recommended,weekly_recommendation,Week2_28July,2,Youtube,User7,7,experiment_results/Week2_28July/Youtube/User7/Week7_User7_28.07.csv,Discover Mix,RDTMAK5uy_n_5IN6hzAOwdCnM8D8rzrs3vDl12UcZpA,https://music.youtube.com/playlist?list=RDTMAK5uy_n_5IN6hzAOwdCnM8D8rzrs3vDl12UcZpA,7,y2q5R9HU7C0,https://music.youtube.com/watch?v=y2q5R9HU7C0,SKÅL! by Miracle Of Sound,Miracle of Sound,UCgVlMhRaM_83zLomevX-ZgQ,,2023-03-10T07:00:49-08:00,173,False,youtube_video_view_count,49219884,49219884,7.692140585835308,High,100.0,top_third_vs_final_balanced,above_final_balanced_max,65199.0,4.814219747922499,754.9177748124971,2.877920837912809,,,,youtube_artist_subscribers,1190000,1.19M,249,MUSIC_VIDEO_TYPE_OMV,2026-07-28T18:15:06+00:00,user_07,missing album browse id
recommended,weekly_recommendation,Week2_28July,2,Youtube,User7,7,experiment_results/Week2_28July/Youtube/User7/Week7_User7_28.07.csv,Discover Mix,RDTMAK5uy_n_5IN6hzAOwdCnM8D8rzrs3vDl12UcZpA,https://music.youtube.com/playlist?list=RDTMAK5uy_n_5IN6hzAOwdCnM8D8rzrs3vDl12UcZpA,8,-2WqQY_xSSM,https://music.youtube.com/watch?v=-2WqQY_xSSM,In My Sword I Trust,Ensiferum,UC9_e3R2JB9CLgfytblJdj5Q,,2012-08-20T00:00:13-07:00,331,False,youtube_video_view_count,7650110,7650110,6.883667679865977,High,93.33333333333333,top_third_vs_final_balanced,within_final_balanced_high_range,65199.0,4.814219747922499,117.33477507323732,2.069447931943478,,,,youtube_artist_subscribers,72600,72.6K,249,MUSIC_VIDEO_TYPE_OMV,2026-07-28T18:15:06+00:00,user_07,missing album browse id
recommended,weekly_recommendation,Week2_28July,2,Youtube,User7,7,experiment_results/Week2_28July/Youtube/User7/Week7_User7_28.07.csv,Discover Mix,RDTMAK5uy_n_5IN6hzAOwdCnM8D8rzrs3vDl12UcZpA,https://music.youtube.com/playlist?list=RDTMAK5uy_n_5IN6hzAOwdCnM8D8rzrs3vDl12UcZpA,9,W3q8Od5qJio,https://music.youtube.com/watch?v=W3q8Od5qJio,Rammstein - Du Hast (Official 4K Video),Rammstein,UCs6GGpd9zvsYghuYe0VDFUQ,,2015-07-31T07:37:12-07:00,236,False,youtube_video_view_count,714111740,714111740,8.853766172936561,High,100.0,top_third_vs_final_balanced,above_final_balanced_max,65199.0,4.814219747922499,10952.802036841056,4.039546425014063,,,,youtube_artist_subscribers,9310000,9.31M,249,MUSIC_VIDEO_TYPE_OMV,2026-07-28T18:15:06+00:00,user_07,missing album browse id
recommended,weekly_recommendation,Week2_28July,2,Youtube,User7,7,experiment_results/Week2_28July/Youtube/User7/Week7_User7_28.07.csv,Discover Mix,RDTMAK5uy_n_5IN6hzAOwdCnM8D8rzrs3vDl12UcZpA,https://music.youtube.com/playlist?list=RDTMAK5uy_n_5IN6hzAOwdCnM8D8rzrs3vDl12UcZpA,10,hhHcNGZ5OBI,https://music.youtube.com/watch?v=hhHcNGZ5OBI,Warriors of the World United,Manowar,UCYNIpBZ3RonbMWRN0ff5OPQ,Warriors of the World,2022-08-03T11:13:27-07:00,352,False,youtube_video_view_count,52314663,52314663,7.7186234320311335,High,100.0,top_third_vs_final_balanced,above_final_balanced_max,65199.0,4.814219747922499,802.3844384116321,2.904403684108635,,,,youtube_artist_subscribers,420000,420K,249,MUSIC_VIDEO_TYPE_ATV,2026-07-28T18:15:06+00:00,user_07,
recommended,weekly_recommendation,Week2_28July,2,Youtube,User7,7,experiment_results/Week2_28July/Youtube/User7/Week7_User7_28.07.csv,Discover Mix,RDTMAK5uy_n_5IN6hzAOwdCnM8D8rzrs3vDl12UcZpA,https://music.youtube.com/playlist?list=RDTMAK5uy_n_5IN6hzAOwdCnM8D8rzrs3vDl12UcZpA,11,coM3Ahz6XEo,https://music.youtube.com/watch?v=coM3Ahz6XEo,Black Dragon,Luca Turilli (Band),UCvqiG-TMYWrD8HCAmtTNlag,King of the Nordic Twilight,2018-04-30T06:28:53-07:00,306,False,youtube_video_view_count,2998499,2998499,6.476903908336528,High,76.66666666666667,top_third_vs_final_balanced,within_final_balanced_high_range,65199.0,4.814219747922499,45.98995383364775,1.6626841604140292,,,,youtube_artist_subscribers,19400,19.4K,123,MUSIC_VIDEO_TYPE_ATV,2026-07-28T18:15:06+00:00,user_07,
recommended,weekly_recommendation,Week2_28July,2,Youtube,User7,7,experiment_results/Week2_28July/Youtube/User7/Week7_User7_28.07.csv,Discover Mix,RDTMAK5uy_n_5IN6hzAOwdCnM8D8rzrs3vDl12UcZpA,https://music.youtube.com/playlist?list=RDTMAK5uy_n_5IN6hzAOwdCnM8D8rzrs3vDl12UcZpA,12,OaIObpuxj5s,https://music.youtube.com/watch?v=OaIObpuxj5s,Universe on Fire,Gloryhammer,UCPGTSBEsBiITt6ZaniWufag,Space 1992: Rise of the Chaos Wizards,2017-11-27T10:28:52-08:00,247,False,youtube_video_view_count,4055897,4055897,6.608086917503874,High,80.0,top_third_vs_final_balanced,within_final_balanced_high_range,65199.0,4.814219747922499,62.20796331232074,1.7938671695813753,,,,youtube_artist_subscribers,52700,52.7K,122,MUSIC_VIDEO_TYPE_ATV,2026-07-28T18:15:06+00:00,user_07,
recommended,weekly_recommendation,Week2_28July,2,Youtube,User7,7,experiment_results/Week2_28July/Youtube/User7/Week7_User7_28.07.csv,Discover Mix,RDTMAK5uy_n_5IN6hzAOwdCnM8D8rzrs3vDl12UcZpA,https://music.youtube.com/playlist?list=RDTMAK5uy_n_5IN6hzAOwdCnM8D8rzrs3vDl12UcZpA,13,MpiK6ncKQfM,https://music.youtube.com/watch?v=MpiK6ncKQfM,Powersnake,Brothers of Metal,UC7apj1hieWRm-ji4_Umt2GA,Emblas Saga,2020-01-09T02:00:56-08:00,224,False,youtube_video_view_count,9458024,9458024,6.975800411715181,High,93.33333333333333,top_third_vs_final_balanced,within_final_balanced_high_range,65199.0,4.814219747922499,145.06394269850765,2.161580663792682,,,,youtube_artist_subscribers,105000,105K,249,MUSIC_VIDEO_TYPE_ATV,2026-07-28T18:15:06+00:00,user_07,
recommended,weekly_recommendation,Week2_28July,2,Youtube,User7,7,experiment_results/Week2_28July/Youtube/User7/Week7_User7_28.07.csv,Discover Mix,RDTMAK5uy_n_5IN6hzAOwdCnM8D8rzrs3vDl12UcZpA,https://music.youtube.com/playlist?list=RDTMAK5uy_n_5IN6hzAOwdCnM8D8rzrs3vDl12UcZpA,14,Pck2j0xPYlU,https://music.youtube.com/watch?v=Pck2j0xPYlU,Natural Born Killer,Dynazty,UC1_8sQRmjjw7YI2Bk-Kr_tA,,2022-06-24T04:59:30-07:00,207,False,youtube_video_view_count,2309673,2309673,6.36355049749033,High,76.66666666666667,top_third_vs_final_balanced,within_final_balanced_high_range,65199.0,4.814219747922499,35.42497584318778,1.5493307495678312,,,,youtube_artist_subscribers,42100,42.1K,249,MUSIC_VIDEO_TYPE_OMV,2026-07-28T18:15:06+00:00,user_07,missing album browse id
recommended,weekly_recommendation,Week2_28July,2,Youtube,User7,7,experiment_results/Week2_28July/Youtube/User7/Week7_User7_28.07.csv,Discover Mix,RDTMAK5uy_n_5IN6hzAOwdCnM8D8rzrs3vDl12UcZpA,https://music.youtube.com/playlist?list=RDTMAK5uy_n_5IN6hzAOwdCnM8D8rzrs3vDl12UcZpA,15,cXOAcuNhFS4,https://music.youtube.com/watch?v=cXOAcuNhFS4,Killers With the Cross (feat. Björn Strid),Powerwolf,UC9LO_ioQYQay7CrsbacNqBQ,,2018-09-07T05:52:10-07:00,296,False,youtube_video_view_count,19852756,19852756,7.29782080492831,High,100.0,top_third_vs_final_balanced,above_final_balanced_max,65199.0,4.814219747922499,304.49479286492124,2.483601057005812,,,,youtube_artist_subscribers,435000,435K,249,MUSIC_VIDEO_TYPE_OMV,2026-07-28T18:15:06+00:00,user_07,missing album browse id
recommended,weekly_recommendation,Week2_28July,2,Youtube,User7,7,experiment_results/Week2_28July/Youtube/User7/Week7_User7_28.07.csv,Discover Mix,RDTMAK5uy_n_5IN6hzAOwdCnM8D8rzrs3vDl12UcZpA,https://music.youtube.com/playlist?list=RDTMAK5uy_n_5IN6hzAOwdCnM8D8rzrs3vDl12UcZpA,16,UGJV6cJkFcc,https://music.youtube.com/watch?v=UGJV6cJkFcc,Eagleheart,Stratovarius,UCrmWShE1Kjc31dCC5g2Ti2w,,2010-06-09T18:03:18-07:00,232,False,youtube_video_view_count,14460075,14460075,7.160170545517411,High,100.0,top_third_vs_final_balanced,above_final_balanced_max,65199.0,4.814219747922499,221.7836930014264,2.345950797594912,,,,youtube_artist_subscribers,177000,177K,249,MUSIC_VIDEO_TYPE_OMV,2026-07-28T18:15:06+00:00,user_07,missing album browse id
recommended,weekly_recommendation,Week2_28July,2,Youtube,User7,7,experiment_results/Week2_28July/Youtube/User7/Week7_User7_28.07.csv,Discover Mix,RDTMAK5uy_n_5IN6hzAOwdCnM8D8rzrs3vDl12UcZpA,https://music.youtube.com/playlist?list=RDTMAK5uy_n_5IN6hzAOwdCnM8D8rzrs3vDl12UcZpA,17,pJvduG0E628,https://music.youtube.com/watch?v=pJvduG0E628,The Chosen Ones,Dream Evil,UCaFJfPSGHItiAjCtEdXzJZA,Dragonslayer,2017-08-15T10:35:45-07:00,303,False,youtube_video_view_count,9057998,9057998,6.957032220455013,High,93.33333333333333,top_third_vs_final_balanced,within_final_balanced_high_range,65199.0,4.814219747922499,138.92848049816715,2.1428124725325146,,,,youtube_artist_subscribers,22500,22.5K,123,MUSIC_VIDEO_TYPE_ATV,2026-07-28T18:15:06+00:00,user_07,
recommended,weekly_recommendation,Week2_28July,2,Youtube,User7,7,experiment_results/Week2_28July/Youtube/User7/Week7_User7_28.07.csv,Discover Mix,RDTMAK5uy_n_5IN6hzAOwdCnM8D8rzrs3vDl12UcZpA,https://music.youtube.com/playlist?list=RDTMAK5uy_n_5IN6hzAOwdCnM8D8rzrs3vDl12UcZpA,18,AkFqg5wAuFk,https://music.youtube.com/watch?v=AkFqg5wAuFk,Walk,Pantera,UCZOWwQaVFO8QxRVVIJBTEZQ,,2009-10-26T18:35:58-07:00,316,False,youtube_video_view_count,354584237,354584237,8.549719425184582,High,100.0,top_third_vs_final_balanced,above_final_balanced_max,65199.0,4.814219747922499,5438.491955398089,3.7354996772620837,,,,youtube_artist_subscribers,1750000,1.75M,249,MUSIC_VIDEO_TYPE_OMV,2026-07-28T18:15:06+00:00,user_07,missing album browse id
recommended,weekly_recommendation,Week2_28July,2,Youtube,User7,7,experiment_results/Week2_28July/Youtube/User7/Week7_User7_28.07.csv,Discover Mix,RDTMAK5uy_n_5IN6hzAOwdCnM8D8rzrs3vDl12UcZpA,https://music.youtube.com/playlist?list=RDTMAK5uy_n_5IN6hzAOwdCnM8D8rzrs3vDl12UcZpA,19,8QwYaervXag,https://music.youtube.com/watch?v=8QwYaervXag,Viral,Amaranthe,UClXbyJ6lJGR3VVkLSVRmdOQ,Manifest,2020-10-01T03:01:07-07:00,182,False,youtube_video_view_count,2892553,2892553,6.461281325237154,High,76.66666666666667,top_third_vs_final_balanced,within_final_balanced_high_range,65199.0,4.814219747922499,44.36499026058682,1.6470615773146555,,,,youtube_artist_subscribers,402000,402K,249,MUSIC_VIDEO_TYPE_ATV,2026-07-28T18:15:06+00:00,user_07,
recommended,weekly_recommendation,Week2_28July,2,Youtube,User7,7,experiment_results/Week2_28July/Youtube/User7/Week7_User7_28.07.csv,Discover Mix,RDTMAK5uy_n_5IN6hzAOwdCnM8D8rzrs3vDl12UcZpA,https://music.youtube.com/playlist?list=RDTMAK5uy_n_5IN6hzAOwdCnM8D8rzrs3vDl12UcZpA,20,4vvz0G9fK_k,https://music.youtube.com/watch?v=4vvz0G9fK_k,Battles (Acoustic),Alpine Universe,UCGDViLkaQvB2CbxSGAlzvfQ,,2021-08-29T21:00:10-07:00,219,False,youtube_video_view_count,2351799,2351799,6.371400201366228,High,76.66666666666667,top_third_vs_final_balanced,within_final_balanced_high_range,65199.0,4.814219747922499,36.07109004739336,1.5571804534437295,,,,youtube_artist_subscribers,24900,24.9K,249,MUSIC_VIDEO_TYPE_OMV,2026-07-28T18:15:06+00:00,user_07,missing album browse id
recommended,weekly_recommendation,Week2_28July,2,Youtube,User7,7,experiment_results/Week2_28July/Youtube/User7/Week7_User7_28.07.csv,Discover Mix,RDTMAK5uy_n_5IN6hzAOwdCnM8D8rzrs3vDl12UcZpA,https://music.youtube.com/playlist?list=RDTMAK5uy_n_5IN6hzAOwdCnM8D8rzrs3vDl12UcZpA,21,fu2bgwcv43o,https://music.youtube.com/watch?v=fu2bgwcv43o,Hold the Heathen Hammer High,Tyr,UCcsoYke5q0w-OMEakJsLbAQ,,2009-07-10T05:17:12-07:00,295,False,youtube_video_view_count,10510031,10510031,7.021603997009126,High,93.33333333333333,top_third_vs_final_balanced,within_final_balanced_high_range,65199.0,4.814219747922499,161.19926685992115,2.207384249086627,,,,youtube_artist_subscribers,45300,45.3K,249,MUSIC_VIDEO_TYPE_OMV,2026-07-28T18:15:06+00:00,user_07,missing album browse id
recommended,weekly_recommendation,Week2_28July,2,Youtube,User7,7,experiment_results/Week2_28July/Youtube/User7/Week7_User7_28.07.csv,Discover Mix,RDTMAK5uy_n_5IN6hzAOwdCnM8D8rzrs3vDl12UcZpA,https://music.youtube.com/playlist?list=RDTMAK5uy_n_5IN6hzAOwdCnM8D8rzrs3vDl12UcZpA,22,Ij99dud8-0A,https://music.youtube.com/watch?v=Ij99dud8-0A,Wasted Years (1998 Remaster),Iron Maiden,UC0zbzp6x7zR8u0LhanNWFyw,,2015-08-07T06:36:55-07:00,306,False,youtube_video_view_count,121341151,121341151,8.084008110194134,High,100.0,top_third_vs_final_balanced,above_final_balanced_max,65199.0,4.814219747922499,1861.0891424715103,3.269788362271635,,,,youtube_artist_subscribers,3310000,3.31M,249,MUSIC_VIDEO_TYPE_OMV,2026-07-28T18:15:06+00:00,user_07,missing album browse id
recommended,weekly_recommendation,Week2_28July,2,Youtube,User7,7,experiment_results/Week2_28July/Youtube/User7/Week7_User7_28.07.csv,Discover Mix,RDTMAK5uy_n_5IN6hzAOwdCnM8D8rzrs3vDl12UcZpA,https://music.youtube.com/playlist?list=RDTMAK5uy_n_5IN6hzAOwdCnM8D8rzrs3vDl12UcZpA,23,C7Z-IP2onYQ,https://music.youtube.com/watch?v=C7Z-IP2onYQ,Eye of the Storm,Battle Beast,UCXNUOxaWLAyz8z2snld0o9A,,2021-11-26T02:00:09-08:00,275,False,youtube_video_view_count,9829029,9829029,6.99251061643123,High,93.33333333333333,top_third_vs_final_balanced,within_final_balanced_high_range,65199.0,4.814219747922499,150.7542907099802,2.178290868508731,,,,youtube_artist_subscribers,90000,90K,249,MUSIC_VIDEO_TYPE_OMV,2026-07-28T18:15:06+00:00,user_07,missing album browse id
recommended,weekly_recommendation,Week2_28July,2,Youtube,User7,7,experiment_results/Week2_28July/Youtube/User7/Week7_User7_28.07.csv,Discover Mix,RDTMAK5uy_n_5IN6hzAOwdCnM8D8rzrs3vDl12UcZpA,https://music.youtube.com/playlist?list=RDTMAK5uy_n_5IN6hzAOwdCnM8D8rzrs3vDl12UcZpA,24,tUhmjmkLnxY,https://music.youtube.com/watch?v=tUhmjmkLnxY,Loreley,Blackmore's Night,UCFcb6DL2Ff9bS0meSTe4oKQ,Ghost of a Rose,2020-10-12T08:23:25-07:00,217,False,youtube_video_view_count,2336637,2336637,6.36859124934482,High,76.66666666666667,top_third_vs_final_balanced,within_final_balanced_high_range,65199.0,4.814219747922499,35.83854046841209,1.5543715014223212,,,,youtube_artist_subscribers,165000,165K,121,MUSIC_VIDEO_TYPE_ATV,2026-07-28T18:15:06+00:00,user_07,
recommended,weekly_recommendation,Week2_28July,2,Youtube,User7,7,experiment_results/Week2_28July/Youtube/User7/Week7_User7_28.07.csv,Discover Mix,RDTMAK5uy_n_5IN6hzAOwdCnM8D8rzrs3vDl12UcZpA,https://music.youtube.com/playlist?list=RDTMAK5uy_n_5IN6hzAOwdCnM8D8rzrs3vDl12UcZpA,25,v2AC41dglnM,https://music.youtube.com/watch?v=v2AC41dglnM,Thunderstruck,AC/DC,UCVm4YdI3hobkwsHTTOMVJKg,,2012-11-07T07:15:10-08:00,293,False,youtube_video_view_count,1752841683,1752841683,9.243742692303472,High,100.0,top_third_vs_final_balanced,above_final_balanced_max,65199.0,4.814219747922499,26884.487231399253,4.429522944380974,,,,youtube_artist_subscribers,11700000,11.7M,249,MUSIC_VIDEO_TYPE_OMV,2026-07-28T18:15:06+00:00,user_07,missing album browse id
recommended,weekly_recommendation,Week2_28July,2,Youtube,User7,7,experiment_results/Week2_28July/Youtube/User7/Week7_User7_28.07.csv,Discover Mix,RDTMAK5uy_n_5IN6hzAOwdCnM8D8rzrs3vDl12UcZpA,https://music.youtube.com/playlist?list=RDTMAK5uy_n_5IN6hzAOwdCnM8D8rzrs3vDl12UcZpA,26,GClPj0RmU6s,https://music.youtube.com/watch?v=GClPj0RmU6s,Drums of Midgard,Bjorth,UCsF9xEBIasTCHP_NH93_DDQ,,2020-08-02T08:36:05-07:00,185,False,youtube_video_view_count,1911551,1911551,6.281385889445346,High,76.66666666666667,top_third_vs_final_balanced,within_final_balanced_high_range,65199.0,4.814219747922499,29.318716544732283,1.4671661415228474,,,,youtube_artist_subscribers,73000,73K,249,MUSIC_VIDEO_TYPE_OMV,2026-07-28T18:15:06+00:00,user_07,missing album browse id
recommended,weekly_recommendation,Week2_28July,2,Youtube,User7,7,experiment_results/Week2_28July/Youtube/User7/Week7_User7_28.07.csv,Discover Mix,RDTMAK5uy_n_5IN6hzAOwdCnM8D8rzrs3vDl12UcZpA,https://music.youtube.com/playlist?list=RDTMAK5uy_n_5IN6hzAOwdCnM8D8rzrs3vDl12UcZpA,27,iQVei5C2N4E,https://music.youtube.com/watch?v=iQVei5C2N4E,Faster (Music Video),Within Temptation,UCeWkbf3RIeKRs8THlxPlUUA,,2019-05-06T09:56:08-07:00,264,False,youtube_video_view_count,71275292,71275292,7.852939005199021,High,100.0,top_third_vs_final_balanced,above_final_balanced_max,65199.0,4.814219747922499,1093.1960919646008,3.0387192572765223,,,,youtube_artist_subscribers,1280000,1.28M,249,MUSIC_VIDEO_TYPE_OMV,2026-07-28T18:15:06+00:00,user_07,missing album browse id
recommended,weekly_recommendation,Week2_28July,2,Youtube,User7,7,experiment_results/Week2_28July/Youtube/User7/Week7_User7_28.07.csv,Discover Mix,RDTMAK5uy_n_5IN6hzAOwdCnM8D8rzrs3vDl12UcZpA,https://music.youtube.com/playlist?list=RDTMAK5uy_n_5IN6hzAOwdCnM8D8rzrs3vDl12UcZpA,28,2lvs2FzF64o,https://music.youtube.com/watch?v=2lvs2FzF64o,Holy Diver,Dio,UCgxv4igPRzlBIyCKEzDwiYQ,,2010-05-25T09:44:09-07:00,280,False,youtube_video_view_count,35780936,35780936,7.55365169716814,High,100.0,top_third_vs_final_balanced,above_final_balanced_max,65199.0,4.814219747922499,548.7957790763662,2.739431949245641,,,,youtube_artist_subscribers,246000,246K,249,MUSIC_VIDEO_TYPE_OMV,2026-07-28T18:15:06+00:00,user_07,missing album browse id
recommended,weekly_recommendation,Week2_28July,2,Youtube,User7,7,experiment_results/Week2_28July/Youtube/User7/Week7_User7_28.07.csv,Discover Mix,RDTMAK5uy_n_5IN6hzAOwdCnM8D8rzrs3vDl12UcZpA,https://music.youtube.com/playlist?list=RDTMAK5uy_n_5IN6hzAOwdCnM8D8rzrs3vDl12UcZpA,29,q8LeA_sUbzM,https://music.youtube.com/watch?v=q8LeA_sUbzM,Drawing Power From The Empathetic Priestess of Tranquility,Oxygen Destroyer,UC2aLCm3jt225JLlf-1ks1_g,Guardian of the Universe,2024-08-08T03:04:23-07:00,103,False,youtube_video_view_count,9245,9245,3.965906915495192,Buffer,33.333333333333336,middle_third_vs_final_balanced,between_final_balanced_tier_ranges,65199.0,4.814219747922499,0.14179665332290373,-0.8483128324273066,,,,youtube_artist_subscribers,1660,1.66K,122,MUSIC_VIDEO_TYPE_ATV,2026-07-28T18:15:06+00:00,user_07,
recommended,weekly_recommendation,Week2_28July,2,Youtube,User7,7,experiment_results/Week2_28July/Youtube/User7/Week7_User7_28.07.csv,Discover Mix,RDTMAK5uy_n_5IN6hzAOwdCnM8D8rzrs3vDl12UcZpA,https://music.youtube.com/playlist?list=RDTMAK5uy_n_5IN6hzAOwdCnM8D8rzrs3vDl12UcZpA,30,_OUjkYeZNUw,https://music.youtube.com/watch?v=_OUjkYeZNUw,フレンド・ライク・ミー　（アラジン）,Nobuyoshi Takeuchi,UCYMlxVs3Fy7fa3r04fQpYhQ,,2013-07-23T05:20:31-07:00,152,False,youtube_video_view_count,17670490,17670490,7.247248592593668,High,100.0,top_third_vs_final_balanced,above_final_balanced_max,65199.0,4.814219747922499,271.0239420850013,2.4330288446711696,,,,youtube_artist_subscribers,,,249,MUSIC_VIDEO_TYPE_UGC,2026-07-28T18:15:06+00:00,user_07,'musicImmersiveHeaderRenderer'
recommended,weekly_recommendation,Week2_28July,2,Youtube,User8,8,experiment_results/Week2_28July/Youtube/User8/Week8_User8_28.07.csv,Discover Mix,RDTMAK5uy_n_5IN6hzAOwdCnM8D8rzrs3vDl12UcZpA,https://music.youtube.com/playlist?list=RDTMAK5uy_n_5IN6hzAOwdCnM8D8rzrs3vDl12UcZpA,1,Sjrnr9ukdiU,https://music.youtube.com/watch?v=Sjrnr9ukdiU,Gandalf's Rebirth,Blind Guardian,UCevshEcA1yKVc0uucxo4dfg,Battalions of Fear,2019-05-14T18:32:13-07:00,131,False,youtube_video_view_count,78390,78390,4.894260664446988,Middle,53.333333333333336,middle_third_vs_final_balanced,within_final_balanced_middle_range,65199.0,4.814219747922499,1.2023190539732205,0.08004091652448952,,,,youtube_artist_subscribers,202000,202K,249,MUSIC_VIDEO_TYPE_ATV,2026-07-28T18:16:28+00:00,user_08,
recommended,weekly_recommendation,Week2_28July,2,Youtube,User8,8,experiment_results/Week2_28July/Youtube/User8/Week8_User8_28.07.csv,Discover Mix,RDTMAK5uy_n_5IN6hzAOwdCnM8D8rzrs3vDl12UcZpA,https://music.youtube.com/playlist?list=RDTMAK5uy_n_5IN6hzAOwdCnM8D8rzrs3vDl12UcZpA,2,Pzw5v4DPVPQ,https://music.youtube.com/watch?v=Pzw5v4DPVPQ,Feet of Fragile Flesh,Ryan Lott,UCPVrUWxdaa99NHSDEMZN-9w,"Marathon, Vol. II: They Are Waiting (Original Game Soundtrack)",2026-03-05T02:03:52-08:00,131,False,youtube_video_view_count,42736,42736,4.630793870677298,Middle,43.333333333333336,middle_third_vs_final_balanced,within_final_balanced_middle_range,65199.0,4.814219747922499,0.6554701759229437,-0.18342587724520065,,,,youtube_artist_subscribers,2050,2.05K,122,MUSIC_VIDEO_TYPE_ATV,2026-07-28T18:16:28+00:00,user_08,
recommended,weekly_recommendation,Week2_28July,2,Youtube,User8,8,experiment_results/Week2_28July/Youtube/User8/Week8_User8_28.07.csv,Discover Mix,RDTMAK5uy_n_5IN6hzAOwdCnM8D8rzrs3vDl12UcZpA,https://music.youtube.com/playlist?list=RDTMAK5uy_n_5IN6hzAOwdCnM8D8rzrs3vDl12UcZpA,3,tx0XR580T8I,https://music.youtube.com/watch?v=tx0XR580T8I,Wolves of War,Powerwolf,UC9LO_ioQYQay7CrsbacNqBQ,,2023-10-10T07:54:16-07:00,236,False,youtube_video_view_count,1548332,1548332,6.1898640896210475,High,73.33333333333333,top_third_vs_final_balanced,within_final_balanced_high_range,65199.0,4.814219747922499,23.747787542753723,1.3756443416985489,,,,youtube_artist_subscribers,435000,435K,249,MUSIC_VIDEO_TYPE_OMV,2026-07-28T18:16:28+00:00,user_08,missing album browse id
recommended,weekly_recommendation,Week2_28July,2,Youtube,User8,8,experiment_results/Week2_28July/Youtube/User8/Week8_User8_28.07.csv,Discover Mix,RDTMAK5uy_n_5IN6hzAOwdCnM8D8rzrs3vDl12UcZpA,https://music.youtube.com/playlist?list=RDTMAK5uy_n_5IN6hzAOwdCnM8D8rzrs3vDl12UcZpA,4,x3aDwRYij3s,https://music.youtube.com/watch?v=x3aDwRYij3s,Sleepless Empire,Lacuna Coil,UCw1BUVTZt8qPQW6KsZ8UEyg,Sleepless Empire,2025-02-13T02:01:58-08:00,243,False,youtube_video_view_count,250420,250420,5.39866901121082,Buffer,66.66666666666667,middle_third_vs_final_balanced,between_final_balanced_tier_ranges,65199.0,4.814219747922499,3.840856454853602,0.5844492632883211,,,,youtube_artist_subscribers,230000,230K,122,MUSIC_VIDEO_TYPE_ATV,2026-07-28T18:16:28+00:00,user_08,
recommended,weekly_recommendation,Week2_28July,2,Youtube,User8,8,experiment_results/Week2_28July/Youtube/User8/Week8_User8_28.07.csv,Discover Mix,RDTMAK5uy_n_5IN6hzAOwdCnM8D8rzrs3vDl12UcZpA,https://music.youtube.com/playlist?list=RDTMAK5uy_n_5IN6hzAOwdCnM8D8rzrs3vDl12UcZpA,5,UQ4uyq3GU1w,https://music.youtube.com/watch?v=UQ4uyq3GU1w,Heartless Madness,Dynazty,UC1_8sQRmjjw7YI2Bk-Kr_tA,,2020-02-28T03:02:07-08:00,249,False,youtube_video_view_count,6317343,6317343,6.800534457543924,High,93.33333333333333,top_third_vs_final_balanced,within_final_balanced_high_range,65199.0,4.814219747922499,96.8932498964708,1.9863147096214258,,,,youtube_artist_subscribers,42100,42.1K,249,MUSIC_VIDEO_TYPE_OMV,2026-07-28T18:16:28+00:00,user_08,missing album browse id
recommended,weekly_recommendation,Week2_28July,2,Youtube,User8,8,experiment_results/Week2_28July/Youtube/User8/Week8_User8_28.07.csv,Discover Mix,RDTMAK5uy_n_5IN6hzAOwdCnM8D8rzrs3vDl12UcZpA,https://music.youtube.com/playlist?list=RDTMAK5uy_n_5IN6hzAOwdCnM8D8rzrs3vDl12UcZpA,6,EtF9korJodM,https://music.youtube.com/watch?v=EtF9korJodM,Braveheart,Civil War,UC0hshC2PY-1-rlJz_PmN22A,,2015-10-21T03:53:20-07:00,238,False,youtube_video_view_count,730670,730670,5.863721276358596,Buffer,66.66666666666667,middle_third_vs_final_balanced,between_final_balanced_tier_ranges,65199.0,4.814219747922499,11.206766974953604,1.0495015284360978,,,,youtube_artist_subscribers,11300,11.3K,249,MUSIC_VIDEO_TYPE_OMV,2026-07-28T18:16:28+00:00,user_08,missing album browse id
recommended,weekly_recommendation,Week2_28July,2,Youtube,User8,8,experiment_results/Week2_28July/Youtube/User8/Week8_User8_28.07.csv,Discover Mix,RDTMAK5uy_n_5IN6hzAOwdCnM8D8rzrs3vDl12UcZpA,https://music.youtube.com/playlist?list=RDTMAK5uy_n_5IN6hzAOwdCnM8D8rzrs3vDl12UcZpA,7,qywryBOA5RI,https://music.youtube.com/watch?v=qywryBOA5RI,CharFutur - My Heart Still Knows,CharFutur,UCMR490W-z-38roywHkuLvsw,,2025-12-28T11:47:54-08:00,317,False,youtube_video_view_count,157823,157823,5.198170294470373,Middle,56.666666666666664,middle_third_vs_final_balanced,within_final_balanced_middle_range,65199.0,4.814219747922499,2.420635285817267,0.3839505465478741,,,,youtube_artist_subscribers,60600,60.6K,249,MUSIC_VIDEO_TYPE_OMV,2026-07-28T18:16:28+00:00,user_08,missing album browse id
recommended,weekly_recommendation,Week2_28July,2,Youtube,User8,8,experiment_results/Week2_28July/Youtube/User8/Week8_User8_28.07.csv,Discover Mix,RDTMAK5uy_n_5IN6hzAOwdCnM8D8rzrs3vDl12UcZpA,https://music.youtube.com/playlist?list=RDTMAK5uy_n_5IN6hzAOwdCnM8D8rzrs3vDl12UcZpA,8,nFGkutszRFA,https://music.youtube.com/watch?v=nFGkutszRFA,The Other Son of Odin,Brothers of Metal,UC7apj1hieWRm-ji4_Umt2GA,The Other Son of Odin,2022-03-17T03:02:29-07:00,206,False,youtube_video_view_count,3268069,3268069,6.51429121738391,High,76.66666666666667,top_third_vs_final_balanced,within_final_balanced_high_range,65199.0,4.814219747922499,50.12452644979218,1.7000714694614114,,,,youtube_artist_subscribers,105000,105K,249,MUSIC_VIDEO_TYPE_ATV,2026-07-28T18:16:28+00:00,user_08,
recommended,weekly_recommendation,Week2_28July,2,Youtube,User8,8,experiment_results/Week2_28July/Youtube/User8/Week8_User8_28.07.csv,Discover Mix,RDTMAK5uy_n_5IN6hzAOwdCnM8D8rzrs3vDl12UcZpA,https://music.youtube.com/playlist?list=RDTMAK5uy_n_5IN6hzAOwdCnM8D8rzrs3vDl12UcZpA,9,mXY_Q9psCuw,https://music.youtube.com/watch?v=mXY_Q9psCuw,PROMETHEUS | Why the Gods Feared the Titan Who Brought Fire,LUNAs Tunes,UCAusjRIdgLff9Nso6N9lAow,,2026-05-15T10:00:59-07:00,305,False,youtube_video_view_count,165931,165931,5.219927530516456,Middle,60.0,middle_third_vs_final_balanced,within_final_balanced_middle_range,65199.0,4.814219747922499,2.544993021365358,0.40570778259395723,,,,youtube_artist_subscribers,18200,18.2K,249,MUSIC_VIDEO_TYPE_OMV,2026-07-28T18:16:28+00:00,user_08,missing album browse id
recommended,weekly_recommendation,Week2_28July,2,Youtube,User8,8,experiment_results/Week2_28July/Youtube/User8/Week8_User8_28.07.csv,Discover Mix,RDTMAK5uy_n_5IN6hzAOwdCnM8D8rzrs3vDl12UcZpA,https://music.youtube.com/playlist?list=RDTMAK5uy_n_5IN6hzAOwdCnM8D8rzrs3vDl12UcZpA,10,eY6FUWzR730,https://music.youtube.com/watch?v=eY6FUWzR730,Nichion Sounds Library - Load Rage | Supernatural - 1x04,SammyArrow,UCq6V18cnEXReDCxsPBJuyGQ,,2023-05-23T18:48:18-07:00,150,False,youtube_video_view_count,188678,188678,5.2757212640461715,Middle,63.333333333333336,middle_third_vs_final_balanced,within_final_balanced_middle_range,65199.0,4.814219747922499,2.8938787404714796,0.46150151612367285,,,,youtube_artist_subscribers,,,249,MUSIC_VIDEO_TYPE_UGC,2026-07-28T18:16:28+00:00,user_08,'musicImmersiveHeaderRenderer'
recommended,weekly_recommendation,Week2_28July,2,Youtube,User8,8,experiment_results/Week2_28July/Youtube/User8/Week8_User8_28.07.csv,Discover Mix,RDTMAK5uy_n_5IN6hzAOwdCnM8D8rzrs3vDl12UcZpA,https://music.youtube.com/playlist?list=RDTMAK5uy_n_5IN6hzAOwdCnM8D8rzrs3vDl12UcZpA,11,iywaBOMvYLI,https://music.youtube.com/watch?v=iywaBOMvYLI,Toxicity,System Of A Down,UCDJftX2zx_UT_QSnBGIF96w,,2009-10-02T08:16:02-07:00,225,False,youtube_video_view_count,1202037008,1202037008,9.07991783881711,High,100.0,top_third_vs_final_balanced,above_final_balanced_max,65199.0,4.814219747922499,18436.433196828173,4.265698090894611,,,,youtube_artist_subscribers,8250000,8.25M,248,MUSIC_VIDEO_TYPE_OMV,2026-07-28T18:16:28+00:00,user_08,missing album browse id
recommended,weekly_recommendation,Week2_28July,2,Youtube,User8,8,experiment_results/Week2_28July/Youtube/User8/Week8_User8_28.07.csv,Discover Mix,RDTMAK5uy_n_5IN6hzAOwdCnM8D8rzrs3vDl12UcZpA,https://music.youtube.com/playlist?list=RDTMAK5uy_n_5IN6hzAOwdCnM8D8rzrs3vDl12UcZpA,12,JzILGd0NAfM,https://music.youtube.com/watch?v=JzILGd0NAfM,Wings of Light,Battle Beast,UCXNUOxaWLAyz8z2snld0o9A,,2022-01-21T01:58:17-08:00,246,False,youtube_video_view_count,7473826,7473826,6.873542982713579,High,93.33333333333333,top_third_vs_final_balanced,within_final_balanced_high_range,65199.0,4.814219747922499,114.63099127287228,2.059323234791081,,,,youtube_artist_subscribers,90000,90K,249,MUSIC_VIDEO_TYPE_OMV,2026-07-28T18:16:28+00:00,user_08,missing album browse id
recommended,weekly_recommendation,Week2_28July,2,Youtube,User8,8,experiment_results/Week2_28July/Youtube/User8/Week8_User8_28.07.csv,Discover Mix,RDTMAK5uy_n_5IN6hzAOwdCnM8D8rzrs3vDl12UcZpA,https://music.youtube.com/playlist?list=RDTMAK5uy_n_5IN6hzAOwdCnM8D8rzrs3vDl12UcZpA,13,vMU804-bjQA,https://music.youtube.com/watch?v=vMU804-bjQA,No Surrender (Official Video),Judas Priest,UCy6-RHgm74I8CCCvMu4NPJQ,,2018-07-23T09:00:05-07:00,175,False,youtube_video_view_count,22070641,22070641,7.343814946606164,High,100.0,top_third_vs_final_balanced,above_final_balanced_max,65199.0,4.814219747922499,338.5119557048421,2.5295951986836656,,,,youtube_artist_subscribers,1310000,1.31M,249,MUSIC_VIDEO_TYPE_OMV,2026-07-28T18:16:28+00:00,user_08,missing album browse id
recommended,weekly_recommendation,Week2_28July,2,Youtube,User8,8,experiment_results/Week2_28July/Youtube/User8/Week8_User8_28.07.csv,Discover Mix,RDTMAK5uy_n_5IN6hzAOwdCnM8D8rzrs3vDl12UcZpA,https://music.youtube.com/playlist?list=RDTMAK5uy_n_5IN6hzAOwdCnM8D8rzrs3vDl12UcZpA,14,dudPOUWOuKI,https://music.youtube.com/watch?v=dudPOUWOuKI,Trollhammaren,Finntroll,UChDzAP5SP9DFGSHHZtSyWVA,Nattfödd,2023-01-02T02:04:36-08:00,213,False,youtube_video_view_count,1252762,1252762,6.097868571469451,High,70.0,top_third_vs_final_balanced,within_final_balanced_high_range,65199.0,4.814219747922499,19.214435804230128,1.2836488235469528,,,,youtube_artist_subscribers,24600,24.6K,123,MUSIC_VIDEO_TYPE_ATV,2026-07-28T18:16:28+00:00,user_08,
recommended,weekly_recommendation,Week2_28July,2,Youtube,User8,8,experiment_results/Week2_28July/Youtube/User8/Week8_User8_28.07.csv,Discover Mix,RDTMAK5uy_n_5IN6hzAOwdCnM8D8rzrs3vDl12UcZpA,https://music.youtube.com/playlist?list=RDTMAK5uy_n_5IN6hzAOwdCnM8D8rzrs3vDl12UcZpA,15,lEdpYh-EkrI,https://music.youtube.com/watch?v=lEdpYh-EkrI,Heart Of Lies,Striker,UCYXvGcXhKtwcZJkZMbl9SvQ,,2018-08-07T11:19:15-07:00,245,False,youtube_video_view_count,118329,118329,5.073091194302639,Middle,53.333333333333336,middle_third_vs_final_balanced,within_final_balanced_middle_range,65199.0,4.814219747922499,1.8148897989232964,0.25887144638014004,,,,youtube_artist_subscribers,10200,10.2K,249,MUSIC_VIDEO_TYPE_OMV,2026-07-28T18:16:28+00:00,user_08,missing album browse id
recommended,weekly_recommendation,Week2_28July,2,Youtube,User8,8,experiment_results/Week2_28July/Youtube/User8/Week8_User8_28.07.csv,Discover Mix,RDTMAK5uy_n_5IN6hzAOwdCnM8D8rzrs3vDl12UcZpA,https://music.youtube.com/playlist?list=RDTMAK5uy_n_5IN6hzAOwdCnM8D8rzrs3vDl12UcZpA,16,lWb1kee9z9Y,https://music.youtube.com/watch?v=lWb1kee9z9Y,Hear The Drum,All For Metal,UCFyjdGcykEQTL7gTYPVfzVQ,,2023-07-06T07:00:09-07:00,194,False,youtube_video_view_count,961168,961168,5.982799303481467,Buffer,66.66666666666667,middle_third_vs_final_balanced,between_final_balanced_tier_ranges,65199.0,4.814219747922499,14.742066596113437,1.168579555558968,,,,youtube_artist_subscribers,3930,3.93K,249,MUSIC_VIDEO_TYPE_OMV,2026-07-28T18:16:28+00:00,user_08,missing album browse id
recommended,weekly_recommendation,Week2_28July,2,Youtube,User8,8,experiment_results/Week2_28July/Youtube/User8/Week8_User8_28.07.csv,Discover Mix,RDTMAK5uy_n_5IN6hzAOwdCnM8D8rzrs3vDl12UcZpA,https://music.youtube.com/playlist?list=RDTMAK5uy_n_5IN6hzAOwdCnM8D8rzrs3vDl12UcZpA,17,KZL96p4sZwI,https://music.youtube.com/watch?v=KZL96p4sZwI,The One You Love to Hate,Halford,UCRHvhb19eRZEGvd9_KMo0oA,Resurrection,2017-08-10T04:36:15-07:00,192,False,youtube_video_view_count,520105,520105,5.716091028860339,Buffer,66.66666666666667,middle_third_vs_final_balanced,between_final_balanced_tier_ranges,65199.0,4.814219747922499,7.977192901731621,0.90187128093784,,,,youtube_artist_subscribers,11500,11.5K,123,MUSIC_VIDEO_TYPE_ATV,2026-07-28T18:16:28+00:00,user_08,
recommended,weekly_recommendation,Week2_28July,2,Youtube,User8,8,experiment_results/Week2_28July/Youtube/User8/Week8_User8_28.07.csv,Discover Mix,RDTMAK5uy_n_5IN6hzAOwdCnM8D8rzrs3vDl12UcZpA,https://music.youtube.com/playlist?list=RDTMAK5uy_n_5IN6hzAOwdCnM8D8rzrs3vDl12UcZpA,18,ZAUrswizfPw,https://music.youtube.com/watch?v=ZAUrswizfPw,Back to Back,Hammerfall,UCOspMA8k5GDzhPH7EsZ_IwQ,Legacy of Kings,2019-04-20T08:04:37-07:00,220,False,youtube_video_view_count,331342,331342,5.520276489344506,Buffer,66.66666666666667,middle_third_vs_final_balanced,between_final_balanced_tier_ranges,65199.0,4.814219747922499,5.082010460283133,0.7060567414220076,,,,youtube_artist_subscribers,108000,108K,249,MUSIC_VIDEO_TYPE_ATV,2026-07-28T18:16:28+00:00,user_08,
recommended,weekly_recommendation,Week2_28July,2,Youtube,User8,8,experiment_results/Week2_28July/Youtube/User8/Week8_User8_28.07.csv,Discover Mix,RDTMAK5uy_n_5IN6hzAOwdCnM8D8rzrs3vDl12UcZpA,https://music.youtube.com/playlist?list=RDTMAK5uy_n_5IN6hzAOwdCnM8D8rzrs3vDl12UcZpA,19,f7-o3pHr4Wo,https://music.youtube.com/watch?v=f7-o3pHr4Wo,Whoever Brings the Night,Nightwish,UCnDibivBAgWYKWi9qOiCNnA,Dark Passion Play,2019-04-20T07:19:25-07:00,258,False,youtube_video_view_count,535356,535356,5.728642674392101,Buffer,66.66666666666667,middle_third_vs_final_balanced,between_final_balanced_tier_ranges,65199.0,4.814219747922499,8.211107532324116,0.9144229264696024,,,,youtube_artist_subscribers,1870000,1.87M,249,MUSIC_VIDEO_TYPE_ATV,2026-07-28T18:16:28+00:00,user_08,
recommended,weekly_recommendation,Week2_28July,2,Youtube,User8,8,experiment_results/Week2_28July/Youtube/User8/Week8_User8_28.07.csv,Discover Mix,RDTMAK5uy_n_5IN6hzAOwdCnM8D8rzrs3vDl12UcZpA,https://music.youtube.com/playlist?list=RDTMAK5uy_n_5IN6hzAOwdCnM8D8rzrs3vDl12UcZpA,20,P5LOd8-Osvo,https://music.youtube.com/watch?v=P5LOd8-Osvo,Black Planet,Ashborn Records,UCu0-EgPfWyz6B6iuOUeSsrg,,2025-11-07T09:00:41-08:00,332,False,youtube_video_view_count,598659,598659,5.777179515898347,Buffer,66.66666666666667,middle_third_vs_final_balanced,between_final_balanced_tier_ranges,65199.0,4.814219747922499,9.182027331707541,0.9629597679758488,,,,youtube_artist_subscribers,47900,47.9K,249,MUSIC_VIDEO_TYPE_OMV,2026-07-28T18:16:28+00:00,user_08,missing album browse id
recommended,weekly_recommendation,Week2_28July,2,Youtube,User8,8,experiment_results/Week2_28July/Youtube/User8/Week8_User8_28.07.csv,Discover Mix,RDTMAK5uy_n_5IN6hzAOwdCnM8D8rzrs3vDl12UcZpA,https://music.youtube.com/playlist?list=RDTMAK5uy_n_5IN6hzAOwdCnM8D8rzrs3vDl12UcZpA,21,HBeCXN1kyNI,https://music.youtube.com/watch?v=HBeCXN1kyNI,Keelhauled,Alestorm - Topic,UCpmH4GvnC0AmPhrLUAKJyUg,Black Sails at Midnight,2018-02-06T15:01:21-08:00,223,False,youtube_video_view_count,2543063,2543063,6.405357119205773,High,76.66666666666667,top_third_vs_final_balanced,within_final_balanced_high_range,65199.0,4.814219747922499,39.00463197288302,1.5911373712832741,,,,youtube_artist_subscribers,116000,116K,122,MUSIC_VIDEO_TYPE_ATV,2026-07-28T18:16:28+00:00,user_08,
recommended,weekly_recommendation,Week2_28July,2,Youtube,User8,8,experiment_results/Week2_28July/Youtube/User8/Week8_User8_28.07.csv,Discover Mix,RDTMAK5uy_n_5IN6hzAOwdCnM8D8rzrs3vDl12UcZpA,https://music.youtube.com/playlist?list=RDTMAK5uy_n_5IN6hzAOwdCnM8D8rzrs3vDl12UcZpA,22,kYoGqQdpFEE,https://music.youtube.com/watch?v=kYoGqQdpFEE,Set Me on Fire,H.E.A.T,UC_pB_-OjOy4B_Nig0bzxkAw,Set Me on Fire,2026-02-26T02:03:52-08:00,180,False,youtube_video_view_count,64564,64564,4.809990428840933,Middle,50.0,middle_third_vs_final_balanced,within_final_balanced_middle_range,65199.0,4.814219747922499,0.9902605868188162,-0.004229319081565208,,,,youtube_artist_subscribers,20900,20.9K,116,MUSIC_VIDEO_TYPE_ATV,2026-07-28T18:16:28+00:00,user_08,
recommended,weekly_recommendation,Week2_28July,2,Youtube,User8,8,experiment_results/Week2_28July/Youtube/User8/Week8_User8_28.07.csv,Discover Mix,RDTMAK5uy_n_5IN6hzAOwdCnM8D8rzrs3vDl12UcZpA,https://music.youtube.com/playlist?list=RDTMAK5uy_n_5IN6hzAOwdCnM8D8rzrs3vDl12UcZpA,23,5uBgxgsRQXA,https://music.youtube.com/watch?v=5uBgxgsRQXA,RAGE OF LIGHT - Twilight Of The Thunder God (AMON AMARTH COVER),Rage of Light,UCyaObXspeJdzEn45zpB-hZQ,,2017-02-22T08:52:48-08:00,267,False,youtube_video_view_count,3147540,3147540,6.497971257975736,High,76.66666666666667,top_third_vs_final_balanced,within_final_balanced_high_range,65199.0,4.814219747922499,48.27589380205218,1.683751510053237,,,,youtube_artist_subscribers,59900,59.9K,249,MUSIC_VIDEO_TYPE_OMV,2026-07-28T18:16:28+00:00,user_08,missing album browse id
recommended,weekly_recommendation,Week2_28July,2,Youtube,User8,8,experiment_results/Week2_28July/Youtube/User8/Week8_User8_28.07.csv,Discover Mix,RDTMAK5uy_n_5IN6hzAOwdCnM8D8rzrs3vDl12UcZpA,https://music.youtube.com/playlist?list=RDTMAK5uy_n_5IN6hzAOwdCnM8D8rzrs3vDl12UcZpA,24,6XkX4RYJ614,https://music.youtube.com/watch?v=6XkX4RYJ614,Battle in the Sky,Bloodbound,UCMdFBg2b49RBAUr5XZxkArA,War of Dragons,2017-02-23T02:15:05-08:00,265,False,youtube_video_view_count,813440,813440,5.910325524537895,Buffer,66.66666666666667,middle_third_vs_final_balanced,between_final_balanced_tier_ranges,65199.0,4.814219747922499,12.476264973389162,1.0961057766153965,,,,youtube_artist_subscribers,18000,18K,248,MUSIC_VIDEO_TYPE_ATV,2026-07-28T18:16:28+00:00,user_08,
recommended,weekly_recommendation,Week2_28July,2,Youtube,User8,8,experiment_results/Week2_28July/Youtube/User8/Week8_User8_28.07.csv,Discover Mix,RDTMAK5uy_n_5IN6hzAOwdCnM8D8rzrs3vDl12UcZpA,https://music.youtube.com/playlist?list=RDTMAK5uy_n_5IN6hzAOwdCnM8D8rzrs3vDl12UcZpA,25,p2ClSQvBSaM,https://music.youtube.com/watch?v=p2ClSQvBSaM,The Book of Evil,Marco Garau's Magic Opera,UCC0L2P4245H9KanDLYuIbSg,Battle of Ice,2023-01-26T02:01:58-08:00,315,False,youtube_video_view_count,15857,15857,4.200221026191876,Buffer,33.333333333333336,middle_third_vs_final_balanced,between_final_balanced_tier_ranges,65199.0,4.814219747922499,0.2432092516756392,-0.6139987217306224,,,,youtube_artist_subscribers,777,777,123,MUSIC_VIDEO_TYPE_ATV,2026-07-28T18:16:28+00:00,user_08,
recommended,weekly_recommendation,Week2_28July,2,Youtube,User8,8,experiment_results/Week2_28July/Youtube/User8/Week8_User8_28.07.csv,Discover Mix,RDTMAK5uy_n_5IN6hzAOwdCnM8D8rzrs3vDl12UcZpA,https://music.youtube.com/playlist?list=RDTMAK5uy_n_5IN6hzAOwdCnM8D8rzrs3vDl12UcZpA,26,09P9AhzEUns,https://music.youtube.com/watch?v=09P9AhzEUns,Send Me a Sign,Gamma Ray,UC34yDJRgqZZFJ25BjEvvCQQ,Power Plant,2022-08-30T04:20:15-07:00,247,False,youtube_video_view_count,602670,602670,5.780079573484288,Buffer,66.66666666666667,middle_third_vs_final_balanced,between_final_balanced_tier_ranges,65199.0,4.814219747922499,9.243546680163806,0.9658598255617896,,,,youtube_artist_subscribers,35500,35.5K,123,MUSIC_VIDEO_TYPE_ATV,2026-07-28T18:16:28+00:00,user_08,
recommended,weekly_recommendation,Week2_28July,2,Youtube,User8,8,experiment_results/Week2_28July/Youtube/User8/Week8_User8_28.07.csv,Discover Mix,RDTMAK5uy_n_5IN6hzAOwdCnM8D8rzrs3vDl12UcZpA,https://music.youtube.com/playlist?list=RDTMAK5uy_n_5IN6hzAOwdCnM8D8rzrs3vDl12UcZpA,27,3mbvWn1EY6g,https://music.youtube.com/watch?v=3mbvWn1EY6g,Ace of Spades,Motörhead,UC29TwdZt2GUC-AqbhFs_uSA,,2020-10-27T08:00:09-07:00,165,False,youtube_video_view_count,68906311,68906311,7.838258999947649,High,100.0,top_third_vs_final_balanced,above_final_balanced_max,65199.0,4.814219747922499,1056.8614702679488,3.0240392520251502,,,,youtube_artist_subscribers,954000,954K,249,MUSIC_VIDEO_TYPE_OMV,2026-07-28T18:16:28+00:00,user_08,missing album browse id
recommended,weekly_recommendation,Week2_28July,2,Youtube,User8,8,experiment_results/Week2_28July/Youtube/User8/Week8_User8_28.07.csv,Discover Mix,RDTMAK5uy_n_5IN6hzAOwdCnM8D8rzrs3vDl12UcZpA,https://music.youtube.com/playlist?list=RDTMAK5uy_n_5IN6hzAOwdCnM8D8rzrs3vDl12UcZpA,28,TkoWQK9eYEI,https://music.youtube.com/watch?v=TkoWQK9eYEI,Not Gonna Die - Skillet | Cover By Ayla Chan (Who Will Save The Hero?),Ayla - Chan,UCRtX1JDwYIL8bMLRw6KBHRA,,2025-11-09T12:15:04-08:00,249,False,youtube_video_view_count,400719,400719,5.602839934894715,Buffer,66.66666666666667,middle_third_vs_final_balanced,between_final_balanced_tier_ranges,65199.0,4.814219747922499,6.146091197717756,0.7886201869722163,,,,youtube_artist_subscribers,65200,65.2K,249,MUSIC_VIDEO_TYPE_OMV,2026-07-28T18:16:28+00:00,user_08,missing album browse id
recommended,weekly_recommendation,Week2_28July,2,Youtube,User8,8,experiment_results/Week2_28July/Youtube/User8/Week8_User8_28.07.csv,Discover Mix,RDTMAK5uy_n_5IN6hzAOwdCnM8D8rzrs3vDl12UcZpA,https://music.youtube.com/playlist?list=RDTMAK5uy_n_5IN6hzAOwdCnM8D8rzrs3vDl12UcZpA,29,mgsayvglv5o,https://music.youtube.com/watch?v=mgsayvglv5o,A Dangerous Mind,Within Temptation,UCeWkbf3RIeKRs8THlxPlUUA,The Silent Force,2021-02-15T15:20:07-08:00,257,False,youtube_video_view_count,2029736,2029736,6.30743955456386,High,76.66666666666667,top_third_vs_final_balanced,within_final_balanced_high_range,65199.0,4.814219747922499,31.13139772082394,1.4932198066413616,,,,youtube_artist_subscribers,1280000,1.28M,123,MUSIC_VIDEO_TYPE_ATV,2026-07-28T18:16:28+00:00,user_08,
recommended,weekly_recommendation,Week2_28July,2,Youtube,User8,8,experiment_results/Week2_28July/Youtube/User8/Week8_User8_28.07.csv,Discover Mix,RDTMAK5uy_n_5IN6hzAOwdCnM8D8rzrs3vDl12UcZpA,https://music.youtube.com/playlist?list=RDTMAK5uy_n_5IN6hzAOwdCnM8D8rzrs3vDl12UcZpA,30,gohQxFQD4Bs,https://music.youtube.com/watch?v=gohQxFQD4Bs,Space Riders with No Names,Star-Lord Band,UCvQsdxzmY6Mx83MqCLq9E7A,"Space Rider (Music from ""Marvel's Guardians of the Galaxy: Original Video Game Soundtrack"")",2021-10-25T03:02:04-07:00,235,False,youtube_video_view_count,409304,409304,5.6120459888901735,Buffer,66.66666666666667,middle_third_vs_final_balanced,between_final_balanced_tier_ranges,65199.0,4.814219747922499,6.27776499639565,0.7978262409676748,,,,youtube_artist_subscribers,13100,13.1K,121,MUSIC_VIDEO_TYPE_ATV,2026-07-28T18:16:28+00:00,user_08,
recommended,weekly_recommendation,Week2_28July,2,Youtube,User9,9,experiment_results/Week2_28July/Youtube/User9/Week9_User9_28.07.csv,Discover Mix,RDTMAK5uy_n_5IN6hzAOwdCnM8D8rzrs3vDl12UcZpA,https://music.youtube.com/playlist?list=RDTMAK5uy_n_5IN6hzAOwdCnM8D8rzrs3vDl12UcZpA,1,cDs7t26nnd8,https://music.youtube.com/watch?v=cDs7t26nnd8,If I Had a Heart - Tal Barr,Tal Barr,UCmyOukl0XOSn0rlX5oTyfGw,,2020-10-11T07:46:02-07:00,214,False,youtube_video_view_count,23662419,23662419,7.374059140319418,High,100.0,top_third_vs_final_balanced,above_final_balanced_max,65199.0,4.814219747922499,362.9261031610914,2.5598393923969196,,,,youtube_artist_subscribers,57900,57.9K,249,MUSIC_VIDEO_TYPE_OMV,2026-07-28T18:17:28+00:00,user_09,missing album browse id
recommended,weekly_recommendation,Week2_28July,2,Youtube,User9,9,experiment_results/Week2_28July/Youtube/User9/Week9_User9_28.07.csv,Discover Mix,RDTMAK5uy_n_5IN6hzAOwdCnM8D8rzrs3vDl12UcZpA,https://music.youtube.com/playlist?list=RDTMAK5uy_n_5IN6hzAOwdCnM8D8rzrs3vDl12UcZpA,2,vMU804-bjQA,https://music.youtube.com/watch?v=vMU804-bjQA,No Surrender (Official Video),Judas Priest,UCy6-RHgm74I8CCCvMu4NPJQ,,2018-07-23T09:00:05-07:00,175,False,youtube_video_view_count,22070673,22070673,7.343815576284901,High,100.0,top_third_vs_final_balanced,above_final_balanced_max,65199.0,4.814219747922499,338.5124465099158,2.5295958283624023,,,,youtube_artist_subscribers,1310000,1.31M,249,MUSIC_VIDEO_TYPE_OMV,2026-07-28T18:17:28+00:00,user_09,missing album browse id
recommended,weekly_recommendation,Week2_28July,2,Youtube,User9,9,experiment_results/Week2_28July/Youtube/User9/Week9_User9_28.07.csv,Discover Mix,RDTMAK5uy_n_5IN6hzAOwdCnM8D8rzrs3vDl12UcZpA,https://music.youtube.com/playlist?list=RDTMAK5uy_n_5IN6hzAOwdCnM8D8rzrs3vDl12UcZpA,3,ABGD7azyJWA,https://music.youtube.com/watch?v=ABGD7azyJWA,Elverhøy (Official Music Video),SKÁLD,UC-wIawlQBEwyFmemXR_eb9A,,2023-03-03T01:30:08-08:00,240,False,youtube_video_view_count,1722850,1722850,6.23624746722859,High,76.66666666666667,top_third_vs_final_balanced,within_final_balanced_high_range,65199.0,4.814219747922499,26.42448503811408,1.422027719306091,,,,youtube_artist_subscribers,505000,505K,244,MUSIC_VIDEO_TYPE_OMV,2026-07-28T18:17:28+00:00,user_09,missing album browse id
recommended,weekly_recommendation,Week2_28July,2,Youtube,User9,9,experiment_results/Week2_28July/Youtube/User9/Week9_User9_28.07.csv,Discover Mix,RDTMAK5uy_n_5IN6hzAOwdCnM8D8rzrs3vDl12UcZpA,https://music.youtube.com/playlist?list=RDTMAK5uy_n_5IN6hzAOwdCnM8D8rzrs3vDl12UcZpA,4,GClPj0RmU6s,https://music.youtube.com/watch?v=GClPj0RmU6s,Drums of Midgard,Bjorth,UCsF9xEBIasTCHP_NH93_DDQ,,2020-08-02T08:36:05-07:00,185,False,youtube_video_view_count,1911562,1911562,6.281388388581156,High,76.66666666666667,top_third_vs_final_balanced,within_final_balanced_high_range,65199.0,4.814219747922499,29.318885258976366,1.4671686406586577,,,,youtube_artist_subscribers,73000,73K,249,MUSIC_VIDEO_TYPE_OMV,2026-07-28T18:17:28+00:00,user_09,missing album browse id
recommended,weekly_recommendation,Week2_28July,2,Youtube,User9,9,experiment_results/Week2_28July/Youtube/User9/Week9_User9_28.07.csv,Discover Mix,RDTMAK5uy_n_5IN6hzAOwdCnM8D8rzrs3vDl12UcZpA,https://music.youtube.com/playlist?list=RDTMAK5uy_n_5IN6hzAOwdCnM8D8rzrs3vDl12UcZpA,5,Zd1kSs2Ttzw,https://music.youtube.com/watch?v=Zd1kSs2Ttzw,Vikingur,Munknörr,UC0q7ERxnSP3aXpSCFE6QPtA,,2024-07-03T08:18:07-07:00,241,False,youtube_video_view_count,87537,87537,4.942191658729333,Middle,53.333333333333336,middle_third_vs_final_balanced,within_final_balanced_middle_range,65199.0,4.814219747922499,1.3426126167579258,0.127971910806834,,,,youtube_artist_subscribers,126000,126K,249,MUSIC_VIDEO_TYPE_OMV,2026-07-28T18:17:28+00:00,user_09,missing album browse id
recommended,weekly_recommendation,Week2_28July,2,Youtube,User9,9,experiment_results/Week2_28July/Youtube/User9/Week9_User9_28.07.csv,Discover Mix,RDTMAK5uy_n_5IN6hzAOwdCnM8D8rzrs3vDl12UcZpA,https://music.youtube.com/playlist?list=RDTMAK5uy_n_5IN6hzAOwdCnM8D8rzrs3vDl12UcZpA,6,Sjrnr9ukdiU,https://music.youtube.com/watch?v=Sjrnr9ukdiU,Gandalf's Rebirth,Blind Guardian,UCevshEcA1yKVc0uucxo4dfg,Battalions of Fear,2019-05-14T18:32:13-07:00,131,False,youtube_video_view_count,78390,78390,4.894260664446988,Middle,53.333333333333336,middle_third_vs_final_balanced,within_final_balanced_middle_range,65199.0,4.814219747922499,1.2023190539732205,0.08004091652448952,,,,youtube_artist_subscribers,202000,202K,249,MUSIC_VIDEO_TYPE_ATV,2026-07-28T18:17:28+00:00,user_09,
recommended,weekly_recommendation,Week2_28July,2,Youtube,User9,9,experiment_results/Week2_28July/Youtube/User9/Week9_User9_28.07.csv,Discover Mix,RDTMAK5uy_n_5IN6hzAOwdCnM8D8rzrs3vDl12UcZpA,https://music.youtube.com/playlist?list=RDTMAK5uy_n_5IN6hzAOwdCnM8D8rzrs3vDl12UcZpA,7,haS4Kvsx6rQ,https://music.youtube.com/watch?v=haS4Kvsx6rQ,The Fairies Dance,Tungsten,UCXZL5WaWwdiGOlJb0JRwpKQ,,2019-08-16T06:57:51-07:00,246,False,youtube_video_view_count,272917,272917,5.4360305887158615,Buffer,66.66666666666667,middle_third_vs_final_balanced,between_final_balanced_tier_ranges,65199.0,4.814219747922499,4.185907759321462,0.6218108407933629,,,,youtube_artist_subscribers,6400,6.4K,249,MUSIC_VIDEO_TYPE_OMV,2026-07-28T18:17:28+00:00,user_09,missing album browse id
recommended,weekly_recommendation,Week2_28July,2,Youtube,User9,9,experiment_results/Week2_28July/Youtube/User9/Week9_User9_28.07.csv,Discover Mix,RDTMAK5uy_n_5IN6hzAOwdCnM8D8rzrs3vDl12UcZpA,https://music.youtube.com/playlist?list=RDTMAK5uy_n_5IN6hzAOwdCnM8D8rzrs3vDl12UcZpA,8,4vvz0G9fK_k,https://music.youtube.com/watch?v=4vvz0G9fK_k,Battles (Acoustic),Alpine Universe,UCGDViLkaQvB2CbxSGAlzvfQ,,2021-08-29T21:00:10-07:00,219,False,youtube_video_view_count,2351801,2351801,6.371400570695662,High,76.66666666666667,top_third_vs_final_balanced,within_final_balanced_high_range,65199.0,4.814219747922499,36.07112072271047,1.5571808227731632,,,,youtube_artist_subscribers,24900,24.9K,249,MUSIC_VIDEO_TYPE_OMV,2026-07-28T18:17:28+00:00,user_09,missing album browse id
recommended,weekly_recommendation,Week2_28July,2,Youtube,User9,9,experiment_results/Week2_28July/Youtube/User9/Week9_User9_28.07.csv,Discover Mix,RDTMAK5uy_n_5IN6hzAOwdCnM8D8rzrs3vDl12UcZpA,https://music.youtube.com/playlist?list=RDTMAK5uy_n_5IN6hzAOwdCnM8D8rzrs3vDl12UcZpA,9,Woi15nuZ6VQ,https://music.youtube.com/watch?v=Woi15nuZ6VQ,Orphaned Land - 'All Is One' Unboxing!,Orphaned Land,UC88NsIKwxNAjDMy8bzP_zhw,,2022-09-06T23:55:06-07:00,145,False,youtube_video_view_count,1732,1732,3.2385478876813276,Low,16.666666666666668,bottom_third_vs_final_balanced,within_final_balanced_low_range,65199.0,4.814219747922499,0.026564824613874445,-1.575671860241171,,,,youtube_artist_subscribers,18400,18.4K,249,MUSIC_VIDEO_TYPE_OMV,2026-07-28T18:17:28+00:00,user_09,missing album browse id
recommended,weekly_recommendation,Week2_28July,2,Youtube,User9,9,experiment_results/Week2_28July/Youtube/User9/Week9_User9_28.07.csv,Discover Mix,RDTMAK5uy_n_5IN6hzAOwdCnM8D8rzrs3vDl12UcZpA,https://music.youtube.com/playlist?list=RDTMAK5uy_n_5IN6hzAOwdCnM8D8rzrs3vDl12UcZpA,10,ai3ITHYuH7E,https://music.youtube.com/watch?v=ai3ITHYuH7E,Absence,Blaze Bayley,UCFWnaaPfunkgp49YYWhfBpw,Circle of Stone,2024-02-22T02:04:55-08:00,207,False,youtube_video_view_count,85071,85071,4.929781537917507,Middle,53.333333333333336,middle_third_vs_final_balanced,within_final_balanced_middle_range,65199.0,4.814219747922499,1.304789950766116,0.11556178999500855,,,,youtube_artist_subscribers,4360,4.36K,122,MUSIC_VIDEO_TYPE_ATV,2026-07-28T18:17:28+00:00,user_09,
recommended,weekly_recommendation,Week2_28July,2,Youtube,User9,9,experiment_results/Week2_28July/Youtube/User9/Week9_User9_28.07.csv,Discover Mix,RDTMAK5uy_n_5IN6hzAOwdCnM8D8rzrs3vDl12UcZpA,https://music.youtube.com/playlist?list=RDTMAK5uy_n_5IN6hzAOwdCnM8D8rzrs3vDl12UcZpA,11,YkP02Fd44U8,https://music.youtube.com/watch?v=YkP02Fd44U8,Angus Mcfife,Gloryhammer - Topic,UCPGTSBEsBiITt6ZaniWufag,Tales from the Kingdom of Fife,2017-11-27T10:38:38-08:00,209,False,youtube_video_view_count,5386989,5386989,6.731346088736195,High,93.33333333333333,top_third_vs_final_balanced,within_final_balanced_high_range,65199.0,4.814219747922499,82.62379791101091,1.917126340813696,,,,youtube_artist_subscribers,52700,52.7K,122,MUSIC_VIDEO_TYPE_ATV,2026-07-28T18:17:28+00:00,user_09,
recommended,weekly_recommendation,Week2_28July,2,Youtube,User9,9,experiment_results/Week2_28July/Youtube/User9/Week9_User9_28.07.csv,Discover Mix,RDTMAK5uy_n_5IN6hzAOwdCnM8D8rzrs3vDl12UcZpA,https://music.youtube.com/playlist?list=RDTMAK5uy_n_5IN6hzAOwdCnM8D8rzrs3vDl12UcZpA,12,587Aa9VTa5Y,https://music.youtube.com/watch?v=587Aa9VTa5Y,March of the Crabs,Anvil,UCG045iPvxKbI_NZmuB9q5Pw,Metal On Metal,2019-07-04T16:50:10-07:00,155,False,youtube_video_view_count,266185,266185,5.425183578558737,Buffer,66.66666666666667,middle_third_vs_final_balanced,between_final_balanced_tier_ranges,65199.0,4.814219747922499,4.082654641942361,0.6109638306362379,,,,youtube_artist_subscribers,7530,7.53K,123,MUSIC_VIDEO_TYPE_ATV,2026-07-28T18:17:28+00:00,user_09,
recommended,weekly_recommendation,Week2_28July,2,Youtube,User9,9,experiment_results/Week2_28July/Youtube/User9/Week9_User9_28.07.csv,Discover Mix,RDTMAK5uy_n_5IN6hzAOwdCnM8D8rzrs3vDl12UcZpA,https://music.youtube.com/playlist?list=RDTMAK5uy_n_5IN6hzAOwdCnM8D8rzrs3vDl12UcZpA,13,3zx1ZtxUbGE,https://music.youtube.com/watch?v=3zx1ZtxUbGE,Armata Strigoi (The Monumental Mass),Powerwolf,UC9LO_ioQYQay7CrsbacNqBQ,,2015-06-03T05:07:00-07:00,240,False,youtube_video_view_count,22068646,22068646,7.343775688269617,High,100.0,top_third_vs_final_balanced,above_final_balanced_max,65199.0,4.814219747922499,338.48135707602876,2.5295559403471186,,,,youtube_artist_subscribers,435000,435K,249,MUSIC_VIDEO_TYPE_OMV,2026-07-28T18:17:28+00:00,user_09,missing album browse id
recommended,weekly_recommendation,Week2_28July,2,Youtube,User9,9,experiment_results/Week2_28July/Youtube/User9/Week9_User9_28.07.csv,Discover Mix,RDTMAK5uy_n_5IN6hzAOwdCnM8D8rzrs3vDl12UcZpA,https://music.youtube.com/playlist?list=RDTMAK5uy_n_5IN6hzAOwdCnM8D8rzrs3vDl12UcZpA,14,C1_kMRiyt5w,https://music.youtube.com/watch?v=C1_kMRiyt5w,Tyrants Serenade,Paradise Lost,UCWZ2Qw9bIIR-H2RXz297zBQ,,2025-08-15T08:00:07-07:00,256,False,youtube_video_view_count,1580070,1580070,6.198676327422981,High,73.33333333333333,top_third_vs_final_balanced,within_final_balanced_high_range,65199.0,4.814219747922499,24.234574149910273,1.3844565795004824,,,,youtube_artist_subscribers,83400,83.4K,249,MUSIC_VIDEO_TYPE_OMV,2026-07-28T18:17:28+00:00,user_09,missing album browse id
recommended,weekly_recommendation,Week2_28July,2,Youtube,User9,9,experiment_results/Week2_28July/Youtube/User9/Week9_User9_28.07.csv,Discover Mix,RDTMAK5uy_n_5IN6hzAOwdCnM8D8rzrs3vDl12UcZpA,https://music.youtube.com/playlist?list=RDTMAK5uy_n_5IN6hzAOwdCnM8D8rzrs3vDl12UcZpA,15,DF3ejxcFhoc,https://music.youtube.com/watch?v=DF3ejxcFhoc,Tears of a Dragonheart,Bloodbound,UCMdFBg2b49RBAUr5XZxkArA,War of Dragons,2017-02-23T02:15:03-08:00,230,False,youtube_video_view_count,2028473,2028473,6.3071692313999455,High,76.66666666666667,top_third_vs_final_balanced,within_final_balanced_high_range,65199.0,4.814219747922499,31.11202625807144,1.4929494834774468,,,,youtube_artist_subscribers,18000,18K,248,MUSIC_VIDEO_TYPE_ATV,2026-07-28T18:17:28+00:00,user_09,
recommended,weekly_recommendation,Week2_28July,2,Youtube,User9,9,experiment_results/Week2_28July/Youtube/User9/Week9_User9_28.07.csv,Discover Mix,RDTMAK5uy_n_5IN6hzAOwdCnM8D8rzrs3vDl12UcZpA,https://music.youtube.com/playlist?list=RDTMAK5uy_n_5IN6hzAOwdCnM8D8rzrs3vDl12UcZpA,16,y2q5R9HU7C0,https://music.youtube.com/watch?v=y2q5R9HU7C0,SKÅL! by Miracle Of Sound,Miracle of Sound,UCgVlMhRaM_83zLomevX-ZgQ,,2023-03-10T07:00:49-08:00,173,False,youtube_video_view_count,49219966,49219966,7.692141309366429,High,100.0,top_third_vs_final_balanced,above_final_balanced_max,65199.0,4.814219747922499,754.9190325004985,2.87792156144393,,,,youtube_artist_subscribers,1190000,1.19M,249,MUSIC_VIDEO_TYPE_OMV,2026-07-28T18:17:28+00:00,user_09,missing album browse id
recommended,weekly_recommendation,Week2_28July,2,Youtube,User9,9,experiment_results/Week2_28July/Youtube/User9/Week9_User9_28.07.csv,Discover Mix,RDTMAK5uy_n_5IN6hzAOwdCnM8D8rzrs3vDl12UcZpA,https://music.youtube.com/playlist?list=RDTMAK5uy_n_5IN6hzAOwdCnM8D8rzrs3vDl12UcZpA,17,UtwTsPc6Puk,https://music.youtube.com/watch?v=UtwTsPc6Puk,Rising High,Beyond The Black,UCab1v_wq5f-zZXzLMm-OXWg,,2025-06-20T06:00:08-07:00,199,False,youtube_video_view_count,930800,930800,5.968856374614693,Buffer,66.66666666666667,middle_third_vs_final_balanced,between_final_balanced_tier_ranges,65199.0,4.814219747922499,14.276292581174557,1.1546366266921941,,,,youtube_artist_subscribers,117000,117K,249,MUSIC_VIDEO_TYPE_OMV,2026-07-28T18:17:28+00:00,user_09,missing album browse id
recommended,weekly_recommendation,Week2_28July,2,Youtube,User9,9,experiment_results/Week2_28July/Youtube/User9/Week9_User9_28.07.csv,Discover Mix,RDTMAK5uy_n_5IN6hzAOwdCnM8D8rzrs3vDl12UcZpA,https://music.youtube.com/playlist?list=RDTMAK5uy_n_5IN6hzAOwdCnM8D8rzrs3vDl12UcZpA,18,3mbvWn1EY6g,https://music.youtube.com/watch?v=3mbvWn1EY6g,Ace of Spades,Motörhead,UC29TwdZt2GUC-AqbhFs_uSA,,2020-10-27T08:00:09-07:00,165,False,youtube_video_view_count,68906311,68906311,7.838258999947649,High,100.0,top_third_vs_final_balanced,above_final_balanced_max,65199.0,4.814219747922499,1056.8614702679488,3.0240392520251502,,,,youtube_artist_subscribers,954000,954K,249,MUSIC_VIDEO_TYPE_OMV,2026-07-28T18:17:28+00:00,user_09,missing album browse id
recommended,weekly_recommendation,Week2_28July,2,Youtube,User9,9,experiment_results/Week2_28July/Youtube/User9/Week9_User9_28.07.csv,Discover Mix,RDTMAK5uy_n_5IN6hzAOwdCnM8D8rzrs3vDl12UcZpA,https://music.youtube.com/playlist?list=RDTMAK5uy_n_5IN6hzAOwdCnM8D8rzrs3vDl12UcZpA,19,0VsiK-yASzY,https://music.youtube.com/watch?v=0VsiK-yASzY,Annihilator | King Of The Kill | Official Music Video,Annihilator,UC1WbMJioQ-oDX6X2wxaB2oQ,,2010-03-01T21:59:59-08:00,194,False,youtube_video_view_count,699684,699684,5.844901942811441,Buffer,66.66666666666667,middle_third_vs_final_balanced,between_final_balanced_tier_ranges,65199.0,4.814219747922499,10.731514287028942,1.030682194888942,,,,youtube_artist_subscribers,65600,65.6K,249,MUSIC_VIDEO_TYPE_OMV,2026-07-28T18:17:28+00:00,user_09,missing album browse id
recommended,weekly_recommendation,Week2_28July,2,Youtube,User9,9,experiment_results/Week2_28July/Youtube/User9/Week9_User9_28.07.csv,Discover Mix,RDTMAK5uy_n_5IN6hzAOwdCnM8D8rzrs3vDl12UcZpA,https://music.youtube.com/playlist?list=RDTMAK5uy_n_5IN6hzAOwdCnM8D8rzrs3vDl12UcZpA,20,UYd51g92y-Q,https://music.youtube.com/watch?v=UYd51g92y-Q,Black Thunder (feat. Serj Tankian & Daniel Laskiewicz),The HU,UCHEdEk00phCybcsq05cOfqg,Rumble of Thunder (Deluxe),2023-03-30T03:03:36-07:00,269,False,youtube_video_view_count,3717035,3717035,6.5701966504783735,High,76.66666666666667,top_third_vs_final_balanced,within_final_balanced_high_range,65199.0,4.814219747922499,57.01061365971871,1.755976902555875,,,,youtube_artist_subscribers,1810000,1.81M,249,MUSIC_VIDEO_TYPE_ATV,2026-07-28T18:17:28+00:00,user_09,
recommended,weekly_recommendation,Week2_28July,2,Youtube,User9,9,experiment_results/Week2_28July/Youtube/User9/Week9_User9_28.07.csv,Discover Mix,RDTMAK5uy_n_5IN6hzAOwdCnM8D8rzrs3vDl12UcZpA,https://music.youtube.com/playlist?list=RDTMAK5uy_n_5IN6hzAOwdCnM8D8rzrs3vDl12UcZpA,21,v5yYMjU8xDg,https://music.youtube.com/watch?v=v5yYMjU8xDg,Yggdrasil,Brothers of Metal,UC7apj1hieWRm-ji4_Umt2GA,,2018-12-12T07:17:51-08:00,273,False,youtube_video_view_count,9218447,9218447,6.964657763120969,High,93.33333333333333,top_third_vs_final_balanced,within_final_balanced_high_range,65199.0,4.814219747922499,141.38939247534472,2.1504380151984703,,,,youtube_artist_subscribers,105000,105K,249,MUSIC_VIDEO_TYPE_OMV,2026-07-28T18:17:28+00:00,user_09,missing album browse id
recommended,weekly_recommendation,Week2_28July,2,Youtube,User9,9,experiment_results/Week2_28July/Youtube/User9/Week9_User9_28.07.csv,Discover Mix,RDTMAK5uy_n_5IN6hzAOwdCnM8D8rzrs3vDl12UcZpA,https://music.youtube.com/playlist?list=RDTMAK5uy_n_5IN6hzAOwdCnM8D8rzrs3vDl12UcZpA,22,JzILGd0NAfM,https://music.youtube.com/watch?v=JzILGd0NAfM,Wings of Light,Battle Beast,UCXNUOxaWLAyz8z2snld0o9A,,2022-01-21T01:58:17-08:00,246,False,youtube_video_view_count,7473826,7473826,6.873542982713579,High,93.33333333333333,top_third_vs_final_balanced,within_final_balanced_high_range,65199.0,4.814219747922499,114.63099127287228,2.059323234791081,,,,youtube_artist_subscribers,90000,90K,249,MUSIC_VIDEO_TYPE_OMV,2026-07-28T18:17:28+00:00,user_09,missing album browse id
recommended,weekly_recommendation,Week2_28July,2,Youtube,User9,9,experiment_results/Week2_28July/Youtube/User9/Week9_User9_28.07.csv,Discover Mix,RDTMAK5uy_n_5IN6hzAOwdCnM8D8rzrs3vDl12UcZpA,https://music.youtube.com/playlist?list=RDTMAK5uy_n_5IN6hzAOwdCnM8D8rzrs3vDl12UcZpA,23,vkmlujV-TvU,https://music.youtube.com/watch?v=vkmlujV-TvU,Any Means Necessary,Hammerfall,UCOspMA8k5GDzhPH7EsZ_IwQ,,2009-01-22T08:08:58-08:00,215,False,youtube_video_view_count,26164318,26164318,7.417709418888531,High,100.0,top_third_vs_final_balanced,above_final_balanced_max,65199.0,4.814219747922499,401.2993757572969,2.6034896709660327,,,,youtube_artist_subscribers,108000,108K,249,MUSIC_VIDEO_TYPE_OMV,2026-07-28T18:17:28+00:00,user_09,missing album browse id
recommended,weekly_recommendation,Week2_28July,2,Youtube,User9,9,experiment_results/Week2_28July/Youtube/User9/Week9_User9_28.07.csv,Discover Mix,RDTMAK5uy_n_5IN6hzAOwdCnM8D8rzrs3vDl12UcZpA,https://music.youtube.com/playlist?list=RDTMAK5uy_n_5IN6hzAOwdCnM8D8rzrs3vDl12UcZpA,24,5OJsPtA3Rmg,https://music.youtube.com/watch?v=5OJsPtA3Rmg,Last Ride Of The Day,Nightwish,UCnDibivBAgWYKWi9qOiCNnA,Imaginaerum,2019-04-20T07:09:18-07:00,272,False,youtube_video_view_count,9833699,9833699,6.992716910824218,High,93.33333333333333,top_third_vs_final_balanced,within_final_balanced_high_range,65199.0,4.814219747922499,150.82591757542295,2.17849716290172,,,,youtube_artist_subscribers,1870000,1.87M,249,MUSIC_VIDEO_TYPE_ATV,2026-07-28T18:17:28+00:00,user_09,
recommended,weekly_recommendation,Week2_28July,2,Youtube,User9,9,experiment_results/Week2_28July/Youtube/User9/Week9_User9_28.07.csv,Discover Mix,RDTMAK5uy_n_5IN6hzAOwdCnM8D8rzrs3vDl12UcZpA,https://music.youtube.com/playlist?list=RDTMAK5uy_n_5IN6hzAOwdCnM8D8rzrs3vDl12UcZpA,25,Mbsc-3T6o4M,https://music.youtube.com/watch?v=Mbsc-3T6o4M,Einherjr,Hulkoff,UCaBTq9G9dnNK0NhTHLtvroA,,2017-10-05T21:00:00-07:00,204,False,youtube_video_view_count,811114,811114,5.9090818974806405,Buffer,66.66666666666667,middle_third_vs_final_balanced,between_final_balanced_tier_ranges,65199.0,4.814219747922499,12.440589579594779,1.0948621495581419,,,,youtube_artist_subscribers,15500,15.5K,249,MUSIC_VIDEO_TYPE_OMV,2026-07-28T18:17:28+00:00,user_09,missing album browse id
recommended,weekly_recommendation,Week2_28July,2,Youtube,User9,9,experiment_results/Week2_28July/Youtube/User9/Week9_User9_28.07.csv,Discover Mix,RDTMAK5uy_n_5IN6hzAOwdCnM8D8rzrs3vDl12UcZpA,https://music.youtube.com/playlist?list=RDTMAK5uy_n_5IN6hzAOwdCnM8D8rzrs3vDl12UcZpA,26,lWb1kee9z9Y,https://music.youtube.com/watch?v=lWb1kee9z9Y,Hear The Drum,All For Metal,UCFyjdGcykEQTL7gTYPVfzVQ,,2023-07-06T07:00:09-07:00,194,False,youtube_video_view_count,961168,961168,5.982799303481467,Buffer,66.66666666666667,middle_third_vs_final_balanced,between_final_balanced_tier_ranges,65199.0,4.814219747922499,14.742066596113437,1.168579555558968,,,,youtube_artist_subscribers,3930,3.93K,249,MUSIC_VIDEO_TYPE_OMV,2026-07-28T18:17:28+00:00,user_09,missing album browse id
recommended,weekly_recommendation,Week2_28July,2,Youtube,User9,9,experiment_results/Week2_28July/Youtube/User9/Week9_User9_28.07.csv,Discover Mix,RDTMAK5uy_n_5IN6hzAOwdCnM8D8rzrs3vDl12UcZpA,https://music.youtube.com/playlist?list=RDTMAK5uy_n_5IN6hzAOwdCnM8D8rzrs3vDl12UcZpA,27,jNhqTGw_hIg,https://music.youtube.com/watch?v=jNhqTGw_hIg,Forever and a Day,Blackbriar,UCyHCoPXCGZFfrjCdudblEhg,,2023-09-15T05:00:41-07:00,295,False,youtube_video_view_count,458847,458847,5.661667896577126,Buffer,66.66666666666667,middle_third_vs_final_balanced,between_final_balanced_tier_ranges,65199.0,4.814219747922499,7.037638614089174,0.8474481486546273,,,,youtube_artist_subscribers,262000,262K,249,MUSIC_VIDEO_TYPE_OMV,2026-07-28T18:17:28+00:00,user_09,missing album browse id
recommended,weekly_recommendation,Week2_28July,2,Youtube,User9,9,experiment_results/Week2_28July/Youtube/User9/Week9_User9_28.07.csv,Discover Mix,RDTMAK5uy_n_5IN6hzAOwdCnM8D8rzrs3vDl12UcZpA,https://music.youtube.com/playlist?list=RDTMAK5uy_n_5IN6hzAOwdCnM8D8rzrs3vDl12UcZpA,28,FAVW6hS2eXo,https://music.youtube.com/watch?v=FAVW6hS2eXo,Hunting Pirates,Turisas,UCKtDEzexZu3QJk0IPtR2MLg,Stand Up and Fight,2017-08-15T09:56:27-07:00,224,False,youtube_video_view_count,391568,391568,5.592807192857165,Buffer,66.66666666666667,middle_third_vs_final_balanced,between_final_balanced_tier_ranges,65199.0,4.814219747922499,6.005736284298839,0.7785874449346668,,,,youtube_artist_subscribers,29600,29.6K,123,MUSIC_VIDEO_TYPE_ATV,2026-07-28T18:17:28+00:00,user_09,
recommended,weekly_recommendation,Week2_28July,2,Youtube,User9,9,experiment_results/Week2_28July/Youtube/User9/Week9_User9_28.07.csv,Discover Mix,RDTMAK5uy_n_5IN6hzAOwdCnM8D8rzrs3vDl12UcZpA,https://music.youtube.com/playlist?list=RDTMAK5uy_n_5IN6hzAOwdCnM8D8rzrs3vDl12UcZpA,29,Y7nOpkr4sFQ,https://music.youtube.com/watch?v=Y7nOpkr4sFQ,Echoes of the Fallen,Marcin Jakubek,UCKwkdbdO6Iqz8Bh3llyN9Hw,,2023-07-08T04:09:23-07:00,195,False,youtube_video_view_count,2321,2321,3.3656751404559175,Low,23.333333333333332,bottom_third_vs_final_balanced,within_final_balanced_low_range,65199.0,4.814219747922499,0.03559870550161812,-1.448544607466581,,,,youtube_artist_subscribers,1590,1.59K,249,MUSIC_VIDEO_TYPE_OMV,2026-07-28T18:17:28+00:00,user_09,missing album browse id
recommended,weekly_recommendation,Week2_28July,2,Youtube,User9,9,experiment_results/Week2_28July/Youtube/User9/Week9_User9_28.07.csv,Discover Mix,RDTMAK5uy_n_5IN6hzAOwdCnM8D8rzrs3vDl12UcZpA,https://music.youtube.com/playlist?list=RDTMAK5uy_n_5IN6hzAOwdCnM8D8rzrs3vDl12UcZpA,30,NTwvcSSAjGg,https://music.youtube.com/watch?v=NTwvcSSAjGg,My Heart Is Crying,Dionysus,UClJbvcY5lO1aJo2Q3SqjvlQ,Anima Mundi,2015-01-19T21:25:11-08:00,302,False,youtube_video_view_count,205618,205618,5.313061130549392,Middle,66.66666666666667,middle_third_vs_final_balanced,between_final_balanced_tier_ranges,65199.0,4.814219747922499,3.153698676360067,0.49884138262689337,,,,youtube_artist_subscribers,3940,3.94K,249,MUSIC_VIDEO_TYPE_ATV,2026-07-28T18:17:28+00:00,user_09,
recommended,weekly_recommendation,Week2_28July,2,Youtube,User10,10,experiment_results/Week2_28July/Youtube/User10/Week10_User10_28.07.csv,Discover Mix,RDTMAK5uy_n_5IN6hzAOwdCnM8D8rzrs3vDl12UcZpA,https://music.youtube.com/playlist?list=RDTMAK5uy_n_5IN6hzAOwdCnM8D8rzrs3vDl12UcZpA,1,C7Z-IP2onYQ,https://music.youtube.com/watch?v=C7Z-IP2onYQ,Eye of the Storm,Battle Beast,UCXNUOxaWLAyz8z2snld0o9A,,2021-11-26T02:00:09-08:00,275,False,youtube_video_view_count,9829029,9829029,6.99251061643123,High,93.33333333333333,top_third_vs_final_balanced,within_final_balanced_high_range,65199.0,4.814219747922499,150.7542907099802,2.178290868508731,,,,youtube_artist_subscribers,90000,90K,249,MUSIC_VIDEO_TYPE_OMV,2026-07-28T18:18:35+00:00,user_10,missing album browse id
recommended,weekly_recommendation,Week2_28July,2,Youtube,User10,10,experiment_results/Week2_28July/Youtube/User10/Week10_User10_28.07.csv,Discover Mix,RDTMAK5uy_n_5IN6hzAOwdCnM8D8rzrs3vDl12UcZpA,https://music.youtube.com/playlist?list=RDTMAK5uy_n_5IN6hzAOwdCnM8D8rzrs3vDl12UcZpA,2,ZCnttPJHt6s,https://music.youtube.com/watch?v=ZCnttPJHt6s,The Longing,Storm Seeker,UCVF7UwkF9_HT5d1h4MiQXjg,,2017-12-23T08:59:17-08:00,249,False,youtube_video_view_count,4180782,4180782,6.621257522569458,High,80.0,top_third_vs_final_balanced,within_final_balanced_high_range,65199.0,4.814219747922499,64.1234068007178,1.8070377746469592,,,,youtube_artist_subscribers,47400,47.4K,249,MUSIC_VIDEO_TYPE_OMV,2026-07-28T18:18:35+00:00,user_10,missing album browse id
recommended,weekly_recommendation,Week2_28July,2,Youtube,User10,10,experiment_results/Week2_28July/Youtube/User10/Week10_User10_28.07.csv,Discover Mix,RDTMAK5uy_n_5IN6hzAOwdCnM8D8rzrs3vDl12UcZpA,https://music.youtube.com/playlist?list=RDTMAK5uy_n_5IN6hzAOwdCnM8D8rzrs3vDl12UcZpA,3,0qanF-91aJo,https://music.youtube.com/watch?v=0qanF-91aJo,Paranoid,Black Sabbath,UCLCELUuoHbkUxZ9EMHTYebg,,2016-02-17T16:10:59-08:00,172,False,youtube_video_view_count,393308178,393308178,8.594732976725913,High,100.0,top_third_vs_final_balanced,above_final_balanced_max,65199.0,4.814219747922499,6032.42654028436,3.7805132288034144,,,,youtube_artist_subscribers,2660000,2.66M,249,MUSIC_VIDEO_TYPE_OMV,2026-07-28T18:18:35+00:00,user_10,missing album browse id
recommended,weekly_recommendation,Week2_28July,2,Youtube,User10,10,experiment_results/Week2_28July/Youtube/User10/Week10_User10_28.07.csv,Discover Mix,RDTMAK5uy_n_5IN6hzAOwdCnM8D8rzrs3vDl12UcZpA,https://music.youtube.com/playlist?list=RDTMAK5uy_n_5IN6hzAOwdCnM8D8rzrs3vDl12UcZpA,4,yvPiy7PAeNs,https://music.youtube.com/watch?v=yvPiy7PAeNs,Rhythm of Desire (Live),Wings of Steel,UCf_OyY7jsfQ-nS7UmPCnL2A,,2022-07-18T17:35:15-07:00,324,False,youtube_video_view_count,46031,46031,4.6630504098225956,Middle,43.333333333333336,middle_third_vs_final_balanced,within_final_balanced_middle_range,65199.0,4.814219747922499,0.7060077608552279,-0.15116933809990307,,,,youtube_artist_subscribers,23000,23K,249,MUSIC_VIDEO_TYPE_OMV,2026-07-28T18:18:35+00:00,user_10,missing album browse id
recommended,weekly_recommendation,Week2_28July,2,Youtube,User10,10,experiment_results/Week2_28July/Youtube/User10/Week10_User10_28.07.csv,Discover Mix,RDTMAK5uy_n_5IN6hzAOwdCnM8D8rzrs3vDl12UcZpA,https://music.youtube.com/playlist?list=RDTMAK5uy_n_5IN6hzAOwdCnM8D8rzrs3vDl12UcZpA,5,9zUgqT94g1o,https://music.youtube.com/watch?v=9zUgqT94g1o,Run from the Crushing Tide,Ensiferum,UC9_e3R2JB9CLgfytblJdj5Q,,2021-09-16T09:00:11-07:00,275,False,youtube_video_view_count,448879,448879,5.652129288187457,Buffer,66.66666666666667,middle_third_vs_final_balanced,between_final_balanced_tier_ranges,65199.0,4.814219747922499,6.884752833632418,0.8379095402649588,,,,youtube_artist_subscribers,72600,72.6K,249,MUSIC_VIDEO_TYPE_OMV,2026-07-28T18:18:35+00:00,user_10,missing album browse id
recommended,weekly_recommendation,Week2_28July,2,Youtube,User10,10,experiment_results/Week2_28July/Youtube/User10/Week10_User10_28.07.csv,Discover Mix,RDTMAK5uy_n_5IN6hzAOwdCnM8D8rzrs3vDl12UcZpA,https://music.youtube.com/playlist?list=RDTMAK5uy_n_5IN6hzAOwdCnM8D8rzrs3vDl12UcZpA,6,UGJV6cJkFcc,https://music.youtube.com/watch?v=UGJV6cJkFcc,Eagleheart,Stratovarius,UCrmWShE1Kjc31dCC5g2Ti2w,,2010-06-09T18:03:18-07:00,232,False,youtube_video_view_count,14460094,14460094,7.16017111616381,High,100.0,top_third_vs_final_balanced,above_final_balanced_max,65199.0,4.814219747922499,221.78398441693892,2.3459513682413116,,,,youtube_artist_subscribers,177000,177K,249,MUSIC_VIDEO_TYPE_OMV,2026-07-28T18:18:35+00:00,user_10,missing album browse id
recommended,weekly_recommendation,Week2_28July,2,Youtube,User10,10,experiment_results/Week2_28July/Youtube/User10/Week10_User10_28.07.csv,Discover Mix,RDTMAK5uy_n_5IN6hzAOwdCnM8D8rzrs3vDl12UcZpA,https://music.youtube.com/playlist?list=RDTMAK5uy_n_5IN6hzAOwdCnM8D8rzrs3vDl12UcZpA,7,nFGkutszRFA,https://music.youtube.com/watch?v=nFGkutszRFA,The Other Son of Odin,Brothers of Metal,UC7apj1hieWRm-ji4_Umt2GA,The Other Son of Odin,2022-03-17T03:02:29-07:00,206,False,youtube_video_view_count,3268069,3268069,6.51429121738391,High,76.66666666666667,top_third_vs_final_balanced,within_final_balanced_high_range,65199.0,4.814219747922499,50.12452644979218,1.7000714694614114,,,,youtube_artist_subscribers,105000,105K,249,MUSIC_VIDEO_TYPE_ATV,2026-07-28T18:18:35+00:00,user_10,
recommended,weekly_recommendation,Week2_28July,2,Youtube,User10,10,experiment_results/Week2_28July/Youtube/User10/Week10_User10_28.07.csv,Discover Mix,RDTMAK5uy_n_5IN6hzAOwdCnM8D8rzrs3vDl12UcZpA,https://music.youtube.com/playlist?list=RDTMAK5uy_n_5IN6hzAOwdCnM8D8rzrs3vDl12UcZpA,8,jxptIpCYAJA,https://music.youtube.com/watch?v=jxptIpCYAJA,Valhalla Calling,Miracle of Sound,UCgVlMhRaM_83zLomevX-ZgQ,,2020-11-27T09:46:54-08:00,228,False,youtube_video_view_count,124703807,124703807,8.095879711969763,High,100.0,top_third_vs_final_balanced,above_final_balanced_max,65199.0,4.814219747922499,1912.6644120308595,3.2816599640472646,,,,youtube_artist_subscribers,1190000,1.19M,249,MUSIC_VIDEO_TYPE_OMV,2026-07-28T18:18:35+00:00,user_10,missing album browse id
recommended,weekly_recommendation,Week2_28July,2,Youtube,User10,10,experiment_results/Week2_28July/Youtube/User10/Week10_User10_28.07.csv,Discover Mix,RDTMAK5uy_n_5IN6hzAOwdCnM8D8rzrs3vDl12UcZpA,https://music.youtube.com/playlist?list=RDTMAK5uy_n_5IN6hzAOwdCnM8D8rzrs3vDl12UcZpA,9,yE8Lrxgh9kc,https://music.youtube.com/watch?v=yE8Lrxgh9kc,8th Commandment,Sonata Arctica,UCyGTmzFc3YzefTe8mOQ-QgA,Ecliptica (International Version),2023-01-02T02:04:01-08:00,222,False,youtube_video_view_count,2504242,2504242,6.398676295060065,High,76.66666666666667,top_third_vs_final_balanced,within_final_balanced_high_range,65199.0,4.814219747922499,38.409208730195246,1.5844565471375667,,,,youtube_artist_subscribers,161000,161K,123,MUSIC_VIDEO_TYPE_ATV,2026-07-28T18:18:35+00:00,user_10,
recommended,weekly_recommendation,Week2_28July,2,Youtube,User10,10,experiment_results/Week2_28July/Youtube/User10/Week10_User10_28.07.csv,Discover Mix,RDTMAK5uy_n_5IN6hzAOwdCnM8D8rzrs3vDl12UcZpA,https://music.youtube.com/playlist?list=RDTMAK5uy_n_5IN6hzAOwdCnM8D8rzrs3vDl12UcZpA,10,GClPj0RmU6s,https://music.youtube.com/watch?v=GClPj0RmU6s,Drums of Midgard,Bjorth,UCsF9xEBIasTCHP_NH93_DDQ,,2020-08-02T08:36:05-07:00,185,False,youtube_video_view_count,1911562,1911562,6.281388388581156,High,76.66666666666667,top_third_vs_final_balanced,within_final_balanced_high_range,65199.0,4.814219747922499,29.318885258976366,1.4671686406586577,,,,youtube_artist_subscribers,73000,73K,249,MUSIC_VIDEO_TYPE_OMV,2026-07-28T18:18:35+00:00,user_10,missing album browse id
recommended,weekly_recommendation,Week2_28July,2,Youtube,User10,10,experiment_results/Week2_28July/Youtube/User10/Week10_User10_28.07.csv,Discover Mix,RDTMAK5uy_n_5IN6hzAOwdCnM8D8rzrs3vDl12UcZpA,https://music.youtube.com/playlist?list=RDTMAK5uy_n_5IN6hzAOwdCnM8D8rzrs3vDl12UcZpA,11,IzAmAN87nzY,https://music.youtube.com/watch?v=IzAmAN87nzY,Blood of Heroes,Tyr,UCcsoYke5q0w-OMEakJsLbAQ,,2013-09-11T09:07:03-07:00,222,False,youtube_video_view_count,1033576,1033576,6.014342416296734,Buffer,66.66666666666667,middle_third_vs_final_balanced,between_final_balanced_tier_ranges,65199.0,4.814219747922499,15.852635776622341,1.2001226683742354,,,,youtube_artist_subscribers,45300,45.3K,249,MUSIC_VIDEO_TYPE_OMV,2026-07-28T18:18:35+00:00,user_10,missing album browse id
recommended,weekly_recommendation,Week2_28July,2,Youtube,User10,10,experiment_results/Week2_28July/Youtube/User10/Week10_User10_28.07.csv,Discover Mix,RDTMAK5uy_n_5IN6hzAOwdCnM8D8rzrs3vDl12UcZpA,https://music.youtube.com/playlist?list=RDTMAK5uy_n_5IN6hzAOwdCnM8D8rzrs3vDl12UcZpA,12,bxg67P45QGk,https://music.youtube.com/watch?v=bxg67P45QGk,Nightside of Siberia (feat. Johan Hegg),Powerwolf,UC9LO_ioQYQay7CrsbacNqBQ,,2019-12-31T08:30:48-08:00,240,False,youtube_video_view_count,1902550,1902550,6.279336079076647,High,76.66666666666667,top_third_vs_final_balanced,within_final_balanced_high_range,65199.0,4.814219747922499,29.18066228009632,1.4651163311541486,,,,youtube_artist_subscribers,435000,435K,249,MUSIC_VIDEO_TYPE_OMV,2026-07-28T18:18:35+00:00,user_10,missing album browse id
recommended,weekly_recommendation,Week2_28July,2,Youtube,User10,10,experiment_results/Week2_28July/Youtube/User10/Week10_User10_28.07.csv,Discover Mix,RDTMAK5uy_n_5IN6hzAOwdCnM8D8rzrs3vDl12UcZpA,https://music.youtube.com/playlist?list=RDTMAK5uy_n_5IN6hzAOwdCnM8D8rzrs3vDl12UcZpA,13,v2AC41dglnM,https://music.youtube.com/watch?v=v2AC41dglnM,Thunderstruck,AC/DC,UCVm4YdI3hobkwsHTTOMVJKg,,2012-11-07T07:15:10-08:00,293,False,youtube_video_view_count,1752841683,1752841683,9.243742692303472,High,100.0,top_third_vs_final_balanced,above_final_balanced_max,65199.0,4.814219747922499,26884.487231399253,4.429522944380974,,,,youtube_artist_subscribers,11700000,11.7M,249,MUSIC_VIDEO_TYPE_OMV,2026-07-28T18:18:35+00:00,user_10,missing album browse id
recommended,weekly_recommendation,Week2_28July,2,Youtube,User10,10,experiment_results/Week2_28July/Youtube/User10/Week10_User10_28.07.csv,Discover Mix,RDTMAK5uy_n_5IN6hzAOwdCnM8D8rzrs3vDl12UcZpA,https://music.youtube.com/playlist?list=RDTMAK5uy_n_5IN6hzAOwdCnM8D8rzrs3vDl12UcZpA,14,u9Dg-g7t2l4,https://music.youtube.com/watch?v=u9Dg-g7t2l4,The Sound of Silence,Disturbed,UCMHHDXMvnMKRzuEKtMe8ZRA,,2015-12-08T07:28:55-08:00,263,False,youtube_video_view_count,1188888587,1188888587,9.075141157967543,High,100.0,top_third_vs_final_balanced,above_final_balanced_max,65199.0,4.814219747922499,18234.76720501848,4.260921410045045,,,,youtube_artist_subscribers,5120000,5.12M,249,MUSIC_VIDEO_TYPE_OMV,2026-07-28T18:18:35+00:00,user_10,missing album browse id
recommended,weekly_recommendation,Week2_28July,2,Youtube,User10,10,experiment_results/Week2_28July/Youtube/User10/Week10_User10_28.07.csv,Discover Mix,RDTMAK5uy_n_5IN6hzAOwdCnM8D8rzrs3vDl12UcZpA,https://music.youtube.com/playlist?list=RDTMAK5uy_n_5IN6hzAOwdCnM8D8rzrs3vDl12UcZpA,15,EDnIEWyVIlE,https://music.youtube.com/watch?v=EDnIEWyVIlE,RATATATA,BABYMETAL,UCCbekeZYV4LhXTxJYrHf9lg,,2024-05-23T08:00:24-07:00,222,False,youtube_video_view_count,62640945,62640945,7.796858300856874,High,100.0,top_third_vs_final_balanced,above_final_balanced_max,65199.0,4.814219747922499,960.7654258500897,2.9826385529343753,,,,youtube_artist_subscribers,3650000,3.65M,248,MUSIC_VIDEO_TYPE_OMV,2026-07-28T18:18:35+00:00,user_10,missing album browse id
recommended,weekly_recommendation,Week2_28July,2,Youtube,User10,10,experiment_results/Week2_28July/Youtube/User10/Week10_User10_28.07.csv,Discover Mix,RDTMAK5uy_n_5IN6hzAOwdCnM8D8rzrs3vDl12UcZpA,https://music.youtube.com/playlist?list=RDTMAK5uy_n_5IN6hzAOwdCnM8D8rzrs3vDl12UcZpA,16,JIu4yr5mYMc,https://music.youtube.com/watch?v=JIu4yr5mYMc,Down for Life,Testament,UCAzb0gYKjvUm-WNy-tevEcw,The Gathering,2019-04-20T06:42:02-07:00,204,False,youtube_video_view_count,1584945,1584945,6.200014196136771,High,73.33333333333333,top_third_vs_final_balanced,within_final_balanced_high_range,65199.0,4.814219747922499,24.30934523535637,1.3857944482142726,,,,youtube_artist_subscribers,192000,192K,249,MUSIC_VIDEO_TYPE_ATV,2026-07-28T18:18:35+00:00,user_10,
recommended,weekly_recommendation,Week2_28July,2,Youtube,User10,10,experiment_results/Week2_28July/Youtube/User10/Week10_User10_28.07.csv,Discover Mix,RDTMAK5uy_n_5IN6hzAOwdCnM8D8rzrs3vDl12UcZpA,https://music.youtube.com/playlist?list=RDTMAK5uy_n_5IN6hzAOwdCnM8D8rzrs3vDl12UcZpA,17,yuCytbbTrl8,https://music.youtube.com/watch?v=yuCytbbTrl8,Intro (Arise Sessions),Sepultura,UCZDm-NPbTrtTGa69EC2dFGw,Arise,2017-04-08T04:24:37-07:00,94,False,youtube_video_view_count,1114393,1114393,6.047038375426926,Buffer,66.66666666666667,middle_third_vs_final_balanced,between_final_balanced_tier_ranges,65199.0,4.814219747922499,17.092179327903803,1.232818627504427,,,,youtube_artist_subscribers,502000,502K,123,MUSIC_VIDEO_TYPE_ATV,2026-07-28T18:18:35+00:00,user_10,
recommended,weekly_recommendation,Week2_28July,2,Youtube,User10,10,experiment_results/Week2_28July/Youtube/User10/Week10_User10_28.07.csv,Discover Mix,RDTMAK5uy_n_5IN6hzAOwdCnM8D8rzrs3vDl12UcZpA,https://music.youtube.com/playlist?list=RDTMAK5uy_n_5IN6hzAOwdCnM8D8rzrs3vDl12UcZpA,18,jNvmXNe_YJY,https://music.youtube.com/watch?v=jNvmXNe_YJY,Roll the Dice,LOCKED SHUT,UCYuubGgrTdtJ8dsVsY39lQQ,,2023-09-18T13:12:19-07:00,153,False,youtube_video_view_count,170977,170977,5.2329376925857,Middle,60.0,middle_third_vs_final_balanced,within_final_balanced_middle_range,65199.0,4.814219747922499,2.6223868464240248,0.418717944663201,,,,youtube_artist_subscribers,3840,3.84K,249,MUSIC_VIDEO_TYPE_OMV,2026-07-28T18:18:35+00:00,user_10,missing album browse id
recommended,weekly_recommendation,Week2_28July,2,Youtube,User10,10,experiment_results/Week2_28July/Youtube/User10/Week10_User10_28.07.csv,Discover Mix,RDTMAK5uy_n_5IN6hzAOwdCnM8D8rzrs3vDl12UcZpA,https://music.youtube.com/playlist?list=RDTMAK5uy_n_5IN6hzAOwdCnM8D8rzrs3vDl12UcZpA,19,o1tj2zJ2Wvg,https://music.youtube.com/watch?v=o1tj2zJ2Wvg,Welcome To The Jungle,Guns N' Roses,UCSLbbBoUqpin6BE34whSOvA,,2009-12-25T00:08:54-08:00,280,False,youtube_video_view_count,698228019,698228019,8.843997272511578,High,100.0,top_third_vs_final_balanced,above_final_balanced_max,65199.0,4.814219747922499,10709.18294759122,4.029777524589079,,,,youtube_artist_subscribers,13400000,13.4M,249,MUSIC_VIDEO_TYPE_OMV,2026-07-28T18:18:35+00:00,user_10,missing album browse id
recommended,weekly_recommendation,Week2_28July,2,Youtube,User10,10,experiment_results/Week2_28July/Youtube/User10/Week10_User10_28.07.csv,Discover Mix,RDTMAK5uy_n_5IN6hzAOwdCnM8D8rzrs3vDl12UcZpA,https://music.youtube.com/playlist?list=RDTMAK5uy_n_5IN6hzAOwdCnM8D8rzrs3vDl12UcZpA,20,7iNbnineUCI,https://music.youtube.com/watch?v=7iNbnineUCI,The Kids Aren't Alright,The Offspring,UCQVUXQu8RpxhihAMla6ke5A,,2017-01-17T17:08:42-08:00,180,False,youtube_video_view_count,467989509,467989509,8.670236117530369,High,100.0,top_third_vs_final_balanced,above_final_balanced_max,65199.0,4.814219747922499,7177.863295449317,3.85601636960787,,,,youtube_artist_subscribers,2680000,2.68M,244,MUSIC_VIDEO_TYPE_OMV,2026-07-28T18:18:35+00:00,user_10,missing album browse id
recommended,weekly_recommendation,Week2_28July,2,Youtube,User10,10,experiment_results/Week2_28July/Youtube/User10/Week10_User10_28.07.csv,Discover Mix,RDTMAK5uy_n_5IN6hzAOwdCnM8D8rzrs3vDl12UcZpA,https://music.youtube.com/playlist?list=RDTMAK5uy_n_5IN6hzAOwdCnM8D8rzrs3vDl12UcZpA,21,lXAvNLTWNMM,https://music.youtube.com/watch?v=lXAvNLTWNMM,Bay Of Pigs,Civil War,UC0hshC2PY-1-rlJz_PmN22A,,2015-04-09T07:20:00-07:00,359,False,youtube_video_view_count,5382631,5382631,6.730994608283692,High,90.0,top_third_vs_final_balanced,within_final_balanced_high_range,65199.0,4.814219747922499,82.55695639503674,1.9167748603611932,,,,youtube_artist_subscribers,11300,11.3K,249,MUSIC_VIDEO_TYPE_OMV,2026-07-28T18:18:35+00:00,user_10,missing album browse id
recommended,weekly_recommendation,Week2_28July,2,Youtube,User10,10,experiment_results/Week2_28July/Youtube/User10/Week10_User10_28.07.csv,Discover Mix,RDTMAK5uy_n_5IN6hzAOwdCnM8D8rzrs3vDl12UcZpA,https://music.youtube.com/playlist?list=RDTMAK5uy_n_5IN6hzAOwdCnM8D8rzrs3vDl12UcZpA,22,8iw_E0kWLvw,https://music.youtube.com/watch?v=8iw_E0kWLvw,Hero,Wisdom,UCfjcbXvFVgqkdxM_HoaGOHA,,2016-02-27T07:25:28-08:00,188,False,youtube_video_view_count,78788,78788,4.896460076237774,Middle,53.333333333333336,middle_third_vs_final_balanced,within_final_balanced_middle_range,65199.0,4.814219747922499,1.2084234420773325,0.08224032831527506,,,,youtube_artist_subscribers,824,824,249,MUSIC_VIDEO_TYPE_OMV,2026-07-28T18:18:35+00:00,user_10,missing album browse id
recommended,weekly_recommendation,Week2_28July,2,Youtube,User10,10,experiment_results/Week2_28July/Youtube/User10/Week10_User10_28.07.csv,Discover Mix,RDTMAK5uy_n_5IN6hzAOwdCnM8D8rzrs3vDl12UcZpA,https://music.youtube.com/playlist?list=RDTMAK5uy_n_5IN6hzAOwdCnM8D8rzrs3vDl12UcZpA,23,edBYB1VCV0k,https://music.youtube.com/watch?v=edBYB1VCV0k,Twilight Of The Thunder God,Amon Amarth,UCOtqJNbDV4s4HI1h1YStWIw,,2008-09-22T20:34:35-07:00,266,False,youtube_video_view_count,13804313,13804313,7.140014797955854,High,93.33333333333333,top_third_vs_final_balanced,within_final_balanced_high_range,65199.0,4.814219747922499,211.7258393533643,2.3257950500333555,,,,youtube_artist_subscribers,532000,532K,249,MUSIC_VIDEO_TYPE_OMV,2026-07-28T18:18:35+00:00,user_10,missing album browse id
recommended,weekly_recommendation,Week2_28July,2,Youtube,User10,10,experiment_results/Week2_28July/Youtube/User10/Week10_User10_28.07.csv,Discover Mix,RDTMAK5uy_n_5IN6hzAOwdCnM8D8rzrs3vDl12UcZpA,https://music.youtube.com/playlist?list=RDTMAK5uy_n_5IN6hzAOwdCnM8D8rzrs3vDl12UcZpA,24,dA-_g_KAIm8,https://music.youtube.com/watch?v=dA-_g_KAIm8,Anima Mundi,Dionysus,UClJbvcY5lO1aJo2Q3SqjvlQ,Anima Mundi,2015-01-19T21:24:09-08:00,214,False,youtube_video_view_count,1333215,1333215,6.124900191262556,High,70.0,top_third_vs_final_balanced,within_final_balanced_high_range,65199.0,4.814219747922499,20.448396447798277,1.3106804433400576,,,,youtube_artist_subscribers,3940,3.94K,249,MUSIC_VIDEO_TYPE_ATV,2026-07-28T18:18:35+00:00,user_10,
recommended,weekly_recommendation,Week2_28July,2,Youtube,User10,10,experiment_results/Week2_28July/Youtube/User10/Week10_User10_28.07.csv,Discover Mix,RDTMAK5uy_n_5IN6hzAOwdCnM8D8rzrs3vDl12UcZpA,https://music.youtube.com/playlist?list=RDTMAK5uy_n_5IN6hzAOwdCnM8D8rzrs3vDl12UcZpA,25,VAxUOliJ8tE,https://music.youtube.com/watch?v=VAxUOliJ8tE,Dawn of the Dragonstar,Twilight Force,UCah1jdLzh3l8_XSVxeKtXgA,Dawn of the Dragonstar,2019-08-15T03:03:32-07:00,218,False,youtube_video_view_count,759148,759148,5.880326452203094,Buffer,66.66666666666667,middle_third_vs_final_balanced,between_final_balanced_tier_ranges,65199.0,4.814219747922499,11.643552815227228,1.0661067042805952,,,,youtube_artist_subscribers,21900,21.9K,249,MUSIC_VIDEO_TYPE_ATV,2026-07-28T18:18:35+00:00,user_10,
recommended,weekly_recommendation,Week2_28July,2,Youtube,User10,10,experiment_results/Week2_28July/Youtube/User10/Week10_User10_28.07.csv,Discover Mix,RDTMAK5uy_n_5IN6hzAOwdCnM8D8rzrs3vDl12UcZpA,https://music.youtube.com/playlist?list=RDTMAK5uy_n_5IN6hzAOwdCnM8D8rzrs3vDl12UcZpA,26,YVfEW5mgrd0,https://music.youtube.com/watch?v=YVfEW5mgrd0,Hate über alles,Kreator,UCd3NOEbRV6V3RKqUqvlrQ8w,,2022-02-03T23:50:07-08:00,234,False,youtube_video_view_count,2359791,2359791,6.372873540442093,High,76.66666666666667,top_third_vs_final_balanced,within_final_balanced_high_range,65199.0,4.814219747922499,36.1936686145493,1.5586537925195945,,,,youtube_artist_subscribers,171000,171K,249,MUSIC_VIDEO_TYPE_OMV,2026-07-28T18:18:35+00:00,user_10,missing album browse id
recommended,weekly_recommendation,Week2_28July,2,Youtube,User10,10,experiment_results/Week2_28July/Youtube/User10/Week10_User10_28.07.csv,Discover Mix,RDTMAK5uy_n_5IN6hzAOwdCnM8D8rzrs3vDl12UcZpA,https://music.youtube.com/playlist?list=RDTMAK5uy_n_5IN6hzAOwdCnM8D8rzrs3vDl12UcZpA,27,LsmnMs5oXgE,https://music.youtube.com/watch?v=LsmnMs5oXgE,Spirit Never Die,Masterplan,UCQm2l9VFAwCEMR2zydt9y6w,Masterplan,2015-01-18T19:00:12-08:00,327,False,youtube_video_view_count,926320,926320,5.966761040922661,Buffer,66.66666666666667,middle_third_vs_final_balanced,between_final_balanced_tier_ranges,65199.0,4.814219747922499,14.207579870856915,1.1525412930001622,,,,youtube_artist_subscribers,10100,10.1K,249,MUSIC_VIDEO_TYPE_ATV,2026-07-28T18:18:35+00:00,user_10,
recommended,weekly_recommendation,Week2_28July,2,Youtube,User10,10,experiment_results/Week2_28July/Youtube/User10/Week10_User10_28.07.csv,Discover Mix,RDTMAK5uy_n_5IN6hzAOwdCnM8D8rzrs3vDl12UcZpA,https://music.youtube.com/playlist?list=RDTMAK5uy_n_5IN6hzAOwdCnM8D8rzrs3vDl12UcZpA,28,ABGD7azyJWA,https://music.youtube.com/watch?v=ABGD7azyJWA,Elverhøy (Official Music Video),SKÁLD,UC-wIawlQBEwyFmemXR_eb9A,,2023-03-03T01:30:08-08:00,240,False,youtube_video_view_count,1722855,1722855,6.236248727622273,High,76.66666666666667,top_third_vs_final_balanced,within_final_balanced_high_range,65199.0,4.814219747922499,26.424561726406846,1.4220289796997747,,,,youtube_artist_subscribers,505000,505K,244,MUSIC_VIDEO_TYPE_OMV,2026-07-28T18:18:35+00:00,user_10,missing album browse id
recommended,weekly_recommendation,Week2_28July,2,Youtube,User10,10,experiment_results/Week2_28July/Youtube/User10/Week10_User10_28.07.csv,Discover Mix,RDTMAK5uy_n_5IN6hzAOwdCnM8D8rzrs3vDl12UcZpA,https://music.youtube.com/playlist?list=RDTMAK5uy_n_5IN6hzAOwdCnM8D8rzrs3vDl12UcZpA,29,26oH8EtWA58,https://music.youtube.com/watch?v=26oH8EtWA58,Gleam in the Black,Insomnium,UCjInzLVCghqY-1lqfDcpOaQ,,2026-07-24T02:00:06-07:00,271,False,youtube_video_view_count,97096,97096,4.98720133893262,Middle,53.333333333333336,middle_third_vs_final_balanced,within_final_balanced_middle_range,65199.0,4.814219747922499,1.4892252948664857,0.17298159101012178,,,,youtube_artist_subscribers,44900,44.9K,248,MUSIC_VIDEO_TYPE_OMV,2026-07-28T18:18:35+00:00,user_10,missing album browse id
recommended,weekly_recommendation,Week2_28July,2,Youtube,User10,10,experiment_results/Week2_28July/Youtube/User10/Week10_User10_28.07.csv,Discover Mix,RDTMAK5uy_n_5IN6hzAOwdCnM8D8rzrs3vDl12UcZpA,https://music.youtube.com/playlist?list=RDTMAK5uy_n_5IN6hzAOwdCnM8D8rzrs3vDl12UcZpA,30,V2qPiHWztsE,https://music.youtube.com/watch?v=V2qPiHWztsE,Ghosts in the sky,Villagers of Ioannina City,UCsWmxBCr_rqulEfPrie6KOA,,2026-06-18T07:00:00-07:00,461,False,youtube_video_view_count,192916,192916,5.285368248502088,Middle,63.333333333333336,middle_third_vs_final_balanced,within_final_balanced_middle_range,65199.0,4.814219747922499,2.9588797374192857,0.4711485005795897,,,,youtube_artist_subscribers,109000,109K,249,MUSIC_VIDEO_TYPE_OMV,2026-07-28T18:18:35+00:00,user_10,missing album browse id
