snapshot_label,captured_at_utc,platform,source_account_display_name,source_account_id,requested_playlist_name,playlist_name,playlist_id,playlist_uri,playlist_url,playlist_description,playlist_owner_id,playlist_owner_display_name,playlist_public,playlist_collaborative,playlist_followers_total,playlist_snapshot_id,playlist_total_tracks,playlist_position,playlist_added_at,playlist_added_by_id,popularity_metric,popularity_metric_value,popularity_metric_display,popularity_metric_source,popularity_metric_is_approx,popularity_metric_fetch_error,spotify_track_id,spotify_uri,spotify_url,track_name,track_type,track_number,disc_number,duration_ms,duration_seconds,explicit,is_local,is_playable,preview_url,track_href,track_api_href,track_api_popularity,track_lookup_error,isrc,ean,upc,album_id,album_uri,album_url,album_name,album_type,album_group,album_total_tracks,album_release_date,album_release_date_precision,album_label,album_copyrights,album_genres,album_image_url,album_lookup_error,primary_artist_id,primary_artist_name,primary_artist_uri,primary_artist_url,primary_artist_genres,primary_artist_spotify_api_popularity,primary_artist_followers_total,primary_artist_monthly_listeners,primary_artist_monthly_listeners_display,primary_artist_monthly_listeners_is_approx,primary_artist_monthly_listeners_source,primary_artist_monthly_listeners_fetch_error,primary_artist_image_url,primary_artist_lookup_error,artist_ids,artist_names,artist_urls,artist_monthly_listeners_json,artists_json,available_markets_count,available_markets,external_urls_json,restrictions_json
week1_13july,2026-07-24T08:36:00+00:00,Spotify,Aysima Karçaaltıncaba,aaaaysimaaaa,Week1-User1,Week1-User1,0IPV7H00KADkCCZXwiGIv4,spotify:playlist:0IPV7H00KADkCCZXwiGIv4,https://open.spotify.com/playlist/0IPV7H00KADkCCZXwiGIv4,,aaaaysimaaaa,Aysima Karçaaltıncaba,True,False,0,AAAABHbpOsWgFGfKF+R2UcOHByGnJZys,30,1,2026-07-21T19:23:24Z,aaaaysimaaaa,primary_artist_monthly_listeners,3115408,"3,115,408",Spotify public artist page,false,,170Q9dEUIPy8imNb9p5DYu,spotify:track:170Q9dEUIPy8imNb9p5DYu,https://open.spotify.com/track/170Q9dEUIPy8imNb9p5DYu,Impaler,track,7,1,284413,284.413,False,False,True,,https://api.spotify.com/v1/tracks/170Q9dEUIPy8imNb9p5DYu,https://api.spotify.com/v1/tracks/170Q9dEUIPy8imNb9p5DYu,,,SE6HE2500107,,,1jjx7U3tayhJTytJVBj0WY,spotify:album:1jjx7U3tayhJTytJVBj0WY,https://open.spotify.com/album/1jjx7U3tayhJTytJVBj0WY,Legends,album,,11,2025-10-17,day,,"C: 2025 Sabaton, under exclusive license to Better Noise Music; P: 2025 Sabaton, under exclusive license to Better Noise Music",,https://i.scdn.co/image/ab67616d0000b2732015d006804756df2e271b74,,3o2dn2O0FCVsWDFSh8qxgG,Sabaton,spotify:artist:3o2dn2O0FCVsWDFSh8qxgG,https://open.spotify.com/artist/3o2dn2O0FCVsWDFSh8qxgG,,,,3115408,"3,115,408",false,Spotify public artist page,,https://i.scdn.co/image/ab6761610000e5ebfc0524cca1171fac8678f4bf,,3o2dn2O0FCVsWDFSh8qxgG,Sabaton,https://open.spotify.com/artist/3o2dn2O0FCVsWDFSh8qxgG,"[{""artist_id"": ""3o2dn2O0FCVsWDFSh8qxgG"", ""artist_name"": ""Sabaton"", ""artist_url"": ""https://open.spotify.com/artist/3o2dn2O0FCVsWDFSh8qxgG"", ""monthly_listeners"": ""3115408"", ""monthly_listeners_display"": ""3,115,408"", ""is_approx"": ""false"", ""fetch_error"": """"}]","[{""artist_id"": ""3o2dn2O0FCVsWDFSh8qxgG"", ""artist_name"": ""Sabaton"", ""artist_uri"": ""spotify:artist:3o2dn2O0FCVsWDFSh8qxgG"", ""artist_url"": ""https://open.spotify.com/artist/3o2dn2O0FCVsWDFSh8qxgG"", ""artist_type"": ""artist"", ""artist_genres"": """", ""artist_spotify_api_popularity"": """", ""artist_followers_total"": """", ""artist_image_url"": ""https://i.scdn.co/image/ab6761610000e5ebfc0524cca1171fac8678f4bf"", ""artist_lookup_error"": """", ""artist_monthly_listeners"": ""3115408"", ""artist_monthly_listeners_display"": ""3,115,408"", ""artist_monthly_listeners_is_approx"": ""false"", ""artist_monthly_listeners_source"": ""Spotify public artist page"", ""artist_monthly_listeners_fetch_error"": """"}]",0,,"{""spotify"": ""https://open.spotify.com/track/170Q9dEUIPy8imNb9p5DYu""}",{}
week1_13july,2026-07-24T08:36:00+00:00,Spotify,Aysima Karçaaltıncaba,aaaaysimaaaa,Week1-User1,Week1-User1,0IPV7H00KADkCCZXwiGIv4,spotify:playlist:0IPV7H00KADkCCZXwiGIv4,https://open.spotify.com/playlist/0IPV7H00KADkCCZXwiGIv4,,aaaaysimaaaa,Aysima Karçaaltıncaba,True,False,0,AAAABHbpOsWgFGfKF+R2UcOHByGnJZys,30,2,2026-07-21T19:23:24Z,aaaaysimaaaa,primary_artist_monthly_listeners,858884,"858,884",Spotify public artist page,false,,0eV3PB3T0OxW4feG1DlOjQ,spotify:track:0eV3PB3T0OxW4feG1DlOjQ,https://open.spotify.com/track/0eV3PB3T0OxW4feG1DlOjQ,Hearts on Fire,track,2,1,231386,231.386,False,False,True,,https://api.spotify.com/v1/tracks/0eV3PB3T0OxW4feG1DlOjQ,https://api.spotify.com/v1/tracks/0eV3PB3T0OxW4feG1DlOjQ,,,DED830264702,,,2uehY2zRsh0h6ZmJt8LLQi,spotify:album:2uehY2zRsh0h6ZmJt8LLQi,https://open.spotify.com/album/2uehY2zRsh0h6ZmJt8LLQi,Crimson Thunder,album,,12,2002-10-28,day,,"C: 2002 HammerFall Management, under exclusive license to Nuclear Blast GmbH; P: 2002 HammerFall Management, under exclusive license to Nuclear Blast GmbH",,https://i.scdn.co/image/ab67616d0000b273bceefa541bb181ec0b8d32e4,,2o18h28enlHxj887tATc58,HammerFall,spotify:artist:2o18h28enlHxj887tATc58,https://open.spotify.com/artist/2o18h28enlHxj887tATc58,,,,858884,"858,884",false,Spotify public artist page,,https://i.scdn.co/image/ab6761610000e5eb9a0164f238589f0c0ca31088,,2o18h28enlHxj887tATc58,HammerFall,https://open.spotify.com/artist/2o18h28enlHxj887tATc58,"[{""artist_id"": ""2o18h28enlHxj887tATc58"", ""artist_name"": ""HammerFall"", ""artist_url"": ""https://open.spotify.com/artist/2o18h28enlHxj887tATc58"", ""monthly_listeners"": ""858884"", ""monthly_listeners_display"": ""858,884"", ""is_approx"": ""false"", ""fetch_error"": """"}]","[{""artist_id"": ""2o18h28enlHxj887tATc58"", ""artist_name"": ""HammerFall"", ""artist_uri"": ""spotify:artist:2o18h28enlHxj887tATc58"", ""artist_url"": ""https://open.spotify.com/artist/2o18h28enlHxj887tATc58"", ""artist_type"": ""artist"", ""artist_genres"": """", ""artist_spotify_api_popularity"": """", ""artist_followers_total"": """", ""artist_image_url"": ""https://i.scdn.co/image/ab6761610000e5eb9a0164f238589f0c0ca31088"", ""artist_lookup_error"": """", ""artist_monthly_listeners"": ""858884"", ""artist_monthly_listeners_display"": ""858,884"", ""artist_monthly_listeners_is_approx"": ""false"", ""artist_monthly_listeners_source"": ""Spotify public artist page"", ""artist_monthly_listeners_fetch_error"": """"}]",0,,"{""spotify"": ""https://open.spotify.com/track/0eV3PB3T0OxW4feG1DlOjQ""}",{}
week1_13july,2026-07-24T08:36:00+00:00,Spotify,Aysima Karçaaltıncaba,aaaaysimaaaa,Week1-User1,Week1-User1,0IPV7H00KADkCCZXwiGIv4,spotify:playlist:0IPV7H00KADkCCZXwiGIv4,https://open.spotify.com/playlist/0IPV7H00KADkCCZXwiGIv4,,aaaaysimaaaa,Aysima Karçaaltıncaba,True,False,0,AAAABHbpOsWgFGfKF+R2UcOHByGnJZys,30,3,2026-07-21T19:23:24Z,aaaaysimaaaa,primary_artist_monthly_listeners,845438,"845,438",Spotify public artist page,false,,3HQVanEnLlPtywbJai0uiG,spotify:track:3HQVanEnLlPtywbJai0uiG,https://open.spotify.com/track/3HQVanEnLlPtywbJai0uiG,Hunting High And Low,track,1,1,248666,248.666,False,False,True,,https://api.spotify.com/v1/tracks/3HQVanEnLlPtywbJai0uiG,https://api.spotify.com/v1/tracks/3HQVanEnLlPtywbJai0uiG,,,DEH841000203,,,3AQEnSSwH63u9D6G9T6ozL,spotify:album:3AQEnSSwH63u9D6G9T6ozL,https://open.spotify.com/album/3AQEnSSwH63u9D6G9T6ozL,Infinite,album,,10,2000-03-28,day,,C: 2000 Stratovarius under exclusive license to Odyssey Music Network GmbH; P: 2000 Stratovarius under exclusive license to Odyssey Music Network GmbH,,https://i.scdn.co/image/ab67616d0000b273b0ae81f14787f57881a9ee7f,,1O8CSXsPwEqxcoBE360PPO,Stratovarius,spotify:artist:1O8CSXsPwEqxcoBE360PPO,https://open.spotify.com/artist/1O8CSXsPwEqxcoBE360PPO,,,,845438,"845,438",false,Spotify public artist page,,https://i.scdn.co/image/ab6761610000e5eb4733f393ad04f47b31edaadb,,1O8CSXsPwEqxcoBE360PPO,Stratovarius,https://open.spotify.com/artist/1O8CSXsPwEqxcoBE360PPO,"[{""artist_id"": ""1O8CSXsPwEqxcoBE360PPO"", ""artist_name"": ""Stratovarius"", ""artist_url"": ""https://open.spotify.com/artist/1O8CSXsPwEqxcoBE360PPO"", ""monthly_listeners"": ""845438"", ""monthly_listeners_display"": ""845,438"", ""is_approx"": ""false"", ""fetch_error"": """"}]","[{""artist_id"": ""1O8CSXsPwEqxcoBE360PPO"", ""artist_name"": ""Stratovarius"", ""artist_uri"": ""spotify:artist:1O8CSXsPwEqxcoBE360PPO"", ""artist_url"": ""https://open.spotify.com/artist/1O8CSXsPwEqxcoBE360PPO"", ""artist_type"": ""artist"", ""artist_genres"": """", ""artist_spotify_api_popularity"": """", ""artist_followers_total"": """", ""artist_image_url"": ""https://i.scdn.co/image/ab6761610000e5eb4733f393ad04f47b31edaadb"", ""artist_lookup_error"": """", ""artist_monthly_listeners"": ""845438"", ""artist_monthly_listeners_display"": ""845,438"", ""artist_monthly_listeners_is_approx"": ""false"", ""artist_monthly_listeners_source"": ""Spotify public artist page"", ""artist_monthly_listeners_fetch_error"": """"}]",0,,"{""spotify"": ""https://open.spotify.com/track/3HQVanEnLlPtywbJai0uiG""}",{}
week1_13july,2026-07-24T08:36:00+00:00,Spotify,Aysima Karçaaltıncaba,aaaaysimaaaa,Week1-User1,Week1-User1,0IPV7H00KADkCCZXwiGIv4,spotify:playlist:0IPV7H00KADkCCZXwiGIv4,https://open.spotify.com/playlist/0IPV7H00KADkCCZXwiGIv4,,aaaaysimaaaa,Aysima Karçaaltıncaba,True,False,0,AAAABHbpOsWgFGfKF+R2UcOHByGnJZys,30,4,2026-07-21T19:23:24Z,aaaaysimaaaa,primary_artist_monthly_listeners,25447,"25,447",Spotify public artist page,false,,09OnB8xeghs8FRnu4dJKmU,spotify:track:09OnB8xeghs8FRnu4dJKmU,https://open.spotify.com/track/09OnB8xeghs8FRnu4dJKmU,Still Alive,track,3,1,242626,242.626,False,False,True,,https://api.spotify.com/v1/tracks/09OnB8xeghs8FRnu4dJKmU,https://api.spotify.com/v1/tracks/09OnB8xeghs8FRnu4dJKmU,,,US4E40529203,,,4QMOKIrJCvPTwbimx6uB26,spotify:album:4QMOKIrJCvPTwbimx6uB26,https://open.spotify.com/album/4QMOKIrJCvPTwbimx6uB26,Grand Illusion,album,,10,2006-07-13,day,,P: (P) 2005 Century Media Records Ltd.,,https://i.scdn.co/image/ab67616d0000b273d43cad94e8d49fd67f0c8928,,0dSoaJ8iEP3aid30p18O2g,Nocturnal Rites,spotify:artist:0dSoaJ8iEP3aid30p18O2g,https://open.spotify.com/artist/0dSoaJ8iEP3aid30p18O2g,,,,25447,"25,447",false,Spotify public artist page,,https://i.scdn.co/image/ab6772690000c46c16a47c3d98bb7ee498dfcc48,,0dSoaJ8iEP3aid30p18O2g,Nocturnal Rites,https://open.spotify.com/artist/0dSoaJ8iEP3aid30p18O2g,"[{""artist_id"": ""0dSoaJ8iEP3aid30p18O2g"", ""artist_name"": ""Nocturnal Rites"", ""artist_url"": ""https://open.spotify.com/artist/0dSoaJ8iEP3aid30p18O2g"", ""monthly_listeners"": ""25447"", ""monthly_listeners_display"": ""25,447"", ""is_approx"": ""false"", ""fetch_error"": """"}]","[{""artist_id"": ""0dSoaJ8iEP3aid30p18O2g"", ""artist_name"": ""Nocturnal Rites"", ""artist_uri"": ""spotify:artist:0dSoaJ8iEP3aid30p18O2g"", ""artist_url"": ""https://open.spotify.com/artist/0dSoaJ8iEP3aid30p18O2g"", ""artist_type"": ""artist"", ""artist_genres"": """", ""artist_spotify_api_popularity"": """", ""artist_followers_total"": """", ""artist_image_url"": ""https://i.scdn.co/image/ab6772690000c46c16a47c3d98bb7ee498dfcc48"", ""artist_lookup_error"": """", ""artist_monthly_listeners"": ""25447"", ""artist_monthly_listeners_display"": ""25,447"", ""artist_monthly_listeners_is_approx"": ""false"", ""artist_monthly_listeners_source"": ""Spotify public artist page"", ""artist_monthly_listeners_fetch_error"": """"}]",0,,"{""spotify"": ""https://open.spotify.com/track/09OnB8xeghs8FRnu4dJKmU""}",{}
week1_13july,2026-07-24T08:36:00+00:00,Spotify,Aysima Karçaaltıncaba,aaaaysimaaaa,Week1-User1,Week1-User1,0IPV7H00KADkCCZXwiGIv4,spotify:playlist:0IPV7H00KADkCCZXwiGIv4,https://open.spotify.com/playlist/0IPV7H00KADkCCZXwiGIv4,,aaaaysimaaaa,Aysima Karçaaltıncaba,True,False,0,AAAABHbpOsWgFGfKF+R2UcOHByGnJZys,30,5,2026-07-21T19:23:24Z,aaaaysimaaaa,primary_artist_monthly_listeners,594132,"594,132",Spotify public artist page,false,,4gFhLQA90CAFuS0Ma8aIiX,spotify:track:4gFhLQA90CAFuS0Ma8aIiX,https://open.spotify.com/track/4gFhLQA90CAFuS0Ma8aIiX,Mirror Mirror - Remastered 2007,track,9,1,306013,306.013,False,False,True,,https://api.spotify.com/v1/tracks/4gFhLQA90CAFuS0Ma8aIiX,https://api.spotify.com/v1/tracks/4gFhLQA90CAFuS0Ma8aIiX,,,DED831701047,,,7EPGJTyG9MQ6gJWANmL4n3,spotify:album:7EPGJTyG9MQ6gJWANmL4n3,https://open.spotify.com/album/7EPGJTyG9MQ6gJWANmL4n3,Nightfall in Middle Earth (Remastered 2007),album,,23,1998-04-28,day,,C: 2017 Nuclear Blast; P: 2017 Nuclear Blast,,https://i.scdn.co/image/ab67616d0000b2735e77d3ce3a4f7f382daaf46f,,7jxJ25p0pPjk0MStloN6o6,Blind Guardian,spotify:artist:7jxJ25p0pPjk0MStloN6o6,https://open.spotify.com/artist/7jxJ25p0pPjk0MStloN6o6,,,,594132,"594,132",false,Spotify public artist page,,https://i.scdn.co/image/ab6761610000e5eb26139a78b669ae67aacde9f3,,7jxJ25p0pPjk0MStloN6o6,Blind Guardian,https://open.spotify.com/artist/7jxJ25p0pPjk0MStloN6o6,"[{""artist_id"": ""7jxJ25p0pPjk0MStloN6o6"", ""artist_name"": ""Blind Guardian"", ""artist_url"": ""https://open.spotify.com/artist/7jxJ25p0pPjk0MStloN6o6"", ""monthly_listeners"": ""594132"", ""monthly_listeners_display"": ""594,132"", ""is_approx"": ""false"", ""fetch_error"": """"}]","[{""artist_id"": ""7jxJ25p0pPjk0MStloN6o6"", ""artist_name"": ""Blind Guardian"", ""artist_uri"": ""spotify:artist:7jxJ25p0pPjk0MStloN6o6"", ""artist_url"": ""https://open.spotify.com/artist/7jxJ25p0pPjk0MStloN6o6"", ""artist_type"": ""artist"", ""artist_genres"": """", ""artist_spotify_api_popularity"": """", ""artist_followers_total"": """", ""artist_image_url"": ""https://i.scdn.co/image/ab6761610000e5eb26139a78b669ae67aacde9f3"", ""artist_lookup_error"": """", ""artist_monthly_listeners"": ""594132"", ""artist_monthly_listeners_display"": ""594,132"", ""artist_monthly_listeners_is_approx"": ""false"", ""artist_monthly_listeners_source"": ""Spotify public artist page"", ""artist_monthly_listeners_fetch_error"": """"}]",0,,"{""spotify"": ""https://open.spotify.com/track/4gFhLQA90CAFuS0Ma8aIiX""}",{}
week1_13july,2026-07-24T08:36:00+00:00,Spotify,Aysima Karçaaltıncaba,aaaaysimaaaa,Week1-User1,Week1-User1,0IPV7H00KADkCCZXwiGIv4,spotify:playlist:0IPV7H00KADkCCZXwiGIv4,https://open.spotify.com/playlist/0IPV7H00KADkCCZXwiGIv4,,aaaaysimaaaa,Aysima Karçaaltıncaba,True,False,0,AAAABHbpOsWgFGfKF+R2UcOHByGnJZys,30,6,2026-07-21T19:23:24Z,aaaaysimaaaa,primary_artist_monthly_listeners,1035240,"1,035,240",Spotify public artist page,false,,5HkvAtKEPDLmchWYmepqYB,spotify:track:5HkvAtKEPDLmchWYmepqYB,https://open.spotify.com/track/5HkvAtKEPDLmchWYmepqYB,Hail and Kill,track,8,1,357026,357.026,False,False,True,,https://api.spotify.com/v1/tracks/5HkvAtKEPDLmchWYmepqYB,https://api.spotify.com/v1/tracks/5HkvAtKEPDLmchWYmepqYB,,,USAT20102851,,,7lZkD6ntnGAhmWowltbOYB,spotify:album:7lZkD6ntnGAhmWowltbOYB,https://open.spotify.com/album/7lZkD6ntnGAhmWowltbOYB,Kings of Metal,album,,10,1988-11-01,day,,C: © 1988 Atlantic Recording Corporation for the United States and WEA International Inc. for the world outside of the United States; P: ℗ 1988 Atlantic Recording Corporation for the United States and WEA International Inc. for the world outside of the United States,,https://i.scdn.co/image/ab67616d0000b2732612add61ad53e5a5d33c2d4,,4CzUzn54Cp9TQr6a7JIlMZ,Manowar,spotify:artist:4CzUzn54Cp9TQr6a7JIlMZ,https://open.spotify.com/artist/4CzUzn54Cp9TQr6a7JIlMZ,,,,1035240,"1,035,240",false,Spotify public artist page,,https://i.scdn.co/image/ab6761610000e5eba4780fe15900fbd223cd4f48,,4CzUzn54Cp9TQr6a7JIlMZ,Manowar,https://open.spotify.com/artist/4CzUzn54Cp9TQr6a7JIlMZ,"[{""artist_id"": ""4CzUzn54Cp9TQr6a7JIlMZ"", ""artist_name"": ""Manowar"", ""artist_url"": ""https://open.spotify.com/artist/4CzUzn54Cp9TQr6a7JIlMZ"", ""monthly_listeners"": ""1035240"", ""monthly_listeners_display"": ""1,035,240"", ""is_approx"": ""false"", ""fetch_error"": """"}]","[{""artist_id"": ""4CzUzn54Cp9TQr6a7JIlMZ"", ""artist_name"": ""Manowar"", ""artist_uri"": ""spotify:artist:4CzUzn54Cp9TQr6a7JIlMZ"", ""artist_url"": ""https://open.spotify.com/artist/4CzUzn54Cp9TQr6a7JIlMZ"", ""artist_type"": ""artist"", ""artist_genres"": """", ""artist_spotify_api_popularity"": """", ""artist_followers_total"": """", ""artist_image_url"": ""https://i.scdn.co/image/ab6761610000e5eba4780fe15900fbd223cd4f48"", ""artist_lookup_error"": """", ""artist_monthly_listeners"": ""1035240"", ""artist_monthly_listeners_display"": ""1,035,240"", ""artist_monthly_listeners_is_approx"": ""false"", ""artist_monthly_listeners_source"": ""Spotify public artist page"", ""artist_monthly_listeners_fetch_error"": """"}]",0,,"{""spotify"": ""https://open.spotify.com/track/5HkvAtKEPDLmchWYmepqYB""}",{}
week1_13july,2026-07-24T08:36:00+00:00,Spotify,Aysima Karçaaltıncaba,aaaaysimaaaa,Week1-User1,Week1-User1,0IPV7H00KADkCCZXwiGIv4,spotify:playlist:0IPV7H00KADkCCZXwiGIv4,https://open.spotify.com/playlist/0IPV7H00KADkCCZXwiGIv4,,aaaaysimaaaa,Aysima Karçaaltıncaba,True,False,0,AAAABHbpOsWgFGfKF+R2UcOHByGnJZys,30,7,2026-07-21T19:23:24Z,aaaaysimaaaa,primary_artist_monthly_listeners,295782,"295,782",Spotify public artist page,false,,5WEqHNtlbM2mv4k7u9DB4Y,spotify:track:5WEqHNtlbM2mv4k7u9DB4Y,https://open.spotify.com/track/5WEqHNtlbM2mv4k7u9DB4Y,Nosferatu,track,3,1,383626,383.626,False,False,True,,https://api.spotify.com/v1/tracks/5WEqHNtlbM2mv4k7u9DB4Y,https://api.spotify.com/v1/tracks/5WEqHNtlbM2mv4k7u9DB4Y,,,DEU601103546,,,7bw6R2kPVyTRru6808YbIX,spotify:album:7bw6R2kPVyTRru6808YbIX,https://open.spotify.com/album/7bw6R2kPVyTRru6808YbIX,Nosferatu,album,,13,2006-01-31,day,,C: 2006 AFM Records; P: 2006 AFM Records,,https://i.scdn.co/image/ab67616d0000b2738f76138292757fcf7102ae9f,,6nf7iwR6AoROxfUKZWd1r6,Bloodbound,spotify:artist:6nf7iwR6AoROxfUKZWd1r6,https://open.spotify.com/artist/6nf7iwR6AoROxfUKZWd1r6,,,,295782,"295,782",false,Spotify public artist page,,https://i.scdn.co/image/ab6761610000e5ebe01c687c2c587f7c43dd0729,,6nf7iwR6AoROxfUKZWd1r6,Bloodbound,https://open.spotify.com/artist/6nf7iwR6AoROxfUKZWd1r6,"[{""artist_id"": ""6nf7iwR6AoROxfUKZWd1r6"", ""artist_name"": ""Bloodbound"", ""artist_url"": ""https://open.spotify.com/artist/6nf7iwR6AoROxfUKZWd1r6"", ""monthly_listeners"": ""295782"", ""monthly_listeners_display"": ""295,782"", ""is_approx"": ""false"", ""fetch_error"": """"}]","[{""artist_id"": ""6nf7iwR6AoROxfUKZWd1r6"", ""artist_name"": ""Bloodbound"", ""artist_uri"": ""spotify:artist:6nf7iwR6AoROxfUKZWd1r6"", ""artist_url"": ""https://open.spotify.com/artist/6nf7iwR6AoROxfUKZWd1r6"", ""artist_type"": ""artist"", ""artist_genres"": """", ""artist_spotify_api_popularity"": """", ""artist_followers_total"": """", ""artist_image_url"": ""https://i.scdn.co/image/ab6761610000e5ebe01c687c2c587f7c43dd0729"", ""artist_lookup_error"": """", ""artist_monthly_listeners"": ""295782"", ""artist_monthly_listeners_display"": ""295,782"", ""artist_monthly_listeners_is_approx"": ""false"", ""artist_monthly_listeners_source"": ""Spotify public artist page"", ""artist_monthly_listeners_fetch_error"": """"}]",0,,"{""spotify"": ""https://open.spotify.com/track/5WEqHNtlbM2mv4k7u9DB4Y""}",{}
week1_13july,2026-07-24T08:36:00+00:00,Spotify,Aysima Karçaaltıncaba,aaaaysimaaaa,Week1-User1,Week1-User1,0IPV7H00KADkCCZXwiGIv4,spotify:playlist:0IPV7H00KADkCCZXwiGIv4,https://open.spotify.com/playlist/0IPV7H00KADkCCZXwiGIv4,,aaaaysimaaaa,Aysima Karçaaltıncaba,True,False,0,AAAABHbpOsWgFGfKF+R2UcOHByGnJZys,30,8,2026-07-21T19:23:24Z,aaaaysimaaaa,primary_artist_monthly_listeners,170740,"170,740",Spotify public artist page,false,,3OdsSVAdClWuGRF9ZKslLA,spotify:track:3OdsSVAdClWuGRF9ZKslLA,https://open.spotify.com/track/3OdsSVAdClWuGRF9ZKslLA,Valley of the Kings,track,7,1,230840,230.840,False,False,True,,https://api.spotify.com/v1/tracks/3OdsSVAdClWuGRF9ZKslLA,https://api.spotify.com/v1/tracks/3OdsSVAdClWuGRF9ZKslLA,,,DEA249700063,,,63kN7mWPHfGQY3zkGyE8JV,spotify:album:63kN7mWPHfGQY3zkGyE8JV,https://open.spotify.com/album/63kN7mWPHfGQY3zkGyE8JV,Somewhere out in Space,album,,15,1997-08-25,day,,"C: 2022 earMUSIC, a label of Edel Music & Entertainment GmbH.; P: 1997 Gamma Ray / earMUSIC, a label of Edel Music & Entertainment GmbH.",,https://i.scdn.co/image/ab67616d0000b273f48a71b40a14122257dcd819,,6LZE884lDIsCSLHuTplfGp,Gamma Ray,spotify:artist:6LZE884lDIsCSLHuTplfGp,https://open.spotify.com/artist/6LZE884lDIsCSLHuTplfGp,,,,170740,"170,740",false,Spotify public artist page,,https://i.scdn.co/image/ab6772690000c46c1110b1a024312710e7c796c4,,6LZE884lDIsCSLHuTplfGp,Gamma Ray,https://open.spotify.com/artist/6LZE884lDIsCSLHuTplfGp,"[{""artist_id"": ""6LZE884lDIsCSLHuTplfGp"", ""artist_name"": ""Gamma Ray"", ""artist_url"": ""https://open.spotify.com/artist/6LZE884lDIsCSLHuTplfGp"", ""monthly_listeners"": ""170740"", ""monthly_listeners_display"": ""170,740"", ""is_approx"": ""false"", ""fetch_error"": """"}]","[{""artist_id"": ""6LZE884lDIsCSLHuTplfGp"", ""artist_name"": ""Gamma Ray"", ""artist_uri"": ""spotify:artist:6LZE884lDIsCSLHuTplfGp"", ""artist_url"": ""https://open.spotify.com/artist/6LZE884lDIsCSLHuTplfGp"", ""artist_type"": ""artist"", ""artist_genres"": """", ""artist_spotify_api_popularity"": """", ""artist_followers_total"": """", ""artist_image_url"": ""https://i.scdn.co/image/ab6772690000c46c1110b1a024312710e7c796c4"", ""artist_lookup_error"": """", ""artist_monthly_listeners"": ""170740"", ""artist_monthly_listeners_display"": ""170,740"", ""artist_monthly_listeners_is_approx"": ""false"", ""artist_monthly_listeners_source"": ""Spotify public artist page"", ""artist_monthly_listeners_fetch_error"": """"}]",0,,"{""spotify"": ""https://open.spotify.com/track/3OdsSVAdClWuGRF9ZKslLA""}",{}
week1_13july,2026-07-24T08:36:00+00:00,Spotify,Aysima Karçaaltıncaba,aaaaysimaaaa,Week1-User1,Week1-User1,0IPV7H00KADkCCZXwiGIv4,spotify:playlist:0IPV7H00KADkCCZXwiGIv4,https://open.spotify.com/playlist/0IPV7H00KADkCCZXwiGIv4,,aaaaysimaaaa,Aysima Karçaaltıncaba,True,False,0,AAAABHbpOsWgFGfKF+R2UcOHByGnJZys,30,9,2026-07-21T19:23:24Z,aaaaysimaaaa,primary_artist_monthly_listeners,57678,"57,678",Spotify public artist page,false,,4mJmi9z3o1B6k2vry39Ufh,spotify:track:4mJmi9z3o1B6k2vry39Ufh,https://open.spotify.com/track/4mJmi9z3o1B6k2vry39Ufh,Heavy Metal Never Dies,track,5,1,254386,254.386,False,False,True,,https://api.spotify.com/v1/tracks/4mJmi9z3o1B6k2vry39Ufh,https://api.spotify.com/v1/tracks/4mJmi9z3o1B6k2vry39Ufh,,,DEU601103715,,,2UhgoMIFgbaiLHuiB0qjHU,spotify:album:2UhgoMIFgbaiLHuiB0qjHU,https://open.spotify.com/album/2UhgoMIFgbaiLHuiB0qjHU,The Landing,album,,11,2011-11-18,day,,C: 2011 AFM Records; P: 2011 AFM Records,,https://i.scdn.co/image/ab67616d0000b27396cd0b3287f32ec509c46fed,,6COmyouHXwCeIGS1IFd1PA,Iron Savior,spotify:artist:6COmyouHXwCeIGS1IFd1PA,https://open.spotify.com/artist/6COmyouHXwCeIGS1IFd1PA,,,,57678,"57,678",false,Spotify public artist page,,https://i.scdn.co/image/ab6761610000e5ebb3e6e0ca2f30c6aefc2363ae,,6COmyouHXwCeIGS1IFd1PA,Iron Savior,https://open.spotify.com/artist/6COmyouHXwCeIGS1IFd1PA,"[{""artist_id"": ""6COmyouHXwCeIGS1IFd1PA"", ""artist_name"": ""Iron Savior"", ""artist_url"": ""https://open.spotify.com/artist/6COmyouHXwCeIGS1IFd1PA"", ""monthly_listeners"": ""57678"", ""monthly_listeners_display"": ""57,678"", ""is_approx"": ""false"", ""fetch_error"": """"}]","[{""artist_id"": ""6COmyouHXwCeIGS1IFd1PA"", ""artist_name"": ""Iron Savior"", ""artist_uri"": ""spotify:artist:6COmyouHXwCeIGS1IFd1PA"", ""artist_url"": ""https://open.spotify.com/artist/6COmyouHXwCeIGS1IFd1PA"", ""artist_type"": ""artist"", ""artist_genres"": """", ""artist_spotify_api_popularity"": """", ""artist_followers_total"": """", ""artist_image_url"": ""https://i.scdn.co/image/ab6761610000e5ebb3e6e0ca2f30c6aefc2363ae"", ""artist_lookup_error"": """", ""artist_monthly_listeners"": ""57678"", ""artist_monthly_listeners_display"": ""57,678"", ""artist_monthly_listeners_is_approx"": ""false"", ""artist_monthly_listeners_source"": ""Spotify public artist page"", ""artist_monthly_listeners_fetch_error"": """"}]",0,,"{""spotify"": ""https://open.spotify.com/track/4mJmi9z3o1B6k2vry39Ufh""}",{}
week1_13july,2026-07-24T08:36:00+00:00,Spotify,Aysima Karçaaltıncaba,aaaaysimaaaa,Week1-User1,Week1-User1,0IPV7H00KADkCCZXwiGIv4,spotify:playlist:0IPV7H00KADkCCZXwiGIv4,https://open.spotify.com/playlist/0IPV7H00KADkCCZXwiGIv4,,aaaaysimaaaa,Aysima Karçaaltıncaba,True,False,0,AAAABHbpOsWgFGfKF+R2UcOHByGnJZys,30,10,2026-07-21T19:23:24Z,aaaaysimaaaa,primary_artist_monthly_listeners,290277,"290,277",Spotify public artist page,false,,4wEtmW6jIuPQ8NTYHbkOGm,spotify:track:4wEtmW6jIuPQ8NTYHbkOGm,https://open.spotify.com/track/4wEtmW6jIuPQ8NTYHbkOGm,King of Fools,track,10,1,215320,215.320,False,False,True,,https://api.spotify.com/v1/tracks/4wEtmW6jIuPQ8NTYHbkOGm,https://api.spotify.com/v1/tracks/4wEtmW6jIuPQ8NTYHbkOGm,,,DED830370705,,,0ilazW0ucXedFYUgKFZkqT,spotify:album:0ilazW0ucXedFYUgKFZkqT,https://open.spotify.com/album/0ilazW0ucXedFYUgKFZkqT,The Singles,album,,14,2008-11-14,day,,C: 2008 Nuclear Blast; P: 2008 Nuclear Blast,,https://i.scdn.co/image/ab67616d0000b273834529912144b18eb39d773b,,3AGFqPP3gt5rMSvhR87Xxu,Edguy,spotify:artist:3AGFqPP3gt5rMSvhR87Xxu,https://open.spotify.com/artist/3AGFqPP3gt5rMSvhR87Xxu,,,,290277,"290,277",false,Spotify public artist page,,https://i.scdn.co/image/ab6772690000c46cec078670d746fddbe7674e78,,3AGFqPP3gt5rMSvhR87Xxu,Edguy,https://open.spotify.com/artist/3AGFqPP3gt5rMSvhR87Xxu,"[{""artist_id"": ""3AGFqPP3gt5rMSvhR87Xxu"", ""artist_name"": ""Edguy"", ""artist_url"": ""https://open.spotify.com/artist/3AGFqPP3gt5rMSvhR87Xxu"", ""monthly_listeners"": ""290277"", ""monthly_listeners_display"": ""290,277"", ""is_approx"": ""false"", ""fetch_error"": """"}]","[{""artist_id"": ""3AGFqPP3gt5rMSvhR87Xxu"", ""artist_name"": ""Edguy"", ""artist_uri"": ""spotify:artist:3AGFqPP3gt5rMSvhR87Xxu"", ""artist_url"": ""https://open.spotify.com/artist/3AGFqPP3gt5rMSvhR87Xxu"", ""artist_type"": ""artist"", ""artist_genres"": """", ""artist_spotify_api_popularity"": """", ""artist_followers_total"": """", ""artist_image_url"": ""https://i.scdn.co/image/ab6772690000c46cec078670d746fddbe7674e78"", ""artist_lookup_error"": """", ""artist_monthly_listeners"": ""290277"", ""artist_monthly_listeners_display"": ""290,277"", ""artist_monthly_listeners_is_approx"": ""false"", ""artist_monthly_listeners_source"": ""Spotify public artist page"", ""artist_monthly_listeners_fetch_error"": """"}]",0,,"{""spotify"": ""https://open.spotify.com/track/4wEtmW6jIuPQ8NTYHbkOGm""}",{}
week1_13july,2026-07-24T08:36:00+00:00,Spotify,Aysima Karçaaltıncaba,aaaaysimaaaa,Week1-User1,Week1-User1,0IPV7H00KADkCCZXwiGIv4,spotify:playlist:0IPV7H00KADkCCZXwiGIv4,https://open.spotify.com/playlist/0IPV7H00KADkCCZXwiGIv4,,aaaaysimaaaa,Aysima Karçaaltıncaba,True,False,0,AAAABHbpOsWgFGfKF+R2UcOHByGnJZys,30,11,2026-07-21T19:23:24Z,aaaaysimaaaa,primary_artist_monthly_listeners,758547,"758,547",Spotify public artist page,false,,0CwhgYudd5HzMC9K2vqGMu,spotify:track:0CwhgYudd5HzMC9K2vqGMu,https://open.spotify.com/track/0CwhgYudd5HzMC9K2vqGMu,Everytime I Die,track,4,1,243000,243.000,False,False,True,,https://api.spotify.com/v1/tracks/0CwhgYudd5HzMC9K2vqGMu,https://api.spotify.com/v1/tracks/0CwhgYudd5HzMC9K2vqGMu,,,FISFS0000017,,,6NA0J6jgJVHjmCnCMBwKH7,spotify:album:6NA0J6jgJVHjmCnCMBwKH7,https://open.spotify.com/album/6NA0J6jgJVHjmCnCMBwKH7,Follow The Reaper,album,,11,2000-10-30,day,,C: 2000 Universal Music Oy; P: 2000 Universal Music Oy,,https://i.scdn.co/image/ab67616d0000b2732d4f11a97ba4a75bb3239dcc,,1xUhNgw4eJDZfvumIpcz1B,Children Of Bodom,spotify:artist:1xUhNgw4eJDZfvumIpcz1B,https://open.spotify.com/artist/1xUhNgw4eJDZfvumIpcz1B,,,,758547,"758,547",false,Spotify public artist page,,https://i.scdn.co/image/ab6761610000e5ebe51866b7c973c8aafaf1fece,,1xUhNgw4eJDZfvumIpcz1B,Children Of Bodom,https://open.spotify.com/artist/1xUhNgw4eJDZfvumIpcz1B,"[{""artist_id"": ""1xUhNgw4eJDZfvumIpcz1B"", ""artist_name"": ""Children Of Bodom"", ""artist_url"": ""https://open.spotify.com/artist/1xUhNgw4eJDZfvumIpcz1B"", ""monthly_listeners"": ""758547"", ""monthly_listeners_display"": ""758,547"", ""is_approx"": ""false"", ""fetch_error"": """"}]","[{""artist_id"": ""1xUhNgw4eJDZfvumIpcz1B"", ""artist_name"": ""Children Of Bodom"", ""artist_uri"": ""spotify:artist:1xUhNgw4eJDZfvumIpcz1B"", ""artist_url"": ""https://open.spotify.com/artist/1xUhNgw4eJDZfvumIpcz1B"", ""artist_type"": ""artist"", ""artist_genres"": """", ""artist_spotify_api_popularity"": """", ""artist_followers_total"": """", ""artist_image_url"": ""https://i.scdn.co/image/ab6761610000e5ebe51866b7c973c8aafaf1fece"", ""artist_lookup_error"": """", ""artist_monthly_listeners"": ""758547"", ""artist_monthly_listeners_display"": ""758,547"", ""artist_monthly_listeners_is_approx"": ""false"", ""artist_monthly_listeners_source"": ""Spotify public artist page"", ""artist_monthly_listeners_fetch_error"": """"}]",0,,"{""spotify"": ""https://open.spotify.com/track/0CwhgYudd5HzMC9K2vqGMu""}",{}
week1_13july,2026-07-24T08:36:00+00:00,Spotify,Aysima Karçaaltıncaba,aaaaysimaaaa,Week1-User1,Week1-User1,0IPV7H00KADkCCZXwiGIv4,spotify:playlist:0IPV7H00KADkCCZXwiGIv4,https://open.spotify.com/playlist/0IPV7H00KADkCCZXwiGIv4,,aaaaysimaaaa,Aysima Karçaaltıncaba,True,False,0,AAAABHbpOsWgFGfKF+R2UcOHByGnJZys,30,12,2026-07-21T19:23:24Z,aaaaysimaaaa,primary_artist_monthly_listeners,1429906,"1,429,906",Spotify public artist page,false,,38PBzSdZMET0vcZfZ80ekj,spotify:track:38PBzSdZMET0vcZfZ80ekj,https://open.spotify.com/track/38PBzSdZMET0vcZfZ80ekj,Why?,track,4,1,251640,251.640,False,False,True,,https://api.spotify.com/v1/tracks/38PBzSdZMET0vcZfZ80ekj,https://api.spotify.com/v1/tracks/38PBzSdZMET0vcZfZ80ekj,,,GBCYG0500211,,,7H1YEetipoavKBGvSRqxmp,spotify:album:7H1YEetipoavKBGvSRqxmp,https://open.spotify.com/album/7H1YEetipoavKBGvSRqxmp,Master of the Rings (Expanded Edition),album,,18,1994-01-01,day,,"C: 2006 Sanctuary Records Group Ltd., a BMG Company; P: 2006 Sanctuary Records Group Ltd., a BMG Company",,https://i.scdn.co/image/ab67616d0000b27399d14b8213a2fde3f6aebfac,,4pQN0GB0fNEEOfQCaWotsY,Helloween,spotify:artist:4pQN0GB0fNEEOfQCaWotsY,https://open.spotify.com/artist/4pQN0GB0fNEEOfQCaWotsY,,,,1429906,"1,429,906",false,Spotify public artist page,,https://i.scdn.co/image/ab6761610000e5eb7d6b878498239115a09316d3,,4pQN0GB0fNEEOfQCaWotsY,Helloween,https://open.spotify.com/artist/4pQN0GB0fNEEOfQCaWotsY,"[{""artist_id"": ""4pQN0GB0fNEEOfQCaWotsY"", ""artist_name"": ""Helloween"", ""artist_url"": ""https://open.spotify.com/artist/4pQN0GB0fNEEOfQCaWotsY"", ""monthly_listeners"": ""1429906"", ""monthly_listeners_display"": ""1,429,906"", ""is_approx"": ""false"", ""fetch_error"": """"}]","[{""artist_id"": ""4pQN0GB0fNEEOfQCaWotsY"", ""artist_name"": ""Helloween"", ""artist_uri"": ""spotify:artist:4pQN0GB0fNEEOfQCaWotsY"", ""artist_url"": ""https://open.spotify.com/artist/4pQN0GB0fNEEOfQCaWotsY"", ""artist_type"": ""artist"", ""artist_genres"": """", ""artist_spotify_api_popularity"": """", ""artist_followers_total"": """", ""artist_image_url"": ""https://i.scdn.co/image/ab6761610000e5eb7d6b878498239115a09316d3"", ""artist_lookup_error"": """", ""artist_monthly_listeners"": ""1429906"", ""artist_monthly_listeners_display"": ""1,429,906"", ""artist_monthly_listeners_is_approx"": ""false"", ""artist_monthly_listeners_source"": ""Spotify public artist page"", ""artist_monthly_listeners_fetch_error"": """"}]",0,,"{""spotify"": ""https://open.spotify.com/track/38PBzSdZMET0vcZfZ80ekj""}",{}
week1_13july,2026-07-24T08:36:00+00:00,Spotify,Aysima Karçaaltıncaba,aaaaysimaaaa,Week1-User1,Week1-User1,0IPV7H00KADkCCZXwiGIv4,spotify:playlist:0IPV7H00KADkCCZXwiGIv4,https://open.spotify.com/playlist/0IPV7H00KADkCCZXwiGIv4,,aaaaysimaaaa,Aysima Karçaaltıncaba,True,False,0,AAAABHbpOsWgFGfKF+R2UcOHByGnJZys,30,13,2026-07-21T19:23:24Z,aaaaysimaaaa,primary_artist_monthly_listeners,167499,"167,499",Spotify public artist page,false,,4nrVRhp2fGwY7MwINf9QLY,spotify:track:4nrVRhp2fGwY7MwINf9QLY,https://open.spotify.com/track/4nrVRhp2fGwY7MwINf9QLY,Chasing the Dragon,track,1,1,241360,241.360,False,False,True,,https://api.spotify.com/v1/tracks/4nrVRhp2fGwY7MwINf9QLY,https://api.spotify.com/v1/tracks/4nrVRhp2fGwY7MwINf9QLY,,,US4E40402201,,,75e23vS6UP1bZWkVphKGiD,spotify:album:75e23vS6UP1bZWkVphKGiD,https://open.spotify.com/album/75e23vS6UP1bZWkVphKGiD,Dragonslayer,album,,12,2002-07-13,day,,P: (P) 2002 Century Media Records Ltd.,,https://i.scdn.co/image/ab67616d0000b273b1b987d182eba3af75bf48bf,,1bkf8u8ot6vEpWTJFBzKZB,Dream Evil,spotify:artist:1bkf8u8ot6vEpWTJFBzKZB,https://open.spotify.com/artist/1bkf8u8ot6vEpWTJFBzKZB,,,,167499,"167,499",false,Spotify public artist page,,https://i.scdn.co/image/ab6761610000e5eb68620704b0615991995f22c5,,1bkf8u8ot6vEpWTJFBzKZB,Dream Evil,https://open.spotify.com/artist/1bkf8u8ot6vEpWTJFBzKZB,"[{""artist_id"": ""1bkf8u8ot6vEpWTJFBzKZB"", ""artist_name"": ""Dream Evil"", ""artist_url"": ""https://open.spotify.com/artist/1bkf8u8ot6vEpWTJFBzKZB"", ""monthly_listeners"": ""167499"", ""monthly_listeners_display"": ""167,499"", ""is_approx"": ""false"", ""fetch_error"": """"}]","[{""artist_id"": ""1bkf8u8ot6vEpWTJFBzKZB"", ""artist_name"": ""Dream Evil"", ""artist_uri"": ""spotify:artist:1bkf8u8ot6vEpWTJFBzKZB"", ""artist_url"": ""https://open.spotify.com/artist/1bkf8u8ot6vEpWTJFBzKZB"", ""artist_type"": ""artist"", ""artist_genres"": """", ""artist_spotify_api_popularity"": """", ""artist_followers_total"": """", ""artist_image_url"": ""https://i.scdn.co/image/ab6761610000e5eb68620704b0615991995f22c5"", ""artist_lookup_error"": """", ""artist_monthly_listeners"": ""167499"", ""artist_monthly_listeners_display"": ""167,499"", ""artist_monthly_listeners_is_approx"": ""false"", ""artist_monthly_listeners_source"": ""Spotify public artist page"", ""artist_monthly_listeners_fetch_error"": """"}]",0,,"{""spotify"": ""https://open.spotify.com/track/4nrVRhp2fGwY7MwINf9QLY""}",{}
week1_13july,2026-07-24T08:36:00+00:00,Spotify,Aysima Karçaaltıncaba,aaaaysimaaaa,Week1-User1,Week1-User1,0IPV7H00KADkCCZXwiGIv4,spotify:playlist:0IPV7H00KADkCCZXwiGIv4,https://open.spotify.com/playlist/0IPV7H00KADkCCZXwiGIv4,,aaaaysimaaaa,Aysima Karçaaltıncaba,True,False,0,AAAABHbpOsWgFGfKF+R2UcOHByGnJZys,30,14,2026-07-21T19:23:24Z,aaaaysimaaaa,primary_artist_monthly_listeners,193731,"193,731",Spotify public artist page,false,,0wwAkc9n9SfV27COAK2AUH,spotify:track:0wwAkc9n9SfV27COAK2AUH,https://open.spotify.com/track/0wwAkc9n9SfV27COAK2AUH,Iron,track,2,1,233186,233.186,False,False,True,,https://api.spotify.com/v1/tracks/0wwAkc9n9SfV27COAK2AUH,https://api.spotify.com/v1/tracks/0wwAkc9n9SfV27COAK2AUH,,,FISFS0400002,,,1UrdsJhCNyCqmBn9zy2Ut9,spotify:album:1UrdsJhCNyCqmBn9zy2Ut9,https://open.spotify.com/album/1UrdsJhCNyCqmBn9zy2Ut9,Iron,album,,11,2008-01-01,day,,C: 2008 Spin-Farm Oy; P: 2008 Spin-Farm Oy,,https://i.scdn.co/image/ab67616d0000b273f6df9f51261fd69be472723e,,0krXCIkthz13P8o0v2tksH,Ensiferum,spotify:artist:0krXCIkthz13P8o0v2tksH,https://open.spotify.com/artist/0krXCIkthz13P8o0v2tksH,,,,193731,"193,731",false,Spotify public artist page,,https://i.scdn.co/image/ab6761610000e5eb0a5ef9d5834390b5ebdee107,,0krXCIkthz13P8o0v2tksH,Ensiferum,https://open.spotify.com/artist/0krXCIkthz13P8o0v2tksH,"[{""artist_id"": ""0krXCIkthz13P8o0v2tksH"", ""artist_name"": ""Ensiferum"", ""artist_url"": ""https://open.spotify.com/artist/0krXCIkthz13P8o0v2tksH"", ""monthly_listeners"": ""193731"", ""monthly_listeners_display"": ""193,731"", ""is_approx"": ""false"", ""fetch_error"": """"}]","[{""artist_id"": ""0krXCIkthz13P8o0v2tksH"", ""artist_name"": ""Ensiferum"", ""artist_uri"": ""spotify:artist:0krXCIkthz13P8o0v2tksH"", ""artist_url"": ""https://open.spotify.com/artist/0krXCIkthz13P8o0v2tksH"", ""artist_type"": ""artist"", ""artist_genres"": """", ""artist_spotify_api_popularity"": """", ""artist_followers_total"": """", ""artist_image_url"": ""https://i.scdn.co/image/ab6761610000e5eb0a5ef9d5834390b5ebdee107"", ""artist_lookup_error"": """", ""artist_monthly_listeners"": ""193731"", ""artist_monthly_listeners_display"": ""193,731"", ""artist_monthly_listeners_is_approx"": ""false"", ""artist_monthly_listeners_source"": ""Spotify public artist page"", ""artist_monthly_listeners_fetch_error"": """"}]",0,,"{""spotify"": ""https://open.spotify.com/track/0wwAkc9n9SfV27COAK2AUH""}",{}
week1_13july,2026-07-24T08:36:00+00:00,Spotify,Aysima Karçaaltıncaba,aaaaysimaaaa,Week1-User1,Week1-User1,0IPV7H00KADkCCZXwiGIv4,spotify:playlist:0IPV7H00KADkCCZXwiGIv4,https://open.spotify.com/playlist/0IPV7H00KADkCCZXwiGIv4,,aaaaysimaaaa,Aysima Karçaaltıncaba,True,False,0,AAAABHbpOsWgFGfKF+R2UcOHByGnJZys,30,15,2026-07-21T19:23:24Z,aaaaysimaaaa,primary_artist_monthly_listeners,105691,"105,691",Spotify public artist page,false,,0V2Jge35CQn1Hc9hNBmdbm,spotify:track:0V2Jge35CQn1Hc9hNBmdbm,https://open.spotify.com/track/0V2Jge35CQn1Hc9hNBmdbm,The End Is Near,track,2,1,266964,266.964,False,False,True,,https://api.spotify.com/v1/tracks/0V2Jge35CQn1Hc9hNBmdbm,https://api.spotify.com/v1/tracks/0V2Jge35CQn1Hc9hNBmdbm,,,ITG271600027,,,4Y726zsgHLeScKFCe8CgeL,spotify:album:4Y726zsgHLeScKFCe8CgeL,https://open.spotify.com/album/4Y726zsgHLeScKFCe8CgeL,Rulebreaker,album,,14,2016-01-29,day,,C: (C) 2016 Reigning Phoenix Music; P: (P) 2016 Reigning Phoenix Music,,https://i.scdn.co/image/ab67616d0000b273f697ada0466f413cacf8052a,,1yfiDL3YUEJlQCgb5Pun6g,Primal Fear,spotify:artist:1yfiDL3YUEJlQCgb5Pun6g,https://open.spotify.com/artist/1yfiDL3YUEJlQCgb5Pun6g,,,,105691,"105,691",false,Spotify public artist page,,https://i.scdn.co/image/ab6761610000e5ebd8360d0ed8fe9dd3fd04fb45,,1yfiDL3YUEJlQCgb5Pun6g,Primal Fear,https://open.spotify.com/artist/1yfiDL3YUEJlQCgb5Pun6g,"[{""artist_id"": ""1yfiDL3YUEJlQCgb5Pun6g"", ""artist_name"": ""Primal Fear"", ""artist_url"": ""https://open.spotify.com/artist/1yfiDL3YUEJlQCgb5Pun6g"", ""monthly_listeners"": ""105691"", ""monthly_listeners_display"": ""105,691"", ""is_approx"": ""false"", ""fetch_error"": """"}]","[{""artist_id"": ""1yfiDL3YUEJlQCgb5Pun6g"", ""artist_name"": ""Primal Fear"", ""artist_uri"": ""spotify:artist:1yfiDL3YUEJlQCgb5Pun6g"", ""artist_url"": ""https://open.spotify.com/artist/1yfiDL3YUEJlQCgb5Pun6g"", ""artist_type"": ""artist"", ""artist_genres"": """", ""artist_spotify_api_popularity"": """", ""artist_followers_total"": """", ""artist_image_url"": ""https://i.scdn.co/image/ab6761610000e5ebd8360d0ed8fe9dd3fd04fb45"", ""artist_lookup_error"": """", ""artist_monthly_listeners"": ""105691"", ""artist_monthly_listeners_display"": ""105,691"", ""artist_monthly_listeners_is_approx"": ""false"", ""artist_monthly_listeners_source"": ""Spotify public artist page"", ""artist_monthly_listeners_fetch_error"": """"}]",0,,"{""spotify"": ""https://open.spotify.com/track/0V2Jge35CQn1Hc9hNBmdbm""}",{}
week1_13july,2026-07-24T08:36:00+00:00,Spotify,Aysima Karçaaltıncaba,aaaaysimaaaa,Week1-User1,Week1-User1,0IPV7H00KADkCCZXwiGIv4,spotify:playlist:0IPV7H00KADkCCZXwiGIv4,https://open.spotify.com/playlist/0IPV7H00KADkCCZXwiGIv4,,aaaaysimaaaa,Aysima Karçaaltıncaba,True,False,0,AAAABHbpOsWgFGfKF+R2UcOHByGnJZys,30,16,2026-07-21T19:23:24Z,aaaaysimaaaa,primary_artist_monthly_listeners,74393,"74,393",Spotify public artist page,false,,1P5B3ARqjPkB9yCNPZq9jV,spotify:track:1P5B3ARqjPkB9yCNPZq9jV,https://open.spotify.com/track/1P5B3ARqjPkB9yCNPZq9jV,Rebellion (The Clans Are Marching) - Remastered Version,track,11,1,244760,244.760,False,False,True,,https://api.spotify.com/v1/tracks/1P5B3ARqjPkB9yCNPZq9jV,https://api.spotify.com/v1/tracks/1P5B3ARqjPkB9yCNPZq9jV,,,DEC760600331,,,4ZNfzHslrjITU8iqfzCAL8,spotify:album:4ZNfzHslrjITU8iqfzCAL8,https://open.spotify.com/album/4ZNfzHslrjITU8iqfzCAL8,Tunes Of War (Remastered 2006),album,,13,1996,year,,"P: (P) 2006 GUN Records GmbH, A Unit Of SONY BMG MUSIC ENTERTAINMENT (GERMANY) GmbH",,https://i.scdn.co/image/ab67616d0000b2735d5ef12b8c86299ec4e16f7c,,6mfghV4I1CD17FOhDKq7cJ,Grave Digger,spotify:artist:6mfghV4I1CD17FOhDKq7cJ,https://open.spotify.com/artist/6mfghV4I1CD17FOhDKq7cJ,,,,74393,"74,393",false,Spotify public artist page,,https://i.scdn.co/image/ab6761610000e5eb5b4d967b77ad0ffbd0d70013,,6mfghV4I1CD17FOhDKq7cJ,Grave Digger,https://open.spotify.com/artist/6mfghV4I1CD17FOhDKq7cJ,"[{""artist_id"": ""6mfghV4I1CD17FOhDKq7cJ"", ""artist_name"": ""Grave Digger"", ""artist_url"": ""https://open.spotify.com/artist/6mfghV4I1CD17FOhDKq7cJ"", ""monthly_listeners"": ""74393"", ""monthly_listeners_display"": ""74,393"", ""is_approx"": ""false"", ""fetch_error"": """"}]","[{""artist_id"": ""6mfghV4I1CD17FOhDKq7cJ"", ""artist_name"": ""Grave Digger"", ""artist_uri"": ""spotify:artist:6mfghV4I1CD17FOhDKq7cJ"", ""artist_url"": ""https://open.spotify.com/artist/6mfghV4I1CD17FOhDKq7cJ"", ""artist_type"": ""artist"", ""artist_genres"": """", ""artist_spotify_api_popularity"": """", ""artist_followers_total"": """", ""artist_image_url"": ""https://i.scdn.co/image/ab6761610000e5eb5b4d967b77ad0ffbd0d70013"", ""artist_lookup_error"": """", ""artist_monthly_listeners"": ""74393"", ""artist_monthly_listeners_display"": ""74,393"", ""artist_monthly_listeners_is_approx"": ""false"", ""artist_monthly_listeners_source"": ""Spotify public artist page"", ""artist_monthly_listeners_fetch_error"": """"}]",0,,"{""spotify"": ""https://open.spotify.com/track/1P5B3ARqjPkB9yCNPZq9jV""}",{}
week1_13july,2026-07-24T08:36:00+00:00,Spotify,Aysima Karçaaltıncaba,aaaaysimaaaa,Week1-User1,Week1-User1,0IPV7H00KADkCCZXwiGIv4,spotify:playlist:0IPV7H00KADkCCZXwiGIv4,https://open.spotify.com/playlist/0IPV7H00KADkCCZXwiGIv4,,aaaaysimaaaa,Aysima Karçaaltıncaba,True,False,0,AAAABHbpOsWgFGfKF+R2UcOHByGnJZys,30,17,2026-07-21T19:23:24Z,aaaaysimaaaa,primary_artist_monthly_listeners,184836,"184,836",Spotify public artist page,false,,2cxtdKFeXk4F10nd8TZORl,spotify:track:2cxtdKFeXk4F10nd8TZORl,https://open.spotify.com/track/2cxtdKFeXk4F10nd8TZORl,Kind Hearted Light,track,3,1,265773,265.773,False,False,True,,https://api.spotify.com/v1/tracks/2cxtdKFeXk4F10nd8TZORl,https://api.spotify.com/v1/tracks/2cxtdKFeXk4F10nd8TZORl,,,DET970200003,,,6FxqNK88NImuiMIpCrTZee,spotify:album:6FxqNK88NImuiMIpCrTZee,https://open.spotify.com/album/6FxqNK88NImuiMIpCrTZee,Masterplan,album,,11,2003-01-20,day,,C: 2003 AFM Records; P: 2003 AFM Records,,https://i.scdn.co/image/ab67616d0000b2737479397fc56803ba3511fd1c,,1OHNvr18TssBKYK0A75yvx,Masterplan,spotify:artist:1OHNvr18TssBKYK0A75yvx,https://open.spotify.com/artist/1OHNvr18TssBKYK0A75yvx,,,,184836,"184,836",false,Spotify public artist page,,https://i.scdn.co/image/ab6761610000e5eb8cfdd5ee976e9da4af82d208,,1OHNvr18TssBKYK0A75yvx,Masterplan,https://open.spotify.com/artist/1OHNvr18TssBKYK0A75yvx,"[{""artist_id"": ""1OHNvr18TssBKYK0A75yvx"", ""artist_name"": ""Masterplan"", ""artist_url"": ""https://open.spotify.com/artist/1OHNvr18TssBKYK0A75yvx"", ""monthly_listeners"": ""184836"", ""monthly_listeners_display"": ""184,836"", ""is_approx"": ""false"", ""fetch_error"": """"}]","[{""artist_id"": ""1OHNvr18TssBKYK0A75yvx"", ""artist_name"": ""Masterplan"", ""artist_uri"": ""spotify:artist:1OHNvr18TssBKYK0A75yvx"", ""artist_url"": ""https://open.spotify.com/artist/1OHNvr18TssBKYK0A75yvx"", ""artist_type"": ""artist"", ""artist_genres"": """", ""artist_spotify_api_popularity"": """", ""artist_followers_total"": """", ""artist_image_url"": ""https://i.scdn.co/image/ab6761610000e5eb8cfdd5ee976e9da4af82d208"", ""artist_lookup_error"": """", ""artist_monthly_listeners"": ""184836"", ""artist_monthly_listeners_display"": ""184,836"", ""artist_monthly_listeners_is_approx"": ""false"", ""artist_monthly_listeners_source"": ""Spotify public artist page"", ""artist_monthly_listeners_fetch_error"": """"}]",0,,"{""spotify"": ""https://open.spotify.com/track/2cxtdKFeXk4F10nd8TZORl""}",{}
week1_13july,2026-07-24T08:36:00+00:00,Spotify,Aysima Karçaaltıncaba,aaaaysimaaaa,Week1-User1,Week1-User1,0IPV7H00KADkCCZXwiGIv4,spotify:playlist:0IPV7H00KADkCCZXwiGIv4,https://open.spotify.com/playlist/0IPV7H00KADkCCZXwiGIv4,,aaaaysimaaaa,Aysima Karçaaltıncaba,True,False,0,AAAABHbpOsWgFGfKF+R2UcOHByGnJZys,30,18,2026-07-21T19:23:24Z,aaaaysimaaaa,primary_artist_monthly_listeners,53997,"53,997",Spotify public artist page,false,,3hfgxj1PpTUUdgU0P8Nt7e,spotify:track:3hfgxj1PpTUUdgU0P8Nt7e,https://open.spotify.com/track/3hfgxj1PpTUUdgU0P8Nt7e,Down from the Mountain,track,2,1,246295,246.295,False,False,True,,https://api.spotify.com/v1/tracks/3hfgxj1PpTUUdgU0P8Nt7e,https://api.spotify.com/v1/tracks/3hfgxj1PpTUUdgU0P8Nt7e,,,ITG271400092,,,7hoWTaACeZE1m9HSYY73aS,spotify:album:7hoWTaACeZE1m9HSYY73aS,https://open.spotify.com/album/7hoWTaACeZE1m9HSYY73aS,The Great Divide,album,,10,2014-10-17,day,,C: (C) 2014 Frontiers Records,,https://i.scdn.co/image/ab67616d0000b27309cd30cabc7f20c982de226c,,2hxa4ytcni5FUIK8IR27tX,Allen Lande,spotify:artist:2hxa4ytcni5FUIK8IR27tX,https://open.spotify.com/artist/2hxa4ytcni5FUIK8IR27tX,,,,53997,"53,997",false,Spotify public artist page,,https://i.scdn.co/image/ab67616d0000b27309cd30cabc7f20c982de226c,,2hxa4ytcni5FUIK8IR27tX,Allen Lande,https://open.spotify.com/artist/2hxa4ytcni5FUIK8IR27tX,"[{""artist_id"": ""2hxa4ytcni5FUIK8IR27tX"", ""artist_name"": ""Allen Lande"", ""artist_url"": ""https://open.spotify.com/artist/2hxa4ytcni5FUIK8IR27tX"", ""monthly_listeners"": ""53997"", ""monthly_listeners_display"": ""53,997"", ""is_approx"": ""false"", ""fetch_error"": """"}]","[{""artist_id"": ""2hxa4ytcni5FUIK8IR27tX"", ""artist_name"": ""Allen Lande"", ""artist_uri"": ""spotify:artist:2hxa4ytcni5FUIK8IR27tX"", ""artist_url"": ""https://open.spotify.com/artist/2hxa4ytcni5FUIK8IR27tX"", ""artist_type"": ""artist"", ""artist_genres"": """", ""artist_spotify_api_popularity"": """", ""artist_followers_total"": """", ""artist_image_url"": ""https://i.scdn.co/image/ab67616d0000b27309cd30cabc7f20c982de226c"", ""artist_lookup_error"": """", ""artist_monthly_listeners"": ""53997"", ""artist_monthly_listeners_display"": ""53,997"", ""artist_monthly_listeners_is_approx"": ""false"", ""artist_monthly_listeners_source"": ""Spotify public artist page"", ""artist_monthly_listeners_fetch_error"": """"}]",0,,"{""spotify"": ""https://open.spotify.com/track/3hfgxj1PpTUUdgU0P8Nt7e""}",{}
week1_13july,2026-07-24T08:36:00+00:00,Spotify,Aysima Karçaaltıncaba,aaaaysimaaaa,Week1-User1,Week1-User1,0IPV7H00KADkCCZXwiGIv4,spotify:playlist:0IPV7H00KADkCCZXwiGIv4,https://open.spotify.com/playlist/0IPV7H00KADkCCZXwiGIv4,,aaaaysimaaaa,Aysima Karçaaltıncaba,True,False,0,AAAABHbpOsWgFGfKF+R2UcOHByGnJZys,30,19,2026-07-21T19:23:24Z,aaaaysimaaaa,primary_artist_monthly_listeners,586305,"586,305",Spotify public artist page,false,,02A6THLfQXvqrx9IEMkQfJ,spotify:track:02A6THLfQXvqrx9IEMkQfJ,https://open.spotify.com/track/02A6THLfQXvqrx9IEMkQfJ,Out of Control,track,2,1,227280,227.280,False,False,True,,https://api.spotify.com/v1/tracks/02A6THLfQXvqrx9IEMkQfJ,https://api.spotify.com/v1/tracks/02A6THLfQXvqrx9IEMkQfJ,,,FIWMA1300197,,,7DllalAuYBrkxfN4ohqwSL,spotify:album:7DllalAuYBrkxfN4ohqwSL,https://open.spotify.com/album/7DllalAuYBrkxfN4ohqwSL,Battle Beast,album,,14,2013-05-17,day,,C: 2013 Nuclear Blast; P: 2013 Nuclear Blast,,https://i.scdn.co/image/ab67616d0000b273536fe3e46003fb3ebe2ebf05,,7k5jeohQCF20a8foBD9ize,Battle Beast,spotify:artist:7k5jeohQCF20a8foBD9ize,https://open.spotify.com/artist/7k5jeohQCF20a8foBD9ize,,,,586305,"586,305",false,Spotify public artist page,,https://i.scdn.co/image/ab6761610000e5eb736a6608998f7d7b5d8d3205,,7k5jeohQCF20a8foBD9ize,Battle Beast,https://open.spotify.com/artist/7k5jeohQCF20a8foBD9ize,"[{""artist_id"": ""7k5jeohQCF20a8foBD9ize"", ""artist_name"": ""Battle Beast"", ""artist_url"": ""https://open.spotify.com/artist/7k5jeohQCF20a8foBD9ize"", ""monthly_listeners"": ""586305"", ""monthly_listeners_display"": ""586,305"", ""is_approx"": ""false"", ""fetch_error"": """"}]","[{""artist_id"": ""7k5jeohQCF20a8foBD9ize"", ""artist_name"": ""Battle Beast"", ""artist_uri"": ""spotify:artist:7k5jeohQCF20a8foBD9ize"", ""artist_url"": ""https://open.spotify.com/artist/7k5jeohQCF20a8foBD9ize"", ""artist_type"": ""artist"", ""artist_genres"": """", ""artist_spotify_api_popularity"": """", ""artist_followers_total"": """", ""artist_image_url"": ""https://i.scdn.co/image/ab6761610000e5eb736a6608998f7d7b5d8d3205"", ""artist_lookup_error"": """", ""artist_monthly_listeners"": ""586305"", ""artist_monthly_listeners_display"": ""586,305"", ""artist_monthly_listeners_is_approx"": ""false"", ""artist_monthly_listeners_source"": ""Spotify public artist page"", ""artist_monthly_listeners_fetch_error"": """"}]",0,,"{""spotify"": ""https://open.spotify.com/track/02A6THLfQXvqrx9IEMkQfJ""}",{}
week1_13july,2026-07-24T08:36:00+00:00,Spotify,Aysima Karçaaltıncaba,aaaaysimaaaa,Week1-User1,Week1-User1,0IPV7H00KADkCCZXwiGIv4,spotify:playlist:0IPV7H00KADkCCZXwiGIv4,https://open.spotify.com/playlist/0IPV7H00KADkCCZXwiGIv4,,aaaaysimaaaa,Aysima Karçaaltıncaba,True,False,0,AAAABHbpOsWgFGfKF+R2UcOHByGnJZys,30,20,2026-07-21T19:23:24Z,aaaaysimaaaa,primary_artist_monthly_listeners,239721,"239,721",Spotify public artist page,false,,4ZuNyr0qk8gckL98Oee0ld,spotify:track:4ZuNyr0qk8gckL98Oee0ld,https://open.spotify.com/track/4ZuNyr0qk8gckL98Oee0ld,Chains of Destiny,track,11,1,235093,235.093,False,False,True,,https://api.spotify.com/v1/tracks/4ZuNyr0qk8gckL98Oee0ld,https://api.spotify.com/v1/tracks/4ZuNyr0qk8gckL98Oee0ld,,,DEU602109352,,,4OfONg7cNiDlH9tpVNKN5i,spotify:album:4OfONg7cNiDlH9tpVNKN5i,https://open.spotify.com/album/4OfONg7cNiDlH9tpVNKN5i,Glory for Salvation,album,,13,2021-11-26,day,,C: 2021 AFM Records; P: 2021 AFM Records,,https://i.scdn.co/image/ab67616d0000b273fe6eb88d83c8d7e6c70d0381,,3IjLXN4eSksdGj8uDE4Jm1,Rhapsody Of Fire,spotify:artist:3IjLXN4eSksdGj8uDE4Jm1,https://open.spotify.com/artist/3IjLXN4eSksdGj8uDE4Jm1,,,,239721,"239,721",false,Spotify public artist page,,https://i.scdn.co/image/ab6761610000e5eb5d22c1db6d6eee22dfe54498,,3IjLXN4eSksdGj8uDE4Jm1,Rhapsody Of Fire,https://open.spotify.com/artist/3IjLXN4eSksdGj8uDE4Jm1,"[{""artist_id"": ""3IjLXN4eSksdGj8uDE4Jm1"", ""artist_name"": ""Rhapsody Of Fire"", ""artist_url"": ""https://open.spotify.com/artist/3IjLXN4eSksdGj8uDE4Jm1"", ""monthly_listeners"": ""239721"", ""monthly_listeners_display"": ""239,721"", ""is_approx"": ""false"", ""fetch_error"": """"}]","[{""artist_id"": ""3IjLXN4eSksdGj8uDE4Jm1"", ""artist_name"": ""Rhapsody Of Fire"", ""artist_uri"": ""spotify:artist:3IjLXN4eSksdGj8uDE4Jm1"", ""artist_url"": ""https://open.spotify.com/artist/3IjLXN4eSksdGj8uDE4Jm1"", ""artist_type"": ""artist"", ""artist_genres"": """", ""artist_spotify_api_popularity"": """", ""artist_followers_total"": """", ""artist_image_url"": ""https://i.scdn.co/image/ab6761610000e5eb5d22c1db6d6eee22dfe54498"", ""artist_lookup_error"": """", ""artist_monthly_listeners"": ""239721"", ""artist_monthly_listeners_display"": ""239,721"", ""artist_monthly_listeners_is_approx"": ""false"", ""artist_monthly_listeners_source"": ""Spotify public artist page"", ""artist_monthly_listeners_fetch_error"": """"}]",0,,"{""spotify"": ""https://open.spotify.com/track/4ZuNyr0qk8gckL98Oee0ld""}",{}
week1_13july,2026-07-24T08:36:00+00:00,Spotify,Aysima Karçaaltıncaba,aaaaysimaaaa,Week1-User1,Week1-User1,0IPV7H00KADkCCZXwiGIv4,spotify:playlist:0IPV7H00KADkCCZXwiGIv4,https://open.spotify.com/playlist/0IPV7H00KADkCCZXwiGIv4,,aaaaysimaaaa,Aysima Karçaaltıncaba,True,False,0,AAAABHbpOsWgFGfKF+R2UcOHByGnJZys,30,21,2026-07-21T19:23:24Z,aaaaysimaaaa,primary_artist_monthly_listeners,368660,"368,660",Spotify public artist page,false,,1NQCQj6x94ZBEPSODneBHw,spotify:track:1NQCQj6x94ZBEPSODneBHw,https://open.spotify.com/track/1NQCQj6x94ZBEPSODneBHw,The Village of Dwarves,track,4,1,232173,232.173,False,False,True,,https://api.spotify.com/v1/tracks/1NQCQj6x94ZBEPSODneBHw,https://api.spotify.com/v1/tracks/1NQCQj6x94ZBEPSODneBHw,,,DET270002304,,,6T6i4ZLAwRHVOxRaQnC5js,spotify:album:6T6i4ZLAwRHVOxRaQnC5js,https://open.spotify.com/album/6T6i4ZLAwRHVOxRaQnC5js,Dawn of Victory,album,,10,2000,year,,C: (C) 2000 Limb Music,,https://i.scdn.co/image/ab67616d0000b273012217969f1979b6f050068b,,0zQfrabOFYf36Ikb6PXcCY,Rhapsody,spotify:artist:0zQfrabOFYf36Ikb6PXcCY,https://open.spotify.com/artist/0zQfrabOFYf36Ikb6PXcCY,,,,368660,"368,660",false,Spotify public artist page,,https://i.scdn.co/image/ab6761610000e5eb902fae03243cae6e08caf99a,,0zQfrabOFYf36Ikb6PXcCY,Rhapsody,https://open.spotify.com/artist/0zQfrabOFYf36Ikb6PXcCY,"[{""artist_id"": ""0zQfrabOFYf36Ikb6PXcCY"", ""artist_name"": ""Rhapsody"", ""artist_url"": ""https://open.spotify.com/artist/0zQfrabOFYf36Ikb6PXcCY"", ""monthly_listeners"": ""368660"", ""monthly_listeners_display"": ""368,660"", ""is_approx"": ""false"", ""fetch_error"": """"}]","[{""artist_id"": ""0zQfrabOFYf36Ikb6PXcCY"", ""artist_name"": ""Rhapsody"", ""artist_uri"": ""spotify:artist:0zQfrabOFYf36Ikb6PXcCY"", ""artist_url"": ""https://open.spotify.com/artist/0zQfrabOFYf36Ikb6PXcCY"", ""artist_type"": ""artist"", ""artist_genres"": """", ""artist_spotify_api_popularity"": """", ""artist_followers_total"": """", ""artist_image_url"": ""https://i.scdn.co/image/ab6761610000e5eb902fae03243cae6e08caf99a"", ""artist_lookup_error"": """", ""artist_monthly_listeners"": ""368660"", ""artist_monthly_listeners_display"": ""368,660"", ""artist_monthly_listeners_is_approx"": ""false"", ""artist_monthly_listeners_source"": ""Spotify public artist page"", ""artist_monthly_listeners_fetch_error"": """"}]",0,,"{""spotify"": ""https://open.spotify.com/track/1NQCQj6x94ZBEPSODneBHw""}",{}
week1_13july,2026-07-24T08:36:00+00:00,Spotify,Aysima Karçaaltıncaba,aaaaysimaaaa,Week1-User1,Week1-User1,0IPV7H00KADkCCZXwiGIv4,spotify:playlist:0IPV7H00KADkCCZXwiGIv4,https://open.spotify.com/playlist/0IPV7H00KADkCCZXwiGIv4,,aaaaysimaaaa,Aysima Karçaaltıncaba,True,False,0,AAAABHbpOsWgFGfKF+R2UcOHByGnJZys,30,22,2026-07-21T19:23:24Z,aaaaysimaaaa,primary_artist_monthly_listeners,92170,"92,170",Spotify public artist page,false,,2rV29Dueq15Cq4IyFgINDL,spotify:track:2rV29Dueq15Cq4IyFgINDL,https://open.spotify.com/track/2rV29Dueq15Cq4IyFgINDL,Set This World on Fire,track,4,1,306146,306.146,False,False,True,,https://api.spotify.com/v1/tracks/2rV29Dueq15Cq4IyFgINDL,https://api.spotify.com/v1/tracks/2rV29Dueq15Cq4IyFgINDL,,,DEAT71518805,,,2bMAHTAhkUMjB9ajRxAbit,spotify:album:2bMAHTAhkUMjB9ajRxAbit,https://open.spotify.com/album/2bMAHTAhkUMjB9ajRxAbit,Unity,album,,13,2002-03-13,day,,C: (C) 2002 Dr. Bones; P: (P) 2002 Dr. Bones,,https://i.scdn.co/image/ab67616d0000b273590803396dac7ebccceb38f6,,5TJVsWPUaJxBxWfVZQEt2x,Rage,spotify:artist:5TJVsWPUaJxBxWfVZQEt2x,https://open.spotify.com/artist/5TJVsWPUaJxBxWfVZQEt2x,,,,92170,"92,170",false,Spotify public artist page,,https://i.scdn.co/image/ab6761610000e5ebbb296bc31c8d982074a54793,,5TJVsWPUaJxBxWfVZQEt2x,Rage,https://open.spotify.com/artist/5TJVsWPUaJxBxWfVZQEt2x,"[{""artist_id"": ""5TJVsWPUaJxBxWfVZQEt2x"", ""artist_name"": ""Rage"", ""artist_url"": ""https://open.spotify.com/artist/5TJVsWPUaJxBxWfVZQEt2x"", ""monthly_listeners"": ""92170"", ""monthly_listeners_display"": ""92,170"", ""is_approx"": ""false"", ""fetch_error"": """"}]","[{""artist_id"": ""5TJVsWPUaJxBxWfVZQEt2x"", ""artist_name"": ""Rage"", ""artist_uri"": ""spotify:artist:5TJVsWPUaJxBxWfVZQEt2x"", ""artist_url"": ""https://open.spotify.com/artist/5TJVsWPUaJxBxWfVZQEt2x"", ""artist_type"": ""artist"", ""artist_genres"": """", ""artist_spotify_api_popularity"": """", ""artist_followers_total"": """", ""artist_image_url"": ""https://i.scdn.co/image/ab6761610000e5ebbb296bc31c8d982074a54793"", ""artist_lookup_error"": """", ""artist_monthly_listeners"": ""92170"", ""artist_monthly_listeners_display"": ""92,170"", ""artist_monthly_listeners_is_approx"": ""false"", ""artist_monthly_listeners_source"": ""Spotify public artist page"", ""artist_monthly_listeners_fetch_error"": """"}]",0,,"{""spotify"": ""https://open.spotify.com/track/2rV29Dueq15Cq4IyFgINDL""}",{}
week1_13july,2026-07-24T08:36:00+00:00,Spotify,Aysima Karçaaltıncaba,aaaaysimaaaa,Week1-User1,Week1-User1,0IPV7H00KADkCCZXwiGIv4,spotify:playlist:0IPV7H00KADkCCZXwiGIv4,https://open.spotify.com/playlist/0IPV7H00KADkCCZXwiGIv4,,aaaaysimaaaa,Aysima Karçaaltıncaba,True,False,0,AAAABHbpOsWgFGfKF+R2UcOHByGnJZys,30,23,2026-07-21T19:23:24Z,aaaaysimaaaa,primary_artist_monthly_listeners,28922,"28,922",Spotify public artist page,false,,1rfztlEkSrTzBbHz7xRC29,spotify:track:1rfztlEkSrTzBbHz7xRC29,https://open.spotify.com/track/1rfztlEkSrTzBbHz7xRC29,Back for More,track,4,1,262320,262.320,False,False,True,,https://api.spotify.com/v1/tracks/1rfztlEkSrTzBbHz7xRC29,https://api.spotify.com/v1/tracks/1rfztlEkSrTzBbHz7xRC29,,,TCACF1554667,,,0zyZmvnSiU5fXR543Hbtwk,spotify:album:0zyZmvnSiU5fXR543Hbtwk,https://open.spotify.com/album/0zyZmvnSiU5fXR543Hbtwk,Disciples of the Sun,album,,12,2015-05-22,day,,C: 2015 Inner Wound Recodings; P: 2015 Ulterium Records,,https://i.scdn.co/image/ab67616d0000b273f68fb95358a06dd39492fab4,,23jSIm8VfKV2HaQJtfR3PK,Pyramaze,spotify:artist:23jSIm8VfKV2HaQJtfR3PK,https://open.spotify.com/artist/23jSIm8VfKV2HaQJtfR3PK,,,,28922,"28,922",false,Spotify public artist page,,https://i.scdn.co/image/ab6761610000e5eb6dc896acb383dc4585563275,,23jSIm8VfKV2HaQJtfR3PK,Pyramaze,https://open.spotify.com/artist/23jSIm8VfKV2HaQJtfR3PK,"[{""artist_id"": ""23jSIm8VfKV2HaQJtfR3PK"", ""artist_name"": ""Pyramaze"", ""artist_url"": ""https://open.spotify.com/artist/23jSIm8VfKV2HaQJtfR3PK"", ""monthly_listeners"": ""28922"", ""monthly_listeners_display"": ""28,922"", ""is_approx"": ""false"", ""fetch_error"": """"}]","[{""artist_id"": ""23jSIm8VfKV2HaQJtfR3PK"", ""artist_name"": ""Pyramaze"", ""artist_uri"": ""spotify:artist:23jSIm8VfKV2HaQJtfR3PK"", ""artist_url"": ""https://open.spotify.com/artist/23jSIm8VfKV2HaQJtfR3PK"", ""artist_type"": ""artist"", ""artist_genres"": """", ""artist_spotify_api_popularity"": """", ""artist_followers_total"": """", ""artist_image_url"": ""https://i.scdn.co/image/ab6761610000e5eb6dc896acb383dc4585563275"", ""artist_lookup_error"": """", ""artist_monthly_listeners"": ""28922"", ""artist_monthly_listeners_display"": ""28,922"", ""artist_monthly_listeners_is_approx"": ""false"", ""artist_monthly_listeners_source"": ""Spotify public artist page"", ""artist_monthly_listeners_fetch_error"": """"}]",0,,"{""spotify"": ""https://open.spotify.com/track/1rfztlEkSrTzBbHz7xRC29""}",{}
week1_13july,2026-07-24T08:36:00+00:00,Spotify,Aysima Karçaaltıncaba,aaaaysimaaaa,Week1-User1,Week1-User1,0IPV7H00KADkCCZXwiGIv4,spotify:playlist:0IPV7H00KADkCCZXwiGIv4,https://open.spotify.com/playlist/0IPV7H00KADkCCZXwiGIv4,,aaaaysimaaaa,Aysima Karçaaltıncaba,True,False,0,AAAABHbpOsWgFGfKF+R2UcOHByGnJZys,30,24,2026-07-21T19:23:24Z,aaaaysimaaaa,primary_artist_monthly_listeners,50778,"50,778",Spotify public artist page,false,,4i3L5DHB4W2CzKtaUdeDkC,spotify:track:4i3L5DHB4W2CzKtaUdeDkC,https://open.spotify.com/track/4i3L5DHB4W2CzKtaUdeDkC,Wings of Steel,track,2,1,203546,203.546,False,False,True,,https://api.spotify.com/v1/tracks/4i3L5DHB4W2CzKtaUdeDkC,https://api.spotify.com/v1/tracks/4i3L5DHB4W2CzKtaUdeDkC,,,uscgh2281070,,,4Rzk8EU6um8ETgCUatThYv,spotify:album:4Rzk8EU6um8ETgCUatThYv,https://open.spotify.com/album/4Rzk8EU6um8ETgCUatThYv,Wings of Steel,single,,5,2022-03-11,day,,C: 2022 Wings of Steel; P: 2022 Wings of Steel,,https://i.scdn.co/image/ab67616d0000b2739c6291976636fd4718a37d04,,0y43lCvntQtyFlhCABGb0T,Wings of Steel,spotify:artist:0y43lCvntQtyFlhCABGb0T,https://open.spotify.com/artist/0y43lCvntQtyFlhCABGb0T,,,,50778,"50,778",false,Spotify public artist page,,https://i.scdn.co/image/ab6761610000e5ebf0ec514bb1af4546a9f63f24,,0y43lCvntQtyFlhCABGb0T,Wings of Steel,https://open.spotify.com/artist/0y43lCvntQtyFlhCABGb0T,"[{""artist_id"": ""0y43lCvntQtyFlhCABGb0T"", ""artist_name"": ""Wings of Steel"", ""artist_url"": ""https://open.spotify.com/artist/0y43lCvntQtyFlhCABGb0T"", ""monthly_listeners"": ""50778"", ""monthly_listeners_display"": ""50,778"", ""is_approx"": ""false"", ""fetch_error"": """"}]","[{""artist_id"": ""0y43lCvntQtyFlhCABGb0T"", ""artist_name"": ""Wings of Steel"", ""artist_uri"": ""spotify:artist:0y43lCvntQtyFlhCABGb0T"", ""artist_url"": ""https://open.spotify.com/artist/0y43lCvntQtyFlhCABGb0T"", ""artist_type"": ""artist"", ""artist_genres"": """", ""artist_spotify_api_popularity"": """", ""artist_followers_total"": """", ""artist_image_url"": ""https://i.scdn.co/image/ab6761610000e5ebf0ec514bb1af4546a9f63f24"", ""artist_lookup_error"": """", ""artist_monthly_listeners"": ""50778"", ""artist_monthly_listeners_display"": ""50,778"", ""artist_monthly_listeners_is_approx"": ""false"", ""artist_monthly_listeners_source"": ""Spotify public artist page"", ""artist_monthly_listeners_fetch_error"": """"}]",0,,"{""spotify"": ""https://open.spotify.com/track/4i3L5DHB4W2CzKtaUdeDkC""}",{}
week1_13july,2026-07-24T08:36:00+00:00,Spotify,Aysima Karçaaltıncaba,aaaaysimaaaa,Week1-User1,Week1-User1,0IPV7H00KADkCCZXwiGIv4,spotify:playlist:0IPV7H00KADkCCZXwiGIv4,https://open.spotify.com/playlist/0IPV7H00KADkCCZXwiGIv4,,aaaaysimaaaa,Aysima Karçaaltıncaba,True,False,0,AAAABHbpOsWgFGfKF+R2UcOHByGnJZys,30,25,2026-07-21T19:23:24Z,aaaaysimaaaa,primary_artist_monthly_listeners,97053,"97,053",Spotify public artist page,false,,5oJE6PFEhiRnY7SCspZF4k,spotify:track:5oJE6PFEhiRnY7SCspZF4k,https://open.spotify.com/track/5oJE6PFEhiRnY7SCspZF4k,Freedom Call,track,2,1,319280,319.280,False,False,True,,https://api.spotify.com/v1/tracks/5oJE6PFEhiRnY7SCspZF4k,https://api.spotify.com/v1/tracks/5oJE6PFEhiRnY7SCspZF4k,,,DEA450005690,,,4rZcv6qkD6klDCtxGi78of,spotify:album:4rZcv6qkD6klDCtxGi78of,https://open.spotify.com/album/4rZcv6qkD6klDCtxGi78of,Crystal Empire,album,,11,2001-01-22,day,,C: 2001 BMG Rights Management GmbH; P: 2001 BMG Rights Management GmbH,,https://i.scdn.co/image/ab67616d0000b27338430038d66010355177db8e,,55RDuy7cQW2Dqrcz3Jjl6F,Freedom Call,spotify:artist:55RDuy7cQW2Dqrcz3Jjl6F,https://open.spotify.com/artist/55RDuy7cQW2Dqrcz3Jjl6F,,,,97053,"97,053",false,Spotify public artist page,,https://i.scdn.co/image/ab6761610000e5ebcfe6976b49d36f31df66cad2,,55RDuy7cQW2Dqrcz3Jjl6F,Freedom Call,https://open.spotify.com/artist/55RDuy7cQW2Dqrcz3Jjl6F,"[{""artist_id"": ""55RDuy7cQW2Dqrcz3Jjl6F"", ""artist_name"": ""Freedom Call"", ""artist_url"": ""https://open.spotify.com/artist/55RDuy7cQW2Dqrcz3Jjl6F"", ""monthly_listeners"": ""97053"", ""monthly_listeners_display"": ""97,053"", ""is_approx"": ""false"", ""fetch_error"": """"}]","[{""artist_id"": ""55RDuy7cQW2Dqrcz3Jjl6F"", ""artist_name"": ""Freedom Call"", ""artist_uri"": ""spotify:artist:55RDuy7cQW2Dqrcz3Jjl6F"", ""artist_url"": ""https://open.spotify.com/artist/55RDuy7cQW2Dqrcz3Jjl6F"", ""artist_type"": ""artist"", ""artist_genres"": """", ""artist_spotify_api_popularity"": """", ""artist_followers_total"": """", ""artist_image_url"": ""https://i.scdn.co/image/ab6761610000e5ebcfe6976b49d36f31df66cad2"", ""artist_lookup_error"": """", ""artist_monthly_listeners"": ""97053"", ""artist_monthly_listeners_display"": ""97,053"", ""artist_monthly_listeners_is_approx"": ""false"", ""artist_monthly_listeners_source"": ""Spotify public artist page"", ""artist_monthly_listeners_fetch_error"": """"}]",0,,"{""spotify"": ""https://open.spotify.com/track/5oJE6PFEhiRnY7SCspZF4k""}",{}
week1_13july,2026-07-24T08:36:00+00:00,Spotify,Aysima Karçaaltıncaba,aaaaysimaaaa,Week1-User1,Week1-User1,0IPV7H00KADkCCZXwiGIv4,spotify:playlist:0IPV7H00KADkCCZXwiGIv4,https://open.spotify.com/playlist/0IPV7H00KADkCCZXwiGIv4,,aaaaysimaaaa,Aysima Karçaaltıncaba,True,False,0,AAAABHbpOsWgFGfKF+R2UcOHByGnJZys,30,26,2026-07-21T19:23:24Z,aaaaysimaaaa,primary_artist_monthly_listeners,445224,"445,224",Spotify public artist page,false,,0WTbXgGmirq6A9LfzHg2uA,spotify:track:0WTbXgGmirq6A9LfzHg2uA,https://open.spotify.com/track/0WTbXgGmirq6A9LfzHg2uA,The Cage,track,3,1,275440,275.440,False,False,True,,https://api.spotify.com/v1/tracks/0WTbXgGmirq6A9LfzHg2uA,https://api.spotify.com/v1/tracks/0WTbXgGmirq6A9LfzHg2uA,,,FISFS0200076,,,1EGK8WqziPuJEKAO1fdCkJ,spotify:album:1EGK8WqziPuJEKAO1fdCkJ,https://open.spotify.com/album/1EGK8WqziPuJEKAO1fdCkJ,Winterheart's Guild,album,,10,2002-01-01,day,,C: 2002 Spin-Farm Oy; P: 2002 Spin-Farm Oy,,https://i.scdn.co/image/ab67616d0000b2732b7e571002b007ce6f687d69,,5YeoQ1L71cXDMpSpqxOjfH,Sonata Arctica,spotify:artist:5YeoQ1L71cXDMpSpqxOjfH,https://open.spotify.com/artist/5YeoQ1L71cXDMpSpqxOjfH,,,,445224,"445,224",false,Spotify public artist page,,https://i.scdn.co/image/ab6761610000e5eb3c36e8b69cb376bf869aedc2,,5YeoQ1L71cXDMpSpqxOjfH,Sonata Arctica,https://open.spotify.com/artist/5YeoQ1L71cXDMpSpqxOjfH,"[{""artist_id"": ""5YeoQ1L71cXDMpSpqxOjfH"", ""artist_name"": ""Sonata Arctica"", ""artist_url"": ""https://open.spotify.com/artist/5YeoQ1L71cXDMpSpqxOjfH"", ""monthly_listeners"": ""445224"", ""monthly_listeners_display"": ""445,224"", ""is_approx"": ""false"", ""fetch_error"": """"}]","[{""artist_id"": ""5YeoQ1L71cXDMpSpqxOjfH"", ""artist_name"": ""Sonata Arctica"", ""artist_uri"": ""spotify:artist:5YeoQ1L71cXDMpSpqxOjfH"", ""artist_url"": ""https://open.spotify.com/artist/5YeoQ1L71cXDMpSpqxOjfH"", ""artist_type"": ""artist"", ""artist_genres"": """", ""artist_spotify_api_popularity"": """", ""artist_followers_total"": """", ""artist_image_url"": ""https://i.scdn.co/image/ab6761610000e5eb3c36e8b69cb376bf869aedc2"", ""artist_lookup_error"": """", ""artist_monthly_listeners"": ""445224"", ""artist_monthly_listeners_display"": ""445,224"", ""artist_monthly_listeners_is_approx"": ""false"", ""artist_monthly_listeners_source"": ""Spotify public artist page"", ""artist_monthly_listeners_fetch_error"": """"}]",0,,"{""spotify"": ""https://open.spotify.com/track/0WTbXgGmirq6A9LfzHg2uA""}",{}
week1_13july,2026-07-24T08:36:00+00:00,Spotify,Aysima Karçaaltıncaba,aaaaysimaaaa,Week1-User1,Week1-User1,0IPV7H00KADkCCZXwiGIv4,spotify:playlist:0IPV7H00KADkCCZXwiGIv4,https://open.spotify.com/playlist/0IPV7H00KADkCCZXwiGIv4,,aaaaysimaaaa,Aysima Karçaaltıncaba,True,False,0,AAAABHbpOsWgFGfKF+R2UcOHByGnJZys,30,27,2026-07-21T19:23:24Z,aaaaysimaaaa,primary_artist_monthly_listeners,111103,"111,103",Spotify public artist page,false,,6bKdh1YoDfUMe4mx8mZ3D1,spotify:track:6bKdh1YoDfUMe4mx8mZ3D1,https://open.spotify.com/track/6bKdh1YoDfUMe4mx8mZ3D1,Only Human,track,2,1,315693,315.693,False,False,True,,https://api.spotify.com/v1/tracks/6bKdh1YoDfUMe4mx8mZ3D1,https://api.spotify.com/v1/tracks/6bKdh1YoDfUMe4mx8mZ3D1,,,DEZ900500375,,,1166ju5sMndiI7MLV75TNN,spotify:album:1166ju5sMndiI7MLV75TNN,https://open.spotify.com/album/1166ju5sMndiI7MLV75TNN,Only Human,album,,13,2002-02-25,day,,C: AFM Records; P: AFM Records,,https://i.scdn.co/image/ab67616d0000b273e7855801aac1098307bee542,,4alZ73UZp90icEjdKjSIxw,At Vance,spotify:artist:4alZ73UZp90icEjdKjSIxw,https://open.spotify.com/artist/4alZ73UZp90icEjdKjSIxw,,,,111103,"111,103",false,Spotify public artist page,,https://i.scdn.co/image/ab6761610000e5eb9e8c8f307697a6f107011ba3,,4alZ73UZp90icEjdKjSIxw,At Vance,https://open.spotify.com/artist/4alZ73UZp90icEjdKjSIxw,"[{""artist_id"": ""4alZ73UZp90icEjdKjSIxw"", ""artist_name"": ""At Vance"", ""artist_url"": ""https://open.spotify.com/artist/4alZ73UZp90icEjdKjSIxw"", ""monthly_listeners"": ""111103"", ""monthly_listeners_display"": ""111,103"", ""is_approx"": ""false"", ""fetch_error"": """"}]","[{""artist_id"": ""4alZ73UZp90icEjdKjSIxw"", ""artist_name"": ""At Vance"", ""artist_uri"": ""spotify:artist:4alZ73UZp90icEjdKjSIxw"", ""artist_url"": ""https://open.spotify.com/artist/4alZ73UZp90icEjdKjSIxw"", ""artist_type"": ""artist"", ""artist_genres"": """", ""artist_spotify_api_popularity"": """", ""artist_followers_total"": """", ""artist_image_url"": ""https://i.scdn.co/image/ab6761610000e5eb9e8c8f307697a6f107011ba3"", ""artist_lookup_error"": """", ""artist_monthly_listeners"": ""111103"", ""artist_monthly_listeners_display"": ""111,103"", ""artist_monthly_listeners_is_approx"": ""false"", ""artist_monthly_listeners_source"": ""Spotify public artist page"", ""artist_monthly_listeners_fetch_error"": """"}]",0,,"{""spotify"": ""https://open.spotify.com/track/6bKdh1YoDfUMe4mx8mZ3D1""}",{}
week1_13july,2026-07-24T08:36:00+00:00,Spotify,Aysima Karçaaltıncaba,aaaaysimaaaa,Week1-User1,Week1-User1,0IPV7H00KADkCCZXwiGIv4,spotify:playlist:0IPV7H00KADkCCZXwiGIv4,https://open.spotify.com/playlist/0IPV7H00KADkCCZXwiGIv4,,aaaaysimaaaa,Aysima Karçaaltıncaba,True,False,0,AAAABHbpOsWgFGfKF+R2UcOHByGnJZys,30,28,2026-07-21T19:23:24Z,aaaaysimaaaa,primary_artist_monthly_listeners,98617,"98,617",Spotify public artist page,false,,2NCh5hwrluY1w5D3BxDXMq,spotify:track:2NCh5hwrluY1w5D3BxDXMq,https://open.spotify.com/track/2NCh5hwrluY1w5D3BxDXMq,Under Jolly Roger,track,1,1,282560,282.560,False,False,True,,https://api.spotify.com/v1/tracks/2NCh5hwrluY1w5D3BxDXMq,https://api.spotify.com/v1/tracks/2NCh5hwrluY1w5D3BxDXMq,,,GBAJE0300753,,,6ksfisQdOmbwJ481UJuAW0,spotify:album:6ksfisQdOmbwJ481UJuAW0,https://open.spotify.com/album/6ksfisQdOmbwJ481UJuAW0,Under Jolly Roger,album,,8,1987-01-01,day,,"C: 2006 Sanctuary Records Group Ltd., a BMG Company; P: 1987 Sanctuary Records Group Ltd., a BMG Company",,https://i.scdn.co/image/ab67616d0000b27398a5f2ec79e9f31b75bb456e,,7954VFaZClkL503srfV5PE,Running Wild,spotify:artist:7954VFaZClkL503srfV5PE,https://open.spotify.com/artist/7954VFaZClkL503srfV5PE,,,,98617,"98,617",false,Spotify public artist page,,https://i.scdn.co/image/ffc7d8dd0a29d7ca6f0840f2c2d9050f5a60d97d,,7954VFaZClkL503srfV5PE,Running Wild,https://open.spotify.com/artist/7954VFaZClkL503srfV5PE,"[{""artist_id"": ""7954VFaZClkL503srfV5PE"", ""artist_name"": ""Running Wild"", ""artist_url"": ""https://open.spotify.com/artist/7954VFaZClkL503srfV5PE"", ""monthly_listeners"": ""98617"", ""monthly_listeners_display"": ""98,617"", ""is_approx"": ""false"", ""fetch_error"": """"}]","[{""artist_id"": ""7954VFaZClkL503srfV5PE"", ""artist_name"": ""Running Wild"", ""artist_uri"": ""spotify:artist:7954VFaZClkL503srfV5PE"", ""artist_url"": ""https://open.spotify.com/artist/7954VFaZClkL503srfV5PE"", ""artist_type"": ""artist"", ""artist_genres"": """", ""artist_spotify_api_popularity"": """", ""artist_followers_total"": """", ""artist_image_url"": ""https://i.scdn.co/image/ffc7d8dd0a29d7ca6f0840f2c2d9050f5a60d97d"", ""artist_lookup_error"": """", ""artist_monthly_listeners"": ""98617"", ""artist_monthly_listeners_display"": ""98,617"", ""artist_monthly_listeners_is_approx"": ""false"", ""artist_monthly_listeners_source"": ""Spotify public artist page"", ""artist_monthly_listeners_fetch_error"": """"}]",0,,"{""spotify"": ""https://open.spotify.com/track/2NCh5hwrluY1w5D3BxDXMq""}",{}
week1_13july,2026-07-24T08:36:00+00:00,Spotify,Aysima Karçaaltıncaba,aaaaysimaaaa,Week1-User1,Week1-User1,0IPV7H00KADkCCZXwiGIv4,spotify:playlist:0IPV7H00KADkCCZXwiGIv4,https://open.spotify.com/playlist/0IPV7H00KADkCCZXwiGIv4,,aaaaysimaaaa,Aysima Karçaaltıncaba,True,False,0,AAAABHbpOsWgFGfKF+R2UcOHByGnJZys,30,29,2026-07-21T19:23:24Z,aaaaysimaaaa,primary_artist_monthly_listeners,382776,"382,776",Spotify public artist page,false,,0rv2jIngnCbHoGEaFOIcwW,spotify:track:0rv2jIngnCbHoGEaFOIcwW,https://open.spotify.com/track/0rv2jIngnCbHoGEaFOIcwW,Hall of the Mountain King,track,6,1,333453,333.453,False,False,True,,https://api.spotify.com/v1/tracks/0rv2jIngnCbHoGEaFOIcwW,https://api.spotify.com/v1/tracks/0rv2jIngnCbHoGEaFOIcwW,,,DEH841100564,,,4Az37bO5GKMjXOk4ff5muF,spotify:album:4Az37bO5GKMjXOk4ff5muF,https://open.spotify.com/album/4Az37bO5GKMjXOk4ff5muF,Hall of the Mountain King (2011 Edition),album,,12,1987,year,,C: 2011 Savatage Inc. under exclusive license to Edel Germany GmbH. earMUSIC is a project of Edel.; P: 2011 Savatage Inc. under exclusive license to Edel Germany GmbH. earMUSIC is a project of Edel.,,https://i.scdn.co/image/ab67616d0000b2734e7e26c64f04d723b3b86211,,3N1B1g6JtIgd6ClRkzD4yT,Savatage,spotify:artist:3N1B1g6JtIgd6ClRkzD4yT,https://open.spotify.com/artist/3N1B1g6JtIgd6ClRkzD4yT,,,,382776,"382,776",false,Spotify public artist page,,https://i.scdn.co/image/ab6761610000e5eb28ce3420531dadeaea4d8aef,,3N1B1g6JtIgd6ClRkzD4yT,Savatage,https://open.spotify.com/artist/3N1B1g6JtIgd6ClRkzD4yT,"[{""artist_id"": ""3N1B1g6JtIgd6ClRkzD4yT"", ""artist_name"": ""Savatage"", ""artist_url"": ""https://open.spotify.com/artist/3N1B1g6JtIgd6ClRkzD4yT"", ""monthly_listeners"": ""382776"", ""monthly_listeners_display"": ""382,776"", ""is_approx"": ""false"", ""fetch_error"": """"}]","[{""artist_id"": ""3N1B1g6JtIgd6ClRkzD4yT"", ""artist_name"": ""Savatage"", ""artist_uri"": ""spotify:artist:3N1B1g6JtIgd6ClRkzD4yT"", ""artist_url"": ""https://open.spotify.com/artist/3N1B1g6JtIgd6ClRkzD4yT"", ""artist_type"": ""artist"", ""artist_genres"": """", ""artist_spotify_api_popularity"": """", ""artist_followers_total"": """", ""artist_image_url"": ""https://i.scdn.co/image/ab6761610000e5eb28ce3420531dadeaea4d8aef"", ""artist_lookup_error"": """", ""artist_monthly_listeners"": ""382776"", ""artist_monthly_listeners_display"": ""382,776"", ""artist_monthly_listeners_is_approx"": ""false"", ""artist_monthly_listeners_source"": ""Spotify public artist page"", ""artist_monthly_listeners_fetch_error"": """"}]",0,,"{""spotify"": ""https://open.spotify.com/track/0rv2jIngnCbHoGEaFOIcwW""}",{}
week1_13july,2026-07-24T08:36:00+00:00,Spotify,Aysima Karçaaltıncaba,aaaaysimaaaa,Week1-User1,Week1-User1,0IPV7H00KADkCCZXwiGIv4,spotify:playlist:0IPV7H00KADkCCZXwiGIv4,https://open.spotify.com/playlist/0IPV7H00KADkCCZXwiGIv4,,aaaaysimaaaa,Aysima Karçaaltıncaba,True,False,0,AAAABHbpOsWgFGfKF+R2UcOHByGnJZys,30,30,2026-07-21T19:23:24Z,aaaaysimaaaa,primary_artist_monthly_listeners,219161,"219,161",Spotify public artist page,false,,4bUnDOBTWfvmUDePpdXQsx,spotify:track:4bUnDOBTWfvmUDePpdXQsx,https://open.spotify.com/track/4bUnDOBTWfvmUDePpdXQsx,Black Flag,track,2,1,296640,296.640,False,False,True,,https://api.spotify.com/v1/tracks/4bUnDOBTWfvmUDePpdXQsx,https://api.spotify.com/v1/tracks/4bUnDOBTWfvmUDePpdXQsx,,,US4E41742502,,,7jdSTiR96uRP2BsetUSLKB,spotify:album:7jdSTiR96uRP2BsetUSLKB,https://open.spotify.com/album/7jdSTiR96uRP2BsetUSLKB,Incorruptible,album,,10,2017-06-16,day,,P: (P) 2017 Century Media Records Ltd.,,https://i.scdn.co/image/ab67616d0000b273f9b8c8a8d271be7c0589b374,,3KEixcRfBS5K3E91Vn1Kdy,Iced Earth,spotify:artist:3KEixcRfBS5K3E91Vn1Kdy,https://open.spotify.com/artist/3KEixcRfBS5K3E91Vn1Kdy,,,,219161,"219,161",false,Spotify public artist page,,https://i.scdn.co/image/a1fa09dcb7f14ee7bad400ad8c0772f1a2ec4468,,3KEixcRfBS5K3E91Vn1Kdy,Iced Earth,https://open.spotify.com/artist/3KEixcRfBS5K3E91Vn1Kdy,"[{""artist_id"": ""3KEixcRfBS5K3E91Vn1Kdy"", ""artist_name"": ""Iced Earth"", ""artist_url"": ""https://open.spotify.com/artist/3KEixcRfBS5K3E91Vn1Kdy"", ""monthly_listeners"": ""219161"", ""monthly_listeners_display"": ""219,161"", ""is_approx"": ""false"", ""fetch_error"": """"}]","[{""artist_id"": ""3KEixcRfBS5K3E91Vn1Kdy"", ""artist_name"": ""Iced Earth"", ""artist_uri"": ""spotify:artist:3KEixcRfBS5K3E91Vn1Kdy"", ""artist_url"": ""https://open.spotify.com/artist/3KEixcRfBS5K3E91Vn1Kdy"", ""artist_type"": ""artist"", ""artist_genres"": """", ""artist_spotify_api_popularity"": """", ""artist_followers_total"": """", ""artist_image_url"": ""https://i.scdn.co/image/a1fa09dcb7f14ee7bad400ad8c0772f1a2ec4468"", ""artist_lookup_error"": """", ""artist_monthly_listeners"": ""219161"", ""artist_monthly_listeners_display"": ""219,161"", ""artist_monthly_listeners_is_approx"": ""false"", ""artist_monthly_listeners_source"": ""Spotify public artist page"", ""artist_monthly_listeners_fetch_error"": """"}]",0,,"{""spotify"": ""https://open.spotify.com/track/4bUnDOBTWfvmUDePpdXQsx""}",{}
week1_13july,2026-07-24T08:36:00+00:00,Spotify,Aysima Karçaaltıncaba,aaaaysimaaaa,Week1-User2,Week1-User2,0bhndvZnFWvJLWLAO4XSxD,spotify:playlist:0bhndvZnFWvJLWLAO4XSxD,https://open.spotify.com/playlist/0bhndvZnFWvJLWLAO4XSxD,,aaaaysimaaaa,Aysima Karçaaltıncaba,True,False,0,AAAABUd7lfoaTxpx3+K7dVgZqiZwaH3N,30,1,2026-07-21T19:20:56Z,aaaaysimaaaa,primary_artist_monthly_listeners,3115408,"3,115,408",Spotify public artist page,false,,4Bkov6Yhi63EFOZUNMKbtf,spotify:track:4Bkov6Yhi63EFOZUNMKbtf,https://open.spotify.com/track/4Bkov6Yhi63EFOZUNMKbtf,Poltava,track,9,1,243293,243.293,False,False,True,,https://api.spotify.com/v1/tracks/4Bkov6Yhi63EFOZUNMKbtf,https://api.spotify.com/v1/tracks/4Bkov6Yhi63EFOZUNMKbtf,,,SE2EG1200109,,,5ccdWj4mMBAsorcJMj16hZ,spotify:album:5ccdWj4mMBAsorcJMj16hZ,https://open.spotify.com/album/5ccdWj4mMBAsorcJMj16hZ,Carolus Rex (Swedish),album,,12,2012-05-25,day,,C: 2012 Nuclear Blast; P: 2012 Nuclear Blast,,https://i.scdn.co/image/ab67616d0000b27387d66e93f9de710066c6c9de,,3o2dn2O0FCVsWDFSh8qxgG,Sabaton,spotify:artist:3o2dn2O0FCVsWDFSh8qxgG,https://open.spotify.com/artist/3o2dn2O0FCVsWDFSh8qxgG,,,,3115408,"3,115,408",false,Spotify public artist page,,https://i.scdn.co/image/ab6761610000e5ebfc0524cca1171fac8678f4bf,,3o2dn2O0FCVsWDFSh8qxgG,Sabaton,https://open.spotify.com/artist/3o2dn2O0FCVsWDFSh8qxgG,"[{""artist_id"": ""3o2dn2O0FCVsWDFSh8qxgG"", ""artist_name"": ""Sabaton"", ""artist_url"": ""https://open.spotify.com/artist/3o2dn2O0FCVsWDFSh8qxgG"", ""monthly_listeners"": ""3115408"", ""monthly_listeners_display"": ""3,115,408"", ""is_approx"": ""false"", ""fetch_error"": """"}]","[{""artist_id"": ""3o2dn2O0FCVsWDFSh8qxgG"", ""artist_name"": ""Sabaton"", ""artist_uri"": ""spotify:artist:3o2dn2O0FCVsWDFSh8qxgG"", ""artist_url"": ""https://open.spotify.com/artist/3o2dn2O0FCVsWDFSh8qxgG"", ""artist_type"": ""artist"", ""artist_genres"": """", ""artist_spotify_api_popularity"": """", ""artist_followers_total"": """", ""artist_image_url"": ""https://i.scdn.co/image/ab6761610000e5ebfc0524cca1171fac8678f4bf"", ""artist_lookup_error"": """", ""artist_monthly_listeners"": ""3115408"", ""artist_monthly_listeners_display"": ""3,115,408"", ""artist_monthly_listeners_is_approx"": ""false"", ""artist_monthly_listeners_source"": ""Spotify public artist page"", ""artist_monthly_listeners_fetch_error"": """"}]",0,,"{""spotify"": ""https://open.spotify.com/track/4Bkov6Yhi63EFOZUNMKbtf""}",{}
week1_13july,2026-07-24T08:36:00+00:00,Spotify,Aysima Karçaaltıncaba,aaaaysimaaaa,Week1-User2,Week1-User2,0bhndvZnFWvJLWLAO4XSxD,spotify:playlist:0bhndvZnFWvJLWLAO4XSxD,https://open.spotify.com/playlist/0bhndvZnFWvJLWLAO4XSxD,,aaaaysimaaaa,Aysima Karçaaltıncaba,True,False,0,AAAABUd7lfoaTxpx3+K7dVgZqiZwaH3N,30,2,2026-07-21T19:20:56Z,aaaaysimaaaa,primary_artist_monthly_listeners,858884,"858,884",Spotify public artist page,false,,0eV3PB3T0OxW4feG1DlOjQ,spotify:track:0eV3PB3T0OxW4feG1DlOjQ,https://open.spotify.com/track/0eV3PB3T0OxW4feG1DlOjQ,Hearts on Fire,track,2,1,231386,231.386,False,False,True,,https://api.spotify.com/v1/tracks/0eV3PB3T0OxW4feG1DlOjQ,https://api.spotify.com/v1/tracks/0eV3PB3T0OxW4feG1DlOjQ,,,DED830264702,,,2uehY2zRsh0h6ZmJt8LLQi,spotify:album:2uehY2zRsh0h6ZmJt8LLQi,https://open.spotify.com/album/2uehY2zRsh0h6ZmJt8LLQi,Crimson Thunder,album,,12,2002-10-28,day,,"C: 2002 HammerFall Management, under exclusive license to Nuclear Blast GmbH; P: 2002 HammerFall Management, under exclusive license to Nuclear Blast GmbH",,https://i.scdn.co/image/ab67616d0000b273bceefa541bb181ec0b8d32e4,,2o18h28enlHxj887tATc58,HammerFall,spotify:artist:2o18h28enlHxj887tATc58,https://open.spotify.com/artist/2o18h28enlHxj887tATc58,,,,858884,"858,884",false,Spotify public artist page,,https://i.scdn.co/image/ab6761610000e5eb9a0164f238589f0c0ca31088,,2o18h28enlHxj887tATc58,HammerFall,https://open.spotify.com/artist/2o18h28enlHxj887tATc58,"[{""artist_id"": ""2o18h28enlHxj887tATc58"", ""artist_name"": ""HammerFall"", ""artist_url"": ""https://open.spotify.com/artist/2o18h28enlHxj887tATc58"", ""monthly_listeners"": ""858884"", ""monthly_listeners_display"": ""858,884"", ""is_approx"": ""false"", ""fetch_error"": """"}]","[{""artist_id"": ""2o18h28enlHxj887tATc58"", ""artist_name"": ""HammerFall"", ""artist_uri"": ""spotify:artist:2o18h28enlHxj887tATc58"", ""artist_url"": ""https://open.spotify.com/artist/2o18h28enlHxj887tATc58"", ""artist_type"": ""artist"", ""artist_genres"": """", ""artist_spotify_api_popularity"": """", ""artist_followers_total"": """", ""artist_image_url"": ""https://i.scdn.co/image/ab6761610000e5eb9a0164f238589f0c0ca31088"", ""artist_lookup_error"": """", ""artist_monthly_listeners"": ""858884"", ""artist_monthly_listeners_display"": ""858,884"", ""artist_monthly_listeners_is_approx"": ""false"", ""artist_monthly_listeners_source"": ""Spotify public artist page"", ""artist_monthly_listeners_fetch_error"": """"}]",0,,"{""spotify"": ""https://open.spotify.com/track/0eV3PB3T0OxW4feG1DlOjQ""}",{}
week1_13july,2026-07-24T08:36:00+00:00,Spotify,Aysima Karçaaltıncaba,aaaaysimaaaa,Week1-User2,Week1-User2,0bhndvZnFWvJLWLAO4XSxD,spotify:playlist:0bhndvZnFWvJLWLAO4XSxD,https://open.spotify.com/playlist/0bhndvZnFWvJLWLAO4XSxD,,aaaaysimaaaa,Aysima Karçaaltıncaba,True,False,0,AAAABUd7lfoaTxpx3+K7dVgZqiZwaH3N,30,3,2026-07-21T19:20:56Z,aaaaysimaaaa,primary_artist_monthly_listeners,57678,"57,678",Spotify public artist page,false,,4mJmi9z3o1B6k2vry39Ufh,spotify:track:4mJmi9z3o1B6k2vry39Ufh,https://open.spotify.com/track/4mJmi9z3o1B6k2vry39Ufh,Heavy Metal Never Dies,track,5,1,254386,254.386,False,False,True,,https://api.spotify.com/v1/tracks/4mJmi9z3o1B6k2vry39Ufh,https://api.spotify.com/v1/tracks/4mJmi9z3o1B6k2vry39Ufh,,,DEU601103715,,,2UhgoMIFgbaiLHuiB0qjHU,spotify:album:2UhgoMIFgbaiLHuiB0qjHU,https://open.spotify.com/album/2UhgoMIFgbaiLHuiB0qjHU,The Landing,album,,11,2011-11-18,day,,C: 2011 AFM Records; P: 2011 AFM Records,,https://i.scdn.co/image/ab67616d0000b27396cd0b3287f32ec509c46fed,,6COmyouHXwCeIGS1IFd1PA,Iron Savior,spotify:artist:6COmyouHXwCeIGS1IFd1PA,https://open.spotify.com/artist/6COmyouHXwCeIGS1IFd1PA,,,,57678,"57,678",false,Spotify public artist page,,https://i.scdn.co/image/ab6761610000e5ebb3e6e0ca2f30c6aefc2363ae,,6COmyouHXwCeIGS1IFd1PA,Iron Savior,https://open.spotify.com/artist/6COmyouHXwCeIGS1IFd1PA,"[{""artist_id"": ""6COmyouHXwCeIGS1IFd1PA"", ""artist_name"": ""Iron Savior"", ""artist_url"": ""https://open.spotify.com/artist/6COmyouHXwCeIGS1IFd1PA"", ""monthly_listeners"": ""57678"", ""monthly_listeners_display"": ""57,678"", ""is_approx"": ""false"", ""fetch_error"": """"}]","[{""artist_id"": ""6COmyouHXwCeIGS1IFd1PA"", ""artist_name"": ""Iron Savior"", ""artist_uri"": ""spotify:artist:6COmyouHXwCeIGS1IFd1PA"", ""artist_url"": ""https://open.spotify.com/artist/6COmyouHXwCeIGS1IFd1PA"", ""artist_type"": ""artist"", ""artist_genres"": """", ""artist_spotify_api_popularity"": """", ""artist_followers_total"": """", ""artist_image_url"": ""https://i.scdn.co/image/ab6761610000e5ebb3e6e0ca2f30c6aefc2363ae"", ""artist_lookup_error"": """", ""artist_monthly_listeners"": ""57678"", ""artist_monthly_listeners_display"": ""57,678"", ""artist_monthly_listeners_is_approx"": ""false"", ""artist_monthly_listeners_source"": ""Spotify public artist page"", ""artist_monthly_listeners_fetch_error"": """"}]",0,,"{""spotify"": ""https://open.spotify.com/track/4mJmi9z3o1B6k2vry39Ufh""}",{}
week1_13july,2026-07-24T08:36:00+00:00,Spotify,Aysima Karçaaltıncaba,aaaaysimaaaa,Week1-User2,Week1-User2,0bhndvZnFWvJLWLAO4XSxD,spotify:playlist:0bhndvZnFWvJLWLAO4XSxD,https://open.spotify.com/playlist/0bhndvZnFWvJLWLAO4XSxD,,aaaaysimaaaa,Aysima Karçaaltıncaba,True,False,0,AAAABUd7lfoaTxpx3+K7dVgZqiZwaH3N,30,4,2026-07-21T19:20:56Z,aaaaysimaaaa,primary_artist_monthly_listeners,53997,"53,997",Spotify public artist page,false,,3hfgxj1PpTUUdgU0P8Nt7e,spotify:track:3hfgxj1PpTUUdgU0P8Nt7e,https://open.spotify.com/track/3hfgxj1PpTUUdgU0P8Nt7e,Down from the Mountain,track,2,1,246295,246.295,False,False,True,,https://api.spotify.com/v1/tracks/3hfgxj1PpTUUdgU0P8Nt7e,https://api.spotify.com/v1/tracks/3hfgxj1PpTUUdgU0P8Nt7e,,,ITG271400092,,,7hoWTaACeZE1m9HSYY73aS,spotify:album:7hoWTaACeZE1m9HSYY73aS,https://open.spotify.com/album/7hoWTaACeZE1m9HSYY73aS,The Great Divide,album,,10,2014-10-17,day,,C: (C) 2014 Frontiers Records,,https://i.scdn.co/image/ab67616d0000b27309cd30cabc7f20c982de226c,,2hxa4ytcni5FUIK8IR27tX,Allen Lande,spotify:artist:2hxa4ytcni5FUIK8IR27tX,https://open.spotify.com/artist/2hxa4ytcni5FUIK8IR27tX,,,,53997,"53,997",false,Spotify public artist page,,https://i.scdn.co/image/ab67616d0000b27309cd30cabc7f20c982de226c,,2hxa4ytcni5FUIK8IR27tX,Allen Lande,https://open.spotify.com/artist/2hxa4ytcni5FUIK8IR27tX,"[{""artist_id"": ""2hxa4ytcni5FUIK8IR27tX"", ""artist_name"": ""Allen Lande"", ""artist_url"": ""https://open.spotify.com/artist/2hxa4ytcni5FUIK8IR27tX"", ""monthly_listeners"": ""53997"", ""monthly_listeners_display"": ""53,997"", ""is_approx"": ""false"", ""fetch_error"": """"}]","[{""artist_id"": ""2hxa4ytcni5FUIK8IR27tX"", ""artist_name"": ""Allen Lande"", ""artist_uri"": ""spotify:artist:2hxa4ytcni5FUIK8IR27tX"", ""artist_url"": ""https://open.spotify.com/artist/2hxa4ytcni5FUIK8IR27tX"", ""artist_type"": ""artist"", ""artist_genres"": """", ""artist_spotify_api_popularity"": """", ""artist_followers_total"": """", ""artist_image_url"": ""https://i.scdn.co/image/ab67616d0000b27309cd30cabc7f20c982de226c"", ""artist_lookup_error"": """", ""artist_monthly_listeners"": ""53997"", ""artist_monthly_listeners_display"": ""53,997"", ""artist_monthly_listeners_is_approx"": ""false"", ""artist_monthly_listeners_source"": ""Spotify public artist page"", ""artist_monthly_listeners_fetch_error"": """"}]",0,,"{""spotify"": ""https://open.spotify.com/track/3hfgxj1PpTUUdgU0P8Nt7e""}",{}
week1_13july,2026-07-24T08:36:00+00:00,Spotify,Aysima Karçaaltıncaba,aaaaysimaaaa,Week1-User2,Week1-User2,0bhndvZnFWvJLWLAO4XSxD,spotify:playlist:0bhndvZnFWvJLWLAO4XSxD,https://open.spotify.com/playlist/0bhndvZnFWvJLWLAO4XSxD,,aaaaysimaaaa,Aysima Karçaaltıncaba,True,False,0,AAAABUd7lfoaTxpx3+K7dVgZqiZwaH3N,30,5,2026-07-21T19:20:56Z,aaaaysimaaaa,primary_artist_monthly_listeners,845438,"845,438",Spotify public artist page,false,,3HQVanEnLlPtywbJai0uiG,spotify:track:3HQVanEnLlPtywbJai0uiG,https://open.spotify.com/track/3HQVanEnLlPtywbJai0uiG,Hunting High And Low,track,1,1,248666,248.666,False,False,True,,https://api.spotify.com/v1/tracks/3HQVanEnLlPtywbJai0uiG,https://api.spotify.com/v1/tracks/3HQVanEnLlPtywbJai0uiG,,,DEH841000203,,,3AQEnSSwH63u9D6G9T6ozL,spotify:album:3AQEnSSwH63u9D6G9T6ozL,https://open.spotify.com/album/3AQEnSSwH63u9D6G9T6ozL,Infinite,album,,10,2000-03-28,day,,C: 2000 Stratovarius under exclusive license to Odyssey Music Network GmbH; P: 2000 Stratovarius under exclusive license to Odyssey Music Network GmbH,,https://i.scdn.co/image/ab67616d0000b273b0ae81f14787f57881a9ee7f,,1O8CSXsPwEqxcoBE360PPO,Stratovarius,spotify:artist:1O8CSXsPwEqxcoBE360PPO,https://open.spotify.com/artist/1O8CSXsPwEqxcoBE360PPO,,,,845438,"845,438",false,Spotify public artist page,,https://i.scdn.co/image/ab6761610000e5eb4733f393ad04f47b31edaadb,,1O8CSXsPwEqxcoBE360PPO,Stratovarius,https://open.spotify.com/artist/1O8CSXsPwEqxcoBE360PPO,"[{""artist_id"": ""1O8CSXsPwEqxcoBE360PPO"", ""artist_name"": ""Stratovarius"", ""artist_url"": ""https://open.spotify.com/artist/1O8CSXsPwEqxcoBE360PPO"", ""monthly_listeners"": ""845438"", ""monthly_listeners_display"": ""845,438"", ""is_approx"": ""false"", ""fetch_error"": """"}]","[{""artist_id"": ""1O8CSXsPwEqxcoBE360PPO"", ""artist_name"": ""Stratovarius"", ""artist_uri"": ""spotify:artist:1O8CSXsPwEqxcoBE360PPO"", ""artist_url"": ""https://open.spotify.com/artist/1O8CSXsPwEqxcoBE360PPO"", ""artist_type"": ""artist"", ""artist_genres"": """", ""artist_spotify_api_popularity"": """", ""artist_followers_total"": """", ""artist_image_url"": ""https://i.scdn.co/image/ab6761610000e5eb4733f393ad04f47b31edaadb"", ""artist_lookup_error"": """", ""artist_monthly_listeners"": ""845438"", ""artist_monthly_listeners_display"": ""845,438"", ""artist_monthly_listeners_is_approx"": ""false"", ""artist_monthly_listeners_source"": ""Spotify public artist page"", ""artist_monthly_listeners_fetch_error"": """"}]",0,,"{""spotify"": ""https://open.spotify.com/track/3HQVanEnLlPtywbJai0uiG""}",{}
week1_13july,2026-07-24T08:36:00+00:00,Spotify,Aysima Karçaaltıncaba,aaaaysimaaaa,Week1-User2,Week1-User2,0bhndvZnFWvJLWLAO4XSxD,spotify:playlist:0bhndvZnFWvJLWLAO4XSxD,https://open.spotify.com/playlist/0bhndvZnFWvJLWLAO4XSxD,,aaaaysimaaaa,Aysima Karçaaltıncaba,True,False,0,AAAABUd7lfoaTxpx3+K7dVgZqiZwaH3N,30,6,2026-07-21T19:20:56Z,aaaaysimaaaa,primary_artist_monthly_listeners,170740,"170,740",Spotify public artist page,false,,3OdsSVAdClWuGRF9ZKslLA,spotify:track:3OdsSVAdClWuGRF9ZKslLA,https://open.spotify.com/track/3OdsSVAdClWuGRF9ZKslLA,Valley of the Kings,track,7,1,230840,230.840,False,False,True,,https://api.spotify.com/v1/tracks/3OdsSVAdClWuGRF9ZKslLA,https://api.spotify.com/v1/tracks/3OdsSVAdClWuGRF9ZKslLA,,,DEA249700063,,,63kN7mWPHfGQY3zkGyE8JV,spotify:album:63kN7mWPHfGQY3zkGyE8JV,https://open.spotify.com/album/63kN7mWPHfGQY3zkGyE8JV,Somewhere out in Space,album,,15,1997-08-25,day,,"C: 2022 earMUSIC, a label of Edel Music & Entertainment GmbH.; P: 1997 Gamma Ray / earMUSIC, a label of Edel Music & Entertainment GmbH.",,https://i.scdn.co/image/ab67616d0000b273f48a71b40a14122257dcd819,,6LZE884lDIsCSLHuTplfGp,Gamma Ray,spotify:artist:6LZE884lDIsCSLHuTplfGp,https://open.spotify.com/artist/6LZE884lDIsCSLHuTplfGp,,,,170740,"170,740",false,Spotify public artist page,,https://i.scdn.co/image/ab6772690000c46c1110b1a024312710e7c796c4,,6LZE884lDIsCSLHuTplfGp,Gamma Ray,https://open.spotify.com/artist/6LZE884lDIsCSLHuTplfGp,"[{""artist_id"": ""6LZE884lDIsCSLHuTplfGp"", ""artist_name"": ""Gamma Ray"", ""artist_url"": ""https://open.spotify.com/artist/6LZE884lDIsCSLHuTplfGp"", ""monthly_listeners"": ""170740"", ""monthly_listeners_display"": ""170,740"", ""is_approx"": ""false"", ""fetch_error"": """"}]","[{""artist_id"": ""6LZE884lDIsCSLHuTplfGp"", ""artist_name"": ""Gamma Ray"", ""artist_uri"": ""spotify:artist:6LZE884lDIsCSLHuTplfGp"", ""artist_url"": ""https://open.spotify.com/artist/6LZE884lDIsCSLHuTplfGp"", ""artist_type"": ""artist"", ""artist_genres"": """", ""artist_spotify_api_popularity"": """", ""artist_followers_total"": """", ""artist_image_url"": ""https://i.scdn.co/image/ab6772690000c46c1110b1a024312710e7c796c4"", ""artist_lookup_error"": """", ""artist_monthly_listeners"": ""170740"", ""artist_monthly_listeners_display"": ""170,740"", ""artist_monthly_listeners_is_approx"": ""false"", ""artist_monthly_listeners_source"": ""Spotify public artist page"", ""artist_monthly_listeners_fetch_error"": """"}]",0,,"{""spotify"": ""https://open.spotify.com/track/3OdsSVAdClWuGRF9ZKslLA""}",{}
week1_13july,2026-07-24T08:36:00+00:00,Spotify,Aysima Karçaaltıncaba,aaaaysimaaaa,Week1-User2,Week1-User2,0bhndvZnFWvJLWLAO4XSxD,spotify:playlist:0bhndvZnFWvJLWLAO4XSxD,https://open.spotify.com/playlist/0bhndvZnFWvJLWLAO4XSxD,,aaaaysimaaaa,Aysima Karçaaltıncaba,True,False,0,AAAABUd7lfoaTxpx3+K7dVgZqiZwaH3N,30,7,2026-07-21T19:20:56Z,aaaaysimaaaa,primary_artist_monthly_listeners,25447,"25,447",Spotify public artist page,false,,09OnB8xeghs8FRnu4dJKmU,spotify:track:09OnB8xeghs8FRnu4dJKmU,https://open.spotify.com/track/09OnB8xeghs8FRnu4dJKmU,Still Alive,track,3,1,242626,242.626,False,False,True,,https://api.spotify.com/v1/tracks/09OnB8xeghs8FRnu4dJKmU,https://api.spotify.com/v1/tracks/09OnB8xeghs8FRnu4dJKmU,,,US4E40529203,,,4QMOKIrJCvPTwbimx6uB26,spotify:album:4QMOKIrJCvPTwbimx6uB26,https://open.spotify.com/album/4QMOKIrJCvPTwbimx6uB26,Grand Illusion,album,,10,2006-07-13,day,,P: (P) 2005 Century Media Records Ltd.,,https://i.scdn.co/image/ab67616d0000b273d43cad94e8d49fd67f0c8928,,0dSoaJ8iEP3aid30p18O2g,Nocturnal Rites,spotify:artist:0dSoaJ8iEP3aid30p18O2g,https://open.spotify.com/artist/0dSoaJ8iEP3aid30p18O2g,,,,25447,"25,447",false,Spotify public artist page,,https://i.scdn.co/image/ab6772690000c46c16a47c3d98bb7ee498dfcc48,,0dSoaJ8iEP3aid30p18O2g,Nocturnal Rites,https://open.spotify.com/artist/0dSoaJ8iEP3aid30p18O2g,"[{""artist_id"": ""0dSoaJ8iEP3aid30p18O2g"", ""artist_name"": ""Nocturnal Rites"", ""artist_url"": ""https://open.spotify.com/artist/0dSoaJ8iEP3aid30p18O2g"", ""monthly_listeners"": ""25447"", ""monthly_listeners_display"": ""25,447"", ""is_approx"": ""false"", ""fetch_error"": """"}]","[{""artist_id"": ""0dSoaJ8iEP3aid30p18O2g"", ""artist_name"": ""Nocturnal Rites"", ""artist_uri"": ""spotify:artist:0dSoaJ8iEP3aid30p18O2g"", ""artist_url"": ""https://open.spotify.com/artist/0dSoaJ8iEP3aid30p18O2g"", ""artist_type"": ""artist"", ""artist_genres"": """", ""artist_spotify_api_popularity"": """", ""artist_followers_total"": """", ""artist_image_url"": ""https://i.scdn.co/image/ab6772690000c46c16a47c3d98bb7ee498dfcc48"", ""artist_lookup_error"": """", ""artist_monthly_listeners"": ""25447"", ""artist_monthly_listeners_display"": ""25,447"", ""artist_monthly_listeners_is_approx"": ""false"", ""artist_monthly_listeners_source"": ""Spotify public artist page"", ""artist_monthly_listeners_fetch_error"": """"}]",0,,"{""spotify"": ""https://open.spotify.com/track/09OnB8xeghs8FRnu4dJKmU""}",{}
week1_13july,2026-07-24T08:36:00+00:00,Spotify,Aysima Karçaaltıncaba,aaaaysimaaaa,Week1-User2,Week1-User2,0bhndvZnFWvJLWLAO4XSxD,spotify:playlist:0bhndvZnFWvJLWLAO4XSxD,https://open.spotify.com/playlist/0bhndvZnFWvJLWLAO4XSxD,,aaaaysimaaaa,Aysima Karçaaltıncaba,True,False,0,AAAABUd7lfoaTxpx3+K7dVgZqiZwaH3N,30,8,2026-07-21T19:20:56Z,aaaaysimaaaa,primary_artist_monthly_listeners,105691,"105,691",Spotify public artist page,false,,0V2Jge35CQn1Hc9hNBmdbm,spotify:track:0V2Jge35CQn1Hc9hNBmdbm,https://open.spotify.com/track/0V2Jge35CQn1Hc9hNBmdbm,The End Is Near,track,2,1,266964,266.964,False,False,True,,https://api.spotify.com/v1/tracks/0V2Jge35CQn1Hc9hNBmdbm,https://api.spotify.com/v1/tracks/0V2Jge35CQn1Hc9hNBmdbm,,,ITG271600027,,,4Y726zsgHLeScKFCe8CgeL,spotify:album:4Y726zsgHLeScKFCe8CgeL,https://open.spotify.com/album/4Y726zsgHLeScKFCe8CgeL,Rulebreaker,album,,14,2016-01-29,day,,C: (C) 2016 Reigning Phoenix Music; P: (P) 2016 Reigning Phoenix Music,,https://i.scdn.co/image/ab67616d0000b273f697ada0466f413cacf8052a,,1yfiDL3YUEJlQCgb5Pun6g,Primal Fear,spotify:artist:1yfiDL3YUEJlQCgb5Pun6g,https://open.spotify.com/artist/1yfiDL3YUEJlQCgb5Pun6g,,,,105691,"105,691",false,Spotify public artist page,,https://i.scdn.co/image/ab6761610000e5ebd8360d0ed8fe9dd3fd04fb45,,1yfiDL3YUEJlQCgb5Pun6g,Primal Fear,https://open.spotify.com/artist/1yfiDL3YUEJlQCgb5Pun6g,"[{""artist_id"": ""1yfiDL3YUEJlQCgb5Pun6g"", ""artist_name"": ""Primal Fear"", ""artist_url"": ""https://open.spotify.com/artist/1yfiDL3YUEJlQCgb5Pun6g"", ""monthly_listeners"": ""105691"", ""monthly_listeners_display"": ""105,691"", ""is_approx"": ""false"", ""fetch_error"": """"}]","[{""artist_id"": ""1yfiDL3YUEJlQCgb5Pun6g"", ""artist_name"": ""Primal Fear"", ""artist_uri"": ""spotify:artist:1yfiDL3YUEJlQCgb5Pun6g"", ""artist_url"": ""https://open.spotify.com/artist/1yfiDL3YUEJlQCgb5Pun6g"", ""artist_type"": ""artist"", ""artist_genres"": """", ""artist_spotify_api_popularity"": """", ""artist_followers_total"": """", ""artist_image_url"": ""https://i.scdn.co/image/ab6761610000e5ebd8360d0ed8fe9dd3fd04fb45"", ""artist_lookup_error"": """", ""artist_monthly_listeners"": ""105691"", ""artist_monthly_listeners_display"": ""105,691"", ""artist_monthly_listeners_is_approx"": ""false"", ""artist_monthly_listeners_source"": ""Spotify public artist page"", ""artist_monthly_listeners_fetch_error"": """"}]",0,,"{""spotify"": ""https://open.spotify.com/track/0V2Jge35CQn1Hc9hNBmdbm""}",{}
week1_13july,2026-07-24T08:36:00+00:00,Spotify,Aysima Karçaaltıncaba,aaaaysimaaaa,Week1-User2,Week1-User2,0bhndvZnFWvJLWLAO4XSxD,spotify:playlist:0bhndvZnFWvJLWLAO4XSxD,https://open.spotify.com/playlist/0bhndvZnFWvJLWLAO4XSxD,,aaaaysimaaaa,Aysima Karçaaltıncaba,True,False,0,AAAABUd7lfoaTxpx3+K7dVgZqiZwaH3N,30,9,2026-07-21T19:20:56Z,aaaaysimaaaa,primary_artist_monthly_listeners,586305,"586,305",Spotify public artist page,false,,02A6THLfQXvqrx9IEMkQfJ,spotify:track:02A6THLfQXvqrx9IEMkQfJ,https://open.spotify.com/track/02A6THLfQXvqrx9IEMkQfJ,Out of Control,track,2,1,227280,227.280,False,False,True,,https://api.spotify.com/v1/tracks/02A6THLfQXvqrx9IEMkQfJ,https://api.spotify.com/v1/tracks/02A6THLfQXvqrx9IEMkQfJ,,,FIWMA1300197,,,7DllalAuYBrkxfN4ohqwSL,spotify:album:7DllalAuYBrkxfN4ohqwSL,https://open.spotify.com/album/7DllalAuYBrkxfN4ohqwSL,Battle Beast,album,,14,2013-05-17,day,,C: 2013 Nuclear Blast; P: 2013 Nuclear Blast,,https://i.scdn.co/image/ab67616d0000b273536fe3e46003fb3ebe2ebf05,,7k5jeohQCF20a8foBD9ize,Battle Beast,spotify:artist:7k5jeohQCF20a8foBD9ize,https://open.spotify.com/artist/7k5jeohQCF20a8foBD9ize,,,,586305,"586,305",false,Spotify public artist page,,https://i.scdn.co/image/ab6761610000e5eb736a6608998f7d7b5d8d3205,,7k5jeohQCF20a8foBD9ize,Battle Beast,https://open.spotify.com/artist/7k5jeohQCF20a8foBD9ize,"[{""artist_id"": ""7k5jeohQCF20a8foBD9ize"", ""artist_name"": ""Battle Beast"", ""artist_url"": ""https://open.spotify.com/artist/7k5jeohQCF20a8foBD9ize"", ""monthly_listeners"": ""586305"", ""monthly_listeners_display"": ""586,305"", ""is_approx"": ""false"", ""fetch_error"": """"}]","[{""artist_id"": ""7k5jeohQCF20a8foBD9ize"", ""artist_name"": ""Battle Beast"", ""artist_uri"": ""spotify:artist:7k5jeohQCF20a8foBD9ize"", ""artist_url"": ""https://open.spotify.com/artist/7k5jeohQCF20a8foBD9ize"", ""artist_type"": ""artist"", ""artist_genres"": """", ""artist_spotify_api_popularity"": """", ""artist_followers_total"": """", ""artist_image_url"": ""https://i.scdn.co/image/ab6761610000e5eb736a6608998f7d7b5d8d3205"", ""artist_lookup_error"": """", ""artist_monthly_listeners"": ""586305"", ""artist_monthly_listeners_display"": ""586,305"", ""artist_monthly_listeners_is_approx"": ""false"", ""artist_monthly_listeners_source"": ""Spotify public artist page"", ""artist_monthly_listeners_fetch_error"": """"}]",0,,"{""spotify"": ""https://open.spotify.com/track/02A6THLfQXvqrx9IEMkQfJ""}",{}
week1_13july,2026-07-24T08:36:00+00:00,Spotify,Aysima Karçaaltıncaba,aaaaysimaaaa,Week1-User2,Week1-User2,0bhndvZnFWvJLWLAO4XSxD,spotify:playlist:0bhndvZnFWvJLWLAO4XSxD,https://open.spotify.com/playlist/0bhndvZnFWvJLWLAO4XSxD,,aaaaysimaaaa,Aysima Karçaaltıncaba,True,False,0,AAAABUd7lfoaTxpx3+K7dVgZqiZwaH3N,30,10,2026-07-21T19:20:56Z,aaaaysimaaaa,primary_artist_monthly_listeners,167499,"167,499",Spotify public artist page,false,,07Vk1JPd5MgBJxdrMpnLNh,spotify:track:07Vk1JPd5MgBJxdrMpnLNh,https://open.spotify.com/track/07Vk1JPd5MgBJxdrMpnLNh,The Book of Heavy Metal (March of the Metallians),track,1,1,325800,325.800,False,False,True,,https://api.spotify.com/v1/tracks/07Vk1JPd5MgBJxdrMpnLNh,https://api.spotify.com/v1/tracks/07Vk1JPd5MgBJxdrMpnLNh,,,GBDHC0405261,,,6ZWMfxSgjm7dlS6jbypNDW,spotify:album:6ZWMfxSgjm7dlS6jbypNDW,https://open.spotify.com/album/6ZWMfxSgjm7dlS6jbypNDW,The Book of Heavy Metal,album,,12,2004-07-13,day,,P: (P) 2004 Century Media Records Ltd.,,https://i.scdn.co/image/ab67616d0000b2735e63fac5984dc516623ed0bc,,1bkf8u8ot6vEpWTJFBzKZB,Dream Evil,spotify:artist:1bkf8u8ot6vEpWTJFBzKZB,https://open.spotify.com/artist/1bkf8u8ot6vEpWTJFBzKZB,,,,167499,"167,499",false,Spotify public artist page,,https://i.scdn.co/image/ab6761610000e5eb68620704b0615991995f22c5,,1bkf8u8ot6vEpWTJFBzKZB,Dream Evil,https://open.spotify.com/artist/1bkf8u8ot6vEpWTJFBzKZB,"[{""artist_id"": ""1bkf8u8ot6vEpWTJFBzKZB"", ""artist_name"": ""Dream Evil"", ""artist_url"": ""https://open.spotify.com/artist/1bkf8u8ot6vEpWTJFBzKZB"", ""monthly_listeners"": ""167499"", ""monthly_listeners_display"": ""167,499"", ""is_approx"": ""false"", ""fetch_error"": """"}]","[{""artist_id"": ""1bkf8u8ot6vEpWTJFBzKZB"", ""artist_name"": ""Dream Evil"", ""artist_uri"": ""spotify:artist:1bkf8u8ot6vEpWTJFBzKZB"", ""artist_url"": ""https://open.spotify.com/artist/1bkf8u8ot6vEpWTJFBzKZB"", ""artist_type"": ""artist"", ""artist_genres"": """", ""artist_spotify_api_popularity"": """", ""artist_followers_total"": """", ""artist_image_url"": ""https://i.scdn.co/image/ab6761610000e5eb68620704b0615991995f22c5"", ""artist_lookup_error"": """", ""artist_monthly_listeners"": ""167499"", ""artist_monthly_listeners_display"": ""167,499"", ""artist_monthly_listeners_is_approx"": ""false"", ""artist_monthly_listeners_source"": ""Spotify public artist page"", ""artist_monthly_listeners_fetch_error"": """"}]",0,,"{""spotify"": ""https://open.spotify.com/track/07Vk1JPd5MgBJxdrMpnLNh""}",{}
week1_13july,2026-07-24T08:36:00+00:00,Spotify,Aysima Karçaaltıncaba,aaaaysimaaaa,Week1-User2,Week1-User2,0bhndvZnFWvJLWLAO4XSxD,spotify:playlist:0bhndvZnFWvJLWLAO4XSxD,https://open.spotify.com/playlist/0bhndvZnFWvJLWLAO4XSxD,,aaaaysimaaaa,Aysima Karçaaltıncaba,True,False,0,AAAABUd7lfoaTxpx3+K7dVgZqiZwaH3N,30,11,2026-07-21T19:20:56Z,aaaaysimaaaa,primary_artist_monthly_listeners,594132,"594,132",Spotify public artist page,false,,4gFhLQA90CAFuS0Ma8aIiX,spotify:track:4gFhLQA90CAFuS0Ma8aIiX,https://open.spotify.com/track/4gFhLQA90CAFuS0Ma8aIiX,Mirror Mirror - Remastered 2007,track,9,1,306013,306.013,False,False,True,,https://api.spotify.com/v1/tracks/4gFhLQA90CAFuS0Ma8aIiX,https://api.spotify.com/v1/tracks/4gFhLQA90CAFuS0Ma8aIiX,,,DED831701047,,,7EPGJTyG9MQ6gJWANmL4n3,spotify:album:7EPGJTyG9MQ6gJWANmL4n3,https://open.spotify.com/album/7EPGJTyG9MQ6gJWANmL4n3,Nightfall in Middle Earth (Remastered 2007),album,,23,1998-04-28,day,,C: 2017 Nuclear Blast; P: 2017 Nuclear Blast,,https://i.scdn.co/image/ab67616d0000b2735e77d3ce3a4f7f382daaf46f,,7jxJ25p0pPjk0MStloN6o6,Blind Guardian,spotify:artist:7jxJ25p0pPjk0MStloN6o6,https://open.spotify.com/artist/7jxJ25p0pPjk0MStloN6o6,,,,594132,"594,132",false,Spotify public artist page,,https://i.scdn.co/image/ab6761610000e5eb26139a78b669ae67aacde9f3,,7jxJ25p0pPjk0MStloN6o6,Blind Guardian,https://open.spotify.com/artist/7jxJ25p0pPjk0MStloN6o6,"[{""artist_id"": ""7jxJ25p0pPjk0MStloN6o6"", ""artist_name"": ""Blind Guardian"", ""artist_url"": ""https://open.spotify.com/artist/7jxJ25p0pPjk0MStloN6o6"", ""monthly_listeners"": ""594132"", ""monthly_listeners_display"": ""594,132"", ""is_approx"": ""false"", ""fetch_error"": """"}]","[{""artist_id"": ""7jxJ25p0pPjk0MStloN6o6"", ""artist_name"": ""Blind Guardian"", ""artist_uri"": ""spotify:artist:7jxJ25p0pPjk0MStloN6o6"", ""artist_url"": ""https://open.spotify.com/artist/7jxJ25p0pPjk0MStloN6o6"", ""artist_type"": ""artist"", ""artist_genres"": """", ""artist_spotify_api_popularity"": """", ""artist_followers_total"": """", ""artist_image_url"": ""https://i.scdn.co/image/ab6761610000e5eb26139a78b669ae67aacde9f3"", ""artist_lookup_error"": """", ""artist_monthly_listeners"": ""594132"", ""artist_monthly_listeners_display"": ""594,132"", ""artist_monthly_listeners_is_approx"": ""false"", ""artist_monthly_listeners_source"": ""Spotify public artist page"", ""artist_monthly_listeners_fetch_error"": """"}]",0,,"{""spotify"": ""https://open.spotify.com/track/4gFhLQA90CAFuS0Ma8aIiX""}",{}
week1_13july,2026-07-24T08:36:00+00:00,Spotify,Aysima Karçaaltıncaba,aaaaysimaaaa,Week1-User2,Week1-User2,0bhndvZnFWvJLWLAO4XSxD,spotify:playlist:0bhndvZnFWvJLWLAO4XSxD,https://open.spotify.com/playlist/0bhndvZnFWvJLWLAO4XSxD,,aaaaysimaaaa,Aysima Karçaaltıncaba,True,False,0,AAAABUd7lfoaTxpx3+K7dVgZqiZwaH3N,30,12,2026-07-21T19:20:56Z,aaaaysimaaaa,primary_artist_monthly_listeners,1429906,"1,429,906",Spotify public artist page,false,,3wQ21R3XstgLG4W0TX0Iue,spotify:track:3wQ21R3XstgLG4W0TX0Iue,https://open.spotify.com/track/3wQ21R3XstgLG4W0TX0Iue,Mr. Torture,track,2,1,207933,207.933,False,False,True,,https://api.spotify.com/v1/tracks/3wQ21R3XstgLG4W0TX0Iue,https://api.spotify.com/v1/tracks/3wQ21R3XstgLG4W0TX0Iue,,,DED830055102,,,2XFrf3tNlJbE61zW3OEPwL,spotify:album:2XFrf3tNlJbE61zW3OEPwL,https://open.spotify.com/album/2XFrf3tNlJbE61zW3OEPwL,The Dark Ride (Special Edition),album,,15,2013-12-06,day,,C: (C) 2013 Reigning Phoenix Music; P: (P) 2013 Reigning Phoenix Music,,https://i.scdn.co/image/ab67616d0000b273653dbff2b0f97dc6422b80fb,,4pQN0GB0fNEEOfQCaWotsY,Helloween,spotify:artist:4pQN0GB0fNEEOfQCaWotsY,https://open.spotify.com/artist/4pQN0GB0fNEEOfQCaWotsY,,,,1429906,"1,429,906",false,Spotify public artist page,,https://i.scdn.co/image/ab6761610000e5eb7d6b878498239115a09316d3,,4pQN0GB0fNEEOfQCaWotsY,Helloween,https://open.spotify.com/artist/4pQN0GB0fNEEOfQCaWotsY,"[{""artist_id"": ""4pQN0GB0fNEEOfQCaWotsY"", ""artist_name"": ""Helloween"", ""artist_url"": ""https://open.spotify.com/artist/4pQN0GB0fNEEOfQCaWotsY"", ""monthly_listeners"": ""1429906"", ""monthly_listeners_display"": ""1,429,906"", ""is_approx"": ""false"", ""fetch_error"": """"}]","[{""artist_id"": ""4pQN0GB0fNEEOfQCaWotsY"", ""artist_name"": ""Helloween"", ""artist_uri"": ""spotify:artist:4pQN0GB0fNEEOfQCaWotsY"", ""artist_url"": ""https://open.spotify.com/artist/4pQN0GB0fNEEOfQCaWotsY"", ""artist_type"": ""artist"", ""artist_genres"": """", ""artist_spotify_api_popularity"": """", ""artist_followers_total"": """", ""artist_image_url"": ""https://i.scdn.co/image/ab6761610000e5eb7d6b878498239115a09316d3"", ""artist_lookup_error"": """", ""artist_monthly_listeners"": ""1429906"", ""artist_monthly_listeners_display"": ""1,429,906"", ""artist_monthly_listeners_is_approx"": ""false"", ""artist_monthly_listeners_source"": ""Spotify public artist page"", ""artist_monthly_listeners_fetch_error"": """"}]",0,,"{""spotify"": ""https://open.spotify.com/track/3wQ21R3XstgLG4W0TX0Iue""}",{}
week1_13july,2026-07-24T08:36:00+00:00,Spotify,Aysima Karçaaltıncaba,aaaaysimaaaa,Week1-User2,Week1-User2,0bhndvZnFWvJLWLAO4XSxD,spotify:playlist:0bhndvZnFWvJLWLAO4XSxD,https://open.spotify.com/playlist/0bhndvZnFWvJLWLAO4XSxD,,aaaaysimaaaa,Aysima Karçaaltıncaba,True,False,0,AAAABUd7lfoaTxpx3+K7dVgZqiZwaH3N,30,13,2026-07-21T19:20:56Z,aaaaysimaaaa,primary_artist_monthly_listeners,1035240,"1,035,240",Spotify public artist page,false,,3tuCmmn6JmRXPln2Zt7KyI,spotify:track:3tuCmmn6JmRXPln2Zt7KyI,https://open.spotify.com/track/3tuCmmn6JmRXPln2Zt7KyI,Brothers Of Metal (Part 1),track,2,1,234640,234.640,False,False,True,,https://api.spotify.com/v1/tracks/3tuCmmn6JmRXPln2Zt7KyI,https://api.spotify.com/v1/tracks/3tuCmmn6JmRXPln2Zt7KyI,,,USGF19692502,,,4IoELctFmN7HWHSnb1hgFQ,spotify:album:4IoELctFmN7HWHSnb1hgFQ,https://open.spotify.com/album/4IoELctFmN7HWHSnb1hgFQ,Louder Than Hell,album,,10,1996-01-01,day,,"C: © 1996 Geffen Records Inc.; P: ℗ 1996 UMG Recordings, Inc.",,https://i.scdn.co/image/ab67616d0000b273b2b3dc4550e94bb8d63154e0,,4CzUzn54Cp9TQr6a7JIlMZ,Manowar,spotify:artist:4CzUzn54Cp9TQr6a7JIlMZ,https://open.spotify.com/artist/4CzUzn54Cp9TQr6a7JIlMZ,,,,1035240,"1,035,240",false,Spotify public artist page,,https://i.scdn.co/image/ab6761610000e5eba4780fe15900fbd223cd4f48,,4CzUzn54Cp9TQr6a7JIlMZ,Manowar,https://open.spotify.com/artist/4CzUzn54Cp9TQr6a7JIlMZ,"[{""artist_id"": ""4CzUzn54Cp9TQr6a7JIlMZ"", ""artist_name"": ""Manowar"", ""artist_url"": ""https://open.spotify.com/artist/4CzUzn54Cp9TQr6a7JIlMZ"", ""monthly_listeners"": ""1035240"", ""monthly_listeners_display"": ""1,035,240"", ""is_approx"": ""false"", ""fetch_error"": """"}]","[{""artist_id"": ""4CzUzn54Cp9TQr6a7JIlMZ"", ""artist_name"": ""Manowar"", ""artist_uri"": ""spotify:artist:4CzUzn54Cp9TQr6a7JIlMZ"", ""artist_url"": ""https://open.spotify.com/artist/4CzUzn54Cp9TQr6a7JIlMZ"", ""artist_type"": ""artist"", ""artist_genres"": """", ""artist_spotify_api_popularity"": """", ""artist_followers_total"": """", ""artist_image_url"": ""https://i.scdn.co/image/ab6761610000e5eba4780fe15900fbd223cd4f48"", ""artist_lookup_error"": """", ""artist_monthly_listeners"": ""1035240"", ""artist_monthly_listeners_display"": ""1,035,240"", ""artist_monthly_listeners_is_approx"": ""false"", ""artist_monthly_listeners_source"": ""Spotify public artist page"", ""artist_monthly_listeners_fetch_error"": """"}]",0,,"{""spotify"": ""https://open.spotify.com/track/3tuCmmn6JmRXPln2Zt7KyI""}",{}
week1_13july,2026-07-24T08:36:00+00:00,Spotify,Aysima Karçaaltıncaba,aaaaysimaaaa,Week1-User2,Week1-User2,0bhndvZnFWvJLWLAO4XSxD,spotify:playlist:0bhndvZnFWvJLWLAO4XSxD,https://open.spotify.com/playlist/0bhndvZnFWvJLWLAO4XSxD,,aaaaysimaaaa,Aysima Karçaaltıncaba,True,False,0,AAAABUd7lfoaTxpx3+K7dVgZqiZwaH3N,30,14,2026-07-21T19:20:56Z,aaaaysimaaaa,primary_artist_monthly_listeners,290277,"290,277",Spotify public artist page,false,,4wEtmW6jIuPQ8NTYHbkOGm,spotify:track:4wEtmW6jIuPQ8NTYHbkOGm,https://open.spotify.com/track/4wEtmW6jIuPQ8NTYHbkOGm,King of Fools,track,10,1,215320,215.320,False,False,True,,https://api.spotify.com/v1/tracks/4wEtmW6jIuPQ8NTYHbkOGm,https://api.spotify.com/v1/tracks/4wEtmW6jIuPQ8NTYHbkOGm,,,DED830370705,,,0ilazW0ucXedFYUgKFZkqT,spotify:album:0ilazW0ucXedFYUgKFZkqT,https://open.spotify.com/album/0ilazW0ucXedFYUgKFZkqT,The Singles,album,,14,2008-11-14,day,,C: 2008 Nuclear Blast; P: 2008 Nuclear Blast,,https://i.scdn.co/image/ab67616d0000b273834529912144b18eb39d773b,,3AGFqPP3gt5rMSvhR87Xxu,Edguy,spotify:artist:3AGFqPP3gt5rMSvhR87Xxu,https://open.spotify.com/artist/3AGFqPP3gt5rMSvhR87Xxu,,,,290277,"290,277",false,Spotify public artist page,,https://i.scdn.co/image/ab6772690000c46cec078670d746fddbe7674e78,,3AGFqPP3gt5rMSvhR87Xxu,Edguy,https://open.spotify.com/artist/3AGFqPP3gt5rMSvhR87Xxu,"[{""artist_id"": ""3AGFqPP3gt5rMSvhR87Xxu"", ""artist_name"": ""Edguy"", ""artist_url"": ""https://open.spotify.com/artist/3AGFqPP3gt5rMSvhR87Xxu"", ""monthly_listeners"": ""290277"", ""monthly_listeners_display"": ""290,277"", ""is_approx"": ""false"", ""fetch_error"": """"}]","[{""artist_id"": ""3AGFqPP3gt5rMSvhR87Xxu"", ""artist_name"": ""Edguy"", ""artist_uri"": ""spotify:artist:3AGFqPP3gt5rMSvhR87Xxu"", ""artist_url"": ""https://open.spotify.com/artist/3AGFqPP3gt5rMSvhR87Xxu"", ""artist_type"": ""artist"", ""artist_genres"": """", ""artist_spotify_api_popularity"": """", ""artist_followers_total"": """", ""artist_image_url"": ""https://i.scdn.co/image/ab6772690000c46cec078670d746fddbe7674e78"", ""artist_lookup_error"": """", ""artist_monthly_listeners"": ""290277"", ""artist_monthly_listeners_display"": ""290,277"", ""artist_monthly_listeners_is_approx"": ""false"", ""artist_monthly_listeners_source"": ""Spotify public artist page"", ""artist_monthly_listeners_fetch_error"": """"}]",0,,"{""spotify"": ""https://open.spotify.com/track/4wEtmW6jIuPQ8NTYHbkOGm""}",{}
week1_13july,2026-07-24T08:36:00+00:00,Spotify,Aysima Karçaaltıncaba,aaaaysimaaaa,Week1-User2,Week1-User2,0bhndvZnFWvJLWLAO4XSxD,spotify:playlist:0bhndvZnFWvJLWLAO4XSxD,https://open.spotify.com/playlist/0bhndvZnFWvJLWLAO4XSxD,,aaaaysimaaaa,Aysima Karçaaltıncaba,True,False,0,AAAABUd7lfoaTxpx3+K7dVgZqiZwaH3N,30,15,2026-07-21T19:20:56Z,aaaaysimaaaa,primary_artist_monthly_listeners,758547,"758,547",Spotify public artist page,false,,2x9DbLmcA7V3OZQHSq7I4L,spotify:track:2x9DbLmcA7V3OZQHSq7I4L,https://open.spotify.com/track/2x9DbLmcA7V3OZQHSq7I4L,"Silent Night, Bodom Night",track,2,1,192760,192.760,False,False,True,,https://api.spotify.com/v1/tracks/2x9DbLmcA7V3OZQHSq7I4L,https://api.spotify.com/v1/tracks/2x9DbLmcA7V3OZQHSq7I4L,,,FISFS9800106,,,5ZY4RdeHkyyl3QM5i17Cn3,spotify:album:5ZY4RdeHkyyl3QM5i17Cn3,https://open.spotify.com/album/5ZY4RdeHkyyl3QM5i17Cn3,Hatebreeder,album,,11,1999-05-03,day,,C: 2008 Spin-Farm Oy; P: 2008 Spin-Farm Oy,,https://i.scdn.co/image/ab67616d0000b273aefd42cfcad1195cbcd770d5,,1xUhNgw4eJDZfvumIpcz1B,Children Of Bodom,spotify:artist:1xUhNgw4eJDZfvumIpcz1B,https://open.spotify.com/artist/1xUhNgw4eJDZfvumIpcz1B,,,,758547,"758,547",false,Spotify public artist page,,https://i.scdn.co/image/ab6761610000e5ebe51866b7c973c8aafaf1fece,,1xUhNgw4eJDZfvumIpcz1B,Children Of Bodom,https://open.spotify.com/artist/1xUhNgw4eJDZfvumIpcz1B,"[{""artist_id"": ""1xUhNgw4eJDZfvumIpcz1B"", ""artist_name"": ""Children Of Bodom"", ""artist_url"": ""https://open.spotify.com/artist/1xUhNgw4eJDZfvumIpcz1B"", ""monthly_listeners"": ""758547"", ""monthly_listeners_display"": ""758,547"", ""is_approx"": ""false"", ""fetch_error"": """"}]","[{""artist_id"": ""1xUhNgw4eJDZfvumIpcz1B"", ""artist_name"": ""Children Of Bodom"", ""artist_uri"": ""spotify:artist:1xUhNgw4eJDZfvumIpcz1B"", ""artist_url"": ""https://open.spotify.com/artist/1xUhNgw4eJDZfvumIpcz1B"", ""artist_type"": ""artist"", ""artist_genres"": """", ""artist_spotify_api_popularity"": """", ""artist_followers_total"": """", ""artist_image_url"": ""https://i.scdn.co/image/ab6761610000e5ebe51866b7c973c8aafaf1fece"", ""artist_lookup_error"": """", ""artist_monthly_listeners"": ""758547"", ""artist_monthly_listeners_display"": ""758,547"", ""artist_monthly_listeners_is_approx"": ""false"", ""artist_monthly_listeners_source"": ""Spotify public artist page"", ""artist_monthly_listeners_fetch_error"": """"}]",0,,"{""spotify"": ""https://open.spotify.com/track/2x9DbLmcA7V3OZQHSq7I4L""}",{}
week1_13july,2026-07-24T08:36:00+00:00,Spotify,Aysima Karçaaltıncaba,aaaaysimaaaa,Week1-User2,Week1-User2,0bhndvZnFWvJLWLAO4XSxD,spotify:playlist:0bhndvZnFWvJLWLAO4XSxD,https://open.spotify.com/playlist/0bhndvZnFWvJLWLAO4XSxD,,aaaaysimaaaa,Aysima Karçaaltıncaba,True,False,0,AAAABUd7lfoaTxpx3+K7dVgZqiZwaH3N,30,16,2026-07-21T19:20:56Z,aaaaysimaaaa,primary_artist_monthly_listeners,184836,"184,836",Spotify public artist page,false,,1BaJ4KLFgnveSRGKBwRWve,spotify:track:1BaJ4KLFgnveSRGKBwRWve,https://open.spotify.com/track/1BaJ4KLFgnveSRGKBwRWve,Heroes,track,6,1,213573,213.573,False,False,True,,https://api.spotify.com/v1/tracks/1BaJ4KLFgnveSRGKBwRWve,https://api.spotify.com/v1/tracks/1BaJ4KLFgnveSRGKBwRWve,,,DET970200006,,,6FxqNK88NImuiMIpCrTZee,spotify:album:6FxqNK88NImuiMIpCrTZee,https://open.spotify.com/album/6FxqNK88NImuiMIpCrTZee,Masterplan,album,,11,2003-01-20,day,,C: 2003 AFM Records; P: 2003 AFM Records,,https://i.scdn.co/image/ab67616d0000b2737479397fc56803ba3511fd1c,,1OHNvr18TssBKYK0A75yvx,Masterplan,spotify:artist:1OHNvr18TssBKYK0A75yvx,https://open.spotify.com/artist/1OHNvr18TssBKYK0A75yvx,,,,184836,"184,836",false,Spotify public artist page,,https://i.scdn.co/image/ab6761610000e5eb8cfdd5ee976e9da4af82d208,,1OHNvr18TssBKYK0A75yvx,Masterplan,https://open.spotify.com/artist/1OHNvr18TssBKYK0A75yvx,"[{""artist_id"": ""1OHNvr18TssBKYK0A75yvx"", ""artist_name"": ""Masterplan"", ""artist_url"": ""https://open.spotify.com/artist/1OHNvr18TssBKYK0A75yvx"", ""monthly_listeners"": ""184836"", ""monthly_listeners_display"": ""184,836"", ""is_approx"": ""false"", ""fetch_error"": """"}]","[{""artist_id"": ""1OHNvr18TssBKYK0A75yvx"", ""artist_name"": ""Masterplan"", ""artist_uri"": ""spotify:artist:1OHNvr18TssBKYK0A75yvx"", ""artist_url"": ""https://open.spotify.com/artist/1OHNvr18TssBKYK0A75yvx"", ""artist_type"": ""artist"", ""artist_genres"": """", ""artist_spotify_api_popularity"": """", ""artist_followers_total"": """", ""artist_image_url"": ""https://i.scdn.co/image/ab6761610000e5eb8cfdd5ee976e9da4af82d208"", ""artist_lookup_error"": """", ""artist_monthly_listeners"": ""184836"", ""artist_monthly_listeners_display"": ""184,836"", ""artist_monthly_listeners_is_approx"": ""false"", ""artist_monthly_listeners_source"": ""Spotify public artist page"", ""artist_monthly_listeners_fetch_error"": """"}]",0,,"{""spotify"": ""https://open.spotify.com/track/1BaJ4KLFgnveSRGKBwRWve""}",{}
week1_13july,2026-07-24T08:36:00+00:00,Spotify,Aysima Karçaaltıncaba,aaaaysimaaaa,Week1-User2,Week1-User2,0bhndvZnFWvJLWLAO4XSxD,spotify:playlist:0bhndvZnFWvJLWLAO4XSxD,https://open.spotify.com/playlist/0bhndvZnFWvJLWLAO4XSxD,,aaaaysimaaaa,Aysima Karçaaltıncaba,True,False,0,AAAABUd7lfoaTxpx3+K7dVgZqiZwaH3N,30,17,2026-07-21T19:20:56Z,aaaaysimaaaa,primary_artist_monthly_listeners,97053,"97,053",Spotify public artist page,false,,5oJE6PFEhiRnY7SCspZF4k,spotify:track:5oJE6PFEhiRnY7SCspZF4k,https://open.spotify.com/track/5oJE6PFEhiRnY7SCspZF4k,Freedom Call,track,2,1,319280,319.280,False,False,True,,https://api.spotify.com/v1/tracks/5oJE6PFEhiRnY7SCspZF4k,https://api.spotify.com/v1/tracks/5oJE6PFEhiRnY7SCspZF4k,,,DEA450005690,,,4rZcv6qkD6klDCtxGi78of,spotify:album:4rZcv6qkD6klDCtxGi78of,https://open.spotify.com/album/4rZcv6qkD6klDCtxGi78of,Crystal Empire,album,,11,2001-01-22,day,,C: 2001 BMG Rights Management GmbH; P: 2001 BMG Rights Management GmbH,,https://i.scdn.co/image/ab67616d0000b27338430038d66010355177db8e,,55RDuy7cQW2Dqrcz3Jjl6F,Freedom Call,spotify:artist:55RDuy7cQW2Dqrcz3Jjl6F,https://open.spotify.com/artist/55RDuy7cQW2Dqrcz3Jjl6F,,,,97053,"97,053",false,Spotify public artist page,,https://i.scdn.co/image/ab6761610000e5ebcfe6976b49d36f31df66cad2,,55RDuy7cQW2Dqrcz3Jjl6F,Freedom Call,https://open.spotify.com/artist/55RDuy7cQW2Dqrcz3Jjl6F,"[{""artist_id"": ""55RDuy7cQW2Dqrcz3Jjl6F"", ""artist_name"": ""Freedom Call"", ""artist_url"": ""https://open.spotify.com/artist/55RDuy7cQW2Dqrcz3Jjl6F"", ""monthly_listeners"": ""97053"", ""monthly_listeners_display"": ""97,053"", ""is_approx"": ""false"", ""fetch_error"": """"}]","[{""artist_id"": ""55RDuy7cQW2Dqrcz3Jjl6F"", ""artist_name"": ""Freedom Call"", ""artist_uri"": ""spotify:artist:55RDuy7cQW2Dqrcz3Jjl6F"", ""artist_url"": ""https://open.spotify.com/artist/55RDuy7cQW2Dqrcz3Jjl6F"", ""artist_type"": ""artist"", ""artist_genres"": """", ""artist_spotify_api_popularity"": """", ""artist_followers_total"": """", ""artist_image_url"": ""https://i.scdn.co/image/ab6761610000e5ebcfe6976b49d36f31df66cad2"", ""artist_lookup_error"": """", ""artist_monthly_listeners"": ""97053"", ""artist_monthly_listeners_display"": ""97,053"", ""artist_monthly_listeners_is_approx"": ""false"", ""artist_monthly_listeners_source"": ""Spotify public artist page"", ""artist_monthly_listeners_fetch_error"": """"}]",0,,"{""spotify"": ""https://open.spotify.com/track/5oJE6PFEhiRnY7SCspZF4k""}",{}
week1_13july,2026-07-24T08:36:00+00:00,Spotify,Aysima Karçaaltıncaba,aaaaysimaaaa,Week1-User2,Week1-User2,0bhndvZnFWvJLWLAO4XSxD,spotify:playlist:0bhndvZnFWvJLWLAO4XSxD,https://open.spotify.com/playlist/0bhndvZnFWvJLWLAO4XSxD,,aaaaysimaaaa,Aysima Karçaaltıncaba,True,False,0,AAAABUd7lfoaTxpx3+K7dVgZqiZwaH3N,30,18,2026-07-21T19:20:56Z,aaaaysimaaaa,primary_artist_monthly_listeners,74393,"74,393",Spotify public artist page,false,,1P5B3ARqjPkB9yCNPZq9jV,spotify:track:1P5B3ARqjPkB9yCNPZq9jV,https://open.spotify.com/track/1P5B3ARqjPkB9yCNPZq9jV,Rebellion (The Clans Are Marching) - Remastered Version,track,11,1,244760,244.760,False,False,True,,https://api.spotify.com/v1/tracks/1P5B3ARqjPkB9yCNPZq9jV,https://api.spotify.com/v1/tracks/1P5B3ARqjPkB9yCNPZq9jV,,,DEC760600331,,,4ZNfzHslrjITU8iqfzCAL8,spotify:album:4ZNfzHslrjITU8iqfzCAL8,https://open.spotify.com/album/4ZNfzHslrjITU8iqfzCAL8,Tunes Of War (Remastered 2006),album,,13,1996,year,,"P: (P) 2006 GUN Records GmbH, A Unit Of SONY BMG MUSIC ENTERTAINMENT (GERMANY) GmbH",,https://i.scdn.co/image/ab67616d0000b2735d5ef12b8c86299ec4e16f7c,,6mfghV4I1CD17FOhDKq7cJ,Grave Digger,spotify:artist:6mfghV4I1CD17FOhDKq7cJ,https://open.spotify.com/artist/6mfghV4I1CD17FOhDKq7cJ,,,,74393,"74,393",false,Spotify public artist page,,https://i.scdn.co/image/ab6761610000e5eb5b4d967b77ad0ffbd0d70013,,6mfghV4I1CD17FOhDKq7cJ,Grave Digger,https://open.spotify.com/artist/6mfghV4I1CD17FOhDKq7cJ,"[{""artist_id"": ""6mfghV4I1CD17FOhDKq7cJ"", ""artist_name"": ""Grave Digger"", ""artist_url"": ""https://open.spotify.com/artist/6mfghV4I1CD17FOhDKq7cJ"", ""monthly_listeners"": ""74393"", ""monthly_listeners_display"": ""74,393"", ""is_approx"": ""false"", ""fetch_error"": """"}]","[{""artist_id"": ""6mfghV4I1CD17FOhDKq7cJ"", ""artist_name"": ""Grave Digger"", ""artist_uri"": ""spotify:artist:6mfghV4I1CD17FOhDKq7cJ"", ""artist_url"": ""https://open.spotify.com/artist/6mfghV4I1CD17FOhDKq7cJ"", ""artist_type"": ""artist"", ""artist_genres"": """", ""artist_spotify_api_popularity"": """", ""artist_followers_total"": """", ""artist_image_url"": ""https://i.scdn.co/image/ab6761610000e5eb5b4d967b77ad0ffbd0d70013"", ""artist_lookup_error"": """", ""artist_monthly_listeners"": ""74393"", ""artist_monthly_listeners_display"": ""74,393"", ""artist_monthly_listeners_is_approx"": ""false"", ""artist_monthly_listeners_source"": ""Spotify public artist page"", ""artist_monthly_listeners_fetch_error"": """"}]",0,,"{""spotify"": ""https://open.spotify.com/track/1P5B3ARqjPkB9yCNPZq9jV""}",{}
week1_13july,2026-07-24T08:36:00+00:00,Spotify,Aysima Karçaaltıncaba,aaaaysimaaaa,Week1-User2,Week1-User2,0bhndvZnFWvJLWLAO4XSxD,spotify:playlist:0bhndvZnFWvJLWLAO4XSxD,https://open.spotify.com/playlist/0bhndvZnFWvJLWLAO4XSxD,,aaaaysimaaaa,Aysima Karçaaltıncaba,True,False,0,AAAABUd7lfoaTxpx3+K7dVgZqiZwaH3N,30,19,2026-07-21T19:20:56Z,aaaaysimaaaa,primary_artist_monthly_listeners,193731,"193,731",Spotify public artist page,false,,7aYO9WJaSC8m7YpT0bM5Ke,spotify:track:7aYO9WJaSC8m7YpT0bM5Ke,https://open.spotify.com/track/7aYO9WJaSC8m7YpT0bM5Ke,In My Sword I Trust,track,2,1,320426,320.426,False,False,True,,https://api.spotify.com/v1/tracks/7aYO9WJaSC8m7YpT0bM5Ke,https://api.spotify.com/v1/tracks/7aYO9WJaSC8m7YpT0bM5Ke,,,FIUM71200377,,,6uv6P1ojx6GpXCpmnYXfCM,spotify:album:6uv6P1ojx6GpXCpmnYXfCM,https://open.spotify.com/album/6uv6P1ojx6GpXCpmnYXfCM,Unsung Heroes (Japan Version),album,,12,2012-01-01,day,,C: 2012 Spin-Farm Oy; P: 2012 Spin-Farm Oy,,https://i.scdn.co/image/ab67616d0000b273d5d088e428b01d286beb7ad5,,0krXCIkthz13P8o0v2tksH,Ensiferum,spotify:artist:0krXCIkthz13P8o0v2tksH,https://open.spotify.com/artist/0krXCIkthz13P8o0v2tksH,,,,193731,"193,731",false,Spotify public artist page,,https://i.scdn.co/image/ab6761610000e5eb0a5ef9d5834390b5ebdee107,,0krXCIkthz13P8o0v2tksH,Ensiferum,https://open.spotify.com/artist/0krXCIkthz13P8o0v2tksH,"[{""artist_id"": ""0krXCIkthz13P8o0v2tksH"", ""artist_name"": ""Ensiferum"", ""artist_url"": ""https://open.spotify.com/artist/0krXCIkthz13P8o0v2tksH"", ""monthly_listeners"": ""193731"", ""monthly_listeners_display"": ""193,731"", ""is_approx"": ""false"", ""fetch_error"": """"}]","[{""artist_id"": ""0krXCIkthz13P8o0v2tksH"", ""artist_name"": ""Ensiferum"", ""artist_uri"": ""spotify:artist:0krXCIkthz13P8o0v2tksH"", ""artist_url"": ""https://open.spotify.com/artist/0krXCIkthz13P8o0v2tksH"", ""artist_type"": ""artist"", ""artist_genres"": """", ""artist_spotify_api_popularity"": """", ""artist_followers_total"": """", ""artist_image_url"": ""https://i.scdn.co/image/ab6761610000e5eb0a5ef9d5834390b5ebdee107"", ""artist_lookup_error"": """", ""artist_monthly_listeners"": ""193731"", ""artist_monthly_listeners_display"": ""193,731"", ""artist_monthly_listeners_is_approx"": ""false"", ""artist_monthly_listeners_source"": ""Spotify public artist page"", ""artist_monthly_listeners_fetch_error"": """"}]",0,,"{""spotify"": ""https://open.spotify.com/track/7aYO9WJaSC8m7YpT0bM5Ke""}",{}
week1_13july,2026-07-24T08:36:00+00:00,Spotify,Aysima Karçaaltıncaba,aaaaysimaaaa,Week1-User2,Week1-User2,0bhndvZnFWvJLWLAO4XSxD,spotify:playlist:0bhndvZnFWvJLWLAO4XSxD,https://open.spotify.com/playlist/0bhndvZnFWvJLWLAO4XSxD,,aaaaysimaaaa,Aysima Karçaaltıncaba,True,False,0,AAAABUd7lfoaTxpx3+K7dVgZqiZwaH3N,30,20,2026-07-21T19:20:56Z,aaaaysimaaaa,primary_artist_monthly_listeners,92170,"92,170",Spotify public artist page,false,,2rV29Dueq15Cq4IyFgINDL,spotify:track:2rV29Dueq15Cq4IyFgINDL,https://open.spotify.com/track/2rV29Dueq15Cq4IyFgINDL,Set This World on Fire,track,4,1,306146,306.146,False,False,True,,https://api.spotify.com/v1/tracks/2rV29Dueq15Cq4IyFgINDL,https://api.spotify.com/v1/tracks/2rV29Dueq15Cq4IyFgINDL,,,DEAT71518805,,,2bMAHTAhkUMjB9ajRxAbit,spotify:album:2bMAHTAhkUMjB9ajRxAbit,https://open.spotify.com/album/2bMAHTAhkUMjB9ajRxAbit,Unity,album,,13,2002-03-13,day,,C: (C) 2002 Dr. Bones; P: (P) 2002 Dr. Bones,,https://i.scdn.co/image/ab67616d0000b273590803396dac7ebccceb38f6,,5TJVsWPUaJxBxWfVZQEt2x,Rage,spotify:artist:5TJVsWPUaJxBxWfVZQEt2x,https://open.spotify.com/artist/5TJVsWPUaJxBxWfVZQEt2x,,,,92170,"92,170",false,Spotify public artist page,,https://i.scdn.co/image/ab6761610000e5ebbb296bc31c8d982074a54793,,5TJVsWPUaJxBxWfVZQEt2x,Rage,https://open.spotify.com/artist/5TJVsWPUaJxBxWfVZQEt2x,"[{""artist_id"": ""5TJVsWPUaJxBxWfVZQEt2x"", ""artist_name"": ""Rage"", ""artist_url"": ""https://open.spotify.com/artist/5TJVsWPUaJxBxWfVZQEt2x"", ""monthly_listeners"": ""92170"", ""monthly_listeners_display"": ""92,170"", ""is_approx"": ""false"", ""fetch_error"": """"}]","[{""artist_id"": ""5TJVsWPUaJxBxWfVZQEt2x"", ""artist_name"": ""Rage"", ""artist_uri"": ""spotify:artist:5TJVsWPUaJxBxWfVZQEt2x"", ""artist_url"": ""https://open.spotify.com/artist/5TJVsWPUaJxBxWfVZQEt2x"", ""artist_type"": ""artist"", ""artist_genres"": """", ""artist_spotify_api_popularity"": """", ""artist_followers_total"": """", ""artist_image_url"": ""https://i.scdn.co/image/ab6761610000e5ebbb296bc31c8d982074a54793"", ""artist_lookup_error"": """", ""artist_monthly_listeners"": ""92170"", ""artist_monthly_listeners_display"": ""92,170"", ""artist_monthly_listeners_is_approx"": ""false"", ""artist_monthly_listeners_source"": ""Spotify public artist page"", ""artist_monthly_listeners_fetch_error"": """"}]",0,,"{""spotify"": ""https://open.spotify.com/track/2rV29Dueq15Cq4IyFgINDL""}",{}
week1_13july,2026-07-24T08:36:00+00:00,Spotify,Aysima Karçaaltıncaba,aaaaysimaaaa,Week1-User2,Week1-User2,0bhndvZnFWvJLWLAO4XSxD,spotify:playlist:0bhndvZnFWvJLWLAO4XSxD,https://open.spotify.com/playlist/0bhndvZnFWvJLWLAO4XSxD,,aaaaysimaaaa,Aysima Karçaaltıncaba,True,False,0,AAAABUd7lfoaTxpx3+K7dVgZqiZwaH3N,30,21,2026-07-21T19:20:56Z,aaaaysimaaaa,primary_artist_monthly_listeners,445224,"445,224",Spotify public artist page,false,,0WTbXgGmirq6A9LfzHg2uA,spotify:track:0WTbXgGmirq6A9LfzHg2uA,https://open.spotify.com/track/0WTbXgGmirq6A9LfzHg2uA,The Cage,track,3,1,275440,275.440,False,False,True,,https://api.spotify.com/v1/tracks/0WTbXgGmirq6A9LfzHg2uA,https://api.spotify.com/v1/tracks/0WTbXgGmirq6A9LfzHg2uA,,,FISFS0200076,,,1EGK8WqziPuJEKAO1fdCkJ,spotify:album:1EGK8WqziPuJEKAO1fdCkJ,https://open.spotify.com/album/1EGK8WqziPuJEKAO1fdCkJ,Winterheart's Guild,album,,10,2002-01-01,day,,C: 2002 Spin-Farm Oy; P: 2002 Spin-Farm Oy,,https://i.scdn.co/image/ab67616d0000b2732b7e571002b007ce6f687d69,,5YeoQ1L71cXDMpSpqxOjfH,Sonata Arctica,spotify:artist:5YeoQ1L71cXDMpSpqxOjfH,https://open.spotify.com/artist/5YeoQ1L71cXDMpSpqxOjfH,,,,445224,"445,224",false,Spotify public artist page,,https://i.scdn.co/image/ab6761610000e5eb3c36e8b69cb376bf869aedc2,,5YeoQ1L71cXDMpSpqxOjfH,Sonata Arctica,https://open.spotify.com/artist/5YeoQ1L71cXDMpSpqxOjfH,"[{""artist_id"": ""5YeoQ1L71cXDMpSpqxOjfH"", ""artist_name"": ""Sonata Arctica"", ""artist_url"": ""https://open.spotify.com/artist/5YeoQ1L71cXDMpSpqxOjfH"", ""monthly_listeners"": ""445224"", ""monthly_listeners_display"": ""445,224"", ""is_approx"": ""false"", ""fetch_error"": """"}]","[{""artist_id"": ""5YeoQ1L71cXDMpSpqxOjfH"", ""artist_name"": ""Sonata Arctica"", ""artist_uri"": ""spotify:artist:5YeoQ1L71cXDMpSpqxOjfH"", ""artist_url"": ""https://open.spotify.com/artist/5YeoQ1L71cXDMpSpqxOjfH"", ""artist_type"": ""artist"", ""artist_genres"": """", ""artist_spotify_api_popularity"": """", ""artist_followers_total"": """", ""artist_image_url"": ""https://i.scdn.co/image/ab6761610000e5eb3c36e8b69cb376bf869aedc2"", ""artist_lookup_error"": """", ""artist_monthly_listeners"": ""445224"", ""artist_monthly_listeners_display"": ""445,224"", ""artist_monthly_listeners_is_approx"": ""false"", ""artist_monthly_listeners_source"": ""Spotify public artist page"", ""artist_monthly_listeners_fetch_error"": """"}]",0,,"{""spotify"": ""https://open.spotify.com/track/0WTbXgGmirq6A9LfzHg2uA""}",{}
week1_13july,2026-07-24T08:36:00+00:00,Spotify,Aysima Karçaaltıncaba,aaaaysimaaaa,Week1-User2,Week1-User2,0bhndvZnFWvJLWLAO4XSxD,spotify:playlist:0bhndvZnFWvJLWLAO4XSxD,https://open.spotify.com/playlist/0bhndvZnFWvJLWLAO4XSxD,,aaaaysimaaaa,Aysima Karçaaltıncaba,True,False,0,AAAABUd7lfoaTxpx3+K7dVgZqiZwaH3N,30,22,2026-07-21T19:20:56Z,aaaaysimaaaa,primary_artist_monthly_listeners,28965,"28,965",Spotify public artist page,false,,6ruhOxyV98u0nHjd4bX5KM,spotify:track:6ruhOxyV98u0nHjd4bX5KM,https://open.spotify.com/track/6ruhOxyV98u0nHjd4bX5KM,Your Time Has Come,track,2,1,303493,303.493,False,False,True,,https://api.spotify.com/v1/tracks/6ruhOxyV98u0nHjd4bX5KM,https://api.spotify.com/v1/tracks/6ruhOxyV98u0nHjd4bX5KM,,,DEH841400201,,,3cQzjRT13tkhslb7ii9NcD,spotify:album:3cQzjRT13tkhslb7ii9NcD,https://open.spotify.com/album/3cQzjRT13tkhslb7ii9NcD,Light of Dawn,album,,12,2014-08-01,day,,C: 2014 Edel Germany GmbH. earMUSIC is a project of Edel.; P: 2014 Edel Germany GmbH. earMUSIC is a project of Edel.,,https://i.scdn.co/image/ab67616d0000b27373c0fd64f80440fb41dc2601,,3DDcmHnwKjM4sQ8qm34JMU,Unisonic,spotify:artist:3DDcmHnwKjM4sQ8qm34JMU,https://open.spotify.com/artist/3DDcmHnwKjM4sQ8qm34JMU,,,,28965,"28,965",false,Spotify public artist page,,https://i.scdn.co/image/ab6761610000e5eb0be750ff9272422d98f971b0,,3DDcmHnwKjM4sQ8qm34JMU,Unisonic,https://open.spotify.com/artist/3DDcmHnwKjM4sQ8qm34JMU,"[{""artist_id"": ""3DDcmHnwKjM4sQ8qm34JMU"", ""artist_name"": ""Unisonic"", ""artist_url"": ""https://open.spotify.com/artist/3DDcmHnwKjM4sQ8qm34JMU"", ""monthly_listeners"": ""28965"", ""monthly_listeners_display"": ""28,965"", ""is_approx"": ""false"", ""fetch_error"": """"}]","[{""artist_id"": ""3DDcmHnwKjM4sQ8qm34JMU"", ""artist_name"": ""Unisonic"", ""artist_uri"": ""spotify:artist:3DDcmHnwKjM4sQ8qm34JMU"", ""artist_url"": ""https://open.spotify.com/artist/3DDcmHnwKjM4sQ8qm34JMU"", ""artist_type"": ""artist"", ""artist_genres"": """", ""artist_spotify_api_popularity"": """", ""artist_followers_total"": """", ""artist_image_url"": ""https://i.scdn.co/image/ab6761610000e5eb0be750ff9272422d98f971b0"", ""artist_lookup_error"": """", ""artist_monthly_listeners"": ""28965"", ""artist_monthly_listeners_display"": ""28,965"", ""artist_monthly_listeners_is_approx"": ""false"", ""artist_monthly_listeners_source"": ""Spotify public artist page"", ""artist_monthly_listeners_fetch_error"": """"}]",0,,"{""spotify"": ""https://open.spotify.com/track/6ruhOxyV98u0nHjd4bX5KM""}",{}
week1_13july,2026-07-24T08:36:00+00:00,Spotify,Aysima Karçaaltıncaba,aaaaysimaaaa,Week1-User2,Week1-User2,0bhndvZnFWvJLWLAO4XSxD,spotify:playlist:0bhndvZnFWvJLWLAO4XSxD,https://open.spotify.com/playlist/0bhndvZnFWvJLWLAO4XSxD,,aaaaysimaaaa,Aysima Karçaaltıncaba,True,False,0,AAAABUd7lfoaTxpx3+K7dVgZqiZwaH3N,30,23,2026-07-21T19:20:56Z,aaaaysimaaaa,primary_artist_monthly_listeners,460312,"460,312",Spotify public artist page,false,,7LYxaN0EpwhRoheZ3eySLw,spotify:track:7LYxaN0EpwhRoheZ3eySLw,https://open.spotify.com/track/7LYxaN0EpwhRoheZ3eySLw,Princess of the Night - 2009 Remaster,track,1,1,242573,242.573,False,False,True,,https://api.spotify.com/v1/tracks/7LYxaN0EpwhRoheZ3eySLw,https://api.spotify.com/v1/tracks/7LYxaN0EpwhRoheZ3eySLw,,,GB01A0900192,,,6v5lM7qbcnnuuvDF2zdBsZ,spotify:album:6v5lM7qbcnnuuvDF2zdBsZ,https://open.spotify.com/album/6v5lM7qbcnnuuvDF2zdBsZ,Denim and Leather (2009 Remaster),album,,18,1981,year,,"C: 2009 Union Square Music Limited, a BMG Company; P: 2009 Union Square Music Limited, a BMG Company",,https://i.scdn.co/image/ab67616d0000b273ecb29cc4175b3f3efd4a581f,,71vVmHeNgCVSa5SVmfvscU,Saxon,spotify:artist:71vVmHeNgCVSa5SVmfvscU,https://open.spotify.com/artist/71vVmHeNgCVSa5SVmfvscU,,,,460312,"460,312",false,Spotify public artist page,,https://i.scdn.co/image/ab6761610000e5eb3cf9569774c02e8e99f46eda,,71vVmHeNgCVSa5SVmfvscU,Saxon,https://open.spotify.com/artist/71vVmHeNgCVSa5SVmfvscU,"[{""artist_id"": ""71vVmHeNgCVSa5SVmfvscU"", ""artist_name"": ""Saxon"", ""artist_url"": ""https://open.spotify.com/artist/71vVmHeNgCVSa5SVmfvscU"", ""monthly_listeners"": ""460312"", ""monthly_listeners_display"": ""460,312"", ""is_approx"": ""false"", ""fetch_error"": """"}]","[{""artist_id"": ""71vVmHeNgCVSa5SVmfvscU"", ""artist_name"": ""Saxon"", ""artist_uri"": ""spotify:artist:71vVmHeNgCVSa5SVmfvscU"", ""artist_url"": ""https://open.spotify.com/artist/71vVmHeNgCVSa5SVmfvscU"", ""artist_type"": ""artist"", ""artist_genres"": """", ""artist_spotify_api_popularity"": """", ""artist_followers_total"": """", ""artist_image_url"": ""https://i.scdn.co/image/ab6761610000e5eb3cf9569774c02e8e99f46eda"", ""artist_lookup_error"": """", ""artist_monthly_listeners"": ""460312"", ""artist_monthly_listeners_display"": ""460,312"", ""artist_monthly_listeners_is_approx"": ""false"", ""artist_monthly_listeners_source"": ""Spotify public artist page"", ""artist_monthly_listeners_fetch_error"": """"}]",0,,"{""spotify"": ""https://open.spotify.com/track/7LYxaN0EpwhRoheZ3eySLw""}",{}
week1_13july,2026-07-24T08:36:00+00:00,Spotify,Aysima Karçaaltıncaba,aaaaysimaaaa,Week1-User2,Week1-User2,0bhndvZnFWvJLWLAO4XSxD,spotify:playlist:0bhndvZnFWvJLWLAO4XSxD,https://open.spotify.com/playlist/0bhndvZnFWvJLWLAO4XSxD,,aaaaysimaaaa,Aysima Karçaaltıncaba,True,False,0,AAAABUd7lfoaTxpx3+K7dVgZqiZwaH3N,30,24,2026-07-21T19:20:56Z,aaaaysimaaaa,primary_artist_monthly_listeners,98617,"98,617",Spotify public artist page,false,,6QYNj3zXz2aZCqH7QHuA6W,spotify:track:6QYNj3zXz2aZCqH7QHuA6W,https://open.spotify.com/track/6QYNj3zXz2aZCqH7QHuA6W,Bad to the Bone,track,12,1,286053,286.053,False,False,True,,https://api.spotify.com/v1/tracks/6QYNj3zXz2aZCqH7QHuA6W,https://api.spotify.com/v1/tracks/6QYNj3zXz2aZCqH7QHuA6W,,,GBAJE0300759,,,7jUbppPLoL18SFen8l1cQS,spotify:album:7jUbppPLoL18SFen8l1cQS,https://open.spotify.com/album/7jUbppPLoL18SFen8l1cQS,Running Wild - 20 Years In History,compilation,,26,2003-02-22,day,,"C: 2003 Sanctuary Records Group Ltd., a BMG Company; P: 2003 Sanctuary Records Group Ltd., a BMG Company",,https://i.scdn.co/image/ab67616d0000b27394fab069cb5693615107ca66,,7954VFaZClkL503srfV5PE,Running Wild,spotify:artist:7954VFaZClkL503srfV5PE,https://open.spotify.com/artist/7954VFaZClkL503srfV5PE,,,,98617,"98,617",false,Spotify public artist page,,https://i.scdn.co/image/ffc7d8dd0a29d7ca6f0840f2c2d9050f5a60d97d,,7954VFaZClkL503srfV5PE,Running Wild,https://open.spotify.com/artist/7954VFaZClkL503srfV5PE,"[{""artist_id"": ""7954VFaZClkL503srfV5PE"", ""artist_name"": ""Running Wild"", ""artist_url"": ""https://open.spotify.com/artist/7954VFaZClkL503srfV5PE"", ""monthly_listeners"": ""98617"", ""monthly_listeners_display"": ""98,617"", ""is_approx"": ""false"", ""fetch_error"": """"}]","[{""artist_id"": ""7954VFaZClkL503srfV5PE"", ""artist_name"": ""Running Wild"", ""artist_uri"": ""spotify:artist:7954VFaZClkL503srfV5PE"", ""artist_url"": ""https://open.spotify.com/artist/7954VFaZClkL503srfV5PE"", ""artist_type"": ""artist"", ""artist_genres"": """", ""artist_spotify_api_popularity"": """", ""artist_followers_total"": """", ""artist_image_url"": ""https://i.scdn.co/image/ffc7d8dd0a29d7ca6f0840f2c2d9050f5a60d97d"", ""artist_lookup_error"": """", ""artist_monthly_listeners"": ""98617"", ""artist_monthly_listeners_display"": ""98,617"", ""artist_monthly_listeners_is_approx"": ""false"", ""artist_monthly_listeners_source"": ""Spotify public artist page"", ""artist_monthly_listeners_fetch_error"": """"}]",0,,"{""spotify"": ""https://open.spotify.com/track/6QYNj3zXz2aZCqH7QHuA6W""}",{}
week1_13july,2026-07-24T08:36:00+00:00,Spotify,Aysima Karçaaltıncaba,aaaaysimaaaa,Week1-User2,Week1-User2,0bhndvZnFWvJLWLAO4XSxD,spotify:playlist:0bhndvZnFWvJLWLAO4XSxD,https://open.spotify.com/playlist/0bhndvZnFWvJLWLAO4XSxD,,aaaaysimaaaa,Aysima Karçaaltıncaba,True,False,0,AAAABUd7lfoaTxpx3+K7dVgZqiZwaH3N,30,25,2026-07-21T19:20:56Z,aaaaysimaaaa,primary_artist_monthly_listeners,219161,"219,161",Spotify public artist page,false,,4bUnDOBTWfvmUDePpdXQsx,spotify:track:4bUnDOBTWfvmUDePpdXQsx,https://open.spotify.com/track/4bUnDOBTWfvmUDePpdXQsx,Black Flag,track,2,1,296640,296.640,False,False,True,,https://api.spotify.com/v1/tracks/4bUnDOBTWfvmUDePpdXQsx,https://api.spotify.com/v1/tracks/4bUnDOBTWfvmUDePpdXQsx,,,US4E41742502,,,7jdSTiR96uRP2BsetUSLKB,spotify:album:7jdSTiR96uRP2BsetUSLKB,https://open.spotify.com/album/7jdSTiR96uRP2BsetUSLKB,Incorruptible,album,,10,2017-06-16,day,,P: (P) 2017 Century Media Records Ltd.,,https://i.scdn.co/image/ab67616d0000b273f9b8c8a8d271be7c0589b374,,3KEixcRfBS5K3E91Vn1Kdy,Iced Earth,spotify:artist:3KEixcRfBS5K3E91Vn1Kdy,https://open.spotify.com/artist/3KEixcRfBS5K3E91Vn1Kdy,,,,219161,"219,161",false,Spotify public artist page,,https://i.scdn.co/image/a1fa09dcb7f14ee7bad400ad8c0772f1a2ec4468,,3KEixcRfBS5K3E91Vn1Kdy,Iced Earth,https://open.spotify.com/artist/3KEixcRfBS5K3E91Vn1Kdy,"[{""artist_id"": ""3KEixcRfBS5K3E91Vn1Kdy"", ""artist_name"": ""Iced Earth"", ""artist_url"": ""https://open.spotify.com/artist/3KEixcRfBS5K3E91Vn1Kdy"", ""monthly_listeners"": ""219161"", ""monthly_listeners_display"": ""219,161"", ""is_approx"": ""false"", ""fetch_error"": """"}]","[{""artist_id"": ""3KEixcRfBS5K3E91Vn1Kdy"", ""artist_name"": ""Iced Earth"", ""artist_uri"": ""spotify:artist:3KEixcRfBS5K3E91Vn1Kdy"", ""artist_url"": ""https://open.spotify.com/artist/3KEixcRfBS5K3E91Vn1Kdy"", ""artist_type"": ""artist"", ""artist_genres"": """", ""artist_spotify_api_popularity"": """", ""artist_followers_total"": """", ""artist_image_url"": ""https://i.scdn.co/image/a1fa09dcb7f14ee7bad400ad8c0772f1a2ec4468"", ""artist_lookup_error"": """", ""artist_monthly_listeners"": ""219161"", ""artist_monthly_listeners_display"": ""219,161"", ""artist_monthly_listeners_is_approx"": ""false"", ""artist_monthly_listeners_source"": ""Spotify public artist page"", ""artist_monthly_listeners_fetch_error"": """"}]",0,,"{""spotify"": ""https://open.spotify.com/track/4bUnDOBTWfvmUDePpdXQsx""}",{}
week1_13july,2026-07-24T08:36:00+00:00,Spotify,Aysima Karçaaltıncaba,aaaaysimaaaa,Week1-User2,Week1-User2,0bhndvZnFWvJLWLAO4XSxD,spotify:playlist:0bhndvZnFWvJLWLAO4XSxD,https://open.spotify.com/playlist/0bhndvZnFWvJLWLAO4XSxD,,aaaaysimaaaa,Aysima Karçaaltıncaba,True,False,0,AAAABUd7lfoaTxpx3+K7dVgZqiZwaH3N,30,26,2026-07-21T19:20:56Z,aaaaysimaaaa,primary_artist_monthly_listeners,368660,"368,660",Spotify public artist page,false,,1NQCQj6x94ZBEPSODneBHw,spotify:track:1NQCQj6x94ZBEPSODneBHw,https://open.spotify.com/track/1NQCQj6x94ZBEPSODneBHw,The Village of Dwarves,track,4,1,232173,232.173,False,False,True,,https://api.spotify.com/v1/tracks/1NQCQj6x94ZBEPSODneBHw,https://api.spotify.com/v1/tracks/1NQCQj6x94ZBEPSODneBHw,,,DET270002304,,,6T6i4ZLAwRHVOxRaQnC5js,spotify:album:6T6i4ZLAwRHVOxRaQnC5js,https://open.spotify.com/album/6T6i4ZLAwRHVOxRaQnC5js,Dawn of Victory,album,,10,2000,year,,C: (C) 2000 Limb Music,,https://i.scdn.co/image/ab67616d0000b273012217969f1979b6f050068b,,0zQfrabOFYf36Ikb6PXcCY,Rhapsody,spotify:artist:0zQfrabOFYf36Ikb6PXcCY,https://open.spotify.com/artist/0zQfrabOFYf36Ikb6PXcCY,,,,368660,"368,660",false,Spotify public artist page,,https://i.scdn.co/image/ab6761610000e5eb902fae03243cae6e08caf99a,,0zQfrabOFYf36Ikb6PXcCY,Rhapsody,https://open.spotify.com/artist/0zQfrabOFYf36Ikb6PXcCY,"[{""artist_id"": ""0zQfrabOFYf36Ikb6PXcCY"", ""artist_name"": ""Rhapsody"", ""artist_url"": ""https://open.spotify.com/artist/0zQfrabOFYf36Ikb6PXcCY"", ""monthly_listeners"": ""368660"", ""monthly_listeners_display"": ""368,660"", ""is_approx"": ""false"", ""fetch_error"": """"}]","[{""artist_id"": ""0zQfrabOFYf36Ikb6PXcCY"", ""artist_name"": ""Rhapsody"", ""artist_uri"": ""spotify:artist:0zQfrabOFYf36Ikb6PXcCY"", ""artist_url"": ""https://open.spotify.com/artist/0zQfrabOFYf36Ikb6PXcCY"", ""artist_type"": ""artist"", ""artist_genres"": """", ""artist_spotify_api_popularity"": """", ""artist_followers_total"": """", ""artist_image_url"": ""https://i.scdn.co/image/ab6761610000e5eb902fae03243cae6e08caf99a"", ""artist_lookup_error"": """", ""artist_monthly_listeners"": ""368660"", ""artist_monthly_listeners_display"": ""368,660"", ""artist_monthly_listeners_is_approx"": ""false"", ""artist_monthly_listeners_source"": ""Spotify public artist page"", ""artist_monthly_listeners_fetch_error"": """"}]",0,,"{""spotify"": ""https://open.spotify.com/track/1NQCQj6x94ZBEPSODneBHw""}",{}
week1_13july,2026-07-24T08:36:00+00:00,Spotify,Aysima Karçaaltıncaba,aaaaysimaaaa,Week1-User2,Week1-User2,0bhndvZnFWvJLWLAO4XSxD,spotify:playlist:0bhndvZnFWvJLWLAO4XSxD,https://open.spotify.com/playlist/0bhndvZnFWvJLWLAO4XSxD,,aaaaysimaaaa,Aysima Karçaaltıncaba,True,False,0,AAAABUd7lfoaTxpx3+K7dVgZqiZwaH3N,30,27,2026-07-21T19:20:56Z,aaaaysimaaaa,primary_artist_monthly_listeners,239721,"239,721",Spotify public artist page,false,,7ACH45QQtgGPFzWJbiirXN,spotify:track:7ACH45QQtgGPFzWJbiirXN,https://open.spotify.com/track/7ACH45QQtgGPFzWJbiirXN,Rain of Fury,track,4,1,249386,249.386,False,False,True,,https://api.spotify.com/v1/tracks/7ACH45QQtgGPFzWJbiirXN,https://api.spotify.com/v1/tracks/7ACH45QQtgGPFzWJbiirXN,,,DEU601808008,,,3pwQV3i9yTnQPGlwvfNfRg,spotify:album:3pwQV3i9yTnQPGlwvfNfRg,https://open.spotify.com/album/3pwQV3i9yTnQPGlwvfNfRg,The Eighth Mountain,album,,12,2019-02-22,day,,C: 2018 AFM Records; P: 2018 AFM Records,,https://i.scdn.co/image/ab67616d0000b273b9d83c5fa370a475daa69274,,3IjLXN4eSksdGj8uDE4Jm1,Rhapsody Of Fire,spotify:artist:3IjLXN4eSksdGj8uDE4Jm1,https://open.spotify.com/artist/3IjLXN4eSksdGj8uDE4Jm1,,,,239721,"239,721",false,Spotify public artist page,,https://i.scdn.co/image/ab6761610000e5eb5d22c1db6d6eee22dfe54498,,3IjLXN4eSksdGj8uDE4Jm1,Rhapsody Of Fire,https://open.spotify.com/artist/3IjLXN4eSksdGj8uDE4Jm1,"[{""artist_id"": ""3IjLXN4eSksdGj8uDE4Jm1"", ""artist_name"": ""Rhapsody Of Fire"", ""artist_url"": ""https://open.spotify.com/artist/3IjLXN4eSksdGj8uDE4Jm1"", ""monthly_listeners"": ""239721"", ""monthly_listeners_display"": ""239,721"", ""is_approx"": ""false"", ""fetch_error"": """"}]","[{""artist_id"": ""3IjLXN4eSksdGj8uDE4Jm1"", ""artist_name"": ""Rhapsody Of Fire"", ""artist_uri"": ""spotify:artist:3IjLXN4eSksdGj8uDE4Jm1"", ""artist_url"": ""https://open.spotify.com/artist/3IjLXN4eSksdGj8uDE4Jm1"", ""artist_type"": ""artist"", ""artist_genres"": """", ""artist_spotify_api_popularity"": """", ""artist_followers_total"": """", ""artist_image_url"": ""https://i.scdn.co/image/ab6761610000e5eb5d22c1db6d6eee22dfe54498"", ""artist_lookup_error"": """", ""artist_monthly_listeners"": ""239721"", ""artist_monthly_listeners_display"": ""239,721"", ""artist_monthly_listeners_is_approx"": ""false"", ""artist_monthly_listeners_source"": ""Spotify public artist page"", ""artist_monthly_listeners_fetch_error"": """"}]",0,,"{""spotify"": ""https://open.spotify.com/track/7ACH45QQtgGPFzWJbiirXN""}",{}
week1_13july,2026-07-24T08:36:00+00:00,Spotify,Aysima Karçaaltıncaba,aaaaysimaaaa,Week1-User2,Week1-User2,0bhndvZnFWvJLWLAO4XSxD,spotify:playlist:0bhndvZnFWvJLWLAO4XSxD,https://open.spotify.com/playlist/0bhndvZnFWvJLWLAO4XSxD,,aaaaysimaaaa,Aysima Karçaaltıncaba,True,False,0,AAAABUd7lfoaTxpx3+K7dVgZqiZwaH3N,30,28,2026-07-21T19:20:56Z,aaaaysimaaaa,primary_artist_monthly_listeners,49330,"49,330",Spotify public artist page,false,,31BIfWawTAEnp8KsAasy13,spotify:track:31BIfWawTAEnp8KsAasy13,https://open.spotify.com/track/31BIfWawTAEnp8KsAasy13,Mindtraveller,track,5,1,345573,345.573,False,False,True,,https://api.spotify.com/v1/tracks/31BIfWawTAEnp8KsAasy13,https://api.spotify.com/v1/tracks/31BIfWawTAEnp8KsAasy13,,,USMBR1309954,,,4j3Pe9H1HCpbunI1XdQWro,spotify:album:4j3Pe9H1HCpbunI1XdQWro,https://open.spotify.com/album/4j3Pe9H1HCpbunI1XdQWro,Falconer,album,,10,2001-05-08,day,,"C: (C) 2001 Metal Blade Records, Inc.; P: (P) 2001 Metal Blade Records, Inc.",,https://i.scdn.co/image/ab67616d0000b273c15f2c3144e86069239d51f5,,1UKdnbreQFDmPg3Mhcjhkr,Falconer,spotify:artist:1UKdnbreQFDmPg3Mhcjhkr,https://open.spotify.com/artist/1UKdnbreQFDmPg3Mhcjhkr,,,,49330,"49,330",false,Spotify public artist page,,https://i.scdn.co/image/ab6772690000c46c0c66276b714aef58cffe49b7,,1UKdnbreQFDmPg3Mhcjhkr,Falconer,https://open.spotify.com/artist/1UKdnbreQFDmPg3Mhcjhkr,"[{""artist_id"": ""1UKdnbreQFDmPg3Mhcjhkr"", ""artist_name"": ""Falconer"", ""artist_url"": ""https://open.spotify.com/artist/1UKdnbreQFDmPg3Mhcjhkr"", ""monthly_listeners"": ""49330"", ""monthly_listeners_display"": ""49,330"", ""is_approx"": ""false"", ""fetch_error"": """"}]","[{""artist_id"": ""1UKdnbreQFDmPg3Mhcjhkr"", ""artist_name"": ""Falconer"", ""artist_uri"": ""spotify:artist:1UKdnbreQFDmPg3Mhcjhkr"", ""artist_url"": ""https://open.spotify.com/artist/1UKdnbreQFDmPg3Mhcjhkr"", ""artist_type"": ""artist"", ""artist_genres"": """", ""artist_spotify_api_popularity"": """", ""artist_followers_total"": """", ""artist_image_url"": ""https://i.scdn.co/image/ab6772690000c46c0c66276b714aef58cffe49b7"", ""artist_lookup_error"": """", ""artist_monthly_listeners"": ""49330"", ""artist_monthly_listeners_display"": ""49,330"", ""artist_monthly_listeners_is_approx"": ""false"", ""artist_monthly_listeners_source"": ""Spotify public artist page"", ""artist_monthly_listeners_fetch_error"": """"}]",0,,"{""spotify"": ""https://open.spotify.com/track/31BIfWawTAEnp8KsAasy13""}",{}
week1_13july,2026-07-24T08:36:00+00:00,Spotify,Aysima Karçaaltıncaba,aaaaysimaaaa,Week1-User2,Week1-User2,0bhndvZnFWvJLWLAO4XSxD,spotify:playlist:0bhndvZnFWvJLWLAO4XSxD,https://open.spotify.com/playlist/0bhndvZnFWvJLWLAO4XSxD,,aaaaysimaaaa,Aysima Karçaaltıncaba,True,False,0,AAAABUd7lfoaTxpx3+K7dVgZqiZwaH3N,30,29,2026-07-21T19:20:56Z,aaaaysimaaaa,primary_artist_monthly_listeners,50778,"50,778",Spotify public artist page,false,,4i3L5DHB4W2CzKtaUdeDkC,spotify:track:4i3L5DHB4W2CzKtaUdeDkC,https://open.spotify.com/track/4i3L5DHB4W2CzKtaUdeDkC,Wings of Steel,track,2,1,203546,203.546,False,False,True,,https://api.spotify.com/v1/tracks/4i3L5DHB4W2CzKtaUdeDkC,https://api.spotify.com/v1/tracks/4i3L5DHB4W2CzKtaUdeDkC,,,uscgh2281070,,,4Rzk8EU6um8ETgCUatThYv,spotify:album:4Rzk8EU6um8ETgCUatThYv,https://open.spotify.com/album/4Rzk8EU6um8ETgCUatThYv,Wings of Steel,single,,5,2022-03-11,day,,C: 2022 Wings of Steel; P: 2022 Wings of Steel,,https://i.scdn.co/image/ab67616d0000b2739c6291976636fd4718a37d04,,0y43lCvntQtyFlhCABGb0T,Wings of Steel,spotify:artist:0y43lCvntQtyFlhCABGb0T,https://open.spotify.com/artist/0y43lCvntQtyFlhCABGb0T,,,,50778,"50,778",false,Spotify public artist page,,https://i.scdn.co/image/ab6761610000e5ebf0ec514bb1af4546a9f63f24,,0y43lCvntQtyFlhCABGb0T,Wings of Steel,https://open.spotify.com/artist/0y43lCvntQtyFlhCABGb0T,"[{""artist_id"": ""0y43lCvntQtyFlhCABGb0T"", ""artist_name"": ""Wings of Steel"", ""artist_url"": ""https://open.spotify.com/artist/0y43lCvntQtyFlhCABGb0T"", ""monthly_listeners"": ""50778"", ""monthly_listeners_display"": ""50,778"", ""is_approx"": ""false"", ""fetch_error"": """"}]","[{""artist_id"": ""0y43lCvntQtyFlhCABGb0T"", ""artist_name"": ""Wings of Steel"", ""artist_uri"": ""spotify:artist:0y43lCvntQtyFlhCABGb0T"", ""artist_url"": ""https://open.spotify.com/artist/0y43lCvntQtyFlhCABGb0T"", ""artist_type"": ""artist"", ""artist_genres"": """", ""artist_spotify_api_popularity"": """", ""artist_followers_total"": """", ""artist_image_url"": ""https://i.scdn.co/image/ab6761610000e5ebf0ec514bb1af4546a9f63f24"", ""artist_lookup_error"": """", ""artist_monthly_listeners"": ""50778"", ""artist_monthly_listeners_display"": ""50,778"", ""artist_monthly_listeners_is_approx"": ""false"", ""artist_monthly_listeners_source"": ""Spotify public artist page"", ""artist_monthly_listeners_fetch_error"": """"}]",0,,"{""spotify"": ""https://open.spotify.com/track/4i3L5DHB4W2CzKtaUdeDkC""}",{}
week1_13july,2026-07-24T08:36:00+00:00,Spotify,Aysima Karçaaltıncaba,aaaaysimaaaa,Week1-User2,Week1-User2,0bhndvZnFWvJLWLAO4XSxD,spotify:playlist:0bhndvZnFWvJLWLAO4XSxD,https://open.spotify.com/playlist/0bhndvZnFWvJLWLAO4XSxD,,aaaaysimaaaa,Aysima Karçaaltıncaba,True,False,0,AAAABUd7lfoaTxpx3+K7dVgZqiZwaH3N,30,30,2026-07-21T19:20:56Z,aaaaysimaaaa,primary_artist_monthly_listeners,69375,"69,375",Spotify public artist page,false,,0ASc6EqyR29pOrdrkpzYHq,spotify:track:0ASc6EqyR29pOrdrkpzYHq,https://open.spotify.com/track/0ASc6EqyR29pOrdrkpzYHq,Lost in Your Eyes,track,2,1,228464,228.464,False,False,True,,https://api.spotify.com/v1/tracks/0ASc6EqyR29pOrdrkpzYHq,https://api.spotify.com/v1/tracks/0ASc6EqyR29pOrdrkpzYHq,,,DEU600902761,,,0pSzBJY7Ou2BkA16eYsKg0,spotify:album:0pSzBJY7Ou2BkA16eYsKg0,https://open.spotify.com/album/0pSzBJY7Ou2BkA16eYsKg0,Carpe Diem,album,,9,2009-12-18,day,,C: 2009 AFM Records; P: 2009 AFM Records,,https://i.scdn.co/image/ab67616d0000b273485c6d37aef458889e10f30d,,7j3etSXgd9ZLYIUW7KWnpd,Heavenly,spotify:artist:7j3etSXgd9ZLYIUW7KWnpd,https://open.spotify.com/artist/7j3etSXgd9ZLYIUW7KWnpd,,,,69375,"69,375",false,Spotify public artist page,,https://i.scdn.co/image/ab6772690000c46ce1dbce8d74b9d4d5066ebf7a,,7j3etSXgd9ZLYIUW7KWnpd,Heavenly,https://open.spotify.com/artist/7j3etSXgd9ZLYIUW7KWnpd,"[{""artist_id"": ""7j3etSXgd9ZLYIUW7KWnpd"", ""artist_name"": ""Heavenly"", ""artist_url"": ""https://open.spotify.com/artist/7j3etSXgd9ZLYIUW7KWnpd"", ""monthly_listeners"": ""69375"", ""monthly_listeners_display"": ""69,375"", ""is_approx"": ""false"", ""fetch_error"": """"}]","[{""artist_id"": ""7j3etSXgd9ZLYIUW7KWnpd"", ""artist_name"": ""Heavenly"", ""artist_uri"": ""spotify:artist:7j3etSXgd9ZLYIUW7KWnpd"", ""artist_url"": ""https://open.spotify.com/artist/7j3etSXgd9ZLYIUW7KWnpd"", ""artist_type"": ""artist"", ""artist_genres"": """", ""artist_spotify_api_popularity"": """", ""artist_followers_total"": """", ""artist_image_url"": ""https://i.scdn.co/image/ab6772690000c46ce1dbce8d74b9d4d5066ebf7a"", ""artist_lookup_error"": """", ""artist_monthly_listeners"": ""69375"", ""artist_monthly_listeners_display"": ""69,375"", ""artist_monthly_listeners_is_approx"": ""false"", ""artist_monthly_listeners_source"": ""Spotify public artist page"", ""artist_monthly_listeners_fetch_error"": """"}]",0,,"{""spotify"": ""https://open.spotify.com/track/0ASc6EqyR29pOrdrkpzYHq""}",{}
week1_13july,2026-07-24T08:36:00+00:00,Spotify,Aysima Karçaaltıncaba,aaaaysimaaaa,Week1-User3,Week1-User3,73b83d4fpud64FLpYqCGjD,spotify:playlist:73b83d4fpud64FLpYqCGjD,https://open.spotify.com/playlist/73b83d4fpud64FLpYqCGjD,,aaaaysimaaaa,Aysima Karçaaltıncaba,True,False,0,AAAABFQz1G1SzWm0Xis7SGc1sFRc/Bg0,30,1,2026-07-21T19:21:25Z,aaaaysimaaaa,primary_artist_monthly_listeners,3115408,"3,115,408",Spotify public artist page,false,,1MoEyYsa9Y0FvApwLskO1l,spotify:track:1MoEyYsa9Y0FvApwLskO1l,https://open.spotify.com/track/1MoEyYsa9Y0FvApwLskO1l,Ghost Division,track,2,1,231186,231.186,False,False,True,,https://api.spotify.com/v1/tracks/1MoEyYsa9Y0FvApwLskO1l,https://api.spotify.com/v1/tracks/1MoEyYsa9Y0FvApwLskO1l,,,SE2EG1000402,,,0ByHC8GAef76h66JrvigzE,spotify:album:0ByHC8GAef76h66JrvigzE,https://open.spotify.com/album/0ByHC8GAef76h66JrvigzE,The Art of War (Re-Armed),album,,17,2010-09-24,day,,C: 2010 Nuclear Blast; P: 2010 Nuclear Blast,,https://i.scdn.co/image/ab67616d0000b273052d58444fff15346b74f242,,3o2dn2O0FCVsWDFSh8qxgG,Sabaton,spotify:artist:3o2dn2O0FCVsWDFSh8qxgG,https://open.spotify.com/artist/3o2dn2O0FCVsWDFSh8qxgG,,,,3115408,"3,115,408",false,Spotify public artist page,,https://i.scdn.co/image/ab6761610000e5ebfc0524cca1171fac8678f4bf,,3o2dn2O0FCVsWDFSh8qxgG,Sabaton,https://open.spotify.com/artist/3o2dn2O0FCVsWDFSh8qxgG,"[{""artist_id"": ""3o2dn2O0FCVsWDFSh8qxgG"", ""artist_name"": ""Sabaton"", ""artist_url"": ""https://open.spotify.com/artist/3o2dn2O0FCVsWDFSh8qxgG"", ""monthly_listeners"": ""3115408"", ""monthly_listeners_display"": ""3,115,408"", ""is_approx"": ""false"", ""fetch_error"": """"}]","[{""artist_id"": ""3o2dn2O0FCVsWDFSh8qxgG"", ""artist_name"": ""Sabaton"", ""artist_uri"": ""spotify:artist:3o2dn2O0FCVsWDFSh8qxgG"", ""artist_url"": ""https://open.spotify.com/artist/3o2dn2O0FCVsWDFSh8qxgG"", ""artist_type"": ""artist"", ""artist_genres"": """", ""artist_spotify_api_popularity"": """", ""artist_followers_total"": """", ""artist_image_url"": ""https://i.scdn.co/image/ab6761610000e5ebfc0524cca1171fac8678f4bf"", ""artist_lookup_error"": """", ""artist_monthly_listeners"": ""3115408"", ""artist_monthly_listeners_display"": ""3,115,408"", ""artist_monthly_listeners_is_approx"": ""false"", ""artist_monthly_listeners_source"": ""Spotify public artist page"", ""artist_monthly_listeners_fetch_error"": """"}]",0,,"{""spotify"": ""https://open.spotify.com/track/1MoEyYsa9Y0FvApwLskO1l""}",{}
week1_13july,2026-07-24T08:36:00+00:00,Spotify,Aysima Karçaaltıncaba,aaaaysimaaaa,Week1-User3,Week1-User3,73b83d4fpud64FLpYqCGjD,spotify:playlist:73b83d4fpud64FLpYqCGjD,https://open.spotify.com/playlist/73b83d4fpud64FLpYqCGjD,,aaaaysimaaaa,Aysima Karçaaltıncaba,True,False,0,AAAABFQz1G1SzWm0Xis7SGc1sFRc/Bg0,30,2,2026-07-21T19:21:25Z,aaaaysimaaaa,primary_artist_monthly_listeners,845438,"845,438",Spotify public artist page,false,,3HQVanEnLlPtywbJai0uiG,spotify:track:3HQVanEnLlPtywbJai0uiG,https://open.spotify.com/track/3HQVanEnLlPtywbJai0uiG,Hunting High And Low,track,1,1,248666,248.666,False,False,True,,https://api.spotify.com/v1/tracks/3HQVanEnLlPtywbJai0uiG,https://api.spotify.com/v1/tracks/3HQVanEnLlPtywbJai0uiG,,,DEH841000203,,,3AQEnSSwH63u9D6G9T6ozL,spotify:album:3AQEnSSwH63u9D6G9T6ozL,https://open.spotify.com/album/3AQEnSSwH63u9D6G9T6ozL,Infinite,album,,10,2000-03-28,day,,C: 2000 Stratovarius under exclusive license to Odyssey Music Network GmbH; P: 2000 Stratovarius under exclusive license to Odyssey Music Network GmbH,,https://i.scdn.co/image/ab67616d0000b273b0ae81f14787f57881a9ee7f,,1O8CSXsPwEqxcoBE360PPO,Stratovarius,spotify:artist:1O8CSXsPwEqxcoBE360PPO,https://open.spotify.com/artist/1O8CSXsPwEqxcoBE360PPO,,,,845438,"845,438",false,Spotify public artist page,,https://i.scdn.co/image/ab6761610000e5eb4733f393ad04f47b31edaadb,,1O8CSXsPwEqxcoBE360PPO,Stratovarius,https://open.spotify.com/artist/1O8CSXsPwEqxcoBE360PPO,"[{""artist_id"": ""1O8CSXsPwEqxcoBE360PPO"", ""artist_name"": ""Stratovarius"", ""artist_url"": ""https://open.spotify.com/artist/1O8CSXsPwEqxcoBE360PPO"", ""monthly_listeners"": ""845438"", ""monthly_listeners_display"": ""845,438"", ""is_approx"": ""false"", ""fetch_error"": """"}]","[{""artist_id"": ""1O8CSXsPwEqxcoBE360PPO"", ""artist_name"": ""Stratovarius"", ""artist_uri"": ""spotify:artist:1O8CSXsPwEqxcoBE360PPO"", ""artist_url"": ""https://open.spotify.com/artist/1O8CSXsPwEqxcoBE360PPO"", ""artist_type"": ""artist"", ""artist_genres"": """", ""artist_spotify_api_popularity"": """", ""artist_followers_total"": """", ""artist_image_url"": ""https://i.scdn.co/image/ab6761610000e5eb4733f393ad04f47b31edaadb"", ""artist_lookup_error"": """", ""artist_monthly_listeners"": ""845438"", ""artist_monthly_listeners_display"": ""845,438"", ""artist_monthly_listeners_is_approx"": ""false"", ""artist_monthly_listeners_source"": ""Spotify public artist page"", ""artist_monthly_listeners_fetch_error"": """"}]",0,,"{""spotify"": ""https://open.spotify.com/track/3HQVanEnLlPtywbJai0uiG""}",{}
week1_13july,2026-07-24T08:36:00+00:00,Spotify,Aysima Karçaaltıncaba,aaaaysimaaaa,Week1-User3,Week1-User3,73b83d4fpud64FLpYqCGjD,spotify:playlist:73b83d4fpud64FLpYqCGjD,https://open.spotify.com/playlist/73b83d4fpud64FLpYqCGjD,,aaaaysimaaaa,Aysima Karçaaltıncaba,True,False,0,AAAABFQz1G1SzWm0Xis7SGc1sFRc/Bg0,30,3,2026-07-21T19:21:25Z,aaaaysimaaaa,primary_artist_monthly_listeners,57678,"57,678",Spotify public artist page,false,,4mJmi9z3o1B6k2vry39Ufh,spotify:track:4mJmi9z3o1B6k2vry39Ufh,https://open.spotify.com/track/4mJmi9z3o1B6k2vry39Ufh,Heavy Metal Never Dies,track,5,1,254386,254.386,False,False,True,,https://api.spotify.com/v1/tracks/4mJmi9z3o1B6k2vry39Ufh,https://api.spotify.com/v1/tracks/4mJmi9z3o1B6k2vry39Ufh,,,DEU601103715,,,2UhgoMIFgbaiLHuiB0qjHU,spotify:album:2UhgoMIFgbaiLHuiB0qjHU,https://open.spotify.com/album/2UhgoMIFgbaiLHuiB0qjHU,The Landing,album,,11,2011-11-18,day,,C: 2011 AFM Records; P: 2011 AFM Records,,https://i.scdn.co/image/ab67616d0000b27396cd0b3287f32ec509c46fed,,6COmyouHXwCeIGS1IFd1PA,Iron Savior,spotify:artist:6COmyouHXwCeIGS1IFd1PA,https://open.spotify.com/artist/6COmyouHXwCeIGS1IFd1PA,,,,57678,"57,678",false,Spotify public artist page,,https://i.scdn.co/image/ab6761610000e5ebb3e6e0ca2f30c6aefc2363ae,,6COmyouHXwCeIGS1IFd1PA,Iron Savior,https://open.spotify.com/artist/6COmyouHXwCeIGS1IFd1PA,"[{""artist_id"": ""6COmyouHXwCeIGS1IFd1PA"", ""artist_name"": ""Iron Savior"", ""artist_url"": ""https://open.spotify.com/artist/6COmyouHXwCeIGS1IFd1PA"", ""monthly_listeners"": ""57678"", ""monthly_listeners_display"": ""57,678"", ""is_approx"": ""false"", ""fetch_error"": """"}]","[{""artist_id"": ""6COmyouHXwCeIGS1IFd1PA"", ""artist_name"": ""Iron Savior"", ""artist_uri"": ""spotify:artist:6COmyouHXwCeIGS1IFd1PA"", ""artist_url"": ""https://open.spotify.com/artist/6COmyouHXwCeIGS1IFd1PA"", ""artist_type"": ""artist"", ""artist_genres"": """", ""artist_spotify_api_popularity"": """", ""artist_followers_total"": """", ""artist_image_url"": ""https://i.scdn.co/image/ab6761610000e5ebb3e6e0ca2f30c6aefc2363ae"", ""artist_lookup_error"": """", ""artist_monthly_listeners"": ""57678"", ""artist_monthly_listeners_display"": ""57,678"", ""artist_monthly_listeners_is_approx"": ""false"", ""artist_monthly_listeners_source"": ""Spotify public artist page"", ""artist_monthly_listeners_fetch_error"": """"}]",0,,"{""spotify"": ""https://open.spotify.com/track/4mJmi9z3o1B6k2vry39Ufh""}",{}
week1_13july,2026-07-24T08:36:00+00:00,Spotify,Aysima Karçaaltıncaba,aaaaysimaaaa,Week1-User3,Week1-User3,73b83d4fpud64FLpYqCGjD,spotify:playlist:73b83d4fpud64FLpYqCGjD,https://open.spotify.com/playlist/73b83d4fpud64FLpYqCGjD,,aaaaysimaaaa,Aysima Karçaaltıncaba,True,False,0,AAAABFQz1G1SzWm0Xis7SGc1sFRc/Bg0,30,4,2026-07-21T19:21:25Z,aaaaysimaaaa,primary_artist_monthly_listeners,53997,"53,997",Spotify public artist page,false,,3hfgxj1PpTUUdgU0P8Nt7e,spotify:track:3hfgxj1PpTUUdgU0P8Nt7e,https://open.spotify.com/track/3hfgxj1PpTUUdgU0P8Nt7e,Down from the Mountain,track,2,1,246295,246.295,False,False,True,,https://api.spotify.com/v1/tracks/3hfgxj1PpTUUdgU0P8Nt7e,https://api.spotify.com/v1/tracks/3hfgxj1PpTUUdgU0P8Nt7e,,,ITG271400092,,,7hoWTaACeZE1m9HSYY73aS,spotify:album:7hoWTaACeZE1m9HSYY73aS,https://open.spotify.com/album/7hoWTaACeZE1m9HSYY73aS,The Great Divide,album,,10,2014-10-17,day,,C: (C) 2014 Frontiers Records,,https://i.scdn.co/image/ab67616d0000b27309cd30cabc7f20c982de226c,,2hxa4ytcni5FUIK8IR27tX,Allen Lande,spotify:artist:2hxa4ytcni5FUIK8IR27tX,https://open.spotify.com/artist/2hxa4ytcni5FUIK8IR27tX,,,,53997,"53,997",false,Spotify public artist page,,https://i.scdn.co/image/ab67616d0000b27309cd30cabc7f20c982de226c,,2hxa4ytcni5FUIK8IR27tX,Allen Lande,https://open.spotify.com/artist/2hxa4ytcni5FUIK8IR27tX,"[{""artist_id"": ""2hxa4ytcni5FUIK8IR27tX"", ""artist_name"": ""Allen Lande"", ""artist_url"": ""https://open.spotify.com/artist/2hxa4ytcni5FUIK8IR27tX"", ""monthly_listeners"": ""53997"", ""monthly_listeners_display"": ""53,997"", ""is_approx"": ""false"", ""fetch_error"": """"}]","[{""artist_id"": ""2hxa4ytcni5FUIK8IR27tX"", ""artist_name"": ""Allen Lande"", ""artist_uri"": ""spotify:artist:2hxa4ytcni5FUIK8IR27tX"", ""artist_url"": ""https://open.spotify.com/artist/2hxa4ytcni5FUIK8IR27tX"", ""artist_type"": ""artist"", ""artist_genres"": """", ""artist_spotify_api_popularity"": """", ""artist_followers_total"": """", ""artist_image_url"": ""https://i.scdn.co/image/ab67616d0000b27309cd30cabc7f20c982de226c"", ""artist_lookup_error"": """", ""artist_monthly_listeners"": ""53997"", ""artist_monthly_listeners_display"": ""53,997"", ""artist_monthly_listeners_is_approx"": ""false"", ""artist_monthly_listeners_source"": ""Spotify public artist page"", ""artist_monthly_listeners_fetch_error"": """"}]",0,,"{""spotify"": ""https://open.spotify.com/track/3hfgxj1PpTUUdgU0P8Nt7e""}",{}
week1_13july,2026-07-24T08:36:00+00:00,Spotify,Aysima Karçaaltıncaba,aaaaysimaaaa,Week1-User3,Week1-User3,73b83d4fpud64FLpYqCGjD,spotify:playlist:73b83d4fpud64FLpYqCGjD,https://open.spotify.com/playlist/73b83d4fpud64FLpYqCGjD,,aaaaysimaaaa,Aysima Karçaaltıncaba,True,False,0,AAAABFQz1G1SzWm0Xis7SGc1sFRc/Bg0,30,5,2026-07-21T19:21:25Z,aaaaysimaaaa,primary_artist_monthly_listeners,25447,"25,447",Spotify public artist page,false,,09OnB8xeghs8FRnu4dJKmU,spotify:track:09OnB8xeghs8FRnu4dJKmU,https://open.spotify.com/track/09OnB8xeghs8FRnu4dJKmU,Still Alive,track,3,1,242626,242.626,False,False,True,,https://api.spotify.com/v1/tracks/09OnB8xeghs8FRnu4dJKmU,https://api.spotify.com/v1/tracks/09OnB8xeghs8FRnu4dJKmU,,,US4E40529203,,,4QMOKIrJCvPTwbimx6uB26,spotify:album:4QMOKIrJCvPTwbimx6uB26,https://open.spotify.com/album/4QMOKIrJCvPTwbimx6uB26,Grand Illusion,album,,10,2006-07-13,day,,P: (P) 2005 Century Media Records Ltd.,,https://i.scdn.co/image/ab67616d0000b273d43cad94e8d49fd67f0c8928,,0dSoaJ8iEP3aid30p18O2g,Nocturnal Rites,spotify:artist:0dSoaJ8iEP3aid30p18O2g,https://open.spotify.com/artist/0dSoaJ8iEP3aid30p18O2g,,,,25447,"25,447",false,Spotify public artist page,,https://i.scdn.co/image/ab6772690000c46c16a47c3d98bb7ee498dfcc48,,0dSoaJ8iEP3aid30p18O2g,Nocturnal Rites,https://open.spotify.com/artist/0dSoaJ8iEP3aid30p18O2g,"[{""artist_id"": ""0dSoaJ8iEP3aid30p18O2g"", ""artist_name"": ""Nocturnal Rites"", ""artist_url"": ""https://open.spotify.com/artist/0dSoaJ8iEP3aid30p18O2g"", ""monthly_listeners"": ""25447"", ""monthly_listeners_display"": ""25,447"", ""is_approx"": ""false"", ""fetch_error"": """"}]","[{""artist_id"": ""0dSoaJ8iEP3aid30p18O2g"", ""artist_name"": ""Nocturnal Rites"", ""artist_uri"": ""spotify:artist:0dSoaJ8iEP3aid30p18O2g"", ""artist_url"": ""https://open.spotify.com/artist/0dSoaJ8iEP3aid30p18O2g"", ""artist_type"": ""artist"", ""artist_genres"": """", ""artist_spotify_api_popularity"": """", ""artist_followers_total"": """", ""artist_image_url"": ""https://i.scdn.co/image/ab6772690000c46c16a47c3d98bb7ee498dfcc48"", ""artist_lookup_error"": """", ""artist_monthly_listeners"": ""25447"", ""artist_monthly_listeners_display"": ""25,447"", ""artist_monthly_listeners_is_approx"": ""false"", ""artist_monthly_listeners_source"": ""Spotify public artist page"", ""artist_monthly_listeners_fetch_error"": """"}]",0,,"{""spotify"": ""https://open.spotify.com/track/09OnB8xeghs8FRnu4dJKmU""}",{}
week1_13july,2026-07-24T08:36:00+00:00,Spotify,Aysima Karçaaltıncaba,aaaaysimaaaa,Week1-User3,Week1-User3,73b83d4fpud64FLpYqCGjD,spotify:playlist:73b83d4fpud64FLpYqCGjD,https://open.spotify.com/playlist/73b83d4fpud64FLpYqCGjD,,aaaaysimaaaa,Aysima Karçaaltıncaba,True,False,0,AAAABFQz1G1SzWm0Xis7SGc1sFRc/Bg0,30,6,2026-07-21T19:21:25Z,aaaaysimaaaa,primary_artist_monthly_listeners,105691,"105,691",Spotify public artist page,false,,0V2Jge35CQn1Hc9hNBmdbm,spotify:track:0V2Jge35CQn1Hc9hNBmdbm,https://open.spotify.com/track/0V2Jge35CQn1Hc9hNBmdbm,The End Is Near,track,2,1,266964,266.964,False,False,True,,https://api.spotify.com/v1/tracks/0V2Jge35CQn1Hc9hNBmdbm,https://api.spotify.com/v1/tracks/0V2Jge35CQn1Hc9hNBmdbm,,,ITG271600027,,,4Y726zsgHLeScKFCe8CgeL,spotify:album:4Y726zsgHLeScKFCe8CgeL,https://open.spotify.com/album/4Y726zsgHLeScKFCe8CgeL,Rulebreaker,album,,14,2016-01-29,day,,C: (C) 2016 Reigning Phoenix Music; P: (P) 2016 Reigning Phoenix Music,,https://i.scdn.co/image/ab67616d0000b273f697ada0466f413cacf8052a,,1yfiDL3YUEJlQCgb5Pun6g,Primal Fear,spotify:artist:1yfiDL3YUEJlQCgb5Pun6g,https://open.spotify.com/artist/1yfiDL3YUEJlQCgb5Pun6g,,,,105691,"105,691",false,Spotify public artist page,,https://i.scdn.co/image/ab6761610000e5ebd8360d0ed8fe9dd3fd04fb45,,1yfiDL3YUEJlQCgb5Pun6g,Primal Fear,https://open.spotify.com/artist/1yfiDL3YUEJlQCgb5Pun6g,"[{""artist_id"": ""1yfiDL3YUEJlQCgb5Pun6g"", ""artist_name"": ""Primal Fear"", ""artist_url"": ""https://open.spotify.com/artist/1yfiDL3YUEJlQCgb5Pun6g"", ""monthly_listeners"": ""105691"", ""monthly_listeners_display"": ""105,691"", ""is_approx"": ""false"", ""fetch_error"": """"}]","[{""artist_id"": ""1yfiDL3YUEJlQCgb5Pun6g"", ""artist_name"": ""Primal Fear"", ""artist_uri"": ""spotify:artist:1yfiDL3YUEJlQCgb5Pun6g"", ""artist_url"": ""https://open.spotify.com/artist/1yfiDL3YUEJlQCgb5Pun6g"", ""artist_type"": ""artist"", ""artist_genres"": """", ""artist_spotify_api_popularity"": """", ""artist_followers_total"": """", ""artist_image_url"": ""https://i.scdn.co/image/ab6761610000e5ebd8360d0ed8fe9dd3fd04fb45"", ""artist_lookup_error"": """", ""artist_monthly_listeners"": ""105691"", ""artist_monthly_listeners_display"": ""105,691"", ""artist_monthly_listeners_is_approx"": ""false"", ""artist_monthly_listeners_source"": ""Spotify public artist page"", ""artist_monthly_listeners_fetch_error"": """"}]",0,,"{""spotify"": ""https://open.spotify.com/track/0V2Jge35CQn1Hc9hNBmdbm""}",{}
week1_13july,2026-07-24T08:36:00+00:00,Spotify,Aysima Karçaaltıncaba,aaaaysimaaaa,Week1-User3,Week1-User3,73b83d4fpud64FLpYqCGjD,spotify:playlist:73b83d4fpud64FLpYqCGjD,https://open.spotify.com/playlist/73b83d4fpud64FLpYqCGjD,,aaaaysimaaaa,Aysima Karçaaltıncaba,True,False,0,AAAABFQz1G1SzWm0Xis7SGc1sFRc/Bg0,30,7,2026-07-21T19:21:25Z,aaaaysimaaaa,primary_artist_monthly_listeners,170740,"170,740",Spotify public artist page,false,,3OdsSVAdClWuGRF9ZKslLA,spotify:track:3OdsSVAdClWuGRF9ZKslLA,https://open.spotify.com/track/3OdsSVAdClWuGRF9ZKslLA,Valley of the Kings,track,7,1,230840,230.840,False,False,True,,https://api.spotify.com/v1/tracks/3OdsSVAdClWuGRF9ZKslLA,https://api.spotify.com/v1/tracks/3OdsSVAdClWuGRF9ZKslLA,,,DEA249700063,,,63kN7mWPHfGQY3zkGyE8JV,spotify:album:63kN7mWPHfGQY3zkGyE8JV,https://open.spotify.com/album/63kN7mWPHfGQY3zkGyE8JV,Somewhere out in Space,album,,15,1997-08-25,day,,"C: 2022 earMUSIC, a label of Edel Music & Entertainment GmbH.; P: 1997 Gamma Ray / earMUSIC, a label of Edel Music & Entertainment GmbH.",,https://i.scdn.co/image/ab67616d0000b273f48a71b40a14122257dcd819,,6LZE884lDIsCSLHuTplfGp,Gamma Ray,spotify:artist:6LZE884lDIsCSLHuTplfGp,https://open.spotify.com/artist/6LZE884lDIsCSLHuTplfGp,,,,170740,"170,740",false,Spotify public artist page,,https://i.scdn.co/image/ab6772690000c46c1110b1a024312710e7c796c4,,6LZE884lDIsCSLHuTplfGp,Gamma Ray,https://open.spotify.com/artist/6LZE884lDIsCSLHuTplfGp,"[{""artist_id"": ""6LZE884lDIsCSLHuTplfGp"", ""artist_name"": ""Gamma Ray"", ""artist_url"": ""https://open.spotify.com/artist/6LZE884lDIsCSLHuTplfGp"", ""monthly_listeners"": ""170740"", ""monthly_listeners_display"": ""170,740"", ""is_approx"": ""false"", ""fetch_error"": """"}]","[{""artist_id"": ""6LZE884lDIsCSLHuTplfGp"", ""artist_name"": ""Gamma Ray"", ""artist_uri"": ""spotify:artist:6LZE884lDIsCSLHuTplfGp"", ""artist_url"": ""https://open.spotify.com/artist/6LZE884lDIsCSLHuTplfGp"", ""artist_type"": ""artist"", ""artist_genres"": """", ""artist_spotify_api_popularity"": """", ""artist_followers_total"": """", ""artist_image_url"": ""https://i.scdn.co/image/ab6772690000c46c1110b1a024312710e7c796c4"", ""artist_lookup_error"": """", ""artist_monthly_listeners"": ""170740"", ""artist_monthly_listeners_display"": ""170,740"", ""artist_monthly_listeners_is_approx"": ""false"", ""artist_monthly_listeners_source"": ""Spotify public artist page"", ""artist_monthly_listeners_fetch_error"": """"}]",0,,"{""spotify"": ""https://open.spotify.com/track/3OdsSVAdClWuGRF9ZKslLA""}",{}
week1_13july,2026-07-24T08:36:00+00:00,Spotify,Aysima Karçaaltıncaba,aaaaysimaaaa,Week1-User3,Week1-User3,73b83d4fpud64FLpYqCGjD,spotify:playlist:73b83d4fpud64FLpYqCGjD,https://open.spotify.com/playlist/73b83d4fpud64FLpYqCGjD,,aaaaysimaaaa,Aysima Karçaaltıncaba,True,False,0,AAAABFQz1G1SzWm0Xis7SGc1sFRc/Bg0,30,8,2026-07-21T19:21:25Z,aaaaysimaaaa,primary_artist_monthly_listeners,290277,"290,277",Spotify public artist page,false,,4wEtmW6jIuPQ8NTYHbkOGm,spotify:track:4wEtmW6jIuPQ8NTYHbkOGm,https://open.spotify.com/track/4wEtmW6jIuPQ8NTYHbkOGm,King of Fools,track,10,1,215320,215.320,False,False,True,,https://api.spotify.com/v1/tracks/4wEtmW6jIuPQ8NTYHbkOGm,https://api.spotify.com/v1/tracks/4wEtmW6jIuPQ8NTYHbkOGm,,,DED830370705,,,0ilazW0ucXedFYUgKFZkqT,spotify:album:0ilazW0ucXedFYUgKFZkqT,https://open.spotify.com/album/0ilazW0ucXedFYUgKFZkqT,The Singles,album,,14,2008-11-14,day,,C: 2008 Nuclear Blast; P: 2008 Nuclear Blast,,https://i.scdn.co/image/ab67616d0000b273834529912144b18eb39d773b,,3AGFqPP3gt5rMSvhR87Xxu,Edguy,spotify:artist:3AGFqPP3gt5rMSvhR87Xxu,https://open.spotify.com/artist/3AGFqPP3gt5rMSvhR87Xxu,,,,290277,"290,277",false,Spotify public artist page,,https://i.scdn.co/image/ab6772690000c46cec078670d746fddbe7674e78,,3AGFqPP3gt5rMSvhR87Xxu,Edguy,https://open.spotify.com/artist/3AGFqPP3gt5rMSvhR87Xxu,"[{""artist_id"": ""3AGFqPP3gt5rMSvhR87Xxu"", ""artist_name"": ""Edguy"", ""artist_url"": ""https://open.spotify.com/artist/3AGFqPP3gt5rMSvhR87Xxu"", ""monthly_listeners"": ""290277"", ""monthly_listeners_display"": ""290,277"", ""is_approx"": ""false"", ""fetch_error"": """"}]","[{""artist_id"": ""3AGFqPP3gt5rMSvhR87Xxu"", ""artist_name"": ""Edguy"", ""artist_uri"": ""spotify:artist:3AGFqPP3gt5rMSvhR87Xxu"", ""artist_url"": ""https://open.spotify.com/artist/3AGFqPP3gt5rMSvhR87Xxu"", ""artist_type"": ""artist"", ""artist_genres"": """", ""artist_spotify_api_popularity"": """", ""artist_followers_total"": """", ""artist_image_url"": ""https://i.scdn.co/image/ab6772690000c46cec078670d746fddbe7674e78"", ""artist_lookup_error"": """", ""artist_monthly_listeners"": ""290277"", ""artist_monthly_listeners_display"": ""290,277"", ""artist_monthly_listeners_is_approx"": ""false"", ""artist_monthly_listeners_source"": ""Spotify public artist page"", ""artist_monthly_listeners_fetch_error"": """"}]",0,,"{""spotify"": ""https://open.spotify.com/track/4wEtmW6jIuPQ8NTYHbkOGm""}",{}
week1_13july,2026-07-24T08:36:00+00:00,Spotify,Aysima Karçaaltıncaba,aaaaysimaaaa,Week1-User3,Week1-User3,73b83d4fpud64FLpYqCGjD,spotify:playlist:73b83d4fpud64FLpYqCGjD,https://open.spotify.com/playlist/73b83d4fpud64FLpYqCGjD,,aaaaysimaaaa,Aysima Karçaaltıncaba,True,False,0,AAAABFQz1G1SzWm0Xis7SGc1sFRc/Bg0,30,9,2026-07-21T19:21:25Z,aaaaysimaaaa,primary_artist_monthly_listeners,758547,"758,547",Spotify public artist page,false,,2x9DbLmcA7V3OZQHSq7I4L,spotify:track:2x9DbLmcA7V3OZQHSq7I4L,https://open.spotify.com/track/2x9DbLmcA7V3OZQHSq7I4L,"Silent Night, Bodom Night",track,2,1,192760,192.760,False,False,True,,https://api.spotify.com/v1/tracks/2x9DbLmcA7V3OZQHSq7I4L,https://api.spotify.com/v1/tracks/2x9DbLmcA7V3OZQHSq7I4L,,,FISFS9800106,,,5ZY4RdeHkyyl3QM5i17Cn3,spotify:album:5ZY4RdeHkyyl3QM5i17Cn3,https://open.spotify.com/album/5ZY4RdeHkyyl3QM5i17Cn3,Hatebreeder,album,,11,1999-05-03,day,,C: 2008 Spin-Farm Oy; P: 2008 Spin-Farm Oy,,https://i.scdn.co/image/ab67616d0000b273aefd42cfcad1195cbcd770d5,,1xUhNgw4eJDZfvumIpcz1B,Children Of Bodom,spotify:artist:1xUhNgw4eJDZfvumIpcz1B,https://open.spotify.com/artist/1xUhNgw4eJDZfvumIpcz1B,,,,758547,"758,547",false,Spotify public artist page,,https://i.scdn.co/image/ab6761610000e5ebe51866b7c973c8aafaf1fece,,1xUhNgw4eJDZfvumIpcz1B,Children Of Bodom,https://open.spotify.com/artist/1xUhNgw4eJDZfvumIpcz1B,"[{""artist_id"": ""1xUhNgw4eJDZfvumIpcz1B"", ""artist_name"": ""Children Of Bodom"", ""artist_url"": ""https://open.spotify.com/artist/1xUhNgw4eJDZfvumIpcz1B"", ""monthly_listeners"": ""758547"", ""monthly_listeners_display"": ""758,547"", ""is_approx"": ""false"", ""fetch_error"": """"}]","[{""artist_id"": ""1xUhNgw4eJDZfvumIpcz1B"", ""artist_name"": ""Children Of Bodom"", ""artist_uri"": ""spotify:artist:1xUhNgw4eJDZfvumIpcz1B"", ""artist_url"": ""https://open.spotify.com/artist/1xUhNgw4eJDZfvumIpcz1B"", ""artist_type"": ""artist"", ""artist_genres"": """", ""artist_spotify_api_popularity"": """", ""artist_followers_total"": """", ""artist_image_url"": ""https://i.scdn.co/image/ab6761610000e5ebe51866b7c973c8aafaf1fece"", ""artist_lookup_error"": """", ""artist_monthly_listeners"": ""758547"", ""artist_monthly_listeners_display"": ""758,547"", ""artist_monthly_listeners_is_approx"": ""false"", ""artist_monthly_listeners_source"": ""Spotify public artist page"", ""artist_monthly_listeners_fetch_error"": """"}]",0,,"{""spotify"": ""https://open.spotify.com/track/2x9DbLmcA7V3OZQHSq7I4L""}",{}
week1_13july,2026-07-24T08:36:00+00:00,Spotify,Aysima Karçaaltıncaba,aaaaysimaaaa,Week1-User3,Week1-User3,73b83d4fpud64FLpYqCGjD,spotify:playlist:73b83d4fpud64FLpYqCGjD,https://open.spotify.com/playlist/73b83d4fpud64FLpYqCGjD,,aaaaysimaaaa,Aysima Karçaaltıncaba,True,False,0,AAAABFQz1G1SzWm0Xis7SGc1sFRc/Bg0,30,10,2026-07-21T19:21:25Z,aaaaysimaaaa,primary_artist_monthly_listeners,586305,"586,305",Spotify public artist page,false,,02A6THLfQXvqrx9IEMkQfJ,spotify:track:02A6THLfQXvqrx9IEMkQfJ,https://open.spotify.com/track/02A6THLfQXvqrx9IEMkQfJ,Out of Control,track,2,1,227280,227.280,False,False,True,,https://api.spotify.com/v1/tracks/02A6THLfQXvqrx9IEMkQfJ,https://api.spotify.com/v1/tracks/02A6THLfQXvqrx9IEMkQfJ,,,FIWMA1300197,,,7DllalAuYBrkxfN4ohqwSL,spotify:album:7DllalAuYBrkxfN4ohqwSL,https://open.spotify.com/album/7DllalAuYBrkxfN4ohqwSL,Battle Beast,album,,14,2013-05-17,day,,C: 2013 Nuclear Blast; P: 2013 Nuclear Blast,,https://i.scdn.co/image/ab67616d0000b273536fe3e46003fb3ebe2ebf05,,7k5jeohQCF20a8foBD9ize,Battle Beast,spotify:artist:7k5jeohQCF20a8foBD9ize,https://open.spotify.com/artist/7k5jeohQCF20a8foBD9ize,,,,586305,"586,305",false,Spotify public artist page,,https://i.scdn.co/image/ab6761610000e5eb736a6608998f7d7b5d8d3205,,7k5jeohQCF20a8foBD9ize,Battle Beast,https://open.spotify.com/artist/7k5jeohQCF20a8foBD9ize,"[{""artist_id"": ""7k5jeohQCF20a8foBD9ize"", ""artist_name"": ""Battle Beast"", ""artist_url"": ""https://open.spotify.com/artist/7k5jeohQCF20a8foBD9ize"", ""monthly_listeners"": ""586305"", ""monthly_listeners_display"": ""586,305"", ""is_approx"": ""false"", ""fetch_error"": """"}]","[{""artist_id"": ""7k5jeohQCF20a8foBD9ize"", ""artist_name"": ""Battle Beast"", ""artist_uri"": ""spotify:artist:7k5jeohQCF20a8foBD9ize"", ""artist_url"": ""https://open.spotify.com/artist/7k5jeohQCF20a8foBD9ize"", ""artist_type"": ""artist"", ""artist_genres"": """", ""artist_spotify_api_popularity"": """", ""artist_followers_total"": """", ""artist_image_url"": ""https://i.scdn.co/image/ab6761610000e5eb736a6608998f7d7b5d8d3205"", ""artist_lookup_error"": """", ""artist_monthly_listeners"": ""586305"", ""artist_monthly_listeners_display"": ""586,305"", ""artist_monthly_listeners_is_approx"": ""false"", ""artist_monthly_listeners_source"": ""Spotify public artist page"", ""artist_monthly_listeners_fetch_error"": """"}]",0,,"{""spotify"": ""https://open.spotify.com/track/02A6THLfQXvqrx9IEMkQfJ""}",{}
week1_13july,2026-07-24T08:36:00+00:00,Spotify,Aysima Karçaaltıncaba,aaaaysimaaaa,Week1-User3,Week1-User3,73b83d4fpud64FLpYqCGjD,spotify:playlist:73b83d4fpud64FLpYqCGjD,https://open.spotify.com/playlist/73b83d4fpud64FLpYqCGjD,,aaaaysimaaaa,Aysima Karçaaltıncaba,True,False,0,AAAABFQz1G1SzWm0Xis7SGc1sFRc/Bg0,30,11,2026-07-21T19:21:25Z,aaaaysimaaaa,primary_artist_monthly_listeners,184836,"184,836",Spotify public artist page,false,,1BaJ4KLFgnveSRGKBwRWve,spotify:track:1BaJ4KLFgnveSRGKBwRWve,https://open.spotify.com/track/1BaJ4KLFgnveSRGKBwRWve,Heroes,track,6,1,213573,213.573,False,False,True,,https://api.spotify.com/v1/tracks/1BaJ4KLFgnveSRGKBwRWve,https://api.spotify.com/v1/tracks/1BaJ4KLFgnveSRGKBwRWve,,,DET970200006,,,6FxqNK88NImuiMIpCrTZee,spotify:album:6FxqNK88NImuiMIpCrTZee,https://open.spotify.com/album/6FxqNK88NImuiMIpCrTZee,Masterplan,album,,11,2003-01-20,day,,C: 2003 AFM Records; P: 2003 AFM Records,,https://i.scdn.co/image/ab67616d0000b2737479397fc56803ba3511fd1c,,1OHNvr18TssBKYK0A75yvx,Masterplan,spotify:artist:1OHNvr18TssBKYK0A75yvx,https://open.spotify.com/artist/1OHNvr18TssBKYK0A75yvx,,,,184836,"184,836",false,Spotify public artist page,,https://i.scdn.co/image/ab6761610000e5eb8cfdd5ee976e9da4af82d208,,1OHNvr18TssBKYK0A75yvx,Masterplan,https://open.spotify.com/artist/1OHNvr18TssBKYK0A75yvx,"[{""artist_id"": ""1OHNvr18TssBKYK0A75yvx"", ""artist_name"": ""Masterplan"", ""artist_url"": ""https://open.spotify.com/artist/1OHNvr18TssBKYK0A75yvx"", ""monthly_listeners"": ""184836"", ""monthly_listeners_display"": ""184,836"", ""is_approx"": ""false"", ""fetch_error"": """"}]","[{""artist_id"": ""1OHNvr18TssBKYK0A75yvx"", ""artist_name"": ""Masterplan"", ""artist_uri"": ""spotify:artist:1OHNvr18TssBKYK0A75yvx"", ""artist_url"": ""https://open.spotify.com/artist/1OHNvr18TssBKYK0A75yvx"", ""artist_type"": ""artist"", ""artist_genres"": """", ""artist_spotify_api_popularity"": """", ""artist_followers_total"": """", ""artist_image_url"": ""https://i.scdn.co/image/ab6761610000e5eb8cfdd5ee976e9da4af82d208"", ""artist_lookup_error"": """", ""artist_monthly_listeners"": ""184836"", ""artist_monthly_listeners_display"": ""184,836"", ""artist_monthly_listeners_is_approx"": ""false"", ""artist_monthly_listeners_source"": ""Spotify public artist page"", ""artist_monthly_listeners_fetch_error"": """"}]",0,,"{""spotify"": ""https://open.spotify.com/track/1BaJ4KLFgnveSRGKBwRWve""}",{}
week1_13july,2026-07-24T08:36:00+00:00,Spotify,Aysima Karçaaltıncaba,aaaaysimaaaa,Week1-User3,Week1-User3,73b83d4fpud64FLpYqCGjD,spotify:playlist:73b83d4fpud64FLpYqCGjD,https://open.spotify.com/playlist/73b83d4fpud64FLpYqCGjD,,aaaaysimaaaa,Aysima Karçaaltıncaba,True,False,0,AAAABFQz1G1SzWm0Xis7SGc1sFRc/Bg0,30,12,2026-07-21T19:21:25Z,aaaaysimaaaa,primary_artist_monthly_listeners,28922,"28,922",Spotify public artist page,false,,1rfztlEkSrTzBbHz7xRC29,spotify:track:1rfztlEkSrTzBbHz7xRC29,https://open.spotify.com/track/1rfztlEkSrTzBbHz7xRC29,Back for More,track,4,1,262320,262.320,False,False,True,,https://api.spotify.com/v1/tracks/1rfztlEkSrTzBbHz7xRC29,https://api.spotify.com/v1/tracks/1rfztlEkSrTzBbHz7xRC29,,,TCACF1554667,,,0zyZmvnSiU5fXR543Hbtwk,spotify:album:0zyZmvnSiU5fXR543Hbtwk,https://open.spotify.com/album/0zyZmvnSiU5fXR543Hbtwk,Disciples of the Sun,album,,12,2015-05-22,day,,C: 2015 Inner Wound Recodings; P: 2015 Ulterium Records,,https://i.scdn.co/image/ab67616d0000b273f68fb95358a06dd39492fab4,,23jSIm8VfKV2HaQJtfR3PK,Pyramaze,spotify:artist:23jSIm8VfKV2HaQJtfR3PK,https://open.spotify.com/artist/23jSIm8VfKV2HaQJtfR3PK,,,,28922,"28,922",false,Spotify public artist page,,https://i.scdn.co/image/ab6761610000e5eb6dc896acb383dc4585563275,,23jSIm8VfKV2HaQJtfR3PK,Pyramaze,https://open.spotify.com/artist/23jSIm8VfKV2HaQJtfR3PK,"[{""artist_id"": ""23jSIm8VfKV2HaQJtfR3PK"", ""artist_name"": ""Pyramaze"", ""artist_url"": ""https://open.spotify.com/artist/23jSIm8VfKV2HaQJtfR3PK"", ""monthly_listeners"": ""28922"", ""monthly_listeners_display"": ""28,922"", ""is_approx"": ""false"", ""fetch_error"": """"}]","[{""artist_id"": ""23jSIm8VfKV2HaQJtfR3PK"", ""artist_name"": ""Pyramaze"", ""artist_uri"": ""spotify:artist:23jSIm8VfKV2HaQJtfR3PK"", ""artist_url"": ""https://open.spotify.com/artist/23jSIm8VfKV2HaQJtfR3PK"", ""artist_type"": ""artist"", ""artist_genres"": """", ""artist_spotify_api_popularity"": """", ""artist_followers_total"": """", ""artist_image_url"": ""https://i.scdn.co/image/ab6761610000e5eb6dc896acb383dc4585563275"", ""artist_lookup_error"": """", ""artist_monthly_listeners"": ""28922"", ""artist_monthly_listeners_display"": ""28,922"", ""artist_monthly_listeners_is_approx"": ""false"", ""artist_monthly_listeners_source"": ""Spotify public artist page"", ""artist_monthly_listeners_fetch_error"": """"}]",0,,"{""spotify"": ""https://open.spotify.com/track/1rfztlEkSrTzBbHz7xRC29""}",{}
week1_13july,2026-07-24T08:36:00+00:00,Spotify,Aysima Karçaaltıncaba,aaaaysimaaaa,Week1-User3,Week1-User3,73b83d4fpud64FLpYqCGjD,spotify:playlist:73b83d4fpud64FLpYqCGjD,https://open.spotify.com/playlist/73b83d4fpud64FLpYqCGjD,,aaaaysimaaaa,Aysima Karçaaltıncaba,True,False,0,AAAABFQz1G1SzWm0Xis7SGc1sFRc/Bg0,30,13,2026-07-21T19:21:25Z,aaaaysimaaaa,primary_artist_monthly_listeners,74393,"74,393",Spotify public artist page,false,,1P5B3ARqjPkB9yCNPZq9jV,spotify:track:1P5B3ARqjPkB9yCNPZq9jV,https://open.spotify.com/track/1P5B3ARqjPkB9yCNPZq9jV,Rebellion (The Clans Are Marching) - Remastered Version,track,11,1,244760,244.760,False,False,True,,https://api.spotify.com/v1/tracks/1P5B3ARqjPkB9yCNPZq9jV,https://api.spotify.com/v1/tracks/1P5B3ARqjPkB9yCNPZq9jV,,,DEC760600331,,,4ZNfzHslrjITU8iqfzCAL8,spotify:album:4ZNfzHslrjITU8iqfzCAL8,https://open.spotify.com/album/4ZNfzHslrjITU8iqfzCAL8,Tunes Of War (Remastered 2006),album,,13,1996,year,,"P: (P) 2006 GUN Records GmbH, A Unit Of SONY BMG MUSIC ENTERTAINMENT (GERMANY) GmbH",,https://i.scdn.co/image/ab67616d0000b2735d5ef12b8c86299ec4e16f7c,,6mfghV4I1CD17FOhDKq7cJ,Grave Digger,spotify:artist:6mfghV4I1CD17FOhDKq7cJ,https://open.spotify.com/artist/6mfghV4I1CD17FOhDKq7cJ,,,,74393,"74,393",false,Spotify public artist page,,https://i.scdn.co/image/ab6761610000e5eb5b4d967b77ad0ffbd0d70013,,6mfghV4I1CD17FOhDKq7cJ,Grave Digger,https://open.spotify.com/artist/6mfghV4I1CD17FOhDKq7cJ,"[{""artist_id"": ""6mfghV4I1CD17FOhDKq7cJ"", ""artist_name"": ""Grave Digger"", ""artist_url"": ""https://open.spotify.com/artist/6mfghV4I1CD17FOhDKq7cJ"", ""monthly_listeners"": ""74393"", ""monthly_listeners_display"": ""74,393"", ""is_approx"": ""false"", ""fetch_error"": """"}]","[{""artist_id"": ""6mfghV4I1CD17FOhDKq7cJ"", ""artist_name"": ""Grave Digger"", ""artist_uri"": ""spotify:artist:6mfghV4I1CD17FOhDKq7cJ"", ""artist_url"": ""https://open.spotify.com/artist/6mfghV4I1CD17FOhDKq7cJ"", ""artist_type"": ""artist"", ""artist_genres"": """", ""artist_spotify_api_popularity"": """", ""artist_followers_total"": """", ""artist_image_url"": ""https://i.scdn.co/image/ab6761610000e5eb5b4d967b77ad0ffbd0d70013"", ""artist_lookup_error"": """", ""artist_monthly_listeners"": ""74393"", ""artist_monthly_listeners_display"": ""74,393"", ""artist_monthly_listeners_is_approx"": ""false"", ""artist_monthly_listeners_source"": ""Spotify public artist page"", ""artist_monthly_listeners_fetch_error"": """"}]",0,,"{""spotify"": ""https://open.spotify.com/track/1P5B3ARqjPkB9yCNPZq9jV""}",{}
week1_13july,2026-07-24T08:36:00+00:00,Spotify,Aysima Karçaaltıncaba,aaaaysimaaaa,Week1-User3,Week1-User3,73b83d4fpud64FLpYqCGjD,spotify:playlist:73b83d4fpud64FLpYqCGjD,https://open.spotify.com/playlist/73b83d4fpud64FLpYqCGjD,,aaaaysimaaaa,Aysima Karçaaltıncaba,True,False,0,AAAABFQz1G1SzWm0Xis7SGc1sFRc/Bg0,30,14,2026-07-21T19:21:25Z,aaaaysimaaaa,primary_artist_monthly_listeners,594132,"594,132",Spotify public artist page,false,,4gFhLQA90CAFuS0Ma8aIiX,spotify:track:4gFhLQA90CAFuS0Ma8aIiX,https://open.spotify.com/track/4gFhLQA90CAFuS0Ma8aIiX,Mirror Mirror - Remastered 2007,track,9,1,306013,306.013,False,False,True,,https://api.spotify.com/v1/tracks/4gFhLQA90CAFuS0Ma8aIiX,https://api.spotify.com/v1/tracks/4gFhLQA90CAFuS0Ma8aIiX,,,DED831701047,,,7EPGJTyG9MQ6gJWANmL4n3,spotify:album:7EPGJTyG9MQ6gJWANmL4n3,https://open.spotify.com/album/7EPGJTyG9MQ6gJWANmL4n3,Nightfall in Middle Earth (Remastered 2007),album,,23,1998-04-28,day,,C: 2017 Nuclear Blast; P: 2017 Nuclear Blast,,https://i.scdn.co/image/ab67616d0000b2735e77d3ce3a4f7f382daaf46f,,7jxJ25p0pPjk0MStloN6o6,Blind Guardian,spotify:artist:7jxJ25p0pPjk0MStloN6o6,https://open.spotify.com/artist/7jxJ25p0pPjk0MStloN6o6,,,,594132,"594,132",false,Spotify public artist page,,https://i.scdn.co/image/ab6761610000e5eb26139a78b669ae67aacde9f3,,7jxJ25p0pPjk0MStloN6o6,Blind Guardian,https://open.spotify.com/artist/7jxJ25p0pPjk0MStloN6o6,"[{""artist_id"": ""7jxJ25p0pPjk0MStloN6o6"", ""artist_name"": ""Blind Guardian"", ""artist_url"": ""https://open.spotify.com/artist/7jxJ25p0pPjk0MStloN6o6"", ""monthly_listeners"": ""594132"", ""monthly_listeners_display"": ""594,132"", ""is_approx"": ""false"", ""fetch_error"": """"}]","[{""artist_id"": ""7jxJ25p0pPjk0MStloN6o6"", ""artist_name"": ""Blind Guardian"", ""artist_uri"": ""spotify:artist:7jxJ25p0pPjk0MStloN6o6"", ""artist_url"": ""https://open.spotify.com/artist/7jxJ25p0pPjk0MStloN6o6"", ""artist_type"": ""artist"", ""artist_genres"": """", ""artist_spotify_api_popularity"": """", ""artist_followers_total"": """", ""artist_image_url"": ""https://i.scdn.co/image/ab6761610000e5eb26139a78b669ae67aacde9f3"", ""artist_lookup_error"": """", ""artist_monthly_listeners"": ""594132"", ""artist_monthly_listeners_display"": ""594,132"", ""artist_monthly_listeners_is_approx"": ""false"", ""artist_monthly_listeners_source"": ""Spotify public artist page"", ""artist_monthly_listeners_fetch_error"": """"}]",0,,"{""spotify"": ""https://open.spotify.com/track/4gFhLQA90CAFuS0Ma8aIiX""}",{}
week1_13july,2026-07-24T08:36:00+00:00,Spotify,Aysima Karçaaltıncaba,aaaaysimaaaa,Week1-User3,Week1-User3,73b83d4fpud64FLpYqCGjD,spotify:playlist:73b83d4fpud64FLpYqCGjD,https://open.spotify.com/playlist/73b83d4fpud64FLpYqCGjD,,aaaaysimaaaa,Aysima Karçaaltıncaba,True,False,0,AAAABFQz1G1SzWm0Xis7SGc1sFRc/Bg0,30,15,2026-07-21T19:21:25Z,aaaaysimaaaa,primary_artist_monthly_listeners,97053,"97,053",Spotify public artist page,false,,5oJE6PFEhiRnY7SCspZF4k,spotify:track:5oJE6PFEhiRnY7SCspZF4k,https://open.spotify.com/track/5oJE6PFEhiRnY7SCspZF4k,Freedom Call,track,2,1,319280,319.280,False,False,True,,https://api.spotify.com/v1/tracks/5oJE6PFEhiRnY7SCspZF4k,https://api.spotify.com/v1/tracks/5oJE6PFEhiRnY7SCspZF4k,,,DEA450005690,,,4rZcv6qkD6klDCtxGi78of,spotify:album:4rZcv6qkD6klDCtxGi78of,https://open.spotify.com/album/4rZcv6qkD6klDCtxGi78of,Crystal Empire,album,,11,2001-01-22,day,,C: 2001 BMG Rights Management GmbH; P: 2001 BMG Rights Management GmbH,,https://i.scdn.co/image/ab67616d0000b27338430038d66010355177db8e,,55RDuy7cQW2Dqrcz3Jjl6F,Freedom Call,spotify:artist:55RDuy7cQW2Dqrcz3Jjl6F,https://open.spotify.com/artist/55RDuy7cQW2Dqrcz3Jjl6F,,,,97053,"97,053",false,Spotify public artist page,,https://i.scdn.co/image/ab6761610000e5ebcfe6976b49d36f31df66cad2,,55RDuy7cQW2Dqrcz3Jjl6F,Freedom Call,https://open.spotify.com/artist/55RDuy7cQW2Dqrcz3Jjl6F,"[{""artist_id"": ""55RDuy7cQW2Dqrcz3Jjl6F"", ""artist_name"": ""Freedom Call"", ""artist_url"": ""https://open.spotify.com/artist/55RDuy7cQW2Dqrcz3Jjl6F"", ""monthly_listeners"": ""97053"", ""monthly_listeners_display"": ""97,053"", ""is_approx"": ""false"", ""fetch_error"": """"}]","[{""artist_id"": ""55RDuy7cQW2Dqrcz3Jjl6F"", ""artist_name"": ""Freedom Call"", ""artist_uri"": ""spotify:artist:55RDuy7cQW2Dqrcz3Jjl6F"", ""artist_url"": ""https://open.spotify.com/artist/55RDuy7cQW2Dqrcz3Jjl6F"", ""artist_type"": ""artist"", ""artist_genres"": """", ""artist_spotify_api_popularity"": """", ""artist_followers_total"": """", ""artist_image_url"": ""https://i.scdn.co/image/ab6761610000e5ebcfe6976b49d36f31df66cad2"", ""artist_lookup_error"": """", ""artist_monthly_listeners"": ""97053"", ""artist_monthly_listeners_display"": ""97,053"", ""artist_monthly_listeners_is_approx"": ""false"", ""artist_monthly_listeners_source"": ""Spotify public artist page"", ""artist_monthly_listeners_fetch_error"": """"}]",0,,"{""spotify"": ""https://open.spotify.com/track/5oJE6PFEhiRnY7SCspZF4k""}",{}
week1_13july,2026-07-24T08:36:00+00:00,Spotify,Aysima Karçaaltıncaba,aaaaysimaaaa,Week1-User3,Week1-User3,73b83d4fpud64FLpYqCGjD,spotify:playlist:73b83d4fpud64FLpYqCGjD,https://open.spotify.com/playlist/73b83d4fpud64FLpYqCGjD,,aaaaysimaaaa,Aysima Karçaaltıncaba,True,False,0,AAAABFQz1G1SzWm0Xis7SGc1sFRc/Bg0,30,16,2026-07-21T19:21:25Z,aaaaysimaaaa,primary_artist_monthly_listeners,1035240,"1,035,240",Spotify public artist page,false,,3tuCmmn6JmRXPln2Zt7KyI,spotify:track:3tuCmmn6JmRXPln2Zt7KyI,https://open.spotify.com/track/3tuCmmn6JmRXPln2Zt7KyI,Brothers Of Metal (Part 1),track,2,1,234640,234.640,False,False,True,,https://api.spotify.com/v1/tracks/3tuCmmn6JmRXPln2Zt7KyI,https://api.spotify.com/v1/tracks/3tuCmmn6JmRXPln2Zt7KyI,,,USGF19692502,,,4IoELctFmN7HWHSnb1hgFQ,spotify:album:4IoELctFmN7HWHSnb1hgFQ,https://open.spotify.com/album/4IoELctFmN7HWHSnb1hgFQ,Louder Than Hell,album,,10,1996-01-01,day,,"C: © 1996 Geffen Records Inc.; P: ℗ 1996 UMG Recordings, Inc.",,https://i.scdn.co/image/ab67616d0000b273b2b3dc4550e94bb8d63154e0,,4CzUzn54Cp9TQr6a7JIlMZ,Manowar,spotify:artist:4CzUzn54Cp9TQr6a7JIlMZ,https://open.spotify.com/artist/4CzUzn54Cp9TQr6a7JIlMZ,,,,1035240,"1,035,240",false,Spotify public artist page,,https://i.scdn.co/image/ab6761610000e5eba4780fe15900fbd223cd4f48,,4CzUzn54Cp9TQr6a7JIlMZ,Manowar,https://open.spotify.com/artist/4CzUzn54Cp9TQr6a7JIlMZ,"[{""artist_id"": ""4CzUzn54Cp9TQr6a7JIlMZ"", ""artist_name"": ""Manowar"", ""artist_url"": ""https://open.spotify.com/artist/4CzUzn54Cp9TQr6a7JIlMZ"", ""monthly_listeners"": ""1035240"", ""monthly_listeners_display"": ""1,035,240"", ""is_approx"": ""false"", ""fetch_error"": """"}]","[{""artist_id"": ""4CzUzn54Cp9TQr6a7JIlMZ"", ""artist_name"": ""Manowar"", ""artist_uri"": ""spotify:artist:4CzUzn54Cp9TQr6a7JIlMZ"", ""artist_url"": ""https://open.spotify.com/artist/4CzUzn54Cp9TQr6a7JIlMZ"", ""artist_type"": ""artist"", ""artist_genres"": """", ""artist_spotify_api_popularity"": """", ""artist_followers_total"": """", ""artist_image_url"": ""https://i.scdn.co/image/ab6761610000e5eba4780fe15900fbd223cd4f48"", ""artist_lookup_error"": """", ""artist_monthly_listeners"": ""1035240"", ""artist_monthly_listeners_display"": ""1,035,240"", ""artist_monthly_listeners_is_approx"": ""false"", ""artist_monthly_listeners_source"": ""Spotify public artist page"", ""artist_monthly_listeners_fetch_error"": """"}]",0,,"{""spotify"": ""https://open.spotify.com/track/3tuCmmn6JmRXPln2Zt7KyI""}",{}
week1_13july,2026-07-24T08:36:00+00:00,Spotify,Aysima Karçaaltıncaba,aaaaysimaaaa,Week1-User3,Week1-User3,73b83d4fpud64FLpYqCGjD,spotify:playlist:73b83d4fpud64FLpYqCGjD,https://open.spotify.com/playlist/73b83d4fpud64FLpYqCGjD,,aaaaysimaaaa,Aysima Karçaaltıncaba,True,False,0,AAAABFQz1G1SzWm0Xis7SGc1sFRc/Bg0,30,17,2026-07-21T19:21:25Z,aaaaysimaaaa,primary_artist_monthly_listeners,167499,"167,499",Spotify public artist page,false,,07Vk1JPd5MgBJxdrMpnLNh,spotify:track:07Vk1JPd5MgBJxdrMpnLNh,https://open.spotify.com/track/07Vk1JPd5MgBJxdrMpnLNh,The Book of Heavy Metal (March of the Metallians),track,1,1,325800,325.800,False,False,True,,https://api.spotify.com/v1/tracks/07Vk1JPd5MgBJxdrMpnLNh,https://api.spotify.com/v1/tracks/07Vk1JPd5MgBJxdrMpnLNh,,,GBDHC0405261,,,6ZWMfxSgjm7dlS6jbypNDW,spotify:album:6ZWMfxSgjm7dlS6jbypNDW,https://open.spotify.com/album/6ZWMfxSgjm7dlS6jbypNDW,The Book of Heavy Metal,album,,12,2004-07-13,day,,P: (P) 2004 Century Media Records Ltd.,,https://i.scdn.co/image/ab67616d0000b2735e63fac5984dc516623ed0bc,,1bkf8u8ot6vEpWTJFBzKZB,Dream Evil,spotify:artist:1bkf8u8ot6vEpWTJFBzKZB,https://open.spotify.com/artist/1bkf8u8ot6vEpWTJFBzKZB,,,,167499,"167,499",false,Spotify public artist page,,https://i.scdn.co/image/ab6761610000e5eb68620704b0615991995f22c5,,1bkf8u8ot6vEpWTJFBzKZB,Dream Evil,https://open.spotify.com/artist/1bkf8u8ot6vEpWTJFBzKZB,"[{""artist_id"": ""1bkf8u8ot6vEpWTJFBzKZB"", ""artist_name"": ""Dream Evil"", ""artist_url"": ""https://open.spotify.com/artist/1bkf8u8ot6vEpWTJFBzKZB"", ""monthly_listeners"": ""167499"", ""monthly_listeners_display"": ""167,499"", ""is_approx"": ""false"", ""fetch_error"": """"}]","[{""artist_id"": ""1bkf8u8ot6vEpWTJFBzKZB"", ""artist_name"": ""Dream Evil"", ""artist_uri"": ""spotify:artist:1bkf8u8ot6vEpWTJFBzKZB"", ""artist_url"": ""https://open.spotify.com/artist/1bkf8u8ot6vEpWTJFBzKZB"", ""artist_type"": ""artist"", ""artist_genres"": """", ""artist_spotify_api_popularity"": """", ""artist_followers_total"": """", ""artist_image_url"": ""https://i.scdn.co/image/ab6761610000e5eb68620704b0615991995f22c5"", ""artist_lookup_error"": """", ""artist_monthly_listeners"": ""167499"", ""artist_monthly_listeners_display"": ""167,499"", ""artist_monthly_listeners_is_approx"": ""false"", ""artist_monthly_listeners_source"": ""Spotify public artist page"", ""artist_monthly_listeners_fetch_error"": """"}]",0,,"{""spotify"": ""https://open.spotify.com/track/07Vk1JPd5MgBJxdrMpnLNh""}",{}
week1_13july,2026-07-24T08:36:00+00:00,Spotify,Aysima Karçaaltıncaba,aaaaysimaaaa,Week1-User3,Week1-User3,73b83d4fpud64FLpYqCGjD,spotify:playlist:73b83d4fpud64FLpYqCGjD,https://open.spotify.com/playlist/73b83d4fpud64FLpYqCGjD,,aaaaysimaaaa,Aysima Karçaaltıncaba,True,False,0,AAAABFQz1G1SzWm0Xis7SGc1sFRc/Bg0,30,18,2026-07-21T19:21:25Z,aaaaysimaaaa,primary_artist_monthly_listeners,193731,"193,731",Spotify public artist page,false,,0wwAkc9n9SfV27COAK2AUH,spotify:track:0wwAkc9n9SfV27COAK2AUH,https://open.spotify.com/track/0wwAkc9n9SfV27COAK2AUH,Iron,track,2,1,233186,233.186,False,False,True,,https://api.spotify.com/v1/tracks/0wwAkc9n9SfV27COAK2AUH,https://api.spotify.com/v1/tracks/0wwAkc9n9SfV27COAK2AUH,,,FISFS0400002,,,1UrdsJhCNyCqmBn9zy2Ut9,spotify:album:1UrdsJhCNyCqmBn9zy2Ut9,https://open.spotify.com/album/1UrdsJhCNyCqmBn9zy2Ut9,Iron,album,,11,2008-01-01,day,,C: 2008 Spin-Farm Oy; P: 2008 Spin-Farm Oy,,https://i.scdn.co/image/ab67616d0000b273f6df9f51261fd69be472723e,,0krXCIkthz13P8o0v2tksH,Ensiferum,spotify:artist:0krXCIkthz13P8o0v2tksH,https://open.spotify.com/artist/0krXCIkthz13P8o0v2tksH,,,,193731,"193,731",false,Spotify public artist page,,https://i.scdn.co/image/ab6761610000e5eb0a5ef9d5834390b5ebdee107,,0krXCIkthz13P8o0v2tksH,Ensiferum,https://open.spotify.com/artist/0krXCIkthz13P8o0v2tksH,"[{""artist_id"": ""0krXCIkthz13P8o0v2tksH"", ""artist_name"": ""Ensiferum"", ""artist_url"": ""https://open.spotify.com/artist/0krXCIkthz13P8o0v2tksH"", ""monthly_listeners"": ""193731"", ""monthly_listeners_display"": ""193,731"", ""is_approx"": ""false"", ""fetch_error"": """"}]","[{""artist_id"": ""0krXCIkthz13P8o0v2tksH"", ""artist_name"": ""Ensiferum"", ""artist_uri"": ""spotify:artist:0krXCIkthz13P8o0v2tksH"", ""artist_url"": ""https://open.spotify.com/artist/0krXCIkthz13P8o0v2tksH"", ""artist_type"": ""artist"", ""artist_genres"": """", ""artist_spotify_api_popularity"": """", ""artist_followers_total"": """", ""artist_image_url"": ""https://i.scdn.co/image/ab6761610000e5eb0a5ef9d5834390b5ebdee107"", ""artist_lookup_error"": """", ""artist_monthly_listeners"": ""193731"", ""artist_monthly_listeners_display"": ""193,731"", ""artist_monthly_listeners_is_approx"": ""false"", ""artist_monthly_listeners_source"": ""Spotify public artist page"", ""artist_monthly_listeners_fetch_error"": """"}]",0,,"{""spotify"": ""https://open.spotify.com/track/0wwAkc9n9SfV27COAK2AUH""}",{}
week1_13july,2026-07-24T08:36:00+00:00,Spotify,Aysima Karçaaltıncaba,aaaaysimaaaa,Week1-User3,Week1-User3,73b83d4fpud64FLpYqCGjD,spotify:playlist:73b83d4fpud64FLpYqCGjD,https://open.spotify.com/playlist/73b83d4fpud64FLpYqCGjD,,aaaaysimaaaa,Aysima Karçaaltıncaba,True,False,0,AAAABFQz1G1SzWm0Xis7SGc1sFRc/Bg0,30,19,2026-07-21T19:21:25Z,aaaaysimaaaa,primary_artist_monthly_listeners,445224,"445,224",Spotify public artist page,false,,6khWZRJMRkIL6sZIeogVYn,spotify:track:6khWZRJMRkIL6sZIeogVYn,https://open.spotify.com/track/6khWZRJMRkIL6sZIeogVYn,Don't Say a Word,track,5,1,348986,348.986,False,False,True,,https://api.spotify.com/v1/tracks/6khWZRJMRkIL6sZIeogVYn,https://api.spotify.com/v1/tracks/6khWZRJMRkIL6sZIeogVYn,,,DED830475805,,,740XcmkYsHBMZ7LaqirXAY,spotify:album:740XcmkYsHBMZ7LaqirXAY,https://open.spotify.com/album/740XcmkYsHBMZ7LaqirXAY,Reckoning Night,album,,10,2004-10-11,day,,C: (C) 2004 Reigning Phoenix Music; P: (P) 2004 Reigning Phoenix Music,,https://i.scdn.co/image/ab67616d0000b273a2c697b5be89befbd57152c8,,5YeoQ1L71cXDMpSpqxOjfH,Sonata Arctica,spotify:artist:5YeoQ1L71cXDMpSpqxOjfH,https://open.spotify.com/artist/5YeoQ1L71cXDMpSpqxOjfH,,,,445224,"445,224",false,Spotify public artist page,,https://i.scdn.co/image/ab6761610000e5eb3c36e8b69cb376bf869aedc2,,5YeoQ1L71cXDMpSpqxOjfH,Sonata Arctica,https://open.spotify.com/artist/5YeoQ1L71cXDMpSpqxOjfH,"[{""artist_id"": ""5YeoQ1L71cXDMpSpqxOjfH"", ""artist_name"": ""Sonata Arctica"", ""artist_url"": ""https://open.spotify.com/artist/5YeoQ1L71cXDMpSpqxOjfH"", ""monthly_listeners"": ""445224"", ""monthly_listeners_display"": ""445,224"", ""is_approx"": ""false"", ""fetch_error"": """"}]","[{""artist_id"": ""5YeoQ1L71cXDMpSpqxOjfH"", ""artist_name"": ""Sonata Arctica"", ""artist_uri"": ""spotify:artist:5YeoQ1L71cXDMpSpqxOjfH"", ""artist_url"": ""https://open.spotify.com/artist/5YeoQ1L71cXDMpSpqxOjfH"", ""artist_type"": ""artist"", ""artist_genres"": """", ""artist_spotify_api_popularity"": """", ""artist_followers_total"": """", ""artist_image_url"": ""https://i.scdn.co/image/ab6761610000e5eb3c36e8b69cb376bf869aedc2"", ""artist_lookup_error"": """", ""artist_monthly_listeners"": ""445224"", ""artist_monthly_listeners_display"": ""445,224"", ""artist_monthly_listeners_is_approx"": ""false"", ""artist_monthly_listeners_source"": ""Spotify public artist page"", ""artist_monthly_listeners_fetch_error"": """"}]",0,,"{""spotify"": ""https://open.spotify.com/track/6khWZRJMRkIL6sZIeogVYn""}",{}
week1_13july,2026-07-24T08:36:00+00:00,Spotify,Aysima Karçaaltıncaba,aaaaysimaaaa,Week1-User3,Week1-User3,73b83d4fpud64FLpYqCGjD,spotify:playlist:73b83d4fpud64FLpYqCGjD,https://open.spotify.com/playlist/73b83d4fpud64FLpYqCGjD,,aaaaysimaaaa,Aysima Karçaaltıncaba,True,False,0,AAAABFQz1G1SzWm0Xis7SGc1sFRc/Bg0,30,20,2026-07-21T19:21:25Z,aaaaysimaaaa,primary_artist_monthly_listeners,368660,"368,660",Spotify public artist page,false,,1NQCQj6x94ZBEPSODneBHw,spotify:track:1NQCQj6x94ZBEPSODneBHw,https://open.spotify.com/track/1NQCQj6x94ZBEPSODneBHw,The Village of Dwarves,track,4,1,232173,232.173,False,False,True,,https://api.spotify.com/v1/tracks/1NQCQj6x94ZBEPSODneBHw,https://api.spotify.com/v1/tracks/1NQCQj6x94ZBEPSODneBHw,,,DET270002304,,,6T6i4ZLAwRHVOxRaQnC5js,spotify:album:6T6i4ZLAwRHVOxRaQnC5js,https://open.spotify.com/album/6T6i4ZLAwRHVOxRaQnC5js,Dawn of Victory,album,,10,2000,year,,C: (C) 2000 Limb Music,,https://i.scdn.co/image/ab67616d0000b273012217969f1979b6f050068b,,0zQfrabOFYf36Ikb6PXcCY,Rhapsody,spotify:artist:0zQfrabOFYf36Ikb6PXcCY,https://open.spotify.com/artist/0zQfrabOFYf36Ikb6PXcCY,,,,368660,"368,660",false,Spotify public artist page,,https://i.scdn.co/image/ab6761610000e5eb902fae03243cae6e08caf99a,,0zQfrabOFYf36Ikb6PXcCY,Rhapsody,https://open.spotify.com/artist/0zQfrabOFYf36Ikb6PXcCY,"[{""artist_id"": ""0zQfrabOFYf36Ikb6PXcCY"", ""artist_name"": ""Rhapsody"", ""artist_url"": ""https://open.spotify.com/artist/0zQfrabOFYf36Ikb6PXcCY"", ""monthly_listeners"": ""368660"", ""monthly_listeners_display"": ""368,660"", ""is_approx"": ""false"", ""fetch_error"": """"}]","[{""artist_id"": ""0zQfrabOFYf36Ikb6PXcCY"", ""artist_name"": ""Rhapsody"", ""artist_uri"": ""spotify:artist:0zQfrabOFYf36Ikb6PXcCY"", ""artist_url"": ""https://open.spotify.com/artist/0zQfrabOFYf36Ikb6PXcCY"", ""artist_type"": ""artist"", ""artist_genres"": """", ""artist_spotify_api_popularity"": """", ""artist_followers_total"": """", ""artist_image_url"": ""https://i.scdn.co/image/ab6761610000e5eb902fae03243cae6e08caf99a"", ""artist_lookup_error"": """", ""artist_monthly_listeners"": ""368660"", ""artist_monthly_listeners_display"": ""368,660"", ""artist_monthly_listeners_is_approx"": ""false"", ""artist_monthly_listeners_source"": ""Spotify public artist page"", ""artist_monthly_listeners_fetch_error"": """"}]",0,,"{""spotify"": ""https://open.spotify.com/track/1NQCQj6x94ZBEPSODneBHw""}",{}
week1_13july,2026-07-24T08:36:00+00:00,Spotify,Aysima Karçaaltıncaba,aaaaysimaaaa,Week1-User3,Week1-User3,73b83d4fpud64FLpYqCGjD,spotify:playlist:73b83d4fpud64FLpYqCGjD,https://open.spotify.com/playlist/73b83d4fpud64FLpYqCGjD,,aaaaysimaaaa,Aysima Karçaaltıncaba,True,False,0,AAAABFQz1G1SzWm0Xis7SGc1sFRc/Bg0,30,21,2026-07-21T19:21:25Z,aaaaysimaaaa,primary_artist_monthly_listeners,219161,"219,161",Spotify public artist page,false,,4bUnDOBTWfvmUDePpdXQsx,spotify:track:4bUnDOBTWfvmUDePpdXQsx,https://open.spotify.com/track/4bUnDOBTWfvmUDePpdXQsx,Black Flag,track,2,1,296640,296.640,False,False,True,,https://api.spotify.com/v1/tracks/4bUnDOBTWfvmUDePpdXQsx,https://api.spotify.com/v1/tracks/4bUnDOBTWfvmUDePpdXQsx,,,US4E41742502,,,7jdSTiR96uRP2BsetUSLKB,spotify:album:7jdSTiR96uRP2BsetUSLKB,https://open.spotify.com/album/7jdSTiR96uRP2BsetUSLKB,Incorruptible,album,,10,2017-06-16,day,,P: (P) 2017 Century Media Records Ltd.,,https://i.scdn.co/image/ab67616d0000b273f9b8c8a8d271be7c0589b374,,3KEixcRfBS5K3E91Vn1Kdy,Iced Earth,spotify:artist:3KEixcRfBS5K3E91Vn1Kdy,https://open.spotify.com/artist/3KEixcRfBS5K3E91Vn1Kdy,,,,219161,"219,161",false,Spotify public artist page,,https://i.scdn.co/image/a1fa09dcb7f14ee7bad400ad8c0772f1a2ec4468,,3KEixcRfBS5K3E91Vn1Kdy,Iced Earth,https://open.spotify.com/artist/3KEixcRfBS5K3E91Vn1Kdy,"[{""artist_id"": ""3KEixcRfBS5K3E91Vn1Kdy"", ""artist_name"": ""Iced Earth"", ""artist_url"": ""https://open.spotify.com/artist/3KEixcRfBS5K3E91Vn1Kdy"", ""monthly_listeners"": ""219161"", ""monthly_listeners_display"": ""219,161"", ""is_approx"": ""false"", ""fetch_error"": """"}]","[{""artist_id"": ""3KEixcRfBS5K3E91Vn1Kdy"", ""artist_name"": ""Iced Earth"", ""artist_uri"": ""spotify:artist:3KEixcRfBS5K3E91Vn1Kdy"", ""artist_url"": ""https://open.spotify.com/artist/3KEixcRfBS5K3E91Vn1Kdy"", ""artist_type"": ""artist"", ""artist_genres"": """", ""artist_spotify_api_popularity"": """", ""artist_followers_total"": """", ""artist_image_url"": ""https://i.scdn.co/image/a1fa09dcb7f14ee7bad400ad8c0772f1a2ec4468"", ""artist_lookup_error"": """", ""artist_monthly_listeners"": ""219161"", ""artist_monthly_listeners_display"": ""219,161"", ""artist_monthly_listeners_is_approx"": ""false"", ""artist_monthly_listeners_source"": ""Spotify public artist page"", ""artist_monthly_listeners_fetch_error"": """"}]",0,,"{""spotify"": ""https://open.spotify.com/track/4bUnDOBTWfvmUDePpdXQsx""}",{}
week1_13july,2026-07-24T08:36:00+00:00,Spotify,Aysima Karçaaltıncaba,aaaaysimaaaa,Week1-User3,Week1-User3,73b83d4fpud64FLpYqCGjD,spotify:playlist:73b83d4fpud64FLpYqCGjD,https://open.spotify.com/playlist/73b83d4fpud64FLpYqCGjD,,aaaaysimaaaa,Aysima Karçaaltıncaba,True,False,0,AAAABFQz1G1SzWm0Xis7SGc1sFRc/Bg0,30,22,2026-07-21T19:21:25Z,aaaaysimaaaa,primary_artist_monthly_listeners,239721,"239,721",Spotify public artist page,false,,7ACH45QQtgGPFzWJbiirXN,spotify:track:7ACH45QQtgGPFzWJbiirXN,https://open.spotify.com/track/7ACH45QQtgGPFzWJbiirXN,Rain of Fury,track,4,1,249386,249.386,False,False,True,,https://api.spotify.com/v1/tracks/7ACH45QQtgGPFzWJbiirXN,https://api.spotify.com/v1/tracks/7ACH45QQtgGPFzWJbiirXN,,,DEU601808008,,,3pwQV3i9yTnQPGlwvfNfRg,spotify:album:3pwQV3i9yTnQPGlwvfNfRg,https://open.spotify.com/album/3pwQV3i9yTnQPGlwvfNfRg,The Eighth Mountain,album,,12,2019-02-22,day,,C: 2018 AFM Records; P: 2018 AFM Records,,https://i.scdn.co/image/ab67616d0000b273b9d83c5fa370a475daa69274,,3IjLXN4eSksdGj8uDE4Jm1,Rhapsody Of Fire,spotify:artist:3IjLXN4eSksdGj8uDE4Jm1,https://open.spotify.com/artist/3IjLXN4eSksdGj8uDE4Jm1,,,,239721,"239,721",false,Spotify public artist page,,https://i.scdn.co/image/ab6761610000e5eb5d22c1db6d6eee22dfe54498,,3IjLXN4eSksdGj8uDE4Jm1,Rhapsody Of Fire,https://open.spotify.com/artist/3IjLXN4eSksdGj8uDE4Jm1,"[{""artist_id"": ""3IjLXN4eSksdGj8uDE4Jm1"", ""artist_name"": ""Rhapsody Of Fire"", ""artist_url"": ""https://open.spotify.com/artist/3IjLXN4eSksdGj8uDE4Jm1"", ""monthly_listeners"": ""239721"", ""monthly_listeners_display"": ""239,721"", ""is_approx"": ""false"", ""fetch_error"": """"}]","[{""artist_id"": ""3IjLXN4eSksdGj8uDE4Jm1"", ""artist_name"": ""Rhapsody Of Fire"", ""artist_uri"": ""spotify:artist:3IjLXN4eSksdGj8uDE4Jm1"", ""artist_url"": ""https://open.spotify.com/artist/3IjLXN4eSksdGj8uDE4Jm1"", ""artist_type"": ""artist"", ""artist_genres"": """", ""artist_spotify_api_popularity"": """", ""artist_followers_total"": """", ""artist_image_url"": ""https://i.scdn.co/image/ab6761610000e5eb5d22c1db6d6eee22dfe54498"", ""artist_lookup_error"": """", ""artist_monthly_listeners"": ""239721"", ""artist_monthly_listeners_display"": ""239,721"", ""artist_monthly_listeners_is_approx"": ""false"", ""artist_monthly_listeners_source"": ""Spotify public artist page"", ""artist_monthly_listeners_fetch_error"": """"}]",0,,"{""spotify"": ""https://open.spotify.com/track/7ACH45QQtgGPFzWJbiirXN""}",{}
week1_13july,2026-07-24T08:36:00+00:00,Spotify,Aysima Karçaaltıncaba,aaaaysimaaaa,Week1-User3,Week1-User3,73b83d4fpud64FLpYqCGjD,spotify:playlist:73b83d4fpud64FLpYqCGjD,https://open.spotify.com/playlist/73b83d4fpud64FLpYqCGjD,,aaaaysimaaaa,Aysima Karçaaltıncaba,True,False,0,AAAABFQz1G1SzWm0Xis7SGc1sFRc/Bg0,30,23,2026-07-21T19:21:25Z,aaaaysimaaaa,primary_artist_monthly_listeners,1792259,"1,792,259",Spotify public artist page,false,,3JecnepxrLHCxv4hl5OhZ0,spotify:track:3JecnepxrLHCxv4hl5OhZ0,https://open.spotify.com/track/3JecnepxrLHCxv4hl5OhZ0,Fallen World,track,2,1,249466,249.466,False,False,True,,https://api.spotify.com/v1/tracks/3JecnepxrLHCxv4hl5OhZ0,https://api.spotify.com/v1/tracks/3JecnepxrLHCxv4hl5OhZ0,,,DEH841500443,,,4gDzHd64ZlZo1PfRT8pHU8,spotify:album:4gDzHd64ZlZo1PfRT8pHU8,https://open.spotify.com/album/4gDzHd64ZlZo1PfRT8pHU8,The Power Within,album,,10,2012-04-17,day,,C: 2015 Electric Generation Recordings Ltd. under exclusive license to Edel Germany GmbH. earMUSIC is a project of Edel.; P: 2015 Electric Generation Recordings Ltd. under exclusive license to Edel Germany GmbH. earMUSIC is a project of Edel.,,https://i.scdn.co/image/ab67616d0000b273e258963e9c5584fd701c49f4,,2pH3wEn4eYlMMIIQyKPbVR,DragonForce,spotify:artist:2pH3wEn4eYlMMIIQyKPbVR,https://open.spotify.com/artist/2pH3wEn4eYlMMIIQyKPbVR,,,,1792259,"1,792,259",false,Spotify public artist page,,https://i.scdn.co/image/ab6761610000e5eb9990158fcdb38d475363ea7c,,2pH3wEn4eYlMMIIQyKPbVR,DragonForce,https://open.spotify.com/artist/2pH3wEn4eYlMMIIQyKPbVR,"[{""artist_id"": ""2pH3wEn4eYlMMIIQyKPbVR"", ""artist_name"": ""DragonForce"", ""artist_url"": ""https://open.spotify.com/artist/2pH3wEn4eYlMMIIQyKPbVR"", ""monthly_listeners"": ""1792259"", ""monthly_listeners_display"": ""1,792,259"", ""is_approx"": ""false"", ""fetch_error"": """"}]","[{""artist_id"": ""2pH3wEn4eYlMMIIQyKPbVR"", ""artist_name"": ""DragonForce"", ""artist_uri"": ""spotify:artist:2pH3wEn4eYlMMIIQyKPbVR"", ""artist_url"": ""https://open.spotify.com/artist/2pH3wEn4eYlMMIIQyKPbVR"", ""artist_type"": ""artist"", ""artist_genres"": """", ""artist_spotify_api_popularity"": """", ""artist_followers_total"": """", ""artist_image_url"": ""https://i.scdn.co/image/ab6761610000e5eb9990158fcdb38d475363ea7c"", ""artist_lookup_error"": """", ""artist_monthly_listeners"": ""1792259"", ""artist_monthly_listeners_display"": ""1,792,259"", ""artist_monthly_listeners_is_approx"": ""false"", ""artist_monthly_listeners_source"": ""Spotify public artist page"", ""artist_monthly_listeners_fetch_error"": """"}]",0,,"{""spotify"": ""https://open.spotify.com/track/3JecnepxrLHCxv4hl5OhZ0""}",{}
week1_13july,2026-07-24T08:36:00+00:00,Spotify,Aysima Karçaaltıncaba,aaaaysimaaaa,Week1-User3,Week1-User3,73b83d4fpud64FLpYqCGjD,spotify:playlist:73b83d4fpud64FLpYqCGjD,https://open.spotify.com/playlist/73b83d4fpud64FLpYqCGjD,,aaaaysimaaaa,Aysima Karçaaltıncaba,True,False,0,AAAABFQz1G1SzWm0Xis7SGc1sFRc/Bg0,30,24,2026-07-21T19:21:25Z,aaaaysimaaaa,primary_artist_monthly_listeners,28965,"28,965",Spotify public artist page,false,,6ruhOxyV98u0nHjd4bX5KM,spotify:track:6ruhOxyV98u0nHjd4bX5KM,https://open.spotify.com/track/6ruhOxyV98u0nHjd4bX5KM,Your Time Has Come,track,2,1,303493,303.493,False,False,True,,https://api.spotify.com/v1/tracks/6ruhOxyV98u0nHjd4bX5KM,https://api.spotify.com/v1/tracks/6ruhOxyV98u0nHjd4bX5KM,,,DEH841400201,,,3cQzjRT13tkhslb7ii9NcD,spotify:album:3cQzjRT13tkhslb7ii9NcD,https://open.spotify.com/album/3cQzjRT13tkhslb7ii9NcD,Light of Dawn,album,,12,2014-08-01,day,,C: 2014 Edel Germany GmbH. earMUSIC is a project of Edel.; P: 2014 Edel Germany GmbH. earMUSIC is a project of Edel.,,https://i.scdn.co/image/ab67616d0000b27373c0fd64f80440fb41dc2601,,3DDcmHnwKjM4sQ8qm34JMU,Unisonic,spotify:artist:3DDcmHnwKjM4sQ8qm34JMU,https://open.spotify.com/artist/3DDcmHnwKjM4sQ8qm34JMU,,,,28965,"28,965",false,Spotify public artist page,,https://i.scdn.co/image/ab6761610000e5eb0be750ff9272422d98f971b0,,3DDcmHnwKjM4sQ8qm34JMU,Unisonic,https://open.spotify.com/artist/3DDcmHnwKjM4sQ8qm34JMU,"[{""artist_id"": ""3DDcmHnwKjM4sQ8qm34JMU"", ""artist_name"": ""Unisonic"", ""artist_url"": ""https://open.spotify.com/artist/3DDcmHnwKjM4sQ8qm34JMU"", ""monthly_listeners"": ""28965"", ""monthly_listeners_display"": ""28,965"", ""is_approx"": ""false"", ""fetch_error"": """"}]","[{""artist_id"": ""3DDcmHnwKjM4sQ8qm34JMU"", ""artist_name"": ""Unisonic"", ""artist_uri"": ""spotify:artist:3DDcmHnwKjM4sQ8qm34JMU"", ""artist_url"": ""https://open.spotify.com/artist/3DDcmHnwKjM4sQ8qm34JMU"", ""artist_type"": ""artist"", ""artist_genres"": """", ""artist_spotify_api_popularity"": """", ""artist_followers_total"": """", ""artist_image_url"": ""https://i.scdn.co/image/ab6761610000e5eb0be750ff9272422d98f971b0"", ""artist_lookup_error"": """", ""artist_monthly_listeners"": ""28965"", ""artist_monthly_listeners_display"": ""28,965"", ""artist_monthly_listeners_is_approx"": ""false"", ""artist_monthly_listeners_source"": ""Spotify public artist page"", ""artist_monthly_listeners_fetch_error"": """"}]",0,,"{""spotify"": ""https://open.spotify.com/track/6ruhOxyV98u0nHjd4bX5KM""}",{}
week1_13july,2026-07-24T08:36:00+00:00,Spotify,Aysima Karçaaltıncaba,aaaaysimaaaa,Week1-User3,Week1-User3,73b83d4fpud64FLpYqCGjD,spotify:playlist:73b83d4fpud64FLpYqCGjD,https://open.spotify.com/playlist/73b83d4fpud64FLpYqCGjD,,aaaaysimaaaa,Aysima Karçaaltıncaba,True,False,0,AAAABFQz1G1SzWm0Xis7SGc1sFRc/Bg0,30,25,2026-07-21T19:21:25Z,aaaaysimaaaa,primary_artist_monthly_listeners,92170,"92,170",Spotify public artist page,false,,2rV29Dueq15Cq4IyFgINDL,spotify:track:2rV29Dueq15Cq4IyFgINDL,https://open.spotify.com/track/2rV29Dueq15Cq4IyFgINDL,Set This World on Fire,track,4,1,306146,306.146,False,False,True,,https://api.spotify.com/v1/tracks/2rV29Dueq15Cq4IyFgINDL,https://api.spotify.com/v1/tracks/2rV29Dueq15Cq4IyFgINDL,,,DEAT71518805,,,2bMAHTAhkUMjB9ajRxAbit,spotify:album:2bMAHTAhkUMjB9ajRxAbit,https://open.spotify.com/album/2bMAHTAhkUMjB9ajRxAbit,Unity,album,,13,2002-03-13,day,,C: (C) 2002 Dr. Bones; P: (P) 2002 Dr. Bones,,https://i.scdn.co/image/ab67616d0000b273590803396dac7ebccceb38f6,,5TJVsWPUaJxBxWfVZQEt2x,Rage,spotify:artist:5TJVsWPUaJxBxWfVZQEt2x,https://open.spotify.com/artist/5TJVsWPUaJxBxWfVZQEt2x,,,,92170,"92,170",false,Spotify public artist page,,https://i.scdn.co/image/ab6761610000e5ebbb296bc31c8d982074a54793,,5TJVsWPUaJxBxWfVZQEt2x,Rage,https://open.spotify.com/artist/5TJVsWPUaJxBxWfVZQEt2x,"[{""artist_id"": ""5TJVsWPUaJxBxWfVZQEt2x"", ""artist_name"": ""Rage"", ""artist_url"": ""https://open.spotify.com/artist/5TJVsWPUaJxBxWfVZQEt2x"", ""monthly_listeners"": ""92170"", ""monthly_listeners_display"": ""92,170"", ""is_approx"": ""false"", ""fetch_error"": """"}]","[{""artist_id"": ""5TJVsWPUaJxBxWfVZQEt2x"", ""artist_name"": ""Rage"", ""artist_uri"": ""spotify:artist:5TJVsWPUaJxBxWfVZQEt2x"", ""artist_url"": ""https://open.spotify.com/artist/5TJVsWPUaJxBxWfVZQEt2x"", ""artist_type"": ""artist"", ""artist_genres"": """", ""artist_spotify_api_popularity"": """", ""artist_followers_total"": """", ""artist_image_url"": ""https://i.scdn.co/image/ab6761610000e5ebbb296bc31c8d982074a54793"", ""artist_lookup_error"": """", ""artist_monthly_listeners"": ""92170"", ""artist_monthly_listeners_display"": ""92,170"", ""artist_monthly_listeners_is_approx"": ""false"", ""artist_monthly_listeners_source"": ""Spotify public artist page"", ""artist_monthly_listeners_fetch_error"": """"}]",0,,"{""spotify"": ""https://open.spotify.com/track/2rV29Dueq15Cq4IyFgINDL""}",{}
week1_13july,2026-07-24T08:36:00+00:00,Spotify,Aysima Karçaaltıncaba,aaaaysimaaaa,Week1-User3,Week1-User3,73b83d4fpud64FLpYqCGjD,spotify:playlist:73b83d4fpud64FLpYqCGjD,https://open.spotify.com/playlist/73b83d4fpud64FLpYqCGjD,,aaaaysimaaaa,Aysima Karçaaltıncaba,True,False,0,AAAABFQz1G1SzWm0Xis7SGc1sFRc/Bg0,30,26,2026-07-21T19:21:25Z,aaaaysimaaaa,primary_artist_monthly_listeners,98617,"98,617",Spotify public artist page,false,,6QYNj3zXz2aZCqH7QHuA6W,spotify:track:6QYNj3zXz2aZCqH7QHuA6W,https://open.spotify.com/track/6QYNj3zXz2aZCqH7QHuA6W,Bad to the Bone,track,12,1,286053,286.053,False,False,True,,https://api.spotify.com/v1/tracks/6QYNj3zXz2aZCqH7QHuA6W,https://api.spotify.com/v1/tracks/6QYNj3zXz2aZCqH7QHuA6W,,,GBAJE0300759,,,7jUbppPLoL18SFen8l1cQS,spotify:album:7jUbppPLoL18SFen8l1cQS,https://open.spotify.com/album/7jUbppPLoL18SFen8l1cQS,Running Wild - 20 Years In History,compilation,,26,2003-02-22,day,,"C: 2003 Sanctuary Records Group Ltd., a BMG Company; P: 2003 Sanctuary Records Group Ltd., a BMG Company",,https://i.scdn.co/image/ab67616d0000b27394fab069cb5693615107ca66,,7954VFaZClkL503srfV5PE,Running Wild,spotify:artist:7954VFaZClkL503srfV5PE,https://open.spotify.com/artist/7954VFaZClkL503srfV5PE,,,,98617,"98,617",false,Spotify public artist page,,https://i.scdn.co/image/ffc7d8dd0a29d7ca6f0840f2c2d9050f5a60d97d,,7954VFaZClkL503srfV5PE,Running Wild,https://open.spotify.com/artist/7954VFaZClkL503srfV5PE,"[{""artist_id"": ""7954VFaZClkL503srfV5PE"", ""artist_name"": ""Running Wild"", ""artist_url"": ""https://open.spotify.com/artist/7954VFaZClkL503srfV5PE"", ""monthly_listeners"": ""98617"", ""monthly_listeners_display"": ""98,617"", ""is_approx"": ""false"", ""fetch_error"": """"}]","[{""artist_id"": ""7954VFaZClkL503srfV5PE"", ""artist_name"": ""Running Wild"", ""artist_uri"": ""spotify:artist:7954VFaZClkL503srfV5PE"", ""artist_url"": ""https://open.spotify.com/artist/7954VFaZClkL503srfV5PE"", ""artist_type"": ""artist"", ""artist_genres"": """", ""artist_spotify_api_popularity"": """", ""artist_followers_total"": """", ""artist_image_url"": ""https://i.scdn.co/image/ffc7d8dd0a29d7ca6f0840f2c2d9050f5a60d97d"", ""artist_lookup_error"": """", ""artist_monthly_listeners"": ""98617"", ""artist_monthly_listeners_display"": ""98,617"", ""artist_monthly_listeners_is_approx"": ""false"", ""artist_monthly_listeners_source"": ""Spotify public artist page"", ""artist_monthly_listeners_fetch_error"": """"}]",0,,"{""spotify"": ""https://open.spotify.com/track/6QYNj3zXz2aZCqH7QHuA6W""}",{}
week1_13july,2026-07-24T08:36:00+00:00,Spotify,Aysima Karçaaltıncaba,aaaaysimaaaa,Week1-User3,Week1-User3,73b83d4fpud64FLpYqCGjD,spotify:playlist:73b83d4fpud64FLpYqCGjD,https://open.spotify.com/playlist/73b83d4fpud64FLpYqCGjD,,aaaaysimaaaa,Aysima Karçaaltıncaba,True,False,0,AAAABFQz1G1SzWm0Xis7SGc1sFRc/Bg0,30,27,2026-07-21T19:21:25Z,aaaaysimaaaa,primary_artist_monthly_listeners,84187,"84,187",Spotify public artist page,false,,1ryaGBXdSgLMvWjFOyTaGg,spotify:track:1ryaGBXdSgLMvWjFOyTaGg,https://open.spotify.com/track/1ryaGBXdSgLMvWjFOyTaGg,Genghis Khan (feat. Orden Ogan),track,3,1,207680,207.680,False,False,True,,https://api.spotify.com/v1/tracks/1ryaGBXdSgLMvWjFOyTaGg,https://api.spotify.com/v1/tracks/1ryaGBXdSgLMvWjFOyTaGg,,,ATN262528803,,,4jyrz9eKYvPjk8ObEAAruH,spotify:album:4jyrz9eKYvPjk8ObEAAruH,https://open.spotify.com/album/4jyrz9eKYvPjk8ObEAAruH,Armageddon,album,,14,2025-07-04,day,,C: (C) 2025 Napalm Records Handels GmbH; P: (P) 2025 Napalm Records Handels GmbH,,https://i.scdn.co/image/ab67616d0000b27397dadc73ef50f355d0d166f7,,7DXUeaMULtMVFmmaKFzH3E,Warkings,spotify:artist:7DXUeaMULtMVFmmaKFzH3E,https://open.spotify.com/artist/7DXUeaMULtMVFmmaKFzH3E,,,,84187,"84,187",false,Spotify public artist page,,https://i.scdn.co/image/ab6761610000e5eb259e67ac785bfa8974a89fd5,,7DXUeaMULtMVFmmaKFzH3E; 3t5X2CVDf5mrlIx1SdvWYM,Warkings; Orden Ogan,https://open.spotify.com/artist/7DXUeaMULtMVFmmaKFzH3E; https://open.spotify.com/artist/3t5X2CVDf5mrlIx1SdvWYM,"[{""artist_id"": ""7DXUeaMULtMVFmmaKFzH3E"", ""artist_name"": ""Warkings"", ""artist_url"": ""https://open.spotify.com/artist/7DXUeaMULtMVFmmaKFzH3E"", ""monthly_listeners"": ""84187"", ""monthly_listeners_display"": ""84,187"", ""is_approx"": ""false"", ""fetch_error"": """"}, {""artist_id"": ""3t5X2CVDf5mrlIx1SdvWYM"", ""artist_name"": ""Orden Ogan"", ""artist_url"": ""https://open.spotify.com/artist/3t5X2CVDf5mrlIx1SdvWYM"", ""monthly_listeners"": ""251329"", ""monthly_listeners_display"": ""251,329"", ""is_approx"": ""false"", ""fetch_error"": """"}]","[{""artist_id"": ""7DXUeaMULtMVFmmaKFzH3E"", ""artist_name"": ""Warkings"", ""artist_uri"": ""spotify:artist:7DXUeaMULtMVFmmaKFzH3E"", ""artist_url"": ""https://open.spotify.com/artist/7DXUeaMULtMVFmmaKFzH3E"", ""artist_type"": ""artist"", ""artist_genres"": """", ""artist_spotify_api_popularity"": """", ""artist_followers_total"": """", ""artist_image_url"": ""https://i.scdn.co/image/ab6761610000e5eb259e67ac785bfa8974a89fd5"", ""artist_lookup_error"": """", ""artist_monthly_listeners"": ""84187"", ""artist_monthly_listeners_display"": ""84,187"", ""artist_monthly_listeners_is_approx"": ""false"", ""artist_monthly_listeners_source"": ""Spotify public artist page"", ""artist_monthly_listeners_fetch_error"": """"}, {""artist_id"": ""3t5X2CVDf5mrlIx1SdvWYM"", ""artist_name"": ""Orden Ogan"", ""artist_uri"": ""spotify:artist:3t5X2CVDf5mrlIx1SdvWYM"", ""artist_url"": ""https://open.spotify.com/artist/3t5X2CVDf5mrlIx1SdvWYM"", ""artist_type"": ""artist"", ""artist_genres"": """", ""artist_spotify_api_popularity"": """", ""artist_followers_total"": """", ""artist_image_url"": ""https://i.scdn.co/image/ab6761610000e5eb839f6d8b07539c53a1ab207b"", ""artist_lookup_error"": """", ""artist_monthly_listeners"": ""251329"", ""artist_monthly_listeners_display"": ""251,329"", ""artist_monthly_listeners_is_approx"": ""false"", ""artist_monthly_listeners_source"": ""Spotify public artist page"", ""artist_monthly_listeners_fetch_error"": """"}]",0,,"{""spotify"": ""https://open.spotify.com/track/1ryaGBXdSgLMvWjFOyTaGg""}",{}
week1_13july,2026-07-24T08:36:00+00:00,Spotify,Aysima Karçaaltıncaba,aaaaysimaaaa,Week1-User3,Week1-User3,73b83d4fpud64FLpYqCGjD,spotify:playlist:73b83d4fpud64FLpYqCGjD,https://open.spotify.com/playlist/73b83d4fpud64FLpYqCGjD,,aaaaysimaaaa,Aysima Karçaaltıncaba,True,False,0,AAAABFQz1G1SzWm0Xis7SGc1sFRc/Bg0,30,28,2026-07-21T19:21:25Z,aaaaysimaaaa,primary_artist_monthly_listeners,49330,"49,330",Spotify public artist page,false,,31BIfWawTAEnp8KsAasy13,spotify:track:31BIfWawTAEnp8KsAasy13,https://open.spotify.com/track/31BIfWawTAEnp8KsAasy13,Mindtraveller,track,5,1,345573,345.573,False,False,True,,https://api.spotify.com/v1/tracks/31BIfWawTAEnp8KsAasy13,https://api.spotify.com/v1/tracks/31BIfWawTAEnp8KsAasy13,,,USMBR1309954,,,4j3Pe9H1HCpbunI1XdQWro,spotify:album:4j3Pe9H1HCpbunI1XdQWro,https://open.spotify.com/album/4j3Pe9H1HCpbunI1XdQWro,Falconer,album,,10,2001-05-08,day,,"C: (C) 2001 Metal Blade Records, Inc.; P: (P) 2001 Metal Blade Records, Inc.",,https://i.scdn.co/image/ab67616d0000b273c15f2c3144e86069239d51f5,,1UKdnbreQFDmPg3Mhcjhkr,Falconer,spotify:artist:1UKdnbreQFDmPg3Mhcjhkr,https://open.spotify.com/artist/1UKdnbreQFDmPg3Mhcjhkr,,,,49330,"49,330",false,Spotify public artist page,,https://i.scdn.co/image/ab6772690000c46c0c66276b714aef58cffe49b7,,1UKdnbreQFDmPg3Mhcjhkr,Falconer,https://open.spotify.com/artist/1UKdnbreQFDmPg3Mhcjhkr,"[{""artist_id"": ""1UKdnbreQFDmPg3Mhcjhkr"", ""artist_name"": ""Falconer"", ""artist_url"": ""https://open.spotify.com/artist/1UKdnbreQFDmPg3Mhcjhkr"", ""monthly_listeners"": ""49330"", ""monthly_listeners_display"": ""49,330"", ""is_approx"": ""false"", ""fetch_error"": """"}]","[{""artist_id"": ""1UKdnbreQFDmPg3Mhcjhkr"", ""artist_name"": ""Falconer"", ""artist_uri"": ""spotify:artist:1UKdnbreQFDmPg3Mhcjhkr"", ""artist_url"": ""https://open.spotify.com/artist/1UKdnbreQFDmPg3Mhcjhkr"", ""artist_type"": ""artist"", ""artist_genres"": """", ""artist_spotify_api_popularity"": """", ""artist_followers_total"": """", ""artist_image_url"": ""https://i.scdn.co/image/ab6772690000c46c0c66276b714aef58cffe49b7"", ""artist_lookup_error"": """", ""artist_monthly_listeners"": ""49330"", ""artist_monthly_listeners_display"": ""49,330"", ""artist_monthly_listeners_is_approx"": ""false"", ""artist_monthly_listeners_source"": ""Spotify public artist page"", ""artist_monthly_listeners_fetch_error"": """"}]",0,,"{""spotify"": ""https://open.spotify.com/track/31BIfWawTAEnp8KsAasy13""}",{}
week1_13july,2026-07-24T08:36:00+00:00,Spotify,Aysima Karçaaltıncaba,aaaaysimaaaa,Week1-User3,Week1-User3,73b83d4fpud64FLpYqCGjD,spotify:playlist:73b83d4fpud64FLpYqCGjD,https://open.spotify.com/playlist/73b83d4fpud64FLpYqCGjD,,aaaaysimaaaa,Aysima Karçaaltıncaba,True,False,0,AAAABFQz1G1SzWm0Xis7SGc1sFRc/Bg0,30,29,2026-07-21T19:21:25Z,aaaaysimaaaa,primary_artist_monthly_listeners,50778,"50,778",Spotify public artist page,false,,4i3L5DHB4W2CzKtaUdeDkC,spotify:track:4i3L5DHB4W2CzKtaUdeDkC,https://open.spotify.com/track/4i3L5DHB4W2CzKtaUdeDkC,Wings of Steel,track,2,1,203546,203.546,False,False,True,,https://api.spotify.com/v1/tracks/4i3L5DHB4W2CzKtaUdeDkC,https://api.spotify.com/v1/tracks/4i3L5DHB4W2CzKtaUdeDkC,,,uscgh2281070,,,4Rzk8EU6um8ETgCUatThYv,spotify:album:4Rzk8EU6um8ETgCUatThYv,https://open.spotify.com/album/4Rzk8EU6um8ETgCUatThYv,Wings of Steel,single,,5,2022-03-11,day,,C: 2022 Wings of Steel; P: 2022 Wings of Steel,,https://i.scdn.co/image/ab67616d0000b2739c6291976636fd4718a37d04,,0y43lCvntQtyFlhCABGb0T,Wings of Steel,spotify:artist:0y43lCvntQtyFlhCABGb0T,https://open.spotify.com/artist/0y43lCvntQtyFlhCABGb0T,,,,50778,"50,778",false,Spotify public artist page,,https://i.scdn.co/image/ab6761610000e5ebf0ec514bb1af4546a9f63f24,,0y43lCvntQtyFlhCABGb0T,Wings of Steel,https://open.spotify.com/artist/0y43lCvntQtyFlhCABGb0T,"[{""artist_id"": ""0y43lCvntQtyFlhCABGb0T"", ""artist_name"": ""Wings of Steel"", ""artist_url"": ""https://open.spotify.com/artist/0y43lCvntQtyFlhCABGb0T"", ""monthly_listeners"": ""50778"", ""monthly_listeners_display"": ""50,778"", ""is_approx"": ""false"", ""fetch_error"": """"}]","[{""artist_id"": ""0y43lCvntQtyFlhCABGb0T"", ""artist_name"": ""Wings of Steel"", ""artist_uri"": ""spotify:artist:0y43lCvntQtyFlhCABGb0T"", ""artist_url"": ""https://open.spotify.com/artist/0y43lCvntQtyFlhCABGb0T"", ""artist_type"": ""artist"", ""artist_genres"": """", ""artist_spotify_api_popularity"": """", ""artist_followers_total"": """", ""artist_image_url"": ""https://i.scdn.co/image/ab6761610000e5ebf0ec514bb1af4546a9f63f24"", ""artist_lookup_error"": """", ""artist_monthly_listeners"": ""50778"", ""artist_monthly_listeners_display"": ""50,778"", ""artist_monthly_listeners_is_approx"": ""false"", ""artist_monthly_listeners_source"": ""Spotify public artist page"", ""artist_monthly_listeners_fetch_error"": """"}]",0,,"{""spotify"": ""https://open.spotify.com/track/4i3L5DHB4W2CzKtaUdeDkC""}",{}
week1_13july,2026-07-24T08:36:00+00:00,Spotify,Aysima Karçaaltıncaba,aaaaysimaaaa,Week1-User3,Week1-User3,73b83d4fpud64FLpYqCGjD,spotify:playlist:73b83d4fpud64FLpYqCGjD,https://open.spotify.com/playlist/73b83d4fpud64FLpYqCGjD,,aaaaysimaaaa,Aysima Karçaaltıncaba,True,False,0,AAAABFQz1G1SzWm0Xis7SGc1sFRc/Bg0,30,30,2026-07-21T19:21:25Z,aaaaysimaaaa,primary_artist_monthly_listeners,120757,"120,757",Spotify public artist page,false,,2v9855tCBy97Qp4BmMZscS,spotify:track:2v9855tCBy97Qp4BmMZscS,https://open.spotify.com/track/2v9855tCBy97Qp4BmMZscS,Future World,track,1,1,323960,323.960,False,False,True,,https://api.spotify.com/v1/tracks/2v9855tCBy97Qp4BmMZscS,https://api.spotify.com/v1/tracks/2v9855tCBy97Qp4BmMZscS,,,DKAXG9028101,,,5tzRyHhVzI9JbrRPlqOPLD,spotify:album:5tzRyHhVzI9JbrRPlqOPLD,https://open.spotify.com/album/5tzRyHhVzI9JbrRPlqOPLD,Future World,album,,9,1987-04-07,day,,P: (P) 1987 Sony Music Entertainment (Denmark) A/S,,https://i.scdn.co/image/ab67616d0000b2738e63608fce44bcd03f9963cf,,4OGo8f0tdKloP3IZwvnLqt,Pretty Maids,spotify:artist:4OGo8f0tdKloP3IZwvnLqt,https://open.spotify.com/artist/4OGo8f0tdKloP3IZwvnLqt,,,,120757,"120,757",false,Spotify public artist page,,https://i.scdn.co/image/ab6761610000e5eb8e6036ce56d0ff6256a29b44,,4OGo8f0tdKloP3IZwvnLqt,Pretty Maids,https://open.spotify.com/artist/4OGo8f0tdKloP3IZwvnLqt,"[{""artist_id"": ""4OGo8f0tdKloP3IZwvnLqt"", ""artist_name"": ""Pretty Maids"", ""artist_url"": ""https://open.spotify.com/artist/4OGo8f0tdKloP3IZwvnLqt"", ""monthly_listeners"": ""120757"", ""monthly_listeners_display"": ""120,757"", ""is_approx"": ""false"", ""fetch_error"": """"}]","[{""artist_id"": ""4OGo8f0tdKloP3IZwvnLqt"", ""artist_name"": ""Pretty Maids"", ""artist_uri"": ""spotify:artist:4OGo8f0tdKloP3IZwvnLqt"", ""artist_url"": ""https://open.spotify.com/artist/4OGo8f0tdKloP3IZwvnLqt"", ""artist_type"": ""artist"", ""artist_genres"": """", ""artist_spotify_api_popularity"": """", ""artist_followers_total"": """", ""artist_image_url"": ""https://i.scdn.co/image/ab6761610000e5eb8e6036ce56d0ff6256a29b44"", ""artist_lookup_error"": """", ""artist_monthly_listeners"": ""120757"", ""artist_monthly_listeners_display"": ""120,757"", ""artist_monthly_listeners_is_approx"": ""false"", ""artist_monthly_listeners_source"": ""Spotify public artist page"", ""artist_monthly_listeners_fetch_error"": """"}]",0,,"{""spotify"": ""https://open.spotify.com/track/2v9855tCBy97Qp4BmMZscS""}",{}
week1_13july,2026-07-24T08:36:00+00:00,Spotify,Aysima Karçaaltıncaba,aaaaysimaaaa,Week1-User4,Week1-User4,4syI3cLSRArRP3VencCRM3,spotify:playlist:4syI3cLSRArRP3VencCRM3,https://open.spotify.com/playlist/4syI3cLSRArRP3VencCRM3,,aaaaysimaaaa,Aysima Karçaaltıncaba,True,False,0,AAAABD3ayRGktU5myV5oeUnELbFKw7b0,30,1,2026-07-21T19:26:06Z,aaaaysimaaaa,primary_artist_monthly_listeners,3115408,"3,115,408",Spotify public artist page,false,,275EXSVi2oyj4S5SPMo9qx,spotify:track:275EXSVi2oyj4S5SPMo9qx,https://open.spotify.com/track/275EXSVi2oyj4S5SPMo9qx,Hordes of Khan,track,2,1,223000,223.000,False,False,True,,https://api.spotify.com/v1/tracks/275EXSVi2oyj4S5SPMo9qx,https://api.spotify.com/v1/tracks/275EXSVi2oyj4S5SPMo9qx,,,USDPK2500082,,,1jjx7U3tayhJTytJVBj0WY,spotify:album:1jjx7U3tayhJTytJVBj0WY,https://open.spotify.com/album/1jjx7U3tayhJTytJVBj0WY,Legends,album,,11,2025-10-17,day,,"C: 2025 Sabaton, under exclusive license to Better Noise Music; P: 2025 Sabaton, under exclusive license to Better Noise Music",,https://i.scdn.co/image/ab67616d0000b2732015d006804756df2e271b74,,3o2dn2O0FCVsWDFSh8qxgG,Sabaton,spotify:artist:3o2dn2O0FCVsWDFSh8qxgG,https://open.spotify.com/artist/3o2dn2O0FCVsWDFSh8qxgG,,,,3115408,"3,115,408",false,Spotify public artist page,,https://i.scdn.co/image/ab6761610000e5ebfc0524cca1171fac8678f4bf,,3o2dn2O0FCVsWDFSh8qxgG,Sabaton,https://open.spotify.com/artist/3o2dn2O0FCVsWDFSh8qxgG,"[{""artist_id"": ""3o2dn2O0FCVsWDFSh8qxgG"", ""artist_name"": ""Sabaton"", ""artist_url"": ""https://open.spotify.com/artist/3o2dn2O0FCVsWDFSh8qxgG"", ""monthly_listeners"": ""3115408"", ""monthly_listeners_display"": ""3,115,408"", ""is_approx"": ""false"", ""fetch_error"": """"}]","[{""artist_id"": ""3o2dn2O0FCVsWDFSh8qxgG"", ""artist_name"": ""Sabaton"", ""artist_uri"": ""spotify:artist:3o2dn2O0FCVsWDFSh8qxgG"", ""artist_url"": ""https://open.spotify.com/artist/3o2dn2O0FCVsWDFSh8qxgG"", ""artist_type"": ""artist"", ""artist_genres"": """", ""artist_spotify_api_popularity"": """", ""artist_followers_total"": """", ""artist_image_url"": ""https://i.scdn.co/image/ab6761610000e5ebfc0524cca1171fac8678f4bf"", ""artist_lookup_error"": """", ""artist_monthly_listeners"": ""3115408"", ""artist_monthly_listeners_display"": ""3,115,408"", ""artist_monthly_listeners_is_approx"": ""false"", ""artist_monthly_listeners_source"": ""Spotify public artist page"", ""artist_monthly_listeners_fetch_error"": """"}]",0,,"{""spotify"": ""https://open.spotify.com/track/275EXSVi2oyj4S5SPMo9qx""}",{}
week1_13july,2026-07-24T08:36:00+00:00,Spotify,Aysima Karçaaltıncaba,aaaaysimaaaa,Week1-User4,Week1-User4,4syI3cLSRArRP3VencCRM3,spotify:playlist:4syI3cLSRArRP3VencCRM3,https://open.spotify.com/playlist/4syI3cLSRArRP3VencCRM3,,aaaaysimaaaa,Aysima Karçaaltıncaba,True,False,0,AAAABD3ayRGktU5myV5oeUnELbFKw7b0,30,2,2026-07-21T19:26:06Z,aaaaysimaaaa,primary_artist_monthly_listeners,858884,"858,884",Spotify public artist page,false,,0eV3PB3T0OxW4feG1DlOjQ,spotify:track:0eV3PB3T0OxW4feG1DlOjQ,https://open.spotify.com/track/0eV3PB3T0OxW4feG1DlOjQ,Hearts on Fire,track,2,1,231386,231.386,False,False,True,,https://api.spotify.com/v1/tracks/0eV3PB3T0OxW4feG1DlOjQ,https://api.spotify.com/v1/tracks/0eV3PB3T0OxW4feG1DlOjQ,,,DED830264702,,,2uehY2zRsh0h6ZmJt8LLQi,spotify:album:2uehY2zRsh0h6ZmJt8LLQi,https://open.spotify.com/album/2uehY2zRsh0h6ZmJt8LLQi,Crimson Thunder,album,,12,2002-10-28,day,,"C: 2002 HammerFall Management, under exclusive license to Nuclear Blast GmbH; P: 2002 HammerFall Management, under exclusive license to Nuclear Blast GmbH",,https://i.scdn.co/image/ab67616d0000b273bceefa541bb181ec0b8d32e4,,2o18h28enlHxj887tATc58,HammerFall,spotify:artist:2o18h28enlHxj887tATc58,https://open.spotify.com/artist/2o18h28enlHxj887tATc58,,,,858884,"858,884",false,Spotify public artist page,,https://i.scdn.co/image/ab6761610000e5eb9a0164f238589f0c0ca31088,,2o18h28enlHxj887tATc58,HammerFall,https://open.spotify.com/artist/2o18h28enlHxj887tATc58,"[{""artist_id"": ""2o18h28enlHxj887tATc58"", ""artist_name"": ""HammerFall"", ""artist_url"": ""https://open.spotify.com/artist/2o18h28enlHxj887tATc58"", ""monthly_listeners"": ""858884"", ""monthly_listeners_display"": ""858,884"", ""is_approx"": ""false"", ""fetch_error"": """"}]","[{""artist_id"": ""2o18h28enlHxj887tATc58"", ""artist_name"": ""HammerFall"", ""artist_uri"": ""spotify:artist:2o18h28enlHxj887tATc58"", ""artist_url"": ""https://open.spotify.com/artist/2o18h28enlHxj887tATc58"", ""artist_type"": ""artist"", ""artist_genres"": """", ""artist_spotify_api_popularity"": """", ""artist_followers_total"": """", ""artist_image_url"": ""https://i.scdn.co/image/ab6761610000e5eb9a0164f238589f0c0ca31088"", ""artist_lookup_error"": """", ""artist_monthly_listeners"": ""858884"", ""artist_monthly_listeners_display"": ""858,884"", ""artist_monthly_listeners_is_approx"": ""false"", ""artist_monthly_listeners_source"": ""Spotify public artist page"", ""artist_monthly_listeners_fetch_error"": """"}]",0,,"{""spotify"": ""https://open.spotify.com/track/0eV3PB3T0OxW4feG1DlOjQ""}",{}
week1_13july,2026-07-24T08:36:00+00:00,Spotify,Aysima Karçaaltıncaba,aaaaysimaaaa,Week1-User4,Week1-User4,4syI3cLSRArRP3VencCRM3,spotify:playlist:4syI3cLSRArRP3VencCRM3,https://open.spotify.com/playlist/4syI3cLSRArRP3VencCRM3,,aaaaysimaaaa,Aysima Karçaaltıncaba,True,False,0,AAAABD3ayRGktU5myV5oeUnELbFKw7b0,30,3,2026-07-21T19:26:06Z,aaaaysimaaaa,primary_artist_monthly_listeners,845438,"845,438",Spotify public artist page,false,,7ht4SHDXCtttLSabtIQ9XA,spotify:track:7ht4SHDXCtttLSabtIQ9XA,https://open.spotify.com/track/7ht4SHDXCtttLSabtIQ9XA,Eagleheart,track,1,1,230266,230.266,False,False,True,,https://api.spotify.com/v1/tracks/7ht4SHDXCtttLSabtIQ9XA,https://api.spotify.com/v1/tracks/7ht4SHDXCtttLSabtIQ9XA,,,DEH841400420,,,1uHpdAzzpIgZTJTheEEla0,spotify:album:1uHpdAzzpIgZTJTheEEla0,https://open.spotify.com/album/1uHpdAzzpIgZTJTheEEla0,"Elements, Pt. 1&2 (Complete Edition)",album,,28,2014-12-05,day,,C: 2014 Stratovarius under exclusive license to Odyssey Music Network GmbH; P: 2014 Stratovarius under exclusive license to Odyssey Music Network GmbH,,https://i.scdn.co/image/ab67616d0000b273fd2b926eaeca0064d2efb24d,,1O8CSXsPwEqxcoBE360PPO,Stratovarius,spotify:artist:1O8CSXsPwEqxcoBE360PPO,https://open.spotify.com/artist/1O8CSXsPwEqxcoBE360PPO,,,,845438,"845,438",false,Spotify public artist page,,https://i.scdn.co/image/ab6761610000e5eb4733f393ad04f47b31edaadb,,1O8CSXsPwEqxcoBE360PPO,Stratovarius,https://open.spotify.com/artist/1O8CSXsPwEqxcoBE360PPO,"[{""artist_id"": ""1O8CSXsPwEqxcoBE360PPO"", ""artist_name"": ""Stratovarius"", ""artist_url"": ""https://open.spotify.com/artist/1O8CSXsPwEqxcoBE360PPO"", ""monthly_listeners"": ""845438"", ""monthly_listeners_display"": ""845,438"", ""is_approx"": ""false"", ""fetch_error"": """"}]","[{""artist_id"": ""1O8CSXsPwEqxcoBE360PPO"", ""artist_name"": ""Stratovarius"", ""artist_uri"": ""spotify:artist:1O8CSXsPwEqxcoBE360PPO"", ""artist_url"": ""https://open.spotify.com/artist/1O8CSXsPwEqxcoBE360PPO"", ""artist_type"": ""artist"", ""artist_genres"": """", ""artist_spotify_api_popularity"": """", ""artist_followers_total"": """", ""artist_image_url"": ""https://i.scdn.co/image/ab6761610000e5eb4733f393ad04f47b31edaadb"", ""artist_lookup_error"": """", ""artist_monthly_listeners"": ""845438"", ""artist_monthly_listeners_display"": ""845,438"", ""artist_monthly_listeners_is_approx"": ""false"", ""artist_monthly_listeners_source"": ""Spotify public artist page"", ""artist_monthly_listeners_fetch_error"": """"}]",0,,"{""spotify"": ""https://open.spotify.com/track/7ht4SHDXCtttLSabtIQ9XA""}",{}
week1_13july,2026-07-24T08:36:00+00:00,Spotify,Aysima Karçaaltıncaba,aaaaysimaaaa,Week1-User4,Week1-User4,4syI3cLSRArRP3VencCRM3,spotify:playlist:4syI3cLSRArRP3VencCRM3,https://open.spotify.com/playlist/4syI3cLSRArRP3VencCRM3,,aaaaysimaaaa,Aysima Karçaaltıncaba,True,False,0,AAAABD3ayRGktU5myV5oeUnELbFKw7b0,30,4,2026-07-21T19:26:06Z,aaaaysimaaaa,primary_artist_monthly_listeners,105691,"105,691",Spotify public artist page,false,,0V2Jge35CQn1Hc9hNBmdbm,spotify:track:0V2Jge35CQn1Hc9hNBmdbm,https://open.spotify.com/track/0V2Jge35CQn1Hc9hNBmdbm,The End Is Near,track,2,1,266964,266.964,False,False,True,,https://api.spotify.com/v1/tracks/0V2Jge35CQn1Hc9hNBmdbm,https://api.spotify.com/v1/tracks/0V2Jge35CQn1Hc9hNBmdbm,,,ITG271600027,,,4Y726zsgHLeScKFCe8CgeL,spotify:album:4Y726zsgHLeScKFCe8CgeL,https://open.spotify.com/album/4Y726zsgHLeScKFCe8CgeL,Rulebreaker,album,,14,2016-01-29,day,,C: (C) 2016 Reigning Phoenix Music; P: (P) 2016 Reigning Phoenix Music,,https://i.scdn.co/image/ab67616d0000b273f697ada0466f413cacf8052a,,1yfiDL3YUEJlQCgb5Pun6g,Primal Fear,spotify:artist:1yfiDL3YUEJlQCgb5Pun6g,https://open.spotify.com/artist/1yfiDL3YUEJlQCgb5Pun6g,,,,105691,"105,691",false,Spotify public artist page,,https://i.scdn.co/image/ab6761610000e5ebd8360d0ed8fe9dd3fd04fb45,,1yfiDL3YUEJlQCgb5Pun6g,Primal Fear,https://open.spotify.com/artist/1yfiDL3YUEJlQCgb5Pun6g,"[{""artist_id"": ""1yfiDL3YUEJlQCgb5Pun6g"", ""artist_name"": ""Primal Fear"", ""artist_url"": ""https://open.spotify.com/artist/1yfiDL3YUEJlQCgb5Pun6g"", ""monthly_listeners"": ""105691"", ""monthly_listeners_display"": ""105,691"", ""is_approx"": ""false"", ""fetch_error"": """"}]","[{""artist_id"": ""1yfiDL3YUEJlQCgb5Pun6g"", ""artist_name"": ""Primal Fear"", ""artist_uri"": ""spotify:artist:1yfiDL3YUEJlQCgb5Pun6g"", ""artist_url"": ""https://open.spotify.com/artist/1yfiDL3YUEJlQCgb5Pun6g"", ""artist_type"": ""artist"", ""artist_genres"": """", ""artist_spotify_api_popularity"": """", ""artist_followers_total"": """", ""artist_image_url"": ""https://i.scdn.co/image/ab6761610000e5ebd8360d0ed8fe9dd3fd04fb45"", ""artist_lookup_error"": """", ""artist_monthly_listeners"": ""105691"", ""artist_monthly_listeners_display"": ""105,691"", ""artist_monthly_listeners_is_approx"": ""false"", ""artist_monthly_listeners_source"": ""Spotify public artist page"", ""artist_monthly_listeners_fetch_error"": """"}]",0,,"{""spotify"": ""https://open.spotify.com/track/0V2Jge35CQn1Hc9hNBmdbm""}",{}
week1_13july,2026-07-24T08:36:00+00:00,Spotify,Aysima Karçaaltıncaba,aaaaysimaaaa,Week1-User4,Week1-User4,4syI3cLSRArRP3VencCRM3,spotify:playlist:4syI3cLSRArRP3VencCRM3,https://open.spotify.com/playlist/4syI3cLSRArRP3VencCRM3,,aaaaysimaaaa,Aysima Karçaaltıncaba,True,False,0,AAAABD3ayRGktU5myV5oeUnELbFKw7b0,30,5,2026-07-21T19:26:06Z,aaaaysimaaaa,primary_artist_monthly_listeners,170740,"170,740",Spotify public artist page,false,,3OdsSVAdClWuGRF9ZKslLA,spotify:track:3OdsSVAdClWuGRF9ZKslLA,https://open.spotify.com/track/3OdsSVAdClWuGRF9ZKslLA,Valley of the Kings,track,7,1,230840,230.840,False,False,True,,https://api.spotify.com/v1/tracks/3OdsSVAdClWuGRF9ZKslLA,https://api.spotify.com/v1/tracks/3OdsSVAdClWuGRF9ZKslLA,,,DEA249700063,,,63kN7mWPHfGQY3zkGyE8JV,spotify:album:63kN7mWPHfGQY3zkGyE8JV,https://open.spotify.com/album/63kN7mWPHfGQY3zkGyE8JV,Somewhere out in Space,album,,15,1997-08-25,day,,"C: 2022 earMUSIC, a label of Edel Music & Entertainment GmbH.; P: 1997 Gamma Ray / earMUSIC, a label of Edel Music & Entertainment GmbH.",,https://i.scdn.co/image/ab67616d0000b273f48a71b40a14122257dcd819,,6LZE884lDIsCSLHuTplfGp,Gamma Ray,spotify:artist:6LZE884lDIsCSLHuTplfGp,https://open.spotify.com/artist/6LZE884lDIsCSLHuTplfGp,,,,170740,"170,740",false,Spotify public artist page,,https://i.scdn.co/image/ab6772690000c46c1110b1a024312710e7c796c4,,6LZE884lDIsCSLHuTplfGp,Gamma Ray,https://open.spotify.com/artist/6LZE884lDIsCSLHuTplfGp,"[{""artist_id"": ""6LZE884lDIsCSLHuTplfGp"", ""artist_name"": ""Gamma Ray"", ""artist_url"": ""https://open.spotify.com/artist/6LZE884lDIsCSLHuTplfGp"", ""monthly_listeners"": ""170740"", ""monthly_listeners_display"": ""170,740"", ""is_approx"": ""false"", ""fetch_error"": """"}]","[{""artist_id"": ""6LZE884lDIsCSLHuTplfGp"", ""artist_name"": ""Gamma Ray"", ""artist_uri"": ""spotify:artist:6LZE884lDIsCSLHuTplfGp"", ""artist_url"": ""https://open.spotify.com/artist/6LZE884lDIsCSLHuTplfGp"", ""artist_type"": ""artist"", ""artist_genres"": """", ""artist_spotify_api_popularity"": """", ""artist_followers_total"": """", ""artist_image_url"": ""https://i.scdn.co/image/ab6772690000c46c1110b1a024312710e7c796c4"", ""artist_lookup_error"": """", ""artist_monthly_listeners"": ""170740"", ""artist_monthly_listeners_display"": ""170,740"", ""artist_monthly_listeners_is_approx"": ""false"", ""artist_monthly_listeners_source"": ""Spotify public artist page"", ""artist_monthly_listeners_fetch_error"": """"}]",0,,"{""spotify"": ""https://open.spotify.com/track/3OdsSVAdClWuGRF9ZKslLA""}",{}
week1_13july,2026-07-24T08:36:00+00:00,Spotify,Aysima Karçaaltıncaba,aaaaysimaaaa,Week1-User4,Week1-User4,4syI3cLSRArRP3VencCRM3,spotify:playlist:4syI3cLSRArRP3VencCRM3,https://open.spotify.com/playlist/4syI3cLSRArRP3VencCRM3,,aaaaysimaaaa,Aysima Karçaaltıncaba,True,False,0,AAAABD3ayRGktU5myV5oeUnELbFKw7b0,30,6,2026-07-21T19:26:06Z,aaaaysimaaaa,primary_artist_monthly_listeners,290277,"290,277",Spotify public artist page,false,,4wEtmW6jIuPQ8NTYHbkOGm,spotify:track:4wEtmW6jIuPQ8NTYHbkOGm,https://open.spotify.com/track/4wEtmW6jIuPQ8NTYHbkOGm,King of Fools,track,10,1,215320,215.320,False,False,True,,https://api.spotify.com/v1/tracks/4wEtmW6jIuPQ8NTYHbkOGm,https://api.spotify.com/v1/tracks/4wEtmW6jIuPQ8NTYHbkOGm,,,DED830370705,,,0ilazW0ucXedFYUgKFZkqT,spotify:album:0ilazW0ucXedFYUgKFZkqT,https://open.spotify.com/album/0ilazW0ucXedFYUgKFZkqT,The Singles,album,,14,2008-11-14,day,,C: 2008 Nuclear Blast; P: 2008 Nuclear Blast,,https://i.scdn.co/image/ab67616d0000b273834529912144b18eb39d773b,,3AGFqPP3gt5rMSvhR87Xxu,Edguy,spotify:artist:3AGFqPP3gt5rMSvhR87Xxu,https://open.spotify.com/artist/3AGFqPP3gt5rMSvhR87Xxu,,,,290277,"290,277",false,Spotify public artist page,,https://i.scdn.co/image/ab6772690000c46cec078670d746fddbe7674e78,,3AGFqPP3gt5rMSvhR87Xxu,Edguy,https://open.spotify.com/artist/3AGFqPP3gt5rMSvhR87Xxu,"[{""artist_id"": ""3AGFqPP3gt5rMSvhR87Xxu"", ""artist_name"": ""Edguy"", ""artist_url"": ""https://open.spotify.com/artist/3AGFqPP3gt5rMSvhR87Xxu"", ""monthly_listeners"": ""290277"", ""monthly_listeners_display"": ""290,277"", ""is_approx"": ""false"", ""fetch_error"": """"}]","[{""artist_id"": ""3AGFqPP3gt5rMSvhR87Xxu"", ""artist_name"": ""Edguy"", ""artist_uri"": ""spotify:artist:3AGFqPP3gt5rMSvhR87Xxu"", ""artist_url"": ""https://open.spotify.com/artist/3AGFqPP3gt5rMSvhR87Xxu"", ""artist_type"": ""artist"", ""artist_genres"": """", ""artist_spotify_api_popularity"": """", ""artist_followers_total"": """", ""artist_image_url"": ""https://i.scdn.co/image/ab6772690000c46cec078670d746fddbe7674e78"", ""artist_lookup_error"": """", ""artist_monthly_listeners"": ""290277"", ""artist_monthly_listeners_display"": ""290,277"", ""artist_monthly_listeners_is_approx"": ""false"", ""artist_monthly_listeners_source"": ""Spotify public artist page"", ""artist_monthly_listeners_fetch_error"": """"}]",0,,"{""spotify"": ""https://open.spotify.com/track/4wEtmW6jIuPQ8NTYHbkOGm""}",{}
week1_13july,2026-07-24T08:36:00+00:00,Spotify,Aysima Karçaaltıncaba,aaaaysimaaaa,Week1-User4,Week1-User4,4syI3cLSRArRP3VencCRM3,spotify:playlist:4syI3cLSRArRP3VencCRM3,https://open.spotify.com/playlist/4syI3cLSRArRP3VencCRM3,,aaaaysimaaaa,Aysima Karçaaltıncaba,True,False,0,AAAABD3ayRGktU5myV5oeUnELbFKw7b0,30,7,2026-07-21T19:26:06Z,aaaaysimaaaa,primary_artist_monthly_listeners,25447,"25,447",Spotify public artist page,false,,09OnB8xeghs8FRnu4dJKmU,spotify:track:09OnB8xeghs8FRnu4dJKmU,https://open.spotify.com/track/09OnB8xeghs8FRnu4dJKmU,Still Alive,track,3,1,242626,242.626,False,False,True,,https://api.spotify.com/v1/tracks/09OnB8xeghs8FRnu4dJKmU,https://api.spotify.com/v1/tracks/09OnB8xeghs8FRnu4dJKmU,,,US4E40529203,,,4QMOKIrJCvPTwbimx6uB26,spotify:album:4QMOKIrJCvPTwbimx6uB26,https://open.spotify.com/album/4QMOKIrJCvPTwbimx6uB26,Grand Illusion,album,,10,2006-07-13,day,,P: (P) 2005 Century Media Records Ltd.,,https://i.scdn.co/image/ab67616d0000b273d43cad94e8d49fd67f0c8928,,0dSoaJ8iEP3aid30p18O2g,Nocturnal Rites,spotify:artist:0dSoaJ8iEP3aid30p18O2g,https://open.spotify.com/artist/0dSoaJ8iEP3aid30p18O2g,,,,25447,"25,447",false,Spotify public artist page,,https://i.scdn.co/image/ab6772690000c46c16a47c3d98bb7ee498dfcc48,,0dSoaJ8iEP3aid30p18O2g,Nocturnal Rites,https://open.spotify.com/artist/0dSoaJ8iEP3aid30p18O2g,"[{""artist_id"": ""0dSoaJ8iEP3aid30p18O2g"", ""artist_name"": ""Nocturnal Rites"", ""artist_url"": ""https://open.spotify.com/artist/0dSoaJ8iEP3aid30p18O2g"", ""monthly_listeners"": ""25447"", ""monthly_listeners_display"": ""25,447"", ""is_approx"": ""false"", ""fetch_error"": """"}]","[{""artist_id"": ""0dSoaJ8iEP3aid30p18O2g"", ""artist_name"": ""Nocturnal Rites"", ""artist_uri"": ""spotify:artist:0dSoaJ8iEP3aid30p18O2g"", ""artist_url"": ""https://open.spotify.com/artist/0dSoaJ8iEP3aid30p18O2g"", ""artist_type"": ""artist"", ""artist_genres"": """", ""artist_spotify_api_popularity"": """", ""artist_followers_total"": """", ""artist_image_url"": ""https://i.scdn.co/image/ab6772690000c46c16a47c3d98bb7ee498dfcc48"", ""artist_lookup_error"": """", ""artist_monthly_listeners"": ""25447"", ""artist_monthly_listeners_display"": ""25,447"", ""artist_monthly_listeners_is_approx"": ""false"", ""artist_monthly_listeners_source"": ""Spotify public artist page"", ""artist_monthly_listeners_fetch_error"": """"}]",0,,"{""spotify"": ""https://open.spotify.com/track/09OnB8xeghs8FRnu4dJKmU""}",{}
week1_13july,2026-07-24T08:36:00+00:00,Spotify,Aysima Karçaaltıncaba,aaaaysimaaaa,Week1-User4,Week1-User4,4syI3cLSRArRP3VencCRM3,spotify:playlist:4syI3cLSRArRP3VencCRM3,https://open.spotify.com/playlist/4syI3cLSRArRP3VencCRM3,,aaaaysimaaaa,Aysima Karçaaltıncaba,True,False,0,AAAABD3ayRGktU5myV5oeUnELbFKw7b0,30,8,2026-07-21T19:26:06Z,aaaaysimaaaa,primary_artist_monthly_listeners,57678,"57,678",Spotify public artist page,false,,4mJmi9z3o1B6k2vry39Ufh,spotify:track:4mJmi9z3o1B6k2vry39Ufh,https://open.spotify.com/track/4mJmi9z3o1B6k2vry39Ufh,Heavy Metal Never Dies,track,5,1,254386,254.386,False,False,True,,https://api.spotify.com/v1/tracks/4mJmi9z3o1B6k2vry39Ufh,https://api.spotify.com/v1/tracks/4mJmi9z3o1B6k2vry39Ufh,,,DEU601103715,,,2UhgoMIFgbaiLHuiB0qjHU,spotify:album:2UhgoMIFgbaiLHuiB0qjHU,https://open.spotify.com/album/2UhgoMIFgbaiLHuiB0qjHU,The Landing,album,,11,2011-11-18,day,,C: 2011 AFM Records; P: 2011 AFM Records,,https://i.scdn.co/image/ab67616d0000b27396cd0b3287f32ec509c46fed,,6COmyouHXwCeIGS1IFd1PA,Iron Savior,spotify:artist:6COmyouHXwCeIGS1IFd1PA,https://open.spotify.com/artist/6COmyouHXwCeIGS1IFd1PA,,,,57678,"57,678",false,Spotify public artist page,,https://i.scdn.co/image/ab6761610000e5ebb3e6e0ca2f30c6aefc2363ae,,6COmyouHXwCeIGS1IFd1PA,Iron Savior,https://open.spotify.com/artist/6COmyouHXwCeIGS1IFd1PA,"[{""artist_id"": ""6COmyouHXwCeIGS1IFd1PA"", ""artist_name"": ""Iron Savior"", ""artist_url"": ""https://open.spotify.com/artist/6COmyouHXwCeIGS1IFd1PA"", ""monthly_listeners"": ""57678"", ""monthly_listeners_display"": ""57,678"", ""is_approx"": ""false"", ""fetch_error"": """"}]","[{""artist_id"": ""6COmyouHXwCeIGS1IFd1PA"", ""artist_name"": ""Iron Savior"", ""artist_uri"": ""spotify:artist:6COmyouHXwCeIGS1IFd1PA"", ""artist_url"": ""https://open.spotify.com/artist/6COmyouHXwCeIGS1IFd1PA"", ""artist_type"": ""artist"", ""artist_genres"": """", ""artist_spotify_api_popularity"": """", ""artist_followers_total"": """", ""artist_image_url"": ""https://i.scdn.co/image/ab6761610000e5ebb3e6e0ca2f30c6aefc2363ae"", ""artist_lookup_error"": """", ""artist_monthly_listeners"": ""57678"", ""artist_monthly_listeners_display"": ""57,678"", ""artist_monthly_listeners_is_approx"": ""false"", ""artist_monthly_listeners_source"": ""Spotify public artist page"", ""artist_monthly_listeners_fetch_error"": """"}]",0,,"{""spotify"": ""https://open.spotify.com/track/4mJmi9z3o1B6k2vry39Ufh""}",{}
week1_13july,2026-07-24T08:36:00+00:00,Spotify,Aysima Karçaaltıncaba,aaaaysimaaaa,Week1-User4,Week1-User4,4syI3cLSRArRP3VencCRM3,spotify:playlist:4syI3cLSRArRP3VencCRM3,https://open.spotify.com/playlist/4syI3cLSRArRP3VencCRM3,,aaaaysimaaaa,Aysima Karçaaltıncaba,True,False,0,AAAABD3ayRGktU5myV5oeUnELbFKw7b0,30,9,2026-07-21T19:26:06Z,aaaaysimaaaa,primary_artist_monthly_listeners,167499,"167,499",Spotify public artist page,false,,4nrVRhp2fGwY7MwINf9QLY,spotify:track:4nrVRhp2fGwY7MwINf9QLY,https://open.spotify.com/track/4nrVRhp2fGwY7MwINf9QLY,Chasing the Dragon,track,1,1,241360,241.360,False,False,True,,https://api.spotify.com/v1/tracks/4nrVRhp2fGwY7MwINf9QLY,https://api.spotify.com/v1/tracks/4nrVRhp2fGwY7MwINf9QLY,,,US4E40402201,,,75e23vS6UP1bZWkVphKGiD,spotify:album:75e23vS6UP1bZWkVphKGiD,https://open.spotify.com/album/75e23vS6UP1bZWkVphKGiD,Dragonslayer,album,,12,2002-07-13,day,,P: (P) 2002 Century Media Records Ltd.,,https://i.scdn.co/image/ab67616d0000b273b1b987d182eba3af75bf48bf,,1bkf8u8ot6vEpWTJFBzKZB,Dream Evil,spotify:artist:1bkf8u8ot6vEpWTJFBzKZB,https://open.spotify.com/artist/1bkf8u8ot6vEpWTJFBzKZB,,,,167499,"167,499",false,Spotify public artist page,,https://i.scdn.co/image/ab6761610000e5eb68620704b0615991995f22c5,,1bkf8u8ot6vEpWTJFBzKZB,Dream Evil,https://open.spotify.com/artist/1bkf8u8ot6vEpWTJFBzKZB,"[{""artist_id"": ""1bkf8u8ot6vEpWTJFBzKZB"", ""artist_name"": ""Dream Evil"", ""artist_url"": ""https://open.spotify.com/artist/1bkf8u8ot6vEpWTJFBzKZB"", ""monthly_listeners"": ""167499"", ""monthly_listeners_display"": ""167,499"", ""is_approx"": ""false"", ""fetch_error"": """"}]","[{""artist_id"": ""1bkf8u8ot6vEpWTJFBzKZB"", ""artist_name"": ""Dream Evil"", ""artist_uri"": ""spotify:artist:1bkf8u8ot6vEpWTJFBzKZB"", ""artist_url"": ""https://open.spotify.com/artist/1bkf8u8ot6vEpWTJFBzKZB"", ""artist_type"": ""artist"", ""artist_genres"": """", ""artist_spotify_api_popularity"": """", ""artist_followers_total"": """", ""artist_image_url"": ""https://i.scdn.co/image/ab6761610000e5eb68620704b0615991995f22c5"", ""artist_lookup_error"": """", ""artist_monthly_listeners"": ""167499"", ""artist_monthly_listeners_display"": ""167,499"", ""artist_monthly_listeners_is_approx"": ""false"", ""artist_monthly_listeners_source"": ""Spotify public artist page"", ""artist_monthly_listeners_fetch_error"": """"}]",0,,"{""spotify"": ""https://open.spotify.com/track/4nrVRhp2fGwY7MwINf9QLY""}",{}
week1_13july,2026-07-24T08:36:00+00:00,Spotify,Aysima Karçaaltıncaba,aaaaysimaaaa,Week1-User4,Week1-User4,4syI3cLSRArRP3VencCRM3,spotify:playlist:4syI3cLSRArRP3VencCRM3,https://open.spotify.com/playlist/4syI3cLSRArRP3VencCRM3,,aaaaysimaaaa,Aysima Karçaaltıncaba,True,False,0,AAAABD3ayRGktU5myV5oeUnELbFKw7b0,30,10,2026-07-21T19:26:06Z,aaaaysimaaaa,primary_artist_monthly_listeners,53997,"53,997",Spotify public artist page,false,,3hfgxj1PpTUUdgU0P8Nt7e,spotify:track:3hfgxj1PpTUUdgU0P8Nt7e,https://open.spotify.com/track/3hfgxj1PpTUUdgU0P8Nt7e,Down from the Mountain,track,2,1,246295,246.295,False,False,True,,https://api.spotify.com/v1/tracks/3hfgxj1PpTUUdgU0P8Nt7e,https://api.spotify.com/v1/tracks/3hfgxj1PpTUUdgU0P8Nt7e,,,ITG271400092,,,7hoWTaACeZE1m9HSYY73aS,spotify:album:7hoWTaACeZE1m9HSYY73aS,https://open.spotify.com/album/7hoWTaACeZE1m9HSYY73aS,The Great Divide,album,,10,2014-10-17,day,,C: (C) 2014 Frontiers Records,,https://i.scdn.co/image/ab67616d0000b27309cd30cabc7f20c982de226c,,2hxa4ytcni5FUIK8IR27tX,Allen Lande,spotify:artist:2hxa4ytcni5FUIK8IR27tX,https://open.spotify.com/artist/2hxa4ytcni5FUIK8IR27tX,,,,53997,"53,997",false,Spotify public artist page,,https://i.scdn.co/image/ab67616d0000b27309cd30cabc7f20c982de226c,,2hxa4ytcni5FUIK8IR27tX,Allen Lande,https://open.spotify.com/artist/2hxa4ytcni5FUIK8IR27tX,"[{""artist_id"": ""2hxa4ytcni5FUIK8IR27tX"", ""artist_name"": ""Allen Lande"", ""artist_url"": ""https://open.spotify.com/artist/2hxa4ytcni5FUIK8IR27tX"", ""monthly_listeners"": ""53997"", ""monthly_listeners_display"": ""53,997"", ""is_approx"": ""false"", ""fetch_error"": """"}]","[{""artist_id"": ""2hxa4ytcni5FUIK8IR27tX"", ""artist_name"": ""Allen Lande"", ""artist_uri"": ""spotify:artist:2hxa4ytcni5FUIK8IR27tX"", ""artist_url"": ""https://open.spotify.com/artist/2hxa4ytcni5FUIK8IR27tX"", ""artist_type"": ""artist"", ""artist_genres"": """", ""artist_spotify_api_popularity"": """", ""artist_followers_total"": """", ""artist_image_url"": ""https://i.scdn.co/image/ab67616d0000b27309cd30cabc7f20c982de226c"", ""artist_lookup_error"": """", ""artist_monthly_listeners"": ""53997"", ""artist_monthly_listeners_display"": ""53,997"", ""artist_monthly_listeners_is_approx"": ""false"", ""artist_monthly_listeners_source"": ""Spotify public artist page"", ""artist_monthly_listeners_fetch_error"": """"}]",0,,"{""spotify"": ""https://open.spotify.com/track/3hfgxj1PpTUUdgU0P8Nt7e""}",{}
week1_13july,2026-07-24T08:36:00+00:00,Spotify,Aysima Karçaaltıncaba,aaaaysimaaaa,Week1-User4,Week1-User4,4syI3cLSRArRP3VencCRM3,spotify:playlist:4syI3cLSRArRP3VencCRM3,https://open.spotify.com/playlist/4syI3cLSRArRP3VencCRM3,,aaaaysimaaaa,Aysima Karçaaltıncaba,True,False,0,AAAABD3ayRGktU5myV5oeUnELbFKw7b0,30,11,2026-07-21T19:26:06Z,aaaaysimaaaa,primary_artist_monthly_listeners,594132,"594,132",Spotify public artist page,false,,4gFhLQA90CAFuS0Ma8aIiX,spotify:track:4gFhLQA90CAFuS0Ma8aIiX,https://open.spotify.com/track/4gFhLQA90CAFuS0Ma8aIiX,Mirror Mirror - Remastered 2007,track,9,1,306013,306.013,False,False,True,,https://api.spotify.com/v1/tracks/4gFhLQA90CAFuS0Ma8aIiX,https://api.spotify.com/v1/tracks/4gFhLQA90CAFuS0Ma8aIiX,,,DED831701047,,,7EPGJTyG9MQ6gJWANmL4n3,spotify:album:7EPGJTyG9MQ6gJWANmL4n3,https://open.spotify.com/album/7EPGJTyG9MQ6gJWANmL4n3,Nightfall in Middle Earth (Remastered 2007),album,,23,1998-04-28,day,,C: 2017 Nuclear Blast; P: 2017 Nuclear Blast,,https://i.scdn.co/image/ab67616d0000b2735e77d3ce3a4f7f382daaf46f,,7jxJ25p0pPjk0MStloN6o6,Blind Guardian,spotify:artist:7jxJ25p0pPjk0MStloN6o6,https://open.spotify.com/artist/7jxJ25p0pPjk0MStloN6o6,,,,594132,"594,132",false,Spotify public artist page,,https://i.scdn.co/image/ab6761610000e5eb26139a78b669ae67aacde9f3,,7jxJ25p0pPjk0MStloN6o6,Blind Guardian,https://open.spotify.com/artist/7jxJ25p0pPjk0MStloN6o6,"[{""artist_id"": ""7jxJ25p0pPjk0MStloN6o6"", ""artist_name"": ""Blind Guardian"", ""artist_url"": ""https://open.spotify.com/artist/7jxJ25p0pPjk0MStloN6o6"", ""monthly_listeners"": ""594132"", ""monthly_listeners_display"": ""594,132"", ""is_approx"": ""false"", ""fetch_error"": """"}]","[{""artist_id"": ""7jxJ25p0pPjk0MStloN6o6"", ""artist_name"": ""Blind Guardian"", ""artist_uri"": ""spotify:artist:7jxJ25p0pPjk0MStloN6o6"", ""artist_url"": ""https://open.spotify.com/artist/7jxJ25p0pPjk0MStloN6o6"", ""artist_type"": ""artist"", ""artist_genres"": """", ""artist_spotify_api_popularity"": """", ""artist_followers_total"": """", ""artist_image_url"": ""https://i.scdn.co/image/ab6761610000e5eb26139a78b669ae67aacde9f3"", ""artist_lookup_error"": """", ""artist_monthly_listeners"": ""594132"", ""artist_monthly_listeners_display"": ""594,132"", ""artist_monthly_listeners_is_approx"": ""false"", ""artist_monthly_listeners_source"": ""Spotify public artist page"", ""artist_monthly_listeners_fetch_error"": """"}]",0,,"{""spotify"": ""https://open.spotify.com/track/4gFhLQA90CAFuS0Ma8aIiX""}",{}
week1_13july,2026-07-24T08:36:00+00:00,Spotify,Aysima Karçaaltıncaba,aaaaysimaaaa,Week1-User4,Week1-User4,4syI3cLSRArRP3VencCRM3,spotify:playlist:4syI3cLSRArRP3VencCRM3,https://open.spotify.com/playlist/4syI3cLSRArRP3VencCRM3,,aaaaysimaaaa,Aysima Karçaaltıncaba,True,False,0,AAAABD3ayRGktU5myV5oeUnELbFKw7b0,30,12,2026-07-21T19:26:06Z,aaaaysimaaaa,primary_artist_monthly_listeners,26842,"26,842",Spotify public artist page,false,,7mBlBHsCrl4sVGDhSUrZRC,spotify:track:7mBlBHsCrl4sVGDhSUrZRC,https://open.spotify.com/track/7mBlBHsCrl4sVGDhSUrZRC,Hour to Live,track,1,1,258200,258.200,False,False,True,,https://api.spotify.com/v1/tracks/7mBlBHsCrl4sVGDhSUrZRC,https://api.spotify.com/v1/tracks/7mBlBHsCrl4sVGDhSUrZRC,,,ATN261404001,,,4R0qOtZ09A0xjmu7l5XAaV,spotify:album:4R0qOtZ09A0xjmu7l5XAaV,https://open.spotify.com/album/4R0qOtZ09A0xjmu7l5XAaV,Chasing the Dream,album,,9,2014-01-10,day,,C: (C) 2014 Noise Art Records; P: (P) 2014 Noise Art Records,,https://i.scdn.co/image/ab67616d0000b27350869367a7c366497ac6455e,,6V6MyDcytW48stIykhH937,Skull Fist,spotify:artist:6V6MyDcytW48stIykhH937,https://open.spotify.com/artist/6V6MyDcytW48stIykhH937,,,,26842,"26,842",false,Spotify public artist page,,https://i.scdn.co/image/ab6761610000e5eb50c186415c4a70538caebcf2,,6V6MyDcytW48stIykhH937,Skull Fist,https://open.spotify.com/artist/6V6MyDcytW48stIykhH937,"[{""artist_id"": ""6V6MyDcytW48stIykhH937"", ""artist_name"": ""Skull Fist"", ""artist_url"": ""https://open.spotify.com/artist/6V6MyDcytW48stIykhH937"", ""monthly_listeners"": ""26842"", ""monthly_listeners_display"": ""26,842"", ""is_approx"": ""false"", ""fetch_error"": """"}]","[{""artist_id"": ""6V6MyDcytW48stIykhH937"", ""artist_name"": ""Skull Fist"", ""artist_uri"": ""spotify:artist:6V6MyDcytW48stIykhH937"", ""artist_url"": ""https://open.spotify.com/artist/6V6MyDcytW48stIykhH937"", ""artist_type"": ""artist"", ""artist_genres"": """", ""artist_spotify_api_popularity"": """", ""artist_followers_total"": """", ""artist_image_url"": ""https://i.scdn.co/image/ab6761610000e5eb50c186415c4a70538caebcf2"", ""artist_lookup_error"": """", ""artist_monthly_listeners"": ""26842"", ""artist_monthly_listeners_display"": ""26,842"", ""artist_monthly_listeners_is_approx"": ""false"", ""artist_monthly_listeners_source"": ""Spotify public artist page"", ""artist_monthly_listeners_fetch_error"": """"}]",0,,"{""spotify"": ""https://open.spotify.com/track/7mBlBHsCrl4sVGDhSUrZRC""}",{}
week1_13july,2026-07-24T08:36:00+00:00,Spotify,Aysima Karçaaltıncaba,aaaaysimaaaa,Week1-User4,Week1-User4,4syI3cLSRArRP3VencCRM3,spotify:playlist:4syI3cLSRArRP3VencCRM3,https://open.spotify.com/playlist/4syI3cLSRArRP3VencCRM3,,aaaaysimaaaa,Aysima Karçaaltıncaba,True,False,0,AAAABD3ayRGktU5myV5oeUnELbFKw7b0,30,13,2026-07-21T19:26:06Z,aaaaysimaaaa,primary_artist_monthly_listeners,295782,"295,782",Spotify public artist page,false,,5WEqHNtlbM2mv4k7u9DB4Y,spotify:track:5WEqHNtlbM2mv4k7u9DB4Y,https://open.spotify.com/track/5WEqHNtlbM2mv4k7u9DB4Y,Nosferatu,track,3,1,383626,383.626,False,False,True,,https://api.spotify.com/v1/tracks/5WEqHNtlbM2mv4k7u9DB4Y,https://api.spotify.com/v1/tracks/5WEqHNtlbM2mv4k7u9DB4Y,,,DEU601103546,,,7bw6R2kPVyTRru6808YbIX,spotify:album:7bw6R2kPVyTRru6808YbIX,https://open.spotify.com/album/7bw6R2kPVyTRru6808YbIX,Nosferatu,album,,13,2006-01-31,day,,C: 2006 AFM Records; P: 2006 AFM Records,,https://i.scdn.co/image/ab67616d0000b2738f76138292757fcf7102ae9f,,6nf7iwR6AoROxfUKZWd1r6,Bloodbound,spotify:artist:6nf7iwR6AoROxfUKZWd1r6,https://open.spotify.com/artist/6nf7iwR6AoROxfUKZWd1r6,,,,295782,"295,782",false,Spotify public artist page,,https://i.scdn.co/image/ab6761610000e5ebe01c687c2c587f7c43dd0729,,6nf7iwR6AoROxfUKZWd1r6,Bloodbound,https://open.spotify.com/artist/6nf7iwR6AoROxfUKZWd1r6,"[{""artist_id"": ""6nf7iwR6AoROxfUKZWd1r6"", ""artist_name"": ""Bloodbound"", ""artist_url"": ""https://open.spotify.com/artist/6nf7iwR6AoROxfUKZWd1r6"", ""monthly_listeners"": ""295782"", ""monthly_listeners_display"": ""295,782"", ""is_approx"": ""false"", ""fetch_error"": """"}]","[{""artist_id"": ""6nf7iwR6AoROxfUKZWd1r6"", ""artist_name"": ""Bloodbound"", ""artist_uri"": ""spotify:artist:6nf7iwR6AoROxfUKZWd1r6"", ""artist_url"": ""https://open.spotify.com/artist/6nf7iwR6AoROxfUKZWd1r6"", ""artist_type"": ""artist"", ""artist_genres"": """", ""artist_spotify_api_popularity"": """", ""artist_followers_total"": """", ""artist_image_url"": ""https://i.scdn.co/image/ab6761610000e5ebe01c687c2c587f7c43dd0729"", ""artist_lookup_error"": """", ""artist_monthly_listeners"": ""295782"", ""artist_monthly_listeners_display"": ""295,782"", ""artist_monthly_listeners_is_approx"": ""false"", ""artist_monthly_listeners_source"": ""Spotify public artist page"", ""artist_monthly_listeners_fetch_error"": """"}]",0,,"{""spotify"": ""https://open.spotify.com/track/5WEqHNtlbM2mv4k7u9DB4Y""}",{}
week1_13july,2026-07-24T08:36:00+00:00,Spotify,Aysima Karçaaltıncaba,aaaaysimaaaa,Week1-User4,Week1-User4,4syI3cLSRArRP3VencCRM3,spotify:playlist:4syI3cLSRArRP3VencCRM3,https://open.spotify.com/playlist/4syI3cLSRArRP3VencCRM3,,aaaaysimaaaa,Aysima Karçaaltıncaba,True,False,0,AAAABD3ayRGktU5myV5oeUnELbFKw7b0,30,14,2026-07-21T19:26:06Z,aaaaysimaaaa,primary_artist_monthly_listeners,74393,"74,393",Spotify public artist page,false,,1P5B3ARqjPkB9yCNPZq9jV,spotify:track:1P5B3ARqjPkB9yCNPZq9jV,https://open.spotify.com/track/1P5B3ARqjPkB9yCNPZq9jV,Rebellion (The Clans Are Marching) - Remastered Version,track,11,1,244760,244.760,False,False,True,,https://api.spotify.com/v1/tracks/1P5B3ARqjPkB9yCNPZq9jV,https://api.spotify.com/v1/tracks/1P5B3ARqjPkB9yCNPZq9jV,,,DEC760600331,,,4ZNfzHslrjITU8iqfzCAL8,spotify:album:4ZNfzHslrjITU8iqfzCAL8,https://open.spotify.com/album/4ZNfzHslrjITU8iqfzCAL8,Tunes Of War (Remastered 2006),album,,13,1996,year,,"P: (P) 2006 GUN Records GmbH, A Unit Of SONY BMG MUSIC ENTERTAINMENT (GERMANY) GmbH",,https://i.scdn.co/image/ab67616d0000b2735d5ef12b8c86299ec4e16f7c,,6mfghV4I1CD17FOhDKq7cJ,Grave Digger,spotify:artist:6mfghV4I1CD17FOhDKq7cJ,https://open.spotify.com/artist/6mfghV4I1CD17FOhDKq7cJ,,,,74393,"74,393",false,Spotify public artist page,,https://i.scdn.co/image/ab6761610000e5eb5b4d967b77ad0ffbd0d70013,,6mfghV4I1CD17FOhDKq7cJ,Grave Digger,https://open.spotify.com/artist/6mfghV4I1CD17FOhDKq7cJ,"[{""artist_id"": ""6mfghV4I1CD17FOhDKq7cJ"", ""artist_name"": ""Grave Digger"", ""artist_url"": ""https://open.spotify.com/artist/6mfghV4I1CD17FOhDKq7cJ"", ""monthly_listeners"": ""74393"", ""monthly_listeners_display"": ""74,393"", ""is_approx"": ""false"", ""fetch_error"": """"}]","[{""artist_id"": ""6mfghV4I1CD17FOhDKq7cJ"", ""artist_name"": ""Grave Digger"", ""artist_uri"": ""spotify:artist:6mfghV4I1CD17FOhDKq7cJ"", ""artist_url"": ""https://open.spotify.com/artist/6mfghV4I1CD17FOhDKq7cJ"", ""artist_type"": ""artist"", ""artist_genres"": """", ""artist_spotify_api_popularity"": """", ""artist_followers_total"": """", ""artist_image_url"": ""https://i.scdn.co/image/ab6761610000e5eb5b4d967b77ad0ffbd0d70013"", ""artist_lookup_error"": """", ""artist_monthly_listeners"": ""74393"", ""artist_monthly_listeners_display"": ""74,393"", ""artist_monthly_listeners_is_approx"": ""false"", ""artist_monthly_listeners_source"": ""Spotify public artist page"", ""artist_monthly_listeners_fetch_error"": """"}]",0,,"{""spotify"": ""https://open.spotify.com/track/1P5B3ARqjPkB9yCNPZq9jV""}",{}
week1_13july,2026-07-24T08:36:00+00:00,Spotify,Aysima Karçaaltıncaba,aaaaysimaaaa,Week1-User4,Week1-User4,4syI3cLSRArRP3VencCRM3,spotify:playlist:4syI3cLSRArRP3VencCRM3,https://open.spotify.com/playlist/4syI3cLSRArRP3VencCRM3,,aaaaysimaaaa,Aysima Karçaaltıncaba,True,False,0,AAAABD3ayRGktU5myV5oeUnELbFKw7b0,30,15,2026-07-21T19:26:06Z,aaaaysimaaaa,primary_artist_monthly_listeners,97053,"97,053",Spotify public artist page,false,,5oJE6PFEhiRnY7SCspZF4k,spotify:track:5oJE6PFEhiRnY7SCspZF4k,https://open.spotify.com/track/5oJE6PFEhiRnY7SCspZF4k,Freedom Call,track,2,1,319280,319.280,False,False,True,,https://api.spotify.com/v1/tracks/5oJE6PFEhiRnY7SCspZF4k,https://api.spotify.com/v1/tracks/5oJE6PFEhiRnY7SCspZF4k,,,DEA450005690,,,4rZcv6qkD6klDCtxGi78of,spotify:album:4rZcv6qkD6klDCtxGi78of,https://open.spotify.com/album/4rZcv6qkD6klDCtxGi78of,Crystal Empire,album,,11,2001-01-22,day,,C: 2001 BMG Rights Management GmbH; P: 2001 BMG Rights Management GmbH,,https://i.scdn.co/image/ab67616d0000b27338430038d66010355177db8e,,55RDuy7cQW2Dqrcz3Jjl6F,Freedom Call,spotify:artist:55RDuy7cQW2Dqrcz3Jjl6F,https://open.spotify.com/artist/55RDuy7cQW2Dqrcz3Jjl6F,,,,97053,"97,053",false,Spotify public artist page,,https://i.scdn.co/image/ab6761610000e5ebcfe6976b49d36f31df66cad2,,55RDuy7cQW2Dqrcz3Jjl6F,Freedom Call,https://open.spotify.com/artist/55RDuy7cQW2Dqrcz3Jjl6F,"[{""artist_id"": ""55RDuy7cQW2Dqrcz3Jjl6F"", ""artist_name"": ""Freedom Call"", ""artist_url"": ""https://open.spotify.com/artist/55RDuy7cQW2Dqrcz3Jjl6F"", ""monthly_listeners"": ""97053"", ""monthly_listeners_display"": ""97,053"", ""is_approx"": ""false"", ""fetch_error"": """"}]","[{""artist_id"": ""55RDuy7cQW2Dqrcz3Jjl6F"", ""artist_name"": ""Freedom Call"", ""artist_uri"": ""spotify:artist:55RDuy7cQW2Dqrcz3Jjl6F"", ""artist_url"": ""https://open.spotify.com/artist/55RDuy7cQW2Dqrcz3Jjl6F"", ""artist_type"": ""artist"", ""artist_genres"": """", ""artist_spotify_api_popularity"": """", ""artist_followers_total"": """", ""artist_image_url"": ""https://i.scdn.co/image/ab6761610000e5ebcfe6976b49d36f31df66cad2"", ""artist_lookup_error"": """", ""artist_monthly_listeners"": ""97053"", ""artist_monthly_listeners_display"": ""97,053"", ""artist_monthly_listeners_is_approx"": ""false"", ""artist_monthly_listeners_source"": ""Spotify public artist page"", ""artist_monthly_listeners_fetch_error"": """"}]",0,,"{""spotify"": ""https://open.spotify.com/track/5oJE6PFEhiRnY7SCspZF4k""}",{}
week1_13july,2026-07-24T08:36:00+00:00,Spotify,Aysima Karçaaltıncaba,aaaaysimaaaa,Week1-User4,Week1-User4,4syI3cLSRArRP3VencCRM3,spotify:playlist:4syI3cLSRArRP3VencCRM3,https://open.spotify.com/playlist/4syI3cLSRArRP3VencCRM3,,aaaaysimaaaa,Aysima Karçaaltıncaba,True,False,0,AAAABD3ayRGktU5myV5oeUnELbFKw7b0,30,16,2026-07-21T19:26:06Z,aaaaysimaaaa,primary_artist_monthly_listeners,184836,"184,836",Spotify public artist page,false,,2cxtdKFeXk4F10nd8TZORl,spotify:track:2cxtdKFeXk4F10nd8TZORl,https://open.spotify.com/track/2cxtdKFeXk4F10nd8TZORl,Kind Hearted Light,track,3,1,265773,265.773,False,False,True,,https://api.spotify.com/v1/tracks/2cxtdKFeXk4F10nd8TZORl,https://api.spotify.com/v1/tracks/2cxtdKFeXk4F10nd8TZORl,,,DET970200003,,,6FxqNK88NImuiMIpCrTZee,spotify:album:6FxqNK88NImuiMIpCrTZee,https://open.spotify.com/album/6FxqNK88NImuiMIpCrTZee,Masterplan,album,,11,2003-01-20,day,,C: 2003 AFM Records; P: 2003 AFM Records,,https://i.scdn.co/image/ab67616d0000b2737479397fc56803ba3511fd1c,,1OHNvr18TssBKYK0A75yvx,Masterplan,spotify:artist:1OHNvr18TssBKYK0A75yvx,https://open.spotify.com/artist/1OHNvr18TssBKYK0A75yvx,,,,184836,"184,836",false,Spotify public artist page,,https://i.scdn.co/image/ab6761610000e5eb8cfdd5ee976e9da4af82d208,,1OHNvr18TssBKYK0A75yvx,Masterplan,https://open.spotify.com/artist/1OHNvr18TssBKYK0A75yvx,"[{""artist_id"": ""1OHNvr18TssBKYK0A75yvx"", ""artist_name"": ""Masterplan"", ""artist_url"": ""https://open.spotify.com/artist/1OHNvr18TssBKYK0A75yvx"", ""monthly_listeners"": ""184836"", ""monthly_listeners_display"": ""184,836"", ""is_approx"": ""false"", ""fetch_error"": """"}]","[{""artist_id"": ""1OHNvr18TssBKYK0A75yvx"", ""artist_name"": ""Masterplan"", ""artist_uri"": ""spotify:artist:1OHNvr18TssBKYK0A75yvx"", ""artist_url"": ""https://open.spotify.com/artist/1OHNvr18TssBKYK0A75yvx"", ""artist_type"": ""artist"", ""artist_genres"": """", ""artist_spotify_api_popularity"": """", ""artist_followers_total"": """", ""artist_image_url"": ""https://i.scdn.co/image/ab6761610000e5eb8cfdd5ee976e9da4af82d208"", ""artist_lookup_error"": """", ""artist_monthly_listeners"": ""184836"", ""artist_monthly_listeners_display"": ""184,836"", ""artist_monthly_listeners_is_approx"": ""false"", ""artist_monthly_listeners_source"": ""Spotify public artist page"", ""artist_monthly_listeners_fetch_error"": """"}]",0,,"{""spotify"": ""https://open.spotify.com/track/2cxtdKFeXk4F10nd8TZORl""}",{}
week1_13july,2026-07-24T08:36:00+00:00,Spotify,Aysima Karçaaltıncaba,aaaaysimaaaa,Week1-User4,Week1-User4,4syI3cLSRArRP3VencCRM3,spotify:playlist:4syI3cLSRArRP3VencCRM3,https://open.spotify.com/playlist/4syI3cLSRArRP3VencCRM3,,aaaaysimaaaa,Aysima Karçaaltıncaba,True,False,0,AAAABD3ayRGktU5myV5oeUnELbFKw7b0,30,17,2026-07-21T19:26:06Z,aaaaysimaaaa,primary_artist_monthly_listeners,1035240,"1,035,240",Spotify public artist page,false,,5HkvAtKEPDLmchWYmepqYB,spotify:track:5HkvAtKEPDLmchWYmepqYB,https://open.spotify.com/track/5HkvAtKEPDLmchWYmepqYB,Hail and Kill,track,8,1,357026,357.026,False,False,True,,https://api.spotify.com/v1/tracks/5HkvAtKEPDLmchWYmepqYB,https://api.spotify.com/v1/tracks/5HkvAtKEPDLmchWYmepqYB,,,USAT20102851,,,7lZkD6ntnGAhmWowltbOYB,spotify:album:7lZkD6ntnGAhmWowltbOYB,https://open.spotify.com/album/7lZkD6ntnGAhmWowltbOYB,Kings of Metal,album,,10,1988-11-01,day,,C: © 1988 Atlantic Recording Corporation for the United States and WEA International Inc. for the world outside of the United States; P: ℗ 1988 Atlantic Recording Corporation for the United States and WEA International Inc. for the world outside of the United States,,https://i.scdn.co/image/ab67616d0000b2732612add61ad53e5a5d33c2d4,,4CzUzn54Cp9TQr6a7JIlMZ,Manowar,spotify:artist:4CzUzn54Cp9TQr6a7JIlMZ,https://open.spotify.com/artist/4CzUzn54Cp9TQr6a7JIlMZ,,,,1035240,"1,035,240",false,Spotify public artist page,,https://i.scdn.co/image/ab6761610000e5eba4780fe15900fbd223cd4f48,,4CzUzn54Cp9TQr6a7JIlMZ,Manowar,https://open.spotify.com/artist/4CzUzn54Cp9TQr6a7JIlMZ,"[{""artist_id"": ""4CzUzn54Cp9TQr6a7JIlMZ"", ""artist_name"": ""Manowar"", ""artist_url"": ""https://open.spotify.com/artist/4CzUzn54Cp9TQr6a7JIlMZ"", ""monthly_listeners"": ""1035240"", ""monthly_listeners_display"": ""1,035,240"", ""is_approx"": ""false"", ""fetch_error"": """"}]","[{""artist_id"": ""4CzUzn54Cp9TQr6a7JIlMZ"", ""artist_name"": ""Manowar"", ""artist_uri"": ""spotify:artist:4CzUzn54Cp9TQr6a7JIlMZ"", ""artist_url"": ""https://open.spotify.com/artist/4CzUzn54Cp9TQr6a7JIlMZ"", ""artist_type"": ""artist"", ""artist_genres"": """", ""artist_spotify_api_popularity"": """", ""artist_followers_total"": """", ""artist_image_url"": ""https://i.scdn.co/image/ab6761610000e5eba4780fe15900fbd223cd4f48"", ""artist_lookup_error"": """", ""artist_monthly_listeners"": ""1035240"", ""artist_monthly_listeners_display"": ""1,035,240"", ""artist_monthly_listeners_is_approx"": ""false"", ""artist_monthly_listeners_source"": ""Spotify public artist page"", ""artist_monthly_listeners_fetch_error"": """"}]",0,,"{""spotify"": ""https://open.spotify.com/track/5HkvAtKEPDLmchWYmepqYB""}",{}
week1_13july,2026-07-24T08:36:00+00:00,Spotify,Aysima Karçaaltıncaba,aaaaysimaaaa,Week1-User4,Week1-User4,4syI3cLSRArRP3VencCRM3,spotify:playlist:4syI3cLSRArRP3VencCRM3,https://open.spotify.com/playlist/4syI3cLSRArRP3VencCRM3,,aaaaysimaaaa,Aysima Karçaaltıncaba,True,False,0,AAAABD3ayRGktU5myV5oeUnELbFKw7b0,30,18,2026-07-21T19:26:06Z,aaaaysimaaaa,primary_artist_monthly_listeners,758547,"758,547",Spotify public artist page,false,,0CwhgYudd5HzMC9K2vqGMu,spotify:track:0CwhgYudd5HzMC9K2vqGMu,https://open.spotify.com/track/0CwhgYudd5HzMC9K2vqGMu,Everytime I Die,track,4,1,243000,243.000,False,False,True,,https://api.spotify.com/v1/tracks/0CwhgYudd5HzMC9K2vqGMu,https://api.spotify.com/v1/tracks/0CwhgYudd5HzMC9K2vqGMu,,,FISFS0000017,,,6NA0J6jgJVHjmCnCMBwKH7,spotify:album:6NA0J6jgJVHjmCnCMBwKH7,https://open.spotify.com/album/6NA0J6jgJVHjmCnCMBwKH7,Follow The Reaper,album,,11,2000-10-30,day,,C: 2000 Universal Music Oy; P: 2000 Universal Music Oy,,https://i.scdn.co/image/ab67616d0000b2732d4f11a97ba4a75bb3239dcc,,1xUhNgw4eJDZfvumIpcz1B,Children Of Bodom,spotify:artist:1xUhNgw4eJDZfvumIpcz1B,https://open.spotify.com/artist/1xUhNgw4eJDZfvumIpcz1B,,,,758547,"758,547",false,Spotify public artist page,,https://i.scdn.co/image/ab6761610000e5ebe51866b7c973c8aafaf1fece,,1xUhNgw4eJDZfvumIpcz1B,Children Of Bodom,https://open.spotify.com/artist/1xUhNgw4eJDZfvumIpcz1B,"[{""artist_id"": ""1xUhNgw4eJDZfvumIpcz1B"", ""artist_name"": ""Children Of Bodom"", ""artist_url"": ""https://open.spotify.com/artist/1xUhNgw4eJDZfvumIpcz1B"", ""monthly_listeners"": ""758547"", ""monthly_listeners_display"": ""758,547"", ""is_approx"": ""false"", ""fetch_error"": """"}]","[{""artist_id"": ""1xUhNgw4eJDZfvumIpcz1B"", ""artist_name"": ""Children Of Bodom"", ""artist_uri"": ""spotify:artist:1xUhNgw4eJDZfvumIpcz1B"", ""artist_url"": ""https://open.spotify.com/artist/1xUhNgw4eJDZfvumIpcz1B"", ""artist_type"": ""artist"", ""artist_genres"": """", ""artist_spotify_api_popularity"": """", ""artist_followers_total"": """", ""artist_image_url"": ""https://i.scdn.co/image/ab6761610000e5ebe51866b7c973c8aafaf1fece"", ""artist_lookup_error"": """", ""artist_monthly_listeners"": ""758547"", ""artist_monthly_listeners_display"": ""758,547"", ""artist_monthly_listeners_is_approx"": ""false"", ""artist_monthly_listeners_source"": ""Spotify public artist page"", ""artist_monthly_listeners_fetch_error"": """"}]",0,,"{""spotify"": ""https://open.spotify.com/track/0CwhgYudd5HzMC9K2vqGMu""}",{}
week1_13july,2026-07-24T08:36:00+00:00,Spotify,Aysima Karçaaltıncaba,aaaaysimaaaa,Week1-User4,Week1-User4,4syI3cLSRArRP3VencCRM3,spotify:playlist:4syI3cLSRArRP3VencCRM3,https://open.spotify.com/playlist/4syI3cLSRArRP3VencCRM3,,aaaaysimaaaa,Aysima Karçaaltıncaba,True,False,0,AAAABD3ayRGktU5myV5oeUnELbFKw7b0,30,19,2026-07-21T19:26:06Z,aaaaysimaaaa,primary_artist_monthly_listeners,346998,"346,998",Spotify public artist page,false,,35TLynakKhHyg7FcONAypo,spotify:track:35TLynakKhHyg7FcONAypo,https://open.spotify.com/track/35TLynakKhHyg7FcONAypo,Center of the Universe,track,2,1,326946,326.946,False,False,True,,https://api.spotify.com/v1/tracks/35TLynakKhHyg7FcONAypo,https://api.spotify.com/v1/tracks/35TLynakKhHyg7FcONAypo,,,GBAJE0201088,,,0eefIi91Qn1mp2rkf8B5go,spotify:album:0eefIi91Qn1mp2rkf8B5go,https://open.spotify.com/album/0eefIi91Qn1mp2rkf8B5go,Epica,album,,16,2003-03-03,day,,"C: 2007 Sanctuary Records Group Ltd., a BMG Company; P: 2002 Sanctuary Records Group Ltd., a BMG Company",,https://i.scdn.co/image/ab67616d0000b273496b8d7256360f2b237525d7,,7gTbq5nTZGQIUgjEGXQpOS,Kamelot,spotify:artist:7gTbq5nTZGQIUgjEGXQpOS,https://open.spotify.com/artist/7gTbq5nTZGQIUgjEGXQpOS,,,,346998,"346,998",false,Spotify public artist page,,https://i.scdn.co/image/ab6761610000e5eb05cfb3d751023418788b5ebc,,7gTbq5nTZGQIUgjEGXQpOS,Kamelot,https://open.spotify.com/artist/7gTbq5nTZGQIUgjEGXQpOS,"[{""artist_id"": ""7gTbq5nTZGQIUgjEGXQpOS"", ""artist_name"": ""Kamelot"", ""artist_url"": ""https://open.spotify.com/artist/7gTbq5nTZGQIUgjEGXQpOS"", ""monthly_listeners"": ""346998"", ""monthly_listeners_display"": ""346,998"", ""is_approx"": ""false"", ""fetch_error"": """"}]","[{""artist_id"": ""7gTbq5nTZGQIUgjEGXQpOS"", ""artist_name"": ""Kamelot"", ""artist_uri"": ""spotify:artist:7gTbq5nTZGQIUgjEGXQpOS"", ""artist_url"": ""https://open.spotify.com/artist/7gTbq5nTZGQIUgjEGXQpOS"", ""artist_type"": ""artist"", ""artist_genres"": """", ""artist_spotify_api_popularity"": """", ""artist_followers_total"": """", ""artist_image_url"": ""https://i.scdn.co/image/ab6761610000e5eb05cfb3d751023418788b5ebc"", ""artist_lookup_error"": """", ""artist_monthly_listeners"": ""346998"", ""artist_monthly_listeners_display"": ""346,998"", ""artist_monthly_listeners_is_approx"": ""false"", ""artist_monthly_listeners_source"": ""Spotify public artist page"", ""artist_monthly_listeners_fetch_error"": """"}]",0,,"{""spotify"": ""https://open.spotify.com/track/35TLynakKhHyg7FcONAypo""}",{}
week1_13july,2026-07-24T08:36:00+00:00,Spotify,Aysima Karçaaltıncaba,aaaaysimaaaa,Week1-User4,Week1-User4,4syI3cLSRArRP3VencCRM3,spotify:playlist:4syI3cLSRArRP3VencCRM3,https://open.spotify.com/playlist/4syI3cLSRArRP3VencCRM3,,aaaaysimaaaa,Aysima Karçaaltıncaba,True,False,0,AAAABD3ayRGktU5myV5oeUnELbFKw7b0,30,20,2026-07-21T19:26:06Z,aaaaysimaaaa,primary_artist_monthly_listeners,368660,"368,660",Spotify public artist page,false,,1NQCQj6x94ZBEPSODneBHw,spotify:track:1NQCQj6x94ZBEPSODneBHw,https://open.spotify.com/track/1NQCQj6x94ZBEPSODneBHw,The Village of Dwarves,track,4,1,232173,232.173,False,False,True,,https://api.spotify.com/v1/tracks/1NQCQj6x94ZBEPSODneBHw,https://api.spotify.com/v1/tracks/1NQCQj6x94ZBEPSODneBHw,,,DET270002304,,,6T6i4ZLAwRHVOxRaQnC5js,spotify:album:6T6i4ZLAwRHVOxRaQnC5js,https://open.spotify.com/album/6T6i4ZLAwRHVOxRaQnC5js,Dawn of Victory,album,,10,2000,year,,C: (C) 2000 Limb Music,,https://i.scdn.co/image/ab67616d0000b273012217969f1979b6f050068b,,0zQfrabOFYf36Ikb6PXcCY,Rhapsody,spotify:artist:0zQfrabOFYf36Ikb6PXcCY,https://open.spotify.com/artist/0zQfrabOFYf36Ikb6PXcCY,,,,368660,"368,660",false,Spotify public artist page,,https://i.scdn.co/image/ab6761610000e5eb902fae03243cae6e08caf99a,,0zQfrabOFYf36Ikb6PXcCY,Rhapsody,https://open.spotify.com/artist/0zQfrabOFYf36Ikb6PXcCY,"[{""artist_id"": ""0zQfrabOFYf36Ikb6PXcCY"", ""artist_name"": ""Rhapsody"", ""artist_url"": ""https://open.spotify.com/artist/0zQfrabOFYf36Ikb6PXcCY"", ""monthly_listeners"": ""368660"", ""monthly_listeners_display"": ""368,660"", ""is_approx"": ""false"", ""fetch_error"": """"}]","[{""artist_id"": ""0zQfrabOFYf36Ikb6PXcCY"", ""artist_name"": ""Rhapsody"", ""artist_uri"": ""spotify:artist:0zQfrabOFYf36Ikb6PXcCY"", ""artist_url"": ""https://open.spotify.com/artist/0zQfrabOFYf36Ikb6PXcCY"", ""artist_type"": ""artist"", ""artist_genres"": """", ""artist_spotify_api_popularity"": """", ""artist_followers_total"": """", ""artist_image_url"": ""https://i.scdn.co/image/ab6761610000e5eb902fae03243cae6e08caf99a"", ""artist_lookup_error"": """", ""artist_monthly_listeners"": ""368660"", ""artist_monthly_listeners_display"": ""368,660"", ""artist_monthly_listeners_is_approx"": ""false"", ""artist_monthly_listeners_source"": ""Spotify public artist page"", ""artist_monthly_listeners_fetch_error"": """"}]",0,,"{""spotify"": ""https://open.spotify.com/track/1NQCQj6x94ZBEPSODneBHw""}",{}
week1_13july,2026-07-24T08:36:00+00:00,Spotify,Aysima Karçaaltıncaba,aaaaysimaaaa,Week1-User4,Week1-User4,4syI3cLSRArRP3VencCRM3,spotify:playlist:4syI3cLSRArRP3VencCRM3,https://open.spotify.com/playlist/4syI3cLSRArRP3VencCRM3,,aaaaysimaaaa,Aysima Karçaaltıncaba,True,False,0,AAAABD3ayRGktU5myV5oeUnELbFKw7b0,30,21,2026-07-21T19:26:06Z,aaaaysimaaaa,primary_artist_monthly_listeners,92170,"92,170",Spotify public artist page,false,,2rV29Dueq15Cq4IyFgINDL,spotify:track:2rV29Dueq15Cq4IyFgINDL,https://open.spotify.com/track/2rV29Dueq15Cq4IyFgINDL,Set This World on Fire,track,4,1,306146,306.146,False,False,True,,https://api.spotify.com/v1/tracks/2rV29Dueq15Cq4IyFgINDL,https://api.spotify.com/v1/tracks/2rV29Dueq15Cq4IyFgINDL,,,DEAT71518805,,,2bMAHTAhkUMjB9ajRxAbit,spotify:album:2bMAHTAhkUMjB9ajRxAbit,https://open.spotify.com/album/2bMAHTAhkUMjB9ajRxAbit,Unity,album,,13,2002-03-13,day,,C: (C) 2002 Dr. Bones; P: (P) 2002 Dr. Bones,,https://i.scdn.co/image/ab67616d0000b273590803396dac7ebccceb38f6,,5TJVsWPUaJxBxWfVZQEt2x,Rage,spotify:artist:5TJVsWPUaJxBxWfVZQEt2x,https://open.spotify.com/artist/5TJVsWPUaJxBxWfVZQEt2x,,,,92170,"92,170",false,Spotify public artist page,,https://i.scdn.co/image/ab6761610000e5ebbb296bc31c8d982074a54793,,5TJVsWPUaJxBxWfVZQEt2x,Rage,https://open.spotify.com/artist/5TJVsWPUaJxBxWfVZQEt2x,"[{""artist_id"": ""5TJVsWPUaJxBxWfVZQEt2x"", ""artist_name"": ""Rage"", ""artist_url"": ""https://open.spotify.com/artist/5TJVsWPUaJxBxWfVZQEt2x"", ""monthly_listeners"": ""92170"", ""monthly_listeners_display"": ""92,170"", ""is_approx"": ""false"", ""fetch_error"": """"}]","[{""artist_id"": ""5TJVsWPUaJxBxWfVZQEt2x"", ""artist_name"": ""Rage"", ""artist_uri"": ""spotify:artist:5TJVsWPUaJxBxWfVZQEt2x"", ""artist_url"": ""https://open.spotify.com/artist/5TJVsWPUaJxBxWfVZQEt2x"", ""artist_type"": ""artist"", ""artist_genres"": """", ""artist_spotify_api_popularity"": """", ""artist_followers_total"": """", ""artist_image_url"": ""https://i.scdn.co/image/ab6761610000e5ebbb296bc31c8d982074a54793"", ""artist_lookup_error"": """", ""artist_monthly_listeners"": ""92170"", ""artist_monthly_listeners_display"": ""92,170"", ""artist_monthly_listeners_is_approx"": ""false"", ""artist_monthly_listeners_source"": ""Spotify public artist page"", ""artist_monthly_listeners_fetch_error"": """"}]",0,,"{""spotify"": ""https://open.spotify.com/track/2rV29Dueq15Cq4IyFgINDL""}",{}
week1_13july,2026-07-24T08:36:00+00:00,Spotify,Aysima Karçaaltıncaba,aaaaysimaaaa,Week1-User4,Week1-User4,4syI3cLSRArRP3VencCRM3,spotify:playlist:4syI3cLSRArRP3VencCRM3,https://open.spotify.com/playlist/4syI3cLSRArRP3VencCRM3,,aaaaysimaaaa,Aysima Karçaaltıncaba,True,False,0,AAAABD3ayRGktU5myV5oeUnELbFKw7b0,30,22,2026-07-21T19:26:06Z,aaaaysimaaaa,primary_artist_monthly_listeners,586305,"586,305",Spotify public artist page,false,,02A6THLfQXvqrx9IEMkQfJ,spotify:track:02A6THLfQXvqrx9IEMkQfJ,https://open.spotify.com/track/02A6THLfQXvqrx9IEMkQfJ,Out of Control,track,2,1,227280,227.280,False,False,True,,https://api.spotify.com/v1/tracks/02A6THLfQXvqrx9IEMkQfJ,https://api.spotify.com/v1/tracks/02A6THLfQXvqrx9IEMkQfJ,,,FIWMA1300197,,,7DllalAuYBrkxfN4ohqwSL,spotify:album:7DllalAuYBrkxfN4ohqwSL,https://open.spotify.com/album/7DllalAuYBrkxfN4ohqwSL,Battle Beast,album,,14,2013-05-17,day,,C: 2013 Nuclear Blast; P: 2013 Nuclear Blast,,https://i.scdn.co/image/ab67616d0000b273536fe3e46003fb3ebe2ebf05,,7k5jeohQCF20a8foBD9ize,Battle Beast,spotify:artist:7k5jeohQCF20a8foBD9ize,https://open.spotify.com/artist/7k5jeohQCF20a8foBD9ize,,,,586305,"586,305",false,Spotify public artist page,,https://i.scdn.co/image/ab6761610000e5eb736a6608998f7d7b5d8d3205,,7k5jeohQCF20a8foBD9ize,Battle Beast,https://open.spotify.com/artist/7k5jeohQCF20a8foBD9ize,"[{""artist_id"": ""7k5jeohQCF20a8foBD9ize"", ""artist_name"": ""Battle Beast"", ""artist_url"": ""https://open.spotify.com/artist/7k5jeohQCF20a8foBD9ize"", ""monthly_listeners"": ""586305"", ""monthly_listeners_display"": ""586,305"", ""is_approx"": ""false"", ""fetch_error"": """"}]","[{""artist_id"": ""7k5jeohQCF20a8foBD9ize"", ""artist_name"": ""Battle Beast"", ""artist_uri"": ""spotify:artist:7k5jeohQCF20a8foBD9ize"", ""artist_url"": ""https://open.spotify.com/artist/7k5jeohQCF20a8foBD9ize"", ""artist_type"": ""artist"", ""artist_genres"": """", ""artist_spotify_api_popularity"": """", ""artist_followers_total"": """", ""artist_image_url"": ""https://i.scdn.co/image/ab6761610000e5eb736a6608998f7d7b5d8d3205"", ""artist_lookup_error"": """", ""artist_monthly_listeners"": ""586305"", ""artist_monthly_listeners_display"": ""586,305"", ""artist_monthly_listeners_is_approx"": ""false"", ""artist_monthly_listeners_source"": ""Spotify public artist page"", ""artist_monthly_listeners_fetch_error"": """"}]",0,,"{""spotify"": ""https://open.spotify.com/track/02A6THLfQXvqrx9IEMkQfJ""}",{}
week1_13july,2026-07-24T08:36:00+00:00,Spotify,Aysima Karçaaltıncaba,aaaaysimaaaa,Week1-User4,Week1-User4,4syI3cLSRArRP3VencCRM3,spotify:playlist:4syI3cLSRArRP3VencCRM3,https://open.spotify.com/playlist/4syI3cLSRArRP3VencCRM3,,aaaaysimaaaa,Aysima Karçaaltıncaba,True,False,0,AAAABD3ayRGktU5myV5oeUnELbFKw7b0,30,23,2026-07-21T19:26:06Z,aaaaysimaaaa,primary_artist_monthly_listeners,24507,"24,507",Spotify public artist page,false,,1dRiQJ2wsUcyL3S12MdUTw,spotify:track:1dRiQJ2wsUcyL3S12MdUTw,https://open.spotify.com/track/1dRiQJ2wsUcyL3S12MdUTw,Steel and Silver,track,1,1,361853,361.853,False,False,True,,https://api.spotify.com/v1/tracks/1dRiQJ2wsUcyL3S12MdUTw,https://api.spotify.com/v1/tracks/1dRiQJ2wsUcyL3S12MdUTw,,,USMBR1812840,,,1urUbqAPjzrHcTiP4GJlFr,spotify:album:1urUbqAPjzrHcTiP4GJlFr,https://open.spotify.com/album/1urUbqAPjzrHcTiP4GJlFr,Conqueror's Oath,album,,8,2018-02-09,day,,"C: (C) 2018 Metal Blade Records, Inc.; P: (P) 2018 Metal Blade Records, Inc.",,https://i.scdn.co/image/ab67616d0000b2734a907d5157d8f5f7395deacb,,36Fw8K3uH9kPWEkZilzk86,Visigoth,spotify:artist:36Fw8K3uH9kPWEkZilzk86,https://open.spotify.com/artist/36Fw8K3uH9kPWEkZilzk86,,,,24507,"24,507",false,Spotify public artist page,,https://i.scdn.co/image/ab6761610000e5eb7dbf4d1ff9a948f0c24a5742,,36Fw8K3uH9kPWEkZilzk86,Visigoth,https://open.spotify.com/artist/36Fw8K3uH9kPWEkZilzk86,"[{""artist_id"": ""36Fw8K3uH9kPWEkZilzk86"", ""artist_name"": ""Visigoth"", ""artist_url"": ""https://open.spotify.com/artist/36Fw8K3uH9kPWEkZilzk86"", ""monthly_listeners"": ""24507"", ""monthly_listeners_display"": ""24,507"", ""is_approx"": ""false"", ""fetch_error"": """"}]","[{""artist_id"": ""36Fw8K3uH9kPWEkZilzk86"", ""artist_name"": ""Visigoth"", ""artist_uri"": ""spotify:artist:36Fw8K3uH9kPWEkZilzk86"", ""artist_url"": ""https://open.spotify.com/artist/36Fw8K3uH9kPWEkZilzk86"", ""artist_type"": ""artist"", ""artist_genres"": """", ""artist_spotify_api_popularity"": """", ""artist_followers_total"": """", ""artist_image_url"": ""https://i.scdn.co/image/ab6761610000e5eb7dbf4d1ff9a948f0c24a5742"", ""artist_lookup_error"": """", ""artist_monthly_listeners"": ""24507"", ""artist_monthly_listeners_display"": ""24,507"", ""artist_monthly_listeners_is_approx"": ""false"", ""artist_monthly_listeners_source"": ""Spotify public artist page"", ""artist_monthly_listeners_fetch_error"": """"}]",0,,"{""spotify"": ""https://open.spotify.com/track/1dRiQJ2wsUcyL3S12MdUTw""}",{}
week1_13july,2026-07-24T08:36:00+00:00,Spotify,Aysima Karçaaltıncaba,aaaaysimaaaa,Week1-User4,Week1-User4,4syI3cLSRArRP3VencCRM3,spotify:playlist:4syI3cLSRArRP3VencCRM3,https://open.spotify.com/playlist/4syI3cLSRArRP3VencCRM3,,aaaaysimaaaa,Aysima Karçaaltıncaba,True,False,0,AAAABD3ayRGktU5myV5oeUnELbFKw7b0,30,24,2026-07-21T19:26:06Z,aaaaysimaaaa,primary_artist_monthly_listeners,219161,"219,161",Spotify public artist page,false,,4bUnDOBTWfvmUDePpdXQsx,spotify:track:4bUnDOBTWfvmUDePpdXQsx,https://open.spotify.com/track/4bUnDOBTWfvmUDePpdXQsx,Black Flag,track,2,1,296640,296.640,False,False,True,,https://api.spotify.com/v1/tracks/4bUnDOBTWfvmUDePpdXQsx,https://api.spotify.com/v1/tracks/4bUnDOBTWfvmUDePpdXQsx,,,US4E41742502,,,7jdSTiR96uRP2BsetUSLKB,spotify:album:7jdSTiR96uRP2BsetUSLKB,https://open.spotify.com/album/7jdSTiR96uRP2BsetUSLKB,Incorruptible,album,,10,2017-06-16,day,,P: (P) 2017 Century Media Records Ltd.,,https://i.scdn.co/image/ab67616d0000b273f9b8c8a8d271be7c0589b374,,3KEixcRfBS5K3E91Vn1Kdy,Iced Earth,spotify:artist:3KEixcRfBS5K3E91Vn1Kdy,https://open.spotify.com/artist/3KEixcRfBS5K3E91Vn1Kdy,,,,219161,"219,161",false,Spotify public artist page,,https://i.scdn.co/image/a1fa09dcb7f14ee7bad400ad8c0772f1a2ec4468,,3KEixcRfBS5K3E91Vn1Kdy,Iced Earth,https://open.spotify.com/artist/3KEixcRfBS5K3E91Vn1Kdy,"[{""artist_id"": ""3KEixcRfBS5K3E91Vn1Kdy"", ""artist_name"": ""Iced Earth"", ""artist_url"": ""https://open.spotify.com/artist/3KEixcRfBS5K3E91Vn1Kdy"", ""monthly_listeners"": ""219161"", ""monthly_listeners_display"": ""219,161"", ""is_approx"": ""false"", ""fetch_error"": """"}]","[{""artist_id"": ""3KEixcRfBS5K3E91Vn1Kdy"", ""artist_name"": ""Iced Earth"", ""artist_uri"": ""spotify:artist:3KEixcRfBS5K3E91Vn1Kdy"", ""artist_url"": ""https://open.spotify.com/artist/3KEixcRfBS5K3E91Vn1Kdy"", ""artist_type"": ""artist"", ""artist_genres"": """", ""artist_spotify_api_popularity"": """", ""artist_followers_total"": """", ""artist_image_url"": ""https://i.scdn.co/image/a1fa09dcb7f14ee7bad400ad8c0772f1a2ec4468"", ""artist_lookup_error"": """", ""artist_monthly_listeners"": ""219161"", ""artist_monthly_listeners_display"": ""219,161"", ""artist_monthly_listeners_is_approx"": ""false"", ""artist_monthly_listeners_source"": ""Spotify public artist page"", ""artist_monthly_listeners_fetch_error"": """"}]",0,,"{""spotify"": ""https://open.spotify.com/track/4bUnDOBTWfvmUDePpdXQsx""}",{}
week1_13july,2026-07-24T08:36:00+00:00,Spotify,Aysima Karçaaltıncaba,aaaaysimaaaa,Week1-User4,Week1-User4,4syI3cLSRArRP3VencCRM3,spotify:playlist:4syI3cLSRArRP3VencCRM3,https://open.spotify.com/playlist/4syI3cLSRArRP3VencCRM3,,aaaaysimaaaa,Aysima Karçaaltıncaba,True,False,0,AAAABD3ayRGktU5myV5oeUnELbFKw7b0,30,25,2026-07-21T19:26:06Z,aaaaysimaaaa,primary_artist_monthly_listeners,445224,"445,224",Spotify public artist page,false,,0WTbXgGmirq6A9LfzHg2uA,spotify:track:0WTbXgGmirq6A9LfzHg2uA,https://open.spotify.com/track/0WTbXgGmirq6A9LfzHg2uA,The Cage,track,3,1,275440,275.440,False,False,True,,https://api.spotify.com/v1/tracks/0WTbXgGmirq6A9LfzHg2uA,https://api.spotify.com/v1/tracks/0WTbXgGmirq6A9LfzHg2uA,,,FISFS0200076,,,1EGK8WqziPuJEKAO1fdCkJ,spotify:album:1EGK8WqziPuJEKAO1fdCkJ,https://open.spotify.com/album/1EGK8WqziPuJEKAO1fdCkJ,Winterheart's Guild,album,,10,2002-01-01,day,,C: 2002 Spin-Farm Oy; P: 2002 Spin-Farm Oy,,https://i.scdn.co/image/ab67616d0000b2732b7e571002b007ce6f687d69,,5YeoQ1L71cXDMpSpqxOjfH,Sonata Arctica,spotify:artist:5YeoQ1L71cXDMpSpqxOjfH,https://open.spotify.com/artist/5YeoQ1L71cXDMpSpqxOjfH,,,,445224,"445,224",false,Spotify public artist page,,https://i.scdn.co/image/ab6761610000e5eb3c36e8b69cb376bf869aedc2,,5YeoQ1L71cXDMpSpqxOjfH,Sonata Arctica,https://open.spotify.com/artist/5YeoQ1L71cXDMpSpqxOjfH,"[{""artist_id"": ""5YeoQ1L71cXDMpSpqxOjfH"", ""artist_name"": ""Sonata Arctica"", ""artist_url"": ""https://open.spotify.com/artist/5YeoQ1L71cXDMpSpqxOjfH"", ""monthly_listeners"": ""445224"", ""monthly_listeners_display"": ""445,224"", ""is_approx"": ""false"", ""fetch_error"": """"}]","[{""artist_id"": ""5YeoQ1L71cXDMpSpqxOjfH"", ""artist_name"": ""Sonata Arctica"", ""artist_uri"": ""spotify:artist:5YeoQ1L71cXDMpSpqxOjfH"", ""artist_url"": ""https://open.spotify.com/artist/5YeoQ1L71cXDMpSpqxOjfH"", ""artist_type"": ""artist"", ""artist_genres"": """", ""artist_spotify_api_popularity"": """", ""artist_followers_total"": """", ""artist_image_url"": ""https://i.scdn.co/image/ab6761610000e5eb3c36e8b69cb376bf869aedc2"", ""artist_lookup_error"": """", ""artist_monthly_listeners"": ""445224"", ""artist_monthly_listeners_display"": ""445,224"", ""artist_monthly_listeners_is_approx"": ""false"", ""artist_monthly_listeners_source"": ""Spotify public artist page"", ""artist_monthly_listeners_fetch_error"": """"}]",0,,"{""spotify"": ""https://open.spotify.com/track/0WTbXgGmirq6A9LfzHg2uA""}",{}
week1_13july,2026-07-24T08:36:00+00:00,Spotify,Aysima Karçaaltıncaba,aaaaysimaaaa,Week1-User4,Week1-User4,4syI3cLSRArRP3VencCRM3,spotify:playlist:4syI3cLSRArRP3VencCRM3,https://open.spotify.com/playlist/4syI3cLSRArRP3VencCRM3,,aaaaysimaaaa,Aysima Karçaaltıncaba,True,False,0,AAAABD3ayRGktU5myV5oeUnELbFKw7b0,30,26,2026-07-21T19:26:06Z,aaaaysimaaaa,primary_artist_monthly_listeners,193731,"193,731",Spotify public artist page,false,,7aYO9WJaSC8m7YpT0bM5Ke,spotify:track:7aYO9WJaSC8m7YpT0bM5Ke,https://open.spotify.com/track/7aYO9WJaSC8m7YpT0bM5Ke,In My Sword I Trust,track,2,1,320426,320.426,False,False,True,,https://api.spotify.com/v1/tracks/7aYO9WJaSC8m7YpT0bM5Ke,https://api.spotify.com/v1/tracks/7aYO9WJaSC8m7YpT0bM5Ke,,,FIUM71200377,,,6uv6P1ojx6GpXCpmnYXfCM,spotify:album:6uv6P1ojx6GpXCpmnYXfCM,https://open.spotify.com/album/6uv6P1ojx6GpXCpmnYXfCM,Unsung Heroes (Japan Version),album,,12,2012-01-01,day,,C: 2012 Spin-Farm Oy; P: 2012 Spin-Farm Oy,,https://i.scdn.co/image/ab67616d0000b273d5d088e428b01d286beb7ad5,,0krXCIkthz13P8o0v2tksH,Ensiferum,spotify:artist:0krXCIkthz13P8o0v2tksH,https://open.spotify.com/artist/0krXCIkthz13P8o0v2tksH,,,,193731,"193,731",false,Spotify public artist page,,https://i.scdn.co/image/ab6761610000e5eb0a5ef9d5834390b5ebdee107,,0krXCIkthz13P8o0v2tksH,Ensiferum,https://open.spotify.com/artist/0krXCIkthz13P8o0v2tksH,"[{""artist_id"": ""0krXCIkthz13P8o0v2tksH"", ""artist_name"": ""Ensiferum"", ""artist_url"": ""https://open.spotify.com/artist/0krXCIkthz13P8o0v2tksH"", ""monthly_listeners"": ""193731"", ""monthly_listeners_display"": ""193,731"", ""is_approx"": ""false"", ""fetch_error"": """"}]","[{""artist_id"": ""0krXCIkthz13P8o0v2tksH"", ""artist_name"": ""Ensiferum"", ""artist_uri"": ""spotify:artist:0krXCIkthz13P8o0v2tksH"", ""artist_url"": ""https://open.spotify.com/artist/0krXCIkthz13P8o0v2tksH"", ""artist_type"": ""artist"", ""artist_genres"": """", ""artist_spotify_api_popularity"": """", ""artist_followers_total"": """", ""artist_image_url"": ""https://i.scdn.co/image/ab6761610000e5eb0a5ef9d5834390b5ebdee107"", ""artist_lookup_error"": """", ""artist_monthly_listeners"": ""193731"", ""artist_monthly_listeners_display"": ""193,731"", ""artist_monthly_listeners_is_approx"": ""false"", ""artist_monthly_listeners_source"": ""Spotify public artist page"", ""artist_monthly_listeners_fetch_error"": """"}]",0,,"{""spotify"": ""https://open.spotify.com/track/7aYO9WJaSC8m7YpT0bM5Ke""}",{}
week1_13july,2026-07-24T08:36:00+00:00,Spotify,Aysima Karçaaltıncaba,aaaaysimaaaa,Week1-User4,Week1-User4,4syI3cLSRArRP3VencCRM3,spotify:playlist:4syI3cLSRArRP3VencCRM3,https://open.spotify.com/playlist/4syI3cLSRArRP3VencCRM3,,aaaaysimaaaa,Aysima Karçaaltıncaba,True,False,0,AAAABD3ayRGktU5myV5oeUnELbFKw7b0,30,27,2026-07-21T19:26:06Z,aaaaysimaaaa,primary_artist_monthly_listeners,106148,"106,148",Spotify public artist page,false,,7taZYFNVCgY2XPDe5FiTlz,spotify:track:7taZYFNVCgY2XPDe5FiTlz,https://open.spotify.com/track/7taZYFNVCgY2XPDe5FiTlz,Rising Fire,track,3,1,206426,206.426,False,False,True,,https://api.spotify.com/v1/tracks/7taZYFNVCgY2XPDe5FiTlz,https://api.spotify.com/v1/tracks/7taZYFNVCgY2XPDe5FiTlz,,,DEU602008709,,,0eABZjNzoxwU6UVDyPzg3y,spotify:album:0eABZjNzoxwU6UVDyPzg3y,https://open.spotify.com/album/0eABZjNzoxwU6UVDyPzg3y,Firewind,album,,11,2020-05-15,day,,C: 2020 AFM Records; P: 2020 AFM Records,,https://i.scdn.co/image/ab67616d0000b273d625c3b1b58cb58b84a8ea8c,,70I9vE7YTwKmelfEplXc5r,Firewind,spotify:artist:70I9vE7YTwKmelfEplXc5r,https://open.spotify.com/artist/70I9vE7YTwKmelfEplXc5r,,,,106148,"106,148",false,Spotify public artist page,,https://i.scdn.co/image/ab6761610000e5eb65dfd5aaf0e94b6c190d63b4,,70I9vE7YTwKmelfEplXc5r,Firewind,https://open.spotify.com/artist/70I9vE7YTwKmelfEplXc5r,"[{""artist_id"": ""70I9vE7YTwKmelfEplXc5r"", ""artist_name"": ""Firewind"", ""artist_url"": ""https://open.spotify.com/artist/70I9vE7YTwKmelfEplXc5r"", ""monthly_listeners"": ""106148"", ""monthly_listeners_display"": ""106,148"", ""is_approx"": ""false"", ""fetch_error"": """"}]","[{""artist_id"": ""70I9vE7YTwKmelfEplXc5r"", ""artist_name"": ""Firewind"", ""artist_uri"": ""spotify:artist:70I9vE7YTwKmelfEplXc5r"", ""artist_url"": ""https://open.spotify.com/artist/70I9vE7YTwKmelfEplXc5r"", ""artist_type"": ""artist"", ""artist_genres"": """", ""artist_spotify_api_popularity"": """", ""artist_followers_total"": """", ""artist_image_url"": ""https://i.scdn.co/image/ab6761610000e5eb65dfd5aaf0e94b6c190d63b4"", ""artist_lookup_error"": """", ""artist_monthly_listeners"": ""106148"", ""artist_monthly_listeners_display"": ""106,148"", ""artist_monthly_listeners_is_approx"": ""false"", ""artist_monthly_listeners_source"": ""Spotify public artist page"", ""artist_monthly_listeners_fetch_error"": """"}]",0,,"{""spotify"": ""https://open.spotify.com/track/7taZYFNVCgY2XPDe5FiTlz""}",{}
week1_13july,2026-07-24T08:36:00+00:00,Spotify,Aysima Karçaaltıncaba,aaaaysimaaaa,Week1-User4,Week1-User4,4syI3cLSRArRP3VencCRM3,spotify:playlist:4syI3cLSRArRP3VencCRM3,https://open.spotify.com/playlist/4syI3cLSRArRP3VencCRM3,,aaaaysimaaaa,Aysima Karçaaltıncaba,True,False,0,AAAABD3ayRGktU5myV5oeUnELbFKw7b0,30,28,2026-07-21T19:26:06Z,aaaaysimaaaa,primary_artist_monthly_listeners,98617,"98,617",Spotify public artist page,false,,6QYNj3zXz2aZCqH7QHuA6W,spotify:track:6QYNj3zXz2aZCqH7QHuA6W,https://open.spotify.com/track/6QYNj3zXz2aZCqH7QHuA6W,Bad to the Bone,track,12,1,286053,286.053,False,False,True,,https://api.spotify.com/v1/tracks/6QYNj3zXz2aZCqH7QHuA6W,https://api.spotify.com/v1/tracks/6QYNj3zXz2aZCqH7QHuA6W,,,GBAJE0300759,,,7jUbppPLoL18SFen8l1cQS,spotify:album:7jUbppPLoL18SFen8l1cQS,https://open.spotify.com/album/7jUbppPLoL18SFen8l1cQS,Running Wild - 20 Years In History,compilation,,26,2003-02-22,day,,"C: 2003 Sanctuary Records Group Ltd., a BMG Company; P: 2003 Sanctuary Records Group Ltd., a BMG Company",,https://i.scdn.co/image/ab67616d0000b27394fab069cb5693615107ca66,,7954VFaZClkL503srfV5PE,Running Wild,spotify:artist:7954VFaZClkL503srfV5PE,https://open.spotify.com/artist/7954VFaZClkL503srfV5PE,,,,98617,"98,617",false,Spotify public artist page,,https://i.scdn.co/image/ffc7d8dd0a29d7ca6f0840f2c2d9050f5a60d97d,,7954VFaZClkL503srfV5PE,Running Wild,https://open.spotify.com/artist/7954VFaZClkL503srfV5PE,"[{""artist_id"": ""7954VFaZClkL503srfV5PE"", ""artist_name"": ""Running Wild"", ""artist_url"": ""https://open.spotify.com/artist/7954VFaZClkL503srfV5PE"", ""monthly_listeners"": ""98617"", ""monthly_listeners_display"": ""98,617"", ""is_approx"": ""false"", ""fetch_error"": """"}]","[{""artist_id"": ""7954VFaZClkL503srfV5PE"", ""artist_name"": ""Running Wild"", ""artist_uri"": ""spotify:artist:7954VFaZClkL503srfV5PE"", ""artist_url"": ""https://open.spotify.com/artist/7954VFaZClkL503srfV5PE"", ""artist_type"": ""artist"", ""artist_genres"": """", ""artist_spotify_api_popularity"": """", ""artist_followers_total"": """", ""artist_image_url"": ""https://i.scdn.co/image/ffc7d8dd0a29d7ca6f0840f2c2d9050f5a60d97d"", ""artist_lookup_error"": """", ""artist_monthly_listeners"": ""98617"", ""artist_monthly_listeners_display"": ""98,617"", ""artist_monthly_listeners_is_approx"": ""false"", ""artist_monthly_listeners_source"": ""Spotify public artist page"", ""artist_monthly_listeners_fetch_error"": """"}]",0,,"{""spotify"": ""https://open.spotify.com/track/6QYNj3zXz2aZCqH7QHuA6W""}",{}
week1_13july,2026-07-24T08:36:00+00:00,Spotify,Aysima Karçaaltıncaba,aaaaysimaaaa,Week1-User4,Week1-User4,4syI3cLSRArRP3VencCRM3,spotify:playlist:4syI3cLSRArRP3VencCRM3,https://open.spotify.com/playlist/4syI3cLSRArRP3VencCRM3,,aaaaysimaaaa,Aysima Karçaaltıncaba,True,False,0,AAAABD3ayRGktU5myV5oeUnELbFKw7b0,30,29,2026-07-21T19:26:06Z,aaaaysimaaaa,primary_artist_monthly_listeners,111103,"111,103",Spotify public artist page,false,,6bKdh1YoDfUMe4mx8mZ3D1,spotify:track:6bKdh1YoDfUMe4mx8mZ3D1,https://open.spotify.com/track/6bKdh1YoDfUMe4mx8mZ3D1,Only Human,track,2,1,315693,315.693,False,False,True,,https://api.spotify.com/v1/tracks/6bKdh1YoDfUMe4mx8mZ3D1,https://api.spotify.com/v1/tracks/6bKdh1YoDfUMe4mx8mZ3D1,,,DEZ900500375,,,1166ju5sMndiI7MLV75TNN,spotify:album:1166ju5sMndiI7MLV75TNN,https://open.spotify.com/album/1166ju5sMndiI7MLV75TNN,Only Human,album,,13,2002-02-25,day,,C: AFM Records; P: AFM Records,,https://i.scdn.co/image/ab67616d0000b273e7855801aac1098307bee542,,4alZ73UZp90icEjdKjSIxw,At Vance,spotify:artist:4alZ73UZp90icEjdKjSIxw,https://open.spotify.com/artist/4alZ73UZp90icEjdKjSIxw,,,,111103,"111,103",false,Spotify public artist page,,https://i.scdn.co/image/ab6761610000e5eb9e8c8f307697a6f107011ba3,,4alZ73UZp90icEjdKjSIxw,At Vance,https://open.spotify.com/artist/4alZ73UZp90icEjdKjSIxw,"[{""artist_id"": ""4alZ73UZp90icEjdKjSIxw"", ""artist_name"": ""At Vance"", ""artist_url"": ""https://open.spotify.com/artist/4alZ73UZp90icEjdKjSIxw"", ""monthly_listeners"": ""111103"", ""monthly_listeners_display"": ""111,103"", ""is_approx"": ""false"", ""fetch_error"": """"}]","[{""artist_id"": ""4alZ73UZp90icEjdKjSIxw"", ""artist_name"": ""At Vance"", ""artist_uri"": ""spotify:artist:4alZ73UZp90icEjdKjSIxw"", ""artist_url"": ""https://open.spotify.com/artist/4alZ73UZp90icEjdKjSIxw"", ""artist_type"": ""artist"", ""artist_genres"": """", ""artist_spotify_api_popularity"": """", ""artist_followers_total"": """", ""artist_image_url"": ""https://i.scdn.co/image/ab6761610000e5eb9e8c8f307697a6f107011ba3"", ""artist_lookup_error"": """", ""artist_monthly_listeners"": ""111103"", ""artist_monthly_listeners_display"": ""111,103"", ""artist_monthly_listeners_is_approx"": ""false"", ""artist_monthly_listeners_source"": ""Spotify public artist page"", ""artist_monthly_listeners_fetch_error"": """"}]",0,,"{""spotify"": ""https://open.spotify.com/track/6bKdh1YoDfUMe4mx8mZ3D1""}",{}
week1_13july,2026-07-24T08:36:00+00:00,Spotify,Aysima Karçaaltıncaba,aaaaysimaaaa,Week1-User4,Week1-User4,4syI3cLSRArRP3VencCRM3,spotify:playlist:4syI3cLSRArRP3VencCRM3,https://open.spotify.com/playlist/4syI3cLSRArRP3VencCRM3,,aaaaysimaaaa,Aysima Karçaaltıncaba,True,False,0,AAAABD3ayRGktU5myV5oeUnELbFKw7b0,30,30,2026-07-21T19:26:06Z,aaaaysimaaaa,primary_artist_monthly_listeners,49330,"49,330",Spotify public artist page,false,,31BIfWawTAEnp8KsAasy13,spotify:track:31BIfWawTAEnp8KsAasy13,https://open.spotify.com/track/31BIfWawTAEnp8KsAasy13,Mindtraveller,track,5,1,345573,345.573,False,False,True,,https://api.spotify.com/v1/tracks/31BIfWawTAEnp8KsAasy13,https://api.spotify.com/v1/tracks/31BIfWawTAEnp8KsAasy13,,,USMBR1309954,,,4j3Pe9H1HCpbunI1XdQWro,spotify:album:4j3Pe9H1HCpbunI1XdQWro,https://open.spotify.com/album/4j3Pe9H1HCpbunI1XdQWro,Falconer,album,,10,2001-05-08,day,,"C: (C) 2001 Metal Blade Records, Inc.; P: (P) 2001 Metal Blade Records, Inc.",,https://i.scdn.co/image/ab67616d0000b273c15f2c3144e86069239d51f5,,1UKdnbreQFDmPg3Mhcjhkr,Falconer,spotify:artist:1UKdnbreQFDmPg3Mhcjhkr,https://open.spotify.com/artist/1UKdnbreQFDmPg3Mhcjhkr,,,,49330,"49,330",false,Spotify public artist page,,https://i.scdn.co/image/ab6772690000c46c0c66276b714aef58cffe49b7,,1UKdnbreQFDmPg3Mhcjhkr,Falconer,https://open.spotify.com/artist/1UKdnbreQFDmPg3Mhcjhkr,"[{""artist_id"": ""1UKdnbreQFDmPg3Mhcjhkr"", ""artist_name"": ""Falconer"", ""artist_url"": ""https://open.spotify.com/artist/1UKdnbreQFDmPg3Mhcjhkr"", ""monthly_listeners"": ""49330"", ""monthly_listeners_display"": ""49,330"", ""is_approx"": ""false"", ""fetch_error"": """"}]","[{""artist_id"": ""1UKdnbreQFDmPg3Mhcjhkr"", ""artist_name"": ""Falconer"", ""artist_uri"": ""spotify:artist:1UKdnbreQFDmPg3Mhcjhkr"", ""artist_url"": ""https://open.spotify.com/artist/1UKdnbreQFDmPg3Mhcjhkr"", ""artist_type"": ""artist"", ""artist_genres"": """", ""artist_spotify_api_popularity"": """", ""artist_followers_total"": """", ""artist_image_url"": ""https://i.scdn.co/image/ab6772690000c46c0c66276b714aef58cffe49b7"", ""artist_lookup_error"": """", ""artist_monthly_listeners"": ""49330"", ""artist_monthly_listeners_display"": ""49,330"", ""artist_monthly_listeners_is_approx"": ""false"", ""artist_monthly_listeners_source"": ""Spotify public artist page"", ""artist_monthly_listeners_fetch_error"": """"}]",0,,"{""spotify"": ""https://open.spotify.com/track/31BIfWawTAEnp8KsAasy13""}",{}
week1_13july,2026-07-24T08:36:00+00:00,Spotify,Aysima Karçaaltıncaba,aaaaysimaaaa,Week1-User5,Week 1-User5,2iX1zNJBqgk2j4EIDozzWl,spotify:playlist:2iX1zNJBqgk2j4EIDozzWl,https://open.spotify.com/playlist/2iX1zNJBqgk2j4EIDozzWl,,aaaaysimaaaa,Aysima Karçaaltıncaba,True,False,0,AAAABf/Vrzdg5iXep0VVafC9QFKXsKZ1,30,1,2026-07-21T19:13:12Z,aaaaysimaaaa,primary_artist_monthly_listeners,3115408,"3,115,408",Spotify public artist page,false,,1MoEyYsa9Y0FvApwLskO1l,spotify:track:1MoEyYsa9Y0FvApwLskO1l,https://open.spotify.com/track/1MoEyYsa9Y0FvApwLskO1l,Ghost Division,track,2,1,231186,231.186,False,False,True,,https://api.spotify.com/v1/tracks/1MoEyYsa9Y0FvApwLskO1l,https://api.spotify.com/v1/tracks/1MoEyYsa9Y0FvApwLskO1l,,,SE2EG1000402,,,0ByHC8GAef76h66JrvigzE,spotify:album:0ByHC8GAef76h66JrvigzE,https://open.spotify.com/album/0ByHC8GAef76h66JrvigzE,The Art of War (Re-Armed),album,,17,2010-09-24,day,,C: 2010 Nuclear Blast; P: 2010 Nuclear Blast,,https://i.scdn.co/image/ab67616d0000b273052d58444fff15346b74f242,,3o2dn2O0FCVsWDFSh8qxgG,Sabaton,spotify:artist:3o2dn2O0FCVsWDFSh8qxgG,https://open.spotify.com/artist/3o2dn2O0FCVsWDFSh8qxgG,,,,3115408,"3,115,408",false,Spotify public artist page,,https://i.scdn.co/image/ab6761610000e5ebfc0524cca1171fac8678f4bf,,3o2dn2O0FCVsWDFSh8qxgG,Sabaton,https://open.spotify.com/artist/3o2dn2O0FCVsWDFSh8qxgG,"[{""artist_id"": ""3o2dn2O0FCVsWDFSh8qxgG"", ""artist_name"": ""Sabaton"", ""artist_url"": ""https://open.spotify.com/artist/3o2dn2O0FCVsWDFSh8qxgG"", ""monthly_listeners"": ""3115408"", ""monthly_listeners_display"": ""3,115,408"", ""is_approx"": ""false"", ""fetch_error"": """"}]","[{""artist_id"": ""3o2dn2O0FCVsWDFSh8qxgG"", ""artist_name"": ""Sabaton"", ""artist_uri"": ""spotify:artist:3o2dn2O0FCVsWDFSh8qxgG"", ""artist_url"": ""https://open.spotify.com/artist/3o2dn2O0FCVsWDFSh8qxgG"", ""artist_type"": ""artist"", ""artist_genres"": """", ""artist_spotify_api_popularity"": """", ""artist_followers_total"": """", ""artist_image_url"": ""https://i.scdn.co/image/ab6761610000e5ebfc0524cca1171fac8678f4bf"", ""artist_lookup_error"": """", ""artist_monthly_listeners"": ""3115408"", ""artist_monthly_listeners_display"": ""3,115,408"", ""artist_monthly_listeners_is_approx"": ""false"", ""artist_monthly_listeners_source"": ""Spotify public artist page"", ""artist_monthly_listeners_fetch_error"": """"}]",0,,"{""spotify"": ""https://open.spotify.com/track/1MoEyYsa9Y0FvApwLskO1l""}",{}
week1_13july,2026-07-24T08:36:00+00:00,Spotify,Aysima Karçaaltıncaba,aaaaysimaaaa,Week1-User5,Week 1-User5,2iX1zNJBqgk2j4EIDozzWl,spotify:playlist:2iX1zNJBqgk2j4EIDozzWl,https://open.spotify.com/playlist/2iX1zNJBqgk2j4EIDozzWl,,aaaaysimaaaa,Aysima Karçaaltıncaba,True,False,0,AAAABf/Vrzdg5iXep0VVafC9QFKXsKZ1,30,2,2026-07-21T19:13:12Z,aaaaysimaaaa,primary_artist_monthly_listeners,845438,"845,438",Spotify public artist page,false,,7ht4SHDXCtttLSabtIQ9XA,spotify:track:7ht4SHDXCtttLSabtIQ9XA,https://open.spotify.com/track/7ht4SHDXCtttLSabtIQ9XA,Eagleheart,track,1,1,230266,230.266,False,False,True,,https://api.spotify.com/v1/tracks/7ht4SHDXCtttLSabtIQ9XA,https://api.spotify.com/v1/tracks/7ht4SHDXCtttLSabtIQ9XA,,,DEH841400420,,,1uHpdAzzpIgZTJTheEEla0,spotify:album:1uHpdAzzpIgZTJTheEEla0,https://open.spotify.com/album/1uHpdAzzpIgZTJTheEEla0,"Elements, Pt. 1&2 (Complete Edition)",album,,28,2014-12-05,day,,C: 2014 Stratovarius under exclusive license to Odyssey Music Network GmbH; P: 2014 Stratovarius under exclusive license to Odyssey Music Network GmbH,,https://i.scdn.co/image/ab67616d0000b273fd2b926eaeca0064d2efb24d,,1O8CSXsPwEqxcoBE360PPO,Stratovarius,spotify:artist:1O8CSXsPwEqxcoBE360PPO,https://open.spotify.com/artist/1O8CSXsPwEqxcoBE360PPO,,,,845438,"845,438",false,Spotify public artist page,,https://i.scdn.co/image/ab6761610000e5eb4733f393ad04f47b31edaadb,,1O8CSXsPwEqxcoBE360PPO,Stratovarius,https://open.spotify.com/artist/1O8CSXsPwEqxcoBE360PPO,"[{""artist_id"": ""1O8CSXsPwEqxcoBE360PPO"", ""artist_name"": ""Stratovarius"", ""artist_url"": ""https://open.spotify.com/artist/1O8CSXsPwEqxcoBE360PPO"", ""monthly_listeners"": ""845438"", ""monthly_listeners_display"": ""845,438"", ""is_approx"": ""false"", ""fetch_error"": """"}]","[{""artist_id"": ""1O8CSXsPwEqxcoBE360PPO"", ""artist_name"": ""Stratovarius"", ""artist_uri"": ""spotify:artist:1O8CSXsPwEqxcoBE360PPO"", ""artist_url"": ""https://open.spotify.com/artist/1O8CSXsPwEqxcoBE360PPO"", ""artist_type"": ""artist"", ""artist_genres"": """", ""artist_spotify_api_popularity"": """", ""artist_followers_total"": """", ""artist_image_url"": ""https://i.scdn.co/image/ab6761610000e5eb4733f393ad04f47b31edaadb"", ""artist_lookup_error"": """", ""artist_monthly_listeners"": ""845438"", ""artist_monthly_listeners_display"": ""845,438"", ""artist_monthly_listeners_is_approx"": ""false"", ""artist_monthly_listeners_source"": ""Spotify public artist page"", ""artist_monthly_listeners_fetch_error"": """"}]",0,,"{""spotify"": ""https://open.spotify.com/track/7ht4SHDXCtttLSabtIQ9XA""}",{}
week1_13july,2026-07-24T08:36:00+00:00,Spotify,Aysima Karçaaltıncaba,aaaaysimaaaa,Week1-User5,Week 1-User5,2iX1zNJBqgk2j4EIDozzWl,spotify:playlist:2iX1zNJBqgk2j4EIDozzWl,https://open.spotify.com/playlist/2iX1zNJBqgk2j4EIDozzWl,,aaaaysimaaaa,Aysima Karçaaltıncaba,True,False,0,AAAABf/Vrzdg5iXep0VVafC9QFKXsKZ1,30,3,2026-07-21T19:13:12Z,aaaaysimaaaa,primary_artist_monthly_listeners,858884,"858,884",Spotify public artist page,false,,0eV3PB3T0OxW4feG1DlOjQ,spotify:track:0eV3PB3T0OxW4feG1DlOjQ,https://open.spotify.com/track/0eV3PB3T0OxW4feG1DlOjQ,Hearts on Fire,track,2,1,231386,231.386,False,False,True,,https://api.spotify.com/v1/tracks/0eV3PB3T0OxW4feG1DlOjQ,https://api.spotify.com/v1/tracks/0eV3PB3T0OxW4feG1DlOjQ,,,DED830264702,,,2uehY2zRsh0h6ZmJt8LLQi,spotify:album:2uehY2zRsh0h6ZmJt8LLQi,https://open.spotify.com/album/2uehY2zRsh0h6ZmJt8LLQi,Crimson Thunder,album,,12,2002-10-28,day,,"C: 2002 HammerFall Management, under exclusive license to Nuclear Blast GmbH; P: 2002 HammerFall Management, under exclusive license to Nuclear Blast GmbH",,https://i.scdn.co/image/ab67616d0000b273bceefa541bb181ec0b8d32e4,,2o18h28enlHxj887tATc58,HammerFall,spotify:artist:2o18h28enlHxj887tATc58,https://open.spotify.com/artist/2o18h28enlHxj887tATc58,,,,858884,"858,884",false,Spotify public artist page,,https://i.scdn.co/image/ab6761610000e5eb9a0164f238589f0c0ca31088,,2o18h28enlHxj887tATc58,HammerFall,https://open.spotify.com/artist/2o18h28enlHxj887tATc58,"[{""artist_id"": ""2o18h28enlHxj887tATc58"", ""artist_name"": ""HammerFall"", ""artist_url"": ""https://open.spotify.com/artist/2o18h28enlHxj887tATc58"", ""monthly_listeners"": ""858884"", ""monthly_listeners_display"": ""858,884"", ""is_approx"": ""false"", ""fetch_error"": """"}]","[{""artist_id"": ""2o18h28enlHxj887tATc58"", ""artist_name"": ""HammerFall"", ""artist_uri"": ""spotify:artist:2o18h28enlHxj887tATc58"", ""artist_url"": ""https://open.spotify.com/artist/2o18h28enlHxj887tATc58"", ""artist_type"": ""artist"", ""artist_genres"": """", ""artist_spotify_api_popularity"": """", ""artist_followers_total"": """", ""artist_image_url"": ""https://i.scdn.co/image/ab6761610000e5eb9a0164f238589f0c0ca31088"", ""artist_lookup_error"": """", ""artist_monthly_listeners"": ""858884"", ""artist_monthly_listeners_display"": ""858,884"", ""artist_monthly_listeners_is_approx"": ""false"", ""artist_monthly_listeners_source"": ""Spotify public artist page"", ""artist_monthly_listeners_fetch_error"": """"}]",0,,"{""spotify"": ""https://open.spotify.com/track/0eV3PB3T0OxW4feG1DlOjQ""}",{}
week1_13july,2026-07-24T08:36:00+00:00,Spotify,Aysima Karçaaltıncaba,aaaaysimaaaa,Week1-User5,Week 1-User5,2iX1zNJBqgk2j4EIDozzWl,spotify:playlist:2iX1zNJBqgk2j4EIDozzWl,https://open.spotify.com/playlist/2iX1zNJBqgk2j4EIDozzWl,,aaaaysimaaaa,Aysima Karçaaltıncaba,True,False,0,AAAABf/Vrzdg5iXep0VVafC9QFKXsKZ1,30,4,2026-07-21T19:13:12Z,aaaaysimaaaa,primary_artist_monthly_listeners,25447,"25,447",Spotify public artist page,false,,09OnB8xeghs8FRnu4dJKmU,spotify:track:09OnB8xeghs8FRnu4dJKmU,https://open.spotify.com/track/09OnB8xeghs8FRnu4dJKmU,Still Alive,track,3,1,242626,242.626,False,False,True,,https://api.spotify.com/v1/tracks/09OnB8xeghs8FRnu4dJKmU,https://api.spotify.com/v1/tracks/09OnB8xeghs8FRnu4dJKmU,,,US4E40529203,,,4QMOKIrJCvPTwbimx6uB26,spotify:album:4QMOKIrJCvPTwbimx6uB26,https://open.spotify.com/album/4QMOKIrJCvPTwbimx6uB26,Grand Illusion,album,,10,2006-07-13,day,,P: (P) 2005 Century Media Records Ltd.,,https://i.scdn.co/image/ab67616d0000b273d43cad94e8d49fd67f0c8928,,0dSoaJ8iEP3aid30p18O2g,Nocturnal Rites,spotify:artist:0dSoaJ8iEP3aid30p18O2g,https://open.spotify.com/artist/0dSoaJ8iEP3aid30p18O2g,,,,25447,"25,447",false,Spotify public artist page,,https://i.scdn.co/image/ab6772690000c46c16a47c3d98bb7ee498dfcc48,,0dSoaJ8iEP3aid30p18O2g,Nocturnal Rites,https://open.spotify.com/artist/0dSoaJ8iEP3aid30p18O2g,"[{""artist_id"": ""0dSoaJ8iEP3aid30p18O2g"", ""artist_name"": ""Nocturnal Rites"", ""artist_url"": ""https://open.spotify.com/artist/0dSoaJ8iEP3aid30p18O2g"", ""monthly_listeners"": ""25447"", ""monthly_listeners_display"": ""25,447"", ""is_approx"": ""false"", ""fetch_error"": """"}]","[{""artist_id"": ""0dSoaJ8iEP3aid30p18O2g"", ""artist_name"": ""Nocturnal Rites"", ""artist_uri"": ""spotify:artist:0dSoaJ8iEP3aid30p18O2g"", ""artist_url"": ""https://open.spotify.com/artist/0dSoaJ8iEP3aid30p18O2g"", ""artist_type"": ""artist"", ""artist_genres"": """", ""artist_spotify_api_popularity"": """", ""artist_followers_total"": """", ""artist_image_url"": ""https://i.scdn.co/image/ab6772690000c46c16a47c3d98bb7ee498dfcc48"", ""artist_lookup_error"": """", ""artist_monthly_listeners"": ""25447"", ""artist_monthly_listeners_display"": ""25,447"", ""artist_monthly_listeners_is_approx"": ""false"", ""artist_monthly_listeners_source"": ""Spotify public artist page"", ""artist_monthly_listeners_fetch_error"": """"}]",0,,"{""spotify"": ""https://open.spotify.com/track/09OnB8xeghs8FRnu4dJKmU""}",{}
week1_13july,2026-07-24T08:36:00+00:00,Spotify,Aysima Karçaaltıncaba,aaaaysimaaaa,Week1-User5,Week 1-User5,2iX1zNJBqgk2j4EIDozzWl,spotify:playlist:2iX1zNJBqgk2j4EIDozzWl,https://open.spotify.com/playlist/2iX1zNJBqgk2j4EIDozzWl,,aaaaysimaaaa,Aysima Karçaaltıncaba,True,False,0,AAAABf/Vrzdg5iXep0VVafC9QFKXsKZ1,30,5,2026-07-21T19:13:12Z,aaaaysimaaaa,primary_artist_monthly_listeners,57678,"57,678",Spotify public artist page,false,,4mJmi9z3o1B6k2vry39Ufh,spotify:track:4mJmi9z3o1B6k2vry39Ufh,https://open.spotify.com/track/4mJmi9z3o1B6k2vry39Ufh,Heavy Metal Never Dies,track,5,1,254386,254.386,False,False,True,,https://api.spotify.com/v1/tracks/4mJmi9z3o1B6k2vry39Ufh,https://api.spotify.com/v1/tracks/4mJmi9z3o1B6k2vry39Ufh,,,DEU601103715,,,2UhgoMIFgbaiLHuiB0qjHU,spotify:album:2UhgoMIFgbaiLHuiB0qjHU,https://open.spotify.com/album/2UhgoMIFgbaiLHuiB0qjHU,The Landing,album,,11,2011-11-18,day,,C: 2011 AFM Records; P: 2011 AFM Records,,https://i.scdn.co/image/ab67616d0000b27396cd0b3287f32ec509c46fed,,6COmyouHXwCeIGS1IFd1PA,Iron Savior,spotify:artist:6COmyouHXwCeIGS1IFd1PA,https://open.spotify.com/artist/6COmyouHXwCeIGS1IFd1PA,,,,57678,"57,678",false,Spotify public artist page,,https://i.scdn.co/image/ab6761610000e5ebb3e6e0ca2f30c6aefc2363ae,,6COmyouHXwCeIGS1IFd1PA,Iron Savior,https://open.spotify.com/artist/6COmyouHXwCeIGS1IFd1PA,"[{""artist_id"": ""6COmyouHXwCeIGS1IFd1PA"", ""artist_name"": ""Iron Savior"", ""artist_url"": ""https://open.spotify.com/artist/6COmyouHXwCeIGS1IFd1PA"", ""monthly_listeners"": ""57678"", ""monthly_listeners_display"": ""57,678"", ""is_approx"": ""false"", ""fetch_error"": """"}]","[{""artist_id"": ""6COmyouHXwCeIGS1IFd1PA"", ""artist_name"": ""Iron Savior"", ""artist_uri"": ""spotify:artist:6COmyouHXwCeIGS1IFd1PA"", ""artist_url"": ""https://open.spotify.com/artist/6COmyouHXwCeIGS1IFd1PA"", ""artist_type"": ""artist"", ""artist_genres"": """", ""artist_spotify_api_popularity"": """", ""artist_followers_total"": """", ""artist_image_url"": ""https://i.scdn.co/image/ab6761610000e5ebb3e6e0ca2f30c6aefc2363ae"", ""artist_lookup_error"": """", ""artist_monthly_listeners"": ""57678"", ""artist_monthly_listeners_display"": ""57,678"", ""artist_monthly_listeners_is_approx"": ""false"", ""artist_monthly_listeners_source"": ""Spotify public artist page"", ""artist_monthly_listeners_fetch_error"": """"}]",0,,"{""spotify"": ""https://open.spotify.com/track/4mJmi9z3o1B6k2vry39Ufh""}",{}
week1_13july,2026-07-24T08:36:00+00:00,Spotify,Aysima Karçaaltıncaba,aaaaysimaaaa,Week1-User5,Week 1-User5,2iX1zNJBqgk2j4EIDozzWl,spotify:playlist:2iX1zNJBqgk2j4EIDozzWl,https://open.spotify.com/playlist/2iX1zNJBqgk2j4EIDozzWl,,aaaaysimaaaa,Aysima Karçaaltıncaba,True,False,0,AAAABf/Vrzdg5iXep0VVafC9QFKXsKZ1,30,6,2026-07-21T19:13:12Z,aaaaysimaaaa,primary_artist_monthly_listeners,290277,"290,277",Spotify public artist page,false,,4wEtmW6jIuPQ8NTYHbkOGm,spotify:track:4wEtmW6jIuPQ8NTYHbkOGm,https://open.spotify.com/track/4wEtmW6jIuPQ8NTYHbkOGm,King of Fools,track,10,1,215320,215.320,False,False,True,,https://api.spotify.com/v1/tracks/4wEtmW6jIuPQ8NTYHbkOGm,https://api.spotify.com/v1/tracks/4wEtmW6jIuPQ8NTYHbkOGm,,,DED830370705,,,0ilazW0ucXedFYUgKFZkqT,spotify:album:0ilazW0ucXedFYUgKFZkqT,https://open.spotify.com/album/0ilazW0ucXedFYUgKFZkqT,The Singles,album,,14,2008-11-14,day,,C: 2008 Nuclear Blast; P: 2008 Nuclear Blast,,https://i.scdn.co/image/ab67616d0000b273834529912144b18eb39d773b,,3AGFqPP3gt5rMSvhR87Xxu,Edguy,spotify:artist:3AGFqPP3gt5rMSvhR87Xxu,https://open.spotify.com/artist/3AGFqPP3gt5rMSvhR87Xxu,,,,290277,"290,277",false,Spotify public artist page,,https://i.scdn.co/image/ab6772690000c46cec078670d746fddbe7674e78,,3AGFqPP3gt5rMSvhR87Xxu,Edguy,https://open.spotify.com/artist/3AGFqPP3gt5rMSvhR87Xxu,"[{""artist_id"": ""3AGFqPP3gt5rMSvhR87Xxu"", ""artist_name"": ""Edguy"", ""artist_url"": ""https://open.spotify.com/artist/3AGFqPP3gt5rMSvhR87Xxu"", ""monthly_listeners"": ""290277"", ""monthly_listeners_display"": ""290,277"", ""is_approx"": ""false"", ""fetch_error"": """"}]","[{""artist_id"": ""3AGFqPP3gt5rMSvhR87Xxu"", ""artist_name"": ""Edguy"", ""artist_uri"": ""spotify:artist:3AGFqPP3gt5rMSvhR87Xxu"", ""artist_url"": ""https://open.spotify.com/artist/3AGFqPP3gt5rMSvhR87Xxu"", ""artist_type"": ""artist"", ""artist_genres"": """", ""artist_spotify_api_popularity"": """", ""artist_followers_total"": """", ""artist_image_url"": ""https://i.scdn.co/image/ab6772690000c46cec078670d746fddbe7674e78"", ""artist_lookup_error"": """", ""artist_monthly_listeners"": ""290277"", ""artist_monthly_listeners_display"": ""290,277"", ""artist_monthly_listeners_is_approx"": ""false"", ""artist_monthly_listeners_source"": ""Spotify public artist page"", ""artist_monthly_listeners_fetch_error"": """"}]",0,,"{""spotify"": ""https://open.spotify.com/track/4wEtmW6jIuPQ8NTYHbkOGm""}",{}
week1_13july,2026-07-24T08:36:00+00:00,Spotify,Aysima Karçaaltıncaba,aaaaysimaaaa,Week1-User5,Week 1-User5,2iX1zNJBqgk2j4EIDozzWl,spotify:playlist:2iX1zNJBqgk2j4EIDozzWl,https://open.spotify.com/playlist/2iX1zNJBqgk2j4EIDozzWl,,aaaaysimaaaa,Aysima Karçaaltıncaba,True,False,0,AAAABf/Vrzdg5iXep0VVafC9QFKXsKZ1,30,7,2026-07-21T19:13:12Z,aaaaysimaaaa,primary_artist_monthly_listeners,758547,"758,547",Spotify public artist page,false,,0CwhgYudd5HzMC9K2vqGMu,spotify:track:0CwhgYudd5HzMC9K2vqGMu,https://open.spotify.com/track/0CwhgYudd5HzMC9K2vqGMu,Everytime I Die,track,4,1,243000,243.000,False,False,True,,https://api.spotify.com/v1/tracks/0CwhgYudd5HzMC9K2vqGMu,https://api.spotify.com/v1/tracks/0CwhgYudd5HzMC9K2vqGMu,,,FISFS0000017,,,6NA0J6jgJVHjmCnCMBwKH7,spotify:album:6NA0J6jgJVHjmCnCMBwKH7,https://open.spotify.com/album/6NA0J6jgJVHjmCnCMBwKH7,Follow The Reaper,album,,11,2000-10-30,day,,C: 2000 Universal Music Oy; P: 2000 Universal Music Oy,,https://i.scdn.co/image/ab67616d0000b2732d4f11a97ba4a75bb3239dcc,,1xUhNgw4eJDZfvumIpcz1B,Children Of Bodom,spotify:artist:1xUhNgw4eJDZfvumIpcz1B,https://open.spotify.com/artist/1xUhNgw4eJDZfvumIpcz1B,,,,758547,"758,547",false,Spotify public artist page,,https://i.scdn.co/image/ab6761610000e5ebe51866b7c973c8aafaf1fece,,1xUhNgw4eJDZfvumIpcz1B,Children Of Bodom,https://open.spotify.com/artist/1xUhNgw4eJDZfvumIpcz1B,"[{""artist_id"": ""1xUhNgw4eJDZfvumIpcz1B"", ""artist_name"": ""Children Of Bodom"", ""artist_url"": ""https://open.spotify.com/artist/1xUhNgw4eJDZfvumIpcz1B"", ""monthly_listeners"": ""758547"", ""monthly_listeners_display"": ""758,547"", ""is_approx"": ""false"", ""fetch_error"": """"}]","[{""artist_id"": ""1xUhNgw4eJDZfvumIpcz1B"", ""artist_name"": ""Children Of Bodom"", ""artist_uri"": ""spotify:artist:1xUhNgw4eJDZfvumIpcz1B"", ""artist_url"": ""https://open.spotify.com/artist/1xUhNgw4eJDZfvumIpcz1B"", ""artist_type"": ""artist"", ""artist_genres"": """", ""artist_spotify_api_popularity"": """", ""artist_followers_total"": """", ""artist_image_url"": ""https://i.scdn.co/image/ab6761610000e5ebe51866b7c973c8aafaf1fece"", ""artist_lookup_error"": """", ""artist_monthly_listeners"": ""758547"", ""artist_monthly_listeners_display"": ""758,547"", ""artist_monthly_listeners_is_approx"": ""false"", ""artist_monthly_listeners_source"": ""Spotify public artist page"", ""artist_monthly_listeners_fetch_error"": """"}]",0,,"{""spotify"": ""https://open.spotify.com/track/0CwhgYudd5HzMC9K2vqGMu""}",{}
week1_13july,2026-07-24T08:36:00+00:00,Spotify,Aysima Karçaaltıncaba,aaaaysimaaaa,Week1-User5,Week 1-User5,2iX1zNJBqgk2j4EIDozzWl,spotify:playlist:2iX1zNJBqgk2j4EIDozzWl,https://open.spotify.com/playlist/2iX1zNJBqgk2j4EIDozzWl,,aaaaysimaaaa,Aysima Karçaaltıncaba,True,False,0,AAAABf/Vrzdg5iXep0VVafC9QFKXsKZ1,30,8,2026-07-21T19:13:12Z,aaaaysimaaaa,primary_artist_monthly_listeners,295782,"295,782",Spotify public artist page,false,,5WEqHNtlbM2mv4k7u9DB4Y,spotify:track:5WEqHNtlbM2mv4k7u9DB4Y,https://open.spotify.com/track/5WEqHNtlbM2mv4k7u9DB4Y,Nosferatu,track,3,1,383626,383.626,False,False,True,,https://api.spotify.com/v1/tracks/5WEqHNtlbM2mv4k7u9DB4Y,https://api.spotify.com/v1/tracks/5WEqHNtlbM2mv4k7u9DB4Y,,,DEU601103546,,,7bw6R2kPVyTRru6808YbIX,spotify:album:7bw6R2kPVyTRru6808YbIX,https://open.spotify.com/album/7bw6R2kPVyTRru6808YbIX,Nosferatu,album,,13,2006-01-31,day,,C: 2006 AFM Records; P: 2006 AFM Records,,https://i.scdn.co/image/ab67616d0000b2738f76138292757fcf7102ae9f,,6nf7iwR6AoROxfUKZWd1r6,Bloodbound,spotify:artist:6nf7iwR6AoROxfUKZWd1r6,https://open.spotify.com/artist/6nf7iwR6AoROxfUKZWd1r6,,,,295782,"295,782",false,Spotify public artist page,,https://i.scdn.co/image/ab6761610000e5ebe01c687c2c587f7c43dd0729,,6nf7iwR6AoROxfUKZWd1r6,Bloodbound,https://open.spotify.com/artist/6nf7iwR6AoROxfUKZWd1r6,"[{""artist_id"": ""6nf7iwR6AoROxfUKZWd1r6"", ""artist_name"": ""Bloodbound"", ""artist_url"": ""https://open.spotify.com/artist/6nf7iwR6AoROxfUKZWd1r6"", ""monthly_listeners"": ""295782"", ""monthly_listeners_display"": ""295,782"", ""is_approx"": ""false"", ""fetch_error"": """"}]","[{""artist_id"": ""6nf7iwR6AoROxfUKZWd1r6"", ""artist_name"": ""Bloodbound"", ""artist_uri"": ""spotify:artist:6nf7iwR6AoROxfUKZWd1r6"", ""artist_url"": ""https://open.spotify.com/artist/6nf7iwR6AoROxfUKZWd1r6"", ""artist_type"": ""artist"", ""artist_genres"": """", ""artist_spotify_api_popularity"": """", ""artist_followers_total"": """", ""artist_image_url"": ""https://i.scdn.co/image/ab6761610000e5ebe01c687c2c587f7c43dd0729"", ""artist_lookup_error"": """", ""artist_monthly_listeners"": ""295782"", ""artist_monthly_listeners_display"": ""295,782"", ""artist_monthly_listeners_is_approx"": ""false"", ""artist_monthly_listeners_source"": ""Spotify public artist page"", ""artist_monthly_listeners_fetch_error"": """"}]",0,,"{""spotify"": ""https://open.spotify.com/track/5WEqHNtlbM2mv4k7u9DB4Y""}",{}
week1_13july,2026-07-24T08:36:00+00:00,Spotify,Aysima Karçaaltıncaba,aaaaysimaaaa,Week1-User5,Week 1-User5,2iX1zNJBqgk2j4EIDozzWl,spotify:playlist:2iX1zNJBqgk2j4EIDozzWl,https://open.spotify.com/playlist/2iX1zNJBqgk2j4EIDozzWl,,aaaaysimaaaa,Aysima Karçaaltıncaba,True,False,0,AAAABf/Vrzdg5iXep0VVafC9QFKXsKZ1,30,9,2026-07-21T19:13:12Z,aaaaysimaaaa,primary_artist_monthly_listeners,594132,"594,132",Spotify public artist page,false,,4gFhLQA90CAFuS0Ma8aIiX,spotify:track:4gFhLQA90CAFuS0Ma8aIiX,https://open.spotify.com/track/4gFhLQA90CAFuS0Ma8aIiX,Mirror Mirror - Remastered 2007,track,9,1,306013,306.013,False,False,True,,https://api.spotify.com/v1/tracks/4gFhLQA90CAFuS0Ma8aIiX,https://api.spotify.com/v1/tracks/4gFhLQA90CAFuS0Ma8aIiX,,,DED831701047,,,7EPGJTyG9MQ6gJWANmL4n3,spotify:album:7EPGJTyG9MQ6gJWANmL4n3,https://open.spotify.com/album/7EPGJTyG9MQ6gJWANmL4n3,Nightfall in Middle Earth (Remastered 2007),album,,23,1998-04-28,day,,C: 2017 Nuclear Blast; P: 2017 Nuclear Blast,,https://i.scdn.co/image/ab67616d0000b2735e77d3ce3a4f7f382daaf46f,,7jxJ25p0pPjk0MStloN6o6,Blind Guardian,spotify:artist:7jxJ25p0pPjk0MStloN6o6,https://open.spotify.com/artist/7jxJ25p0pPjk0MStloN6o6,,,,594132,"594,132",false,Spotify public artist page,,https://i.scdn.co/image/ab6761610000e5eb26139a78b669ae67aacde9f3,,7jxJ25p0pPjk0MStloN6o6,Blind Guardian,https://open.spotify.com/artist/7jxJ25p0pPjk0MStloN6o6,"[{""artist_id"": ""7jxJ25p0pPjk0MStloN6o6"", ""artist_name"": ""Blind Guardian"", ""artist_url"": ""https://open.spotify.com/artist/7jxJ25p0pPjk0MStloN6o6"", ""monthly_listeners"": ""594132"", ""monthly_listeners_display"": ""594,132"", ""is_approx"": ""false"", ""fetch_error"": """"}]","[{""artist_id"": ""7jxJ25p0pPjk0MStloN6o6"", ""artist_name"": ""Blind Guardian"", ""artist_uri"": ""spotify:artist:7jxJ25p0pPjk0MStloN6o6"", ""artist_url"": ""https://open.spotify.com/artist/7jxJ25p0pPjk0MStloN6o6"", ""artist_type"": ""artist"", ""artist_genres"": """", ""artist_spotify_api_popularity"": """", ""artist_followers_total"": """", ""artist_image_url"": ""https://i.scdn.co/image/ab6761610000e5eb26139a78b669ae67aacde9f3"", ""artist_lookup_error"": """", ""artist_monthly_listeners"": ""594132"", ""artist_monthly_listeners_display"": ""594,132"", ""artist_monthly_listeners_is_approx"": ""false"", ""artist_monthly_listeners_source"": ""Spotify public artist page"", ""artist_monthly_listeners_fetch_error"": """"}]",0,,"{""spotify"": ""https://open.spotify.com/track/4gFhLQA90CAFuS0Ma8aIiX""}",{}
week1_13july,2026-07-24T08:36:00+00:00,Spotify,Aysima Karçaaltıncaba,aaaaysimaaaa,Week1-User5,Week 1-User5,2iX1zNJBqgk2j4EIDozzWl,spotify:playlist:2iX1zNJBqgk2j4EIDozzWl,https://open.spotify.com/playlist/2iX1zNJBqgk2j4EIDozzWl,,aaaaysimaaaa,Aysima Karçaaltıncaba,True,False,0,AAAABf/Vrzdg5iXep0VVafC9QFKXsKZ1,30,10,2026-07-21T19:13:12Z,aaaaysimaaaa,primary_artist_monthly_listeners,1035240,"1,035,240",Spotify public artist page,false,,5HkvAtKEPDLmchWYmepqYB,spotify:track:5HkvAtKEPDLmchWYmepqYB,https://open.spotify.com/track/5HkvAtKEPDLmchWYmepqYB,Hail and Kill,track,8,1,357026,357.026,False,False,True,,https://api.spotify.com/v1/tracks/5HkvAtKEPDLmchWYmepqYB,https://api.spotify.com/v1/tracks/5HkvAtKEPDLmchWYmepqYB,,,USAT20102851,,,7lZkD6ntnGAhmWowltbOYB,spotify:album:7lZkD6ntnGAhmWowltbOYB,https://open.spotify.com/album/7lZkD6ntnGAhmWowltbOYB,Kings of Metal,album,,10,1988-11-01,day,,C: © 1988 Atlantic Recording Corporation for the United States and WEA International Inc. for the world outside of the United States; P: ℗ 1988 Atlantic Recording Corporation for the United States and WEA International Inc. for the world outside of the United States,,https://i.scdn.co/image/ab67616d0000b2732612add61ad53e5a5d33c2d4,,4CzUzn54Cp9TQr6a7JIlMZ,Manowar,spotify:artist:4CzUzn54Cp9TQr6a7JIlMZ,https://open.spotify.com/artist/4CzUzn54Cp9TQr6a7JIlMZ,,,,1035240,"1,035,240",false,Spotify public artist page,,https://i.scdn.co/image/ab6761610000e5eba4780fe15900fbd223cd4f48,,4CzUzn54Cp9TQr6a7JIlMZ,Manowar,https://open.spotify.com/artist/4CzUzn54Cp9TQr6a7JIlMZ,"[{""artist_id"": ""4CzUzn54Cp9TQr6a7JIlMZ"", ""artist_name"": ""Manowar"", ""artist_url"": ""https://open.spotify.com/artist/4CzUzn54Cp9TQr6a7JIlMZ"", ""monthly_listeners"": ""1035240"", ""monthly_listeners_display"": ""1,035,240"", ""is_approx"": ""false"", ""fetch_error"": """"}]","[{""artist_id"": ""4CzUzn54Cp9TQr6a7JIlMZ"", ""artist_name"": ""Manowar"", ""artist_uri"": ""spotify:artist:4CzUzn54Cp9TQr6a7JIlMZ"", ""artist_url"": ""https://open.spotify.com/artist/4CzUzn54Cp9TQr6a7JIlMZ"", ""artist_type"": ""artist"", ""artist_genres"": """", ""artist_spotify_api_popularity"": """", ""artist_followers_total"": """", ""artist_image_url"": ""https://i.scdn.co/image/ab6761610000e5eba4780fe15900fbd223cd4f48"", ""artist_lookup_error"": """", ""artist_monthly_listeners"": ""1035240"", ""artist_monthly_listeners_display"": ""1,035,240"", ""artist_monthly_listeners_is_approx"": ""false"", ""artist_monthly_listeners_source"": ""Spotify public artist page"", ""artist_monthly_listeners_fetch_error"": """"}]",0,,"{""spotify"": ""https://open.spotify.com/track/5HkvAtKEPDLmchWYmepqYB""}",{}
week1_13july,2026-07-24T08:36:00+00:00,Spotify,Aysima Karçaaltıncaba,aaaaysimaaaa,Week1-User5,Week 1-User5,2iX1zNJBqgk2j4EIDozzWl,spotify:playlist:2iX1zNJBqgk2j4EIDozzWl,https://open.spotify.com/playlist/2iX1zNJBqgk2j4EIDozzWl,,aaaaysimaaaa,Aysima Karçaaltıncaba,True,False,0,AAAABf/Vrzdg5iXep0VVafC9QFKXsKZ1,30,11,2026-07-21T19:13:12Z,aaaaysimaaaa,primary_artist_monthly_listeners,167499,"167,499",Spotify public artist page,false,,4nrVRhp2fGwY7MwINf9QLY,spotify:track:4nrVRhp2fGwY7MwINf9QLY,https://open.spotify.com/track/4nrVRhp2fGwY7MwINf9QLY,Chasing the Dragon,track,1,1,241360,241.360,False,False,True,,https://api.spotify.com/v1/tracks/4nrVRhp2fGwY7MwINf9QLY,https://api.spotify.com/v1/tracks/4nrVRhp2fGwY7MwINf9QLY,,,US4E40402201,,,75e23vS6UP1bZWkVphKGiD,spotify:album:75e23vS6UP1bZWkVphKGiD,https://open.spotify.com/album/75e23vS6UP1bZWkVphKGiD,Dragonslayer,album,,12,2002-07-13,day,,P: (P) 2002 Century Media Records Ltd.,,https://i.scdn.co/image/ab67616d0000b273b1b987d182eba3af75bf48bf,,1bkf8u8ot6vEpWTJFBzKZB,Dream Evil,spotify:artist:1bkf8u8ot6vEpWTJFBzKZB,https://open.spotify.com/artist/1bkf8u8ot6vEpWTJFBzKZB,,,,167499,"167,499",false,Spotify public artist page,,https://i.scdn.co/image/ab6761610000e5eb68620704b0615991995f22c5,,1bkf8u8ot6vEpWTJFBzKZB,Dream Evil,https://open.spotify.com/artist/1bkf8u8ot6vEpWTJFBzKZB,"[{""artist_id"": ""1bkf8u8ot6vEpWTJFBzKZB"", ""artist_name"": ""Dream Evil"", ""artist_url"": ""https://open.spotify.com/artist/1bkf8u8ot6vEpWTJFBzKZB"", ""monthly_listeners"": ""167499"", ""monthly_listeners_display"": ""167,499"", ""is_approx"": ""false"", ""fetch_error"": """"}]","[{""artist_id"": ""1bkf8u8ot6vEpWTJFBzKZB"", ""artist_name"": ""Dream Evil"", ""artist_uri"": ""spotify:artist:1bkf8u8ot6vEpWTJFBzKZB"", ""artist_url"": ""https://open.spotify.com/artist/1bkf8u8ot6vEpWTJFBzKZB"", ""artist_type"": ""artist"", ""artist_genres"": """", ""artist_spotify_api_popularity"": """", ""artist_followers_total"": """", ""artist_image_url"": ""https://i.scdn.co/image/ab6761610000e5eb68620704b0615991995f22c5"", ""artist_lookup_error"": """", ""artist_monthly_listeners"": ""167499"", ""artist_monthly_listeners_display"": ""167,499"", ""artist_monthly_listeners_is_approx"": ""false"", ""artist_monthly_listeners_source"": ""Spotify public artist page"", ""artist_monthly_listeners_fetch_error"": """"}]",0,,"{""spotify"": ""https://open.spotify.com/track/4nrVRhp2fGwY7MwINf9QLY""}",{}
week1_13july,2026-07-24T08:36:00+00:00,Spotify,Aysima Karçaaltıncaba,aaaaysimaaaa,Week1-User5,Week 1-User5,2iX1zNJBqgk2j4EIDozzWl,spotify:playlist:2iX1zNJBqgk2j4EIDozzWl,https://open.spotify.com/playlist/2iX1zNJBqgk2j4EIDozzWl,,aaaaysimaaaa,Aysima Karçaaltıncaba,True,False,0,AAAABf/Vrzdg5iXep0VVafC9QFKXsKZ1,30,12,2026-07-21T19:13:12Z,aaaaysimaaaa,primary_artist_monthly_listeners,1264746,"1,264,746",Spotify public artist page,false,,0QUJLDnDTiKQ1XQs6tRffK,spotify:track:0QUJLDnDTiKQ1XQs6tRffK,https://open.spotify.com/track/0QUJLDnDTiKQ1XQs6tRffK,Eternal Fire,track,9,1,214061,214.061,False,False,True,,https://api.spotify.com/v1/tracks/0QUJLDnDTiKQ1XQs6tRffK,https://api.spotify.com/v1/tracks/0QUJLDnDTiKQ1XQs6tRffK,,,DED831701300,,,499iZ0iesrciB5jO9jSOWx,spotify:album:499iZ0iesrciB5jO9jSOWx,https://open.spotify.com/album/499iZ0iesrciB5jO9jSOWx,Berserker,album,,12,2017-11-03,day,,C: 2017 Nuclear Blast; P: 2017 Nuclear Blast,,https://i.scdn.co/image/ab67616d0000b273eae389f411e0a8d740d03561,,0rEuaTPLMhlViNCJrg3NEH,Beast In Black,spotify:artist:0rEuaTPLMhlViNCJrg3NEH,https://open.spotify.com/artist/0rEuaTPLMhlViNCJrg3NEH,,,,1264746,"1,264,746",false,Spotify public artist page,,https://i.scdn.co/image/ab6761610000e5eb1664e277c53965cf8e474889,,0rEuaTPLMhlViNCJrg3NEH,Beast In Black,https://open.spotify.com/artist/0rEuaTPLMhlViNCJrg3NEH,"[{""artist_id"": ""0rEuaTPLMhlViNCJrg3NEH"", ""artist_name"": ""Beast In Black"", ""artist_url"": ""https://open.spotify.com/artist/0rEuaTPLMhlViNCJrg3NEH"", ""monthly_listeners"": ""1264746"", ""monthly_listeners_display"": ""1,264,746"", ""is_approx"": ""false"", ""fetch_error"": """"}]","[{""artist_id"": ""0rEuaTPLMhlViNCJrg3NEH"", ""artist_name"": ""Beast In Black"", ""artist_uri"": ""spotify:artist:0rEuaTPLMhlViNCJrg3NEH"", ""artist_url"": ""https://open.spotify.com/artist/0rEuaTPLMhlViNCJrg3NEH"", ""artist_type"": ""artist"", ""artist_genres"": """", ""artist_spotify_api_popularity"": """", ""artist_followers_total"": """", ""artist_image_url"": ""https://i.scdn.co/image/ab6761610000e5eb1664e277c53965cf8e474889"", ""artist_lookup_error"": """", ""artist_monthly_listeners"": ""1264746"", ""artist_monthly_listeners_display"": ""1,264,746"", ""artist_monthly_listeners_is_approx"": ""false"", ""artist_monthly_listeners_source"": ""Spotify public artist page"", ""artist_monthly_listeners_fetch_error"": """"}]",0,,"{""spotify"": ""https://open.spotify.com/track/0QUJLDnDTiKQ1XQs6tRffK""}",{}
week1_13july,2026-07-24T08:36:00+00:00,Spotify,Aysima Karçaaltıncaba,aaaaysimaaaa,Week1-User5,Week 1-User5,2iX1zNJBqgk2j4EIDozzWl,spotify:playlist:2iX1zNJBqgk2j4EIDozzWl,https://open.spotify.com/playlist/2iX1zNJBqgk2j4EIDozzWl,,aaaaysimaaaa,Aysima Karçaaltıncaba,True,False,0,AAAABf/Vrzdg5iXep0VVafC9QFKXsKZ1,30,13,2026-07-21T19:13:12Z,aaaaysimaaaa,primary_artist_monthly_listeners,28965,"28,965",Spotify public artist page,false,,7fkcqrzdbgIa4vthgYN3vs,spotify:track:7fkcqrzdbgIa4vthgYN3vs,https://open.spotify.com/track/7fkcqrzdbgIa4vthgYN3vs,Unisonic,track,1,1,205866,205.866,False,False,True,,https://api.spotify.com/v1/tracks/7fkcqrzdbgIa4vthgYN3vs,https://api.spotify.com/v1/tracks/7fkcqrzdbgIa4vthgYN3vs,,,DEH841200037,,,0Z0DLUUAsIS4S4pW6ranLi,spotify:album:0Z0DLUUAsIS4S4pW6ranLi,https://open.spotify.com/album/0Z0DLUUAsIS4S4pW6ranLi,Unisonic,album,,11,2012-03-30,day,,C: 2012 Edel Germany GmbH. earMUSIC is a project of Edel.; P: 2012 Edel Germany GmbH. earMUSIC is a project of Edel.,,https://i.scdn.co/image/ab67616d0000b2733d82320d77736ca6dc12d413,,3DDcmHnwKjM4sQ8qm34JMU,Unisonic,spotify:artist:3DDcmHnwKjM4sQ8qm34JMU,https://open.spotify.com/artist/3DDcmHnwKjM4sQ8qm34JMU,,,,28965,"28,965",false,Spotify public artist page,,https://i.scdn.co/image/ab6761610000e5eb0be750ff9272422d98f971b0,,3DDcmHnwKjM4sQ8qm34JMU,Unisonic,https://open.spotify.com/artist/3DDcmHnwKjM4sQ8qm34JMU,"[{""artist_id"": ""3DDcmHnwKjM4sQ8qm34JMU"", ""artist_name"": ""Unisonic"", ""artist_url"": ""https://open.spotify.com/artist/3DDcmHnwKjM4sQ8qm34JMU"", ""monthly_listeners"": ""28965"", ""monthly_listeners_display"": ""28,965"", ""is_approx"": ""false"", ""fetch_error"": """"}]","[{""artist_id"": ""3DDcmHnwKjM4sQ8qm34JMU"", ""artist_name"": ""Unisonic"", ""artist_uri"": ""spotify:artist:3DDcmHnwKjM4sQ8qm34JMU"", ""artist_url"": ""https://open.spotify.com/artist/3DDcmHnwKjM4sQ8qm34JMU"", ""artist_type"": ""artist"", ""artist_genres"": """", ""artist_spotify_api_popularity"": """", ""artist_followers_total"": """", ""artist_image_url"": ""https://i.scdn.co/image/ab6761610000e5eb0be750ff9272422d98f971b0"", ""artist_lookup_error"": """", ""artist_monthly_listeners"": ""28965"", ""artist_monthly_listeners_display"": ""28,965"", ""artist_monthly_listeners_is_approx"": ""false"", ""artist_monthly_listeners_source"": ""Spotify public artist page"", ""artist_monthly_listeners_fetch_error"": """"}]",0,,"{""spotify"": ""https://open.spotify.com/track/7fkcqrzdbgIa4vthgYN3vs""}",{}
week1_13july,2026-07-24T08:36:00+00:00,Spotify,Aysima Karçaaltıncaba,aaaaysimaaaa,Week1-User5,Week 1-User5,2iX1zNJBqgk2j4EIDozzWl,spotify:playlist:2iX1zNJBqgk2j4EIDozzWl,https://open.spotify.com/playlist/2iX1zNJBqgk2j4EIDozzWl,,aaaaysimaaaa,Aysima Karçaaltıncaba,True,False,0,AAAABf/Vrzdg5iXep0VVafC9QFKXsKZ1,30,14,2026-07-21T19:13:12Z,aaaaysimaaaa,primary_artist_monthly_listeners,105691,"105,691",Spotify public artist page,false,,0V2Jge35CQn1Hc9hNBmdbm,spotify:track:0V2Jge35CQn1Hc9hNBmdbm,https://open.spotify.com/track/0V2Jge35CQn1Hc9hNBmdbm,The End Is Near,track,2,1,266964,266.964,False,False,True,,https://api.spotify.com/v1/tracks/0V2Jge35CQn1Hc9hNBmdbm,https://api.spotify.com/v1/tracks/0V2Jge35CQn1Hc9hNBmdbm,,,ITG271600027,,,4Y726zsgHLeScKFCe8CgeL,spotify:album:4Y726zsgHLeScKFCe8CgeL,https://open.spotify.com/album/4Y726zsgHLeScKFCe8CgeL,Rulebreaker,album,,14,2016-01-29,day,,C: (C) 2016 Reigning Phoenix Music; P: (P) 2016 Reigning Phoenix Music,,https://i.scdn.co/image/ab67616d0000b273f697ada0466f413cacf8052a,,1yfiDL3YUEJlQCgb5Pun6g,Primal Fear,spotify:artist:1yfiDL3YUEJlQCgb5Pun6g,https://open.spotify.com/artist/1yfiDL3YUEJlQCgb5Pun6g,,,,105691,"105,691",false,Spotify public artist page,,https://i.scdn.co/image/ab6761610000e5ebd8360d0ed8fe9dd3fd04fb45,,1yfiDL3YUEJlQCgb5Pun6g,Primal Fear,https://open.spotify.com/artist/1yfiDL3YUEJlQCgb5Pun6g,"[{""artist_id"": ""1yfiDL3YUEJlQCgb5Pun6g"", ""artist_name"": ""Primal Fear"", ""artist_url"": ""https://open.spotify.com/artist/1yfiDL3YUEJlQCgb5Pun6g"", ""monthly_listeners"": ""105691"", ""monthly_listeners_display"": ""105,691"", ""is_approx"": ""false"", ""fetch_error"": """"}]","[{""artist_id"": ""1yfiDL3YUEJlQCgb5Pun6g"", ""artist_name"": ""Primal Fear"", ""artist_uri"": ""spotify:artist:1yfiDL3YUEJlQCgb5Pun6g"", ""artist_url"": ""https://open.spotify.com/artist/1yfiDL3YUEJlQCgb5Pun6g"", ""artist_type"": ""artist"", ""artist_genres"": """", ""artist_spotify_api_popularity"": """", ""artist_followers_total"": """", ""artist_image_url"": ""https://i.scdn.co/image/ab6761610000e5ebd8360d0ed8fe9dd3fd04fb45"", ""artist_lookup_error"": """", ""artist_monthly_listeners"": ""105691"", ""artist_monthly_listeners_display"": ""105,691"", ""artist_monthly_listeners_is_approx"": ""false"", ""artist_monthly_listeners_source"": ""Spotify public artist page"", ""artist_monthly_listeners_fetch_error"": """"}]",0,,"{""spotify"": ""https://open.spotify.com/track/0V2Jge35CQn1Hc9hNBmdbm""}",{}
week1_13july,2026-07-24T08:36:00+00:00,Spotify,Aysima Karçaaltıncaba,aaaaysimaaaa,Week1-User5,Week 1-User5,2iX1zNJBqgk2j4EIDozzWl,spotify:playlist:2iX1zNJBqgk2j4EIDozzWl,https://open.spotify.com/playlist/2iX1zNJBqgk2j4EIDozzWl,,aaaaysimaaaa,Aysima Karçaaltıncaba,True,False,0,AAAABf/Vrzdg5iXep0VVafC9QFKXsKZ1,30,15,2026-07-21T19:13:12Z,aaaaysimaaaa,primary_artist_monthly_listeners,445224,"445,224",Spotify public artist page,false,,6khWZRJMRkIL6sZIeogVYn,spotify:track:6khWZRJMRkIL6sZIeogVYn,https://open.spotify.com/track/6khWZRJMRkIL6sZIeogVYn,Don't Say a Word,track,5,1,348986,348.986,False,False,True,,https://api.spotify.com/v1/tracks/6khWZRJMRkIL6sZIeogVYn,https://api.spotify.com/v1/tracks/6khWZRJMRkIL6sZIeogVYn,,,DED830475805,,,740XcmkYsHBMZ7LaqirXAY,spotify:album:740XcmkYsHBMZ7LaqirXAY,https://open.spotify.com/album/740XcmkYsHBMZ7LaqirXAY,Reckoning Night,album,,10,2004-10-11,day,,C: (C) 2004 Reigning Phoenix Music; P: (P) 2004 Reigning Phoenix Music,,https://i.scdn.co/image/ab67616d0000b273a2c697b5be89befbd57152c8,,5YeoQ1L71cXDMpSpqxOjfH,Sonata Arctica,spotify:artist:5YeoQ1L71cXDMpSpqxOjfH,https://open.spotify.com/artist/5YeoQ1L71cXDMpSpqxOjfH,,,,445224,"445,224",false,Spotify public artist page,,https://i.scdn.co/image/ab6761610000e5eb3c36e8b69cb376bf869aedc2,,5YeoQ1L71cXDMpSpqxOjfH,Sonata Arctica,https://open.spotify.com/artist/5YeoQ1L71cXDMpSpqxOjfH,"[{""artist_id"": ""5YeoQ1L71cXDMpSpqxOjfH"", ""artist_name"": ""Sonata Arctica"", ""artist_url"": ""https://open.spotify.com/artist/5YeoQ1L71cXDMpSpqxOjfH"", ""monthly_listeners"": ""445224"", ""monthly_listeners_display"": ""445,224"", ""is_approx"": ""false"", ""fetch_error"": """"}]","[{""artist_id"": ""5YeoQ1L71cXDMpSpqxOjfH"", ""artist_name"": ""Sonata Arctica"", ""artist_uri"": ""spotify:artist:5YeoQ1L71cXDMpSpqxOjfH"", ""artist_url"": ""https://open.spotify.com/artist/5YeoQ1L71cXDMpSpqxOjfH"", ""artist_type"": ""artist"", ""artist_genres"": """", ""artist_spotify_api_popularity"": """", ""artist_followers_total"": """", ""artist_image_url"": ""https://i.scdn.co/image/ab6761610000e5eb3c36e8b69cb376bf869aedc2"", ""artist_lookup_error"": """", ""artist_monthly_listeners"": ""445224"", ""artist_monthly_listeners_display"": ""445,224"", ""artist_monthly_listeners_is_approx"": ""false"", ""artist_monthly_listeners_source"": ""Spotify public artist page"", ""artist_monthly_listeners_fetch_error"": """"}]",0,,"{""spotify"": ""https://open.spotify.com/track/6khWZRJMRkIL6sZIeogVYn""}",{}
week1_13july,2026-07-24T08:36:00+00:00,Spotify,Aysima Karçaaltıncaba,aaaaysimaaaa,Week1-User5,Week 1-User5,2iX1zNJBqgk2j4EIDozzWl,spotify:playlist:2iX1zNJBqgk2j4EIDozzWl,https://open.spotify.com/playlist/2iX1zNJBqgk2j4EIDozzWl,,aaaaysimaaaa,Aysima Karçaaltıncaba,True,False,0,AAAABf/Vrzdg5iXep0VVafC9QFKXsKZ1,30,16,2026-07-21T19:13:12Z,aaaaysimaaaa,primary_artist_monthly_listeners,368660,"368,660",Spotify public artist page,false,,1NQCQj6x94ZBEPSODneBHw,spotify:track:1NQCQj6x94ZBEPSODneBHw,https://open.spotify.com/track/1NQCQj6x94ZBEPSODneBHw,The Village of Dwarves,track,4,1,232173,232.173,False,False,True,,https://api.spotify.com/v1/tracks/1NQCQj6x94ZBEPSODneBHw,https://api.spotify.com/v1/tracks/1NQCQj6x94ZBEPSODneBHw,,,DET270002304,,,6T6i4ZLAwRHVOxRaQnC5js,spotify:album:6T6i4ZLAwRHVOxRaQnC5js,https://open.spotify.com/album/6T6i4ZLAwRHVOxRaQnC5js,Dawn of Victory,album,,10,2000,year,,C: (C) 2000 Limb Music,,https://i.scdn.co/image/ab67616d0000b273012217969f1979b6f050068b,,0zQfrabOFYf36Ikb6PXcCY,Rhapsody,spotify:artist:0zQfrabOFYf36Ikb6PXcCY,https://open.spotify.com/artist/0zQfrabOFYf36Ikb6PXcCY,,,,368660,"368,660",false,Spotify public artist page,,https://i.scdn.co/image/ab6761610000e5eb902fae03243cae6e08caf99a,,0zQfrabOFYf36Ikb6PXcCY,Rhapsody,https://open.spotify.com/artist/0zQfrabOFYf36Ikb6PXcCY,"[{""artist_id"": ""0zQfrabOFYf36Ikb6PXcCY"", ""artist_name"": ""Rhapsody"", ""artist_url"": ""https://open.spotify.com/artist/0zQfrabOFYf36Ikb6PXcCY"", ""monthly_listeners"": ""368660"", ""monthly_listeners_display"": ""368,660"", ""is_approx"": ""false"", ""fetch_error"": """"}]","[{""artist_id"": ""0zQfrabOFYf36Ikb6PXcCY"", ""artist_name"": ""Rhapsody"", ""artist_uri"": ""spotify:artist:0zQfrabOFYf36Ikb6PXcCY"", ""artist_url"": ""https://open.spotify.com/artist/0zQfrabOFYf36Ikb6PXcCY"", ""artist_type"": ""artist"", ""artist_genres"": """", ""artist_spotify_api_popularity"": """", ""artist_followers_total"": """", ""artist_image_url"": ""https://i.scdn.co/image/ab6761610000e5eb902fae03243cae6e08caf99a"", ""artist_lookup_error"": """", ""artist_monthly_listeners"": ""368660"", ""artist_monthly_listeners_display"": ""368,660"", ""artist_monthly_listeners_is_approx"": ""false"", ""artist_monthly_listeners_source"": ""Spotify public artist page"", ""artist_monthly_listeners_fetch_error"": """"}]",0,,"{""spotify"": ""https://open.spotify.com/track/1NQCQj6x94ZBEPSODneBHw""}",{}
week1_13july,2026-07-24T08:36:00+00:00,Spotify,Aysima Karçaaltıncaba,aaaaysimaaaa,Week1-User5,Week 1-User5,2iX1zNJBqgk2j4EIDozzWl,spotify:playlist:2iX1zNJBqgk2j4EIDozzWl,https://open.spotify.com/playlist/2iX1zNJBqgk2j4EIDozzWl,,aaaaysimaaaa,Aysima Karçaaltıncaba,True,False,0,AAAABf/Vrzdg5iXep0VVafC9QFKXsKZ1,30,17,2026-07-21T19:13:12Z,aaaaysimaaaa,primary_artist_monthly_listeners,184836,"184,836",Spotify public artist page,false,,2cxtdKFeXk4F10nd8TZORl,spotify:track:2cxtdKFeXk4F10nd8TZORl,https://open.spotify.com/track/2cxtdKFeXk4F10nd8TZORl,Kind Hearted Light,track,3,1,265773,265.773,False,False,True,,https://api.spotify.com/v1/tracks/2cxtdKFeXk4F10nd8TZORl,https://api.spotify.com/v1/tracks/2cxtdKFeXk4F10nd8TZORl,,,DET970200003,,,6FxqNK88NImuiMIpCrTZee,spotify:album:6FxqNK88NImuiMIpCrTZee,https://open.spotify.com/album/6FxqNK88NImuiMIpCrTZee,Masterplan,album,,11,2003-01-20,day,,C: 2003 AFM Records; P: 2003 AFM Records,,https://i.scdn.co/image/ab67616d0000b2737479397fc56803ba3511fd1c,,1OHNvr18TssBKYK0A75yvx,Masterplan,spotify:artist:1OHNvr18TssBKYK0A75yvx,https://open.spotify.com/artist/1OHNvr18TssBKYK0A75yvx,,,,184836,"184,836",false,Spotify public artist page,,https://i.scdn.co/image/ab6761610000e5eb8cfdd5ee976e9da4af82d208,,1OHNvr18TssBKYK0A75yvx,Masterplan,https://open.spotify.com/artist/1OHNvr18TssBKYK0A75yvx,"[{""artist_id"": ""1OHNvr18TssBKYK0A75yvx"", ""artist_name"": ""Masterplan"", ""artist_url"": ""https://open.spotify.com/artist/1OHNvr18TssBKYK0A75yvx"", ""monthly_listeners"": ""184836"", ""monthly_listeners_display"": ""184,836"", ""is_approx"": ""false"", ""fetch_error"": """"}]","[{""artist_id"": ""1OHNvr18TssBKYK0A75yvx"", ""artist_name"": ""Masterplan"", ""artist_uri"": ""spotify:artist:1OHNvr18TssBKYK0A75yvx"", ""artist_url"": ""https://open.spotify.com/artist/1OHNvr18TssBKYK0A75yvx"", ""artist_type"": ""artist"", ""artist_genres"": """", ""artist_spotify_api_popularity"": """", ""artist_followers_total"": """", ""artist_image_url"": ""https://i.scdn.co/image/ab6761610000e5eb8cfdd5ee976e9da4af82d208"", ""artist_lookup_error"": """", ""artist_monthly_listeners"": ""184836"", ""artist_monthly_listeners_display"": ""184,836"", ""artist_monthly_listeners_is_approx"": ""false"", ""artist_monthly_listeners_source"": ""Spotify public artist page"", ""artist_monthly_listeners_fetch_error"": """"}]",0,,"{""spotify"": ""https://open.spotify.com/track/2cxtdKFeXk4F10nd8TZORl""}",{}
week1_13july,2026-07-24T08:36:00+00:00,Spotify,Aysima Karçaaltıncaba,aaaaysimaaaa,Week1-User5,Week 1-User5,2iX1zNJBqgk2j4EIDozzWl,spotify:playlist:2iX1zNJBqgk2j4EIDozzWl,https://open.spotify.com/playlist/2iX1zNJBqgk2j4EIDozzWl,,aaaaysimaaaa,Aysima Karçaaltıncaba,True,False,0,AAAABf/Vrzdg5iXep0VVafC9QFKXsKZ1,30,18,2026-07-21T19:13:12Z,aaaaysimaaaa,primary_artist_monthly_listeners,53997,"53,997",Spotify public artist page,false,,3hfgxj1PpTUUdgU0P8Nt7e,spotify:track:3hfgxj1PpTUUdgU0P8Nt7e,https://open.spotify.com/track/3hfgxj1PpTUUdgU0P8Nt7e,Down from the Mountain,track,2,1,246295,246.295,False,False,True,,https://api.spotify.com/v1/tracks/3hfgxj1PpTUUdgU0P8Nt7e,https://api.spotify.com/v1/tracks/3hfgxj1PpTUUdgU0P8Nt7e,,,ITG271400092,,,7hoWTaACeZE1m9HSYY73aS,spotify:album:7hoWTaACeZE1m9HSYY73aS,https://open.spotify.com/album/7hoWTaACeZE1m9HSYY73aS,The Great Divide,album,,10,2014-10-17,day,,C: (C) 2014 Frontiers Records,,https://i.scdn.co/image/ab67616d0000b27309cd30cabc7f20c982de226c,,2hxa4ytcni5FUIK8IR27tX,Allen Lande,spotify:artist:2hxa4ytcni5FUIK8IR27tX,https://open.spotify.com/artist/2hxa4ytcni5FUIK8IR27tX,,,,53997,"53,997",false,Spotify public artist page,,https://i.scdn.co/image/ab67616d0000b27309cd30cabc7f20c982de226c,,2hxa4ytcni5FUIK8IR27tX,Allen Lande,https://open.spotify.com/artist/2hxa4ytcni5FUIK8IR27tX,"[{""artist_id"": ""2hxa4ytcni5FUIK8IR27tX"", ""artist_name"": ""Allen Lande"", ""artist_url"": ""https://open.spotify.com/artist/2hxa4ytcni5FUIK8IR27tX"", ""monthly_listeners"": ""53997"", ""monthly_listeners_display"": ""53,997"", ""is_approx"": ""false"", ""fetch_error"": """"}]","[{""artist_id"": ""2hxa4ytcni5FUIK8IR27tX"", ""artist_name"": ""Allen Lande"", ""artist_uri"": ""spotify:artist:2hxa4ytcni5FUIK8IR27tX"", ""artist_url"": ""https://open.spotify.com/artist/2hxa4ytcni5FUIK8IR27tX"", ""artist_type"": ""artist"", ""artist_genres"": """", ""artist_spotify_api_popularity"": """", ""artist_followers_total"": """", ""artist_image_url"": ""https://i.scdn.co/image/ab67616d0000b27309cd30cabc7f20c982de226c"", ""artist_lookup_error"": """", ""artist_monthly_listeners"": ""53997"", ""artist_monthly_listeners_display"": ""53,997"", ""artist_monthly_listeners_is_approx"": ""false"", ""artist_monthly_listeners_source"": ""Spotify public artist page"", ""artist_monthly_listeners_fetch_error"": """"}]",0,,"{""spotify"": ""https://open.spotify.com/track/3hfgxj1PpTUUdgU0P8Nt7e""}",{}
week1_13july,2026-07-24T08:36:00+00:00,Spotify,Aysima Karçaaltıncaba,aaaaysimaaaa,Week1-User5,Week 1-User5,2iX1zNJBqgk2j4EIDozzWl,spotify:playlist:2iX1zNJBqgk2j4EIDozzWl,https://open.spotify.com/playlist/2iX1zNJBqgk2j4EIDozzWl,,aaaaysimaaaa,Aysima Karçaaltıncaba,True,False,0,AAAABf/Vrzdg5iXep0VVafC9QFKXsKZ1,30,19,2026-07-21T19:13:12Z,aaaaysimaaaa,primary_artist_monthly_listeners,74393,"74,393",Spotify public artist page,false,,1P5B3ARqjPkB9yCNPZq9jV,spotify:track:1P5B3ARqjPkB9yCNPZq9jV,https://open.spotify.com/track/1P5B3ARqjPkB9yCNPZq9jV,Rebellion (The Clans Are Marching) - Remastered Version,track,11,1,244760,244.760,False,False,True,,https://api.spotify.com/v1/tracks/1P5B3ARqjPkB9yCNPZq9jV,https://api.spotify.com/v1/tracks/1P5B3ARqjPkB9yCNPZq9jV,,,DEC760600331,,,4ZNfzHslrjITU8iqfzCAL8,spotify:album:4ZNfzHslrjITU8iqfzCAL8,https://open.spotify.com/album/4ZNfzHslrjITU8iqfzCAL8,Tunes Of War (Remastered 2006),album,,13,1996,year,,"P: (P) 2006 GUN Records GmbH, A Unit Of SONY BMG MUSIC ENTERTAINMENT (GERMANY) GmbH",,https://i.scdn.co/image/ab67616d0000b2735d5ef12b8c86299ec4e16f7c,,6mfghV4I1CD17FOhDKq7cJ,Grave Digger,spotify:artist:6mfghV4I1CD17FOhDKq7cJ,https://open.spotify.com/artist/6mfghV4I1CD17FOhDKq7cJ,,,,74393,"74,393",false,Spotify public artist page,,https://i.scdn.co/image/ab6761610000e5eb5b4d967b77ad0ffbd0d70013,,6mfghV4I1CD17FOhDKq7cJ,Grave Digger,https://open.spotify.com/artist/6mfghV4I1CD17FOhDKq7cJ,"[{""artist_id"": ""6mfghV4I1CD17FOhDKq7cJ"", ""artist_name"": ""Grave Digger"", ""artist_url"": ""https://open.spotify.com/artist/6mfghV4I1CD17FOhDKq7cJ"", ""monthly_listeners"": ""74393"", ""monthly_listeners_display"": ""74,393"", ""is_approx"": ""false"", ""fetch_error"": """"}]","[{""artist_id"": ""6mfghV4I1CD17FOhDKq7cJ"", ""artist_name"": ""Grave Digger"", ""artist_uri"": ""spotify:artist:6mfghV4I1CD17FOhDKq7cJ"", ""artist_url"": ""https://open.spotify.com/artist/6mfghV4I1CD17FOhDKq7cJ"", ""artist_type"": ""artist"", ""artist_genres"": """", ""artist_spotify_api_popularity"": """", ""artist_followers_total"": """", ""artist_image_url"": ""https://i.scdn.co/image/ab6761610000e5eb5b4d967b77ad0ffbd0d70013"", ""artist_lookup_error"": """", ""artist_monthly_listeners"": ""74393"", ""artist_monthly_listeners_display"": ""74,393"", ""artist_monthly_listeners_is_approx"": ""false"", ""artist_monthly_listeners_source"": ""Spotify public artist page"", ""artist_monthly_listeners_fetch_error"": """"}]",0,,"{""spotify"": ""https://open.spotify.com/track/1P5B3ARqjPkB9yCNPZq9jV""}",{}
week1_13july,2026-07-24T08:36:00+00:00,Spotify,Aysima Karçaaltıncaba,aaaaysimaaaa,Week1-User5,Week 1-User5,2iX1zNJBqgk2j4EIDozzWl,spotify:playlist:2iX1zNJBqgk2j4EIDozzWl,https://open.spotify.com/playlist/2iX1zNJBqgk2j4EIDozzWl,,aaaaysimaaaa,Aysima Karçaaltıncaba,True,False,0,AAAABf/Vrzdg5iXep0VVafC9QFKXsKZ1,30,20,2026-07-21T19:13:12Z,aaaaysimaaaa,primary_artist_monthly_listeners,193731,"193,731",Spotify public artist page,false,,7aYO9WJaSC8m7YpT0bM5Ke,spotify:track:7aYO9WJaSC8m7YpT0bM5Ke,https://open.spotify.com/track/7aYO9WJaSC8m7YpT0bM5Ke,In My Sword I Trust,track,2,1,320426,320.426,False,False,True,,https://api.spotify.com/v1/tracks/7aYO9WJaSC8m7YpT0bM5Ke,https://api.spotify.com/v1/tracks/7aYO9WJaSC8m7YpT0bM5Ke,,,FIUM71200377,,,6uv6P1ojx6GpXCpmnYXfCM,spotify:album:6uv6P1ojx6GpXCpmnYXfCM,https://open.spotify.com/album/6uv6P1ojx6GpXCpmnYXfCM,Unsung Heroes (Japan Version),album,,12,2012-01-01,day,,C: 2012 Spin-Farm Oy; P: 2012 Spin-Farm Oy,,https://i.scdn.co/image/ab67616d0000b273d5d088e428b01d286beb7ad5,,0krXCIkthz13P8o0v2tksH,Ensiferum,spotify:artist:0krXCIkthz13P8o0v2tksH,https://open.spotify.com/artist/0krXCIkthz13P8o0v2tksH,,,,193731,"193,731",false,Spotify public artist page,,https://i.scdn.co/image/ab6761610000e5eb0a5ef9d5834390b5ebdee107,,0krXCIkthz13P8o0v2tksH,Ensiferum,https://open.spotify.com/artist/0krXCIkthz13P8o0v2tksH,"[{""artist_id"": ""0krXCIkthz13P8o0v2tksH"", ""artist_name"": ""Ensiferum"", ""artist_url"": ""https://open.spotify.com/artist/0krXCIkthz13P8o0v2tksH"", ""monthly_listeners"": ""193731"", ""monthly_listeners_display"": ""193,731"", ""is_approx"": ""false"", ""fetch_error"": """"}]","[{""artist_id"": ""0krXCIkthz13P8o0v2tksH"", ""artist_name"": ""Ensiferum"", ""artist_uri"": ""spotify:artist:0krXCIkthz13P8o0v2tksH"", ""artist_url"": ""https://open.spotify.com/artist/0krXCIkthz13P8o0v2tksH"", ""artist_type"": ""artist"", ""artist_genres"": """", ""artist_spotify_api_popularity"": """", ""artist_followers_total"": """", ""artist_image_url"": ""https://i.scdn.co/image/ab6761610000e5eb0a5ef9d5834390b5ebdee107"", ""artist_lookup_error"": """", ""artist_monthly_listeners"": ""193731"", ""artist_monthly_listeners_display"": ""193,731"", ""artist_monthly_listeners_is_approx"": ""false"", ""artist_monthly_listeners_source"": ""Spotify public artist page"", ""artist_monthly_listeners_fetch_error"": """"}]",0,,"{""spotify"": ""https://open.spotify.com/track/7aYO9WJaSC8m7YpT0bM5Ke""}",{}
week1_13july,2026-07-24T08:36:00+00:00,Spotify,Aysima Karçaaltıncaba,aaaaysimaaaa,Week1-User5,Week 1-User5,2iX1zNJBqgk2j4EIDozzWl,spotify:playlist:2iX1zNJBqgk2j4EIDozzWl,https://open.spotify.com/playlist/2iX1zNJBqgk2j4EIDozzWl,,aaaaysimaaaa,Aysima Karçaaltıncaba,True,False,0,AAAABf/Vrzdg5iXep0VVafC9QFKXsKZ1,30,21,2026-07-21T19:13:12Z,aaaaysimaaaa,primary_artist_monthly_listeners,92170,"92,170",Spotify public artist page,false,,2rV29Dueq15Cq4IyFgINDL,spotify:track:2rV29Dueq15Cq4IyFgINDL,https://open.spotify.com/track/2rV29Dueq15Cq4IyFgINDL,Set This World on Fire,track,4,1,306146,306.146,False,False,True,,https://api.spotify.com/v1/tracks/2rV29Dueq15Cq4IyFgINDL,https://api.spotify.com/v1/tracks/2rV29Dueq15Cq4IyFgINDL,,,DEAT71518805,,,2bMAHTAhkUMjB9ajRxAbit,spotify:album:2bMAHTAhkUMjB9ajRxAbit,https://open.spotify.com/album/2bMAHTAhkUMjB9ajRxAbit,Unity,album,,13,2002-03-13,day,,C: (C) 2002 Dr. Bones; P: (P) 2002 Dr. Bones,,https://i.scdn.co/image/ab67616d0000b273590803396dac7ebccceb38f6,,5TJVsWPUaJxBxWfVZQEt2x,Rage,spotify:artist:5TJVsWPUaJxBxWfVZQEt2x,https://open.spotify.com/artist/5TJVsWPUaJxBxWfVZQEt2x,,,,92170,"92,170",false,Spotify public artist page,,https://i.scdn.co/image/ab6761610000e5ebbb296bc31c8d982074a54793,,5TJVsWPUaJxBxWfVZQEt2x,Rage,https://open.spotify.com/artist/5TJVsWPUaJxBxWfVZQEt2x,"[{""artist_id"": ""5TJVsWPUaJxBxWfVZQEt2x"", ""artist_name"": ""Rage"", ""artist_url"": ""https://open.spotify.com/artist/5TJVsWPUaJxBxWfVZQEt2x"", ""monthly_listeners"": ""92170"", ""monthly_listeners_display"": ""92,170"", ""is_approx"": ""false"", ""fetch_error"": """"}]","[{""artist_id"": ""5TJVsWPUaJxBxWfVZQEt2x"", ""artist_name"": ""Rage"", ""artist_uri"": ""spotify:artist:5TJVsWPUaJxBxWfVZQEt2x"", ""artist_url"": ""https://open.spotify.com/artist/5TJVsWPUaJxBxWfVZQEt2x"", ""artist_type"": ""artist"", ""artist_genres"": """", ""artist_spotify_api_popularity"": """", ""artist_followers_total"": """", ""artist_image_url"": ""https://i.scdn.co/image/ab6761610000e5ebbb296bc31c8d982074a54793"", ""artist_lookup_error"": """", ""artist_monthly_listeners"": ""92170"", ""artist_monthly_listeners_display"": ""92,170"", ""artist_monthly_listeners_is_approx"": ""false"", ""artist_monthly_listeners_source"": ""Spotify public artist page"", ""artist_monthly_listeners_fetch_error"": """"}]",0,,"{""spotify"": ""https://open.spotify.com/track/2rV29Dueq15Cq4IyFgINDL""}",{}
week1_13july,2026-07-24T08:36:00+00:00,Spotify,Aysima Karçaaltıncaba,aaaaysimaaaa,Week1-User5,Week 1-User5,2iX1zNJBqgk2j4EIDozzWl,spotify:playlist:2iX1zNJBqgk2j4EIDozzWl,https://open.spotify.com/playlist/2iX1zNJBqgk2j4EIDozzWl,,aaaaysimaaaa,Aysima Karçaaltıncaba,True,False,0,AAAABf/Vrzdg5iXep0VVafC9QFKXsKZ1,30,22,2026-07-21T19:13:12Z,aaaaysimaaaa,primary_artist_monthly_listeners,239721,"239,721",Spotify public artist page,false,,4ZuNyr0qk8gckL98Oee0ld,spotify:track:4ZuNyr0qk8gckL98Oee0ld,https://open.spotify.com/track/4ZuNyr0qk8gckL98Oee0ld,Chains of Destiny,track,11,1,235093,235.093,False,False,True,,https://api.spotify.com/v1/tracks/4ZuNyr0qk8gckL98Oee0ld,https://api.spotify.com/v1/tracks/4ZuNyr0qk8gckL98Oee0ld,,,DEU602109352,,,4OfONg7cNiDlH9tpVNKN5i,spotify:album:4OfONg7cNiDlH9tpVNKN5i,https://open.spotify.com/album/4OfONg7cNiDlH9tpVNKN5i,Glory for Salvation,album,,13,2021-11-26,day,,C: 2021 AFM Records; P: 2021 AFM Records,,https://i.scdn.co/image/ab67616d0000b273fe6eb88d83c8d7e6c70d0381,,3IjLXN4eSksdGj8uDE4Jm1,Rhapsody Of Fire,spotify:artist:3IjLXN4eSksdGj8uDE4Jm1,https://open.spotify.com/artist/3IjLXN4eSksdGj8uDE4Jm1,,,,239721,"239,721",false,Spotify public artist page,,https://i.scdn.co/image/ab6761610000e5eb5d22c1db6d6eee22dfe54498,,3IjLXN4eSksdGj8uDE4Jm1,Rhapsody Of Fire,https://open.spotify.com/artist/3IjLXN4eSksdGj8uDE4Jm1,"[{""artist_id"": ""3IjLXN4eSksdGj8uDE4Jm1"", ""artist_name"": ""Rhapsody Of Fire"", ""artist_url"": ""https://open.spotify.com/artist/3IjLXN4eSksdGj8uDE4Jm1"", ""monthly_listeners"": ""239721"", ""monthly_listeners_display"": ""239,721"", ""is_approx"": ""false"", ""fetch_error"": """"}]","[{""artist_id"": ""3IjLXN4eSksdGj8uDE4Jm1"", ""artist_name"": ""Rhapsody Of Fire"", ""artist_uri"": ""spotify:artist:3IjLXN4eSksdGj8uDE4Jm1"", ""artist_url"": ""https://open.spotify.com/artist/3IjLXN4eSksdGj8uDE4Jm1"", ""artist_type"": ""artist"", ""artist_genres"": """", ""artist_spotify_api_popularity"": """", ""artist_followers_total"": """", ""artist_image_url"": ""https://i.scdn.co/image/ab6761610000e5eb5d22c1db6d6eee22dfe54498"", ""artist_lookup_error"": """", ""artist_monthly_listeners"": ""239721"", ""artist_monthly_listeners_display"": ""239,721"", ""artist_monthly_listeners_is_approx"": ""false"", ""artist_monthly_listeners_source"": ""Spotify public artist page"", ""artist_monthly_listeners_fetch_error"": """"}]",0,,"{""spotify"": ""https://open.spotify.com/track/4ZuNyr0qk8gckL98Oee0ld""}",{}
week1_13july,2026-07-24T08:36:00+00:00,Spotify,Aysima Karçaaltıncaba,aaaaysimaaaa,Week1-User5,Week 1-User5,2iX1zNJBqgk2j4EIDozzWl,spotify:playlist:2iX1zNJBqgk2j4EIDozzWl,https://open.spotify.com/playlist/2iX1zNJBqgk2j4EIDozzWl,,aaaaysimaaaa,Aysima Karçaaltıncaba,True,False,0,AAAABf/Vrzdg5iXep0VVafC9QFKXsKZ1,30,23,2026-07-21T19:13:12Z,aaaaysimaaaa,primary_artist_monthly_listeners,1429906,"1,429,906",Spotify public artist page,false,,01HSj8YdEgtcd5hrmZUQ6v,spotify:track:01HSj8YdEgtcd5hrmZUQ6v,https://open.spotify.com/track/01HSj8YdEgtcd5hrmZUQ6v,As Long as I Fall,track,4,1,221933,221.933,False,False,True,,https://api.spotify.com/v1/tracks/01HSj8YdEgtcd5hrmZUQ6v,https://api.spotify.com/v1/tracks/01HSj8YdEgtcd5hrmZUQ6v,,,DEA450719250,,,5QcWZsiNmv9DdrgA86NSF6,spotify:album:5QcWZsiNmv9DdrgA86NSF6,https://open.spotify.com/album/5QcWZsiNmv9DdrgA86NSF6,Gambling with the Devil,album,,14,2007-10-24,day,,C: (C) 2007 Reigning Phoenix Music; P: (P) 2007 Reigning Phoenix Music,,https://i.scdn.co/image/ab67616d0000b273c27b960674207172514e77a3,,4pQN0GB0fNEEOfQCaWotsY,Helloween,spotify:artist:4pQN0GB0fNEEOfQCaWotsY,https://open.spotify.com/artist/4pQN0GB0fNEEOfQCaWotsY,,,,1429906,"1,429,906",false,Spotify public artist page,,https://i.scdn.co/image/ab6761610000e5eb7d6b878498239115a09316d3,,4pQN0GB0fNEEOfQCaWotsY,Helloween,https://open.spotify.com/artist/4pQN0GB0fNEEOfQCaWotsY,"[{""artist_id"": ""4pQN0GB0fNEEOfQCaWotsY"", ""artist_name"": ""Helloween"", ""artist_url"": ""https://open.spotify.com/artist/4pQN0GB0fNEEOfQCaWotsY"", ""monthly_listeners"": ""1429906"", ""monthly_listeners_display"": ""1,429,906"", ""is_approx"": ""false"", ""fetch_error"": """"}]","[{""artist_id"": ""4pQN0GB0fNEEOfQCaWotsY"", ""artist_name"": ""Helloween"", ""artist_uri"": ""spotify:artist:4pQN0GB0fNEEOfQCaWotsY"", ""artist_url"": ""https://open.spotify.com/artist/4pQN0GB0fNEEOfQCaWotsY"", ""artist_type"": ""artist"", ""artist_genres"": """", ""artist_spotify_api_popularity"": """", ""artist_followers_total"": """", ""artist_image_url"": ""https://i.scdn.co/image/ab6761610000e5eb7d6b878498239115a09316d3"", ""artist_lookup_error"": """", ""artist_monthly_listeners"": ""1429906"", ""artist_monthly_listeners_display"": ""1,429,906"", ""artist_monthly_listeners_is_approx"": ""false"", ""artist_monthly_listeners_source"": ""Spotify public artist page"", ""artist_monthly_listeners_fetch_error"": """"}]",0,,"{""spotify"": ""https://open.spotify.com/track/01HSj8YdEgtcd5hrmZUQ6v""}",{}
week1_13july,2026-07-24T08:36:00+00:00,Spotify,Aysima Karçaaltıncaba,aaaaysimaaaa,Week1-User5,Week 1-User5,2iX1zNJBqgk2j4EIDozzWl,spotify:playlist:2iX1zNJBqgk2j4EIDozzWl,https://open.spotify.com/playlist/2iX1zNJBqgk2j4EIDozzWl,,aaaaysimaaaa,Aysima Karçaaltıncaba,True,False,0,AAAABf/Vrzdg5iXep0VVafC9QFKXsKZ1,30,24,2026-07-21T19:13:12Z,aaaaysimaaaa,primary_artist_monthly_listeners,50778,"50,778",Spotify public artist page,false,,4i3L5DHB4W2CzKtaUdeDkC,spotify:track:4i3L5DHB4W2CzKtaUdeDkC,https://open.spotify.com/track/4i3L5DHB4W2CzKtaUdeDkC,Wings of Steel,track,2,1,203546,203.546,False,False,True,,https://api.spotify.com/v1/tracks/4i3L5DHB4W2CzKtaUdeDkC,https://api.spotify.com/v1/tracks/4i3L5DHB4W2CzKtaUdeDkC,,,uscgh2281070,,,4Rzk8EU6um8ETgCUatThYv,spotify:album:4Rzk8EU6um8ETgCUatThYv,https://open.spotify.com/album/4Rzk8EU6um8ETgCUatThYv,Wings of Steel,single,,5,2022-03-11,day,,C: 2022 Wings of Steel; P: 2022 Wings of Steel,,https://i.scdn.co/image/ab67616d0000b2739c6291976636fd4718a37d04,,0y43lCvntQtyFlhCABGb0T,Wings of Steel,spotify:artist:0y43lCvntQtyFlhCABGb0T,https://open.spotify.com/artist/0y43lCvntQtyFlhCABGb0T,,,,50778,"50,778",false,Spotify public artist page,,https://i.scdn.co/image/ab6761610000e5ebf0ec514bb1af4546a9f63f24,,0y43lCvntQtyFlhCABGb0T,Wings of Steel,https://open.spotify.com/artist/0y43lCvntQtyFlhCABGb0T,"[{""artist_id"": ""0y43lCvntQtyFlhCABGb0T"", ""artist_name"": ""Wings of Steel"", ""artist_url"": ""https://open.spotify.com/artist/0y43lCvntQtyFlhCABGb0T"", ""monthly_listeners"": ""50778"", ""monthly_listeners_display"": ""50,778"", ""is_approx"": ""false"", ""fetch_error"": """"}]","[{""artist_id"": ""0y43lCvntQtyFlhCABGb0T"", ""artist_name"": ""Wings of Steel"", ""artist_uri"": ""spotify:artist:0y43lCvntQtyFlhCABGb0T"", ""artist_url"": ""https://open.spotify.com/artist/0y43lCvntQtyFlhCABGb0T"", ""artist_type"": ""artist"", ""artist_genres"": """", ""artist_spotify_api_popularity"": """", ""artist_followers_total"": """", ""artist_image_url"": ""https://i.scdn.co/image/ab6761610000e5ebf0ec514bb1af4546a9f63f24"", ""artist_lookup_error"": """", ""artist_monthly_listeners"": ""50778"", ""artist_monthly_listeners_display"": ""50,778"", ""artist_monthly_listeners_is_approx"": ""false"", ""artist_monthly_listeners_source"": ""Spotify public artist page"", ""artist_monthly_listeners_fetch_error"": """"}]",0,,"{""spotify"": ""https://open.spotify.com/track/4i3L5DHB4W2CzKtaUdeDkC""}",{}
week1_13july,2026-07-24T08:36:00+00:00,Spotify,Aysima Karçaaltıncaba,aaaaysimaaaa,Week1-User5,Week 1-User5,2iX1zNJBqgk2j4EIDozzWl,spotify:playlist:2iX1zNJBqgk2j4EIDozzWl,https://open.spotify.com/playlist/2iX1zNJBqgk2j4EIDozzWl,,aaaaysimaaaa,Aysima Karçaaltıncaba,True,False,0,AAAABf/Vrzdg5iXep0VVafC9QFKXsKZ1,30,25,2026-07-21T19:13:12Z,aaaaysimaaaa,primary_artist_monthly_listeners,111103,"111,103",Spotify public artist page,false,,6bKdh1YoDfUMe4mx8mZ3D1,spotify:track:6bKdh1YoDfUMe4mx8mZ3D1,https://open.spotify.com/track/6bKdh1YoDfUMe4mx8mZ3D1,Only Human,track,2,1,315693,315.693,False,False,True,,https://api.spotify.com/v1/tracks/6bKdh1YoDfUMe4mx8mZ3D1,https://api.spotify.com/v1/tracks/6bKdh1YoDfUMe4mx8mZ3D1,,,DEZ900500375,,,1166ju5sMndiI7MLV75TNN,spotify:album:1166ju5sMndiI7MLV75TNN,https://open.spotify.com/album/1166ju5sMndiI7MLV75TNN,Only Human,album,,13,2002-02-25,day,,C: AFM Records; P: AFM Records,,https://i.scdn.co/image/ab67616d0000b273e7855801aac1098307bee542,,4alZ73UZp90icEjdKjSIxw,At Vance,spotify:artist:4alZ73UZp90icEjdKjSIxw,https://open.spotify.com/artist/4alZ73UZp90icEjdKjSIxw,,,,111103,"111,103",false,Spotify public artist page,,https://i.scdn.co/image/ab6761610000e5eb9e8c8f307697a6f107011ba3,,4alZ73UZp90icEjdKjSIxw,At Vance,https://open.spotify.com/artist/4alZ73UZp90icEjdKjSIxw,"[{""artist_id"": ""4alZ73UZp90icEjdKjSIxw"", ""artist_name"": ""At Vance"", ""artist_url"": ""https://open.spotify.com/artist/4alZ73UZp90icEjdKjSIxw"", ""monthly_listeners"": ""111103"", ""monthly_listeners_display"": ""111,103"", ""is_approx"": ""false"", ""fetch_error"": """"}]","[{""artist_id"": ""4alZ73UZp90icEjdKjSIxw"", ""artist_name"": ""At Vance"", ""artist_uri"": ""spotify:artist:4alZ73UZp90icEjdKjSIxw"", ""artist_url"": ""https://open.spotify.com/artist/4alZ73UZp90icEjdKjSIxw"", ""artist_type"": ""artist"", ""artist_genres"": """", ""artist_spotify_api_popularity"": """", ""artist_followers_total"": """", ""artist_image_url"": ""https://i.scdn.co/image/ab6761610000e5eb9e8c8f307697a6f107011ba3"", ""artist_lookup_error"": """", ""artist_monthly_listeners"": ""111103"", ""artist_monthly_listeners_display"": ""111,103"", ""artist_monthly_listeners_is_approx"": ""false"", ""artist_monthly_listeners_source"": ""Spotify public artist page"", ""artist_monthly_listeners_fetch_error"": """"}]",0,,"{""spotify"": ""https://open.spotify.com/track/6bKdh1YoDfUMe4mx8mZ3D1""}",{}
week1_13july,2026-07-24T08:36:00+00:00,Spotify,Aysima Karçaaltıncaba,aaaaysimaaaa,Week1-User5,Week 1-User5,2iX1zNJBqgk2j4EIDozzWl,spotify:playlist:2iX1zNJBqgk2j4EIDozzWl,https://open.spotify.com/playlist/2iX1zNJBqgk2j4EIDozzWl,,aaaaysimaaaa,Aysima Karçaaltıncaba,True,False,0,AAAABf/Vrzdg5iXep0VVafC9QFKXsKZ1,30,26,2026-07-21T19:13:12Z,aaaaysimaaaa,primary_artist_monthly_listeners,170740,"170,740",Spotify public artist page,false,,6tTv9op5ImYyTmpN9jX7PK,spotify:track:6tTv9op5ImYyTmpN9jX7PK,https://open.spotify.com/track/6tTv9op5ImYyTmpN9jX7PK,Send Me a Sign,track,3,1,246866,246.866,False,False,True,,https://api.spotify.com/v1/tracks/6tTv9op5ImYyTmpN9jX7PK,https://api.spotify.com/v1/tracks/6tTv9op5ImYyTmpN9jX7PK,,,DEA249930003,,,2KofNAUSGmdzvCGohSLZpl,spotify:album:2KofNAUSGmdzvCGohSLZpl,https://open.spotify.com/album/2KofNAUSGmdzvCGohSLZpl,Power Plant,album,,11,1999-03-29,day,,"C: 2022 earMUSIC, a label of Edel Music & Entertainment GmbH.; P: 1999 Gamma Ray / earMUSIC, a label of Edel Music & Entertainment GmbH.",,https://i.scdn.co/image/ab67616d0000b273974a3f96a9d1b54e5354fc5f,,6LZE884lDIsCSLHuTplfGp,Gamma Ray,spotify:artist:6LZE884lDIsCSLHuTplfGp,https://open.spotify.com/artist/6LZE884lDIsCSLHuTplfGp,,,,170740,"170,740",false,Spotify public artist page,,https://i.scdn.co/image/ab6772690000c46c1110b1a024312710e7c796c4,,6LZE884lDIsCSLHuTplfGp,Gamma Ray,https://open.spotify.com/artist/6LZE884lDIsCSLHuTplfGp,"[{""artist_id"": ""6LZE884lDIsCSLHuTplfGp"", ""artist_name"": ""Gamma Ray"", ""artist_url"": ""https://open.spotify.com/artist/6LZE884lDIsCSLHuTplfGp"", ""monthly_listeners"": ""170740"", ""monthly_listeners_display"": ""170,740"", ""is_approx"": ""false"", ""fetch_error"": """"}]","[{""artist_id"": ""6LZE884lDIsCSLHuTplfGp"", ""artist_name"": ""Gamma Ray"", ""artist_uri"": ""spotify:artist:6LZE884lDIsCSLHuTplfGp"", ""artist_url"": ""https://open.spotify.com/artist/6LZE884lDIsCSLHuTplfGp"", ""artist_type"": ""artist"", ""artist_genres"": """", ""artist_spotify_api_popularity"": """", ""artist_followers_total"": """", ""artist_image_url"": ""https://i.scdn.co/image/ab6772690000c46c1110b1a024312710e7c796c4"", ""artist_lookup_error"": """", ""artist_monthly_listeners"": ""170740"", ""artist_monthly_listeners_display"": ""170,740"", ""artist_monthly_listeners_is_approx"": ""false"", ""artist_monthly_listeners_source"": ""Spotify public artist page"", ""artist_monthly_listeners_fetch_error"": """"}]",0,,"{""spotify"": ""https://open.spotify.com/track/6tTv9op5ImYyTmpN9jX7PK""}",{}
week1_13july,2026-07-24T08:36:00+00:00,Spotify,Aysima Karçaaltıncaba,aaaaysimaaaa,Week1-User5,Week 1-User5,2iX1zNJBqgk2j4EIDozzWl,spotify:playlist:2iX1zNJBqgk2j4EIDozzWl,https://open.spotify.com/playlist/2iX1zNJBqgk2j4EIDozzWl,,aaaaysimaaaa,Aysima Karçaaltıncaba,True,False,0,AAAABf/Vrzdg5iXep0VVafC9QFKXsKZ1,30,27,2026-07-21T19:13:12Z,aaaaysimaaaa,primary_artist_monthly_listeners,98617,"98,617",Spotify public artist page,false,,2NCh5hwrluY1w5D3BxDXMq,spotify:track:2NCh5hwrluY1w5D3BxDXMq,https://open.spotify.com/track/2NCh5hwrluY1w5D3BxDXMq,Under Jolly Roger,track,1,1,282560,282.560,False,False,True,,https://api.spotify.com/v1/tracks/2NCh5hwrluY1w5D3BxDXMq,https://api.spotify.com/v1/tracks/2NCh5hwrluY1w5D3BxDXMq,,,GBAJE0300753,,,6ksfisQdOmbwJ481UJuAW0,spotify:album:6ksfisQdOmbwJ481UJuAW0,https://open.spotify.com/album/6ksfisQdOmbwJ481UJuAW0,Under Jolly Roger,album,,8,1987-01-01,day,,"C: 2006 Sanctuary Records Group Ltd., a BMG Company; P: 1987 Sanctuary Records Group Ltd., a BMG Company",,https://i.scdn.co/image/ab67616d0000b27398a5f2ec79e9f31b75bb456e,,7954VFaZClkL503srfV5PE,Running Wild,spotify:artist:7954VFaZClkL503srfV5PE,https://open.spotify.com/artist/7954VFaZClkL503srfV5PE,,,,98617,"98,617",false,Spotify public artist page,,https://i.scdn.co/image/ffc7d8dd0a29d7ca6f0840f2c2d9050f5a60d97d,,7954VFaZClkL503srfV5PE,Running Wild,https://open.spotify.com/artist/7954VFaZClkL503srfV5PE,"[{""artist_id"": ""7954VFaZClkL503srfV5PE"", ""artist_name"": ""Running Wild"", ""artist_url"": ""https://open.spotify.com/artist/7954VFaZClkL503srfV5PE"", ""monthly_listeners"": ""98617"", ""monthly_listeners_display"": ""98,617"", ""is_approx"": ""false"", ""fetch_error"": """"}]","[{""artist_id"": ""7954VFaZClkL503srfV5PE"", ""artist_name"": ""Running Wild"", ""artist_uri"": ""spotify:artist:7954VFaZClkL503srfV5PE"", ""artist_url"": ""https://open.spotify.com/artist/7954VFaZClkL503srfV5PE"", ""artist_type"": ""artist"", ""artist_genres"": """", ""artist_spotify_api_popularity"": """", ""artist_followers_total"": """", ""artist_image_url"": ""https://i.scdn.co/image/ffc7d8dd0a29d7ca6f0840f2c2d9050f5a60d97d"", ""artist_lookup_error"": """", ""artist_monthly_listeners"": ""98617"", ""artist_monthly_listeners_display"": ""98,617"", ""artist_monthly_listeners_is_approx"": ""false"", ""artist_monthly_listeners_source"": ""Spotify public artist page"", ""artist_monthly_listeners_fetch_error"": """"}]",0,,"{""spotify"": ""https://open.spotify.com/track/2NCh5hwrluY1w5D3BxDXMq""}",{}
week1_13july,2026-07-24T08:36:00+00:00,Spotify,Aysima Karçaaltıncaba,aaaaysimaaaa,Week1-User5,Week 1-User5,2iX1zNJBqgk2j4EIDozzWl,spotify:playlist:2iX1zNJBqgk2j4EIDozzWl,https://open.spotify.com/playlist/2iX1zNJBqgk2j4EIDozzWl,,aaaaysimaaaa,Aysima Karçaaltıncaba,True,False,0,AAAABf/Vrzdg5iXep0VVafC9QFKXsKZ1,30,28,2026-07-21T19:13:12Z,aaaaysimaaaa,primary_artist_monthly_listeners,219161,"219,161",Spotify public artist page,false,,4bUnDOBTWfvmUDePpdXQsx,spotify:track:4bUnDOBTWfvmUDePpdXQsx,https://open.spotify.com/track/4bUnDOBTWfvmUDePpdXQsx,Black Flag,track,2,1,296640,296.640,False,False,True,,https://api.spotify.com/v1/tracks/4bUnDOBTWfvmUDePpdXQsx,https://api.spotify.com/v1/tracks/4bUnDOBTWfvmUDePpdXQsx,,,US4E41742502,,,7jdSTiR96uRP2BsetUSLKB,spotify:album:7jdSTiR96uRP2BsetUSLKB,https://open.spotify.com/album/7jdSTiR96uRP2BsetUSLKB,Incorruptible,album,,10,2017-06-16,day,,P: (P) 2017 Century Media Records Ltd.,,https://i.scdn.co/image/ab67616d0000b273f9b8c8a8d271be7c0589b374,,3KEixcRfBS5K3E91Vn1Kdy,Iced Earth,spotify:artist:3KEixcRfBS5K3E91Vn1Kdy,https://open.spotify.com/artist/3KEixcRfBS5K3E91Vn1Kdy,,,,219161,"219,161",false,Spotify public artist page,,https://i.scdn.co/image/a1fa09dcb7f14ee7bad400ad8c0772f1a2ec4468,,3KEixcRfBS5K3E91Vn1Kdy,Iced Earth,https://open.spotify.com/artist/3KEixcRfBS5K3E91Vn1Kdy,"[{""artist_id"": ""3KEixcRfBS5K3E91Vn1Kdy"", ""artist_name"": ""Iced Earth"", ""artist_url"": ""https://open.spotify.com/artist/3KEixcRfBS5K3E91Vn1Kdy"", ""monthly_listeners"": ""219161"", ""monthly_listeners_display"": ""219,161"", ""is_approx"": ""false"", ""fetch_error"": """"}]","[{""artist_id"": ""3KEixcRfBS5K3E91Vn1Kdy"", ""artist_name"": ""Iced Earth"", ""artist_uri"": ""spotify:artist:3KEixcRfBS5K3E91Vn1Kdy"", ""artist_url"": ""https://open.spotify.com/artist/3KEixcRfBS5K3E91Vn1Kdy"", ""artist_type"": ""artist"", ""artist_genres"": """", ""artist_spotify_api_popularity"": """", ""artist_followers_total"": """", ""artist_image_url"": ""https://i.scdn.co/image/a1fa09dcb7f14ee7bad400ad8c0772f1a2ec4468"", ""artist_lookup_error"": """", ""artist_monthly_listeners"": ""219161"", ""artist_monthly_listeners_display"": ""219,161"", ""artist_monthly_listeners_is_approx"": ""false"", ""artist_monthly_listeners_source"": ""Spotify public artist page"", ""artist_monthly_listeners_fetch_error"": """"}]",0,,"{""spotify"": ""https://open.spotify.com/track/4bUnDOBTWfvmUDePpdXQsx""}",{}
week1_13july,2026-07-24T08:36:00+00:00,Spotify,Aysima Karçaaltıncaba,aaaaysimaaaa,Week1-User5,Week 1-User5,2iX1zNJBqgk2j4EIDozzWl,spotify:playlist:2iX1zNJBqgk2j4EIDozzWl,https://open.spotify.com/playlist/2iX1zNJBqgk2j4EIDozzWl,,aaaaysimaaaa,Aysima Karçaaltıncaba,True,False,0,AAAABf/Vrzdg5iXep0VVafC9QFKXsKZ1,30,29,2026-07-21T19:13:12Z,aaaaysimaaaa,primary_artist_monthly_listeners,346998,"346,998",Spotify public artist page,false,,35TLynakKhHyg7FcONAypo,spotify:track:35TLynakKhHyg7FcONAypo,https://open.spotify.com/track/35TLynakKhHyg7FcONAypo,Center of the Universe,track,2,1,326946,326.946,False,False,True,,https://api.spotify.com/v1/tracks/35TLynakKhHyg7FcONAypo,https://api.spotify.com/v1/tracks/35TLynakKhHyg7FcONAypo,,,GBAJE0201088,,,0eefIi91Qn1mp2rkf8B5go,spotify:album:0eefIi91Qn1mp2rkf8B5go,https://open.spotify.com/album/0eefIi91Qn1mp2rkf8B5go,Epica,album,,16,2003-03-03,day,,"C: 2007 Sanctuary Records Group Ltd., a BMG Company; P: 2002 Sanctuary Records Group Ltd., a BMG Company",,https://i.scdn.co/image/ab67616d0000b273496b8d7256360f2b237525d7,,7gTbq5nTZGQIUgjEGXQpOS,Kamelot,spotify:artist:7gTbq5nTZGQIUgjEGXQpOS,https://open.spotify.com/artist/7gTbq5nTZGQIUgjEGXQpOS,,,,346998,"346,998",false,Spotify public artist page,,https://i.scdn.co/image/ab6761610000e5eb05cfb3d751023418788b5ebc,,7gTbq5nTZGQIUgjEGXQpOS,Kamelot,https://open.spotify.com/artist/7gTbq5nTZGQIUgjEGXQpOS,"[{""artist_id"": ""7gTbq5nTZGQIUgjEGXQpOS"", ""artist_name"": ""Kamelot"", ""artist_url"": ""https://open.spotify.com/artist/7gTbq5nTZGQIUgjEGXQpOS"", ""monthly_listeners"": ""346998"", ""monthly_listeners_display"": ""346,998"", ""is_approx"": ""false"", ""fetch_error"": """"}]","[{""artist_id"": ""7gTbq5nTZGQIUgjEGXQpOS"", ""artist_name"": ""Kamelot"", ""artist_uri"": ""spotify:artist:7gTbq5nTZGQIUgjEGXQpOS"", ""artist_url"": ""https://open.spotify.com/artist/7gTbq5nTZGQIUgjEGXQpOS"", ""artist_type"": ""artist"", ""artist_genres"": """", ""artist_spotify_api_popularity"": """", ""artist_followers_total"": """", ""artist_image_url"": ""https://i.scdn.co/image/ab6761610000e5eb05cfb3d751023418788b5ebc"", ""artist_lookup_error"": """", ""artist_monthly_listeners"": ""346998"", ""artist_monthly_listeners_display"": ""346,998"", ""artist_monthly_listeners_is_approx"": ""false"", ""artist_monthly_listeners_source"": ""Spotify public artist page"", ""artist_monthly_listeners_fetch_error"": """"}]",0,,"{""spotify"": ""https://open.spotify.com/track/35TLynakKhHyg7FcONAypo""}",{}
week1_13july,2026-07-24T08:36:00+00:00,Spotify,Aysima Karçaaltıncaba,aaaaysimaaaa,Week1-User5,Week 1-User5,2iX1zNJBqgk2j4EIDozzWl,spotify:playlist:2iX1zNJBqgk2j4EIDozzWl,https://open.spotify.com/playlist/2iX1zNJBqgk2j4EIDozzWl,,aaaaysimaaaa,Aysima Karçaaltıncaba,True,False,0,AAAABf/Vrzdg5iXep0VVafC9QFKXsKZ1,30,30,2026-07-21T19:13:12Z,aaaaysimaaaa,primary_artist_monthly_listeners,49330,"49,330",Spotify public artist page,false,,31BIfWawTAEnp8KsAasy13,spotify:track:31BIfWawTAEnp8KsAasy13,https://open.spotify.com/track/31BIfWawTAEnp8KsAasy13,Mindtraveller,track,5,1,345573,345.573,False,False,True,,https://api.spotify.com/v1/tracks/31BIfWawTAEnp8KsAasy13,https://api.spotify.com/v1/tracks/31BIfWawTAEnp8KsAasy13,,,USMBR1309954,,,4j3Pe9H1HCpbunI1XdQWro,spotify:album:4j3Pe9H1HCpbunI1XdQWro,https://open.spotify.com/album/4j3Pe9H1HCpbunI1XdQWro,Falconer,album,,10,2001-05-08,day,,"C: (C) 2001 Metal Blade Records, Inc.; P: (P) 2001 Metal Blade Records, Inc.",,https://i.scdn.co/image/ab67616d0000b273c15f2c3144e86069239d51f5,,1UKdnbreQFDmPg3Mhcjhkr,Falconer,spotify:artist:1UKdnbreQFDmPg3Mhcjhkr,https://open.spotify.com/artist/1UKdnbreQFDmPg3Mhcjhkr,,,,49330,"49,330",false,Spotify public artist page,,https://i.scdn.co/image/ab6772690000c46c0c66276b714aef58cffe49b7,,1UKdnbreQFDmPg3Mhcjhkr,Falconer,https://open.spotify.com/artist/1UKdnbreQFDmPg3Mhcjhkr,"[{""artist_id"": ""1UKdnbreQFDmPg3Mhcjhkr"", ""artist_name"": ""Falconer"", ""artist_url"": ""https://open.spotify.com/artist/1UKdnbreQFDmPg3Mhcjhkr"", ""monthly_listeners"": ""49330"", ""monthly_listeners_display"": ""49,330"", ""is_approx"": ""false"", ""fetch_error"": """"}]","[{""artist_id"": ""1UKdnbreQFDmPg3Mhcjhkr"", ""artist_name"": ""Falconer"", ""artist_uri"": ""spotify:artist:1UKdnbreQFDmPg3Mhcjhkr"", ""artist_url"": ""https://open.spotify.com/artist/1UKdnbreQFDmPg3Mhcjhkr"", ""artist_type"": ""artist"", ""artist_genres"": """", ""artist_spotify_api_popularity"": """", ""artist_followers_total"": """", ""artist_image_url"": ""https://i.scdn.co/image/ab6772690000c46c0c66276b714aef58cffe49b7"", ""artist_lookup_error"": """", ""artist_monthly_listeners"": ""49330"", ""artist_monthly_listeners_display"": ""49,330"", ""artist_monthly_listeners_is_approx"": ""false"", ""artist_monthly_listeners_source"": ""Spotify public artist page"", ""artist_monthly_listeners_fetch_error"": """"}]",0,,"{""spotify"": ""https://open.spotify.com/track/31BIfWawTAEnp8KsAasy13""}",{}
week1_13july,2026-07-24T08:36:00+00:00,Spotify,Aysima Karçaaltıncaba,aaaaysimaaaa,Week1-User6,Week1-User6 ,1RNu19SNSendzk0U0m8DIW,spotify:playlist:1RNu19SNSendzk0U0m8DIW,https://open.spotify.com/playlist/1RNu19SNSendzk0U0m8DIW,,aaaaysimaaaa,Aysima Karçaaltıncaba,True,False,0,AAAABLhP8Z35CwXwBx+5buK9eMidbin3,30,1,2026-07-21T19:20:11Z,aaaaysimaaaa,primary_artist_monthly_listeners,3115408,"3,115,408",Spotify public artist page,false,,2VS1jveuhfU7Latlgfh62T,spotify:track:2VS1jveuhfU7Latlgfh62T,https://open.spotify.com/track/2VS1jveuhfU7Latlgfh62T,Fields of Verdun,track,9,1,197413,197.413,False,False,True,,https://api.spotify.com/v1/tracks/2VS1jveuhfU7Latlgfh62T,https://api.spotify.com/v1/tracks/2VS1jveuhfU7Latlgfh62T,,,SE2EG1900109,,,7FtCDX4COLE3HR2vBv7411,spotify:album:7FtCDX4COLE3HR2vBv7411,https://open.spotify.com/album/7FtCDX4COLE3HR2vBv7411,The Great War,album,,11,2019-07-19,day,,C: 2019 Nuclear Blast; P: 2019 Nuclear Blast,,https://i.scdn.co/image/ab67616d0000b273b37a2bb117c7ae30ee77b6bd,,3o2dn2O0FCVsWDFSh8qxgG,Sabaton,spotify:artist:3o2dn2O0FCVsWDFSh8qxgG,https://open.spotify.com/artist/3o2dn2O0FCVsWDFSh8qxgG,,,,3115408,"3,115,408",false,Spotify public artist page,,https://i.scdn.co/image/ab6761610000e5ebfc0524cca1171fac8678f4bf,,3o2dn2O0FCVsWDFSh8qxgG,Sabaton,https://open.spotify.com/artist/3o2dn2O0FCVsWDFSh8qxgG,"[{""artist_id"": ""3o2dn2O0FCVsWDFSh8qxgG"", ""artist_name"": ""Sabaton"", ""artist_url"": ""https://open.spotify.com/artist/3o2dn2O0FCVsWDFSh8qxgG"", ""monthly_listeners"": ""3115408"", ""monthly_listeners_display"": ""3,115,408"", ""is_approx"": ""false"", ""fetch_error"": """"}]","[{""artist_id"": ""3o2dn2O0FCVsWDFSh8qxgG"", ""artist_name"": ""Sabaton"", ""artist_uri"": ""spotify:artist:3o2dn2O0FCVsWDFSh8qxgG"", ""artist_url"": ""https://open.spotify.com/artist/3o2dn2O0FCVsWDFSh8qxgG"", ""artist_type"": ""artist"", ""artist_genres"": """", ""artist_spotify_api_popularity"": """", ""artist_followers_total"": """", ""artist_image_url"": ""https://i.scdn.co/image/ab6761610000e5ebfc0524cca1171fac8678f4bf"", ""artist_lookup_error"": """", ""artist_monthly_listeners"": ""3115408"", ""artist_monthly_listeners_display"": ""3,115,408"", ""artist_monthly_listeners_is_approx"": ""false"", ""artist_monthly_listeners_source"": ""Spotify public artist page"", ""artist_monthly_listeners_fetch_error"": """"}]",0,,"{""spotify"": ""https://open.spotify.com/track/2VS1jveuhfU7Latlgfh62T""}",{}
week1_13july,2026-07-24T08:36:00+00:00,Spotify,Aysima Karçaaltıncaba,aaaaysimaaaa,Week1-User6,Week1-User6 ,1RNu19SNSendzk0U0m8DIW,spotify:playlist:1RNu19SNSendzk0U0m8DIW,https://open.spotify.com/playlist/1RNu19SNSendzk0U0m8DIW,,aaaaysimaaaa,Aysima Karçaaltıncaba,True,False,0,AAAABLhP8Z35CwXwBx+5buK9eMidbin3,30,2,2026-07-21T19:20:11Z,aaaaysimaaaa,primary_artist_monthly_listeners,858884,"858,884",Spotify public artist page,false,,7K8tplxNrEPRR2wcc6y0xT,spotify:track:7K8tplxNrEPRR2wcc6y0xT,https://open.spotify.com/track/7K8tplxNrEPRR2wcc6y0xT,At the End of the Rainbow,track,6,1,245973,245.973,False,False,True,,https://api.spotify.com/v1/tracks/7K8tplxNrEPRR2wcc6y0xT,https://api.spotify.com/v1/tracks/7K8tplxNrEPRR2wcc6y0xT,,,DED839841606,,,4uy63xsAGgdSx0mXaQ1lfl,spotify:album:4uy63xsAGgdSx0mXaQ1lfl,https://open.spotify.com/album/4uy63xsAGgdSx0mXaQ1lfl,Legacy of Kings,album,,10,1998-09-28,day,,"C: 1998 HammerFall Managament, under exclusive license to Nuclear Blast GmbH; P: 1998 HammerFall Managament, under exclusive license to Nuclear Blast GmbH",,https://i.scdn.co/image/ab67616d0000b273c74508076e95a160cf40643f,,2o18h28enlHxj887tATc58,HammerFall,spotify:artist:2o18h28enlHxj887tATc58,https://open.spotify.com/artist/2o18h28enlHxj887tATc58,,,,858884,"858,884",false,Spotify public artist page,,https://i.scdn.co/image/ab6761610000e5eb9a0164f238589f0c0ca31088,,2o18h28enlHxj887tATc58,HammerFall,https://open.spotify.com/artist/2o18h28enlHxj887tATc58,"[{""artist_id"": ""2o18h28enlHxj887tATc58"", ""artist_name"": ""HammerFall"", ""artist_url"": ""https://open.spotify.com/artist/2o18h28enlHxj887tATc58"", ""monthly_listeners"": ""858884"", ""monthly_listeners_display"": ""858,884"", ""is_approx"": ""false"", ""fetch_error"": """"}]","[{""artist_id"": ""2o18h28enlHxj887tATc58"", ""artist_name"": ""HammerFall"", ""artist_uri"": ""spotify:artist:2o18h28enlHxj887tATc58"", ""artist_url"": ""https://open.spotify.com/artist/2o18h28enlHxj887tATc58"", ""artist_type"": ""artist"", ""artist_genres"": """", ""artist_spotify_api_popularity"": """", ""artist_followers_total"": """", ""artist_image_url"": ""https://i.scdn.co/image/ab6761610000e5eb9a0164f238589f0c0ca31088"", ""artist_lookup_error"": """", ""artist_monthly_listeners"": ""858884"", ""artist_monthly_listeners_display"": ""858,884"", ""artist_monthly_listeners_is_approx"": ""false"", ""artist_monthly_listeners_source"": ""Spotify public artist page"", ""artist_monthly_listeners_fetch_error"": """"}]",0,,"{""spotify"": ""https://open.spotify.com/track/7K8tplxNrEPRR2wcc6y0xT""}",{}
week1_13july,2026-07-24T08:36:00+00:00,Spotify,Aysima Karçaaltıncaba,aaaaysimaaaa,Week1-User6,Week1-User6 ,1RNu19SNSendzk0U0m8DIW,spotify:playlist:1RNu19SNSendzk0U0m8DIW,https://open.spotify.com/playlist/1RNu19SNSendzk0U0m8DIW,,aaaaysimaaaa,Aysima Karçaaltıncaba,True,False,0,AAAABLhP8Z35CwXwBx+5buK9eMidbin3,30,3,2026-07-21T19:20:11Z,aaaaysimaaaa,primary_artist_monthly_listeners,57678,"57,678",Spotify public artist page,false,,4mJmi9z3o1B6k2vry39Ufh,spotify:track:4mJmi9z3o1B6k2vry39Ufh,https://open.spotify.com/track/4mJmi9z3o1B6k2vry39Ufh,Heavy Metal Never Dies,track,5,1,254386,254.386,False,False,True,,https://api.spotify.com/v1/tracks/4mJmi9z3o1B6k2vry39Ufh,https://api.spotify.com/v1/tracks/4mJmi9z3o1B6k2vry39Ufh,,,DEU601103715,,,2UhgoMIFgbaiLHuiB0qjHU,spotify:album:2UhgoMIFgbaiLHuiB0qjHU,https://open.spotify.com/album/2UhgoMIFgbaiLHuiB0qjHU,The Landing,album,,11,2011-11-18,day,,C: 2011 AFM Records; P: 2011 AFM Records,,https://i.scdn.co/image/ab67616d0000b27396cd0b3287f32ec509c46fed,,6COmyouHXwCeIGS1IFd1PA,Iron Savior,spotify:artist:6COmyouHXwCeIGS1IFd1PA,https://open.spotify.com/artist/6COmyouHXwCeIGS1IFd1PA,,,,57678,"57,678",false,Spotify public artist page,,https://i.scdn.co/image/ab6761610000e5ebb3e6e0ca2f30c6aefc2363ae,,6COmyouHXwCeIGS1IFd1PA,Iron Savior,https://open.spotify.com/artist/6COmyouHXwCeIGS1IFd1PA,"[{""artist_id"": ""6COmyouHXwCeIGS1IFd1PA"", ""artist_name"": ""Iron Savior"", ""artist_url"": ""https://open.spotify.com/artist/6COmyouHXwCeIGS1IFd1PA"", ""monthly_listeners"": ""57678"", ""monthly_listeners_display"": ""57,678"", ""is_approx"": ""false"", ""fetch_error"": """"}]","[{""artist_id"": ""6COmyouHXwCeIGS1IFd1PA"", ""artist_name"": ""Iron Savior"", ""artist_uri"": ""spotify:artist:6COmyouHXwCeIGS1IFd1PA"", ""artist_url"": ""https://open.spotify.com/artist/6COmyouHXwCeIGS1IFd1PA"", ""artist_type"": ""artist"", ""artist_genres"": """", ""artist_spotify_api_popularity"": """", ""artist_followers_total"": """", ""artist_image_url"": ""https://i.scdn.co/image/ab6761610000e5ebb3e6e0ca2f30c6aefc2363ae"", ""artist_lookup_error"": """", ""artist_monthly_listeners"": ""57678"", ""artist_monthly_listeners_display"": ""57,678"", ""artist_monthly_listeners_is_approx"": ""false"", ""artist_monthly_listeners_source"": ""Spotify public artist page"", ""artist_monthly_listeners_fetch_error"": """"}]",0,,"{""spotify"": ""https://open.spotify.com/track/4mJmi9z3o1B6k2vry39Ufh""}",{}
week1_13july,2026-07-24T08:36:00+00:00,Spotify,Aysima Karçaaltıncaba,aaaaysimaaaa,Week1-User6,Week1-User6 ,1RNu19SNSendzk0U0m8DIW,spotify:playlist:1RNu19SNSendzk0U0m8DIW,https://open.spotify.com/playlist/1RNu19SNSendzk0U0m8DIW,,aaaaysimaaaa,Aysima Karçaaltıncaba,True,False,0,AAAABLhP8Z35CwXwBx+5buK9eMidbin3,30,4,2026-07-21T19:20:11Z,aaaaysimaaaa,primary_artist_monthly_listeners,53997,"53,997",Spotify public artist page,false,,3hfgxj1PpTUUdgU0P8Nt7e,spotify:track:3hfgxj1PpTUUdgU0P8Nt7e,https://open.spotify.com/track/3hfgxj1PpTUUdgU0P8Nt7e,Down from the Mountain,track,2,1,246295,246.295,False,False,True,,https://api.spotify.com/v1/tracks/3hfgxj1PpTUUdgU0P8Nt7e,https://api.spotify.com/v1/tracks/3hfgxj1PpTUUdgU0P8Nt7e,,,ITG271400092,,,7hoWTaACeZE1m9HSYY73aS,spotify:album:7hoWTaACeZE1m9HSYY73aS,https://open.spotify.com/album/7hoWTaACeZE1m9HSYY73aS,The Great Divide,album,,10,2014-10-17,day,,C: (C) 2014 Frontiers Records,,https://i.scdn.co/image/ab67616d0000b27309cd30cabc7f20c982de226c,,2hxa4ytcni5FUIK8IR27tX,Allen Lande,spotify:artist:2hxa4ytcni5FUIK8IR27tX,https://open.spotify.com/artist/2hxa4ytcni5FUIK8IR27tX,,,,53997,"53,997",false,Spotify public artist page,,https://i.scdn.co/image/ab67616d0000b27309cd30cabc7f20c982de226c,,2hxa4ytcni5FUIK8IR27tX,Allen Lande,https://open.spotify.com/artist/2hxa4ytcni5FUIK8IR27tX,"[{""artist_id"": ""2hxa4ytcni5FUIK8IR27tX"", ""artist_name"": ""Allen Lande"", ""artist_url"": ""https://open.spotify.com/artist/2hxa4ytcni5FUIK8IR27tX"", ""monthly_listeners"": ""53997"", ""monthly_listeners_display"": ""53,997"", ""is_approx"": ""false"", ""fetch_error"": """"}]","[{""artist_id"": ""2hxa4ytcni5FUIK8IR27tX"", ""artist_name"": ""Allen Lande"", ""artist_uri"": ""spotify:artist:2hxa4ytcni5FUIK8IR27tX"", ""artist_url"": ""https://open.spotify.com/artist/2hxa4ytcni5FUIK8IR27tX"", ""artist_type"": ""artist"", ""artist_genres"": """", ""artist_spotify_api_popularity"": """", ""artist_followers_total"": """", ""artist_image_url"": ""https://i.scdn.co/image/ab67616d0000b27309cd30cabc7f20c982de226c"", ""artist_lookup_error"": """", ""artist_monthly_listeners"": ""53997"", ""artist_monthly_listeners_display"": ""53,997"", ""artist_monthly_listeners_is_approx"": ""false"", ""artist_monthly_listeners_source"": ""Spotify public artist page"", ""artist_monthly_listeners_fetch_error"": """"}]",0,,"{""spotify"": ""https://open.spotify.com/track/3hfgxj1PpTUUdgU0P8Nt7e""}",{}
week1_13july,2026-07-24T08:36:00+00:00,Spotify,Aysima Karçaaltıncaba,aaaaysimaaaa,Week1-User6,Week1-User6 ,1RNu19SNSendzk0U0m8DIW,spotify:playlist:1RNu19SNSendzk0U0m8DIW,https://open.spotify.com/playlist/1RNu19SNSendzk0U0m8DIW,,aaaaysimaaaa,Aysima Karçaaltıncaba,True,False,0,AAAABLhP8Z35CwXwBx+5buK9eMidbin3,30,5,2026-07-21T19:20:11Z,aaaaysimaaaa,primary_artist_monthly_listeners,25447,"25,447",Spotify public artist page,false,,09OnB8xeghs8FRnu4dJKmU,spotify:track:09OnB8xeghs8FRnu4dJKmU,https://open.spotify.com/track/09OnB8xeghs8FRnu4dJKmU,Still Alive,track,3,1,242626,242.626,False,False,True,,https://api.spotify.com/v1/tracks/09OnB8xeghs8FRnu4dJKmU,https://api.spotify.com/v1/tracks/09OnB8xeghs8FRnu4dJKmU,,,US4E40529203,,,4QMOKIrJCvPTwbimx6uB26,spotify:album:4QMOKIrJCvPTwbimx6uB26,https://open.spotify.com/album/4QMOKIrJCvPTwbimx6uB26,Grand Illusion,album,,10,2006-07-13,day,,P: (P) 2005 Century Media Records Ltd.,,https://i.scdn.co/image/ab67616d0000b273d43cad94e8d49fd67f0c8928,,0dSoaJ8iEP3aid30p18O2g,Nocturnal Rites,spotify:artist:0dSoaJ8iEP3aid30p18O2g,https://open.spotify.com/artist/0dSoaJ8iEP3aid30p18O2g,,,,25447,"25,447",false,Spotify public artist page,,https://i.scdn.co/image/ab6772690000c46c16a47c3d98bb7ee498dfcc48,,0dSoaJ8iEP3aid30p18O2g,Nocturnal Rites,https://open.spotify.com/artist/0dSoaJ8iEP3aid30p18O2g,"[{""artist_id"": ""0dSoaJ8iEP3aid30p18O2g"", ""artist_name"": ""Nocturnal Rites"", ""artist_url"": ""https://open.spotify.com/artist/0dSoaJ8iEP3aid30p18O2g"", ""monthly_listeners"": ""25447"", ""monthly_listeners_display"": ""25,447"", ""is_approx"": ""false"", ""fetch_error"": """"}]","[{""artist_id"": ""0dSoaJ8iEP3aid30p18O2g"", ""artist_name"": ""Nocturnal Rites"", ""artist_uri"": ""spotify:artist:0dSoaJ8iEP3aid30p18O2g"", ""artist_url"": ""https://open.spotify.com/artist/0dSoaJ8iEP3aid30p18O2g"", ""artist_type"": ""artist"", ""artist_genres"": """", ""artist_spotify_api_popularity"": """", ""artist_followers_total"": """", ""artist_image_url"": ""https://i.scdn.co/image/ab6772690000c46c16a47c3d98bb7ee498dfcc48"", ""artist_lookup_error"": """", ""artist_monthly_listeners"": ""25447"", ""artist_monthly_listeners_display"": ""25,447"", ""artist_monthly_listeners_is_approx"": ""false"", ""artist_monthly_listeners_source"": ""Spotify public artist page"", ""artist_monthly_listeners_fetch_error"": """"}]",0,,"{""spotify"": ""https://open.spotify.com/track/09OnB8xeghs8FRnu4dJKmU""}",{}
week1_13july,2026-07-24T08:36:00+00:00,Spotify,Aysima Karçaaltıncaba,aaaaysimaaaa,Week1-User6,Week1-User6 ,1RNu19SNSendzk0U0m8DIW,spotify:playlist:1RNu19SNSendzk0U0m8DIW,https://open.spotify.com/playlist/1RNu19SNSendzk0U0m8DIW,,aaaaysimaaaa,Aysima Karçaaltıncaba,True,False,0,AAAABLhP8Z35CwXwBx+5buK9eMidbin3,30,6,2026-07-21T19:20:11Z,aaaaysimaaaa,primary_artist_monthly_listeners,105691,"105,691",Spotify public artist page,false,,0V2Jge35CQn1Hc9hNBmdbm,spotify:track:0V2Jge35CQn1Hc9hNBmdbm,https://open.spotify.com/track/0V2Jge35CQn1Hc9hNBmdbm,The End Is Near,track,2,1,266964,266.964,False,False,True,,https://api.spotify.com/v1/tracks/0V2Jge35CQn1Hc9hNBmdbm,https://api.spotify.com/v1/tracks/0V2Jge35CQn1Hc9hNBmdbm,,,ITG271600027,,,4Y726zsgHLeScKFCe8CgeL,spotify:album:4Y726zsgHLeScKFCe8CgeL,https://open.spotify.com/album/4Y726zsgHLeScKFCe8CgeL,Rulebreaker,album,,14,2016-01-29,day,,C: (C) 2016 Reigning Phoenix Music; P: (P) 2016 Reigning Phoenix Music,,https://i.scdn.co/image/ab67616d0000b273f697ada0466f413cacf8052a,,1yfiDL3YUEJlQCgb5Pun6g,Primal Fear,spotify:artist:1yfiDL3YUEJlQCgb5Pun6g,https://open.spotify.com/artist/1yfiDL3YUEJlQCgb5Pun6g,,,,105691,"105,691",false,Spotify public artist page,,https://i.scdn.co/image/ab6761610000e5ebd8360d0ed8fe9dd3fd04fb45,,1yfiDL3YUEJlQCgb5Pun6g,Primal Fear,https://open.spotify.com/artist/1yfiDL3YUEJlQCgb5Pun6g,"[{""artist_id"": ""1yfiDL3YUEJlQCgb5Pun6g"", ""artist_name"": ""Primal Fear"", ""artist_url"": ""https://open.spotify.com/artist/1yfiDL3YUEJlQCgb5Pun6g"", ""monthly_listeners"": ""105691"", ""monthly_listeners_display"": ""105,691"", ""is_approx"": ""false"", ""fetch_error"": """"}]","[{""artist_id"": ""1yfiDL3YUEJlQCgb5Pun6g"", ""artist_name"": ""Primal Fear"", ""artist_uri"": ""spotify:artist:1yfiDL3YUEJlQCgb5Pun6g"", ""artist_url"": ""https://open.spotify.com/artist/1yfiDL3YUEJlQCgb5Pun6g"", ""artist_type"": ""artist"", ""artist_genres"": """", ""artist_spotify_api_popularity"": """", ""artist_followers_total"": """", ""artist_image_url"": ""https://i.scdn.co/image/ab6761610000e5ebd8360d0ed8fe9dd3fd04fb45"", ""artist_lookup_error"": """", ""artist_monthly_listeners"": ""105691"", ""artist_monthly_listeners_display"": ""105,691"", ""artist_monthly_listeners_is_approx"": ""false"", ""artist_monthly_listeners_source"": ""Spotify public artist page"", ""artist_monthly_listeners_fetch_error"": """"}]",0,,"{""spotify"": ""https://open.spotify.com/track/0V2Jge35CQn1Hc9hNBmdbm""}",{}
week1_13july,2026-07-24T08:36:00+00:00,Spotify,Aysima Karçaaltıncaba,aaaaysimaaaa,Week1-User6,Week1-User6 ,1RNu19SNSendzk0U0m8DIW,spotify:playlist:1RNu19SNSendzk0U0m8DIW,https://open.spotify.com/playlist/1RNu19SNSendzk0U0m8DIW,,aaaaysimaaaa,Aysima Karçaaltıncaba,True,False,0,AAAABLhP8Z35CwXwBx+5buK9eMidbin3,30,7,2026-07-21T19:20:11Z,aaaaysimaaaa,primary_artist_monthly_listeners,28965,"28,965",Spotify public artist page,false,,7fkcqrzdbgIa4vthgYN3vs,spotify:track:7fkcqrzdbgIa4vthgYN3vs,https://open.spotify.com/track/7fkcqrzdbgIa4vthgYN3vs,Unisonic,track,1,1,205866,205.866,False,False,True,,https://api.spotify.com/v1/tracks/7fkcqrzdbgIa4vthgYN3vs,https://api.spotify.com/v1/tracks/7fkcqrzdbgIa4vthgYN3vs,,,DEH841200037,,,0Z0DLUUAsIS4S4pW6ranLi,spotify:album:0Z0DLUUAsIS4S4pW6ranLi,https://open.spotify.com/album/0Z0DLUUAsIS4S4pW6ranLi,Unisonic,album,,11,2012-03-30,day,,C: 2012 Edel Germany GmbH. earMUSIC is a project of Edel.; P: 2012 Edel Germany GmbH. earMUSIC is a project of Edel.,,https://i.scdn.co/image/ab67616d0000b2733d82320d77736ca6dc12d413,,3DDcmHnwKjM4sQ8qm34JMU,Unisonic,spotify:artist:3DDcmHnwKjM4sQ8qm34JMU,https://open.spotify.com/artist/3DDcmHnwKjM4sQ8qm34JMU,,,,28965,"28,965",false,Spotify public artist page,,https://i.scdn.co/image/ab6761610000e5eb0be750ff9272422d98f971b0,,3DDcmHnwKjM4sQ8qm34JMU,Unisonic,https://open.spotify.com/artist/3DDcmHnwKjM4sQ8qm34JMU,"[{""artist_id"": ""3DDcmHnwKjM4sQ8qm34JMU"", ""artist_name"": ""Unisonic"", ""artist_url"": ""https://open.spotify.com/artist/3DDcmHnwKjM4sQ8qm34JMU"", ""monthly_listeners"": ""28965"", ""monthly_listeners_display"": ""28,965"", ""is_approx"": ""false"", ""fetch_error"": """"}]","[{""artist_id"": ""3DDcmHnwKjM4sQ8qm34JMU"", ""artist_name"": ""Unisonic"", ""artist_uri"": ""spotify:artist:3DDcmHnwKjM4sQ8qm34JMU"", ""artist_url"": ""https://open.spotify.com/artist/3DDcmHnwKjM4sQ8qm34JMU"", ""artist_type"": ""artist"", ""artist_genres"": """", ""artist_spotify_api_popularity"": """", ""artist_followers_total"": """", ""artist_image_url"": ""https://i.scdn.co/image/ab6761610000e5eb0be750ff9272422d98f971b0"", ""artist_lookup_error"": """", ""artist_monthly_listeners"": ""28965"", ""artist_monthly_listeners_display"": ""28,965"", ""artist_monthly_listeners_is_approx"": ""false"", ""artist_monthly_listeners_source"": ""Spotify public artist page"", ""artist_monthly_listeners_fetch_error"": """"}]",0,,"{""spotify"": ""https://open.spotify.com/track/7fkcqrzdbgIa4vthgYN3vs""}",{}
week1_13july,2026-07-24T08:36:00+00:00,Spotify,Aysima Karçaaltıncaba,aaaaysimaaaa,Week1-User6,Week1-User6 ,1RNu19SNSendzk0U0m8DIW,spotify:playlist:1RNu19SNSendzk0U0m8DIW,https://open.spotify.com/playlist/1RNu19SNSendzk0U0m8DIW,,aaaaysimaaaa,Aysima Karçaaltıncaba,True,False,0,AAAABLhP8Z35CwXwBx+5buK9eMidbin3,30,8,2026-07-21T19:20:11Z,aaaaysimaaaa,primary_artist_monthly_listeners,74393,"74,393",Spotify public artist page,false,,1P5B3ARqjPkB9yCNPZq9jV,spotify:track:1P5B3ARqjPkB9yCNPZq9jV,https://open.spotify.com/track/1P5B3ARqjPkB9yCNPZq9jV,Rebellion (The Clans Are Marching) - Remastered Version,track,11,1,244760,244.760,False,False,True,,https://api.spotify.com/v1/tracks/1P5B3ARqjPkB9yCNPZq9jV,https://api.spotify.com/v1/tracks/1P5B3ARqjPkB9yCNPZq9jV,,,DEC760600331,,,4ZNfzHslrjITU8iqfzCAL8,spotify:album:4ZNfzHslrjITU8iqfzCAL8,https://open.spotify.com/album/4ZNfzHslrjITU8iqfzCAL8,Tunes Of War (Remastered 2006),album,,13,1996,year,,"P: (P) 2006 GUN Records GmbH, A Unit Of SONY BMG MUSIC ENTERTAINMENT (GERMANY) GmbH",,https://i.scdn.co/image/ab67616d0000b2735d5ef12b8c86299ec4e16f7c,,6mfghV4I1CD17FOhDKq7cJ,Grave Digger,spotify:artist:6mfghV4I1CD17FOhDKq7cJ,https://open.spotify.com/artist/6mfghV4I1CD17FOhDKq7cJ,,,,74393,"74,393",false,Spotify public artist page,,https://i.scdn.co/image/ab6761610000e5eb5b4d967b77ad0ffbd0d70013,,6mfghV4I1CD17FOhDKq7cJ,Grave Digger,https://open.spotify.com/artist/6mfghV4I1CD17FOhDKq7cJ,"[{""artist_id"": ""6mfghV4I1CD17FOhDKq7cJ"", ""artist_name"": ""Grave Digger"", ""artist_url"": ""https://open.spotify.com/artist/6mfghV4I1CD17FOhDKq7cJ"", ""monthly_listeners"": ""74393"", ""monthly_listeners_display"": ""74,393"", ""is_approx"": ""false"", ""fetch_error"": """"}]","[{""artist_id"": ""6mfghV4I1CD17FOhDKq7cJ"", ""artist_name"": ""Grave Digger"", ""artist_uri"": ""spotify:artist:6mfghV4I1CD17FOhDKq7cJ"", ""artist_url"": ""https://open.spotify.com/artist/6mfghV4I1CD17FOhDKq7cJ"", ""artist_type"": ""artist"", ""artist_genres"": """", ""artist_spotify_api_popularity"": """", ""artist_followers_total"": """", ""artist_image_url"": ""https://i.scdn.co/image/ab6761610000e5eb5b4d967b77ad0ffbd0d70013"", ""artist_lookup_error"": """", ""artist_monthly_listeners"": ""74393"", ""artist_monthly_listeners_display"": ""74,393"", ""artist_monthly_listeners_is_approx"": ""false"", ""artist_monthly_listeners_source"": ""Spotify public artist page"", ""artist_monthly_listeners_fetch_error"": """"}]",0,,"{""spotify"": ""https://open.spotify.com/track/1P5B3ARqjPkB9yCNPZq9jV""}",{}
week1_13july,2026-07-24T08:36:00+00:00,Spotify,Aysima Karçaaltıncaba,aaaaysimaaaa,Week1-User6,Week1-User6 ,1RNu19SNSendzk0U0m8DIW,spotify:playlist:1RNu19SNSendzk0U0m8DIW,https://open.spotify.com/playlist/1RNu19SNSendzk0U0m8DIW,,aaaaysimaaaa,Aysima Karçaaltıncaba,True,False,0,AAAABLhP8Z35CwXwBx+5buK9eMidbin3,30,9,2026-07-21T19:20:11Z,aaaaysimaaaa,primary_artist_monthly_listeners,295782,"295,782",Spotify public artist page,false,,5WEqHNtlbM2mv4k7u9DB4Y,spotify:track:5WEqHNtlbM2mv4k7u9DB4Y,https://open.spotify.com/track/5WEqHNtlbM2mv4k7u9DB4Y,Nosferatu,track,3,1,383626,383.626,False,False,True,,https://api.spotify.com/v1/tracks/5WEqHNtlbM2mv4k7u9DB4Y,https://api.spotify.com/v1/tracks/5WEqHNtlbM2mv4k7u9DB4Y,,,DEU601103546,,,7bw6R2kPVyTRru6808YbIX,spotify:album:7bw6R2kPVyTRru6808YbIX,https://open.spotify.com/album/7bw6R2kPVyTRru6808YbIX,Nosferatu,album,,13,2006-01-31,day,,C: 2006 AFM Records; P: 2006 AFM Records,,https://i.scdn.co/image/ab67616d0000b2738f76138292757fcf7102ae9f,,6nf7iwR6AoROxfUKZWd1r6,Bloodbound,spotify:artist:6nf7iwR6AoROxfUKZWd1r6,https://open.spotify.com/artist/6nf7iwR6AoROxfUKZWd1r6,,,,295782,"295,782",false,Spotify public artist page,,https://i.scdn.co/image/ab6761610000e5ebe01c687c2c587f7c43dd0729,,6nf7iwR6AoROxfUKZWd1r6,Bloodbound,https://open.spotify.com/artist/6nf7iwR6AoROxfUKZWd1r6,"[{""artist_id"": ""6nf7iwR6AoROxfUKZWd1r6"", ""artist_name"": ""Bloodbound"", ""artist_url"": ""https://open.spotify.com/artist/6nf7iwR6AoROxfUKZWd1r6"", ""monthly_listeners"": ""295782"", ""monthly_listeners_display"": ""295,782"", ""is_approx"": ""false"", ""fetch_error"": """"}]","[{""artist_id"": ""6nf7iwR6AoROxfUKZWd1r6"", ""artist_name"": ""Bloodbound"", ""artist_uri"": ""spotify:artist:6nf7iwR6AoROxfUKZWd1r6"", ""artist_url"": ""https://open.spotify.com/artist/6nf7iwR6AoROxfUKZWd1r6"", ""artist_type"": ""artist"", ""artist_genres"": """", ""artist_spotify_api_popularity"": """", ""artist_followers_total"": """", ""artist_image_url"": ""https://i.scdn.co/image/ab6761610000e5ebe01c687c2c587f7c43dd0729"", ""artist_lookup_error"": """", ""artist_monthly_listeners"": ""295782"", ""artist_monthly_listeners_display"": ""295,782"", ""artist_monthly_listeners_is_approx"": ""false"", ""artist_monthly_listeners_source"": ""Spotify public artist page"", ""artist_monthly_listeners_fetch_error"": """"}]",0,,"{""spotify"": ""https://open.spotify.com/track/5WEqHNtlbM2mv4k7u9DB4Y""}",{}
week1_13july,2026-07-24T08:36:00+00:00,Spotify,Aysima Karçaaltıncaba,aaaaysimaaaa,Week1-User6,Week1-User6 ,1RNu19SNSendzk0U0m8DIW,spotify:playlist:1RNu19SNSendzk0U0m8DIW,https://open.spotify.com/playlist/1RNu19SNSendzk0U0m8DIW,,aaaaysimaaaa,Aysima Karçaaltıncaba,True,False,0,AAAABLhP8Z35CwXwBx+5buK9eMidbin3,30,10,2026-07-21T19:20:11Z,aaaaysimaaaa,primary_artist_monthly_listeners,167499,"167,499",Spotify public artist page,false,,07Vk1JPd5MgBJxdrMpnLNh,spotify:track:07Vk1JPd5MgBJxdrMpnLNh,https://open.spotify.com/track/07Vk1JPd5MgBJxdrMpnLNh,The Book of Heavy Metal (March of the Metallians),track,1,1,325800,325.800,False,False,True,,https://api.spotify.com/v1/tracks/07Vk1JPd5MgBJxdrMpnLNh,https://api.spotify.com/v1/tracks/07Vk1JPd5MgBJxdrMpnLNh,,,GBDHC0405261,,,6ZWMfxSgjm7dlS6jbypNDW,spotify:album:6ZWMfxSgjm7dlS6jbypNDW,https://open.spotify.com/album/6ZWMfxSgjm7dlS6jbypNDW,The Book of Heavy Metal,album,,12,2004-07-13,day,,P: (P) 2004 Century Media Records Ltd.,,https://i.scdn.co/image/ab67616d0000b2735e63fac5984dc516623ed0bc,,1bkf8u8ot6vEpWTJFBzKZB,Dream Evil,spotify:artist:1bkf8u8ot6vEpWTJFBzKZB,https://open.spotify.com/artist/1bkf8u8ot6vEpWTJFBzKZB,,,,167499,"167,499",false,Spotify public artist page,,https://i.scdn.co/image/ab6761610000e5eb68620704b0615991995f22c5,,1bkf8u8ot6vEpWTJFBzKZB,Dream Evil,https://open.spotify.com/artist/1bkf8u8ot6vEpWTJFBzKZB,"[{""artist_id"": ""1bkf8u8ot6vEpWTJFBzKZB"", ""artist_name"": ""Dream Evil"", ""artist_url"": ""https://open.spotify.com/artist/1bkf8u8ot6vEpWTJFBzKZB"", ""monthly_listeners"": ""167499"", ""monthly_listeners_display"": ""167,499"", ""is_approx"": ""false"", ""fetch_error"": """"}]","[{""artist_id"": ""1bkf8u8ot6vEpWTJFBzKZB"", ""artist_name"": ""Dream Evil"", ""artist_uri"": ""spotify:artist:1bkf8u8ot6vEpWTJFBzKZB"", ""artist_url"": ""https://open.spotify.com/artist/1bkf8u8ot6vEpWTJFBzKZB"", ""artist_type"": ""artist"", ""artist_genres"": """", ""artist_spotify_api_popularity"": """", ""artist_followers_total"": """", ""artist_image_url"": ""https://i.scdn.co/image/ab6761610000e5eb68620704b0615991995f22c5"", ""artist_lookup_error"": """", ""artist_monthly_listeners"": ""167499"", ""artist_monthly_listeners_display"": ""167,499"", ""artist_monthly_listeners_is_approx"": ""false"", ""artist_monthly_listeners_source"": ""Spotify public artist page"", ""artist_monthly_listeners_fetch_error"": """"}]",0,,"{""spotify"": ""https://open.spotify.com/track/07Vk1JPd5MgBJxdrMpnLNh""}",{}
week1_13july,2026-07-24T08:36:00+00:00,Spotify,Aysima Karçaaltıncaba,aaaaysimaaaa,Week1-User6,Week1-User6 ,1RNu19SNSendzk0U0m8DIW,spotify:playlist:1RNu19SNSendzk0U0m8DIW,https://open.spotify.com/playlist/1RNu19SNSendzk0U0m8DIW,,aaaaysimaaaa,Aysima Karçaaltıncaba,True,False,0,AAAABLhP8Z35CwXwBx+5buK9eMidbin3,30,11,2026-07-21T19:20:11Z,aaaaysimaaaa,primary_artist_monthly_listeners,845438,"845,438",Spotify public artist page,false,,7ht4SHDXCtttLSabtIQ9XA,spotify:track:7ht4SHDXCtttLSabtIQ9XA,https://open.spotify.com/track/7ht4SHDXCtttLSabtIQ9XA,Eagleheart,track,1,1,230266,230.266,False,False,True,,https://api.spotify.com/v1/tracks/7ht4SHDXCtttLSabtIQ9XA,https://api.spotify.com/v1/tracks/7ht4SHDXCtttLSabtIQ9XA,,,DEH841400420,,,1uHpdAzzpIgZTJTheEEla0,spotify:album:1uHpdAzzpIgZTJTheEEla0,https://open.spotify.com/album/1uHpdAzzpIgZTJTheEEla0,"Elements, Pt. 1&2 (Complete Edition)",album,,28,2014-12-05,day,,C: 2014 Stratovarius under exclusive license to Odyssey Music Network GmbH; P: 2014 Stratovarius under exclusive license to Odyssey Music Network GmbH,,https://i.scdn.co/image/ab67616d0000b273fd2b926eaeca0064d2efb24d,,1O8CSXsPwEqxcoBE360PPO,Stratovarius,spotify:artist:1O8CSXsPwEqxcoBE360PPO,https://open.spotify.com/artist/1O8CSXsPwEqxcoBE360PPO,,,,845438,"845,438",false,Spotify public artist page,,https://i.scdn.co/image/ab6761610000e5eb4733f393ad04f47b31edaadb,,1O8CSXsPwEqxcoBE360PPO,Stratovarius,https://open.spotify.com/artist/1O8CSXsPwEqxcoBE360PPO,"[{""artist_id"": ""1O8CSXsPwEqxcoBE360PPO"", ""artist_name"": ""Stratovarius"", ""artist_url"": ""https://open.spotify.com/artist/1O8CSXsPwEqxcoBE360PPO"", ""monthly_listeners"": ""845438"", ""monthly_listeners_display"": ""845,438"", ""is_approx"": ""false"", ""fetch_error"": """"}]","[{""artist_id"": ""1O8CSXsPwEqxcoBE360PPO"", ""artist_name"": ""Stratovarius"", ""artist_uri"": ""spotify:artist:1O8CSXsPwEqxcoBE360PPO"", ""artist_url"": ""https://open.spotify.com/artist/1O8CSXsPwEqxcoBE360PPO"", ""artist_type"": ""artist"", ""artist_genres"": """", ""artist_spotify_api_popularity"": """", ""artist_followers_total"": """", ""artist_image_url"": ""https://i.scdn.co/image/ab6761610000e5eb4733f393ad04f47b31edaadb"", ""artist_lookup_error"": """", ""artist_monthly_listeners"": ""845438"", ""artist_monthly_listeners_display"": ""845,438"", ""artist_monthly_listeners_is_approx"": ""false"", ""artist_monthly_listeners_source"": ""Spotify public artist page"", ""artist_monthly_listeners_fetch_error"": """"}]",0,,"{""spotify"": ""https://open.spotify.com/track/7ht4SHDXCtttLSabtIQ9XA""}",{}
week1_13july,2026-07-24T08:36:00+00:00,Spotify,Aysima Karçaaltıncaba,aaaaysimaaaa,Week1-User6,Week1-User6 ,1RNu19SNSendzk0U0m8DIW,spotify:playlist:1RNu19SNSendzk0U0m8DIW,https://open.spotify.com/playlist/1RNu19SNSendzk0U0m8DIW,,aaaaysimaaaa,Aysima Karçaaltıncaba,True,False,0,AAAABLhP8Z35CwXwBx+5buK9eMidbin3,30,12,2026-07-21T19:20:11Z,aaaaysimaaaa,primary_artist_monthly_listeners,28922,"28,922",Spotify public artist page,false,,1rfztlEkSrTzBbHz7xRC29,spotify:track:1rfztlEkSrTzBbHz7xRC29,https://open.spotify.com/track/1rfztlEkSrTzBbHz7xRC29,Back for More,track,4,1,262320,262.320,False,False,True,,https://api.spotify.com/v1/tracks/1rfztlEkSrTzBbHz7xRC29,https://api.spotify.com/v1/tracks/1rfztlEkSrTzBbHz7xRC29,,,TCACF1554667,,,0zyZmvnSiU5fXR543Hbtwk,spotify:album:0zyZmvnSiU5fXR543Hbtwk,https://open.spotify.com/album/0zyZmvnSiU5fXR543Hbtwk,Disciples of the Sun,album,,12,2015-05-22,day,,C: 2015 Inner Wound Recodings; P: 2015 Ulterium Records,,https://i.scdn.co/image/ab67616d0000b273f68fb95358a06dd39492fab4,,23jSIm8VfKV2HaQJtfR3PK,Pyramaze,spotify:artist:23jSIm8VfKV2HaQJtfR3PK,https://open.spotify.com/artist/23jSIm8VfKV2HaQJtfR3PK,,,,28922,"28,922",false,Spotify public artist page,,https://i.scdn.co/image/ab6761610000e5eb6dc896acb383dc4585563275,,23jSIm8VfKV2HaQJtfR3PK,Pyramaze,https://open.spotify.com/artist/23jSIm8VfKV2HaQJtfR3PK,"[{""artist_id"": ""23jSIm8VfKV2HaQJtfR3PK"", ""artist_name"": ""Pyramaze"", ""artist_url"": ""https://open.spotify.com/artist/23jSIm8VfKV2HaQJtfR3PK"", ""monthly_listeners"": ""28922"", ""monthly_listeners_display"": ""28,922"", ""is_approx"": ""false"", ""fetch_error"": """"}]","[{""artist_id"": ""23jSIm8VfKV2HaQJtfR3PK"", ""artist_name"": ""Pyramaze"", ""artist_uri"": ""spotify:artist:23jSIm8VfKV2HaQJtfR3PK"", ""artist_url"": ""https://open.spotify.com/artist/23jSIm8VfKV2HaQJtfR3PK"", ""artist_type"": ""artist"", ""artist_genres"": """", ""artist_spotify_api_popularity"": """", ""artist_followers_total"": """", ""artist_image_url"": ""https://i.scdn.co/image/ab6761610000e5eb6dc896acb383dc4585563275"", ""artist_lookup_error"": """", ""artist_monthly_listeners"": ""28922"", ""artist_monthly_listeners_display"": ""28,922"", ""artist_monthly_listeners_is_approx"": ""false"", ""artist_monthly_listeners_source"": ""Spotify public artist page"", ""artist_monthly_listeners_fetch_error"": """"}]",0,,"{""spotify"": ""https://open.spotify.com/track/1rfztlEkSrTzBbHz7xRC29""}",{}
week1_13july,2026-07-24T08:36:00+00:00,Spotify,Aysima Karçaaltıncaba,aaaaysimaaaa,Week1-User6,Week1-User6 ,1RNu19SNSendzk0U0m8DIW,spotify:playlist:1RNu19SNSendzk0U0m8DIW,https://open.spotify.com/playlist/1RNu19SNSendzk0U0m8DIW,,aaaaysimaaaa,Aysima Karçaaltıncaba,True,False,0,AAAABLhP8Z35CwXwBx+5buK9eMidbin3,30,13,2026-07-21T19:20:11Z,aaaaysimaaaa,primary_artist_monthly_listeners,193731,"193,731",Spotify public artist page,false,,02XVxzkohYQ1oLrjY6AUAC,spotify:track:02XVxzkohYQ1oLrjY6AUAC,https://open.spotify.com/track/02XVxzkohYQ1oLrjY6AUAC,Lady in Black,track,3,1,272822,272.822,False,False,True,,https://api.spotify.com/v1/tracks/02XVxzkohYQ1oLrjY6AUAC,https://api.spotify.com/v1/tracks/02XVxzkohYQ1oLrjY6AUAC,,,TCACZ1737053,,,0N4Ng7l8GFfMGCv2DKjRWo,spotify:album:0N4Ng7l8GFfMGCv2DKjRWo,https://open.spotify.com/album/0N4Ng7l8GFfMGCv2DKjRWo,Suomi Warmetal,album,,18,2020-10-21,day,,C: 2020 Ensiferum; P: 2020 Ensiferum,,https://i.scdn.co/image/ab67616d0000b273fabeaab80545cec59a5a10b5,,0krXCIkthz13P8o0v2tksH,Ensiferum,spotify:artist:0krXCIkthz13P8o0v2tksH,https://open.spotify.com/artist/0krXCIkthz13P8o0v2tksH,,,,193731,"193,731",false,Spotify public artist page,,https://i.scdn.co/image/ab6761610000e5eb0a5ef9d5834390b5ebdee107,,0krXCIkthz13P8o0v2tksH,Ensiferum,https://open.spotify.com/artist/0krXCIkthz13P8o0v2tksH,"[{""artist_id"": ""0krXCIkthz13P8o0v2tksH"", ""artist_name"": ""Ensiferum"", ""artist_url"": ""https://open.spotify.com/artist/0krXCIkthz13P8o0v2tksH"", ""monthly_listeners"": ""193731"", ""monthly_listeners_display"": ""193,731"", ""is_approx"": ""false"", ""fetch_error"": """"}]","[{""artist_id"": ""0krXCIkthz13P8o0v2tksH"", ""artist_name"": ""Ensiferum"", ""artist_uri"": ""spotify:artist:0krXCIkthz13P8o0v2tksH"", ""artist_url"": ""https://open.spotify.com/artist/0krXCIkthz13P8o0v2tksH"", ""artist_type"": ""artist"", ""artist_genres"": """", ""artist_spotify_api_popularity"": """", ""artist_followers_total"": """", ""artist_image_url"": ""https://i.scdn.co/image/ab6761610000e5eb0a5ef9d5834390b5ebdee107"", ""artist_lookup_error"": """", ""artist_monthly_listeners"": ""193731"", ""artist_monthly_listeners_display"": ""193,731"", ""artist_monthly_listeners_is_approx"": ""false"", ""artist_monthly_listeners_source"": ""Spotify public artist page"", ""artist_monthly_listeners_fetch_error"": """"}]",0,,"{""spotify"": ""https://open.spotify.com/track/02XVxzkohYQ1oLrjY6AUAC""}",{}
week1_13july,2026-07-24T08:36:00+00:00,Spotify,Aysima Karçaaltıncaba,aaaaysimaaaa,Week1-User6,Week1-User6 ,1RNu19SNSendzk0U0m8DIW,spotify:playlist:1RNu19SNSendzk0U0m8DIW,https://open.spotify.com/playlist/1RNu19SNSendzk0U0m8DIW,,aaaaysimaaaa,Aysima Karçaaltıncaba,True,False,0,AAAABLhP8Z35CwXwBx+5buK9eMidbin3,30,14,2026-07-21T19:20:11Z,aaaaysimaaaa,primary_artist_monthly_listeners,97053,"97,053",Spotify public artist page,false,,5oJE6PFEhiRnY7SCspZF4k,spotify:track:5oJE6PFEhiRnY7SCspZF4k,https://open.spotify.com/track/5oJE6PFEhiRnY7SCspZF4k,Freedom Call,track,2,1,319280,319.280,False,False,True,,https://api.spotify.com/v1/tracks/5oJE6PFEhiRnY7SCspZF4k,https://api.spotify.com/v1/tracks/5oJE6PFEhiRnY7SCspZF4k,,,DEA450005690,,,4rZcv6qkD6klDCtxGi78of,spotify:album:4rZcv6qkD6klDCtxGi78of,https://open.spotify.com/album/4rZcv6qkD6klDCtxGi78of,Crystal Empire,album,,11,2001-01-22,day,,C: 2001 BMG Rights Management GmbH; P: 2001 BMG Rights Management GmbH,,https://i.scdn.co/image/ab67616d0000b27338430038d66010355177db8e,,55RDuy7cQW2Dqrcz3Jjl6F,Freedom Call,spotify:artist:55RDuy7cQW2Dqrcz3Jjl6F,https://open.spotify.com/artist/55RDuy7cQW2Dqrcz3Jjl6F,,,,97053,"97,053",false,Spotify public artist page,,https://i.scdn.co/image/ab6761610000e5ebcfe6976b49d36f31df66cad2,,55RDuy7cQW2Dqrcz3Jjl6F,Freedom Call,https://open.spotify.com/artist/55RDuy7cQW2Dqrcz3Jjl6F,"[{""artist_id"": ""55RDuy7cQW2Dqrcz3Jjl6F"", ""artist_name"": ""Freedom Call"", ""artist_url"": ""https://open.spotify.com/artist/55RDuy7cQW2Dqrcz3Jjl6F"", ""monthly_listeners"": ""97053"", ""monthly_listeners_display"": ""97,053"", ""is_approx"": ""false"", ""fetch_error"": """"}]","[{""artist_id"": ""55RDuy7cQW2Dqrcz3Jjl6F"", ""artist_name"": ""Freedom Call"", ""artist_uri"": ""spotify:artist:55RDuy7cQW2Dqrcz3Jjl6F"", ""artist_url"": ""https://open.spotify.com/artist/55RDuy7cQW2Dqrcz3Jjl6F"", ""artist_type"": ""artist"", ""artist_genres"": """", ""artist_spotify_api_popularity"": """", ""artist_followers_total"": """", ""artist_image_url"": ""https://i.scdn.co/image/ab6761610000e5ebcfe6976b49d36f31df66cad2"", ""artist_lookup_error"": """", ""artist_monthly_listeners"": ""97053"", ""artist_monthly_listeners_display"": ""97,053"", ""artist_monthly_listeners_is_approx"": ""false"", ""artist_monthly_listeners_source"": ""Spotify public artist page"", ""artist_monthly_listeners_fetch_error"": """"}]",0,,"{""spotify"": ""https://open.spotify.com/track/5oJE6PFEhiRnY7SCspZF4k""}",{}
week1_13july,2026-07-24T08:36:00+00:00,Spotify,Aysima Karçaaltıncaba,aaaaysimaaaa,Week1-User6,Week1-User6 ,1RNu19SNSendzk0U0m8DIW,spotify:playlist:1RNu19SNSendzk0U0m8DIW,https://open.spotify.com/playlist/1RNu19SNSendzk0U0m8DIW,,aaaaysimaaaa,Aysima Karçaaltıncaba,True,False,0,AAAABLhP8Z35CwXwBx+5buK9eMidbin3,30,15,2026-07-21T19:20:11Z,aaaaysimaaaa,primary_artist_monthly_listeners,586305,"586,305",Spotify public artist page,false,,02A6THLfQXvqrx9IEMkQfJ,spotify:track:02A6THLfQXvqrx9IEMkQfJ,https://open.spotify.com/track/02A6THLfQXvqrx9IEMkQfJ,Out of Control,track,2,1,227280,227.280,False,False,True,,https://api.spotify.com/v1/tracks/02A6THLfQXvqrx9IEMkQfJ,https://api.spotify.com/v1/tracks/02A6THLfQXvqrx9IEMkQfJ,,,FIWMA1300197,,,7DllalAuYBrkxfN4ohqwSL,spotify:album:7DllalAuYBrkxfN4ohqwSL,https://open.spotify.com/album/7DllalAuYBrkxfN4ohqwSL,Battle Beast,album,,14,2013-05-17,day,,C: 2013 Nuclear Blast; P: 2013 Nuclear Blast,,https://i.scdn.co/image/ab67616d0000b273536fe3e46003fb3ebe2ebf05,,7k5jeohQCF20a8foBD9ize,Battle Beast,spotify:artist:7k5jeohQCF20a8foBD9ize,https://open.spotify.com/artist/7k5jeohQCF20a8foBD9ize,,,,586305,"586,305",false,Spotify public artist page,,https://i.scdn.co/image/ab6761610000e5eb736a6608998f7d7b5d8d3205,,7k5jeohQCF20a8foBD9ize,Battle Beast,https://open.spotify.com/artist/7k5jeohQCF20a8foBD9ize,"[{""artist_id"": ""7k5jeohQCF20a8foBD9ize"", ""artist_name"": ""Battle Beast"", ""artist_url"": ""https://open.spotify.com/artist/7k5jeohQCF20a8foBD9ize"", ""monthly_listeners"": ""586305"", ""monthly_listeners_display"": ""586,305"", ""is_approx"": ""false"", ""fetch_error"": """"}]","[{""artist_id"": ""7k5jeohQCF20a8foBD9ize"", ""artist_name"": ""Battle Beast"", ""artist_uri"": ""spotify:artist:7k5jeohQCF20a8foBD9ize"", ""artist_url"": ""https://open.spotify.com/artist/7k5jeohQCF20a8foBD9ize"", ""artist_type"": ""artist"", ""artist_genres"": """", ""artist_spotify_api_popularity"": """", ""artist_followers_total"": """", ""artist_image_url"": ""https://i.scdn.co/image/ab6761610000e5eb736a6608998f7d7b5d8d3205"", ""artist_lookup_error"": """", ""artist_monthly_listeners"": ""586305"", ""artist_monthly_listeners_display"": ""586,305"", ""artist_monthly_listeners_is_approx"": ""false"", ""artist_monthly_listeners_source"": ""Spotify public artist page"", ""artist_monthly_listeners_fetch_error"": """"}]",0,,"{""spotify"": ""https://open.spotify.com/track/02A6THLfQXvqrx9IEMkQfJ""}",{}
week1_13july,2026-07-24T08:36:00+00:00,Spotify,Aysima Karçaaltıncaba,aaaaysimaaaa,Week1-User6,Week1-User6 ,1RNu19SNSendzk0U0m8DIW,spotify:playlist:1RNu19SNSendzk0U0m8DIW,https://open.spotify.com/playlist/1RNu19SNSendzk0U0m8DIW,,aaaaysimaaaa,Aysima Karçaaltıncaba,True,False,0,AAAABLhP8Z35CwXwBx+5buK9eMidbin3,30,16,2026-07-21T19:20:11Z,aaaaysimaaaa,primary_artist_monthly_listeners,758547,"758,547",Spotify public artist page,false,,2x9DbLmcA7V3OZQHSq7I4L,spotify:track:2x9DbLmcA7V3OZQHSq7I4L,https://open.spotify.com/track/2x9DbLmcA7V3OZQHSq7I4L,"Silent Night, Bodom Night",track,2,1,192760,192.760,False,False,True,,https://api.spotify.com/v1/tracks/2x9DbLmcA7V3OZQHSq7I4L,https://api.spotify.com/v1/tracks/2x9DbLmcA7V3OZQHSq7I4L,,,FISFS9800106,,,5ZY4RdeHkyyl3QM5i17Cn3,spotify:album:5ZY4RdeHkyyl3QM5i17Cn3,https://open.spotify.com/album/5ZY4RdeHkyyl3QM5i17Cn3,Hatebreeder,album,,11,1999-05-03,day,,C: 2008 Spin-Farm Oy; P: 2008 Spin-Farm Oy,,https://i.scdn.co/image/ab67616d0000b273aefd42cfcad1195cbcd770d5,,1xUhNgw4eJDZfvumIpcz1B,Children Of Bodom,spotify:artist:1xUhNgw4eJDZfvumIpcz1B,https://open.spotify.com/artist/1xUhNgw4eJDZfvumIpcz1B,,,,758547,"758,547",false,Spotify public artist page,,https://i.scdn.co/image/ab6761610000e5ebe51866b7c973c8aafaf1fece,,1xUhNgw4eJDZfvumIpcz1B,Children Of Bodom,https://open.spotify.com/artist/1xUhNgw4eJDZfvumIpcz1B,"[{""artist_id"": ""1xUhNgw4eJDZfvumIpcz1B"", ""artist_name"": ""Children Of Bodom"", ""artist_url"": ""https://open.spotify.com/artist/1xUhNgw4eJDZfvumIpcz1B"", ""monthly_listeners"": ""758547"", ""monthly_listeners_display"": ""758,547"", ""is_approx"": ""false"", ""fetch_error"": """"}]","[{""artist_id"": ""1xUhNgw4eJDZfvumIpcz1B"", ""artist_name"": ""Children Of Bodom"", ""artist_uri"": ""spotify:artist:1xUhNgw4eJDZfvumIpcz1B"", ""artist_url"": ""https://open.spotify.com/artist/1xUhNgw4eJDZfvumIpcz1B"", ""artist_type"": ""artist"", ""artist_genres"": """", ""artist_spotify_api_popularity"": """", ""artist_followers_total"": """", ""artist_image_url"": ""https://i.scdn.co/image/ab6761610000e5ebe51866b7c973c8aafaf1fece"", ""artist_lookup_error"": """", ""artist_monthly_listeners"": ""758547"", ""artist_monthly_listeners_display"": ""758,547"", ""artist_monthly_listeners_is_approx"": ""false"", ""artist_monthly_listeners_source"": ""Spotify public artist page"", ""artist_monthly_listeners_fetch_error"": """"}]",0,,"{""spotify"": ""https://open.spotify.com/track/2x9DbLmcA7V3OZQHSq7I4L""}",{}
week1_13july,2026-07-24T08:36:00+00:00,Spotify,Aysima Karçaaltıncaba,aaaaysimaaaa,Week1-User6,Week1-User6 ,1RNu19SNSendzk0U0m8DIW,spotify:playlist:1RNu19SNSendzk0U0m8DIW,https://open.spotify.com/playlist/1RNu19SNSendzk0U0m8DIW,,aaaaysimaaaa,Aysima Karçaaltıncaba,True,False,0,AAAABLhP8Z35CwXwBx+5buK9eMidbin3,30,17,2026-07-21T19:20:11Z,aaaaysimaaaa,primary_artist_monthly_listeners,1035240,"1,035,240",Spotify public artist page,false,,3tuCmmn6JmRXPln2Zt7KyI,spotify:track:3tuCmmn6JmRXPln2Zt7KyI,https://open.spotify.com/track/3tuCmmn6JmRXPln2Zt7KyI,Brothers Of Metal (Part 1),track,2,1,234640,234.640,False,False,True,,https://api.spotify.com/v1/tracks/3tuCmmn6JmRXPln2Zt7KyI,https://api.spotify.com/v1/tracks/3tuCmmn6JmRXPln2Zt7KyI,,,USGF19692502,,,4IoELctFmN7HWHSnb1hgFQ,spotify:album:4IoELctFmN7HWHSnb1hgFQ,https://open.spotify.com/album/4IoELctFmN7HWHSnb1hgFQ,Louder Than Hell,album,,10,1996-01-01,day,,"C: © 1996 Geffen Records Inc.; P: ℗ 1996 UMG Recordings, Inc.",,https://i.scdn.co/image/ab67616d0000b273b2b3dc4550e94bb8d63154e0,,4CzUzn54Cp9TQr6a7JIlMZ,Manowar,spotify:artist:4CzUzn54Cp9TQr6a7JIlMZ,https://open.spotify.com/artist/4CzUzn54Cp9TQr6a7JIlMZ,,,,1035240,"1,035,240",false,Spotify public artist page,,https://i.scdn.co/image/ab6761610000e5eba4780fe15900fbd223cd4f48,,4CzUzn54Cp9TQr6a7JIlMZ,Manowar,https://open.spotify.com/artist/4CzUzn54Cp9TQr6a7JIlMZ,"[{""artist_id"": ""4CzUzn54Cp9TQr6a7JIlMZ"", ""artist_name"": ""Manowar"", ""artist_url"": ""https://open.spotify.com/artist/4CzUzn54Cp9TQr6a7JIlMZ"", ""monthly_listeners"": ""1035240"", ""monthly_listeners_display"": ""1,035,240"", ""is_approx"": ""false"", ""fetch_error"": """"}]","[{""artist_id"": ""4CzUzn54Cp9TQr6a7JIlMZ"", ""artist_name"": ""Manowar"", ""artist_uri"": ""spotify:artist:4CzUzn54Cp9TQr6a7JIlMZ"", ""artist_url"": ""https://open.spotify.com/artist/4CzUzn54Cp9TQr6a7JIlMZ"", ""artist_type"": ""artist"", ""artist_genres"": """", ""artist_spotify_api_popularity"": """", ""artist_followers_total"": """", ""artist_image_url"": ""https://i.scdn.co/image/ab6761610000e5eba4780fe15900fbd223cd4f48"", ""artist_lookup_error"": """", ""artist_monthly_listeners"": ""1035240"", ""artist_monthly_listeners_display"": ""1,035,240"", ""artist_monthly_listeners_is_approx"": ""false"", ""artist_monthly_listeners_source"": ""Spotify public artist page"", ""artist_monthly_listeners_fetch_error"": """"}]",0,,"{""spotify"": ""https://open.spotify.com/track/3tuCmmn6JmRXPln2Zt7KyI""}",{}
week1_13july,2026-07-24T08:36:00+00:00,Spotify,Aysima Karçaaltıncaba,aaaaysimaaaa,Week1-User6,Week1-User6 ,1RNu19SNSendzk0U0m8DIW,spotify:playlist:1RNu19SNSendzk0U0m8DIW,https://open.spotify.com/playlist/1RNu19SNSendzk0U0m8DIW,,aaaaysimaaaa,Aysima Karçaaltıncaba,True,False,0,AAAABLhP8Z35CwXwBx+5buK9eMidbin3,30,18,2026-07-21T19:20:11Z,aaaaysimaaaa,primary_artist_monthly_listeners,594132,"594,132",Spotify public artist page,false,,4gFhLQA90CAFuS0Ma8aIiX,spotify:track:4gFhLQA90CAFuS0Ma8aIiX,https://open.spotify.com/track/4gFhLQA90CAFuS0Ma8aIiX,Mirror Mirror - Remastered 2007,track,9,1,306013,306.013,False,False,True,,https://api.spotify.com/v1/tracks/4gFhLQA90CAFuS0Ma8aIiX,https://api.spotify.com/v1/tracks/4gFhLQA90CAFuS0Ma8aIiX,,,DED831701047,,,7EPGJTyG9MQ6gJWANmL4n3,spotify:album:7EPGJTyG9MQ6gJWANmL4n3,https://open.spotify.com/album/7EPGJTyG9MQ6gJWANmL4n3,Nightfall in Middle Earth (Remastered 2007),album,,23,1998-04-28,day,,C: 2017 Nuclear Blast; P: 2017 Nuclear Blast,,https://i.scdn.co/image/ab67616d0000b2735e77d3ce3a4f7f382daaf46f,,7jxJ25p0pPjk0MStloN6o6,Blind Guardian,spotify:artist:7jxJ25p0pPjk0MStloN6o6,https://open.spotify.com/artist/7jxJ25p0pPjk0MStloN6o6,,,,594132,"594,132",false,Spotify public artist page,,https://i.scdn.co/image/ab6761610000e5eb26139a78b669ae67aacde9f3,,7jxJ25p0pPjk0MStloN6o6,Blind Guardian,https://open.spotify.com/artist/7jxJ25p0pPjk0MStloN6o6,"[{""artist_id"": ""7jxJ25p0pPjk0MStloN6o6"", ""artist_name"": ""Blind Guardian"", ""artist_url"": ""https://open.spotify.com/artist/7jxJ25p0pPjk0MStloN6o6"", ""monthly_listeners"": ""594132"", ""monthly_listeners_display"": ""594,132"", ""is_approx"": ""false"", ""fetch_error"": """"}]","[{""artist_id"": ""7jxJ25p0pPjk0MStloN6o6"", ""artist_name"": ""Blind Guardian"", ""artist_uri"": ""spotify:artist:7jxJ25p0pPjk0MStloN6o6"", ""artist_url"": ""https://open.spotify.com/artist/7jxJ25p0pPjk0MStloN6o6"", ""artist_type"": ""artist"", ""artist_genres"": """", ""artist_spotify_api_popularity"": """", ""artist_followers_total"": """", ""artist_image_url"": ""https://i.scdn.co/image/ab6761610000e5eb26139a78b669ae67aacde9f3"", ""artist_lookup_error"": """", ""artist_monthly_listeners"": ""594132"", ""artist_monthly_listeners_display"": ""594,132"", ""artist_monthly_listeners_is_approx"": ""false"", ""artist_monthly_listeners_source"": ""Spotify public artist page"", ""artist_monthly_listeners_fetch_error"": """"}]",0,,"{""spotify"": ""https://open.spotify.com/track/4gFhLQA90CAFuS0Ma8aIiX""}",{}
week1_13july,2026-07-24T08:36:00+00:00,Spotify,Aysima Karçaaltıncaba,aaaaysimaaaa,Week1-User6,Week1-User6 ,1RNu19SNSendzk0U0m8DIW,spotify:playlist:1RNu19SNSendzk0U0m8DIW,https://open.spotify.com/playlist/1RNu19SNSendzk0U0m8DIW,,aaaaysimaaaa,Aysima Karçaaltıncaba,True,False,0,AAAABLhP8Z35CwXwBx+5buK9eMidbin3,30,19,2026-07-21T19:20:11Z,aaaaysimaaaa,primary_artist_monthly_listeners,290277,"290,277",Spotify public artist page,false,,4wEtmW6jIuPQ8NTYHbkOGm,spotify:track:4wEtmW6jIuPQ8NTYHbkOGm,https://open.spotify.com/track/4wEtmW6jIuPQ8NTYHbkOGm,King of Fools,track,10,1,215320,215.320,False,False,True,,https://api.spotify.com/v1/tracks/4wEtmW6jIuPQ8NTYHbkOGm,https://api.spotify.com/v1/tracks/4wEtmW6jIuPQ8NTYHbkOGm,,,DED830370705,,,0ilazW0ucXedFYUgKFZkqT,spotify:album:0ilazW0ucXedFYUgKFZkqT,https://open.spotify.com/album/0ilazW0ucXedFYUgKFZkqT,The Singles,album,,14,2008-11-14,day,,C: 2008 Nuclear Blast; P: 2008 Nuclear Blast,,https://i.scdn.co/image/ab67616d0000b273834529912144b18eb39d773b,,3AGFqPP3gt5rMSvhR87Xxu,Edguy,spotify:artist:3AGFqPP3gt5rMSvhR87Xxu,https://open.spotify.com/artist/3AGFqPP3gt5rMSvhR87Xxu,,,,290277,"290,277",false,Spotify public artist page,,https://i.scdn.co/image/ab6772690000c46cec078670d746fddbe7674e78,,3AGFqPP3gt5rMSvhR87Xxu,Edguy,https://open.spotify.com/artist/3AGFqPP3gt5rMSvhR87Xxu,"[{""artist_id"": ""3AGFqPP3gt5rMSvhR87Xxu"", ""artist_name"": ""Edguy"", ""artist_url"": ""https://open.spotify.com/artist/3AGFqPP3gt5rMSvhR87Xxu"", ""monthly_listeners"": ""290277"", ""monthly_listeners_display"": ""290,277"", ""is_approx"": ""false"", ""fetch_error"": """"}]","[{""artist_id"": ""3AGFqPP3gt5rMSvhR87Xxu"", ""artist_name"": ""Edguy"", ""artist_uri"": ""spotify:artist:3AGFqPP3gt5rMSvhR87Xxu"", ""artist_url"": ""https://open.spotify.com/artist/3AGFqPP3gt5rMSvhR87Xxu"", ""artist_type"": ""artist"", ""artist_genres"": """", ""artist_spotify_api_popularity"": """", ""artist_followers_total"": """", ""artist_image_url"": ""https://i.scdn.co/image/ab6772690000c46cec078670d746fddbe7674e78"", ""artist_lookup_error"": """", ""artist_monthly_listeners"": ""290277"", ""artist_monthly_listeners_display"": ""290,277"", ""artist_monthly_listeners_is_approx"": ""false"", ""artist_monthly_listeners_source"": ""Spotify public artist page"", ""artist_monthly_listeners_fetch_error"": """"}]",0,,"{""spotify"": ""https://open.spotify.com/track/4wEtmW6jIuPQ8NTYHbkOGm""}",{}
week1_13july,2026-07-24T08:36:00+00:00,Spotify,Aysima Karçaaltıncaba,aaaaysimaaaa,Week1-User6,Week1-User6 ,1RNu19SNSendzk0U0m8DIW,spotify:playlist:1RNu19SNSendzk0U0m8DIW,https://open.spotify.com/playlist/1RNu19SNSendzk0U0m8DIW,,aaaaysimaaaa,Aysima Karçaaltıncaba,True,False,0,AAAABLhP8Z35CwXwBx+5buK9eMidbin3,30,20,2026-07-21T19:20:11Z,aaaaysimaaaa,primary_artist_monthly_listeners,184836,"184,836",Spotify public artist page,false,,2cxtdKFeXk4F10nd8TZORl,spotify:track:2cxtdKFeXk4F10nd8TZORl,https://open.spotify.com/track/2cxtdKFeXk4F10nd8TZORl,Kind Hearted Light,track,3,1,265773,265.773,False,False,True,,https://api.spotify.com/v1/tracks/2cxtdKFeXk4F10nd8TZORl,https://api.spotify.com/v1/tracks/2cxtdKFeXk4F10nd8TZORl,,,DET970200003,,,6FxqNK88NImuiMIpCrTZee,spotify:album:6FxqNK88NImuiMIpCrTZee,https://open.spotify.com/album/6FxqNK88NImuiMIpCrTZee,Masterplan,album,,11,2003-01-20,day,,C: 2003 AFM Records; P: 2003 AFM Records,,https://i.scdn.co/image/ab67616d0000b2737479397fc56803ba3511fd1c,,1OHNvr18TssBKYK0A75yvx,Masterplan,spotify:artist:1OHNvr18TssBKYK0A75yvx,https://open.spotify.com/artist/1OHNvr18TssBKYK0A75yvx,,,,184836,"184,836",false,Spotify public artist page,,https://i.scdn.co/image/ab6761610000e5eb8cfdd5ee976e9da4af82d208,,1OHNvr18TssBKYK0A75yvx,Masterplan,https://open.spotify.com/artist/1OHNvr18TssBKYK0A75yvx,"[{""artist_id"": ""1OHNvr18TssBKYK0A75yvx"", ""artist_name"": ""Masterplan"", ""artist_url"": ""https://open.spotify.com/artist/1OHNvr18TssBKYK0A75yvx"", ""monthly_listeners"": ""184836"", ""monthly_listeners_display"": ""184,836"", ""is_approx"": ""false"", ""fetch_error"": """"}]","[{""artist_id"": ""1OHNvr18TssBKYK0A75yvx"", ""artist_name"": ""Masterplan"", ""artist_uri"": ""spotify:artist:1OHNvr18TssBKYK0A75yvx"", ""artist_url"": ""https://open.spotify.com/artist/1OHNvr18TssBKYK0A75yvx"", ""artist_type"": ""artist"", ""artist_genres"": """", ""artist_spotify_api_popularity"": """", ""artist_followers_total"": """", ""artist_image_url"": ""https://i.scdn.co/image/ab6761610000e5eb8cfdd5ee976e9da4af82d208"", ""artist_lookup_error"": """", ""artist_monthly_listeners"": ""184836"", ""artist_monthly_listeners_display"": ""184,836"", ""artist_monthly_listeners_is_approx"": ""false"", ""artist_monthly_listeners_source"": ""Spotify public artist page"", ""artist_monthly_listeners_fetch_error"": """"}]",0,,"{""spotify"": ""https://open.spotify.com/track/2cxtdKFeXk4F10nd8TZORl""}",{}
week1_13july,2026-07-24T08:36:00+00:00,Spotify,Aysima Karçaaltıncaba,aaaaysimaaaa,Week1-User6,Week1-User6 ,1RNu19SNSendzk0U0m8DIW,spotify:playlist:1RNu19SNSendzk0U0m8DIW,https://open.spotify.com/playlist/1RNu19SNSendzk0U0m8DIW,,aaaaysimaaaa,Aysima Karçaaltıncaba,True,False,0,AAAABLhP8Z35CwXwBx+5buK9eMidbin3,30,21,2026-07-21T19:20:11Z,aaaaysimaaaa,primary_artist_monthly_listeners,445224,"445,224",Spotify public artist page,false,,0WTbXgGmirq6A9LfzHg2uA,spotify:track:0WTbXgGmirq6A9LfzHg2uA,https://open.spotify.com/track/0WTbXgGmirq6A9LfzHg2uA,The Cage,track,3,1,275440,275.440,False,False,True,,https://api.spotify.com/v1/tracks/0WTbXgGmirq6A9LfzHg2uA,https://api.spotify.com/v1/tracks/0WTbXgGmirq6A9LfzHg2uA,,,FISFS0200076,,,1EGK8WqziPuJEKAO1fdCkJ,spotify:album:1EGK8WqziPuJEKAO1fdCkJ,https://open.spotify.com/album/1EGK8WqziPuJEKAO1fdCkJ,Winterheart's Guild,album,,10,2002-01-01,day,,C: 2002 Spin-Farm Oy; P: 2002 Spin-Farm Oy,,https://i.scdn.co/image/ab67616d0000b2732b7e571002b007ce6f687d69,,5YeoQ1L71cXDMpSpqxOjfH,Sonata Arctica,spotify:artist:5YeoQ1L71cXDMpSpqxOjfH,https://open.spotify.com/artist/5YeoQ1L71cXDMpSpqxOjfH,,,,445224,"445,224",false,Spotify public artist page,,https://i.scdn.co/image/ab6761610000e5eb3c36e8b69cb376bf869aedc2,,5YeoQ1L71cXDMpSpqxOjfH,Sonata Arctica,https://open.spotify.com/artist/5YeoQ1L71cXDMpSpqxOjfH,"[{""artist_id"": ""5YeoQ1L71cXDMpSpqxOjfH"", ""artist_name"": ""Sonata Arctica"", ""artist_url"": ""https://open.spotify.com/artist/5YeoQ1L71cXDMpSpqxOjfH"", ""monthly_listeners"": ""445224"", ""monthly_listeners_display"": ""445,224"", ""is_approx"": ""false"", ""fetch_error"": """"}]","[{""artist_id"": ""5YeoQ1L71cXDMpSpqxOjfH"", ""artist_name"": ""Sonata Arctica"", ""artist_uri"": ""spotify:artist:5YeoQ1L71cXDMpSpqxOjfH"", ""artist_url"": ""https://open.spotify.com/artist/5YeoQ1L71cXDMpSpqxOjfH"", ""artist_type"": ""artist"", ""artist_genres"": """", ""artist_spotify_api_popularity"": """", ""artist_followers_total"": """", ""artist_image_url"": ""https://i.scdn.co/image/ab6761610000e5eb3c36e8b69cb376bf869aedc2"", ""artist_lookup_error"": """", ""artist_monthly_listeners"": ""445224"", ""artist_monthly_listeners_display"": ""445,224"", ""artist_monthly_listeners_is_approx"": ""false"", ""artist_monthly_listeners_source"": ""Spotify public artist page"", ""artist_monthly_listeners_fetch_error"": """"}]",0,,"{""spotify"": ""https://open.spotify.com/track/0WTbXgGmirq6A9LfzHg2uA""}",{}
week1_13july,2026-07-24T08:36:00+00:00,Spotify,Aysima Karçaaltıncaba,aaaaysimaaaa,Week1-User6,Week1-User6 ,1RNu19SNSendzk0U0m8DIW,spotify:playlist:1RNu19SNSendzk0U0m8DIW,https://open.spotify.com/playlist/1RNu19SNSendzk0U0m8DIW,,aaaaysimaaaa,Aysima Karçaaltıncaba,True,False,0,AAAABLhP8Z35CwXwBx+5buK9eMidbin3,30,22,2026-07-21T19:20:11Z,aaaaysimaaaa,primary_artist_monthly_listeners,98617,"98,617",Spotify public artist page,false,,2NCh5hwrluY1w5D3BxDXMq,spotify:track:2NCh5hwrluY1w5D3BxDXMq,https://open.spotify.com/track/2NCh5hwrluY1w5D3BxDXMq,Under Jolly Roger,track,1,1,282560,282.560,False,False,True,,https://api.spotify.com/v1/tracks/2NCh5hwrluY1w5D3BxDXMq,https://api.spotify.com/v1/tracks/2NCh5hwrluY1w5D3BxDXMq,,,GBAJE0300753,,,6ksfisQdOmbwJ481UJuAW0,spotify:album:6ksfisQdOmbwJ481UJuAW0,https://open.spotify.com/album/6ksfisQdOmbwJ481UJuAW0,Under Jolly Roger,album,,8,1987-01-01,day,,"C: 2006 Sanctuary Records Group Ltd., a BMG Company; P: 1987 Sanctuary Records Group Ltd., a BMG Company",,https://i.scdn.co/image/ab67616d0000b27398a5f2ec79e9f31b75bb456e,,7954VFaZClkL503srfV5PE,Running Wild,spotify:artist:7954VFaZClkL503srfV5PE,https://open.spotify.com/artist/7954VFaZClkL503srfV5PE,,,,98617,"98,617",false,Spotify public artist page,,https://i.scdn.co/image/ffc7d8dd0a29d7ca6f0840f2c2d9050f5a60d97d,,7954VFaZClkL503srfV5PE,Running Wild,https://open.spotify.com/artist/7954VFaZClkL503srfV5PE,"[{""artist_id"": ""7954VFaZClkL503srfV5PE"", ""artist_name"": ""Running Wild"", ""artist_url"": ""https://open.spotify.com/artist/7954VFaZClkL503srfV5PE"", ""monthly_listeners"": ""98617"", ""monthly_listeners_display"": ""98,617"", ""is_approx"": ""false"", ""fetch_error"": """"}]","[{""artist_id"": ""7954VFaZClkL503srfV5PE"", ""artist_name"": ""Running Wild"", ""artist_uri"": ""spotify:artist:7954VFaZClkL503srfV5PE"", ""artist_url"": ""https://open.spotify.com/artist/7954VFaZClkL503srfV5PE"", ""artist_type"": ""artist"", ""artist_genres"": """", ""artist_spotify_api_popularity"": """", ""artist_followers_total"": """", ""artist_image_url"": ""https://i.scdn.co/image/ffc7d8dd0a29d7ca6f0840f2c2d9050f5a60d97d"", ""artist_lookup_error"": """", ""artist_monthly_listeners"": ""98617"", ""artist_monthly_listeners_display"": ""98,617"", ""artist_monthly_listeners_is_approx"": ""false"", ""artist_monthly_listeners_source"": ""Spotify public artist page"", ""artist_monthly_listeners_fetch_error"": """"}]",0,,"{""spotify"": ""https://open.spotify.com/track/2NCh5hwrluY1w5D3BxDXMq""}",{}
week1_13july,2026-07-24T08:36:00+00:00,Spotify,Aysima Karçaaltıncaba,aaaaysimaaaa,Week1-User6,Week1-User6 ,1RNu19SNSendzk0U0m8DIW,spotify:playlist:1RNu19SNSendzk0U0m8DIW,https://open.spotify.com/playlist/1RNu19SNSendzk0U0m8DIW,,aaaaysimaaaa,Aysima Karçaaltıncaba,True,False,0,AAAABLhP8Z35CwXwBx+5buK9eMidbin3,30,23,2026-07-21T19:20:11Z,aaaaysimaaaa,primary_artist_monthly_listeners,701253,"701,253",Spotify public artist page,false,,1OMplIvNpCVCYirUTXF07d,spotify:track:1OMplIvNpCVCYirUTXF07d,https://open.spotify.com/track/1OMplIvNpCVCYirUTXF07d,Together We Rise,track,5,1,302628,302.628,False,False,True,,https://api.spotify.com/v1/tracks/1OMplIvNpCVCYirUTXF07d,https://api.spotify.com/v1/tracks/1OMplIvNpCVCYirUTXF07d,,,ATN262212105,,,5Jf1NavkE0nEpzo2rnjMrL,spotify:album:5Jf1NavkE0nEpzo2rnjMrL,https://open.spotify.com/album/5Jf1NavkE0nEpzo2rnjMrL,Warfront,album,,10,2022-06-10,day,,C: (C) 2022 Napalm Records Handels GmbH; P: (P) 2022 Napalm Records Handels Gmbh,,https://i.scdn.co/image/ab67616d0000b273b16a5fbf1c453f6f96d48484,,67ps5pbKVO7V9Fcb4lTIXz,Wind Rose,spotify:artist:67ps5pbKVO7V9Fcb4lTIXz,https://open.spotify.com/artist/67ps5pbKVO7V9Fcb4lTIXz,,,,701253,"701,253",false,Spotify public artist page,,https://i.scdn.co/image/ab6761610000e5eb008216c6a0620cf5d762e337,,67ps5pbKVO7V9Fcb4lTIXz,Wind Rose,https://open.spotify.com/artist/67ps5pbKVO7V9Fcb4lTIXz,"[{""artist_id"": ""67ps5pbKVO7V9Fcb4lTIXz"", ""artist_name"": ""Wind Rose"", ""artist_url"": ""https://open.spotify.com/artist/67ps5pbKVO7V9Fcb4lTIXz"", ""monthly_listeners"": ""701253"", ""monthly_listeners_display"": ""701,253"", ""is_approx"": ""false"", ""fetch_error"": """"}]","[{""artist_id"": ""67ps5pbKVO7V9Fcb4lTIXz"", ""artist_name"": ""Wind Rose"", ""artist_uri"": ""spotify:artist:67ps5pbKVO7V9Fcb4lTIXz"", ""artist_url"": ""https://open.spotify.com/artist/67ps5pbKVO7V9Fcb4lTIXz"", ""artist_type"": ""artist"", ""artist_genres"": """", ""artist_spotify_api_popularity"": """", ""artist_followers_total"": """", ""artist_image_url"": ""https://i.scdn.co/image/ab6761610000e5eb008216c6a0620cf5d762e337"", ""artist_lookup_error"": """", ""artist_monthly_listeners"": ""701253"", ""artist_monthly_listeners_display"": ""701,253"", ""artist_monthly_listeners_is_approx"": ""false"", ""artist_monthly_listeners_source"": ""Spotify public artist page"", ""artist_monthly_listeners_fetch_error"": """"}]",0,,"{""spotify"": ""https://open.spotify.com/track/1OMplIvNpCVCYirUTXF07d""}",{}
week1_13july,2026-07-24T08:36:00+00:00,Spotify,Aysima Karçaaltıncaba,aaaaysimaaaa,Week1-User6,Week1-User6 ,1RNu19SNSendzk0U0m8DIW,spotify:playlist:1RNu19SNSendzk0U0m8DIW,https://open.spotify.com/playlist/1RNu19SNSendzk0U0m8DIW,,aaaaysimaaaa,Aysima Karçaaltıncaba,True,False,0,AAAABLhP8Z35CwXwBx+5buK9eMidbin3,30,24,2026-07-21T19:20:11Z,aaaaysimaaaa,primary_artist_monthly_listeners,84187,"84,187",Spotify public artist page,false,,1ryaGBXdSgLMvWjFOyTaGg,spotify:track:1ryaGBXdSgLMvWjFOyTaGg,https://open.spotify.com/track/1ryaGBXdSgLMvWjFOyTaGg,Genghis Khan (feat. Orden Ogan),track,3,1,207680,207.680,False,False,True,,https://api.spotify.com/v1/tracks/1ryaGBXdSgLMvWjFOyTaGg,https://api.spotify.com/v1/tracks/1ryaGBXdSgLMvWjFOyTaGg,,,ATN262528803,,,4jyrz9eKYvPjk8ObEAAruH,spotify:album:4jyrz9eKYvPjk8ObEAAruH,https://open.spotify.com/album/4jyrz9eKYvPjk8ObEAAruH,Armageddon,album,,14,2025-07-04,day,,C: (C) 2025 Napalm Records Handels GmbH; P: (P) 2025 Napalm Records Handels GmbH,,https://i.scdn.co/image/ab67616d0000b27397dadc73ef50f355d0d166f7,,7DXUeaMULtMVFmmaKFzH3E,Warkings,spotify:artist:7DXUeaMULtMVFmmaKFzH3E,https://open.spotify.com/artist/7DXUeaMULtMVFmmaKFzH3E,,,,84187,"84,187",false,Spotify public artist page,,https://i.scdn.co/image/ab6761610000e5eb259e67ac785bfa8974a89fd5,,7DXUeaMULtMVFmmaKFzH3E; 3t5X2CVDf5mrlIx1SdvWYM,Warkings; Orden Ogan,https://open.spotify.com/artist/7DXUeaMULtMVFmmaKFzH3E; https://open.spotify.com/artist/3t5X2CVDf5mrlIx1SdvWYM,"[{""artist_id"": ""7DXUeaMULtMVFmmaKFzH3E"", ""artist_name"": ""Warkings"", ""artist_url"": ""https://open.spotify.com/artist/7DXUeaMULtMVFmmaKFzH3E"", ""monthly_listeners"": ""84187"", ""monthly_listeners_display"": ""84,187"", ""is_approx"": ""false"", ""fetch_error"": """"}, {""artist_id"": ""3t5X2CVDf5mrlIx1SdvWYM"", ""artist_name"": ""Orden Ogan"", ""artist_url"": ""https://open.spotify.com/artist/3t5X2CVDf5mrlIx1SdvWYM"", ""monthly_listeners"": ""251329"", ""monthly_listeners_display"": ""251,329"", ""is_approx"": ""false"", ""fetch_error"": """"}]","[{""artist_id"": ""7DXUeaMULtMVFmmaKFzH3E"", ""artist_name"": ""Warkings"", ""artist_uri"": ""spotify:artist:7DXUeaMULtMVFmmaKFzH3E"", ""artist_url"": ""https://open.spotify.com/artist/7DXUeaMULtMVFmmaKFzH3E"", ""artist_type"": ""artist"", ""artist_genres"": """", ""artist_spotify_api_popularity"": """", ""artist_followers_total"": """", ""artist_image_url"": ""https://i.scdn.co/image/ab6761610000e5eb259e67ac785bfa8974a89fd5"", ""artist_lookup_error"": """", ""artist_monthly_listeners"": ""84187"", ""artist_monthly_listeners_display"": ""84,187"", ""artist_monthly_listeners_is_approx"": ""false"", ""artist_monthly_listeners_source"": ""Spotify public artist page"", ""artist_monthly_listeners_fetch_error"": """"}, {""artist_id"": ""3t5X2CVDf5mrlIx1SdvWYM"", ""artist_name"": ""Orden Ogan"", ""artist_uri"": ""spotify:artist:3t5X2CVDf5mrlIx1SdvWYM"", ""artist_url"": ""https://open.spotify.com/artist/3t5X2CVDf5mrlIx1SdvWYM"", ""artist_type"": ""artist"", ""artist_genres"": """", ""artist_spotify_api_popularity"": """", ""artist_followers_total"": """", ""artist_image_url"": ""https://i.scdn.co/image/ab6761610000e5eb839f6d8b07539c53a1ab207b"", ""artist_lookup_error"": """", ""artist_monthly_listeners"": ""251329"", ""artist_monthly_listeners_display"": ""251,329"", ""artist_monthly_listeners_is_approx"": ""false"", ""artist_monthly_listeners_source"": ""Spotify public artist page"", ""artist_monthly_listeners_fetch_error"": """"}]",0,,"{""spotify"": ""https://open.spotify.com/track/1ryaGBXdSgLMvWjFOyTaGg""}",{}
week1_13july,2026-07-24T08:36:00+00:00,Spotify,Aysima Karçaaltıncaba,aaaaysimaaaa,Week1-User6,Week1-User6 ,1RNu19SNSendzk0U0m8DIW,spotify:playlist:1RNu19SNSendzk0U0m8DIW,https://open.spotify.com/playlist/1RNu19SNSendzk0U0m8DIW,,aaaaysimaaaa,Aysima Karçaaltıncaba,True,False,0,AAAABLhP8Z35CwXwBx+5buK9eMidbin3,30,25,2026-07-21T19:20:11Z,aaaaysimaaaa,primary_artist_monthly_listeners,49330,"49,330",Spotify public artist page,false,,31BIfWawTAEnp8KsAasy13,spotify:track:31BIfWawTAEnp8KsAasy13,https://open.spotify.com/track/31BIfWawTAEnp8KsAasy13,Mindtraveller,track,5,1,345573,345.573,False,False,True,,https://api.spotify.com/v1/tracks/31BIfWawTAEnp8KsAasy13,https://api.spotify.com/v1/tracks/31BIfWawTAEnp8KsAasy13,,,USMBR1309954,,,4j3Pe9H1HCpbunI1XdQWro,spotify:album:4j3Pe9H1HCpbunI1XdQWro,https://open.spotify.com/album/4j3Pe9H1HCpbunI1XdQWro,Falconer,album,,10,2001-05-08,day,,"C: (C) 2001 Metal Blade Records, Inc.; P: (P) 2001 Metal Blade Records, Inc.",,https://i.scdn.co/image/ab67616d0000b273c15f2c3144e86069239d51f5,,1UKdnbreQFDmPg3Mhcjhkr,Falconer,spotify:artist:1UKdnbreQFDmPg3Mhcjhkr,https://open.spotify.com/artist/1UKdnbreQFDmPg3Mhcjhkr,,,,49330,"49,330",false,Spotify public artist page,,https://i.scdn.co/image/ab6772690000c46c0c66276b714aef58cffe49b7,,1UKdnbreQFDmPg3Mhcjhkr,Falconer,https://open.spotify.com/artist/1UKdnbreQFDmPg3Mhcjhkr,"[{""artist_id"": ""1UKdnbreQFDmPg3Mhcjhkr"", ""artist_name"": ""Falconer"", ""artist_url"": ""https://open.spotify.com/artist/1UKdnbreQFDmPg3Mhcjhkr"", ""monthly_listeners"": ""49330"", ""monthly_listeners_display"": ""49,330"", ""is_approx"": ""false"", ""fetch_error"": """"}]","[{""artist_id"": ""1UKdnbreQFDmPg3Mhcjhkr"", ""artist_name"": ""Falconer"", ""artist_uri"": ""spotify:artist:1UKdnbreQFDmPg3Mhcjhkr"", ""artist_url"": ""https://open.spotify.com/artist/1UKdnbreQFDmPg3Mhcjhkr"", ""artist_type"": ""artist"", ""artist_genres"": """", ""artist_spotify_api_popularity"": """", ""artist_followers_total"": """", ""artist_image_url"": ""https://i.scdn.co/image/ab6772690000c46c0c66276b714aef58cffe49b7"", ""artist_lookup_error"": """", ""artist_monthly_listeners"": ""49330"", ""artist_monthly_listeners_display"": ""49,330"", ""artist_monthly_listeners_is_approx"": ""false"", ""artist_monthly_listeners_source"": ""Spotify public artist page"", ""artist_monthly_listeners_fetch_error"": """"}]",0,,"{""spotify"": ""https://open.spotify.com/track/31BIfWawTAEnp8KsAasy13""}",{}
week1_13july,2026-07-24T08:36:00+00:00,Spotify,Aysima Karçaaltıncaba,aaaaysimaaaa,Week1-User6,Week1-User6 ,1RNu19SNSendzk0U0m8DIW,spotify:playlist:1RNu19SNSendzk0U0m8DIW,https://open.spotify.com/playlist/1RNu19SNSendzk0U0m8DIW,,aaaaysimaaaa,Aysima Karçaaltıncaba,True,False,0,AAAABLhP8Z35CwXwBx+5buK9eMidbin3,30,26,2026-07-21T19:20:11Z,aaaaysimaaaa,primary_artist_monthly_listeners,92170,"92,170",Spotify public artist page,false,,2rV29Dueq15Cq4IyFgINDL,spotify:track:2rV29Dueq15Cq4IyFgINDL,https://open.spotify.com/track/2rV29Dueq15Cq4IyFgINDL,Set This World on Fire,track,4,1,306146,306.146,False,False,True,,https://api.spotify.com/v1/tracks/2rV29Dueq15Cq4IyFgINDL,https://api.spotify.com/v1/tracks/2rV29Dueq15Cq4IyFgINDL,,,DEAT71518805,,,2bMAHTAhkUMjB9ajRxAbit,spotify:album:2bMAHTAhkUMjB9ajRxAbit,https://open.spotify.com/album/2bMAHTAhkUMjB9ajRxAbit,Unity,album,,13,2002-03-13,day,,C: (C) 2002 Dr. Bones; P: (P) 2002 Dr. Bones,,https://i.scdn.co/image/ab67616d0000b273590803396dac7ebccceb38f6,,5TJVsWPUaJxBxWfVZQEt2x,Rage,spotify:artist:5TJVsWPUaJxBxWfVZQEt2x,https://open.spotify.com/artist/5TJVsWPUaJxBxWfVZQEt2x,,,,92170,"92,170",false,Spotify public artist page,,https://i.scdn.co/image/ab6761610000e5ebbb296bc31c8d982074a54793,,5TJVsWPUaJxBxWfVZQEt2x,Rage,https://open.spotify.com/artist/5TJVsWPUaJxBxWfVZQEt2x,"[{""artist_id"": ""5TJVsWPUaJxBxWfVZQEt2x"", ""artist_name"": ""Rage"", ""artist_url"": ""https://open.spotify.com/artist/5TJVsWPUaJxBxWfVZQEt2x"", ""monthly_listeners"": ""92170"", ""monthly_listeners_display"": ""92,170"", ""is_approx"": ""false"", ""fetch_error"": """"}]","[{""artist_id"": ""5TJVsWPUaJxBxWfVZQEt2x"", ""artist_name"": ""Rage"", ""artist_uri"": ""spotify:artist:5TJVsWPUaJxBxWfVZQEt2x"", ""artist_url"": ""https://open.spotify.com/artist/5TJVsWPUaJxBxWfVZQEt2x"", ""artist_type"": ""artist"", ""artist_genres"": """", ""artist_spotify_api_popularity"": """", ""artist_followers_total"": """", ""artist_image_url"": ""https://i.scdn.co/image/ab6761610000e5ebbb296bc31c8d982074a54793"", ""artist_lookup_error"": """", ""artist_monthly_listeners"": ""92170"", ""artist_monthly_listeners_display"": ""92,170"", ""artist_monthly_listeners_is_approx"": ""false"", ""artist_monthly_listeners_source"": ""Spotify public artist page"", ""artist_monthly_listeners_fetch_error"": """"}]",0,,"{""spotify"": ""https://open.spotify.com/track/2rV29Dueq15Cq4IyFgINDL""}",{}
week1_13july,2026-07-24T08:36:00+00:00,Spotify,Aysima Karçaaltıncaba,aaaaysimaaaa,Week1-User6,Week1-User6 ,1RNu19SNSendzk0U0m8DIW,spotify:playlist:1RNu19SNSendzk0U0m8DIW,https://open.spotify.com/playlist/1RNu19SNSendzk0U0m8DIW,,aaaaysimaaaa,Aysima Karçaaltıncaba,True,False,0,AAAABLhP8Z35CwXwBx+5buK9eMidbin3,30,27,2026-07-21T19:20:11Z,aaaaysimaaaa,primary_artist_monthly_listeners,681067,"681,067",Spotify public artist page,false,,15tb65IQDLvVlz8znIQfAu,spotify:track:15tb65IQDLvVlz8znIQfAu,https://open.spotify.com/track/15tb65IQDLvVlz8znIQfAu,Voyage of the Dead Marauder (feat. Patty Gurdy),track,1,1,267530,267.530,False,False,True,,https://api.spotify.com/v1/tracks/15tb65IQDLvVlz8znIQfAu,https://api.spotify.com/v1/tracks/15tb65IQDLvVlz8znIQfAu,,,ATN262428001,,,24Pm8GCzu6JXWOWTjburvl,spotify:album:24Pm8GCzu6JXWOWTjburvl,https://open.spotify.com/album/24Pm8GCzu6JXWOWTjburvl,Voyage of the Dead Marauder,single,,1,2024-02-14,day,,C: (C) 2024 Napalm Records Handels GmbH; P: (P) 2024 Napalm Records Handels GmbH,,https://i.scdn.co/image/ab67616d0000b273eefbdac92de73fe6b1a4f43d,,3OpqU68JpZlzvjAJj3B2Da,Alestorm,spotify:artist:3OpqU68JpZlzvjAJj3B2Da,https://open.spotify.com/artist/3OpqU68JpZlzvjAJj3B2Da,,,,681067,"681,067",false,Spotify public artist page,,https://i.scdn.co/image/ab6761610000e5eb9ad0af7fa3272c5d1197c277,,3OpqU68JpZlzvjAJj3B2Da; 4LmjMMv69tN9V7ggJpva6r,Alestorm; Patty Gurdy,https://open.spotify.com/artist/3OpqU68JpZlzvjAJj3B2Da; https://open.spotify.com/artist/4LmjMMv69tN9V7ggJpva6r,"[{""artist_id"": ""3OpqU68JpZlzvjAJj3B2Da"", ""artist_name"": ""Alestorm"", ""artist_url"": ""https://open.spotify.com/artist/3OpqU68JpZlzvjAJj3B2Da"", ""monthly_listeners"": ""681067"", ""monthly_listeners_display"": ""681,067"", ""is_approx"": ""false"", ""fetch_error"": """"}, {""artist_id"": ""4LmjMMv69tN9V7ggJpva6r"", ""artist_name"": ""Patty Gurdy"", ""artist_url"": ""https://open.spotify.com/artist/4LmjMMv69tN9V7ggJpva6r"", ""monthly_listeners"": ""279570"", ""monthly_listeners_display"": ""279,570"", ""is_approx"": ""false"", ""fetch_error"": """"}]","[{""artist_id"": ""3OpqU68JpZlzvjAJj3B2Da"", ""artist_name"": ""Alestorm"", ""artist_uri"": ""spotify:artist:3OpqU68JpZlzvjAJj3B2Da"", ""artist_url"": ""https://open.spotify.com/artist/3OpqU68JpZlzvjAJj3B2Da"", ""artist_type"": ""artist"", ""artist_genres"": """", ""artist_spotify_api_popularity"": """", ""artist_followers_total"": """", ""artist_image_url"": ""https://i.scdn.co/image/ab6761610000e5eb9ad0af7fa3272c5d1197c277"", ""artist_lookup_error"": """", ""artist_monthly_listeners"": ""681067"", ""artist_monthly_listeners_display"": ""681,067"", ""artist_monthly_listeners_is_approx"": ""false"", ""artist_monthly_listeners_source"": ""Spotify public artist page"", ""artist_monthly_listeners_fetch_error"": """"}, {""artist_id"": ""4LmjMMv69tN9V7ggJpva6r"", ""artist_name"": ""Patty Gurdy"", ""artist_uri"": ""spotify:artist:4LmjMMv69tN9V7ggJpva6r"", ""artist_url"": ""https://open.spotify.com/artist/4LmjMMv69tN9V7ggJpva6r"", ""artist_type"": ""artist"", ""artist_genres"": """", ""artist_spotify_api_popularity"": """", ""artist_followers_total"": """", ""artist_image_url"": ""https://i.scdn.co/image/ab6761610000e5eb065bc0d2514d82b0f1bff528"", ""artist_lookup_error"": """", ""artist_monthly_listeners"": ""279570"", ""artist_monthly_listeners_display"": ""279,570"", ""artist_monthly_listeners_is_approx"": ""false"", ""artist_monthly_listeners_source"": ""Spotify public artist page"", ""artist_monthly_listeners_fetch_error"": """"}]",0,,"{""spotify"": ""https://open.spotify.com/track/15tb65IQDLvVlz8znIQfAu""}",{}
week1_13july,2026-07-24T08:36:00+00:00,Spotify,Aysima Karçaaltıncaba,aaaaysimaaaa,Week1-User6,Week1-User6 ,1RNu19SNSendzk0U0m8DIW,spotify:playlist:1RNu19SNSendzk0U0m8DIW,https://open.spotify.com/playlist/1RNu19SNSendzk0U0m8DIW,,aaaaysimaaaa,Aysima Karçaaltıncaba,True,False,0,AAAABLhP8Z35CwXwBx+5buK9eMidbin3,30,28,2026-07-21T19:20:11Z,aaaaysimaaaa,primary_artist_monthly_listeners,219161,"219,161",Spotify public artist page,false,,4bUnDOBTWfvmUDePpdXQsx,spotify:track:4bUnDOBTWfvmUDePpdXQsx,https://open.spotify.com/track/4bUnDOBTWfvmUDePpdXQsx,Black Flag,track,2,1,296640,296.640,False,False,True,,https://api.spotify.com/v1/tracks/4bUnDOBTWfvmUDePpdXQsx,https://api.spotify.com/v1/tracks/4bUnDOBTWfvmUDePpdXQsx,,,US4E41742502,,,7jdSTiR96uRP2BsetUSLKB,spotify:album:7jdSTiR96uRP2BsetUSLKB,https://open.spotify.com/album/7jdSTiR96uRP2BsetUSLKB,Incorruptible,album,,10,2017-06-16,day,,P: (P) 2017 Century Media Records Ltd.,,https://i.scdn.co/image/ab67616d0000b273f9b8c8a8d271be7c0589b374,,3KEixcRfBS5K3E91Vn1Kdy,Iced Earth,spotify:artist:3KEixcRfBS5K3E91Vn1Kdy,https://open.spotify.com/artist/3KEixcRfBS5K3E91Vn1Kdy,,,,219161,"219,161",false,Spotify public artist page,,https://i.scdn.co/image/a1fa09dcb7f14ee7bad400ad8c0772f1a2ec4468,,3KEixcRfBS5K3E91Vn1Kdy,Iced Earth,https://open.spotify.com/artist/3KEixcRfBS5K3E91Vn1Kdy,"[{""artist_id"": ""3KEixcRfBS5K3E91Vn1Kdy"", ""artist_name"": ""Iced Earth"", ""artist_url"": ""https://open.spotify.com/artist/3KEixcRfBS5K3E91Vn1Kdy"", ""monthly_listeners"": ""219161"", ""monthly_listeners_display"": ""219,161"", ""is_approx"": ""false"", ""fetch_error"": """"}]","[{""artist_id"": ""3KEixcRfBS5K3E91Vn1Kdy"", ""artist_name"": ""Iced Earth"", ""artist_uri"": ""spotify:artist:3KEixcRfBS5K3E91Vn1Kdy"", ""artist_url"": ""https://open.spotify.com/artist/3KEixcRfBS5K3E91Vn1Kdy"", ""artist_type"": ""artist"", ""artist_genres"": """", ""artist_spotify_api_popularity"": """", ""artist_followers_total"": """", ""artist_image_url"": ""https://i.scdn.co/image/a1fa09dcb7f14ee7bad400ad8c0772f1a2ec4468"", ""artist_lookup_error"": """", ""artist_monthly_listeners"": ""219161"", ""artist_monthly_listeners_display"": ""219,161"", ""artist_monthly_listeners_is_approx"": ""false"", ""artist_monthly_listeners_source"": ""Spotify public artist page"", ""artist_monthly_listeners_fetch_error"": """"}]",0,,"{""spotify"": ""https://open.spotify.com/track/4bUnDOBTWfvmUDePpdXQsx""}",{}
week1_13july,2026-07-24T08:36:00+00:00,Spotify,Aysima Karçaaltıncaba,aaaaysimaaaa,Week1-User6,Week1-User6 ,1RNu19SNSendzk0U0m8DIW,spotify:playlist:1RNu19SNSendzk0U0m8DIW,https://open.spotify.com/playlist/1RNu19SNSendzk0U0m8DIW,,aaaaysimaaaa,Aysima Karçaaltıncaba,True,False,0,AAAABLhP8Z35CwXwBx+5buK9eMidbin3,30,29,2026-07-21T19:20:11Z,aaaaysimaaaa,primary_artist_monthly_listeners,368660,"368,660",Spotify public artist page,false,,1NQCQj6x94ZBEPSODneBHw,spotify:track:1NQCQj6x94ZBEPSODneBHw,https://open.spotify.com/track/1NQCQj6x94ZBEPSODneBHw,The Village of Dwarves,track,4,1,232173,232.173,False,False,True,,https://api.spotify.com/v1/tracks/1NQCQj6x94ZBEPSODneBHw,https://api.spotify.com/v1/tracks/1NQCQj6x94ZBEPSODneBHw,,,DET270002304,,,6T6i4ZLAwRHVOxRaQnC5js,spotify:album:6T6i4ZLAwRHVOxRaQnC5js,https://open.spotify.com/album/6T6i4ZLAwRHVOxRaQnC5js,Dawn of Victory,album,,10,2000,year,,C: (C) 2000 Limb Music,,https://i.scdn.co/image/ab67616d0000b273012217969f1979b6f050068b,,0zQfrabOFYf36Ikb6PXcCY,Rhapsody,spotify:artist:0zQfrabOFYf36Ikb6PXcCY,https://open.spotify.com/artist/0zQfrabOFYf36Ikb6PXcCY,,,,368660,"368,660",false,Spotify public artist page,,https://i.scdn.co/image/ab6761610000e5eb902fae03243cae6e08caf99a,,0zQfrabOFYf36Ikb6PXcCY,Rhapsody,https://open.spotify.com/artist/0zQfrabOFYf36Ikb6PXcCY,"[{""artist_id"": ""0zQfrabOFYf36Ikb6PXcCY"", ""artist_name"": ""Rhapsody"", ""artist_url"": ""https://open.spotify.com/artist/0zQfrabOFYf36Ikb6PXcCY"", ""monthly_listeners"": ""368660"", ""monthly_listeners_display"": ""368,660"", ""is_approx"": ""false"", ""fetch_error"": """"}]","[{""artist_id"": ""0zQfrabOFYf36Ikb6PXcCY"", ""artist_name"": ""Rhapsody"", ""artist_uri"": ""spotify:artist:0zQfrabOFYf36Ikb6PXcCY"", ""artist_url"": ""https://open.spotify.com/artist/0zQfrabOFYf36Ikb6PXcCY"", ""artist_type"": ""artist"", ""artist_genres"": """", ""artist_spotify_api_popularity"": """", ""artist_followers_total"": """", ""artist_image_url"": ""https://i.scdn.co/image/ab6761610000e5eb902fae03243cae6e08caf99a"", ""artist_lookup_error"": """", ""artist_monthly_listeners"": ""368660"", ""artist_monthly_listeners_display"": ""368,660"", ""artist_monthly_listeners_is_approx"": ""false"", ""artist_monthly_listeners_source"": ""Spotify public artist page"", ""artist_monthly_listeners_fetch_error"": """"}]",0,,"{""spotify"": ""https://open.spotify.com/track/1NQCQj6x94ZBEPSODneBHw""}",{}
week1_13july,2026-07-24T08:36:00+00:00,Spotify,Aysima Karçaaltıncaba,aaaaysimaaaa,Week1-User6,Week1-User6 ,1RNu19SNSendzk0U0m8DIW,spotify:playlist:1RNu19SNSendzk0U0m8DIW,https://open.spotify.com/playlist/1RNu19SNSendzk0U0m8DIW,,aaaaysimaaaa,Aysima Karçaaltıncaba,True,False,0,AAAABLhP8Z35CwXwBx+5buK9eMidbin3,30,30,2026-07-21T19:20:11Z,aaaaysimaaaa,primary_artist_monthly_listeners,170740,"170,740",Spotify public artist page,false,,6tTv9op5ImYyTmpN9jX7PK,spotify:track:6tTv9op5ImYyTmpN9jX7PK,https://open.spotify.com/track/6tTv9op5ImYyTmpN9jX7PK,Send Me a Sign,track,3,1,246866,246.866,False,False,True,,https://api.spotify.com/v1/tracks/6tTv9op5ImYyTmpN9jX7PK,https://api.spotify.com/v1/tracks/6tTv9op5ImYyTmpN9jX7PK,,,DEA249930003,,,2KofNAUSGmdzvCGohSLZpl,spotify:album:2KofNAUSGmdzvCGohSLZpl,https://open.spotify.com/album/2KofNAUSGmdzvCGohSLZpl,Power Plant,album,,11,1999-03-29,day,,"C: 2022 earMUSIC, a label of Edel Music & Entertainment GmbH.; P: 1999 Gamma Ray / earMUSIC, a label of Edel Music & Entertainment GmbH.",,https://i.scdn.co/image/ab67616d0000b273974a3f96a9d1b54e5354fc5f,,6LZE884lDIsCSLHuTplfGp,Gamma Ray,spotify:artist:6LZE884lDIsCSLHuTplfGp,https://open.spotify.com/artist/6LZE884lDIsCSLHuTplfGp,,,,170740,"170,740",false,Spotify public artist page,,https://i.scdn.co/image/ab6772690000c46c1110b1a024312710e7c796c4,,6LZE884lDIsCSLHuTplfGp,Gamma Ray,https://open.spotify.com/artist/6LZE884lDIsCSLHuTplfGp,"[{""artist_id"": ""6LZE884lDIsCSLHuTplfGp"", ""artist_name"": ""Gamma Ray"", ""artist_url"": ""https://open.spotify.com/artist/6LZE884lDIsCSLHuTplfGp"", ""monthly_listeners"": ""170740"", ""monthly_listeners_display"": ""170,740"", ""is_approx"": ""false"", ""fetch_error"": """"}]","[{""artist_id"": ""6LZE884lDIsCSLHuTplfGp"", ""artist_name"": ""Gamma Ray"", ""artist_uri"": ""spotify:artist:6LZE884lDIsCSLHuTplfGp"", ""artist_url"": ""https://open.spotify.com/artist/6LZE884lDIsCSLHuTplfGp"", ""artist_type"": ""artist"", ""artist_genres"": """", ""artist_spotify_api_popularity"": """", ""artist_followers_total"": """", ""artist_image_url"": ""https://i.scdn.co/image/ab6772690000c46c1110b1a024312710e7c796c4"", ""artist_lookup_error"": """", ""artist_monthly_listeners"": ""170740"", ""artist_monthly_listeners_display"": ""170,740"", ""artist_monthly_listeners_is_approx"": ""false"", ""artist_monthly_listeners_source"": ""Spotify public artist page"", ""artist_monthly_listeners_fetch_error"": """"}]",0,,"{""spotify"": ""https://open.spotify.com/track/6tTv9op5ImYyTmpN9jX7PK""}",{}
week1_13july,2026-07-24T08:36:00+00:00,Spotify,Aysima Karçaaltıncaba,aaaaysimaaaa,Week1-User7,Week 1-User7,5VlUNznEaGQKKZNZl1o67Z,spotify:playlist:5VlUNznEaGQKKZNZl1o67Z,https://open.spotify.com/playlist/5VlUNznEaGQKKZNZl1o67Z,,aaaaysimaaaa,Aysima Karçaaltıncaba,True,False,0,AAAABos9q9AcHacydEVHRHoqdzNPwcDp,30,1,2026-07-21T19:11:47Z,aaaaysimaaaa,primary_artist_monthly_listeners,3115408,"3,115,408",Spotify public artist page,false,,4fmr8c3rh0dUKjw14UGfaH,spotify:track:4fmr8c3rh0dUKjw14UGfaH,https://open.spotify.com/track/4fmr8c3rh0dUKjw14UGfaH,Great War,track,7,1,268266,268.266,False,False,True,,https://api.spotify.com/v1/tracks/4fmr8c3rh0dUKjw14UGfaH,https://api.spotify.com/v1/tracks/4fmr8c3rh0dUKjw14UGfaH,,,SE2EG1900107,,,7FtCDX4COLE3HR2vBv7411,spotify:album:7FtCDX4COLE3HR2vBv7411,https://open.spotify.com/album/7FtCDX4COLE3HR2vBv7411,The Great War,album,,11,2019-07-19,day,,C: 2019 Nuclear Blast; P: 2019 Nuclear Blast,,https://i.scdn.co/image/ab67616d0000b273b37a2bb117c7ae30ee77b6bd,,3o2dn2O0FCVsWDFSh8qxgG,Sabaton,spotify:artist:3o2dn2O0FCVsWDFSh8qxgG,https://open.spotify.com/artist/3o2dn2O0FCVsWDFSh8qxgG,,,,3115408,"3,115,408",false,Spotify public artist page,,https://i.scdn.co/image/ab6761610000e5ebfc0524cca1171fac8678f4bf,,3o2dn2O0FCVsWDFSh8qxgG,Sabaton,https://open.spotify.com/artist/3o2dn2O0FCVsWDFSh8qxgG,"[{""artist_id"": ""3o2dn2O0FCVsWDFSh8qxgG"", ""artist_name"": ""Sabaton"", ""artist_url"": ""https://open.spotify.com/artist/3o2dn2O0FCVsWDFSh8qxgG"", ""monthly_listeners"": ""3115408"", ""monthly_listeners_display"": ""3,115,408"", ""is_approx"": ""false"", ""fetch_error"": """"}]","[{""artist_id"": ""3o2dn2O0FCVsWDFSh8qxgG"", ""artist_name"": ""Sabaton"", ""artist_uri"": ""spotify:artist:3o2dn2O0FCVsWDFSh8qxgG"", ""artist_url"": ""https://open.spotify.com/artist/3o2dn2O0FCVsWDFSh8qxgG"", ""artist_type"": ""artist"", ""artist_genres"": """", ""artist_spotify_api_popularity"": """", ""artist_followers_total"": """", ""artist_image_url"": ""https://i.scdn.co/image/ab6761610000e5ebfc0524cca1171fac8678f4bf"", ""artist_lookup_error"": """", ""artist_monthly_listeners"": ""3115408"", ""artist_monthly_listeners_display"": ""3,115,408"", ""artist_monthly_listeners_is_approx"": ""false"", ""artist_monthly_listeners_source"": ""Spotify public artist page"", ""artist_monthly_listeners_fetch_error"": """"}]",0,,"{""spotify"": ""https://open.spotify.com/track/4fmr8c3rh0dUKjw14UGfaH""}",{}
week1_13july,2026-07-24T08:36:00+00:00,Spotify,Aysima Karçaaltıncaba,aaaaysimaaaa,Week1-User7,Week 1-User7,5VlUNznEaGQKKZNZl1o67Z,spotify:playlist:5VlUNznEaGQKKZNZl1o67Z,https://open.spotify.com/playlist/5VlUNznEaGQKKZNZl1o67Z,,aaaaysimaaaa,Aysima Karçaaltıncaba,True,False,0,AAAABos9q9AcHacydEVHRHoqdzNPwcDp,30,2,2026-07-21T19:11:47Z,aaaaysimaaaa,primary_artist_monthly_listeners,858884,"858,884",Spotify public artist page,false,,18S33odAheWBHbVAefiRLM,spotify:track:18S33odAheWBHbVAefiRLM,https://open.spotify.com/track/18S33odAheWBHbVAefiRLM,Last Man Standing,track,2,1,270233,270.233,False,False,True,,https://api.spotify.com/v1/tracks/18S33odAheWBHbVAefiRLM,https://api.spotify.com/v1/tracks/18S33odAheWBHbVAefiRLM,,,DED830703330,,,19B8sBoHytS1ntvmy2QVju,spotify:album:19B8sBoHytS1ntvmy2QVju,https://open.spotify.com/album/19B8sBoHytS1ntvmy2QVju,Any Means Necessary,single,,5,2009-02-06,day,,C: 2009 Nuclear Blast; P: 2009 Nuclear Blast,,https://i.scdn.co/image/ab67616d0000b273c8dd5218e5719be484138964,,2o18h28enlHxj887tATc58,HammerFall,spotify:artist:2o18h28enlHxj887tATc58,https://open.spotify.com/artist/2o18h28enlHxj887tATc58,,,,858884,"858,884",false,Spotify public artist page,,https://i.scdn.co/image/ab6761610000e5eb9a0164f238589f0c0ca31088,,2o18h28enlHxj887tATc58,HammerFall,https://open.spotify.com/artist/2o18h28enlHxj887tATc58,"[{""artist_id"": ""2o18h28enlHxj887tATc58"", ""artist_name"": ""HammerFall"", ""artist_url"": ""https://open.spotify.com/artist/2o18h28enlHxj887tATc58"", ""monthly_listeners"": ""858884"", ""monthly_listeners_display"": ""858,884"", ""is_approx"": ""false"", ""fetch_error"": """"}]","[{""artist_id"": ""2o18h28enlHxj887tATc58"", ""artist_name"": ""HammerFall"", ""artist_uri"": ""spotify:artist:2o18h28enlHxj887tATc58"", ""artist_url"": ""https://open.spotify.com/artist/2o18h28enlHxj887tATc58"", ""artist_type"": ""artist"", ""artist_genres"": """", ""artist_spotify_api_popularity"": """", ""artist_followers_total"": """", ""artist_image_url"": ""https://i.scdn.co/image/ab6761610000e5eb9a0164f238589f0c0ca31088"", ""artist_lookup_error"": """", ""artist_monthly_listeners"": ""858884"", ""artist_monthly_listeners_display"": ""858,884"", ""artist_monthly_listeners_is_approx"": ""false"", ""artist_monthly_listeners_source"": ""Spotify public artist page"", ""artist_monthly_listeners_fetch_error"": """"}]",0,,"{""spotify"": ""https://open.spotify.com/track/18S33odAheWBHbVAefiRLM""}",{}
week1_13july,2026-07-24T08:36:00+00:00,Spotify,Aysima Karçaaltıncaba,aaaaysimaaaa,Week1-User7,Week 1-User7,5VlUNznEaGQKKZNZl1o67Z,spotify:playlist:5VlUNznEaGQKKZNZl1o67Z,https://open.spotify.com/playlist/5VlUNznEaGQKKZNZl1o67Z,,aaaaysimaaaa,Aysima Karçaaltıncaba,True,False,0,AAAABos9q9AcHacydEVHRHoqdzNPwcDp,30,3,2026-07-21T19:11:47Z,aaaaysimaaaa,primary_artist_monthly_listeners,193731,"193,731",Spotify public artist page,false,,0wwAkc9n9SfV27COAK2AUH,spotify:track:0wwAkc9n9SfV27COAK2AUH,https://open.spotify.com/track/0wwAkc9n9SfV27COAK2AUH,Iron,track,2,1,233186,233.186,False,False,True,,https://api.spotify.com/v1/tracks/0wwAkc9n9SfV27COAK2AUH,https://api.spotify.com/v1/tracks/0wwAkc9n9SfV27COAK2AUH,,,FISFS0400002,,,1UrdsJhCNyCqmBn9zy2Ut9,spotify:album:1UrdsJhCNyCqmBn9zy2Ut9,https://open.spotify.com/album/1UrdsJhCNyCqmBn9zy2Ut9,Iron,album,,11,2008-01-01,day,,C: 2008 Spin-Farm Oy; P: 2008 Spin-Farm Oy,,https://i.scdn.co/image/ab67616d0000b273f6df9f51261fd69be472723e,,0krXCIkthz13P8o0v2tksH,Ensiferum,spotify:artist:0krXCIkthz13P8o0v2tksH,https://open.spotify.com/artist/0krXCIkthz13P8o0v2tksH,,,,193731,"193,731",false,Spotify public artist page,,https://i.scdn.co/image/ab6761610000e5eb0a5ef9d5834390b5ebdee107,,0krXCIkthz13P8o0v2tksH,Ensiferum,https://open.spotify.com/artist/0krXCIkthz13P8o0v2tksH,"[{""artist_id"": ""0krXCIkthz13P8o0v2tksH"", ""artist_name"": ""Ensiferum"", ""artist_url"": ""https://open.spotify.com/artist/0krXCIkthz13P8o0v2tksH"", ""monthly_listeners"": ""193731"", ""monthly_listeners_display"": ""193,731"", ""is_approx"": ""false"", ""fetch_error"": """"}]","[{""artist_id"": ""0krXCIkthz13P8o0v2tksH"", ""artist_name"": ""Ensiferum"", ""artist_uri"": ""spotify:artist:0krXCIkthz13P8o0v2tksH"", ""artist_url"": ""https://open.spotify.com/artist/0krXCIkthz13P8o0v2tksH"", ""artist_type"": ""artist"", ""artist_genres"": """", ""artist_spotify_api_popularity"": """", ""artist_followers_total"": """", ""artist_image_url"": ""https://i.scdn.co/image/ab6761610000e5eb0a5ef9d5834390b5ebdee107"", ""artist_lookup_error"": """", ""artist_monthly_listeners"": ""193731"", ""artist_monthly_listeners_display"": ""193,731"", ""artist_monthly_listeners_is_approx"": ""false"", ""artist_monthly_listeners_source"": ""Spotify public artist page"", ""artist_monthly_listeners_fetch_error"": """"}]",0,,"{""spotify"": ""https://open.spotify.com/track/0wwAkc9n9SfV27COAK2AUH""}",{}
week1_13july,2026-07-24T08:36:00+00:00,Spotify,Aysima Karçaaltıncaba,aaaaysimaaaa,Week1-User7,Week 1-User7,5VlUNznEaGQKKZNZl1o67Z,spotify:playlist:5VlUNznEaGQKKZNZl1o67Z,https://open.spotify.com/playlist/5VlUNznEaGQKKZNZl1o67Z,,aaaaysimaaaa,Aysima Karçaaltıncaba,True,False,0,AAAABos9q9AcHacydEVHRHoqdzNPwcDp,30,4,2026-07-21T19:11:47Z,aaaaysimaaaa,primary_artist_monthly_listeners,25447,"25,447",Spotify public artist page,false,,09OnB8xeghs8FRnu4dJKmU,spotify:track:09OnB8xeghs8FRnu4dJKmU,https://open.spotify.com/track/09OnB8xeghs8FRnu4dJKmU,Still Alive,track,3,1,242626,242.626,False,False,True,,https://api.spotify.com/v1/tracks/09OnB8xeghs8FRnu4dJKmU,https://api.spotify.com/v1/tracks/09OnB8xeghs8FRnu4dJKmU,,,US4E40529203,,,4QMOKIrJCvPTwbimx6uB26,spotify:album:4QMOKIrJCvPTwbimx6uB26,https://open.spotify.com/album/4QMOKIrJCvPTwbimx6uB26,Grand Illusion,album,,10,2006-07-13,day,,P: (P) 2005 Century Media Records Ltd.,,https://i.scdn.co/image/ab67616d0000b273d43cad94e8d49fd67f0c8928,,0dSoaJ8iEP3aid30p18O2g,Nocturnal Rites,spotify:artist:0dSoaJ8iEP3aid30p18O2g,https://open.spotify.com/artist/0dSoaJ8iEP3aid30p18O2g,,,,25447,"25,447",false,Spotify public artist page,,https://i.scdn.co/image/ab6772690000c46c16a47c3d98bb7ee498dfcc48,,0dSoaJ8iEP3aid30p18O2g,Nocturnal Rites,https://open.spotify.com/artist/0dSoaJ8iEP3aid30p18O2g,"[{""artist_id"": ""0dSoaJ8iEP3aid30p18O2g"", ""artist_name"": ""Nocturnal Rites"", ""artist_url"": ""https://open.spotify.com/artist/0dSoaJ8iEP3aid30p18O2g"", ""monthly_listeners"": ""25447"", ""monthly_listeners_display"": ""25,447"", ""is_approx"": ""false"", ""fetch_error"": """"}]","[{""artist_id"": ""0dSoaJ8iEP3aid30p18O2g"", ""artist_name"": ""Nocturnal Rites"", ""artist_uri"": ""spotify:artist:0dSoaJ8iEP3aid30p18O2g"", ""artist_url"": ""https://open.spotify.com/artist/0dSoaJ8iEP3aid30p18O2g"", ""artist_type"": ""artist"", ""artist_genres"": """", ""artist_spotify_api_popularity"": """", ""artist_followers_total"": """", ""artist_image_url"": ""https://i.scdn.co/image/ab6772690000c46c16a47c3d98bb7ee498dfcc48"", ""artist_lookup_error"": """", ""artist_monthly_listeners"": ""25447"", ""artist_monthly_listeners_display"": ""25,447"", ""artist_monthly_listeners_is_approx"": ""false"", ""artist_monthly_listeners_source"": ""Spotify public artist page"", ""artist_monthly_listeners_fetch_error"": """"}]",0,,"{""spotify"": ""https://open.spotify.com/track/09OnB8xeghs8FRnu4dJKmU""}",{}
week1_13july,2026-07-24T08:36:00+00:00,Spotify,Aysima Karçaaltıncaba,aaaaysimaaaa,Week1-User7,Week 1-User7,5VlUNznEaGQKKZNZl1o67Z,spotify:playlist:5VlUNznEaGQKKZNZl1o67Z,https://open.spotify.com/playlist/5VlUNznEaGQKKZNZl1o67Z,,aaaaysimaaaa,Aysima Karçaaltıncaba,True,False,0,AAAABos9q9AcHacydEVHRHoqdzNPwcDp,30,5,2026-07-21T19:11:47Z,aaaaysimaaaa,primary_artist_monthly_listeners,57678,"57,678",Spotify public artist page,false,,4mJmi9z3o1B6k2vry39Ufh,spotify:track:4mJmi9z3o1B6k2vry39Ufh,https://open.spotify.com/track/4mJmi9z3o1B6k2vry39Ufh,Heavy Metal Never Dies,track,5,1,254386,254.386,False,False,True,,https://api.spotify.com/v1/tracks/4mJmi9z3o1B6k2vry39Ufh,https://api.spotify.com/v1/tracks/4mJmi9z3o1B6k2vry39Ufh,,,DEU601103715,,,2UhgoMIFgbaiLHuiB0qjHU,spotify:album:2UhgoMIFgbaiLHuiB0qjHU,https://open.spotify.com/album/2UhgoMIFgbaiLHuiB0qjHU,The Landing,album,,11,2011-11-18,day,,C: 2011 AFM Records; P: 2011 AFM Records,,https://i.scdn.co/image/ab67616d0000b27396cd0b3287f32ec509c46fed,,6COmyouHXwCeIGS1IFd1PA,Iron Savior,spotify:artist:6COmyouHXwCeIGS1IFd1PA,https://open.spotify.com/artist/6COmyouHXwCeIGS1IFd1PA,,,,57678,"57,678",false,Spotify public artist page,,https://i.scdn.co/image/ab6761610000e5ebb3e6e0ca2f30c6aefc2363ae,,6COmyouHXwCeIGS1IFd1PA,Iron Savior,https://open.spotify.com/artist/6COmyouHXwCeIGS1IFd1PA,"[{""artist_id"": ""6COmyouHXwCeIGS1IFd1PA"", ""artist_name"": ""Iron Savior"", ""artist_url"": ""https://open.spotify.com/artist/6COmyouHXwCeIGS1IFd1PA"", ""monthly_listeners"": ""57678"", ""monthly_listeners_display"": ""57,678"", ""is_approx"": ""false"", ""fetch_error"": """"}]","[{""artist_id"": ""6COmyouHXwCeIGS1IFd1PA"", ""artist_name"": ""Iron Savior"", ""artist_uri"": ""spotify:artist:6COmyouHXwCeIGS1IFd1PA"", ""artist_url"": ""https://open.spotify.com/artist/6COmyouHXwCeIGS1IFd1PA"", ""artist_type"": ""artist"", ""artist_genres"": """", ""artist_spotify_api_popularity"": """", ""artist_followers_total"": """", ""artist_image_url"": ""https://i.scdn.co/image/ab6761610000e5ebb3e6e0ca2f30c6aefc2363ae"", ""artist_lookup_error"": """", ""artist_monthly_listeners"": ""57678"", ""artist_monthly_listeners_display"": ""57,678"", ""artist_monthly_listeners_is_approx"": ""false"", ""artist_monthly_listeners_source"": ""Spotify public artist page"", ""artist_monthly_listeners_fetch_error"": """"}]",0,,"{""spotify"": ""https://open.spotify.com/track/4mJmi9z3o1B6k2vry39Ufh""}",{}
week1_13july,2026-07-24T08:36:00+00:00,Spotify,Aysima Karçaaltıncaba,aaaaysimaaaa,Week1-User7,Week 1-User7,5VlUNznEaGQKKZNZl1o67Z,spotify:playlist:5VlUNznEaGQKKZNZl1o67Z,https://open.spotify.com/playlist/5VlUNznEaGQKKZNZl1o67Z,,aaaaysimaaaa,Aysima Karçaaltıncaba,True,False,0,AAAABos9q9AcHacydEVHRHoqdzNPwcDp,30,6,2026-07-21T19:11:47Z,aaaaysimaaaa,primary_artist_monthly_listeners,594132,"594,132",Spotify public artist page,false,,4gFhLQA90CAFuS0Ma8aIiX,spotify:track:4gFhLQA90CAFuS0Ma8aIiX,https://open.spotify.com/track/4gFhLQA90CAFuS0Ma8aIiX,Mirror Mirror - Remastered 2007,track,9,1,306013,306.013,False,False,True,,https://api.spotify.com/v1/tracks/4gFhLQA90CAFuS0Ma8aIiX,https://api.spotify.com/v1/tracks/4gFhLQA90CAFuS0Ma8aIiX,,,DED831701047,,,7EPGJTyG9MQ6gJWANmL4n3,spotify:album:7EPGJTyG9MQ6gJWANmL4n3,https://open.spotify.com/album/7EPGJTyG9MQ6gJWANmL4n3,Nightfall in Middle Earth (Remastered 2007),album,,23,1998-04-28,day,,C: 2017 Nuclear Blast; P: 2017 Nuclear Blast,,https://i.scdn.co/image/ab67616d0000b2735e77d3ce3a4f7f382daaf46f,,7jxJ25p0pPjk0MStloN6o6,Blind Guardian,spotify:artist:7jxJ25p0pPjk0MStloN6o6,https://open.spotify.com/artist/7jxJ25p0pPjk0MStloN6o6,,,,594132,"594,132",false,Spotify public artist page,,https://i.scdn.co/image/ab6761610000e5eb26139a78b669ae67aacde9f3,,7jxJ25p0pPjk0MStloN6o6,Blind Guardian,https://open.spotify.com/artist/7jxJ25p0pPjk0MStloN6o6,"[{""artist_id"": ""7jxJ25p0pPjk0MStloN6o6"", ""artist_name"": ""Blind Guardian"", ""artist_url"": ""https://open.spotify.com/artist/7jxJ25p0pPjk0MStloN6o6"", ""monthly_listeners"": ""594132"", ""monthly_listeners_display"": ""594,132"", ""is_approx"": ""false"", ""fetch_error"": """"}]","[{""artist_id"": ""7jxJ25p0pPjk0MStloN6o6"", ""artist_name"": ""Blind Guardian"", ""artist_uri"": ""spotify:artist:7jxJ25p0pPjk0MStloN6o6"", ""artist_url"": ""https://open.spotify.com/artist/7jxJ25p0pPjk0MStloN6o6"", ""artist_type"": ""artist"", ""artist_genres"": """", ""artist_spotify_api_popularity"": """", ""artist_followers_total"": """", ""artist_image_url"": ""https://i.scdn.co/image/ab6761610000e5eb26139a78b669ae67aacde9f3"", ""artist_lookup_error"": """", ""artist_monthly_listeners"": ""594132"", ""artist_monthly_listeners_display"": ""594,132"", ""artist_monthly_listeners_is_approx"": ""false"", ""artist_monthly_listeners_source"": ""Spotify public artist page"", ""artist_monthly_listeners_fetch_error"": """"}]",0,,"{""spotify"": ""https://open.spotify.com/track/4gFhLQA90CAFuS0Ma8aIiX""}",{}
week1_13july,2026-07-24T08:36:00+00:00,Spotify,Aysima Karçaaltıncaba,aaaaysimaaaa,Week1-User7,Week 1-User7,5VlUNznEaGQKKZNZl1o67Z,spotify:playlist:5VlUNznEaGQKKZNZl1o67Z,https://open.spotify.com/playlist/5VlUNznEaGQKKZNZl1o67Z,,aaaaysimaaaa,Aysima Karçaaltıncaba,True,False,0,AAAABos9q9AcHacydEVHRHoqdzNPwcDp,30,7,2026-07-21T19:11:47Z,aaaaysimaaaa,primary_artist_monthly_listeners,845438,"845,438",Spotify public artist page,false,,3HQVanEnLlPtywbJai0uiG,spotify:track:3HQVanEnLlPtywbJai0uiG,https://open.spotify.com/track/3HQVanEnLlPtywbJai0uiG,Hunting High And Low,track,1,1,248666,248.666,False,False,True,,https://api.spotify.com/v1/tracks/3HQVanEnLlPtywbJai0uiG,https://api.spotify.com/v1/tracks/3HQVanEnLlPtywbJai0uiG,,,DEH841000203,,,3AQEnSSwH63u9D6G9T6ozL,spotify:album:3AQEnSSwH63u9D6G9T6ozL,https://open.spotify.com/album/3AQEnSSwH63u9D6G9T6ozL,Infinite,album,,10,2000-03-28,day,,C: 2000 Stratovarius under exclusive license to Odyssey Music Network GmbH; P: 2000 Stratovarius under exclusive license to Odyssey Music Network GmbH,,https://i.scdn.co/image/ab67616d0000b273b0ae81f14787f57881a9ee7f,,1O8CSXsPwEqxcoBE360PPO,Stratovarius,spotify:artist:1O8CSXsPwEqxcoBE360PPO,https://open.spotify.com/artist/1O8CSXsPwEqxcoBE360PPO,,,,845438,"845,438",false,Spotify public artist page,,https://i.scdn.co/image/ab6761610000e5eb4733f393ad04f47b31edaadb,,1O8CSXsPwEqxcoBE360PPO,Stratovarius,https://open.spotify.com/artist/1O8CSXsPwEqxcoBE360PPO,"[{""artist_id"": ""1O8CSXsPwEqxcoBE360PPO"", ""artist_name"": ""Stratovarius"", ""artist_url"": ""https://open.spotify.com/artist/1O8CSXsPwEqxcoBE360PPO"", ""monthly_listeners"": ""845438"", ""monthly_listeners_display"": ""845,438"", ""is_approx"": ""false"", ""fetch_error"": """"}]","[{""artist_id"": ""1O8CSXsPwEqxcoBE360PPO"", ""artist_name"": ""Stratovarius"", ""artist_uri"": ""spotify:artist:1O8CSXsPwEqxcoBE360PPO"", ""artist_url"": ""https://open.spotify.com/artist/1O8CSXsPwEqxcoBE360PPO"", ""artist_type"": ""artist"", ""artist_genres"": """", ""artist_spotify_api_popularity"": """", ""artist_followers_total"": """", ""artist_image_url"": ""https://i.scdn.co/image/ab6761610000e5eb4733f393ad04f47b31edaadb"", ""artist_lookup_error"": """", ""artist_monthly_listeners"": ""845438"", ""artist_monthly_listeners_display"": ""845,438"", ""artist_monthly_listeners_is_approx"": ""false"", ""artist_monthly_listeners_source"": ""Spotify public artist page"", ""artist_monthly_listeners_fetch_error"": """"}]",0,,"{""spotify"": ""https://open.spotify.com/track/3HQVanEnLlPtywbJai0uiG""}",{}
week1_13july,2026-07-24T08:36:00+00:00,Spotify,Aysima Karçaaltıncaba,aaaaysimaaaa,Week1-User7,Week 1-User7,5VlUNznEaGQKKZNZl1o67Z,spotify:playlist:5VlUNznEaGQKKZNZl1o67Z,https://open.spotify.com/playlist/5VlUNznEaGQKKZNZl1o67Z,,aaaaysimaaaa,Aysima Karçaaltıncaba,True,False,0,AAAABos9q9AcHacydEVHRHoqdzNPwcDp,30,8,2026-07-21T19:11:47Z,aaaaysimaaaa,primary_artist_monthly_listeners,1035240,"1,035,240",Spotify public artist page,false,,5HkvAtKEPDLmchWYmepqYB,spotify:track:5HkvAtKEPDLmchWYmepqYB,https://open.spotify.com/track/5HkvAtKEPDLmchWYmepqYB,Hail and Kill,track,8,1,357026,357.026,False,False,True,,https://api.spotify.com/v1/tracks/5HkvAtKEPDLmchWYmepqYB,https://api.spotify.com/v1/tracks/5HkvAtKEPDLmchWYmepqYB,,,USAT20102851,,,7lZkD6ntnGAhmWowltbOYB,spotify:album:7lZkD6ntnGAhmWowltbOYB,https://open.spotify.com/album/7lZkD6ntnGAhmWowltbOYB,Kings of Metal,album,,10,1988-11-01,day,,C: © 1988 Atlantic Recording Corporation for the United States and WEA International Inc. for the world outside of the United States; P: ℗ 1988 Atlantic Recording Corporation for the United States and WEA International Inc. for the world outside of the United States,,https://i.scdn.co/image/ab67616d0000b2732612add61ad53e5a5d33c2d4,,4CzUzn54Cp9TQr6a7JIlMZ,Manowar,spotify:artist:4CzUzn54Cp9TQr6a7JIlMZ,https://open.spotify.com/artist/4CzUzn54Cp9TQr6a7JIlMZ,,,,1035240,"1,035,240",false,Spotify public artist page,,https://i.scdn.co/image/ab6761610000e5eba4780fe15900fbd223cd4f48,,4CzUzn54Cp9TQr6a7JIlMZ,Manowar,https://open.spotify.com/artist/4CzUzn54Cp9TQr6a7JIlMZ,"[{""artist_id"": ""4CzUzn54Cp9TQr6a7JIlMZ"", ""artist_name"": ""Manowar"", ""artist_url"": ""https://open.spotify.com/artist/4CzUzn54Cp9TQr6a7JIlMZ"", ""monthly_listeners"": ""1035240"", ""monthly_listeners_display"": ""1,035,240"", ""is_approx"": ""false"", ""fetch_error"": """"}]","[{""artist_id"": ""4CzUzn54Cp9TQr6a7JIlMZ"", ""artist_name"": ""Manowar"", ""artist_uri"": ""spotify:artist:4CzUzn54Cp9TQr6a7JIlMZ"", ""artist_url"": ""https://open.spotify.com/artist/4CzUzn54Cp9TQr6a7JIlMZ"", ""artist_type"": ""artist"", ""artist_genres"": """", ""artist_spotify_api_popularity"": """", ""artist_followers_total"": """", ""artist_image_url"": ""https://i.scdn.co/image/ab6761610000e5eba4780fe15900fbd223cd4f48"", ""artist_lookup_error"": """", ""artist_monthly_listeners"": ""1035240"", ""artist_monthly_listeners_display"": ""1,035,240"", ""artist_monthly_listeners_is_approx"": ""false"", ""artist_monthly_listeners_source"": ""Spotify public artist page"", ""artist_monthly_listeners_fetch_error"": """"}]",0,,"{""spotify"": ""https://open.spotify.com/track/5HkvAtKEPDLmchWYmepqYB""}",{}
week1_13july,2026-07-24T08:36:00+00:00,Spotify,Aysima Karçaaltıncaba,aaaaysimaaaa,Week1-User7,Week 1-User7,5VlUNznEaGQKKZNZl1o67Z,spotify:playlist:5VlUNznEaGQKKZNZl1o67Z,https://open.spotify.com/playlist/5VlUNznEaGQKKZNZl1o67Z,,aaaaysimaaaa,Aysima Karçaaltıncaba,True,False,0,AAAABos9q9AcHacydEVHRHoqdzNPwcDp,30,9,2026-07-21T19:11:47Z,aaaaysimaaaa,primary_artist_monthly_listeners,290277,"290,277",Spotify public artist page,false,,4wEtmW6jIuPQ8NTYHbkOGm,spotify:track:4wEtmW6jIuPQ8NTYHbkOGm,https://open.spotify.com/track/4wEtmW6jIuPQ8NTYHbkOGm,King of Fools,track,10,1,215320,215.320,False,False,True,,https://api.spotify.com/v1/tracks/4wEtmW6jIuPQ8NTYHbkOGm,https://api.spotify.com/v1/tracks/4wEtmW6jIuPQ8NTYHbkOGm,,,DED830370705,,,0ilazW0ucXedFYUgKFZkqT,spotify:album:0ilazW0ucXedFYUgKFZkqT,https://open.spotify.com/album/0ilazW0ucXedFYUgKFZkqT,The Singles,album,,14,2008-11-14,day,,C: 2008 Nuclear Blast; P: 2008 Nuclear Blast,,https://i.scdn.co/image/ab67616d0000b273834529912144b18eb39d773b,,3AGFqPP3gt5rMSvhR87Xxu,Edguy,spotify:artist:3AGFqPP3gt5rMSvhR87Xxu,https://open.spotify.com/artist/3AGFqPP3gt5rMSvhR87Xxu,,,,290277,"290,277",false,Spotify public artist page,,https://i.scdn.co/image/ab6772690000c46cec078670d746fddbe7674e78,,3AGFqPP3gt5rMSvhR87Xxu,Edguy,https://open.spotify.com/artist/3AGFqPP3gt5rMSvhR87Xxu,"[{""artist_id"": ""3AGFqPP3gt5rMSvhR87Xxu"", ""artist_name"": ""Edguy"", ""artist_url"": ""https://open.spotify.com/artist/3AGFqPP3gt5rMSvhR87Xxu"", ""monthly_listeners"": ""290277"", ""monthly_listeners_display"": ""290,277"", ""is_approx"": ""false"", ""fetch_error"": """"}]","[{""artist_id"": ""3AGFqPP3gt5rMSvhR87Xxu"", ""artist_name"": ""Edguy"", ""artist_uri"": ""spotify:artist:3AGFqPP3gt5rMSvhR87Xxu"", ""artist_url"": ""https://open.spotify.com/artist/3AGFqPP3gt5rMSvhR87Xxu"", ""artist_type"": ""artist"", ""artist_genres"": """", ""artist_spotify_api_popularity"": """", ""artist_followers_total"": """", ""artist_image_url"": ""https://i.scdn.co/image/ab6772690000c46cec078670d746fddbe7674e78"", ""artist_lookup_error"": """", ""artist_monthly_listeners"": ""290277"", ""artist_monthly_listeners_display"": ""290,277"", ""artist_monthly_listeners_is_approx"": ""false"", ""artist_monthly_listeners_source"": ""Spotify public artist page"", ""artist_monthly_listeners_fetch_error"": """"}]",0,,"{""spotify"": ""https://open.spotify.com/track/4wEtmW6jIuPQ8NTYHbkOGm""}",{}
week1_13july,2026-07-24T08:36:00+00:00,Spotify,Aysima Karçaaltıncaba,aaaaysimaaaa,Week1-User7,Week 1-User7,5VlUNznEaGQKKZNZl1o67Z,spotify:playlist:5VlUNznEaGQKKZNZl1o67Z,https://open.spotify.com/playlist/5VlUNznEaGQKKZNZl1o67Z,,aaaaysimaaaa,Aysima Karçaaltıncaba,True,False,0,AAAABos9q9AcHacydEVHRHoqdzNPwcDp,30,10,2026-07-21T19:11:47Z,aaaaysimaaaa,primary_artist_monthly_listeners,167499,"167,499",Spotify public artist page,false,,4nrVRhp2fGwY7MwINf9QLY,spotify:track:4nrVRhp2fGwY7MwINf9QLY,https://open.spotify.com/track/4nrVRhp2fGwY7MwINf9QLY,Chasing the Dragon,track,1,1,241360,241.360,False,False,True,,https://api.spotify.com/v1/tracks/4nrVRhp2fGwY7MwINf9QLY,https://api.spotify.com/v1/tracks/4nrVRhp2fGwY7MwINf9QLY,,,US4E40402201,,,75e23vS6UP1bZWkVphKGiD,spotify:album:75e23vS6UP1bZWkVphKGiD,https://open.spotify.com/album/75e23vS6UP1bZWkVphKGiD,Dragonslayer,album,,12,2002-07-13,day,,P: (P) 2002 Century Media Records Ltd.,,https://i.scdn.co/image/ab67616d0000b273b1b987d182eba3af75bf48bf,,1bkf8u8ot6vEpWTJFBzKZB,Dream Evil,spotify:artist:1bkf8u8ot6vEpWTJFBzKZB,https://open.spotify.com/artist/1bkf8u8ot6vEpWTJFBzKZB,,,,167499,"167,499",false,Spotify public artist page,,https://i.scdn.co/image/ab6761610000e5eb68620704b0615991995f22c5,,1bkf8u8ot6vEpWTJFBzKZB,Dream Evil,https://open.spotify.com/artist/1bkf8u8ot6vEpWTJFBzKZB,"[{""artist_id"": ""1bkf8u8ot6vEpWTJFBzKZB"", ""artist_name"": ""Dream Evil"", ""artist_url"": ""https://open.spotify.com/artist/1bkf8u8ot6vEpWTJFBzKZB"", ""monthly_listeners"": ""167499"", ""monthly_listeners_display"": ""167,499"", ""is_approx"": ""false"", ""fetch_error"": """"}]","[{""artist_id"": ""1bkf8u8ot6vEpWTJFBzKZB"", ""artist_name"": ""Dream Evil"", ""artist_uri"": ""spotify:artist:1bkf8u8ot6vEpWTJFBzKZB"", ""artist_url"": ""https://open.spotify.com/artist/1bkf8u8ot6vEpWTJFBzKZB"", ""artist_type"": ""artist"", ""artist_genres"": """", ""artist_spotify_api_popularity"": """", ""artist_followers_total"": """", ""artist_image_url"": ""https://i.scdn.co/image/ab6761610000e5eb68620704b0615991995f22c5"", ""artist_lookup_error"": """", ""artist_monthly_listeners"": ""167499"", ""artist_monthly_listeners_display"": ""167,499"", ""artist_monthly_listeners_is_approx"": ""false"", ""artist_monthly_listeners_source"": ""Spotify public artist page"", ""artist_monthly_listeners_fetch_error"": """"}]",0,,"{""spotify"": ""https://open.spotify.com/track/4nrVRhp2fGwY7MwINf9QLY""}",{}
week1_13july,2026-07-24T08:36:00+00:00,Spotify,Aysima Karçaaltıncaba,aaaaysimaaaa,Week1-User7,Week 1-User7,5VlUNznEaGQKKZNZl1o67Z,spotify:playlist:5VlUNznEaGQKKZNZl1o67Z,https://open.spotify.com/playlist/5VlUNznEaGQKKZNZl1o67Z,,aaaaysimaaaa,Aysima Karçaaltıncaba,True,False,0,AAAABos9q9AcHacydEVHRHoqdzNPwcDp,30,11,2026-07-21T19:11:47Z,aaaaysimaaaa,primary_artist_monthly_listeners,2669593,"2,669,593",Spotify public artist page,false,,4mwiaj9c4V0pW5y8t9mYHa,spotify:track:4mwiaj9c4V0pW5y8t9mYHa,https://open.spotify.com/track/4mwiaj9c4V0pW5y8t9mYHa,Wishmaster,track,6,1,264026,264.026,False,False,True,,https://api.spotify.com/v1/tracks/4mwiaj9c4V0pW5y8t9mYHa,https://api.spotify.com/v1/tracks/4mwiaj9c4V0pW5y8t9mYHa,,,FISFS0000008,,,2St6O6fVAYqzKN4cCpFzuV,spotify:album:2St6O6fVAYqzKN4cCpFzuV,https://open.spotify.com/album/2St6O6fVAYqzKN4cCpFzuV,Wishmaster,album,,11,2000-01-01,day,,C: 2000 Spin-Farm Oy; P: 2000 Spin-Farm Oy,,https://i.scdn.co/image/ab67616d0000b273ba96734210acf1312049e569,,2NPduAUeLVsfIauhRwuft1,Nightwish,spotify:artist:2NPduAUeLVsfIauhRwuft1,https://open.spotify.com/artist/2NPduAUeLVsfIauhRwuft1,,,,2669593,"2,669,593",false,Spotify public artist page,,https://i.scdn.co/image/ab6761610000e5ebf3284e60d4e43c9a7b52c08d,,2NPduAUeLVsfIauhRwuft1,Nightwish,https://open.spotify.com/artist/2NPduAUeLVsfIauhRwuft1,"[{""artist_id"": ""2NPduAUeLVsfIauhRwuft1"", ""artist_name"": ""Nightwish"", ""artist_url"": ""https://open.spotify.com/artist/2NPduAUeLVsfIauhRwuft1"", ""monthly_listeners"": ""2669593"", ""monthly_listeners_display"": ""2,669,593"", ""is_approx"": ""false"", ""fetch_error"": """"}]","[{""artist_id"": ""2NPduAUeLVsfIauhRwuft1"", ""artist_name"": ""Nightwish"", ""artist_uri"": ""spotify:artist:2NPduAUeLVsfIauhRwuft1"", ""artist_url"": ""https://open.spotify.com/artist/2NPduAUeLVsfIauhRwuft1"", ""artist_type"": ""artist"", ""artist_genres"": """", ""artist_spotify_api_popularity"": """", ""artist_followers_total"": """", ""artist_image_url"": ""https://i.scdn.co/image/ab6761610000e5ebf3284e60d4e43c9a7b52c08d"", ""artist_lookup_error"": """", ""artist_monthly_listeners"": ""2669593"", ""artist_monthly_listeners_display"": ""2,669,593"", ""artist_monthly_listeners_is_approx"": ""false"", ""artist_monthly_listeners_source"": ""Spotify public artist page"", ""artist_monthly_listeners_fetch_error"": """"}]",0,,"{""spotify"": ""https://open.spotify.com/track/4mwiaj9c4V0pW5y8t9mYHa""}",{}
week1_13july,2026-07-24T08:36:00+00:00,Spotify,Aysima Karçaaltıncaba,aaaaysimaaaa,Week1-User7,Week 1-User7,5VlUNznEaGQKKZNZl1o67Z,spotify:playlist:5VlUNznEaGQKKZNZl1o67Z,https://open.spotify.com/playlist/5VlUNznEaGQKKZNZl1o67Z,,aaaaysimaaaa,Aysima Karçaaltıncaba,True,False,0,AAAABos9q9AcHacydEVHRHoqdzNPwcDp,30,12,2026-07-21T19:11:47Z,aaaaysimaaaa,primary_artist_monthly_listeners,460312,"460,312",Spotify public artist page,false,,7LYxaN0EpwhRoheZ3eySLw,spotify:track:7LYxaN0EpwhRoheZ3eySLw,https://open.spotify.com/track/7LYxaN0EpwhRoheZ3eySLw,Princess of the Night - 2009 Remaster,track,1,1,242573,242.573,False,False,True,,https://api.spotify.com/v1/tracks/7LYxaN0EpwhRoheZ3eySLw,https://api.spotify.com/v1/tracks/7LYxaN0EpwhRoheZ3eySLw,,,GB01A0900192,,,6v5lM7qbcnnuuvDF2zdBsZ,spotify:album:6v5lM7qbcnnuuvDF2zdBsZ,https://open.spotify.com/album/6v5lM7qbcnnuuvDF2zdBsZ,Denim and Leather (2009 Remaster),album,,18,1981,year,,"C: 2009 Union Square Music Limited, a BMG Company; P: 2009 Union Square Music Limited, a BMG Company",,https://i.scdn.co/image/ab67616d0000b273ecb29cc4175b3f3efd4a581f,,71vVmHeNgCVSa5SVmfvscU,Saxon,spotify:artist:71vVmHeNgCVSa5SVmfvscU,https://open.spotify.com/artist/71vVmHeNgCVSa5SVmfvscU,,,,460312,"460,312",false,Spotify public artist page,,https://i.scdn.co/image/ab6761610000e5eb3cf9569774c02e8e99f46eda,,71vVmHeNgCVSa5SVmfvscU,Saxon,https://open.spotify.com/artist/71vVmHeNgCVSa5SVmfvscU,"[{""artist_id"": ""71vVmHeNgCVSa5SVmfvscU"", ""artist_name"": ""Saxon"", ""artist_url"": ""https://open.spotify.com/artist/71vVmHeNgCVSa5SVmfvscU"", ""monthly_listeners"": ""460312"", ""monthly_listeners_display"": ""460,312"", ""is_approx"": ""false"", ""fetch_error"": """"}]","[{""artist_id"": ""71vVmHeNgCVSa5SVmfvscU"", ""artist_name"": ""Saxon"", ""artist_uri"": ""spotify:artist:71vVmHeNgCVSa5SVmfvscU"", ""artist_url"": ""https://open.spotify.com/artist/71vVmHeNgCVSa5SVmfvscU"", ""artist_type"": ""artist"", ""artist_genres"": """", ""artist_spotify_api_popularity"": """", ""artist_followers_total"": """", ""artist_image_url"": ""https://i.scdn.co/image/ab6761610000e5eb3cf9569774c02e8e99f46eda"", ""artist_lookup_error"": """", ""artist_monthly_listeners"": ""460312"", ""artist_monthly_listeners_display"": ""460,312"", ""artist_monthly_listeners_is_approx"": ""false"", ""artist_monthly_listeners_source"": ""Spotify public artist page"", ""artist_monthly_listeners_fetch_error"": """"}]",0,,"{""spotify"": ""https://open.spotify.com/track/7LYxaN0EpwhRoheZ3eySLw""}",{}
week1_13july,2026-07-24T08:36:00+00:00,Spotify,Aysima Karçaaltıncaba,aaaaysimaaaa,Week1-User7,Week 1-User7,5VlUNznEaGQKKZNZl1o67Z,spotify:playlist:5VlUNznEaGQKKZNZl1o67Z,https://open.spotify.com/playlist/5VlUNznEaGQKKZNZl1o67Z,,aaaaysimaaaa,Aysima Karçaaltıncaba,True,False,0,AAAABos9q9AcHacydEVHRHoqdzNPwcDp,30,13,2026-07-21T19:11:47Z,aaaaysimaaaa,primary_artist_monthly_listeners,28965,"28,965",Spotify public artist page,false,,7fkcqrzdbgIa4vthgYN3vs,spotify:track:7fkcqrzdbgIa4vthgYN3vs,https://open.spotify.com/track/7fkcqrzdbgIa4vthgYN3vs,Unisonic,track,1,1,205866,205.866,False,False,True,,https://api.spotify.com/v1/tracks/7fkcqrzdbgIa4vthgYN3vs,https://api.spotify.com/v1/tracks/7fkcqrzdbgIa4vthgYN3vs,,,DEH841200037,,,0Z0DLUUAsIS4S4pW6ranLi,spotify:album:0Z0DLUUAsIS4S4pW6ranLi,https://open.spotify.com/album/0Z0DLUUAsIS4S4pW6ranLi,Unisonic,album,,11,2012-03-30,day,,C: 2012 Edel Germany GmbH. earMUSIC is a project of Edel.; P: 2012 Edel Germany GmbH. earMUSIC is a project of Edel.,,https://i.scdn.co/image/ab67616d0000b2733d82320d77736ca6dc12d413,,3DDcmHnwKjM4sQ8qm34JMU,Unisonic,spotify:artist:3DDcmHnwKjM4sQ8qm34JMU,https://open.spotify.com/artist/3DDcmHnwKjM4sQ8qm34JMU,,,,28965,"28,965",false,Spotify public artist page,,https://i.scdn.co/image/ab6761610000e5eb0be750ff9272422d98f971b0,,3DDcmHnwKjM4sQ8qm34JMU,Unisonic,https://open.spotify.com/artist/3DDcmHnwKjM4sQ8qm34JMU,"[{""artist_id"": ""3DDcmHnwKjM4sQ8qm34JMU"", ""artist_name"": ""Unisonic"", ""artist_url"": ""https://open.spotify.com/artist/3DDcmHnwKjM4sQ8qm34JMU"", ""monthly_listeners"": ""28965"", ""monthly_listeners_display"": ""28,965"", ""is_approx"": ""false"", ""fetch_error"": """"}]","[{""artist_id"": ""3DDcmHnwKjM4sQ8qm34JMU"", ""artist_name"": ""Unisonic"", ""artist_uri"": ""spotify:artist:3DDcmHnwKjM4sQ8qm34JMU"", ""artist_url"": ""https://open.spotify.com/artist/3DDcmHnwKjM4sQ8qm34JMU"", ""artist_type"": ""artist"", ""artist_genres"": """", ""artist_spotify_api_popularity"": """", ""artist_followers_total"": """", ""artist_image_url"": ""https://i.scdn.co/image/ab6761610000e5eb0be750ff9272422d98f971b0"", ""artist_lookup_error"": """", ""artist_monthly_listeners"": ""28965"", ""artist_monthly_listeners_display"": ""28,965"", ""artist_monthly_listeners_is_approx"": ""false"", ""artist_monthly_listeners_source"": ""Spotify public artist page"", ""artist_monthly_listeners_fetch_error"": """"}]",0,,"{""spotify"": ""https://open.spotify.com/track/7fkcqrzdbgIa4vthgYN3vs""}",{}
week1_13july,2026-07-24T08:36:00+00:00,Spotify,Aysima Karçaaltıncaba,aaaaysimaaaa,Week1-User7,Week 1-User7,5VlUNznEaGQKKZNZl1o67Z,spotify:playlist:5VlUNznEaGQKKZNZl1o67Z,https://open.spotify.com/playlist/5VlUNznEaGQKKZNZl1o67Z,,aaaaysimaaaa,Aysima Karçaaltıncaba,True,False,0,AAAABos9q9AcHacydEVHRHoqdzNPwcDp,30,14,2026-07-21T19:11:47Z,aaaaysimaaaa,primary_artist_monthly_listeners,74393,"74,393",Spotify public artist page,false,,1P5B3ARqjPkB9yCNPZq9jV,spotify:track:1P5B3ARqjPkB9yCNPZq9jV,https://open.spotify.com/track/1P5B3ARqjPkB9yCNPZq9jV,Rebellion (The Clans Are Marching) - Remastered Version,track,11,1,244760,244.760,False,False,True,,https://api.spotify.com/v1/tracks/1P5B3ARqjPkB9yCNPZq9jV,https://api.spotify.com/v1/tracks/1P5B3ARqjPkB9yCNPZq9jV,,,DEC760600331,,,4ZNfzHslrjITU8iqfzCAL8,spotify:album:4ZNfzHslrjITU8iqfzCAL8,https://open.spotify.com/album/4ZNfzHslrjITU8iqfzCAL8,Tunes Of War (Remastered 2006),album,,13,1996,year,,"P: (P) 2006 GUN Records GmbH, A Unit Of SONY BMG MUSIC ENTERTAINMENT (GERMANY) GmbH",,https://i.scdn.co/image/ab67616d0000b2735d5ef12b8c86299ec4e16f7c,,6mfghV4I1CD17FOhDKq7cJ,Grave Digger,spotify:artist:6mfghV4I1CD17FOhDKq7cJ,https://open.spotify.com/artist/6mfghV4I1CD17FOhDKq7cJ,,,,74393,"74,393",false,Spotify public artist page,,https://i.scdn.co/image/ab6761610000e5eb5b4d967b77ad0ffbd0d70013,,6mfghV4I1CD17FOhDKq7cJ,Grave Digger,https://open.spotify.com/artist/6mfghV4I1CD17FOhDKq7cJ,"[{""artist_id"": ""6mfghV4I1CD17FOhDKq7cJ"", ""artist_name"": ""Grave Digger"", ""artist_url"": ""https://open.spotify.com/artist/6mfghV4I1CD17FOhDKq7cJ"", ""monthly_listeners"": ""74393"", ""monthly_listeners_display"": ""74,393"", ""is_approx"": ""false"", ""fetch_error"": """"}]","[{""artist_id"": ""6mfghV4I1CD17FOhDKq7cJ"", ""artist_name"": ""Grave Digger"", ""artist_uri"": ""spotify:artist:6mfghV4I1CD17FOhDKq7cJ"", ""artist_url"": ""https://open.spotify.com/artist/6mfghV4I1CD17FOhDKq7cJ"", ""artist_type"": ""artist"", ""artist_genres"": """", ""artist_spotify_api_popularity"": """", ""artist_followers_total"": """", ""artist_image_url"": ""https://i.scdn.co/image/ab6761610000e5eb5b4d967b77ad0ffbd0d70013"", ""artist_lookup_error"": """", ""artist_monthly_listeners"": ""74393"", ""artist_monthly_listeners_display"": ""74,393"", ""artist_monthly_listeners_is_approx"": ""false"", ""artist_monthly_listeners_source"": ""Spotify public artist page"", ""artist_monthly_listeners_fetch_error"": """"}]",0,,"{""spotify"": ""https://open.spotify.com/track/1P5B3ARqjPkB9yCNPZq9jV""}",{}
week1_13july,2026-07-24T08:36:00+00:00,Spotify,Aysima Karçaaltıncaba,aaaaysimaaaa,Week1-User7,Week 1-User7,5VlUNznEaGQKKZNZl1o67Z,spotify:playlist:5VlUNznEaGQKKZNZl1o67Z,https://open.spotify.com/playlist/5VlUNznEaGQKKZNZl1o67Z,,aaaaysimaaaa,Aysima Karçaaltıncaba,True,False,0,AAAABos9q9AcHacydEVHRHoqdzNPwcDp,30,15,2026-07-21T19:11:47Z,aaaaysimaaaa,primary_artist_monthly_listeners,53997,"53,997",Spotify public artist page,false,,3hfgxj1PpTUUdgU0P8Nt7e,spotify:track:3hfgxj1PpTUUdgU0P8Nt7e,https://open.spotify.com/track/3hfgxj1PpTUUdgU0P8Nt7e,Down from the Mountain,track,2,1,246295,246.295,False,False,True,,https://api.spotify.com/v1/tracks/3hfgxj1PpTUUdgU0P8Nt7e,https://api.spotify.com/v1/tracks/3hfgxj1PpTUUdgU0P8Nt7e,,,ITG271400092,,,7hoWTaACeZE1m9HSYY73aS,spotify:album:7hoWTaACeZE1m9HSYY73aS,https://open.spotify.com/album/7hoWTaACeZE1m9HSYY73aS,The Great Divide,album,,10,2014-10-17,day,,C: (C) 2014 Frontiers Records,,https://i.scdn.co/image/ab67616d0000b27309cd30cabc7f20c982de226c,,2hxa4ytcni5FUIK8IR27tX,Allen Lande,spotify:artist:2hxa4ytcni5FUIK8IR27tX,https://open.spotify.com/artist/2hxa4ytcni5FUIK8IR27tX,,,,53997,"53,997",false,Spotify public artist page,,https://i.scdn.co/image/ab67616d0000b27309cd30cabc7f20c982de226c,,2hxa4ytcni5FUIK8IR27tX,Allen Lande,https://open.spotify.com/artist/2hxa4ytcni5FUIK8IR27tX,"[{""artist_id"": ""2hxa4ytcni5FUIK8IR27tX"", ""artist_name"": ""Allen Lande"", ""artist_url"": ""https://open.spotify.com/artist/2hxa4ytcni5FUIK8IR27tX"", ""monthly_listeners"": ""53997"", ""monthly_listeners_display"": ""53,997"", ""is_approx"": ""false"", ""fetch_error"": """"}]","[{""artist_id"": ""2hxa4ytcni5FUIK8IR27tX"", ""artist_name"": ""Allen Lande"", ""artist_uri"": ""spotify:artist:2hxa4ytcni5FUIK8IR27tX"", ""artist_url"": ""https://open.spotify.com/artist/2hxa4ytcni5FUIK8IR27tX"", ""artist_type"": ""artist"", ""artist_genres"": """", ""artist_spotify_api_popularity"": """", ""artist_followers_total"": """", ""artist_image_url"": ""https://i.scdn.co/image/ab67616d0000b27309cd30cabc7f20c982de226c"", ""artist_lookup_error"": """", ""artist_monthly_listeners"": ""53997"", ""artist_monthly_listeners_display"": ""53,997"", ""artist_monthly_listeners_is_approx"": ""false"", ""artist_monthly_listeners_source"": ""Spotify public artist page"", ""artist_monthly_listeners_fetch_error"": """"}]",0,,"{""spotify"": ""https://open.spotify.com/track/3hfgxj1PpTUUdgU0P8Nt7e""}",{}
week1_13july,2026-07-24T08:36:00+00:00,Spotify,Aysima Karçaaltıncaba,aaaaysimaaaa,Week1-User7,Week 1-User7,5VlUNznEaGQKKZNZl1o67Z,spotify:playlist:5VlUNznEaGQKKZNZl1o67Z,https://open.spotify.com/playlist/5VlUNznEaGQKKZNZl1o67Z,,aaaaysimaaaa,Aysima Karçaaltıncaba,True,False,0,AAAABos9q9AcHacydEVHRHoqdzNPwcDp,30,16,2026-07-21T19:11:47Z,aaaaysimaaaa,primary_artist_monthly_listeners,105691,"105,691",Spotify public artist page,false,,0V2Jge35CQn1Hc9hNBmdbm,spotify:track:0V2Jge35CQn1Hc9hNBmdbm,https://open.spotify.com/track/0V2Jge35CQn1Hc9hNBmdbm,The End Is Near,track,2,1,266964,266.964,False,False,True,,https://api.spotify.com/v1/tracks/0V2Jge35CQn1Hc9hNBmdbm,https://api.spotify.com/v1/tracks/0V2Jge35CQn1Hc9hNBmdbm,,,ITG271600027,,,4Y726zsgHLeScKFCe8CgeL,spotify:album:4Y726zsgHLeScKFCe8CgeL,https://open.spotify.com/album/4Y726zsgHLeScKFCe8CgeL,Rulebreaker,album,,14,2016-01-29,day,,C: (C) 2016 Reigning Phoenix Music; P: (P) 2016 Reigning Phoenix Music,,https://i.scdn.co/image/ab67616d0000b273f697ada0466f413cacf8052a,,1yfiDL3YUEJlQCgb5Pun6g,Primal Fear,spotify:artist:1yfiDL3YUEJlQCgb5Pun6g,https://open.spotify.com/artist/1yfiDL3YUEJlQCgb5Pun6g,,,,105691,"105,691",false,Spotify public artist page,,https://i.scdn.co/image/ab6761610000e5ebd8360d0ed8fe9dd3fd04fb45,,1yfiDL3YUEJlQCgb5Pun6g,Primal Fear,https://open.spotify.com/artist/1yfiDL3YUEJlQCgb5Pun6g,"[{""artist_id"": ""1yfiDL3YUEJlQCgb5Pun6g"", ""artist_name"": ""Primal Fear"", ""artist_url"": ""https://open.spotify.com/artist/1yfiDL3YUEJlQCgb5Pun6g"", ""monthly_listeners"": ""105691"", ""monthly_listeners_display"": ""105,691"", ""is_approx"": ""false"", ""fetch_error"": """"}]","[{""artist_id"": ""1yfiDL3YUEJlQCgb5Pun6g"", ""artist_name"": ""Primal Fear"", ""artist_uri"": ""spotify:artist:1yfiDL3YUEJlQCgb5Pun6g"", ""artist_url"": ""https://open.spotify.com/artist/1yfiDL3YUEJlQCgb5Pun6g"", ""artist_type"": ""artist"", ""artist_genres"": """", ""artist_spotify_api_popularity"": """", ""artist_followers_total"": """", ""artist_image_url"": ""https://i.scdn.co/image/ab6761610000e5ebd8360d0ed8fe9dd3fd04fb45"", ""artist_lookup_error"": """", ""artist_monthly_listeners"": ""105691"", ""artist_monthly_listeners_display"": ""105,691"", ""artist_monthly_listeners_is_approx"": ""false"", ""artist_monthly_listeners_source"": ""Spotify public artist page"", ""artist_monthly_listeners_fetch_error"": """"}]",0,,"{""spotify"": ""https://open.spotify.com/track/0V2Jge35CQn1Hc9hNBmdbm""}",{}
week1_13july,2026-07-24T08:36:00+00:00,Spotify,Aysima Karçaaltıncaba,aaaaysimaaaa,Week1-User7,Week 1-User7,5VlUNznEaGQKKZNZl1o67Z,spotify:playlist:5VlUNznEaGQKKZNZl1o67Z,https://open.spotify.com/playlist/5VlUNznEaGQKKZNZl1o67Z,,aaaaysimaaaa,Aysima Karçaaltıncaba,True,False,0,AAAABos9q9AcHacydEVHRHoqdzNPwcDp,30,17,2026-07-21T19:11:47Z,aaaaysimaaaa,primary_artist_monthly_listeners,251329,"251,329",Spotify public artist page,false,,3Mz5lXbMBK2tUmKAwAJwi1,spotify:track:3Mz5lXbMBK2tUmKAwAJwi1,https://open.spotify.com/track/3Mz5lXbMBK2tUmKAwAJwi1,Gunman,track,1,1,317733,317.733,False,False,True,,https://api.spotify.com/v1/tracks/3Mz5lXbMBK2tUmKAwAJwi1,https://api.spotify.com/v1/tracks/3Mz5lXbMBK2tUmKAwAJwi1,,,DEU601706950,,,4yyNmVBMtdAcCTo51u4hvz,spotify:album:4yyNmVBMtdAcCTo51u4hvz,https://open.spotify.com/album/4yyNmVBMtdAcCTo51u4hvz,Gunmen,album,,10,2017-07-07,day,,C: 2017 AFM Records; P: 2017 AFM Records,,https://i.scdn.co/image/ab67616d0000b2738f885ec0edbc7b14261b6eae,,3t5X2CVDf5mrlIx1SdvWYM,Orden Ogan,spotify:artist:3t5X2CVDf5mrlIx1SdvWYM,https://open.spotify.com/artist/3t5X2CVDf5mrlIx1SdvWYM,,,,251329,"251,329",false,Spotify public artist page,,https://i.scdn.co/image/ab6761610000e5eb839f6d8b07539c53a1ab207b,,3t5X2CVDf5mrlIx1SdvWYM,Orden Ogan,https://open.spotify.com/artist/3t5X2CVDf5mrlIx1SdvWYM,"[{""artist_id"": ""3t5X2CVDf5mrlIx1SdvWYM"", ""artist_name"": ""Orden Ogan"", ""artist_url"": ""https://open.spotify.com/artist/3t5X2CVDf5mrlIx1SdvWYM"", ""monthly_listeners"": ""251329"", ""monthly_listeners_display"": ""251,329"", ""is_approx"": ""false"", ""fetch_error"": """"}]","[{""artist_id"": ""3t5X2CVDf5mrlIx1SdvWYM"", ""artist_name"": ""Orden Ogan"", ""artist_uri"": ""spotify:artist:3t5X2CVDf5mrlIx1SdvWYM"", ""artist_url"": ""https://open.spotify.com/artist/3t5X2CVDf5mrlIx1SdvWYM"", ""artist_type"": ""artist"", ""artist_genres"": """", ""artist_spotify_api_popularity"": """", ""artist_followers_total"": """", ""artist_image_url"": ""https://i.scdn.co/image/ab6761610000e5eb839f6d8b07539c53a1ab207b"", ""artist_lookup_error"": """", ""artist_monthly_listeners"": ""251329"", ""artist_monthly_listeners_display"": ""251,329"", ""artist_monthly_listeners_is_approx"": ""false"", ""artist_monthly_listeners_source"": ""Spotify public artist page"", ""artist_monthly_listeners_fetch_error"": """"}]",0,,"{""spotify"": ""https://open.spotify.com/track/3Mz5lXbMBK2tUmKAwAJwi1""}",{}
week1_13july,2026-07-24T08:36:00+00:00,Spotify,Aysima Karçaaltıncaba,aaaaysimaaaa,Week1-User7,Week 1-User7,5VlUNznEaGQKKZNZl1o67Z,spotify:playlist:5VlUNznEaGQKKZNZl1o67Z,https://open.spotify.com/playlist/5VlUNznEaGQKKZNZl1o67Z,,aaaaysimaaaa,Aysima Karçaaltıncaba,True,False,0,AAAABos9q9AcHacydEVHRHoqdzNPwcDp,30,18,2026-07-21T19:11:47Z,aaaaysimaaaa,primary_artist_monthly_listeners,98617,"98,617",Spotify public artist page,false,,2NCh5hwrluY1w5D3BxDXMq,spotify:track:2NCh5hwrluY1w5D3BxDXMq,https://open.spotify.com/track/2NCh5hwrluY1w5D3BxDXMq,Under Jolly Roger,track,1,1,282560,282.560,False,False,True,,https://api.spotify.com/v1/tracks/2NCh5hwrluY1w5D3BxDXMq,https://api.spotify.com/v1/tracks/2NCh5hwrluY1w5D3BxDXMq,,,GBAJE0300753,,,6ksfisQdOmbwJ481UJuAW0,spotify:album:6ksfisQdOmbwJ481UJuAW0,https://open.spotify.com/album/6ksfisQdOmbwJ481UJuAW0,Under Jolly Roger,album,,8,1987-01-01,day,,"C: 2006 Sanctuary Records Group Ltd., a BMG Company; P: 1987 Sanctuary Records Group Ltd., a BMG Company",,https://i.scdn.co/image/ab67616d0000b27398a5f2ec79e9f31b75bb456e,,7954VFaZClkL503srfV5PE,Running Wild,spotify:artist:7954VFaZClkL503srfV5PE,https://open.spotify.com/artist/7954VFaZClkL503srfV5PE,,,,98617,"98,617",false,Spotify public artist page,,https://i.scdn.co/image/ffc7d8dd0a29d7ca6f0840f2c2d9050f5a60d97d,,7954VFaZClkL503srfV5PE,Running Wild,https://open.spotify.com/artist/7954VFaZClkL503srfV5PE,"[{""artist_id"": ""7954VFaZClkL503srfV5PE"", ""artist_name"": ""Running Wild"", ""artist_url"": ""https://open.spotify.com/artist/7954VFaZClkL503srfV5PE"", ""monthly_listeners"": ""98617"", ""monthly_listeners_display"": ""98,617"", ""is_approx"": ""false"", ""fetch_error"": """"}]","[{""artist_id"": ""7954VFaZClkL503srfV5PE"", ""artist_name"": ""Running Wild"", ""artist_uri"": ""spotify:artist:7954VFaZClkL503srfV5PE"", ""artist_url"": ""https://open.spotify.com/artist/7954VFaZClkL503srfV5PE"", ""artist_type"": ""artist"", ""artist_genres"": """", ""artist_spotify_api_popularity"": """", ""artist_followers_total"": """", ""artist_image_url"": ""https://i.scdn.co/image/ffc7d8dd0a29d7ca6f0840f2c2d9050f5a60d97d"", ""artist_lookup_error"": """", ""artist_monthly_listeners"": ""98617"", ""artist_monthly_listeners_display"": ""98,617"", ""artist_monthly_listeners_is_approx"": ""false"", ""artist_monthly_listeners_source"": ""Spotify public artist page"", ""artist_monthly_listeners_fetch_error"": """"}]",0,,"{""spotify"": ""https://open.spotify.com/track/2NCh5hwrluY1w5D3BxDXMq""}",{}
week1_13july,2026-07-24T08:36:00+00:00,Spotify,Aysima Karçaaltıncaba,aaaaysimaaaa,Week1-User7,Week 1-User7,5VlUNznEaGQKKZNZl1o67Z,spotify:playlist:5VlUNznEaGQKKZNZl1o67Z,https://open.spotify.com/playlist/5VlUNznEaGQKKZNZl1o67Z,,aaaaysimaaaa,Aysima Karçaaltıncaba,True,False,0,AAAABos9q9AcHacydEVHRHoqdzNPwcDp,30,19,2026-07-21T19:11:47Z,aaaaysimaaaa,primary_artist_monthly_listeners,586305,"586,305",Spotify public artist page,false,,02A6THLfQXvqrx9IEMkQfJ,spotify:track:02A6THLfQXvqrx9IEMkQfJ,https://open.spotify.com/track/02A6THLfQXvqrx9IEMkQfJ,Out of Control,track,2,1,227280,227.280,False,False,True,,https://api.spotify.com/v1/tracks/02A6THLfQXvqrx9IEMkQfJ,https://api.spotify.com/v1/tracks/02A6THLfQXvqrx9IEMkQfJ,,,FIWMA1300197,,,7DllalAuYBrkxfN4ohqwSL,spotify:album:7DllalAuYBrkxfN4ohqwSL,https://open.spotify.com/album/7DllalAuYBrkxfN4ohqwSL,Battle Beast,album,,14,2013-05-17,day,,C: 2013 Nuclear Blast; P: 2013 Nuclear Blast,,https://i.scdn.co/image/ab67616d0000b273536fe3e46003fb3ebe2ebf05,,7k5jeohQCF20a8foBD9ize,Battle Beast,spotify:artist:7k5jeohQCF20a8foBD9ize,https://open.spotify.com/artist/7k5jeohQCF20a8foBD9ize,,,,586305,"586,305",false,Spotify public artist page,,https://i.scdn.co/image/ab6761610000e5eb736a6608998f7d7b5d8d3205,,7k5jeohQCF20a8foBD9ize,Battle Beast,https://open.spotify.com/artist/7k5jeohQCF20a8foBD9ize,"[{""artist_id"": ""7k5jeohQCF20a8foBD9ize"", ""artist_name"": ""Battle Beast"", ""artist_url"": ""https://open.spotify.com/artist/7k5jeohQCF20a8foBD9ize"", ""monthly_listeners"": ""586305"", ""monthly_listeners_display"": ""586,305"", ""is_approx"": ""false"", ""fetch_error"": """"}]","[{""artist_id"": ""7k5jeohQCF20a8foBD9ize"", ""artist_name"": ""Battle Beast"", ""artist_uri"": ""spotify:artist:7k5jeohQCF20a8foBD9ize"", ""artist_url"": ""https://open.spotify.com/artist/7k5jeohQCF20a8foBD9ize"", ""artist_type"": ""artist"", ""artist_genres"": """", ""artist_spotify_api_popularity"": """", ""artist_followers_total"": """", ""artist_image_url"": ""https://i.scdn.co/image/ab6761610000e5eb736a6608998f7d7b5d8d3205"", ""artist_lookup_error"": """", ""artist_monthly_listeners"": ""586305"", ""artist_monthly_listeners_display"": ""586,305"", ""artist_monthly_listeners_is_approx"": ""false"", ""artist_monthly_listeners_source"": ""Spotify public artist page"", ""artist_monthly_listeners_fetch_error"": """"}]",0,,"{""spotify"": ""https://open.spotify.com/track/02A6THLfQXvqrx9IEMkQfJ""}",{}
week1_13july,2026-07-24T08:36:00+00:00,Spotify,Aysima Karçaaltıncaba,aaaaysimaaaa,Week1-User7,Week 1-User7,5VlUNznEaGQKKZNZl1o67Z,spotify:playlist:5VlUNznEaGQKKZNZl1o67Z,https://open.spotify.com/playlist/5VlUNznEaGQKKZNZl1o67Z,,aaaaysimaaaa,Aysima Karçaaltıncaba,True,False,0,AAAABos9q9AcHacydEVHRHoqdzNPwcDp,30,20,2026-07-21T19:11:47Z,aaaaysimaaaa,primary_artist_monthly_listeners,97053,"97,053",Spotify public artist page,false,,5qKymwS7ymNUCRimGhiQkm,spotify:track:5qKymwS7ymNUCRimGhiQkm,https://open.spotify.com/track/5qKymwS7ymNUCRimGhiQkm,Metal Is for Everyone,track,1,1,292146,292.146,False,False,True,,https://api.spotify.com/v1/tracks/5qKymwS7ymNUCRimGhiQkm,https://api.spotify.com/v1/tracks/5qKymwS7ymNUCRimGhiQkm,,,DEA451612020,,,2l3lL1oX1ejmOfZdDZK47W,spotify:album:2l3lL1oX1ejmOfZdDZK47W,https://open.spotify.com/album/2l3lL1oX1ejmOfZdDZK47W,Master of Light,album,,12,2016-11-11,day,,C: (C) 2016 Steamhammer; P: (P) 2016 Steamhammer,,https://i.scdn.co/image/ab67616d0000b273f88e03910f94af0d1b14dca8,,55RDuy7cQW2Dqrcz3Jjl6F,Freedom Call,spotify:artist:55RDuy7cQW2Dqrcz3Jjl6F,https://open.spotify.com/artist/55RDuy7cQW2Dqrcz3Jjl6F,,,,97053,"97,053",false,Spotify public artist page,,https://i.scdn.co/image/ab6761610000e5ebcfe6976b49d36f31df66cad2,,55RDuy7cQW2Dqrcz3Jjl6F,Freedom Call,https://open.spotify.com/artist/55RDuy7cQW2Dqrcz3Jjl6F,"[{""artist_id"": ""55RDuy7cQW2Dqrcz3Jjl6F"", ""artist_name"": ""Freedom Call"", ""artist_url"": ""https://open.spotify.com/artist/55RDuy7cQW2Dqrcz3Jjl6F"", ""monthly_listeners"": ""97053"", ""monthly_listeners_display"": ""97,053"", ""is_approx"": ""false"", ""fetch_error"": """"}]","[{""artist_id"": ""55RDuy7cQW2Dqrcz3Jjl6F"", ""artist_name"": ""Freedom Call"", ""artist_uri"": ""spotify:artist:55RDuy7cQW2Dqrcz3Jjl6F"", ""artist_url"": ""https://open.spotify.com/artist/55RDuy7cQW2Dqrcz3Jjl6F"", ""artist_type"": ""artist"", ""artist_genres"": """", ""artist_spotify_api_popularity"": """", ""artist_followers_total"": """", ""artist_image_url"": ""https://i.scdn.co/image/ab6761610000e5ebcfe6976b49d36f31df66cad2"", ""artist_lookup_error"": """", ""artist_monthly_listeners"": ""97053"", ""artist_monthly_listeners_display"": ""97,053"", ""artist_monthly_listeners_is_approx"": ""false"", ""artist_monthly_listeners_source"": ""Spotify public artist page"", ""artist_monthly_listeners_fetch_error"": """"}]",0,,"{""spotify"": ""https://open.spotify.com/track/5qKymwS7ymNUCRimGhiQkm""}",{}
week1_13july,2026-07-24T08:36:00+00:00,Spotify,Aysima Karçaaltıncaba,aaaaysimaaaa,Week1-User7,Week 1-User7,5VlUNznEaGQKKZNZl1o67Z,spotify:playlist:5VlUNznEaGQKKZNZl1o67Z,https://open.spotify.com/playlist/5VlUNznEaGQKKZNZl1o67Z,,aaaaysimaaaa,Aysima Karçaaltıncaba,True,False,0,AAAABos9q9AcHacydEVHRHoqdzNPwcDp,30,21,2026-07-21T19:11:47Z,aaaaysimaaaa,primary_artist_monthly_listeners,131903,"131,903",Spotify public artist page,false,,4qgDlkfqsbZ0q5tOSp0nqE,spotify:track:4qgDlkfqsbZ0q5tOSp0nqE,https://open.spotify.com/track/4qgDlkfqsbZ0q5tOSp0nqE,Blood of Heroes,track,1,1,221506,221.506,False,False,True,,https://api.spotify.com/v1/tracks/4qgDlkfqsbZ0q5tOSp0nqE,https://api.spotify.com/v1/tracks/4qgDlkfqsbZ0q5tOSp0nqE,,,USMBR1309792,,,651Ol2qId4W1G0BUlJhwZU,spotify:album:651Ol2qId4W1G0BUlJhwZU,https://open.spotify.com/album/651Ol2qId4W1G0BUlJhwZU,Valkyrja,album,,13,2013-09-17,day,,"C: (C) 2013 Metal Blade Records, Inc; P: (P) 2013 Metal Blade Records, Inc",,https://i.scdn.co/image/ab67616d0000b27371c61b61aa036f609eb18554,,6TmGNPW2oDM5uaXBILozGa,Týr,spotify:artist:6TmGNPW2oDM5uaXBILozGa,https://open.spotify.com/artist/6TmGNPW2oDM5uaXBILozGa,,,,131903,"131,903",false,Spotify public artist page,,https://i.scdn.co/image/ab6761610000e5eb8201145b953841a3828095b3,,6TmGNPW2oDM5uaXBILozGa,Týr,https://open.spotify.com/artist/6TmGNPW2oDM5uaXBILozGa,"[{""artist_id"": ""6TmGNPW2oDM5uaXBILozGa"", ""artist_name"": ""Týr"", ""artist_url"": ""https://open.spotify.com/artist/6TmGNPW2oDM5uaXBILozGa"", ""monthly_listeners"": ""131903"", ""monthly_listeners_display"": ""131,903"", ""is_approx"": ""false"", ""fetch_error"": """"}]","[{""artist_id"": ""6TmGNPW2oDM5uaXBILozGa"", ""artist_name"": ""Týr"", ""artist_uri"": ""spotify:artist:6TmGNPW2oDM5uaXBILozGa"", ""artist_url"": ""https://open.spotify.com/artist/6TmGNPW2oDM5uaXBILozGa"", ""artist_type"": ""artist"", ""artist_genres"": """", ""artist_spotify_api_popularity"": """", ""artist_followers_total"": """", ""artist_image_url"": ""https://i.scdn.co/image/ab6761610000e5eb8201145b953841a3828095b3"", ""artist_lookup_error"": """", ""artist_monthly_listeners"": ""131903"", ""artist_monthly_listeners_display"": ""131,903"", ""artist_monthly_listeners_is_approx"": ""false"", ""artist_monthly_listeners_source"": ""Spotify public artist page"", ""artist_monthly_listeners_fetch_error"": """"}]",0,,"{""spotify"": ""https://open.spotify.com/track/4qgDlkfqsbZ0q5tOSp0nqE""}",{}
week1_13july,2026-07-24T08:36:00+00:00,Spotify,Aysima Karçaaltıncaba,aaaaysimaaaa,Week1-User7,Week 1-User7,5VlUNznEaGQKKZNZl1o67Z,spotify:playlist:5VlUNznEaGQKKZNZl1o67Z,https://open.spotify.com/playlist/5VlUNznEaGQKKZNZl1o67Z,,aaaaysimaaaa,Aysima Karçaaltıncaba,True,False,0,AAAABos9q9AcHacydEVHRHoqdzNPwcDp,30,22,2026-07-21T19:11:47Z,aaaaysimaaaa,primary_artist_monthly_listeners,92170,"92,170",Spotify public artist page,false,,2rV29Dueq15Cq4IyFgINDL,spotify:track:2rV29Dueq15Cq4IyFgINDL,https://open.spotify.com/track/2rV29Dueq15Cq4IyFgINDL,Set This World on Fire,track,4,1,306146,306.146,False,False,True,,https://api.spotify.com/v1/tracks/2rV29Dueq15Cq4IyFgINDL,https://api.spotify.com/v1/tracks/2rV29Dueq15Cq4IyFgINDL,,,DEAT71518805,,,2bMAHTAhkUMjB9ajRxAbit,spotify:album:2bMAHTAhkUMjB9ajRxAbit,https://open.spotify.com/album/2bMAHTAhkUMjB9ajRxAbit,Unity,album,,13,2002-03-13,day,,C: (C) 2002 Dr. Bones; P: (P) 2002 Dr. Bones,,https://i.scdn.co/image/ab67616d0000b273590803396dac7ebccceb38f6,,5TJVsWPUaJxBxWfVZQEt2x,Rage,spotify:artist:5TJVsWPUaJxBxWfVZQEt2x,https://open.spotify.com/artist/5TJVsWPUaJxBxWfVZQEt2x,,,,92170,"92,170",false,Spotify public artist page,,https://i.scdn.co/image/ab6761610000e5ebbb296bc31c8d982074a54793,,5TJVsWPUaJxBxWfVZQEt2x,Rage,https://open.spotify.com/artist/5TJVsWPUaJxBxWfVZQEt2x,"[{""artist_id"": ""5TJVsWPUaJxBxWfVZQEt2x"", ""artist_name"": ""Rage"", ""artist_url"": ""https://open.spotify.com/artist/5TJVsWPUaJxBxWfVZQEt2x"", ""monthly_listeners"": ""92170"", ""monthly_listeners_display"": ""92,170"", ""is_approx"": ""false"", ""fetch_error"": """"}]","[{""artist_id"": ""5TJVsWPUaJxBxWfVZQEt2x"", ""artist_name"": ""Rage"", ""artist_uri"": ""spotify:artist:5TJVsWPUaJxBxWfVZQEt2x"", ""artist_url"": ""https://open.spotify.com/artist/5TJVsWPUaJxBxWfVZQEt2x"", ""artist_type"": ""artist"", ""artist_genres"": """", ""artist_spotify_api_popularity"": """", ""artist_followers_total"": """", ""artist_image_url"": ""https://i.scdn.co/image/ab6761610000e5ebbb296bc31c8d982074a54793"", ""artist_lookup_error"": """", ""artist_monthly_listeners"": ""92170"", ""artist_monthly_listeners_display"": ""92,170"", ""artist_monthly_listeners_is_approx"": ""false"", ""artist_monthly_listeners_source"": ""Spotify public artist page"", ""artist_monthly_listeners_fetch_error"": """"}]",0,,"{""spotify"": ""https://open.spotify.com/track/2rV29Dueq15Cq4IyFgINDL""}",{}
week1_13july,2026-07-24T08:36:00+00:00,Spotify,Aysima Karçaaltıncaba,aaaaysimaaaa,Week1-User7,Week 1-User7,5VlUNznEaGQKKZNZl1o67Z,spotify:playlist:5VlUNznEaGQKKZNZl1o67Z,https://open.spotify.com/playlist/5VlUNznEaGQKKZNZl1o67Z,,aaaaysimaaaa,Aysima Karçaaltıncaba,True,False,0,AAAABos9q9AcHacydEVHRHoqdzNPwcDp,30,23,2026-07-21T19:11:47Z,aaaaysimaaaa,primary_artist_monthly_listeners,67364,"67,364",Spotify public artist page,false,,6nlP2XgdlmPDqq5bu5MBQF,spotify:track:6nlP2XgdlmPDqq5bu5MBQF,https://open.spotify.com/track/6nlP2XgdlmPDqq5bu5MBQF,Bay of Pigs,track,2,1,334200,334.200,False,False,True,,https://api.spotify.com/v1/tracks/6nlP2XgdlmPDqq5bu5MBQF,https://api.spotify.com/v1/tracks/6nlP2XgdlmPDqq5bu5MBQF,,,ATN261556402,,,7xbrVAihkTeTK4hzKEZm9T,spotify:album:7xbrVAihkTeTK4hzKEZm9T,https://open.spotify.com/album/7xbrVAihkTeTK4hzKEZm9T,Gods & Generals,album,,12,2015-05-11,day,,C: (C) 2015 Napalm Records Handels GmbH; P: (P) 2015 Napalm Records Handels GmbH,,https://i.scdn.co/image/ab67616d0000b273ba80c256070963c3123952ff,,6lGzC0JJCotCU9QZ2Lgi8T,Civil War,spotify:artist:6lGzC0JJCotCU9QZ2Lgi8T,https://open.spotify.com/artist/6lGzC0JJCotCU9QZ2Lgi8T,,,,67364,"67,364",false,Spotify public artist page,,https://i.scdn.co/image/ab6761610000e5eb5ec3818a12e0a32108c8ae7b,,6lGzC0JJCotCU9QZ2Lgi8T,Civil War,https://open.spotify.com/artist/6lGzC0JJCotCU9QZ2Lgi8T,"[{""artist_id"": ""6lGzC0JJCotCU9QZ2Lgi8T"", ""artist_name"": ""Civil War"", ""artist_url"": ""https://open.spotify.com/artist/6lGzC0JJCotCU9QZ2Lgi8T"", ""monthly_listeners"": ""67364"", ""monthly_listeners_display"": ""67,364"", ""is_approx"": ""false"", ""fetch_error"": """"}]","[{""artist_id"": ""6lGzC0JJCotCU9QZ2Lgi8T"", ""artist_name"": ""Civil War"", ""artist_uri"": ""spotify:artist:6lGzC0JJCotCU9QZ2Lgi8T"", ""artist_url"": ""https://open.spotify.com/artist/6lGzC0JJCotCU9QZ2Lgi8T"", ""artist_type"": ""artist"", ""artist_genres"": """", ""artist_spotify_api_popularity"": """", ""artist_followers_total"": """", ""artist_image_url"": ""https://i.scdn.co/image/ab6761610000e5eb5ec3818a12e0a32108c8ae7b"", ""artist_lookup_error"": """", ""artist_monthly_listeners"": ""67364"", ""artist_monthly_listeners_display"": ""67,364"", ""artist_monthly_listeners_is_approx"": ""false"", ""artist_monthly_listeners_source"": ""Spotify public artist page"", ""artist_monthly_listeners_fetch_error"": """"}]",0,,"{""spotify"": ""https://open.spotify.com/track/6nlP2XgdlmPDqq5bu5MBQF""}",{}
week1_13july,2026-07-24T08:36:00+00:00,Spotify,Aysima Karçaaltıncaba,aaaaysimaaaa,Week1-User7,Week 1-User7,5VlUNznEaGQKKZNZl1o67Z,spotify:playlist:5VlUNznEaGQKKZNZl1o67Z,https://open.spotify.com/playlist/5VlUNznEaGQKKZNZl1o67Z,,aaaaysimaaaa,Aysima Karçaaltıncaba,True,False,0,AAAABos9q9AcHacydEVHRHoqdzNPwcDp,30,24,2026-07-21T19:11:47Z,aaaaysimaaaa,primary_artist_monthly_listeners,368660,"368,660",Spotify public artist page,false,,1NQCQj6x94ZBEPSODneBHw,spotify:track:1NQCQj6x94ZBEPSODneBHw,https://open.spotify.com/track/1NQCQj6x94ZBEPSODneBHw,The Village of Dwarves,track,4,1,232173,232.173,False,False,True,,https://api.spotify.com/v1/tracks/1NQCQj6x94ZBEPSODneBHw,https://api.spotify.com/v1/tracks/1NQCQj6x94ZBEPSODneBHw,,,DET270002304,,,6T6i4ZLAwRHVOxRaQnC5js,spotify:album:6T6i4ZLAwRHVOxRaQnC5js,https://open.spotify.com/album/6T6i4ZLAwRHVOxRaQnC5js,Dawn of Victory,album,,10,2000,year,,C: (C) 2000 Limb Music,,https://i.scdn.co/image/ab67616d0000b273012217969f1979b6f050068b,,0zQfrabOFYf36Ikb6PXcCY,Rhapsody,spotify:artist:0zQfrabOFYf36Ikb6PXcCY,https://open.spotify.com/artist/0zQfrabOFYf36Ikb6PXcCY,,,,368660,"368,660",false,Spotify public artist page,,https://i.scdn.co/image/ab6761610000e5eb902fae03243cae6e08caf99a,,0zQfrabOFYf36Ikb6PXcCY,Rhapsody,https://open.spotify.com/artist/0zQfrabOFYf36Ikb6PXcCY,"[{""artist_id"": ""0zQfrabOFYf36Ikb6PXcCY"", ""artist_name"": ""Rhapsody"", ""artist_url"": ""https://open.spotify.com/artist/0zQfrabOFYf36Ikb6PXcCY"", ""monthly_listeners"": ""368660"", ""monthly_listeners_display"": ""368,660"", ""is_approx"": ""false"", ""fetch_error"": """"}]","[{""artist_id"": ""0zQfrabOFYf36Ikb6PXcCY"", ""artist_name"": ""Rhapsody"", ""artist_uri"": ""spotify:artist:0zQfrabOFYf36Ikb6PXcCY"", ""artist_url"": ""https://open.spotify.com/artist/0zQfrabOFYf36Ikb6PXcCY"", ""artist_type"": ""artist"", ""artist_genres"": """", ""artist_spotify_api_popularity"": """", ""artist_followers_total"": """", ""artist_image_url"": ""https://i.scdn.co/image/ab6761610000e5eb902fae03243cae6e08caf99a"", ""artist_lookup_error"": """", ""artist_monthly_listeners"": ""368660"", ""artist_monthly_listeners_display"": ""368,660"", ""artist_monthly_listeners_is_approx"": ""false"", ""artist_monthly_listeners_source"": ""Spotify public artist page"", ""artist_monthly_listeners_fetch_error"": """"}]",0,,"{""spotify"": ""https://open.spotify.com/track/1NQCQj6x94ZBEPSODneBHw""}",{}
week1_13july,2026-07-24T08:36:00+00:00,Spotify,Aysima Karçaaltıncaba,aaaaysimaaaa,Week1-User7,Week 1-User7,5VlUNznEaGQKKZNZl1o67Z,spotify:playlist:5VlUNznEaGQKKZNZl1o67Z,https://open.spotify.com/playlist/5VlUNznEaGQKKZNZl1o67Z,,aaaaysimaaaa,Aysima Karçaaltıncaba,True,False,0,AAAABos9q9AcHacydEVHRHoqdzNPwcDp,30,25,2026-07-21T19:11:47Z,aaaaysimaaaa,primary_artist_monthly_listeners,170740,"170,740",Spotify public artist page,false,,6tTv9op5ImYyTmpN9jX7PK,spotify:track:6tTv9op5ImYyTmpN9jX7PK,https://open.spotify.com/track/6tTv9op5ImYyTmpN9jX7PK,Send Me a Sign,track,3,1,246866,246.866,False,False,True,,https://api.spotify.com/v1/tracks/6tTv9op5ImYyTmpN9jX7PK,https://api.spotify.com/v1/tracks/6tTv9op5ImYyTmpN9jX7PK,,,DEA249930003,,,2KofNAUSGmdzvCGohSLZpl,spotify:album:2KofNAUSGmdzvCGohSLZpl,https://open.spotify.com/album/2KofNAUSGmdzvCGohSLZpl,Power Plant,album,,11,1999-03-29,day,,"C: 2022 earMUSIC, a label of Edel Music & Entertainment GmbH.; P: 1999 Gamma Ray / earMUSIC, a label of Edel Music & Entertainment GmbH.",,https://i.scdn.co/image/ab67616d0000b273974a3f96a9d1b54e5354fc5f,,6LZE884lDIsCSLHuTplfGp,Gamma Ray,spotify:artist:6LZE884lDIsCSLHuTplfGp,https://open.spotify.com/artist/6LZE884lDIsCSLHuTplfGp,,,,170740,"170,740",false,Spotify public artist page,,https://i.scdn.co/image/ab6772690000c46c1110b1a024312710e7c796c4,,6LZE884lDIsCSLHuTplfGp,Gamma Ray,https://open.spotify.com/artist/6LZE884lDIsCSLHuTplfGp,"[{""artist_id"": ""6LZE884lDIsCSLHuTplfGp"", ""artist_name"": ""Gamma Ray"", ""artist_url"": ""https://open.spotify.com/artist/6LZE884lDIsCSLHuTplfGp"", ""monthly_listeners"": ""170740"", ""monthly_listeners_display"": ""170,740"", ""is_approx"": ""false"", ""fetch_error"": """"}]","[{""artist_id"": ""6LZE884lDIsCSLHuTplfGp"", ""artist_name"": ""Gamma Ray"", ""artist_uri"": ""spotify:artist:6LZE884lDIsCSLHuTplfGp"", ""artist_url"": ""https://open.spotify.com/artist/6LZE884lDIsCSLHuTplfGp"", ""artist_type"": ""artist"", ""artist_genres"": """", ""artist_spotify_api_popularity"": """", ""artist_followers_total"": """", ""artist_image_url"": ""https://i.scdn.co/image/ab6772690000c46c1110b1a024312710e7c796c4"", ""artist_lookup_error"": """", ""artist_monthly_listeners"": ""170740"", ""artist_monthly_listeners_display"": ""170,740"", ""artist_monthly_listeners_is_approx"": ""false"", ""artist_monthly_listeners_source"": ""Spotify public artist page"", ""artist_monthly_listeners_fetch_error"": """"}]",0,,"{""spotify"": ""https://open.spotify.com/track/6tTv9op5ImYyTmpN9jX7PK""}",{}
week1_13july,2026-07-24T08:36:00+00:00,Spotify,Aysima Karçaaltıncaba,aaaaysimaaaa,Week1-User7,Week 1-User7,5VlUNznEaGQKKZNZl1o67Z,spotify:playlist:5VlUNznEaGQKKZNZl1o67Z,https://open.spotify.com/playlist/5VlUNznEaGQKKZNZl1o67Z,,aaaaysimaaaa,Aysima Karçaaltıncaba,True,False,0,AAAABos9q9AcHacydEVHRHoqdzNPwcDp,30,26,2026-07-21T19:11:47Z,aaaaysimaaaa,primary_artist_monthly_listeners,184836,"184,836",Spotify public artist page,false,,6NckTLOMeZFE9sqx4EyisQ,spotify:track:6NckTLOMeZFE9sqx4EyisQ,https://open.spotify.com/track/6NckTLOMeZFE9sqx4EyisQ,Spirit Never Die,track,1,1,326893,326.893,False,False,True,,https://api.spotify.com/v1/tracks/6NckTLOMeZFE9sqx4EyisQ,https://api.spotify.com/v1/tracks/6NckTLOMeZFE9sqx4EyisQ,,,DET970200001,,,6FxqNK88NImuiMIpCrTZee,spotify:album:6FxqNK88NImuiMIpCrTZee,https://open.spotify.com/album/6FxqNK88NImuiMIpCrTZee,Masterplan,album,,11,2003-01-20,day,,C: 2003 AFM Records; P: 2003 AFM Records,,https://i.scdn.co/image/ab67616d0000b2737479397fc56803ba3511fd1c,,1OHNvr18TssBKYK0A75yvx,Masterplan,spotify:artist:1OHNvr18TssBKYK0A75yvx,https://open.spotify.com/artist/1OHNvr18TssBKYK0A75yvx,,,,184836,"184,836",false,Spotify public artist page,,https://i.scdn.co/image/ab6761610000e5eb8cfdd5ee976e9da4af82d208,,1OHNvr18TssBKYK0A75yvx,Masterplan,https://open.spotify.com/artist/1OHNvr18TssBKYK0A75yvx,"[{""artist_id"": ""1OHNvr18TssBKYK0A75yvx"", ""artist_name"": ""Masterplan"", ""artist_url"": ""https://open.spotify.com/artist/1OHNvr18TssBKYK0A75yvx"", ""monthly_listeners"": ""184836"", ""monthly_listeners_display"": ""184,836"", ""is_approx"": ""false"", ""fetch_error"": """"}]","[{""artist_id"": ""1OHNvr18TssBKYK0A75yvx"", ""artist_name"": ""Masterplan"", ""artist_uri"": ""spotify:artist:1OHNvr18TssBKYK0A75yvx"", ""artist_url"": ""https://open.spotify.com/artist/1OHNvr18TssBKYK0A75yvx"", ""artist_type"": ""artist"", ""artist_genres"": """", ""artist_spotify_api_popularity"": """", ""artist_followers_total"": """", ""artist_image_url"": ""https://i.scdn.co/image/ab6761610000e5eb8cfdd5ee976e9da4af82d208"", ""artist_lookup_error"": """", ""artist_monthly_listeners"": ""184836"", ""artist_monthly_listeners_display"": ""184,836"", ""artist_monthly_listeners_is_approx"": ""false"", ""artist_monthly_listeners_source"": ""Spotify public artist page"", ""artist_monthly_listeners_fetch_error"": """"}]",0,,"{""spotify"": ""https://open.spotify.com/track/6NckTLOMeZFE9sqx4EyisQ""}",{}
week1_13july,2026-07-24T08:36:00+00:00,Spotify,Aysima Karçaaltıncaba,aaaaysimaaaa,Week1-User7,Week 1-User7,5VlUNznEaGQKKZNZl1o67Z,spotify:playlist:5VlUNznEaGQKKZNZl1o67Z,https://open.spotify.com/playlist/5VlUNznEaGQKKZNZl1o67Z,,aaaaysimaaaa,Aysima Karçaaltıncaba,True,False,0,AAAABos9q9AcHacydEVHRHoqdzNPwcDp,30,27,2026-07-21T19:11:47Z,aaaaysimaaaa,primary_artist_monthly_listeners,295782,"295,782",Spotify public artist page,false,,5CtKdgmm86gjAETNUqDJHQ,spotify:track:5CtKdgmm86gjAETNUqDJHQ,https://open.spotify.com/track/5CtKdgmm86gjAETNUqDJHQ,Moria,track,1,1,340622,340.622,False,False,True,,https://api.spotify.com/v1/tracks/5CtKdgmm86gjAETNUqDJHQ,https://api.spotify.com/v1/tracks/5CtKdgmm86gjAETNUqDJHQ,,,DEU601103271,,,6AUkEp205WM1xxKXzAtz33,spotify:album:6AUkEp205WM1xxKXzAtz33,https://open.spotify.com/album/6AUkEp205WM1xxKXzAtz33,Unholy Cross,album,,11,2011-03-18,day,,C: 2011 AFM Records; P: 2011 AFM Records,,https://i.scdn.co/image/ab67616d0000b273f7f4e3f482a05f3a4eaf82ef,,6nf7iwR6AoROxfUKZWd1r6,Bloodbound,spotify:artist:6nf7iwR6AoROxfUKZWd1r6,https://open.spotify.com/artist/6nf7iwR6AoROxfUKZWd1r6,,,,295782,"295,782",false,Spotify public artist page,,https://i.scdn.co/image/ab6761610000e5ebe01c687c2c587f7c43dd0729,,6nf7iwR6AoROxfUKZWd1r6,Bloodbound,https://open.spotify.com/artist/6nf7iwR6AoROxfUKZWd1r6,"[{""artist_id"": ""6nf7iwR6AoROxfUKZWd1r6"", ""artist_name"": ""Bloodbound"", ""artist_url"": ""https://open.spotify.com/artist/6nf7iwR6AoROxfUKZWd1r6"", ""monthly_listeners"": ""295782"", ""monthly_listeners_display"": ""295,782"", ""is_approx"": ""false"", ""fetch_error"": """"}]","[{""artist_id"": ""6nf7iwR6AoROxfUKZWd1r6"", ""artist_name"": ""Bloodbound"", ""artist_uri"": ""spotify:artist:6nf7iwR6AoROxfUKZWd1r6"", ""artist_url"": ""https://open.spotify.com/artist/6nf7iwR6AoROxfUKZWd1r6"", ""artist_type"": ""artist"", ""artist_genres"": """", ""artist_spotify_api_popularity"": """", ""artist_followers_total"": """", ""artist_image_url"": ""https://i.scdn.co/image/ab6761610000e5ebe01c687c2c587f7c43dd0729"", ""artist_lookup_error"": """", ""artist_monthly_listeners"": ""295782"", ""artist_monthly_listeners_display"": ""295,782"", ""artist_monthly_listeners_is_approx"": ""false"", ""artist_monthly_listeners_source"": ""Spotify public artist page"", ""artist_monthly_listeners_fetch_error"": """"}]",0,,"{""spotify"": ""https://open.spotify.com/track/5CtKdgmm86gjAETNUqDJHQ""}",{}
week1_13july,2026-07-24T08:36:00+00:00,Spotify,Aysima Karçaaltıncaba,aaaaysimaaaa,Week1-User7,Week 1-User7,5VlUNznEaGQKKZNZl1o67Z,spotify:playlist:5VlUNznEaGQKKZNZl1o67Z,https://open.spotify.com/playlist/5VlUNznEaGQKKZNZl1o67Z,,aaaaysimaaaa,Aysima Karçaaltıncaba,True,False,0,AAAABos9q9AcHacydEVHRHoqdzNPwcDp,30,28,2026-07-21T19:11:47Z,aaaaysimaaaa,primary_artist_monthly_listeners,49330,"49,330",Spotify public artist page,false,,76jaUC95i1VXRmgVHY9Lh3,spotify:track:76jaUC95i1VXRmgVHY9Lh3,https://open.spotify.com/track/76jaUC95i1VXRmgVHY9Lh3,The Clarion Call,track,6,1,347626,347.626,False,False,True,,https://api.spotify.com/v1/tracks/76jaUC95i1VXRmgVHY9Lh3,https://api.spotify.com/v1/tracks/76jaUC95i1VXRmgVHY9Lh3,,,USMBR0501562,,,32votv2kRRCjUPKZvgBPsg,spotify:album:32votv2kRRCjUPKZvgBPsg,https://open.spotify.com/album/32votv2kRRCjUPKZvgBPsg,Chapters from a Vale Forlorn,album,,9,2002-03-12,day,,"C: (C) 2002 Metal Blade Records, Inc.; P: (P) 2002 Metal Blade Records, Inc.",,https://i.scdn.co/image/ab67616d0000b273f06426a52b4ced89b3d25609,,1UKdnbreQFDmPg3Mhcjhkr,Falconer,spotify:artist:1UKdnbreQFDmPg3Mhcjhkr,https://open.spotify.com/artist/1UKdnbreQFDmPg3Mhcjhkr,,,,49330,"49,330",false,Spotify public artist page,,https://i.scdn.co/image/ab6772690000c46c0c66276b714aef58cffe49b7,,1UKdnbreQFDmPg3Mhcjhkr,Falconer,https://open.spotify.com/artist/1UKdnbreQFDmPg3Mhcjhkr,"[{""artist_id"": ""1UKdnbreQFDmPg3Mhcjhkr"", ""artist_name"": ""Falconer"", ""artist_url"": ""https://open.spotify.com/artist/1UKdnbreQFDmPg3Mhcjhkr"", ""monthly_listeners"": ""49330"", ""monthly_listeners_display"": ""49,330"", ""is_approx"": ""false"", ""fetch_error"": """"}]","[{""artist_id"": ""1UKdnbreQFDmPg3Mhcjhkr"", ""artist_name"": ""Falconer"", ""artist_uri"": ""spotify:artist:1UKdnbreQFDmPg3Mhcjhkr"", ""artist_url"": ""https://open.spotify.com/artist/1UKdnbreQFDmPg3Mhcjhkr"", ""artist_type"": ""artist"", ""artist_genres"": """", ""artist_spotify_api_popularity"": """", ""artist_followers_total"": """", ""artist_image_url"": ""https://i.scdn.co/image/ab6772690000c46c0c66276b714aef58cffe49b7"", ""artist_lookup_error"": """", ""artist_monthly_listeners"": ""49330"", ""artist_monthly_listeners_display"": ""49,330"", ""artist_monthly_listeners_is_approx"": ""false"", ""artist_monthly_listeners_source"": ""Spotify public artist page"", ""artist_monthly_listeners_fetch_error"": """"}]",0,,"{""spotify"": ""https://open.spotify.com/track/76jaUC95i1VXRmgVHY9Lh3""}",{}
week1_13july,2026-07-24T08:36:00+00:00,Spotify,Aysima Karçaaltıncaba,aaaaysimaaaa,Week1-User7,Week 1-User7,5VlUNznEaGQKKZNZl1o67Z,spotify:playlist:5VlUNznEaGQKKZNZl1o67Z,https://open.spotify.com/playlist/5VlUNznEaGQKKZNZl1o67Z,,aaaaysimaaaa,Aysima Karçaaltıncaba,True,False,0,AAAABos9q9AcHacydEVHRHoqdzNPwcDp,30,29,2026-07-21T19:11:47Z,aaaaysimaaaa,primary_artist_monthly_listeners,95853,"95,853",Spotify public artist page,false,,1PiFUVjeIru5HkBAKwr44A,spotify:track:1PiFUVjeIru5HkBAKwr44A,https://open.spotify.com/track/1PiFUVjeIru5HkBAKwr44A,Trollhammaren,track,4,1,212240,212.240,False,False,True,,https://api.spotify.com/v1/tracks/1PiFUVjeIru5HkBAKwr44A,https://api.spotify.com/v1/tracks/1PiFUVjeIru5HkBAKwr44A,,,FISPF0300095,,,6tzpUG0YMvpPRJbHrJUDp6,spotify:album:6tzpUG0YMvpPRJbHrJUDp6,https://open.spotify.com/album/6tzpUG0YMvpPRJbHrJUDp6,Nattfödd,album,,10,2004-04-19,day,,C: 2004 Spin-Farm Oy; P: 2004 Spin-Farm Oy,,https://i.scdn.co/image/ab67616d0000b2730afa4a211ff353dc0ec825f9,,4ZgkHVHmGPXuRy8zd26ZJX,Finntroll,spotify:artist:4ZgkHVHmGPXuRy8zd26ZJX,https://open.spotify.com/artist/4ZgkHVHmGPXuRy8zd26ZJX,,,,95853,"95,853",false,Spotify public artist page,,https://i.scdn.co/image/ab6761610000e5eb914b7288bf930841c642177c,,4ZgkHVHmGPXuRy8zd26ZJX,Finntroll,https://open.spotify.com/artist/4ZgkHVHmGPXuRy8zd26ZJX,"[{""artist_id"": ""4ZgkHVHmGPXuRy8zd26ZJX"", ""artist_name"": ""Finntroll"", ""artist_url"": ""https://open.spotify.com/artist/4ZgkHVHmGPXuRy8zd26ZJX"", ""monthly_listeners"": ""95853"", ""monthly_listeners_display"": ""95,853"", ""is_approx"": ""false"", ""fetch_error"": """"}]","[{""artist_id"": ""4ZgkHVHmGPXuRy8zd26ZJX"", ""artist_name"": ""Finntroll"", ""artist_uri"": ""spotify:artist:4ZgkHVHmGPXuRy8zd26ZJX"", ""artist_url"": ""https://open.spotify.com/artist/4ZgkHVHmGPXuRy8zd26ZJX"", ""artist_type"": ""artist"", ""artist_genres"": """", ""artist_spotify_api_popularity"": """", ""artist_followers_total"": """", ""artist_image_url"": ""https://i.scdn.co/image/ab6761610000e5eb914b7288bf930841c642177c"", ""artist_lookup_error"": """", ""artist_monthly_listeners"": ""95853"", ""artist_monthly_listeners_display"": ""95,853"", ""artist_monthly_listeners_is_approx"": ""false"", ""artist_monthly_listeners_source"": ""Spotify public artist page"", ""artist_monthly_listeners_fetch_error"": """"}]",0,,"{""spotify"": ""https://open.spotify.com/track/1PiFUVjeIru5HkBAKwr44A""}",{}
week1_13july,2026-07-24T08:36:00+00:00,Spotify,Aysima Karçaaltıncaba,aaaaysimaaaa,Week1-User7,Week 1-User7,5VlUNznEaGQKKZNZl1o67Z,spotify:playlist:5VlUNznEaGQKKZNZl1o67Z,https://open.spotify.com/playlist/5VlUNznEaGQKKZNZl1o67Z,,aaaaysimaaaa,Aysima Karçaaltıncaba,True,False,0,AAAABos9q9AcHacydEVHRHoqdzNPwcDp,30,30,2026-07-21T19:11:47Z,aaaaysimaaaa,primary_artist_monthly_listeners,84187,"84,187",Spotify public artist page,false,,0Wvq34MjCPA1ldMIavqmXA,spotify:track:0Wvq34MjCPA1ldMIavqmXA,https://open.spotify.com/track/0Wvq34MjCPA1ldMIavqmXA,Hephaistos,track,3,1,246546,246.546,True,False,True,,https://api.spotify.com/v1/tracks/0Wvq34MjCPA1ldMIavqmXA,https://api.spotify.com/v1/tracks/0Wvq34MjCPA1ldMIavqmXA,,,ATN261879203,,,4htKS1zgIxzD84N97ZSC7h,spotify:album:4htKS1zgIxzD84N97ZSC7h,https://open.spotify.com/album/4htKS1zgIxzD84N97ZSC7h,Reborn,album,,10,2018-11-16,day,,C: (C) 2018 Napalm Records Handels GmbH; P: (P) 2018 Napalm Records Handels GmbH,,https://i.scdn.co/image/ab67616d0000b2733186f69ba8b23282f32df592,,7DXUeaMULtMVFmmaKFzH3E,Warkings,spotify:artist:7DXUeaMULtMVFmmaKFzH3E,https://open.spotify.com/artist/7DXUeaMULtMVFmmaKFzH3E,,,,84187,"84,187",false,Spotify public artist page,,https://i.scdn.co/image/ab6761610000e5eb259e67ac785bfa8974a89fd5,,7DXUeaMULtMVFmmaKFzH3E,Warkings,https://open.spotify.com/artist/7DXUeaMULtMVFmmaKFzH3E,"[{""artist_id"": ""7DXUeaMULtMVFmmaKFzH3E"", ""artist_name"": ""Warkings"", ""artist_url"": ""https://open.spotify.com/artist/7DXUeaMULtMVFmmaKFzH3E"", ""monthly_listeners"": ""84187"", ""monthly_listeners_display"": ""84,187"", ""is_approx"": ""false"", ""fetch_error"": """"}]","[{""artist_id"": ""7DXUeaMULtMVFmmaKFzH3E"", ""artist_name"": ""Warkings"", ""artist_uri"": ""spotify:artist:7DXUeaMULtMVFmmaKFzH3E"", ""artist_url"": ""https://open.spotify.com/artist/7DXUeaMULtMVFmmaKFzH3E"", ""artist_type"": ""artist"", ""artist_genres"": """", ""artist_spotify_api_popularity"": """", ""artist_followers_total"": """", ""artist_image_url"": ""https://i.scdn.co/image/ab6761610000e5eb259e67ac785bfa8974a89fd5"", ""artist_lookup_error"": """", ""artist_monthly_listeners"": ""84187"", ""artist_monthly_listeners_display"": ""84,187"", ""artist_monthly_listeners_is_approx"": ""false"", ""artist_monthly_listeners_source"": ""Spotify public artist page"", ""artist_monthly_listeners_fetch_error"": """"}]",0,,"{""spotify"": ""https://open.spotify.com/track/0Wvq34MjCPA1ldMIavqmXA""}",{}
week1_13july,2026-07-24T08:36:00+00:00,Spotify,Aysima Karçaaltıncaba,aaaaysimaaaa,Week1-User8,Week1-User8,6W1ai3xtubuTGHsxIqrP09,spotify:playlist:6W1ai3xtubuTGHsxIqrP09,https://open.spotify.com/playlist/6W1ai3xtubuTGHsxIqrP09,,aaaaysimaaaa,Aysima Karçaaltıncaba,True,False,0,AAAAAwk76L/i2QoHugH7URLF2fRflEz8,30,1,2026-07-21T19:29:47Z,aaaaysimaaaa,primary_artist_monthly_listeners,1264746,"1,264,746",Spotify public artist page,false,,0HlhtIdbSWSKW9DU5sXeFX,spotify:track:0HlhtIdbSWSKW9DU5sXeFX,https://open.spotify.com/track/0HlhtIdbSWSKW9DU5sXeFX,Blade Runner,track,1,1,247967,247.967,False,False,True,,https://api.spotify.com/v1/tracks/0HlhtIdbSWSKW9DU5sXeFX,https://api.spotify.com/v1/tracks/0HlhtIdbSWSKW9DU5sXeFX,,,DED832100518,,,30O1KkbyS9bbOniw7xtQux,spotify:album:30O1KkbyS9bbOniw7xtQux,https://open.spotify.com/album/30O1KkbyS9bbOniw7xtQux,Dark Connection,album,,13,2021-10-29,day,,C: 2021 Nuclear Blast; P: 2021 Nuclear Blast,,https://i.scdn.co/image/ab67616d0000b273913a6d7587d853e1dd4c1580,,0rEuaTPLMhlViNCJrg3NEH,Beast In Black,spotify:artist:0rEuaTPLMhlViNCJrg3NEH,https://open.spotify.com/artist/0rEuaTPLMhlViNCJrg3NEH,,,,1264746,"1,264,746",false,Spotify public artist page,,https://i.scdn.co/image/ab6761610000e5eb1664e277c53965cf8e474889,,0rEuaTPLMhlViNCJrg3NEH,Beast In Black,https://open.spotify.com/artist/0rEuaTPLMhlViNCJrg3NEH,"[{""artist_id"": ""0rEuaTPLMhlViNCJrg3NEH"", ""artist_name"": ""Beast In Black"", ""artist_url"": ""https://open.spotify.com/artist/0rEuaTPLMhlViNCJrg3NEH"", ""monthly_listeners"": ""1264746"", ""monthly_listeners_display"": ""1,264,746"", ""is_approx"": ""false"", ""fetch_error"": """"}]","[{""artist_id"": ""0rEuaTPLMhlViNCJrg3NEH"", ""artist_name"": ""Beast In Black"", ""artist_uri"": ""spotify:artist:0rEuaTPLMhlViNCJrg3NEH"", ""artist_url"": ""https://open.spotify.com/artist/0rEuaTPLMhlViNCJrg3NEH"", ""artist_type"": ""artist"", ""artist_genres"": """", ""artist_spotify_api_popularity"": """", ""artist_followers_total"": """", ""artist_image_url"": ""https://i.scdn.co/image/ab6761610000e5eb1664e277c53965cf8e474889"", ""artist_lookup_error"": """", ""artist_monthly_listeners"": ""1264746"", ""artist_monthly_listeners_display"": ""1,264,746"", ""artist_monthly_listeners_is_approx"": ""false"", ""artist_monthly_listeners_source"": ""Spotify public artist page"", ""artist_monthly_listeners_fetch_error"": """"}]",0,,"{""spotify"": ""https://open.spotify.com/track/0HlhtIdbSWSKW9DU5sXeFX""}",{}
week1_13july,2026-07-24T08:36:00+00:00,Spotify,Aysima Karçaaltıncaba,aaaaysimaaaa,Week1-User8,Week1-User8,6W1ai3xtubuTGHsxIqrP09,spotify:playlist:6W1ai3xtubuTGHsxIqrP09,https://open.spotify.com/playlist/6W1ai3xtubuTGHsxIqrP09,,aaaaysimaaaa,Aysima Karçaaltıncaba,True,False,0,AAAAAwk76L/i2QoHugH7URLF2fRflEz8,30,2,2026-07-21T19:29:47Z,aaaaysimaaaa,primary_artist_monthly_listeners,858884,"858,884",Spotify public artist page,false,,0eV3PB3T0OxW4feG1DlOjQ,spotify:track:0eV3PB3T0OxW4feG1DlOjQ,https://open.spotify.com/track/0eV3PB3T0OxW4feG1DlOjQ,Hearts on Fire,track,2,1,231386,231.386,False,False,True,,https://api.spotify.com/v1/tracks/0eV3PB3T0OxW4feG1DlOjQ,https://api.spotify.com/v1/tracks/0eV3PB3T0OxW4feG1DlOjQ,,,DED830264702,,,2uehY2zRsh0h6ZmJt8LLQi,spotify:album:2uehY2zRsh0h6ZmJt8LLQi,https://open.spotify.com/album/2uehY2zRsh0h6ZmJt8LLQi,Crimson Thunder,album,,12,2002-10-28,day,,"C: 2002 HammerFall Management, under exclusive license to Nuclear Blast GmbH; P: 2002 HammerFall Management, under exclusive license to Nuclear Blast GmbH",,https://i.scdn.co/image/ab67616d0000b273bceefa541bb181ec0b8d32e4,,2o18h28enlHxj887tATc58,HammerFall,spotify:artist:2o18h28enlHxj887tATc58,https://open.spotify.com/artist/2o18h28enlHxj887tATc58,,,,858884,"858,884",false,Spotify public artist page,,https://i.scdn.co/image/ab6761610000e5eb9a0164f238589f0c0ca31088,,2o18h28enlHxj887tATc58,HammerFall,https://open.spotify.com/artist/2o18h28enlHxj887tATc58,"[{""artist_id"": ""2o18h28enlHxj887tATc58"", ""artist_name"": ""HammerFall"", ""artist_url"": ""https://open.spotify.com/artist/2o18h28enlHxj887tATc58"", ""monthly_listeners"": ""858884"", ""monthly_listeners_display"": ""858,884"", ""is_approx"": ""false"", ""fetch_error"": """"}]","[{""artist_id"": ""2o18h28enlHxj887tATc58"", ""artist_name"": ""HammerFall"", ""artist_uri"": ""spotify:artist:2o18h28enlHxj887tATc58"", ""artist_url"": ""https://open.spotify.com/artist/2o18h28enlHxj887tATc58"", ""artist_type"": ""artist"", ""artist_genres"": """", ""artist_spotify_api_popularity"": """", ""artist_followers_total"": """", ""artist_image_url"": ""https://i.scdn.co/image/ab6761610000e5eb9a0164f238589f0c0ca31088"", ""artist_lookup_error"": """", ""artist_monthly_listeners"": ""858884"", ""artist_monthly_listeners_display"": ""858,884"", ""artist_monthly_listeners_is_approx"": ""false"", ""artist_monthly_listeners_source"": ""Spotify public artist page"", ""artist_monthly_listeners_fetch_error"": """"}]",0,,"{""spotify"": ""https://open.spotify.com/track/0eV3PB3T0OxW4feG1DlOjQ""}",{}
week1_13july,2026-07-24T08:36:00+00:00,Spotify,Aysima Karçaaltıncaba,aaaaysimaaaa,Week1-User8,Week1-User8,6W1ai3xtubuTGHsxIqrP09,spotify:playlist:6W1ai3xtubuTGHsxIqrP09,https://open.spotify.com/playlist/6W1ai3xtubuTGHsxIqrP09,,aaaaysimaaaa,Aysima Karçaaltıncaba,True,False,0,AAAAAwk76L/i2QoHugH7URLF2fRflEz8,30,3,2026-07-21T19:29:47Z,aaaaysimaaaa,primary_artist_monthly_listeners,845438,"845,438",Spotify public artist page,false,,3HQVanEnLlPtywbJai0uiG,spotify:track:3HQVanEnLlPtywbJai0uiG,https://open.spotify.com/track/3HQVanEnLlPtywbJai0uiG,Hunting High And Low,track,1,1,248666,248.666,False,False,True,,https://api.spotify.com/v1/tracks/3HQVanEnLlPtywbJai0uiG,https://api.spotify.com/v1/tracks/3HQVanEnLlPtywbJai0uiG,,,DEH841000203,,,3AQEnSSwH63u9D6G9T6ozL,spotify:album:3AQEnSSwH63u9D6G9T6ozL,https://open.spotify.com/album/3AQEnSSwH63u9D6G9T6ozL,Infinite,album,,10,2000-03-28,day,,C: 2000 Stratovarius under exclusive license to Odyssey Music Network GmbH; P: 2000 Stratovarius under exclusive license to Odyssey Music Network GmbH,,https://i.scdn.co/image/ab67616d0000b273b0ae81f14787f57881a9ee7f,,1O8CSXsPwEqxcoBE360PPO,Stratovarius,spotify:artist:1O8CSXsPwEqxcoBE360PPO,https://open.spotify.com/artist/1O8CSXsPwEqxcoBE360PPO,,,,845438,"845,438",false,Spotify public artist page,,https://i.scdn.co/image/ab6761610000e5eb4733f393ad04f47b31edaadb,,1O8CSXsPwEqxcoBE360PPO,Stratovarius,https://open.spotify.com/artist/1O8CSXsPwEqxcoBE360PPO,"[{""artist_id"": ""1O8CSXsPwEqxcoBE360PPO"", ""artist_name"": ""Stratovarius"", ""artist_url"": ""https://open.spotify.com/artist/1O8CSXsPwEqxcoBE360PPO"", ""monthly_listeners"": ""845438"", ""monthly_listeners_display"": ""845,438"", ""is_approx"": ""false"", ""fetch_error"": """"}]","[{""artist_id"": ""1O8CSXsPwEqxcoBE360PPO"", ""artist_name"": ""Stratovarius"", ""artist_uri"": ""spotify:artist:1O8CSXsPwEqxcoBE360PPO"", ""artist_url"": ""https://open.spotify.com/artist/1O8CSXsPwEqxcoBE360PPO"", ""artist_type"": ""artist"", ""artist_genres"": """", ""artist_spotify_api_popularity"": """", ""artist_followers_total"": """", ""artist_image_url"": ""https://i.scdn.co/image/ab6761610000e5eb4733f393ad04f47b31edaadb"", ""artist_lookup_error"": """", ""artist_monthly_listeners"": ""845438"", ""artist_monthly_listeners_display"": ""845,438"", ""artist_monthly_listeners_is_approx"": ""false"", ""artist_monthly_listeners_source"": ""Spotify public artist page"", ""artist_monthly_listeners_fetch_error"": """"}]",0,,"{""spotify"": ""https://open.spotify.com/track/3HQVanEnLlPtywbJai0uiG""}",{}
week1_13july,2026-07-24T08:36:00+00:00,Spotify,Aysima Karçaaltıncaba,aaaaysimaaaa,Week1-User8,Week1-User8,6W1ai3xtubuTGHsxIqrP09,spotify:playlist:6W1ai3xtubuTGHsxIqrP09,https://open.spotify.com/playlist/6W1ai3xtubuTGHsxIqrP09,,aaaaysimaaaa,Aysima Karçaaltıncaba,True,False,0,AAAAAwk76L/i2QoHugH7URLF2fRflEz8,30,4,2026-07-21T19:29:47Z,aaaaysimaaaa,primary_artist_monthly_listeners,25447,"25,447",Spotify public artist page,false,,09OnB8xeghs8FRnu4dJKmU,spotify:track:09OnB8xeghs8FRnu4dJKmU,https://open.spotify.com/track/09OnB8xeghs8FRnu4dJKmU,Still Alive,track,3,1,242626,242.626,False,False,True,,https://api.spotify.com/v1/tracks/09OnB8xeghs8FRnu4dJKmU,https://api.spotify.com/v1/tracks/09OnB8xeghs8FRnu4dJKmU,,,US4E40529203,,,4QMOKIrJCvPTwbimx6uB26,spotify:album:4QMOKIrJCvPTwbimx6uB26,https://open.spotify.com/album/4QMOKIrJCvPTwbimx6uB26,Grand Illusion,album,,10,2006-07-13,day,,P: (P) 2005 Century Media Records Ltd.,,https://i.scdn.co/image/ab67616d0000b273d43cad94e8d49fd67f0c8928,,0dSoaJ8iEP3aid30p18O2g,Nocturnal Rites,spotify:artist:0dSoaJ8iEP3aid30p18O2g,https://open.spotify.com/artist/0dSoaJ8iEP3aid30p18O2g,,,,25447,"25,447",false,Spotify public artist page,,https://i.scdn.co/image/ab6772690000c46c16a47c3d98bb7ee498dfcc48,,0dSoaJ8iEP3aid30p18O2g,Nocturnal Rites,https://open.spotify.com/artist/0dSoaJ8iEP3aid30p18O2g,"[{""artist_id"": ""0dSoaJ8iEP3aid30p18O2g"", ""artist_name"": ""Nocturnal Rites"", ""artist_url"": ""https://open.spotify.com/artist/0dSoaJ8iEP3aid30p18O2g"", ""monthly_listeners"": ""25447"", ""monthly_listeners_display"": ""25,447"", ""is_approx"": ""false"", ""fetch_error"": """"}]","[{""artist_id"": ""0dSoaJ8iEP3aid30p18O2g"", ""artist_name"": ""Nocturnal Rites"", ""artist_uri"": ""spotify:artist:0dSoaJ8iEP3aid30p18O2g"", ""artist_url"": ""https://open.spotify.com/artist/0dSoaJ8iEP3aid30p18O2g"", ""artist_type"": ""artist"", ""artist_genres"": """", ""artist_spotify_api_popularity"": """", ""artist_followers_total"": """", ""artist_image_url"": ""https://i.scdn.co/image/ab6772690000c46c16a47c3d98bb7ee498dfcc48"", ""artist_lookup_error"": """", ""artist_monthly_listeners"": ""25447"", ""artist_monthly_listeners_display"": ""25,447"", ""artist_monthly_listeners_is_approx"": ""false"", ""artist_monthly_listeners_source"": ""Spotify public artist page"", ""artist_monthly_listeners_fetch_error"": """"}]",0,,"{""spotify"": ""https://open.spotify.com/track/09OnB8xeghs8FRnu4dJKmU""}",{}
week1_13july,2026-07-24T08:36:00+00:00,Spotify,Aysima Karçaaltıncaba,aaaaysimaaaa,Week1-User8,Week1-User8,6W1ai3xtubuTGHsxIqrP09,spotify:playlist:6W1ai3xtubuTGHsxIqrP09,https://open.spotify.com/playlist/6W1ai3xtubuTGHsxIqrP09,,aaaaysimaaaa,Aysima Karçaaltıncaba,True,False,0,AAAAAwk76L/i2QoHugH7URLF2fRflEz8,30,5,2026-07-21T19:29:47Z,aaaaysimaaaa,primary_artist_monthly_listeners,594132,"594,132",Spotify public artist page,false,,4gFhLQA90CAFuS0Ma8aIiX,spotify:track:4gFhLQA90CAFuS0Ma8aIiX,https://open.spotify.com/track/4gFhLQA90CAFuS0Ma8aIiX,Mirror Mirror - Remastered 2007,track,9,1,306013,306.013,False,False,True,,https://api.spotify.com/v1/tracks/4gFhLQA90CAFuS0Ma8aIiX,https://api.spotify.com/v1/tracks/4gFhLQA90CAFuS0Ma8aIiX,,,DED831701047,,,7EPGJTyG9MQ6gJWANmL4n3,spotify:album:7EPGJTyG9MQ6gJWANmL4n3,https://open.spotify.com/album/7EPGJTyG9MQ6gJWANmL4n3,Nightfall in Middle Earth (Remastered 2007),album,,23,1998-04-28,day,,C: 2017 Nuclear Blast; P: 2017 Nuclear Blast,,https://i.scdn.co/image/ab67616d0000b2735e77d3ce3a4f7f382daaf46f,,7jxJ25p0pPjk0MStloN6o6,Blind Guardian,spotify:artist:7jxJ25p0pPjk0MStloN6o6,https://open.spotify.com/artist/7jxJ25p0pPjk0MStloN6o6,,,,594132,"594,132",false,Spotify public artist page,,https://i.scdn.co/image/ab6761610000e5eb26139a78b669ae67aacde9f3,,7jxJ25p0pPjk0MStloN6o6,Blind Guardian,https://open.spotify.com/artist/7jxJ25p0pPjk0MStloN6o6,"[{""artist_id"": ""7jxJ25p0pPjk0MStloN6o6"", ""artist_name"": ""Blind Guardian"", ""artist_url"": ""https://open.spotify.com/artist/7jxJ25p0pPjk0MStloN6o6"", ""monthly_listeners"": ""594132"", ""monthly_listeners_display"": ""594,132"", ""is_approx"": ""false"", ""fetch_error"": """"}]","[{""artist_id"": ""7jxJ25p0pPjk0MStloN6o6"", ""artist_name"": ""Blind Guardian"", ""artist_uri"": ""spotify:artist:7jxJ25p0pPjk0MStloN6o6"", ""artist_url"": ""https://open.spotify.com/artist/7jxJ25p0pPjk0MStloN6o6"", ""artist_type"": ""artist"", ""artist_genres"": """", ""artist_spotify_api_popularity"": """", ""artist_followers_total"": """", ""artist_image_url"": ""https://i.scdn.co/image/ab6761610000e5eb26139a78b669ae67aacde9f3"", ""artist_lookup_error"": """", ""artist_monthly_listeners"": ""594132"", ""artist_monthly_listeners_display"": ""594,132"", ""artist_monthly_listeners_is_approx"": ""false"", ""artist_monthly_listeners_source"": ""Spotify public artist page"", ""artist_monthly_listeners_fetch_error"": """"}]",0,,"{""spotify"": ""https://open.spotify.com/track/4gFhLQA90CAFuS0Ma8aIiX""}",{}
week1_13july,2026-07-24T08:36:00+00:00,Spotify,Aysima Karçaaltıncaba,aaaaysimaaaa,Week1-User8,Week1-User8,6W1ai3xtubuTGHsxIqrP09,spotify:playlist:6W1ai3xtubuTGHsxIqrP09,https://open.spotify.com/playlist/6W1ai3xtubuTGHsxIqrP09,,aaaaysimaaaa,Aysima Karçaaltıncaba,True,False,0,AAAAAwk76L/i2QoHugH7URLF2fRflEz8,30,6,2026-07-21T19:29:47Z,aaaaysimaaaa,primary_artist_monthly_listeners,1035240,"1,035,240",Spotify public artist page,false,,5HkvAtKEPDLmchWYmepqYB,spotify:track:5HkvAtKEPDLmchWYmepqYB,https://open.spotify.com/track/5HkvAtKEPDLmchWYmepqYB,Hail and Kill,track,8,1,357026,357.026,False,False,True,,https://api.spotify.com/v1/tracks/5HkvAtKEPDLmchWYmepqYB,https://api.spotify.com/v1/tracks/5HkvAtKEPDLmchWYmepqYB,,,USAT20102851,,,7lZkD6ntnGAhmWowltbOYB,spotify:album:7lZkD6ntnGAhmWowltbOYB,https://open.spotify.com/album/7lZkD6ntnGAhmWowltbOYB,Kings of Metal,album,,10,1988-11-01,day,,C: © 1988 Atlantic Recording Corporation for the United States and WEA International Inc. for the world outside of the United States; P: ℗ 1988 Atlantic Recording Corporation for the United States and WEA International Inc. for the world outside of the United States,,https://i.scdn.co/image/ab67616d0000b2732612add61ad53e5a5d33c2d4,,4CzUzn54Cp9TQr6a7JIlMZ,Manowar,spotify:artist:4CzUzn54Cp9TQr6a7JIlMZ,https://open.spotify.com/artist/4CzUzn54Cp9TQr6a7JIlMZ,,,,1035240,"1,035,240",false,Spotify public artist page,,https://i.scdn.co/image/ab6761610000e5eba4780fe15900fbd223cd4f48,,4CzUzn54Cp9TQr6a7JIlMZ,Manowar,https://open.spotify.com/artist/4CzUzn54Cp9TQr6a7JIlMZ,"[{""artist_id"": ""4CzUzn54Cp9TQr6a7JIlMZ"", ""artist_name"": ""Manowar"", ""artist_url"": ""https://open.spotify.com/artist/4CzUzn54Cp9TQr6a7JIlMZ"", ""monthly_listeners"": ""1035240"", ""monthly_listeners_display"": ""1,035,240"", ""is_approx"": ""false"", ""fetch_error"": """"}]","[{""artist_id"": ""4CzUzn54Cp9TQr6a7JIlMZ"", ""artist_name"": ""Manowar"", ""artist_uri"": ""spotify:artist:4CzUzn54Cp9TQr6a7JIlMZ"", ""artist_url"": ""https://open.spotify.com/artist/4CzUzn54Cp9TQr6a7JIlMZ"", ""artist_type"": ""artist"", ""artist_genres"": """", ""artist_spotify_api_popularity"": """", ""artist_followers_total"": """", ""artist_image_url"": ""https://i.scdn.co/image/ab6761610000e5eba4780fe15900fbd223cd4f48"", ""artist_lookup_error"": """", ""artist_monthly_listeners"": ""1035240"", ""artist_monthly_listeners_display"": ""1,035,240"", ""artist_monthly_listeners_is_approx"": ""false"", ""artist_monthly_listeners_source"": ""Spotify public artist page"", ""artist_monthly_listeners_fetch_error"": """"}]",0,,"{""spotify"": ""https://open.spotify.com/track/5HkvAtKEPDLmchWYmepqYB""}",{}
week1_13july,2026-07-24T08:36:00+00:00,Spotify,Aysima Karçaaltıncaba,aaaaysimaaaa,Week1-User8,Week1-User8,6W1ai3xtubuTGHsxIqrP09,spotify:playlist:6W1ai3xtubuTGHsxIqrP09,https://open.spotify.com/playlist/6W1ai3xtubuTGHsxIqrP09,,aaaaysimaaaa,Aysima Karçaaltıncaba,True,False,0,AAAAAwk76L/i2QoHugH7URLF2fRflEz8,30,7,2026-07-21T19:29:47Z,aaaaysimaaaa,primary_artist_monthly_listeners,57678,"57,678",Spotify public artist page,false,,4mJmi9z3o1B6k2vry39Ufh,spotify:track:4mJmi9z3o1B6k2vry39Ufh,https://open.spotify.com/track/4mJmi9z3o1B6k2vry39Ufh,Heavy Metal Never Dies,track,5,1,254386,254.386,False,False,True,,https://api.spotify.com/v1/tracks/4mJmi9z3o1B6k2vry39Ufh,https://api.spotify.com/v1/tracks/4mJmi9z3o1B6k2vry39Ufh,,,DEU601103715,,,2UhgoMIFgbaiLHuiB0qjHU,spotify:album:2UhgoMIFgbaiLHuiB0qjHU,https://open.spotify.com/album/2UhgoMIFgbaiLHuiB0qjHU,The Landing,album,,11,2011-11-18,day,,C: 2011 AFM Records; P: 2011 AFM Records,,https://i.scdn.co/image/ab67616d0000b27396cd0b3287f32ec509c46fed,,6COmyouHXwCeIGS1IFd1PA,Iron Savior,spotify:artist:6COmyouHXwCeIGS1IFd1PA,https://open.spotify.com/artist/6COmyouHXwCeIGS1IFd1PA,,,,57678,"57,678",false,Spotify public artist page,,https://i.scdn.co/image/ab6761610000e5ebb3e6e0ca2f30c6aefc2363ae,,6COmyouHXwCeIGS1IFd1PA,Iron Savior,https://open.spotify.com/artist/6COmyouHXwCeIGS1IFd1PA,"[{""artist_id"": ""6COmyouHXwCeIGS1IFd1PA"", ""artist_name"": ""Iron Savior"", ""artist_url"": ""https://open.spotify.com/artist/6COmyouHXwCeIGS1IFd1PA"", ""monthly_listeners"": ""57678"", ""monthly_listeners_display"": ""57,678"", ""is_approx"": ""false"", ""fetch_error"": """"}]","[{""artist_id"": ""6COmyouHXwCeIGS1IFd1PA"", ""artist_name"": ""Iron Savior"", ""artist_uri"": ""spotify:artist:6COmyouHXwCeIGS1IFd1PA"", ""artist_url"": ""https://open.spotify.com/artist/6COmyouHXwCeIGS1IFd1PA"", ""artist_type"": ""artist"", ""artist_genres"": """", ""artist_spotify_api_popularity"": """", ""artist_followers_total"": """", ""artist_image_url"": ""https://i.scdn.co/image/ab6761610000e5ebb3e6e0ca2f30c6aefc2363ae"", ""artist_lookup_error"": """", ""artist_monthly_listeners"": ""57678"", ""artist_monthly_listeners_display"": ""57,678"", ""artist_monthly_listeners_is_approx"": ""false"", ""artist_monthly_listeners_source"": ""Spotify public artist page"", ""artist_monthly_listeners_fetch_error"": """"}]",0,,"{""spotify"": ""https://open.spotify.com/track/4mJmi9z3o1B6k2vry39Ufh""}",{}
week1_13july,2026-07-24T08:36:00+00:00,Spotify,Aysima Karçaaltıncaba,aaaaysimaaaa,Week1-User8,Week1-User8,6W1ai3xtubuTGHsxIqrP09,spotify:playlist:6W1ai3xtubuTGHsxIqrP09,https://open.spotify.com/playlist/6W1ai3xtubuTGHsxIqrP09,,aaaaysimaaaa,Aysima Karçaaltıncaba,True,False,0,AAAAAwk76L/i2QoHugH7URLF2fRflEz8,30,8,2026-07-21T19:29:47Z,aaaaysimaaaa,primary_artist_monthly_listeners,290277,"290,277",Spotify public artist page,false,,4wEtmW6jIuPQ8NTYHbkOGm,spotify:track:4wEtmW6jIuPQ8NTYHbkOGm,https://open.spotify.com/track/4wEtmW6jIuPQ8NTYHbkOGm,King of Fools,track,10,1,215320,215.320,False,False,True,,https://api.spotify.com/v1/tracks/4wEtmW6jIuPQ8NTYHbkOGm,https://api.spotify.com/v1/tracks/4wEtmW6jIuPQ8NTYHbkOGm,,,DED830370705,,,0ilazW0ucXedFYUgKFZkqT,spotify:album:0ilazW0ucXedFYUgKFZkqT,https://open.spotify.com/album/0ilazW0ucXedFYUgKFZkqT,The Singles,album,,14,2008-11-14,day,,C: 2008 Nuclear Blast; P: 2008 Nuclear Blast,,https://i.scdn.co/image/ab67616d0000b273834529912144b18eb39d773b,,3AGFqPP3gt5rMSvhR87Xxu,Edguy,spotify:artist:3AGFqPP3gt5rMSvhR87Xxu,https://open.spotify.com/artist/3AGFqPP3gt5rMSvhR87Xxu,,,,290277,"290,277",false,Spotify public artist page,,https://i.scdn.co/image/ab6772690000c46cec078670d746fddbe7674e78,,3AGFqPP3gt5rMSvhR87Xxu,Edguy,https://open.spotify.com/artist/3AGFqPP3gt5rMSvhR87Xxu,"[{""artist_id"": ""3AGFqPP3gt5rMSvhR87Xxu"", ""artist_name"": ""Edguy"", ""artist_url"": ""https://open.spotify.com/artist/3AGFqPP3gt5rMSvhR87Xxu"", ""monthly_listeners"": ""290277"", ""monthly_listeners_display"": ""290,277"", ""is_approx"": ""false"", ""fetch_error"": """"}]","[{""artist_id"": ""3AGFqPP3gt5rMSvhR87Xxu"", ""artist_name"": ""Edguy"", ""artist_uri"": ""spotify:artist:3AGFqPP3gt5rMSvhR87Xxu"", ""artist_url"": ""https://open.spotify.com/artist/3AGFqPP3gt5rMSvhR87Xxu"", ""artist_type"": ""artist"", ""artist_genres"": """", ""artist_spotify_api_popularity"": """", ""artist_followers_total"": """", ""artist_image_url"": ""https://i.scdn.co/image/ab6772690000c46cec078670d746fddbe7674e78"", ""artist_lookup_error"": """", ""artist_monthly_listeners"": ""290277"", ""artist_monthly_listeners_display"": ""290,277"", ""artist_monthly_listeners_is_approx"": ""false"", ""artist_monthly_listeners_source"": ""Spotify public artist page"", ""artist_monthly_listeners_fetch_error"": """"}]",0,,"{""spotify"": ""https://open.spotify.com/track/4wEtmW6jIuPQ8NTYHbkOGm""}",{}
week1_13july,2026-07-24T08:36:00+00:00,Spotify,Aysima Karçaaltıncaba,aaaaysimaaaa,Week1-User8,Week1-User8,6W1ai3xtubuTGHsxIqrP09,spotify:playlist:6W1ai3xtubuTGHsxIqrP09,https://open.spotify.com/playlist/6W1ai3xtubuTGHsxIqrP09,,aaaaysimaaaa,Aysima Karçaaltıncaba,True,False,0,AAAAAwk76L/i2QoHugH7URLF2fRflEz8,30,9,2026-07-21T19:29:47Z,aaaaysimaaaa,primary_artist_monthly_listeners,193731,"193,731",Spotify public artist page,false,,0wwAkc9n9SfV27COAK2AUH,spotify:track:0wwAkc9n9SfV27COAK2AUH,https://open.spotify.com/track/0wwAkc9n9SfV27COAK2AUH,Iron,track,2,1,233186,233.186,False,False,True,,https://api.spotify.com/v1/tracks/0wwAkc9n9SfV27COAK2AUH,https://api.spotify.com/v1/tracks/0wwAkc9n9SfV27COAK2AUH,,,FISFS0400002,,,1UrdsJhCNyCqmBn9zy2Ut9,spotify:album:1UrdsJhCNyCqmBn9zy2Ut9,https://open.spotify.com/album/1UrdsJhCNyCqmBn9zy2Ut9,Iron,album,,11,2008-01-01,day,,C: 2008 Spin-Farm Oy; P: 2008 Spin-Farm Oy,,https://i.scdn.co/image/ab67616d0000b273f6df9f51261fd69be472723e,,0krXCIkthz13P8o0v2tksH,Ensiferum,spotify:artist:0krXCIkthz13P8o0v2tksH,https://open.spotify.com/artist/0krXCIkthz13P8o0v2tksH,,,,193731,"193,731",false,Spotify public artist page,,https://i.scdn.co/image/ab6761610000e5eb0a5ef9d5834390b5ebdee107,,0krXCIkthz13P8o0v2tksH,Ensiferum,https://open.spotify.com/artist/0krXCIkthz13P8o0v2tksH,"[{""artist_id"": ""0krXCIkthz13P8o0v2tksH"", ""artist_name"": ""Ensiferum"", ""artist_url"": ""https://open.spotify.com/artist/0krXCIkthz13P8o0v2tksH"", ""monthly_listeners"": ""193731"", ""monthly_listeners_display"": ""193,731"", ""is_approx"": ""false"", ""fetch_error"": """"}]","[{""artist_id"": ""0krXCIkthz13P8o0v2tksH"", ""artist_name"": ""Ensiferum"", ""artist_uri"": ""spotify:artist:0krXCIkthz13P8o0v2tksH"", ""artist_url"": ""https://open.spotify.com/artist/0krXCIkthz13P8o0v2tksH"", ""artist_type"": ""artist"", ""artist_genres"": """", ""artist_spotify_api_popularity"": """", ""artist_followers_total"": """", ""artist_image_url"": ""https://i.scdn.co/image/ab6761610000e5eb0a5ef9d5834390b5ebdee107"", ""artist_lookup_error"": """", ""artist_monthly_listeners"": ""193731"", ""artist_monthly_listeners_display"": ""193,731"", ""artist_monthly_listeners_is_approx"": ""false"", ""artist_monthly_listeners_source"": ""Spotify public artist page"", ""artist_monthly_listeners_fetch_error"": """"}]",0,,"{""spotify"": ""https://open.spotify.com/track/0wwAkc9n9SfV27COAK2AUH""}",{}
week1_13july,2026-07-24T08:36:00+00:00,Spotify,Aysima Karçaaltıncaba,aaaaysimaaaa,Week1-User8,Week1-User8,6W1ai3xtubuTGHsxIqrP09,spotify:playlist:6W1ai3xtubuTGHsxIqrP09,https://open.spotify.com/playlist/6W1ai3xtubuTGHsxIqrP09,,aaaaysimaaaa,Aysima Karçaaltıncaba,True,False,0,AAAAAwk76L/i2QoHugH7URLF2fRflEz8,30,10,2026-07-21T19:29:47Z,aaaaysimaaaa,primary_artist_monthly_listeners,167499,"167,499",Spotify public artist page,false,,07Vk1JPd5MgBJxdrMpnLNh,spotify:track:07Vk1JPd5MgBJxdrMpnLNh,https://open.spotify.com/track/07Vk1JPd5MgBJxdrMpnLNh,The Book of Heavy Metal (March of the Metallians),track,1,1,325800,325.800,False,False,True,,https://api.spotify.com/v1/tracks/07Vk1JPd5MgBJxdrMpnLNh,https://api.spotify.com/v1/tracks/07Vk1JPd5MgBJxdrMpnLNh,,,GBDHC0405261,,,6ZWMfxSgjm7dlS6jbypNDW,spotify:album:6ZWMfxSgjm7dlS6jbypNDW,https://open.spotify.com/album/6ZWMfxSgjm7dlS6jbypNDW,The Book of Heavy Metal,album,,12,2004-07-13,day,,P: (P) 2004 Century Media Records Ltd.,,https://i.scdn.co/image/ab67616d0000b2735e63fac5984dc516623ed0bc,,1bkf8u8ot6vEpWTJFBzKZB,Dream Evil,spotify:artist:1bkf8u8ot6vEpWTJFBzKZB,https://open.spotify.com/artist/1bkf8u8ot6vEpWTJFBzKZB,,,,167499,"167,499",false,Spotify public artist page,,https://i.scdn.co/image/ab6761610000e5eb68620704b0615991995f22c5,,1bkf8u8ot6vEpWTJFBzKZB,Dream Evil,https://open.spotify.com/artist/1bkf8u8ot6vEpWTJFBzKZB,"[{""artist_id"": ""1bkf8u8ot6vEpWTJFBzKZB"", ""artist_name"": ""Dream Evil"", ""artist_url"": ""https://open.spotify.com/artist/1bkf8u8ot6vEpWTJFBzKZB"", ""monthly_listeners"": ""167499"", ""monthly_listeners_display"": ""167,499"", ""is_approx"": ""false"", ""fetch_error"": """"}]","[{""artist_id"": ""1bkf8u8ot6vEpWTJFBzKZB"", ""artist_name"": ""Dream Evil"", ""artist_uri"": ""spotify:artist:1bkf8u8ot6vEpWTJFBzKZB"", ""artist_url"": ""https://open.spotify.com/artist/1bkf8u8ot6vEpWTJFBzKZB"", ""artist_type"": ""artist"", ""artist_genres"": """", ""artist_spotify_api_popularity"": """", ""artist_followers_total"": """", ""artist_image_url"": ""https://i.scdn.co/image/ab6761610000e5eb68620704b0615991995f22c5"", ""artist_lookup_error"": """", ""artist_monthly_listeners"": ""167499"", ""artist_monthly_listeners_display"": ""167,499"", ""artist_monthly_listeners_is_approx"": ""false"", ""artist_monthly_listeners_source"": ""Spotify public artist page"", ""artist_monthly_listeners_fetch_error"": """"}]",0,,"{""spotify"": ""https://open.spotify.com/track/07Vk1JPd5MgBJxdrMpnLNh""}",{}
week1_13july,2026-07-24T08:36:00+00:00,Spotify,Aysima Karçaaltıncaba,aaaaysimaaaa,Week1-User8,Week1-User8,6W1ai3xtubuTGHsxIqrP09,spotify:playlist:6W1ai3xtubuTGHsxIqrP09,https://open.spotify.com/playlist/6W1ai3xtubuTGHsxIqrP09,,aaaaysimaaaa,Aysima Karçaaltıncaba,True,False,0,AAAAAwk76L/i2QoHugH7URLF2fRflEz8,30,11,2026-07-21T19:29:47Z,aaaaysimaaaa,primary_artist_monthly_listeners,758547,"758,547",Spotify public artist page,false,,2x9DbLmcA7V3OZQHSq7I4L,spotify:track:2x9DbLmcA7V3OZQHSq7I4L,https://open.spotify.com/track/2x9DbLmcA7V3OZQHSq7I4L,"Silent Night, Bodom Night",track,2,1,192760,192.760,False,False,True,,https://api.spotify.com/v1/tracks/2x9DbLmcA7V3OZQHSq7I4L,https://api.spotify.com/v1/tracks/2x9DbLmcA7V3OZQHSq7I4L,,,FISFS9800106,,,5ZY4RdeHkyyl3QM5i17Cn3,spotify:album:5ZY4RdeHkyyl3QM5i17Cn3,https://open.spotify.com/album/5ZY4RdeHkyyl3QM5i17Cn3,Hatebreeder,album,,11,1999-05-03,day,,C: 2008 Spin-Farm Oy; P: 2008 Spin-Farm Oy,,https://i.scdn.co/image/ab67616d0000b273aefd42cfcad1195cbcd770d5,,1xUhNgw4eJDZfvumIpcz1B,Children Of Bodom,spotify:artist:1xUhNgw4eJDZfvumIpcz1B,https://open.spotify.com/artist/1xUhNgw4eJDZfvumIpcz1B,,,,758547,"758,547",false,Spotify public artist page,,https://i.scdn.co/image/ab6761610000e5ebe51866b7c973c8aafaf1fece,,1xUhNgw4eJDZfvumIpcz1B,Children Of Bodom,https://open.spotify.com/artist/1xUhNgw4eJDZfvumIpcz1B,"[{""artist_id"": ""1xUhNgw4eJDZfvumIpcz1B"", ""artist_name"": ""Children Of Bodom"", ""artist_url"": ""https://open.spotify.com/artist/1xUhNgw4eJDZfvumIpcz1B"", ""monthly_listeners"": ""758547"", ""monthly_listeners_display"": ""758,547"", ""is_approx"": ""false"", ""fetch_error"": """"}]","[{""artist_id"": ""1xUhNgw4eJDZfvumIpcz1B"", ""artist_name"": ""Children Of Bodom"", ""artist_uri"": ""spotify:artist:1xUhNgw4eJDZfvumIpcz1B"", ""artist_url"": ""https://open.spotify.com/artist/1xUhNgw4eJDZfvumIpcz1B"", ""artist_type"": ""artist"", ""artist_genres"": """", ""artist_spotify_api_popularity"": """", ""artist_followers_total"": """", ""artist_image_url"": ""https://i.scdn.co/image/ab6761610000e5ebe51866b7c973c8aafaf1fece"", ""artist_lookup_error"": """", ""artist_monthly_listeners"": ""758547"", ""artist_monthly_listeners_display"": ""758,547"", ""artist_monthly_listeners_is_approx"": ""false"", ""artist_monthly_listeners_source"": ""Spotify public artist page"", ""artist_monthly_listeners_fetch_error"": """"}]",0,,"{""spotify"": ""https://open.spotify.com/track/2x9DbLmcA7V3OZQHSq7I4L""}",{}
week1_13july,2026-07-24T08:36:00+00:00,Spotify,Aysima Karçaaltıncaba,aaaaysimaaaa,Week1-User8,Week1-User8,6W1ai3xtubuTGHsxIqrP09,spotify:playlist:6W1ai3xtubuTGHsxIqrP09,https://open.spotify.com/playlist/6W1ai3xtubuTGHsxIqrP09,,aaaaysimaaaa,Aysima Karçaaltıncaba,True,False,0,AAAAAwk76L/i2QoHugH7URLF2fRflEz8,30,12,2026-07-21T19:29:47Z,aaaaysimaaaa,primary_artist_monthly_listeners,3115408,"3,115,408",Spotify public artist page,false,,7xrNu3NxSQ0zAnB8ZSqUgq,spotify:track:7xrNu3NxSQ0zAnB8ZSqUgq,https://open.spotify.com/track/7xrNu3NxSQ0zAnB8ZSqUgq,Till Seger,track,11,1,207733,207.733,False,False,True,,https://api.spotify.com/v1/tracks/7xrNu3NxSQ0zAnB8ZSqUgq,https://api.spotify.com/v1/tracks/7xrNu3NxSQ0zAnB8ZSqUgq,,,SE6HE2500111,,,1jjx7U3tayhJTytJVBj0WY,spotify:album:1jjx7U3tayhJTytJVBj0WY,https://open.spotify.com/album/1jjx7U3tayhJTytJVBj0WY,Legends,album,,11,2025-10-17,day,,"C: 2025 Sabaton, under exclusive license to Better Noise Music; P: 2025 Sabaton, under exclusive license to Better Noise Music",,https://i.scdn.co/image/ab67616d0000b2732015d006804756df2e271b74,,3o2dn2O0FCVsWDFSh8qxgG,Sabaton,spotify:artist:3o2dn2O0FCVsWDFSh8qxgG,https://open.spotify.com/artist/3o2dn2O0FCVsWDFSh8qxgG,,,,3115408,"3,115,408",false,Spotify public artist page,,https://i.scdn.co/image/ab6761610000e5ebfc0524cca1171fac8678f4bf,,3o2dn2O0FCVsWDFSh8qxgG,Sabaton,https://open.spotify.com/artist/3o2dn2O0FCVsWDFSh8qxgG,"[{""artist_id"": ""3o2dn2O0FCVsWDFSh8qxgG"", ""artist_name"": ""Sabaton"", ""artist_url"": ""https://open.spotify.com/artist/3o2dn2O0FCVsWDFSh8qxgG"", ""monthly_listeners"": ""3115408"", ""monthly_listeners_display"": ""3,115,408"", ""is_approx"": ""false"", ""fetch_error"": """"}]","[{""artist_id"": ""3o2dn2O0FCVsWDFSh8qxgG"", ""artist_name"": ""Sabaton"", ""artist_uri"": ""spotify:artist:3o2dn2O0FCVsWDFSh8qxgG"", ""artist_url"": ""https://open.spotify.com/artist/3o2dn2O0FCVsWDFSh8qxgG"", ""artist_type"": ""artist"", ""artist_genres"": """", ""artist_spotify_api_popularity"": """", ""artist_followers_total"": """", ""artist_image_url"": ""https://i.scdn.co/image/ab6761610000e5ebfc0524cca1171fac8678f4bf"", ""artist_lookup_error"": """", ""artist_monthly_listeners"": ""3115408"", ""artist_monthly_listeners_display"": ""3,115,408"", ""artist_monthly_listeners_is_approx"": ""false"", ""artist_monthly_listeners_source"": ""Spotify public artist page"", ""artist_monthly_listeners_fetch_error"": """"}]",0,,"{""spotify"": ""https://open.spotify.com/track/7xrNu3NxSQ0zAnB8ZSqUgq""}",{}
week1_13july,2026-07-24T08:36:00+00:00,Spotify,Aysima Karçaaltıncaba,aaaaysimaaaa,Week1-User8,Week1-User8,6W1ai3xtubuTGHsxIqrP09,spotify:playlist:6W1ai3xtubuTGHsxIqrP09,https://open.spotify.com/playlist/6W1ai3xtubuTGHsxIqrP09,,aaaaysimaaaa,Aysima Karçaaltıncaba,True,False,0,AAAAAwk76L/i2QoHugH7URLF2fRflEz8,30,13,2026-07-21T19:29:47Z,aaaaysimaaaa,primary_artist_monthly_listeners,170740,"170,740",Spotify public artist page,false,,3OdsSVAdClWuGRF9ZKslLA,spotify:track:3OdsSVAdClWuGRF9ZKslLA,https://open.spotify.com/track/3OdsSVAdClWuGRF9ZKslLA,Valley of the Kings,track,7,1,230840,230.840,False,False,True,,https://api.spotify.com/v1/tracks/3OdsSVAdClWuGRF9ZKslLA,https://api.spotify.com/v1/tracks/3OdsSVAdClWuGRF9ZKslLA,,,DEA249700063,,,63kN7mWPHfGQY3zkGyE8JV,spotify:album:63kN7mWPHfGQY3zkGyE8JV,https://open.spotify.com/album/63kN7mWPHfGQY3zkGyE8JV,Somewhere out in Space,album,,15,1997-08-25,day,,"C: 2022 earMUSIC, a label of Edel Music & Entertainment GmbH.; P: 1997 Gamma Ray / earMUSIC, a label of Edel Music & Entertainment GmbH.",,https://i.scdn.co/image/ab67616d0000b273f48a71b40a14122257dcd819,,6LZE884lDIsCSLHuTplfGp,Gamma Ray,spotify:artist:6LZE884lDIsCSLHuTplfGp,https://open.spotify.com/artist/6LZE884lDIsCSLHuTplfGp,,,,170740,"170,740",false,Spotify public artist page,,https://i.scdn.co/image/ab6772690000c46c1110b1a024312710e7c796c4,,6LZE884lDIsCSLHuTplfGp,Gamma Ray,https://open.spotify.com/artist/6LZE884lDIsCSLHuTplfGp,"[{""artist_id"": ""6LZE884lDIsCSLHuTplfGp"", ""artist_name"": ""Gamma Ray"", ""artist_url"": ""https://open.spotify.com/artist/6LZE884lDIsCSLHuTplfGp"", ""monthly_listeners"": ""170740"", ""monthly_listeners_display"": ""170,740"", ""is_approx"": ""false"", ""fetch_error"": """"}]","[{""artist_id"": ""6LZE884lDIsCSLHuTplfGp"", ""artist_name"": ""Gamma Ray"", ""artist_uri"": ""spotify:artist:6LZE884lDIsCSLHuTplfGp"", ""artist_url"": ""https://open.spotify.com/artist/6LZE884lDIsCSLHuTplfGp"", ""artist_type"": ""artist"", ""artist_genres"": """", ""artist_spotify_api_popularity"": """", ""artist_followers_total"": """", ""artist_image_url"": ""https://i.scdn.co/image/ab6772690000c46c1110b1a024312710e7c796c4"", ""artist_lookup_error"": """", ""artist_monthly_listeners"": ""170740"", ""artist_monthly_listeners_display"": ""170,740"", ""artist_monthly_listeners_is_approx"": ""false"", ""artist_monthly_listeners_source"": ""Spotify public artist page"", ""artist_monthly_listeners_fetch_error"": """"}]",0,,"{""spotify"": ""https://open.spotify.com/track/3OdsSVAdClWuGRF9ZKslLA""}",{}
week1_13july,2026-07-24T08:36:00+00:00,Spotify,Aysima Karçaaltıncaba,aaaaysimaaaa,Week1-User8,Week1-User8,6W1ai3xtubuTGHsxIqrP09,spotify:playlist:6W1ai3xtubuTGHsxIqrP09,https://open.spotify.com/playlist/6W1ai3xtubuTGHsxIqrP09,,aaaaysimaaaa,Aysima Karçaaltıncaba,True,False,0,AAAAAwk76L/i2QoHugH7URLF2fRflEz8,30,14,2026-07-21T19:29:47Z,aaaaysimaaaa,primary_artist_monthly_listeners,105691,"105,691",Spotify public artist page,false,,0V2Jge35CQn1Hc9hNBmdbm,spotify:track:0V2Jge35CQn1Hc9hNBmdbm,https://open.spotify.com/track/0V2Jge35CQn1Hc9hNBmdbm,The End Is Near,track,2,1,266964,266.964,False,False,True,,https://api.spotify.com/v1/tracks/0V2Jge35CQn1Hc9hNBmdbm,https://api.spotify.com/v1/tracks/0V2Jge35CQn1Hc9hNBmdbm,,,ITG271600027,,,4Y726zsgHLeScKFCe8CgeL,spotify:album:4Y726zsgHLeScKFCe8CgeL,https://open.spotify.com/album/4Y726zsgHLeScKFCe8CgeL,Rulebreaker,album,,14,2016-01-29,day,,C: (C) 2016 Reigning Phoenix Music; P: (P) 2016 Reigning Phoenix Music,,https://i.scdn.co/image/ab67616d0000b273f697ada0466f413cacf8052a,,1yfiDL3YUEJlQCgb5Pun6g,Primal Fear,spotify:artist:1yfiDL3YUEJlQCgb5Pun6g,https://open.spotify.com/artist/1yfiDL3YUEJlQCgb5Pun6g,,,,105691,"105,691",false,Spotify public artist page,,https://i.scdn.co/image/ab6761610000e5ebd8360d0ed8fe9dd3fd04fb45,,1yfiDL3YUEJlQCgb5Pun6g,Primal Fear,https://open.spotify.com/artist/1yfiDL3YUEJlQCgb5Pun6g,"[{""artist_id"": ""1yfiDL3YUEJlQCgb5Pun6g"", ""artist_name"": ""Primal Fear"", ""artist_url"": ""https://open.spotify.com/artist/1yfiDL3YUEJlQCgb5Pun6g"", ""monthly_listeners"": ""105691"", ""monthly_listeners_display"": ""105,691"", ""is_approx"": ""false"", ""fetch_error"": """"}]","[{""artist_id"": ""1yfiDL3YUEJlQCgb5Pun6g"", ""artist_name"": ""Primal Fear"", ""artist_uri"": ""spotify:artist:1yfiDL3YUEJlQCgb5Pun6g"", ""artist_url"": ""https://open.spotify.com/artist/1yfiDL3YUEJlQCgb5Pun6g"", ""artist_type"": ""artist"", ""artist_genres"": """", ""artist_spotify_api_popularity"": """", ""artist_followers_total"": """", ""artist_image_url"": ""https://i.scdn.co/image/ab6761610000e5ebd8360d0ed8fe9dd3fd04fb45"", ""artist_lookup_error"": """", ""artist_monthly_listeners"": ""105691"", ""artist_monthly_listeners_display"": ""105,691"", ""artist_monthly_listeners_is_approx"": ""false"", ""artist_monthly_listeners_source"": ""Spotify public artist page"", ""artist_monthly_listeners_fetch_error"": """"}]",0,,"{""spotify"": ""https://open.spotify.com/track/0V2Jge35CQn1Hc9hNBmdbm""}",{}
week1_13july,2026-07-24T08:36:00+00:00,Spotify,Aysima Karçaaltıncaba,aaaaysimaaaa,Week1-User8,Week1-User8,6W1ai3xtubuTGHsxIqrP09,spotify:playlist:6W1ai3xtubuTGHsxIqrP09,https://open.spotify.com/playlist/6W1ai3xtubuTGHsxIqrP09,,aaaaysimaaaa,Aysima Karçaaltıncaba,True,False,0,AAAAAwk76L/i2QoHugH7URLF2fRflEz8,30,15,2026-07-21T19:29:47Z,aaaaysimaaaa,primary_artist_monthly_listeners,53997,"53,997",Spotify public artist page,false,,3hfgxj1PpTUUdgU0P8Nt7e,spotify:track:3hfgxj1PpTUUdgU0P8Nt7e,https://open.spotify.com/track/3hfgxj1PpTUUdgU0P8Nt7e,Down from the Mountain,track,2,1,246295,246.295,False,False,True,,https://api.spotify.com/v1/tracks/3hfgxj1PpTUUdgU0P8Nt7e,https://api.spotify.com/v1/tracks/3hfgxj1PpTUUdgU0P8Nt7e,,,ITG271400092,,,7hoWTaACeZE1m9HSYY73aS,spotify:album:7hoWTaACeZE1m9HSYY73aS,https://open.spotify.com/album/7hoWTaACeZE1m9HSYY73aS,The Great Divide,album,,10,2014-10-17,day,,C: (C) 2014 Frontiers Records,,https://i.scdn.co/image/ab67616d0000b27309cd30cabc7f20c982de226c,,2hxa4ytcni5FUIK8IR27tX,Allen Lande,spotify:artist:2hxa4ytcni5FUIK8IR27tX,https://open.spotify.com/artist/2hxa4ytcni5FUIK8IR27tX,,,,53997,"53,997",false,Spotify public artist page,,https://i.scdn.co/image/ab67616d0000b27309cd30cabc7f20c982de226c,,2hxa4ytcni5FUIK8IR27tX,Allen Lande,https://open.spotify.com/artist/2hxa4ytcni5FUIK8IR27tX,"[{""artist_id"": ""2hxa4ytcni5FUIK8IR27tX"", ""artist_name"": ""Allen Lande"", ""artist_url"": ""https://open.spotify.com/artist/2hxa4ytcni5FUIK8IR27tX"", ""monthly_listeners"": ""53997"", ""monthly_listeners_display"": ""53,997"", ""is_approx"": ""false"", ""fetch_error"": """"}]","[{""artist_id"": ""2hxa4ytcni5FUIK8IR27tX"", ""artist_name"": ""Allen Lande"", ""artist_uri"": ""spotify:artist:2hxa4ytcni5FUIK8IR27tX"", ""artist_url"": ""https://open.spotify.com/artist/2hxa4ytcni5FUIK8IR27tX"", ""artist_type"": ""artist"", ""artist_genres"": """", ""artist_spotify_api_popularity"": """", ""artist_followers_total"": """", ""artist_image_url"": ""https://i.scdn.co/image/ab67616d0000b27309cd30cabc7f20c982de226c"", ""artist_lookup_error"": """", ""artist_monthly_listeners"": ""53997"", ""artist_monthly_listeners_display"": ""53,997"", ""artist_monthly_listeners_is_approx"": ""false"", ""artist_monthly_listeners_source"": ""Spotify public artist page"", ""artist_monthly_listeners_fetch_error"": """"}]",0,,"{""spotify"": ""https://open.spotify.com/track/3hfgxj1PpTUUdgU0P8Nt7e""}",{}
week1_13july,2026-07-24T08:36:00+00:00,Spotify,Aysima Karçaaltıncaba,aaaaysimaaaa,Week1-User8,Week1-User8,6W1ai3xtubuTGHsxIqrP09,spotify:playlist:6W1ai3xtubuTGHsxIqrP09,https://open.spotify.com/playlist/6W1ai3xtubuTGHsxIqrP09,,aaaaysimaaaa,Aysima Karçaaltıncaba,True,False,0,AAAAAwk76L/i2QoHugH7URLF2fRflEz8,30,16,2026-07-21T19:29:47Z,aaaaysimaaaa,primary_artist_monthly_listeners,74393,"74,393",Spotify public artist page,false,,1P5B3ARqjPkB9yCNPZq9jV,spotify:track:1P5B3ARqjPkB9yCNPZq9jV,https://open.spotify.com/track/1P5B3ARqjPkB9yCNPZq9jV,Rebellion (The Clans Are Marching) - Remastered Version,track,11,1,244760,244.760,False,False,True,,https://api.spotify.com/v1/tracks/1P5B3ARqjPkB9yCNPZq9jV,https://api.spotify.com/v1/tracks/1P5B3ARqjPkB9yCNPZq9jV,,,DEC760600331,,,4ZNfzHslrjITU8iqfzCAL8,spotify:album:4ZNfzHslrjITU8iqfzCAL8,https://open.spotify.com/album/4ZNfzHslrjITU8iqfzCAL8,Tunes Of War (Remastered 2006),album,,13,1996,year,,"P: (P) 2006 GUN Records GmbH, A Unit Of SONY BMG MUSIC ENTERTAINMENT (GERMANY) GmbH",,https://i.scdn.co/image/ab67616d0000b2735d5ef12b8c86299ec4e16f7c,,6mfghV4I1CD17FOhDKq7cJ,Grave Digger,spotify:artist:6mfghV4I1CD17FOhDKq7cJ,https://open.spotify.com/artist/6mfghV4I1CD17FOhDKq7cJ,,,,74393,"74,393",false,Spotify public artist page,,https://i.scdn.co/image/ab6761610000e5eb5b4d967b77ad0ffbd0d70013,,6mfghV4I1CD17FOhDKq7cJ,Grave Digger,https://open.spotify.com/artist/6mfghV4I1CD17FOhDKq7cJ,"[{""artist_id"": ""6mfghV4I1CD17FOhDKq7cJ"", ""artist_name"": ""Grave Digger"", ""artist_url"": ""https://open.spotify.com/artist/6mfghV4I1CD17FOhDKq7cJ"", ""monthly_listeners"": ""74393"", ""monthly_listeners_display"": ""74,393"", ""is_approx"": ""false"", ""fetch_error"": """"}]","[{""artist_id"": ""6mfghV4I1CD17FOhDKq7cJ"", ""artist_name"": ""Grave Digger"", ""artist_uri"": ""spotify:artist:6mfghV4I1CD17FOhDKq7cJ"", ""artist_url"": ""https://open.spotify.com/artist/6mfghV4I1CD17FOhDKq7cJ"", ""artist_type"": ""artist"", ""artist_genres"": """", ""artist_spotify_api_popularity"": """", ""artist_followers_total"": """", ""artist_image_url"": ""https://i.scdn.co/image/ab6761610000e5eb5b4d967b77ad0ffbd0d70013"", ""artist_lookup_error"": """", ""artist_monthly_listeners"": ""74393"", ""artist_monthly_listeners_display"": ""74,393"", ""artist_monthly_listeners_is_approx"": ""false"", ""artist_monthly_listeners_source"": ""Spotify public artist page"", ""artist_monthly_listeners_fetch_error"": """"}]",0,,"{""spotify"": ""https://open.spotify.com/track/1P5B3ARqjPkB9yCNPZq9jV""}",{}
week1_13july,2026-07-24T08:36:00+00:00,Spotify,Aysima Karçaaltıncaba,aaaaysimaaaa,Week1-User8,Week1-User8,6W1ai3xtubuTGHsxIqrP09,spotify:playlist:6W1ai3xtubuTGHsxIqrP09,https://open.spotify.com/playlist/6W1ai3xtubuTGHsxIqrP09,,aaaaysimaaaa,Aysima Karçaaltıncaba,True,False,0,AAAAAwk76L/i2QoHugH7URLF2fRflEz8,30,17,2026-07-21T19:29:47Z,aaaaysimaaaa,primary_artist_monthly_listeners,98617,"98,617",Spotify public artist page,false,,2NCh5hwrluY1w5D3BxDXMq,spotify:track:2NCh5hwrluY1w5D3BxDXMq,https://open.spotify.com/track/2NCh5hwrluY1w5D3BxDXMq,Under Jolly Roger,track,1,1,282560,282.560,False,False,True,,https://api.spotify.com/v1/tracks/2NCh5hwrluY1w5D3BxDXMq,https://api.spotify.com/v1/tracks/2NCh5hwrluY1w5D3BxDXMq,,,GBAJE0300753,,,6ksfisQdOmbwJ481UJuAW0,spotify:album:6ksfisQdOmbwJ481UJuAW0,https://open.spotify.com/album/6ksfisQdOmbwJ481UJuAW0,Under Jolly Roger,album,,8,1987-01-01,day,,"C: 2006 Sanctuary Records Group Ltd., a BMG Company; P: 1987 Sanctuary Records Group Ltd., a BMG Company",,https://i.scdn.co/image/ab67616d0000b27398a5f2ec79e9f31b75bb456e,,7954VFaZClkL503srfV5PE,Running Wild,spotify:artist:7954VFaZClkL503srfV5PE,https://open.spotify.com/artist/7954VFaZClkL503srfV5PE,,,,98617,"98,617",false,Spotify public artist page,,https://i.scdn.co/image/ffc7d8dd0a29d7ca6f0840f2c2d9050f5a60d97d,,7954VFaZClkL503srfV5PE,Running Wild,https://open.spotify.com/artist/7954VFaZClkL503srfV5PE,"[{""artist_id"": ""7954VFaZClkL503srfV5PE"", ""artist_name"": ""Running Wild"", ""artist_url"": ""https://open.spotify.com/artist/7954VFaZClkL503srfV5PE"", ""monthly_listeners"": ""98617"", ""monthly_listeners_display"": ""98,617"", ""is_approx"": ""false"", ""fetch_error"": """"}]","[{""artist_id"": ""7954VFaZClkL503srfV5PE"", ""artist_name"": ""Running Wild"", ""artist_uri"": ""spotify:artist:7954VFaZClkL503srfV5PE"", ""artist_url"": ""https://open.spotify.com/artist/7954VFaZClkL503srfV5PE"", ""artist_type"": ""artist"", ""artist_genres"": """", ""artist_spotify_api_popularity"": """", ""artist_followers_total"": """", ""artist_image_url"": ""https://i.scdn.co/image/ffc7d8dd0a29d7ca6f0840f2c2d9050f5a60d97d"", ""artist_lookup_error"": """", ""artist_monthly_listeners"": ""98617"", ""artist_monthly_listeners_display"": ""98,617"", ""artist_monthly_listeners_is_approx"": ""false"", ""artist_monthly_listeners_source"": ""Spotify public artist page"", ""artist_monthly_listeners_fetch_error"": """"}]",0,,"{""spotify"": ""https://open.spotify.com/track/2NCh5hwrluY1w5D3BxDXMq""}",{}
week1_13july,2026-07-24T08:36:00+00:00,Spotify,Aysima Karçaaltıncaba,aaaaysimaaaa,Week1-User8,Week1-User8,6W1ai3xtubuTGHsxIqrP09,spotify:playlist:6W1ai3xtubuTGHsxIqrP09,https://open.spotify.com/playlist/6W1ai3xtubuTGHsxIqrP09,,aaaaysimaaaa,Aysima Karçaaltıncaba,True,False,0,AAAAAwk76L/i2QoHugH7URLF2fRflEz8,30,18,2026-07-21T19:29:47Z,aaaaysimaaaa,primary_artist_monthly_listeners,368660,"368,660",Spotify public artist page,false,,1NQCQj6x94ZBEPSODneBHw,spotify:track:1NQCQj6x94ZBEPSODneBHw,https://open.spotify.com/track/1NQCQj6x94ZBEPSODneBHw,The Village of Dwarves,track,4,1,232173,232.173,False,False,True,,https://api.spotify.com/v1/tracks/1NQCQj6x94ZBEPSODneBHw,https://api.spotify.com/v1/tracks/1NQCQj6x94ZBEPSODneBHw,,,DET270002304,,,6T6i4ZLAwRHVOxRaQnC5js,spotify:album:6T6i4ZLAwRHVOxRaQnC5js,https://open.spotify.com/album/6T6i4ZLAwRHVOxRaQnC5js,Dawn of Victory,album,,10,2000,year,,C: (C) 2000 Limb Music,,https://i.scdn.co/image/ab67616d0000b273012217969f1979b6f050068b,,0zQfrabOFYf36Ikb6PXcCY,Rhapsody,spotify:artist:0zQfrabOFYf36Ikb6PXcCY,https://open.spotify.com/artist/0zQfrabOFYf36Ikb6PXcCY,,,,368660,"368,660",false,Spotify public artist page,,https://i.scdn.co/image/ab6761610000e5eb902fae03243cae6e08caf99a,,0zQfrabOFYf36Ikb6PXcCY,Rhapsody,https://open.spotify.com/artist/0zQfrabOFYf36Ikb6PXcCY,"[{""artist_id"": ""0zQfrabOFYf36Ikb6PXcCY"", ""artist_name"": ""Rhapsody"", ""artist_url"": ""https://open.spotify.com/artist/0zQfrabOFYf36Ikb6PXcCY"", ""monthly_listeners"": ""368660"", ""monthly_listeners_display"": ""368,660"", ""is_approx"": ""false"", ""fetch_error"": """"}]","[{""artist_id"": ""0zQfrabOFYf36Ikb6PXcCY"", ""artist_name"": ""Rhapsody"", ""artist_uri"": ""spotify:artist:0zQfrabOFYf36Ikb6PXcCY"", ""artist_url"": ""https://open.spotify.com/artist/0zQfrabOFYf36Ikb6PXcCY"", ""artist_type"": ""artist"", ""artist_genres"": """", ""artist_spotify_api_popularity"": """", ""artist_followers_total"": """", ""artist_image_url"": ""https://i.scdn.co/image/ab6761610000e5eb902fae03243cae6e08caf99a"", ""artist_lookup_error"": """", ""artist_monthly_listeners"": ""368660"", ""artist_monthly_listeners_display"": ""368,660"", ""artist_monthly_listeners_is_approx"": ""false"", ""artist_monthly_listeners_source"": ""Spotify public artist page"", ""artist_monthly_listeners_fetch_error"": """"}]",0,,"{""spotify"": ""https://open.spotify.com/track/1NQCQj6x94ZBEPSODneBHw""}",{}
week1_13july,2026-07-24T08:36:00+00:00,Spotify,Aysima Karçaaltıncaba,aaaaysimaaaa,Week1-User8,Week1-User8,6W1ai3xtubuTGHsxIqrP09,spotify:playlist:6W1ai3xtubuTGHsxIqrP09,https://open.spotify.com/playlist/6W1ai3xtubuTGHsxIqrP09,,aaaaysimaaaa,Aysima Karçaaltıncaba,True,False,0,AAAAAwk76L/i2QoHugH7URLF2fRflEz8,30,19,2026-07-21T19:29:47Z,aaaaysimaaaa,primary_artist_monthly_listeners,92170,"92,170",Spotify public artist page,false,,2rV29Dueq15Cq4IyFgINDL,spotify:track:2rV29Dueq15Cq4IyFgINDL,https://open.spotify.com/track/2rV29Dueq15Cq4IyFgINDL,Set This World on Fire,track,4,1,306146,306.146,False,False,True,,https://api.spotify.com/v1/tracks/2rV29Dueq15Cq4IyFgINDL,https://api.spotify.com/v1/tracks/2rV29Dueq15Cq4IyFgINDL,,,DEAT71518805,,,2bMAHTAhkUMjB9ajRxAbit,spotify:album:2bMAHTAhkUMjB9ajRxAbit,https://open.spotify.com/album/2bMAHTAhkUMjB9ajRxAbit,Unity,album,,13,2002-03-13,day,,C: (C) 2002 Dr. Bones; P: (P) 2002 Dr. Bones,,https://i.scdn.co/image/ab67616d0000b273590803396dac7ebccceb38f6,,5TJVsWPUaJxBxWfVZQEt2x,Rage,spotify:artist:5TJVsWPUaJxBxWfVZQEt2x,https://open.spotify.com/artist/5TJVsWPUaJxBxWfVZQEt2x,,,,92170,"92,170",false,Spotify public artist page,,https://i.scdn.co/image/ab6761610000e5ebbb296bc31c8d982074a54793,,5TJVsWPUaJxBxWfVZQEt2x,Rage,https://open.spotify.com/artist/5TJVsWPUaJxBxWfVZQEt2x,"[{""artist_id"": ""5TJVsWPUaJxBxWfVZQEt2x"", ""artist_name"": ""Rage"", ""artist_url"": ""https://open.spotify.com/artist/5TJVsWPUaJxBxWfVZQEt2x"", ""monthly_listeners"": ""92170"", ""monthly_listeners_display"": ""92,170"", ""is_approx"": ""false"", ""fetch_error"": """"}]","[{""artist_id"": ""5TJVsWPUaJxBxWfVZQEt2x"", ""artist_name"": ""Rage"", ""artist_uri"": ""spotify:artist:5TJVsWPUaJxBxWfVZQEt2x"", ""artist_url"": ""https://open.spotify.com/artist/5TJVsWPUaJxBxWfVZQEt2x"", ""artist_type"": ""artist"", ""artist_genres"": """", ""artist_spotify_api_popularity"": """", ""artist_followers_total"": """", ""artist_image_url"": ""https://i.scdn.co/image/ab6761610000e5ebbb296bc31c8d982074a54793"", ""artist_lookup_error"": """", ""artist_monthly_listeners"": ""92170"", ""artist_monthly_listeners_display"": ""92,170"", ""artist_monthly_listeners_is_approx"": ""false"", ""artist_monthly_listeners_source"": ""Spotify public artist page"", ""artist_monthly_listeners_fetch_error"": """"}]",0,,"{""spotify"": ""https://open.spotify.com/track/2rV29Dueq15Cq4IyFgINDL""}",{}
week1_13july,2026-07-24T08:36:00+00:00,Spotify,Aysima Karçaaltıncaba,aaaaysimaaaa,Week1-User8,Week1-User8,6W1ai3xtubuTGHsxIqrP09,spotify:playlist:6W1ai3xtubuTGHsxIqrP09,https://open.spotify.com/playlist/6W1ai3xtubuTGHsxIqrP09,,aaaaysimaaaa,Aysima Karçaaltıncaba,True,False,0,AAAAAwk76L/i2QoHugH7URLF2fRflEz8,30,20,2026-07-21T19:29:47Z,aaaaysimaaaa,primary_artist_monthly_listeners,184836,"184,836",Spotify public artist page,false,,6NckTLOMeZFE9sqx4EyisQ,spotify:track:6NckTLOMeZFE9sqx4EyisQ,https://open.spotify.com/track/6NckTLOMeZFE9sqx4EyisQ,Spirit Never Die,track,1,1,326893,326.893,False,False,True,,https://api.spotify.com/v1/tracks/6NckTLOMeZFE9sqx4EyisQ,https://api.spotify.com/v1/tracks/6NckTLOMeZFE9sqx4EyisQ,,,DET970200001,,,6FxqNK88NImuiMIpCrTZee,spotify:album:6FxqNK88NImuiMIpCrTZee,https://open.spotify.com/album/6FxqNK88NImuiMIpCrTZee,Masterplan,album,,11,2003-01-20,day,,C: 2003 AFM Records; P: 2003 AFM Records,,https://i.scdn.co/image/ab67616d0000b2737479397fc56803ba3511fd1c,,1OHNvr18TssBKYK0A75yvx,Masterplan,spotify:artist:1OHNvr18TssBKYK0A75yvx,https://open.spotify.com/artist/1OHNvr18TssBKYK0A75yvx,,,,184836,"184,836",false,Spotify public artist page,,https://i.scdn.co/image/ab6761610000e5eb8cfdd5ee976e9da4af82d208,,1OHNvr18TssBKYK0A75yvx,Masterplan,https://open.spotify.com/artist/1OHNvr18TssBKYK0A75yvx,"[{""artist_id"": ""1OHNvr18TssBKYK0A75yvx"", ""artist_name"": ""Masterplan"", ""artist_url"": ""https://open.spotify.com/artist/1OHNvr18TssBKYK0A75yvx"", ""monthly_listeners"": ""184836"", ""monthly_listeners_display"": ""184,836"", ""is_approx"": ""false"", ""fetch_error"": """"}]","[{""artist_id"": ""1OHNvr18TssBKYK0A75yvx"", ""artist_name"": ""Masterplan"", ""artist_uri"": ""spotify:artist:1OHNvr18TssBKYK0A75yvx"", ""artist_url"": ""https://open.spotify.com/artist/1OHNvr18TssBKYK0A75yvx"", ""artist_type"": ""artist"", ""artist_genres"": """", ""artist_spotify_api_popularity"": """", ""artist_followers_total"": """", ""artist_image_url"": ""https://i.scdn.co/image/ab6761610000e5eb8cfdd5ee976e9da4af82d208"", ""artist_lookup_error"": """", ""artist_monthly_listeners"": ""184836"", ""artist_monthly_listeners_display"": ""184,836"", ""artist_monthly_listeners_is_approx"": ""false"", ""artist_monthly_listeners_source"": ""Spotify public artist page"", ""artist_monthly_listeners_fetch_error"": """"}]",0,,"{""spotify"": ""https://open.spotify.com/track/6NckTLOMeZFE9sqx4EyisQ""}",{}
week1_13july,2026-07-24T08:36:00+00:00,Spotify,Aysima Karçaaltıncaba,aaaaysimaaaa,Week1-User8,Week1-User8,6W1ai3xtubuTGHsxIqrP09,spotify:playlist:6W1ai3xtubuTGHsxIqrP09,https://open.spotify.com/playlist/6W1ai3xtubuTGHsxIqrP09,,aaaaysimaaaa,Aysima Karçaaltıncaba,True,False,0,AAAAAwk76L/i2QoHugH7URLF2fRflEz8,30,21,2026-07-21T19:29:47Z,aaaaysimaaaa,primary_artist_monthly_listeners,97053,"97,053",Spotify public artist page,false,,5oJE6PFEhiRnY7SCspZF4k,spotify:track:5oJE6PFEhiRnY7SCspZF4k,https://open.spotify.com/track/5oJE6PFEhiRnY7SCspZF4k,Freedom Call,track,2,1,319280,319.280,False,False,True,,https://api.spotify.com/v1/tracks/5oJE6PFEhiRnY7SCspZF4k,https://api.spotify.com/v1/tracks/5oJE6PFEhiRnY7SCspZF4k,,,DEA450005690,,,4rZcv6qkD6klDCtxGi78of,spotify:album:4rZcv6qkD6klDCtxGi78of,https://open.spotify.com/album/4rZcv6qkD6klDCtxGi78of,Crystal Empire,album,,11,2001-01-22,day,,C: 2001 BMG Rights Management GmbH; P: 2001 BMG Rights Management GmbH,,https://i.scdn.co/image/ab67616d0000b27338430038d66010355177db8e,,55RDuy7cQW2Dqrcz3Jjl6F,Freedom Call,spotify:artist:55RDuy7cQW2Dqrcz3Jjl6F,https://open.spotify.com/artist/55RDuy7cQW2Dqrcz3Jjl6F,,,,97053,"97,053",false,Spotify public artist page,,https://i.scdn.co/image/ab6761610000e5ebcfe6976b49d36f31df66cad2,,55RDuy7cQW2Dqrcz3Jjl6F,Freedom Call,https://open.spotify.com/artist/55RDuy7cQW2Dqrcz3Jjl6F,"[{""artist_id"": ""55RDuy7cQW2Dqrcz3Jjl6F"", ""artist_name"": ""Freedom Call"", ""artist_url"": ""https://open.spotify.com/artist/55RDuy7cQW2Dqrcz3Jjl6F"", ""monthly_listeners"": ""97053"", ""monthly_listeners_display"": ""97,053"", ""is_approx"": ""false"", ""fetch_error"": """"}]","[{""artist_id"": ""55RDuy7cQW2Dqrcz3Jjl6F"", ""artist_name"": ""Freedom Call"", ""artist_uri"": ""spotify:artist:55RDuy7cQW2Dqrcz3Jjl6F"", ""artist_url"": ""https://open.spotify.com/artist/55RDuy7cQW2Dqrcz3Jjl6F"", ""artist_type"": ""artist"", ""artist_genres"": """", ""artist_spotify_api_popularity"": """", ""artist_followers_total"": """", ""artist_image_url"": ""https://i.scdn.co/image/ab6761610000e5ebcfe6976b49d36f31df66cad2"", ""artist_lookup_error"": """", ""artist_monthly_listeners"": ""97053"", ""artist_monthly_listeners_display"": ""97,053"", ""artist_monthly_listeners_is_approx"": ""false"", ""artist_monthly_listeners_source"": ""Spotify public artist page"", ""artist_monthly_listeners_fetch_error"": """"}]",0,,"{""spotify"": ""https://open.spotify.com/track/5oJE6PFEhiRnY7SCspZF4k""}",{}
week1_13july,2026-07-24T08:36:00+00:00,Spotify,Aysima Karçaaltıncaba,aaaaysimaaaa,Week1-User8,Week1-User8,6W1ai3xtubuTGHsxIqrP09,spotify:playlist:6W1ai3xtubuTGHsxIqrP09,https://open.spotify.com/playlist/6W1ai3xtubuTGHsxIqrP09,,aaaaysimaaaa,Aysima Karçaaltıncaba,True,False,0,AAAAAwk76L/i2QoHugH7URLF2fRflEz8,30,22,2026-07-21T19:29:47Z,aaaaysimaaaa,primary_artist_monthly_listeners,239721,"239,721",Spotify public artist page,false,,7ACH45QQtgGPFzWJbiirXN,spotify:track:7ACH45QQtgGPFzWJbiirXN,https://open.spotify.com/track/7ACH45QQtgGPFzWJbiirXN,Rain of Fury,track,4,1,249386,249.386,False,False,True,,https://api.spotify.com/v1/tracks/7ACH45QQtgGPFzWJbiirXN,https://api.spotify.com/v1/tracks/7ACH45QQtgGPFzWJbiirXN,,,DEU601808008,,,3pwQV3i9yTnQPGlwvfNfRg,spotify:album:3pwQV3i9yTnQPGlwvfNfRg,https://open.spotify.com/album/3pwQV3i9yTnQPGlwvfNfRg,The Eighth Mountain,album,,12,2019-02-22,day,,C: 2018 AFM Records; P: 2018 AFM Records,,https://i.scdn.co/image/ab67616d0000b273b9d83c5fa370a475daa69274,,3IjLXN4eSksdGj8uDE4Jm1,Rhapsody Of Fire,spotify:artist:3IjLXN4eSksdGj8uDE4Jm1,https://open.spotify.com/artist/3IjLXN4eSksdGj8uDE4Jm1,,,,239721,"239,721",false,Spotify public artist page,,https://i.scdn.co/image/ab6761610000e5eb5d22c1db6d6eee22dfe54498,,3IjLXN4eSksdGj8uDE4Jm1,Rhapsody Of Fire,https://open.spotify.com/artist/3IjLXN4eSksdGj8uDE4Jm1,"[{""artist_id"": ""3IjLXN4eSksdGj8uDE4Jm1"", ""artist_name"": ""Rhapsody Of Fire"", ""artist_url"": ""https://open.spotify.com/artist/3IjLXN4eSksdGj8uDE4Jm1"", ""monthly_listeners"": ""239721"", ""monthly_listeners_display"": ""239,721"", ""is_approx"": ""false"", ""fetch_error"": """"}]","[{""artist_id"": ""3IjLXN4eSksdGj8uDE4Jm1"", ""artist_name"": ""Rhapsody Of Fire"", ""artist_uri"": ""spotify:artist:3IjLXN4eSksdGj8uDE4Jm1"", ""artist_url"": ""https://open.spotify.com/artist/3IjLXN4eSksdGj8uDE4Jm1"", ""artist_type"": ""artist"", ""artist_genres"": """", ""artist_spotify_api_popularity"": """", ""artist_followers_total"": """", ""artist_image_url"": ""https://i.scdn.co/image/ab6761610000e5eb5d22c1db6d6eee22dfe54498"", ""artist_lookup_error"": """", ""artist_monthly_listeners"": ""239721"", ""artist_monthly_listeners_display"": ""239,721"", ""artist_monthly_listeners_is_approx"": ""false"", ""artist_monthly_listeners_source"": ""Spotify public artist page"", ""artist_monthly_listeners_fetch_error"": """"}]",0,,"{""spotify"": ""https://open.spotify.com/track/7ACH45QQtgGPFzWJbiirXN""}",{}
week1_13july,2026-07-24T08:36:00+00:00,Spotify,Aysima Karçaaltıncaba,aaaaysimaaaa,Week1-User8,Week1-User8,6W1ai3xtubuTGHsxIqrP09,spotify:playlist:6W1ai3xtubuTGHsxIqrP09,https://open.spotify.com/playlist/6W1ai3xtubuTGHsxIqrP09,,aaaaysimaaaa,Aysima Karçaaltıncaba,True,False,0,AAAAAwk76L/i2QoHugH7URLF2fRflEz8,30,23,2026-07-21T19:29:47Z,aaaaysimaaaa,primary_artist_monthly_listeners,460312,"460,312",Spotify public artist page,false,,7LYxaN0EpwhRoheZ3eySLw,spotify:track:7LYxaN0EpwhRoheZ3eySLw,https://open.spotify.com/track/7LYxaN0EpwhRoheZ3eySLw,Princess of the Night - 2009 Remaster,track,1,1,242573,242.573,False,False,True,,https://api.spotify.com/v1/tracks/7LYxaN0EpwhRoheZ3eySLw,https://api.spotify.com/v1/tracks/7LYxaN0EpwhRoheZ3eySLw,,,GB01A0900192,,,6v5lM7qbcnnuuvDF2zdBsZ,spotify:album:6v5lM7qbcnnuuvDF2zdBsZ,https://open.spotify.com/album/6v5lM7qbcnnuuvDF2zdBsZ,Denim and Leather (2009 Remaster),album,,18,1981,year,,"C: 2009 Union Square Music Limited, a BMG Company; P: 2009 Union Square Music Limited, a BMG Company",,https://i.scdn.co/image/ab67616d0000b273ecb29cc4175b3f3efd4a581f,,71vVmHeNgCVSa5SVmfvscU,Saxon,spotify:artist:71vVmHeNgCVSa5SVmfvscU,https://open.spotify.com/artist/71vVmHeNgCVSa5SVmfvscU,,,,460312,"460,312",false,Spotify public artist page,,https://i.scdn.co/image/ab6761610000e5eb3cf9569774c02e8e99f46eda,,71vVmHeNgCVSa5SVmfvscU,Saxon,https://open.spotify.com/artist/71vVmHeNgCVSa5SVmfvscU,"[{""artist_id"": ""71vVmHeNgCVSa5SVmfvscU"", ""artist_name"": ""Saxon"", ""artist_url"": ""https://open.spotify.com/artist/71vVmHeNgCVSa5SVmfvscU"", ""monthly_listeners"": ""460312"", ""monthly_listeners_display"": ""460,312"", ""is_approx"": ""false"", ""fetch_error"": """"}]","[{""artist_id"": ""71vVmHeNgCVSa5SVmfvscU"", ""artist_name"": ""Saxon"", ""artist_uri"": ""spotify:artist:71vVmHeNgCVSa5SVmfvscU"", ""artist_url"": ""https://open.spotify.com/artist/71vVmHeNgCVSa5SVmfvscU"", ""artist_type"": ""artist"", ""artist_genres"": """", ""artist_spotify_api_popularity"": """", ""artist_followers_total"": """", ""artist_image_url"": ""https://i.scdn.co/image/ab6761610000e5eb3cf9569774c02e8e99f46eda"", ""artist_lookup_error"": """", ""artist_monthly_listeners"": ""460312"", ""artist_monthly_listeners_display"": ""460,312"", ""artist_monthly_listeners_is_approx"": ""false"", ""artist_monthly_listeners_source"": ""Spotify public artist page"", ""artist_monthly_listeners_fetch_error"": """"}]",0,,"{""spotify"": ""https://open.spotify.com/track/7LYxaN0EpwhRoheZ3eySLw""}",{}
week1_13july,2026-07-24T08:36:00+00:00,Spotify,Aysima Karçaaltıncaba,aaaaysimaaaa,Week1-User8,Week1-User8,6W1ai3xtubuTGHsxIqrP09,spotify:playlist:6W1ai3xtubuTGHsxIqrP09,https://open.spotify.com/playlist/6W1ai3xtubuTGHsxIqrP09,,aaaaysimaaaa,Aysima Karçaaltıncaba,True,False,0,AAAAAwk76L/i2QoHugH7URLF2fRflEz8,30,24,2026-07-21T19:29:47Z,aaaaysimaaaa,primary_artist_monthly_listeners,445224,"445,224",Spotify public artist page,false,,0WTbXgGmirq6A9LfzHg2uA,spotify:track:0WTbXgGmirq6A9LfzHg2uA,https://open.spotify.com/track/0WTbXgGmirq6A9LfzHg2uA,The Cage,track,3,1,275440,275.440,False,False,True,,https://api.spotify.com/v1/tracks/0WTbXgGmirq6A9LfzHg2uA,https://api.spotify.com/v1/tracks/0WTbXgGmirq6A9LfzHg2uA,,,FISFS0200076,,,1EGK8WqziPuJEKAO1fdCkJ,spotify:album:1EGK8WqziPuJEKAO1fdCkJ,https://open.spotify.com/album/1EGK8WqziPuJEKAO1fdCkJ,Winterheart's Guild,album,,10,2002-01-01,day,,C: 2002 Spin-Farm Oy; P: 2002 Spin-Farm Oy,,https://i.scdn.co/image/ab67616d0000b2732b7e571002b007ce6f687d69,,5YeoQ1L71cXDMpSpqxOjfH,Sonata Arctica,spotify:artist:5YeoQ1L71cXDMpSpqxOjfH,https://open.spotify.com/artist/5YeoQ1L71cXDMpSpqxOjfH,,,,445224,"445,224",false,Spotify public artist page,,https://i.scdn.co/image/ab6761610000e5eb3c36e8b69cb376bf869aedc2,,5YeoQ1L71cXDMpSpqxOjfH,Sonata Arctica,https://open.spotify.com/artist/5YeoQ1L71cXDMpSpqxOjfH,"[{""artist_id"": ""5YeoQ1L71cXDMpSpqxOjfH"", ""artist_name"": ""Sonata Arctica"", ""artist_url"": ""https://open.spotify.com/artist/5YeoQ1L71cXDMpSpqxOjfH"", ""monthly_listeners"": ""445224"", ""monthly_listeners_display"": ""445,224"", ""is_approx"": ""false"", ""fetch_error"": """"}]","[{""artist_id"": ""5YeoQ1L71cXDMpSpqxOjfH"", ""artist_name"": ""Sonata Arctica"", ""artist_uri"": ""spotify:artist:5YeoQ1L71cXDMpSpqxOjfH"", ""artist_url"": ""https://open.spotify.com/artist/5YeoQ1L71cXDMpSpqxOjfH"", ""artist_type"": ""artist"", ""artist_genres"": """", ""artist_spotify_api_popularity"": """", ""artist_followers_total"": """", ""artist_image_url"": ""https://i.scdn.co/image/ab6761610000e5eb3c36e8b69cb376bf869aedc2"", ""artist_lookup_error"": """", ""artist_monthly_listeners"": ""445224"", ""artist_monthly_listeners_display"": ""445,224"", ""artist_monthly_listeners_is_approx"": ""false"", ""artist_monthly_listeners_source"": ""Spotify public artist page"", ""artist_monthly_listeners_fetch_error"": """"}]",0,,"{""spotify"": ""https://open.spotify.com/track/0WTbXgGmirq6A9LfzHg2uA""}",{}
week1_13july,2026-07-24T08:36:00+00:00,Spotify,Aysima Karçaaltıncaba,aaaaysimaaaa,Week1-User8,Week1-User8,6W1ai3xtubuTGHsxIqrP09,spotify:playlist:6W1ai3xtubuTGHsxIqrP09,https://open.spotify.com/playlist/6W1ai3xtubuTGHsxIqrP09,,aaaaysimaaaa,Aysima Karçaaltıncaba,True,False,0,AAAAAwk76L/i2QoHugH7URLF2fRflEz8,30,25,2026-07-21T19:29:47Z,aaaaysimaaaa,primary_artist_monthly_listeners,50778,"50,778",Spotify public artist page,false,,4i3L5DHB4W2CzKtaUdeDkC,spotify:track:4i3L5DHB4W2CzKtaUdeDkC,https://open.spotify.com/track/4i3L5DHB4W2CzKtaUdeDkC,Wings of Steel,track,2,1,203546,203.546,False,False,True,,https://api.spotify.com/v1/tracks/4i3L5DHB4W2CzKtaUdeDkC,https://api.spotify.com/v1/tracks/4i3L5DHB4W2CzKtaUdeDkC,,,uscgh2281070,,,4Rzk8EU6um8ETgCUatThYv,spotify:album:4Rzk8EU6um8ETgCUatThYv,https://open.spotify.com/album/4Rzk8EU6um8ETgCUatThYv,Wings of Steel,single,,5,2022-03-11,day,,C: 2022 Wings of Steel; P: 2022 Wings of Steel,,https://i.scdn.co/image/ab67616d0000b2739c6291976636fd4718a37d04,,0y43lCvntQtyFlhCABGb0T,Wings of Steel,spotify:artist:0y43lCvntQtyFlhCABGb0T,https://open.spotify.com/artist/0y43lCvntQtyFlhCABGb0T,,,,50778,"50,778",false,Spotify public artist page,,https://i.scdn.co/image/ab6761610000e5ebf0ec514bb1af4546a9f63f24,,0y43lCvntQtyFlhCABGb0T,Wings of Steel,https://open.spotify.com/artist/0y43lCvntQtyFlhCABGb0T,"[{""artist_id"": ""0y43lCvntQtyFlhCABGb0T"", ""artist_name"": ""Wings of Steel"", ""artist_url"": ""https://open.spotify.com/artist/0y43lCvntQtyFlhCABGb0T"", ""monthly_listeners"": ""50778"", ""monthly_listeners_display"": ""50,778"", ""is_approx"": ""false"", ""fetch_error"": """"}]","[{""artist_id"": ""0y43lCvntQtyFlhCABGb0T"", ""artist_name"": ""Wings of Steel"", ""artist_uri"": ""spotify:artist:0y43lCvntQtyFlhCABGb0T"", ""artist_url"": ""https://open.spotify.com/artist/0y43lCvntQtyFlhCABGb0T"", ""artist_type"": ""artist"", ""artist_genres"": """", ""artist_spotify_api_popularity"": """", ""artist_followers_total"": """", ""artist_image_url"": ""https://i.scdn.co/image/ab6761610000e5ebf0ec514bb1af4546a9f63f24"", ""artist_lookup_error"": """", ""artist_monthly_listeners"": ""50778"", ""artist_monthly_listeners_display"": ""50,778"", ""artist_monthly_listeners_is_approx"": ""false"", ""artist_monthly_listeners_source"": ""Spotify public artist page"", ""artist_monthly_listeners_fetch_error"": """"}]",0,,"{""spotify"": ""https://open.spotify.com/track/4i3L5DHB4W2CzKtaUdeDkC""}",{}
week1_13july,2026-07-24T08:36:00+00:00,Spotify,Aysima Karçaaltıncaba,aaaaysimaaaa,Week1-User8,Week1-User8,6W1ai3xtubuTGHsxIqrP09,spotify:playlist:6W1ai3xtubuTGHsxIqrP09,https://open.spotify.com/playlist/6W1ai3xtubuTGHsxIqrP09,,aaaaysimaaaa,Aysima Karçaaltıncaba,True,False,0,AAAAAwk76L/i2QoHugH7URLF2fRflEz8,30,26,2026-07-21T19:29:47Z,aaaaysimaaaa,primary_artist_monthly_listeners,52704,"52,704",Spotify public artist page,false,,4oxM91Vv0cHU9AMaNEwD92,spotify:track:4oxM91Vv0cHU9AMaNEwD92,https://open.spotify.com/track/4oxM91Vv0cHU9AMaNEwD92,Blood Angel,track,4,1,273626,273.626,False,False,True,,https://api.spotify.com/v1/tracks/4oxM91Vv0cHU9AMaNEwD92,https://api.spotify.com/v1/tracks/4oxM91Vv0cHU9AMaNEwD92,,,DEOE11500165,,,7fOKXHOzJwWXxyP4TtpG0O,spotify:album:7fOKXHOzJwWXxyP4TtpG0O,https://open.spotify.com/album/7fOKXHOzJwWXxyP4TtpG0O,Doom of Destiny,album,,12,2015-05-15,day,,C: (C) 2015 Phonotraxx Publishing,,https://i.scdn.co/image/ab67616d0000b27307d403d25756e5b8a4277774,,2kGeYVloFXuKXgXnhQTcIT,Axxis,spotify:artist:2kGeYVloFXuKXgXnhQTcIT,https://open.spotify.com/artist/2kGeYVloFXuKXgXnhQTcIT,,,,52704,"52,704",false,Spotify public artist page,,https://i.scdn.co/image/ab6761610000e5ebed86c124230efc7e0af164a8,,2kGeYVloFXuKXgXnhQTcIT,Axxis,https://open.spotify.com/artist/2kGeYVloFXuKXgXnhQTcIT,"[{""artist_id"": ""2kGeYVloFXuKXgXnhQTcIT"", ""artist_name"": ""Axxis"", ""artist_url"": ""https://open.spotify.com/artist/2kGeYVloFXuKXgXnhQTcIT"", ""monthly_listeners"": ""52704"", ""monthly_listeners_display"": ""52,704"", ""is_approx"": ""false"", ""fetch_error"": """"}]","[{""artist_id"": ""2kGeYVloFXuKXgXnhQTcIT"", ""artist_name"": ""Axxis"", ""artist_uri"": ""spotify:artist:2kGeYVloFXuKXgXnhQTcIT"", ""artist_url"": ""https://open.spotify.com/artist/2kGeYVloFXuKXgXnhQTcIT"", ""artist_type"": ""artist"", ""artist_genres"": """", ""artist_spotify_api_popularity"": """", ""artist_followers_total"": """", ""artist_image_url"": ""https://i.scdn.co/image/ab6761610000e5ebed86c124230efc7e0af164a8"", ""artist_lookup_error"": """", ""artist_monthly_listeners"": ""52704"", ""artist_monthly_listeners_display"": ""52,704"", ""artist_monthly_listeners_is_approx"": ""false"", ""artist_monthly_listeners_source"": ""Spotify public artist page"", ""artist_monthly_listeners_fetch_error"": """"}]",0,,"{""spotify"": ""https://open.spotify.com/track/4oxM91Vv0cHU9AMaNEwD92""}",{}
week1_13july,2026-07-24T08:36:00+00:00,Spotify,Aysima Karçaaltıncaba,aaaaysimaaaa,Week1-User8,Week1-User8,6W1ai3xtubuTGHsxIqrP09,spotify:playlist:6W1ai3xtubuTGHsxIqrP09,https://open.spotify.com/playlist/6W1ai3xtubuTGHsxIqrP09,,aaaaysimaaaa,Aysima Karçaaltıncaba,True,False,0,AAAAAwk76L/i2QoHugH7URLF2fRflEz8,30,27,2026-07-21T19:29:47Z,aaaaysimaaaa,primary_artist_monthly_listeners,111103,"111,103",Spotify public artist page,false,,6bKdh1YoDfUMe4mx8mZ3D1,spotify:track:6bKdh1YoDfUMe4mx8mZ3D1,https://open.spotify.com/track/6bKdh1YoDfUMe4mx8mZ3D1,Only Human,track,2,1,315693,315.693,False,False,True,,https://api.spotify.com/v1/tracks/6bKdh1YoDfUMe4mx8mZ3D1,https://api.spotify.com/v1/tracks/6bKdh1YoDfUMe4mx8mZ3D1,,,DEZ900500375,,,1166ju5sMndiI7MLV75TNN,spotify:album:1166ju5sMndiI7MLV75TNN,https://open.spotify.com/album/1166ju5sMndiI7MLV75TNN,Only Human,album,,13,2002-02-25,day,,C: AFM Records; P: AFM Records,,https://i.scdn.co/image/ab67616d0000b273e7855801aac1098307bee542,,4alZ73UZp90icEjdKjSIxw,At Vance,spotify:artist:4alZ73UZp90icEjdKjSIxw,https://open.spotify.com/artist/4alZ73UZp90icEjdKjSIxw,,,,111103,"111,103",false,Spotify public artist page,,https://i.scdn.co/image/ab6761610000e5eb9e8c8f307697a6f107011ba3,,4alZ73UZp90icEjdKjSIxw,At Vance,https://open.spotify.com/artist/4alZ73UZp90icEjdKjSIxw,"[{""artist_id"": ""4alZ73UZp90icEjdKjSIxw"", ""artist_name"": ""At Vance"", ""artist_url"": ""https://open.spotify.com/artist/4alZ73UZp90icEjdKjSIxw"", ""monthly_listeners"": ""111103"", ""monthly_listeners_display"": ""111,103"", ""is_approx"": ""false"", ""fetch_error"": """"}]","[{""artist_id"": ""4alZ73UZp90icEjdKjSIxw"", ""artist_name"": ""At Vance"", ""artist_uri"": ""spotify:artist:4alZ73UZp90icEjdKjSIxw"", ""artist_url"": ""https://open.spotify.com/artist/4alZ73UZp90icEjdKjSIxw"", ""artist_type"": ""artist"", ""artist_genres"": """", ""artist_spotify_api_popularity"": """", ""artist_followers_total"": """", ""artist_image_url"": ""https://i.scdn.co/image/ab6761610000e5eb9e8c8f307697a6f107011ba3"", ""artist_lookup_error"": """", ""artist_monthly_listeners"": ""111103"", ""artist_monthly_listeners_display"": ""111,103"", ""artist_monthly_listeners_is_approx"": ""false"", ""artist_monthly_listeners_source"": ""Spotify public artist page"", ""artist_monthly_listeners_fetch_error"": """"}]",0,,"{""spotify"": ""https://open.spotify.com/track/6bKdh1YoDfUMe4mx8mZ3D1""}",{}
week1_13july,2026-07-24T08:36:00+00:00,Spotify,Aysima Karçaaltıncaba,aaaaysimaaaa,Week1-User8,Week1-User8,6W1ai3xtubuTGHsxIqrP09,spotify:playlist:6W1ai3xtubuTGHsxIqrP09,https://open.spotify.com/playlist/6W1ai3xtubuTGHsxIqrP09,,aaaaysimaaaa,Aysima Karçaaltıncaba,True,False,0,AAAAAwk76L/i2QoHugH7URLF2fRflEz8,30,28,2026-07-21T19:29:47Z,aaaaysimaaaa,primary_artist_monthly_listeners,49330,"49,330",Spotify public artist page,false,,31BIfWawTAEnp8KsAasy13,spotify:track:31BIfWawTAEnp8KsAasy13,https://open.spotify.com/track/31BIfWawTAEnp8KsAasy13,Mindtraveller,track,5,1,345573,345.573,False,False,True,,https://api.spotify.com/v1/tracks/31BIfWawTAEnp8KsAasy13,https://api.spotify.com/v1/tracks/31BIfWawTAEnp8KsAasy13,,,USMBR1309954,,,4j3Pe9H1HCpbunI1XdQWro,spotify:album:4j3Pe9H1HCpbunI1XdQWro,https://open.spotify.com/album/4j3Pe9H1HCpbunI1XdQWro,Falconer,album,,10,2001-05-08,day,,"C: (C) 2001 Metal Blade Records, Inc.; P: (P) 2001 Metal Blade Records, Inc.",,https://i.scdn.co/image/ab67616d0000b273c15f2c3144e86069239d51f5,,1UKdnbreQFDmPg3Mhcjhkr,Falconer,spotify:artist:1UKdnbreQFDmPg3Mhcjhkr,https://open.spotify.com/artist/1UKdnbreQFDmPg3Mhcjhkr,,,,49330,"49,330",false,Spotify public artist page,,https://i.scdn.co/image/ab6772690000c46c0c66276b714aef58cffe49b7,,1UKdnbreQFDmPg3Mhcjhkr,Falconer,https://open.spotify.com/artist/1UKdnbreQFDmPg3Mhcjhkr,"[{""artist_id"": ""1UKdnbreQFDmPg3Mhcjhkr"", ""artist_name"": ""Falconer"", ""artist_url"": ""https://open.spotify.com/artist/1UKdnbreQFDmPg3Mhcjhkr"", ""monthly_listeners"": ""49330"", ""monthly_listeners_display"": ""49,330"", ""is_approx"": ""false"", ""fetch_error"": """"}]","[{""artist_id"": ""1UKdnbreQFDmPg3Mhcjhkr"", ""artist_name"": ""Falconer"", ""artist_uri"": ""spotify:artist:1UKdnbreQFDmPg3Mhcjhkr"", ""artist_url"": ""https://open.spotify.com/artist/1UKdnbreQFDmPg3Mhcjhkr"", ""artist_type"": ""artist"", ""artist_genres"": """", ""artist_spotify_api_popularity"": """", ""artist_followers_total"": """", ""artist_image_url"": ""https://i.scdn.co/image/ab6772690000c46c0c66276b714aef58cffe49b7"", ""artist_lookup_error"": """", ""artist_monthly_listeners"": ""49330"", ""artist_monthly_listeners_display"": ""49,330"", ""artist_monthly_listeners_is_approx"": ""false"", ""artist_monthly_listeners_source"": ""Spotify public artist page"", ""artist_monthly_listeners_fetch_error"": """"}]",0,,"{""spotify"": ""https://open.spotify.com/track/31BIfWawTAEnp8KsAasy13""}",{}
week1_13july,2026-07-24T08:36:00+00:00,Spotify,Aysima Karçaaltıncaba,aaaaysimaaaa,Week1-User8,Week1-User8,6W1ai3xtubuTGHsxIqrP09,spotify:playlist:6W1ai3xtubuTGHsxIqrP09,https://open.spotify.com/playlist/6W1ai3xtubuTGHsxIqrP09,,aaaaysimaaaa,Aysima Karçaaltıncaba,True,False,0,AAAAAwk76L/i2QoHugH7URLF2fRflEz8,30,29,2026-07-21T19:29:47Z,aaaaysimaaaa,primary_artist_monthly_listeners,192310,"192,310",Spotify public artist page,false,,25ZqVu02DsxzWkBCM3HSH8,spotify:track:25ZqVu02DsxzWkBCM3HSH8,https://open.spotify.com/track/25ZqVu02DsxzWkBCM3HSH8,Man and Machine,track,1,1,341373,341.373,False,False,True,,https://api.spotify.com/v1/tracks/25ZqVu02DsxzWkBCM3HSH8,https://api.spotify.com/v1/tracks/25ZqVu02DsxzWkBCM3HSH8,,,DEU601304292,,,7i7G8arUFvjxlcWHSjoWWJ,spotify:album:7i7G8arUFvjxlcWHSjoWWJ,https://open.spotify.com/album/7i7G8arUFvjxlcWHSjoWWJ,Man and Machine (Anniversary Edition),album,,13,2002-03-25,day,,C: 2002 AFM Records; P: 2002 AFM Records,,https://i.scdn.co/image/ab67616d0000b273d75283b3d14ce023a358d438,,2aWjaq32aRQo58dw0w8NM6,U.D.O.,spotify:artist:2aWjaq32aRQo58dw0w8NM6,https://open.spotify.com/artist/2aWjaq32aRQo58dw0w8NM6,,,,192310,"192,310",false,Spotify public artist page,,https://i.scdn.co/image/ab6761610000e5eba3f192dd9395c98f4dbf58ca,,2aWjaq32aRQo58dw0w8NM6,U.D.O.,https://open.spotify.com/artist/2aWjaq32aRQo58dw0w8NM6,"[{""artist_id"": ""2aWjaq32aRQo58dw0w8NM6"", ""artist_name"": ""U.D.O."", ""artist_url"": ""https://open.spotify.com/artist/2aWjaq32aRQo58dw0w8NM6"", ""monthly_listeners"": ""192310"", ""monthly_listeners_display"": ""192,310"", ""is_approx"": ""false"", ""fetch_error"": """"}]","[{""artist_id"": ""2aWjaq32aRQo58dw0w8NM6"", ""artist_name"": ""U.D.O."", ""artist_uri"": ""spotify:artist:2aWjaq32aRQo58dw0w8NM6"", ""artist_url"": ""https://open.spotify.com/artist/2aWjaq32aRQo58dw0w8NM6"", ""artist_type"": ""artist"", ""artist_genres"": """", ""artist_spotify_api_popularity"": """", ""artist_followers_total"": """", ""artist_image_url"": ""https://i.scdn.co/image/ab6761610000e5eba3f192dd9395c98f4dbf58ca"", ""artist_lookup_error"": """", ""artist_monthly_listeners"": ""192310"", ""artist_monthly_listeners_display"": ""192,310"", ""artist_monthly_listeners_is_approx"": ""false"", ""artist_monthly_listeners_source"": ""Spotify public artist page"", ""artist_monthly_listeners_fetch_error"": """"}]",0,,"{""spotify"": ""https://open.spotify.com/track/25ZqVu02DsxzWkBCM3HSH8""}",{}
week1_13july,2026-07-24T08:36:00+00:00,Spotify,Aysima Karçaaltıncaba,aaaaysimaaaa,Week1-User8,Week1-User8,6W1ai3xtubuTGHsxIqrP09,spotify:playlist:6W1ai3xtubuTGHsxIqrP09,https://open.spotify.com/playlist/6W1ai3xtubuTGHsxIqrP09,,aaaaysimaaaa,Aysima Karçaaltıncaba,True,False,0,AAAAAwk76L/i2QoHugH7URLF2fRflEz8,30,30,2026-07-21T19:29:47Z,aaaaysimaaaa,primary_artist_monthly_listeners,219161,"219,161",Spotify public artist page,false,,4bUnDOBTWfvmUDePpdXQsx,spotify:track:4bUnDOBTWfvmUDePpdXQsx,https://open.spotify.com/track/4bUnDOBTWfvmUDePpdXQsx,Black Flag,track,2,1,296640,296.640,False,False,True,,https://api.spotify.com/v1/tracks/4bUnDOBTWfvmUDePpdXQsx,https://api.spotify.com/v1/tracks/4bUnDOBTWfvmUDePpdXQsx,,,US4E41742502,,,7jdSTiR96uRP2BsetUSLKB,spotify:album:7jdSTiR96uRP2BsetUSLKB,https://open.spotify.com/album/7jdSTiR96uRP2BsetUSLKB,Incorruptible,album,,10,2017-06-16,day,,P: (P) 2017 Century Media Records Ltd.,,https://i.scdn.co/image/ab67616d0000b273f9b8c8a8d271be7c0589b374,,3KEixcRfBS5K3E91Vn1Kdy,Iced Earth,spotify:artist:3KEixcRfBS5K3E91Vn1Kdy,https://open.spotify.com/artist/3KEixcRfBS5K3E91Vn1Kdy,,,,219161,"219,161",false,Spotify public artist page,,https://i.scdn.co/image/a1fa09dcb7f14ee7bad400ad8c0772f1a2ec4468,,3KEixcRfBS5K3E91Vn1Kdy,Iced Earth,https://open.spotify.com/artist/3KEixcRfBS5K3E91Vn1Kdy,"[{""artist_id"": ""3KEixcRfBS5K3E91Vn1Kdy"", ""artist_name"": ""Iced Earth"", ""artist_url"": ""https://open.spotify.com/artist/3KEixcRfBS5K3E91Vn1Kdy"", ""monthly_listeners"": ""219161"", ""monthly_listeners_display"": ""219,161"", ""is_approx"": ""false"", ""fetch_error"": """"}]","[{""artist_id"": ""3KEixcRfBS5K3E91Vn1Kdy"", ""artist_name"": ""Iced Earth"", ""artist_uri"": ""spotify:artist:3KEixcRfBS5K3E91Vn1Kdy"", ""artist_url"": ""https://open.spotify.com/artist/3KEixcRfBS5K3E91Vn1Kdy"", ""artist_type"": ""artist"", ""artist_genres"": """", ""artist_spotify_api_popularity"": """", ""artist_followers_total"": """", ""artist_image_url"": ""https://i.scdn.co/image/a1fa09dcb7f14ee7bad400ad8c0772f1a2ec4468"", ""artist_lookup_error"": """", ""artist_monthly_listeners"": ""219161"", ""artist_monthly_listeners_display"": ""219,161"", ""artist_monthly_listeners_is_approx"": ""false"", ""artist_monthly_listeners_source"": ""Spotify public artist page"", ""artist_monthly_listeners_fetch_error"": """"}]",0,,"{""spotify"": ""https://open.spotify.com/track/4bUnDOBTWfvmUDePpdXQsx""}",{}
week1_13july,2026-07-24T08:36:00+00:00,Spotify,Aysima Karçaaltıncaba,aaaaysimaaaa,Week1-User9,Week1-User9,0escRZsQH6RJbznFnOpqCX,spotify:playlist:0escRZsQH6RJbznFnOpqCX,https://open.spotify.com/playlist/0escRZsQH6RJbznFnOpqCX,,aaaaysimaaaa,Aysima Karçaaltıncaba,True,False,0,AAAAAwR6biOzXGfWcWDJkUBDKVnTn/on,30,1,2026-07-23T11:39:00Z,aaaaysimaaaa,primary_artist_monthly_listeners,460312,"460,312",Spotify public artist page,false,,7LYxaN0EpwhRoheZ3eySLw,spotify:track:7LYxaN0EpwhRoheZ3eySLw,https://open.spotify.com/track/7LYxaN0EpwhRoheZ3eySLw,Princess of the Night - 2009 Remaster,track,1,1,242573,242.573,False,False,True,,https://api.spotify.com/v1/tracks/7LYxaN0EpwhRoheZ3eySLw,https://api.spotify.com/v1/tracks/7LYxaN0EpwhRoheZ3eySLw,,,GB01A0900192,,,6v5lM7qbcnnuuvDF2zdBsZ,spotify:album:6v5lM7qbcnnuuvDF2zdBsZ,https://open.spotify.com/album/6v5lM7qbcnnuuvDF2zdBsZ,Denim and Leather (2009 Remaster),album,,18,1981,year,,"C: 2009 Union Square Music Limited, a BMG Company; P: 2009 Union Square Music Limited, a BMG Company",,https://i.scdn.co/image/ab67616d0000b273ecb29cc4175b3f3efd4a581f,,71vVmHeNgCVSa5SVmfvscU,Saxon,spotify:artist:71vVmHeNgCVSa5SVmfvscU,https://open.spotify.com/artist/71vVmHeNgCVSa5SVmfvscU,,,,460312,"460,312",false,Spotify public artist page,,https://i.scdn.co/image/ab6761610000e5eb3cf9569774c02e8e99f46eda,,71vVmHeNgCVSa5SVmfvscU,Saxon,https://open.spotify.com/artist/71vVmHeNgCVSa5SVmfvscU,"[{""artist_id"": ""71vVmHeNgCVSa5SVmfvscU"", ""artist_name"": ""Saxon"", ""artist_url"": ""https://open.spotify.com/artist/71vVmHeNgCVSa5SVmfvscU"", ""monthly_listeners"": ""460312"", ""monthly_listeners_display"": ""460,312"", ""is_approx"": ""false"", ""fetch_error"": """"}]","[{""artist_id"": ""71vVmHeNgCVSa5SVmfvscU"", ""artist_name"": ""Saxon"", ""artist_uri"": ""spotify:artist:71vVmHeNgCVSa5SVmfvscU"", ""artist_url"": ""https://open.spotify.com/artist/71vVmHeNgCVSa5SVmfvscU"", ""artist_type"": ""artist"", ""artist_genres"": """", ""artist_spotify_api_popularity"": """", ""artist_followers_total"": """", ""artist_image_url"": ""https://i.scdn.co/image/ab6761610000e5eb3cf9569774c02e8e99f46eda"", ""artist_lookup_error"": """", ""artist_monthly_listeners"": ""460312"", ""artist_monthly_listeners_display"": ""460,312"", ""artist_monthly_listeners_is_approx"": ""false"", ""artist_monthly_listeners_source"": ""Spotify public artist page"", ""artist_monthly_listeners_fetch_error"": """"}]",0,,"{""spotify"": ""https://open.spotify.com/track/7LYxaN0EpwhRoheZ3eySLw""}",{}
week1_13july,2026-07-24T08:36:00+00:00,Spotify,Aysima Karçaaltıncaba,aaaaysimaaaa,Week1-User9,Week1-User9,0escRZsQH6RJbznFnOpqCX,spotify:playlist:0escRZsQH6RJbznFnOpqCX,https://open.spotify.com/playlist/0escRZsQH6RJbznFnOpqCX,,aaaaysimaaaa,Aysima Karçaaltıncaba,True,False,0,AAAAAwR6biOzXGfWcWDJkUBDKVnTn/on,30,2,2026-07-23T11:39:00Z,aaaaysimaaaa,primary_artist_monthly_listeners,858884,"858,884",Spotify public artist page,false,,0eV3PB3T0OxW4feG1DlOjQ,spotify:track:0eV3PB3T0OxW4feG1DlOjQ,https://open.spotify.com/track/0eV3PB3T0OxW4feG1DlOjQ,Hearts on Fire,track,2,1,231386,231.386,False,False,True,,https://api.spotify.com/v1/tracks/0eV3PB3T0OxW4feG1DlOjQ,https://api.spotify.com/v1/tracks/0eV3PB3T0OxW4feG1DlOjQ,,,DED830264702,,,2uehY2zRsh0h6ZmJt8LLQi,spotify:album:2uehY2zRsh0h6ZmJt8LLQi,https://open.spotify.com/album/2uehY2zRsh0h6ZmJt8LLQi,Crimson Thunder,album,,12,2002-10-28,day,,"C: 2002 HammerFall Management, under exclusive license to Nuclear Blast GmbH; P: 2002 HammerFall Management, under exclusive license to Nuclear Blast GmbH",,https://i.scdn.co/image/ab67616d0000b273bceefa541bb181ec0b8d32e4,,2o18h28enlHxj887tATc58,HammerFall,spotify:artist:2o18h28enlHxj887tATc58,https://open.spotify.com/artist/2o18h28enlHxj887tATc58,,,,858884,"858,884",false,Spotify public artist page,,https://i.scdn.co/image/ab6761610000e5eb9a0164f238589f0c0ca31088,,2o18h28enlHxj887tATc58,HammerFall,https://open.spotify.com/artist/2o18h28enlHxj887tATc58,"[{""artist_id"": ""2o18h28enlHxj887tATc58"", ""artist_name"": ""HammerFall"", ""artist_url"": ""https://open.spotify.com/artist/2o18h28enlHxj887tATc58"", ""monthly_listeners"": ""858884"", ""monthly_listeners_display"": ""858,884"", ""is_approx"": ""false"", ""fetch_error"": """"}]","[{""artist_id"": ""2o18h28enlHxj887tATc58"", ""artist_name"": ""HammerFall"", ""artist_uri"": ""spotify:artist:2o18h28enlHxj887tATc58"", ""artist_url"": ""https://open.spotify.com/artist/2o18h28enlHxj887tATc58"", ""artist_type"": ""artist"", ""artist_genres"": """", ""artist_spotify_api_popularity"": """", ""artist_followers_total"": """", ""artist_image_url"": ""https://i.scdn.co/image/ab6761610000e5eb9a0164f238589f0c0ca31088"", ""artist_lookup_error"": """", ""artist_monthly_listeners"": ""858884"", ""artist_monthly_listeners_display"": ""858,884"", ""artist_monthly_listeners_is_approx"": ""false"", ""artist_monthly_listeners_source"": ""Spotify public artist page"", ""artist_monthly_listeners_fetch_error"": """"}]",0,,"{""spotify"": ""https://open.spotify.com/track/0eV3PB3T0OxW4feG1DlOjQ""}",{}
week1_13july,2026-07-24T08:36:00+00:00,Spotify,Aysima Karçaaltıncaba,aaaaysimaaaa,Week1-User9,Week1-User9,0escRZsQH6RJbznFnOpqCX,spotify:playlist:0escRZsQH6RJbznFnOpqCX,https://open.spotify.com/playlist/0escRZsQH6RJbznFnOpqCX,,aaaaysimaaaa,Aysima Karçaaltıncaba,True,False,0,AAAAAwR6biOzXGfWcWDJkUBDKVnTn/on,30,3,2026-07-23T11:39:00Z,aaaaysimaaaa,primary_artist_monthly_listeners,1035240,"1,035,240",Spotify public artist page,false,,1KJSyY61dglJHGEUV8CdMm,spotify:track:1KJSyY61dglJHGEUV8CdMm,https://open.spotify.com/track/1KJSyY61dglJHGEUV8CdMm,Kingdom Come,track,6,1,236973,236.973,False,False,True,,https://api.spotify.com/v1/tracks/1KJSyY61dglJHGEUV8CdMm,https://api.spotify.com/v1/tracks/1KJSyY61dglJHGEUV8CdMm,,,USAT20102849,,,7lZkD6ntnGAhmWowltbOYB,spotify:album:7lZkD6ntnGAhmWowltbOYB,https://open.spotify.com/album/7lZkD6ntnGAhmWowltbOYB,Kings of Metal,album,,10,1988-11-01,day,,C: © 1988 Atlantic Recording Corporation for the United States and WEA International Inc. for the world outside of the United States; P: ℗ 1988 Atlantic Recording Corporation for the United States and WEA International Inc. for the world outside of the United States,,https://i.scdn.co/image/ab67616d0000b2732612add61ad53e5a5d33c2d4,,4CzUzn54Cp9TQr6a7JIlMZ,Manowar,spotify:artist:4CzUzn54Cp9TQr6a7JIlMZ,https://open.spotify.com/artist/4CzUzn54Cp9TQr6a7JIlMZ,,,,1035240,"1,035,240",false,Spotify public artist page,,https://i.scdn.co/image/ab6761610000e5eba4780fe15900fbd223cd4f48,,4CzUzn54Cp9TQr6a7JIlMZ,Manowar,https://open.spotify.com/artist/4CzUzn54Cp9TQr6a7JIlMZ,"[{""artist_id"": ""4CzUzn54Cp9TQr6a7JIlMZ"", ""artist_name"": ""Manowar"", ""artist_url"": ""https://open.spotify.com/artist/4CzUzn54Cp9TQr6a7JIlMZ"", ""monthly_listeners"": ""1035240"", ""monthly_listeners_display"": ""1,035,240"", ""is_approx"": ""false"", ""fetch_error"": """"}]","[{""artist_id"": ""4CzUzn54Cp9TQr6a7JIlMZ"", ""artist_name"": ""Manowar"", ""artist_uri"": ""spotify:artist:4CzUzn54Cp9TQr6a7JIlMZ"", ""artist_url"": ""https://open.spotify.com/artist/4CzUzn54Cp9TQr6a7JIlMZ"", ""artist_type"": ""artist"", ""artist_genres"": """", ""artist_spotify_api_popularity"": """", ""artist_followers_total"": """", ""artist_image_url"": ""https://i.scdn.co/image/ab6761610000e5eba4780fe15900fbd223cd4f48"", ""artist_lookup_error"": """", ""artist_monthly_listeners"": ""1035240"", ""artist_monthly_listeners_display"": ""1,035,240"", ""artist_monthly_listeners_is_approx"": ""false"", ""artist_monthly_listeners_source"": ""Spotify public artist page"", ""artist_monthly_listeners_fetch_error"": """"}]",0,,"{""spotify"": ""https://open.spotify.com/track/1KJSyY61dglJHGEUV8CdMm""}",{}
week1_13july,2026-07-24T08:36:00+00:00,Spotify,Aysima Karçaaltıncaba,aaaaysimaaaa,Week1-User9,Week1-User9,0escRZsQH6RJbznFnOpqCX,spotify:playlist:0escRZsQH6RJbznFnOpqCX,https://open.spotify.com/playlist/0escRZsQH6RJbznFnOpqCX,,aaaaysimaaaa,Aysima Karçaaltıncaba,True,False,0,AAAAAwR6biOzXGfWcWDJkUBDKVnTn/on,30,4,2026-07-23T11:39:00Z,aaaaysimaaaa,primary_artist_monthly_listeners,290277,"290,277",Spotify public artist page,false,,2soaqea9OtrB2gD36zNF6s,spotify:track:2soaqea9OtrB2gD36zNF6s,https://open.spotify.com/track/2soaqea9OtrB2gD36zNF6s,Tears of a Mandrake,track,1,1,431693,431.693,False,False,True,,https://api.spotify.com/v1/tracks/2soaqea9OtrB2gD36zNF6s,https://api.spotify.com/v1/tracks/2soaqea9OtrB2gD36zNF6s,,,DEZ900500471,,,2S5whZS0ouI2rHct9VJuK5,spotify:album:2S5whZS0ouI2rHct9VJuK5,https://open.spotify.com/album/2S5whZS0ouI2rHct9VJuK5,Mandrake,album,,11,2001-09-24,day,,C: 2001 AFM Records; P: 2001 AFM Records,,https://i.scdn.co/image/ab67616d0000b273ed44479d621cb05e1ed6775b,,3AGFqPP3gt5rMSvhR87Xxu,Edguy,spotify:artist:3AGFqPP3gt5rMSvhR87Xxu,https://open.spotify.com/artist/3AGFqPP3gt5rMSvhR87Xxu,,,,290277,"290,277",false,Spotify public artist page,,https://i.scdn.co/image/ab6772690000c46cec078670d746fddbe7674e78,,3AGFqPP3gt5rMSvhR87Xxu,Edguy,https://open.spotify.com/artist/3AGFqPP3gt5rMSvhR87Xxu,"[{""artist_id"": ""3AGFqPP3gt5rMSvhR87Xxu"", ""artist_name"": ""Edguy"", ""artist_url"": ""https://open.spotify.com/artist/3AGFqPP3gt5rMSvhR87Xxu"", ""monthly_listeners"": ""290277"", ""monthly_listeners_display"": ""290,277"", ""is_approx"": ""false"", ""fetch_error"": """"}]","[{""artist_id"": ""3AGFqPP3gt5rMSvhR87Xxu"", ""artist_name"": ""Edguy"", ""artist_uri"": ""spotify:artist:3AGFqPP3gt5rMSvhR87Xxu"", ""artist_url"": ""https://open.spotify.com/artist/3AGFqPP3gt5rMSvhR87Xxu"", ""artist_type"": ""artist"", ""artist_genres"": """", ""artist_spotify_api_popularity"": """", ""artist_followers_total"": """", ""artist_image_url"": ""https://i.scdn.co/image/ab6772690000c46cec078670d746fddbe7674e78"", ""artist_lookup_error"": """", ""artist_monthly_listeners"": ""290277"", ""artist_monthly_listeners_display"": ""290,277"", ""artist_monthly_listeners_is_approx"": ""false"", ""artist_monthly_listeners_source"": ""Spotify public artist page"", ""artist_monthly_listeners_fetch_error"": """"}]",0,,"{""spotify"": ""https://open.spotify.com/track/2soaqea9OtrB2gD36zNF6s""}",{}
week1_13july,2026-07-24T08:36:00+00:00,Spotify,Aysima Karçaaltıncaba,aaaaysimaaaa,Week1-User9,Week1-User9,0escRZsQH6RJbznFnOpqCX,spotify:playlist:0escRZsQH6RJbznFnOpqCX,https://open.spotify.com/playlist/0escRZsQH6RJbznFnOpqCX,,aaaaysimaaaa,Aysima Karçaaltıncaba,True,False,0,AAAAAwR6biOzXGfWcWDJkUBDKVnTn/on,30,5,2026-07-23T11:39:00Z,aaaaysimaaaa,primary_artist_monthly_listeners,845438,"845,438",Spotify public artist page,false,,3HQVanEnLlPtywbJai0uiG,spotify:track:3HQVanEnLlPtywbJai0uiG,https://open.spotify.com/track/3HQVanEnLlPtywbJai0uiG,Hunting High And Low,track,1,1,248666,248.666,False,False,True,,https://api.spotify.com/v1/tracks/3HQVanEnLlPtywbJai0uiG,https://api.spotify.com/v1/tracks/3HQVanEnLlPtywbJai0uiG,,,DEH841000203,,,3AQEnSSwH63u9D6G9T6ozL,spotify:album:3AQEnSSwH63u9D6G9T6ozL,https://open.spotify.com/album/3AQEnSSwH63u9D6G9T6ozL,Infinite,album,,10,2000-03-28,day,,C: 2000 Stratovarius under exclusive license to Odyssey Music Network GmbH; P: 2000 Stratovarius under exclusive license to Odyssey Music Network GmbH,,https://i.scdn.co/image/ab67616d0000b273b0ae81f14787f57881a9ee7f,,1O8CSXsPwEqxcoBE360PPO,Stratovarius,spotify:artist:1O8CSXsPwEqxcoBE360PPO,https://open.spotify.com/artist/1O8CSXsPwEqxcoBE360PPO,,,,845438,"845,438",false,Spotify public artist page,,https://i.scdn.co/image/ab6761610000e5eb4733f393ad04f47b31edaadb,,1O8CSXsPwEqxcoBE360PPO,Stratovarius,https://open.spotify.com/artist/1O8CSXsPwEqxcoBE360PPO,"[{""artist_id"": ""1O8CSXsPwEqxcoBE360PPO"", ""artist_name"": ""Stratovarius"", ""artist_url"": ""https://open.spotify.com/artist/1O8CSXsPwEqxcoBE360PPO"", ""monthly_listeners"": ""845438"", ""monthly_listeners_display"": ""845,438"", ""is_approx"": ""false"", ""fetch_error"": """"}]","[{""artist_id"": ""1O8CSXsPwEqxcoBE360PPO"", ""artist_name"": ""Stratovarius"", ""artist_uri"": ""spotify:artist:1O8CSXsPwEqxcoBE360PPO"", ""artist_url"": ""https://open.spotify.com/artist/1O8CSXsPwEqxcoBE360PPO"", ""artist_type"": ""artist"", ""artist_genres"": """", ""artist_spotify_api_popularity"": """", ""artist_followers_total"": """", ""artist_image_url"": ""https://i.scdn.co/image/ab6761610000e5eb4733f393ad04f47b31edaadb"", ""artist_lookup_error"": """", ""artist_monthly_listeners"": ""845438"", ""artist_monthly_listeners_display"": ""845,438"", ""artist_monthly_listeners_is_approx"": ""false"", ""artist_monthly_listeners_source"": ""Spotify public artist page"", ""artist_monthly_listeners_fetch_error"": """"}]",0,,"{""spotify"": ""https://open.spotify.com/track/3HQVanEnLlPtywbJai0uiG""}",{}
week1_13july,2026-07-24T08:36:00+00:00,Spotify,Aysima Karçaaltıncaba,aaaaysimaaaa,Week1-User9,Week1-User9,0escRZsQH6RJbznFnOpqCX,spotify:playlist:0escRZsQH6RJbznFnOpqCX,https://open.spotify.com/playlist/0escRZsQH6RJbznFnOpqCX,,aaaaysimaaaa,Aysima Karçaaltıncaba,True,False,0,AAAAAwR6biOzXGfWcWDJkUBDKVnTn/on,30,6,2026-07-23T11:39:00Z,aaaaysimaaaa,primary_artist_monthly_listeners,57678,"57,678",Spotify public artist page,false,,4mJmi9z3o1B6k2vry39Ufh,spotify:track:4mJmi9z3o1B6k2vry39Ufh,https://open.spotify.com/track/4mJmi9z3o1B6k2vry39Ufh,Heavy Metal Never Dies,track,5,1,254386,254.386,False,False,True,,https://api.spotify.com/v1/tracks/4mJmi9z3o1B6k2vry39Ufh,https://api.spotify.com/v1/tracks/4mJmi9z3o1B6k2vry39Ufh,,,DEU601103715,,,2UhgoMIFgbaiLHuiB0qjHU,spotify:album:2UhgoMIFgbaiLHuiB0qjHU,https://open.spotify.com/album/2UhgoMIFgbaiLHuiB0qjHU,The Landing,album,,11,2011-11-18,day,,C: 2011 AFM Records; P: 2011 AFM Records,,https://i.scdn.co/image/ab67616d0000b27396cd0b3287f32ec509c46fed,,6COmyouHXwCeIGS1IFd1PA,Iron Savior,spotify:artist:6COmyouHXwCeIGS1IFd1PA,https://open.spotify.com/artist/6COmyouHXwCeIGS1IFd1PA,,,,57678,"57,678",false,Spotify public artist page,,https://i.scdn.co/image/ab6761610000e5ebb3e6e0ca2f30c6aefc2363ae,,6COmyouHXwCeIGS1IFd1PA,Iron Savior,https://open.spotify.com/artist/6COmyouHXwCeIGS1IFd1PA,"[{""artist_id"": ""6COmyouHXwCeIGS1IFd1PA"", ""artist_name"": ""Iron Savior"", ""artist_url"": ""https://open.spotify.com/artist/6COmyouHXwCeIGS1IFd1PA"", ""monthly_listeners"": ""57678"", ""monthly_listeners_display"": ""57,678"", ""is_approx"": ""false"", ""fetch_error"": """"}]","[{""artist_id"": ""6COmyouHXwCeIGS1IFd1PA"", ""artist_name"": ""Iron Savior"", ""artist_uri"": ""spotify:artist:6COmyouHXwCeIGS1IFd1PA"", ""artist_url"": ""https://open.spotify.com/artist/6COmyouHXwCeIGS1IFd1PA"", ""artist_type"": ""artist"", ""artist_genres"": """", ""artist_spotify_api_popularity"": """", ""artist_followers_total"": """", ""artist_image_url"": ""https://i.scdn.co/image/ab6761610000e5ebb3e6e0ca2f30c6aefc2363ae"", ""artist_lookup_error"": """", ""artist_monthly_listeners"": ""57678"", ""artist_monthly_listeners_display"": ""57,678"", ""artist_monthly_listeners_is_approx"": ""false"", ""artist_monthly_listeners_source"": ""Spotify public artist page"", ""artist_monthly_listeners_fetch_error"": """"}]",0,,"{""spotify"": ""https://open.spotify.com/track/4mJmi9z3o1B6k2vry39Ufh""}",{}
week1_13july,2026-07-24T08:36:00+00:00,Spotify,Aysima Karçaaltıncaba,aaaaysimaaaa,Week1-User9,Week1-User9,0escRZsQH6RJbznFnOpqCX,spotify:playlist:0escRZsQH6RJbznFnOpqCX,https://open.spotify.com/playlist/0escRZsQH6RJbznFnOpqCX,,aaaaysimaaaa,Aysima Karçaaltıncaba,True,False,0,AAAAAwR6biOzXGfWcWDJkUBDKVnTn/on,30,7,2026-07-23T11:39:00Z,aaaaysimaaaa,primary_artist_monthly_listeners,594132,"594,132",Spotify public artist page,false,,7s0fJ0s9A5eRh4NXaMkfgS,spotify:track:7s0fJ0s9A5eRh4NXaMkfgS,https://open.spotify.com/track/7s0fJ0s9A5eRh4NXaMkfgS,Nightfall - Remastered 2007,track,4,1,334693,334.693,False,False,True,,https://api.spotify.com/v1/tracks/7s0fJ0s9A5eRh4NXaMkfgS,https://api.spotify.com/v1/tracks/7s0fJ0s9A5eRh4NXaMkfgS,,,DED831701042,,,7EPGJTyG9MQ6gJWANmL4n3,spotify:album:7EPGJTyG9MQ6gJWANmL4n3,https://open.spotify.com/album/7EPGJTyG9MQ6gJWANmL4n3,Nightfall in Middle Earth (Remastered 2007),album,,23,1998-04-28,day,,C: 2017 Nuclear Blast; P: 2017 Nuclear Blast,,https://i.scdn.co/image/ab67616d0000b2735e77d3ce3a4f7f382daaf46f,,7jxJ25p0pPjk0MStloN6o6,Blind Guardian,spotify:artist:7jxJ25p0pPjk0MStloN6o6,https://open.spotify.com/artist/7jxJ25p0pPjk0MStloN6o6,,,,594132,"594,132",false,Spotify public artist page,,https://i.scdn.co/image/ab6761610000e5eb26139a78b669ae67aacde9f3,,7jxJ25p0pPjk0MStloN6o6,Blind Guardian,https://open.spotify.com/artist/7jxJ25p0pPjk0MStloN6o6,"[{""artist_id"": ""7jxJ25p0pPjk0MStloN6o6"", ""artist_name"": ""Blind Guardian"", ""artist_url"": ""https://open.spotify.com/artist/7jxJ25p0pPjk0MStloN6o6"", ""monthly_listeners"": ""594132"", ""monthly_listeners_display"": ""594,132"", ""is_approx"": ""false"", ""fetch_error"": """"}]","[{""artist_id"": ""7jxJ25p0pPjk0MStloN6o6"", ""artist_name"": ""Blind Guardian"", ""artist_uri"": ""spotify:artist:7jxJ25p0pPjk0MStloN6o6"", ""artist_url"": ""https://open.spotify.com/artist/7jxJ25p0pPjk0MStloN6o6"", ""artist_type"": ""artist"", ""artist_genres"": """", ""artist_spotify_api_popularity"": """", ""artist_followers_total"": """", ""artist_image_url"": ""https://i.scdn.co/image/ab6761610000e5eb26139a78b669ae67aacde9f3"", ""artist_lookup_error"": """", ""artist_monthly_listeners"": ""594132"", ""artist_monthly_listeners_display"": ""594,132"", ""artist_monthly_listeners_is_approx"": ""false"", ""artist_monthly_listeners_source"": ""Spotify public artist page"", ""artist_monthly_listeners_fetch_error"": """"}]",0,,"{""spotify"": ""https://open.spotify.com/track/7s0fJ0s9A5eRh4NXaMkfgS""}",{}
week1_13july,2026-07-24T08:36:00+00:00,Spotify,Aysima Karçaaltıncaba,aaaaysimaaaa,Week1-User9,Week1-User9,0escRZsQH6RJbznFnOpqCX,spotify:playlist:0escRZsQH6RJbznFnOpqCX,https://open.spotify.com/playlist/0escRZsQH6RJbznFnOpqCX,,aaaaysimaaaa,Aysima Karçaaltıncaba,True,False,0,AAAAAwR6biOzXGfWcWDJkUBDKVnTn/on,30,8,2026-07-23T11:39:00Z,aaaaysimaaaa,primary_artist_monthly_listeners,25447,"25,447",Spotify public artist page,false,,09OnB8xeghs8FRnu4dJKmU,spotify:track:09OnB8xeghs8FRnu4dJKmU,https://open.spotify.com/track/09OnB8xeghs8FRnu4dJKmU,Still Alive,track,3,1,242626,242.626,False,False,True,,https://api.spotify.com/v1/tracks/09OnB8xeghs8FRnu4dJKmU,https://api.spotify.com/v1/tracks/09OnB8xeghs8FRnu4dJKmU,,,US4E40529203,,,4QMOKIrJCvPTwbimx6uB26,spotify:album:4QMOKIrJCvPTwbimx6uB26,https://open.spotify.com/album/4QMOKIrJCvPTwbimx6uB26,Grand Illusion,album,,10,2006-07-13,day,,P: (P) 2005 Century Media Records Ltd.,,https://i.scdn.co/image/ab67616d0000b273d43cad94e8d49fd67f0c8928,,0dSoaJ8iEP3aid30p18O2g,Nocturnal Rites,spotify:artist:0dSoaJ8iEP3aid30p18O2g,https://open.spotify.com/artist/0dSoaJ8iEP3aid30p18O2g,,,,25447,"25,447",false,Spotify public artist page,,https://i.scdn.co/image/ab6772690000c46c16a47c3d98bb7ee498dfcc48,,0dSoaJ8iEP3aid30p18O2g,Nocturnal Rites,https://open.spotify.com/artist/0dSoaJ8iEP3aid30p18O2g,"[{""artist_id"": ""0dSoaJ8iEP3aid30p18O2g"", ""artist_name"": ""Nocturnal Rites"", ""artist_url"": ""https://open.spotify.com/artist/0dSoaJ8iEP3aid30p18O2g"", ""monthly_listeners"": ""25447"", ""monthly_listeners_display"": ""25,447"", ""is_approx"": ""false"", ""fetch_error"": """"}]","[{""artist_id"": ""0dSoaJ8iEP3aid30p18O2g"", ""artist_name"": ""Nocturnal Rites"", ""artist_uri"": ""spotify:artist:0dSoaJ8iEP3aid30p18O2g"", ""artist_url"": ""https://open.spotify.com/artist/0dSoaJ8iEP3aid30p18O2g"", ""artist_type"": ""artist"", ""artist_genres"": """", ""artist_spotify_api_popularity"": """", ""artist_followers_total"": """", ""artist_image_url"": ""https://i.scdn.co/image/ab6772690000c46c16a47c3d98bb7ee498dfcc48"", ""artist_lookup_error"": """", ""artist_monthly_listeners"": ""25447"", ""artist_monthly_listeners_display"": ""25,447"", ""artist_monthly_listeners_is_approx"": ""false"", ""artist_monthly_listeners_source"": ""Spotify public artist page"", ""artist_monthly_listeners_fetch_error"": """"}]",0,,"{""spotify"": ""https://open.spotify.com/track/09OnB8xeghs8FRnu4dJKmU""}",{}
week1_13july,2026-07-24T08:36:00+00:00,Spotify,Aysima Karçaaltıncaba,aaaaysimaaaa,Week1-User9,Week1-User9,0escRZsQH6RJbznFnOpqCX,spotify:playlist:0escRZsQH6RJbznFnOpqCX,https://open.spotify.com/playlist/0escRZsQH6RJbznFnOpqCX,,aaaaysimaaaa,Aysima Karçaaltıncaba,True,False,0,AAAAAwR6biOzXGfWcWDJkUBDKVnTn/on,30,9,2026-07-23T11:39:00Z,aaaaysimaaaa,primary_artist_monthly_listeners,53997,"53,997",Spotify public artist page,false,,3hfgxj1PpTUUdgU0P8Nt7e,spotify:track:3hfgxj1PpTUUdgU0P8Nt7e,https://open.spotify.com/track/3hfgxj1PpTUUdgU0P8Nt7e,Down from the Mountain,track,2,1,246295,246.295,False,False,True,,https://api.spotify.com/v1/tracks/3hfgxj1PpTUUdgU0P8Nt7e,https://api.spotify.com/v1/tracks/3hfgxj1PpTUUdgU0P8Nt7e,,,ITG271400092,,,7hoWTaACeZE1m9HSYY73aS,spotify:album:7hoWTaACeZE1m9HSYY73aS,https://open.spotify.com/album/7hoWTaACeZE1m9HSYY73aS,The Great Divide,album,,10,2014-10-17,day,,C: (C) 2014 Frontiers Records,,https://i.scdn.co/image/ab67616d0000b27309cd30cabc7f20c982de226c,,2hxa4ytcni5FUIK8IR27tX,Allen Lande,spotify:artist:2hxa4ytcni5FUIK8IR27tX,https://open.spotify.com/artist/2hxa4ytcni5FUIK8IR27tX,,,,53997,"53,997",false,Spotify public artist page,,https://i.scdn.co/image/ab67616d0000b27309cd30cabc7f20c982de226c,,2hxa4ytcni5FUIK8IR27tX,Allen Lande,https://open.spotify.com/artist/2hxa4ytcni5FUIK8IR27tX,"[{""artist_id"": ""2hxa4ytcni5FUIK8IR27tX"", ""artist_name"": ""Allen Lande"", ""artist_url"": ""https://open.spotify.com/artist/2hxa4ytcni5FUIK8IR27tX"", ""monthly_listeners"": ""53997"", ""monthly_listeners_display"": ""53,997"", ""is_approx"": ""false"", ""fetch_error"": """"}]","[{""artist_id"": ""2hxa4ytcni5FUIK8IR27tX"", ""artist_name"": ""Allen Lande"", ""artist_uri"": ""spotify:artist:2hxa4ytcni5FUIK8IR27tX"", ""artist_url"": ""https://open.spotify.com/artist/2hxa4ytcni5FUIK8IR27tX"", ""artist_type"": ""artist"", ""artist_genres"": """", ""artist_spotify_api_popularity"": """", ""artist_followers_total"": """", ""artist_image_url"": ""https://i.scdn.co/image/ab67616d0000b27309cd30cabc7f20c982de226c"", ""artist_lookup_error"": """", ""artist_monthly_listeners"": ""53997"", ""artist_monthly_listeners_display"": ""53,997"", ""artist_monthly_listeners_is_approx"": ""false"", ""artist_monthly_listeners_source"": ""Spotify public artist page"", ""artist_monthly_listeners_fetch_error"": """"}]",0,,"{""spotify"": ""https://open.spotify.com/track/3hfgxj1PpTUUdgU0P8Nt7e""}",{}
week1_13july,2026-07-24T08:36:00+00:00,Spotify,Aysima Karçaaltıncaba,aaaaysimaaaa,Week1-User9,Week1-User9,0escRZsQH6RJbznFnOpqCX,spotify:playlist:0escRZsQH6RJbznFnOpqCX,https://open.spotify.com/playlist/0escRZsQH6RJbznFnOpqCX,,aaaaysimaaaa,Aysima Karçaaltıncaba,True,False,0,AAAAAwR6biOzXGfWcWDJkUBDKVnTn/on,30,10,2026-07-23T11:39:00Z,aaaaysimaaaa,primary_artist_monthly_listeners,74393,"74,393",Spotify public artist page,false,,1P5B3ARqjPkB9yCNPZq9jV,spotify:track:1P5B3ARqjPkB9yCNPZq9jV,https://open.spotify.com/track/1P5B3ARqjPkB9yCNPZq9jV,Rebellion (The Clans Are Marching) - Remastered Version,track,11,1,244760,244.760,False,False,True,,https://api.spotify.com/v1/tracks/1P5B3ARqjPkB9yCNPZq9jV,https://api.spotify.com/v1/tracks/1P5B3ARqjPkB9yCNPZq9jV,,,DEC760600331,,,4ZNfzHslrjITU8iqfzCAL8,spotify:album:4ZNfzHslrjITU8iqfzCAL8,https://open.spotify.com/album/4ZNfzHslrjITU8iqfzCAL8,Tunes Of War (Remastered 2006),album,,13,1996,year,,"P: (P) 2006 GUN Records GmbH, A Unit Of SONY BMG MUSIC ENTERTAINMENT (GERMANY) GmbH",,https://i.scdn.co/image/ab67616d0000b2735d5ef12b8c86299ec4e16f7c,,6mfghV4I1CD17FOhDKq7cJ,Grave Digger,spotify:artist:6mfghV4I1CD17FOhDKq7cJ,https://open.spotify.com/artist/6mfghV4I1CD17FOhDKq7cJ,,,,74393,"74,393",false,Spotify public artist page,,https://i.scdn.co/image/ab6761610000e5eb5b4d967b77ad0ffbd0d70013,,6mfghV4I1CD17FOhDKq7cJ,Grave Digger,https://open.spotify.com/artist/6mfghV4I1CD17FOhDKq7cJ,"[{""artist_id"": ""6mfghV4I1CD17FOhDKq7cJ"", ""artist_name"": ""Grave Digger"", ""artist_url"": ""https://open.spotify.com/artist/6mfghV4I1CD17FOhDKq7cJ"", ""monthly_listeners"": ""74393"", ""monthly_listeners_display"": ""74,393"", ""is_approx"": ""false"", ""fetch_error"": """"}]","[{""artist_id"": ""6mfghV4I1CD17FOhDKq7cJ"", ""artist_name"": ""Grave Digger"", ""artist_uri"": ""spotify:artist:6mfghV4I1CD17FOhDKq7cJ"", ""artist_url"": ""https://open.spotify.com/artist/6mfghV4I1CD17FOhDKq7cJ"", ""artist_type"": ""artist"", ""artist_genres"": """", ""artist_spotify_api_popularity"": """", ""artist_followers_total"": """", ""artist_image_url"": ""https://i.scdn.co/image/ab6761610000e5eb5b4d967b77ad0ffbd0d70013"", ""artist_lookup_error"": """", ""artist_monthly_listeners"": ""74393"", ""artist_monthly_listeners_display"": ""74,393"", ""artist_monthly_listeners_is_approx"": ""false"", ""artist_monthly_listeners_source"": ""Spotify public artist page"", ""artist_monthly_listeners_fetch_error"": """"}]",0,,"{""spotify"": ""https://open.spotify.com/track/1P5B3ARqjPkB9yCNPZq9jV""}",{}
week1_13july,2026-07-24T08:36:00+00:00,Spotify,Aysima Karçaaltıncaba,aaaaysimaaaa,Week1-User9,Week1-User9,0escRZsQH6RJbznFnOpqCX,spotify:playlist:0escRZsQH6RJbznFnOpqCX,https://open.spotify.com/playlist/0escRZsQH6RJbznFnOpqCX,,aaaaysimaaaa,Aysima Karçaaltıncaba,True,False,0,AAAAAwR6biOzXGfWcWDJkUBDKVnTn/on,30,11,2026-07-23T11:39:00Z,aaaaysimaaaa,primary_artist_monthly_listeners,167499,"167,499",Spotify public artist page,false,,07Vk1JPd5MgBJxdrMpnLNh,spotify:track:07Vk1JPd5MgBJxdrMpnLNh,https://open.spotify.com/track/07Vk1JPd5MgBJxdrMpnLNh,The Book of Heavy Metal (March of the Metallians),track,1,1,325800,325.800,False,False,True,,https://api.spotify.com/v1/tracks/07Vk1JPd5MgBJxdrMpnLNh,https://api.spotify.com/v1/tracks/07Vk1JPd5MgBJxdrMpnLNh,,,GBDHC0405261,,,6ZWMfxSgjm7dlS6jbypNDW,spotify:album:6ZWMfxSgjm7dlS6jbypNDW,https://open.spotify.com/album/6ZWMfxSgjm7dlS6jbypNDW,The Book of Heavy Metal,album,,12,2004-07-13,day,,P: (P) 2004 Century Media Records Ltd.,,https://i.scdn.co/image/ab67616d0000b2735e63fac5984dc516623ed0bc,,1bkf8u8ot6vEpWTJFBzKZB,Dream Evil,spotify:artist:1bkf8u8ot6vEpWTJFBzKZB,https://open.spotify.com/artist/1bkf8u8ot6vEpWTJFBzKZB,,,,167499,"167,499",false,Spotify public artist page,,https://i.scdn.co/image/ab6761610000e5eb68620704b0615991995f22c5,,1bkf8u8ot6vEpWTJFBzKZB,Dream Evil,https://open.spotify.com/artist/1bkf8u8ot6vEpWTJFBzKZB,"[{""artist_id"": ""1bkf8u8ot6vEpWTJFBzKZB"", ""artist_name"": ""Dream Evil"", ""artist_url"": ""https://open.spotify.com/artist/1bkf8u8ot6vEpWTJFBzKZB"", ""monthly_listeners"": ""167499"", ""monthly_listeners_display"": ""167,499"", ""is_approx"": ""false"", ""fetch_error"": """"}]","[{""artist_id"": ""1bkf8u8ot6vEpWTJFBzKZB"", ""artist_name"": ""Dream Evil"", ""artist_uri"": ""spotify:artist:1bkf8u8ot6vEpWTJFBzKZB"", ""artist_url"": ""https://open.spotify.com/artist/1bkf8u8ot6vEpWTJFBzKZB"", ""artist_type"": ""artist"", ""artist_genres"": """", ""artist_spotify_api_popularity"": """", ""artist_followers_total"": """", ""artist_image_url"": ""https://i.scdn.co/image/ab6761610000e5eb68620704b0615991995f22c5"", ""artist_lookup_error"": """", ""artist_monthly_listeners"": ""167499"", ""artist_monthly_listeners_display"": ""167,499"", ""artist_monthly_listeners_is_approx"": ""false"", ""artist_monthly_listeners_source"": ""Spotify public artist page"", ""artist_monthly_listeners_fetch_error"": """"}]",0,,"{""spotify"": ""https://open.spotify.com/track/07Vk1JPd5MgBJxdrMpnLNh""}",{}
week1_13july,2026-07-24T08:36:00+00:00,Spotify,Aysima Karçaaltıncaba,aaaaysimaaaa,Week1-User9,Week1-User9,0escRZsQH6RJbznFnOpqCX,spotify:playlist:0escRZsQH6RJbznFnOpqCX,https://open.spotify.com/playlist/0escRZsQH6RJbznFnOpqCX,,aaaaysimaaaa,Aysima Karçaaltıncaba,True,False,0,AAAAAwR6biOzXGfWcWDJkUBDKVnTn/on,30,12,2026-07-23T11:39:00Z,aaaaysimaaaa,primary_artist_monthly_listeners,3115408,"3,115,408",Spotify public artist page,false,,170Q9dEUIPy8imNb9p5DYu,spotify:track:170Q9dEUIPy8imNb9p5DYu,https://open.spotify.com/track/170Q9dEUIPy8imNb9p5DYu,Impaler,track,7,1,284413,284.413,False,False,True,,https://api.spotify.com/v1/tracks/170Q9dEUIPy8imNb9p5DYu,https://api.spotify.com/v1/tracks/170Q9dEUIPy8imNb9p5DYu,,,SE6HE2500107,,,1jjx7U3tayhJTytJVBj0WY,spotify:album:1jjx7U3tayhJTytJVBj0WY,https://open.spotify.com/album/1jjx7U3tayhJTytJVBj0WY,Legends,album,,11,2025-10-17,day,,"C: 2025 Sabaton, under exclusive license to Better Noise Music; P: 2025 Sabaton, under exclusive license to Better Noise Music",,https://i.scdn.co/image/ab67616d0000b2732015d006804756df2e271b74,,3o2dn2O0FCVsWDFSh8qxgG,Sabaton,spotify:artist:3o2dn2O0FCVsWDFSh8qxgG,https://open.spotify.com/artist/3o2dn2O0FCVsWDFSh8qxgG,,,,3115408,"3,115,408",false,Spotify public artist page,,https://i.scdn.co/image/ab6761610000e5ebfc0524cca1171fac8678f4bf,,3o2dn2O0FCVsWDFSh8qxgG,Sabaton,https://open.spotify.com/artist/3o2dn2O0FCVsWDFSh8qxgG,"[{""artist_id"": ""3o2dn2O0FCVsWDFSh8qxgG"", ""artist_name"": ""Sabaton"", ""artist_url"": ""https://open.spotify.com/artist/3o2dn2O0FCVsWDFSh8qxgG"", ""monthly_listeners"": ""3115408"", ""monthly_listeners_display"": ""3,115,408"", ""is_approx"": ""false"", ""fetch_error"": """"}]","[{""artist_id"": ""3o2dn2O0FCVsWDFSh8qxgG"", ""artist_name"": ""Sabaton"", ""artist_uri"": ""spotify:artist:3o2dn2O0FCVsWDFSh8qxgG"", ""artist_url"": ""https://open.spotify.com/artist/3o2dn2O0FCVsWDFSh8qxgG"", ""artist_type"": ""artist"", ""artist_genres"": """", ""artist_spotify_api_popularity"": """", ""artist_followers_total"": """", ""artist_image_url"": ""https://i.scdn.co/image/ab6761610000e5ebfc0524cca1171fac8678f4bf"", ""artist_lookup_error"": """", ""artist_monthly_listeners"": ""3115408"", ""artist_monthly_listeners_display"": ""3,115,408"", ""artist_monthly_listeners_is_approx"": ""false"", ""artist_monthly_listeners_source"": ""Spotify public artist page"", ""artist_monthly_listeners_fetch_error"": """"}]",0,,"{""spotify"": ""https://open.spotify.com/track/170Q9dEUIPy8imNb9p5DYu""}",{}
week1_13july,2026-07-24T08:36:00+00:00,Spotify,Aysima Karçaaltıncaba,aaaaysimaaaa,Week1-User9,Week1-User9,0escRZsQH6RJbznFnOpqCX,spotify:playlist:0escRZsQH6RJbznFnOpqCX,https://open.spotify.com/playlist/0escRZsQH6RJbznFnOpqCX,,aaaaysimaaaa,Aysima Karçaaltıncaba,True,False,0,AAAAAwR6biOzXGfWcWDJkUBDKVnTn/on,30,13,2026-07-23T11:39:00Z,aaaaysimaaaa,primary_artist_monthly_listeners,50778,"50,778",Spotify public artist page,false,,4i3L5DHB4W2CzKtaUdeDkC,spotify:track:4i3L5DHB4W2CzKtaUdeDkC,https://open.spotify.com/track/4i3L5DHB4W2CzKtaUdeDkC,Wings of Steel,track,2,1,203546,203.546,False,False,True,,https://api.spotify.com/v1/tracks/4i3L5DHB4W2CzKtaUdeDkC,https://api.spotify.com/v1/tracks/4i3L5DHB4W2CzKtaUdeDkC,,,uscgh2281070,,,4Rzk8EU6um8ETgCUatThYv,spotify:album:4Rzk8EU6um8ETgCUatThYv,https://open.spotify.com/album/4Rzk8EU6um8ETgCUatThYv,Wings of Steel,single,,5,2022-03-11,day,,C: 2022 Wings of Steel; P: 2022 Wings of Steel,,https://i.scdn.co/image/ab67616d0000b2739c6291976636fd4718a37d04,,0y43lCvntQtyFlhCABGb0T,Wings of Steel,spotify:artist:0y43lCvntQtyFlhCABGb0T,https://open.spotify.com/artist/0y43lCvntQtyFlhCABGb0T,,,,50778,"50,778",false,Spotify public artist page,,https://i.scdn.co/image/ab6761610000e5ebf0ec514bb1af4546a9f63f24,,0y43lCvntQtyFlhCABGb0T,Wings of Steel,https://open.spotify.com/artist/0y43lCvntQtyFlhCABGb0T,"[{""artist_id"": ""0y43lCvntQtyFlhCABGb0T"", ""artist_name"": ""Wings of Steel"", ""artist_url"": ""https://open.spotify.com/artist/0y43lCvntQtyFlhCABGb0T"", ""monthly_listeners"": ""50778"", ""monthly_listeners_display"": ""50,778"", ""is_approx"": ""false"", ""fetch_error"": """"}]","[{""artist_id"": ""0y43lCvntQtyFlhCABGb0T"", ""artist_name"": ""Wings of Steel"", ""artist_uri"": ""spotify:artist:0y43lCvntQtyFlhCABGb0T"", ""artist_url"": ""https://open.spotify.com/artist/0y43lCvntQtyFlhCABGb0T"", ""artist_type"": ""artist"", ""artist_genres"": """", ""artist_spotify_api_popularity"": """", ""artist_followers_total"": """", ""artist_image_url"": ""https://i.scdn.co/image/ab6761610000e5ebf0ec514bb1af4546a9f63f24"", ""artist_lookup_error"": """", ""artist_monthly_listeners"": ""50778"", ""artist_monthly_listeners_display"": ""50,778"", ""artist_monthly_listeners_is_approx"": ""false"", ""artist_monthly_listeners_source"": ""Spotify public artist page"", ""artist_monthly_listeners_fetch_error"": """"}]",0,,"{""spotify"": ""https://open.spotify.com/track/4i3L5DHB4W2CzKtaUdeDkC""}",{}
week1_13july,2026-07-24T08:36:00+00:00,Spotify,Aysima Karçaaltıncaba,aaaaysimaaaa,Week1-User9,Week1-User9,0escRZsQH6RJbznFnOpqCX,spotify:playlist:0escRZsQH6RJbznFnOpqCX,https://open.spotify.com/playlist/0escRZsQH6RJbznFnOpqCX,,aaaaysimaaaa,Aysima Karçaaltıncaba,True,False,0,AAAAAwR6biOzXGfWcWDJkUBDKVnTn/on,30,14,2026-07-23T11:39:00Z,aaaaysimaaaa,primary_artist_monthly_listeners,170740,"170,740",Spotify public artist page,false,,1mShQXyieokm7Yr5F2WSRd,spotify:track:1mShQXyieokm7Yr5F2WSRd,https://open.spotify.com/track/1mShQXyieokm7Yr5F2WSRd,Master of Confusion - Remastered,track,21,1,293732,293.732,False,False,True,,https://api.spotify.com/v1/tracks/1mShQXyieokm7Yr5F2WSRd,https://api.spotify.com/v1/tracks/1mShQXyieokm7Yr5F2WSRd,,,DEH841400610,,,09ZD2k6FieGjzoVGrQdsAC,spotify:album:09ZD2k6FieGjzoVGrQdsAC,https://open.spotify.com/album/09ZD2k6FieGjzoVGrQdsAC,The Best (Of),album,,25,2015-01-30,day,,C: 2015 Edel Germany GmbH. earMUSIC is a project of Edel.; P: 2015 Gamma Ray/Edel Germany GmbH. earMUSIC is a project of Edel.,,https://i.scdn.co/image/ab67616d0000b27313798fb371ec0a571efb7614,,6LZE884lDIsCSLHuTplfGp,Gamma Ray,spotify:artist:6LZE884lDIsCSLHuTplfGp,https://open.spotify.com/artist/6LZE884lDIsCSLHuTplfGp,,,,170740,"170,740",false,Spotify public artist page,,https://i.scdn.co/image/ab6772690000c46c1110b1a024312710e7c796c4,,6LZE884lDIsCSLHuTplfGp,Gamma Ray,https://open.spotify.com/artist/6LZE884lDIsCSLHuTplfGp,"[{""artist_id"": ""6LZE884lDIsCSLHuTplfGp"", ""artist_name"": ""Gamma Ray"", ""artist_url"": ""https://open.spotify.com/artist/6LZE884lDIsCSLHuTplfGp"", ""monthly_listeners"": ""170740"", ""monthly_listeners_display"": ""170,740"", ""is_approx"": ""false"", ""fetch_error"": """"}]","[{""artist_id"": ""6LZE884lDIsCSLHuTplfGp"", ""artist_name"": ""Gamma Ray"", ""artist_uri"": ""spotify:artist:6LZE884lDIsCSLHuTplfGp"", ""artist_url"": ""https://open.spotify.com/artist/6LZE884lDIsCSLHuTplfGp"", ""artist_type"": ""artist"", ""artist_genres"": """", ""artist_spotify_api_popularity"": """", ""artist_followers_total"": """", ""artist_image_url"": ""https://i.scdn.co/image/ab6772690000c46c1110b1a024312710e7c796c4"", ""artist_lookup_error"": """", ""artist_monthly_listeners"": ""170740"", ""artist_monthly_listeners_display"": ""170,740"", ""artist_monthly_listeners_is_approx"": ""false"", ""artist_monthly_listeners_source"": ""Spotify public artist page"", ""artist_monthly_listeners_fetch_error"": """"}]",0,,"{""spotify"": ""https://open.spotify.com/track/1mShQXyieokm7Yr5F2WSRd""}",{}
week1_13july,2026-07-24T08:36:00+00:00,Spotify,Aysima Karçaaltıncaba,aaaaysimaaaa,Week1-User9,Week1-User9,0escRZsQH6RJbznFnOpqCX,spotify:playlist:0escRZsQH6RJbznFnOpqCX,https://open.spotify.com/playlist/0escRZsQH6RJbznFnOpqCX,,aaaaysimaaaa,Aysima Karçaaltıncaba,True,False,0,AAAAAwR6biOzXGfWcWDJkUBDKVnTn/on,30,15,2026-07-23T11:39:00Z,aaaaysimaaaa,primary_artist_monthly_listeners,98617,"98,617",Spotify public artist page,false,,2NCh5hwrluY1w5D3BxDXMq,spotify:track:2NCh5hwrluY1w5D3BxDXMq,https://open.spotify.com/track/2NCh5hwrluY1w5D3BxDXMq,Under Jolly Roger,track,1,1,282560,282.560,False,False,True,,https://api.spotify.com/v1/tracks/2NCh5hwrluY1w5D3BxDXMq,https://api.spotify.com/v1/tracks/2NCh5hwrluY1w5D3BxDXMq,,,GBAJE0300753,,,6ksfisQdOmbwJ481UJuAW0,spotify:album:6ksfisQdOmbwJ481UJuAW0,https://open.spotify.com/album/6ksfisQdOmbwJ481UJuAW0,Under Jolly Roger,album,,8,1987-01-01,day,,"C: 2006 Sanctuary Records Group Ltd., a BMG Company; P: 1987 Sanctuary Records Group Ltd., a BMG Company",,https://i.scdn.co/image/ab67616d0000b27398a5f2ec79e9f31b75bb456e,,7954VFaZClkL503srfV5PE,Running Wild,spotify:artist:7954VFaZClkL503srfV5PE,https://open.spotify.com/artist/7954VFaZClkL503srfV5PE,,,,98617,"98,617",false,Spotify public artist page,,https://i.scdn.co/image/ffc7d8dd0a29d7ca6f0840f2c2d9050f5a60d97d,,7954VFaZClkL503srfV5PE,Running Wild,https://open.spotify.com/artist/7954VFaZClkL503srfV5PE,"[{""artist_id"": ""7954VFaZClkL503srfV5PE"", ""artist_name"": ""Running Wild"", ""artist_url"": ""https://open.spotify.com/artist/7954VFaZClkL503srfV5PE"", ""monthly_listeners"": ""98617"", ""monthly_listeners_display"": ""98,617"", ""is_approx"": ""false"", ""fetch_error"": """"}]","[{""artist_id"": ""7954VFaZClkL503srfV5PE"", ""artist_name"": ""Running Wild"", ""artist_uri"": ""spotify:artist:7954VFaZClkL503srfV5PE"", ""artist_url"": ""https://open.spotify.com/artist/7954VFaZClkL503srfV5PE"", ""artist_type"": ""artist"", ""artist_genres"": """", ""artist_spotify_api_popularity"": """", ""artist_followers_total"": """", ""artist_image_url"": ""https://i.scdn.co/image/ffc7d8dd0a29d7ca6f0840f2c2d9050f5a60d97d"", ""artist_lookup_error"": """", ""artist_monthly_listeners"": ""98617"", ""artist_monthly_listeners_display"": ""98,617"", ""artist_monthly_listeners_is_approx"": ""false"", ""artist_monthly_listeners_source"": ""Spotify public artist page"", ""artist_monthly_listeners_fetch_error"": """"}]",0,,"{""spotify"": ""https://open.spotify.com/track/2NCh5hwrluY1w5D3BxDXMq""}",{}
week1_13july,2026-07-24T08:36:00+00:00,Spotify,Aysima Karçaaltıncaba,aaaaysimaaaa,Week1-User9,Week1-User9,0escRZsQH6RJbznFnOpqCX,spotify:playlist:0escRZsQH6RJbznFnOpqCX,https://open.spotify.com/playlist/0escRZsQH6RJbznFnOpqCX,,aaaaysimaaaa,Aysima Karçaaltıncaba,True,False,0,AAAAAwR6biOzXGfWcWDJkUBDKVnTn/on,30,16,2026-07-23T11:39:00Z,aaaaysimaaaa,primary_artist_monthly_listeners,368660,"368,660",Spotify public artist page,false,,1NQCQj6x94ZBEPSODneBHw,spotify:track:1NQCQj6x94ZBEPSODneBHw,https://open.spotify.com/track/1NQCQj6x94ZBEPSODneBHw,The Village of Dwarves,track,4,1,232173,232.173,False,False,True,,https://api.spotify.com/v1/tracks/1NQCQj6x94ZBEPSODneBHw,https://api.spotify.com/v1/tracks/1NQCQj6x94ZBEPSODneBHw,,,DET270002304,,,6T6i4ZLAwRHVOxRaQnC5js,spotify:album:6T6i4ZLAwRHVOxRaQnC5js,https://open.spotify.com/album/6T6i4ZLAwRHVOxRaQnC5js,Dawn of Victory,album,,10,2000,year,,C: (C) 2000 Limb Music,,https://i.scdn.co/image/ab67616d0000b273012217969f1979b6f050068b,,0zQfrabOFYf36Ikb6PXcCY,Rhapsody,spotify:artist:0zQfrabOFYf36Ikb6PXcCY,https://open.spotify.com/artist/0zQfrabOFYf36Ikb6PXcCY,,,,368660,"368,660",false,Spotify public artist page,,https://i.scdn.co/image/ab6761610000e5eb902fae03243cae6e08caf99a,,0zQfrabOFYf36Ikb6PXcCY,Rhapsody,https://open.spotify.com/artist/0zQfrabOFYf36Ikb6PXcCY,"[{""artist_id"": ""0zQfrabOFYf36Ikb6PXcCY"", ""artist_name"": ""Rhapsody"", ""artist_url"": ""https://open.spotify.com/artist/0zQfrabOFYf36Ikb6PXcCY"", ""monthly_listeners"": ""368660"", ""monthly_listeners_display"": ""368,660"", ""is_approx"": ""false"", ""fetch_error"": """"}]","[{""artist_id"": ""0zQfrabOFYf36Ikb6PXcCY"", ""artist_name"": ""Rhapsody"", ""artist_uri"": ""spotify:artist:0zQfrabOFYf36Ikb6PXcCY"", ""artist_url"": ""https://open.spotify.com/artist/0zQfrabOFYf36Ikb6PXcCY"", ""artist_type"": ""artist"", ""artist_genres"": """", ""artist_spotify_api_popularity"": """", ""artist_followers_total"": """", ""artist_image_url"": ""https://i.scdn.co/image/ab6761610000e5eb902fae03243cae6e08caf99a"", ""artist_lookup_error"": """", ""artist_monthly_listeners"": ""368660"", ""artist_monthly_listeners_display"": ""368,660"", ""artist_monthly_listeners_is_approx"": ""false"", ""artist_monthly_listeners_source"": ""Spotify public artist page"", ""artist_monthly_listeners_fetch_error"": """"}]",0,,"{""spotify"": ""https://open.spotify.com/track/1NQCQj6x94ZBEPSODneBHw""}",{}
week1_13july,2026-07-24T08:36:00+00:00,Spotify,Aysima Karçaaltıncaba,aaaaysimaaaa,Week1-User9,Week1-User9,0escRZsQH6RJbznFnOpqCX,spotify:playlist:0escRZsQH6RJbznFnOpqCX,https://open.spotify.com/playlist/0escRZsQH6RJbznFnOpqCX,,aaaaysimaaaa,Aysima Karçaaltıncaba,True,False,0,AAAAAwR6biOzXGfWcWDJkUBDKVnTn/on,30,17,2026-07-23T11:39:00Z,aaaaysimaaaa,primary_artist_monthly_listeners,758547,"758,547",Spotify public artist page,false,,4WkdoleJNVD46dOS03j821,spotify:track:4WkdoleJNVD46dOS03j821,https://open.spotify.com/track/4WkdoleJNVD46dOS03j821,Hate Me,track,7,1,284733,284.733,True,False,True,,https://api.spotify.com/v1/tracks/4WkdoleJNVD46dOS03j821,https://api.spotify.com/v1/tracks/4WkdoleJNVD46dOS03j821,,,FISFS0000020,,,6NA0J6jgJVHjmCnCMBwKH7,spotify:album:6NA0J6jgJVHjmCnCMBwKH7,https://open.spotify.com/album/6NA0J6jgJVHjmCnCMBwKH7,Follow The Reaper,album,,11,2000-10-30,day,,C: 2000 Universal Music Oy; P: 2000 Universal Music Oy,,https://i.scdn.co/image/ab67616d0000b2732d4f11a97ba4a75bb3239dcc,,1xUhNgw4eJDZfvumIpcz1B,Children Of Bodom,spotify:artist:1xUhNgw4eJDZfvumIpcz1B,https://open.spotify.com/artist/1xUhNgw4eJDZfvumIpcz1B,,,,758547,"758,547",false,Spotify public artist page,,https://i.scdn.co/image/ab6761610000e5ebe51866b7c973c8aafaf1fece,,1xUhNgw4eJDZfvumIpcz1B,Children Of Bodom,https://open.spotify.com/artist/1xUhNgw4eJDZfvumIpcz1B,"[{""artist_id"": ""1xUhNgw4eJDZfvumIpcz1B"", ""artist_name"": ""Children Of Bodom"", ""artist_url"": ""https://open.spotify.com/artist/1xUhNgw4eJDZfvumIpcz1B"", ""monthly_listeners"": ""758547"", ""monthly_listeners_display"": ""758,547"", ""is_approx"": ""false"", ""fetch_error"": """"}]","[{""artist_id"": ""1xUhNgw4eJDZfvumIpcz1B"", ""artist_name"": ""Children Of Bodom"", ""artist_uri"": ""spotify:artist:1xUhNgw4eJDZfvumIpcz1B"", ""artist_url"": ""https://open.spotify.com/artist/1xUhNgw4eJDZfvumIpcz1B"", ""artist_type"": ""artist"", ""artist_genres"": """", ""artist_spotify_api_popularity"": """", ""artist_followers_total"": """", ""artist_image_url"": ""https://i.scdn.co/image/ab6761610000e5ebe51866b7c973c8aafaf1fece"", ""artist_lookup_error"": """", ""artist_monthly_listeners"": ""758547"", ""artist_monthly_listeners_display"": ""758,547"", ""artist_monthly_listeners_is_approx"": ""false"", ""artist_monthly_listeners_source"": ""Spotify public artist page"", ""artist_monthly_listeners_fetch_error"": """"}]",0,,"{""spotify"": ""https://open.spotify.com/track/4WkdoleJNVD46dOS03j821""}",{}
week1_13july,2026-07-24T08:36:00+00:00,Spotify,Aysima Karçaaltıncaba,aaaaysimaaaa,Week1-User9,Week1-User9,0escRZsQH6RJbznFnOpqCX,spotify:playlist:0escRZsQH6RJbznFnOpqCX,https://open.spotify.com/playlist/0escRZsQH6RJbznFnOpqCX,,aaaaysimaaaa,Aysima Karçaaltıncaba,True,False,0,AAAAAwR6biOzXGfWcWDJkUBDKVnTn/on,30,18,2026-07-23T11:39:00Z,aaaaysimaaaa,primary_artist_monthly_listeners,184836,"184,836",Spotify public artist page,false,,6NckTLOMeZFE9sqx4EyisQ,spotify:track:6NckTLOMeZFE9sqx4EyisQ,https://open.spotify.com/track/6NckTLOMeZFE9sqx4EyisQ,Spirit Never Die,track,1,1,326893,326.893,False,False,True,,https://api.spotify.com/v1/tracks/6NckTLOMeZFE9sqx4EyisQ,https://api.spotify.com/v1/tracks/6NckTLOMeZFE9sqx4EyisQ,,,DET970200001,,,6FxqNK88NImuiMIpCrTZee,spotify:album:6FxqNK88NImuiMIpCrTZee,https://open.spotify.com/album/6FxqNK88NImuiMIpCrTZee,Masterplan,album,,11,2003-01-20,day,,C: 2003 AFM Records; P: 2003 AFM Records,,https://i.scdn.co/image/ab67616d0000b2737479397fc56803ba3511fd1c,,1OHNvr18TssBKYK0A75yvx,Masterplan,spotify:artist:1OHNvr18TssBKYK0A75yvx,https://open.spotify.com/artist/1OHNvr18TssBKYK0A75yvx,,,,184836,"184,836",false,Spotify public artist page,,https://i.scdn.co/image/ab6761610000e5eb8cfdd5ee976e9da4af82d208,,1OHNvr18TssBKYK0A75yvx,Masterplan,https://open.spotify.com/artist/1OHNvr18TssBKYK0A75yvx,"[{""artist_id"": ""1OHNvr18TssBKYK0A75yvx"", ""artist_name"": ""Masterplan"", ""artist_url"": ""https://open.spotify.com/artist/1OHNvr18TssBKYK0A75yvx"", ""monthly_listeners"": ""184836"", ""monthly_listeners_display"": ""184,836"", ""is_approx"": ""false"", ""fetch_error"": """"}]","[{""artist_id"": ""1OHNvr18TssBKYK0A75yvx"", ""artist_name"": ""Masterplan"", ""artist_uri"": ""spotify:artist:1OHNvr18TssBKYK0A75yvx"", ""artist_url"": ""https://open.spotify.com/artist/1OHNvr18TssBKYK0A75yvx"", ""artist_type"": ""artist"", ""artist_genres"": """", ""artist_spotify_api_popularity"": """", ""artist_followers_total"": """", ""artist_image_url"": ""https://i.scdn.co/image/ab6761610000e5eb8cfdd5ee976e9da4af82d208"", ""artist_lookup_error"": """", ""artist_monthly_listeners"": ""184836"", ""artist_monthly_listeners_display"": ""184,836"", ""artist_monthly_listeners_is_approx"": ""false"", ""artist_monthly_listeners_source"": ""Spotify public artist page"", ""artist_monthly_listeners_fetch_error"": """"}]",0,,"{""spotify"": ""https://open.spotify.com/track/6NckTLOMeZFE9sqx4EyisQ""}",{}
week1_13july,2026-07-24T08:36:00+00:00,Spotify,Aysima Karçaaltıncaba,aaaaysimaaaa,Week1-User9,Week1-User9,0escRZsQH6RJbznFnOpqCX,spotify:playlist:0escRZsQH6RJbznFnOpqCX,https://open.spotify.com/playlist/0escRZsQH6RJbznFnOpqCX,,aaaaysimaaaa,Aysima Karçaaltıncaba,True,False,0,AAAAAwR6biOzXGfWcWDJkUBDKVnTn/on,30,19,2026-07-23T11:39:00Z,aaaaysimaaaa,primary_artist_monthly_listeners,105691,"105,691",Spotify public artist page,false,,1xBR8Ne5wclgRXAiNTycei,spotify:track:1xBR8Ne5wclgRXAiNTycei,https://open.spotify.com/track/1xBR8Ne5wclgRXAiNTycei,I Am Alive,track,1,1,274826,274.826,False,False,True,,https://api.spotify.com/v1/tracks/1xBR8Ne5wclgRXAiNTycei,https://api.spotify.com/v1/tracks/1xBR8Ne5wclgRXAiNTycei,,,DED832000194,,,0zEKzPrRe1YiQgtU7dEMoD,spotify:album:0zEKzPrRe1YiQgtU7dEMoD,https://open.spotify.com/album/0zEKzPrRe1YiQgtU7dEMoD,Metal Commando,album,,11,2020-07-24,day,,C: (C) 2020 Reigning Phoenix Music; P: (P) 2020 Reigning Phoenix Music,,https://i.scdn.co/image/ab67616d0000b2733eeb9a0600a5af0788b80909,,1yfiDL3YUEJlQCgb5Pun6g,Primal Fear,spotify:artist:1yfiDL3YUEJlQCgb5Pun6g,https://open.spotify.com/artist/1yfiDL3YUEJlQCgb5Pun6g,,,,105691,"105,691",false,Spotify public artist page,,https://i.scdn.co/image/ab6761610000e5ebd8360d0ed8fe9dd3fd04fb45,,1yfiDL3YUEJlQCgb5Pun6g,Primal Fear,https://open.spotify.com/artist/1yfiDL3YUEJlQCgb5Pun6g,"[{""artist_id"": ""1yfiDL3YUEJlQCgb5Pun6g"", ""artist_name"": ""Primal Fear"", ""artist_url"": ""https://open.spotify.com/artist/1yfiDL3YUEJlQCgb5Pun6g"", ""monthly_listeners"": ""105691"", ""monthly_listeners_display"": ""105,691"", ""is_approx"": ""false"", ""fetch_error"": """"}]","[{""artist_id"": ""1yfiDL3YUEJlQCgb5Pun6g"", ""artist_name"": ""Primal Fear"", ""artist_uri"": ""spotify:artist:1yfiDL3YUEJlQCgb5Pun6g"", ""artist_url"": ""https://open.spotify.com/artist/1yfiDL3YUEJlQCgb5Pun6g"", ""artist_type"": ""artist"", ""artist_genres"": """", ""artist_spotify_api_popularity"": """", ""artist_followers_total"": """", ""artist_image_url"": ""https://i.scdn.co/image/ab6761610000e5ebd8360d0ed8fe9dd3fd04fb45"", ""artist_lookup_error"": """", ""artist_monthly_listeners"": ""105691"", ""artist_monthly_listeners_display"": ""105,691"", ""artist_monthly_listeners_is_approx"": ""false"", ""artist_monthly_listeners_source"": ""Spotify public artist page"", ""artist_monthly_listeners_fetch_error"": """"}]",0,,"{""spotify"": ""https://open.spotify.com/track/1xBR8Ne5wclgRXAiNTycei""}",{}
week1_13july,2026-07-24T08:36:00+00:00,Spotify,Aysima Karçaaltıncaba,aaaaysimaaaa,Week1-User9,Week1-User9,0escRZsQH6RJbznFnOpqCX,spotify:playlist:0escRZsQH6RJbznFnOpqCX,https://open.spotify.com/playlist/0escRZsQH6RJbznFnOpqCX,,aaaaysimaaaa,Aysima Karçaaltıncaba,True,False,0,AAAAAwR6biOzXGfWcWDJkUBDKVnTn/on,30,20,2026-07-23T11:39:00Z,aaaaysimaaaa,primary_artist_monthly_listeners,92170,"92,170",Spotify public artist page,false,,2rV29Dueq15Cq4IyFgINDL,spotify:track:2rV29Dueq15Cq4IyFgINDL,https://open.spotify.com/track/2rV29Dueq15Cq4IyFgINDL,Set This World on Fire,track,4,1,306146,306.146,False,False,True,,https://api.spotify.com/v1/tracks/2rV29Dueq15Cq4IyFgINDL,https://api.spotify.com/v1/tracks/2rV29Dueq15Cq4IyFgINDL,,,DEAT71518805,,,2bMAHTAhkUMjB9ajRxAbit,spotify:album:2bMAHTAhkUMjB9ajRxAbit,https://open.spotify.com/album/2bMAHTAhkUMjB9ajRxAbit,Unity,album,,13,2002-03-13,day,,C: (C) 2002 Dr. Bones; P: (P) 2002 Dr. Bones,,https://i.scdn.co/image/ab67616d0000b273590803396dac7ebccceb38f6,,5TJVsWPUaJxBxWfVZQEt2x,Rage,spotify:artist:5TJVsWPUaJxBxWfVZQEt2x,https://open.spotify.com/artist/5TJVsWPUaJxBxWfVZQEt2x,,,,92170,"92,170",false,Spotify public artist page,,https://i.scdn.co/image/ab6761610000e5ebbb296bc31c8d982074a54793,,5TJVsWPUaJxBxWfVZQEt2x,Rage,https://open.spotify.com/artist/5TJVsWPUaJxBxWfVZQEt2x,"[{""artist_id"": ""5TJVsWPUaJxBxWfVZQEt2x"", ""artist_name"": ""Rage"", ""artist_url"": ""https://open.spotify.com/artist/5TJVsWPUaJxBxWfVZQEt2x"", ""monthly_listeners"": ""92170"", ""monthly_listeners_display"": ""92,170"", ""is_approx"": ""false"", ""fetch_error"": """"}]","[{""artist_id"": ""5TJVsWPUaJxBxWfVZQEt2x"", ""artist_name"": ""Rage"", ""artist_uri"": ""spotify:artist:5TJVsWPUaJxBxWfVZQEt2x"", ""artist_url"": ""https://open.spotify.com/artist/5TJVsWPUaJxBxWfVZQEt2x"", ""artist_type"": ""artist"", ""artist_genres"": """", ""artist_spotify_api_popularity"": """", ""artist_followers_total"": """", ""artist_image_url"": ""https://i.scdn.co/image/ab6761610000e5ebbb296bc31c8d982074a54793"", ""artist_lookup_error"": """", ""artist_monthly_listeners"": ""92170"", ""artist_monthly_listeners_display"": ""92,170"", ""artist_monthly_listeners_is_approx"": ""false"", ""artist_monthly_listeners_source"": ""Spotify public artist page"", ""artist_monthly_listeners_fetch_error"": """"}]",0,,"{""spotify"": ""https://open.spotify.com/track/2rV29Dueq15Cq4IyFgINDL""}",{}
week1_13july,2026-07-24T08:36:00+00:00,Spotify,Aysima Karçaaltıncaba,aaaaysimaaaa,Week1-User9,Week1-User9,0escRZsQH6RJbznFnOpqCX,spotify:playlist:0escRZsQH6RJbznFnOpqCX,https://open.spotify.com/playlist/0escRZsQH6RJbznFnOpqCX,,aaaaysimaaaa,Aysima Karçaaltıncaba,True,False,0,AAAAAwR6biOzXGfWcWDJkUBDKVnTn/on,30,21,2026-07-23T11:39:00Z,aaaaysimaaaa,primary_artist_monthly_listeners,219161,"219,161",Spotify public artist page,false,,4bUnDOBTWfvmUDePpdXQsx,spotify:track:4bUnDOBTWfvmUDePpdXQsx,https://open.spotify.com/track/4bUnDOBTWfvmUDePpdXQsx,Black Flag,track,2,1,296640,296.640,False,False,True,,https://api.spotify.com/v1/tracks/4bUnDOBTWfvmUDePpdXQsx,https://api.spotify.com/v1/tracks/4bUnDOBTWfvmUDePpdXQsx,,,US4E41742502,,,7jdSTiR96uRP2BsetUSLKB,spotify:album:7jdSTiR96uRP2BsetUSLKB,https://open.spotify.com/album/7jdSTiR96uRP2BsetUSLKB,Incorruptible,album,,10,2017-06-16,day,,P: (P) 2017 Century Media Records Ltd.,,https://i.scdn.co/image/ab67616d0000b273f9b8c8a8d271be7c0589b374,,3KEixcRfBS5K3E91Vn1Kdy,Iced Earth,spotify:artist:3KEixcRfBS5K3E91Vn1Kdy,https://open.spotify.com/artist/3KEixcRfBS5K3E91Vn1Kdy,,,,219161,"219,161",false,Spotify public artist page,,https://i.scdn.co/image/a1fa09dcb7f14ee7bad400ad8c0772f1a2ec4468,,3KEixcRfBS5K3E91Vn1Kdy,Iced Earth,https://open.spotify.com/artist/3KEixcRfBS5K3E91Vn1Kdy,"[{""artist_id"": ""3KEixcRfBS5K3E91Vn1Kdy"", ""artist_name"": ""Iced Earth"", ""artist_url"": ""https://open.spotify.com/artist/3KEixcRfBS5K3E91Vn1Kdy"", ""monthly_listeners"": ""219161"", ""monthly_listeners_display"": ""219,161"", ""is_approx"": ""false"", ""fetch_error"": """"}]","[{""artist_id"": ""3KEixcRfBS5K3E91Vn1Kdy"", ""artist_name"": ""Iced Earth"", ""artist_uri"": ""spotify:artist:3KEixcRfBS5K3E91Vn1Kdy"", ""artist_url"": ""https://open.spotify.com/artist/3KEixcRfBS5K3E91Vn1Kdy"", ""artist_type"": ""artist"", ""artist_genres"": """", ""artist_spotify_api_popularity"": """", ""artist_followers_total"": """", ""artist_image_url"": ""https://i.scdn.co/image/a1fa09dcb7f14ee7bad400ad8c0772f1a2ec4468"", ""artist_lookup_error"": """", ""artist_monthly_listeners"": ""219161"", ""artist_monthly_listeners_display"": ""219,161"", ""artist_monthly_listeners_is_approx"": ""false"", ""artist_monthly_listeners_source"": ""Spotify public artist page"", ""artist_monthly_listeners_fetch_error"": """"}]",0,,"{""spotify"": ""https://open.spotify.com/track/4bUnDOBTWfvmUDePpdXQsx""}",{}
week1_13july,2026-07-24T08:36:00+00:00,Spotify,Aysima Karçaaltıncaba,aaaaysimaaaa,Week1-User9,Week1-User9,0escRZsQH6RJbznFnOpqCX,spotify:playlist:0escRZsQH6RJbznFnOpqCX,https://open.spotify.com/playlist/0escRZsQH6RJbznFnOpqCX,,aaaaysimaaaa,Aysima Karçaaltıncaba,True,False,0,AAAAAwR6biOzXGfWcWDJkUBDKVnTn/on,30,22,2026-07-23T11:39:00Z,aaaaysimaaaa,primary_artist_monthly_listeners,295782,"295,782",Spotify public artist page,false,,2YkbC7444FgOHOIfH33UC8,spotify:track:2YkbC7444FgOHOIfH33UC8,https://open.spotify.com/track/2YkbC7444FgOHOIfH33UC8,For the King,track,9,1,229146,229.146,False,False,True,,https://api.spotify.com/v1/tracks/2YkbC7444FgOHOIfH33UC8,https://api.spotify.com/v1/tracks/2YkbC7444FgOHOIfH33UC8,,,DEU601103552,,,7bw6R2kPVyTRru6808YbIX,spotify:album:7bw6R2kPVyTRru6808YbIX,https://open.spotify.com/album/7bw6R2kPVyTRru6808YbIX,Nosferatu,album,,13,2006-01-31,day,,C: 2006 AFM Records; P: 2006 AFM Records,,https://i.scdn.co/image/ab67616d0000b2738f76138292757fcf7102ae9f,,6nf7iwR6AoROxfUKZWd1r6,Bloodbound,spotify:artist:6nf7iwR6AoROxfUKZWd1r6,https://open.spotify.com/artist/6nf7iwR6AoROxfUKZWd1r6,,,,295782,"295,782",false,Spotify public artist page,,https://i.scdn.co/image/ab6761610000e5ebe01c687c2c587f7c43dd0729,,6nf7iwR6AoROxfUKZWd1r6,Bloodbound,https://open.spotify.com/artist/6nf7iwR6AoROxfUKZWd1r6,"[{""artist_id"": ""6nf7iwR6AoROxfUKZWd1r6"", ""artist_name"": ""Bloodbound"", ""artist_url"": ""https://open.spotify.com/artist/6nf7iwR6AoROxfUKZWd1r6"", ""monthly_listeners"": ""295782"", ""monthly_listeners_display"": ""295,782"", ""is_approx"": ""false"", ""fetch_error"": """"}]","[{""artist_id"": ""6nf7iwR6AoROxfUKZWd1r6"", ""artist_name"": ""Bloodbound"", ""artist_uri"": ""spotify:artist:6nf7iwR6AoROxfUKZWd1r6"", ""artist_url"": ""https://open.spotify.com/artist/6nf7iwR6AoROxfUKZWd1r6"", ""artist_type"": ""artist"", ""artist_genres"": """", ""artist_spotify_api_popularity"": """", ""artist_followers_total"": """", ""artist_image_url"": ""https://i.scdn.co/image/ab6761610000e5ebe01c687c2c587f7c43dd0729"", ""artist_lookup_error"": """", ""artist_monthly_listeners"": ""295782"", ""artist_monthly_listeners_display"": ""295,782"", ""artist_monthly_listeners_is_approx"": ""false"", ""artist_monthly_listeners_source"": ""Spotify public artist page"", ""artist_monthly_listeners_fetch_error"": """"}]",0,,"{""spotify"": ""https://open.spotify.com/track/2YkbC7444FgOHOIfH33UC8""}",{}
week1_13july,2026-07-24T08:36:00+00:00,Spotify,Aysima Karçaaltıncaba,aaaaysimaaaa,Week1-User9,Week1-User9,0escRZsQH6RJbznFnOpqCX,spotify:playlist:0escRZsQH6RJbznFnOpqCX,https://open.spotify.com/playlist/0escRZsQH6RJbznFnOpqCX,,aaaaysimaaaa,Aysima Karçaaltıncaba,True,False,0,AAAAAwR6biOzXGfWcWDJkUBDKVnTn/on,30,23,2026-07-23T11:39:00Z,aaaaysimaaaa,primary_artist_monthly_listeners,26842,"26,842",Spotify public artist page,false,,7mBlBHsCrl4sVGDhSUrZRC,spotify:track:7mBlBHsCrl4sVGDhSUrZRC,https://open.spotify.com/track/7mBlBHsCrl4sVGDhSUrZRC,Hour to Live,track,1,1,258200,258.200,False,False,True,,https://api.spotify.com/v1/tracks/7mBlBHsCrl4sVGDhSUrZRC,https://api.spotify.com/v1/tracks/7mBlBHsCrl4sVGDhSUrZRC,,,ATN261404001,,,4R0qOtZ09A0xjmu7l5XAaV,spotify:album:4R0qOtZ09A0xjmu7l5XAaV,https://open.spotify.com/album/4R0qOtZ09A0xjmu7l5XAaV,Chasing the Dream,album,,9,2014-01-10,day,,C: (C) 2014 Noise Art Records; P: (P) 2014 Noise Art Records,,https://i.scdn.co/image/ab67616d0000b27350869367a7c366497ac6455e,,6V6MyDcytW48stIykhH937,Skull Fist,spotify:artist:6V6MyDcytW48stIykhH937,https://open.spotify.com/artist/6V6MyDcytW48stIykhH937,,,,26842,"26,842",false,Spotify public artist page,,https://i.scdn.co/image/ab6761610000e5eb50c186415c4a70538caebcf2,,6V6MyDcytW48stIykhH937,Skull Fist,https://open.spotify.com/artist/6V6MyDcytW48stIykhH937,"[{""artist_id"": ""6V6MyDcytW48stIykhH937"", ""artist_name"": ""Skull Fist"", ""artist_url"": ""https://open.spotify.com/artist/6V6MyDcytW48stIykhH937"", ""monthly_listeners"": ""26842"", ""monthly_listeners_display"": ""26,842"", ""is_approx"": ""false"", ""fetch_error"": """"}]","[{""artist_id"": ""6V6MyDcytW48stIykhH937"", ""artist_name"": ""Skull Fist"", ""artist_uri"": ""spotify:artist:6V6MyDcytW48stIykhH937"", ""artist_url"": ""https://open.spotify.com/artist/6V6MyDcytW48stIykhH937"", ""artist_type"": ""artist"", ""artist_genres"": """", ""artist_spotify_api_popularity"": """", ""artist_followers_total"": """", ""artist_image_url"": ""https://i.scdn.co/image/ab6761610000e5eb50c186415c4a70538caebcf2"", ""artist_lookup_error"": """", ""artist_monthly_listeners"": ""26842"", ""artist_monthly_listeners_display"": ""26,842"", ""artist_monthly_listeners_is_approx"": ""false"", ""artist_monthly_listeners_source"": ""Spotify public artist page"", ""artist_monthly_listeners_fetch_error"": """"}]",0,,"{""spotify"": ""https://open.spotify.com/track/7mBlBHsCrl4sVGDhSUrZRC""}",{}
week1_13july,2026-07-24T08:36:00+00:00,Spotify,Aysima Karçaaltıncaba,aaaaysimaaaa,Week1-User9,Week1-User9,0escRZsQH6RJbznFnOpqCX,spotify:playlist:0escRZsQH6RJbznFnOpqCX,https://open.spotify.com/playlist/0escRZsQH6RJbznFnOpqCX,,aaaaysimaaaa,Aysima Karçaaltıncaba,True,False,0,AAAAAwR6biOzXGfWcWDJkUBDKVnTn/on,30,24,2026-07-23T11:39:00Z,aaaaysimaaaa,primary_artist_monthly_listeners,382776,"382,776",Spotify public artist page,false,,0rv2jIngnCbHoGEaFOIcwW,spotify:track:0rv2jIngnCbHoGEaFOIcwW,https://open.spotify.com/track/0rv2jIngnCbHoGEaFOIcwW,Hall of the Mountain King,track,6,1,333453,333.453,False,False,True,,https://api.spotify.com/v1/tracks/0rv2jIngnCbHoGEaFOIcwW,https://api.spotify.com/v1/tracks/0rv2jIngnCbHoGEaFOIcwW,,,DEH841100564,,,4Az37bO5GKMjXOk4ff5muF,spotify:album:4Az37bO5GKMjXOk4ff5muF,https://open.spotify.com/album/4Az37bO5GKMjXOk4ff5muF,Hall of the Mountain King (2011 Edition),album,,12,1987,year,,C: 2011 Savatage Inc. under exclusive license to Edel Germany GmbH. earMUSIC is a project of Edel.; P: 2011 Savatage Inc. under exclusive license to Edel Germany GmbH. earMUSIC is a project of Edel.,,https://i.scdn.co/image/ab67616d0000b2734e7e26c64f04d723b3b86211,,3N1B1g6JtIgd6ClRkzD4yT,Savatage,spotify:artist:3N1B1g6JtIgd6ClRkzD4yT,https://open.spotify.com/artist/3N1B1g6JtIgd6ClRkzD4yT,,,,382776,"382,776",false,Spotify public artist page,,https://i.scdn.co/image/ab6761610000e5eb28ce3420531dadeaea4d8aef,,3N1B1g6JtIgd6ClRkzD4yT,Savatage,https://open.spotify.com/artist/3N1B1g6JtIgd6ClRkzD4yT,"[{""artist_id"": ""3N1B1g6JtIgd6ClRkzD4yT"", ""artist_name"": ""Savatage"", ""artist_url"": ""https://open.spotify.com/artist/3N1B1g6JtIgd6ClRkzD4yT"", ""monthly_listeners"": ""382776"", ""monthly_listeners_display"": ""382,776"", ""is_approx"": ""false"", ""fetch_error"": """"}]","[{""artist_id"": ""3N1B1g6JtIgd6ClRkzD4yT"", ""artist_name"": ""Savatage"", ""artist_uri"": ""spotify:artist:3N1B1g6JtIgd6ClRkzD4yT"", ""artist_url"": ""https://open.spotify.com/artist/3N1B1g6JtIgd6ClRkzD4yT"", ""artist_type"": ""artist"", ""artist_genres"": """", ""artist_spotify_api_popularity"": """", ""artist_followers_total"": """", ""artist_image_url"": ""https://i.scdn.co/image/ab6761610000e5eb28ce3420531dadeaea4d8aef"", ""artist_lookup_error"": """", ""artist_monthly_listeners"": ""382776"", ""artist_monthly_listeners_display"": ""382,776"", ""artist_monthly_listeners_is_approx"": ""false"", ""artist_monthly_listeners_source"": ""Spotify public artist page"", ""artist_monthly_listeners_fetch_error"": """"}]",0,,"{""spotify"": ""https://open.spotify.com/track/0rv2jIngnCbHoGEaFOIcwW""}",{}
week1_13july,2026-07-24T08:36:00+00:00,Spotify,Aysima Karçaaltıncaba,aaaaysimaaaa,Week1-User9,Week1-User9,0escRZsQH6RJbznFnOpqCX,spotify:playlist:0escRZsQH6RJbznFnOpqCX,https://open.spotify.com/playlist/0escRZsQH6RJbznFnOpqCX,,aaaaysimaaaa,Aysima Karçaaltıncaba,True,False,0,AAAAAwR6biOzXGfWcWDJkUBDKVnTn/on,30,25,2026-07-23T11:39:00Z,aaaaysimaaaa,primary_artist_monthly_listeners,445224,"445,224",Spotify public artist page,false,,0WTbXgGmirq6A9LfzHg2uA,spotify:track:0WTbXgGmirq6A9LfzHg2uA,https://open.spotify.com/track/0WTbXgGmirq6A9LfzHg2uA,The Cage,track,3,1,275440,275.440,False,False,True,,https://api.spotify.com/v1/tracks/0WTbXgGmirq6A9LfzHg2uA,https://api.spotify.com/v1/tracks/0WTbXgGmirq6A9LfzHg2uA,,,FISFS0200076,,,1EGK8WqziPuJEKAO1fdCkJ,spotify:album:1EGK8WqziPuJEKAO1fdCkJ,https://open.spotify.com/album/1EGK8WqziPuJEKAO1fdCkJ,Winterheart's Guild,album,,10,2002-01-01,day,,C: 2002 Spin-Farm Oy; P: 2002 Spin-Farm Oy,,https://i.scdn.co/image/ab67616d0000b2732b7e571002b007ce6f687d69,,5YeoQ1L71cXDMpSpqxOjfH,Sonata Arctica,spotify:artist:5YeoQ1L71cXDMpSpqxOjfH,https://open.spotify.com/artist/5YeoQ1L71cXDMpSpqxOjfH,,,,445224,"445,224",false,Spotify public artist page,,https://i.scdn.co/image/ab6761610000e5eb3c36e8b69cb376bf869aedc2,,5YeoQ1L71cXDMpSpqxOjfH,Sonata Arctica,https://open.spotify.com/artist/5YeoQ1L71cXDMpSpqxOjfH,"[{""artist_id"": ""5YeoQ1L71cXDMpSpqxOjfH"", ""artist_name"": ""Sonata Arctica"", ""artist_url"": ""https://open.spotify.com/artist/5YeoQ1L71cXDMpSpqxOjfH"", ""monthly_listeners"": ""445224"", ""monthly_listeners_display"": ""445,224"", ""is_approx"": ""false"", ""fetch_error"": """"}]","[{""artist_id"": ""5YeoQ1L71cXDMpSpqxOjfH"", ""artist_name"": ""Sonata Arctica"", ""artist_uri"": ""spotify:artist:5YeoQ1L71cXDMpSpqxOjfH"", ""artist_url"": ""https://open.spotify.com/artist/5YeoQ1L71cXDMpSpqxOjfH"", ""artist_type"": ""artist"", ""artist_genres"": """", ""artist_spotify_api_popularity"": """", ""artist_followers_total"": """", ""artist_image_url"": ""https://i.scdn.co/image/ab6761610000e5eb3c36e8b69cb376bf869aedc2"", ""artist_lookup_error"": """", ""artist_monthly_listeners"": ""445224"", ""artist_monthly_listeners_display"": ""445,224"", ""artist_monthly_listeners_is_approx"": ""false"", ""artist_monthly_listeners_source"": ""Spotify public artist page"", ""artist_monthly_listeners_fetch_error"": """"}]",0,,"{""spotify"": ""https://open.spotify.com/track/0WTbXgGmirq6A9LfzHg2uA""}",{}
week1_13july,2026-07-24T08:36:00+00:00,Spotify,Aysima Karçaaltıncaba,aaaaysimaaaa,Week1-User9,Week1-User9,0escRZsQH6RJbznFnOpqCX,spotify:playlist:0escRZsQH6RJbznFnOpqCX,https://open.spotify.com/playlist/0escRZsQH6RJbznFnOpqCX,,aaaaysimaaaa,Aysima Karçaaltıncaba,True,False,0,AAAAAwR6biOzXGfWcWDJkUBDKVnTn/on,30,26,2026-07-23T11:39:00Z,aaaaysimaaaa,primary_artist_monthly_listeners,493959,"493,959",Spotify public artist page,false,,1bOxv1BcxwZVHCxc6MnYUC,spotify:track:1bOxv1BcxwZVHCxc6MnYUC,https://open.spotify.com/track/1bOxv1BcxwZVHCxc6MnYUC,Strongest Of The Strong,track,5,1,241158,241.158,False,False,True,,https://api.spotify.com/v1/tracks/1bOxv1BcxwZVHCxc6MnYUC,https://api.spotify.com/v1/tracks/1bOxv1BcxwZVHCxc6MnYUC,,,DED832100946,,,1uWrXYT7gBJ39hy4PLptnF,spotify:album:1uWrXYT7gBJ39hy4PLptnF,https://open.spotify.com/album/1uWrXYT7gBJ39hy4PLptnF,Hate Über Alles,album,,11,2022-06-10,day,,C: 2022 Nuclear Blast; P: 2022 Nuclear Blast,,https://i.scdn.co/image/ab67616d0000b273527c6ad71293cc7d1957553c,,3BM0EaYmkKWuPmmHFUTQHv,Kreator,spotify:artist:3BM0EaYmkKWuPmmHFUTQHv,https://open.spotify.com/artist/3BM0EaYmkKWuPmmHFUTQHv,,,,493959,"493,959",false,Spotify public artist page,,https://i.scdn.co/image/ab6761610000e5eb27552fc0521faaf476099c85,,3BM0EaYmkKWuPmmHFUTQHv,Kreator,https://open.spotify.com/artist/3BM0EaYmkKWuPmmHFUTQHv,"[{""artist_id"": ""3BM0EaYmkKWuPmmHFUTQHv"", ""artist_name"": ""Kreator"", ""artist_url"": ""https://open.spotify.com/artist/3BM0EaYmkKWuPmmHFUTQHv"", ""monthly_listeners"": ""493959"", ""monthly_listeners_display"": ""493,959"", ""is_approx"": ""false"", ""fetch_error"": """"}]","[{""artist_id"": ""3BM0EaYmkKWuPmmHFUTQHv"", ""artist_name"": ""Kreator"", ""artist_uri"": ""spotify:artist:3BM0EaYmkKWuPmmHFUTQHv"", ""artist_url"": ""https://open.spotify.com/artist/3BM0EaYmkKWuPmmHFUTQHv"", ""artist_type"": ""artist"", ""artist_genres"": """", ""artist_spotify_api_popularity"": """", ""artist_followers_total"": """", ""artist_image_url"": ""https://i.scdn.co/image/ab6761610000e5eb27552fc0521faaf476099c85"", ""artist_lookup_error"": """", ""artist_monthly_listeners"": ""493959"", ""artist_monthly_listeners_display"": ""493,959"", ""artist_monthly_listeners_is_approx"": ""false"", ""artist_monthly_listeners_source"": ""Spotify public artist page"", ""artist_monthly_listeners_fetch_error"": """"}]",0,,"{""spotify"": ""https://open.spotify.com/track/1bOxv1BcxwZVHCxc6MnYUC""}",{}
week1_13july,2026-07-24T08:36:00+00:00,Spotify,Aysima Karçaaltıncaba,aaaaysimaaaa,Week1-User9,Week1-User9,0escRZsQH6RJbznFnOpqCX,spotify:playlist:0escRZsQH6RJbznFnOpqCX,https://open.spotify.com/playlist/0escRZsQH6RJbznFnOpqCX,,aaaaysimaaaa,Aysima Karçaaltıncaba,True,False,0,AAAAAwR6biOzXGfWcWDJkUBDKVnTn/on,30,27,2026-07-23T11:39:00Z,aaaaysimaaaa,primary_artist_monthly_listeners,346998,"346,998",Spotify public artist page,false,,35TLynakKhHyg7FcONAypo,spotify:track:35TLynakKhHyg7FcONAypo,https://open.spotify.com/track/35TLynakKhHyg7FcONAypo,Center of the Universe,track,2,1,326946,326.946,False,False,True,,https://api.spotify.com/v1/tracks/35TLynakKhHyg7FcONAypo,https://api.spotify.com/v1/tracks/35TLynakKhHyg7FcONAypo,,,GBAJE0201088,,,0eefIi91Qn1mp2rkf8B5go,spotify:album:0eefIi91Qn1mp2rkf8B5go,https://open.spotify.com/album/0eefIi91Qn1mp2rkf8B5go,Epica,album,,16,2003-03-03,day,,"C: 2007 Sanctuary Records Group Ltd., a BMG Company; P: 2002 Sanctuary Records Group Ltd., a BMG Company",,https://i.scdn.co/image/ab67616d0000b273496b8d7256360f2b237525d7,,7gTbq5nTZGQIUgjEGXQpOS,Kamelot,spotify:artist:7gTbq5nTZGQIUgjEGXQpOS,https://open.spotify.com/artist/7gTbq5nTZGQIUgjEGXQpOS,,,,346998,"346,998",false,Spotify public artist page,,https://i.scdn.co/image/ab6761610000e5eb05cfb3d751023418788b5ebc,,7gTbq5nTZGQIUgjEGXQpOS,Kamelot,https://open.spotify.com/artist/7gTbq5nTZGQIUgjEGXQpOS,"[{""artist_id"": ""7gTbq5nTZGQIUgjEGXQpOS"", ""artist_name"": ""Kamelot"", ""artist_url"": ""https://open.spotify.com/artist/7gTbq5nTZGQIUgjEGXQpOS"", ""monthly_listeners"": ""346998"", ""monthly_listeners_display"": ""346,998"", ""is_approx"": ""false"", ""fetch_error"": """"}]","[{""artist_id"": ""7gTbq5nTZGQIUgjEGXQpOS"", ""artist_name"": ""Kamelot"", ""artist_uri"": ""spotify:artist:7gTbq5nTZGQIUgjEGXQpOS"", ""artist_url"": ""https://open.spotify.com/artist/7gTbq5nTZGQIUgjEGXQpOS"", ""artist_type"": ""artist"", ""artist_genres"": """", ""artist_spotify_api_popularity"": """", ""artist_followers_total"": """", ""artist_image_url"": ""https://i.scdn.co/image/ab6761610000e5eb05cfb3d751023418788b5ebc"", ""artist_lookup_error"": """", ""artist_monthly_listeners"": ""346998"", ""artist_monthly_listeners_display"": ""346,998"", ""artist_monthly_listeners_is_approx"": ""false"", ""artist_monthly_listeners_source"": ""Spotify public artist page"", ""artist_monthly_listeners_fetch_error"": """"}]",0,,"{""spotify"": ""https://open.spotify.com/track/35TLynakKhHyg7FcONAypo""}",{}
week1_13july,2026-07-24T08:36:00+00:00,Spotify,Aysima Karçaaltıncaba,aaaaysimaaaa,Week1-User9,Week1-User9,0escRZsQH6RJbznFnOpqCX,spotify:playlist:0escRZsQH6RJbznFnOpqCX,https://open.spotify.com/playlist/0escRZsQH6RJbznFnOpqCX,,aaaaysimaaaa,Aysima Karçaaltıncaba,True,False,0,AAAAAwR6biOzXGfWcWDJkUBDKVnTn/on,30,28,2026-07-23T11:39:00Z,aaaaysimaaaa,primary_artist_monthly_listeners,239721,"239,721",Spotify public artist page,false,,4ZuNyr0qk8gckL98Oee0ld,spotify:track:4ZuNyr0qk8gckL98Oee0ld,https://open.spotify.com/track/4ZuNyr0qk8gckL98Oee0ld,Chains of Destiny,track,11,1,235093,235.093,False,False,True,,https://api.spotify.com/v1/tracks/4ZuNyr0qk8gckL98Oee0ld,https://api.spotify.com/v1/tracks/4ZuNyr0qk8gckL98Oee0ld,,,DEU602109352,,,4OfONg7cNiDlH9tpVNKN5i,spotify:album:4OfONg7cNiDlH9tpVNKN5i,https://open.spotify.com/album/4OfONg7cNiDlH9tpVNKN5i,Glory for Salvation,album,,13,2021-11-26,day,,C: 2021 AFM Records; P: 2021 AFM Records,,https://i.scdn.co/image/ab67616d0000b273fe6eb88d83c8d7e6c70d0381,,3IjLXN4eSksdGj8uDE4Jm1,Rhapsody Of Fire,spotify:artist:3IjLXN4eSksdGj8uDE4Jm1,https://open.spotify.com/artist/3IjLXN4eSksdGj8uDE4Jm1,,,,239721,"239,721",false,Spotify public artist page,,https://i.scdn.co/image/ab6761610000e5eb5d22c1db6d6eee22dfe54498,,3IjLXN4eSksdGj8uDE4Jm1,Rhapsody Of Fire,https://open.spotify.com/artist/3IjLXN4eSksdGj8uDE4Jm1,"[{""artist_id"": ""3IjLXN4eSksdGj8uDE4Jm1"", ""artist_name"": ""Rhapsody Of Fire"", ""artist_url"": ""https://open.spotify.com/artist/3IjLXN4eSksdGj8uDE4Jm1"", ""monthly_listeners"": ""239721"", ""monthly_listeners_display"": ""239,721"", ""is_approx"": ""false"", ""fetch_error"": """"}]","[{""artist_id"": ""3IjLXN4eSksdGj8uDE4Jm1"", ""artist_name"": ""Rhapsody Of Fire"", ""artist_uri"": ""spotify:artist:3IjLXN4eSksdGj8uDE4Jm1"", ""artist_url"": ""https://open.spotify.com/artist/3IjLXN4eSksdGj8uDE4Jm1"", ""artist_type"": ""artist"", ""artist_genres"": """", ""artist_spotify_api_popularity"": """", ""artist_followers_total"": """", ""artist_image_url"": ""https://i.scdn.co/image/ab6761610000e5eb5d22c1db6d6eee22dfe54498"", ""artist_lookup_error"": """", ""artist_monthly_listeners"": ""239721"", ""artist_monthly_listeners_display"": ""239,721"", ""artist_monthly_listeners_is_approx"": ""false"", ""artist_monthly_listeners_source"": ""Spotify public artist page"", ""artist_monthly_listeners_fetch_error"": """"}]",0,,"{""spotify"": ""https://open.spotify.com/track/4ZuNyr0qk8gckL98Oee0ld""}",{}
week1_13july,2026-07-24T08:36:00+00:00,Spotify,Aysima Karçaaltıncaba,aaaaysimaaaa,Week1-User9,Week1-User9,0escRZsQH6RJbznFnOpqCX,spotify:playlist:0escRZsQH6RJbznFnOpqCX,https://open.spotify.com/playlist/0escRZsQH6RJbznFnOpqCX,,aaaaysimaaaa,Aysima Karçaaltıncaba,True,False,0,AAAAAwR6biOzXGfWcWDJkUBDKVnTn/on,30,29,2026-07-23T11:39:00Z,aaaaysimaaaa,primary_artist_monthly_listeners,193731,"193,731",Spotify public artist page,false,,7aYO9WJaSC8m7YpT0bM5Ke,spotify:track:7aYO9WJaSC8m7YpT0bM5Ke,https://open.spotify.com/track/7aYO9WJaSC8m7YpT0bM5Ke,In My Sword I Trust,track,2,1,320426,320.426,False,False,True,,https://api.spotify.com/v1/tracks/7aYO9WJaSC8m7YpT0bM5Ke,https://api.spotify.com/v1/tracks/7aYO9WJaSC8m7YpT0bM5Ke,,,FIUM71200377,,,6uv6P1ojx6GpXCpmnYXfCM,spotify:album:6uv6P1ojx6GpXCpmnYXfCM,https://open.spotify.com/album/6uv6P1ojx6GpXCpmnYXfCM,Unsung Heroes (Japan Version),album,,12,2012-01-01,day,,C: 2012 Spin-Farm Oy; P: 2012 Spin-Farm Oy,,https://i.scdn.co/image/ab67616d0000b273d5d088e428b01d286beb7ad5,,0krXCIkthz13P8o0v2tksH,Ensiferum,spotify:artist:0krXCIkthz13P8o0v2tksH,https://open.spotify.com/artist/0krXCIkthz13P8o0v2tksH,,,,193731,"193,731",false,Spotify public artist page,,https://i.scdn.co/image/ab6761610000e5eb0a5ef9d5834390b5ebdee107,,0krXCIkthz13P8o0v2tksH,Ensiferum,https://open.spotify.com/artist/0krXCIkthz13P8o0v2tksH,"[{""artist_id"": ""0krXCIkthz13P8o0v2tksH"", ""artist_name"": ""Ensiferum"", ""artist_url"": ""https://open.spotify.com/artist/0krXCIkthz13P8o0v2tksH"", ""monthly_listeners"": ""193731"", ""monthly_listeners_display"": ""193,731"", ""is_approx"": ""false"", ""fetch_error"": """"}]","[{""artist_id"": ""0krXCIkthz13P8o0v2tksH"", ""artist_name"": ""Ensiferum"", ""artist_uri"": ""spotify:artist:0krXCIkthz13P8o0v2tksH"", ""artist_url"": ""https://open.spotify.com/artist/0krXCIkthz13P8o0v2tksH"", ""artist_type"": ""artist"", ""artist_genres"": """", ""artist_spotify_api_popularity"": """", ""artist_followers_total"": """", ""artist_image_url"": ""https://i.scdn.co/image/ab6761610000e5eb0a5ef9d5834390b5ebdee107"", ""artist_lookup_error"": """", ""artist_monthly_listeners"": ""193731"", ""artist_monthly_listeners_display"": ""193,731"", ""artist_monthly_listeners_is_approx"": ""false"", ""artist_monthly_listeners_source"": ""Spotify public artist page"", ""artist_monthly_listeners_fetch_error"": """"}]",0,,"{""spotify"": ""https://open.spotify.com/track/7aYO9WJaSC8m7YpT0bM5Ke""}",{}
week1_13july,2026-07-24T08:36:00+00:00,Spotify,Aysima Karçaaltıncaba,aaaaysimaaaa,Week1-User9,Week1-User9,0escRZsQH6RJbznFnOpqCX,spotify:playlist:0escRZsQH6RJbznFnOpqCX,https://open.spotify.com/playlist/0escRZsQH6RJbznFnOpqCX,,aaaaysimaaaa,Aysima Karçaaltıncaba,True,False,0,AAAAAwR6biOzXGfWcWDJkUBDKVnTn/on,30,30,2026-07-23T11:39:00Z,aaaaysimaaaa,primary_artist_monthly_listeners,69375,"69,375",Spotify public artist page,false,,0ASc6EqyR29pOrdrkpzYHq,spotify:track:0ASc6EqyR29pOrdrkpzYHq,https://open.spotify.com/track/0ASc6EqyR29pOrdrkpzYHq,Lost in Your Eyes,track,2,1,228464,228.464,False,False,True,,https://api.spotify.com/v1/tracks/0ASc6EqyR29pOrdrkpzYHq,https://api.spotify.com/v1/tracks/0ASc6EqyR29pOrdrkpzYHq,,,DEU600902761,,,0pSzBJY7Ou2BkA16eYsKg0,spotify:album:0pSzBJY7Ou2BkA16eYsKg0,https://open.spotify.com/album/0pSzBJY7Ou2BkA16eYsKg0,Carpe Diem,album,,9,2009-12-18,day,,C: 2009 AFM Records; P: 2009 AFM Records,,https://i.scdn.co/image/ab67616d0000b273485c6d37aef458889e10f30d,,7j3etSXgd9ZLYIUW7KWnpd,Heavenly,spotify:artist:7j3etSXgd9ZLYIUW7KWnpd,https://open.spotify.com/artist/7j3etSXgd9ZLYIUW7KWnpd,,,,69375,"69,375",false,Spotify public artist page,,https://i.scdn.co/image/ab6772690000c46ce1dbce8d74b9d4d5066ebf7a,,7j3etSXgd9ZLYIUW7KWnpd,Heavenly,https://open.spotify.com/artist/7j3etSXgd9ZLYIUW7KWnpd,"[{""artist_id"": ""7j3etSXgd9ZLYIUW7KWnpd"", ""artist_name"": ""Heavenly"", ""artist_url"": ""https://open.spotify.com/artist/7j3etSXgd9ZLYIUW7KWnpd"", ""monthly_listeners"": ""69375"", ""monthly_listeners_display"": ""69,375"", ""is_approx"": ""false"", ""fetch_error"": """"}]","[{""artist_id"": ""7j3etSXgd9ZLYIUW7KWnpd"", ""artist_name"": ""Heavenly"", ""artist_uri"": ""spotify:artist:7j3etSXgd9ZLYIUW7KWnpd"", ""artist_url"": ""https://open.spotify.com/artist/7j3etSXgd9ZLYIUW7KWnpd"", ""artist_type"": ""artist"", ""artist_genres"": """", ""artist_spotify_api_popularity"": """", ""artist_followers_total"": """", ""artist_image_url"": ""https://i.scdn.co/image/ab6772690000c46ce1dbce8d74b9d4d5066ebf7a"", ""artist_lookup_error"": """", ""artist_monthly_listeners"": ""69375"", ""artist_monthly_listeners_display"": ""69,375"", ""artist_monthly_listeners_is_approx"": ""false"", ""artist_monthly_listeners_source"": ""Spotify public artist page"", ""artist_monthly_listeners_fetch_error"": """"}]",0,,"{""spotify"": ""https://open.spotify.com/track/0ASc6EqyR29pOrdrkpzYHq""}",{}
