captured_at_utc,auth_profile,verified_account_name,playlist_name,playlist_id,playlist_url,playlist_author,playlist_track_count_reported,playlist_duration,playlist_duration_seconds,playlist_description,playlist_position,video_id,youtube_music_url,youtube_url,title,artists,artist_ids,artist_details_json,primary_artist_id,primary_artist_name,artist_subscribers_display,artist_subscribers_approx,artist_channel_views,artist_description,artist_song_shelf_count,artist_album_shelf_count,artist_single_shelf_count,artist_video_shelf_count,album_browse_id,album_name,album_type,album_year,album_track_count,album_duration,album_duration_seconds,album_audio_playlist_id,album_artists,album_description,duration,duration_seconds,video_type,view_count,playlist_view_display,view_count_source,like_count,comment_count,like_comment_note,category,upload_date,publish_date,topic_channel_owner,topic_channel_id,topic_channel_url,available_country_count,available_country_codes,available_countries_note,tags,canonical_url,family_safe,unlisted,paid,allow_ratings,is_live_content,is_private,is_crawlable,is_available,is_explicit_track,is_explicit_album,playability_status,playable_in_embed,profile_like_status,profile_in_library,thumbnail_url,track_thumbnails_json,song_lookup_error,artist_lookup_error,album_lookup_error,source_note,view_rank_within_discover_mix_desc,view_percentile_within_discover_mix,log10_view_count,popularity_measure,popularity_value_view_count,popularity_log10_view_count,popularity_original_pool_fixed_band,popularity_original_pool_fixed_tier,popularity_tier_reference,popularity_comparison_note,popularity_video_version_note
2026-07-23T11:21:53+00:00,user_05,Aysima Baba,Discover Mix,RDTMAK5uy_n_5IN6hzAOwdCnM8D8rzrs3vDl12UcZpA,https://music.youtube.com/playlist?list=RDTMAK5uy_n_5IN6hzAOwdCnM8D8rzrs3vDl12UcZpA,,,,52552,"Discover great music, picked just for you. Always updating.",1,aegL4GV003w,https://music.youtube.com/watch?v=aegL4GV003w,https://www.youtube.com/watch?v=aegL4GV003w,The Matrix Reloaded (OST) - Fluke - Zion,Nostalgia Trip by RM44,UCFm_u7ZAYAlzWuOtiBShWZQ,"[{""id"": ""UCFm_u7ZAYAlzWuOtiBShWZQ"", ""name"": ""Nostalgia Trip by RM44"", ""subscribers_display"": """", ""subscribers_approx"": null, ""channel_views"": null, ""description"": """", ""song_shelf_count"": 0, ""album_shelf_count"": 0, ""single_shelf_count"": 0, ""video_shelf_count"": 0, ""lookup_error"": ""'musicImmersiveHeaderRenderer'""}]",UCFm_u7ZAYAlzWuOtiBShWZQ,Nostalgia Trip by RM44,,,,,0,0,0,0,,,,,,,,,,,4:50,290,MUSIC_VIDEO_TYPE_UGC,1794945,,ytmusicapi player response videoDetails.viewCount,,,Not exposed by this YouTube Music endpoint; official YouTube Data API credentials are required.,Music,2012-06-06T12:08:48-07:00,2012-06-06T12:08:48-07:00,Nostalgia Trip by RM44,UCFm_u7ZAYAlzWuOtiBShWZQ,http://www.youtube.com/@RelevantMars44,247,AD;AE;AF;AG;AI;AL;AM;AO;AQ;AR;AS;AT;AU;AW;AX;AZ;BA;BB;BD;BE;BF;BG;BH;BI;BJ;BL;BM;BN;BO;BQ;BR;BS;BT;BV;BW;BZ;CA;CC;CD;CF;CG;CH;CI;CK;CL;CM;CN;CO;CR;CU;CV;CW;CX;CY;CZ;DE;DJ;DK;DM;DO;DZ;EC;EE;EG;EH;ER;ES;ET;FI;FJ;FK;FM;FO;FR;GA;GB;GD;GE;GF;GG;GH;GI;GL;GM;GN;GP;GQ;GR;GS;GT;GU;GW;GY;HK;HM;HN;HR;HT;HU;ID;IE;IL;IM;IN;IO;IQ;IR;IS;IT;JE;JM;JO;JP;KE;KG;KH;KI;KM;KN;KP;KR;KW;KY;KZ;LA;LB;LC;LI;LK;LR;LS;LT;LU;LV;LY;MA;MC;MD;ME;MF;MG;MH;MK;ML;MM;MN;MO;MP;MQ;MR;MS;MT;MU;MV;MW;MX;MY;MZ;NA;NC;NE;NF;NG;NI;NL;NO;NP;NR;NU;NZ;OM;PA;PE;PF;PG;PH;PK;PL;PM;PN;PR;PS;PT;PW;PY;QA;RE;RO;RS;RW;SA;SB;SC;SD;SE;SG;SH;SI;SJ;SK;SL;SM;SN;SO;SR;SS;ST;SV;SX;SY;SZ;TC;TD;TF;TG;TH;TJ;TK;TL;TM;TN;TO;TR;TT;TV;TW;TZ;UA;UG;UM;US;UY;UZ;VA;VC;VE;VG;VI;VN;VU;WF;WS;YE;YT;ZA;ZM;ZW,"Distribution availability, not artist nationality or audience geography.",matrix; reloaded; soundtrack; fluke; zion,https://music.youtube.com/watch?v=aegL4GV003w,True,False,False,True,False,False,True,True,False,,OK,True,INDIFFERENT,False,https://i.ytimg.com/vi/aegL4GV003w/hqdefault.jpg?sqp=-oaymwEmCOADEOgC8quKqQMa8AEB-AH-BIAC4AOKAgwIABABGD0gZShCMA8=&rs=AOn4CLALrxn4poEedBJBQC7F8Vr2HjtGzw,"[{""url"": ""https://i.ytimg.com/vi/aegL4GV003w/hqdefault.jpg?sqp=-oaymwEWCJADEOEBIAQqCggAEOADGC0guwJIWg&rs=AMzJL3maz3H7ucPqqJTz0eBMd3SuJfKBOA"", ""width"": 400, ""height"": 225}]",,'musicImmersiveHeaderRenderer',missing album browse id,YouTube Music internal web API via ytmusicapi; personalized playlist fetched with named auth profile.,4.0,88.333333,6.254051146,cumulative views of the exact recommended YouTube video,1794945,6.254051146,High,High,"Frozen 83-song candidate pool captured 2026-06-29T19:44:09+00:00; Low <=7,505; lower buffer 7,506-19,756; Middle 19,757-243,792; upper buffer 243,793-1,223,809; High >=1,223,810 views.","Use view_count or popularity_log10_view_count for comparisons across users, weeks, and the original playlist. Do not use the within-Discover-Mix rank or percentile for cross-playlist comparisons because those are recalculated separately inside every 30-song mix.",Popularity is for the exact recommended video ID. Report or control video_type because this item is MUSIC_VIDEO_TYPE_UGC; ATV denotes an Art Track and OMV an official music video.
2026-07-23T11:21:53+00:00,user_05,Aysima Baba,Discover Mix,RDTMAK5uy_n_5IN6hzAOwdCnM8D8rzrs3vDl12UcZpA,https://music.youtube.com/playlist?list=RDTMAK5uy_n_5IN6hzAOwdCnM8D8rzrs3vDl12UcZpA,,,,52552,"Discover great music, picked just for you. Always updating.",2,kIBB7DXvQdo,https://music.youtube.com/watch?v=kIBB7DXvQdo,https://www.youtube.com/watch?v=kIBB7DXvQdo,Prince of Persia - Warrior Within OST #0 Installation,OVGST,UCxfwGAiutuJnc1ECVO7Tfwg,"[{""id"": ""UCxfwGAiutuJnc1ECVO7Tfwg"", ""name"": ""OVGST"", ""subscribers_display"": """", ""subscribers_approx"": null, ""channel_views"": null, ""description"": """", ""song_shelf_count"": 0, ""album_shelf_count"": 0, ""single_shelf_count"": 0, ""video_shelf_count"": 0, ""lookup_error"": ""'musicImmersiveHeaderRenderer'""}]",UCxfwGAiutuJnc1ECVO7Tfwg,OVGST,,,,,0,0,0,0,,,,,,,,,,,2:00,120,MUSIC_VIDEO_TYPE_UGC,954463,,ytmusicapi player response videoDetails.viewCount,,,Not exposed by this YouTube Music endpoint; official YouTube Data API credentials are required.,Music,2012-04-03T13:22:57-07:00,2012-04-03T13:22:57-07:00,OVGST,UCxfwGAiutuJnc1ECVO7Tfwg,http://www.youtube.com/@OVGST,249,AD;AE;AF;AG;AI;AL;AM;AO;AQ;AR;AS;AT;AU;AW;AX;AZ;BA;BB;BD;BE;BF;BG;BH;BI;BJ;BL;BM;BN;BO;BQ;BR;BS;BT;BV;BW;BY;BZ;CA;CC;CD;CF;CG;CH;CI;CK;CL;CM;CN;CO;CR;CU;CV;CW;CX;CY;CZ;DE;DJ;DK;DM;DO;DZ;EC;EE;EG;EH;ER;ES;ET;FI;FJ;FK;FM;FO;FR;GA;GB;GD;GE;GF;GG;GH;GI;GL;GM;GN;GP;GQ;GR;GS;GT;GU;GW;GY;HK;HM;HN;HR;HT;HU;ID;IE;IL;IM;IN;IO;IQ;IR;IS;IT;JE;JM;JO;JP;KE;KG;KH;KI;KM;KN;KP;KR;KW;KY;KZ;LA;LB;LC;LI;LK;LR;LS;LT;LU;LV;LY;MA;MC;MD;ME;MF;MG;MH;MK;ML;MM;MN;MO;MP;MQ;MR;MS;MT;MU;MV;MW;MX;MY;MZ;NA;NC;NE;NF;NG;NI;NL;NO;NP;NR;NU;NZ;OM;PA;PE;PF;PG;PH;PK;PL;PM;PN;PR;PS;PT;PW;PY;QA;RE;RO;RS;RU;RW;SA;SB;SC;SD;SE;SG;SH;SI;SJ;SK;SL;SM;SN;SO;SR;SS;ST;SV;SX;SY;SZ;TC;TD;TF;TG;TH;TJ;TK;TL;TM;TN;TO;TR;TT;TV;TW;TZ;UA;UG;UM;US;UY;UZ;VA;VC;VE;VG;VI;VN;VU;WF;WS;YE;YT;ZA;ZM;ZW,"Distribution availability, not artist nationality or audience geography.",Video; Game; song; opening; main; title; songs; tune; ending; themes; video game; music; soundtrack; Prince; of; Persia; Warrior; Within; PoP; Dahaka; Warrior Within; Prince of Persia; Theme; Theme Song; Intro; Original; score; official score,https://music.youtube.com/watch?v=kIBB7DXvQdo,True,False,False,True,False,False,True,True,False,,OK,True,INDIFFERENT,False,https://i.ytimg.com/vi/kIBB7DXvQdo/maxresdefault.jpg?sqp=-oaymwEmCIAKENAF8quKqQMa8AEB-AH-CYAC0AWKAgwIABABGHIgQihIMA8=&rs=AOn4CLB7KMTWhlEoO3Bh3qUgprxot-5IXA,"[{""url"": ""https://i.ytimg.com/vi/kIBB7DXvQdo/hqdefault.jpg?sqp=-oaymwEWCJADEOEBIAQqCggAEOADGC0guwJIWg&rs=AMzJL3nfcCGhRta7Xmn458Eudr19XunDig"", ""width"": 400, ""height"": 225}]",,'musicImmersiveHeaderRenderer',missing album browse id,YouTube Music internal web API via ytmusicapi; personalized playlist fetched with named auth profile.,7.0,78.333333,5.979759098,cumulative views of the exact recommended YouTube video,954463,5.979759098,Upper buffer,Buffer,"Frozen 83-song candidate pool captured 2026-06-29T19:44:09+00:00; Low <=7,505; lower buffer 7,506-19,756; Middle 19,757-243,792; upper buffer 243,793-1,223,809; High >=1,223,810 views.","Use view_count or popularity_log10_view_count for comparisons across users, weeks, and the original playlist. Do not use the within-Discover-Mix rank or percentile for cross-playlist comparisons because those are recalculated separately inside every 30-song mix.",Popularity is for the exact recommended video ID. Report or control video_type because this item is MUSIC_VIDEO_TYPE_UGC; ATV denotes an Art Track and OMV an official music video.
2026-07-23T11:21:53+00:00,user_05,Aysima Baba,Discover Mix,RDTMAK5uy_n_5IN6hzAOwdCnM8D8rzrs3vDl12UcZpA,https://music.youtube.com/playlist?list=RDTMAK5uy_n_5IN6hzAOwdCnM8D8rzrs3vDl12UcZpA,,,,52552,"Discover great music, picked just for you. Always updating.",3,GClPj0RmU6s,https://music.youtube.com/watch?v=GClPj0RmU6s,https://www.youtube.com/watch?v=GClPj0RmU6s,Drums of Midgard,Bjorth,UCsF9xEBIasTCHP_NH93_DDQ,"[{""id"": ""UCsF9xEBIasTCHP_NH93_DDQ"", ""name"": ""Bjorth"", ""subscribers_display"": ""72.9K"", ""subscribers_approx"": 72900, ""channel_views"": 32510677, ""description"": ""Bjorth ( pronounced similiar as \""north\"" )  is a dark folk/ medieval music inspired project from German producer Björn Hoppen.\n\nBjorth is strongly themed by Norse and central European folklore and mythology but does not stick to all traditional sounds and instruments. Vocals, which are based mostly on old Norse mythology are performed by Chilean singer/songwriter Daniela (Dani) Alvear, who joined Bjorth early after the first releases. Since 2023, Violin is contributed by Meri Tadic ( IRIJ, EX-ELUVEITIE )."", ""song_shelf_count"": 5, ""album_shelf_count"": 0, ""single_shelf_count"": 10, ""video_shelf_count"": 10, ""lookup_error"": """"}]",UCsF9xEBIasTCHP_NH93_DDQ,Bjorth,72.9K,72900,32510677,"Bjorth ( pronounced similiar as ""north"" )  is a dark folk/ medieval music inspired project from German producer Björn Hoppen.

Bjorth is strongly themed by Norse and central European folklore and mythology but does not stick to all traditional sounds and instruments. Vocals, which are based mostly on old Norse mythology are performed by Chilean singer/songwriter Daniela (Dani) Alvear, who joined Bjorth early after the first releases. Since 2023, Violin is contributed by Meri Tadic ( IRIJ, EX-ELUVEITIE ).",5,0,10,10,,,,,,,,,,,3:05,185,MUSIC_VIDEO_TYPE_OMV,1905347,,ytmusicapi player response videoDetails.viewCount,,,Not exposed by this YouTube Music endpoint; official YouTube Data API credentials are required.,People & Blogs,2020-08-02T08:36:05-07:00,2020-08-02T08:36:05-07:00,Bjorth,UClDzr-KM5H2-bsO3xIC32mg,http://www.youtube.com/@bjorth_official,249,AD;AE;AF;AG;AI;AL;AM;AO;AQ;AR;AS;AT;AU;AW;AX;AZ;BA;BB;BD;BE;BF;BG;BH;BI;BJ;BL;BM;BN;BO;BQ;BR;BS;BT;BV;BW;BY;BZ;CA;CC;CD;CF;CG;CH;CI;CK;CL;CM;CN;CO;CR;CU;CV;CW;CX;CY;CZ;DE;DJ;DK;DM;DO;DZ;EC;EE;EG;EH;ER;ES;ET;FI;FJ;FK;FM;FO;FR;GA;GB;GD;GE;GF;GG;GH;GI;GL;GM;GN;GP;GQ;GR;GS;GT;GU;GW;GY;HK;HM;HN;HR;HT;HU;ID;IE;IL;IM;IN;IO;IQ;IR;IS;IT;JE;JM;JO;JP;KE;KG;KH;KI;KM;KN;KP;KR;KW;KY;KZ;LA;LB;LC;LI;LK;LR;LS;LT;LU;LV;LY;MA;MC;MD;ME;MF;MG;MH;MK;ML;MM;MN;MO;MP;MQ;MR;MS;MT;MU;MV;MW;MX;MY;MZ;NA;NC;NE;NF;NG;NI;NL;NO;NP;NR;NU;NZ;OM;PA;PE;PF;PG;PH;PK;PL;PM;PN;PR;PS;PT;PW;PY;QA;RE;RO;RS;RU;RW;SA;SB;SC;SD;SE;SG;SH;SI;SJ;SK;SL;SM;SN;SO;SR;SS;ST;SV;SX;SY;SZ;TC;TD;TF;TG;TH;TJ;TK;TL;TM;TN;TO;TR;TT;TV;TW;TZ;UA;UG;UM;US;UY;UZ;VA;VC;VE;VG;VI;VN;VU;WF;WS;YE;YT;ZA;ZM;ZW,"Distribution availability, not artist nationality or audience geography.",medieval; music; nordic; drums; vikings; viking music; vikings music; folk music; pagan music; viking drums; vikings drums; drums of midgard,https://music.youtube.com/watch?v=GClPj0RmU6s,True,False,False,True,False,False,True,True,False,,OK,True,INDIFFERENT,False,https://i.ytimg.com/vi/GClPj0RmU6s/hqdefault.jpg?sqp=-oaymwEmCOADEOgC8quKqQMa8AEB-AH-CYAC0AWKAgwIABABGGUgZShlMA8=&rs=AOn4CLDNRHZWUxbujaJLRUdXZi2_CSP6fg,"[{""url"": ""https://i.ytimg.com/vi/GClPj0RmU6s/hqdefault.jpg?sqp=-oaymwEWCJADEOEBIAQqCggAEOADGC0guwJIWg&rs=AMzJL3n_2S_MoucaDHL1-m7GE_-QAoG0SQ"", ""width"": 400, ""height"": 225}]",,,missing album browse id,YouTube Music internal web API via ytmusicapi; personalized playlist fetched with named auth profile.,3.0,91.666667,6.279974081,cumulative views of the exact recommended YouTube video,1905347,6.279974081,High,High,"Frozen 83-song candidate pool captured 2026-06-29T19:44:09+00:00; Low <=7,505; lower buffer 7,506-19,756; Middle 19,757-243,792; upper buffer 243,793-1,223,809; High >=1,223,810 views.","Use view_count or popularity_log10_view_count for comparisons across users, weeks, and the original playlist. Do not use the within-Discover-Mix rank or percentile for cross-playlist comparisons because those are recalculated separately inside every 30-song mix.",Popularity is for the exact recommended video ID. Report or control video_type because this item is MUSIC_VIDEO_TYPE_OMV; ATV denotes an Art Track and OMV an official music video.
2026-07-23T11:21:53+00:00,user_05,Aysima Baba,Discover Mix,RDTMAK5uy_n_5IN6hzAOwdCnM8D8rzrs3vDl12UcZpA,https://music.youtube.com/playlist?list=RDTMAK5uy_n_5IN6hzAOwdCnM8D8rzrs3vDl12UcZpA,,,,52552,"Discover great music, picked just for you. Always updating.",4,dc9LMqeN9gc,https://music.youtube.com/watch?v=dc9LMqeN9gc,https://www.youtube.com/watch?v=dc9LMqeN9gc,Yakuza 4 - For Faith,monkboy98,UCS2FYVWce3vkQpJ4ARAD7oA,"[{""id"": ""UCS2FYVWce3vkQpJ4ARAD7oA"", ""name"": ""monkboy98"", ""subscribers_display"": """", ""subscribers_approx"": null, ""channel_views"": null, ""description"": """", ""song_shelf_count"": 0, ""album_shelf_count"": 0, ""single_shelf_count"": 0, ""video_shelf_count"": 0, ""lookup_error"": ""'musicImmersiveHeaderRenderer'""}]",UCS2FYVWce3vkQpJ4ARAD7oA,monkboy98,,,,,0,0,0,0,,,,,,,,,,,3:35,215,MUSIC_VIDEO_TYPE_UGC,882529,,ytmusicapi player response videoDetails.viewCount,,,Not exposed by this YouTube Music endpoint; official YouTube Data API credentials are required.,Gaming,2010-08-12T08:51:58-07:00,2010-08-12T08:51:58-07:00,monkboy98,UCS2FYVWce3vkQpJ4ARAD7oA,http://www.youtube.com/@monkboy98,249,AD;AE;AF;AG;AI;AL;AM;AO;AQ;AR;AS;AT;AU;AW;AX;AZ;BA;BB;BD;BE;BF;BG;BH;BI;BJ;BL;BM;BN;BO;BQ;BR;BS;BT;BV;BW;BY;BZ;CA;CC;CD;CF;CG;CH;CI;CK;CL;CM;CN;CO;CR;CU;CV;CW;CX;CY;CZ;DE;DJ;DK;DM;DO;DZ;EC;EE;EG;EH;ER;ES;ET;FI;FJ;FK;FM;FO;FR;GA;GB;GD;GE;GF;GG;GH;GI;GL;GM;GN;GP;GQ;GR;GS;GT;GU;GW;GY;HK;HM;HN;HR;HT;HU;ID;IE;IL;IM;IN;IO;IQ;IR;IS;IT;JE;JM;JO;JP;KE;KG;KH;KI;KM;KN;KP;KR;KW;KY;KZ;LA;LB;LC;LI;LK;LR;LS;LT;LU;LV;LY;MA;MC;MD;ME;MF;MG;MH;MK;ML;MM;MN;MO;MP;MQ;MR;MS;MT;MU;MV;MW;MX;MY;MZ;NA;NC;NE;NF;NG;NI;NL;NO;NP;NR;NU;NZ;OM;PA;PE;PF;PG;PH;PK;PL;PM;PN;PR;PS;PT;PW;PY;QA;RE;RO;RS;RU;RW;SA;SB;SC;SD;SE;SG;SH;SI;SJ;SK;SL;SM;SN;SO;SR;SS;ST;SV;SX;SY;SZ;TC;TD;TF;TG;TH;TJ;TK;TL;TM;TN;TO;TR;TT;TV;TW;TZ;UA;UG;UM;US;UY;UZ;VA;VC;VE;VG;VI;VN;VU;WF;WS;YE;YT;ZA;ZM;ZW,"Distribution availability, not artist nationality or audience geography.",Yakuza; ps3; sega; japan; Ryu; ga; Gotoku; game; music; theme; OST; soundtrack; Blu; Ray; sony,https://music.youtube.com/watch?v=dc9LMqeN9gc,True,False,False,True,False,False,True,True,False,,OK,True,INDIFFERENT,False,https://i.ytimg.com/vi/dc9LMqeN9gc/hqdefault.jpg,"[{""url"": ""https://i.ytimg.com/vi/dc9LMqeN9gc/hqdefault.jpg?sqp=-oaymwEWCJADEOEBIAQqCggAEOADGC0guwJIWg&rs=AMzJL3lXcb7xRdBauCddyFrVX2qyggrmWg"", ""width"": 400, ""height"": 225}]",,'musicImmersiveHeaderRenderer',missing album browse id,YouTube Music internal web API via ytmusicapi; personalized playlist fetched with named auth profile.,9.0,71.666667,5.945728985,cumulative views of the exact recommended YouTube video,882529,5.945728985,Upper buffer,Buffer,"Frozen 83-song candidate pool captured 2026-06-29T19:44:09+00:00; Low <=7,505; lower buffer 7,506-19,756; Middle 19,757-243,792; upper buffer 243,793-1,223,809; High >=1,223,810 views.","Use view_count or popularity_log10_view_count for comparisons across users, weeks, and the original playlist. Do not use the within-Discover-Mix rank or percentile for cross-playlist comparisons because those are recalculated separately inside every 30-song mix.",Popularity is for the exact recommended video ID. Report or control video_type because this item is MUSIC_VIDEO_TYPE_UGC; ATV denotes an Art Track and OMV an official music video.
2026-07-23T11:21:53+00:00,user_05,Aysima Baba,Discover Mix,RDTMAK5uy_n_5IN6hzAOwdCnM8D8rzrs3vDl12UcZpA,https://music.youtube.com/playlist?list=RDTMAK5uy_n_5IN6hzAOwdCnM8D8rzrs3vDl12UcZpA,,,,52552,"Discover great music, picked just for you. Always updating.",5,oXWvmJ8s-BA,https://music.youtube.com/watch?v=oXWvmJ8s-BA,https://www.youtube.com/watch?v=oXWvmJ8s-BA,STEEL/Warriors,TrackzSlime,UCX73p4y7MwQK3yNX83b3TQg,"[{""id"": ""UCX73p4y7MwQK3yNX83b3TQg"", ""name"": ""TrackzSlime"", ""subscribers_display"": """", ""subscribers_approx"": null, ""channel_views"": null, ""description"": """", ""song_shelf_count"": 0, ""album_shelf_count"": 0, ""single_shelf_count"": 0, ""video_shelf_count"": 0, ""lookup_error"": ""'musicImmersiveHeaderRenderer'""}]",UCX73p4y7MwQK3yNX83b3TQg,TrackzSlime,,,,,0,0,0,0,,,,,,,,,,,3:30,210,MUSIC_VIDEO_TYPE_UGC,220738,,ytmusicapi player response videoDetails.viewCount,,,Not exposed by this YouTube Music endpoint; official YouTube Data API credentials are required.,Music,2025-10-17T16:00:54-07:00,2025-10-17T16:00:54-07:00,TrackzSlime,UCX73p4y7MwQK3yNX83b3TQg,http://www.youtube.com/@TrackzSlime,249,AD;AE;AF;AG;AI;AL;AM;AO;AQ;AR;AS;AT;AU;AW;AX;AZ;BA;BB;BD;BE;BF;BG;BH;BI;BJ;BL;BM;BN;BO;BQ;BR;BS;BT;BV;BW;BY;BZ;CA;CC;CD;CF;CG;CH;CI;CK;CL;CM;CN;CO;CR;CU;CV;CW;CX;CY;CZ;DE;DJ;DK;DM;DO;DZ;EC;EE;EG;EH;ER;ES;ET;FI;FJ;FK;FM;FO;FR;GA;GB;GD;GE;GF;GG;GH;GI;GL;GM;GN;GP;GQ;GR;GS;GT;GU;GW;GY;HK;HM;HN;HR;HT;HU;ID;IE;IL;IM;IN;IO;IQ;IR;IS;IT;JE;JM;JO;JP;KE;KG;KH;KI;KM;KN;KP;KR;KW;KY;KZ;LA;LB;LC;LI;LK;LR;LS;LT;LU;LV;LY;MA;MC;MD;ME;MF;MG;MH;MK;ML;MM;MN;MO;MP;MQ;MR;MS;MT;MU;MV;MW;MX;MY;MZ;NA;NC;NE;NF;NG;NI;NL;NO;NP;NR;NU;NZ;OM;PA;PE;PF;PG;PH;PK;PL;PM;PN;PR;PS;PT;PW;PY;QA;RE;RO;RS;RU;RW;SA;SB;SC;SD;SE;SG;SH;SI;SJ;SK;SL;SM;SN;SO;SR;SS;ST;SV;SX;SY;SZ;TC;TD;TF;TG;TH;TJ;TK;TL;TM;TN;TO;TR;TT;TV;TW;TZ;UA;UG;UM;US;UY;UZ;VA;VC;VE;VG;VI;VN;VU;WF;WS;YE;YT;ZA;ZM;ZW,"Distribution availability, not artist nationality or audience geography.",#Breakcore; #DnB-Flip; #DnB; #GlitchFX,https://music.youtube.com/watch?v=oXWvmJ8s-BA,True,False,False,True,False,False,True,True,False,,OK,True,INDIFFERENT,False,https://i.ytimg.com/vi/oXWvmJ8s-BA/maxresdefault.jpg?sqp=-oaymwEmCIAKENAF8quKqQMa8AEB-AH-CYAC0AWKAgwIABABGGUgQyhMMA8=&rs=AOn4CLC1M8jKGQ8Q2SScX2TIO-USVrEbIw,"[{""url"": ""https://i.ytimg.com/vi/oXWvmJ8s-BA/hqdefault.jpg?sqp=-oaymwEWCJADEOEBIAQqCggAEOADGC0guwJIWg&rs=AMzJL3kdcXh4m8ymAKyeBhGyDf_4PYzO9Q"", ""width"": 400, ""height"": 225}]",,'musicImmersiveHeaderRenderer',missing album browse id,YouTube Music internal web API via ytmusicapi; personalized playlist fetched with named auth profile.,20.0,35.0,5.343877103,cumulative views of the exact recommended YouTube video,220738,5.343877103,Middle,Middle,"Frozen 83-song candidate pool captured 2026-06-29T19:44:09+00:00; Low <=7,505; lower buffer 7,506-19,756; Middle 19,757-243,792; upper buffer 243,793-1,223,809; High >=1,223,810 views.","Use view_count or popularity_log10_view_count for comparisons across users, weeks, and the original playlist. Do not use the within-Discover-Mix rank or percentile for cross-playlist comparisons because those are recalculated separately inside every 30-song mix.",Popularity is for the exact recommended video ID. Report or control video_type because this item is MUSIC_VIDEO_TYPE_UGC; ATV denotes an Art Track and OMV an official music video.
2026-07-23T11:21:53+00:00,user_05,Aysima Baba,Discover Mix,RDTMAK5uy_n_5IN6hzAOwdCnM8D8rzrs3vDl12UcZpA,https://music.youtube.com/playlist?list=RDTMAK5uy_n_5IN6hzAOwdCnM8D8rzrs3vDl12UcZpA,,,,52552,"Discover great music, picked just for you. Always updating.",6,cFWimHtbCMI,https://music.youtube.com/watch?v=cFWimHtbCMI,https://www.youtube.com/watch?v=cFWimHtbCMI,Cleopatra,Brandon Fiechter; Derek Fiechter,UCt9k4rjpL7Xx1POq3Gk43ew;UC8WXbLyHuD0BC9xc88FGY8A,"[{""id"": ""UCt9k4rjpL7Xx1POq3Gk43ew"", ""name"": ""Brandon Fiechter"", ""subscribers_display"": ""12.8K"", ""subscribers_approx"": 12800, ""channel_views"": null, ""description"": null, ""song_shelf_count"": 5, ""album_shelf_count"": 10, ""single_shelf_count"": 10, ""video_shelf_count"": 10, ""lookup_error"": """"}, {""id"": ""UC8WXbLyHuD0BC9xc88FGY8A"", ""name"": ""Derek Fiechter"", ""subscribers_display"": ""34.3K"", ""subscribers_approx"": 34300, ""channel_views"": null, ""description"": null, ""song_shelf_count"": 5, ""album_shelf_count"": 10, ""single_shelf_count"": 10, ""video_shelf_count"": 10, ""lookup_error"": """"}]",UCt9k4rjpL7Xx1POq3Gk43ew,Brandon Fiechter,12.8K,12800,,,5,10,10,10,MPREb_F1BuTN4CVRy,Desert Sands,Album,2014,18,"1 hour, 5 minutes",3905,OLAK5uy_nOkKMux8NHEwSveopwo2nzrBrA-Hgud9w,Various Artists,,3:37,217,MUSIC_VIDEO_TYPE_ATV,928934,,ytmusicapi player response videoDetails.viewCount,,,Not exposed by this YouTube Music endpoint; official YouTube Data API credentials are required.,Music,2014-12-25T07:38:15-08:00,2014-12-25T07:38:15-08:00,Brandon Fiechter - Topic,UCt9k4rjpL7Xx1POq3Gk43ew,http://www.youtube.com/channel/UCt9k4rjpL7Xx1POq3Gk43ew,238,AD;AE;AF;AG;AI;AL;AM;AO;AQ;AR;AS;AT;AU;AW;AX;AZ;BA;BB;BD;BE;BF;BG;BH;BI;BJ;BM;BN;BO;BR;BS;BT;BV;BW;BY;BZ;CA;CC;CD;CF;CG;CH;CI;CK;CL;CM;CN;CO;CR;CV;CX;CY;CZ;DE;DJ;DK;DM;DO;DZ;EC;EE;EG;EH;ER;ES;ET;FI;FJ;FK;FM;FO;FR;GA;GB;GD;GE;GF;GG;GH;GI;GL;GM;GN;GP;GQ;GR;GS;GT;GU;GW;GY;HK;HM;HN;HR;HT;HU;ID;IE;IL;IM;IN;IO;IQ;IS;IT;JE;JM;JO;JP;KE;KG;KH;KI;KM;KN;KR;KW;KY;KZ;LA;LB;LC;LI;LK;LR;LS;LT;LU;LV;LY;MA;MC;MD;ME;MG;MH;MK;ML;MM;MN;MO;MP;MQ;MR;MS;MT;MU;MV;MW;MX;MY;MZ;NA;NC;NE;NF;NG;NI;NL;NO;NP;NR;NU;NZ;OM;PA;PE;PF;PG;PH;PK;PL;PM;PN;PR;PS;PT;PW;PY;QA;RE;RO;RS;RU;RW;SA;SB;SC;SE;SG;SH;SI;SJ;SK;SL;SM;SN;SO;SR;ST;SV;SZ;TC;TD;TF;TG;TH;TJ;TK;TL;TM;TN;TO;TR;TT;TV;TW;TZ;UA;UG;UM;US;UY;UZ;VA;VC;VE;VG;VI;VN;VU;WF;WS;YE;YT;ZA;ZM;ZW,"Distribution availability, not artist nationality or audience geography.",Derek Fiechter & Brandon Fiechter; Desert Sands; Cleopatra,https://music.youtube.com/watch?v=cFWimHtbCMI,True,False,False,True,False,False,True,True,False,False,OK,True,INDIFFERENT,False,https://i.ytimg.com/vi/cFWimHtbCMI/maxresdefault.jpg,"[{""url"": ""https://yt3.googleusercontent.com/9ibTbDN6TquLi16uqXH6hrUSOIxUi9wy0iRD3Vc5iit4aKSDxwBya9n6gV91mYGP-TZd0k8FXwrTM1M=w60-h60-l90-rj"", ""width"": 60, ""height"": 60}, {""url"": ""https://yt3.googleusercontent.com/9ibTbDN6TquLi16uqXH6hrUSOIxUi9wy0iRD3Vc5iit4aKSDxwBya9n6gV91mYGP-TZd0k8FXwrTM1M=w120-h120-l90-rj"", ""width"": 120, ""height"": 120}]",,,,YouTube Music internal web API via ytmusicapi; personalized playlist fetched with named auth profile.,8.0,75.0,5.967984859,cumulative views of the exact recommended YouTube video,928934,5.967984859,Upper buffer,Buffer,"Frozen 83-song candidate pool captured 2026-06-29T19:44:09+00:00; Low <=7,505; lower buffer 7,506-19,756; Middle 19,757-243,792; upper buffer 243,793-1,223,809; High >=1,223,810 views.","Use view_count or popularity_log10_view_count for comparisons across users, weeks, and the original playlist. Do not use the within-Discover-Mix rank or percentile for cross-playlist comparisons because those are recalculated separately inside every 30-song mix.",Popularity is for the exact recommended video ID. Report or control video_type because this item is MUSIC_VIDEO_TYPE_ATV; ATV denotes an Art Track and OMV an official music video.
2026-07-23T11:21:53+00:00,user_05,Aysima Baba,Discover Mix,RDTMAK5uy_n_5IN6hzAOwdCnM8D8rzrs3vDl12UcZpA,https://music.youtube.com/playlist?list=RDTMAK5uy_n_5IN6hzAOwdCnM8D8rzrs3vDl12UcZpA,,,,52552,"Discover great music, picked just for you. Always updating.",7,Wj8UKkMG1L0,https://music.youtube.com/watch?v=Wj8UKkMG1L0,https://www.youtube.com/watch?v=Wj8UKkMG1L0,Neanderthal,Malt,UCRhcS75N74HlhdJlxJR-Pqw,"[{""id"": ""UCRhcS75N74HlhdJlxJR-Pqw"", ""name"": ""Malt"", ""subscribers_display"": ""2.06K"", ""subscribers_approx"": 2060, ""channel_views"": null, ""description"": null, ""song_shelf_count"": 5, ""album_shelf_count"": 2, ""single_shelf_count"": 2, ""video_shelf_count"": 10, ""lookup_error"": """"}]",UCRhcS75N74HlhdJlxJR-Pqw,Malt,2.06K,2060,,,5,2,2,10,MPREb_S1BNU2wM40g,Arıza,Album,2010,11,37 minutes,2242,OLAK5uy_lMbQy5uoUYZTSyRSThT330poUiC1Pz948,Malt,,3:12,192,MUSIC_VIDEO_TYPE_ATV,102651,,ytmusicapi player response videoDetails.viewCount,,,Not exposed by this YouTube Music endpoint; official YouTube Data API credentials are required.,Music,2025-01-09T17:01:24-08:00,2025-01-09T17:01:24-08:00,Malt - Topic,UCRhcS75N74HlhdJlxJR-Pqw,http://www.youtube.com/channel/UCRhcS75N74HlhdJlxJR-Pqw,249,AD;AE;AF;AG;AI;AL;AM;AO;AQ;AR;AS;AT;AU;AW;AX;AZ;BA;BB;BD;BE;BF;BG;BH;BI;BJ;BL;BM;BN;BO;BQ;BR;BS;BT;BV;BW;BY;BZ;CA;CC;CD;CF;CG;CH;CI;CK;CL;CM;CN;CO;CR;CU;CV;CW;CX;CY;CZ;DE;DJ;DK;DM;DO;DZ;EC;EE;EG;EH;ER;ES;ET;FI;FJ;FK;FM;FO;FR;GA;GB;GD;GE;GF;GG;GH;GI;GL;GM;GN;GP;GQ;GR;GS;GT;GU;GW;GY;HK;HM;HN;HR;HT;HU;ID;IE;IL;IM;IN;IO;IQ;IR;IS;IT;JE;JM;JO;JP;KE;KG;KH;KI;KM;KN;KP;KR;KW;KY;KZ;LA;LB;LC;LI;LK;LR;LS;LT;LU;LV;LY;MA;MC;MD;ME;MF;MG;MH;MK;ML;MM;MN;MO;MP;MQ;MR;MS;MT;MU;MV;MW;MX;MY;MZ;NA;NC;NE;NF;NG;NI;NL;NO;NP;NR;NU;NZ;OM;PA;PE;PF;PG;PH;PK;PL;PM;PN;PR;PS;PT;PW;PY;QA;RE;RO;RS;RU;RW;SA;SB;SC;SD;SE;SG;SH;SI;SJ;SK;SL;SM;SN;SO;SR;SS;ST;SV;SX;SY;SZ;TC;TD;TF;TG;TH;TJ;TK;TL;TM;TN;TO;TR;TT;TV;TW;TZ;UA;UG;UM;US;UY;UZ;VA;VC;VE;VG;VI;VN;VU;WF;WS;YE;YT;ZA;ZM;ZW,"Distribution availability, not artist nationality or audience geography.",Malt; Arıza; Neanderthal,https://music.youtube.com/watch?v=Wj8UKkMG1L0,True,False,False,True,False,False,True,True,False,False,OK,True,INDIFFERENT,False,https://i.ytimg.com/vi/Wj8UKkMG1L0/maxresdefault.jpg,"[{""url"": ""https://yt3.googleusercontent.com/ME2vkkIjTCWvSxr1Ec5ioIUmRj9mXWELur610Jn-8E6U6r6IaSA44KmlXo9ruL9_7o4ZKUKhW8C5XxE=w60-h60-l90-rj"", ""width"": 60, ""height"": 60}, {""url"": ""https://yt3.googleusercontent.com/ME2vkkIjTCWvSxr1Ec5ioIUmRj9mXWELur610Jn-8E6U6r6IaSA44KmlXo9ruL9_7o4ZKUKhW8C5XxE=w120-h120-l90-rj"", ""width"": 120, ""height"": 120}]",,,,YouTube Music internal web API via ytmusicapi; personalized playlist fetched with named auth profile.,26.0,15.0,5.011363185,cumulative views of the exact recommended YouTube video,102651,5.011363185,Middle,Middle,"Frozen 83-song candidate pool captured 2026-06-29T19:44:09+00:00; Low <=7,505; lower buffer 7,506-19,756; Middle 19,757-243,792; upper buffer 243,793-1,223,809; High >=1,223,810 views.","Use view_count or popularity_log10_view_count for comparisons across users, weeks, and the original playlist. Do not use the within-Discover-Mix rank or percentile for cross-playlist comparisons because those are recalculated separately inside every 30-song mix.",Popularity is for the exact recommended video ID. Report or control video_type because this item is MUSIC_VIDEO_TYPE_ATV; ATV denotes an Art Track and OMV an official music video.
2026-07-23T11:21:53+00:00,user_05,Aysima Baba,Discover Mix,RDTMAK5uy_n_5IN6hzAOwdCnM8D8rzrs3vDl12UcZpA,https://music.youtube.com/playlist?list=RDTMAK5uy_n_5IN6hzAOwdCnM8D8rzrs3vDl12UcZpA,,,,52552,"Discover great music, picked just for you. Always updating.",8,BigSJvJcRc0,https://music.youtube.com/watch?v=BigSJvJcRc0,https://www.youtube.com/watch?v=BigSJvJcRc0,Y.O.K. (live),Görkem Karabudak,UCqOisHdza1IY95ObO5wKmbw,"[{""id"": ""UCqOisHdza1IY95ObO5wKmbw"", ""name"": ""Görkem Karabudak"", ""subscribers_display"": ""6.43K"", ""subscribers_approx"": 6430, ""channel_views"": null, ""description"": null, ""song_shelf_count"": 5, ""album_shelf_count"": 2, ""single_shelf_count"": 10, ""video_shelf_count"": 8, ""lookup_error"": """"}]",UCqOisHdza1IY95ObO5wKmbw,Görkem Karabudak,6.43K,6430,,,5,2,10,8,,,,,,,,,,,4:45,285,MUSIC_VIDEO_TYPE_OMV,393287,,ytmusicapi player response videoDetails.viewCount,,,Not exposed by this YouTube Music endpoint; official YouTube Data API credentials are required.,Music,2025-09-07T09:00:06-07:00,2025-09-07T09:00:06-07:00,Görkem Karabudak,UCcmrIx53LWBn5IIaU3M-jyw,http://www.youtube.com/@gorkemkarabudak6780,249,AD;AE;AF;AG;AI;AL;AM;AO;AQ;AR;AS;AT;AU;AW;AX;AZ;BA;BB;BD;BE;BF;BG;BH;BI;BJ;BL;BM;BN;BO;BQ;BR;BS;BT;BV;BW;BY;BZ;CA;CC;CD;CF;CG;CH;CI;CK;CL;CM;CN;CO;CR;CU;CV;CW;CX;CY;CZ;DE;DJ;DK;DM;DO;DZ;EC;EE;EG;EH;ER;ES;ET;FI;FJ;FK;FM;FO;FR;GA;GB;GD;GE;GF;GG;GH;GI;GL;GM;GN;GP;GQ;GR;GS;GT;GU;GW;GY;HK;HM;HN;HR;HT;HU;ID;IE;IL;IM;IN;IO;IQ;IR;IS;IT;JE;JM;JO;JP;KE;KG;KH;KI;KM;KN;KP;KR;KW;KY;KZ;LA;LB;LC;LI;LK;LR;LS;LT;LU;LV;LY;MA;MC;MD;ME;MF;MG;MH;MK;ML;MM;MN;MO;MP;MQ;MR;MS;MT;MU;MV;MW;MX;MY;MZ;NA;NC;NE;NF;NG;NI;NL;NO;NP;NR;NU;NZ;OM;PA;PE;PF;PG;PH;PK;PL;PM;PN;PR;PS;PT;PW;PY;QA;RE;RO;RS;RU;RW;SA;SB;SC;SD;SE;SG;SH;SI;SJ;SK;SL;SM;SN;SO;SR;SS;ST;SV;SX;SY;SZ;TC;TD;TF;TG;TH;TJ;TK;TL;TM;TN;TO;TR;TT;TV;TW;TZ;UA;UG;UM;US;UY;UZ;VA;VC;VE;VG;VI;VN;VU;WF;WS;YE;YT;ZA;ZM;ZW,"Distribution availability, not artist nationality or audience geography.",,https://music.youtube.com/watch?v=BigSJvJcRc0,True,False,False,True,False,False,True,True,False,,OK,True,INDIFFERENT,False,https://i.ytimg.com/vi/BigSJvJcRc0/hqdefault.jpg,"[{""url"": ""https://i.ytimg.com/vi/BigSJvJcRc0/hqdefault.jpg?sqp=-oaymwEWCJADEOEBIAQqCggAEOADGC0guwJIWg&rs=AMzJL3kIPVr3XyPxeoF8buSjTVHSadsmrg"", ""width"": 400, ""height"": 225}]",,,missing album browse id,YouTube Music internal web API via ytmusicapi; personalized playlist fetched with named auth profile.,16.0,48.333333,5.594709591,cumulative views of the exact recommended YouTube video,393287,5.594709591,Upper buffer,Buffer,"Frozen 83-song candidate pool captured 2026-06-29T19:44:09+00:00; Low <=7,505; lower buffer 7,506-19,756; Middle 19,757-243,792; upper buffer 243,793-1,223,809; High >=1,223,810 views.","Use view_count or popularity_log10_view_count for comparisons across users, weeks, and the original playlist. Do not use the within-Discover-Mix rank or percentile for cross-playlist comparisons because those are recalculated separately inside every 30-song mix.",Popularity is for the exact recommended video ID. Report or control video_type because this item is MUSIC_VIDEO_TYPE_OMV; ATV denotes an Art Track and OMV an official music video.
2026-07-23T11:21:53+00:00,user_05,Aysima Baba,Discover Mix,RDTMAK5uy_n_5IN6hzAOwdCnM8D8rzrs3vDl12UcZpA,https://music.youtube.com/playlist?list=RDTMAK5uy_n_5IN6hzAOwdCnM8D8rzrs3vDl12UcZpA,,,,52552,"Discover great music, picked just for you. Always updating.",9,7RW8n4iXZbA,https://music.youtube.com/watch?v=7RW8n4iXZbA,https://www.youtube.com/watch?v=7RW8n4iXZbA,Bir Derdim Var,Mor ve Ötesi,UCNgorPVroeaCRpC8INDNcdg,"[{""id"": ""UCNgorPVroeaCRpC8INDNcdg"", ""name"": ""Mor ve Ötesi"", ""subscribers_display"": ""314K"", ""subscribers_approx"": 314000, ""channel_views"": 682354928, ""description"": ""Since its 1996 debut \""Şehir\"", mor ve ötesi has been a powerhouse of modern Turkish rock and has inspired generations of Turkish musicians with its songwriting and arrangement skills. Throughout two decades the band has released 7 studio albums, numerous singles, an award winning motion picture soundtrack and appeared in hundreds of live shows both in Turkey and abroad. Their 4th album \""Dünya Yalan Söylüyor\"" (2004) represents the band’s transition from alternative to mainstream and is widely regarded as a hallmark of the Turkish rock scene. mor ve ötesi represented Turkey in Eurovision Song Contest 2008 in Belgrade, published two songs in English in 2010 and celebrated its 20 years of recording in 2016 with \""Kayıtlar 2005-2016\"" - two CD box-sets that include nearly all recorded material they’ve ever produced. 2018 saw the release of the band's cover version of \""Sultan-ı Yegâh\"" - an iconic song originally composed by Ergüder Yoldaş in the late 70's widely recognized as one of the most historically significant Turkish popular music pieces. Roughly a year after this single, the band put together its first live album \""Canlı Senfonik - Aya İrini\"" which captures the band's live performance with a symphonic orchestra in the historic Byzantine church of Hagia Irene in Istanbul. With their distinctive sound and extra-ordinary aura, mor ve ötesi remains as one of the brightest voices in the Turkish music scene since day one."", ""song_shelf_count"": 5, ""album_shelf_count"": 10, ""single_shelf_count"": 10, ""video_shelf_count"": 10, ""lookup_error"": """"}]",UCNgorPVroeaCRpC8INDNcdg,Mor ve Ötesi,314K,314000,682354928,"Since its 1996 debut ""Şehir"", mor ve ötesi has been a powerhouse of modern Turkish rock and has inspired generations of Turkish musicians with its songwriting and arrangement skills. Throughout two decades the band has released 7 studio albums, numerous singles, an award winning motion picture soundtrack and appeared in hundreds of live shows both in Turkey and abroad. Their 4th album ""Dünya Yalan Söylüyor"" (2004) represents the band’s transition from alternative to mainstream and is widely regarded as a hallmark of the Turkish rock scene. mor ve ötesi represented Turkey in Eurovision Song Contest 2008 in Belgrade, published two songs in English in 2010 and celebrated its 20 years of recording in 2016 with ""Kayıtlar 2005-2016"" - two CD box-sets that include nearly all recorded material they’ve ever produced. 2018 saw the release of the band's cover version of ""Sultan-ı Yegâh"" - an iconic song originally composed by Ergüder Yoldaş in the late 70's widely recognized as one of the most historically significant Turkish popular music pieces. Roughly a year after this single, the band put together its first live album ""Canlı Senfonik - Aya İrini"" which captures the band's live performance with a symphonic orchestra in the historic Byzantine church of Hagia Irene in Istanbul. With their distinctive sound and extra-ordinary aura, mor ve ötesi remains as one of the brightest voices in the Turkish music scene since day one.",5,10,10,10,,,,,,,,,,,3:22,202,MUSIC_VIDEO_TYPE_OMV,164450699,,ytmusicapi player response videoDetails.viewCount,,,Not exposed by this YouTube Music endpoint; official YouTube Data API credentials are required.,Music,2014-03-04T00:49:56-08:00,2014-03-04T00:49:56-08:00,mor ve ötesi,UCqvzFW0qco9B_9rirRoRldg,http://www.youtube.com/@morveotesi,249,AD;AE;AF;AG;AI;AL;AM;AO;AQ;AR;AS;AT;AU;AW;AX;AZ;BA;BB;BD;BE;BF;BG;BH;BI;BJ;BL;BM;BN;BO;BQ;BR;BS;BT;BV;BW;BY;BZ;CA;CC;CD;CF;CG;CH;CI;CK;CL;CM;CN;CO;CR;CU;CV;CW;CX;CY;CZ;DE;DJ;DK;DM;DO;DZ;EC;EE;EG;EH;ER;ES;ET;FI;FJ;FK;FM;FO;FR;GA;GB;GD;GE;GF;GG;GH;GI;GL;GM;GN;GP;GQ;GR;GS;GT;GU;GW;GY;HK;HM;HN;HR;HT;HU;ID;IE;IL;IM;IN;IO;IQ;IR;IS;IT;JE;JM;JO;JP;KE;KG;KH;KI;KM;KN;KP;KR;KW;KY;KZ;LA;LB;LC;LI;LK;LR;LS;LT;LU;LV;LY;MA;MC;MD;ME;MF;MG;MH;MK;ML;MM;MN;MO;MP;MQ;MR;MS;MT;MU;MV;MW;MX;MY;MZ;NA;NC;NE;NF;NG;NI;NL;NO;NP;NR;NU;NZ;OM;PA;PE;PF;PG;PH;PK;PL;PM;PN;PR;PS;PT;PW;PY;QA;RE;RO;RS;RU;RW;SA;SB;SC;SD;SE;SG;SH;SI;SJ;SK;SL;SM;SN;SO;SR;SS;ST;SV;SX;SY;SZ;TC;TD;TF;TG;TH;TJ;TK;TL;TM;TN;TO;TR;TT;TV;TW;TZ;UA;UG;UM;US;UY;UZ;VA;VC;VE;VG;VI;VN;VU;WF;WS;YE;YT;ZA;ZM;ZW,"Distribution availability, not artist nationality or audience geography.",mor ve ötesi; mor ve otesi; harun tekin; kerem kabadayı; burak güven; kerem özyeğen; kerem kabadayi; kerem ozyegen; rakun müzik; türkçe rock; müzik videosu; ful albüm; albüm dinle; mvö; mvo; turkish rock; turska muzika; türk musiqisi; τουρκική μουσική; турецкая рок-музыка; موسيقى تركية; موسيقى الروك التركي; música rock turca; турецька рок-музика; トルコのロックバンド; rakun; rakun music; murad küçük; mustafa hakkında herşey; altın portakal; çağan ırmak,https://music.youtube.com/watch?v=7RW8n4iXZbA,True,False,False,True,False,False,True,True,False,,OK,True,INDIFFERENT,False,https://i.ytimg.com/vi/7RW8n4iXZbA/hqdefault.jpg?sqp=-oaymwEmCOADEOgC8quKqQMa8AEB-AH-BIAC4AOKAgwIABABGFsgZShJMA8=&rs=AOn4CLCfV0G0D6tkvPOaeBQP186lRYnwLw,"[{""url"": ""https://i.ytimg.com/vi/7RW8n4iXZbA/hqdefault.jpg?sqp=-oaymwEWCJADEOEBIAQqCggAEOADGC0guwJIWg&rs=AMzJL3lNLbOOoR05cnErtjUuXtEMTbFylw"", ""width"": 400, ""height"": 225}]",,,missing album browse id,YouTube Music internal web API via ytmusicapi; personalized playlist fetched with named auth profile.,1.0,98.333333,8.216035724,cumulative views of the exact recommended YouTube video,164450699,8.216035724,High,High,"Frozen 83-song candidate pool captured 2026-06-29T19:44:09+00:00; Low <=7,505; lower buffer 7,506-19,756; Middle 19,757-243,792; upper buffer 243,793-1,223,809; High >=1,223,810 views.","Use view_count or popularity_log10_view_count for comparisons across users, weeks, and the original playlist. Do not use the within-Discover-Mix rank or percentile for cross-playlist comparisons because those are recalculated separately inside every 30-song mix.",Popularity is for the exact recommended video ID. Report or control video_type because this item is MUSIC_VIDEO_TYPE_OMV; ATV denotes an Art Track and OMV an official music video.
2026-07-23T11:21:53+00:00,user_05,Aysima Baba,Discover Mix,RDTMAK5uy_n_5IN6hzAOwdCnM8D8rzrs3vDl12UcZpA,https://music.youtube.com/playlist?list=RDTMAK5uy_n_5IN6hzAOwdCnM8D8rzrs3vDl12UcZpA,,,,52552,"Discover great music, picked just for you. Always updating.",10,JjFeQ9ggKYk,https://music.youtube.com/watch?v=JjFeQ9ggKYk,https://www.youtube.com/watch?v=JjFeQ9ggKYk,Ash Of Eternal Flame,Innerwish,UCv72Cf_a0iP6vHNrEogD-Gw,"[{""id"": ""UCv72Cf_a0iP6vHNrEogD-Gw"", ""name"": ""Innerwish"", ""subscribers_display"": ""4.66K"", ""subscribers_approx"": 4660, ""channel_views"": 2337660, ""description"": ""The story of INNERWISH began in 1995, in Athens, Greece and in their 30 years of existence they managed not\nonly to be one of the most important metal bands from Greece, but also establishing themselves as a\nrespectful band in the European melodic metal scene."", ""song_shelf_count"": 5, ""album_shelf_count"": 6, ""single_shelf_count"": 6, ""video_shelf_count"": 3, ""lookup_error"": """"}]",UCv72Cf_a0iP6vHNrEogD-Gw,Innerwish,4.66K,4660,2337660,"The story of INNERWISH began in 1995, in Athens, Greece and in their 30 years of existence they managed not
only to be one of the most important metal bands from Greece, but also establishing themselves as a
respectful band in the European melodic metal scene.",5,6,6,3,MPREb_Z3poUosYSFV,Ash Of Eternal Flame,Album,2024,11,"1 hour, 3 minutes",3789,OLAK5uy_l96GXPPZeMtvYgdDuagGfDphpZOM9jkV4,Innerwish,,7:24,444,MUSIC_VIDEO_TYPE_ATV,27669,,ytmusicapi player response videoDetails.viewCount,,,Not exposed by this YouTube Music endpoint; official YouTube Data API credentials are required.,Music,2024-11-07T02:03:42-08:00,2024-11-07T02:03:42-08:00,InnerWish - Topic,UCv72Cf_a0iP6vHNrEogD-Gw,http://www.youtube.com/channel/UCv72Cf_a0iP6vHNrEogD-Gw,122,AE;AR;AS;AT;AU;AW;AZ;BA;BD;BE;BG;BH;BM;BO;BR;BY;CA;CH;CL;CO;CR;CY;CZ;DE;DK;DO;DZ;EC;EE;EG;ES;FI;FR;GB;GE;GF;GH;GP;GR;GT;GU;HK;HN;HR;HU;ID;IE;IL;IN;IQ;IS;IT;JM;JO;JP;KE;KH;KR;KW;KY;KZ;LA;LB;LI;LK;LT;LU;LV;LY;MA;MK;MP;MQ;MT;MX;MY;NC;NG;NI;NL;NO;NP;NZ;OM;PA;PE;PF;PG;PH;PK;PL;PR;PT;PY;QA;RE;RO;RS;SA;SE;SG;SI;SK;SN;SV;TC;TH;TN;TR;TW;TZ;UA;UG;US;UY;VE;VI;VN;YE;YT;ZA;ZW,"Distribution availability, not artist nationality or audience geography.",Innerwish; Thimios Krikos; Ash Of Eternal Flame,https://music.youtube.com/watch?v=JjFeQ9ggKYk,True,False,False,True,False,False,True,True,False,False,OK,True,INDIFFERENT,False,https://i.ytimg.com/vi/JjFeQ9ggKYk/maxresdefault.jpg,"[{""url"": ""https://yt3.googleusercontent.com/Ezd4Dw7myHuILr5XToy77XXb2wyJBn0ZtAoQOKc4XjONLOfbw6Y9lVe_NypaWmTzoXvummGKGktxCFg=w60-h60-l90-rj"", ""width"": 60, ""height"": 60}, {""url"": ""https://yt3.googleusercontent.com/Ezd4Dw7myHuILr5XToy77XXb2wyJBn0ZtAoQOKc4XjONLOfbw6Y9lVe_NypaWmTzoXvummGKGktxCFg=w120-h120-l90-rj"", ""width"": 120, ""height"": 120}]",,,,YouTube Music internal web API via ytmusicapi; personalized playlist fetched with named auth profile.,30.0,1.666667,4.441993463,cumulative views of the exact recommended YouTube video,27669,4.441993463,Middle,Middle,"Frozen 83-song candidate pool captured 2026-06-29T19:44:09+00:00; Low <=7,505; lower buffer 7,506-19,756; Middle 19,757-243,792; upper buffer 243,793-1,223,809; High >=1,223,810 views.","Use view_count or popularity_log10_view_count for comparisons across users, weeks, and the original playlist. Do not use the within-Discover-Mix rank or percentile for cross-playlist comparisons because those are recalculated separately inside every 30-song mix.",Popularity is for the exact recommended video ID. Report or control video_type because this item is MUSIC_VIDEO_TYPE_ATV; ATV denotes an Art Track and OMV an official music video.
2026-07-23T11:21:53+00:00,user_05,Aysima Baba,Discover Mix,RDTMAK5uy_n_5IN6hzAOwdCnM8D8rzrs3vDl12UcZpA,https://music.youtube.com/playlist?list=RDTMAK5uy_n_5IN6hzAOwdCnM8D8rzrs3vDl12UcZpA,,,,52552,"Discover great music, picked just for you. Always updating.",11,h0ytFDJjKmg,https://music.youtube.com/watch?v=h0ytFDJjKmg,https://www.youtube.com/watch?v=h0ytFDJjKmg,Corpse Party BCR (PSP) Chapter 1 Main Theme,Lia Raz Lovelace,UC6_9TkiveigawwsY5hdRYCA,"[{""id"": ""UC6_9TkiveigawwsY5hdRYCA"", ""name"": ""Lia Raz Lovelace"", ""subscribers_display"": """", ""subscribers_approx"": null, ""channel_views"": null, ""description"": """", ""song_shelf_count"": 0, ""album_shelf_count"": 0, ""single_shelf_count"": 0, ""video_shelf_count"": 0, ""lookup_error"": ""'musicImmersiveHeaderRenderer'""}]",UC6_9TkiveigawwsY5hdRYCA,Lia Raz Lovelace,,,,,0,0,0,0,,,,,,,,,,,2:47,167,MUSIC_VIDEO_TYPE_UGC,1382670,,ytmusicapi player response videoDetails.viewCount,,,Not exposed by this YouTube Music endpoint; official YouTube Data API credentials are required.,Music,2011-12-21T18:22:54-08:00,2011-12-21T18:22:54-08:00,Lia Raz Lovelace,UC6_9TkiveigawwsY5hdRYCA,http://www.youtube.com/@LiaRazLovelace,249,AD;AE;AF;AG;AI;AL;AM;AO;AQ;AR;AS;AT;AU;AW;AX;AZ;BA;BB;BD;BE;BF;BG;BH;BI;BJ;BL;BM;BN;BO;BQ;BR;BS;BT;BV;BW;BY;BZ;CA;CC;CD;CF;CG;CH;CI;CK;CL;CM;CN;CO;CR;CU;CV;CW;CX;CY;CZ;DE;DJ;DK;DM;DO;DZ;EC;EE;EG;EH;ER;ES;ET;FI;FJ;FK;FM;FO;FR;GA;GB;GD;GE;GF;GG;GH;GI;GL;GM;GN;GP;GQ;GR;GS;GT;GU;GW;GY;HK;HM;HN;HR;HT;HU;ID;IE;IL;IM;IN;IO;IQ;IR;IS;IT;JE;JM;JO;JP;KE;KG;KH;KI;KM;KN;KP;KR;KW;KY;KZ;LA;LB;LC;LI;LK;LR;LS;LT;LU;LV;LY;MA;MC;MD;ME;MF;MG;MH;MK;ML;MM;MN;MO;MP;MQ;MR;MS;MT;MU;MV;MW;MX;MY;MZ;NA;NC;NE;NF;NG;NI;NL;NO;NP;NR;NU;NZ;OM;PA;PE;PF;PG;PH;PK;PL;PM;PN;PR;PS;PT;PW;PY;QA;RE;RO;RS;RU;RW;SA;SB;SC;SD;SE;SG;SH;SI;SJ;SK;SL;SM;SN;SO;SR;SS;ST;SV;SX;SY;SZ;TC;TD;TF;TG;TH;TJ;TK;TL;TM;TN;TO;TR;TT;TV;TW;TZ;UA;UG;UM;US;UY;UZ;VA;VC;VE;VG;VI;VN;VU;WF;WS;YE;YT;ZA;ZM;ZW,"Distribution availability, not artist nationality or audience geography.",Corpse Party; コープスパーティー; music,https://music.youtube.com/watch?v=h0ytFDJjKmg,True,False,False,True,False,False,True,True,False,,OK,True,INDIFFERENT,False,https://i.ytimg.com/vi/h0ytFDJjKmg/hqdefault.jpg?sqp=-oaymwEmCOADEOgC8quKqQMa8AEB-AH-BIAC4AOKAgwIABABGH8gOChKMA8=&rs=AOn4CLBs2nqFupG6SxizpO8HYFPIRJEWKw,"[{""url"": ""https://i.ytimg.com/vi/h0ytFDJjKmg/hqdefault.jpg?sqp=-oaymwEWCJADEOEBIAQqCggAEOADGC0guwJIWg&rs=AMzJL3kdBSaPnt8jb2cSP2WB5GXEe4xkjg"", ""width"": 400, ""height"": 225}]",,'musicImmersiveHeaderRenderer',missing album browse id,YouTube Music internal web API via ytmusicapi; personalized playlist fetched with named auth profile.,5.0,85.0,6.14071854,cumulative views of the exact recommended YouTube video,1382670,6.14071854,High,High,"Frozen 83-song candidate pool captured 2026-06-29T19:44:09+00:00; Low <=7,505; lower buffer 7,506-19,756; Middle 19,757-243,792; upper buffer 243,793-1,223,809; High >=1,223,810 views.","Use view_count or popularity_log10_view_count for comparisons across users, weeks, and the original playlist. Do not use the within-Discover-Mix rank or percentile for cross-playlist comparisons because those are recalculated separately inside every 30-song mix.",Popularity is for the exact recommended video ID. Report or control video_type because this item is MUSIC_VIDEO_TYPE_UGC; ATV denotes an Art Track and OMV an official music video.
2026-07-23T11:21:53+00:00,user_05,Aysima Baba,Discover Mix,RDTMAK5uy_n_5IN6hzAOwdCnM8D8rzrs3vDl12UcZpA,https://music.youtube.com/playlist?list=RDTMAK5uy_n_5IN6hzAOwdCnM8D8rzrs3vDl12UcZpA,,,,52552,"Discover great music, picked just for you. Always updating.",12,h9Uqz0DL1L8,https://music.youtube.com/watch?v=h9Uqz0DL1L8,https://www.youtube.com/watch?v=h9Uqz0DL1L8,A Taste Of Things To Come,George S. Clinton,UCRznRbFFRPuPHn9anknNslw,"[{""id"": ""UCRznRbFFRPuPHn9anknNslw"", ""name"": ""George S. Clinton"", ""subscribers_display"": ""1.56K"", ""subscribers_approx"": 1560, ""channel_views"": null, ""description"": null, ""song_shelf_count"": 5, ""album_shelf_count"": 9, ""single_shelf_count"": 0, ""video_shelf_count"": 10, ""lookup_error"": """"}]",UCRznRbFFRPuPHn9anknNslw,George S. Clinton,1.56K,1560,,,5,9,0,10,MPREb_yPN9OMt4sJq,Mortal Kombat (Original Motion Picture Score),Album,1995,26,42 minutes,2545,OLAK5uy_k_xZ5cCA75gK1ZNC7TIxqy476qzQd6Org,George S. Clinton,"Mortal Kombat: Original Motion Picture Score is the instrumental score album released to accompany the Mortal Kombat film. The music was composed by George S. Clinton with additional guitar work provided by Buckethead and drums by Brain.
Clinton based his main themes on Japanese taiko drums, emphasizing the film's mystical atmosphere and Asian-influenced style. He used Shakuhachi flute, didgeridoos and a Tuvan throat singer to give the film a more exotic musical landscape than following traditional orchestral scores.
In a 2015 interview, Clinton said,
For the first test screening they had put a temporary score under it that was mainly traditional orchestral action music, and it became clear that the target audience, which was used to hearing techno music blasting during game play, was not happy with that approach. So that gave me the opportunity to come up with an approach I called “Techno-Taiko-Orcho.” My score would have a techno core with a layer of Asian ethnic instruments surrounded by an orchestra. But not just a regular orchestra, a Testosterone Orchestra. No treble clef instruments. Just 18 violas, 14 celli, six basses and lots of low brass — and percussion.

From Wikipedia (",1:23,83,MUSIC_VIDEO_TYPE_ATV,89568,,ytmusicapi player response videoDetails.viewCount,,,Not exposed by this YouTube Music endpoint; official YouTube Data API credentials are required.,Music,2021-02-11T02:16:23-08:00,2021-02-11T02:16:23-08:00,George S. Clinton - Topic,UCRznRbFFRPuPHn9anknNslw,http://www.youtube.com/channel/UCRznRbFFRPuPHn9anknNslw,123,AE;AR;AS;AT;AU;AW;AZ;BA;BD;BE;BG;BH;BM;BO;BR;BY;CA;CH;CL;CO;CR;CY;CZ;DE;DK;DO;DZ;EC;EE;EG;ES;FI;FR;GB;GE;GF;GH;GP;GR;GT;GU;HK;HN;HR;HU;ID;IE;IL;IN;IQ;IS;IT;JM;JO;JP;KE;KH;KR;KW;KY;KZ;LA;LB;LI;LK;LT;LU;LV;LY;MA;MK;MP;MQ;MT;MX;MY;NC;NG;NI;NL;NO;NP;NZ;OM;PA;PE;PF;PG;PH;PK;PL;PR;PT;PY;QA;RE;RO;RS;RU;SA;SE;SG;SI;SK;SN;SV;TC;TH;TN;TR;TW;TZ;UA;UG;US;UY;VE;VI;VN;YE;YT;ZA;ZW,"Distribution availability, not artist nationality or audience geography.",George S. Clinton; ジョージＳクリントン; GEORGE S. CLINTON; Mortal Kombat; A Taste Of Things To Come,https://music.youtube.com/watch?v=h9Uqz0DL1L8,True,False,False,True,False,False,True,True,False,False,OK,True,INDIFFERENT,False,https://i.ytimg.com/vi/h9Uqz0DL1L8/maxresdefault.jpg,"[{""url"": ""https://yt3.googleusercontent.com/2R4cTSBHssg_IbTWByLOVVdh_oGHby3jhL7PpyIlYJC1n4_GQWUrd31cgnyUZpYly2G5_2ZNyXR9juiY=w60-h60-l90-rj"", ""width"": 60, ""height"": 60}, {""url"": ""https://yt3.googleusercontent.com/2R4cTSBHssg_IbTWByLOVVdh_oGHby3jhL7PpyIlYJC1n4_GQWUrd31cgnyUZpYly2G5_2ZNyXR9juiY=w120-h120-l90-rj"", ""width"": 120, ""height"": 120}]",,,,YouTube Music internal web API via ytmusicapi; personalized playlist fetched with named auth profile.,27.0,11.666667,4.952152877,cumulative views of the exact recommended YouTube video,89568,4.952152877,Middle,Middle,"Frozen 83-song candidate pool captured 2026-06-29T19:44:09+00:00; Low <=7,505; lower buffer 7,506-19,756; Middle 19,757-243,792; upper buffer 243,793-1,223,809; High >=1,223,810 views.","Use view_count or popularity_log10_view_count for comparisons across users, weeks, and the original playlist. Do not use the within-Discover-Mix rank or percentile for cross-playlist comparisons because those are recalculated separately inside every 30-song mix.",Popularity is for the exact recommended video ID. Report or control video_type because this item is MUSIC_VIDEO_TYPE_ATV; ATV denotes an Art Track and OMV an official music video.
2026-07-23T11:21:53+00:00,user_05,Aysima Baba,Discover Mix,RDTMAK5uy_n_5IN6hzAOwdCnM8D8rzrs3vDl12UcZpA,https://music.youtube.com/playlist?list=RDTMAK5uy_n_5IN6hzAOwdCnM8D8rzrs3vDl12UcZpA,,,,52552,"Discover great music, picked just for you. Always updating.",13,LOABqPaXF3g,https://music.youtube.com/watch?v=LOABqPaXF3g,https://www.youtube.com/watch?v=LOABqPaXF3g,Oeiao Oeiheia,Goldstein Terrab,UCkwM5Ij5If37S5qM1rhBjwQ,"[{""id"": ""UCkwM5Ij5If37S5qM1rhBjwQ"", ""name"": ""Goldstein Terrab"", ""subscribers_display"": ""63"", ""subscribers_approx"": 63, ""channel_views"": null, ""description"": null, ""song_shelf_count"": 0, ""album_shelf_count"": 0, ""single_shelf_count"": 2, ""video_shelf_count"": 0, ""lookup_error"": """"}]",UCkwM5Ij5If37S5qM1rhBjwQ,Goldstein Terrab,63,63,,,0,0,2,0,MPREb_kg4EhDrfTYH,Oeiao Oeiheia,Single,2023,1,"3 minutes, 6 seconds",186,OLAK5uy_nP-GQcrXt9DJ6apCZxiN_68JjMckCoTSA,Goldstein Terrab,,3:06,186,MUSIC_VIDEO_TYPE_ATV,59590,,ytmusicapi player response videoDetails.viewCount,,,Not exposed by this YouTube Music endpoint; official YouTube Data API credentials are required.,Music,2023-02-21T08:42:52-08:00,2023-02-21T08:42:52-08:00,Goldstein Terrab - Topic,UCkwM5Ij5If37S5qM1rhBjwQ,http://www.youtube.com/channel/UCkwM5Ij5If37S5qM1rhBjwQ,249,AD;AE;AF;AG;AI;AL;AM;AO;AQ;AR;AS;AT;AU;AW;AX;AZ;BA;BB;BD;BE;BF;BG;BH;BI;BJ;BL;BM;BN;BO;BQ;BR;BS;BT;BV;BW;BY;BZ;CA;CC;CD;CF;CG;CH;CI;CK;CL;CM;CN;CO;CR;CU;CV;CW;CX;CY;CZ;DE;DJ;DK;DM;DO;DZ;EC;EE;EG;EH;ER;ES;ET;FI;FJ;FK;FM;FO;FR;GA;GB;GD;GE;GF;GG;GH;GI;GL;GM;GN;GP;GQ;GR;GS;GT;GU;GW;GY;HK;HM;HN;HR;HT;HU;ID;IE;IL;IM;IN;IO;IQ;IR;IS;IT;JE;JM;JO;JP;KE;KG;KH;KI;KM;KN;KP;KR;KW;KY;KZ;LA;LB;LC;LI;LK;LR;LS;LT;LU;LV;LY;MA;MC;MD;ME;MF;MG;MH;MK;ML;MM;MN;MO;MP;MQ;MR;MS;MT;MU;MV;MW;MX;MY;MZ;NA;NC;NE;NF;NG;NI;NL;NO;NP;NR;NU;NZ;OM;PA;PE;PF;PG;PH;PK;PL;PM;PN;PR;PS;PT;PW;PY;QA;RE;RO;RS;RU;RW;SA;SB;SC;SD;SE;SG;SH;SI;SJ;SK;SL;SM;SN;SO;SR;SS;ST;SV;SX;SY;SZ;TC;TD;TF;TG;TH;TJ;TK;TL;TM;TN;TO;TR;TT;TV;TW;TZ;UA;UG;UM;US;UY;UZ;VA;VC;VE;VG;VI;VN;VU;WF;WS;YE;YT;ZA;ZM;ZW,"Distribution availability, not artist nationality or audience geography.",Goldstein Terrab; Oeiao Oeiheia,https://music.youtube.com/watch?v=LOABqPaXF3g,True,False,False,True,False,False,True,True,False,False,OK,True,INDIFFERENT,False,https://i.ytimg.com/vi/LOABqPaXF3g/maxresdefault.jpg,"[{""url"": ""https://yt3.googleusercontent.com/DWlYFN6S-EXUXM0zgdCHJyNsgwa4CEf9tY_iKFl5FIW2N7rNoQVS_T3Rn0Uyy2tgr1Mt3u0W3tSj2ZHi=w60-h60-l90-rj"", ""width"": 60, ""height"": 60}, {""url"": ""https://yt3.googleusercontent.com/DWlYFN6S-EXUXM0zgdCHJyNsgwa4CEf9tY_iKFl5FIW2N7rNoQVS_T3Rn0Uyy2tgr1Mt3u0W3tSj2ZHi=w120-h120-l90-rj"", ""width"": 120, ""height"": 120}]",,,,YouTube Music internal web API via ytmusicapi; personalized playlist fetched with named auth profile.,29.0,5.0,4.775173385,cumulative views of the exact recommended YouTube video,59590,4.775173385,Middle,Middle,"Frozen 83-song candidate pool captured 2026-06-29T19:44:09+00:00; Low <=7,505; lower buffer 7,506-19,756; Middle 19,757-243,792; upper buffer 243,793-1,223,809; High >=1,223,810 views.","Use view_count or popularity_log10_view_count for comparisons across users, weeks, and the original playlist. Do not use the within-Discover-Mix rank or percentile for cross-playlist comparisons because those are recalculated separately inside every 30-song mix.",Popularity is for the exact recommended video ID. Report or control video_type because this item is MUSIC_VIDEO_TYPE_ATV; ATV denotes an Art Track and OMV an official music video.
2026-07-23T11:21:53+00:00,user_05,Aysima Baba,Discover Mix,RDTMAK5uy_n_5IN6hzAOwdCnM8D8rzrs3vDl12UcZpA,https://music.youtube.com/playlist?list=RDTMAK5uy_n_5IN6hzAOwdCnM8D8rzrs3vDl12UcZpA,,,,52552,"Discover great music, picked just for you. Always updating.",14,jmIrZv_VFtE,https://music.youtube.com/watch?v=jmIrZv_VFtE,https://www.youtube.com/watch?v=jmIrZv_VFtE,Rain Fall,Evan Alam,UCIwRma6nCS0ZmIkkMyneQhw,"[{""id"": ""UCIwRma6nCS0ZmIkkMyneQhw"", ""name"": ""Evan Alam"", ""subscribers_display"": ""171"", ""subscribers_approx"": 171, ""channel_views"": null, ""description"": null, ""song_shelf_count"": 5, ""album_shelf_count"": 0, ""single_shelf_count"": 10, ""video_shelf_count"": 10, ""lookup_error"": """"}]",UCIwRma6nCS0ZmIkkMyneQhw,Evan Alam,171,171,,,5,0,10,10,MPREb_ERUx7yqM5Jm,Rain Fall,Single,2025,1,"3 minutes, 25 seconds",205,OLAK5uy_n51wEk7YIrEASwANq1f-co4tti3YxuR4Q,Evan Alam,,3:25,205,MUSIC_VIDEO_TYPE_ATV,548812,,ytmusicapi player response videoDetails.viewCount,,,Not exposed by this YouTube Music endpoint; official YouTube Data API credentials are required.,Music,2025-09-01T06:47:05-07:00,2025-09-01T06:47:05-07:00,Evan Alam - Topic,UCIwRma6nCS0ZmIkkMyneQhw,http://www.youtube.com/channel/UCIwRma6nCS0ZmIkkMyneQhw,123,AE;AR;AS;AT;AU;AW;AZ;BA;BD;BE;BG;BH;BM;BO;BR;BY;CA;CH;CL;CO;CR;CY;CZ;DE;DK;DO;DZ;EC;EE;EG;ES;FI;FR;GB;GE;GF;GH;GP;GR;GT;GU;HK;HN;HR;HU;ID;IE;IL;IN;IQ;IS;IT;JM;JO;JP;KE;KH;KR;KW;KY;KZ;LA;LB;LI;LK;LT;LU;LV;LY;MA;MK;MP;MQ;MT;MX;MY;NC;NG;NI;NL;NO;NP;NZ;OM;PA;PE;PF;PG;PH;PK;PL;PR;PT;PY;QA;RE;RO;RS;RU;SA;SE;SG;SI;SK;SN;SV;TC;TH;TN;TR;TW;TZ;UA;UG;US;UY;VE;VI;VN;YE;YT;ZA;ZW,"Distribution availability, not artist nationality or audience geography.",Evan Alam; Rain Fall,https://music.youtube.com/watch?v=jmIrZv_VFtE,True,False,False,True,False,False,True,True,False,False,OK,True,INDIFFERENT,False,https://i.ytimg.com/vi/jmIrZv_VFtE/maxresdefault.jpg,"[{""url"": ""https://yt3.googleusercontent.com/8BxdPqwNeFJA-YopsxOKvLVjMaw6q9eyLuXDiCeaqnVHp4eB3n3D-OjndlO_x1RMyZU2qHNVVlU5M6PD=w60-h60-l90-rj"", ""width"": 60, ""height"": 60}, {""url"": ""https://yt3.googleusercontent.com/8BxdPqwNeFJA-YopsxOKvLVjMaw6q9eyLuXDiCeaqnVHp4eB3n3D-OjndlO_x1RMyZU2qHNVVlU5M6PD=w120-h120-l90-rj"", ""width"": 120, ""height"": 120}]",,,,YouTube Music internal web API via ytmusicapi; personalized playlist fetched with named auth profile.,11.0,65.0,5.739423599,cumulative views of the exact recommended YouTube video,548812,5.739423599,Upper buffer,Buffer,"Frozen 83-song candidate pool captured 2026-06-29T19:44:09+00:00; Low <=7,505; lower buffer 7,506-19,756; Middle 19,757-243,792; upper buffer 243,793-1,223,809; High >=1,223,810 views.","Use view_count or popularity_log10_view_count for comparisons across users, weeks, and the original playlist. Do not use the within-Discover-Mix rank or percentile for cross-playlist comparisons because those are recalculated separately inside every 30-song mix.",Popularity is for the exact recommended video ID. Report or control video_type because this item is MUSIC_VIDEO_TYPE_ATV; ATV denotes an Art Track and OMV an official music video.
2026-07-23T11:21:53+00:00,user_05,Aysima Baba,Discover Mix,RDTMAK5uy_n_5IN6hzAOwdCnM8D8rzrs3vDl12UcZpA,https://music.youtube.com/playlist?list=RDTMAK5uy_n_5IN6hzAOwdCnM8D8rzrs3vDl12UcZpA,,,,52552,"Discover great music, picked just for you. Always updating.",15,J2RNfFo29nI,https://music.youtube.com/watch?v=J2RNfFo29nI,https://www.youtube.com/watch?v=J2RNfFo29nI,Go Speed Racer Go (Original Recording),Danny Davis & The Nashville Brass,UCs7yeKYMpAPhsDUC8-EO1mQ,"[{""id"": ""UCs7yeKYMpAPhsDUC8-EO1mQ"", ""name"": ""Danny Davis & The Nashville Brass"", ""subscribers_display"": ""918"", ""subscribers_approx"": 918, ""channel_views"": null, ""description"": null, ""song_shelf_count"": 5, ""album_shelf_count"": 10, ""single_shelf_count"": 1, ""video_shelf_count"": 10, ""lookup_error"": """"}]",UCs7yeKYMpAPhsDUC8-EO1mQ,Danny Davis & The Nashville Brass,918,918,,,5,10,1,10,MPREb_sFtKwheAI3R,Speed Racer Classic Original Theme Song,Single,2008,1,"1 minute, 8 seconds",69,OLAK5uy_lScnqRgr_I-jjCgpzRrC4501BGY0FvGSI,Danny Davis & The Nashville Brass,,1:09,69,MUSIC_VIDEO_TYPE_ATV,509017,,ytmusicapi player response videoDetails.viewCount,,,Not exposed by this YouTube Music endpoint; official YouTube Data API credentials are required.,Music,2013-10-24T00:06:42-07:00,2013-10-24T00:06:42-07:00,Danny Davis and The Nashville Brass - Topic,UCs7yeKYMpAPhsDUC8-EO1mQ,http://www.youtube.com/channel/UCs7yeKYMpAPhsDUC8-EO1mQ,123,AE;AR;AS;AT;AU;AW;AZ;BA;BD;BE;BG;BH;BM;BO;BR;BY;CA;CH;CL;CO;CR;CY;CZ;DE;DK;DO;DZ;EC;EE;EG;ES;FI;FR;GB;GE;GF;GH;GP;GR;GT;GU;HK;HN;HR;HU;ID;IE;IL;IN;IQ;IS;IT;JM;JO;JP;KE;KH;KR;KW;KY;KZ;LA;LB;LI;LK;LT;LU;LV;LY;MA;MK;MP;MQ;MT;MX;MY;NC;NG;NI;NL;NO;NP;NZ;OM;PA;PE;PF;PG;PH;PK;PL;PR;PT;PY;QA;RE;RO;RS;RU;SA;SE;SG;SI;SK;SN;SV;TC;TH;TN;TR;TW;TZ;UA;UG;US;UY;VE;VI;VN;YE;YT;ZA;ZW,"Distribution availability, not artist nationality or audience geography.",Danny Davis & The Nashville Brass; Speed Racer Classic Original Theme Song; Go Speed Racer Go (Original Recording),https://music.youtube.com/watch?v=J2RNfFo29nI,True,False,False,True,False,False,True,True,False,False,OK,True,INDIFFERENT,False,https://i.ytimg.com/vi/J2RNfFo29nI/maxresdefault.jpg,"[{""url"": ""https://yt3.googleusercontent.com/Yu_6PS_dwmyEnapClDHr-TG_inK1NI4VYAbJrL1t-I7FHhgbW25MVkrXxD8C-NbTA7hp7AK9bZbYk_Fj=w60-h60-l90-rj"", ""width"": 60, ""height"": 60}, {""url"": ""https://yt3.googleusercontent.com/Yu_6PS_dwmyEnapClDHr-TG_inK1NI4VYAbJrL1t-I7FHhgbW25MVkrXxD8C-NbTA7hp7AK9bZbYk_Fj=w120-h120-l90-rj"", ""width"": 120, ""height"": 120}]",,,,YouTube Music internal web API via ytmusicapi; personalized playlist fetched with named auth profile.,12.0,61.666667,5.706732287,cumulative views of the exact recommended YouTube video,509017,5.706732287,Upper buffer,Buffer,"Frozen 83-song candidate pool captured 2026-06-29T19:44:09+00:00; Low <=7,505; lower buffer 7,506-19,756; Middle 19,757-243,792; upper buffer 243,793-1,223,809; High >=1,223,810 views.","Use view_count or popularity_log10_view_count for comparisons across users, weeks, and the original playlist. Do not use the within-Discover-Mix rank or percentile for cross-playlist comparisons because those are recalculated separately inside every 30-song mix.",Popularity is for the exact recommended video ID. Report or control video_type because this item is MUSIC_VIDEO_TYPE_ATV; ATV denotes an Art Track and OMV an official music video.
2026-07-23T11:21:53+00:00,user_05,Aysima Baba,Discover Mix,RDTMAK5uy_n_5IN6hzAOwdCnM8D8rzrs3vDl12UcZpA,https://music.youtube.com/playlist?list=RDTMAK5uy_n_5IN6hzAOwdCnM8D8rzrs3vDl12UcZpA,,,,52552,"Discover great music, picked just for you. Always updating.",16,H8mKbFqGkwU,https://music.youtube.com/watch?v=H8mKbFqGkwU,https://www.youtube.com/watch?v=H8mKbFqGkwU,Wolf God,Grand Magus,UC7iTYhfSP_FgAWBeGlmd8IA,"[{""id"": ""UC7iTYhfSP_FgAWBeGlmd8IA"", ""name"": ""Grand Magus"", ""subscribers_display"": ""8.15K"", ""subscribers_approx"": 8150, ""channel_views"": 2237266, ""description"": ""In the form of “The Hunt”, Swedish riff lords GRAND MAGUS report back impressively! With their sixth studio album and Nuclear Blast debut, the metal purists manage to better their highly celebrated 2010 masterpiece \""Hammer Of The North\"" easily. The Sweden trio has always consequently sticked to its own path of evolution without ever leaving behind the gathered experiences – they’ve never casted off their early days’ groove nor their love for epic doom or extreme metal. These trademarks are now being paired with traditional riffs and melodies that rock in the same qualitative league as Judas Priest or Dio have. “The Hunt” was produced by Nico Elgstrand, who managed to put an authentic 70s mark on the record. The guitars roar, the rhythm front around the new drummer Ludwig (Spiritual Beggars and others) grooves as hell and JB outgrows himself as far as the vocals are concerned. Thus, the band has created a phenomenal and impressive heavy metal opus!\n\n\nGRAND MAGUS was founded by JB Christofferson (vocals/guitars) and Mats “Fox” Skinner (bass) in 1996. Two years later, Fredrik “Trisse” Liefvendahl joined them on the drums and the combo released two demos. In November of 2001 the self-titled debut album – obviously inspired by the late creative period of bands such as Black Sabbath or Deep Purple - was put on the European and USA market. \""Monument\"" (2003) and \""Wolf's Return\"" (2003) followed and could reap rave reviews in the press. In the course of this, the guys refined their style and distinctly started turning to stronger metal influences without denying their roots. With \""Iron Will\"" (2008) the trio gained perfect scores in the specialist press again and was able to win the Metal Hammer Germany sound check. The Swedes’ latest output “Hammer Of The North” turned out to become a milestone within the band history. Once more the heavy metal heroes were overwhelmed with lavish praise and won the sound checks of both German Rock Hard and Metal Hammer magazines. Furthermore, the record vaulted the band to rank 42 of the German album charts.\n\nNow the Scandinavians go the extra mile with “The Hunt”. In May, the motto will be: Break cover, go in and win – the wolves are back!\n\nGRAND MAGUS was founded by JB Christofferson (vocals/guitars) and Mats “Fox” Skinner (bass) in 1996. Two years later, Fredrik “Trisse” Liefvendahl joined them on the drums and the combo released two demos. In November of 2001 the self-titled debut album – obviously inspired by the late creative period of bands such as Black Sabbath or Deep Purple - was put on the European and USA market. \""Monument\"" (2003) and \""Wolf's Return\"" (2003) followed and could reap rave reviews in the press. In the course of this, the guys refined their style and distinctly started turning to stronger metal influences without denying their roots. With \""Iron Will\"" (2008) the trio gained perfect scores in the specialist press again and was able to win the Metal Hammer Germany sound check. The Swedes’ latest output “Hammer Of The North” turned out to become a milestone within the band history. Once more the heavy metal heroes were overwhelmed with lavish praise and won the sound checks of both German Rock Hard and Metal Hammer magazines. Furthermore, the record vaulted the band to rank 42 of the German album charts.\n\nNow the Scandinavians go the extra mile with “The Hunt”. In May, the motto will be: Break cover, go in and win – the wolves are back!\n\nThe seventh studio album \""Triumph And Power” will be unleashed on February 3rd in the UK, February 4th in North America and January 31st in Europe and the rest of the world. This album contains the song “Triumph And Power“ which is also available as a separate digital single now."", ""song_shelf_count"": 5, ""album_shelf_count"": 10, ""single_shelf_count"": 0, ""video_shelf_count"": 10, ""lookup_error"": """"}]",UC7iTYhfSP_FgAWBeGlmd8IA,Grand Magus,8.15K,8150,2237266,"In the form of “The Hunt”, Swedish riff lords GRAND MAGUS report back impressively! With their sixth studio album and Nuclear Blast debut, the metal purists manage to better their highly celebrated 2010 masterpiece ""Hammer Of The North"" easily. The Sweden trio has always consequently sticked to its own path of evolution without ever leaving behind the gathered experiences – they’ve never casted off their early days’ groove nor their love for epic doom or extreme metal. These trademarks are now being paired with traditional riffs and melodies that rock in the same qualitative league as Judas Priest or Dio have. “The Hunt” was produced by Nico Elgstrand, who managed to put an authentic 70s mark on the record. The guitars roar, the rhythm front around the new drummer Ludwig (Spiritual Beggars and others) grooves as hell and JB outgrows himself as far as the vocals are concerned. Thus, the band has created a phenomenal and impressive heavy metal opus!


GRAND MAGUS was founded by JB Christofferson (vocals/guitars) and Mats “Fox” Skinner (bass) in 1996. Two years later, Fredrik “Trisse” Liefvendahl joined them on the drums and the combo released two demos. In November of 2001 the self-titled debut album – obviously inspired by the late creative period of bands such as Black Sabbath or Deep Purple - was put on the European and USA market. ""Monument"" (2003) and ""Wolf's Return"" (2003) followed and could reap rave reviews in the press. In the course of this, the guys refined their style and distinctly started turning to stronger metal influences without denying their roots. With ""Iron Will"" (2008) the trio gained perfect scores in the specialist press again and was able to win the Metal Hammer Germany sound check. The Swedes’ latest output “Hammer Of The North” turned out to become a milestone within the band history. Once more the heavy metal heroes were overwhelmed with lavish praise and won the sound checks of both German Rock Hard and Metal Hammer magazines. Furthermore, the record vaulted the band to rank 42 of the German album charts.

Now the Scandinavians go the extra mile with “The Hunt”. In May, the motto will be: Break cover, go in and win – the wolves are back!

GRAND MAGUS was founded by JB Christofferson (vocals/guitars) and Mats “Fox” Skinner (bass) in 1996. Two years later, Fredrik “Trisse” Liefvendahl joined them on the drums and the combo released two demos. In November of 2001 the self-titled debut album – obviously inspired by the late creative period of bands such as Black Sabbath or Deep Purple - was put on the European and USA market. ""Monument"" (2003) and ""Wolf's Return"" (2003) followed and could reap rave reviews in the press. In the course of this, the guys refined their style and distinctly started turning to stronger metal influences without denying their roots. With ""Iron Will"" (2008) the trio gained perfect scores in the specialist press again and was able to win the Metal Hammer Germany sound check. The Swedes’ latest output “Hammer Of The North” turned out to become a milestone within the band history. Once more the heavy metal heroes were overwhelmed with lavish praise and won the sound checks of both German Rock Hard and Metal Hammer magazines. Furthermore, the record vaulted the band to rank 42 of the German album charts.

Now the Scandinavians go the extra mile with “The Hunt”. In May, the motto will be: Break cover, go in and win – the wolves are back!

The seventh studio album ""Triumph And Power” will be unleashed on February 3rd in the UK, February 4th in North America and January 31st in Europe and the rest of the world. This album contains the song “Triumph And Power“ which is also available as a separate digital single now.",5,10,0,10,,,,,,,,,,,3:50,230,MUSIC_VIDEO_TYPE_OMV,227394,,ytmusicapi player response videoDetails.viewCount,,,Not exposed by this YouTube Music endpoint; official YouTube Data API credentials are required.,Music,2019-02-22T06:01:26-08:00,2019-02-22T06:01:26-08:00,Nuclear Blast Records,UCoxg3Kml41wE3IPq-PC-LQw,http://www.youtube.com/@NuclearBlastRecords,249,AD;AE;AF;AG;AI;AL;AM;AO;AQ;AR;AS;AT;AU;AW;AX;AZ;BA;BB;BD;BE;BF;BG;BH;BI;BJ;BL;BM;BN;BO;BQ;BR;BS;BT;BV;BW;BY;BZ;CA;CC;CD;CF;CG;CH;CI;CK;CL;CM;CN;CO;CR;CU;CV;CW;CX;CY;CZ;DE;DJ;DK;DM;DO;DZ;EC;EE;EG;EH;ER;ES;ET;FI;FJ;FK;FM;FO;FR;GA;GB;GD;GE;GF;GG;GH;GI;GL;GM;GN;GP;GQ;GR;GS;GT;GU;GW;GY;HK;HM;HN;HR;HT;HU;ID;IE;IL;IM;IN;IO;IQ;IR;IS;IT;JE;JM;JO;JP;KE;KG;KH;KI;KM;KN;KP;KR;KW;KY;KZ;LA;LB;LC;LI;LK;LR;LS;LT;LU;LV;LY;MA;MC;MD;ME;MF;MG;MH;MK;ML;MM;MN;MO;MP;MQ;MR;MS;MT;MU;MV;MW;MX;MY;MZ;NA;NC;NE;NF;NG;NI;NL;NO;NP;NR;NU;NZ;OM;PA;PE;PF;PG;PH;PK;PL;PM;PN;PR;PS;PT;PW;PY;QA;RE;RO;RS;RU;RW;SA;SB;SC;SD;SE;SG;SH;SI;SJ;SK;SL;SM;SN;SO;SR;SS;ST;SV;SX;SY;SZ;TC;TD;TF;TG;TH;TJ;TK;TL;TM;TN;TO;TR;TT;TV;TW;TZ;UA;UG;UM;US;UY;UZ;VA;VC;VE;VG;VI;VN;VU;WF;WS;YE;YT;ZA;ZM;ZW,"Distribution availability, not artist nationality or audience geography.",Forged In Iron Crowned In Steel; Metal; Grand Magus; new album; triumph and power; Lyrics; swedish; lyric video; heavy metal; rock and roll; sweden; steel versus steel; steel meets steel; steel vs steel; nuclear blast; sword songs; varangian; grand magus full album; grand magus live; grand magus sword songs track by track; Freja's Choice -; norse metal; viking metal; svenska; mythology; tour; trailer; wolf god,https://music.youtube.com/watch?v=H8mKbFqGkwU,True,False,False,True,False,False,True,True,False,,OK,True,INDIFFERENT,False,https://i.ytimg.com/vi/H8mKbFqGkwU/maxresdefault.jpg,"[{""url"": ""https://i.ytimg.com/vi/H8mKbFqGkwU/hqdefault.jpg?sqp=-oaymwEWCJADEOEBIAQqCggAEOADGC0guwJIWg&rs=AMzJL3leuu6ZubEgKWNU7E33Zjn3eG2x8w"", ""width"": 400, ""height"": 225}]",,,missing album browse id,YouTube Music internal web API via ytmusicapi; personalized playlist fetched with named auth profile.,19.0,38.333333,5.356779001,cumulative views of the exact recommended YouTube video,227394,5.356779001,Middle,Middle,"Frozen 83-song candidate pool captured 2026-06-29T19:44:09+00:00; Low <=7,505; lower buffer 7,506-19,756; Middle 19,757-243,792; upper buffer 243,793-1,223,809; High >=1,223,810 views.","Use view_count or popularity_log10_view_count for comparisons across users, weeks, and the original playlist. Do not use the within-Discover-Mix rank or percentile for cross-playlist comparisons because those are recalculated separately inside every 30-song mix.",Popularity is for the exact recommended video ID. Report or control video_type because this item is MUSIC_VIDEO_TYPE_OMV; ATV denotes an Art Track and OMV an official music video.
2026-07-23T11:21:53+00:00,user_05,Aysima Baba,Discover Mix,RDTMAK5uy_n_5IN6hzAOwdCnM8D8rzrs3vDl12UcZpA,https://music.youtube.com/playlist?list=RDTMAK5uy_n_5IN6hzAOwdCnM8D8rzrs3vDl12UcZpA,,,,52552,"Discover great music, picked just for you. Always updating.",17,2NUtYyEPMfM,https://music.youtube.com/watch?v=2NUtYyEPMfM,https://www.youtube.com/watch?v=2NUtYyEPMfM,The Old Ways (2004 Remaster HD),Loreena McKennitt,UC5LyQkW4Qr6rbFkf8peJxYQ,"[{""id"": ""UC5LyQkW4Qr6rbFkf8peJxYQ"", ""name"": ""Loreena McKennitt"", ""subscribers_display"": ""320K"", ""subscribers_approx"": 320000, ""channel_views"": 83719941, ""description"": ""Loreena McKennitt OC OM CD is a Canadian singer-songwriter, multi-instrumentalist, and composer who writes, records, and performs world music with Celtic and Middle Eastern influences. McKennitt is known for her refined and clear soprano vocals. She has sold more than 16 million records worldwide.\n\nFrom Wikipedia ("", ""song_shelf_count"": 5, ""album_shelf_count"": 10, ""single_shelf_count"": 10, ""video_shelf_count"": 10, ""lookup_error"": """"}]",UC5LyQkW4Qr6rbFkf8peJxYQ,Loreena McKennitt,320K,320000,83719941,"Loreena McKennitt OC OM CD is a Canadian singer-songwriter, multi-instrumentalist, and composer who writes, records, and performs world music with Celtic and Middle Eastern influences. McKennitt is known for her refined and clear soprano vocals. She has sold more than 16 million records worldwide.

From Wikipedia (",5,10,10,10,MPREb_DUit88K3Fkl,The Visit,Album,1991,9,49 minutes,2953,OLAK5uy_n_XU6H08WAguIx_DiJtK9l4EbvBWbsGZU,Loreena McKennitt,"The Visit is the fourth studio album by Loreena McKennitt, released on September 27, 1991, the album has been certified four times Platinum in Canada and Gold in the United States. It was produced by McKennitt and Brian Hughes.
The album was a cowinner, with the compilation album Saturday Night Blues, of the 1992 Juno Award for Best Roots and Traditional Album of the Year.
The album was released as a limited edition, numbered, 180-gram vinyl in 2016.
A 30th anniversary edition of the album titled ""The Visit - The Definitive Edition"" was released on September 24, 2021.

From Wikipedia (",5:45,345,MUSIC_VIDEO_TYPE_ATV,265158,,ytmusicapi player response videoDetails.viewCount,,,Not exposed by this YouTube Music endpoint; official YouTube Data API credentials are required.,Music,2025-03-24T09:22:34-07:00,2025-03-24T09:22:34-07:00,Loreena McKennitt - Topic,UC5LyQkW4Qr6rbFkf8peJxYQ,http://www.youtube.com/channel/UC5LyQkW4Qr6rbFkf8peJxYQ,233,AD;AE;AF;AG;AI;AL;AM;AO;AQ;AR;AT;AU;AW;AZ;BA;BB;BD;BE;BF;BG;BH;BI;BJ;BM;BN;BO;BR;BS;BT;BV;BW;BY;BZ;CC;CD;CF;CG;CH;CI;CK;CL;CM;CN;CO;CR;CU;CV;CX;CY;CZ;DE;DJ;DK;DM;DO;DZ;EC;EE;EG;EH;ER;ES;ET;FI;FJ;FK;FM;FO;FR;GA;GB;GD;GE;GF;GH;GI;GL;GM;GN;GP;GQ;GR;GS;GT;GW;GY;HK;HM;HN;HR;HT;HU;ID;IE;IL;IN;IO;IQ;IR;IS;IT;JE;JM;JO;JP;KE;KG;KH;KI;KM;KN;KP;KR;KW;KY;KZ;LA;LB;LC;LI;LK;LR;LS;LT;LU;LV;LY;MA;MC;MD;ME;MG;MH;MK;ML;MM;MN;MO;MQ;MR;MS;MT;MU;MV;MW;MX;MY;MZ;NA;NC;NE;NF;NG;NI;NL;NO;NP;NR;NU;NZ;OM;PA;PE;PF;PG;PH;PK;PL;PM;PN;PS;PT;PW;PY;QA;RE;RO;RS;RU;RW;SA;SB;SC;SD;SE;SG;SH;SI;SJ;SK;SL;SM;SN;SO;SR;ST;SV;SY;SZ;TC;TD;TF;TG;TH;TJ;TK;TL;TM;TN;TO;TR;TT;TV;TW;TZ;UA;UG;UM;UY;UZ;VA;VC;VE;VG;VN;VU;WF;WS;YE;YT;ZA;ZM;ZW,"Distribution availability, not artist nationality or audience geography.",Loreena McKennitt; The Visit; The Old Ways,https://music.youtube.com/watch?v=2NUtYyEPMfM,True,False,False,True,False,False,True,True,False,False,OK,True,INDIFFERENT,False,https://i.ytimg.com/vi/2NUtYyEPMfM/maxresdefault.jpg,"[{""url"": ""https://yt3.googleusercontent.com/EcwtRP6im958JrvtfZnhpeWov778M6WV-aqcpv6wzzMQtAoSuVgV4BjNocsYMwJUol7fIheq-IqTNlk=w60-h60-l90-rj"", ""width"": 60, ""height"": 60}, {""url"": ""https://yt3.googleusercontent.com/EcwtRP6im958JrvtfZnhpeWov778M6WV-aqcpv6wzzMQtAoSuVgV4BjNocsYMwJUol7fIheq-IqTNlk=w120-h120-l90-rj"", ""width"": 120, ""height"": 120}]",,,,YouTube Music internal web API via ytmusicapi; personalized playlist fetched with named auth profile.,17.0,45.0,5.423504735,cumulative views of the exact recommended YouTube video,265158,5.423504735,Upper buffer,Buffer,"Frozen 83-song candidate pool captured 2026-06-29T19:44:09+00:00; Low <=7,505; lower buffer 7,506-19,756; Middle 19,757-243,792; upper buffer 243,793-1,223,809; High >=1,223,810 views.","Use view_count or popularity_log10_view_count for comparisons across users, weeks, and the original playlist. Do not use the within-Discover-Mix rank or percentile for cross-playlist comparisons because those are recalculated separately inside every 30-song mix.",Popularity is for the exact recommended video ID. Report or control video_type because this item is MUSIC_VIDEO_TYPE_ATV; ATV denotes an Art Track and OMV an official music video.
2026-07-23T11:21:53+00:00,user_05,Aysima Baba,Discover Mix,RDTMAK5uy_n_5IN6hzAOwdCnM8D8rzrs3vDl12UcZpA,https://music.youtube.com/playlist?list=RDTMAK5uy_n_5IN6hzAOwdCnM8D8rzrs3vDl12UcZpA,,,,52552,"Discover great music, picked just for you. Always updating.",18,KuOFwrb_6bw,https://music.youtube.com/watch?v=KuOFwrb_6bw,https://www.youtube.com/watch?v=KuOFwrb_6bw,Oyneng yar,Faun,UCny6LhIQ9DDyh7gYUiC2ZBQ,"[{""id"": ""UCny6LhIQ9DDyh7gYUiC2ZBQ"", ""name"": ""Faun"", ""subscribers_display"": ""471K"", ""subscribers_approx"": 471000, ""channel_views"": 269722108, ""description"": ""FAUN combines medieval and ancient instruments with modern influences to create an enchanting and powerful atmosphere."", ""song_shelf_count"": 5, ""album_shelf_count"": 10, ""single_shelf_count"": 10, ""video_shelf_count"": 10, ""lookup_error"": """"}]",UCny6LhIQ9DDyh7gYUiC2ZBQ,Faun,471K,471000,269722108,FAUN combines medieval and ancient instruments with modern influences to create an enchanting and powerful atmosphere.,5,10,10,10,MPREb_gNtu5qYYWco,Eden,Album,2011,13,"1 hour, 10 minutes",4242,OLAK5uy_kYaMB4czZIR4mvLTG53IfN8QA3RtQid4g,Faun,"Eden is a concept album released in 2011 by the German band Faun. It was the only album to feature member Rairda.

From Wikipedia (",5:34,334,MUSIC_VIDEO_TYPE_ATV,135674,,ytmusicapi player response videoDetails.viewCount,,,Not exposed by this YouTube Music endpoint; official YouTube Data API credentials are required.,Music,2025-07-18T10:59:01-07:00,2025-07-18T10:59:01-07:00,Faun - Topic,UCny6LhIQ9DDyh7gYUiC2ZBQ,http://www.youtube.com/channel/UCny6LhIQ9DDyh7gYUiC2ZBQ,249,AD;AE;AF;AG;AI;AL;AM;AO;AQ;AR;AS;AT;AU;AW;AX;AZ;BA;BB;BD;BE;BF;BG;BH;BI;BJ;BL;BM;BN;BO;BQ;BR;BS;BT;BV;BW;BY;BZ;CA;CC;CD;CF;CG;CH;CI;CK;CL;CM;CN;CO;CR;CU;CV;CW;CX;CY;CZ;DE;DJ;DK;DM;DO;DZ;EC;EE;EG;EH;ER;ES;ET;FI;FJ;FK;FM;FO;FR;GA;GB;GD;GE;GF;GG;GH;GI;GL;GM;GN;GP;GQ;GR;GS;GT;GU;GW;GY;HK;HM;HN;HR;HT;HU;ID;IE;IL;IM;IN;IO;IQ;IR;IS;IT;JE;JM;JO;JP;KE;KG;KH;KI;KM;KN;KP;KR;KW;KY;KZ;LA;LB;LC;LI;LK;LR;LS;LT;LU;LV;LY;MA;MC;MD;ME;MF;MG;MH;MK;ML;MM;MN;MO;MP;MQ;MR;MS;MT;MU;MV;MW;MX;MY;MZ;NA;NC;NE;NF;NG;NI;NL;NO;NP;NR;NU;NZ;OM;PA;PE;PF;PG;PH;PK;PL;PM;PN;PR;PS;PT;PW;PY;QA;RE;RO;RS;RU;RW;SA;SB;SC;SD;SE;SG;SH;SI;SJ;SK;SL;SM;SN;SO;SR;SS;ST;SV;SX;SY;SZ;TC;TD;TF;TG;TH;TJ;TK;TL;TM;TN;TO;TR;TT;TV;TW;TZ;UA;UG;UM;US;UY;UZ;VA;VC;VE;VG;VI;VN;VU;WF;WS;YE;YT;ZA;ZM;ZW,"Distribution availability, not artist nationality or audience geography.",Faun; Eden; Oyneng yar,https://music.youtube.com/watch?v=KuOFwrb_6bw,True,False,False,True,False,False,True,True,False,False,OK,True,INDIFFERENT,False,https://i.ytimg.com/vi/KuOFwrb_6bw/maxresdefault.jpg,"[{""url"": ""https://yt3.googleusercontent.com/y15p7Z48_ElpiPUcS4aWHIJLiIfgww1qQ0SbQkeOmv0WostfaTNmho13zuur4qnpshqKgcKeqN3pEKA=w60-h60-l90-rj"", ""width"": 60, ""height"": 60}, {""url"": ""https://yt3.googleusercontent.com/y15p7Z48_ElpiPUcS4aWHIJLiIfgww1qQ0SbQkeOmv0WostfaTNmho13zuur4qnpshqKgcKeqN3pEKA=w120-h120-l90-rj"", ""width"": 120, ""height"": 120}]",,,,YouTube Music internal web API via ytmusicapi; personalized playlist fetched with named auth profile.,22.0,28.333333,5.132496629,cumulative views of the exact recommended YouTube video,135674,5.132496629,Middle,Middle,"Frozen 83-song candidate pool captured 2026-06-29T19:44:09+00:00; Low <=7,505; lower buffer 7,506-19,756; Middle 19,757-243,792; upper buffer 243,793-1,223,809; High >=1,223,810 views.","Use view_count or popularity_log10_view_count for comparisons across users, weeks, and the original playlist. Do not use the within-Discover-Mix rank or percentile for cross-playlist comparisons because those are recalculated separately inside every 30-song mix.",Popularity is for the exact recommended video ID. Report or control video_type because this item is MUSIC_VIDEO_TYPE_ATV; ATV denotes an Art Track and OMV an official music video.
2026-07-23T11:21:53+00:00,user_05,Aysima Baba,Discover Mix,RDTMAK5uy_n_5IN6hzAOwdCnM8D8rzrs3vDl12UcZpA,https://music.youtube.com/playlist?list=RDTMAK5uy_n_5IN6hzAOwdCnM8D8rzrs3vDl12UcZpA,,,,52552,"Discover great music, picked just for you. Always updating.",19,P_WGax0cwjA,https://music.youtube.com/watch?v=P_WGax0cwjA,https://www.youtube.com/watch?v=P_WGax0cwjA,Fight for Deliverance,Heavenly,UC1b97TrRGwoNWZCZDlIWCMA,"[{""id"": ""UC1b97TrRGwoNWZCZDlIWCMA"", ""name"": ""Heavenly"", ""subscribers_display"": ""19.7K"", ""subscribers_approx"": 19700, ""channel_views"": null, ""description"": null, ""song_shelf_count"": 5, ""album_shelf_count"": 5, ""single_shelf_count"": 1, ""video_shelf_count"": 10, ""lookup_error"": """"}]",UC1b97TrRGwoNWZCZDlIWCMA,Heavenly,19.7K,19700,,,5,5,1,10,MPREb_n7jmkfdcpN4,Dust to Dust,Album,2004,13,"1 hour, 10 minutes",4209,OLAK5uy_lPSe-9tykoGYdyC69nR0mhamjx4ymVgcw,Heavenly,"Dust to Dust is the third full-length studio album by the French power metal band Heavenly. It was released on 12 January 2004 by Noise Records. Dust to Dust is a concept album following a man seeking revenge upon the Master of Doom for transforming him into a vampire and forcing him to prey on the innocent for eternity. The album concludes with the protagonist overcoming his master. He suffers a fatal wound, but he regains his soul and attains paradise.
It's the last album with the founder drummer Maxence Pilo, guitarist Frédéric Leclercq and bassist Pierre-Emmanuel Pélisson. There was no official tour for this album. Instead, the band performed only once, in London, where Heavenly appeared as a special guest for DragonForce. During that show, they played “Victory” and “Kingdom Come” live for the first and only time in their career.
The album's cover art was designed by Jan Meininghaus, a graphic designer from Germany.
In 2017, Loudwire ranked it as the 25th best power metal album of all time.

From Wikipedia (",6:58,418,MUSIC_VIDEO_TYPE_ATV,112781,,ytmusicapi player response videoDetails.viewCount,,,Not exposed by this YouTube Music endpoint; official YouTube Data API credentials are required.,Music,2021-07-21T03:01:07-07:00,2021-07-21T03:01:07-07:00,Heavenly - Topic,UC1b97TrRGwoNWZCZDlIWCMA,http://www.youtube.com/channel/UC1b97TrRGwoNWZCZDlIWCMA,123,AE;AR;AS;AT;AU;AW;AZ;BA;BD;BE;BG;BH;BM;BO;BR;BY;CA;CH;CL;CO;CR;CY;CZ;DE;DK;DO;DZ;EC;EE;EG;ES;FI;FR;GB;GE;GF;GH;GP;GR;GT;GU;HK;HN;HR;HU;ID;IE;IL;IN;IQ;IS;IT;JM;JO;JP;KE;KH;KR;KW;KY;KZ;LA;LB;LI;LK;LT;LU;LV;LY;MA;MK;MP;MQ;MT;MX;MY;NC;NG;NI;NL;NO;NP;NZ;OM;PA;PE;PF;PG;PH;PK;PL;PR;PT;PY;QA;RE;RO;RS;RU;SA;SE;SG;SI;SK;SN;SV;TC;TH;TN;TR;TW;TZ;UA;UG;US;UY;VE;VI;VN;YE;YT;ZA;ZW,"Distribution availability, not artist nationality or audience geography.",Heavenly; Dust to Dust; Fight for Deliverance,https://music.youtube.com/watch?v=P_WGax0cwjA,True,False,False,True,False,False,True,True,False,False,OK,True,INDIFFERENT,False,https://i.ytimg.com/vi/P_WGax0cwjA/maxresdefault.jpg,"[{""url"": ""https://yt3.googleusercontent.com/-MKaJQIT5VI6-MzOlY8wFghsiY6xy2_Re7Nfw5Q1j7t8QvZxu6f1YIaanWXchQ_VCxnjuLPu3CiR_jqS=w60-h60-l90-rj"", ""width"": 60, ""height"": 60}, {""url"": ""https://yt3.googleusercontent.com/-MKaJQIT5VI6-MzOlY8wFghsiY6xy2_Re7Nfw5Q1j7t8QvZxu6f1YIaanWXchQ_VCxnjuLPu3CiR_jqS=w120-h120-l90-rj"", ""width"": 120, ""height"": 120}]",,,,YouTube Music internal web API via ytmusicapi; personalized playlist fetched with named auth profile.,23.0,25.0,5.052235941,cumulative views of the exact recommended YouTube video,112781,5.052235941,Middle,Middle,"Frozen 83-song candidate pool captured 2026-06-29T19:44:09+00:00; Low <=7,505; lower buffer 7,506-19,756; Middle 19,757-243,792; upper buffer 243,793-1,223,809; High >=1,223,810 views.","Use view_count or popularity_log10_view_count for comparisons across users, weeks, and the original playlist. Do not use the within-Discover-Mix rank or percentile for cross-playlist comparisons because those are recalculated separately inside every 30-song mix.",Popularity is for the exact recommended video ID. Report or control video_type because this item is MUSIC_VIDEO_TYPE_ATV; ATV denotes an Art Track and OMV an official music video.
2026-07-23T11:21:53+00:00,user_05,Aysima Baba,Discover Mix,RDTMAK5uy_n_5IN6hzAOwdCnM8D8rzrs3vDl12UcZpA,https://music.youtube.com/playlist?list=RDTMAK5uy_n_5IN6hzAOwdCnM8D8rzrs3vDl12UcZpA,,,,52552,"Discover great music, picked just for you. Always updating.",20,NtO__69R9J0,https://music.youtube.com/watch?v=NtO__69R9J0,https://www.youtube.com/watch?v=NtO__69R9J0,BROKEN ENGLISH,SCHAFT,UClEfaG-b6J05J9vRlQ9mtSw,"[{""id"": ""UClEfaG-b6J05J9vRlQ9mtSw"", ""name"": ""SCHAFT"", ""subscribers_display"": ""994"", ""subscribers_approx"": 994, ""channel_views"": null, ""description"": null, ""song_shelf_count"": 5, ""album_shelf_count"": 3, ""single_shelf_count"": 0, ""video_shelf_count"": 10, ""lookup_error"": """"}]",UClEfaG-b6J05J9vRlQ9mtSw,SCHAFT,994,994,,,5,3,0,10,MPREb_i6CMjit0nfT,SWITCHBLADE,Album,1994,13,"1 hour, 18 minutes",4687,OLAK5uy_nncGDYhRJ4RTnAQVf3dzWPLqMVzZhR8o8,SCHAFT,"Switchblade is the debut album by Schaft, released in 1994. A promotional video for the song ""Arbor Vitate"" was filmed, and was later re-used by PIG for their version of the song.

From Wikipedia (",6:34,394,MUSIC_VIDEO_TYPE_ATV,763580,,ytmusicapi player response videoDetails.viewCount,,,Not exposed by this YouTube Music endpoint; official YouTube Data API credentials are required.,Music,2018-07-09T20:04:57-07:00,2018-07-09T20:04:57-07:00,SCHAFT - Topic,UClEfaG-b6J05J9vRlQ9mtSw,http://www.youtube.com/channel/UClEfaG-b6J05J9vRlQ9mtSw,249,AD;AE;AF;AG;AI;AL;AM;AO;AQ;AR;AS;AT;AU;AW;AX;AZ;BA;BB;BD;BE;BF;BG;BH;BI;BJ;BL;BM;BN;BO;BQ;BR;BS;BT;BV;BW;BY;BZ;CA;CC;CD;CF;CG;CH;CI;CK;CL;CM;CN;CO;CR;CU;CV;CW;CX;CY;CZ;DE;DJ;DK;DM;DO;DZ;EC;EE;EG;EH;ER;ES;ET;FI;FJ;FK;FM;FO;FR;GA;GB;GD;GE;GF;GG;GH;GI;GL;GM;GN;GP;GQ;GR;GS;GT;GU;GW;GY;HK;HM;HN;HR;HT;HU;ID;IE;IL;IM;IN;IO;IQ;IR;IS;IT;JE;JM;JO;JP;KE;KG;KH;KI;KM;KN;KP;KR;KW;KY;KZ;LA;LB;LC;LI;LK;LR;LS;LT;LU;LV;LY;MA;MC;MD;ME;MF;MG;MH;MK;ML;MM;MN;MO;MP;MQ;MR;MS;MT;MU;MV;MW;MX;MY;MZ;NA;NC;NE;NF;NG;NI;NL;NO;NP;NR;NU;NZ;OM;PA;PE;PF;PG;PH;PK;PL;PM;PN;PR;PS;PT;PW;PY;QA;RE;RO;RS;RU;RW;SA;SB;SC;SD;SE;SG;SH;SI;SJ;SK;SL;SM;SN;SO;SR;SS;ST;SV;SX;SY;SZ;TC;TD;TF;TG;TH;TJ;TK;TL;TM;TN;TO;TR;TT;TV;TW;TZ;UA;UG;UM;US;UY;UZ;VA;VC;VE;VG;VI;VN;VU;WF;WS;YE;YT;ZA;ZM;ZW,"Distribution availability, not artist nationality or audience geography.",SCHAFT; シヤフト; SWITCHBLADE; BROKEN ENGLISH,https://music.youtube.com/watch?v=NtO__69R9J0,True,False,False,True,False,False,True,True,False,False,OK,True,INDIFFERENT,False,https://i.ytimg.com/vi/NtO__69R9J0/maxresdefault.jpg,"[{""url"": ""https://yt3.googleusercontent.com/pPCc-4mihbjB3VkbHKX_oeE5cRkhVJts3rp4PW3ZpqO7m95lMT3bADfVE7Xdg8S7pO6ypJwm_IOk8dyE=w60-h60-l90-rj"", ""width"": 60, ""height"": 60}, {""url"": ""https://yt3.googleusercontent.com/pPCc-4mihbjB3VkbHKX_oeE5cRkhVJts3rp4PW3ZpqO7m95lMT3bADfVE7Xdg8S7pO6ypJwm_IOk8dyE=w120-h120-l90-rj"", ""width"": 120, ""height"": 120}]",,,,YouTube Music internal web API via ytmusicapi; personalized playlist fetched with named auth profile.,10.0,68.333333,5.882854545,cumulative views of the exact recommended YouTube video,763580,5.882854545,Upper buffer,Buffer,"Frozen 83-song candidate pool captured 2026-06-29T19:44:09+00:00; Low <=7,505; lower buffer 7,506-19,756; Middle 19,757-243,792; upper buffer 243,793-1,223,809; High >=1,223,810 views.","Use view_count or popularity_log10_view_count for comparisons across users, weeks, and the original playlist. Do not use the within-Discover-Mix rank or percentile for cross-playlist comparisons because those are recalculated separately inside every 30-song mix.",Popularity is for the exact recommended video ID. Report or control video_type because this item is MUSIC_VIDEO_TYPE_ATV; ATV denotes an Art Track and OMV an official music video.
2026-07-23T11:21:53+00:00,user_05,Aysima Baba,Discover Mix,RDTMAK5uy_n_5IN6hzAOwdCnM8D8rzrs3vDl12UcZpA,https://music.youtube.com/playlist?list=RDTMAK5uy_n_5IN6hzAOwdCnM8D8rzrs3vDl12UcZpA,,,,52552,"Discover great music, picked just for you. Always updating.",21,_-UGJNRFbhw,https://music.youtube.com/watch?v=_-UGJNRFbhw,https://www.youtube.com/watch?v=_-UGJNRFbhw,i want to be with you,Sadness,UCywbGy-noKLe5fdtfHMX7tQ,"[{""id"": ""UCywbGy-noKLe5fdtfHMX7tQ"", ""name"": ""Sadness"", ""subscribers_display"": ""6.24K"", ""subscribers_approx"": 6240, ""channel_views"": null, ""description"": null, ""song_shelf_count"": 5, ""album_shelf_count"": 10, ""single_shelf_count"": 10, ""video_shelf_count"": 10, ""lookup_error"": """"}]",UCywbGy-noKLe5fdtfHMX7tQ,Sadness,6.24K,6240,,,5,10,10,10,MPREb_GFVE3RlbqVg,I want to be there,EP,2019,6,40 minutes,2439,OLAK5uy_n7bBC2pdHaZZTP6g6QkzFXUplKe1rlQdg,sadness,,5:56,356,MUSIC_VIDEO_TYPE_ATV,233178,,ytmusicapi player response videoDetails.viewCount,,,Not exposed by this YouTube Music endpoint; official YouTube Data API credentials are required.,Music,2020-03-26T09:32:30-07:00,2020-03-26T09:32:30-07:00,Sadness - Topic,UCywbGy-noKLe5fdtfHMX7tQ,http://www.youtube.com/channel/UCywbGy-noKLe5fdtfHMX7tQ,123,AE;AR;AS;AT;AU;AW;AZ;BA;BD;BE;BG;BH;BM;BO;BR;BY;CA;CH;CL;CO;CR;CY;CZ;DE;DK;DO;DZ;EC;EE;EG;ES;FI;FR;GB;GE;GF;GH;GP;GR;GT;GU;HK;HN;HR;HU;ID;IE;IL;IN;IQ;IS;IT;JM;JO;JP;KE;KH;KR;KW;KY;KZ;LA;LB;LI;LK;LT;LU;LV;LY;MA;MK;MP;MQ;MT;MX;MY;NC;NG;NI;NL;NO;NP;NZ;OM;PA;PE;PF;PG;PH;PK;PL;PR;PT;PY;QA;RE;RO;RS;RU;SA;SE;SG;SI;SK;SN;SV;TC;TH;TN;TR;TW;TZ;UA;UG;US;UY;VE;VI;VN;YE;YT;ZA;ZW,"Distribution availability, not artist nationality or audience geography.",sadness; I want to be there; i want to be with you,https://music.youtube.com/watch?v=_-UGJNRFbhw,True,False,False,True,False,False,True,True,False,False,OK,True,INDIFFERENT,False,https://i.ytimg.com/vi/_-UGJNRFbhw/maxresdefault.jpg,"[{""url"": ""https://yt3.googleusercontent.com/dmkNeufEm2v6sVzAOR5een0A1Ux77H19_cTgN80iCxq29babLfAPquo2-YZMa_CW0THc4TwvpsQhb2Ty=w60-h60-l90-rj"", ""width"": 60, ""height"": 60}, {""url"": ""https://yt3.googleusercontent.com/dmkNeufEm2v6sVzAOR5een0A1Ux77H19_cTgN80iCxq29babLfAPquo2-YZMa_CW0THc4TwvpsQhb2Ty=w120-h120-l90-rj"", ""width"": 120, ""height"": 120}]",,,,YouTube Music internal web API via ytmusicapi; personalized playlist fetched with named auth profile.,18.0,41.666667,5.367687573,cumulative views of the exact recommended YouTube video,233178,5.367687573,Middle,Middle,"Frozen 83-song candidate pool captured 2026-06-29T19:44:09+00:00; Low <=7,505; lower buffer 7,506-19,756; Middle 19,757-243,792; upper buffer 243,793-1,223,809; High >=1,223,810 views.","Use view_count or popularity_log10_view_count for comparisons across users, weeks, and the original playlist. Do not use the within-Discover-Mix rank or percentile for cross-playlist comparisons because those are recalculated separately inside every 30-song mix.",Popularity is for the exact recommended video ID. Report or control video_type because this item is MUSIC_VIDEO_TYPE_ATV; ATV denotes an Art Track and OMV an official music video.
2026-07-23T11:21:53+00:00,user_05,Aysima Baba,Discover Mix,RDTMAK5uy_n_5IN6hzAOwdCnM8D8rzrs3vDl12UcZpA,https://music.youtube.com/playlist?list=RDTMAK5uy_n_5IN6hzAOwdCnM8D8rzrs3vDl12UcZpA,,,,52552,"Discover great music, picked just for you. Always updating.",22,fj80c3UbyoY,https://music.youtube.com/watch?v=fj80c3UbyoY,https://www.youtube.com/watch?v=fj80c3UbyoY,River Walk,Philip Ayers,UCnk-ZY7dBZ7FYcN3fy0-5NQ,"[{""id"": ""UCnk-ZY7dBZ7FYcN3fy0-5NQ"", ""name"": ""Philip Ayers"", ""subscribers_display"": ""4.46K"", ""subscribers_approx"": 4460, ""channel_views"": null, ""description"": null, ""song_shelf_count"": 5, ""album_shelf_count"": 6, ""single_shelf_count"": 10, ""video_shelf_count"": 10, ""lookup_error"": """"}]",UCnk-ZY7dBZ7FYcN3fy0-5NQ,Philip Ayers,4.46K,4460,,,5,6,10,10,MPREb_3qRfubgJLbr,River Walk,Single,2025,2,"6 minutes, 53 seconds",413,OLAK5uy_nK6D0KS1dv7cCD03PdvzZPTUSFBQBR5oY,Philip Ayers,,3:09,189,MUSIC_VIDEO_TYPE_ATV,108621,,ytmusicapi player response videoDetails.viewCount,,,Not exposed by this YouTube Music endpoint; official YouTube Data API credentials are required.,Music,2025-04-07T03:04:07-07:00,2025-04-07T03:04:07-07:00,Philip Ayers - Topic,UCnk-ZY7dBZ7FYcN3fy0-5NQ,http://www.youtube.com/channel/UCnk-ZY7dBZ7FYcN3fy0-5NQ,123,AE;AR;AS;AT;AU;AW;AZ;BA;BD;BE;BG;BH;BM;BO;BR;BY;CA;CH;CL;CO;CR;CY;CZ;DE;DK;DO;DZ;EC;EE;EG;ES;FI;FR;GB;GE;GF;GH;GP;GR;GT;GU;HK;HN;HR;HU;ID;IE;IL;IN;IQ;IS;IT;JM;JO;JP;KE;KH;KR;KW;KY;KZ;LA;LB;LI;LK;LT;LU;LV;LY;MA;MK;MP;MQ;MT;MX;MY;NC;NG;NI;NL;NO;NP;NZ;OM;PA;PE;PF;PG;PH;PK;PL;PR;PT;PY;QA;RE;RO;RS;RU;SA;SE;SG;SI;SK;SN;SV;TC;TH;TN;TR;TW;TZ;UA;UG;US;UY;VE;VI;VN;YE;YT;ZA;ZW,"Distribution availability, not artist nationality or audience geography.",Philip Ayers; River Walk,https://music.youtube.com/watch?v=fj80c3UbyoY,True,False,False,True,False,False,True,True,False,False,OK,True,INDIFFERENT,False,https://i.ytimg.com/vi/fj80c3UbyoY/maxresdefault.jpg,"[{""url"": ""https://yt3.googleusercontent.com/I6YHmzEstCEZtv98uOCuONZ3clhn2mYlZgR6GNOzz6Bcq00xCYzJa0ZN-pIJotXLWfF6BAPIOTEOEhoFnQ=w60-h60-l90-rj"", ""width"": 60, ""height"": 60}, {""url"": ""https://yt3.googleusercontent.com/I6YHmzEstCEZtv98uOCuONZ3clhn2mYlZgR6GNOzz6Bcq00xCYzJa0ZN-pIJotXLWfF6BAPIOTEOEhoFnQ=w120-h120-l90-rj"", ""width"": 120, ""height"": 120}]",,,,YouTube Music internal web API via ytmusicapi; personalized playlist fetched with named auth profile.,24.0,21.666667,5.035913797,cumulative views of the exact recommended YouTube video,108621,5.035913797,Middle,Middle,"Frozen 83-song candidate pool captured 2026-06-29T19:44:09+00:00; Low <=7,505; lower buffer 7,506-19,756; Middle 19,757-243,792; upper buffer 243,793-1,223,809; High >=1,223,810 views.","Use view_count or popularity_log10_view_count for comparisons across users, weeks, and the original playlist. Do not use the within-Discover-Mix rank or percentile for cross-playlist comparisons because those are recalculated separately inside every 30-song mix.",Popularity is for the exact recommended video ID. Report or control video_type because this item is MUSIC_VIDEO_TYPE_ATV; ATV denotes an Art Track and OMV an official music video.
2026-07-23T11:21:53+00:00,user_05,Aysima Baba,Discover Mix,RDTMAK5uy_n_5IN6hzAOwdCnM8D8rzrs3vDl12UcZpA,https://music.youtube.com/playlist?list=RDTMAK5uy_n_5IN6hzAOwdCnM8D8rzrs3vDl12UcZpA,,,,52552,"Discover great music, picked just for you. Always updating.",23,AjTNihulwvM,https://music.youtube.com/watch?v=AjTNihulwvM,https://www.youtube.com/watch?v=AjTNihulwvM,Let It Rain,Secret Frequency,UCRWq5q3f-r-z4wR4bZlIxlQ,"[{""id"": ""UCRWq5q3f-r-z4wR4bZlIxlQ"", ""name"": ""Secret Frequency"", ""subscribers_display"": ""14.6K"", ""subscribers_approx"": 14600, ""channel_views"": 5201741, ""description"": ""Secret Frequency was born from a place where pain, silence, and strength meet.\nBlending emotional rock, cinematic atmosphere, and profound lyrics, the band builds a universe where each song is a catharsis, a scream, an attempt to survive one's own thoughts and, at the same time, an outstretched hand for those who need something bigger to lean on..\n\nIf you're looking for intensity and a real connection, you've found the right frequency!!"", ""song_shelf_count"": 5, ""album_shelf_count"": 0, ""single_shelf_count"": 10, ""video_shelf_count"": 10, ""lookup_error"": """"}]",UCRWq5q3f-r-z4wR4bZlIxlQ,Secret Frequency,14.6K,14600,5201741,"Secret Frequency was born from a place where pain, silence, and strength meet.
Blending emotional rock, cinematic atmosphere, and profound lyrics, the band builds a universe where each song is a catharsis, a scream, an attempt to survive one's own thoughts and, at the same time, an outstretched hand for those who need something bigger to lean on..

If you're looking for intensity and a real connection, you've found the right frequency!!",5,0,10,10,MPREb_77P69GtsZGI,Let It Rain,Single,2025,1,"4 minutes, 44 seconds",284,OLAK5uy_lvPshaaASH7p15OSRZAiVydjPFPJe0y9s,Secret Frequency,,4:44,284,MUSIC_VIDEO_TYPE_ATV,66483,,ytmusicapi player response videoDetails.viewCount,,,Not exposed by this YouTube Music endpoint; official YouTube Data API credentials are required.,Music,2025-08-16T03:01:33-07:00,2025-08-16T03:01:33-07:00,Secret Frequency - Topic,UCRWq5q3f-r-z4wR4bZlIxlQ,http://www.youtube.com/channel/UCRWq5q3f-r-z4wR4bZlIxlQ,123,AE;AR;AS;AT;AU;AW;AZ;BA;BD;BE;BG;BH;BM;BO;BR;BY;CA;CH;CL;CO;CR;CY;CZ;DE;DK;DO;DZ;EC;EE;EG;ES;FI;FR;GB;GE;GF;GH;GP;GR;GT;GU;HK;HN;HR;HU;ID;IE;IL;IN;IQ;IS;IT;JM;JO;JP;KE;KH;KR;KW;KY;KZ;LA;LB;LI;LK;LT;LU;LV;LY;MA;MK;MP;MQ;MT;MX;MY;NC;NG;NI;NL;NO;NP;NZ;OM;PA;PE;PF;PG;PH;PK;PL;PR;PT;PY;QA;RE;RO;RS;RU;SA;SE;SG;SI;SK;SN;SV;TC;TH;TN;TR;TW;TZ;UA;UG;US;UY;VE;VI;VN;YE;YT;ZA;ZW,"Distribution availability, not artist nationality or audience geography.",Secret Frequency; Lorrane Andrade; Let It Rain,https://music.youtube.com/watch?v=AjTNihulwvM,True,False,False,True,False,False,True,True,False,False,OK,True,INDIFFERENT,False,https://i.ytimg.com/vi/AjTNihulwvM/maxresdefault.jpg,"[{""url"": ""https://yt3.googleusercontent.com/xMv1gxeR-3nm4sE0a-pUxSwsKHyzq-zSgCfErMq74t4BsFbqAuwOho5t155iqPaPh3wA73TaJGNR_xWL=w60-h60-l90-rj"", ""width"": 60, ""height"": 60}, {""url"": ""https://yt3.googleusercontent.com/xMv1gxeR-3nm4sE0a-pUxSwsKHyzq-zSgCfErMq74t4BsFbqAuwOho5t155iqPaPh3wA73TaJGNR_xWL=w120-h120-l90-rj"", ""width"": 120, ""height"": 120}]",,,,YouTube Music internal web API via ytmusicapi; personalized playlist fetched with named auth profile.,28.0,8.333333,4.822710608,cumulative views of the exact recommended YouTube video,66483,4.822710608,Middle,Middle,"Frozen 83-song candidate pool captured 2026-06-29T19:44:09+00:00; Low <=7,505; lower buffer 7,506-19,756; Middle 19,757-243,792; upper buffer 243,793-1,223,809; High >=1,223,810 views.","Use view_count or popularity_log10_view_count for comparisons across users, weeks, and the original playlist. Do not use the within-Discover-Mix rank or percentile for cross-playlist comparisons because those are recalculated separately inside every 30-song mix.",Popularity is for the exact recommended video ID. Report or control video_type because this item is MUSIC_VIDEO_TYPE_ATV; ATV denotes an Art Track and OMV an official music video.
2026-07-23T11:21:53+00:00,user_05,Aysima Baba,Discover Mix,RDTMAK5uy_n_5IN6hzAOwdCnM8D8rzrs3vDl12UcZpA,https://music.youtube.com/playlist?list=RDTMAK5uy_n_5IN6hzAOwdCnM8D8rzrs3vDl12UcZpA,,,,52552,"Discover great music, picked just for you. Always updating.",24,hL1Br5UKgA4,https://music.youtube.com/watch?v=hL1Br5UKgA4,https://www.youtube.com/watch?v=hL1Br5UKgA4,Tomorrow,Jeff Album,UCqZNFZTYc4_C_oXYt2UiZZg,"[{""id"": ""UCqZNFZTYc4_C_oXYt2UiZZg"", ""name"": ""Jeff Album"", ""subscribers_display"": ""89.6K"", ""subscribers_approx"": 89600, ""channel_views"": 3428993, ""description"": ""Jeff Album is a composer of modern classical, cinematic music that uplifts and inspires. Romantic and evocative, his works draw on the expressive power of orchestral instruments to convey compelling stories, capturing the grandeur of sweeping scores and epic film soundtracks. Recently, much of his music was performed and recorded live by the Budapest Symphony Orchestra, bringing a richness of sound at the highest level. With piano, strings, brass, winds, and full orchestral forces, each performance weaves layers of depth and color around an elegant central theme. Millions have listened to Jeff’s music since he began releasing his work in 2022. In that time, his fan base has grown into the tens of thousands, with heartfelt testimonials pouring in from every corner of the globe.\n\nA continuously updated playlist of his music is available at "", ""song_shelf_count"": 5, ""album_shelf_count"": 0, ""single_shelf_count"": 10, ""video_shelf_count"": 0, ""lookup_error"": """"}]",UCqZNFZTYc4_C_oXYt2UiZZg,Jeff Album,89.6K,89600,3428993,"Jeff Album is a composer of modern classical, cinematic music that uplifts and inspires. Romantic and evocative, his works draw on the expressive power of orchestral instruments to convey compelling stories, capturing the grandeur of sweeping scores and epic film soundtracks. Recently, much of his music was performed and recorded live by the Budapest Symphony Orchestra, bringing a richness of sound at the highest level. With piano, strings, brass, winds, and full orchestral forces, each performance weaves layers of depth and color around an elegant central theme. Millions have listened to Jeff’s music since he began releasing his work in 2022. In that time, his fan base has grown into the tens of thousands, with heartfelt testimonials pouring in from every corner of the globe.

A continuously updated playlist of his music is available at ",5,0,10,0,MPREb_iQtuD5N6x6i,Tomorrow,Single,2025,1,"5 minutes, 52 seconds",352,OLAK5uy_k0dTVNssR02Nq6cfhROq3GQIrWXvzC47Q,Jeff Album,,5:52,352,MUSIC_VIDEO_TYPE_ATV,485488,,ytmusicapi player response videoDetails.viewCount,,,Not exposed by this YouTube Music endpoint; official YouTube Data API credentials are required.,Music,2025-07-31T03:05:24-07:00,2025-07-31T03:05:24-07:00,Jeff Album - Topic,UCqZNFZTYc4_C_oXYt2UiZZg,http://www.youtube.com/channel/UCqZNFZTYc4_C_oXYt2UiZZg,123,AE;AR;AS;AT;AU;AW;AZ;BA;BD;BE;BG;BH;BM;BO;BR;BY;CA;CH;CL;CO;CR;CY;CZ;DE;DK;DO;DZ;EC;EE;EG;ES;FI;FR;GB;GE;GF;GH;GP;GR;GT;GU;HK;HN;HR;HU;ID;IE;IL;IN;IQ;IS;IT;JM;JO;JP;KE;KH;KR;KW;KY;KZ;LA;LB;LI;LK;LT;LU;LV;LY;MA;MK;MP;MQ;MT;MX;MY;NC;NG;NI;NL;NO;NP;NZ;OM;PA;PE;PF;PG;PH;PK;PL;PR;PT;PY;QA;RE;RO;RS;RU;SA;SE;SG;SI;SK;SN;SV;TC;TH;TN;TR;TW;TZ;UA;UG;US;UY;VE;VI;VN;YE;YT;ZA;ZW,"Distribution availability, not artist nationality or audience geography.",Jeff Album; Robert Lennon; Péter Kovács; Gergő Dorozsmai; Tomorrow,https://music.youtube.com/watch?v=hL1Br5UKgA4,True,False,False,True,False,False,True,True,False,False,OK,True,INDIFFERENT,False,https://i.ytimg.com/vi/hL1Br5UKgA4/maxresdefault.jpg,"[{""url"": ""https://yt3.googleusercontent.com/mH9CptAP2hPRK_WmFxhkE9m6P6bTrizyaPcRLWhCFRbmlYx0Rpz5u1LAHmImw-FG5CgcC7dxQUolwlXAuA=w60-h60-l90-rj"", ""width"": 60, ""height"": 60}, {""url"": ""https://yt3.googleusercontent.com/mH9CptAP2hPRK_WmFxhkE9m6P6bTrizyaPcRLWhCFRbmlYx0Rpz5u1LAHmImw-FG5CgcC7dxQUolwlXAuA=w120-h120-l90-rj"", ""width"": 120, ""height"": 120}]",,,,YouTube Music internal web API via ytmusicapi; personalized playlist fetched with named auth profile.,14.0,55.0,5.6861785,cumulative views of the exact recommended YouTube video,485488,5.6861785,Upper buffer,Buffer,"Frozen 83-song candidate pool captured 2026-06-29T19:44:09+00:00; Low <=7,505; lower buffer 7,506-19,756; Middle 19,757-243,792; upper buffer 243,793-1,223,809; High >=1,223,810 views.","Use view_count or popularity_log10_view_count for comparisons across users, weeks, and the original playlist. Do not use the within-Discover-Mix rank or percentile for cross-playlist comparisons because those are recalculated separately inside every 30-song mix.",Popularity is for the exact recommended video ID. Report or control video_type because this item is MUSIC_VIDEO_TYPE_ATV; ATV denotes an Art Track and OMV an official music video.
2026-07-23T11:21:53+00:00,user_05,Aysima Baba,Discover Mix,RDTMAK5uy_n_5IN6hzAOwdCnM8D8rzrs3vDl12UcZpA,https://music.youtube.com/playlist?list=RDTMAK5uy_n_5IN6hzAOwdCnM8D8rzrs3vDl12UcZpA,,,,52552,"Discover great music, picked just for you. Always updating.",25,nrYuD_U9ihk,https://music.youtube.com/watch?v=nrYuD_U9ihk,https://www.youtube.com/watch?v=nrYuD_U9ihk,Keiji Matsumoto - Blue Line (Instrumental Version),Sotiris Greece,UCNYg4k2b6EWe0W83BYBl_yA,"[{""id"": ""UCNYg4k2b6EWe0W83BYBl_yA"", ""name"": ""Sotiris Greece"", ""subscribers_display"": """", ""subscribers_approx"": null, ""channel_views"": null, ""description"": """", ""song_shelf_count"": 0, ""album_shelf_count"": 0, ""single_shelf_count"": 0, ""video_shelf_count"": 0, ""lookup_error"": ""'musicImmersiveHeaderRenderer'""}]",UCNYg4k2b6EWe0W83BYBl_yA,Sotiris Greece,,,,,0,0,0,0,,,,,,,,,,,5:14,314,MUSIC_VIDEO_TYPE_UGC,1202149,,ytmusicapi player response videoDetails.viewCount,,,Not exposed by this YouTube Music endpoint; official YouTube Data API credentials are required.,Music,2010-11-06T05:53:06-07:00,2010-11-06T05:53:06-07:00,Sotiris Greece,UCNYg4k2b6EWe0W83BYBl_yA,http://www.youtube.com/@Sotiris-Greece,249,AD;AE;AF;AG;AI;AL;AM;AO;AQ;AR;AS;AT;AU;AW;AX;AZ;BA;BB;BD;BE;BF;BG;BH;BI;BJ;BL;BM;BN;BO;BQ;BR;BS;BT;BV;BW;BY;BZ;CA;CC;CD;CF;CG;CH;CI;CK;CL;CM;CN;CO;CR;CU;CV;CW;CX;CY;CZ;DE;DJ;DK;DM;DO;DZ;EC;EE;EG;EH;ER;ES;ET;FI;FJ;FK;FM;FO;FR;GA;GB;GD;GE;GF;GG;GH;GI;GL;GM;GN;GP;GQ;GR;GS;GT;GU;GW;GY;HK;HM;HN;HR;HT;HU;ID;IE;IL;IM;IN;IO;IQ;IR;IS;IT;JE;JM;JO;JP;KE;KG;KH;KI;KM;KN;KP;KR;KW;KY;KZ;LA;LB;LC;LI;LK;LR;LS;LT;LU;LV;LY;MA;MC;MD;ME;MF;MG;MH;MK;ML;MM;MN;MO;MP;MQ;MR;MS;MT;MU;MV;MW;MX;MY;MZ;NA;NC;NE;NF;NG;NI;NL;NO;NP;NR;NU;NZ;OM;PA;PE;PF;PG;PH;PK;PL;PM;PN;PR;PS;PT;PW;PY;QA;RE;RO;RS;RU;RW;SA;SB;SC;SD;SE;SG;SH;SI;SJ;SK;SL;SM;SN;SO;SR;SS;ST;SV;SX;SY;SZ;TC;TD;TF;TG;TH;TJ;TK;TL;TM;TN;TO;TR;TT;TV;TW;TZ;UA;UG;UM;US;UY;UZ;VA;VC;VE;VG;VI;VN;VU;WF;WS;YE;YT;ZA;ZM;ZW,"Distribution availability, not artist nationality or audience geography.",Blue; Line; Instrumental; Mix,https://music.youtube.com/watch?v=nrYuD_U9ihk,True,False,False,True,False,False,True,True,False,,OK,True,INDIFFERENT,False,https://i.ytimg.com/vi/nrYuD_U9ihk/hqdefault.jpg?sqp=-oaymwEmCOADEOgC8quKqQMa8AEB-AG-BIAC3AOKAgwIABABGEYgSShyMA8=&rs=AOn4CLAFgVmqfTTsnNWx_rLob31Nwy3LcQ,"[{""url"": ""https://i.ytimg.com/vi/nrYuD_U9ihk/hqdefault.jpg?sqp=-oaymwEWCJADEOEBIAQqCggAEOADGC0guwJIWg&rs=AMzJL3nsr9I3wCudo88cTPA1cMpWtnBPOQ"", ""width"": 400, ""height"": 225}]",,'musicImmersiveHeaderRenderer',missing album browse id,YouTube Music internal web API via ytmusicapi; personalized playlist fetched with named auth profile.,6.0,81.666667,6.0799583,cumulative views of the exact recommended YouTube video,1202149,6.0799583,Upper buffer,Buffer,"Frozen 83-song candidate pool captured 2026-06-29T19:44:09+00:00; Low <=7,505; lower buffer 7,506-19,756; Middle 19,757-243,792; upper buffer 243,793-1,223,809; High >=1,223,810 views.","Use view_count or popularity_log10_view_count for comparisons across users, weeks, and the original playlist. Do not use the within-Discover-Mix rank or percentile for cross-playlist comparisons because those are recalculated separately inside every 30-song mix.",Popularity is for the exact recommended video ID. Report or control video_type because this item is MUSIC_VIDEO_TYPE_UGC; ATV denotes an Art Track and OMV an official music video.
2026-07-23T11:21:53+00:00,user_05,Aysima Baba,Discover Mix,RDTMAK5uy_n_5IN6hzAOwdCnM8D8rzrs3vDl12UcZpA,https://music.youtube.com/playlist?list=RDTMAK5uy_n_5IN6hzAOwdCnM8D8rzrs3vDl12UcZpA,,,,52552,"Discover great music, picked just for you. Always updating.",26,_lMiIsQqLaE,https://music.youtube.com/watch?v=_lMiIsQqLaE,https://www.youtube.com/watch?v=_lMiIsQqLaE,A Natural Disaster (Audio),Anathema,UCjIsMbNawswtsbIz1yBPsOQ,"[{""id"": ""UCjIsMbNawswtsbIz1yBPsOQ"", ""name"": ""Anathema"", ""subscribers_display"": ""69.1K"", ""subscribers_approx"": 69100, ""channel_views"": 42951408, ""description"": ""Anathema were an English rock band from Liverpool. The group was formed in 1990 by Vincent and Daniel Cavanagh, bassist Jamie Cavanagh, drummer/keyboardist John Douglas, and vocalist Darren White.\nThe band maintained an active concert schedule throughout their career. They first toured in 1992 with the American death metal band Cannibal Corpse; they since performed throughout Europe, the United States, Central America, Australia, New Zealand, India, and Turkey. In the latter stages of their career, the band performed at notable venues such as London's O2 Arena, Wembley Arena, and the London Palladium, as well as appearing on stage with Stephen Hawking at Starmus Festival 3.\nAnathema released 11 studio albums, including Distant Satellites, which included the song \""Anathema\"", named the Anthem of the Year at the third annual Progressive Music Awards. Three years later The Optimist was named Album of the Year at the Progressive Music Awards.\n\nFrom Wikipedia ("", ""song_shelf_count"": 5, ""album_shelf_count"": 10, ""single_shelf_count"": 7, ""video_shelf_count"": 10, ""lookup_error"": """"}]",UCjIsMbNawswtsbIz1yBPsOQ,Anathema,69.1K,69100,42951408,"Anathema were an English rock band from Liverpool. The group was formed in 1990 by Vincent and Daniel Cavanagh, bassist Jamie Cavanagh, drummer/keyboardist John Douglas, and vocalist Darren White.
The band maintained an active concert schedule throughout their career. They first toured in 1992 with the American death metal band Cannibal Corpse; they since performed throughout Europe, the United States, Central America, Australia, New Zealand, India, and Turkey. In the latter stages of their career, the band performed at notable venues such as London's O2 Arena, Wembley Arena, and the London Palladium, as well as appearing on stage with Stephen Hawking at Starmus Festival 3.
Anathema released 11 studio albums, including Distant Satellites, which included the song ""Anathema"", named the Anthem of the Year at the third annual Progressive Music Awards. Three years later The Optimist was named Album of the Year at the Progressive Music Awards.

From Wikipedia (",5,10,7,10,,,,,,,,,,,6:28,388,MUSIC_VIDEO_TYPE_OMV,441113,,ytmusicapi player response videoDetails.viewCount,,,Not exposed by this YouTube Music endpoint; official YouTube Data API credentials are required.,Music,2018-03-28T00:00:07-07:00,2018-03-28T00:00:07-07:00,AnathemaVEVO,UCjPgkd4RBbdUDAxbI6k2q6Q,http://www.youtube.com/@AnathemaVEVO,249,AD;AE;AF;AG;AI;AL;AM;AO;AQ;AR;AS;AT;AU;AW;AX;AZ;BA;BB;BD;BE;BF;BG;BH;BI;BJ;BL;BM;BN;BO;BQ;BR;BS;BT;BV;BW;BY;BZ;CA;CC;CD;CF;CG;CH;CI;CK;CL;CM;CN;CO;CR;CU;CV;CW;CX;CY;CZ;DE;DJ;DK;DM;DO;DZ;EC;EE;EG;EH;ER;ES;ET;FI;FJ;FK;FM;FO;FR;GA;GB;GD;GE;GF;GG;GH;GI;GL;GM;GN;GP;GQ;GR;GS;GT;GU;GW;GY;HK;HM;HN;HR;HT;HU;ID;IE;IL;IM;IN;IO;IQ;IR;IS;IT;JE;JM;JO;JP;KE;KG;KH;KI;KM;KN;KP;KR;KW;KY;KZ;LA;LB;LC;LI;LK;LR;LS;LT;LU;LV;LY;MA;MC;MD;ME;MF;MG;MH;MK;ML;MM;MN;MO;MP;MQ;MR;MS;MT;MU;MV;MW;MX;MY;MZ;NA;NC;NE;NF;NG;NI;NL;NO;NP;NR;NU;NZ;OM;PA;PE;PF;PG;PH;PK;PL;PM;PN;PR;PS;PT;PW;PY;QA;RE;RO;RS;RU;RW;SA;SB;SC;SD;SE;SG;SH;SI;SJ;SK;SL;SM;SN;SO;SR;SS;ST;SV;SX;SY;SZ;TC;TD;TF;TG;TH;TJ;TK;TL;TM;TN;TO;TR;TT;TV;TW;TZ;UA;UG;UM;US;UY;UZ;VA;VC;VE;VG;VI;VN;VU;WF;WS;YE;YT;ZA;ZM;ZW,"Distribution availability, not artist nationality or audience geography.",Anathema Natural Disaster; Anathema remix; Natural Disaster official video; Anathema Natural Disaster official video; Anathema album; Anathema full album; Anathema essentials; Anathema full; Anathema official audio; Anathema official video; Anathema full track; Anathema hd; Anathema hq; lyrics; official audio; official video; remix; kataonia; paradise lost; Springfield; endless ways; the optimist; leaving it behind; one last goodbye; Natural Disaster; Anathema,https://music.youtube.com/watch?v=_lMiIsQqLaE,True,False,False,True,False,False,True,True,False,,OK,True,INDIFFERENT,False,https://i.ytimg.com/vi/_lMiIsQqLaE/maxresdefault.jpg,"[{""url"": ""https://i.ytimg.com/vi/_lMiIsQqLaE/hqdefault.jpg?sqp=-oaymwEWCJADEOEBIAQqCggAEOADGC0guwJIWg&rs=AMzJL3mSb6kiOsxcqdxmCDuES0KHc1siVw"", ""width"": 400, ""height"": 225}]",,,missing album browse id,YouTube Music internal web API via ytmusicapi; personalized playlist fetched with named auth profile.,15.0,51.666667,5.644549857,cumulative views of the exact recommended YouTube video,441113,5.644549857,Upper buffer,Buffer,"Frozen 83-song candidate pool captured 2026-06-29T19:44:09+00:00; Low <=7,505; lower buffer 7,506-19,756; Middle 19,757-243,792; upper buffer 243,793-1,223,809; High >=1,223,810 views.","Use view_count or popularity_log10_view_count for comparisons across users, weeks, and the original playlist. Do not use the within-Discover-Mix rank or percentile for cross-playlist comparisons because those are recalculated separately inside every 30-song mix.",Popularity is for the exact recommended video ID. Report or control video_type because this item is MUSIC_VIDEO_TYPE_OMV; ATV denotes an Art Track and OMV an official music video.
2026-07-23T11:21:53+00:00,user_05,Aysima Baba,Discover Mix,RDTMAK5uy_n_5IN6hzAOwdCnM8D8rzrs3vDl12UcZpA,https://music.youtube.com/playlist?list=RDTMAK5uy_n_5IN6hzAOwdCnM8D8rzrs3vDl12UcZpA,,,,52552,"Discover great music, picked just for you. Always updating.",27,iXGP_I2hPIs,https://music.youtube.com/watch?v=iXGP_I2hPIs,https://www.youtube.com/watch?v=iXGP_I2hPIs,The Tudors S1 Soundtrack: Finale + A Historic Love (extended),Olivier Doorenbos,UCyL6SRQBOoKTW9SSS9X66FA,"[{""id"": ""UCyL6SRQBOoKTW9SSS9X66FA"", ""name"": ""Olivier Doorenbos"", ""subscribers_display"": """", ""subscribers_approx"": null, ""channel_views"": null, ""description"": """", ""song_shelf_count"": 0, ""album_shelf_count"": 0, ""single_shelf_count"": 0, ""video_shelf_count"": 0, ""lookup_error"": ""'musicImmersiveHeaderRenderer'""}]",UCyL6SRQBOoKTW9SSS9X66FA,Olivier Doorenbos,,,,,0,0,0,0,,,,,,,,,,,7:07,427,MUSIC_VIDEO_TYPE_UGC,487243,,ytmusicapi player response videoDetails.viewCount,,,Not exposed by this YouTube Music endpoint; official YouTube Data API credentials are required.,Music,2015-10-26T08:44:26-07:00,2015-10-26T08:44:26-07:00,Olivier Doorenbos,UCyL6SRQBOoKTW9SSS9X66FA,http://www.youtube.com/@BudgetSecurity1,249,AD;AE;AF;AG;AI;AL;AM;AO;AQ;AR;AS;AT;AU;AW;AX;AZ;BA;BB;BD;BE;BF;BG;BH;BI;BJ;BL;BM;BN;BO;BQ;BR;BS;BT;BV;BW;BY;BZ;CA;CC;CD;CF;CG;CH;CI;CK;CL;CM;CN;CO;CR;CU;CV;CW;CX;CY;CZ;DE;DJ;DK;DM;DO;DZ;EC;EE;EG;EH;ER;ES;ET;FI;FJ;FK;FM;FO;FR;GA;GB;GD;GE;GF;GG;GH;GI;GL;GM;GN;GP;GQ;GR;GS;GT;GU;GW;GY;HK;HM;HN;HR;HT;HU;ID;IE;IL;IM;IN;IO;IQ;IR;IS;IT;JE;JM;JO;JP;KE;KG;KH;KI;KM;KN;KP;KR;KW;KY;KZ;LA;LB;LC;LI;LK;LR;LS;LT;LU;LV;LY;MA;MC;MD;ME;MF;MG;MH;MK;ML;MM;MN;MO;MP;MQ;MR;MS;MT;MU;MV;MW;MX;MY;MZ;NA;NC;NE;NF;NG;NI;NL;NO;NP;NR;NU;NZ;OM;PA;PE;PF;PG;PH;PK;PL;PM;PN;PR;PS;PT;PW;PY;QA;RE;RO;RS;RU;RW;SA;SB;SC;SD;SE;SG;SH;SI;SJ;SK;SL;SM;SN;SO;SR;SS;ST;SV;SX;SY;SZ;TC;TD;TF;TG;TH;TJ;TK;TL;TM;TN;TO;TR;TT;TV;TW;TZ;UA;UG;UM;US;UY;UZ;VA;VC;VE;VG;VI;VN;VU;WF;WS;YE;YT;ZA;ZM;ZW,"Distribution availability, not artist nationality or audience geography.",The Tudors (TV Program); Soundtrack,https://music.youtube.com/watch?v=iXGP_I2hPIs,True,False,False,True,False,False,True,True,False,,OK,True,INDIFFERENT,False,https://i.ytimg.com/vi/iXGP_I2hPIs/maxresdefault.jpg?sqp=-oaymwEmCIAKENAF8quKqQMa8AEB-AH-CYAC0AWKAgwIABABGGUgVShCMA8=&rs=AOn4CLBksma6AWVgmaE84gqC65d7XHhGXQ,"[{""url"": ""https://i.ytimg.com/vi/iXGP_I2hPIs/hqdefault.jpg?sqp=-oaymwEWCJADEOEBIAQqCggAEOADGC0guwJIWg&rs=AMzJL3kZtDN9bN2yohySjj5o0lakiWN0fA"", ""width"": 400, ""height"": 225}]",,'musicImmersiveHeaderRenderer',missing album browse id,YouTube Music internal web API via ytmusicapi; personalized playlist fetched with named auth profile.,13.0,58.333333,5.687745609,cumulative views of the exact recommended YouTube video,487243,5.687745609,Upper buffer,Buffer,"Frozen 83-song candidate pool captured 2026-06-29T19:44:09+00:00; Low <=7,505; lower buffer 7,506-19,756; Middle 19,757-243,792; upper buffer 243,793-1,223,809; High >=1,223,810 views.","Use view_count or popularity_log10_view_count for comparisons across users, weeks, and the original playlist. Do not use the within-Discover-Mix rank or percentile for cross-playlist comparisons because those are recalculated separately inside every 30-song mix.",Popularity is for the exact recommended video ID. Report or control video_type because this item is MUSIC_VIDEO_TYPE_UGC; ATV denotes an Art Track and OMV an official music video.
2026-07-23T11:21:53+00:00,user_05,Aysima Baba,Discover Mix,RDTMAK5uy_n_5IN6hzAOwdCnM8D8rzrs3vDl12UcZpA,https://music.youtube.com/playlist?list=RDTMAK5uy_n_5IN6hzAOwdCnM8D8rzrs3vDl12UcZpA,,,,52552,"Discover great music, picked just for you. Always updating.",28,819pwpAyT5w,https://music.youtube.com/watch?v=819pwpAyT5w,https://www.youtube.com/watch?v=819pwpAyT5w,Civil war - March across the belts (English Lyrics),Duke of Txtspeak,UC0wLpvht9LLUY7lkwbkSumw,"[{""id"": ""UC0wLpvht9LLUY7lkwbkSumw"", ""name"": ""Duke of Txtspeak"", ""subscribers_display"": """", ""subscribers_approx"": null, ""channel_views"": null, ""description"": """", ""song_shelf_count"": 0, ""album_shelf_count"": 0, ""single_shelf_count"": 0, ""video_shelf_count"": 0, ""lookup_error"": ""'musicImmersiveHeaderRenderer'""}]",UC0wLpvht9LLUY7lkwbkSumw,Duke of Txtspeak,,,,,0,0,0,0,,,,,,,,,,,3:53,233,MUSIC_VIDEO_TYPE_UGC,107309,,ytmusicapi player response videoDetails.viewCount,,,Not exposed by this YouTube Music endpoint; official YouTube Data API credentials are required.,Music,2019-03-27T15:37:07-07:00,2019-03-27T15:37:07-07:00,Duke of Txtspeak,UC0wLpvht9LLUY7lkwbkSumw,http://www.youtube.com/@DukeofTxtspeak,249,AD;AE;AF;AG;AI;AL;AM;AO;AQ;AR;AS;AT;AU;AW;AX;AZ;BA;BB;BD;BE;BF;BG;BH;BI;BJ;BL;BM;BN;BO;BQ;BR;BS;BT;BV;BW;BY;BZ;CA;CC;CD;CF;CG;CH;CI;CK;CL;CM;CN;CO;CR;CU;CV;CW;CX;CY;CZ;DE;DJ;DK;DM;DO;DZ;EC;EE;EG;EH;ER;ES;ET;FI;FJ;FK;FM;FO;FR;GA;GB;GD;GE;GF;GG;GH;GI;GL;GM;GN;GP;GQ;GR;GS;GT;GU;GW;GY;HK;HM;HN;HR;HT;HU;ID;IE;IL;IM;IN;IO;IQ;IR;IS;IT;JE;JM;JO;JP;KE;KG;KH;KI;KM;KN;KP;KR;KW;KY;KZ;LA;LB;LC;LI;LK;LR;LS;LT;LU;LV;LY;MA;MC;MD;ME;MF;MG;MH;MK;ML;MM;MN;MO;MP;MQ;MR;MS;MT;MU;MV;MW;MX;MY;MZ;NA;NC;NE;NF;NG;NI;NL;NO;NP;NR;NU;NZ;OM;PA;PE;PF;PG;PH;PK;PL;PM;PN;PR;PS;PT;PW;PY;QA;RE;RO;RS;RU;RW;SA;SB;SC;SD;SE;SG;SH;SI;SJ;SK;SL;SM;SN;SO;SR;SS;ST;SV;SX;SY;SZ;TC;TD;TF;TG;TH;TJ;TK;TL;TM;TN;TO;TR;TT;TV;TW;TZ;UA;UG;UM;US;UY;UZ;VA;VC;VE;VG;VI;VN;VU;WF;WS;YE;YT;ZA;ZM;ZW,"Distribution availability, not artist nationality or audience geography.",March across the Belts; Civil war; Bonus; Sweden; History; Metal; Music; Lyrics; English Lyrics; Piscator; Duke,https://music.youtube.com/watch?v=819pwpAyT5w,True,False,False,True,False,False,True,True,False,,OK,True,INDIFFERENT,False,https://i.ytimg.com/vi/819pwpAyT5w/hqdefault.jpg,"[{""url"": ""https://i.ytimg.com/vi/819pwpAyT5w/hqdefault.jpg?sqp=-oaymwEWCJADEOEBIAQqCggAEOADGC0guwJIWg&rs=AMzJL3k9ScRLnosBIiWc2KAfx5mXDKoEWQ"", ""width"": 400, ""height"": 225}]",,'musicImmersiveHeaderRenderer',missing album browse id,YouTube Music internal web API via ytmusicapi; personalized playlist fetched with named auth profile.,25.0,18.333333,5.030636148,cumulative views of the exact recommended YouTube video,107309,5.030636148,Middle,Middle,"Frozen 83-song candidate pool captured 2026-06-29T19:44:09+00:00; Low <=7,505; lower buffer 7,506-19,756; Middle 19,757-243,792; upper buffer 243,793-1,223,809; High >=1,223,810 views.","Use view_count or popularity_log10_view_count for comparisons across users, weeks, and the original playlist. Do not use the within-Discover-Mix rank or percentile for cross-playlist comparisons because those are recalculated separately inside every 30-song mix.",Popularity is for the exact recommended video ID. Report or control video_type because this item is MUSIC_VIDEO_TYPE_UGC; ATV denotes an Art Track and OMV an official music video.
2026-07-23T11:21:53+00:00,user_05,Aysima Baba,Discover Mix,RDTMAK5uy_n_5IN6hzAOwdCnM8D8rzrs3vDl12UcZpA,https://music.youtube.com/playlist?list=RDTMAK5uy_n_5IN6hzAOwdCnM8D8rzrs3vDl12UcZpA,,,,52552,"Discover great music, picked just for you. Always updating.",29,NSPG3D5qoYA,https://music.youtube.com/watch?v=NSPG3D5qoYA,https://www.youtube.com/watch?v=NSPG3D5qoYA,Symphony of Avalon,Freedom Call,UC8Un9pLdux03pya-p---Urw,"[{""id"": ""UC8Un9pLdux03pya-p---Urw"", ""name"": ""Freedom Call"", ""subscribers_display"": ""12.2K"", ""subscribers_approx"": 12200, ""channel_views"": 13071242, ""description"": ""Freedom Call is a German power metal band formed in 1998. The band tours regularly and the current line-up includes one original member, lead vocalist and songwriter, Chris Bay. Freedom Call has released 14 albums in total, eleven of these studio albums.\n\nFrom Wikipedia ("", ""song_shelf_count"": 5, ""album_shelf_count"": 10, ""single_shelf_count"": 10, ""video_shelf_count"": 10, ""lookup_error"": """"}]",UC8Un9pLdux03pya-p---Urw,Freedom Call,12.2K,12200,13071242,"Freedom Call is a German power metal band formed in 1998. The band tours regularly and the current line-up includes one original member, lead vocalist and songwriter, Chris Bay. Freedom Call has released 14 albums in total, eleven of these studio albums.

From Wikipedia (",5,10,10,10,MPREb_zt5mBiyBn6k,Silver Romance,Album,2024,13,53 minutes,3188,OLAK5uy_nEkraDj3gceEVUMo-pVCa6LO-HNnhsqm8,Freedom Call,,4:06,246,MUSIC_VIDEO_TYPE_ATV,155383,,ytmusicapi player response videoDetails.viewCount,,,Not exposed by this YouTube Music endpoint; official YouTube Data API credentials are required.,Music,2024-05-09T03:00:18-07:00,2024-05-09T03:00:18-07:00,Freedom Call - Topic,UC8Un9pLdux03pya-p---Urw,http://www.youtube.com/channel/UC8Un9pLdux03pya-p---Urw,122,AE;AR;AS;AT;AU;AW;AZ;BA;BD;BE;BG;BH;BM;BO;BR;BY;CA;CH;CL;CO;CR;CY;CZ;DE;DK;DO;DZ;EC;EE;EG;ES;FI;FR;GB;GE;GF;GH;GP;GR;GT;GU;HK;HN;HR;HU;ID;IE;IL;IN;IQ;IS;IT;JM;JO;JP;KE;KH;KR;KW;KY;KZ;LA;LB;LI;LK;LT;LU;LV;LY;MA;MK;MP;MQ;MT;MX;MY;NC;NG;NI;NL;NO;NP;NZ;OM;PA;PE;PF;PG;PH;PK;PL;PR;PT;PY;QA;RE;RO;RS;SA;SE;SG;SI;SK;SN;SV;TC;TH;TN;TR;TW;TZ;UA;UG;US;UY;VE;VI;VN;YE;YT;ZA;ZW,"Distribution availability, not artist nationality or audience geography.",Freedom Call; Chris Bay; Silver Romance; Symphony of Avalon,https://music.youtube.com/watch?v=NSPG3D5qoYA,True,False,False,True,False,False,True,True,False,False,OK,True,INDIFFERENT,False,https://i.ytimg.com/vi/NSPG3D5qoYA/maxresdefault.jpg,"[{""url"": ""https://yt3.googleusercontent.com/32aH4LqLT_XGk-FBeYIYJPbI0Cu4dnQhzOLlpS-5nichIUWZl0n8u610vqAh8Fx-oeXay4-7uhuIuguD5Q=w60-h60-l90-rj"", ""width"": 60, ""height"": 60}, {""url"": ""https://yt3.googleusercontent.com/32aH4LqLT_XGk-FBeYIYJPbI0Cu4dnQhzOLlpS-5nichIUWZl0n8u610vqAh8Fx-oeXay4-7uhuIuguD5Q=w120-h120-l90-rj"", ""width"": 120, ""height"": 120}]",,,,YouTube Music internal web API via ytmusicapi; personalized playlist fetched with named auth profile.,21.0,31.666667,5.191403502,cumulative views of the exact recommended YouTube video,155383,5.191403502,Middle,Middle,"Frozen 83-song candidate pool captured 2026-06-29T19:44:09+00:00; Low <=7,505; lower buffer 7,506-19,756; Middle 19,757-243,792; upper buffer 243,793-1,223,809; High >=1,223,810 views.","Use view_count or popularity_log10_view_count for comparisons across users, weeks, and the original playlist. Do not use the within-Discover-Mix rank or percentile for cross-playlist comparisons because those are recalculated separately inside every 30-song mix.",Popularity is for the exact recommended video ID. Report or control video_type because this item is MUSIC_VIDEO_TYPE_ATV; ATV denotes an Art Track and OMV an official music video.
2026-07-23T11:21:53+00:00,user_05,Aysima Baba,Discover Mix,RDTMAK5uy_n_5IN6hzAOwdCnM8D8rzrs3vDl12UcZpA,https://music.youtube.com/playlist?list=RDTMAK5uy_n_5IN6hzAOwdCnM8D8rzrs3vDl12UcZpA,,,,52552,"Discover great music, picked just for you. Always updating.",30,puHKaxpD4MY,https://music.youtube.com/watch?v=puHKaxpD4MY,https://www.youtube.com/watch?v=puHKaxpD4MY,Skycycle - It's Terror Time Again (Studio Version),aTunes,UCVIrbZqKu9vniSVdpo3NOSw,"[{""id"": ""UCVIrbZqKu9vniSVdpo3NOSw"", ""name"": ""aTunes"", ""subscribers_display"": """", ""subscribers_approx"": null, ""channel_views"": null, ""description"": """", ""song_shelf_count"": 0, ""album_shelf_count"": 0, ""single_shelf_count"": 0, ""video_shelf_count"": 0, ""lookup_error"": ""'musicImmersiveHeaderRenderer'""}]",UCVIrbZqKu9vniSVdpo3NOSw,aTunes,,,,,0,0,0,0,,,,,,,,,,,1:43,103,MUSIC_VIDEO_TYPE_UGC,2640002,,ytmusicapi player response videoDetails.viewCount,,,Not exposed by this YouTube Music endpoint; official YouTube Data API credentials are required.,People & Blogs,2017-11-15T19:45:49-08:00,2017-11-15T19:45:49-08:00,aTunes,UCVIrbZqKu9vniSVdpo3NOSw,http://www.youtube.com/@aTunesAU,249,AD;AE;AF;AG;AI;AL;AM;AO;AQ;AR;AS;AT;AU;AW;AX;AZ;BA;BB;BD;BE;BF;BG;BH;BI;BJ;BL;BM;BN;BO;BQ;BR;BS;BT;BV;BW;BY;BZ;CA;CC;CD;CF;CG;CH;CI;CK;CL;CM;CN;CO;CR;CU;CV;CW;CX;CY;CZ;DE;DJ;DK;DM;DO;DZ;EC;EE;EG;EH;ER;ES;ET;FI;FJ;FK;FM;FO;FR;GA;GB;GD;GE;GF;GG;GH;GI;GL;GM;GN;GP;GQ;GR;GS;GT;GU;GW;GY;HK;HM;HN;HR;HT;HU;ID;IE;IL;IM;IN;IO;IQ;IR;IS;IT;JE;JM;JO;JP;KE;KG;KH;KI;KM;KN;KP;KR;KW;KY;KZ;LA;LB;LC;LI;LK;LR;LS;LT;LU;LV;LY;MA;MC;MD;ME;MF;MG;MH;MK;ML;MM;MN;MO;MP;MQ;MR;MS;MT;MU;MV;MW;MX;MY;MZ;NA;NC;NE;NF;NG;NI;NL;NO;NP;NR;NU;NZ;OM;PA;PE;PF;PG;PH;PK;PL;PM;PN;PR;PS;PT;PW;PY;QA;RE;RO;RS;RU;RW;SA;SB;SC;SD;SE;SG;SH;SI;SJ;SK;SL;SM;SN;SO;SR;SS;ST;SV;SX;SY;SZ;TC;TD;TF;TG;TH;TJ;TK;TL;TM;TN;TO;TR;TT;TV;TW;TZ;UA;UG;UM;US;UY;UZ;VA;VC;VE;VG;VI;VN;VU;WF;WS;YE;YT;ZA;ZM;ZW,"Distribution availability, not artist nationality or audience geography.",Skycycle; It's Terror Time Again; Terror Time; Scooby Doo; Zombie Island; Soundtrack; Full; HQ; Music; Halloween; Song; Scary; Horror; Rare; Exclusive,https://music.youtube.com/watch?v=puHKaxpD4MY,True,False,False,True,False,False,True,True,False,,OK,True,INDIFFERENT,False,https://i.ytimg.com/vi/puHKaxpD4MY/maxresdefault.jpg,"[{""url"": ""https://i.ytimg.com/vi/puHKaxpD4MY/hqdefault.jpg?sqp=-oaymwEWCJADEOEBIAQqCggAEOADGC0guwJIWg&rs=AMzJL3m8uzif2SWsOAEt_zjf3-1tP71c7Q"", ""width"": 400, ""height"": 225}]",,'musicImmersiveHeaderRenderer',missing album browse id,YouTube Music internal web API via ytmusicapi; personalized playlist fetched with named auth profile.,2.0,95.0,6.421604256,cumulative views of the exact recommended YouTube video,2640002,6.421604256,High,High,"Frozen 83-song candidate pool captured 2026-06-29T19:44:09+00:00; Low <=7,505; lower buffer 7,506-19,756; Middle 19,757-243,792; upper buffer 243,793-1,223,809; High >=1,223,810 views.","Use view_count or popularity_log10_view_count for comparisons across users, weeks, and the original playlist. Do not use the within-Discover-Mix rank or percentile for cross-playlist comparisons because those are recalculated separately inside every 30-song mix.",Popularity is for the exact recommended video ID. Report or control video_type because this item is MUSIC_VIDEO_TYPE_UGC; ATV denotes an Art Track and OMV an official music video.
