captured_at_utc,auth_profile,verified_account_name,playlist_name,playlist_id,playlist_url,playlist_author,playlist_track_count_reported,playlist_duration,playlist_duration_seconds,playlist_description,playlist_position,video_id,youtube_music_url,youtube_url,title,artists,artist_ids,artist_details_json,primary_artist_id,primary_artist_name,artist_subscribers_display,artist_subscribers_approx,artist_channel_views,artist_description,artist_song_shelf_count,artist_album_shelf_count,artist_single_shelf_count,artist_video_shelf_count,album_browse_id,album_name,album_type,album_year,album_track_count,album_duration,album_duration_seconds,album_audio_playlist_id,album_artists,album_description,duration,duration_seconds,video_type,view_count,playlist_view_display,view_count_source,like_count,comment_count,like_comment_note,category,upload_date,publish_date,topic_channel_owner,topic_channel_id,topic_channel_url,available_country_count,available_country_codes,available_countries_note,tags,canonical_url,family_safe,unlisted,paid,allow_ratings,is_live_content,is_private,is_crawlable,is_available,is_explicit_track,is_explicit_album,playability_status,playable_in_embed,profile_like_status,profile_in_library,thumbnail_url,track_thumbnails_json,song_lookup_error,artist_lookup_error,album_lookup_error,source_note,view_rank_within_discover_mix_desc,view_percentile_within_discover_mix,log10_view_count,popularity_measure,popularity_value_view_count,popularity_log10_view_count,popularity_original_pool_fixed_band,popularity_original_pool_fixed_tier,popularity_tier_reference,popularity_comparison_note,popularity_video_version_note
2026-08-17T11:39:55+00:00,user_03,Aysima Baba,Discover Mix,RDTMAK5uy_n_5IN6hzAOwdCnM8D8rzrs3vDl12UcZpA,https://music.youtube.com/playlist?list=RDTMAK5uy_n_5IN6hzAOwdCnM8D8rzrs3vDl12UcZpA,,,,52318,"Discover great music, picked just for you. Always updating.",1,-rKOoM7S6mw,https://music.youtube.com/watch?v=-rKOoM7S6mw,https://www.youtube.com/watch?v=-rKOoM7S6mw,"Warriors of the World United Feat. Angus Mcfife, Saltatio Mortis, Melissa Bonny (feat. Saltatio Mortis, Melissa Bonny & Angus McFife)",Feuerschwanz,UCIB3k3K3hAvpkB2RDwInwTw,"[{""id"": ""UCIB3k3K3hAvpkB2RDwInwTw"", ""name"": ""Feuerschwanz"", ""subscribers_display"": ""119K"", ""subscribers_approx"": 119000, ""channel_views"": null, ""description"": null, ""song_shelf_count"": 5, ""album_shelf_count"": 10, ""single_shelf_count"": 10, ""video_shelf_count"": 10, ""lookup_error"": """"}]",UCIB3k3K3hAvpkB2RDwInwTw,Feuerschwanz,119K,119000,,,5,10,10,10,,,,,,,,,,,6:01,361,MUSIC_VIDEO_TYPE_OMV,16539458,,ytmusicapi player response videoDetails.viewCount,,,Not exposed by this YouTube Music endpoint; official YouTube Data API credentials are required.,Music,2021-12-06T07:00:10-08:00,2021-12-06T07:00:10-08:00,Napalm Records,UCG7AaCh_CiG6pq_rRDNw72A,http://www.youtube.com/@napalmrecords,249,AD;AE;AF;AG;AI;AL;AM;AO;AQ;AR;AS;AT;AU;AW;AX;AZ;BA;BB;BD;BE;BF;BG;BH;BI;BJ;BL;BM;BN;BO;BQ;BR;BS;BT;BV;BW;BY;BZ;CA;CC;CD;CF;CG;CH;CI;CK;CL;CM;CN;CO;CR;CU;CV;CW;CX;CY;CZ;DE;DJ;DK;DM;DO;DZ;EC;EE;EG;EH;ER;ES;ET;FI;FJ;FK;FM;FO;FR;GA;GB;GD;GE;GF;GG;GH;GI;GL;GM;GN;GP;GQ;GR;GS;GT;GU;GW;GY;HK;HM;HN;HR;HT;HU;ID;IE;IL;IM;IN;IO;IQ;IR;IS;IT;JE;JM;JO;JP;KE;KG;KH;KI;KM;KN;KP;KR;KW;KY;KZ;LA;LB;LC;LI;LK;LR;LS;LT;LU;LV;LY;MA;MC;MD;ME;MF;MG;MH;MK;ML;MM;MN;MO;MP;MQ;MR;MS;MT;MU;MV;MW;MX;MY;MZ;NA;NC;NE;NF;NG;NI;NL;NO;NP;NR;NU;NZ;OM;PA;PE;PF;PG;PH;PK;PL;PM;PN;PR;PS;PT;PW;PY;QA;RE;RO;RS;RU;RW;SA;SB;SC;SD;SE;SG;SH;SI;SJ;SK;SL;SM;SN;SO;SR;SS;ST;SV;SX;SY;SZ;TC;TD;TF;TG;TH;TJ;TK;TL;TM;TN;TO;TR;TT;TV;TW;TZ;UA;UG;UM;US;UY;UZ;VA;VC;VE;VG;VI;VN;VU;WF;WS;YE;YT;ZA;ZM;ZW,"Distribution availability, not artist nationality or audience geography.",napalm records,https://music.youtube.com/watch?v=-rKOoM7S6mw,True,False,False,True,False,False,True,True,False,,OK,True,INDIFFERENT,False,https://i.ytimg.com/vi/-rKOoM7S6mw/maxresdefault.jpg,"[{""url"": ""https://i.ytimg.com/vi/-rKOoM7S6mw/hqdefault.jpg?sqp=-oaymwEWCJADEOEBIAQqCggAEOADGC0guwJIWg&rs=AMzJL3nS2MPhMU1_-BJgBiSVtWjChm99Hg"", ""width"": 400, ""height"": 225}]",,,missing album browse id,YouTube Music internal web API via ytmusicapi; personalized playlist fetched with named auth profile.,11.0,65.0,7.218521274,cumulative views of the exact recommended YouTube video,16539458,7.218521274,High,High,"Frozen 83-song candidate pool captured 2026-06-29T19:44:09+00:00; Low <=7,505; lower buffer 7,506-19,756; Middle 19,757-243,792; upper buffer 243,793-1,223,809; High >=1,223,810 views.","Use view_count or popularity_log10_view_count for comparisons across users, weeks, and the original playlist. Do not use the within-Discover-Mix rank or percentile for cross-playlist comparisons because those are recalculated separately inside every 30-song mix.",Popularity is for the exact recommended video ID. Report or control video_type because this item is MUSIC_VIDEO_TYPE_OMV; ATV denotes an Art Track and OMV an official music video.
2026-08-17T11:39:55+00:00,user_03,Aysima Baba,Discover Mix,RDTMAK5uy_n_5IN6hzAOwdCnM8D8rzrs3vDl12UcZpA,https://music.youtube.com/playlist?list=RDTMAK5uy_n_5IN6hzAOwdCnM8D8rzrs3vDl12UcZpA,,,,52318,"Discover great music, picked just for you. Always updating.",2,cDs7t26nnd8,https://music.youtube.com/watch?v=cDs7t26nnd8,https://www.youtube.com/watch?v=cDs7t26nnd8,If I Had a Heart - Tal Barr,Tal Barr,UCmyOukl0XOSn0rlX5oTyfGw,"[{""id"": ""UCmyOukl0XOSn0rlX5oTyfGw"", ""name"": ""Tal Barr"", ""subscribers_display"": ""58.3K"", ""subscribers_approx"": 58300, ""channel_views"": 39637165, ""description"": ""Tal Barr's musical path began with performances at Celtic music festivals, before she recorded her debut album. Her rendition of the Vikings’ featured song If I Had a Heart has since reached millions of views on YouTube.\n\nIn 2023, she gave life to The Elders, a musical exploration deeply rooted in ancient feminine spirituality. Its sound blends Celtic and traditional European instruments, haunting vocals, shamanic rhythms and the four elements.\n\nThe single Mothers embodies the archetype of the Great Mother, a symbolic figure of prehistoric cultures representing the cycles of life, and seeks to conjure a primal memory from before recorded history, before the rise of organized religion and modern civilization.\n\nTal is a mother of two beautiful wild earthlings."", ""song_shelf_count"": 5, ""album_shelf_count"": 3, ""single_shelf_count"": 3, ""video_shelf_count"": 10, ""lookup_error"": """"}]",UCmyOukl0XOSn0rlX5oTyfGw,Tal Barr,58.3K,58300,39637165,"Tal Barr's musical path began with performances at Celtic music festivals, before she recorded her debut album. Her rendition of the Vikings’ featured song If I Had a Heart has since reached millions of views on YouTube.

In 2023, she gave life to The Elders, a musical exploration deeply rooted in ancient feminine spirituality. Its sound blends Celtic and traditional European instruments, haunting vocals, shamanic rhythms and the four elements.

The single Mothers embodies the archetype of the Great Mother, a symbolic figure of prehistoric cultures representing the cycles of life, and seeks to conjure a primal memory from before recorded history, before the rise of organized religion and modern civilization.

Tal is a mother of two beautiful wild earthlings.",5,3,3,10,,,,,,,,,,,3:34,214,MUSIC_VIDEO_TYPE_OMV,23885227,,ytmusicapi player response videoDetails.viewCount,,,Not exposed by this YouTube Music endpoint; official YouTube Data API credentials are required.,Music,2020-10-11T07:46:02-07:00,2020-10-11T07:46:02-07:00,Tal Barr,UCa-TopnIvYNBrmSheHV5y6A,http://www.youtube.com/@TalBarr,249,AD;AE;AF;AG;AI;AL;AM;AO;AQ;AR;AS;AT;AU;AW;AX;AZ;BA;BB;BD;BE;BF;BG;BH;BI;BJ;BL;BM;BN;BO;BQ;BR;BS;BT;BV;BW;BY;BZ;CA;CC;CD;CF;CG;CH;CI;CK;CL;CM;CN;CO;CR;CU;CV;CW;CX;CY;CZ;DE;DJ;DK;DM;DO;DZ;EC;EE;EG;EH;ER;ES;ET;FI;FJ;FK;FM;FO;FR;GA;GB;GD;GE;GF;GG;GH;GI;GL;GM;GN;GP;GQ;GR;GS;GT;GU;GW;GY;HK;HM;HN;HR;HT;HU;ID;IE;IL;IM;IN;IO;IQ;IR;IS;IT;JE;JM;JO;JP;KE;KG;KH;KI;KM;KN;KP;KR;KW;KY;KZ;LA;LB;LC;LI;LK;LR;LS;LT;LU;LV;LY;MA;MC;MD;ME;MF;MG;MH;MK;ML;MM;MN;MO;MP;MQ;MR;MS;MT;MU;MV;MW;MX;MY;MZ;NA;NC;NE;NF;NG;NI;NL;NO;NP;NR;NU;NZ;OM;PA;PE;PF;PG;PH;PK;PL;PM;PN;PR;PS;PT;PW;PY;QA;RE;RO;RS;RU;RW;SA;SB;SC;SD;SE;SG;SH;SI;SJ;SK;SL;SM;SN;SO;SR;SS;ST;SV;SX;SY;SZ;TC;TD;TF;TG;TH;TJ;TK;TL;TM;TN;TO;TR;TT;TV;TW;TZ;UA;UG;UM;US;UY;UZ;VA;VC;VE;VG;VI;VN;VU;WF;WS;YE;YT;ZA;ZM;ZW,"Distribution availability, not artist nationality or audience geography.",Vikings; Nordic; celtic; odin; wardruna; norway; fever ray; ragnar; sweden; hurdy gurdy; scandinavia; pagan; witch; fjord; valhalla; mythology,https://music.youtube.com/watch?v=cDs7t26nnd8,True,False,False,True,False,False,True,True,False,,OK,True,INDIFFERENT,False,https://i.ytimg.com/vi/cDs7t26nnd8/maxresdefault.jpg,"[{""url"": ""https://i.ytimg.com/vi/cDs7t26nnd8/hqdefault.jpg?sqp=-oaymwEWCJADEOEBIAQqCggAEOADGC0guwJIWg&rs=AMzJL3nkF0dFAecp4W54b7J8KZTX7DwAWA"", ""width"": 400, ""height"": 225}]",,,missing album browse id,YouTube Music internal web API via ytmusicapi; personalized playlist fetched with named auth profile.,10.0,68.333333,7.378129373,cumulative views of the exact recommended YouTube video,23885227,7.378129373,High,High,"Frozen 83-song candidate pool captured 2026-06-29T19:44:09+00:00; Low <=7,505; lower buffer 7,506-19,756; Middle 19,757-243,792; upper buffer 243,793-1,223,809; High >=1,223,810 views.","Use view_count or popularity_log10_view_count for comparisons across users, weeks, and the original playlist. Do not use the within-Discover-Mix rank or percentile for cross-playlist comparisons because those are recalculated separately inside every 30-song mix.",Popularity is for the exact recommended video ID. Report or control video_type because this item is MUSIC_VIDEO_TYPE_OMV; ATV denotes an Art Track and OMV an official music video.
2026-08-17T11:39:55+00:00,user_03,Aysima Baba,Discover Mix,RDTMAK5uy_n_5IN6hzAOwdCnM8D8rzrs3vDl12UcZpA,https://music.youtube.com/playlist?list=RDTMAK5uy_n_5IN6hzAOwdCnM8D8rzrs3vDl12UcZpA,,,,52318,"Discover great music, picked just for you. Always updating.",3,2yn-GNKIsCo,https://music.youtube.com/watch?v=2yn-GNKIsCo,https://www.youtube.com/watch?v=2yn-GNKIsCo,Higher,NorthTale,UCCp5RYaz6-TOH2Q0tTr2VoQ,"[{""id"": ""UCCp5RYaz6-TOH2Q0tTr2VoQ"", ""name"": ""NorthTale"", ""subscribers_display"": ""6.81K"", ""subscribers_approx"": 6810, ""channel_views"": 1605306, ""description"": ""NorthTale is an American power metal band formed in late 2017 and currently lined up by guitarist Bill Hudson, vocalist Guilherme Hirose, drummer Patrick Johansson, bassist Mikael Planefeldt and keyboardist Jimmy Pitts. The band teased their debut song, \""Shape Your Reality\"", in October 2018, to positive reception. In April 2018, the band announced that they have signed with Nuclear Blast and that their debut album is entitled Welcome to Paradise. It was released on August 2, 2019.\n\nFrom Wikipedia ("", ""song_shelf_count"": 5, ""album_shelf_count"": 2, ""single_shelf_count"": 3, ""video_shelf_count"": 3, ""lookup_error"": """"}]",UCCp5RYaz6-TOH2Q0tTr2VoQ,NorthTale,6.81K,6810,1605306,"NorthTale is an American power metal band formed in late 2017 and currently lined up by guitarist Bill Hudson, vocalist Guilherme Hirose, drummer Patrick Johansson, bassist Mikael Planefeldt and keyboardist Jimmy Pitts. The band teased their debut song, ""Shape Your Reality"", in October 2018, to positive reception. In April 2018, the band announced that they have signed with Nuclear Blast and that their debut album is entitled Welcome to Paradise. It was released on August 2, 2019.

From Wikipedia (",5,2,3,3,MPREb_QZ7GUWhopbC,Welcome to Paradise,Album,2019,13,53 minutes,3196,OLAK5uy_lwveRAQfnbICAepgIMumvPSOhpCjD0W3I,NorthTale,,3:46,226,MUSIC_VIDEO_TYPE_ATV,94292,,ytmusicapi player response videoDetails.viewCount,,,Not exposed by this YouTube Music endpoint; official YouTube Data API credentials are required.,Music,2019-08-01T03:05:59-07:00,2019-08-01T03:05:59-07:00,NorthTale - Topic,UCCp5RYaz6-TOH2Q0tTr2VoQ,http://www.youtube.com/channel/UCCp5RYaz6-TOH2Q0tTr2VoQ,249,AD;AE;AF;AG;AI;AL;AM;AO;AQ;AR;AS;AT;AU;AW;AX;AZ;BA;BB;BD;BE;BF;BG;BH;BI;BJ;BL;BM;BN;BO;BQ;BR;BS;BT;BV;BW;BY;BZ;CA;CC;CD;CF;CG;CH;CI;CK;CL;CM;CN;CO;CR;CU;CV;CW;CX;CY;CZ;DE;DJ;DK;DM;DO;DZ;EC;EE;EG;EH;ER;ES;ET;FI;FJ;FK;FM;FO;FR;GA;GB;GD;GE;GF;GG;GH;GI;GL;GM;GN;GP;GQ;GR;GS;GT;GU;GW;GY;HK;HM;HN;HR;HT;HU;ID;IE;IL;IM;IN;IO;IQ;IR;IS;IT;JE;JM;JO;JP;KE;KG;KH;KI;KM;KN;KP;KR;KW;KY;KZ;LA;LB;LC;LI;LK;LR;LS;LT;LU;LV;LY;MA;MC;MD;ME;MF;MG;MH;MK;ML;MM;MN;MO;MP;MQ;MR;MS;MT;MU;MV;MW;MX;MY;MZ;NA;NC;NE;NF;NG;NI;NL;NO;NP;NR;NU;NZ;OM;PA;PE;PF;PG;PH;PK;PL;PM;PN;PR;PS;PT;PW;PY;QA;RE;RO;RS;RU;RW;SA;SB;SC;SD;SE;SG;SH;SI;SJ;SK;SL;SM;SN;SO;SR;SS;ST;SV;SX;SY;SZ;TC;TD;TF;TG;TH;TJ;TK;TL;TM;TN;TO;TR;TT;TV;TW;TZ;UA;UG;UM;US;UY;UZ;VA;VC;VE;VG;VI;VN;VU;WF;WS;YE;YT;ZA;ZM;ZW,"Distribution availability, not artist nationality or audience geography.",NorthTale; Welcome to Paradise; Higher,https://music.youtube.com/watch?v=2yn-GNKIsCo,True,False,False,True,False,False,True,True,False,False,OK,True,INDIFFERENT,False,https://i.ytimg.com/vi/2yn-GNKIsCo/maxresdefault.jpg,"[{""url"": ""https://yt3.googleusercontent.com/6Oi88kQ09LEYInvDlQkghY8yfu-SgWO9Gui9yPmV_dO0vbyRX4d0LTeWtUOLiK2tmf-JXI-84033_tI=w60-h60-l90-rj"", ""width"": 60, ""height"": 60}, {""url"": ""https://yt3.googleusercontent.com/6Oi88kQ09LEYInvDlQkghY8yfu-SgWO9Gui9yPmV_dO0vbyRX4d0LTeWtUOLiK2tmf-JXI-84033_tI=w120-h120-l90-rj"", ""width"": 120, ""height"": 120}]",,,,YouTube Music internal web API via ytmusicapi; personalized playlist fetched with named auth profile.,28.0,8.333333,4.974474848,cumulative views of the exact recommended YouTube video,94292,4.974474848,Middle,Middle,"Frozen 83-song candidate pool captured 2026-06-29T19:44:09+00:00; Low <=7,505; lower buffer 7,506-19,756; Middle 19,757-243,792; upper buffer 243,793-1,223,809; High >=1,223,810 views.","Use view_count or popularity_log10_view_count for comparisons across users, weeks, and the original playlist. Do not use the within-Discover-Mix rank or percentile for cross-playlist comparisons because those are recalculated separately inside every 30-song mix.",Popularity is for the exact recommended video ID. Report or control video_type because this item is MUSIC_VIDEO_TYPE_ATV; ATV denotes an Art Track and OMV an official music video.
2026-08-17T11:39:55+00:00,user_03,Aysima Baba,Discover Mix,RDTMAK5uy_n_5IN6hzAOwdCnM8D8rzrs3vDl12UcZpA,https://music.youtube.com/playlist?list=RDTMAK5uy_n_5IN6hzAOwdCnM8D8rzrs3vDl12UcZpA,,,,52318,"Discover great music, picked just for you. Always updating.",4,-TJr6Vu2Wh0,https://music.youtube.com/watch?v=-TJr6Vu2Wh0,https://www.youtube.com/watch?v=-TJr6Vu2Wh0,Let There Be Night,Kissin' Dynamite,UCQ89bk_Eum9CTRzX9UcBbrg,"[{""id"": ""UCQ89bk_Eum9CTRzX9UcBbrg"", ""name"": ""Kissin' Dynamite"", ""subscribers_display"": ""20.3K"", ""subscribers_approx"": 20300, ""channel_views"": null, ""description"": null, ""song_shelf_count"": 5, ""album_shelf_count"": 10, ""single_shelf_count"": 10, ""video_shelf_count"": 10, ""lookup_error"": """"}]",UCQ89bk_Eum9CTRzX9UcBbrg,Kissin' Dynamite,20.3K,20300,,,5,10,10,10,,,,,,,,,,,4:34,274,MUSIC_VIDEO_TYPE_OMV,1296452,,ytmusicapi player response videoDetails.viewCount,,,Not exposed by this YouTube Music endpoint; official YouTube Data API credentials are required.,People & Blogs,2018-12-18T08:05:48-08:00,2018-12-18T08:05:48-08:00,Napalm Records,UCG7AaCh_CiG6pq_rRDNw72A,http://www.youtube.com/@napalmrecords,249,AD;AE;AF;AG;AI;AL;AM;AO;AQ;AR;AS;AT;AU;AW;AX;AZ;BA;BB;BD;BE;BF;BG;BH;BI;BJ;BL;BM;BN;BO;BQ;BR;BS;BT;BV;BW;BY;BZ;CA;CC;CD;CF;CG;CH;CI;CK;CL;CM;CN;CO;CR;CU;CV;CW;CX;CY;CZ;DE;DJ;DK;DM;DO;DZ;EC;EE;EG;EH;ER;ES;ET;FI;FJ;FK;FM;FO;FR;GA;GB;GD;GE;GF;GG;GH;GI;GL;GM;GN;GP;GQ;GR;GS;GT;GU;GW;GY;HK;HM;HN;HR;HT;HU;ID;IE;IL;IM;IN;IO;IQ;IR;IS;IT;JE;JM;JO;JP;KE;KG;KH;KI;KM;KN;KP;KR;KW;KY;KZ;LA;LB;LC;LI;LK;LR;LS;LT;LU;LV;LY;MA;MC;MD;ME;MF;MG;MH;MK;ML;MM;MN;MO;MP;MQ;MR;MS;MT;MU;MV;MW;MX;MY;MZ;NA;NC;NE;NF;NG;NI;NL;NO;NP;NR;NU;NZ;OM;PA;PE;PF;PG;PH;PK;PL;PM;PN;PR;PS;PT;PW;PY;QA;RE;RO;RS;RU;RW;SA;SB;SC;SD;SE;SG;SH;SI;SJ;SK;SL;SM;SN;SO;SR;SS;ST;SV;SX;SY;SZ;TC;TD;TF;TG;TH;TJ;TK;TL;TM;TN;TO;TR;TT;TV;TW;TZ;UA;UG;UM;US;UY;UZ;VA;VC;VE;VG;VI;VN;VU;WF;WS;YE;YT;ZA;ZM;ZW,"Distribution availability, not artist nationality or audience geography.",Napalm; Records; Channel,https://music.youtube.com/watch?v=-TJr6Vu2Wh0,True,False,False,True,False,False,True,True,False,,OK,True,INDIFFERENT,False,https://i.ytimg.com/vi/-TJr6Vu2Wh0/maxresdefault.jpg,"[{""url"": ""https://i.ytimg.com/vi/-TJr6Vu2Wh0/hqdefault.jpg?sqp=-oaymwEWCJADEOEBIAQqCggAEOADGC0guwJIWg&rs=AMzJL3lximPEB71NV6OF3M9QiwrdMeiYEA"", ""width"": 400, ""height"": 225}]",,,missing album browse id,YouTube Music internal web API via ytmusicapi; personalized playlist fetched with named auth profile.,18.0,41.666667,6.112756442,cumulative views of the exact recommended YouTube video,1296452,6.112756442,High,High,"Frozen 83-song candidate pool captured 2026-06-29T19:44:09+00:00; Low <=7,505; lower buffer 7,506-19,756; Middle 19,757-243,792; upper buffer 243,793-1,223,809; High >=1,223,810 views.","Use view_count or popularity_log10_view_count for comparisons across users, weeks, and the original playlist. Do not use the within-Discover-Mix rank or percentile for cross-playlist comparisons because those are recalculated separately inside every 30-song mix.",Popularity is for the exact recommended video ID. Report or control video_type because this item is MUSIC_VIDEO_TYPE_OMV; ATV denotes an Art Track and OMV an official music video.
2026-08-17T11:39:55+00:00,user_03,Aysima Baba,Discover Mix,RDTMAK5uy_n_5IN6hzAOwdCnM8D8rzrs3vDl12UcZpA,https://music.youtube.com/playlist?list=RDTMAK5uy_n_5IN6hzAOwdCnM8D8rzrs3vDl12UcZpA,,,,52318,"Discover great music, picked just for you. Always updating.",5,0J2QdDbelmY,https://music.youtube.com/watch?v=0J2QdDbelmY,https://www.youtube.com/watch?v=0J2QdDbelmY,Seven Nation Army (Live),The White Stripes,UCD0Wge1UpszMtqK3P9x50vA,"[{""id"": ""UCD0Wge1UpszMtqK3P9x50vA"", ""name"": ""The White Stripes"", ""subscribers_display"": ""1.17M"", ""subscribers_approx"": 1170000, ""channel_views"": 1750711239, ""description"": ""The White Stripes are Jack White and Meg White. Formed in Southwest Detroit in 1997, the acclaimed rock duo released six studio albums with their simple guitar, drums and vocals approach – The White Stripes (1999), De Stijl (2000), White Blood Cells (2001), Elephant (2003) which includes global anthem “Seven Nation Army”, Get Behind Me Satan (2005), Icky Thump (2007), as well as The White Stripes Greatest Hits (2020)."", ""song_shelf_count"": 5, ""album_shelf_count"": 8, ""single_shelf_count"": 10, ""video_shelf_count"": 10, ""lookup_error"": """"}]",UCD0Wge1UpszMtqK3P9x50vA,The White Stripes,1.17M,1170000,1750711239,"The White Stripes are Jack White and Meg White. Formed in Southwest Detroit in 1997, the acclaimed rock duo released six studio albums with their simple guitar, drums and vocals approach – The White Stripes (1999), De Stijl (2000), White Blood Cells (2001), Elephant (2003) which includes global anthem “Seven Nation Army”, Get Behind Me Satan (2005), Icky Thump (2007), as well as The White Stripes Greatest Hits (2020).",5,8,10,10,,,,,,,,,,,3:59,239,MUSIC_VIDEO_TYPE_OMV,846158832,,ytmusicapi player response videoDetails.viewCount,,,Not exposed by this YouTube Music endpoint; official YouTube Data API credentials are required.,Music,2008-10-21T06:32:13-07:00,2008-10-21T06:32:13-07:00,The White Stripes,UC0sQemK7pgX5fYy0k1MFsHg,http://www.youtube.com/@thewhitestripes,249,AD;AE;AF;AG;AI;AL;AM;AO;AQ;AR;AS;AT;AU;AW;AX;AZ;BA;BB;BD;BE;BF;BG;BH;BI;BJ;BL;BM;BN;BO;BQ;BR;BS;BT;BV;BW;BY;BZ;CA;CC;CD;CF;CG;CH;CI;CK;CL;CM;CN;CO;CR;CU;CV;CW;CX;CY;CZ;DE;DJ;DK;DM;DO;DZ;EC;EE;EG;EH;ER;ES;ET;FI;FJ;FK;FM;FO;FR;GA;GB;GD;GE;GF;GG;GH;GI;GL;GM;GN;GP;GQ;GR;GS;GT;GU;GW;GY;HK;HM;HN;HR;HT;HU;ID;IE;IL;IM;IN;IO;IQ;IR;IS;IT;JE;JM;JO;JP;KE;KG;KH;KI;KM;KN;KP;KR;KW;KY;KZ;LA;LB;LC;LI;LK;LR;LS;LT;LU;LV;LY;MA;MC;MD;ME;MF;MG;MH;MK;ML;MM;MN;MO;MP;MQ;MR;MS;MT;MU;MV;MW;MX;MY;MZ;NA;NC;NE;NF;NG;NI;NL;NO;NP;NR;NU;NZ;OM;PA;PE;PF;PG;PH;PK;PL;PM;PN;PR;PS;PT;PW;PY;QA;RE;RO;RS;RU;RW;SA;SB;SC;SD;SE;SG;SH;SI;SJ;SK;SL;SM;SN;SO;SR;SS;ST;SV;SX;SY;SZ;TC;TD;TF;TG;TH;TJ;TK;TL;TM;TN;TO;TR;TT;TV;TW;TZ;UA;UG;UM;US;UY;UZ;VA;VC;VE;VG;VI;VN;VU;WF;WS;YE;YT;ZA;ZM;ZW,"Distribution availability, not artist nationality or audience geography.",Seven Nation Army; Jack White; seven nation army; white stripes; the white stripes; 7 nation army; white stripes seven nation army lyrics; white stripes seven nation army; jack white; the white stripes seven nation army; tan tan tan tan taaaan cancion rock; the white stripes seven nation army lyrics; seven nation; nation army; stripes; popolopopopo musique; icky thump; handshake trend; tiktok handshake; Ben Callahan & The White Stripes; ben callahan; 7 nation army handshake,https://music.youtube.com/watch?v=0J2QdDbelmY,True,False,False,True,False,False,True,True,False,,OK,True,INDIFFERENT,False,https://i.ytimg.com/vi/0J2QdDbelmY/maxresdefault.jpg,"[{""url"": ""https://i.ytimg.com/vi/0J2QdDbelmY/hqdefault.jpg?sqp=-oaymwEWCJADEOEBIAQqCggAEOADGC0guwJIWg&rs=AMzJL3mTAryod0KI6IOs4y99zhh0NVA4xQ"", ""width"": 400, ""height"": 225}]",,,missing album browse id,YouTube Music internal web API via ytmusicapi; personalized playlist fetched with named auth profile.,3.0,91.666667,8.927451892,cumulative views of the exact recommended YouTube video,846158832,8.927451892,High,High,"Frozen 83-song candidate pool captured 2026-06-29T19:44:09+00:00; Low <=7,505; lower buffer 7,506-19,756; Middle 19,757-243,792; upper buffer 243,793-1,223,809; High >=1,223,810 views.","Use view_count or popularity_log10_view_count for comparisons across users, weeks, and the original playlist. Do not use the within-Discover-Mix rank or percentile for cross-playlist comparisons because those are recalculated separately inside every 30-song mix.",Popularity is for the exact recommended video ID. Report or control video_type because this item is MUSIC_VIDEO_TYPE_OMV; ATV denotes an Art Track and OMV an official music video.
2026-08-17T11:39:55+00:00,user_03,Aysima Baba,Discover Mix,RDTMAK5uy_n_5IN6hzAOwdCnM8D8rzrs3vDl12UcZpA,https://music.youtube.com/playlist?list=RDTMAK5uy_n_5IN6hzAOwdCnM8D8rzrs3vDl12UcZpA,,,,52318,"Discover great music, picked just for you. Always updating.",6,e7kJRGPgvRQ,https://music.youtube.com/watch?v=e7kJRGPgvRQ,https://www.youtube.com/watch?v=e7kJRGPgvRQ,Vodka,Korpiklaani,UC_MdHsWfs_34TX-nKRWfDrA,"[{""id"": ""UC_MdHsWfs_34TX-nKRWfDrA"", ""name"": ""Korpiklaani"", ""subscribers_display"": ""173K"", ""subscribers_approx"": 173000, ""channel_views"": 93126454, ""description"": ""The foundation of Korpiklaani in 2003 in Lahti, Finland brought the traditional folk music back to life. No one could have foreseen that such a large audience would be interested in Finnish and English mythological texts.\n\nKorpiklaani:\nJonne Järvelä – Vocals, acoustic guitar, mandolin, percussion, violafon\nOlli Vänskä – Fiddle\nCane – Guitars, backing vocals\nJarkko Aaltonen - Bass\nSami Perttula – Accordion\nSamuli Mikkonen – Drums\n\n”Sprit Of The Forest” 2003\n”Voice Of Wilderness” 2005\n”Tales Along This Road” 2006\n”Tervaskanto” 2007\n”Korven Kuningas” 2008\n”Karkelo” 2009\n”Ukon Wacka” 2011\n“Manala’ 2012\n”Noita” 2015 \n“Live at Masters of Rock” 2017  (DVD/Blu-Ray)\n“Kulkija\"" 2018\n\""Jylhä\"" 2021\n\""Rankarumpu\""2025\n\nFor more info - www.korpiklaani.com"", ""song_shelf_count"": 5, ""album_shelf_count"": 10, ""single_shelf_count"": 10, ""video_shelf_count"": 10, ""lookup_error"": """"}]",UC_MdHsWfs_34TX-nKRWfDrA,Korpiklaani,173K,173000,93126454,"The foundation of Korpiklaani in 2003 in Lahti, Finland brought the traditional folk music back to life. No one could have foreseen that such a large audience would be interested in Finnish and English mythological texts.

Korpiklaani:
Jonne Järvelä – Vocals, acoustic guitar, mandolin, percussion, violafon
Olli Vänskä – Fiddle
Cane – Guitars, backing vocals
Jarkko Aaltonen - Bass
Sami Perttula – Accordion
Samuli Mikkonen – Drums

”Sprit Of The Forest” 2003
”Voice Of Wilderness” 2005
”Tales Along This Road” 2006
”Tervaskanto” 2007
”Korven Kuningas” 2008
”Karkelo” 2009
”Ukon Wacka” 2011
“Manala’ 2012
”Noita” 2015 
“Live at Masters of Rock” 2017  (DVD/Blu-Ray)
“Kulkija"" 2018
""Jylhä"" 2021
""Rankarumpu""2025

For more info - www.korpiklaani.com",5,10,10,10,,,,,,,,,,,3:02,182,MUSIC_VIDEO_TYPE_OMV,45060062,,ytmusicapi player response videoDetails.viewCount,,,Not exposed by this YouTube Music endpoint; official YouTube Data API credentials are required.,Music,2009-06-12T01:22:11-07:00,2009-06-12T01:22:11-07:00,Nuclear Blast Records,UCoxg3Kml41wE3IPq-PC-LQw,http://www.youtube.com/@NuclearBlastRecords,249,AD;AE;AF;AG;AI;AL;AM;AO;AQ;AR;AS;AT;AU;AW;AX;AZ;BA;BB;BD;BE;BF;BG;BH;BI;BJ;BL;BM;BN;BO;BQ;BR;BS;BT;BV;BW;BY;BZ;CA;CC;CD;CF;CG;CH;CI;CK;CL;CM;CN;CO;CR;CU;CV;CW;CX;CY;CZ;DE;DJ;DK;DM;DO;DZ;EC;EE;EG;EH;ER;ES;ET;FI;FJ;FK;FM;FO;FR;GA;GB;GD;GE;GF;GG;GH;GI;GL;GM;GN;GP;GQ;GR;GS;GT;GU;GW;GY;HK;HM;HN;HR;HT;HU;ID;IE;IL;IM;IN;IO;IQ;IR;IS;IT;JE;JM;JO;JP;KE;KG;KH;KI;KM;KN;KP;KR;KW;KY;KZ;LA;LB;LC;LI;LK;LR;LS;LT;LU;LV;LY;MA;MC;MD;ME;MF;MG;MH;MK;ML;MM;MN;MO;MP;MQ;MR;MS;MT;MU;MV;MW;MX;MY;MZ;NA;NC;NE;NF;NG;NI;NL;NO;NP;NR;NU;NZ;OM;PA;PE;PF;PG;PH;PK;PL;PM;PN;PR;PS;PT;PW;PY;QA;RE;RO;RS;RU;RW;SA;SB;SC;SD;SE;SG;SH;SI;SJ;SK;SL;SM;SN;SO;SR;SS;ST;SV;SX;SY;SZ;TC;TD;TF;TG;TH;TJ;TK;TL;TM;TN;TO;TR;TT;TV;TW;TZ;UA;UG;UM;US;UY;UZ;VA;VC;VE;VG;VI;VN;VU;WF;WS;YE;YT;ZA;ZM;ZW,"Distribution availability, not artist nationality or audience geography.",Metal Festival; official video; 2013; karkelo; Summerbreeze; korpiklaani; 2009; folk metal; vodka; metal; Summer Festival; music video; party music; Metal Festival 2013; korpiklaani - vodka; vodka - korpiklaani; Jonne Järvelä; Tuomas Rounakari; Juho Kauppinen; Jarkko Aaltonen; Cane Savijärvi; Matson Johansson; nuclear blast; Heavy Metal (Musical Genre); pagan metal,https://music.youtube.com/watch?v=e7kJRGPgvRQ,True,False,False,True,False,False,True,True,False,,OK,True,INDIFFERENT,False,https://i.ytimg.com/vi/e7kJRGPgvRQ/hqdefault.jpg,"[{""url"": ""https://i.ytimg.com/vi/e7kJRGPgvRQ/hqdefault.jpg?sqp=-oaymwEWCJADEOEBIAQqCggAEOADGC0guwJIWg&rs=AMzJL3kXTy0kZ9PgHFtfKst6s6kZtz2Fhg"", ""width"": 400, ""height"": 225}]",,,missing album browse id,YouTube Music internal web API via ytmusicapi; personalized playlist fetched with named auth profile.,6.0,81.666667,7.653791785,cumulative views of the exact recommended YouTube video,45060062,7.653791785,High,High,"Frozen 83-song candidate pool captured 2026-06-29T19:44:09+00:00; Low <=7,505; lower buffer 7,506-19,756; Middle 19,757-243,792; upper buffer 243,793-1,223,809; High >=1,223,810 views.","Use view_count or popularity_log10_view_count for comparisons across users, weeks, and the original playlist. Do not use the within-Discover-Mix rank or percentile for cross-playlist comparisons because those are recalculated separately inside every 30-song mix.",Popularity is for the exact recommended video ID. Report or control video_type because this item is MUSIC_VIDEO_TYPE_OMV; ATV denotes an Art Track and OMV an official music video.
2026-08-17T11:39:55+00:00,user_03,Aysima Baba,Discover Mix,RDTMAK5uy_n_5IN6hzAOwdCnM8D8rzrs3vDl12UcZpA,https://music.youtube.com/playlist?list=RDTMAK5uy_n_5IN6hzAOwdCnM8D8rzrs3vDl12UcZpA,,,,52318,"Discover great music, picked just for you. Always updating.",7,u9Dg-g7t2l4,https://music.youtube.com/watch?v=u9Dg-g7t2l4,https://www.youtube.com/watch?v=u9Dg-g7t2l4,The Sound of Silence,Disturbed,UCMHHDXMvnMKRzuEKtMe8ZRA,"[{""id"": ""UCMHHDXMvnMKRzuEKtMe8ZRA"", ""name"": ""Disturbed"", ""subscribers_display"": ""5.12M"", ""subscribers_approx"": 5120000, ""channel_views"": 4877288530, ""description"": ""By challenging convention, breaking boundaries, and innovating at every turn, Disturbed consistently push rock music forward.\n\nThe multiplatinum Chicago hard rock juggernaut accomplished the rare feat of achieving “five consecutive number one debuts on the Billboard Top 200.” That accolade historically elevated them to rarified air alongside Metallica, the only other hard rock group to do so in the history of the chart.\n\nImmortalized (2015) received a platinum certification and spawned the triple-platinum crossover smash “The Sound of Silence,” which garnered a nomination at the 2017 GRAMMY® Awards in the category of “Best Rock Performance.” Since their formation in 1996, Disturbed – David Draiman [vocals], Dan Donegan [guitar], Mike Wengren [drums], and John Moyer [bass] – have additionally sold 16 million albums globally and scored eleven No. 1 singles at Active Rock Radio. Their quadruple-platinum 2000 debut The Sickness formally announced their arrival as hard rock leaders, with that status solidified by subsequent GRAMMY® Award nominations as well as gold-, platinum- and double platinum-certified records as well as countless sold out shows around the globe.\n\nNamed “Best Rock Artist” during the 2017 iHeartRadioMusic Awards, Disturbed continue to boldly forge ahead in 2018 with the release of their aptly titled seventh offering, Evolution, and their leadoff single “Are You Ready.”"", ""song_shelf_count"": 5, ""album_shelf_count"": 10, ""single_shelf_count"": 10, ""video_shelf_count"": 10, ""lookup_error"": """"}]",UCMHHDXMvnMKRzuEKtMe8ZRA,Disturbed,5.12M,5120000,4877288530,"By challenging convention, breaking boundaries, and innovating at every turn, Disturbed consistently push rock music forward.

The multiplatinum Chicago hard rock juggernaut accomplished the rare feat of achieving “five consecutive number one debuts on the Billboard Top 200.” That accolade historically elevated them to rarified air alongside Metallica, the only other hard rock group to do so in the history of the chart.

Immortalized (2015) received a platinum certification and spawned the triple-platinum crossover smash “The Sound of Silence,” which garnered a nomination at the 2017 GRAMMY® Awards in the category of “Best Rock Performance.” Since their formation in 1996, Disturbed – David Draiman [vocals], Dan Donegan [guitar], Mike Wengren [drums], and John Moyer [bass] – have additionally sold 16 million albums globally and scored eleven No. 1 singles at Active Rock Radio. Their quadruple-platinum 2000 debut The Sickness formally announced their arrival as hard rock leaders, with that status solidified by subsequent GRAMMY® Award nominations as well as gold-, platinum- and double platinum-certified records as well as countless sold out shows around the globe.

Named “Best Rock Artist” during the 2017 iHeartRadioMusic Awards, Disturbed continue to boldly forge ahead in 2018 with the release of their aptly titled seventh offering, Evolution, and their leadoff single “Are You Ready.”",5,10,10,10,,,,,,,,,,,4:23,263,MUSIC_VIDEO_TYPE_OMV,1192782009,,ytmusicapi player response videoDetails.viewCount,,,Not exposed by this YouTube Music endpoint; official YouTube Data API credentials are required.,Music,2015-12-08T07:28:55-08:00,2015-12-08T07:28:55-08:00,Disturbed,UCveWMJeHgcIUPMnFzd7Vxjg,http://www.youtube.com/@DisturbedMusic,249,AD;AE;AF;AG;AI;AL;AM;AO;AQ;AR;AS;AT;AU;AW;AX;AZ;BA;BB;BD;BE;BF;BG;BH;BI;BJ;BL;BM;BN;BO;BQ;BR;BS;BT;BV;BW;BY;BZ;CA;CC;CD;CF;CG;CH;CI;CK;CL;CM;CN;CO;CR;CU;CV;CW;CX;CY;CZ;DE;DJ;DK;DM;DO;DZ;EC;EE;EG;EH;ER;ES;ET;FI;FJ;FK;FM;FO;FR;GA;GB;GD;GE;GF;GG;GH;GI;GL;GM;GN;GP;GQ;GR;GS;GT;GU;GW;GY;HK;HM;HN;HR;HT;HU;ID;IE;IL;IM;IN;IO;IQ;IR;IS;IT;JE;JM;JO;JP;KE;KG;KH;KI;KM;KN;KP;KR;KW;KY;KZ;LA;LB;LC;LI;LK;LR;LS;LT;LU;LV;LY;MA;MC;MD;ME;MF;MG;MH;MK;ML;MM;MN;MO;MP;MQ;MR;MS;MT;MU;MV;MW;MX;MY;MZ;NA;NC;NE;NF;NG;NI;NL;NO;NP;NR;NU;NZ;OM;PA;PE;PF;PG;PH;PK;PL;PM;PN;PR;PS;PT;PW;PY;QA;RE;RO;RS;RU;RW;SA;SB;SC;SD;SE;SG;SH;SI;SJ;SK;SL;SM;SN;SO;SR;SS;ST;SV;SX;SY;SZ;TC;TD;TF;TG;TH;TJ;TK;TL;TM;TN;TO;TR;TT;TV;TW;TZ;UA;UG;UM;US;UY;UZ;VA;VC;VE;VG;VI;VN;VU;WF;WS;YE;YT;ZA;ZM;ZW,"Distribution availability, not artist nationality or audience geography.",disturbed; sound of silence; simon and garfunkel cover; david draiman; disturbed immortalized; the sound of silence cover; hello darkess my old friend; disturbed singing the sound of silence; disturbed the sound of silence original; disturbed covers; disturbed songs; disturbed official video; the sound of silence disturbed; warner records,https://music.youtube.com/watch?v=u9Dg-g7t2l4,True,False,False,True,False,False,True,True,False,,OK,True,INDIFFERENT,False,https://i.ytimg.com/vi/u9Dg-g7t2l4/maxresdefault.jpg,"[{""url"": ""https://i.ytimg.com/vi/u9Dg-g7t2l4/hqdefault.jpg?sqp=-oaymwEWCJADEOEBIAQqCggAEOADGC0guwJIWg&rs=AMzJL3nR_jwOtrIC43x9Ofs6VgJj24pnbw"", ""width"": 400, ""height"": 225}]",,,missing album browse id,YouTube Music internal web API via ytmusicapi; personalized playlist fetched with named auth profile.,2.0,95.0,9.07656108,cumulative views of the exact recommended YouTube video,1192782009,9.07656108,High,High,"Frozen 83-song candidate pool captured 2026-06-29T19:44:09+00:00; Low <=7,505; lower buffer 7,506-19,756; Middle 19,757-243,792; upper buffer 243,793-1,223,809; High >=1,223,810 views.","Use view_count or popularity_log10_view_count for comparisons across users, weeks, and the original playlist. Do not use the within-Discover-Mix rank or percentile for cross-playlist comparisons because those are recalculated separately inside every 30-song mix.",Popularity is for the exact recommended video ID. Report or control video_type because this item is MUSIC_VIDEO_TYPE_OMV; ATV denotes an Art Track and OMV an official music video.
2026-08-17T11:39:55+00:00,user_03,Aysima Baba,Discover Mix,RDTMAK5uy_n_5IN6hzAOwdCnM8D8rzrs3vDl12UcZpA,https://music.youtube.com/playlist?list=RDTMAK5uy_n_5IN6hzAOwdCnM8D8rzrs3vDl12UcZpA,,,,52318,"Discover great music, picked just for you. Always updating.",8,W3q8Od5qJio,https://music.youtube.com/watch?v=W3q8Od5qJio,https://www.youtube.com/watch?v=W3q8Od5qJio,Rammstein - Du Hast (Official 4K Video),Rammstein,UCs6GGpd9zvsYghuYe0VDFUQ,"[{""id"": ""UCs6GGpd9zvsYghuYe0VDFUQ"", ""name"": ""Rammstein"", ""subscribers_display"": ""9.33M"", ""subscribers_approx"": 9330000, ""channel_views"": 8094422541, ""description"": ""Over the course of three decades, Rammstein have shaped heavy music with their unique blend of industrial sound, provocative aesthetics, and spectacular live shows. \n\nFormed in Berlin in 1994, the line-up has remained unchanged: Till Lindemann, Richard Z. Kruspe, Paul Landers, Oliver Riedel, Christoph Schneider, and Flake Lorenz. \n\nTheir debut “Herzeleid\"" (1995) laid the foundation for an international career that brought worldwide hits like “Du Hast”, “Sonne”, and “Mein Teil.” \n\nEight studio albums, including two German No.1 singles (“Pussy”, “Deutschland\"") and their most recent release “Zeit\"" (2022), have earned them multiple gold and platinum awards worldwide as well as Grammy nominations. \n\nKnown for uncompromising creativity, iconic videos, and incendiary stage productions, Rammstein continue to defy convention and sell out stadiums across the globe – writing one of the most influential and unique chapters in rock history."", ""song_shelf_count"": 5, ""album_shelf_count"": 10, ""single_shelf_count"": 10, ""video_shelf_count"": 10, ""lookup_error"": """"}]",UCs6GGpd9zvsYghuYe0VDFUQ,Rammstein,9.33M,9330000,8094422541,"Over the course of three decades, Rammstein have shaped heavy music with their unique blend of industrial sound, provocative aesthetics, and spectacular live shows. 

Formed in Berlin in 1994, the line-up has remained unchanged: Till Lindemann, Richard Z. Kruspe, Paul Landers, Oliver Riedel, Christoph Schneider, and Flake Lorenz. 

Their debut “Herzeleid"" (1995) laid the foundation for an international career that brought worldwide hits like “Du Hast”, “Sonne”, and “Mein Teil.” 

Eight studio albums, including two German No.1 singles (“Pussy”, “Deutschland"") and their most recent release “Zeit"" (2022), have earned them multiple gold and platinum awards worldwide as well as Grammy nominations. 

Known for uncompromising creativity, iconic videos, and incendiary stage productions, Rammstein continue to defy convention and sell out stadiums across the globe – writing one of the most influential and unique chapters in rock history.",5,10,10,10,,,,,,,,,,,3:56,236,MUSIC_VIDEO_TYPE_OMV,717551169,,ytmusicapi player response videoDetails.viewCount,,,Not exposed by this YouTube Music endpoint; official YouTube Data API credentials are required.,Entertainment,2015-07-31T07:37:12-07:00,2015-07-31T07:37:12-07:00,Rammstein Official,UCYp3rk70ACGXQ4gFAiMr1SQ,http://www.youtube.com/@RammsteinOfficial,249,AD;AE;AF;AG;AI;AL;AM;AO;AQ;AR;AS;AT;AU;AW;AX;AZ;BA;BB;BD;BE;BF;BG;BH;BI;BJ;BL;BM;BN;BO;BQ;BR;BS;BT;BV;BW;BY;BZ;CA;CC;CD;CF;CG;CH;CI;CK;CL;CM;CN;CO;CR;CU;CV;CW;CX;CY;CZ;DE;DJ;DK;DM;DO;DZ;EC;EE;EG;EH;ER;ES;ET;FI;FJ;FK;FM;FO;FR;GA;GB;GD;GE;GF;GG;GH;GI;GL;GM;GN;GP;GQ;GR;GS;GT;GU;GW;GY;HK;HM;HN;HR;HT;HU;ID;IE;IL;IM;IN;IO;IQ;IR;IS;IT;JE;JM;JO;JP;KE;KG;KH;KI;KM;KN;KP;KR;KW;KY;KZ;LA;LB;LC;LI;LK;LR;LS;LT;LU;LV;LY;MA;MC;MD;ME;MF;MG;MH;MK;ML;MM;MN;MO;MP;MQ;MR;MS;MT;MU;MV;MW;MX;MY;MZ;NA;NC;NE;NF;NG;NI;NL;NO;NP;NR;NU;NZ;OM;PA;PE;PF;PG;PH;PK;PL;PM;PN;PR;PS;PT;PW;PY;QA;RE;RO;RS;RU;RW;SA;SB;SC;SD;SE;SG;SH;SI;SJ;SK;SL;SM;SN;SO;SR;SS;ST;SV;SX;SY;SZ;TC;TD;TF;TG;TH;TJ;TK;TL;TM;TN;TO;TR;TT;TV;TW;TZ;UA;UG;UM;US;UY;UZ;VA;VC;VE;VG;VI;VN;VU;WF;WS;YE;YT;ZA;ZM;ZW,"Distribution availability, not artist nationality or audience geography.",Rammstein; Rammstein Official; Official; Official Video; Rammstein Musik; Rammstein Official Video; Rammstein.Official; Rammstein Channel; Heavy; Metal; Germany; Rammstein Video; Du Hast; Rammstein Du Hast; Du Hast Video; Rammstein Du Hast Video; Rammstein Du Hast Official; Neue Deutsche Härte (Musical Genre); Rammstein (Musical Group); Music Video (TV Genre); Rammstein (Composition); Music (TV Genre); Раммштайн; духаст; сонне; енгел; деутсчланд; сехнсучт,https://music.youtube.com/watch?v=W3q8Od5qJio,True,False,False,True,False,False,True,True,False,,OK,True,INDIFFERENT,False,https://i.ytimg.com/vi/W3q8Od5qJio/maxresdefault.jpg,"[{""url"": ""https://i.ytimg.com/vi/W3q8Od5qJio/hqdefault.jpg?sqp=-oaymwEWCJADEOEBIAQqCggAEOADGC0guwJIWg&rs=AMzJL3klD-8DNg7aNkuO0ge7Gd8hylEHIw"", ""width"": 400, ""height"": 225}]",,,missing album browse id,YouTube Music internal web API via ytmusicapi; personalized playlist fetched with named auth profile.,4.0,88.333333,8.855852876,cumulative views of the exact recommended YouTube video,717551169,8.855852876,High,High,"Frozen 83-song candidate pool captured 2026-06-29T19:44:09+00:00; Low <=7,505; lower buffer 7,506-19,756; Middle 19,757-243,792; upper buffer 243,793-1,223,809; High >=1,223,810 views.","Use view_count or popularity_log10_view_count for comparisons across users, weeks, and the original playlist. Do not use the within-Discover-Mix rank or percentile for cross-playlist comparisons because those are recalculated separately inside every 30-song mix.",Popularity is for the exact recommended video ID. Report or control video_type because this item is MUSIC_VIDEO_TYPE_OMV; ATV denotes an Art Track and OMV an official music video.
2026-08-17T11:39:55+00:00,user_03,Aysima Baba,Discover Mix,RDTMAK5uy_n_5IN6hzAOwdCnM8D8rzrs3vDl12UcZpA,https://music.youtube.com/playlist?list=RDTMAK5uy_n_5IN6hzAOwdCnM8D8rzrs3vDl12UcZpA,,,,52318,"Discover great music, picked just for you. Always updating.",9,bn-HCyk--5o,https://music.youtube.com/watch?v=bn-HCyk--5o,https://www.youtube.com/watch?v=bn-HCyk--5o,Against the Wind,Stratovarius,UCrmWShE1Kjc31dCC5g2Ti2w,"[{""id"": ""UCrmWShE1Kjc31dCC5g2Ti2w"", ""name"": ""Stratovarius"", ""subscribers_display"": ""178K"", ""subscribers_approx"": 178000, ""channel_views"": 54452774, ""description"": ""Stratovarius is a Finnish power metal band formed in 1984. They have released sixteen studio albums, six DVDs, and six live albums. The band's line-up has changed many times, with no founding member left since the departure of drummer Tuomo Lassila in 1995, and no member from their early recording days left following guitarist Timo Tolkki's departure in 2008. Currently, the longest standing member is singer Timo Kotipelto, who joined in 1994.\nThe band was founded in August 1984 as Black Water, consisting of Lassila as singer and drummer, guitarist Staffan Stråhlman, bassist John Vihervä, and, later, keyboardist Antti Ikonen. In Summer 1985, the band changed its name to Stratovarius, which was soon followed by line-up changes. Tolkki replaced Stråhlman and with this line-up, the band released its first album Fright Night in 1989, with Tolkki as sole songwriter. While going through many bassists, the band released the albums Twilight Time in 1992 and Dreamspace in 1994. In 1994, Kotipelto replaced Tolkki as lead vocalist, and after the release of Fourth Dimension in 1995, Lassila and Ikonen left the band and were replaced by Jörg Michael and Jens Johansson respectively.\n\nFrom Wikipedia ("", ""song_shelf_count"": 5, ""album_shelf_count"": 10, ""single_shelf_count"": 8, ""video_shelf_count"": 10, ""lookup_error"": """"}]",UCrmWShE1Kjc31dCC5g2Ti2w,Stratovarius,178K,178000,54452774,"Stratovarius is a Finnish power metal band formed in 1984. They have released sixteen studio albums, six DVDs, and six live albums. The band's line-up has changed many times, with no founding member left since the departure of drummer Tuomo Lassila in 1995, and no member from their early recording days left following guitarist Timo Tolkki's departure in 2008. Currently, the longest standing member is singer Timo Kotipelto, who joined in 1994.
The band was founded in August 1984 as Black Water, consisting of Lassila as singer and drummer, guitarist Staffan Stråhlman, bassist John Vihervä, and, later, keyboardist Antti Ikonen. In Summer 1985, the band changed its name to Stratovarius, which was soon followed by line-up changes. Tolkki replaced Stråhlman and with this line-up, the band released its first album Fright Night in 1989, with Tolkki as sole songwriter. While going through many bassists, the band released the albums Twilight Time in 1992 and Dreamspace in 1994. In 1994, Kotipelto replaced Tolkki as lead vocalist, and after the release of Fourth Dimension in 1995, Lassila and Ikonen left the band and were replaced by Jörg Michael and Jens Johansson respectively.

From Wikipedia (",5,10,8,10,MPREb_vFwKimPbOtM,Fourth Dimension,Album,1995,11,59 minutes,3571,OLAK5uy_njeTIJXqZncR9lsMijbROgR6caLecsEwE,Stratovarius,"Fourth Dimension is the fourth studio album by power metal band Stratovarius, released on 11 March 1995 through Noise Records. The album is the band's first to feature vocalist Timo Kotipelto as well as the last with keyboardist Antti Ikonen and drummer Tuomo Lassila, thus being the last Stratovarius album to date featuring an all-Finnish line-up.
Founding member and guitarist Timo Tolkki, who had served as the band's vocalist for their first three albums, made the decision to leave the vocals to Timo Kotipelto who the band had already known some time before. Tolkki still provided background vocals on Fourth Dimension before handing over lead singing duties to Kotipelto for all subsequent albums. The track ""030366"" is likely a reference to Tolkki's birthday of 3 March 1966. The album seen Stratovarius take off both commercially and artistically. As they redefined its style, with a mix between melody, speed and technical guitar passages.
For a couple of months, the recording sessions for this album ran parallel and in the same studio as Tolkki's then-upcoming solo studio album Classical Variations and Themes.

From Wikipedia (",3:49,229,MUSIC_VIDEO_TYPE_ATV,76070,,ytmusicapi player response videoDetails.viewCount,,,Not exposed by this YouTube Music endpoint; official YouTube Data API credentials are required.,Music,2026-01-26T03:40:07-08:00,2026-01-26T03:40:07-08:00,Stratovarius - Topic,UCrmWShE1Kjc31dCC5g2Ti2w,http://www.youtube.com/channel/UCrmWShE1Kjc31dCC5g2Ti2w,114,AE;AR;AS;AT;AU;AW;AZ;BA;BD;BE;BG;BH;BM;BO;BR;BY;CA;CH;CL;CO;CR;CY;CZ;DE;DK;DO;DZ;EC;EE;EG;ES;FI;FR;GB;GE;GF;GH;GP;GR;GT;GU;HK;HN;HR;HU;IE;IL;IN;IQ;IS;IT;JM;JO;KE;KH;KW;KY;KZ;LB;LI;LK;LT;LU;LV;LY;MA;MK;MP;MQ;MT;MX;NC;NG;NI;NL;NO;NP;NZ;OM;PA;PE;PF;PG;PH;PK;PL;PR;PT;PY;QA;RE;RO;RS;RU;SA;SE;SI;SK;SN;SV;TC;TN;TR;TZ;UA;UG;US;UY;VE;VI;YE;YT;ZA;ZW,"Distribution availability, not artist nationality or audience geography.",Stratovarius; Fourth Dimension; Against the Wind,https://music.youtube.com/watch?v=bn-HCyk--5o,True,False,False,True,False,False,True,True,False,False,OK,True,INDIFFERENT,False,https://i.ytimg.com/vi/bn-HCyk--5o/maxresdefault.jpg,"[{""url"": ""https://yt3.googleusercontent.com/FA3iSI0BU6YCW_VuI7S2CYJViq6dIDd3QKexx5-VEkOXdLVp0CWjal_0cR-VYkmYM7WJwSepxLOMEp4=w60-h60-l90-rj"", ""width"": 60, ""height"": 60}, {""url"": ""https://yt3.googleusercontent.com/FA3iSI0BU6YCW_VuI7S2CYJViq6dIDd3QKexx5-VEkOXdLVp0CWjal_0cR-VYkmYM7WJwSepxLOMEp4=w120-h120-l90-rj"", ""width"": 120, ""height"": 120}]",,,,YouTube Music internal web API via ytmusicapi; personalized playlist fetched with named auth profile.,30.0,1.666667,4.881213416,cumulative views of the exact recommended YouTube video,76070,4.881213416,Middle,Middle,"Frozen 83-song candidate pool captured 2026-06-29T19:44:09+00:00; Low <=7,505; lower buffer 7,506-19,756; Middle 19,757-243,792; upper buffer 243,793-1,223,809; High >=1,223,810 views.","Use view_count or popularity_log10_view_count for comparisons across users, weeks, and the original playlist. Do not use the within-Discover-Mix rank or percentile for cross-playlist comparisons because those are recalculated separately inside every 30-song mix.",Popularity is for the exact recommended video ID. Report or control video_type because this item is MUSIC_VIDEO_TYPE_ATV; ATV denotes an Art Track and OMV an official music video.
2026-08-17T11:39:55+00:00,user_03,Aysima Baba,Discover Mix,RDTMAK5uy_n_5IN6hzAOwdCnM8D8rzrs3vDl12UcZpA,https://music.youtube.com/playlist?list=RDTMAK5uy_n_5IN6hzAOwdCnM8D8rzrs3vDl12UcZpA,,,,52318,"Discover great music, picked just for you. Always updating.",10,N8FxwSGNBZA,https://music.youtube.com/watch?v=N8FxwSGNBZA,https://www.youtube.com/watch?v=N8FxwSGNBZA,ANTHRAX - The Devil You Know (OFFICIAL VIDEO),Anthrax,UCYjzkgiNzCLU_NlBAFflrAg,"[{""id"": ""UCYjzkgiNzCLU_NlBAFflrAg"", ""name"": ""Anthrax"", ""subscribers_display"": ""367K"", ""subscribers_approx"": 367000, ""channel_views"": 210736570, ""description"": ""TV has soap operas, literature has Shakespeare, and metal – well, metal has ANTHRAX, that fire-breathing, thrash-spitting, multi-headed beast of a band that – 30 years since the day Scott Ian and then-bassist Danny Lilker searched a biology textbook for the disease that would become their moniker – smiles back at you with a monstrous, upturned middle finger and refuses to fucking die.\n\nBut then, if you have an inkling about heavy metal, you'll have heard of their meteoric rise in the 80s alongside the likes of Slayer, Megadeth, and a little band that once crashed on ANTHRAX’s studio floor known as Metallica. You'll know all about their game-changing, crossover hit with Public Enemy on “Bring The Noise“ in 1991. You'll have listened to generations of bands that owe everything to their signature stomp and crushing riffs.\nAnd in more recent times, you'll have witnessed an almost irrational will to survive in defiance of monumental odds. And that, true believers, is the story of one of the most doggedly heroic bands in metaldom on the cusp of their greatest release to date.\n\nThe road has not been easy. Rewind to 2005. Hot on the heels of 2003's rapturously received \""We've Come For You All“ (info | shop), a unanimously praised, end-to-end scorcher spearheaded by vocalist John Bush, ANTHRAX shocked the metal world with the announcement that singer Joey Belladonna would be re-joining the band for a classic, 80s-era reunion that would sweep them around the world on a wave of head-banging nostalgia, but more importantly, reconnecting the band as friends and as the brutal thrash machine that gave the world “Among The Living“ (info | shop).\nOnce that tour finished, ANTHRAX returned to discover that John Bush had moved on, and they would need to recruit yet another singer for the recording of their follow-up to “We've Come For You All“; the album that would become “Worship Music“(info | shop), their tenth studio album. The band worked with one singer for a period of time, but in 2009, they were still without the right vocalist. “There was no way I was going to let anything derail my life's work,” says Scott Ian.\n“We've been through more drama than most bands experience in a lifetime. Granted, we didn't have to deal with somebody dying or some tragic situation but at the same time we really did face an uncertain future. For lack of a better way to explain it, I am a tenacious prick, and if I want something to happen I will make it so. It's always been like that. It touches on the 30th anniversary. I think back to July 18, 1981. Danny Lilker and I were friends and I always said to him, 'when White Heat [Lilker’s band at the time] break up, we're forming Anthrax,' and he was like, 'we're not breaking up.' I've always been like that, and with such an amazing record to put out, there's no way I was going to let anything screw that up.”\n\nRefusing to accept their predicament, the remaining members rallied themselves in a spine-tingling gesture of conviction and self-belief for what would become the single greatest metal event of the 21st century, the first-ever performance of The Big 4. According to Charlie Benante, getting the band's proverbial excrement together for that gig was just the motivation that ANTHRAX needed to spit out the blood and get back on their feet. “The genesis of this whole Big 4 idea – and you could say the idea of getting Joey back in the band full time - was at the Rock and Roll Hall of Fame,” Benante continues. “It was me, Lars, and Scott talking at the bar, bullshitting, and Lars just blurted it out. It was such a surreal moment, we weren't sure if he was taking the piss out of us and all of a sudden it just happened. It made us really say 'we need to step this up and get this thing going.' It was because of that that we were pushed into this direction. Metallica gave us the kick in the ass that we needed.”\n“Joey was the band’s vocalist from ’85 to ’92, the time period when ‘The Big Four’ started,” added Scott, “so we felt he had to be the guy to represent us on these Big Four shows, and he had to be the guy on the new record.”\nRob Caggiano picks up the story – “So Charlie called Joey, they started talking and Joey expressed an interest. Then we all met with him in New York and while the vibe was really good, none of us really knew what to expect. Then we did the first Big 4 show with Joey, I think that’s when we all knew that this was right. The vibe was amazing, he sounds better than he’s ever sounded, including the reunion tour.”\nReuniting with Joey Belladonna for a whirlwind, globe-stomping tour that would see ANTHRAX playing shoulder to shoulder with Slayer, Megadeth and old pals Metallica, the explosive success of The Big 4 would suddenly beg the question of what would happen next, and more to the point: who would sing on “Worship Music“, and how would ANTHRAX approach the follow-up to “We’ve Come For You All“?\n\nIt wasn’t easy, but – from the ferocious attack of “Earth on Hell” to the red-blooded might of “Fight’em ‘Til You Can’t,” the results have been nothing less than horn-conjuring. “The majority of this record was about 55% done before we even had a singer in mind,” explains Charlie. “It was me, Scott and Frankie in our rehearsal room, the same way we wrote “Spreading the Disease“ (info | shop) - with no singer in mind. But I'll never forget the day I first heard Joey singing, I got goosebumps, I got excited - all I could think of in my mind was 'how will he sing this song' and it was just amazing to me. Every time I heard the next song I would be like, 'this rules.'”\n“The process leading up to it was painful but I think being in ANTHRAX is painful,” says bassist Frank Bello with a laugh. “I think everything happens for a reason and to listen to this record now, this is the reason it had to happen that way, and I am loving Joey's voice. I'm listening and I'm thinking 'you know I can't tell you when he sang better.' I'm not gonna kiss his ass that much but I really think the guy just doesn't age. He weirds me out because he just goes out there and sings like a bird, amazingly, with power. He came into a hard situation. He really rose to it. When Joey came in it was like the icing on the cake for me. ”\nJoey agrees: “It's not easy to throw someone in there and try to wash away what you've done and how you've done it,” says Joey. “I feel honored, but I also feel like I've done a lot to be there, I wasn't just saying 'oh I've got a chance again.' I just thought I'd be who I was without being like 'can I be like someone else?' I just went in and sang with the best intentions. I just did whatever came from my heart to the best of my abilities, and it worked.”\nAnd that is an understatement. Co-produced by Rob Caggiano and Jay Ruston (both Grammy-nominated producers), the album takes its name from one of Charlie's late-night bouts of insomnia where, while flipping through TV channels he stumbled upon a religious-themed infomercial entitled “Worship Music.”\nA fitting sentiment for an undeniable masterwork of skewering melodies powered by herculean riffage and a tunefulness that bespeaks ANTHRAX's utter supremacy as songwriters. From the haunting, ethereal tones of “Worship” – an atmospheric piece composed by Charlie himself – to the punch-in-the-face assault of opening track “Earth On Hell,” the results are positively badass. But that isn't to say “Worship Music“ is without its deeper subtexts.\n“The song “In the End” has a melancholy feel to it,” says Charlie. “It has nothing to do with the band, but two people who had a lot to do with our band, Dimebag and Ronnie James Dio. They were both heroes and huge influences on us. Darrell played on the last three ANTHRAX records, a sixth member if you will, and Ronnie was always a champion for us, taking us on tour, just being so amazing to us always. It had to be made, and it was very cathartic.”\n“It's just an epic piece of music,” adds Scott. “Of course in the back of my mind I was thinking, 'if somehow I could get this in the lyrics without it being completely cornball, that song would just lend itself to expressing the feelings and emotions about how we felt about what those guys meant to us -- Did we ever tell you how much we loved you tearing my head off tearing my face off ripping my heart out.” I meant that in a good way. The first time I ever heard Ronnie James Dio, my world was fucked forever.”\nOf course, “Worship Music“ also features a far more obvious musical tribute about ANTHRAX's greatest inspiration, Judas Priest, mysteriously entitled... “Judas Priest.”\n\nAlongside the colossal crescendo of “Crawl” and the irresistible catchiness of “The Devil You Know,” “Worship Music“ is a record of mass destruction to be released upon the world, and to the delight of fans everywhere it already began when, in July, the Anthrax.com was updated with new artwork by universally acclaimed comic artist Alex Ross and an offering of “Fight’em ‘Til You Can't” as a free download that swept across the internet like a thrash metal hurricane.\n\nGiven that this year ANTHRAX celebrates its 30th anniversary of fighting the good fight, Scott's sentiment is a poignant one. So how does it feel to be releasing a new record over three decades since you began? “It freaks me out actually, that that much time has gone by,” says Charlie. “In my mind I still feel like the same person from back then, but if we were to do this ten years ago, I would be more concerned about staying relevant and this time I could care less about staying relevant. It's about doing what I think our fans enjoy. I truly can't put it into any kind of context because we're just so busy, you know? We're sitting here with this setup of a record in the middle of playing shows with so much going on, so I guess I could say nothing is changed, things are exactly the same as when we're working toward the next thing and that's maybe somehow some way we've always been able to move forward, always looking forward and never stopping - it's never been that way with ANTHRAX, even just this constant struggle to find band members who would commit to rehearsing for four nights a week and having to fire them, it was constantly moving forward until we recorded “Fistful of Metal“ (info), well we've gotta go on tour and sell t-shirts, and we've gotta get rid of Neil Turbin, and then we found Joey. In 2011 my day is still filled with what's happening with ANTHRAX, and I love this new record and how it represents our whole career in ANTHRAX. I can't wait for people to hear it.”\n\nThe new live-in-concert DVD/Blu-ray “Chile On Hell“ (info | shop) will be released on October 17th (EU)/ October 20th (UK/FR). \""Chile On Hell\"" was filmed at the Teatro Caupolican in Santiago, Chile on May 10th, 2013. The Show featured songs from the band's entire catalogue."", ""song_shelf_count"": 5, ""album_shelf_count"": 10, ""single_shelf_count"": 10, ""video_shelf_count"": 10, ""lookup_error"": """"}]",UCYjzkgiNzCLU_NlBAFflrAg,Anthrax,367K,367000,210736570,"TV has soap operas, literature has Shakespeare, and metal – well, metal has ANTHRAX, that fire-breathing, thrash-spitting, multi-headed beast of a band that – 30 years since the day Scott Ian and then-bassist Danny Lilker searched a biology textbook for the disease that would become their moniker – smiles back at you with a monstrous, upturned middle finger and refuses to fucking die.

But then, if you have an inkling about heavy metal, you'll have heard of their meteoric rise in the 80s alongside the likes of Slayer, Megadeth, and a little band that once crashed on ANTHRAX’s studio floor known as Metallica. You'll know all about their game-changing, crossover hit with Public Enemy on “Bring The Noise“ in 1991. You'll have listened to generations of bands that owe everything to their signature stomp and crushing riffs.
And in more recent times, you'll have witnessed an almost irrational will to survive in defiance of monumental odds. And that, true believers, is the story of one of the most doggedly heroic bands in metaldom on the cusp of their greatest release to date.

The road has not been easy. Rewind to 2005. Hot on the heels of 2003's rapturously received ""We've Come For You All“ (info | shop), a unanimously praised, end-to-end scorcher spearheaded by vocalist John Bush, ANTHRAX shocked the metal world with the announcement that singer Joey Belladonna would be re-joining the band for a classic, 80s-era reunion that would sweep them around the world on a wave of head-banging nostalgia, but more importantly, reconnecting the band as friends and as the brutal thrash machine that gave the world “Among The Living“ (info | shop).
Once that tour finished, ANTHRAX returned to discover that John Bush had moved on, and they would need to recruit yet another singer for the recording of their follow-up to “We've Come For You All“; the album that would become “Worship Music“(info | shop), their tenth studio album. The band worked with one singer for a period of time, but in 2009, they were still without the right vocalist. “There was no way I was going to let anything derail my life's work,” says Scott Ian.
“We've been through more drama than most bands experience in a lifetime. Granted, we didn't have to deal with somebody dying or some tragic situation but at the same time we really did face an uncertain future. For lack of a better way to explain it, I am a tenacious prick, and if I want something to happen I will make it so. It's always been like that. It touches on the 30th anniversary. I think back to July 18, 1981. Danny Lilker and I were friends and I always said to him, 'when White Heat [Lilker’s band at the time] break up, we're forming Anthrax,' and he was like, 'we're not breaking up.' I've always been like that, and with such an amazing record to put out, there's no way I was going to let anything screw that up.”

Refusing to accept their predicament, the remaining members rallied themselves in a spine-tingling gesture of conviction and self-belief for what would become the single greatest metal event of the 21st century, the first-ever performance of The Big 4. According to Charlie Benante, getting the band's proverbial excrement together for that gig was just the motivation that ANTHRAX needed to spit out the blood and get back on their feet. “The genesis of this whole Big 4 idea – and you could say the idea of getting Joey back in the band full time - was at the Rock and Roll Hall of Fame,” Benante continues. “It was me, Lars, and Scott talking at the bar, bullshitting, and Lars just blurted it out. It was such a surreal moment, we weren't sure if he was taking the piss out of us and all of a sudden it just happened. It made us really say 'we need to step this up and get this thing going.' It was because of that that we were pushed into this direction. Metallica gave us the kick in the ass that we needed.”
“Joey was the band’s vocalist from ’85 to ’92, the time period when ‘The Big Four’ started,” added Scott, “so we felt he had to be the guy to represent us on these Big Four shows, and he had to be the guy on the new record.”
Rob Caggiano picks up the story – “So Charlie called Joey, they started talking and Joey expressed an interest. Then we all met with him in New York and while the vibe was really good, none of us really knew what to expect. Then we did the first Big 4 show with Joey, I think that’s when we all knew that this was right. The vibe was amazing, he sounds better than he’s ever sounded, including the reunion tour.”
Reuniting with Joey Belladonna for a whirlwind, globe-stomping tour that would see ANTHRAX playing shoulder to shoulder with Slayer, Megadeth and old pals Metallica, the explosive success of The Big 4 would suddenly beg the question of what would happen next, and more to the point: who would sing on “Worship Music“, and how would ANTHRAX approach the follow-up to “We’ve Come For You All“?

It wasn’t easy, but – from the ferocious attack of “Earth on Hell” to the red-blooded might of “Fight’em ‘Til You Can’t,” the results have been nothing less than horn-conjuring. “The majority of this record was about 55% done before we even had a singer in mind,” explains Charlie. “It was me, Scott and Frankie in our rehearsal room, the same way we wrote “Spreading the Disease“ (info | shop) - with no singer in mind. But I'll never forget the day I first heard Joey singing, I got goosebumps, I got excited - all I could think of in my mind was 'how will he sing this song' and it was just amazing to me. Every time I heard the next song I would be like, 'this rules.'”
“The process leading up to it was painful but I think being in ANTHRAX is painful,” says bassist Frank Bello with a laugh. “I think everything happens for a reason and to listen to this record now, this is the reason it had to happen that way, and I am loving Joey's voice. I'm listening and I'm thinking 'you know I can't tell you when he sang better.' I'm not gonna kiss his ass that much but I really think the guy just doesn't age. He weirds me out because he just goes out there and sings like a bird, amazingly, with power. He came into a hard situation. He really rose to it. When Joey came in it was like the icing on the cake for me. ”
Joey agrees: “It's not easy to throw someone in there and try to wash away what you've done and how you've done it,” says Joey. “I feel honored, but I also feel like I've done a lot to be there, I wasn't just saying 'oh I've got a chance again.' I just thought I'd be who I was without being like 'can I be like someone else?' I just went in and sang with the best intentions. I just did whatever came from my heart to the best of my abilities, and it worked.”
And that is an understatement. Co-produced by Rob Caggiano and Jay Ruston (both Grammy-nominated producers), the album takes its name from one of Charlie's late-night bouts of insomnia where, while flipping through TV channels he stumbled upon a religious-themed infomercial entitled “Worship Music.”
A fitting sentiment for an undeniable masterwork of skewering melodies powered by herculean riffage and a tunefulness that bespeaks ANTHRAX's utter supremacy as songwriters. From the haunting, ethereal tones of “Worship” – an atmospheric piece composed by Charlie himself – to the punch-in-the-face assault of opening track “Earth On Hell,” the results are positively badass. But that isn't to say “Worship Music“ is without its deeper subtexts.
“The song “In the End” has a melancholy feel to it,” says Charlie. “It has nothing to do with the band, but two people who had a lot to do with our band, Dimebag and Ronnie James Dio. They were both heroes and huge influences on us. Darrell played on the last three ANTHRAX records, a sixth member if you will, and Ronnie was always a champion for us, taking us on tour, just being so amazing to us always. It had to be made, and it was very cathartic.”
“It's just an epic piece of music,” adds Scott. “Of course in the back of my mind I was thinking, 'if somehow I could get this in the lyrics without it being completely cornball, that song would just lend itself to expressing the feelings and emotions about how we felt about what those guys meant to us -- Did we ever tell you how much we loved you tearing my head off tearing my face off ripping my heart out.” I meant that in a good way. The first time I ever heard Ronnie James Dio, my world was fucked forever.”
Of course, “Worship Music“ also features a far more obvious musical tribute about ANTHRAX's greatest inspiration, Judas Priest, mysteriously entitled... “Judas Priest.”

Alongside the colossal crescendo of “Crawl” and the irresistible catchiness of “The Devil You Know,” “Worship Music“ is a record of mass destruction to be released upon the world, and to the delight of fans everywhere it already began when, in July, the Anthrax.com was updated with new artwork by universally acclaimed comic artist Alex Ross and an offering of “Fight’em ‘Til You Can't” as a free download that swept across the internet like a thrash metal hurricane.

Given that this year ANTHRAX celebrates its 30th anniversary of fighting the good fight, Scott's sentiment is a poignant one. So how does it feel to be releasing a new record over three decades since you began? “It freaks me out actually, that that much time has gone by,” says Charlie. “In my mind I still feel like the same person from back then, but if we were to do this ten years ago, I would be more concerned about staying relevant and this time I could care less about staying relevant. It's about doing what I think our fans enjoy. I truly can't put it into any kind of context because we're just so busy, you know? We're sitting here with this setup of a record in the middle of playing shows with so much going on, so I guess I could say nothing is changed, things are exactly the same as when we're working toward the next thing and that's maybe somehow some way we've always been able to move forward, always looking forward and never stopping - it's never been that way with ANTHRAX, even just this constant struggle to find band members who would commit to rehearsing for four nights a week and having to fire them, it was constantly moving forward until we recorded “Fistful of Metal“ (info), well we've gotta go on tour and sell t-shirts, and we've gotta get rid of Neil Turbin, and then we found Joey. In 2011 my day is still filled with what's happening with ANTHRAX, and I love this new record and how it represents our whole career in ANTHRAX. I can't wait for people to hear it.”

The new live-in-concert DVD/Blu-ray “Chile On Hell“ (info | shop) will be released on October 17th (EU)/ October 20th (UK/FR). ""Chile On Hell"" was filmed at the Teatro Caupolican in Santiago, Chile on May 10th, 2013. The Show featured songs from the band's entire catalogue.",5,10,10,10,,,,,,,,,,,4:49,289,MUSIC_VIDEO_TYPE_OMV,7621302,,ytmusicapi player response videoDetails.viewCount,,,Not exposed by this YouTube Music endpoint; official YouTube Data API credentials are required.,Music,2012-01-26T16:41:13-08:00,2012-01-26T16:41:13-08:00,Anthrax,UCAaoOvkl49ngKzomWxpjzGg,http://www.youtube.com/@AnthraxBandOfficial,249,AD;AE;AF;AG;AI;AL;AM;AO;AQ;AR;AS;AT;AU;AW;AX;AZ;BA;BB;BD;BE;BF;BG;BH;BI;BJ;BL;BM;BN;BO;BQ;BR;BS;BT;BV;BW;BY;BZ;CA;CC;CD;CF;CG;CH;CI;CK;CL;CM;CN;CO;CR;CU;CV;CW;CX;CY;CZ;DE;DJ;DK;DM;DO;DZ;EC;EE;EG;EH;ER;ES;ET;FI;FJ;FK;FM;FO;FR;GA;GB;GD;GE;GF;GG;GH;GI;GL;GM;GN;GP;GQ;GR;GS;GT;GU;GW;GY;HK;HM;HN;HR;HT;HU;ID;IE;IL;IM;IN;IO;IQ;IR;IS;IT;JE;JM;JO;JP;KE;KG;KH;KI;KM;KN;KP;KR;KW;KY;KZ;LA;LB;LC;LI;LK;LR;LS;LT;LU;LV;LY;MA;MC;MD;ME;MF;MG;MH;MK;ML;MM;MN;MO;MP;MQ;MR;MS;MT;MU;MV;MW;MX;MY;MZ;NA;NC;NE;NF;NG;NI;NL;NO;NP;NR;NU;NZ;OM;PA;PE;PF;PG;PH;PK;PL;PM;PN;PR;PS;PT;PW;PY;QA;RE;RO;RS;RU;RW;SA;SB;SC;SD;SE;SG;SH;SI;SJ;SK;SL;SM;SN;SO;SR;SS;ST;SV;SX;SY;SZ;TC;TD;TF;TG;TH;TJ;TK;TL;TM;TN;TO;TR;TT;TV;TW;TZ;UA;UG;UM;US;UY;UZ;VA;VC;VE;VG;VI;VN;VU;WF;WS;YE;YT;ZA;ZM;ZW,"Distribution availability, not artist nationality or audience geography.",Anthrax (Musical Group); Nuclear Blast (Organization); Metal; Heavy Metal; Speed Metal (Musical Genre); Thrash Metal (Musical Genre); Joey Belladonna; Scott Ian; Jonathan Donais; Charlie Benante; Frank Bello (Musical Artist); metallica; megadeth; Slayer,https://music.youtube.com/watch?v=N8FxwSGNBZA,True,False,False,True,False,False,True,True,False,,OK,True,INDIFFERENT,False,https://i.ytimg.com/vi/N8FxwSGNBZA/maxresdefault.jpg,"[{""url"": ""https://i.ytimg.com/vi/N8FxwSGNBZA/hqdefault.jpg?sqp=-oaymwEWCJADEOEBIAQqCggAEOADGC0guwJIWg&rs=AMzJL3nC28u7DxrZhsqOgkx_XTVOyNsqUA"", ""width"": 400, ""height"": 225}]",,,missing album browse id,YouTube Music internal web API via ytmusicapi; personalized playlist fetched with named auth profile.,13.0,58.333333,6.882029171,cumulative views of the exact recommended YouTube video,7621302,6.882029171,High,High,"Frozen 83-song candidate pool captured 2026-06-29T19:44:09+00:00; Low <=7,505; lower buffer 7,506-19,756; Middle 19,757-243,792; upper buffer 243,793-1,223,809; High >=1,223,810 views.","Use view_count or popularity_log10_view_count for comparisons across users, weeks, and the original playlist. Do not use the within-Discover-Mix rank or percentile for cross-playlist comparisons because those are recalculated separately inside every 30-song mix.",Popularity is for the exact recommended video ID. Report or control video_type because this item is MUSIC_VIDEO_TYPE_OMV; ATV denotes an Art Track and OMV an official music video.
2026-08-17T11:39:55+00:00,user_03,Aysima Baba,Discover Mix,RDTMAK5uy_n_5IN6hzAOwdCnM8D8rzrs3vDl12UcZpA,https://music.youtube.com/playlist?list=RDTMAK5uy_n_5IN6hzAOwdCnM8D8rzrs3vDl12UcZpA,,,,52318,"Discover great music, picked just for you. Always updating.",11,rIL1vkQG_to,https://music.youtube.com/watch?v=rIL1vkQG_to,https://www.youtube.com/watch?v=rIL1vkQG_to,İnan Buna,Ogün Sanlısoy,UClWUCZ3-6m_dfZClzYlmK6w,"[{""id"": ""UClWUCZ3-6m_dfZClzYlmK6w"", ""name"": ""Ogün Sanlısoy"", ""subscribers_display"": ""66.1K"", ""subscribers_approx"": 66100, ""channel_views"": null, ""description"": null, ""song_shelf_count"": 5, ""album_shelf_count"": 8, ""single_shelf_count"": 8, ""video_shelf_count"": 10, ""lookup_error"": """"}]",UClWUCZ3-6m_dfZClzYlmK6w,Ogün Sanlısoy,66.1K,66100,,,5,8,8,10,,,,,,,,,,,3:41,221,MUSIC_VIDEO_TYPE_OMV,91125,,ytmusicapi player response videoDetails.viewCount,,,Not exposed by this YouTube Music endpoint; official YouTube Data API credentials are required.,People & Blogs,2023-03-30T14:00:27-07:00,2023-03-30T14:00:27-07:00,OGÜN SANLISOY,UCFvt-qw3llFrwomqBbgsxkg,http://www.youtube.com/@OG%C3%9CNSANLISOYofficial,248,AD;AE;AF;AG;AI;AL;AM;AO;AQ;AR;AS;AT;AU;AW;AX;AZ;BA;BB;BD;BE;BF;BG;BH;BI;BJ;BL;BM;BN;BO;BQ;BR;BS;BT;BV;BW;BY;BZ;CA;CC;CD;CF;CG;CH;CI;CK;CL;CM;CN;CO;CR;CU;CV;CW;CX;CY;CZ;DE;DJ;DK;DM;DO;DZ;EC;EE;EG;EH;ER;ES;ET;FI;FJ;FK;FM;FO;FR;GA;GB;GD;GE;GF;GG;GH;GI;GL;GM;GN;GP;GQ;GR;GS;GT;GU;GW;GY;HK;HM;HN;HR;HT;HU;ID;IE;IL;IM;IN;IO;IQ;IR;IS;IT;JE;JM;JO;JP;KE;KG;KH;KI;KM;KN;KP;KR;KW;KY;KZ;LA;LB;LC;LI;LK;LR;LS;LT;LU;LV;LY;MA;MC;MD;ME;MF;MG;MH;MK;ML;MM;MN;MO;MP;MQ;MR;MS;MT;MU;MV;MW;MX;MY;MZ;NA;NC;NE;NF;NG;NI;NL;NO;NP;NR;NU;NZ;OM;PA;PE;PF;PG;PH;PK;PL;PM;PN;PR;PS;PT;PW;PY;QA;RE;RO;RS;RW;SA;SB;SC;SD;SE;SG;SH;SI;SJ;SK;SL;SM;SN;SO;SR;SS;ST;SV;SX;SY;SZ;TC;TD;TF;TG;TH;TJ;TK;TL;TM;TN;TO;TR;TT;TV;TW;TZ;UA;UG;UM;US;UY;UZ;VA;VC;VE;VG;VI;VN;VU;WF;WS;YE;YT;ZA;ZM;ZW,"Distribution availability, not artist nationality or audience geography.",,https://music.youtube.com/watch?v=rIL1vkQG_to,True,False,False,True,False,False,True,True,False,,OK,True,INDIFFERENT,False,https://i.ytimg.com/vi/rIL1vkQG_to/maxresdefault.jpg,"[{""url"": ""https://i.ytimg.com/vi/rIL1vkQG_to/hqdefault.jpg?sqp=-oaymwEWCJADEOEBIAQqCggAEOADGC0guwJIWg&rs=AMzJL3nZjeQk4MhjJlqYzU0aJXIsac9EBA"", ""width"": 400, ""height"": 225}]",,,missing album browse id,YouTube Music internal web API via ytmusicapi; personalized playlist fetched with named auth profile.,29.0,5.0,4.959637541,cumulative views of the exact recommended YouTube video,91125,4.959637541,Middle,Middle,"Frozen 83-song candidate pool captured 2026-06-29T19:44:09+00:00; Low <=7,505; lower buffer 7,506-19,756; Middle 19,757-243,792; upper buffer 243,793-1,223,809; High >=1,223,810 views.","Use view_count or popularity_log10_view_count for comparisons across users, weeks, and the original playlist. Do not use the within-Discover-Mix rank or percentile for cross-playlist comparisons because those are recalculated separately inside every 30-song mix.",Popularity is for the exact recommended video ID. Report or control video_type because this item is MUSIC_VIDEO_TYPE_OMV; ATV denotes an Art Track and OMV an official music video.
2026-08-17T11:39:55+00:00,user_03,Aysima Baba,Discover Mix,RDTMAK5uy_n_5IN6hzAOwdCnM8D8rzrs3vDl12UcZpA,https://music.youtube.com/playlist?list=RDTMAK5uy_n_5IN6hzAOwdCnM8D8rzrs3vDl12UcZpA,,,,52318,"Discover great music, picked just for you. Always updating.",12,9o0imRANjm0,https://music.youtube.com/watch?v=9o0imRANjm0,https://www.youtube.com/watch?v=9o0imRANjm0,Neverending,Frozen Crown,UCGjaitth3Yy5Hd1bVq35gYw,"[{""id"": ""UCGjaitth3Yy5Hd1bVq35gYw"", ""name"": ""Frozen Crown"", ""subscribers_display"": ""42.8K"", ""subscribers_approx"": 42800, ""channel_views"": 7936606, ""description"": ""NEW ALBUM \""The Legend Of The Six Kings\"" OUT October 02 on Napalm Records\n\nFormed in 2017, FROZEN CROWN has garnered significant media exposure with their previous four albums and built a dedicated following with their mixture of power metal, old-school speed and heavy metal. During its short lifespan, the relentless band has performed at several festivals like Sabaton Open Air, Metal Fest Plzen and Rock Imperium Festival, headlined two Japanese tours and followed extensive European touring with significant bands such as Dragonforce and Nanowar Of Steel – dubbed by the tour with U.D.O. in 2023. Joined by their newest member, 18-year-old guitar prodigy Alessia Lanzone, the band's characteristic sound has been expanded by her skills, adding depth and complexity to their performances.\nThe new album \""War Hearts\"", out October 18, 2024. This marks the band’s fifth album in their seven-year career and their first as a six-piece band, capturing the essence of FROZEN CROWN's dynamic sound brimming with powerful riffs, unforgettable melodies, and raw energy."", ""song_shelf_count"": 5, ""album_shelf_count"": 5, ""single_shelf_count"": 9, ""video_shelf_count"": 10, ""lookup_error"": """"}]",UCGjaitth3Yy5Hd1bVq35gYw,Frozen Crown,42.8K,42800,7936606,"NEW ALBUM ""The Legend Of The Six Kings"" OUT October 02 on Napalm Records

Formed in 2017, FROZEN CROWN has garnered significant media exposure with their previous four albums and built a dedicated following with their mixture of power metal, old-school speed and heavy metal. During its short lifespan, the relentless band has performed at several festivals like Sabaton Open Air, Metal Fest Plzen and Rock Imperium Festival, headlined two Japanese tours and followed extensive European touring with significant bands such as Dragonforce and Nanowar Of Steel – dubbed by the tour with U.D.O. in 2023. Joined by their newest member, 18-year-old guitar prodigy Alessia Lanzone, the band's characteristic sound has been expanded by her skills, adding depth and complexity to their performances.
The new album ""War Hearts"", out October 18, 2024. This marks the band’s fifth album in their seven-year career and their first as a six-piece band, capturing the essence of FROZEN CROWN's dynamic sound brimming with powerful riffs, unforgettable melodies, and raw energy.",5,5,9,10,,,,,,,,,,,5:09,309,MUSIC_VIDEO_TYPE_OMV,13744708,,ytmusicapi player response videoDetails.viewCount,,,Not exposed by this YouTube Music endpoint; official YouTube Data API credentials are required.,Music,2019-03-12T05:50:48-07:00,2019-03-12T05:50:48-07:00,Scarlet Records,UCqBJu_eaBh4hCiWUmwVKi2g,http://www.youtube.com/@ScarletRecordsYT,249,AD;AE;AF;AG;AI;AL;AM;AO;AQ;AR;AS;AT;AU;AW;AX;AZ;BA;BB;BD;BE;BF;BG;BH;BI;BJ;BL;BM;BN;BO;BQ;BR;BS;BT;BV;BW;BY;BZ;CA;CC;CD;CF;CG;CH;CI;CK;CL;CM;CN;CO;CR;CU;CV;CW;CX;CY;CZ;DE;DJ;DK;DM;DO;DZ;EC;EE;EG;EH;ER;ES;ET;FI;FJ;FK;FM;FO;FR;GA;GB;GD;GE;GF;GG;GH;GI;GL;GM;GN;GP;GQ;GR;GS;GT;GU;GW;GY;HK;HM;HN;HR;HT;HU;ID;IE;IL;IM;IN;IO;IQ;IR;IS;IT;JE;JM;JO;JP;KE;KG;KH;KI;KM;KN;KP;KR;KW;KY;KZ;LA;LB;LC;LI;LK;LR;LS;LT;LU;LV;LY;MA;MC;MD;ME;MF;MG;MH;MK;ML;MM;MN;MO;MP;MQ;MR;MS;MT;MU;MV;MW;MX;MY;MZ;NA;NC;NE;NF;NG;NI;NL;NO;NP;NR;NU;NZ;OM;PA;PE;PF;PG;PH;PK;PL;PM;PN;PR;PS;PT;PW;PY;QA;RE;RO;RS;RU;RW;SA;SB;SC;SD;SE;SG;SH;SI;SJ;SK;SL;SM;SN;SO;SR;SS;ST;SV;SX;SY;SZ;TC;TD;TF;TG;TH;TJ;TK;TL;TM;TN;TO;TR;TT;TV;TW;TZ;UA;UG;UM;US;UY;UZ;VA;VC;VE;VG;VI;VN;VU;WF;WS;YE;YT;ZA;ZM;ZW,"Distribution availability, not artist nationality or audience geography.",lagertha; shieldmaiden; ragnar; floki; rollo; bjorn; female fronted; nightwish; sonata arctica; iron maiden; judas priest; metal goddess; powermetal; power; epic; folk; folk metal; symphonic metal; blind guardian; turisas; wintersun; korpiklaani; ensiferum; eluveitie; alestorm; wardruna; sabaton; unleash the archers; tyr; hammerfall; hobbit; federico mondelli; Giada Jade Etro; Thalia Bellazecca; Frozen Crown; Crowned In Frost; Games Of Thrones; Daenerys; World Of Worldcraft; WOW; GOT; League of Legends,https://music.youtube.com/watch?v=9o0imRANjm0,True,False,False,True,False,False,True,True,False,,OK,True,INDIFFERENT,False,https://i.ytimg.com/vi/9o0imRANjm0/maxresdefault.jpg,"[{""url"": ""https://i.ytimg.com/vi/9o0imRANjm0/hqdefault.jpg?sqp=-oaymwEWCJADEOEBIAQqCggAEOADGC0guwJIWg&rs=AMzJL3lFcDppm6PpilkpBaI8osI-NFQkjA"", ""width"": 400, ""height"": 225}]",,,missing album browse id,YouTube Music internal web API via ytmusicapi; personalized playlist fetched with named auth profile.,12.0,61.666667,7.138135518,cumulative views of the exact recommended YouTube video,13744708,7.138135518,High,High,"Frozen 83-song candidate pool captured 2026-06-29T19:44:09+00:00; Low <=7,505; lower buffer 7,506-19,756; Middle 19,757-243,792; upper buffer 243,793-1,223,809; High >=1,223,810 views.","Use view_count or popularity_log10_view_count for comparisons across users, weeks, and the original playlist. Do not use the within-Discover-Mix rank or percentile for cross-playlist comparisons because those are recalculated separately inside every 30-song mix.",Popularity is for the exact recommended video ID. Report or control video_type because this item is MUSIC_VIDEO_TYPE_OMV; ATV denotes an Art Track and OMV an official music video.
2026-08-17T11:39:55+00:00,user_03,Aysima Baba,Discover Mix,RDTMAK5uy_n_5IN6hzAOwdCnM8D8rzrs3vDl12UcZpA,https://music.youtube.com/playlist?list=RDTMAK5uy_n_5IN6hzAOwdCnM8D8rzrs3vDl12UcZpA,,,,52318,"Discover great music, picked just for you. Always updating.",13,hBk3QcocYaw,https://music.youtube.com/watch?v=hBk3QcocYaw,https://www.youtube.com/watch?v=hBk3QcocYaw,Pure Evil,Iced Earth,UCUzz0RO4MPiOw0LOvBUAW_A,"[{""id"": ""UCUzz0RO4MPiOw0LOvBUAW_A"", ""name"": ""Iced Earth"", ""subscribers_display"": ""98K"", ""subscribers_approx"": 98000, ""channel_views"": 49008719, ""description"": ""Iced Earth is an American heavy metal band currently composed of only bandleader Jon Schaffer, formed in Tampa, Florida, and based in Columbus, Indiana. They were formed in 1984 under the name the Rose, then Purgatory, by guitarist and main songwriter Schaffer and original drummer Greg Seymour. Iced Earth released their debut album in 1990 and have since released twelve studio albums, four EPs, three compilations, three box sets, three live albums and eleven music videos.\nAfter releasing the demo EP Enter the Realm and signing to Century Media Records, the band released two full-length studio albums – Iced Earth and Night of the Stormrider – before taking a two-year hiatus from 1992 to 1994, after which the band returned with new lead vocalist Matt Barlow. Iced Earth went on to release four studio albums with him in over half a decade: Burnt Offerings, The Dark Saga, Something Wicked This Way Comes and Horror Show.\nAfter Horror Show, Barlow quit the band and joined the police force, while Iced Earth continued on with Tim \""Ripper\"" Owens, formerly of Judas Priest, on vocals. With Owens, the band released two studio albums.\n\nFrom Wikipedia ("", ""song_shelf_count"": 5, ""album_shelf_count"": 10, ""single_shelf_count"": 10, ""video_shelf_count"": 10, ""lookup_error"": """"}]",UCUzz0RO4MPiOw0LOvBUAW_A,Iced Earth,98K,98000,49008719,"Iced Earth is an American heavy metal band currently composed of only bandleader Jon Schaffer, formed in Tampa, Florida, and based in Columbus, Indiana. They were formed in 1984 under the name the Rose, then Purgatory, by guitarist and main songwriter Schaffer and original drummer Greg Seymour. Iced Earth released their debut album in 1990 and have since released twelve studio albums, four EPs, three compilations, three box sets, three live albums and eleven music videos.
After releasing the demo EP Enter the Realm and signing to Century Media Records, the band released two full-length studio albums – Iced Earth and Night of the Stormrider – before taking a two-year hiatus from 1992 to 1994, after which the band returned with new lead vocalist Matt Barlow. Iced Earth went on to release four studio albums with him in over half a decade: Burnt Offerings, The Dark Saga, Something Wicked This Way Comes and Horror Show.
After Horror Show, Barlow quit the band and joined the police force, while Iced Earth continued on with Tim ""Ripper"" Owens, formerly of Judas Priest, on vocals. With Owens, the band released two studio albums.

From Wikipedia (",5,10,10,10,MPREb_ncxQAUq6m01,Night Of The Stormrider,Album,1991,9,46 minutes,2769,OLAK5uy_lHkFT0Y_FLXMu6VonoStiV1tG9bq4fftc,Iced Earth,"Night of the Stormrider is the second studio album by the American heavy metal band Iced Earth, released in 1991 through Century Media Records. It is a concept album centered on an idea that was created by the band's leader Jon Schaffer. Night of the Stormrider is the only Iced Earth album to feature lead singer John Greely and drummer Rick Secchiari. The album was re-released in a remixed and remastered version in 2002 by producer Jim Morris.

From Wikipedia (",6:34,394,MUSIC_VIDEO_TYPE_ATV,227317,,ytmusicapi player response videoDetails.viewCount,,,Not exposed by this YouTube Music endpoint; official YouTube Data API credentials are required.,Music,2017-04-14T15:14:02-07:00,2017-04-14T15:14:02-07:00,Iced Earth - Topic,UCUzz0RO4MPiOw0LOvBUAW_A,http://www.youtube.com/channel/UCUzz0RO4MPiOw0LOvBUAW_A,123,AE;AR;AS;AT;AU;AW;AZ;BA;BD;BE;BG;BH;BM;BO;BR;BY;CA;CH;CL;CO;CR;CY;CZ;DE;DK;DO;DZ;EC;EE;EG;ES;FI;FR;GB;GE;GF;GH;GP;GR;GT;GU;HK;HN;HR;HU;ID;IE;IL;IN;IQ;IS;IT;JM;JO;JP;KE;KH;KR;KW;KY;KZ;LA;LB;LI;LK;LT;LU;LV;LY;MA;MK;MP;MQ;MT;MX;MY;NC;NG;NI;NL;NO;NP;NZ;OM;PA;PE;PF;PG;PH;PK;PL;PR;PT;PY;QA;RE;RO;RS;RU;SA;SE;SG;SI;SK;SN;SV;TC;TH;TN;TR;TW;TZ;UA;UG;US;UY;VE;VI;VN;YE;YT;ZA;ZW,"Distribution availability, not artist nationality or audience geography.",Iced Earth; Night Of The Stormrider; Pure Evil,https://music.youtube.com/watch?v=hBk3QcocYaw,True,False,False,True,False,False,True,True,False,False,OK,True,INDIFFERENT,False,https://i.ytimg.com/vi/hBk3QcocYaw/maxresdefault.jpg,"[{""url"": ""https://yt3.googleusercontent.com/0oQXfz2xJpgW9AtLjFGarZs5hZ6Re-sSzV_V_bLUcc1PaiLePzMQDThnV1ig7U-gEV-NmKR2F91yyds4=w60-h60-l90-rj"", ""width"": 60, ""height"": 60}, {""url"": ""https://yt3.googleusercontent.com/0oQXfz2xJpgW9AtLjFGarZs5hZ6Re-sSzV_V_bLUcc1PaiLePzMQDThnV1ig7U-gEV-NmKR2F91yyds4=w120-h120-l90-rj"", ""width"": 120, ""height"": 120}]",,,,YouTube Music internal web API via ytmusicapi; personalized playlist fetched with named auth profile.,25.0,18.333333,5.356631916,cumulative views of the exact recommended YouTube video,227317,5.356631916,Middle,Middle,"Frozen 83-song candidate pool captured 2026-06-29T19:44:09+00:00; Low <=7,505; lower buffer 7,506-19,756; Middle 19,757-243,792; upper buffer 243,793-1,223,809; High >=1,223,810 views.","Use view_count or popularity_log10_view_count for comparisons across users, weeks, and the original playlist. Do not use the within-Discover-Mix rank or percentile for cross-playlist comparisons because those are recalculated separately inside every 30-song mix.",Popularity is for the exact recommended video ID. Report or control video_type because this item is MUSIC_VIDEO_TYPE_ATV; ATV denotes an Art Track and OMV an official music video.
2026-08-17T11:39:55+00:00,user_03,Aysima Baba,Discover Mix,RDTMAK5uy_n_5IN6hzAOwdCnM8D8rzrs3vDl12UcZpA,https://music.youtube.com/playlist?list=RDTMAK5uy_n_5IN6hzAOwdCnM8D8rzrs3vDl12UcZpA,,,,52318,"Discover great music, picked just for you. Always updating.",14,hZF6BglDS30,https://music.youtube.com/watch?v=hZF6BglDS30,https://www.youtube.com/watch?v=hZF6BglDS30,The Wheel (Live),Imperial Age,UCDVz0Aze3KyKjF6kGwK_D7Q,"[{""id"": ""UCDVz0Aze3KyKjF6kGwK_D7Q"", ""name"": ""Imperial Age"", ""subscribers_display"": ""83.2K"", ""subscribers_approx"": 83200, ""channel_views"": 19579951, ""description"": ""Born in the wrong place for the dreams they carried, Imperial Age masterminds Jane and Aor faced uphill battles from day one. Starting an international metal band from Russia meant facing growing isolation, hostile authorities, and a Western music industry that ignored them. They had no label, no management, and no booking agents.\n\nYet, their zealous DIY work ethic forged a global army of devoted fans. Against all odds, they crushed 200+ concerts across Europe, sold tens of thousands of albums, and drew 100,000+ viewers to their massive Live New World orchestral concert.\n\nThen, Russia invaded Ukraine.\n\nHaving publicly condemned the war, Jane and Aor fled the country, leaving everything behind. Critics thought the story was over. But after a grueling year of legal limbo in Turkey, their resilience paid off: they were endorsed by Arts Council England as \""Exceptional Talent\"" and granted UK residency.\n\nSettling in Northamptonshire under severe financial strain, they faced the daunting reality of rebuilding from absolute zero.\n\nToday, Imperial Age is reborn as a UK-based powerhouse. They’ve assembled a premier new lineup, opened a London fulfillment office to meet massive merch demand, completed their biggest European tour, and secured major 2026 festival slots, including the Bloodstock main stage.\n\nFinally free from survival mode, Jane and Aor are pushing Imperial Age into entirely new territory—tearing up the genre playbook and letting their creativity run wild."", ""song_shelf_count"": 5, ""album_shelf_count"": 6, ""single_shelf_count"": 8, ""video_shelf_count"": 9, ""lookup_error"": """"}]",UCDVz0Aze3KyKjF6kGwK_D7Q,Imperial Age,83.2K,83200,19579951,"Born in the wrong place for the dreams they carried, Imperial Age masterminds Jane and Aor faced uphill battles from day one. Starting an international metal band from Russia meant facing growing isolation, hostile authorities, and a Western music industry that ignored them. They had no label, no management, and no booking agents.

Yet, their zealous DIY work ethic forged a global army of devoted fans. Against all odds, they crushed 200+ concerts across Europe, sold tens of thousands of albums, and drew 100,000+ viewers to their massive Live New World orchestral concert.

Then, Russia invaded Ukraine.

Having publicly condemned the war, Jane and Aor fled the country, leaving everything behind. Critics thought the story was over. But after a grueling year of legal limbo in Turkey, their resilience paid off: they were endorsed by Arts Council England as ""Exceptional Talent"" and granted UK residency.

Settling in Northamptonshire under severe financial strain, they faced the daunting reality of rebuilding from absolute zero.

Today, Imperial Age is reborn as a UK-based powerhouse. They’ve assembled a premier new lineup, opened a London fulfillment office to meet massive merch demand, completed their biggest European tour, and secured major 2026 festival slots, including the Bloodstock main stage.

Finally free from survival mode, Jane and Aor are pushing Imperial Age into entirely new territory—tearing up the genre playbook and letting their creativity run wild.",5,6,8,9,,,,,,,,,,,3:46,226,MUSIC_VIDEO_TYPE_OMV,633494,,ytmusicapi player response videoDetails.viewCount,,,Not exposed by this YouTube Music endpoint; official YouTube Data API credentials are required.,Music,2022-12-16T09:00:09-08:00,2022-12-16T09:00:09-08:00,Imperial Age,UC_jM1-IX_Eu8HV5pF1JCwLg,http://www.youtube.com/@ImperialAge,249,AD;AE;AF;AG;AI;AL;AM;AO;AQ;AR;AS;AT;AU;AW;AX;AZ;BA;BB;BD;BE;BF;BG;BH;BI;BJ;BL;BM;BN;BO;BQ;BR;BS;BT;BV;BW;BY;BZ;CA;CC;CD;CF;CG;CH;CI;CK;CL;CM;CN;CO;CR;CU;CV;CW;CX;CY;CZ;DE;DJ;DK;DM;DO;DZ;EC;EE;EG;EH;ER;ES;ET;FI;FJ;FK;FM;FO;FR;GA;GB;GD;GE;GF;GG;GH;GI;GL;GM;GN;GP;GQ;GR;GS;GT;GU;GW;GY;HK;HM;HN;HR;HT;HU;ID;IE;IL;IM;IN;IO;IQ;IR;IS;IT;JE;JM;JO;JP;KE;KG;KH;KI;KM;KN;KP;KR;KW;KY;KZ;LA;LB;LC;LI;LK;LR;LS;LT;LU;LV;LY;MA;MC;MD;ME;MF;MG;MH;MK;ML;MM;MN;MO;MP;MQ;MR;MS;MT;MU;MV;MW;MX;MY;MZ;NA;NC;NE;NF;NG;NI;NL;NO;NP;NR;NU;NZ;OM;PA;PE;PF;PG;PH;PK;PL;PM;PN;PR;PS;PT;PW;PY;QA;RE;RO;RS;RU;RW;SA;SB;SC;SD;SE;SG;SH;SI;SJ;SK;SL;SM;SN;SO;SR;SS;ST;SV;SX;SY;SZ;TC;TD;TF;TG;TH;TJ;TK;TL;TM;TN;TO;TR;TT;TV;TW;TZ;UA;UG;UM;US;UY;UZ;VA;VC;VE;VG;VI;VN;VU;WF;WS;YE;YT;ZA;ZM;ZW,"Distribution availability, not artist nationality or audience geography.",,https://music.youtube.com/watch?v=hZF6BglDS30,True,False,False,True,False,False,True,True,False,,OK,True,INDIFFERENT,False,https://i.ytimg.com/vi/hZF6BglDS30/maxresdefault.jpg,"[{""url"": ""https://i.ytimg.com/vi/hZF6BglDS30/hqdefault.jpg?sqp=-oaymwEWCJADEOEBIAQqCggAEOADGC0guwJIWg&rs=AMzJL3nLYqfZVptFlxhlM6nnv7NFSGFxqA"", ""width"": 400, ""height"": 225}]",,,missing album browse id,YouTube Music internal web API via ytmusicapi; personalized playlist fetched with named auth profile.,21.0,31.666667,5.801742506,cumulative views of the exact recommended YouTube video,633494,5.801742506,Upper buffer,Buffer,"Frozen 83-song candidate pool captured 2026-06-29T19:44:09+00:00; Low <=7,505; lower buffer 7,506-19,756; Middle 19,757-243,792; upper buffer 243,793-1,223,809; High >=1,223,810 views.","Use view_count or popularity_log10_view_count for comparisons across users, weeks, and the original playlist. Do not use the within-Discover-Mix rank or percentile for cross-playlist comparisons because those are recalculated separately inside every 30-song mix.",Popularity is for the exact recommended video ID. Report or control video_type because this item is MUSIC_VIDEO_TYPE_OMV; ATV denotes an Art Track and OMV an official music video.
2026-08-17T11:39:55+00:00,user_03,Aysima Baba,Discover Mix,RDTMAK5uy_n_5IN6hzAOwdCnM8D8rzrs3vDl12UcZpA,https://music.youtube.com/playlist?list=RDTMAK5uy_n_5IN6hzAOwdCnM8D8rzrs3vDl12UcZpA,,,,52318,"Discover great music, picked just for you. Always updating.",15,hTdhXxxWREo,https://music.youtube.com/watch?v=hTdhXxxWREo,https://www.youtube.com/watch?v=hTdhXxxWREo,NIGHTWISH - Bye Bye Beautiful (OFFICIAL MUSIC VIDEO),Nuclear Blast Records,UCoxg3Kml41wE3IPq-PC-LQw,"[{""id"": ""UCoxg3Kml41wE3IPq-PC-LQw"", ""name"": ""Nuclear Blast Records"", ""subscribers_display"": """", ""subscribers_approx"": null, ""channel_views"": null, ""description"": """", ""song_shelf_count"": 0, ""album_shelf_count"": 0, ""single_shelf_count"": 0, ""video_shelf_count"": 0, ""lookup_error"": ""'musicImmersiveHeaderRenderer'""}]",UCoxg3Kml41wE3IPq-PC-LQw,Nuclear Blast Records,,,,,0,0,0,0,,,,,,,,,,,4:20,260,MUSIC_VIDEO_TYPE_OMV,168592495,,ytmusicapi player response videoDetails.viewCount,,,Not exposed by this YouTube Music endpoint; official YouTube Data API credentials are required.,Music,2007-09-27T07:26:37-07:00,2007-09-27T07:26:37-07:00,Nuclear Blast Records,UCoxg3Kml41wE3IPq-PC-LQw,http://www.youtube.com/@NuclearBlastRecords,249,AD;AE;AF;AG;AI;AL;AM;AO;AQ;AR;AS;AT;AU;AW;AX;AZ;BA;BB;BD;BE;BF;BG;BH;BI;BJ;BL;BM;BN;BO;BQ;BR;BS;BT;BV;BW;BY;BZ;CA;CC;CD;CF;CG;CH;CI;CK;CL;CM;CN;CO;CR;CU;CV;CW;CX;CY;CZ;DE;DJ;DK;DM;DO;DZ;EC;EE;EG;EH;ER;ES;ET;FI;FJ;FK;FM;FO;FR;GA;GB;GD;GE;GF;GG;GH;GI;GL;GM;GN;GP;GQ;GR;GS;GT;GU;GW;GY;HK;HM;HN;HR;HT;HU;ID;IE;IL;IM;IN;IO;IQ;IR;IS;IT;JE;JM;JO;JP;KE;KG;KH;KI;KM;KN;KP;KR;KW;KY;KZ;LA;LB;LC;LI;LK;LR;LS;LT;LU;LV;LY;MA;MC;MD;ME;MF;MG;MH;MK;ML;MM;MN;MO;MP;MQ;MR;MS;MT;MU;MV;MW;MX;MY;MZ;NA;NC;NE;NF;NG;NI;NL;NO;NP;NR;NU;NZ;OM;PA;PE;PF;PG;PH;PK;PL;PM;PN;PR;PS;PT;PW;PY;QA;RE;RO;RS;RU;RW;SA;SB;SC;SD;SE;SG;SH;SI;SJ;SK;SL;SM;SN;SO;SR;SS;ST;SV;SX;SY;SZ;TC;TD;TF;TG;TH;TJ;TK;TL;TM;TN;TO;TR;TT;TV;TW;TZ;UA;UG;UM;US;UY;UZ;VA;VC;VE;VG;VI;VN;VU;WF;WS;YE;YT;ZA;ZM;ZW,"Distribution availability, not artist nationality or audience geography.",Nightwish (Musical Group); Bye Bye Beautiful (Composition); Dark Passion Play (Musical Album); Nightwish Full Album; Anette Olzon (Musical Artist); Tuomas Holopainen; Marco Hietala (Musical Artist); Jukka Nevalainen (Musical Artist); Erno Matti Juhani Vuorinen (Musical Artist); Female Fronted Metal; Gothic Metal; Official Video; Music Video; Nightwish Music Video; official music video; symphonic metal; Power Metal; heavy Metal; Rock,https://music.youtube.com/watch?v=hTdhXxxWREo,True,False,False,True,False,False,True,True,False,,OK,True,INDIFFERENT,False,https://i.ytimg.com/vi/hTdhXxxWREo/hqdefault.jpg,"[{""url"": ""https://i.ytimg.com/vi/hTdhXxxWREo/hqdefault.jpg?sqp=-oaymwEWCJADEOEBIAQqCggAEOADGC0guwJIWg&rs=AMzJL3kH8UkRB_x5jk-ep3qaRgJ9p75CcQ"", ""width"": 400, ""height"": 225}]",,'musicImmersiveHeaderRenderer',missing album browse id,YouTube Music internal web API via ytmusicapi; personalized playlist fetched with named auth profile.,5.0,85.0,8.226838238,cumulative views of the exact recommended YouTube video,168592495,8.226838238,High,High,"Frozen 83-song candidate pool captured 2026-06-29T19:44:09+00:00; Low <=7,505; lower buffer 7,506-19,756; Middle 19,757-243,792; upper buffer 243,793-1,223,809; High >=1,223,810 views.","Use view_count or popularity_log10_view_count for comparisons across users, weeks, and the original playlist. Do not use the within-Discover-Mix rank or percentile for cross-playlist comparisons because those are recalculated separately inside every 30-song mix.",Popularity is for the exact recommended video ID. Report or control video_type because this item is MUSIC_VIDEO_TYPE_OMV; ATV denotes an Art Track and OMV an official music video.
2026-08-17T11:39:55+00:00,user_03,Aysima Baba,Discover Mix,RDTMAK5uy_n_5IN6hzAOwdCnM8D8rzrs3vDl12UcZpA,https://music.youtube.com/playlist?list=RDTMAK5uy_n_5IN6hzAOwdCnM8D8rzrs3vDl12UcZpA,,,,52318,"Discover great music, picked just for you. Always updating.",16,4mcTd8YPQ18,https://music.youtube.com/watch?v=4mcTd8YPQ18,https://www.youtube.com/watch?v=4mcTd8YPQ18,Waterfall,Dynazty,UC1_8sQRmjjw7YI2Bk-Kr_tA,"[{""id"": ""UC1_8sQRmjjw7YI2Bk-Kr_tA"", ""name"": ""Dynazty"", ""subscribers_display"": ""42.2K"", ""subscribers_approx"": 42200, ""channel_views"": 46782726, ""description"": ""Formed in 2008, Dynazty has over the years evolved from it’s humble beginnings rooted in the Scandinavian Hard Rock scene into now being a powerhouse and formidable force to be reckoned with on the top shelf of the modern melodic metal scene.\n\nCareer milestones include the 2020 chart breaking album The Dark Delight, certified for gold status in the bands home country Sweden and neighbors Finland. With single tracks Heartless Madness reaching platinum status.\n\nTours in recent years together with bands like Sabaton, Powerwolf, Battle Beast, Pain and Kissin' Dynamite have showcased and established the band on the European continent as one of the most prominent live acts of it’s generation.\n\nReleased on February 14th 2025, brand new album \""Game of Faces\"" is doubling down on punch and ferocity together with the band’s trademark attention to songwriting and production detail.\n\nProduced by Dynazty themselves and mixed by swedish pioneer Jens Bogren, Game of Faces takes you on a journey exploring the essence of the human mind and existance with lyrical themes such as self discovery, spiritual death, rebirth and re-invention in Die to Survive, Fire to Fight and Fortune Favors the Brave.\nWhile taking on the duality and deceptive nature of human kind in the eponymous title track, the album’s opener Call of The Night and first single release Devilry of Ecstasy."", ""song_shelf_count"": 5, ""album_shelf_count"": 9, ""single_shelf_count"": 10, ""video_shelf_count"": 10, ""lookup_error"": """"}]",UC1_8sQRmjjw7YI2Bk-Kr_tA,Dynazty,42.2K,42200,46782726,"Formed in 2008, Dynazty has over the years evolved from it’s humble beginnings rooted in the Scandinavian Hard Rock scene into now being a powerhouse and formidable force to be reckoned with on the top shelf of the modern melodic metal scene.

Career milestones include the 2020 chart breaking album The Dark Delight, certified for gold status in the bands home country Sweden and neighbors Finland. With single tracks Heartless Madness reaching platinum status.

Tours in recent years together with bands like Sabaton, Powerwolf, Battle Beast, Pain and Kissin' Dynamite have showcased and established the band on the European continent as one of the most prominent live acts of it’s generation.

Released on February 14th 2025, brand new album ""Game of Faces"" is doubling down on punch and ferocity together with the band’s trademark attention to songwriting and production detail.

Produced by Dynazty themselves and mixed by swedish pioneer Jens Bogren, Game of Faces takes you on a journey exploring the essence of the human mind and existance with lyrical themes such as self discovery, spiritual death, rebirth and re-invention in Die to Survive, Fire to Fight and Fortune Favors the Brave.
While taking on the duality and deceptive nature of human kind in the eponymous title track, the album’s opener Call of The Night and first single release Devilry of Ecstasy.",5,9,10,10,,,,,,,,,,,4:22,262,MUSIC_VIDEO_TYPE_OMV,2056149,,ytmusicapi player response videoDetails.viewCount,,,Not exposed by this YouTube Music endpoint; official YouTube Data API credentials are required.,Music,2020-03-13T06:55:07-07:00,2020-03-13T06:55:07-07:00,AFM Records,UCKdA5J4-opjla1aWOjF74mg,http://www.youtube.com/@afmrecords,249,AD;AE;AF;AG;AI;AL;AM;AO;AQ;AR;AS;AT;AU;AW;AX;AZ;BA;BB;BD;BE;BF;BG;BH;BI;BJ;BL;BM;BN;BO;BQ;BR;BS;BT;BV;BW;BY;BZ;CA;CC;CD;CF;CG;CH;CI;CK;CL;CM;CN;CO;CR;CU;CV;CW;CX;CY;CZ;DE;DJ;DK;DM;DO;DZ;EC;EE;EG;EH;ER;ES;ET;FI;FJ;FK;FM;FO;FR;GA;GB;GD;GE;GF;GG;GH;GI;GL;GM;GN;GP;GQ;GR;GS;GT;GU;GW;GY;HK;HM;HN;HR;HT;HU;ID;IE;IL;IM;IN;IO;IQ;IR;IS;IT;JE;JM;JO;JP;KE;KG;KH;KI;KM;KN;KP;KR;KW;KY;KZ;LA;LB;LC;LI;LK;LR;LS;LT;LU;LV;LY;MA;MC;MD;ME;MF;MG;MH;MK;ML;MM;MN;MO;MP;MQ;MR;MS;MT;MU;MV;MW;MX;MY;MZ;NA;NC;NE;NF;NG;NI;NL;NO;NP;NR;NU;NZ;OM;PA;PE;PF;PG;PH;PK;PL;PM;PN;PR;PS;PT;PW;PY;QA;RE;RO;RS;RU;RW;SA;SB;SC;SD;SE;SG;SH;SI;SJ;SK;SL;SM;SN;SO;SR;SS;ST;SV;SX;SY;SZ;TC;TD;TF;TG;TH;TJ;TK;TL;TM;TN;TO;TR;TT;TV;TW;TZ;UA;UG;UM;US;UY;UZ;VA;VC;VE;VG;VI;VN;VU;WF;WS;YE;YT;ZA;ZM;ZW,"Distribution availability, not artist nationality or audience geography.",afmrecords; AFM; Records; heavymetal; powermetal; official; musicvideo; music; metal; clip,https://music.youtube.com/watch?v=4mcTd8YPQ18,True,False,False,True,False,False,True,True,False,,OK,True,INDIFFERENT,False,https://i.ytimg.com/vi/4mcTd8YPQ18/maxresdefault.jpg,"[{""url"": ""https://i.ytimg.com/vi/4mcTd8YPQ18/hqdefault.jpg?sqp=-oaymwEWCJADEOEBIAQqCggAEOADGC0guwJIWg&rs=AMzJL3kl28nVHVChAs49NgwfVe4dPydkSA"", ""width"": 400, ""height"": 225}]",,,missing album browse id,YouTube Music internal web API via ytmusicapi; personalized playlist fetched with named auth profile.,16.0,48.333333,6.313054583,cumulative views of the exact recommended YouTube video,2056149,6.313054583,High,High,"Frozen 83-song candidate pool captured 2026-06-29T19:44:09+00:00; Low <=7,505; lower buffer 7,506-19,756; Middle 19,757-243,792; upper buffer 243,793-1,223,809; High >=1,223,810 views.","Use view_count or popularity_log10_view_count for comparisons across users, weeks, and the original playlist. Do not use the within-Discover-Mix rank or percentile for cross-playlist comparisons because those are recalculated separately inside every 30-song mix.",Popularity is for the exact recommended video ID. Report or control video_type because this item is MUSIC_VIDEO_TYPE_OMV; ATV denotes an Art Track and OMV an official music video.
2026-08-17T11:39:55+00:00,user_03,Aysima Baba,Discover Mix,RDTMAK5uy_n_5IN6hzAOwdCnM8D8rzrs3vDl12UcZpA,https://music.youtube.com/playlist?list=RDTMAK5uy_n_5IN6hzAOwdCnM8D8rzrs3vDl12UcZpA,,,,52318,"Discover great music, picked just for you. Always updating.",17,2dce5kDZEMk,https://music.youtube.com/watch?v=2dce5kDZEMk,https://www.youtube.com/watch?v=2dce5kDZEMk,Phobia,Kreator,UCd3NOEbRV6V3RKqUqvlrQ8w,"[{""id"": ""UCd3NOEbRV6V3RKqUqvlrQ8w"", ""name"": ""Kreator"", ""subscribers_display"": ""172K"", ""subscribers_approx"": 172000, ""channel_views"": 69201758, ""description"": ""Synonymous with all the heaviness, speed, energy, violence and sheer volume one associates with heavy metal, KREATOR’s ongoing story is a classic tale: the wondrous adventure of teenagers coming from rags to riches, from the proverbial gutter to literally every stage you can imagine. They went from No. 99 (1986’s “Pleasure To Kill”, the title track was part of Netflix series Dark’s soundtrack) to No. 1 (2017’s “Gods Of Violence”) in their home country’s official album charts, and traveled the world from Tokyo to Santiago, from Bangalore to Los Angeles.\n\nNow, it is time to continue this tale of humble beginnings, ambitious visions and unbreakable will, and start its much-anticipated 16th chapter! Entitled “Krushers Of The World”, album, will be out on Nuclear Blast Records on January 16th, 2026."", ""song_shelf_count"": 5, ""album_shelf_count"": 10, ""single_shelf_count"": 10, ""video_shelf_count"": 10, ""lookup_error"": """"}]",UCd3NOEbRV6V3RKqUqvlrQ8w,Kreator,172K,172000,69201758,"Synonymous with all the heaviness, speed, energy, violence and sheer volume one associates with heavy metal, KREATOR’s ongoing story is a classic tale: the wondrous adventure of teenagers coming from rags to riches, from the proverbial gutter to literally every stage you can imagine. They went from No. 99 (1986’s “Pleasure To Kill”, the title track was part of Netflix series Dark’s soundtrack) to No. 1 (2017’s “Gods Of Violence”) in their home country’s official album charts, and traveled the world from Tokyo to Santiago, from Bangalore to Los Angeles.

Now, it is time to continue this tale of humble beginnings, ambitious visions and unbreakable will, and start its much-anticipated 16th chapter! Entitled “Krushers Of The World”, album, will be out on Nuclear Blast Records on January 16th, 2026.",5,10,10,10,MPREb_twNnjKDCv8s,Outcast,Album,1997,13,47 minutes,2845,OLAK5uy_n38W77hr-trB_0IXldWb7sbP1tUXYTfkE,Kreator,"Outcast is the eighth studio album by German thrash metal band Kreator. It was released by G.U.N. Records in 1997. This album featured more gothic and industrial influences than earlier Kreator, retaining little of the thrash metal from previous years. Outcast is also Kreator's first album to feature drummer Jürgen ""Ventor"" Reil since 1992's Renewal, and the first to feature then-former Coroner guitarist Tommy Vetterli.

From Wikipedia (",3:23,203,MUSIC_VIDEO_TYPE_ATV,2377068,,ytmusicapi player response videoDetails.viewCount,,,Not exposed by this YouTube Music endpoint; official YouTube Data API credentials are required.,Music,2021-07-21T03:05:58-07:00,2021-07-21T03:05:58-07:00,Kreator - Topic,UCd3NOEbRV6V3RKqUqvlrQ8w,http://www.youtube.com/channel/UCd3NOEbRV6V3RKqUqvlrQ8w,123,AE;AR;AS;AT;AU;AW;AZ;BA;BD;BE;BG;BH;BM;BO;BR;BY;CA;CH;CL;CO;CR;CY;CZ;DE;DK;DO;DZ;EC;EE;EG;ES;FI;FR;GB;GE;GF;GH;GP;GR;GT;GU;HK;HN;HR;HU;ID;IE;IL;IN;IQ;IS;IT;JM;JO;JP;KE;KH;KR;KW;KY;KZ;LA;LB;LI;LK;LT;LU;LV;LY;MA;MK;MP;MQ;MT;MX;MY;NC;NG;NI;NL;NO;NP;NZ;OM;PA;PE;PF;PG;PH;PK;PL;PR;PT;PY;QA;RE;RO;RS;RU;SA;SE;SG;SI;SK;SN;SV;TC;TH;TN;TR;TW;TZ;UA;UG;US;UY;VE;VI;VN;YE;YT;ZA;ZW,"Distribution availability, not artist nationality or audience geography.",Kreator; Outcast; Phobia,https://music.youtube.com/watch?v=2dce5kDZEMk,True,False,False,True,False,False,True,True,False,False,OK,True,INDIFFERENT,False,https://i.ytimg.com/vi/2dce5kDZEMk/maxresdefault.jpg,"[{""url"": ""https://yt3.googleusercontent.com/an5Gk5jNXCDx_piohbqiIEIm0-FzuGgPy7nqXrGzpylE6VGS3ZIzLSnnApSzHWkLU4pkDClBcHRPMrLF=w60-h60-l90-rj"", ""width"": 60, ""height"": 60}, {""url"": ""https://yt3.googleusercontent.com/an5Gk5jNXCDx_piohbqiIEIm0-FzuGgPy7nqXrGzpylE6VGS3ZIzLSnnApSzHWkLU4pkDClBcHRPMrLF=w120-h120-l90-rj"", ""width"": 120, ""height"": 120}]",,,,YouTube Music internal web API via ytmusicapi; personalized playlist fetched with named auth profile.,15.0,51.666667,6.376041606,cumulative views of the exact recommended YouTube video,2377068,6.376041606,High,High,"Frozen 83-song candidate pool captured 2026-06-29T19:44:09+00:00; Low <=7,505; lower buffer 7,506-19,756; Middle 19,757-243,792; upper buffer 243,793-1,223,809; High >=1,223,810 views.","Use view_count or popularity_log10_view_count for comparisons across users, weeks, and the original playlist. Do not use the within-Discover-Mix rank or percentile for cross-playlist comparisons because those are recalculated separately inside every 30-song mix.",Popularity is for the exact recommended video ID. Report or control video_type because this item is MUSIC_VIDEO_TYPE_ATV; ATV denotes an Art Track and OMV an official music video.
2026-08-17T11:39:55+00:00,user_03,Aysima Baba,Discover Mix,RDTMAK5uy_n_5IN6hzAOwdCnM8D8rzrs3vDl12UcZpA,https://music.youtube.com/playlist?list=RDTMAK5uy_n_5IN6hzAOwdCnM8D8rzrs3vDl12UcZpA,,,,52318,"Discover great music, picked just for you. Always updating.",18,157S8GM12Oo,https://music.youtube.com/watch?v=157S8GM12Oo,https://www.youtube.com/watch?v=157S8GM12Oo,Night of the Werewolves,Unleash The Archers,UCgPXJ1CMMIgRHqBqR4RExkQ,"[{""id"": ""UCgPXJ1CMMIgRHqBqR4RExkQ"", ""name"": ""Unleash The Archers"", ""subscribers_display"": ""108K"", ""subscribers_approx"": 108000, ""channel_views"": 40399899, ""description"": ""Power metal from Canada!"", ""song_shelf_count"": 5, ""album_shelf_count"": 6, ""single_shelf_count"": 8, ""video_shelf_count"": 10, ""lookup_error"": """"}]",UCgPXJ1CMMIgRHqBqR4RExkQ,Unleash The Archers,108K,108000,40399899,Power metal from Canada!,5,6,8,10,MPREb_HCrdHuEBqAy,Interludium (Deluxe Version),Album,2023,27,"1 hour, 42 minutes",6123,OLAK5uy_nbUFzCkr5CEKzojhImbqEkPuJO5ZTIe84,Powerwolf,,4:19,259,MUSIC_VIDEO_TYPE_ATV,230863,,ytmusicapi player response videoDetails.viewCount,,,Not exposed by this YouTube Music endpoint; official YouTube Data API credentials are required.,Music,2023-10-17T04:27:02-07:00,2023-10-17T04:27:02-07:00,Unleash The Archers - Topic,UCgPXJ1CMMIgRHqBqR4RExkQ,http://www.youtube.com/channel/UCgPXJ1CMMIgRHqBqR4RExkQ,122,AE;AR;AS;AT;AU;AW;AZ;BA;BD;BE;BG;BH;BM;BO;BR;BY;CA;CH;CL;CO;CR;CY;CZ;DE;DK;DO;DZ;EC;EE;EG;ES;FI;FR;GB;GE;GF;GH;GP;GR;GT;GU;HK;HN;HR;HU;ID;IE;IL;IN;IQ;IS;IT;JM;JO;JP;KE;KH;KR;KW;KY;KZ;LA;LB;LI;LK;LT;LU;LV;LY;MA;MK;MP;MQ;MT;MX;MY;NC;NG;NI;NL;NO;NP;NZ;OM;PA;PE;PF;PG;PH;PK;PL;PR;PT;PY;QA;RE;RO;RS;SA;SE;SG;SI;SK;SN;SV;TC;TH;TN;TR;TW;TZ;UA;UG;US;UY;VE;VI;VN;YE;YT;ZA;ZW,"Distribution availability, not artist nationality or audience geography.",Unleash The Archers; Matthew Greywolf; Interludium; Night of the Werewolves,https://music.youtube.com/watch?v=157S8GM12Oo,True,False,False,True,False,False,True,True,False,False,OK,True,INDIFFERENT,False,https://i.ytimg.com/vi/157S8GM12Oo/maxresdefault.jpg,"[{""url"": ""https://yt3.googleusercontent.com/ImCjTWp5Vz8X0bQAcVE2DHtziwiNvWRKkIVUMEGS68z64V-4_mAuqZY_Ia2WT3-hg76YvkhH-gtW8zY=w60-h60-l90-rj"", ""width"": 60, ""height"": 60}, {""url"": ""https://yt3.googleusercontent.com/ImCjTWp5Vz8X0bQAcVE2DHtziwiNvWRKkIVUMEGS68z64V-4_mAuqZY_Ia2WT3-hg76YvkhH-gtW8zY=w120-h120-l90-rj"", ""width"": 120, ""height"": 120}]",,,,YouTube Music internal web API via ytmusicapi; personalized playlist fetched with named auth profile.,24.0,21.666667,5.363354335,cumulative views of the exact recommended YouTube video,230863,5.363354335,Middle,Middle,"Frozen 83-song candidate pool captured 2026-06-29T19:44:09+00:00; Low <=7,505; lower buffer 7,506-19,756; Middle 19,757-243,792; upper buffer 243,793-1,223,809; High >=1,223,810 views.","Use view_count or popularity_log10_view_count for comparisons across users, weeks, and the original playlist. Do not use the within-Discover-Mix rank or percentile for cross-playlist comparisons because those are recalculated separately inside every 30-song mix.",Popularity is for the exact recommended video ID. Report or control video_type because this item is MUSIC_VIDEO_TYPE_ATV; ATV denotes an Art Track and OMV an official music video.
2026-08-17T11:39:55+00:00,user_03,Aysima Baba,Discover Mix,RDTMAK5uy_n_5IN6hzAOwdCnM8D8rzrs3vDl12UcZpA,https://music.youtube.com/playlist?list=RDTMAK5uy_n_5IN6hzAOwdCnM8D8rzrs3vDl12UcZpA,,,,52318,"Discover great music, picked just for you. Always updating.",19,v2AC41dglnM,https://music.youtube.com/watch?v=v2AC41dglnM,https://www.youtube.com/watch?v=v2AC41dglnM,Thunderstruck,AC/DC,UCVm4YdI3hobkwsHTTOMVJKg,"[{""id"": ""UCVm4YdI3hobkwsHTTOMVJKg"", ""name"": ""AC/DC"", ""subscribers_display"": ""11.7M"", ""subscribers_approx"": 11700000, ""channel_views"": 12173775595, ""description"": ""AC/DC are an Australian rock band formed in Sydney in 1973. Their music has been variously described as hard rock, blues rock and heavy metal, although the band calls it simply \""rock and roll\"". They are cited as a formative influence on the new wave of British heavy metal bands, such as Def Leppard and Saxon, and were among \""the second generation of rising stars ready to step into the breach as the old guard waned\"", according to critics.\nAC/DC were founded by brothers Angus and Malcolm Young, with Colin Burgess, Larry Van Kriedt and Dave Evans. They underwent several line-up changes before releasing their Australasian-only debut album, High Voltage. Membership stabilised after the release of Let There Be Rock, with the Young brothers, Phil Rudd on drums, Cliff Williams on bass guitar and Bon Scott on lead vocals. Seven months after the release of Highway to Hell, Scott died of alcohol poisoning and English singer Brian Johnson was then recruited as their new frontman. With Johnson in the line-up, the band recorded one of the best-selling albums of all time, Back in Black. Rudd was fired midway through the Flick of the Switch recording sessions in 1983.\n\nFrom Wikipedia ("", ""song_shelf_count"": 5, ""album_shelf_count"": 10, ""single_shelf_count"": 10, ""video_shelf_count"": 10, ""lookup_error"": """"}]",UCVm4YdI3hobkwsHTTOMVJKg,AC/DC,11.7M,11700000,12173775595,"AC/DC are an Australian rock band formed in Sydney in 1973. Their music has been variously described as hard rock, blues rock and heavy metal, although the band calls it simply ""rock and roll"". They are cited as a formative influence on the new wave of British heavy metal bands, such as Def Leppard and Saxon, and were among ""the second generation of rising stars ready to step into the breach as the old guard waned"", according to critics.
AC/DC were founded by brothers Angus and Malcolm Young, with Colin Burgess, Larry Van Kriedt and Dave Evans. They underwent several line-up changes before releasing their Australasian-only debut album, High Voltage. Membership stabilised after the release of Let There Be Rock, with the Young brothers, Phil Rudd on drums, Cliff Williams on bass guitar and Bon Scott on lead vocals. Seven months after the release of Highway to Hell, Scott died of alcohol poisoning and English singer Brian Johnson was then recruited as their new frontman. With Johnson in the line-up, the band recorded one of the best-selling albums of all time, Back in Black. Rudd was fired midway through the Flick of the Switch recording sessions in 1983.

From Wikipedia (",5,10,10,10,,,,,,,,,,,4:53,293,MUSIC_VIDEO_TYPE_OMV,1761452439,,ytmusicapi player response videoDetails.viewCount,,,Not exposed by this YouTube Music endpoint; official YouTube Data API credentials are required.,Music,2012-11-07T07:15:10-08:00,2012-11-07T07:15:10-08:00,acdcVEVO,UCmPuJ2BltKsGE2966jLgCnw,http://www.youtube.com/@acdcVEVO,249,AD;AE;AF;AG;AI;AL;AM;AO;AQ;AR;AS;AT;AU;AW;AX;AZ;BA;BB;BD;BE;BF;BG;BH;BI;BJ;BL;BM;BN;BO;BQ;BR;BS;BT;BV;BW;BY;BZ;CA;CC;CD;CF;CG;CH;CI;CK;CL;CM;CN;CO;CR;CU;CV;CW;CX;CY;CZ;DE;DJ;DK;DM;DO;DZ;EC;EE;EG;EH;ER;ES;ET;FI;FJ;FK;FM;FO;FR;GA;GB;GD;GE;GF;GG;GH;GI;GL;GM;GN;GP;GQ;GR;GS;GT;GU;GW;GY;HK;HM;HN;HR;HT;HU;ID;IE;IL;IM;IN;IO;IQ;IR;IS;IT;JE;JM;JO;JP;KE;KG;KH;KI;KM;KN;KP;KR;KW;KY;KZ;LA;LB;LC;LI;LK;LR;LS;LT;LU;LV;LY;MA;MC;MD;ME;MF;MG;MH;MK;ML;MM;MN;MO;MP;MQ;MR;MS;MT;MU;MV;MW;MX;MY;MZ;NA;NC;NE;NF;NG;NI;NL;NO;NP;NR;NU;NZ;OM;PA;PE;PF;PG;PH;PK;PL;PM;PN;PR;PS;PT;PW;PY;QA;RE;RO;RS;RU;RW;SA;SB;SC;SD;SE;SG;SH;SI;SJ;SK;SL;SM;SN;SO;SR;SS;ST;SV;SX;SY;SZ;TC;TD;TF;TG;TH;TJ;TK;TL;TM;TN;TO;TR;TT;TV;TW;TZ;UA;UG;UM;US;UY;UZ;VA;VC;VE;VG;VI;VN;VU;WF;WS;YE;YT;ZA;ZM;ZW,"Distribution availability, not artist nationality or audience geography.",thunderstruck; ac dc; acdc; ac dc thunderstruck; acdc the thunderstruck; ac dc thunderstruck official video; acdc thunderstruck; acdc thunder; ac/dc; thunder; acdc thunderstrucks; ac dc the thunderstruck; ac/dc thunderstruck; thunderstruck ac dc; ac dc thunder; thunder ac dc; metallica; acdc thunderstruck official video; thunderstruck acdc; ac dc thunderstruck official video lyrics; 4th of July songs; American songs; new years eve; NYE; nye 2021; new years eve 2021,https://music.youtube.com/watch?v=v2AC41dglnM,True,False,False,True,False,False,True,True,False,,OK,True,INDIFFERENT,False,https://i.ytimg.com/vi/v2AC41dglnM/maxresdefault.jpg,"[{""url"": ""https://i.ytimg.com/vi/v2AC41dglnM/hqdefault.jpg?sqp=-oaymwEWCJADEOEBIAQqCggAEOADGC0guwJIWg&rs=AMzJL3kus8hdlxUwAUd5velvYNT_K0sepA"", ""width"": 400, ""height"": 225}]",,,missing album browse id,YouTube Music internal web API via ytmusicapi; personalized playlist fetched with named auth profile.,1.0,98.333333,9.245870921,cumulative views of the exact recommended YouTube video,1761452439,9.245870921,High,High,"Frozen 83-song candidate pool captured 2026-06-29T19:44:09+00:00; Low <=7,505; lower buffer 7,506-19,756; Middle 19,757-243,792; upper buffer 243,793-1,223,809; High >=1,223,810 views.","Use view_count or popularity_log10_view_count for comparisons across users, weeks, and the original playlist. Do not use the within-Discover-Mix rank or percentile for cross-playlist comparisons because those are recalculated separately inside every 30-song mix.",Popularity is for the exact recommended video ID. Report or control video_type because this item is MUSIC_VIDEO_TYPE_OMV; ATV denotes an Art Track and OMV an official music video.
2026-08-17T11:39:55+00:00,user_03,Aysima Baba,Discover Mix,RDTMAK5uy_n_5IN6hzAOwdCnM8D8rzrs3vDl12UcZpA,https://music.youtube.com/playlist?list=RDTMAK5uy_n_5IN6hzAOwdCnM8D8rzrs3vDl12UcZpA,,,,52318,"Discover great music, picked just for you. Always updating.",20,7XdOiuAnIi4,https://music.youtube.com/watch?v=7XdOiuAnIi4,https://www.youtube.com/watch?v=7XdOiuAnIi4,Supernova,Dragonland,UCl114iTFFUTbHZ65M0lDl2g,"[{""id"": ""UCl114iTFFUTbHZ65M0lDl2g"", ""name"": ""Dragonland"", ""subscribers_display"": ""6K"", ""subscribers_approx"": 6000, ""channel_views"": 3787189, ""description"": ""Dragonland is a Swedish power metal band renowned for their self-produced The Dragonland Chronicles fantasy saga, which spans their first, second, and fifth albums. The band is also recognized for the original symphonic/electronic elements crafted by Elias Holmlid.\n\nFrom Wikipedia ("", ""song_shelf_count"": 5, ""album_shelf_count"": 6, ""single_shelf_count"": 5, ""video_shelf_count"": 10, ""lookup_error"": """"}]",UCl114iTFFUTbHZ65M0lDl2g,Dragonland,6K,6000,3787189,"Dragonland is a Swedish power metal band renowned for their self-produced The Dragonland Chronicles fantasy saga, which spans their first, second, and fifth albums. The band is also recognized for the original symphonic/electronic elements crafted by Elias Holmlid.

From Wikipedia (",5,6,5,10,MPREb_5s6e7aNKsiu,Astronomy,Album,2006,12,52 minutes,3147,OLAK5uy_mlremcu_AVsr4zeAMJpSFpTbtOsTOSAAg,Dragonland,"Astronomy is the fourth studio album by Swedish power metal band Dragonland, released in Europe on 13 November 2006 and in North America on 28 November 2006. While their third album Starfall focused heavily on keyboards and had a more upbeat lyrical tone, according to guitarist Olof Mörck, Astronomy is ""gloomier, more stygian and packed with crunching guitars; both furiously fast and bone-grindingly heavy.""

From Wikipedia (",5:10,310,MUSIC_VIDEO_TYPE_ATV,153902,,ytmusicapi player response videoDetails.viewCount,,,Not exposed by this YouTube Music endpoint; official YouTube Data API credentials are required.,Music,2017-08-15T09:03:48-07:00,2017-08-15T09:03:48-07:00,Dragonland - Topic,UCl114iTFFUTbHZ65M0lDl2g,http://www.youtube.com/channel/UCl114iTFFUTbHZ65M0lDl2g,123,AE;AR;AS;AT;AU;AW;AZ;BA;BD;BE;BG;BH;BM;BO;BR;BY;CA;CH;CL;CO;CR;CY;CZ;DE;DK;DO;DZ;EC;EE;EG;ES;FI;FR;GB;GE;GF;GH;GP;GR;GT;GU;HK;HN;HR;HU;ID;IE;IL;IN;IQ;IS;IT;JM;JO;JP;KE;KH;KR;KW;KY;KZ;LA;LB;LI;LK;LT;LU;LV;LY;MA;MK;MP;MQ;MT;MX;MY;NC;NG;NI;NL;NO;NP;NZ;OM;PA;PE;PF;PG;PH;PK;PL;PR;PT;PY;QA;RE;RO;RS;RU;SA;SE;SG;SI;SK;SN;SV;TC;TH;TN;TR;TW;TZ;UA;UG;US;UY;VE;VI;VN;YE;YT;ZA;ZW,"Distribution availability, not artist nationality or audience geography.",Dragonland; Astronomy; Supernova,https://music.youtube.com/watch?v=7XdOiuAnIi4,True,False,False,True,False,False,True,True,True,False,OK,True,INDIFFERENT,False,https://i.ytimg.com/vi/7XdOiuAnIi4/maxresdefault.jpg,"[{""url"": ""https://yt3.googleusercontent.com/P8tbwi9fcP7CU7ffbYC57BA4jcZkxnstkIGiNCZC0ITu_m2nGC8YC1MKWCLUgLaJ2TAljJm_RVwt3LDUAg=w60-h60-l90-rj"", ""width"": 60, ""height"": 60}, {""url"": ""https://yt3.googleusercontent.com/P8tbwi9fcP7CU7ffbYC57BA4jcZkxnstkIGiNCZC0ITu_m2nGC8YC1MKWCLUgLaJ2TAljJm_RVwt3LDUAg=w120-h120-l90-rj"", ""width"": 120, ""height"": 120}]",,,,YouTube Music internal web API via ytmusicapi; personalized playlist fetched with named auth profile.,27.0,11.666667,5.187244264,cumulative views of the exact recommended YouTube video,153902,5.187244264,Middle,Middle,"Frozen 83-song candidate pool captured 2026-06-29T19:44:09+00:00; Low <=7,505; lower buffer 7,506-19,756; Middle 19,757-243,792; upper buffer 243,793-1,223,809; High >=1,223,810 views.","Use view_count or popularity_log10_view_count for comparisons across users, weeks, and the original playlist. Do not use the within-Discover-Mix rank or percentile for cross-playlist comparisons because those are recalculated separately inside every 30-song mix.",Popularity is for the exact recommended video ID. Report or control video_type because this item is MUSIC_VIDEO_TYPE_ATV; ATV denotes an Art Track and OMV an official music video.
2026-08-17T11:39:55+00:00,user_03,Aysima Baba,Discover Mix,RDTMAK5uy_n_5IN6hzAOwdCnM8D8rzrs3vDl12UcZpA,https://music.youtube.com/playlist?list=RDTMAK5uy_n_5IN6hzAOwdCnM8D8rzrs3vDl12UcZpA,,,,52318,"Discover great music, picked just for you. Always updating.",21,aXsLlOPwe48,https://music.youtube.com/watch?v=aXsLlOPwe48,https://www.youtube.com/watch?v=aXsLlOPwe48,Altay,Otyken; Ummet Ozcan,UCv_jCq2Ahreh7TaKoWRA19Q;UCiEcXaxTBoB_KE_WlXwPppA,"[{""id"": ""UCv_jCq2Ahreh7TaKoWRA19Q"", ""name"": ""Otyken"", ""subscribers_display"": ""1.05M"", ""subscribers_approx"": 1050000, ""channel_views"": 302291671, ""description"": ""OTYKEN is a project of Andrey Medonos, producer and director of the Ethnographic Museum in Krasnoyarsk. Оtyken is a Siberian indigenous music group. The marvelous combination of traditional musical instruments and modern arrangement will definitely entertain you! Our mystical throat singing, special elemental vocals, enchanting sounds of vargan (jaw harp), khomys, morinhur, leather drums will take you to the wild thickets of the Siberian taiga.\n\nWe sing our songs in Khakass, Chulyms, Dolgans and Russian (sometimes). In our songs you can hear the great history of the Siberian indigenous national crafts. Our musicians (Chulyms peoples) will tell you about their usual daily life: collecting herbs and pine cones, moving through wild taiga for hunting, apiary work, preparing gear for night fishing.\n\nAccording to one version, the Chulyms are the ancestors of the Japanese Ainu and the indigenous peoples of North America. According to another version, the Chulyms are an ancient Turkic tribe. The Chulyms live along the Chulym River in the Krasnoyarsk Territory. In addition to the Chulyms, the OTYKEN musical group includes (previously included) such peoples as the Kets, Selkups, Evenks, Tuvans, Khakass and Dolgans.\n\nConcert organization:\notyken@amedonos.ru\n+79135326800"", ""song_shelf_count"": 5, ""album_shelf_count"": 5, ""single_shelf_count"": 10, ""video_shelf_count"": 10, ""lookup_error"": """"}, {""id"": ""UCiEcXaxTBoB_KE_WlXwPppA"", ""name"": ""Ummet Ozcan"", ""subscribers_display"": ""1.24M"", ""subscribers_approx"": 1240000, ""channel_views"": 370273363, ""description"": ""Ummet Ozcan is a Dutch DJ and producer, specializing in the techno genre. In the past he has produced mainly big room house and electro house.\n\nFrom Wikipedia ("", ""song_shelf_count"": 5, ""album_shelf_count"": 1, ""single_shelf_count"": 10, ""video_shelf_count"": 10, ""lookup_error"": """"}]",UCv_jCq2Ahreh7TaKoWRA19Q,Otyken,1.05M,1050000,302291671,"OTYKEN is a project of Andrey Medonos, producer and director of the Ethnographic Museum in Krasnoyarsk. Оtyken is a Siberian indigenous music group. The marvelous combination of traditional musical instruments and modern arrangement will definitely entertain you! Our mystical throat singing, special elemental vocals, enchanting sounds of vargan (jaw harp), khomys, morinhur, leather drums will take you to the wild thickets of the Siberian taiga.

We sing our songs in Khakass, Chulyms, Dolgans and Russian (sometimes). In our songs you can hear the great history of the Siberian indigenous national crafts. Our musicians (Chulyms peoples) will tell you about their usual daily life: collecting herbs and pine cones, moving through wild taiga for hunting, apiary work, preparing gear for night fishing.

According to one version, the Chulyms are the ancestors of the Japanese Ainu and the indigenous peoples of North America. According to another version, the Chulyms are an ancient Turkic tribe. The Chulyms live along the Chulym River in the Krasnoyarsk Territory. In addition to the Chulyms, the OTYKEN musical group includes (previously included) such peoples as the Kets, Selkups, Evenks, Tuvans, Khakass and Dolgans.

Concert organization:
otyken@amedonos.ru
+79135326800",5,5,10,10,,,,,,,,,,,4:09,249,MUSIC_VIDEO_TYPE_OMV,27537990,,ytmusicapi player response videoDetails.viewCount,,,Not exposed by this YouTube Music endpoint; official YouTube Data API credentials are required.,Music,2023-11-09T07:32:16-08:00,2023-11-09T07:32:16-08:00,Ummet Ozcan,UC4qJCrMrXpb1D9ddbF9Z_GQ,http://www.youtube.com/@UmmetOzcanOfficial,249,AD;AE;AF;AG;AI;AL;AM;AO;AQ;AR;AS;AT;AU;AW;AX;AZ;BA;BB;BD;BE;BF;BG;BH;BI;BJ;BL;BM;BN;BO;BQ;BR;BS;BT;BV;BW;BY;BZ;CA;CC;CD;CF;CG;CH;CI;CK;CL;CM;CN;CO;CR;CU;CV;CW;CX;CY;CZ;DE;DJ;DK;DM;DO;DZ;EC;EE;EG;EH;ER;ES;ET;FI;FJ;FK;FM;FO;FR;GA;GB;GD;GE;GF;GG;GH;GI;GL;GM;GN;GP;GQ;GR;GS;GT;GU;GW;GY;HK;HM;HN;HR;HT;HU;ID;IE;IL;IM;IN;IO;IQ;IR;IS;IT;JE;JM;JO;JP;KE;KG;KH;KI;KM;KN;KP;KR;KW;KY;KZ;LA;LB;LC;LI;LK;LR;LS;LT;LU;LV;LY;MA;MC;MD;ME;MF;MG;MH;MK;ML;MM;MN;MO;MP;MQ;MR;MS;MT;MU;MV;MW;MX;MY;MZ;NA;NC;NE;NF;NG;NI;NL;NO;NP;NR;NU;NZ;OM;PA;PE;PF;PG;PH;PK;PL;PM;PN;PR;PS;PT;PW;PY;QA;RE;RO;RS;RU;RW;SA;SB;SC;SD;SE;SG;SH;SI;SJ;SK;SL;SM;SN;SO;SR;SS;ST;SV;SX;SY;SZ;TC;TD;TF;TG;TH;TJ;TK;TL;TM;TN;TO;TR;TT;TV;TW;TZ;UA;UG;UM;US;UY;UZ;VA;VC;VE;VG;VI;VN;VU;WF;WS;YE;YT;ZA;ZM;ZW,"Distribution availability, not artist nationality or audience geography.",Altay; Otyken; Tengri; Throat Singing; Ethnic; Drum And Bass; Epic; Ancient Sounds; Indeginous; Instruments; Live Group; Techno; Mongolian; Turkic,https://music.youtube.com/watch?v=aXsLlOPwe48,True,False,False,True,False,False,True,True,False,,OK,True,INDIFFERENT,False,https://i.ytimg.com/vi/aXsLlOPwe48/maxresdefault.jpg,"[{""url"": ""https://i.ytimg.com/vi/aXsLlOPwe48/hqdefault.jpg?sqp=-oaymwEWCJADEOEBIAQqCggAEOADGC0guwJIWg&rs=AMzJL3m970NC_VfcseOUlZKU-K0zqlsckA"", ""width"": 400, ""height"": 225}]",,,missing album browse id,YouTube Music internal web API via ytmusicapi; personalized playlist fetched with named auth profile.,8.0,75.0,7.439932238,cumulative views of the exact recommended YouTube video,27537990,7.439932238,High,High,"Frozen 83-song candidate pool captured 2026-06-29T19:44:09+00:00; Low <=7,505; lower buffer 7,506-19,756; Middle 19,757-243,792; upper buffer 243,793-1,223,809; High >=1,223,810 views.","Use view_count or popularity_log10_view_count for comparisons across users, weeks, and the original playlist. Do not use the within-Discover-Mix rank or percentile for cross-playlist comparisons because those are recalculated separately inside every 30-song mix.",Popularity is for the exact recommended video ID. Report or control video_type because this item is MUSIC_VIDEO_TYPE_OMV; ATV denotes an Art Track and OMV an official music video.
2026-08-17T11:39:55+00:00,user_03,Aysima Baba,Discover Mix,RDTMAK5uy_n_5IN6hzAOwdCnM8D8rzrs3vDl12UcZpA,https://music.youtube.com/playlist?list=RDTMAK5uy_n_5IN6hzAOwdCnM8D8rzrs3vDl12UcZpA,,,,52318,"Discover great music, picked just for you. Always updating.",22,lGB6axzZpRQ,https://music.youtube.com/watch?v=lGB6axzZpRQ,https://www.youtube.com/watch?v=lGB6axzZpRQ,United,Serenity,UCdE1nOxL3konz-SkuTbvZrw,"[{""id"": ""UCdE1nOxL3konz-SkuTbvZrw"", ""name"": ""Serenity"", ""subscribers_display"": ""6.5K"", ""subscribers_approx"": 6500, ""channel_views"": null, ""description"": null, ""song_shelf_count"": 5, ""album_shelf_count"": 9, ""single_shelf_count"": 10, ""video_shelf_count"": 10, ""lookup_error"": """"}]",UCdE1nOxL3konz-SkuTbvZrw,Serenity,6.5K,6500,,,5,9,10,10,,,,,,,,,,,5:57,357,MUSIC_VIDEO_TYPE_OMV,746243,,ytmusicapi player response videoDetails.viewCount,,,Not exposed by this YouTube Music endpoint; official YouTube Data API credentials are required.,People & Blogs,2017-10-20T00:55:46-07:00,2017-10-20T00:55:46-07:00,Napalm Records,UCG7AaCh_CiG6pq_rRDNw72A,http://www.youtube.com/@napalmrecords,249,AD;AE;AF;AG;AI;AL;AM;AO;AQ;AR;AS;AT;AU;AW;AX;AZ;BA;BB;BD;BE;BF;BG;BH;BI;BJ;BL;BM;BN;BO;BQ;BR;BS;BT;BV;BW;BY;BZ;CA;CC;CD;CF;CG;CH;CI;CK;CL;CM;CN;CO;CR;CU;CV;CW;CX;CY;CZ;DE;DJ;DK;DM;DO;DZ;EC;EE;EG;EH;ER;ES;ET;FI;FJ;FK;FM;FO;FR;GA;GB;GD;GE;GF;GG;GH;GI;GL;GM;GN;GP;GQ;GR;GS;GT;GU;GW;GY;HK;HM;HN;HR;HT;HU;ID;IE;IL;IM;IN;IO;IQ;IR;IS;IT;JE;JM;JO;JP;KE;KG;KH;KI;KM;KN;KP;KR;KW;KY;KZ;LA;LB;LC;LI;LK;LR;LS;LT;LU;LV;LY;MA;MC;MD;ME;MF;MG;MH;MK;ML;MM;MN;MO;MP;MQ;MR;MS;MT;MU;MV;MW;MX;MY;MZ;NA;NC;NE;NF;NG;NI;NL;NO;NP;NR;NU;NZ;OM;PA;PE;PF;PG;PH;PK;PL;PM;PN;PR;PS;PT;PW;PY;QA;RE;RO;RS;RU;RW;SA;SB;SC;SD;SE;SG;SH;SI;SJ;SK;SL;SM;SN;SO;SR;SS;ST;SV;SX;SY;SZ;TC;TD;TF;TG;TH;TJ;TK;TL;TM;TN;TO;TR;TT;TV;TW;TZ;UA;UG;UM;US;UY;UZ;VA;VC;VE;VG;VI;VN;VU;WF;WS;YE;YT;ZA;ZM;ZW,"Distribution availability, not artist nationality or audience geography.",Napalm; Records; Channel; serenity; united; lionheart; symphonic metal; metal; napalm records; official video; new album; historical video,https://music.youtube.com/watch?v=lGB6axzZpRQ,True,False,False,True,False,False,True,True,False,,OK,True,INDIFFERENT,False,https://i.ytimg.com/vi/lGB6axzZpRQ/maxresdefault.jpg,"[{""url"": ""https://i.ytimg.com/vi/lGB6axzZpRQ/hqdefault.jpg?sqp=-oaymwEWCJADEOEBIAQqCggAEOADGC0guwJIWg&rs=AMzJL3mwNkBsR7Ho5skqceUmbFX1FSAYgg"", ""width"": 400, ""height"": 225}]",,,missing album browse id,YouTube Music internal web API via ytmusicapi; personalized playlist fetched with named auth profile.,20.0,35.0,5.87288027,cumulative views of the exact recommended YouTube video,746243,5.87288027,Upper buffer,Buffer,"Frozen 83-song candidate pool captured 2026-06-29T19:44:09+00:00; Low <=7,505; lower buffer 7,506-19,756; Middle 19,757-243,792; upper buffer 243,793-1,223,809; High >=1,223,810 views.","Use view_count or popularity_log10_view_count for comparisons across users, weeks, and the original playlist. Do not use the within-Discover-Mix rank or percentile for cross-playlist comparisons because those are recalculated separately inside every 30-song mix.",Popularity is for the exact recommended video ID. Report or control video_type because this item is MUSIC_VIDEO_TYPE_OMV; ATV denotes an Art Track and OMV an official music video.
2026-08-17T11:39:55+00:00,user_03,Aysima Baba,Discover Mix,RDTMAK5uy_n_5IN6hzAOwdCnM8D8rzrs3vDl12UcZpA,https://music.youtube.com/playlist?list=RDTMAK5uy_n_5IN6hzAOwdCnM8D8rzrs3vDl12UcZpA,,,,52318,"Discover great music, picked just for you. Always updating.",23,WVLf0Te2qqo,https://music.youtube.com/watch?v=WVLf0Te2qqo,https://www.youtube.com/watch?v=WVLf0Te2qqo,Heavy Metal Breakdown,Grave Digger,UCo8IuNkx9PS8MswirsKtZpQ,"[{""id"": ""UCo8IuNkx9PS8MswirsKtZpQ"", ""name"": ""Grave Digger"", ""subscribers_display"": ""16.5K"", ""subscribers_approx"": 16500, ""channel_views"": 8806519, ""description"": ""Grave Digger is a German heavy metal band that was first formed in 1980 by Chris Boltendahl and Peter Masson. Emerging from the 1980s German heavy/power/speed metal scene, they are considered part of the scene's \""big four\"" alongside Helloween, Rage and Running Wild.\n\nFrom Wikipedia ("", ""song_shelf_count"": 5, ""album_shelf_count"": 10, ""single_shelf_count"": 10, ""video_shelf_count"": 10, ""lookup_error"": """"}]",UCo8IuNkx9PS8MswirsKtZpQ,Grave Digger,16.5K,16500,8806519,"Grave Digger is a German heavy metal band that was first formed in 1980 by Chris Boltendahl and Peter Masson. Emerging from the 1980s German heavy/power/speed metal scene, they are considered part of the scene's ""big four"" alongside Helloween, Rage and Running Wild.

From Wikipedia (",5,10,10,10,,,,,,,,,,,4:17,257,MUSIC_VIDEO_TYPE_OMV,431185,,ytmusicapi player response videoDetails.viewCount,,,Not exposed by this YouTube Music endpoint; official YouTube Data API credentials are required.,People & Blogs,2015-09-23T03:25:32-07:00,2015-09-23T03:25:32-07:00,Napalm Records,UCG7AaCh_CiG6pq_rRDNw72A,http://www.youtube.com/@napalmrecords,249,AD;AE;AF;AG;AI;AL;AM;AO;AQ;AR;AS;AT;AU;AW;AX;AZ;BA;BB;BD;BE;BF;BG;BH;BI;BJ;BL;BM;BN;BO;BQ;BR;BS;BT;BV;BW;BY;BZ;CA;CC;CD;CF;CG;CH;CI;CK;CL;CM;CN;CO;CR;CU;CV;CW;CX;CY;CZ;DE;DJ;DK;DM;DO;DZ;EC;EE;EG;EH;ER;ES;ET;FI;FJ;FK;FM;FO;FR;GA;GB;GD;GE;GF;GG;GH;GI;GL;GM;GN;GP;GQ;GR;GS;GT;GU;GW;GY;HK;HM;HN;HR;HT;HU;ID;IE;IL;IM;IN;IO;IQ;IR;IS;IT;JE;JM;JO;JP;KE;KG;KH;KI;KM;KN;KP;KR;KW;KY;KZ;LA;LB;LC;LI;LK;LR;LS;LT;LU;LV;LY;MA;MC;MD;ME;MF;MG;MH;MK;ML;MM;MN;MO;MP;MQ;MR;MS;MT;MU;MV;MW;MX;MY;MZ;NA;NC;NE;NF;NG;NI;NL;NO;NP;NR;NU;NZ;OM;PA;PE;PF;PG;PH;PK;PL;PM;PN;PR;PS;PT;PW;PY;QA;RE;RO;RS;RU;RW;SA;SB;SC;SD;SE;SG;SH;SI;SJ;SK;SL;SM;SN;SO;SR;SS;ST;SV;SX;SY;SZ;TC;TD;TF;TG;TH;TJ;TK;TL;TM;TN;TO;TR;TT;TV;TW;TZ;UA;UG;UM;US;UY;UZ;VA;VC;VE;VG;VI;VN;VU;WF;WS;YE;YT;ZA;ZM;ZW,"Distribution availability, not artist nationality or audience geography.",Napalm; Records; Channel; Grave Digger (Musical Group); Heavy Metal Breakdown (Musical Recording); Napalm Records (Record Label); Heavy Metal (Musical Genre); german heavy metal; chris boltendahl; juppi juppsen; official video; exhumation; the early years; re-recording; altersheim,https://music.youtube.com/watch?v=WVLf0Te2qqo,True,False,False,True,False,False,True,True,False,,OK,True,INDIFFERENT,False,https://i.ytimg.com/vi/WVLf0Te2qqo/maxresdefault.jpg?sqp=-oaymwEmCIAKENAF8quKqQMa8AEB-AH-CYAC0AWKAgwIABABGEUgPyhyMA8=&rs=AOn4CLB6_sWcxhxgbh6Cay1uN8t3UHQCmQ,"[{""url"": ""https://i.ytimg.com/vi/WVLf0Te2qqo/hqdefault.jpg?sqp=-oaymwEWCJADEOEBIAQqCggAEOADGC0guwJIWg&rs=AMzJL3koE0jjs5S_HtlGF6T5Z6QHMZWzyA"", ""width"": 400, ""height"": 225}]",,,missing album browse id,YouTube Music internal web API via ytmusicapi; personalized playlist fetched with named auth profile.,22.0,28.333333,5.634663644,cumulative views of the exact recommended YouTube video,431185,5.634663644,Upper buffer,Buffer,"Frozen 83-song candidate pool captured 2026-06-29T19:44:09+00:00; Low <=7,505; lower buffer 7,506-19,756; Middle 19,757-243,792; upper buffer 243,793-1,223,809; High >=1,223,810 views.","Use view_count or popularity_log10_view_count for comparisons across users, weeks, and the original playlist. Do not use the within-Discover-Mix rank or percentile for cross-playlist comparisons because those are recalculated separately inside every 30-song mix.",Popularity is for the exact recommended video ID. Report or control video_type because this item is MUSIC_VIDEO_TYPE_OMV; ATV denotes an Art Track and OMV an official music video.
2026-08-17T11:39:55+00:00,user_03,Aysima Baba,Discover Mix,RDTMAK5uy_n_5IN6hzAOwdCnM8D8rzrs3vDl12UcZpA,https://music.youtube.com/playlist?list=RDTMAK5uy_n_5IN6hzAOwdCnM8D8rzrs3vDl12UcZpA,,,,52318,"Discover great music, picked just for you. Always updating.",24,RnzFI0VL6WI,https://music.youtube.com/watch?v=RnzFI0VL6WI,https://www.youtube.com/watch?v=RnzFI0VL6WI,The Reason of Your Conviction,Hangar,UCwP8slMZ0AA9Lfbow8n1rYg,"[{""id"": ""UCwP8slMZ0AA9Lfbow8n1rYg"", ""name"": ""Hangar"", ""subscribers_display"": ""2.16K"", ""subscribers_approx"": 2160, ""channel_views"": null, ""description"": null, ""song_shelf_count"": 5, ""album_shelf_count"": 7, ""single_shelf_count"": 1, ""video_shelf_count"": 10, ""lookup_error"": """"}]",UCwP8slMZ0AA9Lfbow8n1rYg,Hangar,2.16K,2160,,,5,7,1,10,MPREb_lzPrHZ9XXGe,The Reason of Your Conviction,Album,2007,11,47 minutes,2858,OLAK5uy_ngzqpQAUbdjPAzemCBJF3u6Ro7crj9Kw0,Hangar,,5:10,310,MUSIC_VIDEO_TYPE_ATV,173964,,ytmusicapi player response videoDetails.viewCount,,,Not exposed by this YouTube Music endpoint; official YouTube Data API credentials are required.,Music,2017-07-12T05:53:33-07:00,2017-07-12T05:53:33-07:00,Hangar - Topic,UCwP8slMZ0AA9Lfbow8n1rYg,http://www.youtube.com/channel/UCwP8slMZ0AA9Lfbow8n1rYg,249,AD;AE;AF;AG;AI;AL;AM;AO;AQ;AR;AS;AT;AU;AW;AX;AZ;BA;BB;BD;BE;BF;BG;BH;BI;BJ;BL;BM;BN;BO;BQ;BR;BS;BT;BV;BW;BY;BZ;CA;CC;CD;CF;CG;CH;CI;CK;CL;CM;CN;CO;CR;CU;CV;CW;CX;CY;CZ;DE;DJ;DK;DM;DO;DZ;EC;EE;EG;EH;ER;ES;ET;FI;FJ;FK;FM;FO;FR;GA;GB;GD;GE;GF;GG;GH;GI;GL;GM;GN;GP;GQ;GR;GS;GT;GU;GW;GY;HK;HM;HN;HR;HT;HU;ID;IE;IL;IM;IN;IO;IQ;IR;IS;IT;JE;JM;JO;JP;KE;KG;KH;KI;KM;KN;KP;KR;KW;KY;KZ;LA;LB;LC;LI;LK;LR;LS;LT;LU;LV;LY;MA;MC;MD;ME;MF;MG;MH;MK;ML;MM;MN;MO;MP;MQ;MR;MS;MT;MU;MV;MW;MX;MY;MZ;NA;NC;NE;NF;NG;NI;NL;NO;NP;NR;NU;NZ;OM;PA;PE;PF;PG;PH;PK;PL;PM;PN;PR;PS;PT;PW;PY;QA;RE;RO;RS;RU;RW;SA;SB;SC;SD;SE;SG;SH;SI;SJ;SK;SL;SM;SN;SO;SR;SS;ST;SV;SX;SY;SZ;TC;TD;TF;TG;TH;TJ;TK;TL;TM;TN;TO;TR;TT;TV;TW;TZ;UA;UG;UM;US;UY;UZ;VA;VC;VE;VG;VI;VN;VU;WF;WS;YE;YT;ZA;ZM;ZW,"Distribution availability, not artist nationality or audience geography.",Hangar; The Reason of Your Conviction,https://music.youtube.com/watch?v=RnzFI0VL6WI,True,False,False,True,False,False,True,True,False,False,OK,True,INDIFFERENT,False,https://i.ytimg.com/vi/RnzFI0VL6WI/maxresdefault.jpg,"[{""url"": ""https://yt3.googleusercontent.com/NuoX32Z3A1PnrIkmBSIYMVwm5qy1Vg_UoYO-73pwvCdUNLF8afc2q1lnGfD5N2uDV0SO2v-nwiwAyhPy=w60-h60-l90-rj"", ""width"": 60, ""height"": 60}, {""url"": ""https://yt3.googleusercontent.com/NuoX32Z3A1PnrIkmBSIYMVwm5qy1Vg_UoYO-73pwvCdUNLF8afc2q1lnGfD5N2uDV0SO2v-nwiwAyhPy=w120-h120-l90-rj"", ""width"": 120, ""height"": 120}]",,,,YouTube Music internal web API via ytmusicapi; personalized playlist fetched with named auth profile.,26.0,15.0,5.240459385,cumulative views of the exact recommended YouTube video,173964,5.240459385,Middle,Middle,"Frozen 83-song candidate pool captured 2026-06-29T19:44:09+00:00; Low <=7,505; lower buffer 7,506-19,756; Middle 19,757-243,792; upper buffer 243,793-1,223,809; High >=1,223,810 views.","Use view_count or popularity_log10_view_count for comparisons across users, weeks, and the original playlist. Do not use the within-Discover-Mix rank or percentile for cross-playlist comparisons because those are recalculated separately inside every 30-song mix.",Popularity is for the exact recommended video ID. Report or control video_type because this item is MUSIC_VIDEO_TYPE_ATV; ATV denotes an Art Track and OMV an official music video.
2026-08-17T11:39:55+00:00,user_03,Aysima Baba,Discover Mix,RDTMAK5uy_n_5IN6hzAOwdCnM8D8rzrs3vDl12UcZpA,https://music.youtube.com/playlist?list=RDTMAK5uy_n_5IN6hzAOwdCnM8D8rzrs3vDl12UcZpA,,,,52318,"Discover great music, picked just for you. Always updating.",25,tVgUKJzDMnI,https://music.youtube.com/watch?v=tVgUKJzDMnI,https://www.youtube.com/watch?v=tVgUKJzDMnI,Ljósálfur,SKÁLD,UC-wIawlQBEwyFmemXR_eb9A,"[{""id"": ""UC-wIawlQBEwyFmemXR_eb9A"", ""name"": ""SKÁLD"", ""subscribers_display"": ""506K"", ""subscribers_approx"": 506000, ""channel_views"": 242801884, ""description"": ""Skáld is a French Nordic folk group formed in 2018. Their songs bear a heavy Norse influence, making use of traditional instruments and the themes they treat are mostly centred on Scandinavian culture, especially on Norse mythology and they use mostly Nordic languages, particularly Old Norse.\n\nFrom Wikipedia ("", ""song_shelf_count"": 5, ""album_shelf_count"": 2, ""single_shelf_count"": 10, ""video_shelf_count"": 10, ""lookup_error"": """"}]",UC-wIawlQBEwyFmemXR_eb9A,SKÁLD,506K,506000,242801884,"Skáld is a French Nordic folk group formed in 2018. Their songs bear a heavy Norse influence, making use of traditional instruments and the themes they treat are mostly centred on Scandinavian culture, especially on Norse mythology and they use mostly Nordic languages, particularly Old Norse.

From Wikipedia (",5,2,10,10,MPREb_I2gTJ14LF6M,Huldufólk,Album,2023,12,43 minutes,2619,OLAK5uy_mC--tKU8pntXzYBRf1TAxMlo0POu-CAMM,SKÁLD,,3:08,188,MUSIC_VIDEO_TYPE_ATV,1570783,,ytmusicapi player response videoDetails.viewCount,,,Not exposed by this YouTube Music endpoint; official YouTube Data API credentials are required.,Music,2023-01-19T02:04:39-08:00,2023-01-19T02:04:39-08:00,SKÁLD - Topic,UC-wIawlQBEwyFmemXR_eb9A,http://www.youtube.com/channel/UC-wIawlQBEwyFmemXR_eb9A,121,AE;AR;AS;AT;AU;AW;AZ;BA;BD;BE;BG;BH;BM;BO;BR;CA;CH;CL;CO;CR;CY;CZ;DE;DK;DO;DZ;EC;EE;EG;ES;FI;FR;GB;GE;GF;GH;GP;GR;GT;GU;HK;HN;HR;HU;ID;IE;IL;IN;IQ;IS;IT;JM;JO;JP;KE;KH;KR;KW;KY;KZ;LA;LB;LI;LK;LT;LU;LV;LY;MA;MK;MP;MQ;MT;MX;MY;NC;NG;NI;NL;NO;NP;NZ;OM;PA;PE;PF;PG;PH;PK;PL;PR;PT;PY;QA;RE;RO;RS;SA;SE;SG;SI;SK;SN;SV;TC;TH;TN;TR;TW;TZ;UA;UG;US;UY;VE;VI;VN;YE;YT;ZA;ZW,"Distribution availability, not artist nationality or audience geography.",SKÁLD; スカルド; Huldufólk; Ljósálfur,https://music.youtube.com/watch?v=tVgUKJzDMnI,True,False,False,True,False,False,True,True,False,False,OK,True,INDIFFERENT,False,https://i.ytimg.com/vi/tVgUKJzDMnI/maxresdefault.jpg,"[{""url"": ""https://yt3.googleusercontent.com/xoGZRdeOJo1hf235U6nhdRRqQlEevz59zUalvHwOcEqXG6Ob5omM6EHbUa968P6rq-62CcOwBWugiuwy=w60-h60-l90-rj"", ""width"": 60, ""height"": 60}, {""url"": ""https://yt3.googleusercontent.com/xoGZRdeOJo1hf235U6nhdRRqQlEevz59zUalvHwOcEqXG6Ob5omM6EHbUa968P6rq-62CcOwBWugiuwy=w120-h120-l90-rj"", ""width"": 120, ""height"": 120}]",,,,YouTube Music internal web API via ytmusicapi; personalized playlist fetched with named auth profile.,17.0,45.0,6.196116192,cumulative views of the exact recommended YouTube video,1570783,6.196116192,High,High,"Frozen 83-song candidate pool captured 2026-06-29T19:44:09+00:00; Low <=7,505; lower buffer 7,506-19,756; Middle 19,757-243,792; upper buffer 243,793-1,223,809; High >=1,223,810 views.","Use view_count or popularity_log10_view_count for comparisons across users, weeks, and the original playlist. Do not use the within-Discover-Mix rank or percentile for cross-playlist comparisons because those are recalculated separately inside every 30-song mix.",Popularity is for the exact recommended video ID. Report or control video_type because this item is MUSIC_VIDEO_TYPE_ATV; ATV denotes an Art Track and OMV an official music video.
2026-08-17T11:39:55+00:00,user_03,Aysima Baba,Discover Mix,RDTMAK5uy_n_5IN6hzAOwdCnM8D8rzrs3vDl12UcZpA,https://music.youtube.com/playlist?list=RDTMAK5uy_n_5IN6hzAOwdCnM8D8rzrs3vDl12UcZpA,,,,52318,"Discover great music, picked just for you. Always updating.",26,469fV_JzIwM,https://music.youtube.com/watch?v=469fV_JzIwM,https://www.youtube.com/watch?v=469fV_JzIwM,Death of the God of Light,Brothers of Metal,UC7apj1hieWRm-ji4_Umt2GA,"[{""id"": ""UC7apj1hieWRm-ji4_Umt2GA"", ""name"": ""Brothers of Metal"", ""subscribers_display"": ""105K"", ""subscribers_approx"": 105000, ""channel_views"": 113927907, ""description"": ""Brothers of Metal are an eight-piece Swedish power metal band from Falun, formed in 2012. The band's visual style and lyrics are inspired by Vikings and Norse mythology, and are often purposefully over-the-top, which earns them both criticism and praise.\n\nFrom Wikipedia ("", ""song_shelf_count"": 5, ""album_shelf_count"": 3, ""single_shelf_count"": 10, ""video_shelf_count"": 10, ""lookup_error"": """"}]",UC7apj1hieWRm-ji4_Umt2GA,Brothers of Metal,105K,105000,113927907,"Brothers of Metal are an eight-piece Swedish power metal band from Falun, formed in 2012. The band's visual style and lyrics are inspired by Vikings and Norse mythology, and are often purposefully over-the-top, which earns them both criticism and praise.

From Wikipedia (",5,3,10,10,MPREb_DiLRSJZo64f,Prophecy of Ragnarök,Album,2017,14,51 minutes,3096,OLAK5uy_nPdywtDIeR31ZUmUvZP1B7ZTc0iozp17w,Brothers of Metal,,3:31,211,MUSIC_VIDEO_TYPE_ATV,3643587,,ytmusicapi player response videoDetails.viewCount,,,Not exposed by this YouTube Music endpoint; official YouTube Data API credentials are required.,Music,2018-08-09T00:30:17-07:00,2018-08-09T00:30:17-07:00,Brothers of Metal - Topic,UC7apj1hieWRm-ji4_Umt2GA,http://www.youtube.com/channel/UC7apj1hieWRm-ji4_Umt2GA,249,AD;AE;AF;AG;AI;AL;AM;AO;AQ;AR;AS;AT;AU;AW;AX;AZ;BA;BB;BD;BE;BF;BG;BH;BI;BJ;BL;BM;BN;BO;BQ;BR;BS;BT;BV;BW;BY;BZ;CA;CC;CD;CF;CG;CH;CI;CK;CL;CM;CN;CO;CR;CU;CV;CW;CX;CY;CZ;DE;DJ;DK;DM;DO;DZ;EC;EE;EG;EH;ER;ES;ET;FI;FJ;FK;FM;FO;FR;GA;GB;GD;GE;GF;GG;GH;GI;GL;GM;GN;GP;GQ;GR;GS;GT;GU;GW;GY;HK;HM;HN;HR;HT;HU;ID;IE;IL;IM;IN;IO;IQ;IR;IS;IT;JE;JM;JO;JP;KE;KG;KH;KI;KM;KN;KP;KR;KW;KY;KZ;LA;LB;LC;LI;LK;LR;LS;LT;LU;LV;LY;MA;MC;MD;ME;MF;MG;MH;MK;ML;MM;MN;MO;MP;MQ;MR;MS;MT;MU;MV;MW;MX;MY;MZ;NA;NC;NE;NF;NG;NI;NL;NO;NP;NR;NU;NZ;OM;PA;PE;PF;PG;PH;PK;PL;PM;PN;PR;PS;PT;PW;PY;QA;RE;RO;RS;RU;RW;SA;SB;SC;SD;SE;SG;SH;SI;SJ;SK;SL;SM;SN;SO;SR;SS;ST;SV;SX;SY;SZ;TC;TD;TF;TG;TH;TJ;TK;TL;TM;TN;TO;TR;TT;TV;TW;TZ;UA;UG;UM;US;UY;UZ;VA;VC;VE;VG;VI;VN;VU;WF;WS;YE;YT;ZA;ZM;ZW,"Distribution availability, not artist nationality or audience geography.",Brothers of Metal; Prophecy of Ragnarök; Death of the God of Light,https://music.youtube.com/watch?v=469fV_JzIwM,True,False,False,True,False,False,True,True,False,False,OK,True,INDIFFERENT,False,https://i.ytimg.com/vi/469fV_JzIwM/maxresdefault.jpg,"[{""url"": ""https://yt3.googleusercontent.com/G4fNA_EJX8E9hmj-nYoVH-WLonK7P5MLBgrgOgN4gR3ETVt4GXKLvZb49qIk4o8SISkm0ae8zP7r6slt=w60-h60-l90-rj"", ""width"": 60, ""height"": 60}, {""url"": ""https://yt3.googleusercontent.com/G4fNA_EJX8E9hmj-nYoVH-WLonK7P5MLBgrgOgN4gR3ETVt4GXKLvZb49qIk4o8SISkm0ae8zP7r6slt=w120-h120-l90-rj"", ""width"": 120, ""height"": 120}]",,,,YouTube Music internal web API via ytmusicapi; personalized playlist fetched with named auth profile.,14.0,55.0,6.561529144,cumulative views of the exact recommended YouTube video,3643587,6.561529144,High,High,"Frozen 83-song candidate pool captured 2026-06-29T19:44:09+00:00; Low <=7,505; lower buffer 7,506-19,756; Middle 19,757-243,792; upper buffer 243,793-1,223,809; High >=1,223,810 views.","Use view_count or popularity_log10_view_count for comparisons across users, weeks, and the original playlist. Do not use the within-Discover-Mix rank or percentile for cross-playlist comparisons because those are recalculated separately inside every 30-song mix.",Popularity is for the exact recommended video ID. Report or control video_type because this item is MUSIC_VIDEO_TYPE_ATV; ATV denotes an Art Track and OMV an official music video.
2026-08-17T11:39:55+00:00,user_03,Aysima Baba,Discover Mix,RDTMAK5uy_n_5IN6hzAOwdCnM8D8rzrs3vDl12UcZpA,https://music.youtube.com/playlist?list=RDTMAK5uy_n_5IN6hzAOwdCnM8D8rzrs3vDl12UcZpA,,,,52318,"Discover great music, picked just for you. Always updating.",27,XhepwtKR5lg,https://music.youtube.com/watch?v=XhepwtKR5lg,https://www.youtube.com/watch?v=XhepwtKR5lg,82nd All the Way,Amaranthe,UClXbyJ6lJGR3VVkLSVRmdOQ,"[{""id"": ""UClXbyJ6lJGR3VVkLSVRmdOQ"", ""name"": ""Amaranthe"", ""subscribers_display"": ""402K"", ""subscribers_approx"": 402000, ""channel_views"": 309003639, ""description"": ""Amaranthe is a Swedish heavy metal band originally known as Avalanche. The band is notable for their blend of various metal genres and having three lead vocalists.\n\nFrom Wikipedia ("", ""song_shelf_count"": 5, ""album_shelf_count"": 10, ""single_shelf_count"": 10, ""video_shelf_count"": 10, ""lookup_error"": """"}]",UClXbyJ6lJGR3VVkLSVRmdOQ,Amaranthe,402K,402000,309003639,"Amaranthe is a Swedish heavy metal band originally known as Avalanche. The band is notable for their blend of various metal genres and having three lead vocalists.

From Wikipedia (",5,10,10,10,,,,,,,,,,,3:23,203,MUSIC_VIDEO_TYPE_OMV,23955201,,ytmusicapi player response videoDetails.viewCount,,,Not exposed by this YouTube Music endpoint; official YouTube Data API credentials are required.,Music,2020-01-03T02:00:05-08:00,2020-01-03T02:00:05-08:00,Nuclear Blast Records,UCoxg3Kml41wE3IPq-PC-LQw,http://www.youtube.com/@NuclearBlastRecords,249,AD;AE;AF;AG;AI;AL;AM;AO;AQ;AR;AS;AT;AU;AW;AX;AZ;BA;BB;BD;BE;BF;BG;BH;BI;BJ;BL;BM;BN;BO;BQ;BR;BS;BT;BV;BW;BY;BZ;CA;CC;CD;CF;CG;CH;CI;CK;CL;CM;CN;CO;CR;CU;CV;CW;CX;CY;CZ;DE;DJ;DK;DM;DO;DZ;EC;EE;EG;EH;ER;ES;ET;FI;FJ;FK;FM;FO;FR;GA;GB;GD;GE;GF;GG;GH;GI;GL;GM;GN;GP;GQ;GR;GS;GT;GU;GW;GY;HK;HM;HN;HR;HT;HU;ID;IE;IL;IM;IN;IO;IQ;IR;IS;IT;JE;JM;JO;JP;KE;KG;KH;KI;KM;KN;KP;KR;KW;KY;KZ;LA;LB;LC;LI;LK;LR;LS;LT;LU;LV;LY;MA;MC;MD;ME;MF;MG;MH;MK;ML;MM;MN;MO;MP;MQ;MR;MS;MT;MU;MV;MW;MX;MY;MZ;NA;NC;NE;NF;NG;NI;NL;NO;NP;NR;NU;NZ;OM;PA;PE;PF;PG;PH;PK;PL;PM;PN;PR;PS;PT;PW;PY;QA;RE;RO;RS;RU;RW;SA;SB;SC;SD;SE;SG;SH;SI;SJ;SK;SL;SM;SN;SO;SR;SS;ST;SV;SX;SY;SZ;TC;TD;TF;TG;TH;TJ;TK;TL;TM;TN;TO;TR;TT;TV;TW;TZ;UA;UG;UM;US;UY;UZ;VA;VC;VE;VG;VI;VN;VU;WF;WS;YE;YT;ZA;ZM;ZW,"Distribution availability, not artist nationality or audience geography.",amaranthe; 82nd all the way; sabaton; sabaton cover; apocalyptica; Elize Ryd; Morten Løwe Sørensen; Nils Molin; Olof Mörck; henrik englund wilhelmsson; the nexus; massive addictive; helix; drop dead cynical; amaranthe live; amaranthe tour; full album; seven spires; jacob hansen,https://music.youtube.com/watch?v=XhepwtKR5lg,True,False,False,True,False,False,True,True,False,,OK,True,INDIFFERENT,False,https://i.ytimg.com/vi/XhepwtKR5lg/maxresdefault.jpg,"[{""url"": ""https://i.ytimg.com/vi/XhepwtKR5lg/hqdefault.jpg?sqp=-oaymwEWCJADEOEBIAQqCggAEOADGC0guwJIWg&rs=AMzJL3mxWfTsUGOv-YwlVka8CcemCSzfig"", ""width"": 400, ""height"": 225}]",,,missing album browse id,YouTube Music internal web API via ytmusicapi; personalized playlist fetched with named auth profile.,9.0,71.666667,7.379399819,cumulative views of the exact recommended YouTube video,23955201,7.379399819,High,High,"Frozen 83-song candidate pool captured 2026-06-29T19:44:09+00:00; Low <=7,505; lower buffer 7,506-19,756; Middle 19,757-243,792; upper buffer 243,793-1,223,809; High >=1,223,810 views.","Use view_count or popularity_log10_view_count for comparisons across users, weeks, and the original playlist. Do not use the within-Discover-Mix rank or percentile for cross-playlist comparisons because those are recalculated separately inside every 30-song mix.",Popularity is for the exact recommended video ID. Report or control video_type because this item is MUSIC_VIDEO_TYPE_OMV; ATV denotes an Art Track and OMV an official music video.
2026-08-17T11:39:55+00:00,user_03,Aysima Baba,Discover Mix,RDTMAK5uy_n_5IN6hzAOwdCnM8D8rzrs3vDl12UcZpA,https://music.youtube.com/playlist?list=RDTMAK5uy_n_5IN6hzAOwdCnM8D8rzrs3vDl12UcZpA,,,,52318,"Discover great music, picked just for you. Always updating.",28,IzAmAN87nzY,https://music.youtube.com/watch?v=IzAmAN87nzY,https://www.youtube.com/watch?v=IzAmAN87nzY,Blood of Heroes,Tyr,UCcsoYke5q0w-OMEakJsLbAQ,"[{""id"": ""UCcsoYke5q0w-OMEakJsLbAQ"", ""name"": ""Tyr"", ""subscribers_display"": ""45.4K"", ""subscribers_approx"": 45400, ""channel_views"": 19019444, ""description"": ""Rooted in the epic past\nweaving powerful melodic inspiration\nfor the modern Viking spirit"", ""song_shelf_count"": 5, ""album_shelf_count"": 8, ""single_shelf_count"": 9, ""video_shelf_count"": 10, ""lookup_error"": """"}]",UCcsoYke5q0w-OMEakJsLbAQ,Tyr,45.4K,45400,19019444,"Rooted in the epic past
weaving powerful melodic inspiration
for the modern Viking spirit",5,8,9,10,,,,,,,,,,,3:42,222,MUSIC_VIDEO_TYPE_OMV,1037973,,ytmusicapi player response videoDetails.viewCount,,,Not exposed by this YouTube Music endpoint; official YouTube Data API credentials are required.,Music,2013-09-11T09:07:03-07:00,2013-09-11T09:07:03-07:00,Metal Blade Records,UCSldglor1t-5E-Gy2eBdMrA,http://www.youtube.com/@metalbladerecords,249,AD;AE;AF;AG;AI;AL;AM;AO;AQ;AR;AS;AT;AU;AW;AX;AZ;BA;BB;BD;BE;BF;BG;BH;BI;BJ;BL;BM;BN;BO;BQ;BR;BS;BT;BV;BW;BY;BZ;CA;CC;CD;CF;CG;CH;CI;CK;CL;CM;CN;CO;CR;CU;CV;CW;CX;CY;CZ;DE;DJ;DK;DM;DO;DZ;EC;EE;EG;EH;ER;ES;ET;FI;FJ;FK;FM;FO;FR;GA;GB;GD;GE;GF;GG;GH;GI;GL;GM;GN;GP;GQ;GR;GS;GT;GU;GW;GY;HK;HM;HN;HR;HT;HU;ID;IE;IL;IM;IN;IO;IQ;IR;IS;IT;JE;JM;JO;JP;KE;KG;KH;KI;KM;KN;KP;KR;KW;KY;KZ;LA;LB;LC;LI;LK;LR;LS;LT;LU;LV;LY;MA;MC;MD;ME;MF;MG;MH;MK;ML;MM;MN;MO;MP;MQ;MR;MS;MT;MU;MV;MW;MX;MY;MZ;NA;NC;NE;NF;NG;NI;NL;NO;NP;NR;NU;NZ;OM;PA;PE;PF;PG;PH;PK;PL;PM;PN;PR;PS;PT;PW;PY;QA;RE;RO;RS;RU;RW;SA;SB;SC;SD;SE;SG;SH;SI;SJ;SK;SL;SM;SN;SO;SR;SS;ST;SV;SX;SY;SZ;TC;TD;TF;TG;TH;TJ;TK;TL;TM;TN;TO;TR;TT;TV;TW;TZ;UA;UG;UM;US;UY;UZ;VA;VC;VE;VG;VI;VN;VU;WF;WS;YE;YT;ZA;ZM;ZW,"Distribution availability, not artist nationality or audience geography.",metal; blade; official; Týr (Musical Group); valkyrja; blood of heroes; Faroe Islands (Country); live video; Heri Joensen (Musical Artist); Terji Skibenæs; Gunnar Thomsen; live; Summarfestivalurin; Klaksvik; tyr,https://music.youtube.com/watch?v=IzAmAN87nzY,True,False,False,True,False,False,True,True,False,,OK,True,INDIFFERENT,False,https://i.ytimg.com/vi/IzAmAN87nzY/maxresdefault.jpg?sqp=-oaymwEmCIAKENAF8quKqQMa8AEB-AH-CYAC0AWKAgwIABABGBogHCh_MA8=&rs=AOn4CLB8Kvqqatl6NUMDlylGhg7rZIdMEw,"[{""url"": ""https://i.ytimg.com/vi/IzAmAN87nzY/hqdefault.jpg?sqp=-oaymwEWCJADEOEBIAQqCggAEOADGC0guwJIWg&rs=AMzJL3ky_5_quJAYHrMjfqSPeHzXrSAluw"", ""width"": 400, ""height"": 225}]",,,missing album browse id,YouTube Music internal web API via ytmusicapi; personalized playlist fetched with named auth profile.,19.0,38.333333,6.016186057,cumulative views of the exact recommended YouTube video,1037973,6.016186057,Upper buffer,Buffer,"Frozen 83-song candidate pool captured 2026-06-29T19:44:09+00:00; Low <=7,505; lower buffer 7,506-19,756; Middle 19,757-243,792; upper buffer 243,793-1,223,809; High >=1,223,810 views.","Use view_count or popularity_log10_view_count for comparisons across users, weeks, and the original playlist. Do not use the within-Discover-Mix rank or percentile for cross-playlist comparisons because those are recalculated separately inside every 30-song mix.",Popularity is for the exact recommended video ID. Report or control video_type because this item is MUSIC_VIDEO_TYPE_OMV; ATV denotes an Art Track and OMV an official music video.
2026-08-17T11:39:55+00:00,user_03,Aysima Baba,Discover Mix,RDTMAK5uy_n_5IN6hzAOwdCnM8D8rzrs3vDl12UcZpA,https://music.youtube.com/playlist?list=RDTMAK5uy_n_5IN6hzAOwdCnM8D8rzrs3vDl12UcZpA,,,,52318,"Discover great music, picked just for you. Always updating.",29,3Gq_-hhwatM,https://music.youtube.com/watch?v=3Gq_-hhwatM,https://www.youtube.com/watch?v=3Gq_-hhwatM,Logical Song,At Vance,UCunSqRntuwll6L1fOONNDPQ,"[{""id"": ""UCunSqRntuwll6L1fOONNDPQ"", ""name"": ""At Vance"", ""subscribers_display"": ""7.14K"", ""subscribers_approx"": 7140, ""channel_views"": 7446626, ""description"": ""At Vance is a neoclassical/power metal band formed in Germany. They were formed by vocalist Oliver Hartmann and guitarist Olaf Lenk in 1998.\n\nFrom Wikipedia ("", ""song_shelf_count"": 5, ""album_shelf_count"": 10, ""single_shelf_count"": 3, ""video_shelf_count"": 10, ""lookup_error"": """"}]",UCunSqRntuwll6L1fOONNDPQ,At Vance,7.14K,7140,7446626,"At Vance is a neoclassical/power metal band formed in Germany. They were formed by vocalist Oliver Hartmann and guitarist Olaf Lenk in 1998.

From Wikipedia (",5,10,3,10,MPREb_PsN3PKYwTUt,No Escape,Album,2006,11,47 minutes,2822,OLAK5uy_km352W6veSjcPeXZMfvck9y7CLMe1fqhg,At Vance,,3:53,233,MUSIC_VIDEO_TYPE_ATV,339435,,ytmusicapi player response videoDetails.viewCount,,,Not exposed by this YouTube Music endpoint; official YouTube Data API credentials are required.,Music,2015-01-19T17:20:59-08:00,2015-01-19T17:20:59-08:00,At Vance - Topic,UCunSqRntuwll6L1fOONNDPQ,http://www.youtube.com/channel/UCunSqRntuwll6L1fOONNDPQ,249,AD;AE;AF;AG;AI;AL;AM;AO;AQ;AR;AS;AT;AU;AW;AX;AZ;BA;BB;BD;BE;BF;BG;BH;BI;BJ;BL;BM;BN;BO;BQ;BR;BS;BT;BV;BW;BY;BZ;CA;CC;CD;CF;CG;CH;CI;CK;CL;CM;CN;CO;CR;CU;CV;CW;CX;CY;CZ;DE;DJ;DK;DM;DO;DZ;EC;EE;EG;EH;ER;ES;ET;FI;FJ;FK;FM;FO;FR;GA;GB;GD;GE;GF;GG;GH;GI;GL;GM;GN;GP;GQ;GR;GS;GT;GU;GW;GY;HK;HM;HN;HR;HT;HU;ID;IE;IL;IM;IN;IO;IQ;IR;IS;IT;JE;JM;JO;JP;KE;KG;KH;KI;KM;KN;KP;KR;KW;KY;KZ;LA;LB;LC;LI;LK;LR;LS;LT;LU;LV;LY;MA;MC;MD;ME;MF;MG;MH;MK;ML;MM;MN;MO;MP;MQ;MR;MS;MT;MU;MV;MW;MX;MY;MZ;NA;NC;NE;NF;NG;NI;NL;NO;NP;NR;NU;NZ;OM;PA;PE;PF;PG;PH;PK;PL;PM;PN;PR;PS;PT;PW;PY;QA;RE;RO;RS;RU;RW;SA;SB;SC;SD;SE;SG;SH;SI;SJ;SK;SL;SM;SN;SO;SR;SS;ST;SV;SX;SY;SZ;TC;TD;TF;TG;TH;TJ;TK;TL;TM;TN;TO;TR;TT;TV;TW;TZ;UA;UG;UM;US;UY;UZ;VA;VC;VE;VG;VI;VN;VU;WF;WS;YE;YT;ZA;ZM;ZW,"Distribution availability, not artist nationality or audience geography.",At Vance; No Escape; Logical Song,https://music.youtube.com/watch?v=3Gq_-hhwatM,True,False,False,True,False,False,True,True,False,False,OK,True,INDIFFERENT,False,https://i.ytimg.com/vi/3Gq_-hhwatM/maxresdefault.jpg,"[{""url"": ""https://yt3.googleusercontent.com/abf7fVu5ABcYeAqmbckRz6SnJo7HSenr64E-4IDkDVmsReSngAu7UR8_9jJCOJFf29Q8qtmEyo31T4GGWA=w60-h60-l90-rj"", ""width"": 60, ""height"": 60}, {""url"": ""https://yt3.googleusercontent.com/abf7fVu5ABcYeAqmbckRz6SnJo7HSenr64E-4IDkDVmsReSngAu7UR8_9jJCOJFf29Q8qtmEyo31T4GGWA=w120-h120-l90-rj"", ""width"": 120, ""height"": 120}]",,,,YouTube Music internal web API via ytmusicapi; personalized playlist fetched with named auth profile.,23.0,25.0,5.530756621,cumulative views of the exact recommended YouTube video,339435,5.530756621,Upper buffer,Buffer,"Frozen 83-song candidate pool captured 2026-06-29T19:44:09+00:00; Low <=7,505; lower buffer 7,506-19,756; Middle 19,757-243,792; upper buffer 243,793-1,223,809; High >=1,223,810 views.","Use view_count or popularity_log10_view_count for comparisons across users, weeks, and the original playlist. Do not use the within-Discover-Mix rank or percentile for cross-playlist comparisons because those are recalculated separately inside every 30-song mix.",Popularity is for the exact recommended video ID. Report or control video_type because this item is MUSIC_VIDEO_TYPE_ATV; ATV denotes an Art Track and OMV an official music video.
2026-08-17T11:39:55+00:00,user_03,Aysima Baba,Discover Mix,RDTMAK5uy_n_5IN6hzAOwdCnM8D8rzrs3vDl12UcZpA,https://music.youtube.com/playlist?list=RDTMAK5uy_n_5IN6hzAOwdCnM8D8rzrs3vDl12UcZpA,,,,52318,"Discover great music, picked just for you. Always updating.",30,ah-K6UMjIHA,https://music.youtube.com/watch?v=ah-K6UMjIHA,https://www.youtube.com/watch?v=ah-K6UMjIHA,Fırtınam,Hayko Cepkin,UC_9WsYdP8qXHqsdPQYJXFfw,"[{""id"": ""UC_9WsYdP8qXHqsdPQYJXFfw"", ""name"": ""Hayko Cepkin"", ""subscribers_display"": ""313K"", ""subscribers_approx"": 313000, ""channel_views"": null, ""description"": null, ""song_shelf_count"": 5, ""album_shelf_count"": 7, ""single_shelf_count"": 8, ""video_shelf_count"": 10, ""lookup_error"": """"}]",UC_9WsYdP8qXHqsdPQYJXFfw,Hayko Cepkin,313K,313000,,,5,7,8,10,,,,,,,,,,,3:58,238,MUSIC_VIDEO_TYPE_OMV,28045431,,ytmusicapi player response videoDetails.viewCount,,,Not exposed by this YouTube Music endpoint; official YouTube Data API credentials are required.,Music,2014-08-20T03:00:09-07:00,2014-08-20T03:00:09-07:00,HaykoCepkinOnVEVO,UCUX_3x2-nEpehxKSdD2Fk5A,http://www.youtube.com/@HaykoCepkinOnVEVO,246,AD;AE;AF;AG;AI;AL;AM;AO;AQ;AR;AS;AT;AU;AW;AX;AZ;BA;BB;BD;BE;BF;BG;BH;BI;BJ;BL;BM;BN;BO;BQ;BR;BS;BT;BV;BW;BY;BZ;CC;CD;CF;CG;CH;CI;CK;CL;CM;CN;CO;CR;CU;CV;CW;CX;CY;CZ;DE;DJ;DK;DM;DO;DZ;EC;EE;EG;EH;ER;ES;ET;FI;FJ;FK;FM;FO;FR;GA;GB;GD;GE;GF;GG;GH;GI;GL;GM;GN;GP;GQ;GR;GS;GT;GU;GW;GY;HK;HM;HN;HR;HT;HU;ID;IE;IL;IM;IN;IO;IQ;IR;IS;IT;JE;JM;JO;JP;KE;KG;KH;KI;KM;KN;KP;KR;KW;KY;KZ;LA;LB;LC;LI;LK;LR;LS;LT;LU;LV;LY;MA;MC;MD;ME;MF;MG;MH;MK;ML;MM;MN;MO;MP;MQ;MR;MS;MT;MU;MV;MW;MX;MY;MZ;NA;NC;NE;NF;NG;NI;NL;NO;NP;NR;NU;NZ;OM;PA;PE;PF;PG;PH;PK;PL;PM;PN;PS;PT;PW;PY;QA;RE;RO;RS;RU;RW;SA;SB;SC;SD;SE;SG;SH;SI;SJ;SK;SL;SM;SN;SO;SR;SS;ST;SV;SX;SY;SZ;TC;TD;TF;TG;TH;TJ;TK;TL;TM;TN;TO;TR;TT;TV;TW;TZ;UA;UG;UM;UY;UZ;VA;VC;VE;VG;VI;VN;VU;WF;WS;YE;YT;ZA;ZM;ZW,"Distribution availability, not artist nationality or audience geography.",Hayko; Cepkin; F?rt?nam; EMI; Rock,https://music.youtube.com/watch?v=ah-K6UMjIHA,True,False,False,True,False,False,True,True,False,,OK,True,INDIFFERENT,False,https://i.ytimg.com/vi/ah-K6UMjIHA/maxresdefault.jpg,"[{""url"": ""https://i.ytimg.com/vi/ah-K6UMjIHA/hqdefault.jpg?sqp=-oaymwEWCJADEOEBIAQqCggAEOADGC0guwJIWg&rs=AMzJL3nDT5sy82oOgW32WmrZWhKu1jUBRg"", ""width"": 400, ""height"": 225}]",,,missing album browse id,YouTube Music internal web API via ytmusicapi; personalized playlist fetched with named auth profile.,7.0,78.333333,7.447862119,cumulative views of the exact recommended YouTube video,28045431,7.447862119,High,High,"Frozen 83-song candidate pool captured 2026-06-29T19:44:09+00:00; Low <=7,505; lower buffer 7,506-19,756; Middle 19,757-243,792; upper buffer 243,793-1,223,809; High >=1,223,810 views.","Use view_count or popularity_log10_view_count for comparisons across users, weeks, and the original playlist. Do not use the within-Discover-Mix rank or percentile for cross-playlist comparisons because those are recalculated separately inside every 30-song mix.",Popularity is for the exact recommended video ID. Report or control video_type because this item is MUSIC_VIDEO_TYPE_OMV; ATV denotes an Art Track and OMV an official music video.
