captured_at_utc,auth_profile,verified_account_name,playlist_name,playlist_id,playlist_url,playlist_author,playlist_track_count_reported,playlist_duration,playlist_duration_seconds,playlist_description,playlist_position,video_id,youtube_music_url,youtube_url,title,artists,artist_ids,artist_details_json,primary_artist_id,primary_artist_name,artist_subscribers_display,artist_subscribers_approx,artist_channel_views,artist_description,artist_song_shelf_count,artist_album_shelf_count,artist_single_shelf_count,artist_video_shelf_count,album_browse_id,album_name,album_type,album_year,album_track_count,album_duration,album_duration_seconds,album_audio_playlist_id,album_artists,album_description,duration,duration_seconds,video_type,view_count,playlist_view_display,view_count_source,like_count,comment_count,like_comment_note,category,upload_date,publish_date,topic_channel_owner,topic_channel_id,topic_channel_url,available_country_count,available_country_codes,available_countries_note,tags,canonical_url,family_safe,unlisted,paid,allow_ratings,is_live_content,is_private,is_crawlable,is_available,is_explicit_track,is_explicit_album,playability_status,playable_in_embed,profile_like_status,profile_in_library,thumbnail_url,track_thumbnails_json,song_lookup_error,artist_lookup_error,album_lookup_error,source_note,view_rank_within_discover_mix_desc,view_percentile_within_discover_mix,log10_view_count,popularity_measure,popularity_value_view_count,popularity_log10_view_count,popularity_original_pool_fixed_band,popularity_original_pool_fixed_tier,popularity_tier_reference,popularity_comparison_note,popularity_video_version_note
2026-08-17T11:26:13+00:00,user_01,aysima MCT,Discover Mix,RDTMAK5uy_n_5IN6hzAOwdCnM8D8rzrs3vDl12UcZpA,https://music.youtube.com/playlist?list=RDTMAK5uy_n_5IN6hzAOwdCnM8D8rzrs3vDl12UcZpA,,,,49798,"Discover great music, picked just for you. Always updating.",1,hhwIL6xTGpY,https://music.youtube.com/watch?v=hhwIL6xTGpY,https://www.youtube.com/watch?v=hhwIL6xTGpY,Mexico,Alestorm,UCpmH4GvnC0AmPhrLUAKJyUg,"[{""id"": ""UCpmH4GvnC0AmPhrLUAKJyUg"", ""name"": ""Alestorm"", ""subscribers_display"": ""117K"", ""subscribers_approx"": 117000, ""channel_views"": 79546675, ""description"": ""Oh wow! From humble beginnings playing shows to farm animals in a field somewhere in Eastern Scotland, Alestorm have evolved into an international party machine hellbent on conquering album charts and festival stages throughout the world, with their infectious brand of 'Pirate Metal' and their dashing good looks. Somehow they've managed to convince hundreds of thousands of people from New Zealand to Argentina to Lithuania and everywhere inbetween (except Paraguay), that it's cool to wear a pirate hat and sing stupid songs about getting drunk and stealing ships. So prepare your spleens, because Alestorm are coming to kick ass and chew gum. And they're all out of ass."", ""song_shelf_count"": 5, ""album_shelf_count"": 10, ""single_shelf_count"": 10, ""video_shelf_count"": 10, ""lookup_error"": """"}]",UCpmH4GvnC0AmPhrLUAKJyUg,Alestorm,117K,117000,79546675,"Oh wow! From humble beginnings playing shows to farm animals in a field somewhere in Eastern Scotland, Alestorm have evolved into an international party machine hellbent on conquering album charts and festival stages throughout the world, with their infectious brand of 'Pirate Metal' and their dashing good looks. Somehow they've managed to convince hundreds of thousands of people from New Zealand to Argentina to Lithuania and everywhere inbetween (except Paraguay), that it's cool to wear a pirate hat and sing stupid songs about getting drunk and stealing ships. So prepare your spleens, because Alestorm are coming to kick ass and chew gum. And they're all out of ass.",5,10,10,10,MPREb_krKqPK1NOcZ,No Grave but the Sea (Deluxe Edition),Album,2017,20,"1 hour, 31 minutes",5487,OLAK5uy_lHyjKCTYVmFJNc45HFcOVStmdf6S5DqVQ,Alestorm,"No Grave But the Sea is the fifth studio album by Scottish heavy metal band Alestorm, released on 26 May 2017. It is the band's first album to feature guitarist Máté Bodor since the departure of Dani Evans in 2015.

From Wikipedia (",3:11,191,MUSIC_VIDEO_TYPE_ATV,1753821,,ytmusicapi player response videoDetails.viewCount,,,Not exposed by this YouTube Music endpoint; official YouTube Data API credentials are required.,Music,2017-05-25T16:00:01-07:00,2017-05-25T16:00:01-07:00,Alestorm - Topic,UCpmH4GvnC0AmPhrLUAKJyUg,http://www.youtube.com/channel/UCpmH4GvnC0AmPhrLUAKJyUg,122,AE;AR;AS;AT;AU;AW;AZ;BA;BD;BE;BG;BH;BM;BO;BR;BY;CA;CH;CL;CO;CR;CY;CZ;DE;DK;DO;DZ;EC;EE;EG;ES;FI;FR;GB;GE;GF;GH;GP;GR;GT;GU;HK;HN;HR;HU;ID;IE;IL;IN;IQ;IS;IT;JM;JO;JP;KE;KH;KR;KW;KY;KZ;LA;LB;LI;LK;LT;LU;LV;LY;MA;MK;MP;MQ;MT;MX;MY;NC;NG;NI;NL;NO;NP;NZ;OM;PA;PE;PF;PG;PH;PK;PL;PR;PT;PY;QA;RE;RO;RS;SA;SE;SG;SI;SK;SN;SV;TC;TH;TN;TR;TW;TZ;UA;UG;US;UY;VE;VI;VN;YE;YT;ZA;ZW,"Distribution availability, not artist nationality or audience geography.",Alestorm; Christopher Bowes; Lasse Lammert; No Grave but the Sea (Deluxe Edition); Mexico,https://music.youtube.com/watch?v=hhwIL6xTGpY,True,False,False,True,False,False,True,True,False,False,OK,True,INDIFFERENT,False,https://i.ytimg.com/vi/hhwIL6xTGpY/maxresdefault.jpg,"[{""url"": ""https://yt3.googleusercontent.com/VsY3Qgv7WVAoqWsU3klJq0-xm8Z49DN1GsWaoYaAdsgTK64p2EqtslY1E9C5jOgdhqSDE2R6YPZP1LA=w60-h60-l90-rj"", ""width"": 60, ""height"": 60}, {""url"": ""https://yt3.googleusercontent.com/VsY3Qgv7WVAoqWsU3klJq0-xm8Z49DN1GsWaoYaAdsgTK64p2EqtslY1E9C5jOgdhqSDE2R6YPZP1LA=w120-h120-l90-rj"", ""width"": 120, ""height"": 120}]",,,,YouTube Music internal web API via ytmusicapi; personalized playlist fetched with named auth profile.,17.0,45.0,6.243985266,cumulative views of the exact recommended YouTube video,1753821,6.243985266,High,High,"Frozen 83-song candidate pool captured 2026-06-29T19:44:09+00:00; Low <=7,505; lower buffer 7,506-19,756; Middle 19,757-243,792; upper buffer 243,793-1,223,809; High >=1,223,810 views.","Use view_count or popularity_log10_view_count for comparisons across users, weeks, and the original playlist. Do not use the within-Discover-Mix rank or percentile for cross-playlist comparisons because those are recalculated separately inside every 30-song mix.",Popularity is for the exact recommended video ID. Report or control video_type because this item is MUSIC_VIDEO_TYPE_ATV; ATV denotes an Art Track and OMV an official music video.
2026-08-17T11:26:13+00:00,user_01,aysima MCT,Discover Mix,RDTMAK5uy_n_5IN6hzAOwdCnM8D8rzrs3vDl12UcZpA,https://music.youtube.com/playlist?list=RDTMAK5uy_n_5IN6hzAOwdCnM8D8rzrs3vDl12UcZpA,,,,49798,"Discover great music, picked just for you. Always updating.",2,s9NIBZfVBW4,https://music.youtube.com/watch?v=s9NIBZfVBW4,https://www.youtube.com/watch?v=s9NIBZfVBW4,Rún (Official Music Video),SKÁLD,UC-wIawlQBEwyFmemXR_eb9A,"[{""id"": ""UC-wIawlQBEwyFmemXR_eb9A"", ""name"": ""SKÁLD"", ""subscribers_display"": ""506K"", ""subscribers_approx"": 506000, ""channel_views"": 242801884, ""description"": ""Skáld is a French Nordic folk group formed in 2018. Their songs bear a heavy Norse influence, making use of traditional instruments and the themes they treat are mostly centred on Scandinavian culture, especially on Norse mythology and they use mostly Nordic languages, particularly Old Norse.\n\nFrom Wikipedia ("", ""song_shelf_count"": 5, ""album_shelf_count"": 2, ""single_shelf_count"": 10, ""video_shelf_count"": 10, ""lookup_error"": """"}]",UC-wIawlQBEwyFmemXR_eb9A,SKÁLD,506K,506000,242801884,"Skáld is a French Nordic folk group formed in 2018. Their songs bear a heavy Norse influence, making use of traditional instruments and the themes they treat are mostly centred on Scandinavian culture, especially on Norse mythology and they use mostly Nordic languages, particularly Old Norse.

From Wikipedia (",5,2,10,10,,,,,,,,,,,3:01,181,MUSIC_VIDEO_TYPE_OMV,59027500,,ytmusicapi player response videoDetails.viewCount,,,Not exposed by this YouTube Music endpoint; official YouTube Data API credentials are required.,Music,2018-09-20T02:00:08-07:00,2018-09-20T02:00:08-07:00,skaldvikingsVEVO,UCJXZPJyEbHDLSSeRn7ynQ-w,http://www.youtube.com/@skaldvikingsvevo4585,246,AD;AE;AF;AG;AI;AL;AM;AO;AQ;AR;AS;AT;AU;AW;AX;AZ;BA;BB;BD;BE;BF;BG;BH;BI;BJ;BL;BM;BN;BO;BQ;BR;BS;BT;BV;BW;BY;BZ;CA;CC;CD;CF;CG;CH;CI;CK;CL;CM;CN;CO;CR;CU;CV;CW;CX;CY;CZ;DE;DJ;DK;DM;DO;DZ;EC;EE;EG;EH;ER;ES;ET;FI;FJ;FK;FM;FO;FR;GA;GB;GD;GE;GF;GG;GH;GI;GL;GM;GN;GP;GQ;GR;GS;GT;GU;GW;GY;HK;HM;HN;HR;HT;HU;ID;IE;IL;IM;IN;IQ;IR;IS;IT;JE;JM;JO;JP;KE;KG;KH;KI;KM;KN;KR;KW;KY;KZ;LA;LB;LC;LI;LK;LR;LS;LT;LU;LV;LY;MA;MC;MD;ME;MF;MG;MH;MK;ML;MM;MN;MO;MP;MQ;MR;MS;MT;MU;MV;MW;MX;MY;MZ;NA;NC;NE;NF;NG;NI;NL;NO;NP;NR;NU;NZ;OM;PA;PE;PF;PG;PH;PK;PL;PM;PN;PR;PS;PT;PW;PY;QA;RE;RO;RS;RU;RW;SA;SB;SC;SD;SE;SG;SH;SI;SJ;SK;SL;SM;SN;SO;SR;ST;SV;SX;SY;SZ;TC;TD;TF;TG;TH;TJ;TK;TL;TM;TN;TO;TR;TT;TV;TW;TZ;UA;UG;UM;US;UY;UZ;VA;VC;VE;VG;VI;VN;VU;WF;WS;YE;YT;ZA;ZM;ZW,"Distribution availability, not artist nationality or audience geography.",SKALD; Run; Game of Throne; Vikings; Viking; Le Seigneur des anneaux; Hobbit; Kaamelott; The Last Kingdom; Outlander; Les Médicis; The 100; The White Queen; Spartacus; Les Tudors; American Horror Story; Black Sails; Senses; Taboo; Marco Polo; The Borgias; Rome; The Walking Dead; Sons of Anarchy; American Gods; Thor; Alexandre Astier; Floki; Mount Blade; Blizzard; World of Warcraft; North Gard; Age of Empire; Total War Saga; Polymorph; War,https://music.youtube.com/watch?v=s9NIBZfVBW4,True,False,False,True,False,False,True,True,False,,OK,True,INDIFFERENT,False,https://i.ytimg.com/vi/s9NIBZfVBW4/maxresdefault.jpg,"[{""url"": ""https://i.ytimg.com/vi/s9NIBZfVBW4/hqdefault.jpg?sqp=-oaymwEWCJADEOEBIAQqCggAEOADGC0guwJIWg&rs=AMzJL3mPwln_mqmOHnlDbDGoJeC8lVgrPA"", ""width"": 400, ""height"": 225}]",,,missing album browse id,YouTube Music internal web API via ytmusicapi; personalized playlist fetched with named auth profile.,5.0,85.0,7.77105439,cumulative views of the exact recommended YouTube video,59027500,7.77105439,High,High,"Frozen 83-song candidate pool captured 2026-06-29T19:44:09+00:00; Low <=7,505; lower buffer 7,506-19,756; Middle 19,757-243,792; upper buffer 243,793-1,223,809; High >=1,223,810 views.","Use view_count or popularity_log10_view_count for comparisons across users, weeks, and the original playlist. Do not use the within-Discover-Mix rank or percentile for cross-playlist comparisons because those are recalculated separately inside every 30-song mix.",Popularity is for the exact recommended video ID. Report or control video_type because this item is MUSIC_VIDEO_TYPE_OMV; ATV denotes an Art Track and OMV an official music video.
2026-08-17T11:26:13+00:00,user_01,aysima MCT,Discover Mix,RDTMAK5uy_n_5IN6hzAOwdCnM8D8rzrs3vDl12UcZpA,https://music.youtube.com/playlist?list=RDTMAK5uy_n_5IN6hzAOwdCnM8D8rzrs3vDl12UcZpA,,,,49798,"Discover great music, picked just for you. Always updating.",3,cXOAcuNhFS4,https://music.youtube.com/watch?v=cXOAcuNhFS4,https://www.youtube.com/watch?v=cXOAcuNhFS4,Killers With the Cross (feat. Björn Strid),Powerwolf,UC9LO_ioQYQay7CrsbacNqBQ,"[{""id"": ""UC9LO_ioQYQay7CrsbacNqBQ"", ""name"": ""Powerwolf"", ""subscribers_display"": ""436K"", ""subscribers_approx"": 436000, ""channel_views"": 352940977, ""description"": ""Powerwolf is a German power metal band founded in 2004 in Saarbrücken by members of Red Aim. The band consists of vocalist Karsten Brill as \""Attila Dorn\"", lead guitarist Benjamin Buss as \""Matthew Greywolf\"", bassist/rhythm guitarist David Vogt as \""Charles Greywolf\"", keyboardist Christian Jost as \""Falk Maria Schlegel\"" and drummer Roel van Helden. The group uses religious themes and images, contrary to traditional power metal music, as well as corpse paint, gothic-tinged compositions and songs about werewolf and vampire legends.\nThey released their debut album, Return in Bloodred, in 2005. Their second album, Lupus Dei, was released in 2007. The band entered the official German charts for the first time in 2009 with their third album, Bible of the Beast. Shortly after its release, their first drummer Stefan Gemballa left the band. He was replaced by Tom Diener, who was replaced in 2011 by Roel van Helden. In the same year, the band released their fourth album, Blood of the Saints. In 2012, Powerwolf signed with Napalm Records and released Preachers of the Night in 2013. It has debuted at No. 1 in Germany.\n\nFrom Wikipedia ("", ""song_shelf_count"": 5, ""album_shelf_count"": 10, ""single_shelf_count"": 10, ""video_shelf_count"": 10, ""lookup_error"": """"}]",UC9LO_ioQYQay7CrsbacNqBQ,Powerwolf,436K,436000,352940977,"Powerwolf is a German power metal band founded in 2004 in Saarbrücken by members of Red Aim. The band consists of vocalist Karsten Brill as ""Attila Dorn"", lead guitarist Benjamin Buss as ""Matthew Greywolf"", bassist/rhythm guitarist David Vogt as ""Charles Greywolf"", keyboardist Christian Jost as ""Falk Maria Schlegel"" and drummer Roel van Helden. The group uses religious themes and images, contrary to traditional power metal music, as well as corpse paint, gothic-tinged compositions and songs about werewolf and vampire legends.
They released their debut album, Return in Bloodred, in 2005. Their second album, Lupus Dei, was released in 2007. The band entered the official German charts for the first time in 2009 with their third album, Bible of the Beast. Shortly after its release, their first drummer Stefan Gemballa left the band. He was replaced by Tom Diener, who was replaced in 2011 by Roel van Helden. In the same year, the band released their fourth album, Blood of the Saints. In 2012, Powerwolf signed with Napalm Records and released Preachers of the Night in 2013. It has debuted at No. 1 in Germany.

From Wikipedia (",5,10,10,10,,,,,,,,,,,4:56,296,MUSIC_VIDEO_TYPE_OMV,19888536,,ytmusicapi player response videoDetails.viewCount,,,Not exposed by this YouTube Music endpoint; official YouTube Data API credentials are required.,People & Blogs,2018-09-07T05:52:10-07:00,2018-09-07T05:52:10-07:00,Napalm Records,UCG7AaCh_CiG6pq_rRDNw72A,http://www.youtube.com/@napalmrecords,249,AD;AE;AF;AG;AI;AL;AM;AO;AQ;AR;AS;AT;AU;AW;AX;AZ;BA;BB;BD;BE;BF;BG;BH;BI;BJ;BL;BM;BN;BO;BQ;BR;BS;BT;BV;BW;BY;BZ;CA;CC;CD;CF;CG;CH;CI;CK;CL;CM;CN;CO;CR;CU;CV;CW;CX;CY;CZ;DE;DJ;DK;DM;DO;DZ;EC;EE;EG;EH;ER;ES;ET;FI;FJ;FK;FM;FO;FR;GA;GB;GD;GE;GF;GG;GH;GI;GL;GM;GN;GP;GQ;GR;GS;GT;GU;GW;GY;HK;HM;HN;HR;HT;HU;ID;IE;IL;IM;IN;IO;IQ;IR;IS;IT;JE;JM;JO;JP;KE;KG;KH;KI;KM;KN;KP;KR;KW;KY;KZ;LA;LB;LC;LI;LK;LR;LS;LT;LU;LV;LY;MA;MC;MD;ME;MF;MG;MH;MK;ML;MM;MN;MO;MP;MQ;MR;MS;MT;MU;MV;MW;MX;MY;MZ;NA;NC;NE;NF;NG;NI;NL;NO;NP;NR;NU;NZ;OM;PA;PE;PF;PG;PH;PK;PL;PM;PN;PR;PS;PT;PW;PY;QA;RE;RO;RS;RU;RW;SA;SB;SC;SD;SE;SG;SH;SI;SJ;SK;SL;SM;SN;SO;SR;SS;ST;SV;SX;SY;SZ;TC;TD;TF;TG;TH;TJ;TK;TL;TM;TN;TO;TR;TT;TV;TW;TZ;UA;UG;UM;US;UY;UZ;VA;VC;VE;VG;VI;VN;VU;WF;WS;YE;YT;ZA;ZM;ZW,"Distribution availability, not artist nationality or audience geography.",Napalm; Records; Channel; powerwolf; metal; heavy metal; power metal; napalm records; the sacrament of sin; killers with the cross; vampires; official video; sabaton; iron maiden; ghost band; epica,https://music.youtube.com/watch?v=cXOAcuNhFS4,True,False,False,True,False,False,True,True,False,,OK,True,INDIFFERENT,False,https://i.ytimg.com/vi/cXOAcuNhFS4/hqdefault.jpg,"[{""url"": ""https://i.ytimg.com/vi/cXOAcuNhFS4/hqdefault.jpg?sqp=-oaymwEWCJADEOEBIAQqCggAEOADGC0guwJIWg&rs=AMzJL3lzkqk0MFF3wr8UaRa2mMQsOFPoPw"", ""width"": 400, ""height"": 225}]",,,missing album browse id,YouTube Music internal web API via ytmusicapi; personalized playlist fetched with named auth profile.,7.0,78.333333,7.298602816,cumulative views of the exact recommended YouTube video,19888536,7.298602816,High,High,"Frozen 83-song candidate pool captured 2026-06-29T19:44:09+00:00; Low <=7,505; lower buffer 7,506-19,756; Middle 19,757-243,792; upper buffer 243,793-1,223,809; High >=1,223,810 views.","Use view_count or popularity_log10_view_count for comparisons across users, weeks, and the original playlist. Do not use the within-Discover-Mix rank or percentile for cross-playlist comparisons because those are recalculated separately inside every 30-song mix.",Popularity is for the exact recommended video ID. Report or control video_type because this item is MUSIC_VIDEO_TYPE_OMV; ATV denotes an Art Track and OMV an official music video.
2026-08-17T11:26:13+00:00,user_01,aysima MCT,Discover Mix,RDTMAK5uy_n_5IN6hzAOwdCnM8D8rzrs3vDl12UcZpA,https://music.youtube.com/playlist?list=RDTMAK5uy_n_5IN6hzAOwdCnM8D8rzrs3vDl12UcZpA,,,,49798,"Discover great music, picked just for you. Always updating.",4,VVXFrgcvKQ8,https://music.youtube.com/watch?v=VVXFrgcvKQ8,https://www.youtube.com/watch?v=VVXFrgcvKQ8,All the Devils Are Here,Dynazty,UC1_8sQRmjjw7YI2Bk-Kr_tA,"[{""id"": ""UC1_8sQRmjjw7YI2Bk-Kr_tA"", ""name"": ""Dynazty"", ""subscribers_display"": ""42.2K"", ""subscribers_approx"": 42200, ""channel_views"": 46782726, ""description"": ""Formed in 2008, Dynazty has over the years evolved from it’s humble beginnings rooted in the Scandinavian Hard Rock scene into now being a powerhouse and formidable force to be reckoned with on the top shelf of the modern melodic metal scene.\n\nCareer milestones include the 2020 chart breaking album The Dark Delight, certified for gold status in the bands home country Sweden and neighbors Finland. With single tracks Heartless Madness reaching platinum status.\n\nTours in recent years together with bands like Sabaton, Powerwolf, Battle Beast, Pain and Kissin' Dynamite have showcased and established the band on the European continent as one of the most prominent live acts of it’s generation.\n\nReleased on February 14th 2025, brand new album \""Game of Faces\"" is doubling down on punch and ferocity together with the band’s trademark attention to songwriting and production detail.\n\nProduced by Dynazty themselves and mixed by swedish pioneer Jens Bogren, Game of Faces takes you on a journey exploring the essence of the human mind and existance with lyrical themes such as self discovery, spiritual death, rebirth and re-invention in Die to Survive, Fire to Fight and Fortune Favors the Brave.\nWhile taking on the duality and deceptive nature of human kind in the eponymous title track, the album’s opener Call of The Night and first single release Devilry of Ecstasy."", ""song_shelf_count"": 5, ""album_shelf_count"": 9, ""single_shelf_count"": 10, ""video_shelf_count"": 10, ""lookup_error"": """"}]",UC1_8sQRmjjw7YI2Bk-Kr_tA,Dynazty,42.2K,42200,46782726,"Formed in 2008, Dynazty has over the years evolved from it’s humble beginnings rooted in the Scandinavian Hard Rock scene into now being a powerhouse and formidable force to be reckoned with on the top shelf of the modern melodic metal scene.

Career milestones include the 2020 chart breaking album The Dark Delight, certified for gold status in the bands home country Sweden and neighbors Finland. With single tracks Heartless Madness reaching platinum status.

Tours in recent years together with bands like Sabaton, Powerwolf, Battle Beast, Pain and Kissin' Dynamite have showcased and established the band on the European continent as one of the most prominent live acts of it’s generation.

Released on February 14th 2025, brand new album ""Game of Faces"" is doubling down on punch and ferocity together with the band’s trademark attention to songwriting and production detail.

Produced by Dynazty themselves and mixed by swedish pioneer Jens Bogren, Game of Faces takes you on a journey exploring the essence of the human mind and existance with lyrical themes such as self discovery, spiritual death, rebirth and re-invention in Die to Survive, Fire to Fight and Fortune Favors the Brave.
While taking on the duality and deceptive nature of human kind in the eponymous title track, the album’s opener Call of The Night and first single release Devilry of Ecstasy.",5,9,10,10,MPREb_61WhELDB8ak,Final Advent,Album,2022,10,41 minutes,2513,OLAK5uy_m2HCfhaC4HmUNBV0nii1E_3XSHcyPP350,Dynazty,,4:13,253,MUSIC_VIDEO_TYPE_ATV,1025746,,ytmusicapi player response videoDetails.viewCount,,,Not exposed by this YouTube Music endpoint; official YouTube Data API credentials are required.,Music,2022-08-25T03:03:56-07:00,2022-08-25T03:03:56-07:00,Dynazty - Topic,UC1_8sQRmjjw7YI2Bk-Kr_tA,http://www.youtube.com/channel/UC1_8sQRmjjw7YI2Bk-Kr_tA,249,AD;AE;AF;AG;AI;AL;AM;AO;AQ;AR;AS;AT;AU;AW;AX;AZ;BA;BB;BD;BE;BF;BG;BH;BI;BJ;BL;BM;BN;BO;BQ;BR;BS;BT;BV;BW;BY;BZ;CA;CC;CD;CF;CG;CH;CI;CK;CL;CM;CN;CO;CR;CU;CV;CW;CX;CY;CZ;DE;DJ;DK;DM;DO;DZ;EC;EE;EG;EH;ER;ES;ET;FI;FJ;FK;FM;FO;FR;GA;GB;GD;GE;GF;GG;GH;GI;GL;GM;GN;GP;GQ;GR;GS;GT;GU;GW;GY;HK;HM;HN;HR;HT;HU;ID;IE;IL;IM;IN;IO;IQ;IR;IS;IT;JE;JM;JO;JP;KE;KG;KH;KI;KM;KN;KP;KR;KW;KY;KZ;LA;LB;LC;LI;LK;LR;LS;LT;LU;LV;LY;MA;MC;MD;ME;MF;MG;MH;MK;ML;MM;MN;MO;MP;MQ;MR;MS;MT;MU;MV;MW;MX;MY;MZ;NA;NC;NE;NF;NG;NI;NL;NO;NP;NR;NU;NZ;OM;PA;PE;PF;PG;PH;PK;PL;PM;PN;PR;PS;PT;PW;PY;QA;RE;RO;RS;RU;RW;SA;SB;SC;SD;SE;SG;SH;SI;SJ;SK;SL;SM;SN;SO;SR;SS;ST;SV;SX;SY;SZ;TC;TD;TF;TG;TH;TJ;TK;TL;TM;TN;TO;TR;TT;TV;TW;TZ;UA;UG;UM;US;UY;UZ;VA;VC;VE;VG;VI;VN;VU;WF;WS;YE;YT;ZA;ZM;ZW,"Distribution availability, not artist nationality or audience geography.",Dynazty; Final Advent; All the Devils Are Here,https://music.youtube.com/watch?v=VVXFrgcvKQ8,True,False,False,True,False,False,True,True,False,False,OK,True,INDIFFERENT,False,https://i.ytimg.com/vi/VVXFrgcvKQ8/maxresdefault.jpg,"[{""url"": ""https://yt3.googleusercontent.com/S1X-phYgNOI5fe_Po3k_XBch3GflzRLrclAHcRg9kpGJxTfQbSaclqFPNTpJKjdizbkye9VTcb5xeI6tYA=w60-h60-l90-rj"", ""width"": 60, ""height"": 60}, {""url"": ""https://yt3.googleusercontent.com/S1X-phYgNOI5fe_Po3k_XBch3GflzRLrclAHcRg9kpGJxTfQbSaclqFPNTpJKjdizbkye9VTcb5xeI6tYA=w120-h120-l90-rj"", ""width"": 120, ""height"": 120}]",,,,YouTube Music internal web API via ytmusicapi; personalized playlist fetched with named auth profile.,20.0,35.0,6.011039832,cumulative views of the exact recommended YouTube video,1025746,6.011039832,Upper buffer,Buffer,"Frozen 83-song candidate pool captured 2026-06-29T19:44:09+00:00; Low <=7,505; lower buffer 7,506-19,756; Middle 19,757-243,792; upper buffer 243,793-1,223,809; High >=1,223,810 views.","Use view_count or popularity_log10_view_count for comparisons across users, weeks, and the original playlist. Do not use the within-Discover-Mix rank or percentile for cross-playlist comparisons because those are recalculated separately inside every 30-song mix.",Popularity is for the exact recommended video ID. Report or control video_type because this item is MUSIC_VIDEO_TYPE_ATV; ATV denotes an Art Track and OMV an official music video.
2026-08-17T11:26:13+00:00,user_01,aysima MCT,Discover Mix,RDTMAK5uy_n_5IN6hzAOwdCnM8D8rzrs3vDl12UcZpA,https://music.youtube.com/playlist?list=RDTMAK5uy_n_5IN6hzAOwdCnM8D8rzrs3vDl12UcZpA,,,,49798,"Discover great music, picked just for you. Always updating.",5,DF3ejxcFhoc,https://music.youtube.com/watch?v=DF3ejxcFhoc,https://www.youtube.com/watch?v=DF3ejxcFhoc,Tears of a Dragonheart,Bloodbound,UCMdFBg2b49RBAUr5XZxkArA,"[{""id"": ""UCMdFBg2b49RBAUr5XZxkArA"", ""name"": ""Bloodbound"", ""subscribers_display"": ""18.1K"", ""subscribers_approx"": 18100, ""channel_views"": null, ""description"": null, ""song_shelf_count"": 5, ""album_shelf_count"": 10, ""single_shelf_count"": 10, ""video_shelf_count"": 10, ""lookup_error"": """"}]",UCMdFBg2b49RBAUr5XZxkArA,Bloodbound,18.1K,18100,,,5,10,10,10,MPREb_K4cmYFJDDke,War of Dragons,Album,2017,12,45 minutes,2714,OLAK5uy_kcmRKUmVgDl6ifKtuaQv_nm4JwIzsMhpA,Bloodbound,,3:50,230,MUSIC_VIDEO_TYPE_ATV,2044022,,ytmusicapi player response videoDetails.viewCount,,,Not exposed by this YouTube Music endpoint; official YouTube Data API credentials are required.,Music,2017-02-23T02:15:03-08:00,2017-02-23T02:15:03-08:00,Bloodbound - Topic,UCMdFBg2b49RBAUr5XZxkArA,http://www.youtube.com/channel/UCMdFBg2b49RBAUr5XZxkArA,248,AD;AE;AF;AG;AI;AL;AM;AO;AQ;AR;AS;AT;AU;AW;AX;AZ;BA;BB;BD;BE;BF;BG;BH;BI;BJ;BL;BM;BN;BO;BQ;BR;BS;BT;BV;BW;BY;BZ;CA;CC;CD;CF;CG;CH;CI;CK;CL;CM;CN;CO;CR;CU;CV;CW;CX;CY;CZ;DE;DJ;DK;DM;DO;DZ;EC;EE;EG;EH;ER;ES;ET;FI;FJ;FK;FM;FO;FR;GA;GB;GD;GE;GF;GG;GH;GI;GL;GM;GN;GP;GQ;GR;GS;GT;GU;GW;GY;HK;HM;HN;HR;HT;HU;ID;IE;IL;IM;IN;IO;IQ;IR;IS;IT;JE;JM;JO;KE;KG;KH;KI;KM;KN;KP;KR;KW;KY;KZ;LA;LB;LC;LI;LK;LR;LS;LT;LU;LV;LY;MA;MC;MD;ME;MF;MG;MH;MK;ML;MM;MN;MO;MP;MQ;MR;MS;MT;MU;MV;MW;MX;MY;MZ;NA;NC;NE;NF;NG;NI;NL;NO;NP;NR;NU;NZ;OM;PA;PE;PF;PG;PH;PK;PL;PM;PN;PR;PS;PT;PW;PY;QA;RE;RO;RS;RU;RW;SA;SB;SC;SD;SE;SG;SH;SI;SJ;SK;SL;SM;SN;SO;SR;SS;ST;SV;SX;SY;SZ;TC;TD;TF;TG;TH;TJ;TK;TL;TM;TN;TO;TR;TT;TV;TW;TZ;UA;UG;UM;US;UY;UZ;VA;VC;VE;VG;VI;VN;VU;WF;WS;YE;YT;ZA;ZM;ZW,"Distribution availability, not artist nationality or audience geography.",Bloodbound; War of Dragons; Tears of a Dragonheart,https://music.youtube.com/watch?v=DF3ejxcFhoc,True,False,False,True,False,False,True,True,False,False,OK,True,INDIFFERENT,False,https://i.ytimg.com/vi/DF3ejxcFhoc/maxresdefault.jpg,"[{""url"": ""https://yt3.googleusercontent.com/eQ4eddfUE5OhCC5v2kCYB2PeAco5o2YvTOUmw4vOiDPwR5fzp5AxO8ToRFllHfG2wXcspYDdZMGfODsQVg=w60-h60-l90-rj"", ""width"": 60, ""height"": 60}, {""url"": ""https://yt3.googleusercontent.com/eQ4eddfUE5OhCC5v2kCYB2PeAco5o2YvTOUmw4vOiDPwR5fzp5AxO8ToRFllHfG2wXcspYDdZMGfODsQVg=w120-h120-l90-rj"", ""width"": 120, ""height"": 120}]",,,,YouTube Music internal web API via ytmusicapi; personalized playlist fetched with named auth profile.,16.0,48.333333,6.310485566,cumulative views of the exact recommended YouTube video,2044022,6.310485566,High,High,"Frozen 83-song candidate pool captured 2026-06-29T19:44:09+00:00; Low <=7,505; lower buffer 7,506-19,756; Middle 19,757-243,792; upper buffer 243,793-1,223,809; High >=1,223,810 views.","Use view_count or popularity_log10_view_count for comparisons across users, weeks, and the original playlist. Do not use the within-Discover-Mix rank or percentile for cross-playlist comparisons because those are recalculated separately inside every 30-song mix.",Popularity is for the exact recommended video ID. Report or control video_type because this item is MUSIC_VIDEO_TYPE_ATV; ATV denotes an Art Track and OMV an official music video.
2026-08-17T11:26:13+00:00,user_01,aysima MCT,Discover Mix,RDTMAK5uy_n_5IN6hzAOwdCnM8D8rzrs3vDl12UcZpA,https://music.youtube.com/playlist?list=RDTMAK5uy_n_5IN6hzAOwdCnM8D8rzrs3vDl12UcZpA,,,,49798,"Discover great music, picked just for you. Always updating.",6,mDWjSnVj5M8,https://music.youtube.com/watch?v=mDWjSnVj5M8,https://www.youtube.com/watch?v=mDWjSnVj5M8,Amazons of Caledonia,ANGUS McSIX,UCMooeoff7wXSATd31UgzBuw,"[{""id"": ""UCMooeoff7wXSATd31UgzBuw"", ""name"": ""ANGUS McSIX"", ""subscribers_display"": ""8.88K"", ""subscribers_approx"": 8880, ""channel_views"": 6756328, ""description"": ""Angus McSix is an international power metal band formed by Swiss singer Thomas Winkler and German producer, vocalist and guitarist Sebastian \""Seeb\"" Levermann. The debut studio album, Angus McSix and the Sword of Power, was released on 21 April 2023 through Napalm Records. The band members each embody a character in the concept story told through this album.\n\nFrom Wikipedia ("", ""song_shelf_count"": 5, ""album_shelf_count"": 2, ""single_shelf_count"": 8, ""video_shelf_count"": 10, ""lookup_error"": """"}]",UCMooeoff7wXSATd31UgzBuw,ANGUS McSIX,8.88K,8880,6756328,"Angus McSix is an international power metal band formed by Swiss singer Thomas Winkler and German producer, vocalist and guitarist Sebastian ""Seeb"" Levermann. The debut studio album, Angus McSix and the Sword of Power, was released on 21 April 2023 through Napalm Records. The band members each embody a character in the concept story told through this album.

From Wikipedia (",5,2,8,10,MPREb_kikIttRrpmL,Angus McSix and the Sword of Power,Album,2023,12,46 minutes,2760,OLAK5uy_lF7fPYENZdKmcuqqc5pxXcT96x39J19m8,ANGUS McSIX,,4:03,243,MUSIC_VIDEO_TYPE_ATV,449153,,ytmusicapi player response videoDetails.viewCount,,,Not exposed by this YouTube Music endpoint; official YouTube Data API credentials are required.,Music,2023-04-20T03:01:06-07:00,2023-04-20T03:01:06-07:00,ANGUS McSIX - Topic,UCMooeoff7wXSATd31UgzBuw,http://www.youtube.com/channel/UCMooeoff7wXSATd31UgzBuw,121,AE;AR;AS;AT;AU;AW;AZ;BA;BD;BE;BG;BH;BM;BO;BR;BY;CA;CH;CL;CO;CR;CY;CZ;DE;DK;DO;DZ;EC;EE;EG;ES;FI;FR;GB;GE;GF;GH;GP;GR;GT;GU;HK;HN;HR;HU;ID;IE;IL;IN;IQ;IS;IT;JM;JO;KE;KH;KR;KW;KY;KZ;LA;LB;LI;LK;LT;LU;LV;LY;MA;MK;MP;MQ;MT;MX;MY;NC;NG;NI;NL;NO;NP;NZ;OM;PA;PE;PF;PG;PH;PK;PL;PR;PT;PY;QA;RE;RO;RS;SA;SE;SG;SI;SK;SN;SV;TC;TH;TN;TR;TW;TZ;UA;UG;US;UY;VE;VI;VN;YE;YT;ZA;ZW,"Distribution availability, not artist nationality or audience geography.",ANGUS McSIX; Sebastian Levermann; Thomas Winkler; Angus McSix and the Sword of Power; Amazons of Caledonia,https://music.youtube.com/watch?v=mDWjSnVj5M8,True,False,False,True,False,False,True,True,False,False,OK,True,INDIFFERENT,False,https://i.ytimg.com/vi/mDWjSnVj5M8/maxresdefault.jpg,"[{""url"": ""https://yt3.googleusercontent.com/ZVleA-mwaw6zxtJLQdWdfT5IdreEspVXG84sl1jx5zeL5eiu6NLhoy59wjKc7Z7oPlGUStvPx08hs6i7=w60-h60-l90-rj"", ""width"": 60, ""height"": 60}, {""url"": ""https://yt3.googleusercontent.com/ZVleA-mwaw6zxtJLQdWdfT5IdreEspVXG84sl1jx5zeL5eiu6NLhoy59wjKc7Z7oPlGUStvPx08hs6i7=w120-h120-l90-rj"", ""width"": 120, ""height"": 120}]",,,,YouTube Music internal web API via ytmusicapi; personalized playlist fetched with named auth profile.,24.0,21.666667,5.652394305,cumulative views of the exact recommended YouTube video,449153,5.652394305,Upper buffer,Buffer,"Frozen 83-song candidate pool captured 2026-06-29T19:44:09+00:00; Low <=7,505; lower buffer 7,506-19,756; Middle 19,757-243,792; upper buffer 243,793-1,223,809; High >=1,223,810 views.","Use view_count or popularity_log10_view_count for comparisons across users, weeks, and the original playlist. Do not use the within-Discover-Mix rank or percentile for cross-playlist comparisons because those are recalculated separately inside every 30-song mix.",Popularity is for the exact recommended video ID. Report or control video_type because this item is MUSIC_VIDEO_TYPE_ATV; ATV denotes an Art Track and OMV an official music video.
2026-08-17T11:26:13+00:00,user_01,aysima MCT,Discover Mix,RDTMAK5uy_n_5IN6hzAOwdCnM8D8rzrs3vDl12UcZpA,https://music.youtube.com/playlist?list=RDTMAK5uy_n_5IN6hzAOwdCnM8D8rzrs3vDl12UcZpA,,,,49798,"Discover great music, picked just for you. Always updating.",7,0J2QdDbelmY,https://music.youtube.com/watch?v=0J2QdDbelmY,https://www.youtube.com/watch?v=0J2QdDbelmY,Seven Nation Army (Live),The White Stripes,UCD0Wge1UpszMtqK3P9x50vA,"[{""id"": ""UCD0Wge1UpszMtqK3P9x50vA"", ""name"": ""The White Stripes"", ""subscribers_display"": ""1.17M"", ""subscribers_approx"": 1170000, ""channel_views"": 1750711239, ""description"": ""The White Stripes are Jack White and Meg White. Formed in Southwest Detroit in 1997, the acclaimed rock duo released six studio albums with their simple guitar, drums and vocals approach – The White Stripes (1999), De Stijl (2000), White Blood Cells (2001), Elephant (2003) which includes global anthem “Seven Nation Army”, Get Behind Me Satan (2005), Icky Thump (2007), as well as The White Stripes Greatest Hits (2020)."", ""song_shelf_count"": 5, ""album_shelf_count"": 8, ""single_shelf_count"": 10, ""video_shelf_count"": 10, ""lookup_error"": """"}]",UCD0Wge1UpszMtqK3P9x50vA,The White Stripes,1.17M,1170000,1750711239,"The White Stripes are Jack White and Meg White. Formed in Southwest Detroit in 1997, the acclaimed rock duo released six studio albums with their simple guitar, drums and vocals approach – The White Stripes (1999), De Stijl (2000), White Blood Cells (2001), Elephant (2003) which includes global anthem “Seven Nation Army”, Get Behind Me Satan (2005), Icky Thump (2007), as well as The White Stripes Greatest Hits (2020).",5,8,10,10,,,,,,,,,,,3:59,239,MUSIC_VIDEO_TYPE_OMV,846158013,,ytmusicapi player response videoDetails.viewCount,,,Not exposed by this YouTube Music endpoint; official YouTube Data API credentials are required.,Music,2008-10-21T06:32:13-07:00,2008-10-21T06:32:13-07:00,The White Stripes,UC0sQemK7pgX5fYy0k1MFsHg,http://www.youtube.com/@thewhitestripes,249,AD;AE;AF;AG;AI;AL;AM;AO;AQ;AR;AS;AT;AU;AW;AX;AZ;BA;BB;BD;BE;BF;BG;BH;BI;BJ;BL;BM;BN;BO;BQ;BR;BS;BT;BV;BW;BY;BZ;CA;CC;CD;CF;CG;CH;CI;CK;CL;CM;CN;CO;CR;CU;CV;CW;CX;CY;CZ;DE;DJ;DK;DM;DO;DZ;EC;EE;EG;EH;ER;ES;ET;FI;FJ;FK;FM;FO;FR;GA;GB;GD;GE;GF;GG;GH;GI;GL;GM;GN;GP;GQ;GR;GS;GT;GU;GW;GY;HK;HM;HN;HR;HT;HU;ID;IE;IL;IM;IN;IO;IQ;IR;IS;IT;JE;JM;JO;JP;KE;KG;KH;KI;KM;KN;KP;KR;KW;KY;KZ;LA;LB;LC;LI;LK;LR;LS;LT;LU;LV;LY;MA;MC;MD;ME;MF;MG;MH;MK;ML;MM;MN;MO;MP;MQ;MR;MS;MT;MU;MV;MW;MX;MY;MZ;NA;NC;NE;NF;NG;NI;NL;NO;NP;NR;NU;NZ;OM;PA;PE;PF;PG;PH;PK;PL;PM;PN;PR;PS;PT;PW;PY;QA;RE;RO;RS;RU;RW;SA;SB;SC;SD;SE;SG;SH;SI;SJ;SK;SL;SM;SN;SO;SR;SS;ST;SV;SX;SY;SZ;TC;TD;TF;TG;TH;TJ;TK;TL;TM;TN;TO;TR;TT;TV;TW;TZ;UA;UG;UM;US;UY;UZ;VA;VC;VE;VG;VI;VN;VU;WF;WS;YE;YT;ZA;ZM;ZW,"Distribution availability, not artist nationality or audience geography.",Seven Nation Army; Jack White; seven nation army; white stripes; the white stripes; 7 nation army; white stripes seven nation army lyrics; white stripes seven nation army; jack white; the white stripes seven nation army; tan tan tan tan taaaan cancion rock; the white stripes seven nation army lyrics; seven nation; nation army; stripes; popolopopopo musique; icky thump; handshake trend; tiktok handshake; Ben Callahan & The White Stripes; ben callahan; 7 nation army handshake,https://music.youtube.com/watch?v=0J2QdDbelmY,True,False,False,True,False,False,True,True,False,,OK,True,INDIFFERENT,False,https://i.ytimg.com/vi/0J2QdDbelmY/maxresdefault.jpg,"[{""url"": ""https://i.ytimg.com/vi/0J2QdDbelmY/hqdefault.jpg?sqp=-oaymwEWCJADEOEBIAQqCggAEOADGC0guwJIWg&rs=AMzJL3mTAryod0KI6IOs4y99zhh0NVA4xQ"", ""width"": 400, ""height"": 225}]",,,missing album browse id,YouTube Music internal web API via ytmusicapi; personalized playlist fetched with named auth profile.,3.0,91.666667,8.927451472,cumulative views of the exact recommended YouTube video,846158013,8.927451472,High,High,"Frozen 83-song candidate pool captured 2026-06-29T19:44:09+00:00; Low <=7,505; lower buffer 7,506-19,756; Middle 19,757-243,792; upper buffer 243,793-1,223,809; High >=1,223,810 views.","Use view_count or popularity_log10_view_count for comparisons across users, weeks, and the original playlist. Do not use the within-Discover-Mix rank or percentile for cross-playlist comparisons because those are recalculated separately inside every 30-song mix.",Popularity is for the exact recommended video ID. Report or control video_type because this item is MUSIC_VIDEO_TYPE_OMV; ATV denotes an Art Track and OMV an official music video.
2026-08-17T11:26:13+00:00,user_01,aysima MCT,Discover Mix,RDTMAK5uy_n_5IN6hzAOwdCnM8D8rzrs3vDl12UcZpA,https://music.youtube.com/playlist?list=RDTMAK5uy_n_5IN6hzAOwdCnM8D8rzrs3vDl12UcZpA,,,,49798,"Discover great music, picked just for you. Always updating.",8,46Vs9Mujes0,https://music.youtube.com/watch?v=46Vs9Mujes0,https://www.youtube.com/watch?v=46Vs9Mujes0,Sport Motivation,OdinMann,UCfRjE2cTtjYDOO6uLjJh4BA,"[{""id"": ""UCfRjE2cTtjYDOO6uLjJh4BA"", ""name"": ""OdinMann"", ""subscribers_display"": ""13.6K"", ""subscribers_approx"": 13600, ""channel_views"": null, ""description"": null, ""song_shelf_count"": 5, ""album_shelf_count"": 4, ""single_shelf_count"": 10, ""video_shelf_count"": 10, ""lookup_error"": """"}]",UCfRjE2cTtjYDOO6uLjJh4BA,OdinMann,13.6K,13600,,,5,4,10,10,MPREb_21rW08qHfHp,Sport Motivation,Single,2023,1,"3 minutes, 44 seconds",224,OLAK5uy_kJJOlmlKrjr7ruWkppwBSTl20wSwuWgBk,OdinMann,,3:44,224,MUSIC_VIDEO_TYPE_ATV,7324285,,ytmusicapi player response videoDetails.viewCount,,,Not exposed by this YouTube Music endpoint; official YouTube Data API credentials are required.,Music,2023-02-09T04:41:22-08:00,2023-02-09T04:41:22-08:00,OdinMann - Topic,UCfRjE2cTtjYDOO6uLjJh4BA,http://www.youtube.com/channel/UCfRjE2cTtjYDOO6uLjJh4BA,123,AE;AR;AS;AT;AU;AW;AZ;BA;BD;BE;BG;BH;BM;BO;BR;BY;CA;CH;CL;CO;CR;CY;CZ;DE;DK;DO;DZ;EC;EE;EG;ES;FI;FR;GB;GE;GF;GH;GP;GR;GT;GU;HK;HN;HR;HU;ID;IE;IL;IN;IQ;IS;IT;JM;JO;JP;KE;KH;KR;KW;KY;KZ;LA;LB;LI;LK;LT;LU;LV;LY;MA;MK;MP;MQ;MT;MX;MY;NC;NG;NI;NL;NO;NP;NZ;OM;PA;PE;PF;PG;PH;PK;PL;PR;PT;PY;QA;RE;RO;RS;RU;SA;SE;SG;SI;SK;SN;SV;TC;TH;TN;TR;TW;TZ;UA;UG;US;UY;VE;VI;VN;YE;YT;ZA;ZW,"Distribution availability, not artist nationality or audience geography.",OdinMann; Sport Motivation,https://music.youtube.com/watch?v=46Vs9Mujes0,True,False,False,True,False,False,True,True,False,False,OK,True,INDIFFERENT,False,https://i.ytimg.com/vi/46Vs9Mujes0/maxresdefault.jpg,"[{""url"": ""https://yt3.googleusercontent.com/kR7ItkwCGHP9yxeY2wqYeiely-CBQby2PCUbE8T5V0B7y1BIV7A1DQbYWBn6gV9G__MXFUC1H28Ruks=w60-h60-l90-rj"", ""width"": 60, ""height"": 60}, {""url"": ""https://yt3.googleusercontent.com/kR7ItkwCGHP9yxeY2wqYeiely-CBQby2PCUbE8T5V0B7y1BIV7A1DQbYWBn6gV9G__MXFUC1H28Ruks=w120-h120-l90-rj"", ""width"": 120, ""height"": 120}]",,,,YouTube Music internal web API via ytmusicapi; personalized playlist fetched with named auth profile.,8.0,75.0,6.864765235,cumulative views of the exact recommended YouTube video,7324285,6.864765235,High,High,"Frozen 83-song candidate pool captured 2026-06-29T19:44:09+00:00; Low <=7,505; lower buffer 7,506-19,756; Middle 19,757-243,792; upper buffer 243,793-1,223,809; High >=1,223,810 views.","Use view_count or popularity_log10_view_count for comparisons across users, weeks, and the original playlist. Do not use the within-Discover-Mix rank or percentile for cross-playlist comparisons because those are recalculated separately inside every 30-song mix.",Popularity is for the exact recommended video ID. Report or control video_type because this item is MUSIC_VIDEO_TYPE_ATV; ATV denotes an Art Track and OMV an official music video.
2026-08-17T11:26:13+00:00,user_01,aysima MCT,Discover Mix,RDTMAK5uy_n_5IN6hzAOwdCnM8D8rzrs3vDl12UcZpA,https://music.youtube.com/playlist?list=RDTMAK5uy_n_5IN6hzAOwdCnM8D8rzrs3vDl12UcZpA,,,,49798,"Discover great music, picked just for you. Always updating.",9,JzPUBTR4L_4,https://music.youtube.com/watch?v=JzPUBTR4L_4,https://www.youtube.com/watch?v=JzPUBTR4L_4,Fearless,Amaranthe,UClXbyJ6lJGR3VVkLSVRmdOQ,"[{""id"": ""UClXbyJ6lJGR3VVkLSVRmdOQ"", ""name"": ""Amaranthe"", ""subscribers_display"": ""402K"", ""subscribers_approx"": 402000, ""channel_views"": 309003639, ""description"": ""Amaranthe is a Swedish heavy metal band originally known as Avalanche. The band is notable for their blend of various metal genres and having three lead vocalists.\n\nFrom Wikipedia ("", ""song_shelf_count"": 5, ""album_shelf_count"": 10, ""single_shelf_count"": 10, ""video_shelf_count"": 10, ""lookup_error"": """"}]",UClXbyJ6lJGR3VVkLSVRmdOQ,Amaranthe,402K,402000,309003639,"Amaranthe is a Swedish heavy metal band originally known as Avalanche. The band is notable for their blend of various metal genres and having three lead vocalists.

From Wikipedia (",5,10,10,10,,,,,,,,,,,3:32,212,MUSIC_VIDEO_TYPE_OMV,6408486,,ytmusicapi player response videoDetails.viewCount,,,Not exposed by this YouTube Music endpoint; official YouTube Data API credentials are required.,Music,2020-10-02T03:00:05-07:00,2020-10-02T03:00:05-07:00,Nuclear Blast Records,UCoxg3Kml41wE3IPq-PC-LQw,http://www.youtube.com/@NuclearBlastRecords,249,AD;AE;AF;AG;AI;AL;AM;AO;AQ;AR;AS;AT;AU;AW;AX;AZ;BA;BB;BD;BE;BF;BG;BH;BI;BJ;BL;BM;BN;BO;BQ;BR;BS;BT;BV;BW;BY;BZ;CA;CC;CD;CF;CG;CH;CI;CK;CL;CM;CN;CO;CR;CU;CV;CW;CX;CY;CZ;DE;DJ;DK;DM;DO;DZ;EC;EE;EG;EH;ER;ES;ET;FI;FJ;FK;FM;FO;FR;GA;GB;GD;GE;GF;GG;GH;GI;GL;GM;GN;GP;GQ;GR;GS;GT;GU;GW;GY;HK;HM;HN;HR;HT;HU;ID;IE;IL;IM;IN;IO;IQ;IR;IS;IT;JE;JM;JO;JP;KE;KG;KH;KI;KM;KN;KP;KR;KW;KY;KZ;LA;LB;LC;LI;LK;LR;LS;LT;LU;LV;LY;MA;MC;MD;ME;MF;MG;MH;MK;ML;MM;MN;MO;MP;MQ;MR;MS;MT;MU;MV;MW;MX;MY;MZ;NA;NC;NE;NF;NG;NI;NL;NO;NP;NR;NU;NZ;OM;PA;PE;PF;PG;PH;PK;PL;PM;PN;PR;PS;PT;PW;PY;QA;RE;RO;RS;RU;RW;SA;SB;SC;SD;SE;SG;SH;SI;SJ;SK;SL;SM;SN;SO;SR;SS;ST;SV;SX;SY;SZ;TC;TD;TF;TG;TH;TJ;TK;TL;TM;TN;TO;TR;TT;TV;TW;TZ;UA;UG;UM;US;UY;UZ;VA;VC;VE;VG;VI;VN;VU;WF;WS;YE;YT;ZA;ZM;ZW,"Distribution availability, not artist nationality or audience geography.",amaranthe; 82nd all the way; sabaton; apocalyptica; Elize Ryd; Morten Løwe Sørensen; Nils Molin; Olof Mörck; henrik englund wilhelmsson; the nexus; massive addictive; helix; drop dead cynical; amaranthe live; amaranthe tour; full album; seven spires; jacob hansen; viral; covid-19; pandemic; overbeck; noora louhimo; strong; grupa 13; fearless; manifest; manifest full album,https://music.youtube.com/watch?v=JzPUBTR4L_4,True,False,False,True,False,False,True,True,False,,OK,True,INDIFFERENT,False,https://i.ytimg.com/vi/JzPUBTR4L_4/maxresdefault.jpg,"[{""url"": ""https://i.ytimg.com/vi/JzPUBTR4L_4/hqdefault.jpg?sqp=-oaymwEWCJADEOEBIAQqCggAEOADGC0guwJIWg&rs=AMzJL3kg7uc4J2T8bd7R-8h4WEAruLLbvg"", ""width"": 400, ""height"": 225}]",,,missing album browse id,YouTube Music internal web API via ytmusicapi; personalized playlist fetched with named auth profile.,9.0,71.666667,6.80675544,cumulative views of the exact recommended YouTube video,6408486,6.80675544,High,High,"Frozen 83-song candidate pool captured 2026-06-29T19:44:09+00:00; Low <=7,505; lower buffer 7,506-19,756; Middle 19,757-243,792; upper buffer 243,793-1,223,809; High >=1,223,810 views.","Use view_count or popularity_log10_view_count for comparisons across users, weeks, and the original playlist. Do not use the within-Discover-Mix rank or percentile for cross-playlist comparisons because those are recalculated separately inside every 30-song mix.",Popularity is for the exact recommended video ID. Report or control video_type because this item is MUSIC_VIDEO_TYPE_OMV; ATV denotes an Art Track and OMV an official music video.
2026-08-17T11:26:13+00:00,user_01,aysima MCT,Discover Mix,RDTMAK5uy_n_5IN6hzAOwdCnM8D8rzrs3vDl12UcZpA,https://music.youtube.com/playlist?list=RDTMAK5uy_n_5IN6hzAOwdCnM8D8rzrs3vDl12UcZpA,,,,49798,"Discover great music, picked just for you. Always updating.",10,iywaBOMvYLI,https://music.youtube.com/watch?v=iywaBOMvYLI,https://www.youtube.com/watch?v=iywaBOMvYLI,Toxicity,System Of A Down,UCDJftX2zx_UT_QSnBGIF96w,"[{""id"": ""UCDJftX2zx_UT_QSnBGIF96w"", ""name"": ""System Of A Down"", ""subscribers_display"": ""8.27M"", ""subscribers_approx"": 8270000, ""channel_views"": 7652697635, ""description"": ""System of a Down is an Armenian-American heavy metal band formed in Glendale, California, in 1994. Since 1997, the band has consisted of founding members Serj Tankian, Daron Malakian, and Shavo Odadjian; along with John Dolmayan, who replaced original drummer Andy Khachaturian.\nThe band achieved commercial success with the release of five studio albums, three of which debuted at number one on the US Billboard 200. System of a Down has been nominated for four Grammy Awards, and their song \""B.Y.O.B.\"" won a Grammy Award for Best Hard Rock Performance in 2006. Known for their politically charged lyrics, many of their songs address social and political issues, such as the anti-war message in \""B.Y.O.B.\"" and criticism of the prison industrial complex and the war on drugs in \""Prison Song.\"" The band went on hiatus in 2006 and reunited in 2010. Other than two new songs in 2020, System of a Down has not released any new material since the Mezmerize and Hypnotize albums in 2005. The band has sold over 12 million records worldwide, while two of their singles, \""Aerials\"" and \""Hypnotize\"", reached number one on Billboard's Alternative Songs chart.\n\nFrom Wikipedia ("", ""song_shelf_count"": 5, ""album_shelf_count"": 5, ""single_shelf_count"": 8, ""video_shelf_count"": 10, ""lookup_error"": """"}]",UCDJftX2zx_UT_QSnBGIF96w,System Of A Down,8.27M,8270000,7652697635,"System of a Down is an Armenian-American heavy metal band formed in Glendale, California, in 1994. Since 1997, the band has consisted of founding members Serj Tankian, Daron Malakian, and Shavo Odadjian; along with John Dolmayan, who replaced original drummer Andy Khachaturian.
The band achieved commercial success with the release of five studio albums, three of which debuted at number one on the US Billboard 200. System of a Down has been nominated for four Grammy Awards, and their song ""B.Y.O.B."" won a Grammy Award for Best Hard Rock Performance in 2006. Known for their politically charged lyrics, many of their songs address social and political issues, such as the anti-war message in ""B.Y.O.B."" and criticism of the prison industrial complex and the war on drugs in ""Prison Song."" The band went on hiatus in 2006 and reunited in 2010. Other than two new songs in 2020, System of a Down has not released any new material since the Mezmerize and Hypnotize albums in 2005. The band has sold over 12 million records worldwide, while two of their singles, ""Aerials"" and ""Hypnotize"", reached number one on Billboard's Alternative Songs chart.

From Wikipedia (",5,5,8,10,,,,,,,,,,,3:45,225,MUSIC_VIDEO_TYPE_OMV,1208578698,,ytmusicapi player response videoDetails.viewCount,,,Not exposed by this YouTube Music endpoint; official YouTube Data API credentials are required.,Music,2009-10-02T08:16:02-07:00,2009-10-02T08:16:02-07:00,systemofadownVEVO,UCvtZDkeFxMkRTNqfqXtxxkw,http://www.youtube.com/@systemofadownVEVO,248,AD;AE;AF;AG;AI;AL;AM;AO;AQ;AR;AS;AT;AU;AW;AX;AZ;BA;BB;BD;BE;BF;BG;BH;BI;BJ;BL;BM;BN;BO;BQ;BR;BS;BT;BV;BW;BY;BZ;CA;CC;CD;CF;CG;CH;CI;CK;CL;CM;CN;CO;CR;CU;CV;CW;CX;CY;CZ;DJ;DK;DM;DO;DZ;EC;EE;EG;EH;ER;ES;ET;FI;FJ;FK;FM;FO;FR;GA;GB;GD;GE;GF;GG;GH;GI;GL;GM;GN;GP;GQ;GR;GS;GT;GU;GW;GY;HK;HM;HN;HR;HT;HU;ID;IE;IL;IM;IN;IO;IQ;IR;IS;IT;JE;JM;JO;JP;KE;KG;KH;KI;KM;KN;KP;KR;KW;KY;KZ;LA;LB;LC;LI;LK;LR;LS;LT;LU;LV;LY;MA;MC;MD;ME;MF;MG;MH;MK;ML;MM;MN;MO;MP;MQ;MR;MS;MT;MU;MV;MW;MX;MY;MZ;NA;NC;NE;NF;NG;NI;NL;NO;NP;NR;NU;NZ;OM;PA;PE;PF;PG;PH;PK;PL;PM;PN;PR;PS;PT;PW;PY;QA;RE;RO;RS;RU;RW;SA;SB;SC;SD;SE;SG;SH;SI;SJ;SK;SL;SM;SN;SO;SR;SS;ST;SV;SX;SY;SZ;TC;TD;TF;TG;TH;TJ;TK;TL;TM;TN;TO;TR;TT;TV;TW;TZ;UA;UG;UM;US;UY;UZ;VA;VC;VE;VG;VI;VN;VU;WF;WS;YE;YT;ZA;ZM;ZW,"Distribution availability, not artist nationality or audience geography.",system of down; toxicity; system of down toxicity; toxicity system of down; sister of down; soad; soad toxicity; chop suey; sistem of down; slipknot; toxic; metal; toxicity system of down lyrics; rammstein; toxity; system of down chop suey; toxicity system of down album; chop suey system of down; byob soad; lonely day system of down; korn; disturbed; powerman 5000; nu metal; hard rock; nu metal playlist; toxicity hd video,https://music.youtube.com/watch?v=iywaBOMvYLI,True,False,False,True,False,False,True,True,False,,OK,True,INDIFFERENT,False,https://i.ytimg.com/vi/iywaBOMvYLI/maxresdefault.jpg,"[{""url"": ""https://i.ytimg.com/vi/iywaBOMvYLI/hqdefault.jpg?sqp=-oaymwEWCJADEOEBIAQqCggAEOADGC0guwJIWg&rs=AMzJL3l6ILGUbXJv1RP0WtIYrfV8aY8eFA"", ""width"": 400, ""height"": 225}]",,,missing album browse id,YouTube Music internal web API via ytmusicapi; personalized playlist fetched with named auth profile.,2.0,95.0,9.082274935,cumulative views of the exact recommended YouTube video,1208578698,9.082274935,High,High,"Frozen 83-song candidate pool captured 2026-06-29T19:44:09+00:00; Low <=7,505; lower buffer 7,506-19,756; Middle 19,757-243,792; upper buffer 243,793-1,223,809; High >=1,223,810 views.","Use view_count or popularity_log10_view_count for comparisons across users, weeks, and the original playlist. Do not use the within-Discover-Mix rank or percentile for cross-playlist comparisons because those are recalculated separately inside every 30-song mix.",Popularity is for the exact recommended video ID. Report or control video_type because this item is MUSIC_VIDEO_TYPE_OMV; ATV denotes an Art Track and OMV an official music video.
2026-08-17T11:26:13+00:00,user_01,aysima MCT,Discover Mix,RDTMAK5uy_n_5IN6hzAOwdCnM8D8rzrs3vDl12UcZpA,https://music.youtube.com/playlist?list=RDTMAK5uy_n_5IN6hzAOwdCnM8D8rzrs3vDl12UcZpA,,,,49798,"Discover great music, picked just for you. Always updating.",11,hPvh6UgJtRw,https://music.youtube.com/watch?v=hPvh6UgJtRw,https://www.youtube.com/watch?v=hPvh6UgJtRw,Njord,Brothers of Metal,UC7apj1hieWRm-ji4_Umt2GA,"[{""id"": ""UC7apj1hieWRm-ji4_Umt2GA"", ""name"": ""Brothers of Metal"", ""subscribers_display"": ""105K"", ""subscribers_approx"": 105000, ""channel_views"": 113927907, ""description"": ""Brothers of Metal are an eight-piece Swedish power metal band from Falun, formed in 2012. The band's visual style and lyrics are inspired by Vikings and Norse mythology, and are often purposefully over-the-top, which earns them both criticism and praise.\n\nFrom Wikipedia ("", ""song_shelf_count"": 5, ""album_shelf_count"": 3, ""single_shelf_count"": 10, ""video_shelf_count"": 10, ""lookup_error"": """"}]",UC7apj1hieWRm-ji4_Umt2GA,Brothers of Metal,105K,105000,113927907,"Brothers of Metal are an eight-piece Swedish power metal band from Falun, formed in 2012. The band's visual style and lyrics are inspired by Vikings and Norse mythology, and are often purposefully over-the-top, which earns them both criticism and praise.

From Wikipedia (",5,3,10,10,,,,,,,,,,,3:59,239,MUSIC_VIDEO_TYPE_OMV,2217293,,ytmusicapi player response videoDetails.viewCount,,,Not exposed by this YouTube Music endpoint; official YouTube Data API credentials are required.,Music,2019-10-18T02:13:38-07:00,2019-10-18T02:13:38-07:00,AFM Records,UCKdA5J4-opjla1aWOjF74mg,http://www.youtube.com/@afmrecords,249,AD;AE;AF;AG;AI;AL;AM;AO;AQ;AR;AS;AT;AU;AW;AX;AZ;BA;BB;BD;BE;BF;BG;BH;BI;BJ;BL;BM;BN;BO;BQ;BR;BS;BT;BV;BW;BY;BZ;CA;CC;CD;CF;CG;CH;CI;CK;CL;CM;CN;CO;CR;CU;CV;CW;CX;CY;CZ;DE;DJ;DK;DM;DO;DZ;EC;EE;EG;EH;ER;ES;ET;FI;FJ;FK;FM;FO;FR;GA;GB;GD;GE;GF;GG;GH;GI;GL;GM;GN;GP;GQ;GR;GS;GT;GU;GW;GY;HK;HM;HN;HR;HT;HU;ID;IE;IL;IM;IN;IO;IQ;IR;IS;IT;JE;JM;JO;JP;KE;KG;KH;KI;KM;KN;KP;KR;KW;KY;KZ;LA;LB;LC;LI;LK;LR;LS;LT;LU;LV;LY;MA;MC;MD;ME;MF;MG;MH;MK;ML;MM;MN;MO;MP;MQ;MR;MS;MT;MU;MV;MW;MX;MY;MZ;NA;NC;NE;NF;NG;NI;NL;NO;NP;NR;NU;NZ;OM;PA;PE;PF;PG;PH;PK;PL;PM;PN;PR;PS;PT;PW;PY;QA;RE;RO;RS;RU;RW;SA;SB;SC;SD;SE;SG;SH;SI;SJ;SK;SL;SM;SN;SO;SR;SS;ST;SV;SX;SY;SZ;TC;TD;TF;TG;TH;TJ;TK;TL;TM;TN;TO;TR;TT;TV;TW;TZ;UA;UG;UM;US;UY;UZ;VA;VC;VE;VG;VI;VN;VU;WF;WS;YE;YT;ZA;ZM;ZW,"Distribution availability, not artist nationality or audience geography.",afmrecords; AFM; Records; heavymetal; powermetal; official; musicvideo; music; metal; clip,https://music.youtube.com/watch?v=hPvh6UgJtRw,True,False,False,True,False,False,True,True,False,,OK,True,INDIFFERENT,False,https://i.ytimg.com/vi/hPvh6UgJtRw/maxresdefault.jpg,"[{""url"": ""https://i.ytimg.com/vi/hPvh6UgJtRw/hqdefault.jpg?sqp=-oaymwEWCJADEOEBIAQqCggAEOADGC0guwJIWg&rs=AMzJL3n8SFwIiP6TENUdvPAo1NwHZn1FCw"", ""width"": 400, ""height"": 225}]",,,missing album browse id,YouTube Music internal web API via ytmusicapi; personalized playlist fetched with named auth profile.,14.0,55.0,6.345823086,cumulative views of the exact recommended YouTube video,2217293,6.345823086,High,High,"Frozen 83-song candidate pool captured 2026-06-29T19:44:09+00:00; Low <=7,505; lower buffer 7,506-19,756; Middle 19,757-243,792; upper buffer 243,793-1,223,809; High >=1,223,810 views.","Use view_count or popularity_log10_view_count for comparisons across users, weeks, and the original playlist. Do not use the within-Discover-Mix rank or percentile for cross-playlist comparisons because those are recalculated separately inside every 30-song mix.",Popularity is for the exact recommended video ID. Report or control video_type because this item is MUSIC_VIDEO_TYPE_OMV; ATV denotes an Art Track and OMV an official music video.
2026-08-17T11:26:13+00:00,user_01,aysima MCT,Discover Mix,RDTMAK5uy_n_5IN6hzAOwdCnM8D8rzrs3vDl12UcZpA,https://music.youtube.com/playlist?list=RDTMAK5uy_n_5IN6hzAOwdCnM8D8rzrs3vDl12UcZpA,,,,49798,"Discover great music, picked just for you. Always updating.",12,VECI3keYKug,https://music.youtube.com/watch?v=VECI3keYKug,https://www.youtube.com/watch?v=VECI3keYKug,I Will Build You a Rome,Cain's Offering,UCCViwKlgGt7FDqBHDZ20DiA,"[{""id"": ""UCCViwKlgGt7FDqBHDZ20DiA"", ""name"": ""Cain's Offering"", ""subscribers_display"": ""3.9K"", ""subscribers_approx"": 3900, ""channel_views"": null, ""description"": null, ""song_shelf_count"": 5, ""album_shelf_count"": 2, ""single_shelf_count"": 0, ""video_shelf_count"": 10, ""lookup_error"": """"}]",UCCViwKlgGt7FDqBHDZ20DiA,Cain's Offering,3.9K,3900,,,5,2,0,10,,,,,,,,,,,4:41,281,MUSIC_VIDEO_TYPE_OMV,936212,,ytmusicapi player response videoDetails.viewCount,,,Not exposed by this YouTube Music endpoint; official YouTube Data API credentials are required.,Music,2015-04-15T08:32:01-07:00,2015-04-15T08:32:01-07:00,Frontiers Music srl,UCBLAoqCQyz6a0OvwXWzKZag,http://www.youtube.com/@frontiersmusicsrl,249,AD;AE;AF;AG;AI;AL;AM;AO;AQ;AR;AS;AT;AU;AW;AX;AZ;BA;BB;BD;BE;BF;BG;BH;BI;BJ;BL;BM;BN;BO;BQ;BR;BS;BT;BV;BW;BY;BZ;CA;CC;CD;CF;CG;CH;CI;CK;CL;CM;CN;CO;CR;CU;CV;CW;CX;CY;CZ;DE;DJ;DK;DM;DO;DZ;EC;EE;EG;EH;ER;ES;ET;FI;FJ;FK;FM;FO;FR;GA;GB;GD;GE;GF;GG;GH;GI;GL;GM;GN;GP;GQ;GR;GS;GT;GU;GW;GY;HK;HM;HN;HR;HT;HU;ID;IE;IL;IM;IN;IO;IQ;IR;IS;IT;JE;JM;JO;JP;KE;KG;KH;KI;KM;KN;KP;KR;KW;KY;KZ;LA;LB;LC;LI;LK;LR;LS;LT;LU;LV;LY;MA;MC;MD;ME;MF;MG;MH;MK;ML;MM;MN;MO;MP;MQ;MR;MS;MT;MU;MV;MW;MX;MY;MZ;NA;NC;NE;NF;NG;NI;NL;NO;NP;NR;NU;NZ;OM;PA;PE;PF;PG;PH;PK;PL;PM;PN;PR;PS;PT;PW;PY;QA;RE;RO;RS;RU;RW;SA;SB;SC;SD;SE;SG;SH;SI;SJ;SK;SL;SM;SN;SO;SR;SS;ST;SV;SX;SY;SZ;TC;TD;TF;TG;TH;TJ;TK;TL;TM;TN;TO;TR;TT;TV;TW;TZ;UA;UG;UM;US;UY;UZ;VA;VC;VE;VG;VI;VN;VU;WF;WS;YE;YT;ZA;ZM;ZW,"Distribution availability, not artist nationality or audience geography.",Cain's Offering (Musical Group); I will build you a rome; stormcrow; Power Metal (Musical Genre); Sonata Arctica (Musical Group); Stratovarius (Musical Group); Timo Kotipelto (Musical Artist); Jens Johansson (Composer); Jani Liimatainen (Guitarist),https://music.youtube.com/watch?v=VECI3keYKug,True,False,False,True,False,False,True,True,False,,OK,True,INDIFFERENT,False,https://i.ytimg.com/vi/VECI3keYKug/maxresdefault.jpg?sqp=-oaymwEmCIAKENAF8quKqQMa8AEB-AH-CYAC0AWKAgwIABABGH8gGSgbMA8=&rs=AOn4CLDvXhGcdUQhaYw9Ie5O4l5VAuzYLw,"[{""url"": ""https://i.ytimg.com/vi/VECI3keYKug/hqdefault.jpg?sqp=-oaymwEWCJADEOEBIAQqCggAEOADGC0guwJIWg&rs=AMzJL3kJ6_dX7FrsQSG53ay13yBg3HmNTQ"", ""width"": 400, ""height"": 225}]",,,missing album browse id,YouTube Music internal web API via ytmusicapi; personalized playlist fetched with named auth profile.,22.0,28.333333,5.971374203,cumulative views of the exact recommended YouTube video,936212,5.971374203,Upper buffer,Buffer,"Frozen 83-song candidate pool captured 2026-06-29T19:44:09+00:00; Low <=7,505; lower buffer 7,506-19,756; Middle 19,757-243,792; upper buffer 243,793-1,223,809; High >=1,223,810 views.","Use view_count or popularity_log10_view_count for comparisons across users, weeks, and the original playlist. Do not use the within-Discover-Mix rank or percentile for cross-playlist comparisons because those are recalculated separately inside every 30-song mix.",Popularity is for the exact recommended video ID. Report or control video_type because this item is MUSIC_VIDEO_TYPE_OMV; ATV denotes an Art Track and OMV an official music video.
2026-08-17T11:26:13+00:00,user_01,aysima MCT,Discover Mix,RDTMAK5uy_n_5IN6hzAOwdCnM8D8rzrs3vDl12UcZpA,https://music.youtube.com/playlist?list=RDTMAK5uy_n_5IN6hzAOwdCnM8D8rzrs3vDl12UcZpA,,,,49798,"Discover great music, picked just for you. Always updating.",13,jaATQzLr_20,https://music.youtube.com/watch?v=jaATQzLr_20,https://www.youtube.com/watch?v=jaATQzLr_20,Get the Devil Out of Me,Delain,UCPIXyGsEUrGIz7olJ1d7-Ig,"[{""id"": ""UCPIXyGsEUrGIz7olJ1d7-Ig"", ""name"": ""Delain"", ""subscribers_display"": ""88.2K"", ""subscribers_approx"": 88200, ""channel_views"": 48114871, ""description"": ""DELAIN has started a thrilling new chapter and is ready to storm the globe again. Their new lineup consists of three original members - Martijn Westerholt (main songwriter/keyboardist), Ronald Landa (guitars), Sander Zoer (drums) as well as two new members Diana Leah (vocals) and Ludovico Cioffi (bass). They just finished their highly anticipated seventh studio album 'Dark Waters' which is set to release February 10, 2023 and are fired up to tour the world again following the release. \n\nDELAIN has seven studio albums, three EP’s and a live DVD to its name, including guest performances from the titans of the scene, among others: Sharon Den Adel (WITHIN TEMPTATION), Marko Hietala (NIGHTWISH) who is a returning guest on the new album 'Dark Waters', and Alissa White-Gluz (ARCH ENEMY). Having toured the globe with bands like NIGHTWISH, SABATON and WITHIN TEMPTATION, and having rocked festivals like WACKEN, GRASPOP, and DOWNLOAD, DELAIN has strongly carved its niche within the scene as one of the original early generation bands in the genre. With its new lineup, including the stunning and breathtaking vocals by Diana Leah, DELAIN is set to continue their legacy and forge new paths within the metal scene."", ""song_shelf_count"": 5, ""album_shelf_count"": 10, ""single_shelf_count"": 10, ""video_shelf_count"": 10, ""lookup_error"": """"}]",UCPIXyGsEUrGIz7olJ1d7-Ig,Delain,88.2K,88200,48114871,"DELAIN has started a thrilling new chapter and is ready to storm the globe again. Their new lineup consists of three original members - Martijn Westerholt (main songwriter/keyboardist), Ronald Landa (guitars), Sander Zoer (drums) as well as two new members Diana Leah (vocals) and Ludovico Cioffi (bass). They just finished their highly anticipated seventh studio album 'Dark Waters' which is set to release February 10, 2023 and are fired up to tour the world again following the release. 

DELAIN has seven studio albums, three EP’s and a live DVD to its name, including guest performances from the titans of the scene, among others: Sharon Den Adel (WITHIN TEMPTATION), Marko Hietala (NIGHTWISH) who is a returning guest on the new album 'Dark Waters', and Alissa White-Gluz (ARCH ENEMY). Having toured the globe with bands like NIGHTWISH, SABATON and WITHIN TEMPTATION, and having rocked festivals like WACKEN, GRASPOP, and DOWNLOAD, DELAIN has strongly carved its niche within the scene as one of the original early generation bands in the genre. With its new lineup, including the stunning and breathtaking vocals by Diana Leah, DELAIN is set to continue their legacy and forge new paths within the metal scene.",5,10,10,10,,,,,,,,,,,3:23,203,MUSIC_VIDEO_TYPE_OMV,3232345,,ytmusicapi player response videoDetails.viewCount,,,Not exposed by this YouTube Music endpoint; official YouTube Data API credentials are required.,Music,2012-04-20T06:00:10-07:00,2012-04-20T06:00:10-07:00,CNR Music,UCtAVULgy36_oLYhqL3isw2g,http://www.youtube.com/@CnrentertainmentNl,249,AD;AE;AF;AG;AI;AL;AM;AO;AQ;AR;AS;AT;AU;AW;AX;AZ;BA;BB;BD;BE;BF;BG;BH;BI;BJ;BL;BM;BN;BO;BQ;BR;BS;BT;BV;BW;BY;BZ;CA;CC;CD;CF;CG;CH;CI;CK;CL;CM;CN;CO;CR;CU;CV;CW;CX;CY;CZ;DE;DJ;DK;DM;DO;DZ;EC;EE;EG;EH;ER;ES;ET;FI;FJ;FK;FM;FO;FR;GA;GB;GD;GE;GF;GG;GH;GI;GL;GM;GN;GP;GQ;GR;GS;GT;GU;GW;GY;HK;HM;HN;HR;HT;HU;ID;IE;IL;IM;IN;IO;IQ;IR;IS;IT;JE;JM;JO;JP;KE;KG;KH;KI;KM;KN;KP;KR;KW;KY;KZ;LA;LB;LC;LI;LK;LR;LS;LT;LU;LV;LY;MA;MC;MD;ME;MF;MG;MH;MK;ML;MM;MN;MO;MP;MQ;MR;MS;MT;MU;MV;MW;MX;MY;MZ;NA;NC;NE;NF;NG;NI;NL;NO;NP;NR;NU;NZ;OM;PA;PE;PF;PG;PH;PK;PL;PM;PN;PR;PS;PT;PW;PY;QA;RE;RO;RS;RU;RW;SA;SB;SC;SD;SE;SG;SH;SI;SJ;SK;SL;SM;SN;SO;SR;SS;ST;SV;SX;SY;SZ;TC;TD;TF;TG;TH;TJ;TK;TL;TM;TN;TO;TR;TT;TV;TW;TZ;UA;UG;UM;US;UY;UZ;VA;VC;VE;VG;VI;VN;VU;WF;WS;YE;YT;ZA;ZM;ZW,"Distribution availability, not artist nationality or audience geography.",Delain; Get The Devil Out Of Me; We Are Others; Charlotte Wessels; Martijn Westerholt; Otto; Bas; Timo; Sander; Europe; World; Live Concert; music; Dark; Gothic (band); Band; rock; metal; Music; Video; official video; album; Rock Music (Musical Genre),https://music.youtube.com/watch?v=jaATQzLr_20,True,False,False,True,False,False,True,True,False,,OK,True,INDIFFERENT,False,https://i.ytimg.com/vi/jaATQzLr_20/maxresdefault.jpg?sqp=-oaymwEmCIAKENAF8quKqQMa8AEB-AH-CYAC0AWKAgwIABABGGIgYihiMA8=&rs=AOn4CLCbRIf-F5gWx5JQUvlAc_3A4HGIYw,"[{""url"": ""https://i.ytimg.com/vi/jaATQzLr_20/hqdefault.jpg?sqp=-oaymwEWCJADEOEBIAQqCggAEOADGC0guwJIWg&rs=AMzJL3ks-5DNj1p6XjZOg7G0npN9CDJIXw"", ""width"": 400, ""height"": 225}]",,,missing album browse id,YouTube Music internal web API via ytmusicapi; personalized playlist fetched with named auth profile.,13.0,58.333333,6.509517708,cumulative views of the exact recommended YouTube video,3232345,6.509517708,High,High,"Frozen 83-song candidate pool captured 2026-06-29T19:44:09+00:00; Low <=7,505; lower buffer 7,506-19,756; Middle 19,757-243,792; upper buffer 243,793-1,223,809; High >=1,223,810 views.","Use view_count or popularity_log10_view_count for comparisons across users, weeks, and the original playlist. Do not use the within-Discover-Mix rank or percentile for cross-playlist comparisons because those are recalculated separately inside every 30-song mix.",Popularity is for the exact recommended video ID. Report or control video_type because this item is MUSIC_VIDEO_TYPE_OMV; ATV denotes an Art Track and OMV an official music video.
2026-08-17T11:26:13+00:00,user_01,aysima MCT,Discover Mix,RDTMAK5uy_n_5IN6hzAOwdCnM8D8rzrs3vDl12UcZpA,https://music.youtube.com/playlist?list=RDTMAK5uy_n_5IN6hzAOwdCnM8D8rzrs3vDl12UcZpA,,,,49798,"Discover great music, picked just for you. Always updating.",14,aqW7wHNCc9M,https://music.youtube.com/watch?v=aqW7wHNCc9M,https://www.youtube.com/watch?v=aqW7wHNCc9M,A New Beginning,Majestica,UC0oLl-AD2ikFO_WDmG4YMzw,"[{""id"": ""UC0oLl-AD2ikFO_WDmG4YMzw"", ""name"": ""Majestica"", ""subscribers_display"": ""29.2K"", ""subscribers_approx"": 29200, ""channel_views"": 12193693, ""description"": ""Symphonic power metal from Sweden."", ""song_shelf_count"": 5, ""album_shelf_count"": 4, ""single_shelf_count"": 8, ""video_shelf_count"": 10, ""lookup_error"": """"}]",UC0oLl-AD2ikFO_WDmG4YMzw,Majestica,29.2K,29200,12193693,Symphonic power metal from Sweden.,5,4,8,10,,,,,,,,,,,4:35,275,MUSIC_VIDEO_TYPE_OMV,789746,,ytmusicapi player response videoDetails.viewCount,,,Not exposed by this YouTube Music endpoint; official YouTube Data API credentials are required.,Music,2024-07-17T07:00:07-07:00,2024-07-17T07:00:07-07:00,Nuclear Blast Records,UCoxg3Kml41wE3IPq-PC-LQw,http://www.youtube.com/@NuclearBlastRecords,249,AD;AE;AF;AG;AI;AL;AM;AO;AQ;AR;AS;AT;AU;AW;AX;AZ;BA;BB;BD;BE;BF;BG;BH;BI;BJ;BL;BM;BN;BO;BQ;BR;BS;BT;BV;BW;BY;BZ;CA;CC;CD;CF;CG;CH;CI;CK;CL;CM;CN;CO;CR;CU;CV;CW;CX;CY;CZ;DE;DJ;DK;DM;DO;DZ;EC;EE;EG;EH;ER;ES;ET;FI;FJ;FK;FM;FO;FR;GA;GB;GD;GE;GF;GG;GH;GI;GL;GM;GN;GP;GQ;GR;GS;GT;GU;GW;GY;HK;HM;HN;HR;HT;HU;ID;IE;IL;IM;IN;IO;IQ;IR;IS;IT;JE;JM;JO;JP;KE;KG;KH;KI;KM;KN;KP;KR;KW;KY;KZ;LA;LB;LC;LI;LK;LR;LS;LT;LU;LV;LY;MA;MC;MD;ME;MF;MG;MH;MK;ML;MM;MN;MO;MP;MQ;MR;MS;MT;MU;MV;MW;MX;MY;MZ;NA;NC;NE;NF;NG;NI;NL;NO;NP;NR;NU;NZ;OM;PA;PE;PF;PG;PH;PK;PL;PM;PN;PR;PS;PT;PW;PY;QA;RE;RO;RS;RU;RW;SA;SB;SC;SD;SE;SG;SH;SI;SJ;SK;SL;SM;SN;SO;SR;SS;ST;SV;SX;SY;SZ;TC;TD;TF;TG;TH;TJ;TK;TL;TM;TN;TO;TR;TT;TV;TW;TZ;UA;UG;UM;US;UY;UZ;VA;VC;VE;VG;VI;VN;VU;WF;WS;YE;YT;ZA;ZM;ZW,"Distribution availability, not artist nationality or audience geography.",A New Beginning; Majestica; Metal; Nuclear Blast,https://music.youtube.com/watch?v=aqW7wHNCc9M,True,False,False,True,False,False,True,True,False,,OK,True,INDIFFERENT,False,https://i.ytimg.com/vi/aqW7wHNCc9M/maxresdefault.jpg,"[{""url"": ""https://i.ytimg.com/vi/aqW7wHNCc9M/hqdefault.jpg?sqp=-oaymwEWCJADEOEBIAQqCggAEOADGC0guwJIWg&rs=AMzJL3mLuxVnbqhnMAkIDsVTdRfOOa3jdQ"", ""width"": 400, ""height"": 225}]",,,missing album browse id,YouTube Music internal web API via ytmusicapi; personalized playlist fetched with named auth profile.,23.0,25.0,5.897487435,cumulative views of the exact recommended YouTube video,789746,5.897487435,Upper buffer,Buffer,"Frozen 83-song candidate pool captured 2026-06-29T19:44:09+00:00; Low <=7,505; lower buffer 7,506-19,756; Middle 19,757-243,792; upper buffer 243,793-1,223,809; High >=1,223,810 views.","Use view_count or popularity_log10_view_count for comparisons across users, weeks, and the original playlist. Do not use the within-Discover-Mix rank or percentile for cross-playlist comparisons because those are recalculated separately inside every 30-song mix.",Popularity is for the exact recommended video ID. Report or control video_type because this item is MUSIC_VIDEO_TYPE_OMV; ATV denotes an Art Track and OMV an official music video.
2026-08-17T11:26:13+00:00,user_01,aysima MCT,Discover Mix,RDTMAK5uy_n_5IN6hzAOwdCnM8D8rzrs3vDl12UcZpA,https://music.youtube.com/playlist?list=RDTMAK5uy_n_5IN6hzAOwdCnM8D8rzrs3vDl12UcZpA,,,,49798,"Discover great music, picked just for you. Always updating.",15,YeKb2vgHmOc,https://music.youtube.com/watch?v=YeKb2vgHmOc,https://www.youtube.com/watch?v=YeKb2vgHmOc,En la Jaula,Horcas,UCeULcy2AWzCPWjZ-c0S20jw,"[{""id"": ""UCeULcy2AWzCPWjZ-c0S20jw"", ""name"": ""Horcas"", ""subscribers_display"": ""29.6K"", ""subscribers_approx"": 29600, ""channel_views"": 24440076, ""description"": ""Horcas is an Argentine heavy metal and thrash metal band formed in 1988 by Osvaldo Civile, former guitarist for V8, Argentina's landmark heavy metal outfit of the 1980s.\n\nFrom Wikipedia ("", ""song_shelf_count"": 5, ""album_shelf_count"": 10, ""single_shelf_count"": 6, ""video_shelf_count"": 10, ""lookup_error"": """"}]",UCeULcy2AWzCPWjZ-c0S20jw,Horcas,29.6K,29600,24440076,"Horcas is an Argentine heavy metal and thrash metal band formed in 1988 by Osvaldo Civile, former guitarist for V8, Argentina's landmark heavy metal outfit of the 1980s.

From Wikipedia (",5,10,6,10,MPREb_SeybdlkLA6o,Por Tu Honor,Album,2013,11,45 minutes,2728,OLAK5uy_kDuKQvu7JhAS6fneKWgsYkgCnZkBBmyV0,Horcas,,3:58,238,MUSIC_VIDEO_TYPE_ATV,349654,,ytmusicapi player response videoDetails.viewCount,,,Not exposed by this YouTube Music endpoint; official YouTube Data API credentials are required.,Music,2014-01-23T22:20:23-08:00,2014-01-23T22:20:23-08:00,Horcas - Topic,UCeULcy2AWzCPWjZ-c0S20jw,http://www.youtube.com/channel/UCeULcy2AWzCPWjZ-c0S20jw,123,AE;AR;AS;AT;AU;AW;AZ;BA;BD;BE;BG;BH;BM;BO;BR;BY;CA;CH;CL;CO;CR;CY;CZ;DE;DK;DO;DZ;EC;EE;EG;ES;FI;FR;GB;GE;GF;GH;GP;GR;GT;GU;HK;HN;HR;HU;ID;IE;IL;IN;IQ;IS;IT;JM;JO;JP;KE;KH;KR;KW;KY;KZ;LA;LB;LI;LK;LT;LU;LV;LY;MA;MK;MP;MQ;MT;MX;MY;NC;NG;NI;NL;NO;NP;NZ;OM;PA;PE;PF;PG;PH;PK;PL;PR;PT;PY;QA;RE;RO;RS;RU;SA;SE;SG;SI;SK;SN;SV;TC;TH;TN;TR;TW;TZ;UA;UG;US;UY;VE;VI;VN;YE;YT;ZA;ZW,"Distribution availability, not artist nationality or audience geography.",Horcas; Walter Meza; Lucas Cimcic; Norberto Yañez; Sebastián Coria; Guillermo De Luca; Por Tu Honor; En la Jaula,https://music.youtube.com/watch?v=YeKb2vgHmOc,True,False,False,True,False,False,True,True,False,False,OK,True,INDIFFERENT,False,https://i.ytimg.com/vi/YeKb2vgHmOc/maxresdefault.jpg,"[{""url"": ""https://yt3.googleusercontent.com/jrXa8jrhF4mrMV8OJpNc65jEUfpurr-6Sg_hB2p0sl3GFQpzbvpOliT2Y1MdcjWw0pSvrHflCLn-bSNm=w60-h60-l90-rj"", ""width"": 60, ""height"": 60}, {""url"": ""https://yt3.googleusercontent.com/jrXa8jrhF4mrMV8OJpNc65jEUfpurr-6Sg_hB2p0sl3GFQpzbvpOliT2Y1MdcjWw0pSvrHflCLn-bSNm=w120-h120-l90-rj"", ""width"": 120, ""height"": 120}]",,,,YouTube Music internal web API via ytmusicapi; personalized playlist fetched with named auth profile.,25.0,18.333333,5.543638501,cumulative views of the exact recommended YouTube video,349654,5.543638501,Upper buffer,Buffer,"Frozen 83-song candidate pool captured 2026-06-29T19:44:09+00:00; Low <=7,505; lower buffer 7,506-19,756; Middle 19,757-243,792; upper buffer 243,793-1,223,809; High >=1,223,810 views.","Use view_count or popularity_log10_view_count for comparisons across users, weeks, and the original playlist. Do not use the within-Discover-Mix rank or percentile for cross-playlist comparisons because those are recalculated separately inside every 30-song mix.",Popularity is for the exact recommended video ID. Report or control video_type because this item is MUSIC_VIDEO_TYPE_ATV; ATV denotes an Art Track and OMV an official music video.
2026-08-17T11:26:13+00:00,user_01,aysima MCT,Discover Mix,RDTMAK5uy_n_5IN6hzAOwdCnM8D8rzrs3vDl12UcZpA,https://music.youtube.com/playlist?list=RDTMAK5uy_n_5IN6hzAOwdCnM8D8rzrs3vDl12UcZpA,,,,49798,"Discover great music, picked just for you. Always updating.",16,BplgH8XSqs0,https://music.youtube.com/watch?v=BplgH8XSqs0,https://www.youtube.com/watch?v=BplgH8XSqs0,Heroes,Masterplan,UCQm2l9VFAwCEMR2zydt9y6w,"[{""id"": ""UCQm2l9VFAwCEMR2zydt9y6w"", ""name"": ""Masterplan"", ""subscribers_display"": ""10.2K"", ""subscribers_approx"": 10200, ""channel_views"": 7896946, ""description"": ""Masterplan is a German power metal band founded by guitarist Roland Grapow and drummer Uli Kusch upon leaving Helloween in 2001.\n\nFrom Wikipedia ("", ""song_shelf_count"": 5, ""album_shelf_count"": 8, ""single_shelf_count"": 10, ""video_shelf_count"": 10, ""lookup_error"": """"}]",UCQm2l9VFAwCEMR2zydt9y6w,Masterplan,10.2K,10200,7896946,"Masterplan is a German power metal band founded by guitarist Roland Grapow and drummer Uli Kusch upon leaving Helloween in 2001.

From Wikipedia (",5,8,10,10,MPREb_HAlWJFgd4x7,Masterplan,Album,2003,11,52 minutes,3151,OLAK5uy_k6qoAmMfNTfOzRyAd7_dJmAHXGS2dj8Fg,Masterplan,"Masterplan is the German power metal band Masterplan's self-titled debut album, released in 2003 by AFM Records. The album received many good reviews and entered the charts at high positions. The album was voted album of the month in Sweden Rock Magazine, Rock Hard and Heavy, Oder Was?! in Germany and Metal Factory in Switzerland. The band received the ""European Border Breakers Award"" in 2004 from the European Commission, for the album sales around Europe.
By the time their first full-length and self-titled CD was released in 2003, keyboard player Janne ""Warman"" Wirman was replaced by Axel Mackenrott. Wirman recorded some session keyboards for the album, but could not stay on as a full-time member due to his commitments to Children of Bodom. The main keyboard lines of the album were arranged and programmed by guitarist Roland Grapow and drummer Uli Kusch. Missing a proper bass player, Grapow recorded the bass parts, with some help from session bassist Jürgen Attig.

From Wikipedia (",3:34,214,MUSIC_VIDEO_TYPE_ATV,1152767,,ytmusicapi player response videoDetails.viewCount,,,Not exposed by this YouTube Music endpoint; official YouTube Data API credentials are required.,Music,2015-01-18T19:03:42-08:00,2015-01-18T19:03:42-08:00,Masterplan - Topic,UCQm2l9VFAwCEMR2zydt9y6w,http://www.youtube.com/channel/UCQm2l9VFAwCEMR2zydt9y6w,249,AD;AE;AF;AG;AI;AL;AM;AO;AQ;AR;AS;AT;AU;AW;AX;AZ;BA;BB;BD;BE;BF;BG;BH;BI;BJ;BL;BM;BN;BO;BQ;BR;BS;BT;BV;BW;BY;BZ;CA;CC;CD;CF;CG;CH;CI;CK;CL;CM;CN;CO;CR;CU;CV;CW;CX;CY;CZ;DE;DJ;DK;DM;DO;DZ;EC;EE;EG;EH;ER;ES;ET;FI;FJ;FK;FM;FO;FR;GA;GB;GD;GE;GF;GG;GH;GI;GL;GM;GN;GP;GQ;GR;GS;GT;GU;GW;GY;HK;HM;HN;HR;HT;HU;ID;IE;IL;IM;IN;IO;IQ;IR;IS;IT;JE;JM;JO;JP;KE;KG;KH;KI;KM;KN;KP;KR;KW;KY;KZ;LA;LB;LC;LI;LK;LR;LS;LT;LU;LV;LY;MA;MC;MD;ME;MF;MG;MH;MK;ML;MM;MN;MO;MP;MQ;MR;MS;MT;MU;MV;MW;MX;MY;MZ;NA;NC;NE;NF;NG;NI;NL;NO;NP;NR;NU;NZ;OM;PA;PE;PF;PG;PH;PK;PL;PM;PN;PR;PS;PT;PW;PY;QA;RE;RO;RS;RU;RW;SA;SB;SC;SD;SE;SG;SH;SI;SJ;SK;SL;SM;SN;SO;SR;SS;ST;SV;SX;SY;SZ;TC;TD;TF;TG;TH;TJ;TK;TL;TM;TN;TO;TR;TT;TV;TW;TZ;UA;UG;UM;US;UY;UZ;VA;VC;VE;VG;VI;VN;VU;WF;WS;YE;YT;ZA;ZM;ZW,"Distribution availability, not artist nationality or audience geography.",Masterplan; Heroes,https://music.youtube.com/watch?v=BplgH8XSqs0,True,False,False,True,False,False,True,True,False,False,OK,True,INDIFFERENT,False,https://i.ytimg.com/vi/BplgH8XSqs0/maxresdefault.jpg,"[{""url"": ""https://yt3.googleusercontent.com/isCO2zDr3SJyqpQBkACQ19uun6zRUCzSN9w3zcytIGiLvI5d5w8JTiVAfKqWOqXRMiEfkbcfQy7-vMI=w60-h60-l90-rj"", ""width"": 60, ""height"": 60}, {""url"": ""https://yt3.googleusercontent.com/isCO2zDr3SJyqpQBkACQ19uun6zRUCzSN9w3zcytIGiLvI5d5w8JTiVAfKqWOqXRMiEfkbcfQy7-vMI=w120-h120-l90-rj"", ""width"": 120, ""height"": 120}]",,,,YouTube Music internal web API via ytmusicapi; personalized playlist fetched with named auth profile.,18.0,41.666667,6.061741536,cumulative views of the exact recommended YouTube video,1152767,6.061741536,Upper buffer,Buffer,"Frozen 83-song candidate pool captured 2026-06-29T19:44:09+00:00; Low <=7,505; lower buffer 7,506-19,756; Middle 19,757-243,792; upper buffer 243,793-1,223,809; High >=1,223,810 views.","Use view_count or popularity_log10_view_count for comparisons across users, weeks, and the original playlist. Do not use the within-Discover-Mix rank or percentile for cross-playlist comparisons because those are recalculated separately inside every 30-song mix.",Popularity is for the exact recommended video ID. Report or control video_type because this item is MUSIC_VIDEO_TYPE_ATV; ATV denotes an Art Track and OMV an official music video.
2026-08-17T11:26:13+00:00,user_01,aysima MCT,Discover Mix,RDTMAK5uy_n_5IN6hzAOwdCnM8D8rzrs3vDl12UcZpA,https://music.youtube.com/playlist?list=RDTMAK5uy_n_5IN6hzAOwdCnM8D8rzrs3vDl12UcZpA,,,,49798,"Discover great music, picked just for you. Always updating.",17,AiOs7nNbPWU,https://music.youtube.com/watch?v=AiOs7nNbPWU,https://www.youtube.com/watch?v=AiOs7nNbPWU,Emerald Sword,Rhapsody,UCjjuWbTlk-8b_MaGqTBnlsQ,"[{""id"": ""UCjjuWbTlk-8b_MaGqTBnlsQ"", ""name"": ""Rhapsody"", ""subscribers_display"": ""148K"", ""subscribers_approx"": 148000, ""channel_views"": 136485591, ""description"": ""Italian symphonic metal gods RHAPSODY OF FIRE, started their career in Trieste in the mid 90’s (releasing their first albums under the banner of “Rhapsody”), the debut ‘Legendary Tales’ (1997) and the second studio album ‘Symphony Of Enchanted Lands’ (1998) made a huge impact on the scene with a unique mixture of classic power metal, baroque/classical elements, operatic choirs and movie-like orchestrations. A huge worldwide fan base was built very quickly and the first five albums (which sold way over 1.000.000 copies) placed Rhapsody on top of the best-selling and most popular metal artists worldwide. They have played several tours all around the world in front of amazing crowds from Sao Paulo to Tokyo. \n\nIn 2004, Christopher Lee, a world-renowned actor that played in numerous movies including The Lord of The Rings as Saruman, contributed to the band by narrating and singing in their recordings. The most famous song that illustrates this unforgettable cooperation is “The Magic Of the Wizard’s Dream”. \n\nFrom 2011, Alex Staropoli invited his longtime friend Roby De Micheli to become the new guitarist of RHAPSODY OF FIRE to continue producing music in the more classic and heavy direction that the fans loved so much."", ""song_shelf_count"": 5, ""album_shelf_count"": 10, ""single_shelf_count"": 10, ""video_shelf_count"": 10, ""lookup_error"": """"}]",UCjjuWbTlk-8b_MaGqTBnlsQ,Rhapsody,148K,148000,136485591,"Italian symphonic metal gods RHAPSODY OF FIRE, started their career in Trieste in the mid 90’s (releasing their first albums under the banner of “Rhapsody”), the debut ‘Legendary Tales’ (1997) and the second studio album ‘Symphony Of Enchanted Lands’ (1998) made a huge impact on the scene with a unique mixture of classic power metal, baroque/classical elements, operatic choirs and movie-like orchestrations. A huge worldwide fan base was built very quickly and the first five albums (which sold way over 1.000.000 copies) placed Rhapsody on top of the best-selling and most popular metal artists worldwide. They have played several tours all around the world in front of amazing crowds from Sao Paulo to Tokyo. 

In 2004, Christopher Lee, a world-renowned actor that played in numerous movies including The Lord of The Rings as Saruman, contributed to the band by narrating and singing in their recordings. The most famous song that illustrates this unforgettable cooperation is “The Magic Of the Wizard’s Dream”. 

From 2011, Alex Staropoli invited his longtime friend Roby De Micheli to become the new guitarist of RHAPSODY OF FIRE to continue producing music in the more classic and heavy direction that the fans loved so much.",5,10,10,10,MPREb_g4rnTcsBr8F,Symphony of Enchanted Lands,Album,1998,10,55 minutes,3352,OLAK5uy_nzbu38qmIO3y2gefA19npUX65Yx_Mi2ao,Rhapsody,"Symphony of Enchanted Lands is the second studio album by the Italian symphonic power metal band Rhapsody, released in 1998. It is the second part of the Emerald Sword Saga.

From Wikipedia (",4:22,262,MUSIC_VIDEO_TYPE_ATV,21774992,,ytmusicapi player response videoDetails.viewCount,,,Not exposed by this YouTube Music endpoint; official YouTube Data API credentials are required.,Music,2018-04-30T03:42:20-07:00,2018-04-30T03:42:20-07:00,Rhapsody of Fire - Topic,UCjjuWbTlk-8b_MaGqTBnlsQ,http://www.youtube.com/channel/UCjjuWbTlk-8b_MaGqTBnlsQ,123,AE;AR;AS;AT;AU;AW;AZ;BA;BD;BE;BG;BH;BM;BO;BR;BY;CA;CH;CL;CO;CR;CY;CZ;DE;DK;DO;DZ;EC;EE;EG;ES;FI;FR;GB;GE;GF;GH;GP;GR;GT;GU;HK;HN;HR;HU;ID;IE;IL;IN;IQ;IS;IT;JM;JO;JP;KE;KH;KR;KW;KY;KZ;LA;LB;LI;LK;LT;LU;LV;LY;MA;MK;MP;MQ;MT;MX;MY;NC;NG;NI;NL;NO;NP;NZ;OM;PA;PE;PF;PG;PH;PK;PL;PR;PT;PY;QA;RE;RO;RS;RU;SA;SE;SG;SI;SK;SN;SV;TC;TH;TN;TR;TW;TZ;UA;UG;US;UY;VE;VI;VN;YE;YT;ZA;ZW,"Distribution availability, not artist nationality or audience geography.",Rhapsody; Symphony of Enchanted Lands; Emerald Sword,https://music.youtube.com/watch?v=AiOs7nNbPWU,True,False,False,True,False,False,True,True,False,False,OK,True,INDIFFERENT,False,https://i.ytimg.com/vi/AiOs7nNbPWU/maxresdefault.jpg,"[{""url"": ""https://yt3.googleusercontent.com/i37M31-Ee527gqAJK11B5E6fb_CW8TaVcu-fmJtg9VYle9F_U-qLlm__ufyV0s5r-TnoB7j3Twy6dmkh=w60-h60-l90-rj"", ""width"": 60, ""height"": 60}, {""url"": ""https://yt3.googleusercontent.com/i37M31-Ee527gqAJK11B5E6fb_CW8TaVcu-fmJtg9VYle9F_U-qLlm__ufyV0s5r-TnoB7j3Twy6dmkh=w120-h120-l90-rj"", ""width"": 120, ""height"": 120}]",,,,YouTube Music internal web API via ytmusicapi; personalized playlist fetched with named auth profile.,6.0,81.666667,7.337958004,cumulative views of the exact recommended YouTube video,21774992,7.337958004,High,High,"Frozen 83-song candidate pool captured 2026-06-29T19:44:09+00:00; Low <=7,505; lower buffer 7,506-19,756; Middle 19,757-243,792; upper buffer 243,793-1,223,809; High >=1,223,810 views.","Use view_count or popularity_log10_view_count for comparisons across users, weeks, and the original playlist. Do not use the within-Discover-Mix rank or percentile for cross-playlist comparisons because those are recalculated separately inside every 30-song mix.",Popularity is for the exact recommended video ID. Report or control video_type because this item is MUSIC_VIDEO_TYPE_ATV; ATV denotes an Art Track and OMV an official music video.
2026-08-17T11:26:13+00:00,user_01,aysima MCT,Discover Mix,RDTMAK5uy_n_5IN6hzAOwdCnM8D8rzrs3vDl12UcZpA,https://music.youtube.com/playlist?list=RDTMAK5uy_n_5IN6hzAOwdCnM8D8rzrs3vDl12UcZpA,,,,49798,"Discover great music, picked just for you. Always updating.",18,sqYzI8vMG_0,https://music.youtube.com/watch?v=sqYzI8vMG_0,https://www.youtube.com/watch?v=sqYzI8vMG_0,Hammer High,Hammerfall,UCOspMA8k5GDzhPH7EsZ_IwQ,"[{""id"": ""UCOspMA8k5GDzhPH7EsZ_IwQ"", ""name"": ""Hammerfall"", ""subscribers_display"": ""108K"", ""subscribers_approx"": 108000, ""channel_views"": 85121083, ""description"": ""HammerFall is a Swedish power metal band from Gothenburg. It was formed in 1993 by ex-Ceremonial Oath guitarist Oscar Dronjak. They have released thirteen studio albums.\nThe band has largely stayed consistent with their original sound throughout its career. The group's mascot \""Hector\"" – a role-playing game character belonging to the paladin class – has appeared on most of their album covers.\n\nFrom Wikipedia ("", ""song_shelf_count"": 5, ""album_shelf_count"": 10, ""single_shelf_count"": 10, ""video_shelf_count"": 10, ""lookup_error"": """"}]",UCOspMA8k5GDzhPH7EsZ_IwQ,Hammerfall,108K,108000,85121083,"HammerFall is a Swedish power metal band from Gothenburg. It was formed in 1993 by ex-Ceremonial Oath guitarist Oscar Dronjak. They have released thirteen studio albums.
The band has largely stayed consistent with their original sound throughout its career. The group's mascot ""Hector"" – a role-playing game character belonging to the paladin class – has appeared on most of their album covers.

From Wikipedia (",5,10,10,10,,,,,,,,,,,4:59,299,MUSIC_VIDEO_TYPE_OMV,3845045,,ytmusicapi player response videoDetails.viewCount,,,Not exposed by this YouTube Music endpoint; official YouTube Data API credentials are required.,Music,2016-09-24T02:08:58-07:00,2016-09-24T02:08:58-07:00,Napalm Records,UCG7AaCh_CiG6pq_rRDNw72A,http://www.youtube.com/@napalmrecords,249,AD;AE;AF;AG;AI;AL;AM;AO;AQ;AR;AS;AT;AU;AW;AX;AZ;BA;BB;BD;BE;BF;BG;BH;BI;BJ;BL;BM;BN;BO;BQ;BR;BS;BT;BV;BW;BY;BZ;CA;CC;CD;CF;CG;CH;CI;CK;CL;CM;CN;CO;CR;CU;CV;CW;CX;CY;CZ;DE;DJ;DK;DM;DO;DZ;EC;EE;EG;EH;ER;ES;ET;FI;FJ;FK;FM;FO;FR;GA;GB;GD;GE;GF;GG;GH;GI;GL;GM;GN;GP;GQ;GR;GS;GT;GU;GW;GY;HK;HM;HN;HR;HT;HU;ID;IE;IL;IM;IN;IO;IQ;IR;IS;IT;JE;JM;JO;JP;KE;KG;KH;KI;KM;KN;KP;KR;KW;KY;KZ;LA;LB;LC;LI;LK;LR;LS;LT;LU;LV;LY;MA;MC;MD;ME;MF;MG;MH;MK;ML;MM;MN;MO;MP;MQ;MR;MS;MT;MU;MV;MW;MX;MY;MZ;NA;NC;NE;NF;NG;NI;NL;NO;NP;NR;NU;NZ;OM;PA;PE;PF;PG;PH;PK;PL;PM;PN;PR;PS;PT;PW;PY;QA;RE;RO;RS;RU;RW;SA;SB;SC;SD;SE;SG;SH;SI;SJ;SK;SL;SM;SN;SO;SR;SS;ST;SV;SX;SY;SZ;TC;TD;TF;TG;TH;TJ;TK;TL;TM;TN;TO;TR;TT;TV;TW;TZ;UA;UG;UM;US;UY;UZ;VA;VC;VE;VG;VI;VN;VU;WF;WS;YE;YT;ZA;ZM;ZW,"Distribution availability, not artist nationality or audience geography.",Napalm; Records; Channel; hammerfall; hammer high; official video; power metal; heavy metal; metal; napalm records; built to last; new album; new video; wall street journal; emp; sweden; swedish metal,https://music.youtube.com/watch?v=sqYzI8vMG_0,True,False,False,True,False,False,True,True,False,,OK,True,INDIFFERENT,False,https://i.ytimg.com/vi/sqYzI8vMG_0/hqdefault.jpg,"[{""url"": ""https://i.ytimg.com/vi/sqYzI8vMG_0/hqdefault.jpg?sqp=-oaymwEWCJADEOEBIAQqCggAEOADGC0guwJIWg&rs=AMzJL3nPemA0DvckNhXjRwElvJ1ESyxfBg"", ""width"": 400, ""height"": 225}]",,,missing album browse id,YouTube Music internal web API via ytmusicapi; personalized playlist fetched with named auth profile.,11.0,65.0,6.584901427,cumulative views of the exact recommended YouTube video,3845045,6.584901427,High,High,"Frozen 83-song candidate pool captured 2026-06-29T19:44:09+00:00; Low <=7,505; lower buffer 7,506-19,756; Middle 19,757-243,792; upper buffer 243,793-1,223,809; High >=1,223,810 views.","Use view_count or popularity_log10_view_count for comparisons across users, weeks, and the original playlist. Do not use the within-Discover-Mix rank or percentile for cross-playlist comparisons because those are recalculated separately inside every 30-song mix.",Popularity is for the exact recommended video ID. Report or control video_type because this item is MUSIC_VIDEO_TYPE_OMV; ATV denotes an Art Track and OMV an official music video.
2026-08-17T11:26:13+00:00,user_01,aysima MCT,Discover Mix,RDTMAK5uy_n_5IN6hzAOwdCnM8D8rzrs3vDl12UcZpA,https://music.youtube.com/playlist?list=RDTMAK5uy_n_5IN6hzAOwdCnM8D8rzrs3vDl12UcZpA,,,,49798,"Discover great music, picked just for you. Always updating.",19,lWb1kee9z9Y,https://music.youtube.com/watch?v=lWb1kee9z9Y,https://www.youtube.com/watch?v=lWb1kee9z9Y,Hear The Drum,All For Metal,UCFyjdGcykEQTL7gTYPVfzVQ,"[{""id"": ""UCFyjdGcykEQTL7gTYPVfzVQ"", ""name"": ""All For Metal"", ""subscribers_display"": ""3.94K"", ""subscribers_approx"": 3940, ""channel_views"": null, ""description"": null, ""song_shelf_count"": 5, ""album_shelf_count"": 2, ""single_shelf_count"": 10, ""video_shelf_count"": 10, ""lookup_error"": """"}]",UCFyjdGcykEQTL7gTYPVfzVQ,All For Metal,3.94K,3940,,,5,2,10,10,,,,,,,,,,,3:14,194,MUSIC_VIDEO_TYPE_OMV,962651,,ytmusicapi player response videoDetails.viewCount,,,Not exposed by this YouTube Music endpoint; official YouTube Data API credentials are required.,Music,2023-07-06T07:00:09-07:00,2023-07-06T07:00:09-07:00,AFM Records,UCKdA5J4-opjla1aWOjF74mg,http://www.youtube.com/@afmrecords,249,AD;AE;AF;AG;AI;AL;AM;AO;AQ;AR;AS;AT;AU;AW;AX;AZ;BA;BB;BD;BE;BF;BG;BH;BI;BJ;BL;BM;BN;BO;BQ;BR;BS;BT;BV;BW;BY;BZ;CA;CC;CD;CF;CG;CH;CI;CK;CL;CM;CN;CO;CR;CU;CV;CW;CX;CY;CZ;DE;DJ;DK;DM;DO;DZ;EC;EE;EG;EH;ER;ES;ET;FI;FJ;FK;FM;FO;FR;GA;GB;GD;GE;GF;GG;GH;GI;GL;GM;GN;GP;GQ;GR;GS;GT;GU;GW;GY;HK;HM;HN;HR;HT;HU;ID;IE;IL;IM;IN;IO;IQ;IR;IS;IT;JE;JM;JO;JP;KE;KG;KH;KI;KM;KN;KP;KR;KW;KY;KZ;LA;LB;LC;LI;LK;LR;LS;LT;LU;LV;LY;MA;MC;MD;ME;MF;MG;MH;MK;ML;MM;MN;MO;MP;MQ;MR;MS;MT;MU;MV;MW;MX;MY;MZ;NA;NC;NE;NF;NG;NI;NL;NO;NP;NR;NU;NZ;OM;PA;PE;PF;PG;PH;PK;PL;PM;PN;PR;PS;PT;PW;PY;QA;RE;RO;RS;RU;RW;SA;SB;SC;SD;SE;SG;SH;SI;SJ;SK;SL;SM;SN;SO;SR;SS;ST;SV;SX;SY;SZ;TC;TD;TF;TG;TH;TJ;TK;TL;TM;TN;TO;TR;TT;TV;TW;TZ;UA;UG;UM;US;UY;UZ;VA;VC;VE;VG;VI;VN;VU;WF;WS;YE;YT;ZA;ZM;ZW,"Distribution availability, not artist nationality or audience geography.",AFM Records; ALL FOR METAL; Hear The Drum; Metal; Power Metal; Power Metal Band,https://music.youtube.com/watch?v=lWb1kee9z9Y,True,False,False,True,False,False,True,True,False,,OK,True,INDIFFERENT,False,https://i.ytimg.com/vi/lWb1kee9z9Y/maxresdefault.jpg,"[{""url"": ""https://i.ytimg.com/vi/lWb1kee9z9Y/hqdefault.jpg?sqp=-oaymwEWCJADEOEBIAQqCggAEOADGC0guwJIWg&rs=AMzJL3l03JEOdY_eKflT1S6N_c-V8ML-cg"", ""width"": 400, ""height"": 225}]",,,missing album browse id,YouTube Music internal web API via ytmusicapi; personalized playlist fetched with named auth profile.,21.0,31.666667,5.983468866,cumulative views of the exact recommended YouTube video,962651,5.983468866,Upper buffer,Buffer,"Frozen 83-song candidate pool captured 2026-06-29T19:44:09+00:00; Low <=7,505; lower buffer 7,506-19,756; Middle 19,757-243,792; upper buffer 243,793-1,223,809; High >=1,223,810 views.","Use view_count or popularity_log10_view_count for comparisons across users, weeks, and the original playlist. Do not use the within-Discover-Mix rank or percentile for cross-playlist comparisons because those are recalculated separately inside every 30-song mix.",Popularity is for the exact recommended video ID. Report or control video_type because this item is MUSIC_VIDEO_TYPE_OMV; ATV denotes an Art Track and OMV an official music video.
2026-08-17T11:26:13+00:00,user_01,aysima MCT,Discover Mix,RDTMAK5uy_n_5IN6hzAOwdCnM8D8rzrs3vDl12UcZpA,https://music.youtube.com/playlist?list=RDTMAK5uy_n_5IN6hzAOwdCnM8D8rzrs3vDl12UcZpA,,,,49798,"Discover great music, picked just for you. Always updating.",20,BwHlqf0iWu0,https://music.youtube.com/watch?v=BwHlqf0iWu0,https://www.youtube.com/watch?v=BwHlqf0iWu0,Everwinter,Frozen Crown,UCGjaitth3Yy5Hd1bVq35gYw,"[{""id"": ""UCGjaitth3Yy5Hd1bVq35gYw"", ""name"": ""Frozen Crown"", ""subscribers_display"": ""42.8K"", ""subscribers_approx"": 42800, ""channel_views"": 7936606, ""description"": ""NEW ALBUM \""The Legend Of The Six Kings\"" OUT October 02 on Napalm Records\n\nFormed in 2017, FROZEN CROWN has garnered significant media exposure with their previous four albums and built a dedicated following with their mixture of power metal, old-school speed and heavy metal. During its short lifespan, the relentless band has performed at several festivals like Sabaton Open Air, Metal Fest Plzen and Rock Imperium Festival, headlined two Japanese tours and followed extensive European touring with significant bands such as Dragonforce and Nanowar Of Steel – dubbed by the tour with U.D.O. in 2023. Joined by their newest member, 18-year-old guitar prodigy Alessia Lanzone, the band's characteristic sound has been expanded by her skills, adding depth and complexity to their performances.\nThe new album \""War Hearts\"", out October 18, 2024. This marks the band’s fifth album in their seven-year career and their first as a six-piece band, capturing the essence of FROZEN CROWN's dynamic sound brimming with powerful riffs, unforgettable melodies, and raw energy."", ""song_shelf_count"": 5, ""album_shelf_count"": 5, ""single_shelf_count"": 9, ""video_shelf_count"": 10, ""lookup_error"": """"}]",UCGjaitth3Yy5Hd1bVq35gYw,Frozen Crown,42.8K,42800,7936606,"NEW ALBUM ""The Legend Of The Six Kings"" OUT October 02 on Napalm Records

Formed in 2017, FROZEN CROWN has garnered significant media exposure with their previous four albums and built a dedicated following with their mixture of power metal, old-school speed and heavy metal. During its short lifespan, the relentless band has performed at several festivals like Sabaton Open Air, Metal Fest Plzen and Rock Imperium Festival, headlined two Japanese tours and followed extensive European touring with significant bands such as Dragonforce and Nanowar Of Steel – dubbed by the tour with U.D.O. in 2023. Joined by their newest member, 18-year-old guitar prodigy Alessia Lanzone, the band's characteristic sound has been expanded by her skills, adding depth and complexity to their performances.
The new album ""War Hearts"", out October 18, 2024. This marks the band’s fifth album in their seven-year career and their first as a six-piece band, capturing the essence of FROZEN CROWN's dynamic sound brimming with powerful riffs, unforgettable melodies, and raw energy.",5,5,9,10,,,,,,,,,,,3:39,219,MUSIC_VIDEO_TYPE_OMV,3630200,,ytmusicapi player response videoDetails.viewCount,,,Not exposed by this YouTube Music endpoint; official YouTube Data API credentials are required.,Music,2018-07-17T04:55:28-07:00,2018-07-17T04:55:28-07:00,Scarlet Records,UCqBJu_eaBh4hCiWUmwVKi2g,http://www.youtube.com/@ScarletRecordsYT,249,AD;AE;AF;AG;AI;AL;AM;AO;AQ;AR;AS;AT;AU;AW;AX;AZ;BA;BB;BD;BE;BF;BG;BH;BI;BJ;BL;BM;BN;BO;BQ;BR;BS;BT;BV;BW;BY;BZ;CA;CC;CD;CF;CG;CH;CI;CK;CL;CM;CN;CO;CR;CU;CV;CW;CX;CY;CZ;DE;DJ;DK;DM;DO;DZ;EC;EE;EG;EH;ER;ES;ET;FI;FJ;FK;FM;FO;FR;GA;GB;GD;GE;GF;GG;GH;GI;GL;GM;GN;GP;GQ;GR;GS;GT;GU;GW;GY;HK;HM;HN;HR;HT;HU;ID;IE;IL;IM;IN;IO;IQ;IR;IS;IT;JE;JM;JO;JP;KE;KG;KH;KI;KM;KN;KP;KR;KW;KY;KZ;LA;LB;LC;LI;LK;LR;LS;LT;LU;LV;LY;MA;MC;MD;ME;MF;MG;MH;MK;ML;MM;MN;MO;MP;MQ;MR;MS;MT;MU;MV;MW;MX;MY;MZ;NA;NC;NE;NF;NG;NI;NL;NO;NP;NR;NU;NZ;OM;PA;PE;PF;PG;PH;PK;PL;PM;PN;PR;PS;PT;PW;PY;QA;RE;RO;RS;RU;RW;SA;SB;SC;SD;SE;SG;SH;SI;SJ;SK;SL;SM;SN;SO;SR;SS;ST;SV;SX;SY;SZ;TC;TD;TF;TG;TH;TJ;TK;TL;TM;TN;TO;TR;TT;TV;TW;TZ;UA;UG;UM;US;UY;UZ;VA;VC;VE;VG;VI;VN;VU;WF;WS;YE;YT;ZA;ZM;ZW,"Distribution availability, not artist nationality or audience geography.",vikings; lagertha; shieldmaiden; shield; ragnarr; ragnar; floki; rollo; bjorn; female fronted; nightwish; sonata arctica; pagan; iron maiden; judas priest; metal goddess; powermetal; power; epic; folk; folk power; folk metal; symphonic meatl; pyramaze; blind guardian; turisas; wintersun; korpiklaani; ensiferum; eluvetie; alestorm; wardruna; sabaton; unleash the archers; myrath; tyr; hammerfall; lord of the rings; hobbit; dwarf; gandalf; federico mondelli; giada etro; giada jade etro; thalia bellazecca,https://music.youtube.com/watch?v=BwHlqf0iWu0,True,False,False,True,False,False,True,True,False,,OK,True,INDIFFERENT,False,https://i.ytimg.com/vi/BwHlqf0iWu0/maxresdefault.jpg,"[{""url"": ""https://i.ytimg.com/vi/BwHlqf0iWu0/hqdefault.jpg?sqp=-oaymwEWCJADEOEBIAQqCggAEOADGC0guwJIWg&rs=AMzJL3lhQLUeyFNDmiZlyOx1_ZFSHkAtaw"", ""width"": 400, ""height"": 225}]",,,missing album browse id,YouTube Music internal web API via ytmusicapi; personalized playlist fetched with named auth profile.,12.0,61.666667,6.559930552,cumulative views of the exact recommended YouTube video,3630200,6.559930552,High,High,"Frozen 83-song candidate pool captured 2026-06-29T19:44:09+00:00; Low <=7,505; lower buffer 7,506-19,756; Middle 19,757-243,792; upper buffer 243,793-1,223,809; High >=1,223,810 views.","Use view_count or popularity_log10_view_count for comparisons across users, weeks, and the original playlist. Do not use the within-Discover-Mix rank or percentile for cross-playlist comparisons because those are recalculated separately inside every 30-song mix.",Popularity is for the exact recommended video ID. Report or control video_type because this item is MUSIC_VIDEO_TYPE_OMV; ATV denotes an Art Track and OMV an official music video.
2026-08-17T11:26:13+00:00,user_01,aysima MCT,Discover Mix,RDTMAK5uy_n_5IN6hzAOwdCnM8D8rzrs3vDl12UcZpA,https://music.youtube.com/playlist?list=RDTMAK5uy_n_5IN6hzAOwdCnM8D8rzrs3vDl12UcZpA,,,,49798,"Discover great music, picked just for you. Always updating.",21,YrdRewyHtxY,https://music.youtube.com/watch?v=YrdRewyHtxY,https://www.youtube.com/watch?v=YrdRewyHtxY,Take Me out of This Nightmare,Enforcer,UC4dNGpBnJCHJQky_9uxJxxg,"[{""id"": ""UC4dNGpBnJCHJQky_9uxJxxg"", ""name"": ""Enforcer"", ""subscribers_display"": ""13.1K"", ""subscribers_approx"": 13100, ""channel_views"": 4280978, ""description"": ""Enforcer is a Swedish heavy metal band formed in 2004 in Arvika. They are considered part of the new wave of traditional heavy metal.\n\nFrom Wikipedia ("", ""song_shelf_count"": 5, ""album_shelf_count"": 9, ""single_shelf_count"": 5, ""video_shelf_count"": 3, ""lookup_error"": """"}]",UC4dNGpBnJCHJQky_9uxJxxg,Enforcer,13.1K,13100,4280978,"Enforcer is a Swedish heavy metal band formed in 2004 in Arvika. They are considered part of the new wave of traditional heavy metal.

From Wikipedia (",5,9,5,3,MPREb_iBcDYxkDI6t,Death by Fire,Album,2013,9,35 minutes,2151,OLAK5uy_nEL4YWh2qgLuoJGMtZ4Ra5J3rRJUfyY4k,Enforcer,"Death by Fire is the third album by Swedish heavy metal band Enforcer. It was released on February 1, 2013, through Nuclear Blast.

From Wikipedia (",4:19,259,MUSIC_VIDEO_TYPE_ATV,97007,,ytmusicapi player response videoDetails.viewCount,,,Not exposed by this YouTube Music endpoint; official YouTube Data API credentials are required.,Music,2019-04-03T08:48:57-07:00,2019-04-03T08:48:57-07:00,Enforcer - Topic,UC4dNGpBnJCHJQky_9uxJxxg,http://www.youtube.com/channel/UC4dNGpBnJCHJQky_9uxJxxg,249,AD;AE;AF;AG;AI;AL;AM;AO;AQ;AR;AS;AT;AU;AW;AX;AZ;BA;BB;BD;BE;BF;BG;BH;BI;BJ;BL;BM;BN;BO;BQ;BR;BS;BT;BV;BW;BY;BZ;CA;CC;CD;CF;CG;CH;CI;CK;CL;CM;CN;CO;CR;CU;CV;CW;CX;CY;CZ;DE;DJ;DK;DM;DO;DZ;EC;EE;EG;EH;ER;ES;ET;FI;FJ;FK;FM;FO;FR;GA;GB;GD;GE;GF;GG;GH;GI;GL;GM;GN;GP;GQ;GR;GS;GT;GU;GW;GY;HK;HM;HN;HR;HT;HU;ID;IE;IL;IM;IN;IO;IQ;IR;IS;IT;JE;JM;JO;JP;KE;KG;KH;KI;KM;KN;KP;KR;KW;KY;KZ;LA;LB;LC;LI;LK;LR;LS;LT;LU;LV;LY;MA;MC;MD;ME;MF;MG;MH;MK;ML;MM;MN;MO;MP;MQ;MR;MS;MT;MU;MV;MW;MX;MY;MZ;NA;NC;NE;NF;NG;NI;NL;NO;NP;NR;NU;NZ;OM;PA;PE;PF;PG;PH;PK;PL;PM;PN;PR;PS;PT;PW;PY;QA;RE;RO;RS;RU;RW;SA;SB;SC;SD;SE;SG;SH;SI;SJ;SK;SL;SM;SN;SO;SR;SS;ST;SV;SX;SY;SZ;TC;TD;TF;TG;TH;TJ;TK;TL;TM;TN;TO;TR;TT;TV;TW;TZ;UA;UG;UM;US;UY;UZ;VA;VC;VE;VG;VI;VN;VU;WF;WS;YE;YT;ZA;ZM;ZW,"Distribution availability, not artist nationality or audience geography.",Enforcer; Death by Fire; Take Me out of This Nightmare,https://music.youtube.com/watch?v=YrdRewyHtxY,True,False,False,True,False,False,True,True,False,False,OK,True,INDIFFERENT,False,https://i.ytimg.com/vi/YrdRewyHtxY/maxresdefault.jpg,"[{""url"": ""https://yt3.googleusercontent.com/cp2wl_gQYCnMQ5CsJ9_t3ft0xlvat4gMJ3GDMpSQquUsc1xLuWXooHqTlbi7xkf07l0T4Y89jPTyjbE=w60-h60-l90-rj"", ""width"": 60, ""height"": 60}, {""url"": ""https://yt3.googleusercontent.com/cp2wl_gQYCnMQ5CsJ9_t3ft0xlvat4gMJ3GDMpSQquUsc1xLuWXooHqTlbi7xkf07l0T4Y89jPTyjbE=w120-h120-l90-rj"", ""width"": 120, ""height"": 120}]",,,,YouTube Music internal web API via ytmusicapi; personalized playlist fetched with named auth profile.,29.0,5.0,4.986803074,cumulative views of the exact recommended YouTube video,97007,4.986803074,Middle,Middle,"Frozen 83-song candidate pool captured 2026-06-29T19:44:09+00:00; Low <=7,505; lower buffer 7,506-19,756; Middle 19,757-243,792; upper buffer 243,793-1,223,809; High >=1,223,810 views.","Use view_count or popularity_log10_view_count for comparisons across users, weeks, and the original playlist. Do not use the within-Discover-Mix rank or percentile for cross-playlist comparisons because those are recalculated separately inside every 30-song mix.",Popularity is for the exact recommended video ID. Report or control video_type because this item is MUSIC_VIDEO_TYPE_ATV; ATV denotes an Art Track and OMV an official music video.
2026-08-17T11:26:13+00:00,user_01,aysima MCT,Discover Mix,RDTMAK5uy_n_5IN6hzAOwdCnM8D8rzrs3vDl12UcZpA,https://music.youtube.com/playlist?list=RDTMAK5uy_n_5IN6hzAOwdCnM8D8rzrs3vDl12UcZpA,,,,49798,"Discover great music, picked just for you. Always updating.",22,ZBTCfNzR_Hg,https://music.youtube.com/watch?v=ZBTCfNzR_Hg,https://www.youtube.com/watch?v=ZBTCfNzR_Hg,Sole Survivor,Freedom Call,UC8Un9pLdux03pya-p---Urw,"[{""id"": ""UC8Un9pLdux03pya-p---Urw"", ""name"": ""Freedom Call"", ""subscribers_display"": ""12.3K"", ""subscribers_approx"": 12300, ""channel_views"": 12999664, ""description"": ""Freedom Call is a German power metal band formed in 1998. The band tours regularly and the current line-up includes one original member, lead vocalist and songwriter, Chris Bay. Freedom Call has released 14 albums in total, eleven of these studio albums.\n\nFrom Wikipedia ("", ""song_shelf_count"": 5, ""album_shelf_count"": 10, ""single_shelf_count"": 10, ""video_shelf_count"": 10, ""lookup_error"": """"}]",UC8Un9pLdux03pya-p---Urw,Freedom Call,12.3K,12300,12999664,"Freedom Call is a German power metal band formed in 1998. The band tours regularly and the current line-up includes one original member, lead vocalist and songwriter, Chris Bay. Freedom Call has released 14 albums in total, eleven of these studio albums.

From Wikipedia (",5,10,10,10,MPREb_HSVITHZmCPA,M.E.T.A.L.,Album,2019,11,43 minutes,2616,OLAK5uy_kLp7S4iZwfr_eo2ILht7KpZNusarRpZ_g,Freedom Call,,4:25,265,MUSIC_VIDEO_TYPE_ATV,168006,,ytmusicapi player response videoDetails.viewCount,,,Not exposed by this YouTube Music endpoint; official YouTube Data API credentials are required.,Music,2019-08-22T03:03:49-07:00,2019-08-22T03:03:49-07:00,Freedom Call - Topic,UC8Un9pLdux03pya-p---Urw,http://www.youtube.com/channel/UC8Un9pLdux03pya-p---Urw,122,AE;AR;AS;AT;AU;AW;AZ;BA;BD;BE;BG;BH;BM;BO;BR;BY;CA;CH;CL;CO;CR;CY;CZ;DE;DK;DO;DZ;EC;EE;EG;ES;FI;FR;GB;GE;GF;GH;GP;GR;GT;GU;HK;HN;HR;HU;ID;IE;IL;IN;IQ;IS;IT;JM;JO;JP;KE;KH;KR;KW;KY;KZ;LA;LB;LI;LK;LT;LU;LV;LY;MA;MK;MP;MQ;MT;MX;MY;NC;NG;NI;NL;NO;NP;NZ;OM;PA;PE;PF;PG;PH;PK;PL;PR;PT;PY;QA;RE;RO;RS;SA;SE;SG;SI;SK;SN;SV;TC;TH;TN;TR;TW;TZ;UA;UG;US;UY;VE;VI;VN;YE;YT;ZA;ZW,"Distribution availability, not artist nationality or audience geography.",Freedom Call; Chris Bay; M.E.T.A.L.; Sole Survivor,https://music.youtube.com/watch?v=ZBTCfNzR_Hg,True,False,False,True,False,False,True,True,False,False,OK,True,INDIFFERENT,False,https://i.ytimg.com/vi/ZBTCfNzR_Hg/maxresdefault.jpg,"[{""url"": ""https://yt3.googleusercontent.com/UuqNrDGZsbjYb-ZKSyptsFK7ktzMRfBgq70cQFvG_EYYyZkRJrI--NpnaNNkScd7kurXRE8nZ-HZSu5K=w60-h60-l90-rj"", ""width"": 60, ""height"": 60}, {""url"": ""https://yt3.googleusercontent.com/UuqNrDGZsbjYb-ZKSyptsFK7ktzMRfBgq70cQFvG_EYYyZkRJrI--NpnaNNkScd7kurXRE8nZ-HZSu5K=w120-h120-l90-rj"", ""width"": 120, ""height"": 120}]",,,,YouTube Music internal web API via ytmusicapi; personalized playlist fetched with named auth profile.,28.0,8.333333,5.225324792,cumulative views of the exact recommended YouTube video,168006,5.225324792,Middle,Middle,"Frozen 83-song candidate pool captured 2026-06-29T19:44:09+00:00; Low <=7,505; lower buffer 7,506-19,756; Middle 19,757-243,792; upper buffer 243,793-1,223,809; High >=1,223,810 views.","Use view_count or popularity_log10_view_count for comparisons across users, weeks, and the original playlist. Do not use the within-Discover-Mix rank or percentile for cross-playlist comparisons because those are recalculated separately inside every 30-song mix.",Popularity is for the exact recommended video ID. Report or control video_type because this item is MUSIC_VIDEO_TYPE_ATV; ATV denotes an Art Track and OMV an official music video.
2026-08-17T11:26:13+00:00,user_01,aysima MCT,Discover Mix,RDTMAK5uy_n_5IN6hzAOwdCnM8D8rzrs3vDl12UcZpA,https://music.youtube.com/playlist?list=RDTMAK5uy_n_5IN6hzAOwdCnM8D8rzrs3vDl12UcZpA,,,,49798,"Discover great music, picked just for you. Always updating.",23,lXAvNLTWNMM,https://music.youtube.com/watch?v=lXAvNLTWNMM,https://www.youtube.com/watch?v=lXAvNLTWNMM,Bay Of Pigs,Civil War,UC0hshC2PY-1-rlJz_PmN22A,"[{""id"": ""UC0hshC2PY-1-rlJz_PmN22A"", ""name"": ""Civil War"", ""subscribers_display"": ""11.3K"", ""subscribers_approx"": 11300, ""channel_views"": null, ""description"": null, ""song_shelf_count"": 5, ""album_shelf_count"": 5, ""single_shelf_count"": 10, ""video_shelf_count"": 10, ""lookup_error"": """"}]",UC0hshC2PY-1-rlJz_PmN22A,Civil War,11.3K,11300,,,5,5,10,10,,,,,,,,,,,5:59,359,MUSIC_VIDEO_TYPE_OMV,5394269,,ytmusicapi player response videoDetails.viewCount,,,Not exposed by this YouTube Music endpoint; official YouTube Data API credentials are required.,Entertainment,2015-04-09T07:20:00-07:00,2015-04-09T07:20:00-07:00,Napalm Records,UCG7AaCh_CiG6pq_rRDNw72A,http://www.youtube.com/@napalmrecords,249,AD;AE;AF;AG;AI;AL;AM;AO;AQ;AR;AS;AT;AU;AW;AX;AZ;BA;BB;BD;BE;BF;BG;BH;BI;BJ;BL;BM;BN;BO;BQ;BR;BS;BT;BV;BW;BY;BZ;CA;CC;CD;CF;CG;CH;CI;CK;CL;CM;CN;CO;CR;CU;CV;CW;CX;CY;CZ;DE;DJ;DK;DM;DO;DZ;EC;EE;EG;EH;ER;ES;ET;FI;FJ;FK;FM;FO;FR;GA;GB;GD;GE;GF;GG;GH;GI;GL;GM;GN;GP;GQ;GR;GS;GT;GU;GW;GY;HK;HM;HN;HR;HT;HU;ID;IE;IL;IM;IN;IO;IQ;IR;IS;IT;JE;JM;JO;JP;KE;KG;KH;KI;KM;KN;KP;KR;KW;KY;KZ;LA;LB;LC;LI;LK;LR;LS;LT;LU;LV;LY;MA;MC;MD;ME;MF;MG;MH;MK;ML;MM;MN;MO;MP;MQ;MR;MS;MT;MU;MV;MW;MX;MY;MZ;NA;NC;NE;NF;NG;NI;NL;NO;NP;NR;NU;NZ;OM;PA;PE;PF;PG;PH;PK;PL;PM;PN;PR;PS;PT;PW;PY;QA;RE;RO;RS;RU;RW;SA;SB;SC;SD;SE;SG;SH;SI;SJ;SK;SL;SM;SN;SO;SR;SS;ST;SV;SX;SY;SZ;TC;TD;TF;TG;TH;TJ;TK;TL;TM;TN;TO;TR;TT;TV;TW;TZ;UA;UG;UM;US;UY;UZ;VA;VC;VE;VG;VI;VN;VU;WF;WS;YE;YT;ZA;ZM;ZW,"Distribution availability, not artist nationality or audience geography.",Napalm; Records; Channel; Bay Of Pigs Invasion (Military Conflict); Napalm Records (Record Label); civil war; civil war band; gods and generals; Heavy Metal (Musical Genre); Sabaton (Musical Group); Astral Doors (Musical Group); powermetal,https://music.youtube.com/watch?v=lXAvNLTWNMM,True,False,False,True,False,False,True,True,False,,OK,True,INDIFFERENT,False,https://i.ytimg.com/vi/lXAvNLTWNMM/maxresdefault.jpg?sqp=-oaymwEmCIAKENAF8quKqQMa8AEB-AH-CYAC0AWKAgwIABABGEkgUihlMA8=&rs=AOn4CLDdfdoNlkMookYN3Z-y4wrLwsLkcg,"[{""url"": ""https://i.ytimg.com/vi/lXAvNLTWNMM/hqdefault.jpg?sqp=-oaymwEWCJADEOEBIAQqCggAEOADGC0guwJIWg&rs=AMzJL3k6NfDLDRVwtCf0hEDyME3G8GZgzw"", ""width"": 400, ""height"": 225}]",,,missing album browse id,YouTube Music internal web API via ytmusicapi; personalized playlist fetched with named auth profile.,10.0,68.333333,6.7319326,cumulative views of the exact recommended YouTube video,5394269,6.7319326,High,High,"Frozen 83-song candidate pool captured 2026-06-29T19:44:09+00:00; Low <=7,505; lower buffer 7,506-19,756; Middle 19,757-243,792; upper buffer 243,793-1,223,809; High >=1,223,810 views.","Use view_count or popularity_log10_view_count for comparisons across users, weeks, and the original playlist. Do not use the within-Discover-Mix rank or percentile for cross-playlist comparisons because those are recalculated separately inside every 30-song mix.",Popularity is for the exact recommended video ID. Report or control video_type because this item is MUSIC_VIDEO_TYPE_OMV; ATV denotes an Art Track and OMV an official music video.
2026-08-17T11:26:13+00:00,user_01,aysima MCT,Discover Mix,RDTMAK5uy_n_5IN6hzAOwdCnM8D8rzrs3vDl12UcZpA,https://music.youtube.com/playlist?list=RDTMAK5uy_n_5IN6hzAOwdCnM8D8rzrs3vDl12UcZpA,,,,49798,"Discover great music, picked just for you. Always updating.",24,vM2pDrtces4,https://music.youtube.com/watch?v=vM2pDrtces4,https://www.youtube.com/watch?v=vM2pDrtces4,Cauldron - Hold Your Fire (Official Music Video),Cauldron,UCLKfQxSrTi710o14OJGbPxQ,"[{""id"": ""UCLKfQxSrTi710o14OJGbPxQ"", ""name"": ""Cauldron"", ""subscribers_display"": ""1.71K"", ""subscribers_approx"": 1710, ""channel_views"": 666480, ""description"": ""Cauldron is a Canadian heavy metal band formed in 2006 in Toronto following the breakup of Goat Horn, with guitarist Brandon Wars leaving to form a new band, Zuku. Cauldron consists of Jason Decay on vocals and bass guitar, Ian Chains on guitar and Myles Deck on drums.\n\nFrom Wikipedia ("", ""song_shelf_count"": 5, ""album_shelf_count"": 5, ""single_shelf_count"": 5, ""video_shelf_count"": 10, ""lookup_error"": """"}]",UCLKfQxSrTi710o14OJGbPxQ,Cauldron,1.71K,1710,666480,"Cauldron is a Canadian heavy metal band formed in 2006 in Toronto following the breakup of Goat Horn, with guitarist Brandon Wars leaving to form a new band, Zuku. Cauldron consists of Jason Decay on vocals and bass guitar, Ian Chains on guitar and Myles Deck on drums.

From Wikipedia (",5,5,5,10,,,,,,,,,,,4:43,283,MUSIC_VIDEO_TYPE_OMV,278568,,ytmusicapi player response videoDetails.viewCount,,,Not exposed by this YouTube Music endpoint; official YouTube Data API credentials are required.,Music,2018-03-09T08:00:04-08:00,2018-03-09T08:00:04-08:00,CauldronVEVO,UCTVuNatP_f2Iy_YY9x_rlwQ,http://www.youtube.com/@CauldronVEVO,249,AD;AE;AF;AG;AI;AL;AM;AO;AQ;AR;AS;AT;AU;AW;AX;AZ;BA;BB;BD;BE;BF;BG;BH;BI;BJ;BL;BM;BN;BO;BQ;BR;BS;BT;BV;BW;BY;BZ;CA;CC;CD;CF;CG;CH;CI;CK;CL;CM;CN;CO;CR;CU;CV;CW;CX;CY;CZ;DE;DJ;DK;DM;DO;DZ;EC;EE;EG;EH;ER;ES;ET;FI;FJ;FK;FM;FO;FR;GA;GB;GD;GE;GF;GG;GH;GI;GL;GM;GN;GP;GQ;GR;GS;GT;GU;GW;GY;HK;HM;HN;HR;HT;HU;ID;IE;IL;IM;IN;IO;IQ;IR;IS;IT;JE;JM;JO;JP;KE;KG;KH;KI;KM;KN;KP;KR;KW;KY;KZ;LA;LB;LC;LI;LK;LR;LS;LT;LU;LV;LY;MA;MC;MD;ME;MF;MG;MH;MK;ML;MM;MN;MO;MP;MQ;MR;MS;MT;MU;MV;MW;MX;MY;MZ;NA;NC;NE;NF;NG;NI;NL;NO;NP;NR;NU;NZ;OM;PA;PE;PF;PG;PH;PK;PL;PM;PN;PR;PS;PT;PW;PY;QA;RE;RO;RS;RU;RW;SA;SB;SC;SD;SE;SG;SH;SI;SJ;SK;SL;SM;SN;SO;SR;SS;ST;SV;SX;SY;SZ;TC;TD;TF;TG;TH;TJ;TK;TL;TM;TN;TO;TR;TT;TV;TW;TZ;UA;UG;UM;US;UY;UZ;VA;VC;VE;VG;VI;VN;VU;WF;WS;YE;YT;ZA;ZM;ZW,"Distribution availability, not artist nationality or audience geography.",Cauldron; Hold; Your; Fire; (Official; Music; Video); The; End; Records; Metal,https://music.youtube.com/watch?v=vM2pDrtces4,True,False,False,True,False,False,True,True,False,,OK,True,INDIFFERENT,False,https://i.ytimg.com/vi/vM2pDrtces4/maxresdefault.jpg,"[{""url"": ""https://i.ytimg.com/vi/vM2pDrtces4/hqdefault.jpg?sqp=-oaymwEWCJADEOEBIAQqCggAEOADGC0guwJIWg&rs=AMzJL3lKULkx4D2KAg8pMf8IJ2QWdth34Q"", ""width"": 400, ""height"": 225}]",,,missing album browse id,YouTube Music internal web API via ytmusicapi; personalized playlist fetched with named auth profile.,26.0,15.0,5.444931226,cumulative views of the exact recommended YouTube video,278568,5.444931226,Upper buffer,Buffer,"Frozen 83-song candidate pool captured 2026-06-29T19:44:09+00:00; Low <=7,505; lower buffer 7,506-19,756; Middle 19,757-243,792; upper buffer 243,793-1,223,809; High >=1,223,810 views.","Use view_count or popularity_log10_view_count for comparisons across users, weeks, and the original playlist. Do not use the within-Discover-Mix rank or percentile for cross-playlist comparisons because those are recalculated separately inside every 30-song mix.",Popularity is for the exact recommended video ID. Report or control video_type because this item is MUSIC_VIDEO_TYPE_OMV; ATV denotes an Art Track and OMV an official music video.
2026-08-17T11:26:13+00:00,user_01,aysima MCT,Discover Mix,RDTMAK5uy_n_5IN6hzAOwdCnM8D8rzrs3vDl12UcZpA,https://music.youtube.com/playlist?list=RDTMAK5uy_n_5IN6hzAOwdCnM8D8rzrs3vDl12UcZpA,,,,49798,"Discover great music, picked just for you. Always updating.",25,vgDBg6aiRNk,https://music.youtube.com/watch?v=vgDBg6aiRNk,https://www.youtube.com/watch?v=vgDBg6aiRNk,Clocks,Visions of Atlantis,UCjUfzvqaP7gHrvWYrX9WQbQ,"[{""id"": ""UCjUfzvqaP7gHrvWYrX9WQbQ"", ""name"": ""Visions of Atlantis"", ""subscribers_display"": ""41.3K"", ""subscribers_approx"": 41300, ""channel_views"": 20502915, ""description"": ""We have the power in our hands to go on our own adventures, to face the perils and defeat. We have the confidence to take risks, to trust the universe, to demand and to let go. We don’t remain in our comfort zone. Each challenge makes us stronger, each mistake helps us learn. We always move forward, we go harder, stronger, we do better. Every time. The power is ours, to rule our lives and fate, to choose the best for ourselves."", ""song_shelf_count"": 5, ""album_shelf_count"": 10, ""single_shelf_count"": 10, ""video_shelf_count"": 10, ""lookup_error"": """"}]",UCjUfzvqaP7gHrvWYrX9WQbQ,Visions of Atlantis,41.3K,41300,20502915,"We have the power in our hands to go on our own adventures, to face the perils and defeat. We have the confidence to take risks, to trust the universe, to demand and to let go. We don’t remain in our comfort zone. Each challenge makes us stronger, each mistake helps us learn. We always move forward, we go harder, stronger, we do better. Every time. The power is ours, to rule our lives and fate, to choose the best for ourselves.",5,10,10,10,,,,,,,,,,,5:19,319,MUSIC_VIDEO_TYPE_OMV,2154163,,ytmusicapi player response videoDetails.viewCount,,,Not exposed by this YouTube Music endpoint; official YouTube Data API credentials are required.,Music,2023-01-09T07:00:21-08:00,2023-01-09T07:00:21-08:00,Napalm Records,UCG7AaCh_CiG6pq_rRDNw72A,http://www.youtube.com/@napalmrecords,249,AD;AE;AF;AG;AI;AL;AM;AO;AQ;AR;AS;AT;AU;AW;AX;AZ;BA;BB;BD;BE;BF;BG;BH;BI;BJ;BL;BM;BN;BO;BQ;BR;BS;BT;BV;BW;BY;BZ;CA;CC;CD;CF;CG;CH;CI;CK;CL;CM;CN;CO;CR;CU;CV;CW;CX;CY;CZ;DE;DJ;DK;DM;DO;DZ;EC;EE;EG;EH;ER;ES;ET;FI;FJ;FK;FM;FO;FR;GA;GB;GD;GE;GF;GG;GH;GI;GL;GM;GN;GP;GQ;GR;GS;GT;GU;GW;GY;HK;HM;HN;HR;HT;HU;ID;IE;IL;IM;IN;IO;IQ;IR;IS;IT;JE;JM;JO;JP;KE;KG;KH;KI;KM;KN;KP;KR;KW;KY;KZ;LA;LB;LC;LI;LK;LR;LS;LT;LU;LV;LY;MA;MC;MD;ME;MF;MG;MH;MK;ML;MM;MN;MO;MP;MQ;MR;MS;MT;MU;MV;MW;MX;MY;MZ;NA;NC;NE;NF;NG;NI;NL;NO;NP;NR;NU;NZ;OM;PA;PE;PF;PG;PH;PK;PL;PM;PN;PR;PS;PT;PW;PY;QA;RE;RO;RS;RU;RW;SA;SB;SC;SD;SE;SG;SH;SI;SJ;SK;SL;SM;SN;SO;SR;SS;ST;SV;SX;SY;SZ;TC;TD;TF;TG;TH;TJ;TK;TL;TM;TN;TO;TR;TT;TV;TW;TZ;UA;UG;UM;US;UY;UZ;VA;VC;VE;VG;VI;VN;VU;WF;WS;YE;YT;ZA;ZM;ZW,"Distribution availability, not artist nationality or audience geography.",napalm records,https://music.youtube.com/watch?v=vgDBg6aiRNk,True,False,False,True,False,False,True,True,False,,OK,True,INDIFFERENT,False,https://i.ytimg.com/vi/vgDBg6aiRNk/maxresdefault.jpg,"[{""url"": ""https://i.ytimg.com/vi/vgDBg6aiRNk/hqdefault.jpg?sqp=-oaymwEWCJADEOEBIAQqCggAEOADGC0guwJIWg&rs=AMzJL3mmG9ZfT2LaZMfnJcHOKhUYhxY-lQ"", ""width"": 400, ""height"": 225}]",,,missing album browse id,YouTube Music internal web API via ytmusicapi; personalized playlist fetched with named auth profile.,15.0,51.666667,6.333278562,cumulative views of the exact recommended YouTube video,2154163,6.333278562,High,High,"Frozen 83-song candidate pool captured 2026-06-29T19:44:09+00:00; Low <=7,505; lower buffer 7,506-19,756; Middle 19,757-243,792; upper buffer 243,793-1,223,809; High >=1,223,810 views.","Use view_count or popularity_log10_view_count for comparisons across users, weeks, and the original playlist. Do not use the within-Discover-Mix rank or percentile for cross-playlist comparisons because those are recalculated separately inside every 30-song mix.",Popularity is for the exact recommended video ID. Report or control video_type because this item is MUSIC_VIDEO_TYPE_OMV; ATV denotes an Art Track and OMV an official music video.
2026-08-17T11:26:13+00:00,user_01,aysima MCT,Discover Mix,RDTMAK5uy_n_5IN6hzAOwdCnM8D8rzrs3vDl12UcZpA,https://music.youtube.com/playlist?list=RDTMAK5uy_n_5IN6hzAOwdCnM8D8rzrs3vDl12UcZpA,,,,49798,"Discover great music, picked just for you. Always updating.",26,W3q8Od5qJio,https://music.youtube.com/watch?v=W3q8Od5qJio,https://www.youtube.com/watch?v=W3q8Od5qJio,Rammstein - Du Hast (Official 4K Video),Rammstein,UCs6GGpd9zvsYghuYe0VDFUQ,"[{""id"": ""UCs6GGpd9zvsYghuYe0VDFUQ"", ""name"": ""Rammstein"", ""subscribers_display"": ""9.33M"", ""subscribers_approx"": 9330000, ""channel_views"": 8094422541, ""description"": ""Over the course of three decades, Rammstein have shaped heavy music with their unique blend of industrial sound, provocative aesthetics, and spectacular live shows. \n\nFormed in Berlin in 1994, the line-up has remained unchanged: Till Lindemann, Richard Z. Kruspe, Paul Landers, Oliver Riedel, Christoph Schneider, and Flake Lorenz. \n\nTheir debut “Herzeleid\"" (1995) laid the foundation for an international career that brought worldwide hits like “Du Hast”, “Sonne”, and “Mein Teil.” \n\nEight studio albums, including two German No.1 singles (“Pussy”, “Deutschland\"") and their most recent release “Zeit\"" (2022), have earned them multiple gold and platinum awards worldwide as well as Grammy nominations. \n\nKnown for uncompromising creativity, iconic videos, and incendiary stage productions, Rammstein continue to defy convention and sell out stadiums across the globe – writing one of the most influential and unique chapters in rock history."", ""song_shelf_count"": 5, ""album_shelf_count"": 10, ""single_shelf_count"": 10, ""video_shelf_count"": 10, ""lookup_error"": """"}]",UCs6GGpd9zvsYghuYe0VDFUQ,Rammstein,9.33M,9330000,8094422541,"Over the course of three decades, Rammstein have shaped heavy music with their unique blend of industrial sound, provocative aesthetics, and spectacular live shows. 

Formed in Berlin in 1994, the line-up has remained unchanged: Till Lindemann, Richard Z. Kruspe, Paul Landers, Oliver Riedel, Christoph Schneider, and Flake Lorenz. 

Their debut “Herzeleid"" (1995) laid the foundation for an international career that brought worldwide hits like “Du Hast”, “Sonne”, and “Mein Teil.” 

Eight studio albums, including two German No.1 singles (“Pussy”, “Deutschland"") and their most recent release “Zeit"" (2022), have earned them multiple gold and platinum awards worldwide as well as Grammy nominations. 

Known for uncompromising creativity, iconic videos, and incendiary stage productions, Rammstein continue to defy convention and sell out stadiums across the globe – writing one of the most influential and unique chapters in rock history.",5,10,10,10,,,,,,,,,,,3:56,236,MUSIC_VIDEO_TYPE_OMV,717550768,,ytmusicapi player response videoDetails.viewCount,,,Not exposed by this YouTube Music endpoint; official YouTube Data API credentials are required.,Entertainment,2015-07-31T07:37:12-07:00,2015-07-31T07:37:12-07:00,Rammstein Official,UCYp3rk70ACGXQ4gFAiMr1SQ,http://www.youtube.com/@RammsteinOfficial,249,AD;AE;AF;AG;AI;AL;AM;AO;AQ;AR;AS;AT;AU;AW;AX;AZ;BA;BB;BD;BE;BF;BG;BH;BI;BJ;BL;BM;BN;BO;BQ;BR;BS;BT;BV;BW;BY;BZ;CA;CC;CD;CF;CG;CH;CI;CK;CL;CM;CN;CO;CR;CU;CV;CW;CX;CY;CZ;DE;DJ;DK;DM;DO;DZ;EC;EE;EG;EH;ER;ES;ET;FI;FJ;FK;FM;FO;FR;GA;GB;GD;GE;GF;GG;GH;GI;GL;GM;GN;GP;GQ;GR;GS;GT;GU;GW;GY;HK;HM;HN;HR;HT;HU;ID;IE;IL;IM;IN;IO;IQ;IR;IS;IT;JE;JM;JO;JP;KE;KG;KH;KI;KM;KN;KP;KR;KW;KY;KZ;LA;LB;LC;LI;LK;LR;LS;LT;LU;LV;LY;MA;MC;MD;ME;MF;MG;MH;MK;ML;MM;MN;MO;MP;MQ;MR;MS;MT;MU;MV;MW;MX;MY;MZ;NA;NC;NE;NF;NG;NI;NL;NO;NP;NR;NU;NZ;OM;PA;PE;PF;PG;PH;PK;PL;PM;PN;PR;PS;PT;PW;PY;QA;RE;RO;RS;RU;RW;SA;SB;SC;SD;SE;SG;SH;SI;SJ;SK;SL;SM;SN;SO;SR;SS;ST;SV;SX;SY;SZ;TC;TD;TF;TG;TH;TJ;TK;TL;TM;TN;TO;TR;TT;TV;TW;TZ;UA;UG;UM;US;UY;UZ;VA;VC;VE;VG;VI;VN;VU;WF;WS;YE;YT;ZA;ZM;ZW,"Distribution availability, not artist nationality or audience geography.",Rammstein; Rammstein Official; Official; Official Video; Rammstein Musik; Rammstein Official Video; Rammstein.Official; Rammstein Channel; Heavy; Metal; Germany; Rammstein Video; Du Hast; Rammstein Du Hast; Du Hast Video; Rammstein Du Hast Video; Rammstein Du Hast Official; Neue Deutsche Härte (Musical Genre); Rammstein (Musical Group); Music Video (TV Genre); Rammstein (Composition); Music (TV Genre); Раммштайн; духаст; сонне; енгел; деутсчланд; сехнсучт,https://music.youtube.com/watch?v=W3q8Od5qJio,True,False,False,True,False,False,True,True,False,,OK,True,INDIFFERENT,False,https://i.ytimg.com/vi/W3q8Od5qJio/maxresdefault.jpg,"[{""url"": ""https://i.ytimg.com/vi/W3q8Od5qJio/hqdefault.jpg?sqp=-oaymwEWCJADEOEBIAQqCggAEOADGC0guwJIWg&rs=AMzJL3klD-8DNg7aNkuO0ge7Gd8hylEHIw"", ""width"": 400, ""height"": 225}]",,,missing album browse id,YouTube Music internal web API via ytmusicapi; personalized playlist fetched with named auth profile.,4.0,88.333333,8.855852634,cumulative views of the exact recommended YouTube video,717550768,8.855852634,High,High,"Frozen 83-song candidate pool captured 2026-06-29T19:44:09+00:00; Low <=7,505; lower buffer 7,506-19,756; Middle 19,757-243,792; upper buffer 243,793-1,223,809; High >=1,223,810 views.","Use view_count or popularity_log10_view_count for comparisons across users, weeks, and the original playlist. Do not use the within-Discover-Mix rank or percentile for cross-playlist comparisons because those are recalculated separately inside every 30-song mix.",Popularity is for the exact recommended video ID. Report or control video_type because this item is MUSIC_VIDEO_TYPE_OMV; ATV denotes an Art Track and OMV an official music video.
2026-08-17T11:26:13+00:00,user_01,aysima MCT,Discover Mix,RDTMAK5uy_n_5IN6hzAOwdCnM8D8rzrs3vDl12UcZpA,https://music.youtube.com/playlist?list=RDTMAK5uy_n_5IN6hzAOwdCnM8D8rzrs3vDl12UcZpA,,,,49798,"Discover great music, picked just for you. Always updating.",27,IzAmAN87nzY,https://music.youtube.com/watch?v=IzAmAN87nzY,https://www.youtube.com/watch?v=IzAmAN87nzY,Blood of Heroes,Tyr,UCcsoYke5q0w-OMEakJsLbAQ,"[{""id"": ""UCcsoYke5q0w-OMEakJsLbAQ"", ""name"": ""Tyr"", ""subscribers_display"": ""45.4K"", ""subscribers_approx"": 45400, ""channel_views"": 19019444, ""description"": ""Rooted in the epic past\nweaving powerful melodic inspiration\nfor the modern Viking spirit"", ""song_shelf_count"": 5, ""album_shelf_count"": 8, ""single_shelf_count"": 9, ""video_shelf_count"": 10, ""lookup_error"": """"}]",UCcsoYke5q0w-OMEakJsLbAQ,Tyr,45.4K,45400,19019444,"Rooted in the epic past
weaving powerful melodic inspiration
for the modern Viking spirit",5,8,9,10,,,,,,,,,,,3:42,222,MUSIC_VIDEO_TYPE_OMV,1037973,,ytmusicapi player response videoDetails.viewCount,,,Not exposed by this YouTube Music endpoint; official YouTube Data API credentials are required.,Music,2013-09-11T09:07:03-07:00,2013-09-11T09:07:03-07:00,Metal Blade Records,UCSldglor1t-5E-Gy2eBdMrA,http://www.youtube.com/@metalbladerecords,249,AD;AE;AF;AG;AI;AL;AM;AO;AQ;AR;AS;AT;AU;AW;AX;AZ;BA;BB;BD;BE;BF;BG;BH;BI;BJ;BL;BM;BN;BO;BQ;BR;BS;BT;BV;BW;BY;BZ;CA;CC;CD;CF;CG;CH;CI;CK;CL;CM;CN;CO;CR;CU;CV;CW;CX;CY;CZ;DE;DJ;DK;DM;DO;DZ;EC;EE;EG;EH;ER;ES;ET;FI;FJ;FK;FM;FO;FR;GA;GB;GD;GE;GF;GG;GH;GI;GL;GM;GN;GP;GQ;GR;GS;GT;GU;GW;GY;HK;HM;HN;HR;HT;HU;ID;IE;IL;IM;IN;IO;IQ;IR;IS;IT;JE;JM;JO;JP;KE;KG;KH;KI;KM;KN;KP;KR;KW;KY;KZ;LA;LB;LC;LI;LK;LR;LS;LT;LU;LV;LY;MA;MC;MD;ME;MF;MG;MH;MK;ML;MM;MN;MO;MP;MQ;MR;MS;MT;MU;MV;MW;MX;MY;MZ;NA;NC;NE;NF;NG;NI;NL;NO;NP;NR;NU;NZ;OM;PA;PE;PF;PG;PH;PK;PL;PM;PN;PR;PS;PT;PW;PY;QA;RE;RO;RS;RU;RW;SA;SB;SC;SD;SE;SG;SH;SI;SJ;SK;SL;SM;SN;SO;SR;SS;ST;SV;SX;SY;SZ;TC;TD;TF;TG;TH;TJ;TK;TL;TM;TN;TO;TR;TT;TV;TW;TZ;UA;UG;UM;US;UY;UZ;VA;VC;VE;VG;VI;VN;VU;WF;WS;YE;YT;ZA;ZM;ZW,"Distribution availability, not artist nationality or audience geography.",metal; blade; official; Týr (Musical Group); valkyrja; blood of heroes; Faroe Islands (Country); live video; Heri Joensen (Musical Artist); Terji Skibenæs; Gunnar Thomsen; live; Summarfestivalurin; Klaksvik; tyr,https://music.youtube.com/watch?v=IzAmAN87nzY,True,False,False,True,False,False,True,True,False,,OK,True,INDIFFERENT,False,https://i.ytimg.com/vi/IzAmAN87nzY/maxresdefault.jpg?sqp=-oaymwEmCIAKENAF8quKqQMa8AEB-AH-CYAC0AWKAgwIABABGBogHCh_MA8=&rs=AOn4CLB8Kvqqatl6NUMDlylGhg7rZIdMEw,"[{""url"": ""https://i.ytimg.com/vi/IzAmAN87nzY/hqdefault.jpg?sqp=-oaymwEWCJADEOEBIAQqCggAEOADGC0guwJIWg&rs=AMzJL3ky_5_quJAYHrMjfqSPeHzXrSAluw"", ""width"": 400, ""height"": 225}]",,,missing album browse id,YouTube Music internal web API via ytmusicapi; personalized playlist fetched with named auth profile.,19.0,38.333333,6.016186057,cumulative views of the exact recommended YouTube video,1037973,6.016186057,Upper buffer,Buffer,"Frozen 83-song candidate pool captured 2026-06-29T19:44:09+00:00; Low <=7,505; lower buffer 7,506-19,756; Middle 19,757-243,792; upper buffer 243,793-1,223,809; High >=1,223,810 views.","Use view_count or popularity_log10_view_count for comparisons across users, weeks, and the original playlist. Do not use the within-Discover-Mix rank or percentile for cross-playlist comparisons because those are recalculated separately inside every 30-song mix.",Popularity is for the exact recommended video ID. Report or control video_type because this item is MUSIC_VIDEO_TYPE_OMV; ATV denotes an Art Track and OMV an official music video.
2026-08-17T11:26:13+00:00,user_01,aysima MCT,Discover Mix,RDTMAK5uy_n_5IN6hzAOwdCnM8D8rzrs3vDl12UcZpA,https://music.youtube.com/playlist?list=RDTMAK5uy_n_5IN6hzAOwdCnM8D8rzrs3vDl12UcZpA,,,,49798,"Discover great music, picked just for you. Always updating.",28,XZ6elD4JxD8,https://music.youtube.com/watch?v=XZ6elD4JxD8,https://www.youtube.com/watch?v=XZ6elD4JxD8,Steel Lord on Wheels,Hibria,UCC0uuIX4jXJBdHuBXxWTl_Q,"[{""id"": ""UCC0uuIX4jXJBdHuBXxWTl_Q"", ""name"": ""Hibria"", ""subscribers_display"": ""3.59K"", ""subscribers_approx"": 3590, ""channel_views"": 1561999, ""description"": ""Hibria is a Brazilian power metal band, known for their technicality and speed. The band cites influences from traditional metal bands such as Iron Maiden and Judas Priest, thrash bands such as Metallica and Megadeth, and progressive bands such as Dream Theater.\nHibria toured across Europe in 1999, in the \""Against the Faceless\"" demo tour, playing 29 concerts through Belgium, Germany, Netherlands, Czech Republic, and Poland. The band was on the roster to perform at ProgPower USA XVI in September 2015, which would have been their first time performing in the United States. However, they were not allowed into the country and did not get to perform. In December 2017, it was announced that Iuri Sanson, Eduardo Baldo, Renato Osorio, and Ivan Beck would be leaving the band. One more release titled Moving Ground, featuring this lineup, was released in February 2018 in Japan.\n\nFrom Wikipedia ("", ""song_shelf_count"": 5, ""album_shelf_count"": 9, ""single_shelf_count"": 4, ""video_shelf_count"": 10, ""lookup_error"": """"}]",UCC0uuIX4jXJBdHuBXxWTl_Q,Hibria,3.59K,3590,1561999,"Hibria is a Brazilian power metal band, known for their technicality and speed. The band cites influences from traditional metal bands such as Iron Maiden and Judas Priest, thrash bands such as Metallica and Megadeth, and progressive bands such as Dream Theater.
Hibria toured across Europe in 1999, in the ""Against the Faceless"" demo tour, playing 29 concerts through Belgium, Germany, Netherlands, Czech Republic, and Poland. The band was on the roster to perform at ProgPower USA XVI in September 2015, which would have been their first time performing in the United States. However, they were not allowed into the country and did not get to perform. In December 2017, it was announced that Iuri Sanson, Eduardo Baldo, Renato Osorio, and Ivan Beck would be leaving the band. One more release titled Moving Ground, featuring this lineup, was released in February 2018 in Japan.

From Wikipedia (",5,9,4,10,MPREb_wJBchnRmCBz,Defying the Rules,Album,2004,10,52 minutes,3131,OLAK5uy_leAUNiFlRTgu2cOqOnA-wCQ3lf091Xjes,Hibria,"Defying the Rules is Hibria's first album, released in 2004. It tells the story of a dystopian future, ruled over by the 'Faceless in Charge' and group of rebels, such as the 'Steel Lord' battling against his forces for a free world.

From Wikipedia (",3:55,235,MUSIC_VIDEO_TYPE_ATV,228252,,ytmusicapi player response videoDetails.viewCount,,,Not exposed by this YouTube Music endpoint; official YouTube Data API credentials are required.,Music,2015-01-13T01:29:35-08:00,2015-01-13T01:29:35-08:00,Hibria - Topic,UCC0uuIX4jXJBdHuBXxWTl_Q,http://www.youtube.com/channel/UCC0uuIX4jXJBdHuBXxWTl_Q,249,AD;AE;AF;AG;AI;AL;AM;AO;AQ;AR;AS;AT;AU;AW;AX;AZ;BA;BB;BD;BE;BF;BG;BH;BI;BJ;BL;BM;BN;BO;BQ;BR;BS;BT;BV;BW;BY;BZ;CA;CC;CD;CF;CG;CH;CI;CK;CL;CM;CN;CO;CR;CU;CV;CW;CX;CY;CZ;DE;DJ;DK;DM;DO;DZ;EC;EE;EG;EH;ER;ES;ET;FI;FJ;FK;FM;FO;FR;GA;GB;GD;GE;GF;GG;GH;GI;GL;GM;GN;GP;GQ;GR;GS;GT;GU;GW;GY;HK;HM;HN;HR;HT;HU;ID;IE;IL;IM;IN;IO;IQ;IR;IS;IT;JE;JM;JO;JP;KE;KG;KH;KI;KM;KN;KP;KR;KW;KY;KZ;LA;LB;LC;LI;LK;LR;LS;LT;LU;LV;LY;MA;MC;MD;ME;MF;MG;MH;MK;ML;MM;MN;MO;MP;MQ;MR;MS;MT;MU;MV;MW;MX;MY;MZ;NA;NC;NE;NF;NG;NI;NL;NO;NP;NR;NU;NZ;OM;PA;PE;PF;PG;PH;PK;PL;PM;PN;PR;PS;PT;PW;PY;QA;RE;RO;RS;RU;RW;SA;SB;SC;SD;SE;SG;SH;SI;SJ;SK;SL;SM;SN;SO;SR;SS;ST;SV;SX;SY;SZ;TC;TD;TF;TG;TH;TJ;TK;TL;TM;TN;TO;TR;TT;TV;TW;TZ;UA;UG;UM;US;UY;UZ;VA;VC;VE;VG;VI;VN;VU;WF;WS;YE;YT;ZA;ZM;ZW,"Distribution availability, not artist nationality or audience geography.",Hibria; Defying the Rules; Steel Lord on Wheels,https://music.youtube.com/watch?v=XZ6elD4JxD8,True,False,False,True,False,False,True,True,False,False,OK,True,INDIFFERENT,False,https://i.ytimg.com/vi/XZ6elD4JxD8/maxresdefault.jpg,"[{""url"": ""https://yt3.googleusercontent.com/99LYVUAtkdV1TaSQg3Qj1zbbh3iJPy4fA_kFLHsZPr0SrP00rqD5Ih81zms9gK3OYnYVbs4HV70hpHPZ=w60-h60-l90-rj"", ""width"": 60, ""height"": 60}, {""url"": ""https://yt3.googleusercontent.com/99LYVUAtkdV1TaSQg3Qj1zbbh3iJPy4fA_kFLHsZPr0SrP00rqD5Ih81zms9gK3OYnYVbs4HV70hpHPZ=w120-h120-l90-rj"", ""width"": 120, ""height"": 120}]",,,,YouTube Music internal web API via ytmusicapi; personalized playlist fetched with named auth profile.,27.0,11.666667,5.358414592,cumulative views of the exact recommended YouTube video,228252,5.358414592,Middle,Middle,"Frozen 83-song candidate pool captured 2026-06-29T19:44:09+00:00; Low <=7,505; lower buffer 7,506-19,756; Middle 19,757-243,792; upper buffer 243,793-1,223,809; High >=1,223,810 views.","Use view_count or popularity_log10_view_count for comparisons across users, weeks, and the original playlist. Do not use the within-Discover-Mix rank or percentile for cross-playlist comparisons because those are recalculated separately inside every 30-song mix.",Popularity is for the exact recommended video ID. Report or control video_type because this item is MUSIC_VIDEO_TYPE_ATV; ATV denotes an Art Track and OMV an official music video.
2026-08-17T11:26:13+00:00,user_01,aysima MCT,Discover Mix,RDTMAK5uy_n_5IN6hzAOwdCnM8D8rzrs3vDl12UcZpA,https://music.youtube.com/playlist?list=RDTMAK5uy_n_5IN6hzAOwdCnM8D8rzrs3vDl12UcZpA,,,,49798,"Discover great music, picked just for you. Always updating.",29,v2AC41dglnM,https://music.youtube.com/watch?v=v2AC41dglnM,https://www.youtube.com/watch?v=v2AC41dglnM,Thunderstruck,AC/DC,UCVm4YdI3hobkwsHTTOMVJKg,"[{""id"": ""UCVm4YdI3hobkwsHTTOMVJKg"", ""name"": ""AC/DC"", ""subscribers_display"": ""11.7M"", ""subscribers_approx"": 11700000, ""channel_views"": 12173775595, ""description"": ""AC/DC are an Australian rock band formed in Sydney in 1973. Their music has been variously described as hard rock, blues rock and heavy metal, although the band calls it simply \""rock and roll\"". They are cited as a formative influence on the new wave of British heavy metal bands, such as Def Leppard and Saxon, and were among \""the second generation of rising stars ready to step into the breach as the old guard waned\"", according to critics.\nAC/DC were founded by brothers Angus and Malcolm Young, with Colin Burgess, Larry Van Kriedt and Dave Evans. They underwent several line-up changes before releasing their Australasian-only debut album, High Voltage. Membership stabilised after the release of Let There Be Rock, with the Young brothers, Phil Rudd on drums, Cliff Williams on bass guitar and Bon Scott on lead vocals. Seven months after the release of Highway to Hell, Scott died of alcohol poisoning and English singer Brian Johnson was then recruited as their new frontman. With Johnson in the line-up, the band recorded one of the best-selling albums of all time, Back in Black. Rudd was fired midway through the Flick of the Switch recording sessions in 1983.\n\nFrom Wikipedia ("", ""song_shelf_count"": 5, ""album_shelf_count"": 10, ""single_shelf_count"": 10, ""video_shelf_count"": 10, ""lookup_error"": """"}]",UCVm4YdI3hobkwsHTTOMVJKg,AC/DC,11.7M,11700000,12173775595,"AC/DC are an Australian rock band formed in Sydney in 1973. Their music has been variously described as hard rock, blues rock and heavy metal, although the band calls it simply ""rock and roll"". They are cited as a formative influence on the new wave of British heavy metal bands, such as Def Leppard and Saxon, and were among ""the second generation of rising stars ready to step into the breach as the old guard waned"", according to critics.
AC/DC were founded by brothers Angus and Malcolm Young, with Colin Burgess, Larry Van Kriedt and Dave Evans. They underwent several line-up changes before releasing their Australasian-only debut album, High Voltage. Membership stabilised after the release of Let There Be Rock, with the Young brothers, Phil Rudd on drums, Cliff Williams on bass guitar and Bon Scott on lead vocals. Seven months after the release of Highway to Hell, Scott died of alcohol poisoning and English singer Brian Johnson was then recruited as their new frontman. With Johnson in the line-up, the band recorded one of the best-selling albums of all time, Back in Black. Rudd was fired midway through the Flick of the Switch recording sessions in 1983.

From Wikipedia (",5,10,10,10,,,,,,,,,,,4:53,293,MUSIC_VIDEO_TYPE_OMV,1761450613,,ytmusicapi player response videoDetails.viewCount,,,Not exposed by this YouTube Music endpoint; official YouTube Data API credentials are required.,Music,2012-11-07T07:15:10-08:00,2012-11-07T07:15:10-08:00,acdcVEVO,UCmPuJ2BltKsGE2966jLgCnw,http://www.youtube.com/@acdcVEVO,249,AD;AE;AF;AG;AI;AL;AM;AO;AQ;AR;AS;AT;AU;AW;AX;AZ;BA;BB;BD;BE;BF;BG;BH;BI;BJ;BL;BM;BN;BO;BQ;BR;BS;BT;BV;BW;BY;BZ;CA;CC;CD;CF;CG;CH;CI;CK;CL;CM;CN;CO;CR;CU;CV;CW;CX;CY;CZ;DE;DJ;DK;DM;DO;DZ;EC;EE;EG;EH;ER;ES;ET;FI;FJ;FK;FM;FO;FR;GA;GB;GD;GE;GF;GG;GH;GI;GL;GM;GN;GP;GQ;GR;GS;GT;GU;GW;GY;HK;HM;HN;HR;HT;HU;ID;IE;IL;IM;IN;IO;IQ;IR;IS;IT;JE;JM;JO;JP;KE;KG;KH;KI;KM;KN;KP;KR;KW;KY;KZ;LA;LB;LC;LI;LK;LR;LS;LT;LU;LV;LY;MA;MC;MD;ME;MF;MG;MH;MK;ML;MM;MN;MO;MP;MQ;MR;MS;MT;MU;MV;MW;MX;MY;MZ;NA;NC;NE;NF;NG;NI;NL;NO;NP;NR;NU;NZ;OM;PA;PE;PF;PG;PH;PK;PL;PM;PN;PR;PS;PT;PW;PY;QA;RE;RO;RS;RU;RW;SA;SB;SC;SD;SE;SG;SH;SI;SJ;SK;SL;SM;SN;SO;SR;SS;ST;SV;SX;SY;SZ;TC;TD;TF;TG;TH;TJ;TK;TL;TM;TN;TO;TR;TT;TV;TW;TZ;UA;UG;UM;US;UY;UZ;VA;VC;VE;VG;VI;VN;VU;WF;WS;YE;YT;ZA;ZM;ZW,"Distribution availability, not artist nationality or audience geography.",thunderstruck; ac dc; acdc; ac dc thunderstruck; acdc the thunderstruck; ac dc thunderstruck official video; acdc thunderstruck; acdc thunder; ac/dc; thunder; acdc thunderstrucks; ac dc the thunderstruck; ac/dc thunderstruck; thunderstruck ac dc; ac dc thunder; thunder ac dc; metallica; acdc thunderstruck official video; thunderstruck acdc; ac dc thunderstruck official video lyrics; 4th of July songs; American songs; new years eve; NYE; nye 2021; new years eve 2021,https://music.youtube.com/watch?v=v2AC41dglnM,True,False,False,True,False,False,True,True,False,,OK,True,INDIFFERENT,False,https://i.ytimg.com/vi/v2AC41dglnM/maxresdefault.jpg,"[{""url"": ""https://i.ytimg.com/vi/v2AC41dglnM/hqdefault.jpg?sqp=-oaymwEWCJADEOEBIAQqCggAEOADGC0guwJIWg&rs=AMzJL3kus8hdlxUwAUd5velvYNT_K0sepA"", ""width"": 400, ""height"": 225}]",,,missing album browse id,YouTube Music internal web API via ytmusicapi; personalized playlist fetched with named auth profile.,1.0,98.333333,9.245870471,cumulative views of the exact recommended YouTube video,1761450613,9.245870471,High,High,"Frozen 83-song candidate pool captured 2026-06-29T19:44:09+00:00; Low <=7,505; lower buffer 7,506-19,756; Middle 19,757-243,792; upper buffer 243,793-1,223,809; High >=1,223,810 views.","Use view_count or popularity_log10_view_count for comparisons across users, weeks, and the original playlist. Do not use the within-Discover-Mix rank or percentile for cross-playlist comparisons because those are recalculated separately inside every 30-song mix.",Popularity is for the exact recommended video ID. Report or control video_type because this item is MUSIC_VIDEO_TYPE_OMV; ATV denotes an Art Track and OMV an official music video.
2026-08-17T11:26:13+00:00,user_01,aysima MCT,Discover Mix,RDTMAK5uy_n_5IN6hzAOwdCnM8D8rzrs3vDl12UcZpA,https://music.youtube.com/playlist?list=RDTMAK5uy_n_5IN6hzAOwdCnM8D8rzrs3vDl12UcZpA,,,,49798,"Discover great music, picked just for you. Always updating.",30,VX0yo8nqx28,https://music.youtube.com/watch?v=VX0yo8nqx28,https://www.youtube.com/watch?v=VX0yo8nqx28,Heart Of Mankind,Galderia,UCDmEHvhDICtSOuHiOQ94LRQ,"[{""id"": ""UCDmEHvhDICtSOuHiOQ94LRQ"", ""name"": ""Galderia"", ""subscribers_display"": ""3.19K"", ""subscribers_approx"": 3190, ""channel_views"": null, ""description"": null, ""song_shelf_count"": 5, ""album_shelf_count"": 6, ""single_shelf_count"": 4, ""video_shelf_count"": 5, ""lookup_error"": """"}]",UCDmEHvhDICtSOuHiOQ94LRQ,Galderia,3.19K,3190,,,5,6,4,5,MPREb_sBDe7dIyAFe,Endless Horizon,Album,2022,10,44 minutes,2668,OLAK5uy_lW86Ia5JfGLo6C1BjfMQply139q_le6_o,Galderia,,4:02,242,MUSIC_VIDEO_TYPE_ATV,49458,,ytmusicapi player response videoDetails.viewCount,,,Not exposed by this YouTube Music endpoint; official YouTube Data API credentials are required.,Music,2022-11-10T02:02:47-08:00,2022-11-10T02:02:47-08:00,Galderia - Topic,UCDmEHvhDICtSOuHiOQ94LRQ,http://www.youtube.com/channel/UCDmEHvhDICtSOuHiOQ94LRQ,249,AD;AE;AF;AG;AI;AL;AM;AO;AQ;AR;AS;AT;AU;AW;AX;AZ;BA;BB;BD;BE;BF;BG;BH;BI;BJ;BL;BM;BN;BO;BQ;BR;BS;BT;BV;BW;BY;BZ;CA;CC;CD;CF;CG;CH;CI;CK;CL;CM;CN;CO;CR;CU;CV;CW;CX;CY;CZ;DE;DJ;DK;DM;DO;DZ;EC;EE;EG;EH;ER;ES;ET;FI;FJ;FK;FM;FO;FR;GA;GB;GD;GE;GF;GG;GH;GI;GL;GM;GN;GP;GQ;GR;GS;GT;GU;GW;GY;HK;HM;HN;HR;HT;HU;ID;IE;IL;IM;IN;IO;IQ;IR;IS;IT;JE;JM;JO;JP;KE;KG;KH;KI;KM;KN;KP;KR;KW;KY;KZ;LA;LB;LC;LI;LK;LR;LS;LT;LU;LV;LY;MA;MC;MD;ME;MF;MG;MH;MK;ML;MM;MN;MO;MP;MQ;MR;MS;MT;MU;MV;MW;MX;MY;MZ;NA;NC;NE;NF;NG;NI;NL;NO;NP;NR;NU;NZ;OM;PA;PE;PF;PG;PH;PK;PL;PM;PN;PR;PS;PT;PW;PY;QA;RE;RO;RS;RU;RW;SA;SB;SC;SD;SE;SG;SH;SI;SJ;SK;SL;SM;SN;SO;SR;SS;ST;SV;SX;SY;SZ;TC;TD;TF;TG;TH;TJ;TK;TL;TM;TN;TO;TR;TT;TV;TW;TZ;UA;UG;UM;US;UY;UZ;VA;VC;VE;VG;VI;VN;VU;WF;WS;YE;YT;ZA;ZM;ZW,"Distribution availability, not artist nationality or audience geography.",Galderia; Endless Horizon; Heart Of Mankind,https://music.youtube.com/watch?v=VX0yo8nqx28,True,False,False,True,False,False,True,True,False,False,OK,True,INDIFFERENT,False,https://i.ytimg.com/vi/VX0yo8nqx28/maxresdefault.jpg,"[{""url"": ""https://yt3.googleusercontent.com/w3jz940kGUcfJRRQTM6EOrzyPMGk2_11mxw39NcRRjYL_SfIWPheaUtsENVVOtqzglGoelyOaCYEee4d6w=w60-h60-l90-rj"", ""width"": 60, ""height"": 60}, {""url"": ""https://yt3.googleusercontent.com/w3jz940kGUcfJRRQTM6EOrzyPMGk2_11mxw39NcRRjYL_SfIWPheaUtsENVVOtqzglGoelyOaCYEee4d6w=w120-h120-l90-rj"", ""width"": 120, ""height"": 120}]",,,,YouTube Music internal web API via ytmusicapi; personalized playlist fetched with named auth profile.,30.0,1.666667,4.69423655,cumulative views of the exact recommended YouTube video,49458,4.69423655,Middle,Middle,"Frozen 83-song candidate pool captured 2026-06-29T19:44:09+00:00; Low <=7,505; lower buffer 7,506-19,756; Middle 19,757-243,792; upper buffer 243,793-1,223,809; High >=1,223,810 views.","Use view_count or popularity_log10_view_count for comparisons across users, weeks, and the original playlist. Do not use the within-Discover-Mix rank or percentile for cross-playlist comparisons because those are recalculated separately inside every 30-song mix.",Popularity is for the exact recommended video ID. Report or control video_type because this item is MUSIC_VIDEO_TYPE_ATV; ATV denotes an Art Track and OMV an official music video.
