snapshot_label,captured_at_utc,platform,source_account_display_name,source_account_id,requested_playlist_name,playlist_name,playlist_id,playlist_uri,playlist_url,playlist_description,playlist_owner_id,playlist_owner_display_name,playlist_public,playlist_collaborative,playlist_followers_total,playlist_snapshot_id,playlist_total_tracks,playlist_position,playlist_added_at,playlist_added_by_id,popularity_metric,popularity_metric_value,popularity_metric_display,popularity_metric_source,popularity_metric_is_approx,popularity_metric_fetch_error,spotify_track_id,spotify_uri,spotify_url,track_name,track_type,track_number,disc_number,duration_ms,duration_seconds,explicit,is_local,is_playable,preview_url,track_href,track_api_href,track_api_popularity,track_lookup_error,isrc,ean,upc,album_id,album_uri,album_url,album_name,album_type,album_group,album_total_tracks,album_release_date,album_release_date_precision,album_label,album_copyrights,album_genres,album_image_url,album_lookup_error,primary_artist_id,primary_artist_name,primary_artist_uri,primary_artist_url,primary_artist_genres,primary_artist_spotify_api_popularity,primary_artist_followers_total,primary_artist_monthly_listeners,primary_artist_monthly_listeners_display,primary_artist_monthly_listeners_is_approx,primary_artist_monthly_listeners_source,primary_artist_monthly_listeners_fetch_error,primary_artist_image_url,primary_artist_lookup_error,artist_ids,artist_names,artist_urls,artist_monthly_listeners_json,artists_json,available_markets_count,available_markets,external_urls_json,restrictions_json
week5_17august,2026-08-17T07:40:10+00:00,Spotify,Aysima Karçaaltıncaba,aaaaysimaaaa,Week5_User1,Week5_User1,3o7tWaKCEQrxZKgjTeCTlY,spotify:playlist:3o7tWaKCEQrxZKgjTeCTlY,https://open.spotify.com/playlist/3o7tWaKCEQrxZKgjTeCTlY,,aaaaysimaaaa,Aysima Karçaaltıncaba,True,False,0,AAAAA7woI1LBGKeouasxqcGKJpYG89kw,,1,2026-08-17T07:24:52Z,aaaaysimaaaa,primary_artist_monthly_listeners,584122,"584,122",Spotify public artist page,false,,1cBsAUYsYZNaxHxNPZ87Z7,spotify:track:1cBsAUYsYZNaxHxNPZ87Z7,https://open.spotify.com/track/1cBsAUYsYZNaxHxNPZ87Z7,Reach out for the Light,track,2,1,392666,392.666,False,False,True,,https://api.spotify.com/v1/tracks/1cBsAUYsYZNaxHxNPZ87Z7,https://api.spotify.com/v1/tracks/1cBsAUYsYZNaxHxNPZ87Z7,,,DEZ900500540,,,2HA77HLuzBmzeJp0Hc4YFO,spotify:album:2HA77HLuzBmzeJp0Hc4YFO,https://open.spotify.com/album/2HA77HLuzBmzeJp0Hc4YFO,"The Metal Opera, Pt. I",album,,13,2001-01-22,day,,C: 2001 AFM Records; P: 2001 AFM Records,,https://i.scdn.co/image/ab67616d0000b273ad1a8e0311bbe50db73c3db8,,1Ih0fEQQsy9EeAJbYEeQRa,Avantasia,spotify:artist:1Ih0fEQQsy9EeAJbYEeQRa,https://open.spotify.com/artist/1Ih0fEQQsy9EeAJbYEeQRa,,,,584122,"584,122",false,Spotify public artist page,,https://i.scdn.co/image/ab6761610000e5eb28190c50d303fd27ed7c12ee,,1Ih0fEQQsy9EeAJbYEeQRa,Avantasia,https://open.spotify.com/artist/1Ih0fEQQsy9EeAJbYEeQRa,"[{""artist_id"": ""1Ih0fEQQsy9EeAJbYEeQRa"", ""artist_name"": ""Avantasia"", ""artist_url"": ""https://open.spotify.com/artist/1Ih0fEQQsy9EeAJbYEeQRa"", ""monthly_listeners"": ""584122"", ""monthly_listeners_display"": ""584,122"", ""is_approx"": ""false"", ""fetch_error"": """"}]","[{""artist_id"": ""1Ih0fEQQsy9EeAJbYEeQRa"", ""artist_name"": ""Avantasia"", ""artist_uri"": ""spotify:artist:1Ih0fEQQsy9EeAJbYEeQRa"", ""artist_url"": ""https://open.spotify.com/artist/1Ih0fEQQsy9EeAJbYEeQRa"", ""artist_type"": ""artist"", ""artist_genres"": """", ""artist_spotify_api_popularity"": """", ""artist_followers_total"": """", ""artist_image_url"": ""https://i.scdn.co/image/ab6761610000e5eb28190c50d303fd27ed7c12ee"", ""artist_lookup_error"": """", ""artist_monthly_listeners"": ""584122"", ""artist_monthly_listeners_display"": ""584,122"", ""artist_monthly_listeners_is_approx"": ""false"", ""artist_monthly_listeners_source"": ""Spotify public artist page"", ""artist_monthly_listeners_fetch_error"": """"}]",0,,"{""spotify"": ""https://open.spotify.com/track/1cBsAUYsYZNaxHxNPZ87Z7""}",{}
week5_17august,2026-08-17T07:40:10+00:00,Spotify,Aysima Karçaaltıncaba,aaaaysimaaaa,Week5_User1,Week5_User1,3o7tWaKCEQrxZKgjTeCTlY,spotify:playlist:3o7tWaKCEQrxZKgjTeCTlY,https://open.spotify.com/playlist/3o7tWaKCEQrxZKgjTeCTlY,,aaaaysimaaaa,Aysima Karçaaltıncaba,True,False,0,AAAAA7woI1LBGKeouasxqcGKJpYG89kw,,2,2026-08-17T07:24:52Z,aaaaysimaaaa,primary_artist_monthly_listeners,37150,"37,150",Spotify public artist page,false,,1udfV76sZrwghgMHIC8xdF,spotify:track:1udfV76sZrwghgMHIC8xdF,https://open.spotify.com/track/1udfV76sZrwghgMHIC8xdF,Feeding the Beast,track,1,1,297708,297.708,False,False,True,,https://api.spotify.com/v1/tracks/1udfV76sZrwghgMHIC8xdF,https://api.spotify.com/v1/tracks/1udfV76sZrwghgMHIC8xdF,,,DEH842600388,,,5Jjs5valCzIu0Hy7pUsSGH,spotify:album:5Jjs5valCzIu0Hy7pUsSGH,https://open.spotify.com/album/5Jjs5valCzIu0Hy7pUsSGH,Feeding the Beast,single,,1,2026-06-17,day,,"C: 2026 earMUSIC, a label of Edel Music & Entertainment GmbH; P: 2026 earMUSIC, a label of Edel Music & Entertainment GmbH",,https://i.scdn.co/image/ab67616d0000b273e852f9acd59602626e9789ec,,1jpvVuIxURdWfijigYFTch,Kai Hansen,spotify:artist:1jpvVuIxURdWfijigYFTch,https://open.spotify.com/artist/1jpvVuIxURdWfijigYFTch,,,,37150,"37,150",false,Spotify public artist page,,https://i.scdn.co/image/ab6761610000e5ebd421ebf80ef0353ee1c52b14,,1jpvVuIxURdWfijigYFTch; 6LZE884lDIsCSLHuTplfGp,Kai Hansen; Gamma Ray,https://open.spotify.com/artist/1jpvVuIxURdWfijigYFTch; https://open.spotify.com/artist/6LZE884lDIsCSLHuTplfGp,"[{""artist_id"": ""1jpvVuIxURdWfijigYFTch"", ""artist_name"": ""Kai Hansen"", ""artist_url"": ""https://open.spotify.com/artist/1jpvVuIxURdWfijigYFTch"", ""monthly_listeners"": ""37150"", ""monthly_listeners_display"": ""37,150"", ""is_approx"": ""false"", ""fetch_error"": """"}, {""artist_id"": ""6LZE884lDIsCSLHuTplfGp"", ""artist_name"": ""Gamma Ray"", ""artist_url"": ""https://open.spotify.com/artist/6LZE884lDIsCSLHuTplfGp"", ""monthly_listeners"": ""179130"", ""monthly_listeners_display"": ""179,130"", ""is_approx"": ""false"", ""fetch_error"": """"}]","[{""artist_id"": ""1jpvVuIxURdWfijigYFTch"", ""artist_name"": ""Kai Hansen"", ""artist_uri"": ""spotify:artist:1jpvVuIxURdWfijigYFTch"", ""artist_url"": ""https://open.spotify.com/artist/1jpvVuIxURdWfijigYFTch"", ""artist_type"": ""artist"", ""artist_genres"": """", ""artist_spotify_api_popularity"": """", ""artist_followers_total"": """", ""artist_image_url"": ""https://i.scdn.co/image/ab6761610000e5ebd421ebf80ef0353ee1c52b14"", ""artist_lookup_error"": """", ""artist_monthly_listeners"": ""37150"", ""artist_monthly_listeners_display"": ""37,150"", ""artist_monthly_listeners_is_approx"": ""false"", ""artist_monthly_listeners_source"": ""Spotify public artist page"", ""artist_monthly_listeners_fetch_error"": """"}, {""artist_id"": ""6LZE884lDIsCSLHuTplfGp"", ""artist_name"": ""Gamma Ray"", ""artist_uri"": ""spotify:artist:6LZE884lDIsCSLHuTplfGp"", ""artist_url"": ""https://open.spotify.com/artist/6LZE884lDIsCSLHuTplfGp"", ""artist_type"": ""artist"", ""artist_genres"": """", ""artist_spotify_api_popularity"": """", ""artist_followers_total"": """", ""artist_image_url"": ""https://i.scdn.co/image/ab6772690000c46c1110b1a024312710e7c796c4"", ""artist_lookup_error"": """", ""artist_monthly_listeners"": ""179130"", ""artist_monthly_listeners_display"": ""179,130"", ""artist_monthly_listeners_is_approx"": ""false"", ""artist_monthly_listeners_source"": ""Spotify public artist page"", ""artist_monthly_listeners_fetch_error"": """"}]",0,,"{""spotify"": ""https://open.spotify.com/track/1udfV76sZrwghgMHIC8xdF""}",{}
week5_17august,2026-08-17T07:40:10+00:00,Spotify,Aysima Karçaaltıncaba,aaaaysimaaaa,Week5_User1,Week5_User1,3o7tWaKCEQrxZKgjTeCTlY,spotify:playlist:3o7tWaKCEQrxZKgjTeCTlY,https://open.spotify.com/playlist/3o7tWaKCEQrxZKgjTeCTlY,,aaaaysimaaaa,Aysima Karçaaltıncaba,True,False,0,AAAAA7woI1LBGKeouasxqcGKJpYG89kw,,3,2026-08-17T07:24:52Z,aaaaysimaaaa,primary_artist_monthly_listeners,172653,"172,653",Spotify public artist page,false,,1BaJ4KLFgnveSRGKBwRWve,spotify:track:1BaJ4KLFgnveSRGKBwRWve,https://open.spotify.com/track/1BaJ4KLFgnveSRGKBwRWve,Heroes,track,6,1,213573,213.573,False,False,True,,https://api.spotify.com/v1/tracks/1BaJ4KLFgnveSRGKBwRWve,https://api.spotify.com/v1/tracks/1BaJ4KLFgnveSRGKBwRWve,,,DET970200006,,,6FxqNK88NImuiMIpCrTZee,spotify:album:6FxqNK88NImuiMIpCrTZee,https://open.spotify.com/album/6FxqNK88NImuiMIpCrTZee,Masterplan,album,,11,2003-01-20,day,,C: 2003 AFM Records; P: 2003 AFM Records,,https://i.scdn.co/image/ab67616d0000b2737479397fc56803ba3511fd1c,,1OHNvr18TssBKYK0A75yvx,Masterplan,spotify:artist:1OHNvr18TssBKYK0A75yvx,https://open.spotify.com/artist/1OHNvr18TssBKYK0A75yvx,,,,172653,"172,653",false,Spotify public artist page,,https://i.scdn.co/image/ab6761610000e5eb8cfdd5ee976e9da4af82d208,,1OHNvr18TssBKYK0A75yvx,Masterplan,https://open.spotify.com/artist/1OHNvr18TssBKYK0A75yvx,"[{""artist_id"": ""1OHNvr18TssBKYK0A75yvx"", ""artist_name"": ""Masterplan"", ""artist_url"": ""https://open.spotify.com/artist/1OHNvr18TssBKYK0A75yvx"", ""monthly_listeners"": ""172653"", ""monthly_listeners_display"": ""172,653"", ""is_approx"": ""false"", ""fetch_error"": """"}]","[{""artist_id"": ""1OHNvr18TssBKYK0A75yvx"", ""artist_name"": ""Masterplan"", ""artist_uri"": ""spotify:artist:1OHNvr18TssBKYK0A75yvx"", ""artist_url"": ""https://open.spotify.com/artist/1OHNvr18TssBKYK0A75yvx"", ""artist_type"": ""artist"", ""artist_genres"": """", ""artist_spotify_api_popularity"": """", ""artist_followers_total"": """", ""artist_image_url"": ""https://i.scdn.co/image/ab6761610000e5eb8cfdd5ee976e9da4af82d208"", ""artist_lookup_error"": """", ""artist_monthly_listeners"": ""172653"", ""artist_monthly_listeners_display"": ""172,653"", ""artist_monthly_listeners_is_approx"": ""false"", ""artist_monthly_listeners_source"": ""Spotify public artist page"", ""artist_monthly_listeners_fetch_error"": """"}]",0,,"{""spotify"": ""https://open.spotify.com/track/1BaJ4KLFgnveSRGKBwRWve""}",{}
week5_17august,2026-08-17T07:40:10+00:00,Spotify,Aysima Karçaaltıncaba,aaaaysimaaaa,Week5_User1,Week5_User1,3o7tWaKCEQrxZKgjTeCTlY,spotify:playlist:3o7tWaKCEQrxZKgjTeCTlY,https://open.spotify.com/playlist/3o7tWaKCEQrxZKgjTeCTlY,,aaaaysimaaaa,Aysima Karçaaltıncaba,True,False,0,AAAAA7woI1LBGKeouasxqcGKJpYG89kw,,4,2026-08-17T07:24:52Z,aaaaysimaaaa,primary_artist_monthly_listeners,84872,"84,872",Spotify public artist page,false,,7GMkC6bamVWtGU6vkJUzZU,spotify:track:7GMkC6bamVWtGU6vkJUzZU,https://open.spotify.com/track/7GMkC6bamVWtGU6vkJUzZU,March for Freedom,track,5,1,365040,365.040,False,False,True,,https://api.spotify.com/v1/tracks/7GMkC6bamVWtGU6vkJUzZU,https://api.spotify.com/v1/tracks/7GMkC6bamVWtGU6vkJUzZU,,,DEZ900500532,,,6j08zeAcOb1cJWSzhZFxa0,spotify:album:6j08zeAcOb1cJWSzhZFxa0,https://open.spotify.com/album/6j08zeAcOb1cJWSzhZFxa0,Anima Mundi,album,,11,2004-01-19,day,,C: 2004 AFM Records; P: 2004 AFM Records,,https://i.scdn.co/image/ab67616d0000b2737acd9c5ab79c819f48701710,,39AhZ0oT49zA0WOAbfHVMM,Dionysus,spotify:artist:39AhZ0oT49zA0WOAbfHVMM,https://open.spotify.com/artist/39AhZ0oT49zA0WOAbfHVMM,,,,84872,"84,872",false,Spotify public artist page,,https://i.scdn.co/image/ab6761610000e5eb3eb3e30b92f0fc2fde4b86d0,,39AhZ0oT49zA0WOAbfHVMM,Dionysus,https://open.spotify.com/artist/39AhZ0oT49zA0WOAbfHVMM,"[{""artist_id"": ""39AhZ0oT49zA0WOAbfHVMM"", ""artist_name"": ""Dionysus"", ""artist_url"": ""https://open.spotify.com/artist/39AhZ0oT49zA0WOAbfHVMM"", ""monthly_listeners"": ""84872"", ""monthly_listeners_display"": ""84,872"", ""is_approx"": ""false"", ""fetch_error"": """"}]","[{""artist_id"": ""39AhZ0oT49zA0WOAbfHVMM"", ""artist_name"": ""Dionysus"", ""artist_uri"": ""spotify:artist:39AhZ0oT49zA0WOAbfHVMM"", ""artist_url"": ""https://open.spotify.com/artist/39AhZ0oT49zA0WOAbfHVMM"", ""artist_type"": ""artist"", ""artist_genres"": """", ""artist_spotify_api_popularity"": """", ""artist_followers_total"": """", ""artist_image_url"": ""https://i.scdn.co/image/ab6761610000e5eb3eb3e30b92f0fc2fde4b86d0"", ""artist_lookup_error"": """", ""artist_monthly_listeners"": ""84872"", ""artist_monthly_listeners_display"": ""84,872"", ""artist_monthly_listeners_is_approx"": ""false"", ""artist_monthly_listeners_source"": ""Spotify public artist page"", ""artist_monthly_listeners_fetch_error"": """"}]",0,,"{""spotify"": ""https://open.spotify.com/track/7GMkC6bamVWtGU6vkJUzZU""}",{}
week5_17august,2026-08-17T07:40:10+00:00,Spotify,Aysima Karçaaltıncaba,aaaaysimaaaa,Week5_User1,Week5_User1,3o7tWaKCEQrxZKgjTeCTlY,spotify:playlist:3o7tWaKCEQrxZKgjTeCTlY,https://open.spotify.com/playlist/3o7tWaKCEQrxZKgjTeCTlY,,aaaaysimaaaa,Aysima Karçaaltıncaba,True,False,0,AAAAA7woI1LBGKeouasxqcGKJpYG89kw,,5,2026-08-17T07:24:52Z,aaaaysimaaaa,primary_artist_monthly_listeners,145403,"145,403",Spotify public artist page,false,,3NfKh2juPFmKxdNeDJSzAX,spotify:track:3NfKh2juPFmKxdNeDJSzAX,https://open.spotify.com/track/3NfKh2juPFmKxdNeDJSzAX,The North Will Rise (feat. Sonata Arctica),track,1,1,202706,202.706,False,False,True,,https://api.spotify.com/v1/tracks/3NfKh2juPFmKxdNeDJSzAX,https://api.spotify.com/v1/tracks/3NfKh2juPFmKxdNeDJSzAX,,,DE1KY2607303,,,3wRtTAFcvgYBo8JGLX7eAU,spotify:album:3wRtTAFcvgYBo8JGLX7eAU,https://open.spotify.com/album/3wRtTAFcvgYBo8JGLX7eAU,The North Will Rise (feat. Sonata Arctica),single,,1,2026-03-19,day,,C: (C) 2026 Reigning Phoenix Music; P: (P) 2026 Reigning Phoenix Music,,https://i.scdn.co/image/ab67616d0000b27354e7b05741ee3864a6480b84,,529eA6ZaD8bWorDonM2wnm,Tungsten,spotify:artist:529eA6ZaD8bWorDonM2wnm,https://open.spotify.com/artist/529eA6ZaD8bWorDonM2wnm,,,,145403,"145,403",false,Spotify public artist page,,https://i.scdn.co/image/ab6761610000e5ebeaab57edf74ada994c22c34e,,529eA6ZaD8bWorDonM2wnm; 5YeoQ1L71cXDMpSpqxOjfH,Tungsten; Sonata Arctica,https://open.spotify.com/artist/529eA6ZaD8bWorDonM2wnm; https://open.spotify.com/artist/5YeoQ1L71cXDMpSpqxOjfH,"[{""artist_id"": ""529eA6ZaD8bWorDonM2wnm"", ""artist_name"": ""Tungsten"", ""artist_url"": ""https://open.spotify.com/artist/529eA6ZaD8bWorDonM2wnm"", ""monthly_listeners"": ""145403"", ""monthly_listeners_display"": ""145,403"", ""is_approx"": ""false"", ""fetch_error"": """"}, {""artist_id"": ""5YeoQ1L71cXDMpSpqxOjfH"", ""artist_name"": ""Sonata Arctica"", ""artist_url"": ""https://open.spotify.com/artist/5YeoQ1L71cXDMpSpqxOjfH"", ""monthly_listeners"": ""464192"", ""monthly_listeners_display"": ""464,192"", ""is_approx"": ""false"", ""fetch_error"": """"}]","[{""artist_id"": ""529eA6ZaD8bWorDonM2wnm"", ""artist_name"": ""Tungsten"", ""artist_uri"": ""spotify:artist:529eA6ZaD8bWorDonM2wnm"", ""artist_url"": ""https://open.spotify.com/artist/529eA6ZaD8bWorDonM2wnm"", ""artist_type"": ""artist"", ""artist_genres"": """", ""artist_spotify_api_popularity"": """", ""artist_followers_total"": """", ""artist_image_url"": ""https://i.scdn.co/image/ab6761610000e5ebeaab57edf74ada994c22c34e"", ""artist_lookup_error"": """", ""artist_monthly_listeners"": ""145403"", ""artist_monthly_listeners_display"": ""145,403"", ""artist_monthly_listeners_is_approx"": ""false"", ""artist_monthly_listeners_source"": ""Spotify public artist page"", ""artist_monthly_listeners_fetch_error"": """"}, {""artist_id"": ""5YeoQ1L71cXDMpSpqxOjfH"", ""artist_name"": ""Sonata Arctica"", ""artist_uri"": ""spotify:artist:5YeoQ1L71cXDMpSpqxOjfH"", ""artist_url"": ""https://open.spotify.com/artist/5YeoQ1L71cXDMpSpqxOjfH"", ""artist_type"": ""artist"", ""artist_genres"": """", ""artist_spotify_api_popularity"": """", ""artist_followers_total"": """", ""artist_image_url"": ""https://i.scdn.co/image/ab6761610000e5eb3c36e8b69cb376bf869aedc2"", ""artist_lookup_error"": """", ""artist_monthly_listeners"": ""464192"", ""artist_monthly_listeners_display"": ""464,192"", ""artist_monthly_listeners_is_approx"": ""false"", ""artist_monthly_listeners_source"": ""Spotify public artist page"", ""artist_monthly_listeners_fetch_error"": """"}]",0,,"{""spotify"": ""https://open.spotify.com/track/3NfKh2juPFmKxdNeDJSzAX""}",{}
week5_17august,2026-08-17T07:40:10+00:00,Spotify,Aysima Karçaaltıncaba,aaaaysimaaaa,Week5_User1,Week5_User1,3o7tWaKCEQrxZKgjTeCTlY,spotify:playlist:3o7tWaKCEQrxZKgjTeCTlY,https://open.spotify.com/playlist/3o7tWaKCEQrxZKgjTeCTlY,,aaaaysimaaaa,Aysima Karçaaltıncaba,True,False,0,AAAAA7woI1LBGKeouasxqcGKJpYG89kw,,6,2026-08-17T07:24:52Z,aaaaysimaaaa,primary_artist_monthly_listeners,69296,"69,296",Spotify public artist page,false,,1ZF7wRCafQGaVWwR5qqtst,spotify:track:1ZF7wRCafQGaVWwR5qqtst,https://open.spotify.com/track/1ZF7wRCafQGaVWwR5qqtst,Evil,track,2,1,372613,372.613,False,False,True,,https://api.spotify.com/v1/tracks/1ZF7wRCafQGaVWwR5qqtst,https://api.spotify.com/v1/tracks/1ZF7wRCafQGaVWwR5qqtst,,,GBAJE0400059,,,08dpdTv8xeZjVVyPCtwz24,spotify:album:08dpdTv8xeZjVVyPCtwz24,https://open.spotify.com/album/08dpdTv8xeZjVVyPCtwz24,Dust to Dust,album,,13,2004-01-12,day,,"C: 2004 Sanctuary Records Group Ltd., a BMG Company; P: 2004 Sanctuary Records Group Ltd., a BMG Company",,https://i.scdn.co/image/ab67616d0000b27371201c6ff1573f10d22ccb0d,,7j3etSXgd9ZLYIUW7KWnpd,Heavenly,spotify:artist:7j3etSXgd9ZLYIUW7KWnpd,https://open.spotify.com/artist/7j3etSXgd9ZLYIUW7KWnpd,,,,69296,"69,296",false,Spotify public artist page,,https://i.scdn.co/image/ab6772690000c46ce1dbce8d74b9d4d5066ebf7a,,7j3etSXgd9ZLYIUW7KWnpd,Heavenly,https://open.spotify.com/artist/7j3etSXgd9ZLYIUW7KWnpd,"[{""artist_id"": ""7j3etSXgd9ZLYIUW7KWnpd"", ""artist_name"": ""Heavenly"", ""artist_url"": ""https://open.spotify.com/artist/7j3etSXgd9ZLYIUW7KWnpd"", ""monthly_listeners"": ""69296"", ""monthly_listeners_display"": ""69,296"", ""is_approx"": ""false"", ""fetch_error"": """"}]","[{""artist_id"": ""7j3etSXgd9ZLYIUW7KWnpd"", ""artist_name"": ""Heavenly"", ""artist_uri"": ""spotify:artist:7j3etSXgd9ZLYIUW7KWnpd"", ""artist_url"": ""https://open.spotify.com/artist/7j3etSXgd9ZLYIUW7KWnpd"", ""artist_type"": ""artist"", ""artist_genres"": """", ""artist_spotify_api_popularity"": """", ""artist_followers_total"": """", ""artist_image_url"": ""https://i.scdn.co/image/ab6772690000c46ce1dbce8d74b9d4d5066ebf7a"", ""artist_lookup_error"": """", ""artist_monthly_listeners"": ""69296"", ""artist_monthly_listeners_display"": ""69,296"", ""artist_monthly_listeners_is_approx"": ""false"", ""artist_monthly_listeners_source"": ""Spotify public artist page"", ""artist_monthly_listeners_fetch_error"": """"}]",0,,"{""spotify"": ""https://open.spotify.com/track/1ZF7wRCafQGaVWwR5qqtst""}",{}
week5_17august,2026-08-17T07:40:10+00:00,Spotify,Aysima Karçaaltıncaba,aaaaysimaaaa,Week5_User1,Week5_User1,3o7tWaKCEQrxZKgjTeCTlY,spotify:playlist:3o7tWaKCEQrxZKgjTeCTlY,https://open.spotify.com/playlist/3o7tWaKCEQrxZKgjTeCTlY,,aaaaysimaaaa,Aysima Karçaaltıncaba,True,False,0,AAAAA7woI1LBGKeouasxqcGKJpYG89kw,,7,2026-08-17T07:24:52Z,aaaaysimaaaa,primary_artist_monthly_listeners,16586,"16,586",Spotify public artist page,false,,4bvYvvt3RXCqxeaaqG8e9y,spotify:track:4bvYvvt3RXCqxeaaqG8e9y,https://open.spotify.com/track/4bvYvvt3RXCqxeaaqG8e9y,Trust,track,1,1,313747,313.747,False,False,True,,https://api.spotify.com/v1/tracks/4bvYvvt3RXCqxeaaqG8e9y,https://api.spotify.com/v1/tracks/4bvYvvt3RXCqxeaaqG8e9y,,,ITD291901925,,,6DHVxzHTo460OxbjEH1QI4,spotify:album:6DHVxzHTo460OxbjEH1QI4,https://open.spotify.com/album/6DHVxzHTo460OxbjEH1QI4,Emotions,album,,10,2019-09-27,day,,C: 2019 Scarlet Records; P: 2019 Scarlet Records,,https://i.scdn.co/image/ab67616d0000b27313503ff2bb3c52fcdc58c856,,72AisxxoPQu3Q0K5UgvQew,Excalion,spotify:artist:72AisxxoPQu3Q0K5UgvQew,https://open.spotify.com/artist/72AisxxoPQu3Q0K5UgvQew,,,,16586,"16,586",false,Spotify public artist page,,https://i.scdn.co/image/ab6761610000e5eb3e77c1be159b45fc7aed9a32,,72AisxxoPQu3Q0K5UgvQew,Excalion,https://open.spotify.com/artist/72AisxxoPQu3Q0K5UgvQew,"[{""artist_id"": ""72AisxxoPQu3Q0K5UgvQew"", ""artist_name"": ""Excalion"", ""artist_url"": ""https://open.spotify.com/artist/72AisxxoPQu3Q0K5UgvQew"", ""monthly_listeners"": ""16586"", ""monthly_listeners_display"": ""16,586"", ""is_approx"": ""false"", ""fetch_error"": """"}]","[{""artist_id"": ""72AisxxoPQu3Q0K5UgvQew"", ""artist_name"": ""Excalion"", ""artist_uri"": ""spotify:artist:72AisxxoPQu3Q0K5UgvQew"", ""artist_url"": ""https://open.spotify.com/artist/72AisxxoPQu3Q0K5UgvQew"", ""artist_type"": ""artist"", ""artist_genres"": """", ""artist_spotify_api_popularity"": """", ""artist_followers_total"": """", ""artist_image_url"": ""https://i.scdn.co/image/ab6761610000e5eb3e77c1be159b45fc7aed9a32"", ""artist_lookup_error"": """", ""artist_monthly_listeners"": ""16586"", ""artist_monthly_listeners_display"": ""16,586"", ""artist_monthly_listeners_is_approx"": ""false"", ""artist_monthly_listeners_source"": ""Spotify public artist page"", ""artist_monthly_listeners_fetch_error"": """"}]",0,,"{""spotify"": ""https://open.spotify.com/track/4bvYvvt3RXCqxeaaqG8e9y""}",{}
week5_17august,2026-08-17T07:40:10+00:00,Spotify,Aysima Karçaaltıncaba,aaaaysimaaaa,Week5_User1,Week5_User1,3o7tWaKCEQrxZKgjTeCTlY,spotify:playlist:3o7tWaKCEQrxZKgjTeCTlY,https://open.spotify.com/playlist/3o7tWaKCEQrxZKgjTeCTlY,,aaaaysimaaaa,Aysima Karçaaltıncaba,True,False,0,AAAAA7woI1LBGKeouasxqcGKJpYG89kw,,8,2026-08-17T07:24:52Z,aaaaysimaaaa,primary_artist_monthly_listeners,102287,"102,287",Spotify public artist page,false,,4kr0TJoXUl2FHU8WSBcB8T,spotify:track:4kr0TJoXUl2FHU8WSBcB8T,https://open.spotify.com/track/4kr0TJoXUl2FHU8WSBcB8T,One,track,1,1,268360,268.360,False,False,True,,https://api.spotify.com/v1/tracks/4kr0TJoXUl2FHU8WSBcB8T,https://api.spotify.com/v1/tracks/4kr0TJoXUl2FHU8WSBcB8T,,,DE1KY2507223,,,42IHJll6dkoZg9lcat1Gb8,spotify:album:42IHJll6dkoZg9lcat1Gb8,https://open.spotify.com/album/42IHJll6dkoZg9lcat1Gb8,One,single,,3,2026-02-20,day,,C: (C) 2025 Reigning Phoenix Music; P: (P) 2025 Reigning Phoenix Music,,https://i.scdn.co/image/ab67616d0000b2734386ea824c923eeaa6d13fc1,,1yfiDL3YUEJlQCgb5Pun6g,Primal Fear,spotify:artist:1yfiDL3YUEJlQCgb5Pun6g,https://open.spotify.com/artist/1yfiDL3YUEJlQCgb5Pun6g,,,,102287,"102,287",false,Spotify public artist page,,https://i.scdn.co/image/ab6761610000e5ebd8360d0ed8fe9dd3fd04fb45,,1yfiDL3YUEJlQCgb5Pun6g,Primal Fear,https://open.spotify.com/artist/1yfiDL3YUEJlQCgb5Pun6g,"[{""artist_id"": ""1yfiDL3YUEJlQCgb5Pun6g"", ""artist_name"": ""Primal Fear"", ""artist_url"": ""https://open.spotify.com/artist/1yfiDL3YUEJlQCgb5Pun6g"", ""monthly_listeners"": ""102287"", ""monthly_listeners_display"": ""102,287"", ""is_approx"": ""false"", ""fetch_error"": """"}]","[{""artist_id"": ""1yfiDL3YUEJlQCgb5Pun6g"", ""artist_name"": ""Primal Fear"", ""artist_uri"": ""spotify:artist:1yfiDL3YUEJlQCgb5Pun6g"", ""artist_url"": ""https://open.spotify.com/artist/1yfiDL3YUEJlQCgb5Pun6g"", ""artist_type"": ""artist"", ""artist_genres"": """", ""artist_spotify_api_popularity"": """", ""artist_followers_total"": """", ""artist_image_url"": ""https://i.scdn.co/image/ab6761610000e5ebd8360d0ed8fe9dd3fd04fb45"", ""artist_lookup_error"": """", ""artist_monthly_listeners"": ""102287"", ""artist_monthly_listeners_display"": ""102,287"", ""artist_monthly_listeners_is_approx"": ""false"", ""artist_monthly_listeners_source"": ""Spotify public artist page"", ""artist_monthly_listeners_fetch_error"": """"}]",0,,"{""spotify"": ""https://open.spotify.com/track/4kr0TJoXUl2FHU8WSBcB8T""}",{}
week5_17august,2026-08-17T07:40:10+00:00,Spotify,Aysima Karçaaltıncaba,aaaaysimaaaa,Week5_User1,Week5_User1,3o7tWaKCEQrxZKgjTeCTlY,spotify:playlist:3o7tWaKCEQrxZKgjTeCTlY,https://open.spotify.com/playlist/3o7tWaKCEQrxZKgjTeCTlY,,aaaaysimaaaa,Aysima Karçaaltıncaba,True,False,0,AAAAA7woI1LBGKeouasxqcGKJpYG89kw,,9,2026-08-17T07:24:52Z,aaaaysimaaaa,primary_artist_monthly_listeners,194015,"194,015",Spotify public artist page,false,,1Mp05e1nlnPnuZLnvJKuSy,spotify:track:1Mp05e1nlnPnuZLnvJKuSy,https://open.spotify.com/track/1Mp05e1nlnPnuZLnvJKuSy,Lai Lai Hei,track,9,1,435240,435.240,False,False,True,,https://api.spotify.com/v1/tracks/1Mp05e1nlnPnuZLnvJKuSy,https://api.spotify.com/v1/tracks/1Mp05e1nlnPnuZLnvJKuSy,,,FISFS0400009,,,1UrdsJhCNyCqmBn9zy2Ut9,spotify:album:1UrdsJhCNyCqmBn9zy2Ut9,https://open.spotify.com/album/1UrdsJhCNyCqmBn9zy2Ut9,Iron,album,,11,2008-01-01,day,,C: 2008 Spin-Farm Oy; P: 2008 Spin-Farm Oy,,https://i.scdn.co/image/ab67616d0000b273f6df9f51261fd69be472723e,,0krXCIkthz13P8o0v2tksH,Ensiferum,spotify:artist:0krXCIkthz13P8o0v2tksH,https://open.spotify.com/artist/0krXCIkthz13P8o0v2tksH,,,,194015,"194,015",false,Spotify public artist page,,https://i.scdn.co/image/ab6761610000e5eb0a5ef9d5834390b5ebdee107,,0krXCIkthz13P8o0v2tksH,Ensiferum,https://open.spotify.com/artist/0krXCIkthz13P8o0v2tksH,"[{""artist_id"": ""0krXCIkthz13P8o0v2tksH"", ""artist_name"": ""Ensiferum"", ""artist_url"": ""https://open.spotify.com/artist/0krXCIkthz13P8o0v2tksH"", ""monthly_listeners"": ""194015"", ""monthly_listeners_display"": ""194,015"", ""is_approx"": ""false"", ""fetch_error"": """"}]","[{""artist_id"": ""0krXCIkthz13P8o0v2tksH"", ""artist_name"": ""Ensiferum"", ""artist_uri"": ""spotify:artist:0krXCIkthz13P8o0v2tksH"", ""artist_url"": ""https://open.spotify.com/artist/0krXCIkthz13P8o0v2tksH"", ""artist_type"": ""artist"", ""artist_genres"": """", ""artist_spotify_api_popularity"": """", ""artist_followers_total"": """", ""artist_image_url"": ""https://i.scdn.co/image/ab6761610000e5eb0a5ef9d5834390b5ebdee107"", ""artist_lookup_error"": """", ""artist_monthly_listeners"": ""194015"", ""artist_monthly_listeners_display"": ""194,015"", ""artist_monthly_listeners_is_approx"": ""false"", ""artist_monthly_listeners_source"": ""Spotify public artist page"", ""artist_monthly_listeners_fetch_error"": """"}]",0,,"{""spotify"": ""https://open.spotify.com/track/1Mp05e1nlnPnuZLnvJKuSy""}",{}
week5_17august,2026-08-17T07:40:10+00:00,Spotify,Aysima Karçaaltıncaba,aaaaysimaaaa,Week5_User1,Week5_User1,3o7tWaKCEQrxZKgjTeCTlY,spotify:playlist:3o7tWaKCEQrxZKgjTeCTlY,https://open.spotify.com/playlist/3o7tWaKCEQrxZKgjTeCTlY,,aaaaysimaaaa,Aysima Karçaaltıncaba,True,False,0,AAAAA7woI1LBGKeouasxqcGKJpYG89kw,,10,2026-08-17T07:24:52Z,aaaaysimaaaa,primary_artist_monthly_listeners,623190,"623,190",Spotify public artist page,false,,59Zt3ljewoHZ0A2J6qayNo,spotify:track:59Zt3ljewoHZ0A2J6qayNo,https://open.spotify.com/track/59Zt3ljewoHZ0A2J6qayNo,Secrets Of The American Gods - Single Edit,track,1,1,397026,397.026,False,False,True,,https://api.spotify.com/v1/tracks/59Zt3ljewoHZ0A2J6qayNo,https://api.spotify.com/v1/tracks/59Zt3ljewoHZ0A2J6qayNo,,,DED832100695,,,2VlGYrtrvRshFFEzBDRmD2,spotify:album:2VlGYrtrvRshFFEzBDRmD2,https://open.spotify.com/album/2VlGYrtrvRshFFEzBDRmD2,Secrets Of The American Gods,single,,1,2022-03-18,day,,C: 2022 Nuclear Blast; P: 2022 Nuclear Blast,,https://i.scdn.co/image/ab67616d0000b27376d0e1c2860e31c4c8846246,,7jxJ25p0pPjk0MStloN6o6,Blind Guardian,spotify:artist:7jxJ25p0pPjk0MStloN6o6,https://open.spotify.com/artist/7jxJ25p0pPjk0MStloN6o6,,,,623190,"623,190",false,Spotify public artist page,,https://i.scdn.co/image/ab6761610000e5eb26139a78b669ae67aacde9f3,,7jxJ25p0pPjk0MStloN6o6,Blind Guardian,https://open.spotify.com/artist/7jxJ25p0pPjk0MStloN6o6,"[{""artist_id"": ""7jxJ25p0pPjk0MStloN6o6"", ""artist_name"": ""Blind Guardian"", ""artist_url"": ""https://open.spotify.com/artist/7jxJ25p0pPjk0MStloN6o6"", ""monthly_listeners"": ""623190"", ""monthly_listeners_display"": ""623,190"", ""is_approx"": ""false"", ""fetch_error"": """"}]","[{""artist_id"": ""7jxJ25p0pPjk0MStloN6o6"", ""artist_name"": ""Blind Guardian"", ""artist_uri"": ""spotify:artist:7jxJ25p0pPjk0MStloN6o6"", ""artist_url"": ""https://open.spotify.com/artist/7jxJ25p0pPjk0MStloN6o6"", ""artist_type"": ""artist"", ""artist_genres"": """", ""artist_spotify_api_popularity"": """", ""artist_followers_total"": """", ""artist_image_url"": ""https://i.scdn.co/image/ab6761610000e5eb26139a78b669ae67aacde9f3"", ""artist_lookup_error"": """", ""artist_monthly_listeners"": ""623190"", ""artist_monthly_listeners_display"": ""623,190"", ""artist_monthly_listeners_is_approx"": ""false"", ""artist_monthly_listeners_source"": ""Spotify public artist page"", ""artist_monthly_listeners_fetch_error"": """"}]",0,,"{""spotify"": ""https://open.spotify.com/track/59Zt3ljewoHZ0A2J6qayNo""}",{}
week5_17august,2026-08-17T07:40:10+00:00,Spotify,Aysima Karçaaltıncaba,aaaaysimaaaa,Week5_User1,Week5_User1,3o7tWaKCEQrxZKgjTeCTlY,spotify:playlist:3o7tWaKCEQrxZKgjTeCTlY,https://open.spotify.com/playlist/3o7tWaKCEQrxZKgjTeCTlY,,aaaaysimaaaa,Aysima Karçaaltıncaba,True,False,0,AAAAA7woI1LBGKeouasxqcGKJpYG89kw,,11,2026-08-17T07:24:52Z,aaaaysimaaaa,primary_artist_monthly_listeners,582286,"582,286",Spotify public artist page,false,,4AWmaFIw7UUjgewLvxiRUh,spotify:track:4AWmaFIw7UUjgewLvxiRUh,https://open.spotify.com/track/4AWmaFIw7UUjgewLvxiRUh,Kingdom,track,9,1,300533,300.533,False,False,True,,https://api.spotify.com/v1/tracks/4AWmaFIw7UUjgewLvxiRUh,https://api.spotify.com/v1/tracks/4AWmaFIw7UUjgewLvxiRUh,,,FIWMA1300204,,,7DllalAuYBrkxfN4ohqwSL,spotify:album:7DllalAuYBrkxfN4ohqwSL,https://open.spotify.com/album/7DllalAuYBrkxfN4ohqwSL,Battle Beast,album,,14,2013-05-17,day,,C: 2013 Nuclear Blast; P: 2013 Nuclear Blast,,https://i.scdn.co/image/ab67616d0000b273536fe3e46003fb3ebe2ebf05,,7k5jeohQCF20a8foBD9ize,Battle Beast,spotify:artist:7k5jeohQCF20a8foBD9ize,https://open.spotify.com/artist/7k5jeohQCF20a8foBD9ize,,,,582286,"582,286",false,Spotify public artist page,,https://i.scdn.co/image/ab6761610000e5eb736a6608998f7d7b5d8d3205,,7k5jeohQCF20a8foBD9ize,Battle Beast,https://open.spotify.com/artist/7k5jeohQCF20a8foBD9ize,"[{""artist_id"": ""7k5jeohQCF20a8foBD9ize"", ""artist_name"": ""Battle Beast"", ""artist_url"": ""https://open.spotify.com/artist/7k5jeohQCF20a8foBD9ize"", ""monthly_listeners"": ""582286"", ""monthly_listeners_display"": ""582,286"", ""is_approx"": ""false"", ""fetch_error"": """"}]","[{""artist_id"": ""7k5jeohQCF20a8foBD9ize"", ""artist_name"": ""Battle Beast"", ""artist_uri"": ""spotify:artist:7k5jeohQCF20a8foBD9ize"", ""artist_url"": ""https://open.spotify.com/artist/7k5jeohQCF20a8foBD9ize"", ""artist_type"": ""artist"", ""artist_genres"": """", ""artist_spotify_api_popularity"": """", ""artist_followers_total"": """", ""artist_image_url"": ""https://i.scdn.co/image/ab6761610000e5eb736a6608998f7d7b5d8d3205"", ""artist_lookup_error"": """", ""artist_monthly_listeners"": ""582286"", ""artist_monthly_listeners_display"": ""582,286"", ""artist_monthly_listeners_is_approx"": ""false"", ""artist_monthly_listeners_source"": ""Spotify public artist page"", ""artist_monthly_listeners_fetch_error"": """"}]",0,,"{""spotify"": ""https://open.spotify.com/track/4AWmaFIw7UUjgewLvxiRUh""}",{}
week5_17august,2026-08-17T07:40:10+00:00,Spotify,Aysima Karçaaltıncaba,aaaaysimaaaa,Week5_User1,Week5_User1,3o7tWaKCEQrxZKgjTeCTlY,spotify:playlist:3o7tWaKCEQrxZKgjTeCTlY,https://open.spotify.com/playlist/3o7tWaKCEQrxZKgjTeCTlY,,aaaaysimaaaa,Aysima Karçaaltıncaba,True,False,0,AAAAA7woI1LBGKeouasxqcGKJpYG89kw,,12,2026-08-17T07:24:52Z,aaaaysimaaaa,primary_artist_monthly_listeners,35685,"35,685",Spotify public artist page,false,,5RLWQvZQ4GtcsmBKFkDgiR,spotify:track:5RLWQvZQ4GtcsmBKFkDgiR,https://open.spotify.com/track/5RLWQvZQ4GtcsmBKFkDgiR,Let the Demons Free,track,1,1,239160,239.160,False,False,True,,https://api.spotify.com/v1/tracks/5RLWQvZQ4GtcsmBKFkDgiR,https://api.spotify.com/v1/tracks/5RLWQvZQ4GtcsmBKFkDgiR,,,DED830274101,,,1sTLIU5psuqq5iSNnATYSO,spotify:album:1sTLIU5psuqq5iSNnATYSO,https://open.spotify.com/album/1sTLIU5psuqq5iSNnATYSO,Thunderstone,album,,10,2002-06-24,day,,C: 2002 Nuclear Blast; P: 2002 Nuclear Blast,,https://i.scdn.co/image/ab67616d0000b273bb0fe520add231163568d0bf,,5FLzywPMVGQ62kSD3X0M8q,Thunderstone,spotify:artist:5FLzywPMVGQ62kSD3X0M8q,https://open.spotify.com/artist/5FLzywPMVGQ62kSD3X0M8q,,,,35685,"35,685",false,Spotify public artist page,,https://i.scdn.co/image/e7337e3e4dabda6800c5217b961c3000e5a29de2,,5FLzywPMVGQ62kSD3X0M8q,Thunderstone,https://open.spotify.com/artist/5FLzywPMVGQ62kSD3X0M8q,"[{""artist_id"": ""5FLzywPMVGQ62kSD3X0M8q"", ""artist_name"": ""Thunderstone"", ""artist_url"": ""https://open.spotify.com/artist/5FLzywPMVGQ62kSD3X0M8q"", ""monthly_listeners"": ""35685"", ""monthly_listeners_display"": ""35,685"", ""is_approx"": ""false"", ""fetch_error"": """"}]","[{""artist_id"": ""5FLzywPMVGQ62kSD3X0M8q"", ""artist_name"": ""Thunderstone"", ""artist_uri"": ""spotify:artist:5FLzywPMVGQ62kSD3X0M8q"", ""artist_url"": ""https://open.spotify.com/artist/5FLzywPMVGQ62kSD3X0M8q"", ""artist_type"": ""artist"", ""artist_genres"": """", ""artist_spotify_api_popularity"": """", ""artist_followers_total"": """", ""artist_image_url"": ""https://i.scdn.co/image/e7337e3e4dabda6800c5217b961c3000e5a29de2"", ""artist_lookup_error"": """", ""artist_monthly_listeners"": ""35685"", ""artist_monthly_listeners_display"": ""35,685"", ""artist_monthly_listeners_is_approx"": ""false"", ""artist_monthly_listeners_source"": ""Spotify public artist page"", ""artist_monthly_listeners_fetch_error"": """"}]",0,,"{""spotify"": ""https://open.spotify.com/track/5RLWQvZQ4GtcsmBKFkDgiR""}",{}
week5_17august,2026-08-17T07:40:10+00:00,Spotify,Aysima Karçaaltıncaba,aaaaysimaaaa,Week5_User1,Week5_User1,3o7tWaKCEQrxZKgjTeCTlY,spotify:playlist:3o7tWaKCEQrxZKgjTeCTlY,https://open.spotify.com/playlist/3o7tWaKCEQrxZKgjTeCTlY,,aaaaysimaaaa,Aysima Karçaaltıncaba,True,False,0,AAAAA7woI1LBGKeouasxqcGKJpYG89kw,,13,2026-08-17T07:24:52Z,aaaaysimaaaa,primary_artist_monthly_listeners,73241,"73,241",Spotify public artist page,false,,1mgbrEMLKoluaruVHx0RXw,spotify:track:1mgbrEMLKoluaruVHx0RXw,https://open.spotify.com/track/1mgbrEMLKoluaruVHx0RXw,Maid of Orleans,track,3,1,304893,304.893,False,False,True,,https://api.spotify.com/v1/tracks/1mgbrEMLKoluaruVHx0RXw,https://api.spotify.com/v1/tracks/1mgbrEMLKoluaruVHx0RXw,,,QMDA61892437,,,6Xl2ObL7qQYilcxjbYShjO,spotify:album:6Xl2ObL7qQYilcxjbYShjO,https://open.spotify.com/album/6Xl2ObL7qQYilcxjbYShjO,The Hall of the Olden Dreams,album,,12,2000,year,,C: (C) 2000 Dark Moor; P: (P) 2000 Dark Moor,,https://i.scdn.co/image/ab67616d0000b273931051abb3a327bef5b04ceb,,0YWKRTzA4kBceGwjywtMkh,Dark Moor,spotify:artist:0YWKRTzA4kBceGwjywtMkh,https://open.spotify.com/artist/0YWKRTzA4kBceGwjywtMkh,,,,73241,"73,241",false,Spotify public artist page,,https://i.scdn.co/image/ab6761610000e5eb1c7310cc250682db4e9748aa,,0YWKRTzA4kBceGwjywtMkh,Dark Moor,https://open.spotify.com/artist/0YWKRTzA4kBceGwjywtMkh,"[{""artist_id"": ""0YWKRTzA4kBceGwjywtMkh"", ""artist_name"": ""Dark Moor"", ""artist_url"": ""https://open.spotify.com/artist/0YWKRTzA4kBceGwjywtMkh"", ""monthly_listeners"": ""73241"", ""monthly_listeners_display"": ""73,241"", ""is_approx"": ""false"", ""fetch_error"": """"}]","[{""artist_id"": ""0YWKRTzA4kBceGwjywtMkh"", ""artist_name"": ""Dark Moor"", ""artist_uri"": ""spotify:artist:0YWKRTzA4kBceGwjywtMkh"", ""artist_url"": ""https://open.spotify.com/artist/0YWKRTzA4kBceGwjywtMkh"", ""artist_type"": ""artist"", ""artist_genres"": """", ""artist_spotify_api_popularity"": """", ""artist_followers_total"": """", ""artist_image_url"": ""https://i.scdn.co/image/ab6761610000e5eb1c7310cc250682db4e9748aa"", ""artist_lookup_error"": """", ""artist_monthly_listeners"": ""73241"", ""artist_monthly_listeners_display"": ""73,241"", ""artist_monthly_listeners_is_approx"": ""false"", ""artist_monthly_listeners_source"": ""Spotify public artist page"", ""artist_monthly_listeners_fetch_error"": """"}]",0,,"{""spotify"": ""https://open.spotify.com/track/1mgbrEMLKoluaruVHx0RXw""}",{}
week5_17august,2026-08-17T07:40:10+00:00,Spotify,Aysima Karçaaltıncaba,aaaaysimaaaa,Week5_User1,Week5_User1,3o7tWaKCEQrxZKgjTeCTlY,spotify:playlist:3o7tWaKCEQrxZKgjTeCTlY,https://open.spotify.com/playlist/3o7tWaKCEQrxZKgjTeCTlY,,aaaaysimaaaa,Aysima Karçaaltıncaba,True,False,0,AAAAA7woI1LBGKeouasxqcGKJpYG89kw,,14,2026-08-17T07:24:52Z,aaaaysimaaaa,primary_artist_monthly_listeners,1047263,"1,047,263",Spotify public artist page,false,,3RD8qr6j4i5KzamCqVkfHX,spotify:track:3RD8qr6j4i5KzamCqVkfHX,https://open.spotify.com/track/3RD8qr6j4i5KzamCqVkfHX,Die for Metal,track,16,1,317106,317.106,False,False,True,,https://api.spotify.com/v1/tracks/3RD8qr6j4i5KzamCqVkfHX,https://api.spotify.com/v1/tracks/3RD8qr6j4i5KzamCqVkfHX,,,USMC70600600,,,0HMX9EYI9nsFyyQ286WRQ9,spotify:album:0HMX9EYI9nsFyyQ286WRQ9,https://open.spotify.com/album/0HMX9EYI9nsFyyQ286WRQ9,Gods of War,album,,16,2007-02-23,day,,C: 2007 Magic Circle Music Ltd; P: 2007 Magic Circle Music Ltd,,https://i.scdn.co/image/ab67616d0000b2738a2f8d52d90e090ea3ced026,,4CzUzn54Cp9TQr6a7JIlMZ,Manowar,spotify:artist:4CzUzn54Cp9TQr6a7JIlMZ,https://open.spotify.com/artist/4CzUzn54Cp9TQr6a7JIlMZ,,,,1047263,"1,047,263",false,Spotify public artist page,,https://i.scdn.co/image/ab6761610000e5eba4780fe15900fbd223cd4f48,,4CzUzn54Cp9TQr6a7JIlMZ,Manowar,https://open.spotify.com/artist/4CzUzn54Cp9TQr6a7JIlMZ,"[{""artist_id"": ""4CzUzn54Cp9TQr6a7JIlMZ"", ""artist_name"": ""Manowar"", ""artist_url"": ""https://open.spotify.com/artist/4CzUzn54Cp9TQr6a7JIlMZ"", ""monthly_listeners"": ""1047263"", ""monthly_listeners_display"": ""1,047,263"", ""is_approx"": ""false"", ""fetch_error"": """"}]","[{""artist_id"": ""4CzUzn54Cp9TQr6a7JIlMZ"", ""artist_name"": ""Manowar"", ""artist_uri"": ""spotify:artist:4CzUzn54Cp9TQr6a7JIlMZ"", ""artist_url"": ""https://open.spotify.com/artist/4CzUzn54Cp9TQr6a7JIlMZ"", ""artist_type"": ""artist"", ""artist_genres"": """", ""artist_spotify_api_popularity"": """", ""artist_followers_total"": """", ""artist_image_url"": ""https://i.scdn.co/image/ab6761610000e5eba4780fe15900fbd223cd4f48"", ""artist_lookup_error"": """", ""artist_monthly_listeners"": ""1047263"", ""artist_monthly_listeners_display"": ""1,047,263"", ""artist_monthly_listeners_is_approx"": ""false"", ""artist_monthly_listeners_source"": ""Spotify public artist page"", ""artist_monthly_listeners_fetch_error"": """"}]",0,,"{""spotify"": ""https://open.spotify.com/track/3RD8qr6j4i5KzamCqVkfHX""}",{}
week5_17august,2026-08-17T07:40:10+00:00,Spotify,Aysima Karçaaltıncaba,aaaaysimaaaa,Week5_User1,Week5_User1,3o7tWaKCEQrxZKgjTeCTlY,spotify:playlist:3o7tWaKCEQrxZKgjTeCTlY,https://open.spotify.com/playlist/3o7tWaKCEQrxZKgjTeCTlY,,aaaaysimaaaa,Aysima Karçaaltıncaba,True,False,0,AAAAA7woI1LBGKeouasxqcGKJpYG89kw,,15,2026-08-17T07:24:52Z,aaaaysimaaaa,primary_artist_monthly_listeners,868739,"868,739",Spotify public artist page,false,,0AqM32Ni3s9Sm0fTkvKU6U,spotify:track:0AqM32Ni3s9Sm0fTkvKU6U,https://open.spotify.com/track/0AqM32Ni3s9Sm0fTkvKU6U,Heeding the Call,track,1,1,270400,270.400,False,False,True,,https://api.spotify.com/v1/tracks/0AqM32Ni3s9Sm0fTkvKU6U,https://api.spotify.com/v1/tracks/0AqM32Ni3s9Sm0fTkvKU6U,,,DED839841601,,,4uy63xsAGgdSx0mXaQ1lfl,spotify:album:4uy63xsAGgdSx0mXaQ1lfl,https://open.spotify.com/album/4uy63xsAGgdSx0mXaQ1lfl,Legacy of Kings,album,,10,1998-09-28,day,,"C: 1998 HammerFall Managament, under exclusive license to Nuclear Blast GmbH; P: 1998 HammerFall Managament, under exclusive license to Nuclear Blast GmbH",,https://i.scdn.co/image/ab67616d0000b273c74508076e95a160cf40643f,,2o18h28enlHxj887tATc58,HammerFall,spotify:artist:2o18h28enlHxj887tATc58,https://open.spotify.com/artist/2o18h28enlHxj887tATc58,,,,868739,"868,739",false,Spotify public artist page,,https://i.scdn.co/image/ab6761610000e5eb9a0164f238589f0c0ca31088,,2o18h28enlHxj887tATc58,HammerFall,https://open.spotify.com/artist/2o18h28enlHxj887tATc58,"[{""artist_id"": ""2o18h28enlHxj887tATc58"", ""artist_name"": ""HammerFall"", ""artist_url"": ""https://open.spotify.com/artist/2o18h28enlHxj887tATc58"", ""monthly_listeners"": ""868739"", ""monthly_listeners_display"": ""868,739"", ""is_approx"": ""false"", ""fetch_error"": """"}]","[{""artist_id"": ""2o18h28enlHxj887tATc58"", ""artist_name"": ""HammerFall"", ""artist_uri"": ""spotify:artist:2o18h28enlHxj887tATc58"", ""artist_url"": ""https://open.spotify.com/artist/2o18h28enlHxj887tATc58"", ""artist_type"": ""artist"", ""artist_genres"": """", ""artist_spotify_api_popularity"": """", ""artist_followers_total"": """", ""artist_image_url"": ""https://i.scdn.co/image/ab6761610000e5eb9a0164f238589f0c0ca31088"", ""artist_lookup_error"": """", ""artist_monthly_listeners"": ""868739"", ""artist_monthly_listeners_display"": ""868,739"", ""artist_monthly_listeners_is_approx"": ""false"", ""artist_monthly_listeners_source"": ""Spotify public artist page"", ""artist_monthly_listeners_fetch_error"": """"}]",0,,"{""spotify"": ""https://open.spotify.com/track/0AqM32Ni3s9Sm0fTkvKU6U""}",{}
week5_17august,2026-08-17T07:40:10+00:00,Spotify,Aysima Karçaaltıncaba,aaaaysimaaaa,Week5_User1,Week5_User1,3o7tWaKCEQrxZKgjTeCTlY,spotify:playlist:3o7tWaKCEQrxZKgjTeCTlY,https://open.spotify.com/playlist/3o7tWaKCEQrxZKgjTeCTlY,,aaaaysimaaaa,Aysima Karçaaltıncaba,True,False,0,AAAAA7woI1LBGKeouasxqcGKJpYG89kw,,16,2026-08-17T07:24:52Z,aaaaysimaaaa,primary_artist_monthly_listeners,21267,"21,267",Spotify public artist page,false,,3mZZmANnoFr6noTgxc8Zll,spotify:track:3mZZmANnoFr6noTgxc8Zll,https://open.spotify.com/track/3mZZmANnoFr6noTgxc8Zll,Welcome to Paradise,track,1,1,276133,276.133,False,False,True,,https://api.spotify.com/v1/tracks/3mZZmANnoFr6noTgxc8Zll,https://api.spotify.com/v1/tracks/3mZZmANnoFr6noTgxc8Zll,,,DED831900283,,,5WgN3EoZSf12ZyYaFxzYSP,spotify:album:5WgN3EoZSf12ZyYaFxzYSP,https://open.spotify.com/album/5WgN3EoZSf12ZyYaFxzYSP,Welcome to Paradise,album,,13,2019-08-02,day,,C: 2019 Nuclear Blast; P: 2019 Nuclear Blast,,https://i.scdn.co/image/ab67616d0000b27321ebb75e78cb1e6f30794879,,0cxYOcvgOWW1MJEoWeuCvg,NorthTale,spotify:artist:0cxYOcvgOWW1MJEoWeuCvg,https://open.spotify.com/artist/0cxYOcvgOWW1MJEoWeuCvg,,,,21267,"21,267",false,Spotify public artist page,,https://i.scdn.co/image/ab6761610000e5eb6c949980fb3aab36f8347668,,0cxYOcvgOWW1MJEoWeuCvg,NorthTale,https://open.spotify.com/artist/0cxYOcvgOWW1MJEoWeuCvg,"[{""artist_id"": ""0cxYOcvgOWW1MJEoWeuCvg"", ""artist_name"": ""NorthTale"", ""artist_url"": ""https://open.spotify.com/artist/0cxYOcvgOWW1MJEoWeuCvg"", ""monthly_listeners"": ""21267"", ""monthly_listeners_display"": ""21,267"", ""is_approx"": ""false"", ""fetch_error"": """"}]","[{""artist_id"": ""0cxYOcvgOWW1MJEoWeuCvg"", ""artist_name"": ""NorthTale"", ""artist_uri"": ""spotify:artist:0cxYOcvgOWW1MJEoWeuCvg"", ""artist_url"": ""https://open.spotify.com/artist/0cxYOcvgOWW1MJEoWeuCvg"", ""artist_type"": ""artist"", ""artist_genres"": """", ""artist_spotify_api_popularity"": """", ""artist_followers_total"": """", ""artist_image_url"": ""https://i.scdn.co/image/ab6761610000e5eb6c949980fb3aab36f8347668"", ""artist_lookup_error"": """", ""artist_monthly_listeners"": ""21267"", ""artist_monthly_listeners_display"": ""21,267"", ""artist_monthly_listeners_is_approx"": ""false"", ""artist_monthly_listeners_source"": ""Spotify public artist page"", ""artist_monthly_listeners_fetch_error"": """"}]",0,,"{""spotify"": ""https://open.spotify.com/track/3mZZmANnoFr6noTgxc8Zll""}",{}
week5_17august,2026-08-17T07:40:10+00:00,Spotify,Aysima Karçaaltıncaba,aaaaysimaaaa,Week5_User1,Week5_User1,3o7tWaKCEQrxZKgjTeCTlY,spotify:playlist:3o7tWaKCEQrxZKgjTeCTlY,https://open.spotify.com/playlist/3o7tWaKCEQrxZKgjTeCTlY,,aaaaysimaaaa,Aysima Karçaaltıncaba,True,False,0,AAAAA7woI1LBGKeouasxqcGKJpYG89kw,,17,2026-08-17T07:24:52Z,aaaaysimaaaa,primary_artist_monthly_listeners,66599,"66,599",Spotify public artist page,false,,5KLo9eFnM1tJf3InY9s7jJ,spotify:track:5KLo9eFnM1tJf3InY9s7jJ,https://open.spotify.com/track/5KLo9eFnM1tJf3InY9s7jJ,Rider of the Astral Fire,track,3,1,312426,312.426,False,False,True,,https://api.spotify.com/v1/tracks/5KLo9eFnM1tJf3InY9s7jJ,https://api.spotify.com/v1/tracks/5KLo9eFnM1tJf3InY9s7jJ,,,DET270204503,,,3yXFMoGuPR3AnHcHcWVRiY,spotify:album:3yXFMoGuPR3AnHcHcWVRiY,https://open.spotify.com/album/3yXFMoGuPR3AnHcHcWVRiY,Prophet of the Last Eclipse,album,,10,2002,year,,C: (C) 2002 Limb Music; P: (P) 2002 Limb Music,,https://i.scdn.co/image/ab67616d0000b273cff130b5b3683e97bfc84cee,,6SyqLkNwRYl5nXTRpfodcG,Luca Turilli (Band),spotify:artist:6SyqLkNwRYl5nXTRpfodcG,https://open.spotify.com/artist/6SyqLkNwRYl5nXTRpfodcG,,,,66599,"66,599",false,Spotify public artist page,,https://i.scdn.co/image/ab6761610000e5ebd963fb168e4e1000df3dcc47,,6SyqLkNwRYl5nXTRpfodcG,Luca Turilli (Band),https://open.spotify.com/artist/6SyqLkNwRYl5nXTRpfodcG,"[{""artist_id"": ""6SyqLkNwRYl5nXTRpfodcG"", ""artist_name"": ""Luca Turilli (Band)"", ""artist_url"": ""https://open.spotify.com/artist/6SyqLkNwRYl5nXTRpfodcG"", ""monthly_listeners"": ""66599"", ""monthly_listeners_display"": ""66,599"", ""is_approx"": ""false"", ""fetch_error"": """"}]","[{""artist_id"": ""6SyqLkNwRYl5nXTRpfodcG"", ""artist_name"": ""Luca Turilli (Band)"", ""artist_uri"": ""spotify:artist:6SyqLkNwRYl5nXTRpfodcG"", ""artist_url"": ""https://open.spotify.com/artist/6SyqLkNwRYl5nXTRpfodcG"", ""artist_type"": ""artist"", ""artist_genres"": """", ""artist_spotify_api_popularity"": """", ""artist_followers_total"": """", ""artist_image_url"": ""https://i.scdn.co/image/ab6761610000e5ebd963fb168e4e1000df3dcc47"", ""artist_lookup_error"": """", ""artist_monthly_listeners"": ""66599"", ""artist_monthly_listeners_display"": ""66,599"", ""artist_monthly_listeners_is_approx"": ""false"", ""artist_monthly_listeners_source"": ""Spotify public artist page"", ""artist_monthly_listeners_fetch_error"": """"}]",0,,"{""spotify"": ""https://open.spotify.com/track/5KLo9eFnM1tJf3InY9s7jJ""}",{}
week5_17august,2026-08-17T07:40:10+00:00,Spotify,Aysima Karçaaltıncaba,aaaaysimaaaa,Week5_User1,Week5_User1,3o7tWaKCEQrxZKgjTeCTlY,spotify:playlist:3o7tWaKCEQrxZKgjTeCTlY,https://open.spotify.com/playlist/3o7tWaKCEQrxZKgjTeCTlY,,aaaaysimaaaa,Aysima Karçaaltıncaba,True,False,0,AAAAA7woI1LBGKeouasxqcGKJpYG89kw,,18,2026-08-17T07:24:52Z,aaaaysimaaaa,primary_artist_monthly_listeners,400540,"400,540",Spotify public artist page,false,,4Du5T47AodxH9wp07vnis7,spotify:track:4Du5T47AodxH9wp07vnis7,https://open.spotify.com/track/4Du5T47AodxH9wp07vnis7,Power Of The Night,track,1,1,315573,315.573,False,False,True,,https://api.spotify.com/v1/tracks/4Du5T47AodxH9wp07vnis7,https://api.spotify.com/v1/tracks/4Du5T47AodxH9wp07vnis7,,,DEH840900479,,,359sP58SzwVgT6mxWCVVJL,spotify:album:359sP58SzwVgT6mxWCVVJL,https://open.spotify.com/album/359sP58SzwVgT6mxWCVVJL,Power of the Night (2011 Edition),album,,12,1985,year,,C: 2011 Savatage Inc. under exclusive license to Edel Germany GmbH. earMUSIC is a project of Edel.; P: 2011 Savatage Inc. under exclusive license to Edel Germany GmbH. earMUSIC is a project of Edel.,,https://i.scdn.co/image/ab67616d0000b273b67fbc42cee39aae8f2a1af8,,3N1B1g6JtIgd6ClRkzD4yT,Savatage,spotify:artist:3N1B1g6JtIgd6ClRkzD4yT,https://open.spotify.com/artist/3N1B1g6JtIgd6ClRkzD4yT,,,,400540,"400,540",false,Spotify public artist page,,https://i.scdn.co/image/ab6761610000e5eb28ce3420531dadeaea4d8aef,,3N1B1g6JtIgd6ClRkzD4yT,Savatage,https://open.spotify.com/artist/3N1B1g6JtIgd6ClRkzD4yT,"[{""artist_id"": ""3N1B1g6JtIgd6ClRkzD4yT"", ""artist_name"": ""Savatage"", ""artist_url"": ""https://open.spotify.com/artist/3N1B1g6JtIgd6ClRkzD4yT"", ""monthly_listeners"": ""400540"", ""monthly_listeners_display"": ""400,540"", ""is_approx"": ""false"", ""fetch_error"": """"}]","[{""artist_id"": ""3N1B1g6JtIgd6ClRkzD4yT"", ""artist_name"": ""Savatage"", ""artist_uri"": ""spotify:artist:3N1B1g6JtIgd6ClRkzD4yT"", ""artist_url"": ""https://open.spotify.com/artist/3N1B1g6JtIgd6ClRkzD4yT"", ""artist_type"": ""artist"", ""artist_genres"": """", ""artist_spotify_api_popularity"": """", ""artist_followers_total"": """", ""artist_image_url"": ""https://i.scdn.co/image/ab6761610000e5eb28ce3420531dadeaea4d8aef"", ""artist_lookup_error"": """", ""artist_monthly_listeners"": ""400540"", ""artist_monthly_listeners_display"": ""400,540"", ""artist_monthly_listeners_is_approx"": ""false"", ""artist_monthly_listeners_source"": ""Spotify public artist page"", ""artist_monthly_listeners_fetch_error"": """"}]",0,,"{""spotify"": ""https://open.spotify.com/track/4Du5T47AodxH9wp07vnis7""}",{}
week5_17august,2026-08-17T07:40:10+00:00,Spotify,Aysima Karçaaltıncaba,aaaaysimaaaa,Week5_User1,Week5_User1,3o7tWaKCEQrxZKgjTeCTlY,spotify:playlist:3o7tWaKCEQrxZKgjTeCTlY,https://open.spotify.com/playlist/3o7tWaKCEQrxZKgjTeCTlY,,aaaaysimaaaa,Aysima Karçaaltıncaba,True,False,0,AAAAA7woI1LBGKeouasxqcGKJpYG89kw,,19,2026-08-17T07:24:52Z,aaaaysimaaaa,primary_artist_monthly_listeners,14053,"14,053",Spotify public artist page,false,,4t9ax3CjKoJUCn4mO6QS9d,spotify:track:4t9ax3CjKoJUCn4mO6QS9d,https://open.spotify.com/track/4t9ax3CjKoJUCn4mO6QS9d,Full Throttle,track,2,1,230964,230.964,False,False,True,,https://api.spotify.com/v1/tracks/4t9ax3CjKoJUCn4mO6QS9d,https://api.spotify.com/v1/tracks/4t9ax3CjKoJUCn4mO6QS9d,,,DEU601606525,,,6NTy6aMObIjW1FRLc36jZU,spotify:album:6NTy6aMObIjW1FRLc36jZU,https://open.spotify.com/album/6NTy6aMObIjW1FRLc36jZU,Burn up the Night,album,,8,2016-09-23,day,,C: 2016 AFM Records; P: 2016 AFM Records,,https://i.scdn.co/image/ab67616d0000b273e172371c64895da14e51ec64,,0SmK0Nh1fuDYGSGWDI3eVh,Kryptos,spotify:artist:0SmK0Nh1fuDYGSGWDI3eVh,https://open.spotify.com/artist/0SmK0Nh1fuDYGSGWDI3eVh,,,,14053,"14,053",false,Spotify public artist page,,https://i.scdn.co/image/ab6761610000e5ebca00a79ff51150dac65c4aa1,,0SmK0Nh1fuDYGSGWDI3eVh,Kryptos,https://open.spotify.com/artist/0SmK0Nh1fuDYGSGWDI3eVh,"[{""artist_id"": ""0SmK0Nh1fuDYGSGWDI3eVh"", ""artist_name"": ""Kryptos"", ""artist_url"": ""https://open.spotify.com/artist/0SmK0Nh1fuDYGSGWDI3eVh"", ""monthly_listeners"": ""14053"", ""monthly_listeners_display"": ""14,053"", ""is_approx"": ""false"", ""fetch_error"": """"}]","[{""artist_id"": ""0SmK0Nh1fuDYGSGWDI3eVh"", ""artist_name"": ""Kryptos"", ""artist_uri"": ""spotify:artist:0SmK0Nh1fuDYGSGWDI3eVh"", ""artist_url"": ""https://open.spotify.com/artist/0SmK0Nh1fuDYGSGWDI3eVh"", ""artist_type"": ""artist"", ""artist_genres"": """", ""artist_spotify_api_popularity"": """", ""artist_followers_total"": """", ""artist_image_url"": ""https://i.scdn.co/image/ab6761610000e5ebca00a79ff51150dac65c4aa1"", ""artist_lookup_error"": """", ""artist_monthly_listeners"": ""14053"", ""artist_monthly_listeners_display"": ""14,053"", ""artist_monthly_listeners_is_approx"": ""false"", ""artist_monthly_listeners_source"": ""Spotify public artist page"", ""artist_monthly_listeners_fetch_error"": """"}]",0,,"{""spotify"": ""https://open.spotify.com/track/4t9ax3CjKoJUCn4mO6QS9d""}",{}
week5_17august,2026-08-17T07:40:10+00:00,Spotify,Aysima Karçaaltıncaba,aaaaysimaaaa,Week5_User1,Week5_User1,3o7tWaKCEQrxZKgjTeCTlY,spotify:playlist:3o7tWaKCEQrxZKgjTeCTlY,https://open.spotify.com/playlist/3o7tWaKCEQrxZKgjTeCTlY,,aaaaysimaaaa,Aysima Karçaaltıncaba,True,False,0,AAAAA7woI1LBGKeouasxqcGKJpYG89kw,,20,2026-08-17T07:24:52Z,aaaaysimaaaa,primary_artist_monthly_listeners,142414,"142,414",Spotify public artist page,false,,5IJIWsdDqJ5guZpNliKHJQ,spotify:track:5IJIWsdDqJ5guZpNliKHJQ,https://open.spotify.com/track/5IJIWsdDqJ5guZpNliKHJQ,The Divided Heart,track,7,1,278266,278.266,False,False,True,,https://api.spotify.com/v1/tracks/5IJIWsdDqJ5guZpNliKHJQ,https://api.spotify.com/v1/tracks/5IJIWsdDqJ5guZpNliKHJQ,,,DEU600700814,,,3qgEfg7iF3pwX6X4hsWuVE,spotify:album:3qgEfg7iF3pwX6X4hsWuVE,https://open.spotify.com/album/3qgEfg7iF3pwX6X4hsWuVE,The Scythe,album,,10,2007-09-14,day,,C: 2007 AFM Records; P: 2007 AFM Records,,https://i.scdn.co/image/ab67616d0000b273f4c6a206092b475491e5e37c,,09b5OcuIELTdD7FfzQzcdB,Elvenking,spotify:artist:09b5OcuIELTdD7FfzQzcdB,https://open.spotify.com/artist/09b5OcuIELTdD7FfzQzcdB,,,,142414,"142,414",false,Spotify public artist page,,https://i.scdn.co/image/ab6761610000e5eb7d9ebf7fb6d88f7efe184437,,09b5OcuIELTdD7FfzQzcdB,Elvenking,https://open.spotify.com/artist/09b5OcuIELTdD7FfzQzcdB,"[{""artist_id"": ""09b5OcuIELTdD7FfzQzcdB"", ""artist_name"": ""Elvenking"", ""artist_url"": ""https://open.spotify.com/artist/09b5OcuIELTdD7FfzQzcdB"", ""monthly_listeners"": ""142414"", ""monthly_listeners_display"": ""142,414"", ""is_approx"": ""false"", ""fetch_error"": """"}]","[{""artist_id"": ""09b5OcuIELTdD7FfzQzcdB"", ""artist_name"": ""Elvenking"", ""artist_uri"": ""spotify:artist:09b5OcuIELTdD7FfzQzcdB"", ""artist_url"": ""https://open.spotify.com/artist/09b5OcuIELTdD7FfzQzcdB"", ""artist_type"": ""artist"", ""artist_genres"": """", ""artist_spotify_api_popularity"": """", ""artist_followers_total"": """", ""artist_image_url"": ""https://i.scdn.co/image/ab6761610000e5eb7d9ebf7fb6d88f7efe184437"", ""artist_lookup_error"": """", ""artist_monthly_listeners"": ""142414"", ""artist_monthly_listeners_display"": ""142,414"", ""artist_monthly_listeners_is_approx"": ""false"", ""artist_monthly_listeners_source"": ""Spotify public artist page"", ""artist_monthly_listeners_fetch_error"": """"}]",0,,"{""spotify"": ""https://open.spotify.com/track/5IJIWsdDqJ5guZpNliKHJQ""}",{}
week5_17august,2026-08-17T07:40:10+00:00,Spotify,Aysima Karçaaltıncaba,aaaaysimaaaa,Week5_User1,Week5_User1,3o7tWaKCEQrxZKgjTeCTlY,spotify:playlist:3o7tWaKCEQrxZKgjTeCTlY,https://open.spotify.com/playlist/3o7tWaKCEQrxZKgjTeCTlY,,aaaaysimaaaa,Aysima Karçaaltıncaba,True,False,0,AAAAA7woI1LBGKeouasxqcGKJpYG89kw,,21,2026-08-17T07:24:52Z,aaaaysimaaaa,primary_artist_monthly_listeners,28635,"28,635",Spotify public artist page,false,,6ruhOxyV98u0nHjd4bX5KM,spotify:track:6ruhOxyV98u0nHjd4bX5KM,https://open.spotify.com/track/6ruhOxyV98u0nHjd4bX5KM,Your Time Has Come,track,2,1,303493,303.493,False,False,True,,https://api.spotify.com/v1/tracks/6ruhOxyV98u0nHjd4bX5KM,https://api.spotify.com/v1/tracks/6ruhOxyV98u0nHjd4bX5KM,,,DEH841400201,,,3cQzjRT13tkhslb7ii9NcD,spotify:album:3cQzjRT13tkhslb7ii9NcD,https://open.spotify.com/album/3cQzjRT13tkhslb7ii9NcD,Light of Dawn,album,,12,2014-08-01,day,,C: 2014 Edel Germany GmbH. earMUSIC is a project of Edel.; P: 2014 Edel Germany GmbH. earMUSIC is a project of Edel.,,https://i.scdn.co/image/ab67616d0000b27373c0fd64f80440fb41dc2601,,3DDcmHnwKjM4sQ8qm34JMU,Unisonic,spotify:artist:3DDcmHnwKjM4sQ8qm34JMU,https://open.spotify.com/artist/3DDcmHnwKjM4sQ8qm34JMU,,,,28635,"28,635",false,Spotify public artist page,,https://i.scdn.co/image/ab6761610000e5eb0be750ff9272422d98f971b0,,3DDcmHnwKjM4sQ8qm34JMU,Unisonic,https://open.spotify.com/artist/3DDcmHnwKjM4sQ8qm34JMU,"[{""artist_id"": ""3DDcmHnwKjM4sQ8qm34JMU"", ""artist_name"": ""Unisonic"", ""artist_url"": ""https://open.spotify.com/artist/3DDcmHnwKjM4sQ8qm34JMU"", ""monthly_listeners"": ""28635"", ""monthly_listeners_display"": ""28,635"", ""is_approx"": ""false"", ""fetch_error"": """"}]","[{""artist_id"": ""3DDcmHnwKjM4sQ8qm34JMU"", ""artist_name"": ""Unisonic"", ""artist_uri"": ""spotify:artist:3DDcmHnwKjM4sQ8qm34JMU"", ""artist_url"": ""https://open.spotify.com/artist/3DDcmHnwKjM4sQ8qm34JMU"", ""artist_type"": ""artist"", ""artist_genres"": """", ""artist_spotify_api_popularity"": """", ""artist_followers_total"": """", ""artist_image_url"": ""https://i.scdn.co/image/ab6761610000e5eb0be750ff9272422d98f971b0"", ""artist_lookup_error"": """", ""artist_monthly_listeners"": ""28635"", ""artist_monthly_listeners_display"": ""28,635"", ""artist_monthly_listeners_is_approx"": ""false"", ""artist_monthly_listeners_source"": ""Spotify public artist page"", ""artist_monthly_listeners_fetch_error"": """"}]",0,,"{""spotify"": ""https://open.spotify.com/track/6ruhOxyV98u0nHjd4bX5KM""}",{}
week5_17august,2026-08-17T07:40:10+00:00,Spotify,Aysima Karçaaltıncaba,aaaaysimaaaa,Week5_User1,Week5_User1,3o7tWaKCEQrxZKgjTeCTlY,spotify:playlist:3o7tWaKCEQrxZKgjTeCTlY,https://open.spotify.com/playlist/3o7tWaKCEQrxZKgjTeCTlY,,aaaaysimaaaa,Aysima Karçaaltıncaba,True,False,0,AAAAA7woI1LBGKeouasxqcGKJpYG89kw,,22,2026-08-17T07:24:52Z,aaaaysimaaaa,primary_artist_monthly_listeners,268302,"268,302",Spotify public artist page,false,,72KaasbDSttz9SKfYBVrxb,spotify:track:72KaasbDSttz9SKfYBVrxb,https://open.spotify.com/track/72KaasbDSttz9SKfYBVrxb,The Bee,track,1,1,330557,330.557,False,False,True,,https://api.spotify.com/v1/tracks/72KaasbDSttz9SKfYBVrxb,https://api.spotify.com/v1/tracks/72KaasbDSttz9SKfYBVrxb,,,DED831800285,,,3lB84cPLKnojDBlvf9w6Qm,spotify:album:3lB84cPLKnojDBlvf9w6Qm,https://open.spotify.com/album/3lB84cPLKnojDBlvf9w6Qm,Queen of Time (Deluxe Edition),album,,12,2018-05-18,day,,C: (C) 2018 Reigning Phoenix Music; P: (P) 2018 Reigning Phoenix Music,,https://i.scdn.co/image/ab67616d0000b273692c76f7f27d94e860cc9614,,2UOVgpgiNTC6KK0vSC77aD,Amorphis,spotify:artist:2UOVgpgiNTC6KK0vSC77aD,https://open.spotify.com/artist/2UOVgpgiNTC6KK0vSC77aD,,,,268302,"268,302",false,Spotify public artist page,,https://i.scdn.co/image/ab6761610000e5eb1c268fd10eb0a74442dd947e,,2UOVgpgiNTC6KK0vSC77aD,Amorphis,https://open.spotify.com/artist/2UOVgpgiNTC6KK0vSC77aD,"[{""artist_id"": ""2UOVgpgiNTC6KK0vSC77aD"", ""artist_name"": ""Amorphis"", ""artist_url"": ""https://open.spotify.com/artist/2UOVgpgiNTC6KK0vSC77aD"", ""monthly_listeners"": ""268302"", ""monthly_listeners_display"": ""268,302"", ""is_approx"": ""false"", ""fetch_error"": """"}]","[{""artist_id"": ""2UOVgpgiNTC6KK0vSC77aD"", ""artist_name"": ""Amorphis"", ""artist_uri"": ""spotify:artist:2UOVgpgiNTC6KK0vSC77aD"", ""artist_url"": ""https://open.spotify.com/artist/2UOVgpgiNTC6KK0vSC77aD"", ""artist_type"": ""artist"", ""artist_genres"": """", ""artist_spotify_api_popularity"": """", ""artist_followers_total"": """", ""artist_image_url"": ""https://i.scdn.co/image/ab6761610000e5eb1c268fd10eb0a74442dd947e"", ""artist_lookup_error"": """", ""artist_monthly_listeners"": ""268302"", ""artist_monthly_listeners_display"": ""268,302"", ""artist_monthly_listeners_is_approx"": ""false"", ""artist_monthly_listeners_source"": ""Spotify public artist page"", ""artist_monthly_listeners_fetch_error"": """"}]",0,,"{""spotify"": ""https://open.spotify.com/track/72KaasbDSttz9SKfYBVrxb""}",{}
week5_17august,2026-08-17T07:40:10+00:00,Spotify,Aysima Karçaaltıncaba,aaaaysimaaaa,Week5_User1,Week5_User1,3o7tWaKCEQrxZKgjTeCTlY,spotify:playlist:3o7tWaKCEQrxZKgjTeCTlY,https://open.spotify.com/playlist/3o7tWaKCEQrxZKgjTeCTlY,,aaaaysimaaaa,Aysima Karçaaltıncaba,True,False,0,AAAAA7woI1LBGKeouasxqcGKJpYG89kw,,23,2026-08-17T07:24:52Z,aaaaysimaaaa,primary_artist_monthly_listeners,43557,"43,557",Spotify public artist page,false,,2bukZeBP6YTLavnCsnOi1m,spotify:track:2bukZeBP6YTLavnCsnOi1m,https://open.spotify.com/track/2bukZeBP6YTLavnCsnOi1m,Salieri Strikes Back,track,9,1,317026,317.026,False,False,True,,https://api.spotify.com/v1/tracks/2bukZeBP6YTLavnCsnOi1m,https://api.spotify.com/v1/tracks/2bukZeBP6YTLavnCsnOi1m,,,FIUM70700194,,,2XYNz3UZasf7RvNctTVWBU,spotify:album:2XYNz3UZasf7RvNctTVWBU,https://open.spotify.com/album/2XYNz3UZasf7RvNctTVWBU,Beyond Abilities,album,,11,2002-01-01,day,,C: 2002 Spin-Farm Oy; P: 2002 Spin-Farm Oy,,https://i.scdn.co/image/ab67616d0000b273c72301b7fbbf7497d4386fa2,,28pvPjZ2n9xUBEHnMgupmh,Warmen,spotify:artist:28pvPjZ2n9xUBEHnMgupmh,https://open.spotify.com/artist/28pvPjZ2n9xUBEHnMgupmh,,,,43557,"43,557",false,Spotify public artist page,,https://i.scdn.co/image/ab6761610000e5ebdfaa670eb6224293dba76edf,,28pvPjZ2n9xUBEHnMgupmh,Warmen,https://open.spotify.com/artist/28pvPjZ2n9xUBEHnMgupmh,"[{""artist_id"": ""28pvPjZ2n9xUBEHnMgupmh"", ""artist_name"": ""Warmen"", ""artist_url"": ""https://open.spotify.com/artist/28pvPjZ2n9xUBEHnMgupmh"", ""monthly_listeners"": ""43557"", ""monthly_listeners_display"": ""43,557"", ""is_approx"": ""false"", ""fetch_error"": """"}]","[{""artist_id"": ""28pvPjZ2n9xUBEHnMgupmh"", ""artist_name"": ""Warmen"", ""artist_uri"": ""spotify:artist:28pvPjZ2n9xUBEHnMgupmh"", ""artist_url"": ""https://open.spotify.com/artist/28pvPjZ2n9xUBEHnMgupmh"", ""artist_type"": ""artist"", ""artist_genres"": """", ""artist_spotify_api_popularity"": """", ""artist_followers_total"": """", ""artist_image_url"": ""https://i.scdn.co/image/ab6761610000e5ebdfaa670eb6224293dba76edf"", ""artist_lookup_error"": """", ""artist_monthly_listeners"": ""43557"", ""artist_monthly_listeners_display"": ""43,557"", ""artist_monthly_listeners_is_approx"": ""false"", ""artist_monthly_listeners_source"": ""Spotify public artist page"", ""artist_monthly_listeners_fetch_error"": """"}]",0,,"{""spotify"": ""https://open.spotify.com/track/2bukZeBP6YTLavnCsnOi1m""}",{}
week5_17august,2026-08-17T07:40:10+00:00,Spotify,Aysima Karçaaltıncaba,aaaaysimaaaa,Week5_User1,Week5_User1,3o7tWaKCEQrxZKgjTeCTlY,spotify:playlist:3o7tWaKCEQrxZKgjTeCTlY,https://open.spotify.com/playlist/3o7tWaKCEQrxZKgjTeCTlY,,aaaaysimaaaa,Aysima Karçaaltıncaba,True,False,0,AAAAA7woI1LBGKeouasxqcGKJpYG89kw,,24,2026-08-17T07:24:52Z,aaaaysimaaaa,primary_artist_monthly_listeners,21323,"21,323",Spotify public artist page,false,,6ilG0RQrXa8qhmic4drwG1,spotify:track:6ilG0RQrXa8qhmic4drwG1,https://open.spotify.com/track/6ilG0RQrXa8qhmic4drwG1,New Revelation,track,7,1,268480,268.480,False,False,True,,https://api.spotify.com/v1/tracks/6ilG0RQrXa8qhmic4drwG1,https://api.spotify.com/v1/tracks/6ilG0RQrXa8qhmic4drwG1,,,DEDL81002428,,,23T5WU1bZDaUfjG3vZqnQ2,spotify:album:23T5WU1bZDaUfjG3vZqnQ2,https://open.spotify.com/album/23T5WU1bZDaUfjG3vZqnQ2,Testament of Rock,album,,14,2011-01-25,day,,C: 2011 Metalville Records; P: 2011 Metalville Records,,https://i.scdn.co/image/ab67616d0000b27314c72d55447a62c8172490b0,,0lc8BWRWnjTL78iCV21Bo9,Astral Doors,spotify:artist:0lc8BWRWnjTL78iCV21Bo9,https://open.spotify.com/artist/0lc8BWRWnjTL78iCV21Bo9,,,,21323,"21,323",false,Spotify public artist page,,https://i.scdn.co/image/ab6761610000e5ebc8624f5b26fbe85ed5dce2e6,,0lc8BWRWnjTL78iCV21Bo9,Astral Doors,https://open.spotify.com/artist/0lc8BWRWnjTL78iCV21Bo9,"[{""artist_id"": ""0lc8BWRWnjTL78iCV21Bo9"", ""artist_name"": ""Astral Doors"", ""artist_url"": ""https://open.spotify.com/artist/0lc8BWRWnjTL78iCV21Bo9"", ""monthly_listeners"": ""21323"", ""monthly_listeners_display"": ""21,323"", ""is_approx"": ""false"", ""fetch_error"": """"}]","[{""artist_id"": ""0lc8BWRWnjTL78iCV21Bo9"", ""artist_name"": ""Astral Doors"", ""artist_uri"": ""spotify:artist:0lc8BWRWnjTL78iCV21Bo9"", ""artist_url"": ""https://open.spotify.com/artist/0lc8BWRWnjTL78iCV21Bo9"", ""artist_type"": ""artist"", ""artist_genres"": """", ""artist_spotify_api_popularity"": """", ""artist_followers_total"": """", ""artist_image_url"": ""https://i.scdn.co/image/ab6761610000e5ebc8624f5b26fbe85ed5dce2e6"", ""artist_lookup_error"": """", ""artist_monthly_listeners"": ""21323"", ""artist_monthly_listeners_display"": ""21,323"", ""artist_monthly_listeners_is_approx"": ""false"", ""artist_monthly_listeners_source"": ""Spotify public artist page"", ""artist_monthly_listeners_fetch_error"": """"}]",0,,"{""spotify"": ""https://open.spotify.com/track/6ilG0RQrXa8qhmic4drwG1""}",{}
week5_17august,2026-08-17T07:40:10+00:00,Spotify,Aysima Karçaaltıncaba,aaaaysimaaaa,Week5_User1,Week5_User1,3o7tWaKCEQrxZKgjTeCTlY,spotify:playlist:3o7tWaKCEQrxZKgjTeCTlY,https://open.spotify.com/playlist/3o7tWaKCEQrxZKgjTeCTlY,,aaaaysimaaaa,Aysima Karçaaltıncaba,True,False,0,AAAAA7woI1LBGKeouasxqcGKJpYG89kw,,25,2026-08-17T07:24:52Z,aaaaysimaaaa,primary_artist_monthly_listeners,1141054,"1,141,054",Spotify public artist page,false,,6gW1rK5HmWtTf1wU3dqmAs,spotify:track:6gW1rK5HmWtTf1wU3dqmAs,https://open.spotify.com/track/6gW1rK5HmWtTf1wU3dqmAs,Armata Strigoi - Live At Olympiahalle,track,8,1,395090,395.090,False,False,True,,https://api.spotify.com/v1/tracks/6gW1rK5HmWtTf1wU3dqmAs,https://api.spotify.com/v1/tracks/6gW1rK5HmWtTf1wU3dqmAs,,,ATN262636508,,,0sYsti82VA37zLESxDYVsm,spotify:album:0sYsti82VA37zLESxDYVsm,https://open.spotify.com/album/0sYsti82VA37zLESxDYVsm,Wildlive (Live at Olympiahalle) [Deluxe Version],album,,39,2026-02-13,day,,C: (C) 2026 Napalm Records Handels GmbH; P: (P) 2026 Napalm Records Handels GmbH,,https://i.scdn.co/image/ab67616d0000b2732444553f20aada2cf7206d77,,5HFkc3t0HYETL4JeEbDB1v,Powerwolf,spotify:artist:5HFkc3t0HYETL4JeEbDB1v,https://open.spotify.com/artist/5HFkc3t0HYETL4JeEbDB1v,,,,1141054,"1,141,054",false,Spotify public artist page,,https://i.scdn.co/image/ab6761610000e5eb7eebe31d9542992df74099f3,,5HFkc3t0HYETL4JeEbDB1v,Powerwolf,https://open.spotify.com/artist/5HFkc3t0HYETL4JeEbDB1v,"[{""artist_id"": ""5HFkc3t0HYETL4JeEbDB1v"", ""artist_name"": ""Powerwolf"", ""artist_url"": ""https://open.spotify.com/artist/5HFkc3t0HYETL4JeEbDB1v"", ""monthly_listeners"": ""1141054"", ""monthly_listeners_display"": ""1,141,054"", ""is_approx"": ""false"", ""fetch_error"": """"}]","[{""artist_id"": ""5HFkc3t0HYETL4JeEbDB1v"", ""artist_name"": ""Powerwolf"", ""artist_uri"": ""spotify:artist:5HFkc3t0HYETL4JeEbDB1v"", ""artist_url"": ""https://open.spotify.com/artist/5HFkc3t0HYETL4JeEbDB1v"", ""artist_type"": ""artist"", ""artist_genres"": """", ""artist_spotify_api_popularity"": """", ""artist_followers_total"": """", ""artist_image_url"": ""https://i.scdn.co/image/ab6761610000e5eb7eebe31d9542992df74099f3"", ""artist_lookup_error"": """", ""artist_monthly_listeners"": ""1141054"", ""artist_monthly_listeners_display"": ""1,141,054"", ""artist_monthly_listeners_is_approx"": ""false"", ""artist_monthly_listeners_source"": ""Spotify public artist page"", ""artist_monthly_listeners_fetch_error"": """"}]",0,,"{""spotify"": ""https://open.spotify.com/track/6gW1rK5HmWtTf1wU3dqmAs""}",{}
week5_17august,2026-08-17T07:40:10+00:00,Spotify,Aysima Karçaaltıncaba,aaaaysimaaaa,Week5_User1,Week5_User1,3o7tWaKCEQrxZKgjTeCTlY,spotify:playlist:3o7tWaKCEQrxZKgjTeCTlY,https://open.spotify.com/playlist/3o7tWaKCEQrxZKgjTeCTlY,,aaaaysimaaaa,Aysima Karçaaltıncaba,True,False,0,AAAAA7woI1LBGKeouasxqcGKJpYG89kw,,26,2026-08-17T07:24:52Z,aaaaysimaaaa,primary_artist_monthly_listeners,30327,"30,327",Spotify public artist page,false,,3wh5MasSWNaLcbXNe7bffS,spotify:track:3wh5MasSWNaLcbXNe7bffS,https://open.spotify.com/track/3wh5MasSWNaLcbXNe7bffS,Beyond The Rainbow Bridge,track,11,1,248893,248.893,False,False,True,,https://api.spotify.com/v1/tracks/3wh5MasSWNaLcbXNe7bffS,https://api.spotify.com/v1/tracks/3wh5MasSWNaLcbXNe7bffS,,,DEA452401560,,,2ZYp47lVyM4suksutbKGFE,spotify:album:2ZYp47lVyM4suksutbKGFE,https://open.spotify.com/album/2ZYp47lVyM4suksutbKGFE,Hic Svnt Dracones,album,,12,2024-10-11,day,,C: (C) 2024 Steamhammer; P: (P) 2024 Steamhammer,,https://i.scdn.co/image/ab67616d0000b2738b543e4df1d7cfe8430f77f8,,4ZGFYwFpBWxq6FxqilvRJT,Dragony,spotify:artist:4ZGFYwFpBWxq6FxqilvRJT,https://open.spotify.com/artist/4ZGFYwFpBWxq6FxqilvRJT,,,,30327,"30,327",false,Spotify public artist page,,https://i.scdn.co/image/ab6761610000e5eb37437b584bd4ccbdac075bec,,4ZGFYwFpBWxq6FxqilvRJT,Dragony,https://open.spotify.com/artist/4ZGFYwFpBWxq6FxqilvRJT,"[{""artist_id"": ""4ZGFYwFpBWxq6FxqilvRJT"", ""artist_name"": ""Dragony"", ""artist_url"": ""https://open.spotify.com/artist/4ZGFYwFpBWxq6FxqilvRJT"", ""monthly_listeners"": ""30327"", ""monthly_listeners_display"": ""30,327"", ""is_approx"": ""false"", ""fetch_error"": """"}]","[{""artist_id"": ""4ZGFYwFpBWxq6FxqilvRJT"", ""artist_name"": ""Dragony"", ""artist_uri"": ""spotify:artist:4ZGFYwFpBWxq6FxqilvRJT"", ""artist_url"": ""https://open.spotify.com/artist/4ZGFYwFpBWxq6FxqilvRJT"", ""artist_type"": ""artist"", ""artist_genres"": """", ""artist_spotify_api_popularity"": """", ""artist_followers_total"": """", ""artist_image_url"": ""https://i.scdn.co/image/ab6761610000e5eb37437b584bd4ccbdac075bec"", ""artist_lookup_error"": """", ""artist_monthly_listeners"": ""30327"", ""artist_monthly_listeners_display"": ""30,327"", ""artist_monthly_listeners_is_approx"": ""false"", ""artist_monthly_listeners_source"": ""Spotify public artist page"", ""artist_monthly_listeners_fetch_error"": """"}]",0,,"{""spotify"": ""https://open.spotify.com/track/3wh5MasSWNaLcbXNe7bffS""}",{}
week5_17august,2026-08-17T07:40:10+00:00,Spotify,Aysima Karçaaltıncaba,aaaaysimaaaa,Week5_User1,Week5_User1,3o7tWaKCEQrxZKgjTeCTlY,spotify:playlist:3o7tWaKCEQrxZKgjTeCTlY,https://open.spotify.com/playlist/3o7tWaKCEQrxZKgjTeCTlY,,aaaaysimaaaa,Aysima Karçaaltıncaba,True,False,0,AAAAA7woI1LBGKeouasxqcGKJpYG89kw,,27,2026-08-17T07:24:52Z,aaaaysimaaaa,primary_artist_monthly_listeners,25681,"25,681",Spotify public artist page,false,,1UJBZ2eOZGYI9jHpPMxiTR,spotify:track:1UJBZ2eOZGYI9jHpPMxiTR,https://open.spotify.com/track/1UJBZ2eOZGYI9jHpPMxiTR,I Spit on Your Grave,track,1,1,243600,243.600,False,False,True,,https://api.spotify.com/v1/tracks/1UJBZ2eOZGYI9jHpPMxiTR,https://api.spotify.com/v1/tracks/1UJBZ2eOZGYI9jHpPMxiTR,,,DED830161301,,,0RExpkLhSxTjnexywriEzs,spotify:album:0RExpkLhSxTjnexywriEzs,https://open.spotify.com/album/0RExpkLhSxTjnexywriEzs,Suicide by My Side,album,,10,2002-01-14,day,,C: 2002 Nuclear Blast; P: 2002 Nuclear Blast,,https://i.scdn.co/image/ab67616d0000b273f2e3019451296ce21965328b,,4rh9OYS6oUILiTsDgzIboL,Sinergy,spotify:artist:4rh9OYS6oUILiTsDgzIboL,https://open.spotify.com/artist/4rh9OYS6oUILiTsDgzIboL,,,,25681,"25,681",false,Spotify public artist page,,https://i.scdn.co/image/ab67616d0000b273f2e3019451296ce21965328b,,4rh9OYS6oUILiTsDgzIboL,Sinergy,https://open.spotify.com/artist/4rh9OYS6oUILiTsDgzIboL,"[{""artist_id"": ""4rh9OYS6oUILiTsDgzIboL"", ""artist_name"": ""Sinergy"", ""artist_url"": ""https://open.spotify.com/artist/4rh9OYS6oUILiTsDgzIboL"", ""monthly_listeners"": ""25681"", ""monthly_listeners_display"": ""25,681"", ""is_approx"": ""false"", ""fetch_error"": """"}]","[{""artist_id"": ""4rh9OYS6oUILiTsDgzIboL"", ""artist_name"": ""Sinergy"", ""artist_uri"": ""spotify:artist:4rh9OYS6oUILiTsDgzIboL"", ""artist_url"": ""https://open.spotify.com/artist/4rh9OYS6oUILiTsDgzIboL"", ""artist_type"": ""artist"", ""artist_genres"": """", ""artist_spotify_api_popularity"": """", ""artist_followers_total"": """", ""artist_image_url"": ""https://i.scdn.co/image/ab67616d0000b273f2e3019451296ce21965328b"", ""artist_lookup_error"": """", ""artist_monthly_listeners"": ""25681"", ""artist_monthly_listeners_display"": ""25,681"", ""artist_monthly_listeners_is_approx"": ""false"", ""artist_monthly_listeners_source"": ""Spotify public artist page"", ""artist_monthly_listeners_fetch_error"": """"}]",0,,"{""spotify"": ""https://open.spotify.com/track/1UJBZ2eOZGYI9jHpPMxiTR""}",{}
week5_17august,2026-08-17T07:40:10+00:00,Spotify,Aysima Karçaaltıncaba,aaaaysimaaaa,Week5_User1,Week5_User1,3o7tWaKCEQrxZKgjTeCTlY,spotify:playlist:3o7tWaKCEQrxZKgjTeCTlY,https://open.spotify.com/playlist/3o7tWaKCEQrxZKgjTeCTlY,,aaaaysimaaaa,Aysima Karçaaltıncaba,True,False,0,AAAAA7woI1LBGKeouasxqcGKJpYG89kw,,28,2026-08-17T07:24:52Z,aaaaysimaaaa,primary_artist_monthly_listeners,45519,"45,519",Spotify public artist page,false,,4PevqJzeWn57SJld7ty3xM,spotify:track:4PevqJzeWn57SJld7ty3xM,https://open.spotify.com/track/4PevqJzeWn57SJld7ty3xM,Winds of Time,track,1,1,640306,640.306,False,False,True,,https://api.spotify.com/v1/tracks/4PevqJzeWn57SJld7ty3xM,https://api.spotify.com/v1/tracks/4PevqJzeWn57SJld7ty3xM,,,QT55Y2569691,,,2xZIU1PggMA6Pu9bpNfICG,spotify:album:2xZIU1PggMA6Pu9bpNfICG,https://open.spotify.com/album/2xZIU1PggMA6Pu9bpNfICG,Winds of Time,album,,8,2025-10-17,day,,C: 2025 Wings of Steel; P: 2025 Wings of Steel,,https://i.scdn.co/image/ab67616d0000b27324b7b877a21fa80bbee310e2,,0y43lCvntQtyFlhCABGb0T,Wings of Steel,spotify:artist:0y43lCvntQtyFlhCABGb0T,https://open.spotify.com/artist/0y43lCvntQtyFlhCABGb0T,,,,45519,"45,519",false,Spotify public artist page,,https://i.scdn.co/image/ab6761610000e5ebf0ec514bb1af4546a9f63f24,,0y43lCvntQtyFlhCABGb0T,Wings of Steel,https://open.spotify.com/artist/0y43lCvntQtyFlhCABGb0T,"[{""artist_id"": ""0y43lCvntQtyFlhCABGb0T"", ""artist_name"": ""Wings of Steel"", ""artist_url"": ""https://open.spotify.com/artist/0y43lCvntQtyFlhCABGb0T"", ""monthly_listeners"": ""45519"", ""monthly_listeners_display"": ""45,519"", ""is_approx"": ""false"", ""fetch_error"": """"}]","[{""artist_id"": ""0y43lCvntQtyFlhCABGb0T"", ""artist_name"": ""Wings of Steel"", ""artist_uri"": ""spotify:artist:0y43lCvntQtyFlhCABGb0T"", ""artist_url"": ""https://open.spotify.com/artist/0y43lCvntQtyFlhCABGb0T"", ""artist_type"": ""artist"", ""artist_genres"": """", ""artist_spotify_api_popularity"": """", ""artist_followers_total"": """", ""artist_image_url"": ""https://i.scdn.co/image/ab6761610000e5ebf0ec514bb1af4546a9f63f24"", ""artist_lookup_error"": """", ""artist_monthly_listeners"": ""45519"", ""artist_monthly_listeners_display"": ""45,519"", ""artist_monthly_listeners_is_approx"": ""false"", ""artist_monthly_listeners_source"": ""Spotify public artist page"", ""artist_monthly_listeners_fetch_error"": """"}]",0,,"{""spotify"": ""https://open.spotify.com/track/4PevqJzeWn57SJld7ty3xM""}",{}
week5_17august,2026-08-17T07:40:10+00:00,Spotify,Aysima Karçaaltıncaba,aaaaysimaaaa,Week5_User1,Week5_User1,3o7tWaKCEQrxZKgjTeCTlY,spotify:playlist:3o7tWaKCEQrxZKgjTeCTlY,https://open.spotify.com/playlist/3o7tWaKCEQrxZKgjTeCTlY,,aaaaysimaaaa,Aysima Karçaaltıncaba,True,False,0,AAAAA7woI1LBGKeouasxqcGKJpYG89kw,,29,2026-08-17T07:24:52Z,aaaaysimaaaa,primary_artist_monthly_listeners,134251,"134,251",Spotify public artist page,false,,7mRU37KJaA0FKrbjzOvpvE,spotify:track:7mRU37KJaA0FKrbjzOvpvE,https://open.spotify.com/track/7mRU37KJaA0FKrbjzOvpvE,Dragons Never Die,track,3,1,181013,181.013,False,False,True,,https://api.spotify.com/v1/tracks/7mRU37KJaA0FKrbjzOvpvE,https://api.spotify.com/v1/tracks/7mRU37KJaA0FKrbjzOvpvE,,,USMBR2316103,,,5WzRHf08RmLiHQLoqBhPwY,spotify:album:5WzRHf08RmLiHQLoqBhPwY,https://open.spotify.com/album/5WzRHf08RmLiHQLoqBhPwY,Battle Ballads,album,,10,2024-04-12,day,,"C: (C) 2024 Metal Blade Records, Inc.; P: (P) 2024 Metal Blade Records, Inc.",,https://i.scdn.co/image/ab67616d0000b273d337af83eb1370705b30704b,,6TmGNPW2oDM5uaXBILozGa,Týr,spotify:artist:6TmGNPW2oDM5uaXBILozGa,https://open.spotify.com/artist/6TmGNPW2oDM5uaXBILozGa,,,,134251,"134,251",false,Spotify public artist page,,https://i.scdn.co/image/ab6761610000e5eb8201145b953841a3828095b3,,6TmGNPW2oDM5uaXBILozGa,Týr,https://open.spotify.com/artist/6TmGNPW2oDM5uaXBILozGa,"[{""artist_id"": ""6TmGNPW2oDM5uaXBILozGa"", ""artist_name"": ""Týr"", ""artist_url"": ""https://open.spotify.com/artist/6TmGNPW2oDM5uaXBILozGa"", ""monthly_listeners"": ""134251"", ""monthly_listeners_display"": ""134,251"", ""is_approx"": ""false"", ""fetch_error"": """"}]","[{""artist_id"": ""6TmGNPW2oDM5uaXBILozGa"", ""artist_name"": ""Týr"", ""artist_uri"": ""spotify:artist:6TmGNPW2oDM5uaXBILozGa"", ""artist_url"": ""https://open.spotify.com/artist/6TmGNPW2oDM5uaXBILozGa"", ""artist_type"": ""artist"", ""artist_genres"": """", ""artist_spotify_api_popularity"": """", ""artist_followers_total"": """", ""artist_image_url"": ""https://i.scdn.co/image/ab6761610000e5eb8201145b953841a3828095b3"", ""artist_lookup_error"": """", ""artist_monthly_listeners"": ""134251"", ""artist_monthly_listeners_display"": ""134,251"", ""artist_monthly_listeners_is_approx"": ""false"", ""artist_monthly_listeners_source"": ""Spotify public artist page"", ""artist_monthly_listeners_fetch_error"": """"}]",0,,"{""spotify"": ""https://open.spotify.com/track/7mRU37KJaA0FKrbjzOvpvE""}",{}
week5_17august,2026-08-17T07:40:10+00:00,Spotify,Aysima Karçaaltıncaba,aaaaysimaaaa,Week5_User1,Week5_User1,3o7tWaKCEQrxZKgjTeCTlY,spotify:playlist:3o7tWaKCEQrxZKgjTeCTlY,https://open.spotify.com/playlist/3o7tWaKCEQrxZKgjTeCTlY,,aaaaysimaaaa,Aysima Karçaaltıncaba,True,False,0,AAAAA7woI1LBGKeouasxqcGKJpYG89kw,,30,2026-08-17T07:24:52Z,aaaaysimaaaa,primary_artist_monthly_listeners,222937,"222,937",Spotify public artist page,false,,6hlUmAQ9aaeGs9e987h6RK,spotify:track:6hlUmAQ9aaeGs9e987h6RK,https://open.spotify.com/track/6hlUmAQ9aaeGs9e987h6RK,Dystopia,track,1,1,349013,349.013,False,False,True,,https://api.spotify.com/v1/tracks/6hlUmAQ9aaeGs9e987h6RK,https://api.spotify.com/v1/tracks/6hlUmAQ9aaeGs9e987h6RK,,,US4E41172701,,,6la9AnaFIgSo4faEDcnHQx,spotify:album:6la9AnaFIgSo4faEDcnHQx,https://open.spotify.com/album/6la9AnaFIgSo4faEDcnHQx,Dystopia,album,,10,2011,year,,P: (P) 2012 Century Media Records,,https://i.scdn.co/image/ab67616d0000b273db1ad34c659167323b074d7c,,3KEixcRfBS5K3E91Vn1Kdy,Iced Earth,spotify:artist:3KEixcRfBS5K3E91Vn1Kdy,https://open.spotify.com/artist/3KEixcRfBS5K3E91Vn1Kdy,,,,222937,"222,937",false,Spotify public artist page,,https://i.scdn.co/image/a1fa09dcb7f14ee7bad400ad8c0772f1a2ec4468,,3KEixcRfBS5K3E91Vn1Kdy,Iced Earth,https://open.spotify.com/artist/3KEixcRfBS5K3E91Vn1Kdy,"[{""artist_id"": ""3KEixcRfBS5K3E91Vn1Kdy"", ""artist_name"": ""Iced Earth"", ""artist_url"": ""https://open.spotify.com/artist/3KEixcRfBS5K3E91Vn1Kdy"", ""monthly_listeners"": ""222937"", ""monthly_listeners_display"": ""222,937"", ""is_approx"": ""false"", ""fetch_error"": """"}]","[{""artist_id"": ""3KEixcRfBS5K3E91Vn1Kdy"", ""artist_name"": ""Iced Earth"", ""artist_uri"": ""spotify:artist:3KEixcRfBS5K3E91Vn1Kdy"", ""artist_url"": ""https://open.spotify.com/artist/3KEixcRfBS5K3E91Vn1Kdy"", ""artist_type"": ""artist"", ""artist_genres"": """", ""artist_spotify_api_popularity"": """", ""artist_followers_total"": """", ""artist_image_url"": ""https://i.scdn.co/image/a1fa09dcb7f14ee7bad400ad8c0772f1a2ec4468"", ""artist_lookup_error"": """", ""artist_monthly_listeners"": ""222937"", ""artist_monthly_listeners_display"": ""222,937"", ""artist_monthly_listeners_is_approx"": ""false"", ""artist_monthly_listeners_source"": ""Spotify public artist page"", ""artist_monthly_listeners_fetch_error"": """"}]",0,,"{""spotify"": ""https://open.spotify.com/track/6hlUmAQ9aaeGs9e987h6RK""}",{}
week5_17august,2026-08-17T07:40:10+00:00,Spotify,Aysima Karçaaltıncaba,aaaaysimaaaa,Week5_User2,Week5_User2,16hG6OuPN4U9WcHxELYnFJ,spotify:playlist:16hG6OuPN4U9WcHxELYnFJ,https://open.spotify.com/playlist/16hG6OuPN4U9WcHxELYnFJ,,aaaaysimaaaa,Aysima Karçaaltıncaba,True,False,0,AAAAA9D5Xmh1jBZBRKGVcvRFawqj/LLp,,1,2026-08-17T07:07:17Z,aaaaysimaaaa,primary_artist_monthly_listeners,37150,"37,150",Spotify public artist page,false,,1udfV76sZrwghgMHIC8xdF,spotify:track:1udfV76sZrwghgMHIC8xdF,https://open.spotify.com/track/1udfV76sZrwghgMHIC8xdF,Feeding the Beast,track,1,1,297708,297.708,False,False,True,,https://api.spotify.com/v1/tracks/1udfV76sZrwghgMHIC8xdF,https://api.spotify.com/v1/tracks/1udfV76sZrwghgMHIC8xdF,,,DEH842600388,,,5Jjs5valCzIu0Hy7pUsSGH,spotify:album:5Jjs5valCzIu0Hy7pUsSGH,https://open.spotify.com/album/5Jjs5valCzIu0Hy7pUsSGH,Feeding the Beast,single,,1,2026-06-17,day,,"C: 2026 earMUSIC, a label of Edel Music & Entertainment GmbH; P: 2026 earMUSIC, a label of Edel Music & Entertainment GmbH",,https://i.scdn.co/image/ab67616d0000b273e852f9acd59602626e9789ec,,1jpvVuIxURdWfijigYFTch,Kai Hansen,spotify:artist:1jpvVuIxURdWfijigYFTch,https://open.spotify.com/artist/1jpvVuIxURdWfijigYFTch,,,,37150,"37,150",false,Spotify public artist page,,https://i.scdn.co/image/ab6761610000e5ebd421ebf80ef0353ee1c52b14,,1jpvVuIxURdWfijigYFTch; 6LZE884lDIsCSLHuTplfGp,Kai Hansen; Gamma Ray,https://open.spotify.com/artist/1jpvVuIxURdWfijigYFTch; https://open.spotify.com/artist/6LZE884lDIsCSLHuTplfGp,"[{""artist_id"": ""1jpvVuIxURdWfijigYFTch"", ""artist_name"": ""Kai Hansen"", ""artist_url"": ""https://open.spotify.com/artist/1jpvVuIxURdWfijigYFTch"", ""monthly_listeners"": ""37150"", ""monthly_listeners_display"": ""37,150"", ""is_approx"": ""false"", ""fetch_error"": """"}, {""artist_id"": ""6LZE884lDIsCSLHuTplfGp"", ""artist_name"": ""Gamma Ray"", ""artist_url"": ""https://open.spotify.com/artist/6LZE884lDIsCSLHuTplfGp"", ""monthly_listeners"": ""179130"", ""monthly_listeners_display"": ""179,130"", ""is_approx"": ""false"", ""fetch_error"": """"}]","[{""artist_id"": ""1jpvVuIxURdWfijigYFTch"", ""artist_name"": ""Kai Hansen"", ""artist_uri"": ""spotify:artist:1jpvVuIxURdWfijigYFTch"", ""artist_url"": ""https://open.spotify.com/artist/1jpvVuIxURdWfijigYFTch"", ""artist_type"": ""artist"", ""artist_genres"": """", ""artist_spotify_api_popularity"": """", ""artist_followers_total"": """", ""artist_image_url"": ""https://i.scdn.co/image/ab6761610000e5ebd421ebf80ef0353ee1c52b14"", ""artist_lookup_error"": """", ""artist_monthly_listeners"": ""37150"", ""artist_monthly_listeners_display"": ""37,150"", ""artist_monthly_listeners_is_approx"": ""false"", ""artist_monthly_listeners_source"": ""Spotify public artist page"", ""artist_monthly_listeners_fetch_error"": """"}, {""artist_id"": ""6LZE884lDIsCSLHuTplfGp"", ""artist_name"": ""Gamma Ray"", ""artist_uri"": ""spotify:artist:6LZE884lDIsCSLHuTplfGp"", ""artist_url"": ""https://open.spotify.com/artist/6LZE884lDIsCSLHuTplfGp"", ""artist_type"": ""artist"", ""artist_genres"": """", ""artist_spotify_api_popularity"": """", ""artist_followers_total"": """", ""artist_image_url"": ""https://i.scdn.co/image/ab6772690000c46c1110b1a024312710e7c796c4"", ""artist_lookup_error"": """", ""artist_monthly_listeners"": ""179130"", ""artist_monthly_listeners_display"": ""179,130"", ""artist_monthly_listeners_is_approx"": ""false"", ""artist_monthly_listeners_source"": ""Spotify public artist page"", ""artist_monthly_listeners_fetch_error"": """"}]",0,,"{""spotify"": ""https://open.spotify.com/track/1udfV76sZrwghgMHIC8xdF""}",{}
week5_17august,2026-08-17T07:40:10+00:00,Spotify,Aysima Karçaaltıncaba,aaaaysimaaaa,Week5_User2,Week5_User2,16hG6OuPN4U9WcHxELYnFJ,spotify:playlist:16hG6OuPN4U9WcHxELYnFJ,https://open.spotify.com/playlist/16hG6OuPN4U9WcHxELYnFJ,,aaaaysimaaaa,Aysima Karçaaltıncaba,True,False,0,AAAAA9D5Xmh1jBZBRKGVcvRFawqj/LLp,,2,2026-08-17T07:07:17Z,aaaaysimaaaa,primary_artist_monthly_listeners,868739,"868,739",Spotify public artist page,false,,06OAtSr9Yof33xxJgjpDte,spotify:track:06OAtSr9Yof33xxJgjpDte,https://open.spotify.com/track/06OAtSr9Yof33xxJgjpDte,Crimson Thunder,track,4,1,305120,305.120,False,False,True,,https://api.spotify.com/v1/tracks/06OAtSr9Yof33xxJgjpDte,https://api.spotify.com/v1/tracks/06OAtSr9Yof33xxJgjpDte,,,DED830264704,,,2uehY2zRsh0h6ZmJt8LLQi,spotify:album:2uehY2zRsh0h6ZmJt8LLQi,https://open.spotify.com/album/2uehY2zRsh0h6ZmJt8LLQi,Crimson Thunder,album,,12,2002-10-28,day,,"C: 2002 HammerFall Management, under exclusive license to Nuclear Blast GmbH; P: 2002 HammerFall Management, under exclusive license to Nuclear Blast GmbH",,https://i.scdn.co/image/ab67616d0000b273bceefa541bb181ec0b8d32e4,,2o18h28enlHxj887tATc58,HammerFall,spotify:artist:2o18h28enlHxj887tATc58,https://open.spotify.com/artist/2o18h28enlHxj887tATc58,,,,868739,"868,739",false,Spotify public artist page,,https://i.scdn.co/image/ab6761610000e5eb9a0164f238589f0c0ca31088,,2o18h28enlHxj887tATc58,HammerFall,https://open.spotify.com/artist/2o18h28enlHxj887tATc58,"[{""artist_id"": ""2o18h28enlHxj887tATc58"", ""artist_name"": ""HammerFall"", ""artist_url"": ""https://open.spotify.com/artist/2o18h28enlHxj887tATc58"", ""monthly_listeners"": ""868739"", ""monthly_listeners_display"": ""868,739"", ""is_approx"": ""false"", ""fetch_error"": """"}]","[{""artist_id"": ""2o18h28enlHxj887tATc58"", ""artist_name"": ""HammerFall"", ""artist_uri"": ""spotify:artist:2o18h28enlHxj887tATc58"", ""artist_url"": ""https://open.spotify.com/artist/2o18h28enlHxj887tATc58"", ""artist_type"": ""artist"", ""artist_genres"": """", ""artist_spotify_api_popularity"": """", ""artist_followers_total"": """", ""artist_image_url"": ""https://i.scdn.co/image/ab6761610000e5eb9a0164f238589f0c0ca31088"", ""artist_lookup_error"": """", ""artist_monthly_listeners"": ""868739"", ""artist_monthly_listeners_display"": ""868,739"", ""artist_monthly_listeners_is_approx"": ""false"", ""artist_monthly_listeners_source"": ""Spotify public artist page"", ""artist_monthly_listeners_fetch_error"": """"}]",0,,"{""spotify"": ""https://open.spotify.com/track/06OAtSr9Yof33xxJgjpDte""}",{}
week5_17august,2026-08-17T07:40:10+00:00,Spotify,Aysima Karçaaltıncaba,aaaaysimaaaa,Week5_User2,Week5_User2,16hG6OuPN4U9WcHxELYnFJ,spotify:playlist:16hG6OuPN4U9WcHxELYnFJ,https://open.spotify.com/playlist/16hG6OuPN4U9WcHxELYnFJ,,aaaaysimaaaa,Aysima Karçaaltıncaba,True,False,0,AAAAA9D5Xmh1jBZBRKGVcvRFawqj/LLp,,3,2026-08-17T07:07:17Z,aaaaysimaaaa,primary_artist_monthly_listeners,314104,"314,104",Spotify public artist page,false,,2soaqea9OtrB2gD36zNF6s,spotify:track:2soaqea9OtrB2gD36zNF6s,https://open.spotify.com/track/2soaqea9OtrB2gD36zNF6s,Tears of a Mandrake,track,1,1,431693,431.693,False,False,True,,https://api.spotify.com/v1/tracks/2soaqea9OtrB2gD36zNF6s,https://api.spotify.com/v1/tracks/2soaqea9OtrB2gD36zNF6s,,,DEZ900500471,,,2S5whZS0ouI2rHct9VJuK5,spotify:album:2S5whZS0ouI2rHct9VJuK5,https://open.spotify.com/album/2S5whZS0ouI2rHct9VJuK5,Mandrake,album,,11,2001-09-24,day,,C: 2001 AFM Records; P: 2001 AFM Records,,https://i.scdn.co/image/ab67616d0000b273ed44479d621cb05e1ed6775b,,3AGFqPP3gt5rMSvhR87Xxu,Edguy,spotify:artist:3AGFqPP3gt5rMSvhR87Xxu,https://open.spotify.com/artist/3AGFqPP3gt5rMSvhR87Xxu,,,,314104,"314,104",false,Spotify public artist page,,https://i.scdn.co/image/ab6772690000c46cec078670d746fddbe7674e78,,3AGFqPP3gt5rMSvhR87Xxu,Edguy,https://open.spotify.com/artist/3AGFqPP3gt5rMSvhR87Xxu,"[{""artist_id"": ""3AGFqPP3gt5rMSvhR87Xxu"", ""artist_name"": ""Edguy"", ""artist_url"": ""https://open.spotify.com/artist/3AGFqPP3gt5rMSvhR87Xxu"", ""monthly_listeners"": ""314104"", ""monthly_listeners_display"": ""314,104"", ""is_approx"": ""false"", ""fetch_error"": """"}]","[{""artist_id"": ""3AGFqPP3gt5rMSvhR87Xxu"", ""artist_name"": ""Edguy"", ""artist_uri"": ""spotify:artist:3AGFqPP3gt5rMSvhR87Xxu"", ""artist_url"": ""https://open.spotify.com/artist/3AGFqPP3gt5rMSvhR87Xxu"", ""artist_type"": ""artist"", ""artist_genres"": """", ""artist_spotify_api_popularity"": """", ""artist_followers_total"": """", ""artist_image_url"": ""https://i.scdn.co/image/ab6772690000c46cec078670d746fddbe7674e78"", ""artist_lookup_error"": """", ""artist_monthly_listeners"": ""314104"", ""artist_monthly_listeners_display"": ""314,104"", ""artist_monthly_listeners_is_approx"": ""false"", ""artist_monthly_listeners_source"": ""Spotify public artist page"", ""artist_monthly_listeners_fetch_error"": """"}]",0,,"{""spotify"": ""https://open.spotify.com/track/2soaqea9OtrB2gD36zNF6s""}",{}
week5_17august,2026-08-17T07:40:10+00:00,Spotify,Aysima Karçaaltıncaba,aaaaysimaaaa,Week5_User2,Week5_User2,16hG6OuPN4U9WcHxELYnFJ,spotify:playlist:16hG6OuPN4U9WcHxELYnFJ,https://open.spotify.com/playlist/16hG6OuPN4U9WcHxELYnFJ,,aaaaysimaaaa,Aysima Karçaaltıncaba,True,False,0,AAAAA9D5Xmh1jBZBRKGVcvRFawqj/LLp,,4,2026-08-17T07:07:17Z,aaaaysimaaaa,primary_artist_monthly_listeners,20692,"20,692",Spotify public artist page,false,,1JnaBnib3kfHnG7T8jovNP,spotify:track:1JnaBnib3kfHnG7T8jovNP,https://open.spotify.com/track/1JnaBnib3kfHnG7T8jovNP,The Burning of Rome (Cry for Pompeii),track,1,1,399240,399.240,False,False,True,,https://api.spotify.com/v1/tracks/1JnaBnib3kfHnG7T8jovNP,https://api.spotify.com/v1/tracks/1JnaBnib3kfHnG7T8jovNP,,,DEA451108300,,,144jP4MHI1Mmlf8VUm1bKc,spotify:album:144jP4MHI1Mmlf8VUm1bKc,https://open.spotify.com/album/144jP4MHI1Mmlf8VUm1bKc,Age Of Consent,album,,23,2011-11-25,day,,C: (C) 2011 Steamhammer; P: (P) 2011 Steamhammer,,https://i.scdn.co/image/ab67616d0000b27379ccc1e66559bb13b2047cbf,,4npN9NLDTitqe7UKQj5lxY,Virgin Steele,spotify:artist:4npN9NLDTitqe7UKQj5lxY,https://open.spotify.com/artist/4npN9NLDTitqe7UKQj5lxY,,,,20692,"20,692",false,Spotify public artist page,,https://i.scdn.co/image/ab6761610000e5eb33f9d691b3052726f4a61f79,,4npN9NLDTitqe7UKQj5lxY,Virgin Steele,https://open.spotify.com/artist/4npN9NLDTitqe7UKQj5lxY,"[{""artist_id"": ""4npN9NLDTitqe7UKQj5lxY"", ""artist_name"": ""Virgin Steele"", ""artist_url"": ""https://open.spotify.com/artist/4npN9NLDTitqe7UKQj5lxY"", ""monthly_listeners"": ""20692"", ""monthly_listeners_display"": ""20,692"", ""is_approx"": ""false"", ""fetch_error"": """"}]","[{""artist_id"": ""4npN9NLDTitqe7UKQj5lxY"", ""artist_name"": ""Virgin Steele"", ""artist_uri"": ""spotify:artist:4npN9NLDTitqe7UKQj5lxY"", ""artist_url"": ""https://open.spotify.com/artist/4npN9NLDTitqe7UKQj5lxY"", ""artist_type"": ""artist"", ""artist_genres"": """", ""artist_spotify_api_popularity"": """", ""artist_followers_total"": """", ""artist_image_url"": ""https://i.scdn.co/image/ab6761610000e5eb33f9d691b3052726f4a61f79"", ""artist_lookup_error"": """", ""artist_monthly_listeners"": ""20692"", ""artist_monthly_listeners_display"": ""20,692"", ""artist_monthly_listeners_is_approx"": ""false"", ""artist_monthly_listeners_source"": ""Spotify public artist page"", ""artist_monthly_listeners_fetch_error"": """"}]",0,,"{""spotify"": ""https://open.spotify.com/track/1JnaBnib3kfHnG7T8jovNP""}",{}
week5_17august,2026-08-17T07:40:10+00:00,Spotify,Aysima Karçaaltıncaba,aaaaysimaaaa,Week5_User2,Week5_User2,16hG6OuPN4U9WcHxELYnFJ,spotify:playlist:16hG6OuPN4U9WcHxELYnFJ,https://open.spotify.com/playlist/16hG6OuPN4U9WcHxELYnFJ,,aaaaysimaaaa,Aysima Karçaaltıncaba,True,False,0,AAAAA9D5Xmh1jBZBRKGVcvRFawqj/LLp,,5,2026-08-17T07:07:17Z,aaaaysimaaaa,primary_artist_monthly_listeners,35685,"35,685",Spotify public artist page,false,,5RLWQvZQ4GtcsmBKFkDgiR,spotify:track:5RLWQvZQ4GtcsmBKFkDgiR,https://open.spotify.com/track/5RLWQvZQ4GtcsmBKFkDgiR,Let the Demons Free,track,1,1,239160,239.160,False,False,True,,https://api.spotify.com/v1/tracks/5RLWQvZQ4GtcsmBKFkDgiR,https://api.spotify.com/v1/tracks/5RLWQvZQ4GtcsmBKFkDgiR,,,DED830274101,,,1sTLIU5psuqq5iSNnATYSO,spotify:album:1sTLIU5psuqq5iSNnATYSO,https://open.spotify.com/album/1sTLIU5psuqq5iSNnATYSO,Thunderstone,album,,10,2002-06-24,day,,C: 2002 Nuclear Blast; P: 2002 Nuclear Blast,,https://i.scdn.co/image/ab67616d0000b273bb0fe520add231163568d0bf,,5FLzywPMVGQ62kSD3X0M8q,Thunderstone,spotify:artist:5FLzywPMVGQ62kSD3X0M8q,https://open.spotify.com/artist/5FLzywPMVGQ62kSD3X0M8q,,,,35685,"35,685",false,Spotify public artist page,,https://i.scdn.co/image/e7337e3e4dabda6800c5217b961c3000e5a29de2,,5FLzywPMVGQ62kSD3X0M8q,Thunderstone,https://open.spotify.com/artist/5FLzywPMVGQ62kSD3X0M8q,"[{""artist_id"": ""5FLzywPMVGQ62kSD3X0M8q"", ""artist_name"": ""Thunderstone"", ""artist_url"": ""https://open.spotify.com/artist/5FLzywPMVGQ62kSD3X0M8q"", ""monthly_listeners"": ""35685"", ""monthly_listeners_display"": ""35,685"", ""is_approx"": ""false"", ""fetch_error"": """"}]","[{""artist_id"": ""5FLzywPMVGQ62kSD3X0M8q"", ""artist_name"": ""Thunderstone"", ""artist_uri"": ""spotify:artist:5FLzywPMVGQ62kSD3X0M8q"", ""artist_url"": ""https://open.spotify.com/artist/5FLzywPMVGQ62kSD3X0M8q"", ""artist_type"": ""artist"", ""artist_genres"": """", ""artist_spotify_api_popularity"": """", ""artist_followers_total"": """", ""artist_image_url"": ""https://i.scdn.co/image/e7337e3e4dabda6800c5217b961c3000e5a29de2"", ""artist_lookup_error"": """", ""artist_monthly_listeners"": ""35685"", ""artist_monthly_listeners_display"": ""35,685"", ""artist_monthly_listeners_is_approx"": ""false"", ""artist_monthly_listeners_source"": ""Spotify public artist page"", ""artist_monthly_listeners_fetch_error"": """"}]",0,,"{""spotify"": ""https://open.spotify.com/track/5RLWQvZQ4GtcsmBKFkDgiR""}",{}
week5_17august,2026-08-17T07:40:10+00:00,Spotify,Aysima Karçaaltıncaba,aaaaysimaaaa,Week5_User2,Week5_User2,16hG6OuPN4U9WcHxELYnFJ,spotify:playlist:16hG6OuPN4U9WcHxELYnFJ,https://open.spotify.com/playlist/16hG6OuPN4U9WcHxELYnFJ,,aaaaysimaaaa,Aysima Karçaaltıncaba,True,False,0,AAAAA9D5Xmh1jBZBRKGVcvRFawqj/LLp,,6,2026-08-17T07:07:17Z,aaaaysimaaaa,primary_artist_monthly_listeners,102287,"102,287",Spotify public artist page,false,,4kr0TJoXUl2FHU8WSBcB8T,spotify:track:4kr0TJoXUl2FHU8WSBcB8T,https://open.spotify.com/track/4kr0TJoXUl2FHU8WSBcB8T,One,track,1,1,268360,268.360,False,False,True,,https://api.spotify.com/v1/tracks/4kr0TJoXUl2FHU8WSBcB8T,https://api.spotify.com/v1/tracks/4kr0TJoXUl2FHU8WSBcB8T,,,DE1KY2507223,,,42IHJll6dkoZg9lcat1Gb8,spotify:album:42IHJll6dkoZg9lcat1Gb8,https://open.spotify.com/album/42IHJll6dkoZg9lcat1Gb8,One,single,,3,2026-02-20,day,,C: (C) 2025 Reigning Phoenix Music; P: (P) 2025 Reigning Phoenix Music,,https://i.scdn.co/image/ab67616d0000b2734386ea824c923eeaa6d13fc1,,1yfiDL3YUEJlQCgb5Pun6g,Primal Fear,spotify:artist:1yfiDL3YUEJlQCgb5Pun6g,https://open.spotify.com/artist/1yfiDL3YUEJlQCgb5Pun6g,,,,102287,"102,287",false,Spotify public artist page,,https://i.scdn.co/image/ab6761610000e5ebd8360d0ed8fe9dd3fd04fb45,,1yfiDL3YUEJlQCgb5Pun6g,Primal Fear,https://open.spotify.com/artist/1yfiDL3YUEJlQCgb5Pun6g,"[{""artist_id"": ""1yfiDL3YUEJlQCgb5Pun6g"", ""artist_name"": ""Primal Fear"", ""artist_url"": ""https://open.spotify.com/artist/1yfiDL3YUEJlQCgb5Pun6g"", ""monthly_listeners"": ""102287"", ""monthly_listeners_display"": ""102,287"", ""is_approx"": ""false"", ""fetch_error"": """"}]","[{""artist_id"": ""1yfiDL3YUEJlQCgb5Pun6g"", ""artist_name"": ""Primal Fear"", ""artist_uri"": ""spotify:artist:1yfiDL3YUEJlQCgb5Pun6g"", ""artist_url"": ""https://open.spotify.com/artist/1yfiDL3YUEJlQCgb5Pun6g"", ""artist_type"": ""artist"", ""artist_genres"": """", ""artist_spotify_api_popularity"": """", ""artist_followers_total"": """", ""artist_image_url"": ""https://i.scdn.co/image/ab6761610000e5ebd8360d0ed8fe9dd3fd04fb45"", ""artist_lookup_error"": """", ""artist_monthly_listeners"": ""102287"", ""artist_monthly_listeners_display"": ""102,287"", ""artist_monthly_listeners_is_approx"": ""false"", ""artist_monthly_listeners_source"": ""Spotify public artist page"", ""artist_monthly_listeners_fetch_error"": """"}]",0,,"{""spotify"": ""https://open.spotify.com/track/4kr0TJoXUl2FHU8WSBcB8T""}",{}
week5_17august,2026-08-17T07:40:10+00:00,Spotify,Aysima Karçaaltıncaba,aaaaysimaaaa,Week5_User2,Week5_User2,16hG6OuPN4U9WcHxELYnFJ,spotify:playlist:16hG6OuPN4U9WcHxELYnFJ,https://open.spotify.com/playlist/16hG6OuPN4U9WcHxELYnFJ,,aaaaysimaaaa,Aysima Karçaaltıncaba,True,False,0,AAAAA9D5Xmh1jBZBRKGVcvRFawqj/LLp,,7,2026-08-17T07:07:17Z,aaaaysimaaaa,primary_artist_monthly_listeners,172653,"172,653",Spotify public artist page,false,,7JHgyW2ye10A9vT4k5U4Qp,spotify:track:7JHgyW2ye10A9vT4k5U4Qp,https://open.spotify.com/track/7JHgyW2ye10A9vT4k5U4Qp,Crawling from Hell,track,9,1,253240,253.240,False,False,True,,https://api.spotify.com/v1/tracks/7JHgyW2ye10A9vT4k5U4Qp,https://api.spotify.com/v1/tracks/7JHgyW2ye10A9vT4k5U4Qp,,,DET970200009,,,6FxqNK88NImuiMIpCrTZee,spotify:album:6FxqNK88NImuiMIpCrTZee,https://open.spotify.com/album/6FxqNK88NImuiMIpCrTZee,Masterplan,album,,11,2003-01-20,day,,C: 2003 AFM Records; P: 2003 AFM Records,,https://i.scdn.co/image/ab67616d0000b2737479397fc56803ba3511fd1c,,1OHNvr18TssBKYK0A75yvx,Masterplan,spotify:artist:1OHNvr18TssBKYK0A75yvx,https://open.spotify.com/artist/1OHNvr18TssBKYK0A75yvx,,,,172653,"172,653",false,Spotify public artist page,,https://i.scdn.co/image/ab6761610000e5eb8cfdd5ee976e9da4af82d208,,1OHNvr18TssBKYK0A75yvx,Masterplan,https://open.spotify.com/artist/1OHNvr18TssBKYK0A75yvx,"[{""artist_id"": ""1OHNvr18TssBKYK0A75yvx"", ""artist_name"": ""Masterplan"", ""artist_url"": ""https://open.spotify.com/artist/1OHNvr18TssBKYK0A75yvx"", ""monthly_listeners"": ""172653"", ""monthly_listeners_display"": ""172,653"", ""is_approx"": ""false"", ""fetch_error"": """"}]","[{""artist_id"": ""1OHNvr18TssBKYK0A75yvx"", ""artist_name"": ""Masterplan"", ""artist_uri"": ""spotify:artist:1OHNvr18TssBKYK0A75yvx"", ""artist_url"": ""https://open.spotify.com/artist/1OHNvr18TssBKYK0A75yvx"", ""artist_type"": ""artist"", ""artist_genres"": """", ""artist_spotify_api_popularity"": """", ""artist_followers_total"": """", ""artist_image_url"": ""https://i.scdn.co/image/ab6761610000e5eb8cfdd5ee976e9da4af82d208"", ""artist_lookup_error"": """", ""artist_monthly_listeners"": ""172653"", ""artist_monthly_listeners_display"": ""172,653"", ""artist_monthly_listeners_is_approx"": ""false"", ""artist_monthly_listeners_source"": ""Spotify public artist page"", ""artist_monthly_listeners_fetch_error"": """"}]",0,,"{""spotify"": ""https://open.spotify.com/track/7JHgyW2ye10A9vT4k5U4Qp""}",{}
week5_17august,2026-08-17T07:40:10+00:00,Spotify,Aysima Karçaaltıncaba,aaaaysimaaaa,Week5_User2,Week5_User2,16hG6OuPN4U9WcHxELYnFJ,spotify:playlist:16hG6OuPN4U9WcHxELYnFJ,https://open.spotify.com/playlist/16hG6OuPN4U9WcHxELYnFJ,,aaaaysimaaaa,Aysima Karçaaltıncaba,True,False,0,AAAAA9D5Xmh1jBZBRKGVcvRFawqj/LLp,,8,2026-08-17T07:07:17Z,aaaaysimaaaa,primary_artist_monthly_listeners,17506,"17,506",Spotify public artist page,false,,7CHpjQaE98EFoXow5VUBR9,spotify:track:7CHpjQaE98EFoXow5VUBR9,https://open.spotify.com/track/7CHpjQaE98EFoXow5VUBR9,Livin' in Hysteria,track,1,1,278560,278.560,False,False,True,,https://api.spotify.com/v1/tracks/7CHpjQaE98EFoXow5VUBR9,https://api.spotify.com/v1/tracks/7CHpjQaE98EFoXow5VUBR9,,,DET271370201,,,5RlQyIjNj3WoYVZ6qNVKKe,spotify:album:5RlQyIjNj3WoYVZ6qNVKKe,https://open.spotify.com/album/5RlQyIjNj3WoYVZ6qNVKKe,Livin' in Hysteria,album,,10,2003,year,,C: (C) 2003 Limb Music,,https://i.scdn.co/image/ab67616d0000b27390e74498f1917dabe2648032,,4bJlNp8kcrWMSIM4NObk2D,Heavens Gate,spotify:artist:4bJlNp8kcrWMSIM4NObk2D,https://open.spotify.com/artist/4bJlNp8kcrWMSIM4NObk2D,,,,17506,"17,506",false,Spotify public artist page,,https://i.scdn.co/image/ab67616d0000b27390e74498f1917dabe2648032,,4bJlNp8kcrWMSIM4NObk2D,Heavens Gate,https://open.spotify.com/artist/4bJlNp8kcrWMSIM4NObk2D,"[{""artist_id"": ""4bJlNp8kcrWMSIM4NObk2D"", ""artist_name"": ""Heavens Gate"", ""artist_url"": ""https://open.spotify.com/artist/4bJlNp8kcrWMSIM4NObk2D"", ""monthly_listeners"": ""17506"", ""monthly_listeners_display"": ""17,506"", ""is_approx"": ""false"", ""fetch_error"": """"}]","[{""artist_id"": ""4bJlNp8kcrWMSIM4NObk2D"", ""artist_name"": ""Heavens Gate"", ""artist_uri"": ""spotify:artist:4bJlNp8kcrWMSIM4NObk2D"", ""artist_url"": ""https://open.spotify.com/artist/4bJlNp8kcrWMSIM4NObk2D"", ""artist_type"": ""artist"", ""artist_genres"": """", ""artist_spotify_api_popularity"": """", ""artist_followers_total"": """", ""artist_image_url"": ""https://i.scdn.co/image/ab67616d0000b27390e74498f1917dabe2648032"", ""artist_lookup_error"": """", ""artist_monthly_listeners"": ""17506"", ""artist_monthly_listeners_display"": ""17,506"", ""artist_monthly_listeners_is_approx"": ""false"", ""artist_monthly_listeners_source"": ""Spotify public artist page"", ""artist_monthly_listeners_fetch_error"": """"}]",0,,"{""spotify"": ""https://open.spotify.com/track/7CHpjQaE98EFoXow5VUBR9""}",{}
week5_17august,2026-08-17T07:40:10+00:00,Spotify,Aysima Karçaaltıncaba,aaaaysimaaaa,Week5_User2,Week5_User2,16hG6OuPN4U9WcHxELYnFJ,spotify:playlist:16hG6OuPN4U9WcHxELYnFJ,https://open.spotify.com/playlist/16hG6OuPN4U9WcHxELYnFJ,,aaaaysimaaaa,Aysima Karçaaltıncaba,True,False,0,AAAAA9D5Xmh1jBZBRKGVcvRFawqj/LLp,,9,2026-08-17T07:07:17Z,aaaaysimaaaa,primary_artist_monthly_listeners,242815,"242,815",Spotify public artist page,false,,0x7SA8RlCDG6nZHQOtdRCU,spotify:track:0x7SA8RlCDG6nZHQOtdRCU,https://open.spotify.com/track/0x7SA8RlCDG6nZHQOtdRCU,Emerald Sword - Re-Recorded,track,6,1,263013,263.013,False,False,True,,https://api.spotify.com/v1/tracks/0x7SA8RlCDG6nZHQOtdRCU,https://api.spotify.com/v1/tracks/0x7SA8RlCDG6nZHQOtdRCU,,,DEU601706844,,,1UfSUScEvxwfbJEVSFH21R,spotify:album:1UfSUScEvxwfbJEVSFH21R,https://open.spotify.com/album/1UfSUScEvxwfbJEVSFH21R,Legendary Years (Re-Recorded),album,,14,2017-05-26,day,,C: 2017 AFM Records; P: 2017 AFM Records,,https://i.scdn.co/image/ab67616d0000b27311b32ec8f429d5bcfbc8bd21,,3IjLXN4eSksdGj8uDE4Jm1,Rhapsody Of Fire,spotify:artist:3IjLXN4eSksdGj8uDE4Jm1,https://open.spotify.com/artist/3IjLXN4eSksdGj8uDE4Jm1,,,,242815,"242,815",false,Spotify public artist page,,https://i.scdn.co/image/ab6761610000e5eb5d22c1db6d6eee22dfe54498,,3IjLXN4eSksdGj8uDE4Jm1,Rhapsody Of Fire,https://open.spotify.com/artist/3IjLXN4eSksdGj8uDE4Jm1,"[{""artist_id"": ""3IjLXN4eSksdGj8uDE4Jm1"", ""artist_name"": ""Rhapsody Of Fire"", ""artist_url"": ""https://open.spotify.com/artist/3IjLXN4eSksdGj8uDE4Jm1"", ""monthly_listeners"": ""242815"", ""monthly_listeners_display"": ""242,815"", ""is_approx"": ""false"", ""fetch_error"": """"}]","[{""artist_id"": ""3IjLXN4eSksdGj8uDE4Jm1"", ""artist_name"": ""Rhapsody Of Fire"", ""artist_uri"": ""spotify:artist:3IjLXN4eSksdGj8uDE4Jm1"", ""artist_url"": ""https://open.spotify.com/artist/3IjLXN4eSksdGj8uDE4Jm1"", ""artist_type"": ""artist"", ""artist_genres"": """", ""artist_spotify_api_popularity"": """", ""artist_followers_total"": """", ""artist_image_url"": ""https://i.scdn.co/image/ab6761610000e5eb5d22c1db6d6eee22dfe54498"", ""artist_lookup_error"": """", ""artist_monthly_listeners"": ""242815"", ""artist_monthly_listeners_display"": ""242,815"", ""artist_monthly_listeners_is_approx"": ""false"", ""artist_monthly_listeners_source"": ""Spotify public artist page"", ""artist_monthly_listeners_fetch_error"": """"}]",0,,"{""spotify"": ""https://open.spotify.com/track/0x7SA8RlCDG6nZHQOtdRCU""}",{}
week5_17august,2026-08-17T07:40:10+00:00,Spotify,Aysima Karçaaltıncaba,aaaaysimaaaa,Week5_User2,Week5_User2,16hG6OuPN4U9WcHxELYnFJ,spotify:playlist:16hG6OuPN4U9WcHxELYnFJ,https://open.spotify.com/playlist/16hG6OuPN4U9WcHxELYnFJ,,aaaaysimaaaa,Aysima Karçaaltıncaba,True,False,0,AAAAA9D5Xmh1jBZBRKGVcvRFawqj/LLp,,10,2026-08-17T07:07:17Z,aaaaysimaaaa,primary_artist_monthly_listeners,134251,"134,251",Spotify public artist page,false,,7mRU37KJaA0FKrbjzOvpvE,spotify:track:7mRU37KJaA0FKrbjzOvpvE,https://open.spotify.com/track/7mRU37KJaA0FKrbjzOvpvE,Dragons Never Die,track,3,1,181013,181.013,False,False,True,,https://api.spotify.com/v1/tracks/7mRU37KJaA0FKrbjzOvpvE,https://api.spotify.com/v1/tracks/7mRU37KJaA0FKrbjzOvpvE,,,USMBR2316103,,,5WzRHf08RmLiHQLoqBhPwY,spotify:album:5WzRHf08RmLiHQLoqBhPwY,https://open.spotify.com/album/5WzRHf08RmLiHQLoqBhPwY,Battle Ballads,album,,10,2024-04-12,day,,"C: (C) 2024 Metal Blade Records, Inc.; P: (P) 2024 Metal Blade Records, Inc.",,https://i.scdn.co/image/ab67616d0000b273d337af83eb1370705b30704b,,6TmGNPW2oDM5uaXBILozGa,Týr,spotify:artist:6TmGNPW2oDM5uaXBILozGa,https://open.spotify.com/artist/6TmGNPW2oDM5uaXBILozGa,,,,134251,"134,251",false,Spotify public artist page,,https://i.scdn.co/image/ab6761610000e5eb8201145b953841a3828095b3,,6TmGNPW2oDM5uaXBILozGa,Týr,https://open.spotify.com/artist/6TmGNPW2oDM5uaXBILozGa,"[{""artist_id"": ""6TmGNPW2oDM5uaXBILozGa"", ""artist_name"": ""Týr"", ""artist_url"": ""https://open.spotify.com/artist/6TmGNPW2oDM5uaXBILozGa"", ""monthly_listeners"": ""134251"", ""monthly_listeners_display"": ""134,251"", ""is_approx"": ""false"", ""fetch_error"": """"}]","[{""artist_id"": ""6TmGNPW2oDM5uaXBILozGa"", ""artist_name"": ""Týr"", ""artist_uri"": ""spotify:artist:6TmGNPW2oDM5uaXBILozGa"", ""artist_url"": ""https://open.spotify.com/artist/6TmGNPW2oDM5uaXBILozGa"", ""artist_type"": ""artist"", ""artist_genres"": """", ""artist_spotify_api_popularity"": """", ""artist_followers_total"": """", ""artist_image_url"": ""https://i.scdn.co/image/ab6761610000e5eb8201145b953841a3828095b3"", ""artist_lookup_error"": """", ""artist_monthly_listeners"": ""134251"", ""artist_monthly_listeners_display"": ""134,251"", ""artist_monthly_listeners_is_approx"": ""false"", ""artist_monthly_listeners_source"": ""Spotify public artist page"", ""artist_monthly_listeners_fetch_error"": """"}]",0,,"{""spotify"": ""https://open.spotify.com/track/7mRU37KJaA0FKrbjzOvpvE""}",{}
week5_17august,2026-08-17T07:40:10+00:00,Spotify,Aysima Karçaaltıncaba,aaaaysimaaaa,Week5_User2,Week5_User2,16hG6OuPN4U9WcHxELYnFJ,spotify:playlist:16hG6OuPN4U9WcHxELYnFJ,https://open.spotify.com/playlist/16hG6OuPN4U9WcHxELYnFJ,,aaaaysimaaaa,Aysima Karçaaltıncaba,True,False,0,AAAAA9D5Xmh1jBZBRKGVcvRFawqj/LLp,,11,2026-08-17T07:07:17Z,aaaaysimaaaa,primary_artist_monthly_listeners,194015,"194,015",Spotify public artist page,false,,1Mp05e1nlnPnuZLnvJKuSy,spotify:track:1Mp05e1nlnPnuZLnvJKuSy,https://open.spotify.com/track/1Mp05e1nlnPnuZLnvJKuSy,Lai Lai Hei,track,9,1,435240,435.240,False,False,True,,https://api.spotify.com/v1/tracks/1Mp05e1nlnPnuZLnvJKuSy,https://api.spotify.com/v1/tracks/1Mp05e1nlnPnuZLnvJKuSy,,,FISFS0400009,,,1UrdsJhCNyCqmBn9zy2Ut9,spotify:album:1UrdsJhCNyCqmBn9zy2Ut9,https://open.spotify.com/album/1UrdsJhCNyCqmBn9zy2Ut9,Iron,album,,11,2008-01-01,day,,C: 2008 Spin-Farm Oy; P: 2008 Spin-Farm Oy,,https://i.scdn.co/image/ab67616d0000b273f6df9f51261fd69be472723e,,0krXCIkthz13P8o0v2tksH,Ensiferum,spotify:artist:0krXCIkthz13P8o0v2tksH,https://open.spotify.com/artist/0krXCIkthz13P8o0v2tksH,,,,194015,"194,015",false,Spotify public artist page,,https://i.scdn.co/image/ab6761610000e5eb0a5ef9d5834390b5ebdee107,,0krXCIkthz13P8o0v2tksH,Ensiferum,https://open.spotify.com/artist/0krXCIkthz13P8o0v2tksH,"[{""artist_id"": ""0krXCIkthz13P8o0v2tksH"", ""artist_name"": ""Ensiferum"", ""artist_url"": ""https://open.spotify.com/artist/0krXCIkthz13P8o0v2tksH"", ""monthly_listeners"": ""194015"", ""monthly_listeners_display"": ""194,015"", ""is_approx"": ""false"", ""fetch_error"": """"}]","[{""artist_id"": ""0krXCIkthz13P8o0v2tksH"", ""artist_name"": ""Ensiferum"", ""artist_uri"": ""spotify:artist:0krXCIkthz13P8o0v2tksH"", ""artist_url"": ""https://open.spotify.com/artist/0krXCIkthz13P8o0v2tksH"", ""artist_type"": ""artist"", ""artist_genres"": """", ""artist_spotify_api_popularity"": """", ""artist_followers_total"": """", ""artist_image_url"": ""https://i.scdn.co/image/ab6761610000e5eb0a5ef9d5834390b5ebdee107"", ""artist_lookup_error"": """", ""artist_monthly_listeners"": ""194015"", ""artist_monthly_listeners_display"": ""194,015"", ""artist_monthly_listeners_is_approx"": ""false"", ""artist_monthly_listeners_source"": ""Spotify public artist page"", ""artist_monthly_listeners_fetch_error"": """"}]",0,,"{""spotify"": ""https://open.spotify.com/track/1Mp05e1nlnPnuZLnvJKuSy""}",{}
week5_17august,2026-08-17T07:40:10+00:00,Spotify,Aysima Karçaaltıncaba,aaaaysimaaaa,Week5_User2,Week5_User2,16hG6OuPN4U9WcHxELYnFJ,spotify:playlist:16hG6OuPN4U9WcHxELYnFJ,https://open.spotify.com/playlist/16hG6OuPN4U9WcHxELYnFJ,,aaaaysimaaaa,Aysima Karçaaltıncaba,True,False,0,AAAAA9D5Xmh1jBZBRKGVcvRFawqj/LLp,,12,2026-08-17T07:07:17Z,aaaaysimaaaa,primary_artist_monthly_listeners,28059,"28,059",Spotify public artist page,false,,6rPaw0xYJ1al8NlLmSlqBm,spotify:track:6rPaw0xYJ1al8NlLmSlqBm,https://open.spotify.com/track/6rPaw0xYJ1al8NlLmSlqBm,All Is One,track,1,1,270346,270.346,False,False,True,,https://api.spotify.com/v1/tracks/6rPaw0xYJ1al8NlLmSlqBm,https://api.spotify.com/v1/tracks/6rPaw0xYJ1al8NlLmSlqBm,,,US4E41305201,,,5OKSK5AV8iZqXSgv4V3YNx,spotify:album:5OKSK5AV8iZqXSgv4V3YNx,https://open.spotify.com/album/5OKSK5AV8iZqXSgv4V3YNx,All Is One (Deluxe Edition),album,,14,2013-04-03,day,,"P: (P) 2013 Century Media Records, Ltd.",,https://i.scdn.co/image/ab67616d0000b27397209a18a5ade360948c58fd,,7xTMxqAmbtE0Nce5lz7t0h,Orphaned Land,spotify:artist:7xTMxqAmbtE0Nce5lz7t0h,https://open.spotify.com/artist/7xTMxqAmbtE0Nce5lz7t0h,,,,28059,"28,059",false,Spotify public artist page,,https://i.scdn.co/image/ab6761610000e5eb57fa807b972641f73df43af7,,7xTMxqAmbtE0Nce5lz7t0h,Orphaned Land,https://open.spotify.com/artist/7xTMxqAmbtE0Nce5lz7t0h,"[{""artist_id"": ""7xTMxqAmbtE0Nce5lz7t0h"", ""artist_name"": ""Orphaned Land"", ""artist_url"": ""https://open.spotify.com/artist/7xTMxqAmbtE0Nce5lz7t0h"", ""monthly_listeners"": ""28059"", ""monthly_listeners_display"": ""28,059"", ""is_approx"": ""false"", ""fetch_error"": """"}]","[{""artist_id"": ""7xTMxqAmbtE0Nce5lz7t0h"", ""artist_name"": ""Orphaned Land"", ""artist_uri"": ""spotify:artist:7xTMxqAmbtE0Nce5lz7t0h"", ""artist_url"": ""https://open.spotify.com/artist/7xTMxqAmbtE0Nce5lz7t0h"", ""artist_type"": ""artist"", ""artist_genres"": """", ""artist_spotify_api_popularity"": """", ""artist_followers_total"": """", ""artist_image_url"": ""https://i.scdn.co/image/ab6761610000e5eb57fa807b972641f73df43af7"", ""artist_lookup_error"": """", ""artist_monthly_listeners"": ""28059"", ""artist_monthly_listeners_display"": ""28,059"", ""artist_monthly_listeners_is_approx"": ""false"", ""artist_monthly_listeners_source"": ""Spotify public artist page"", ""artist_monthly_listeners_fetch_error"": """"}]",0,,"{""spotify"": ""https://open.spotify.com/track/6rPaw0xYJ1al8NlLmSlqBm""}",{}
week5_17august,2026-08-17T07:40:10+00:00,Spotify,Aysima Karçaaltıncaba,aaaaysimaaaa,Week5_User2,Week5_User2,16hG6OuPN4U9WcHxELYnFJ,spotify:playlist:16hG6OuPN4U9WcHxELYnFJ,https://open.spotify.com/playlist/16hG6OuPN4U9WcHxELYnFJ,,aaaaysimaaaa,Aysima Karçaaltıncaba,True,False,0,AAAAA9D5Xmh1jBZBRKGVcvRFawqj/LLp,,13,2026-08-17T07:07:17Z,aaaaysimaaaa,primary_artist_monthly_listeners,84872,"84,872",Spotify public artist page,false,,7GMkC6bamVWtGU6vkJUzZU,spotify:track:7GMkC6bamVWtGU6vkJUzZU,https://open.spotify.com/track/7GMkC6bamVWtGU6vkJUzZU,March for Freedom,track,5,1,365040,365.040,False,False,True,,https://api.spotify.com/v1/tracks/7GMkC6bamVWtGU6vkJUzZU,https://api.spotify.com/v1/tracks/7GMkC6bamVWtGU6vkJUzZU,,,DEZ900500532,,,6j08zeAcOb1cJWSzhZFxa0,spotify:album:6j08zeAcOb1cJWSzhZFxa0,https://open.spotify.com/album/6j08zeAcOb1cJWSzhZFxa0,Anima Mundi,album,,11,2004-01-19,day,,C: 2004 AFM Records; P: 2004 AFM Records,,https://i.scdn.co/image/ab67616d0000b2737acd9c5ab79c819f48701710,,39AhZ0oT49zA0WOAbfHVMM,Dionysus,spotify:artist:39AhZ0oT49zA0WOAbfHVMM,https://open.spotify.com/artist/39AhZ0oT49zA0WOAbfHVMM,,,,84872,"84,872",false,Spotify public artist page,,https://i.scdn.co/image/ab6761610000e5eb3eb3e30b92f0fc2fde4b86d0,,39AhZ0oT49zA0WOAbfHVMM,Dionysus,https://open.spotify.com/artist/39AhZ0oT49zA0WOAbfHVMM,"[{""artist_id"": ""39AhZ0oT49zA0WOAbfHVMM"", ""artist_name"": ""Dionysus"", ""artist_url"": ""https://open.spotify.com/artist/39AhZ0oT49zA0WOAbfHVMM"", ""monthly_listeners"": ""84872"", ""monthly_listeners_display"": ""84,872"", ""is_approx"": ""false"", ""fetch_error"": """"}]","[{""artist_id"": ""39AhZ0oT49zA0WOAbfHVMM"", ""artist_name"": ""Dionysus"", ""artist_uri"": ""spotify:artist:39AhZ0oT49zA0WOAbfHVMM"", ""artist_url"": ""https://open.spotify.com/artist/39AhZ0oT49zA0WOAbfHVMM"", ""artist_type"": ""artist"", ""artist_genres"": """", ""artist_spotify_api_popularity"": """", ""artist_followers_total"": """", ""artist_image_url"": ""https://i.scdn.co/image/ab6761610000e5eb3eb3e30b92f0fc2fde4b86d0"", ""artist_lookup_error"": """", ""artist_monthly_listeners"": ""84872"", ""artist_monthly_listeners_display"": ""84,872"", ""artist_monthly_listeners_is_approx"": ""false"", ""artist_monthly_listeners_source"": ""Spotify public artist page"", ""artist_monthly_listeners_fetch_error"": """"}]",0,,"{""spotify"": ""https://open.spotify.com/track/7GMkC6bamVWtGU6vkJUzZU""}",{}
week5_17august,2026-08-17T07:40:10+00:00,Spotify,Aysima Karçaaltıncaba,aaaaysimaaaa,Week5_User2,Week5_User2,16hG6OuPN4U9WcHxELYnFJ,spotify:playlist:16hG6OuPN4U9WcHxELYnFJ,https://open.spotify.com/playlist/16hG6OuPN4U9WcHxELYnFJ,,aaaaysimaaaa,Aysima Karçaaltıncaba,True,False,0,AAAAA9D5Xmh1jBZBRKGVcvRFawqj/LLp,,14,2026-08-17T07:07:17Z,aaaaysimaaaa,primary_artist_monthly_listeners,849932,"849,932",Spotify public artist page,false,,7AH0CnByUn980ZNbkcwt2g,spotify:track:7AH0CnByUn980ZNbkcwt2g,https://open.spotify.com/track/7AH0CnByUn980ZNbkcwt2g,Heroes,track,1,1,225073,225.073,False,False,True,,https://api.spotify.com/v1/tracks/7AH0CnByUn980ZNbkcwt2g,https://api.spotify.com/v1/tracks/7AH0CnByUn980ZNbkcwt2g,,,DEH842200094,,,0NA3kRJqkPgpsDu7cMxmvv,spotify:album:0NA3kRJqkPgpsDu7cMxmvv,https://open.spotify.com/album/0NA3kRJqkPgpsDu7cMxmvv,Heroes,single,,4,2024-07-26,day,,"C: 2024 earMUSIC, a label of Edel Music & Entertainment GmbH.; P: 2024 earMUSIC, a label of Edel Music & Entertainment GmbH.",,https://i.scdn.co/image/ab67616d0000b27305885b98af03547f51c90c6d,,1O8CSXsPwEqxcoBE360PPO,Stratovarius,spotify:artist:1O8CSXsPwEqxcoBE360PPO,https://open.spotify.com/artist/1O8CSXsPwEqxcoBE360PPO,,,,849932,"849,932",false,Spotify public artist page,,https://i.scdn.co/image/ab6761610000e5eb4733f393ad04f47b31edaadb,,1O8CSXsPwEqxcoBE360PPO,Stratovarius,https://open.spotify.com/artist/1O8CSXsPwEqxcoBE360PPO,"[{""artist_id"": ""1O8CSXsPwEqxcoBE360PPO"", ""artist_name"": ""Stratovarius"", ""artist_url"": ""https://open.spotify.com/artist/1O8CSXsPwEqxcoBE360PPO"", ""monthly_listeners"": ""849932"", ""monthly_listeners_display"": ""849,932"", ""is_approx"": ""false"", ""fetch_error"": """"}]","[{""artist_id"": ""1O8CSXsPwEqxcoBE360PPO"", ""artist_name"": ""Stratovarius"", ""artist_uri"": ""spotify:artist:1O8CSXsPwEqxcoBE360PPO"", ""artist_url"": ""https://open.spotify.com/artist/1O8CSXsPwEqxcoBE360PPO"", ""artist_type"": ""artist"", ""artist_genres"": """", ""artist_spotify_api_popularity"": """", ""artist_followers_total"": """", ""artist_image_url"": ""https://i.scdn.co/image/ab6761610000e5eb4733f393ad04f47b31edaadb"", ""artist_lookup_error"": """", ""artist_monthly_listeners"": ""849932"", ""artist_monthly_listeners_display"": ""849,932"", ""artist_monthly_listeners_is_approx"": ""false"", ""artist_monthly_listeners_source"": ""Spotify public artist page"", ""artist_monthly_listeners_fetch_error"": """"}]",0,,"{""spotify"": ""https://open.spotify.com/track/7AH0CnByUn980ZNbkcwt2g""}",{}
week5_17august,2026-08-17T07:40:10+00:00,Spotify,Aysima Karçaaltıncaba,aaaaysimaaaa,Week5_User2,Week5_User2,16hG6OuPN4U9WcHxELYnFJ,spotify:playlist:16hG6OuPN4U9WcHxELYnFJ,https://open.spotify.com/playlist/16hG6OuPN4U9WcHxELYnFJ,,aaaaysimaaaa,Aysima Karçaaltıncaba,True,False,0,AAAAA9D5Xmh1jBZBRKGVcvRFawqj/LLp,,15,2026-08-17T07:07:17Z,aaaaysimaaaa,primary_artist_monthly_listeners,18254,"18,254",Spotify public artist page,false,,7qZe7eUXVI2wZPRuFEmDwz,spotify:track:7qZe7eUXVI2wZPRuFEmDwz,https://open.spotify.com/track/7qZe7eUXVI2wZPRuFEmDwz,Moonlight,track,1,1,343826,343.826,False,False,True,,https://api.spotify.com/v1/tracks/7qZe7eUXVI2wZPRuFEmDwz,https://api.spotify.com/v1/tracks/7qZe7eUXVI2wZPRuFEmDwz,,,FR6V81859248,,,1RgTRrUYZbABCBnXzMp5OR,spotify:album:1RgTRrUYZbABCBnXzMp5OR,https://open.spotify.com/album/1RgTRrUYZbABCBnXzMp5OR,Return to Heaven Denied,album,,11,1998,year,,C: Discoteca Pick Up; P: Discoteca Pick Up,,https://i.scdn.co/image/ab67616d0000b273ecdb62690c971432f58e93ae,,3SG07EEING9Ytq5yFSSuff,Labyrinth,spotify:artist:3SG07EEING9Ytq5yFSSuff,https://open.spotify.com/artist/3SG07EEING9Ytq5yFSSuff,,,,18254,"18,254",false,Spotify public artist page,,https://i.scdn.co/image/ab6761610000e5eb42d7998cd4779b80d44fc89d,,3SG07EEING9Ytq5yFSSuff,Labyrinth,https://open.spotify.com/artist/3SG07EEING9Ytq5yFSSuff,"[{""artist_id"": ""3SG07EEING9Ytq5yFSSuff"", ""artist_name"": ""Labyrinth"", ""artist_url"": ""https://open.spotify.com/artist/3SG07EEING9Ytq5yFSSuff"", ""monthly_listeners"": ""18254"", ""monthly_listeners_display"": ""18,254"", ""is_approx"": ""false"", ""fetch_error"": """"}]","[{""artist_id"": ""3SG07EEING9Ytq5yFSSuff"", ""artist_name"": ""Labyrinth"", ""artist_uri"": ""spotify:artist:3SG07EEING9Ytq5yFSSuff"", ""artist_url"": ""https://open.spotify.com/artist/3SG07EEING9Ytq5yFSSuff"", ""artist_type"": ""artist"", ""artist_genres"": """", ""artist_spotify_api_popularity"": """", ""artist_followers_total"": """", ""artist_image_url"": ""https://i.scdn.co/image/ab6761610000e5eb42d7998cd4779b80d44fc89d"", ""artist_lookup_error"": """", ""artist_monthly_listeners"": ""18254"", ""artist_monthly_listeners_display"": ""18,254"", ""artist_monthly_listeners_is_approx"": ""false"", ""artist_monthly_listeners_source"": ""Spotify public artist page"", ""artist_monthly_listeners_fetch_error"": """"}]",0,,"{""spotify"": ""https://open.spotify.com/track/7qZe7eUXVI2wZPRuFEmDwz""}",{}
week5_17august,2026-08-17T07:40:10+00:00,Spotify,Aysima Karçaaltıncaba,aaaaysimaaaa,Week5_User2,Week5_User2,16hG6OuPN4U9WcHxELYnFJ,spotify:playlist:16hG6OuPN4U9WcHxELYnFJ,https://open.spotify.com/playlist/16hG6OuPN4U9WcHxELYnFJ,,aaaaysimaaaa,Aysima Karçaaltıncaba,True,False,0,AAAAA9D5Xmh1jBZBRKGVcvRFawqj/LLp,,16,2026-08-17T07:07:17Z,aaaaysimaaaa,primary_artist_monthly_listeners,623190,"623,190",Spotify public artist page,false,,1r35X2XHPsksJ9aAbZPaO1,spotify:track:1r35X2XHPsksJ9aAbZPaO1,https://open.spotify.com/track/1r35X2XHPsksJ9aAbZPaO1,Tanelorn (Into the Void),track,2,1,358906,358.906,False,False,True,,https://api.spotify.com/v1/tracks/1r35X2XHPsksJ9aAbZPaO1,https://api.spotify.com/v1/tracks/1r35X2XHPsksJ9aAbZPaO1,,,DED831000319,,,1KpuPdS4ea7uaBdP0Ywryz,spotify:album:1KpuPdS4ea7uaBdP0Ywryz,https://open.spotify.com/album/1KpuPdS4ea7uaBdP0Ywryz,At the Edge of Time,album,,17,2010-07-29,day,,C: 2010 Nuclear Blast; P: 2010 Nuclear Blast,,https://i.scdn.co/image/ab67616d0000b273f28d99b5fdcab91f1f939f56,,7jxJ25p0pPjk0MStloN6o6,Blind Guardian,spotify:artist:7jxJ25p0pPjk0MStloN6o6,https://open.spotify.com/artist/7jxJ25p0pPjk0MStloN6o6,,,,623190,"623,190",false,Spotify public artist page,,https://i.scdn.co/image/ab6761610000e5eb26139a78b669ae67aacde9f3,,7jxJ25p0pPjk0MStloN6o6,Blind Guardian,https://open.spotify.com/artist/7jxJ25p0pPjk0MStloN6o6,"[{""artist_id"": ""7jxJ25p0pPjk0MStloN6o6"", ""artist_name"": ""Blind Guardian"", ""artist_url"": ""https://open.spotify.com/artist/7jxJ25p0pPjk0MStloN6o6"", ""monthly_listeners"": ""623190"", ""monthly_listeners_display"": ""623,190"", ""is_approx"": ""false"", ""fetch_error"": """"}]","[{""artist_id"": ""7jxJ25p0pPjk0MStloN6o6"", ""artist_name"": ""Blind Guardian"", ""artist_uri"": ""spotify:artist:7jxJ25p0pPjk0MStloN6o6"", ""artist_url"": ""https://open.spotify.com/artist/7jxJ25p0pPjk0MStloN6o6"", ""artist_type"": ""artist"", ""artist_genres"": """", ""artist_spotify_api_popularity"": """", ""artist_followers_total"": """", ""artist_image_url"": ""https://i.scdn.co/image/ab6761610000e5eb26139a78b669ae67aacde9f3"", ""artist_lookup_error"": """", ""artist_monthly_listeners"": ""623190"", ""artist_monthly_listeners_display"": ""623,190"", ""artist_monthly_listeners_is_approx"": ""false"", ""artist_monthly_listeners_source"": ""Spotify public artist page"", ""artist_monthly_listeners_fetch_error"": """"}]",0,,"{""spotify"": ""https://open.spotify.com/track/1r35X2XHPsksJ9aAbZPaO1""}",{}
week5_17august,2026-08-17T07:40:10+00:00,Spotify,Aysima Karçaaltıncaba,aaaaysimaaaa,Week5_User2,Week5_User2,16hG6OuPN4U9WcHxELYnFJ,spotify:playlist:16hG6OuPN4U9WcHxELYnFJ,https://open.spotify.com/playlist/16hG6OuPN4U9WcHxELYnFJ,,aaaaysimaaaa,Aysima Karçaaltıncaba,True,False,0,AAAAA9D5Xmh1jBZBRKGVcvRFawqj/LLp,,17,2026-08-17T07:07:17Z,aaaaysimaaaa,primary_artist_monthly_listeners,45519,"45,519",Spotify public artist page,false,,4PevqJzeWn57SJld7ty3xM,spotify:track:4PevqJzeWn57SJld7ty3xM,https://open.spotify.com/track/4PevqJzeWn57SJld7ty3xM,Winds of Time,track,1,1,640306,640.306,False,False,True,,https://api.spotify.com/v1/tracks/4PevqJzeWn57SJld7ty3xM,https://api.spotify.com/v1/tracks/4PevqJzeWn57SJld7ty3xM,,,QT55Y2569691,,,2xZIU1PggMA6Pu9bpNfICG,spotify:album:2xZIU1PggMA6Pu9bpNfICG,https://open.spotify.com/album/2xZIU1PggMA6Pu9bpNfICG,Winds of Time,album,,8,2025-10-17,day,,C: 2025 Wings of Steel; P: 2025 Wings of Steel,,https://i.scdn.co/image/ab67616d0000b27324b7b877a21fa80bbee310e2,,0y43lCvntQtyFlhCABGb0T,Wings of Steel,spotify:artist:0y43lCvntQtyFlhCABGb0T,https://open.spotify.com/artist/0y43lCvntQtyFlhCABGb0T,,,,45519,"45,519",false,Spotify public artist page,,https://i.scdn.co/image/ab6761610000e5ebf0ec514bb1af4546a9f63f24,,0y43lCvntQtyFlhCABGb0T,Wings of Steel,https://open.spotify.com/artist/0y43lCvntQtyFlhCABGb0T,"[{""artist_id"": ""0y43lCvntQtyFlhCABGb0T"", ""artist_name"": ""Wings of Steel"", ""artist_url"": ""https://open.spotify.com/artist/0y43lCvntQtyFlhCABGb0T"", ""monthly_listeners"": ""45519"", ""monthly_listeners_display"": ""45,519"", ""is_approx"": ""false"", ""fetch_error"": """"}]","[{""artist_id"": ""0y43lCvntQtyFlhCABGb0T"", ""artist_name"": ""Wings of Steel"", ""artist_uri"": ""spotify:artist:0y43lCvntQtyFlhCABGb0T"", ""artist_url"": ""https://open.spotify.com/artist/0y43lCvntQtyFlhCABGb0T"", ""artist_type"": ""artist"", ""artist_genres"": """", ""artist_spotify_api_popularity"": """", ""artist_followers_total"": """", ""artist_image_url"": ""https://i.scdn.co/image/ab6761610000e5ebf0ec514bb1af4546a9f63f24"", ""artist_lookup_error"": """", ""artist_monthly_listeners"": ""45519"", ""artist_monthly_listeners_display"": ""45,519"", ""artist_monthly_listeners_is_approx"": ""false"", ""artist_monthly_listeners_source"": ""Spotify public artist page"", ""artist_monthly_listeners_fetch_error"": """"}]",0,,"{""spotify"": ""https://open.spotify.com/track/4PevqJzeWn57SJld7ty3xM""}",{}
week5_17august,2026-08-17T07:40:10+00:00,Spotify,Aysima Karçaaltıncaba,aaaaysimaaaa,Week5_User2,Week5_User2,16hG6OuPN4U9WcHxELYnFJ,spotify:playlist:16hG6OuPN4U9WcHxELYnFJ,https://open.spotify.com/playlist/16hG6OuPN4U9WcHxELYnFJ,,aaaaysimaaaa,Aysima Karçaaltıncaba,True,False,0,AAAAA9D5Xmh1jBZBRKGVcvRFawqj/LLp,,18,2026-08-17T07:07:17Z,aaaaysimaaaa,primary_artist_monthly_listeners,21267,"21,267",Spotify public artist page,false,,3mZZmANnoFr6noTgxc8Zll,spotify:track:3mZZmANnoFr6noTgxc8Zll,https://open.spotify.com/track/3mZZmANnoFr6noTgxc8Zll,Welcome to Paradise,track,1,1,276133,276.133,False,False,True,,https://api.spotify.com/v1/tracks/3mZZmANnoFr6noTgxc8Zll,https://api.spotify.com/v1/tracks/3mZZmANnoFr6noTgxc8Zll,,,DED831900283,,,5WgN3EoZSf12ZyYaFxzYSP,spotify:album:5WgN3EoZSf12ZyYaFxzYSP,https://open.spotify.com/album/5WgN3EoZSf12ZyYaFxzYSP,Welcome to Paradise,album,,13,2019-08-02,day,,C: 2019 Nuclear Blast; P: 2019 Nuclear Blast,,https://i.scdn.co/image/ab67616d0000b27321ebb75e78cb1e6f30794879,,0cxYOcvgOWW1MJEoWeuCvg,NorthTale,spotify:artist:0cxYOcvgOWW1MJEoWeuCvg,https://open.spotify.com/artist/0cxYOcvgOWW1MJEoWeuCvg,,,,21267,"21,267",false,Spotify public artist page,,https://i.scdn.co/image/ab6761610000e5eb6c949980fb3aab36f8347668,,0cxYOcvgOWW1MJEoWeuCvg,NorthTale,https://open.spotify.com/artist/0cxYOcvgOWW1MJEoWeuCvg,"[{""artist_id"": ""0cxYOcvgOWW1MJEoWeuCvg"", ""artist_name"": ""NorthTale"", ""artist_url"": ""https://open.spotify.com/artist/0cxYOcvgOWW1MJEoWeuCvg"", ""monthly_listeners"": ""21267"", ""monthly_listeners_display"": ""21,267"", ""is_approx"": ""false"", ""fetch_error"": """"}]","[{""artist_id"": ""0cxYOcvgOWW1MJEoWeuCvg"", ""artist_name"": ""NorthTale"", ""artist_uri"": ""spotify:artist:0cxYOcvgOWW1MJEoWeuCvg"", ""artist_url"": ""https://open.spotify.com/artist/0cxYOcvgOWW1MJEoWeuCvg"", ""artist_type"": ""artist"", ""artist_genres"": """", ""artist_spotify_api_popularity"": """", ""artist_followers_total"": """", ""artist_image_url"": ""https://i.scdn.co/image/ab6761610000e5eb6c949980fb3aab36f8347668"", ""artist_lookup_error"": """", ""artist_monthly_listeners"": ""21267"", ""artist_monthly_listeners_display"": ""21,267"", ""artist_monthly_listeners_is_approx"": ""false"", ""artist_monthly_listeners_source"": ""Spotify public artist page"", ""artist_monthly_listeners_fetch_error"": """"}]",0,,"{""spotify"": ""https://open.spotify.com/track/3mZZmANnoFr6noTgxc8Zll""}",{}
week5_17august,2026-08-17T07:40:10+00:00,Spotify,Aysima Karçaaltıncaba,aaaaysimaaaa,Week5_User2,Week5_User2,16hG6OuPN4U9WcHxELYnFJ,spotify:playlist:16hG6OuPN4U9WcHxELYnFJ,https://open.spotify.com/playlist/16hG6OuPN4U9WcHxELYnFJ,,aaaaysimaaaa,Aysima Karçaaltıncaba,True,False,0,AAAAA9D5Xmh1jBZBRKGVcvRFawqj/LLp,,19,2026-08-17T07:07:17Z,aaaaysimaaaa,primary_artist_monthly_listeners,45886,"45,886",Spotify public artist page,false,,6NeucmhWPI0FU895rAieqg,spotify:track:6NeucmhWPI0FU895rAieqg,https://open.spotify.com/track/6NeucmhWPI0FU895rAieqg,Oceans Of Regret,track,3,1,380773,380.773,False,False,True,,https://api.spotify.com/v1/tracks/6NeucmhWPI0FU895rAieqg,https://api.spotify.com/v1/tracks/6NeucmhWPI0FU895rAieqg,,,ITG270900349,,,6vFeGgNXrx6ycj0NJxZBa4,spotify:album:6vFeGgNXrx6ycj0NJxZBa4,https://open.spotify.com/album/6vFeGgNXrx6ycj0NJxZBa4,Gather The Faithful,album,,10,2009-08-28,day,,C: 2009 Frontiers Records,,https://i.scdn.co/image/ab67616d0000b2734616ddf17bda651d60f2ccf4,,09EwLsoJmivFrBl0yisGDE,Cain's Offering,spotify:artist:09EwLsoJmivFrBl0yisGDE,https://open.spotify.com/artist/09EwLsoJmivFrBl0yisGDE,,,,45886,"45,886",false,Spotify public artist page,,https://i.scdn.co/image/ab67616d0000b273efe55e4449fe3cc1b1c9fd03,,09EwLsoJmivFrBl0yisGDE,Cain's Offering,https://open.spotify.com/artist/09EwLsoJmivFrBl0yisGDE,"[{""artist_id"": ""09EwLsoJmivFrBl0yisGDE"", ""artist_name"": ""Cain's Offering"", ""artist_url"": ""https://open.spotify.com/artist/09EwLsoJmivFrBl0yisGDE"", ""monthly_listeners"": ""45886"", ""monthly_listeners_display"": ""45,886"", ""is_approx"": ""false"", ""fetch_error"": """"}]","[{""artist_id"": ""09EwLsoJmivFrBl0yisGDE"", ""artist_name"": ""Cain's Offering"", ""artist_uri"": ""spotify:artist:09EwLsoJmivFrBl0yisGDE"", ""artist_url"": ""https://open.spotify.com/artist/09EwLsoJmivFrBl0yisGDE"", ""artist_type"": ""artist"", ""artist_genres"": """", ""artist_spotify_api_popularity"": """", ""artist_followers_total"": """", ""artist_image_url"": ""https://i.scdn.co/image/ab67616d0000b273efe55e4449fe3cc1b1c9fd03"", ""artist_lookup_error"": """", ""artist_monthly_listeners"": ""45886"", ""artist_monthly_listeners_display"": ""45,886"", ""artist_monthly_listeners_is_approx"": ""false"", ""artist_monthly_listeners_source"": ""Spotify public artist page"", ""artist_monthly_listeners_fetch_error"": """"}]",0,,"{""spotify"": ""https://open.spotify.com/track/6NeucmhWPI0FU895rAieqg""}",{}
week5_17august,2026-08-17T07:40:10+00:00,Spotify,Aysima Karçaaltıncaba,aaaaysimaaaa,Week5_User2,Week5_User2,16hG6OuPN4U9WcHxELYnFJ,spotify:playlist:16hG6OuPN4U9WcHxELYnFJ,https://open.spotify.com/playlist/16hG6OuPN4U9WcHxELYnFJ,,aaaaysimaaaa,Aysima Karçaaltıncaba,True,False,0,AAAAA9D5Xmh1jBZBRKGVcvRFawqj/LLp,,20,2026-08-17T07:07:17Z,aaaaysimaaaa,primary_artist_monthly_listeners,387913,"387,913",Spotify public artist page,false,,35TLynakKhHyg7FcONAypo,spotify:track:35TLynakKhHyg7FcONAypo,https://open.spotify.com/track/35TLynakKhHyg7FcONAypo,Center of the Universe,track,2,1,326946,326.946,False,False,True,,https://api.spotify.com/v1/tracks/35TLynakKhHyg7FcONAypo,https://api.spotify.com/v1/tracks/35TLynakKhHyg7FcONAypo,,,GBAJE0201088,,,0eefIi91Qn1mp2rkf8B5go,spotify:album:0eefIi91Qn1mp2rkf8B5go,https://open.spotify.com/album/0eefIi91Qn1mp2rkf8B5go,Epica,album,,16,2003-03-03,day,,"C: 2007 Sanctuary Records Group Ltd., a BMG Company; P: 2002 Sanctuary Records Group Ltd., a BMG Company",,https://i.scdn.co/image/ab67616d0000b273496b8d7256360f2b237525d7,,7gTbq5nTZGQIUgjEGXQpOS,Kamelot,spotify:artist:7gTbq5nTZGQIUgjEGXQpOS,https://open.spotify.com/artist/7gTbq5nTZGQIUgjEGXQpOS,,,,387913,"387,913",false,Spotify public artist page,,https://i.scdn.co/image/ab6761610000e5eb05cfb3d751023418788b5ebc,,7gTbq5nTZGQIUgjEGXQpOS,Kamelot,https://open.spotify.com/artist/7gTbq5nTZGQIUgjEGXQpOS,"[{""artist_id"": ""7gTbq5nTZGQIUgjEGXQpOS"", ""artist_name"": ""Kamelot"", ""artist_url"": ""https://open.spotify.com/artist/7gTbq5nTZGQIUgjEGXQpOS"", ""monthly_listeners"": ""387913"", ""monthly_listeners_display"": ""387,913"", ""is_approx"": ""false"", ""fetch_error"": """"}]","[{""artist_id"": ""7gTbq5nTZGQIUgjEGXQpOS"", ""artist_name"": ""Kamelot"", ""artist_uri"": ""spotify:artist:7gTbq5nTZGQIUgjEGXQpOS"", ""artist_url"": ""https://open.spotify.com/artist/7gTbq5nTZGQIUgjEGXQpOS"", ""artist_type"": ""artist"", ""artist_genres"": """", ""artist_spotify_api_popularity"": """", ""artist_followers_total"": """", ""artist_image_url"": ""https://i.scdn.co/image/ab6761610000e5eb05cfb3d751023418788b5ebc"", ""artist_lookup_error"": """", ""artist_monthly_listeners"": ""387913"", ""artist_monthly_listeners_display"": ""387,913"", ""artist_monthly_listeners_is_approx"": ""false"", ""artist_monthly_listeners_source"": ""Spotify public artist page"", ""artist_monthly_listeners_fetch_error"": """"}]",0,,"{""spotify"": ""https://open.spotify.com/track/35TLynakKhHyg7FcONAypo""}",{}
week5_17august,2026-08-17T07:40:10+00:00,Spotify,Aysima Karçaaltıncaba,aaaaysimaaaa,Week5_User2,Week5_User2,16hG6OuPN4U9WcHxELYnFJ,spotify:playlist:16hG6OuPN4U9WcHxELYnFJ,https://open.spotify.com/playlist/16hG6OuPN4U9WcHxELYnFJ,,aaaaysimaaaa,Aysima Karçaaltıncaba,True,False,0,AAAAA9D5Xmh1jBZBRKGVcvRFawqj/LLp,,21,2026-08-17T07:07:17Z,aaaaysimaaaa,primary_artist_monthly_listeners,400540,"400,540",Spotify public artist page,false,,4Du5T47AodxH9wp07vnis7,spotify:track:4Du5T47AodxH9wp07vnis7,https://open.spotify.com/track/4Du5T47AodxH9wp07vnis7,Power Of The Night,track,1,1,315573,315.573,False,False,True,,https://api.spotify.com/v1/tracks/4Du5T47AodxH9wp07vnis7,https://api.spotify.com/v1/tracks/4Du5T47AodxH9wp07vnis7,,,DEH840900479,,,359sP58SzwVgT6mxWCVVJL,spotify:album:359sP58SzwVgT6mxWCVVJL,https://open.spotify.com/album/359sP58SzwVgT6mxWCVVJL,Power of the Night (2011 Edition),album,,12,1985,year,,C: 2011 Savatage Inc. under exclusive license to Edel Germany GmbH. earMUSIC is a project of Edel.; P: 2011 Savatage Inc. under exclusive license to Edel Germany GmbH. earMUSIC is a project of Edel.,,https://i.scdn.co/image/ab67616d0000b273b67fbc42cee39aae8f2a1af8,,3N1B1g6JtIgd6ClRkzD4yT,Savatage,spotify:artist:3N1B1g6JtIgd6ClRkzD4yT,https://open.spotify.com/artist/3N1B1g6JtIgd6ClRkzD4yT,,,,400540,"400,540",false,Spotify public artist page,,https://i.scdn.co/image/ab6761610000e5eb28ce3420531dadeaea4d8aef,,3N1B1g6JtIgd6ClRkzD4yT,Savatage,https://open.spotify.com/artist/3N1B1g6JtIgd6ClRkzD4yT,"[{""artist_id"": ""3N1B1g6JtIgd6ClRkzD4yT"", ""artist_name"": ""Savatage"", ""artist_url"": ""https://open.spotify.com/artist/3N1B1g6JtIgd6ClRkzD4yT"", ""monthly_listeners"": ""400540"", ""monthly_listeners_display"": ""400,540"", ""is_approx"": ""false"", ""fetch_error"": """"}]","[{""artist_id"": ""3N1B1g6JtIgd6ClRkzD4yT"", ""artist_name"": ""Savatage"", ""artist_uri"": ""spotify:artist:3N1B1g6JtIgd6ClRkzD4yT"", ""artist_url"": ""https://open.spotify.com/artist/3N1B1g6JtIgd6ClRkzD4yT"", ""artist_type"": ""artist"", ""artist_genres"": """", ""artist_spotify_api_popularity"": """", ""artist_followers_total"": """", ""artist_image_url"": ""https://i.scdn.co/image/ab6761610000e5eb28ce3420531dadeaea4d8aef"", ""artist_lookup_error"": """", ""artist_monthly_listeners"": ""400540"", ""artist_monthly_listeners_display"": ""400,540"", ""artist_monthly_listeners_is_approx"": ""false"", ""artist_monthly_listeners_source"": ""Spotify public artist page"", ""artist_monthly_listeners_fetch_error"": """"}]",0,,"{""spotify"": ""https://open.spotify.com/track/4Du5T47AodxH9wp07vnis7""}",{}
week5_17august,2026-08-17T07:40:10+00:00,Spotify,Aysima Karçaaltıncaba,aaaaysimaaaa,Week5_User2,Week5_User2,16hG6OuPN4U9WcHxELYnFJ,spotify:playlist:16hG6OuPN4U9WcHxELYnFJ,https://open.spotify.com/playlist/16hG6OuPN4U9WcHxELYnFJ,,aaaaysimaaaa,Aysima Karçaaltıncaba,True,False,0,AAAAA9D5Xmh1jBZBRKGVcvRFawqj/LLp,,22,2026-08-17T07:07:17Z,aaaaysimaaaa,primary_artist_monthly_listeners,30065,"30,065",Spotify public artist page,false,,0PDCk2LGt1K5RM7WeVElKh,spotify:track:0PDCk2LGt1K5RM7WeVElKh,https://open.spotify.com/track/0PDCk2LGt1K5RM7WeVElKh,Guns for Hire,track,2,1,202871,202.871,False,False,True,,https://api.spotify.com/v1/tracks/0PDCk2LGt1K5RM7WeVElKh,https://api.spotify.com/v1/tracks/0PDCk2LGt1K5RM7WeVElKh,,,DE1AH2370702,,,0P9NyowwI3fZTCNz3ijFOU,spotify:album:0P9NyowwI3fZTCNz3ijFOU,https://open.spotify.com/album/0P9NyowwI3fZTCNz3ijFOU,Guns for Hire,album,,10,2023-07-14,day,,C: (C) 2023 Reigning Phoenix Music; P: (P) 2023 Reigning Phoenix Music,,https://i.scdn.co/image/ab67616d0000b273a5453a41ebefd89efb02e7f5,,6Wl6VXLasmiON3BDiha6e1,TAILGUNNER,spotify:artist:6Wl6VXLasmiON3BDiha6e1,https://open.spotify.com/artist/6Wl6VXLasmiON3BDiha6e1,,,,30065,"30,065",false,Spotify public artist page,,https://i.scdn.co/image/ab6761610000e5eb11072a5adb75af0738e5fb41,,6Wl6VXLasmiON3BDiha6e1,TAILGUNNER,https://open.spotify.com/artist/6Wl6VXLasmiON3BDiha6e1,"[{""artist_id"": ""6Wl6VXLasmiON3BDiha6e1"", ""artist_name"": ""TAILGUNNER"", ""artist_url"": ""https://open.spotify.com/artist/6Wl6VXLasmiON3BDiha6e1"", ""monthly_listeners"": ""30065"", ""monthly_listeners_display"": ""30,065"", ""is_approx"": ""false"", ""fetch_error"": """"}]","[{""artist_id"": ""6Wl6VXLasmiON3BDiha6e1"", ""artist_name"": ""TAILGUNNER"", ""artist_uri"": ""spotify:artist:6Wl6VXLasmiON3BDiha6e1"", ""artist_url"": ""https://open.spotify.com/artist/6Wl6VXLasmiON3BDiha6e1"", ""artist_type"": ""artist"", ""artist_genres"": """", ""artist_spotify_api_popularity"": """", ""artist_followers_total"": """", ""artist_image_url"": ""https://i.scdn.co/image/ab6761610000e5eb11072a5adb75af0738e5fb41"", ""artist_lookup_error"": """", ""artist_monthly_listeners"": ""30065"", ""artist_monthly_listeners_display"": ""30,065"", ""artist_monthly_listeners_is_approx"": ""false"", ""artist_monthly_listeners_source"": ""Spotify public artist page"", ""artist_monthly_listeners_fetch_error"": """"}]",0,,"{""spotify"": ""https://open.spotify.com/track/0PDCk2LGt1K5RM7WeVElKh""}",{}
week5_17august,2026-08-17T07:40:10+00:00,Spotify,Aysima Karçaaltıncaba,aaaaysimaaaa,Week5_User2,Week5_User2,16hG6OuPN4U9WcHxELYnFJ,spotify:playlist:16hG6OuPN4U9WcHxELYnFJ,https://open.spotify.com/playlist/16hG6OuPN4U9WcHxELYnFJ,,aaaaysimaaaa,Aysima Karçaaltıncaba,True,False,0,AAAAA9D5Xmh1jBZBRKGVcvRFawqj/LLp,,23,2026-08-17T07:07:17Z,aaaaysimaaaa,primary_artist_monthly_listeners,30327,"30,327",Spotify public artist page,false,,3wh5MasSWNaLcbXNe7bffS,spotify:track:3wh5MasSWNaLcbXNe7bffS,https://open.spotify.com/track/3wh5MasSWNaLcbXNe7bffS,Beyond The Rainbow Bridge,track,11,1,248893,248.893,False,False,True,,https://api.spotify.com/v1/tracks/3wh5MasSWNaLcbXNe7bffS,https://api.spotify.com/v1/tracks/3wh5MasSWNaLcbXNe7bffS,,,DEA452401560,,,2ZYp47lVyM4suksutbKGFE,spotify:album:2ZYp47lVyM4suksutbKGFE,https://open.spotify.com/album/2ZYp47lVyM4suksutbKGFE,Hic Svnt Dracones,album,,12,2024-10-11,day,,C: (C) 2024 Steamhammer; P: (P) 2024 Steamhammer,,https://i.scdn.co/image/ab67616d0000b2738b543e4df1d7cfe8430f77f8,,4ZGFYwFpBWxq6FxqilvRJT,Dragony,spotify:artist:4ZGFYwFpBWxq6FxqilvRJT,https://open.spotify.com/artist/4ZGFYwFpBWxq6FxqilvRJT,,,,30327,"30,327",false,Spotify public artist page,,https://i.scdn.co/image/ab6761610000e5eb37437b584bd4ccbdac075bec,,4ZGFYwFpBWxq6FxqilvRJT,Dragony,https://open.spotify.com/artist/4ZGFYwFpBWxq6FxqilvRJT,"[{""artist_id"": ""4ZGFYwFpBWxq6FxqilvRJT"", ""artist_name"": ""Dragony"", ""artist_url"": ""https://open.spotify.com/artist/4ZGFYwFpBWxq6FxqilvRJT"", ""monthly_listeners"": ""30327"", ""monthly_listeners_display"": ""30,327"", ""is_approx"": ""false"", ""fetch_error"": """"}]","[{""artist_id"": ""4ZGFYwFpBWxq6FxqilvRJT"", ""artist_name"": ""Dragony"", ""artist_uri"": ""spotify:artist:4ZGFYwFpBWxq6FxqilvRJT"", ""artist_url"": ""https://open.spotify.com/artist/4ZGFYwFpBWxq6FxqilvRJT"", ""artist_type"": ""artist"", ""artist_genres"": """", ""artist_spotify_api_popularity"": """", ""artist_followers_total"": """", ""artist_image_url"": ""https://i.scdn.co/image/ab6761610000e5eb37437b584bd4ccbdac075bec"", ""artist_lookup_error"": """", ""artist_monthly_listeners"": ""30327"", ""artist_monthly_listeners_display"": ""30,327"", ""artist_monthly_listeners_is_approx"": ""false"", ""artist_monthly_listeners_source"": ""Spotify public artist page"", ""artist_monthly_listeners_fetch_error"": """"}]",0,,"{""spotify"": ""https://open.spotify.com/track/3wh5MasSWNaLcbXNe7bffS""}",{}
week5_17august,2026-08-17T07:40:10+00:00,Spotify,Aysima Karçaaltıncaba,aaaaysimaaaa,Week5_User2,Week5_User2,16hG6OuPN4U9WcHxELYnFJ,spotify:playlist:16hG6OuPN4U9WcHxELYnFJ,https://open.spotify.com/playlist/16hG6OuPN4U9WcHxELYnFJ,,aaaaysimaaaa,Aysima Karçaaltıncaba,True,False,0,AAAAA9D5Xmh1jBZBRKGVcvRFawqj/LLp,,24,2026-08-17T07:07:17Z,aaaaysimaaaa,primary_artist_monthly_listeners,108314,"108,314",Spotify public artist page,false,,4Mtj8Pf6GBFctUuG8mP9fO,spotify:track:4Mtj8Pf6GBFctUuG8mP9fO,https://open.spotify.com/track/4Mtj8Pf6GBFctUuG8mP9fO,Mercenary Man,track,3,1,208586,208.586,False,False,True,,https://api.spotify.com/v1/tracks/4Mtj8Pf6GBFctUuG8mP9fO,https://api.spotify.com/v1/tracks/4Mtj8Pf6GBFctUuG8mP9fO,,,US4E40844803,,,1yjOwnIzzjmQDMPu8mHinj,spotify:album:1yjOwnIzzjmQDMPu8mHinj,https://open.spotify.com/album/1yjOwnIzzjmQDMPu8mHinj,The Premonition,album,,10,2008-07-13,day,,P: (P) 2008 Century Media Records Ltd.,,https://i.scdn.co/image/ab67616d0000b273115870a1892f8f8a1cfae7eb,,70I9vE7YTwKmelfEplXc5r,Firewind,spotify:artist:70I9vE7YTwKmelfEplXc5r,https://open.spotify.com/artist/70I9vE7YTwKmelfEplXc5r,,,,108314,"108,314",false,Spotify public artist page,,https://i.scdn.co/image/ab6761610000e5eb65dfd5aaf0e94b6c190d63b4,,70I9vE7YTwKmelfEplXc5r,Firewind,https://open.spotify.com/artist/70I9vE7YTwKmelfEplXc5r,"[{""artist_id"": ""70I9vE7YTwKmelfEplXc5r"", ""artist_name"": ""Firewind"", ""artist_url"": ""https://open.spotify.com/artist/70I9vE7YTwKmelfEplXc5r"", ""monthly_listeners"": ""108314"", ""monthly_listeners_display"": ""108,314"", ""is_approx"": ""false"", ""fetch_error"": """"}]","[{""artist_id"": ""70I9vE7YTwKmelfEplXc5r"", ""artist_name"": ""Firewind"", ""artist_uri"": ""spotify:artist:70I9vE7YTwKmelfEplXc5r"", ""artist_url"": ""https://open.spotify.com/artist/70I9vE7YTwKmelfEplXc5r"", ""artist_type"": ""artist"", ""artist_genres"": """", ""artist_spotify_api_popularity"": """", ""artist_followers_total"": """", ""artist_image_url"": ""https://i.scdn.co/image/ab6761610000e5eb65dfd5aaf0e94b6c190d63b4"", ""artist_lookup_error"": """", ""artist_monthly_listeners"": ""108314"", ""artist_monthly_listeners_display"": ""108,314"", ""artist_monthly_listeners_is_approx"": ""false"", ""artist_monthly_listeners_source"": ""Spotify public artist page"", ""artist_monthly_listeners_fetch_error"": """"}]",0,,"{""spotify"": ""https://open.spotify.com/track/4Mtj8Pf6GBFctUuG8mP9fO""}",{}
week5_17august,2026-08-17T07:40:10+00:00,Spotify,Aysima Karçaaltıncaba,aaaaysimaaaa,Week5_User2,Week5_User2,16hG6OuPN4U9WcHxELYnFJ,spotify:playlist:16hG6OuPN4U9WcHxELYnFJ,https://open.spotify.com/playlist/16hG6OuPN4U9WcHxELYnFJ,,aaaaysimaaaa,Aysima Karçaaltıncaba,True,False,0,AAAAA9D5Xmh1jBZBRKGVcvRFawqj/LLp,,25,2026-08-17T07:07:17Z,aaaaysimaaaa,primary_artist_monthly_listeners,142414,"142,414",Spotify public artist page,false,,5IJIWsdDqJ5guZpNliKHJQ,spotify:track:5IJIWsdDqJ5guZpNliKHJQ,https://open.spotify.com/track/5IJIWsdDqJ5guZpNliKHJQ,The Divided Heart,track,7,1,278266,278.266,False,False,True,,https://api.spotify.com/v1/tracks/5IJIWsdDqJ5guZpNliKHJQ,https://api.spotify.com/v1/tracks/5IJIWsdDqJ5guZpNliKHJQ,,,DEU600700814,,,3qgEfg7iF3pwX6X4hsWuVE,spotify:album:3qgEfg7iF3pwX6X4hsWuVE,https://open.spotify.com/album/3qgEfg7iF3pwX6X4hsWuVE,The Scythe,album,,10,2007-09-14,day,,C: 2007 AFM Records; P: 2007 AFM Records,,https://i.scdn.co/image/ab67616d0000b273f4c6a206092b475491e5e37c,,09b5OcuIELTdD7FfzQzcdB,Elvenking,spotify:artist:09b5OcuIELTdD7FfzQzcdB,https://open.spotify.com/artist/09b5OcuIELTdD7FfzQzcdB,,,,142414,"142,414",false,Spotify public artist page,,https://i.scdn.co/image/ab6761610000e5eb7d9ebf7fb6d88f7efe184437,,09b5OcuIELTdD7FfzQzcdB,Elvenking,https://open.spotify.com/artist/09b5OcuIELTdD7FfzQzcdB,"[{""artist_id"": ""09b5OcuIELTdD7FfzQzcdB"", ""artist_name"": ""Elvenking"", ""artist_url"": ""https://open.spotify.com/artist/09b5OcuIELTdD7FfzQzcdB"", ""monthly_listeners"": ""142414"", ""monthly_listeners_display"": ""142,414"", ""is_approx"": ""false"", ""fetch_error"": """"}]","[{""artist_id"": ""09b5OcuIELTdD7FfzQzcdB"", ""artist_name"": ""Elvenking"", ""artist_uri"": ""spotify:artist:09b5OcuIELTdD7FfzQzcdB"", ""artist_url"": ""https://open.spotify.com/artist/09b5OcuIELTdD7FfzQzcdB"", ""artist_type"": ""artist"", ""artist_genres"": """", ""artist_spotify_api_popularity"": """", ""artist_followers_total"": """", ""artist_image_url"": ""https://i.scdn.co/image/ab6761610000e5eb7d9ebf7fb6d88f7efe184437"", ""artist_lookup_error"": """", ""artist_monthly_listeners"": ""142414"", ""artist_monthly_listeners_display"": ""142,414"", ""artist_monthly_listeners_is_approx"": ""false"", ""artist_monthly_listeners_source"": ""Spotify public artist page"", ""artist_monthly_listeners_fetch_error"": """"}]",0,,"{""spotify"": ""https://open.spotify.com/track/5IJIWsdDqJ5guZpNliKHJQ""}",{}
week5_17august,2026-08-17T07:40:10+00:00,Spotify,Aysima Karçaaltıncaba,aaaaysimaaaa,Week5_User2,Week5_User2,16hG6OuPN4U9WcHxELYnFJ,spotify:playlist:16hG6OuPN4U9WcHxELYnFJ,https://open.spotify.com/playlist/16hG6OuPN4U9WcHxELYnFJ,,aaaaysimaaaa,Aysima Karçaaltıncaba,True,False,0,AAAAA9D5Xmh1jBZBRKGVcvRFawqj/LLp,,26,2026-08-17T07:07:17Z,aaaaysimaaaa,primary_artist_monthly_listeners,14053,"14,053",Spotify public artist page,false,,4t9ax3CjKoJUCn4mO6QS9d,spotify:track:4t9ax3CjKoJUCn4mO6QS9d,https://open.spotify.com/track/4t9ax3CjKoJUCn4mO6QS9d,Full Throttle,track,2,1,230964,230.964,False,False,True,,https://api.spotify.com/v1/tracks/4t9ax3CjKoJUCn4mO6QS9d,https://api.spotify.com/v1/tracks/4t9ax3CjKoJUCn4mO6QS9d,,,DEU601606525,,,6NTy6aMObIjW1FRLc36jZU,spotify:album:6NTy6aMObIjW1FRLc36jZU,https://open.spotify.com/album/6NTy6aMObIjW1FRLc36jZU,Burn up the Night,album,,8,2016-09-23,day,,C: 2016 AFM Records; P: 2016 AFM Records,,https://i.scdn.co/image/ab67616d0000b273e172371c64895da14e51ec64,,0SmK0Nh1fuDYGSGWDI3eVh,Kryptos,spotify:artist:0SmK0Nh1fuDYGSGWDI3eVh,https://open.spotify.com/artist/0SmK0Nh1fuDYGSGWDI3eVh,,,,14053,"14,053",false,Spotify public artist page,,https://i.scdn.co/image/ab6761610000e5ebca00a79ff51150dac65c4aa1,,0SmK0Nh1fuDYGSGWDI3eVh,Kryptos,https://open.spotify.com/artist/0SmK0Nh1fuDYGSGWDI3eVh,"[{""artist_id"": ""0SmK0Nh1fuDYGSGWDI3eVh"", ""artist_name"": ""Kryptos"", ""artist_url"": ""https://open.spotify.com/artist/0SmK0Nh1fuDYGSGWDI3eVh"", ""monthly_listeners"": ""14053"", ""monthly_listeners_display"": ""14,053"", ""is_approx"": ""false"", ""fetch_error"": """"}]","[{""artist_id"": ""0SmK0Nh1fuDYGSGWDI3eVh"", ""artist_name"": ""Kryptos"", ""artist_uri"": ""spotify:artist:0SmK0Nh1fuDYGSGWDI3eVh"", ""artist_url"": ""https://open.spotify.com/artist/0SmK0Nh1fuDYGSGWDI3eVh"", ""artist_type"": ""artist"", ""artist_genres"": """", ""artist_spotify_api_popularity"": """", ""artist_followers_total"": """", ""artist_image_url"": ""https://i.scdn.co/image/ab6761610000e5ebca00a79ff51150dac65c4aa1"", ""artist_lookup_error"": """", ""artist_monthly_listeners"": ""14053"", ""artist_monthly_listeners_display"": ""14,053"", ""artist_monthly_listeners_is_approx"": ""false"", ""artist_monthly_listeners_source"": ""Spotify public artist page"", ""artist_monthly_listeners_fetch_error"": """"}]",0,,"{""spotify"": ""https://open.spotify.com/track/4t9ax3CjKoJUCn4mO6QS9d""}",{}
week5_17august,2026-08-17T07:40:10+00:00,Spotify,Aysima Karçaaltıncaba,aaaaysimaaaa,Week5_User2,Week5_User2,16hG6OuPN4U9WcHxELYnFJ,spotify:playlist:16hG6OuPN4U9WcHxELYnFJ,https://open.spotify.com/playlist/16hG6OuPN4U9WcHxELYnFJ,,aaaaysimaaaa,Aysima Karçaaltıncaba,True,False,0,AAAAA9D5Xmh1jBZBRKGVcvRFawqj/LLp,,27,2026-08-17T07:07:17Z,aaaaysimaaaa,primary_artist_monthly_listeners,69296,"69,296",Spotify public artist page,false,,15TrJOxxgvpYShCzrpI8GI,spotify:track:15TrJOxxgvpYShCzrpI8GI,https://open.spotify.com/track/15TrJOxxgvpYShCzrpI8GI,Spill Blood on Fire,track,2,1,316213,316.213,False,False,True,,https://api.spotify.com/v1/tracks/15TrJOxxgvpYShCzrpI8GI,https://api.spotify.com/v1/tracks/15TrJOxxgvpYShCzrpI8GI,,,DEZ900601655,,,0v4XwkYSBULSubs58aezbT,spotify:album:0v4XwkYSBULSubs58aezbT,https://open.spotify.com/album/0v4XwkYSBULSubs58aezbT,Virus,album,,9,2007-01-26,day,,C: 2007 AFM Records; P: 2007 AFM Records,,https://i.scdn.co/image/ab67616d0000b2734bb4421e8c83270f460e870b,,7j3etSXgd9ZLYIUW7KWnpd,Heavenly,spotify:artist:7j3etSXgd9ZLYIUW7KWnpd,https://open.spotify.com/artist/7j3etSXgd9ZLYIUW7KWnpd,,,,69296,"69,296",false,Spotify public artist page,,https://i.scdn.co/image/ab6772690000c46ce1dbce8d74b9d4d5066ebf7a,,7j3etSXgd9ZLYIUW7KWnpd,Heavenly,https://open.spotify.com/artist/7j3etSXgd9ZLYIUW7KWnpd,"[{""artist_id"": ""7j3etSXgd9ZLYIUW7KWnpd"", ""artist_name"": ""Heavenly"", ""artist_url"": ""https://open.spotify.com/artist/7j3etSXgd9ZLYIUW7KWnpd"", ""monthly_listeners"": ""69296"", ""monthly_listeners_display"": ""69,296"", ""is_approx"": ""false"", ""fetch_error"": """"}]","[{""artist_id"": ""7j3etSXgd9ZLYIUW7KWnpd"", ""artist_name"": ""Heavenly"", ""artist_uri"": ""spotify:artist:7j3etSXgd9ZLYIUW7KWnpd"", ""artist_url"": ""https://open.spotify.com/artist/7j3etSXgd9ZLYIUW7KWnpd"", ""artist_type"": ""artist"", ""artist_genres"": """", ""artist_spotify_api_popularity"": """", ""artist_followers_total"": """", ""artist_image_url"": ""https://i.scdn.co/image/ab6772690000c46ce1dbce8d74b9d4d5066ebf7a"", ""artist_lookup_error"": """", ""artist_monthly_listeners"": ""69296"", ""artist_monthly_listeners_display"": ""69,296"", ""artist_monthly_listeners_is_approx"": ""false"", ""artist_monthly_listeners_source"": ""Spotify public artist page"", ""artist_monthly_listeners_fetch_error"": """"}]",0,,"{""spotify"": ""https://open.spotify.com/track/15TrJOxxgvpYShCzrpI8GI""}",{}
week5_17august,2026-08-17T07:40:10+00:00,Spotify,Aysima Karçaaltıncaba,aaaaysimaaaa,Week5_User2,Week5_User2,16hG6OuPN4U9WcHxELYnFJ,spotify:playlist:16hG6OuPN4U9WcHxELYnFJ,https://open.spotify.com/playlist/16hG6OuPN4U9WcHxELYnFJ,,aaaaysimaaaa,Aysima Karçaaltıncaba,True,False,0,AAAAA9D5Xmh1jBZBRKGVcvRFawqj/LLp,,28,2026-08-17T07:07:17Z,aaaaysimaaaa,primary_artist_monthly_listeners,17078,"17,078",Spotify public artist page,false,,7r3aNiBbcBN0gy7zHP2QDK,spotify:track:7r3aNiBbcBN0gy7zHP2QDK,https://open.spotify.com/track/7r3aNiBbcBN0gy7zHP2QDK,Walk the Earth,track,2,1,387840,387.840,False,False,True,,https://api.spotify.com/v1/tracks/7r3aNiBbcBN0gy7zHP2QDK,https://api.spotify.com/v1/tracks/7r3aNiBbcBN0gy7zHP2QDK,,,DEU600600645,,,1WNGqwmzYOSkk04eshChkP,spotify:album:1WNGqwmzYOSkk04eshChkP,https://open.spotify.com/album/1WNGqwmzYOSkk04eshChkP,Walk the Earth,album,,12,2007-02-16,day,,C: 2007 AFM Records; P: 2007 AFM Records,,https://i.scdn.co/image/ab67616d0000b2730857ce0f4fd79637a29a1b11,,4q3AhU7fP8KdrW5CEBrlZ5,Silent Force,spotify:artist:4q3AhU7fP8KdrW5CEBrlZ5,https://open.spotify.com/artist/4q3AhU7fP8KdrW5CEBrlZ5,,,,17078,"17,078",false,Spotify public artist page,,https://i.scdn.co/image/ab6761610000e5eb38b3c5aaa06c8ac10be8f9da,,4q3AhU7fP8KdrW5CEBrlZ5,Silent Force,https://open.spotify.com/artist/4q3AhU7fP8KdrW5CEBrlZ5,"[{""artist_id"": ""4q3AhU7fP8KdrW5CEBrlZ5"", ""artist_name"": ""Silent Force"", ""artist_url"": ""https://open.spotify.com/artist/4q3AhU7fP8KdrW5CEBrlZ5"", ""monthly_listeners"": ""17078"", ""monthly_listeners_display"": ""17,078"", ""is_approx"": ""false"", ""fetch_error"": """"}]","[{""artist_id"": ""4q3AhU7fP8KdrW5CEBrlZ5"", ""artist_name"": ""Silent Force"", ""artist_uri"": ""spotify:artist:4q3AhU7fP8KdrW5CEBrlZ5"", ""artist_url"": ""https://open.spotify.com/artist/4q3AhU7fP8KdrW5CEBrlZ5"", ""artist_type"": ""artist"", ""artist_genres"": """", ""artist_spotify_api_popularity"": """", ""artist_followers_total"": """", ""artist_image_url"": ""https://i.scdn.co/image/ab6761610000e5eb38b3c5aaa06c8ac10be8f9da"", ""artist_lookup_error"": """", ""artist_monthly_listeners"": ""17078"", ""artist_monthly_listeners_display"": ""17,078"", ""artist_monthly_listeners_is_approx"": ""false"", ""artist_monthly_listeners_source"": ""Spotify public artist page"", ""artist_monthly_listeners_fetch_error"": """"}]",0,,"{""spotify"": ""https://open.spotify.com/track/7r3aNiBbcBN0gy7zHP2QDK""}",{}
week5_17august,2026-08-17T07:40:10+00:00,Spotify,Aysima Karçaaltıncaba,aaaaysimaaaa,Week5_User2,Week5_User2,16hG6OuPN4U9WcHxELYnFJ,spotify:playlist:16hG6OuPN4U9WcHxELYnFJ,https://open.spotify.com/playlist/16hG6OuPN4U9WcHxELYnFJ,,aaaaysimaaaa,Aysima Karçaaltıncaba,True,False,0,AAAAA9D5Xmh1jBZBRKGVcvRFawqj/LLp,,29,2026-08-17T07:07:17Z,aaaaysimaaaa,primary_artist_monthly_listeners,43557,"43,557",Spotify public artist page,false,,2bukZeBP6YTLavnCsnOi1m,spotify:track:2bukZeBP6YTLavnCsnOi1m,https://open.spotify.com/track/2bukZeBP6YTLavnCsnOi1m,Salieri Strikes Back,track,9,1,317026,317.026,False,False,True,,https://api.spotify.com/v1/tracks/2bukZeBP6YTLavnCsnOi1m,https://api.spotify.com/v1/tracks/2bukZeBP6YTLavnCsnOi1m,,,FIUM70700194,,,2XYNz3UZasf7RvNctTVWBU,spotify:album:2XYNz3UZasf7RvNctTVWBU,https://open.spotify.com/album/2XYNz3UZasf7RvNctTVWBU,Beyond Abilities,album,,11,2002-01-01,day,,C: 2002 Spin-Farm Oy; P: 2002 Spin-Farm Oy,,https://i.scdn.co/image/ab67616d0000b273c72301b7fbbf7497d4386fa2,,28pvPjZ2n9xUBEHnMgupmh,Warmen,spotify:artist:28pvPjZ2n9xUBEHnMgupmh,https://open.spotify.com/artist/28pvPjZ2n9xUBEHnMgupmh,,,,43557,"43,557",false,Spotify public artist page,,https://i.scdn.co/image/ab6761610000e5ebdfaa670eb6224293dba76edf,,28pvPjZ2n9xUBEHnMgupmh,Warmen,https://open.spotify.com/artist/28pvPjZ2n9xUBEHnMgupmh,"[{""artist_id"": ""28pvPjZ2n9xUBEHnMgupmh"", ""artist_name"": ""Warmen"", ""artist_url"": ""https://open.spotify.com/artist/28pvPjZ2n9xUBEHnMgupmh"", ""monthly_listeners"": ""43557"", ""monthly_listeners_display"": ""43,557"", ""is_approx"": ""false"", ""fetch_error"": """"}]","[{""artist_id"": ""28pvPjZ2n9xUBEHnMgupmh"", ""artist_name"": ""Warmen"", ""artist_uri"": ""spotify:artist:28pvPjZ2n9xUBEHnMgupmh"", ""artist_url"": ""https://open.spotify.com/artist/28pvPjZ2n9xUBEHnMgupmh"", ""artist_type"": ""artist"", ""artist_genres"": """", ""artist_spotify_api_popularity"": """", ""artist_followers_total"": """", ""artist_image_url"": ""https://i.scdn.co/image/ab6761610000e5ebdfaa670eb6224293dba76edf"", ""artist_lookup_error"": """", ""artist_monthly_listeners"": ""43557"", ""artist_monthly_listeners_display"": ""43,557"", ""artist_monthly_listeners_is_approx"": ""false"", ""artist_monthly_listeners_source"": ""Spotify public artist page"", ""artist_monthly_listeners_fetch_error"": """"}]",0,,"{""spotify"": ""https://open.spotify.com/track/2bukZeBP6YTLavnCsnOi1m""}",{}
week5_17august,2026-08-17T07:40:10+00:00,Spotify,Aysima Karçaaltıncaba,aaaaysimaaaa,Week5_User2,Week5_User2,16hG6OuPN4U9WcHxELYnFJ,spotify:playlist:16hG6OuPN4U9WcHxELYnFJ,https://open.spotify.com/playlist/16hG6OuPN4U9WcHxELYnFJ,,aaaaysimaaaa,Aysima Karçaaltıncaba,True,False,0,AAAAA9D5Xmh1jBZBRKGVcvRFawqj/LLp,,30,2026-08-17T07:07:17Z,aaaaysimaaaa,primary_artist_monthly_listeners,1047263,"1,047,263",Spotify public artist page,false,,2wE7eJkf3IvxKwqiK3UoiO,spotify:track:2wE7eJkf3IvxKwqiK3UoiO,https://open.spotify.com/track/2wE7eJkf3IvxKwqiK3UoiO,The Gods Made Heavy Metal,track,3,1,363893,363.893,False,False,True,,https://api.spotify.com/v1/tracks/2wE7eJkf3IvxKwqiK3UoiO,https://api.spotify.com/v1/tracks/2wE7eJkf3IvxKwqiK3UoiO,,,USGF19692503,,,4IoELctFmN7HWHSnb1hgFQ,spotify:album:4IoELctFmN7HWHSnb1hgFQ,https://open.spotify.com/album/4IoELctFmN7HWHSnb1hgFQ,Louder Than Hell,album,,10,1996-01-01,day,,"C: © 1996 Geffen Records Inc.; P: ℗ 1996 UMG Recordings, Inc.",,https://i.scdn.co/image/ab67616d0000b273b2b3dc4550e94bb8d63154e0,,4CzUzn54Cp9TQr6a7JIlMZ,Manowar,spotify:artist:4CzUzn54Cp9TQr6a7JIlMZ,https://open.spotify.com/artist/4CzUzn54Cp9TQr6a7JIlMZ,,,,1047263,"1,047,263",false,Spotify public artist page,,https://i.scdn.co/image/ab6761610000e5eba4780fe15900fbd223cd4f48,,4CzUzn54Cp9TQr6a7JIlMZ,Manowar,https://open.spotify.com/artist/4CzUzn54Cp9TQr6a7JIlMZ,"[{""artist_id"": ""4CzUzn54Cp9TQr6a7JIlMZ"", ""artist_name"": ""Manowar"", ""artist_url"": ""https://open.spotify.com/artist/4CzUzn54Cp9TQr6a7JIlMZ"", ""monthly_listeners"": ""1047263"", ""monthly_listeners_display"": ""1,047,263"", ""is_approx"": ""false"", ""fetch_error"": """"}]","[{""artist_id"": ""4CzUzn54Cp9TQr6a7JIlMZ"", ""artist_name"": ""Manowar"", ""artist_uri"": ""spotify:artist:4CzUzn54Cp9TQr6a7JIlMZ"", ""artist_url"": ""https://open.spotify.com/artist/4CzUzn54Cp9TQr6a7JIlMZ"", ""artist_type"": ""artist"", ""artist_genres"": """", ""artist_spotify_api_popularity"": """", ""artist_followers_total"": """", ""artist_image_url"": ""https://i.scdn.co/image/ab6761610000e5eba4780fe15900fbd223cd4f48"", ""artist_lookup_error"": """", ""artist_monthly_listeners"": ""1047263"", ""artist_monthly_listeners_display"": ""1,047,263"", ""artist_monthly_listeners_is_approx"": ""false"", ""artist_monthly_listeners_source"": ""Spotify public artist page"", ""artist_monthly_listeners_fetch_error"": """"}]",0,,"{""spotify"": ""https://open.spotify.com/track/2wE7eJkf3IvxKwqiK3UoiO""}",{}
week5_17august,2026-08-17T07:40:10+00:00,Spotify,Aysima Karçaaltıncaba,aaaaysimaaaa,Week5_User3,Week5_User3,1txRiqSazKMCTJxwcL2TCA,spotify:playlist:1txRiqSazKMCTJxwcL2TCA,https://open.spotify.com/playlist/1txRiqSazKMCTJxwcL2TCA,,aaaaysimaaaa,Aysima Karçaaltıncaba,True,False,0,AAAAA1uPnPVgANPgtAcP5LyCTXydPK3s,,1,2026-08-17T07:12:27Z,aaaaysimaaaa,primary_artist_monthly_listeners,3059978,"3,059,978",Spotify public artist page,false,,0URCTFCWXOg3JQximz1u30,spotify:track:0URCTFCWXOg3JQximz1u30,https://open.spotify.com/track/0URCTFCWXOg3JQximz1u30,Soldier of 3 Armies,track,8,1,218066,218.066,False,False,True,,https://api.spotify.com/v1/tracks/0URCTFCWXOg3JQximz1u30,https://api.spotify.com/v1/tracks/0URCTFCWXOg3JQximz1u30,,,SE2EG1400108,,,5TdhTTvwtD0ekZBYve97r7,spotify:album:5TdhTTvwtD0ekZBYve97r7,https://open.spotify.com/album/5TdhTTvwtD0ekZBYve97r7,Heroes,album,,13,2014-05-16,day,,C: 2014 Nuclear Blast; P: 2014 Nuclear Blast,,https://i.scdn.co/image/ab67616d0000b273735eecca68d3bb03e2e35a75,,3o2dn2O0FCVsWDFSh8qxgG,Sabaton,spotify:artist:3o2dn2O0FCVsWDFSh8qxgG,https://open.spotify.com/artist/3o2dn2O0FCVsWDFSh8qxgG,,,,3059978,"3,059,978",false,Spotify public artist page,,https://i.scdn.co/image/ab6761610000e5ebfc0524cca1171fac8678f4bf,,3o2dn2O0FCVsWDFSh8qxgG,Sabaton,https://open.spotify.com/artist/3o2dn2O0FCVsWDFSh8qxgG,"[{""artist_id"": ""3o2dn2O0FCVsWDFSh8qxgG"", ""artist_name"": ""Sabaton"", ""artist_url"": ""https://open.spotify.com/artist/3o2dn2O0FCVsWDFSh8qxgG"", ""monthly_listeners"": ""3059978"", ""monthly_listeners_display"": ""3,059,978"", ""is_approx"": ""false"", ""fetch_error"": """"}]","[{""artist_id"": ""3o2dn2O0FCVsWDFSh8qxgG"", ""artist_name"": ""Sabaton"", ""artist_uri"": ""spotify:artist:3o2dn2O0FCVsWDFSh8qxgG"", ""artist_url"": ""https://open.spotify.com/artist/3o2dn2O0FCVsWDFSh8qxgG"", ""artist_type"": ""artist"", ""artist_genres"": """", ""artist_spotify_api_popularity"": """", ""artist_followers_total"": """", ""artist_image_url"": ""https://i.scdn.co/image/ab6761610000e5ebfc0524cca1171fac8678f4bf"", ""artist_lookup_error"": """", ""artist_monthly_listeners"": ""3059978"", ""artist_monthly_listeners_display"": ""3,059,978"", ""artist_monthly_listeners_is_approx"": ""false"", ""artist_monthly_listeners_source"": ""Spotify public artist page"", ""artist_monthly_listeners_fetch_error"": """"}]",0,,"{""spotify"": ""https://open.spotify.com/track/0URCTFCWXOg3JQximz1u30""}",{}
week5_17august,2026-08-17T07:40:10+00:00,Spotify,Aysima Karçaaltıncaba,aaaaysimaaaa,Week5_User3,Week5_User3,1txRiqSazKMCTJxwcL2TCA,spotify:playlist:1txRiqSazKMCTJxwcL2TCA,https://open.spotify.com/playlist/1txRiqSazKMCTJxwcL2TCA,,aaaaysimaaaa,Aysima Karçaaltıncaba,True,False,0,AAAAA1uPnPVgANPgtAcP5LyCTXydPK3s,,2,2026-08-17T07:12:27Z,aaaaysimaaaa,primary_artist_monthly_listeners,381216,"381,216",Spotify public artist page,false,,7vvbcPlj9bCOyx0gAmESg2,spotify:track:7vvbcPlj9bCOyx0gAmESg2,https://open.spotify.com/track/7vvbcPlj9bCOyx0gAmESg2,Holy Thunderforce,track,7,1,261746,261.746,False,False,True,,https://api.spotify.com/v1/tracks/7vvbcPlj9bCOyx0gAmESg2,https://api.spotify.com/v1/tracks/7vvbcPlj9bCOyx0gAmESg2,,,DET270002001,,,6T6i4ZLAwRHVOxRaQnC5js,spotify:album:6T6i4ZLAwRHVOxRaQnC5js,https://open.spotify.com/album/6T6i4ZLAwRHVOxRaQnC5js,Dawn of Victory,album,,10,2000,year,,C: (C) 2000 Limb Music,,https://i.scdn.co/image/ab67616d0000b273012217969f1979b6f050068b,,0zQfrabOFYf36Ikb6PXcCY,Rhapsody,spotify:artist:0zQfrabOFYf36Ikb6PXcCY,https://open.spotify.com/artist/0zQfrabOFYf36Ikb6PXcCY,,,,381216,"381,216",false,Spotify public artist page,,https://i.scdn.co/image/ab6761610000e5eb902fae03243cae6e08caf99a,,0zQfrabOFYf36Ikb6PXcCY,Rhapsody,https://open.spotify.com/artist/0zQfrabOFYf36Ikb6PXcCY,"[{""artist_id"": ""0zQfrabOFYf36Ikb6PXcCY"", ""artist_name"": ""Rhapsody"", ""artist_url"": ""https://open.spotify.com/artist/0zQfrabOFYf36Ikb6PXcCY"", ""monthly_listeners"": ""381216"", ""monthly_listeners_display"": ""381,216"", ""is_approx"": ""false"", ""fetch_error"": """"}]","[{""artist_id"": ""0zQfrabOFYf36Ikb6PXcCY"", ""artist_name"": ""Rhapsody"", ""artist_uri"": ""spotify:artist:0zQfrabOFYf36Ikb6PXcCY"", ""artist_url"": ""https://open.spotify.com/artist/0zQfrabOFYf36Ikb6PXcCY"", ""artist_type"": ""artist"", ""artist_genres"": """", ""artist_spotify_api_popularity"": """", ""artist_followers_total"": """", ""artist_image_url"": ""https://i.scdn.co/image/ab6761610000e5eb902fae03243cae6e08caf99a"", ""artist_lookup_error"": """", ""artist_monthly_listeners"": ""381216"", ""artist_monthly_listeners_display"": ""381,216"", ""artist_monthly_listeners_is_approx"": ""false"", ""artist_monthly_listeners_source"": ""Spotify public artist page"", ""artist_monthly_listeners_fetch_error"": """"}]",0,,"{""spotify"": ""https://open.spotify.com/track/7vvbcPlj9bCOyx0gAmESg2""}",{}
week5_17august,2026-08-17T07:40:10+00:00,Spotify,Aysima Karçaaltıncaba,aaaaysimaaaa,Week5_User3,Week5_User3,1txRiqSazKMCTJxwcL2TCA,spotify:playlist:1txRiqSazKMCTJxwcL2TCA,https://open.spotify.com/playlist/1txRiqSazKMCTJxwcL2TCA,,aaaaysimaaaa,Aysima Karçaaltıncaba,True,False,0,AAAAA1uPnPVgANPgtAcP5LyCTXydPK3s,,3,2026-08-17T07:12:27Z,aaaaysimaaaa,primary_artist_monthly_listeners,426671,"426,671",Spotify public artist page,false,,3SgshUlk02dwRHeLm0ztOi,spotify:track:3SgshUlk02dwRHeLm0ztOi,https://open.spotify.com/track/3SgshUlk02dwRHeLm0ztOi,Rising Force,track,1,1,264066,264.066,False,False,True,,https://api.spotify.com/v1/tracks/3SgshUlk02dwRHeLm0ztOi,https://api.spotify.com/v1/tracks/3SgshUlk02dwRHeLm0ztOi,,,USF068825490,,,2Bgu9FC19pRP8O6ZY4QIWs,spotify:album:2Bgu9FC19pRP8O6ZY4QIWs,https://open.spotify.com/album/2Bgu9FC19pRP8O6ZY4QIWs,Odyssey,album,,12,1988-01-01,day,,"C: © 1988 Universal Records, a Division of UMG Recordings, Inc.; P: ℗ 1988 Universal Records, a Division of UMG Recordings, Inc.",,https://i.scdn.co/image/ab67616d0000b273fca6a26d626b192b9ffe4ae5,,5DpSoH5zCXNRqYai7pmcGG,Yngwie Malmsteen,spotify:artist:5DpSoH5zCXNRqYai7pmcGG,https://open.spotify.com/artist/5DpSoH5zCXNRqYai7pmcGG,,,,426671,"426,671",false,Spotify public artist page,,https://i.scdn.co/image/ab6761610000e5ebd7a9434c9b22083362ce43e6,,5DpSoH5zCXNRqYai7pmcGG,Yngwie Malmsteen,https://open.spotify.com/artist/5DpSoH5zCXNRqYai7pmcGG,"[{""artist_id"": ""5DpSoH5zCXNRqYai7pmcGG"", ""artist_name"": ""Yngwie Malmsteen"", ""artist_url"": ""https://open.spotify.com/artist/5DpSoH5zCXNRqYai7pmcGG"", ""monthly_listeners"": ""426671"", ""monthly_listeners_display"": ""426,671"", ""is_approx"": ""false"", ""fetch_error"": """"}]","[{""artist_id"": ""5DpSoH5zCXNRqYai7pmcGG"", ""artist_name"": ""Yngwie Malmsteen"", ""artist_uri"": ""spotify:artist:5DpSoH5zCXNRqYai7pmcGG"", ""artist_url"": ""https://open.spotify.com/artist/5DpSoH5zCXNRqYai7pmcGG"", ""artist_type"": ""artist"", ""artist_genres"": """", ""artist_spotify_api_popularity"": """", ""artist_followers_total"": """", ""artist_image_url"": ""https://i.scdn.co/image/ab6761610000e5ebd7a9434c9b22083362ce43e6"", ""artist_lookup_error"": """", ""artist_monthly_listeners"": ""426671"", ""artist_monthly_listeners_display"": ""426,671"", ""artist_monthly_listeners_is_approx"": ""false"", ""artist_monthly_listeners_source"": ""Spotify public artist page"", ""artist_monthly_listeners_fetch_error"": """"}]",0,,"{""spotify"": ""https://open.spotify.com/track/3SgshUlk02dwRHeLm0ztOi""}",{}
week5_17august,2026-08-17T07:40:10+00:00,Spotify,Aysima Karçaaltıncaba,aaaaysimaaaa,Week5_User3,Week5_User3,1txRiqSazKMCTJxwcL2TCA,spotify:playlist:1txRiqSazKMCTJxwcL2TCA,https://open.spotify.com/playlist/1txRiqSazKMCTJxwcL2TCA,,aaaaysimaaaa,Aysima Karçaaltıncaba,True,False,0,AAAAA1uPnPVgANPgtAcP5LyCTXydPK3s,,4,2026-08-17T07:12:27Z,aaaaysimaaaa,primary_artist_monthly_listeners,107405,"107,405",Spotify public artist page,false,,3m7rOz2R0CTanwRIcBtndb,spotify:track:3m7rOz2R0CTanwRIcBtndb,https://open.spotify.com/track/3m7rOz2R0CTanwRIcBtndb,Conquistadores - 2017 Remaster,track,7,1,289173,289.173,False,False,True,,https://api.spotify.com/v1/tracks/3m7rOz2R0CTanwRIcBtndb,https://api.spotify.com/v1/tracks/3m7rOz2R0CTanwRIcBtndb,,,GB5KW1701817,,,10dgMHUxjgLKR5FO0BHDXS,spotify:album:10dgMHUxjgLKR5FO0BHDXS,https://open.spotify.com/album/10dgMHUxjgLKR5FO0BHDXS,Port Royal (Expanded Version; 2017 Remaster),album,,14,2017-08-11,day,,"C: © 2017 Sanctuary Records Group Ltd., a BMG Company; P: ℗ 2017 Sanctuary Records Group Ltd., a BMG Company",,https://i.scdn.co/image/ab67616d0000b27363ed79bb631289f7d4cb3444,,7954VFaZClkL503srfV5PE,Running Wild,spotify:artist:7954VFaZClkL503srfV5PE,https://open.spotify.com/artist/7954VFaZClkL503srfV5PE,,,,107405,"107,405",false,Spotify public artist page,,https://i.scdn.co/image/ffc7d8dd0a29d7ca6f0840f2c2d9050f5a60d97d,,7954VFaZClkL503srfV5PE,Running Wild,https://open.spotify.com/artist/7954VFaZClkL503srfV5PE,"[{""artist_id"": ""7954VFaZClkL503srfV5PE"", ""artist_name"": ""Running Wild"", ""artist_url"": ""https://open.spotify.com/artist/7954VFaZClkL503srfV5PE"", ""monthly_listeners"": ""107405"", ""monthly_listeners_display"": ""107,405"", ""is_approx"": ""false"", ""fetch_error"": """"}]","[{""artist_id"": ""7954VFaZClkL503srfV5PE"", ""artist_name"": ""Running Wild"", ""artist_uri"": ""spotify:artist:7954VFaZClkL503srfV5PE"", ""artist_url"": ""https://open.spotify.com/artist/7954VFaZClkL503srfV5PE"", ""artist_type"": ""artist"", ""artist_genres"": """", ""artist_spotify_api_popularity"": """", ""artist_followers_total"": """", ""artist_image_url"": ""https://i.scdn.co/image/ffc7d8dd0a29d7ca6f0840f2c2d9050f5a60d97d"", ""artist_lookup_error"": """", ""artist_monthly_listeners"": ""107405"", ""artist_monthly_listeners_display"": ""107,405"", ""artist_monthly_listeners_is_approx"": ""false"", ""artist_monthly_listeners_source"": ""Spotify public artist page"", ""artist_monthly_listeners_fetch_error"": """"}]",0,,"{""spotify"": ""https://open.spotify.com/track/3m7rOz2R0CTanwRIcBtndb""}",{}
week5_17august,2026-08-17T07:40:10+00:00,Spotify,Aysima Karçaaltıncaba,aaaaysimaaaa,Week5_User3,Week5_User3,1txRiqSazKMCTJxwcL2TCA,spotify:playlist:1txRiqSazKMCTJxwcL2TCA,https://open.spotify.com/playlist/1txRiqSazKMCTJxwcL2TCA,,aaaaysimaaaa,Aysima Karçaaltıncaba,True,False,0,AAAAA1uPnPVgANPgtAcP5LyCTXydPK3s,,5,2026-08-17T07:12:27Z,aaaaysimaaaa,primary_artist_monthly_listeners,849932,"849,932",Spotify public artist page,false,,4d3ffZ4UnPuPb9WW6SottL,spotify:track:4d3ffZ4UnPuPb9WW6SottL,https://open.spotify.com/track/4d3ffZ4UnPuPb9WW6SottL,World on Fire,track,7,1,266000,266.000,False,False,True,,https://api.spotify.com/v1/tracks/4d3ffZ4UnPuPb9WW6SottL,https://api.spotify.com/v1/tracks/4d3ffZ4UnPuPb9WW6SottL,,,DEH842200098,,,1A8SZuGMMox79UUIJysrCo,spotify:album:1A8SZuGMMox79UUIJysrCo,https://open.spotify.com/album/1A8SZuGMMox79UUIJysrCo,Survive,album,,11,2022-09-23,day,,"C: 2022 earMUSIC, a label of Edel Music & Entertainment GmbH.; P: 2022 earMUSIC, a label of Edel Music & Entertainment GmbH.",,https://i.scdn.co/image/ab67616d0000b273378285bbfba4d860fa0c3274,,1O8CSXsPwEqxcoBE360PPO,Stratovarius,spotify:artist:1O8CSXsPwEqxcoBE360PPO,https://open.spotify.com/artist/1O8CSXsPwEqxcoBE360PPO,,,,849932,"849,932",false,Spotify public artist page,,https://i.scdn.co/image/ab6761610000e5eb4733f393ad04f47b31edaadb,,1O8CSXsPwEqxcoBE360PPO,Stratovarius,https://open.spotify.com/artist/1O8CSXsPwEqxcoBE360PPO,"[{""artist_id"": ""1O8CSXsPwEqxcoBE360PPO"", ""artist_name"": ""Stratovarius"", ""artist_url"": ""https://open.spotify.com/artist/1O8CSXsPwEqxcoBE360PPO"", ""monthly_listeners"": ""849932"", ""monthly_listeners_display"": ""849,932"", ""is_approx"": ""false"", ""fetch_error"": """"}]","[{""artist_id"": ""1O8CSXsPwEqxcoBE360PPO"", ""artist_name"": ""Stratovarius"", ""artist_uri"": ""spotify:artist:1O8CSXsPwEqxcoBE360PPO"", ""artist_url"": ""https://open.spotify.com/artist/1O8CSXsPwEqxcoBE360PPO"", ""artist_type"": ""artist"", ""artist_genres"": """", ""artist_spotify_api_popularity"": """", ""artist_followers_total"": """", ""artist_image_url"": ""https://i.scdn.co/image/ab6761610000e5eb4733f393ad04f47b31edaadb"", ""artist_lookup_error"": """", ""artist_monthly_listeners"": ""849932"", ""artist_monthly_listeners_display"": ""849,932"", ""artist_monthly_listeners_is_approx"": ""false"", ""artist_monthly_listeners_source"": ""Spotify public artist page"", ""artist_monthly_listeners_fetch_error"": """"}]",0,,"{""spotify"": ""https://open.spotify.com/track/4d3ffZ4UnPuPb9WW6SottL""}",{}
week5_17august,2026-08-17T07:40:10+00:00,Spotify,Aysima Karçaaltıncaba,aaaaysimaaaa,Week5_User3,Week5_User3,1txRiqSazKMCTJxwcL2TCA,spotify:playlist:1txRiqSazKMCTJxwcL2TCA,https://open.spotify.com/playlist/1txRiqSazKMCTJxwcL2TCA,,aaaaysimaaaa,Aysima Karçaaltıncaba,True,False,0,AAAAA1uPnPVgANPgtAcP5LyCTXydPK3s,,6,2026-08-17T07:12:27Z,aaaaysimaaaa,primary_artist_monthly_listeners,14053,"14,053",Spotify public artist page,false,,4t9ax3CjKoJUCn4mO6QS9d,spotify:track:4t9ax3CjKoJUCn4mO6QS9d,https://open.spotify.com/track/4t9ax3CjKoJUCn4mO6QS9d,Full Throttle,track,2,1,230964,230.964,False,False,True,,https://api.spotify.com/v1/tracks/4t9ax3CjKoJUCn4mO6QS9d,https://api.spotify.com/v1/tracks/4t9ax3CjKoJUCn4mO6QS9d,,,DEU601606525,,,6NTy6aMObIjW1FRLc36jZU,spotify:album:6NTy6aMObIjW1FRLc36jZU,https://open.spotify.com/album/6NTy6aMObIjW1FRLc36jZU,Burn up the Night,album,,8,2016-09-23,day,,C: 2016 AFM Records; P: 2016 AFM Records,,https://i.scdn.co/image/ab67616d0000b273e172371c64895da14e51ec64,,0SmK0Nh1fuDYGSGWDI3eVh,Kryptos,spotify:artist:0SmK0Nh1fuDYGSGWDI3eVh,https://open.spotify.com/artist/0SmK0Nh1fuDYGSGWDI3eVh,,,,14053,"14,053",false,Spotify public artist page,,https://i.scdn.co/image/ab6761610000e5ebca00a79ff51150dac65c4aa1,,0SmK0Nh1fuDYGSGWDI3eVh,Kryptos,https://open.spotify.com/artist/0SmK0Nh1fuDYGSGWDI3eVh,"[{""artist_id"": ""0SmK0Nh1fuDYGSGWDI3eVh"", ""artist_name"": ""Kryptos"", ""artist_url"": ""https://open.spotify.com/artist/0SmK0Nh1fuDYGSGWDI3eVh"", ""monthly_listeners"": ""14053"", ""monthly_listeners_display"": ""14,053"", ""is_approx"": ""false"", ""fetch_error"": """"}]","[{""artist_id"": ""0SmK0Nh1fuDYGSGWDI3eVh"", ""artist_name"": ""Kryptos"", ""artist_uri"": ""spotify:artist:0SmK0Nh1fuDYGSGWDI3eVh"", ""artist_url"": ""https://open.spotify.com/artist/0SmK0Nh1fuDYGSGWDI3eVh"", ""artist_type"": ""artist"", ""artist_genres"": """", ""artist_spotify_api_popularity"": """", ""artist_followers_total"": """", ""artist_image_url"": ""https://i.scdn.co/image/ab6761610000e5ebca00a79ff51150dac65c4aa1"", ""artist_lookup_error"": """", ""artist_monthly_listeners"": ""14053"", ""artist_monthly_listeners_display"": ""14,053"", ""artist_monthly_listeners_is_approx"": ""false"", ""artist_monthly_listeners_source"": ""Spotify public artist page"", ""artist_monthly_listeners_fetch_error"": """"}]",0,,"{""spotify"": ""https://open.spotify.com/track/4t9ax3CjKoJUCn4mO6QS9d""}",{}
week5_17august,2026-08-17T07:40:10+00:00,Spotify,Aysima Karçaaltıncaba,aaaaysimaaaa,Week5_User3,Week5_User3,1txRiqSazKMCTJxwcL2TCA,spotify:playlist:1txRiqSazKMCTJxwcL2TCA,https://open.spotify.com/playlist/1txRiqSazKMCTJxwcL2TCA,,aaaaysimaaaa,Aysima Karçaaltıncaba,True,False,0,AAAAA1uPnPVgANPgtAcP5LyCTXydPK3s,,7,2026-08-17T07:12:27Z,aaaaysimaaaa,primary_artist_monthly_listeners,242815,"242,815",Spotify public artist page,false,,4ZuNyr0qk8gckL98Oee0ld,spotify:track:4ZuNyr0qk8gckL98Oee0ld,https://open.spotify.com/track/4ZuNyr0qk8gckL98Oee0ld,Chains of Destiny,track,11,1,235093,235.093,False,False,True,,https://api.spotify.com/v1/tracks/4ZuNyr0qk8gckL98Oee0ld,https://api.spotify.com/v1/tracks/4ZuNyr0qk8gckL98Oee0ld,,,DEU602109352,,,4OfONg7cNiDlH9tpVNKN5i,spotify:album:4OfONg7cNiDlH9tpVNKN5i,https://open.spotify.com/album/4OfONg7cNiDlH9tpVNKN5i,Glory for Salvation,album,,13,2021-11-26,day,,C: 2021 AFM Records; P: 2021 AFM Records,,https://i.scdn.co/image/ab67616d0000b273fe6eb88d83c8d7e6c70d0381,,3IjLXN4eSksdGj8uDE4Jm1,Rhapsody Of Fire,spotify:artist:3IjLXN4eSksdGj8uDE4Jm1,https://open.spotify.com/artist/3IjLXN4eSksdGj8uDE4Jm1,,,,242815,"242,815",false,Spotify public artist page,,https://i.scdn.co/image/ab6761610000e5eb5d22c1db6d6eee22dfe54498,,3IjLXN4eSksdGj8uDE4Jm1,Rhapsody Of Fire,https://open.spotify.com/artist/3IjLXN4eSksdGj8uDE4Jm1,"[{""artist_id"": ""3IjLXN4eSksdGj8uDE4Jm1"", ""artist_name"": ""Rhapsody Of Fire"", ""artist_url"": ""https://open.spotify.com/artist/3IjLXN4eSksdGj8uDE4Jm1"", ""monthly_listeners"": ""242815"", ""monthly_listeners_display"": ""242,815"", ""is_approx"": ""false"", ""fetch_error"": """"}]","[{""artist_id"": ""3IjLXN4eSksdGj8uDE4Jm1"", ""artist_name"": ""Rhapsody Of Fire"", ""artist_uri"": ""spotify:artist:3IjLXN4eSksdGj8uDE4Jm1"", ""artist_url"": ""https://open.spotify.com/artist/3IjLXN4eSksdGj8uDE4Jm1"", ""artist_type"": ""artist"", ""artist_genres"": """", ""artist_spotify_api_popularity"": """", ""artist_followers_total"": """", ""artist_image_url"": ""https://i.scdn.co/image/ab6761610000e5eb5d22c1db6d6eee22dfe54498"", ""artist_lookup_error"": """", ""artist_monthly_listeners"": ""242815"", ""artist_monthly_listeners_display"": ""242,815"", ""artist_monthly_listeners_is_approx"": ""false"", ""artist_monthly_listeners_source"": ""Spotify public artist page"", ""artist_monthly_listeners_fetch_error"": """"}]",0,,"{""spotify"": ""https://open.spotify.com/track/4ZuNyr0qk8gckL98Oee0ld""}",{}
week5_17august,2026-08-17T07:40:10+00:00,Spotify,Aysima Karçaaltıncaba,aaaaysimaaaa,Week5_User3,Week5_User3,1txRiqSazKMCTJxwcL2TCA,spotify:playlist:1txRiqSazKMCTJxwcL2TCA,https://open.spotify.com/playlist/1txRiqSazKMCTJxwcL2TCA,,aaaaysimaaaa,Aysima Karçaaltıncaba,True,False,0,AAAAA1uPnPVgANPgtAcP5LyCTXydPK3s,,8,2026-08-17T07:12:27Z,aaaaysimaaaa,primary_artist_monthly_listeners,108314,"108,314",Spotify public artist page,false,,4Mtj8Pf6GBFctUuG8mP9fO,spotify:track:4Mtj8Pf6GBFctUuG8mP9fO,https://open.spotify.com/track/4Mtj8Pf6GBFctUuG8mP9fO,Mercenary Man,track,3,1,208586,208.586,False,False,True,,https://api.spotify.com/v1/tracks/4Mtj8Pf6GBFctUuG8mP9fO,https://api.spotify.com/v1/tracks/4Mtj8Pf6GBFctUuG8mP9fO,,,US4E40844803,,,1yjOwnIzzjmQDMPu8mHinj,spotify:album:1yjOwnIzzjmQDMPu8mHinj,https://open.spotify.com/album/1yjOwnIzzjmQDMPu8mHinj,The Premonition,album,,10,2008-07-13,day,,P: (P) 2008 Century Media Records Ltd.,,https://i.scdn.co/image/ab67616d0000b273115870a1892f8f8a1cfae7eb,,70I9vE7YTwKmelfEplXc5r,Firewind,spotify:artist:70I9vE7YTwKmelfEplXc5r,https://open.spotify.com/artist/70I9vE7YTwKmelfEplXc5r,,,,108314,"108,314",false,Spotify public artist page,,https://i.scdn.co/image/ab6761610000e5eb65dfd5aaf0e94b6c190d63b4,,70I9vE7YTwKmelfEplXc5r,Firewind,https://open.spotify.com/artist/70I9vE7YTwKmelfEplXc5r,"[{""artist_id"": ""70I9vE7YTwKmelfEplXc5r"", ""artist_name"": ""Firewind"", ""artist_url"": ""https://open.spotify.com/artist/70I9vE7YTwKmelfEplXc5r"", ""monthly_listeners"": ""108314"", ""monthly_listeners_display"": ""108,314"", ""is_approx"": ""false"", ""fetch_error"": """"}]","[{""artist_id"": ""70I9vE7YTwKmelfEplXc5r"", ""artist_name"": ""Firewind"", ""artist_uri"": ""spotify:artist:70I9vE7YTwKmelfEplXc5r"", ""artist_url"": ""https://open.spotify.com/artist/70I9vE7YTwKmelfEplXc5r"", ""artist_type"": ""artist"", ""artist_genres"": """", ""artist_spotify_api_popularity"": """", ""artist_followers_total"": """", ""artist_image_url"": ""https://i.scdn.co/image/ab6761610000e5eb65dfd5aaf0e94b6c190d63b4"", ""artist_lookup_error"": """", ""artist_monthly_listeners"": ""108314"", ""artist_monthly_listeners_display"": ""108,314"", ""artist_monthly_listeners_is_approx"": ""false"", ""artist_monthly_listeners_source"": ""Spotify public artist page"", ""artist_monthly_listeners_fetch_error"": """"}]",0,,"{""spotify"": ""https://open.spotify.com/track/4Mtj8Pf6GBFctUuG8mP9fO""}",{}
week5_17august,2026-08-17T07:40:10+00:00,Spotify,Aysima Karçaaltıncaba,aaaaysimaaaa,Week5_User3,Week5_User3,1txRiqSazKMCTJxwcL2TCA,spotify:playlist:1txRiqSazKMCTJxwcL2TCA,https://open.spotify.com/playlist/1txRiqSazKMCTJxwcL2TCA,,aaaaysimaaaa,Aysima Karçaaltıncaba,True,False,0,AAAAA1uPnPVgANPgtAcP5LyCTXydPK3s,,9,2026-08-17T07:12:27Z,aaaaysimaaaa,primary_artist_monthly_listeners,868739,"868,739",Spotify public artist page,false,,7K8tplxNrEPRR2wcc6y0xT,spotify:track:7K8tplxNrEPRR2wcc6y0xT,https://open.spotify.com/track/7K8tplxNrEPRR2wcc6y0xT,At the End of the Rainbow,track,6,1,245973,245.973,False,False,True,,https://api.spotify.com/v1/tracks/7K8tplxNrEPRR2wcc6y0xT,https://api.spotify.com/v1/tracks/7K8tplxNrEPRR2wcc6y0xT,,,DED839841606,,,4uy63xsAGgdSx0mXaQ1lfl,spotify:album:4uy63xsAGgdSx0mXaQ1lfl,https://open.spotify.com/album/4uy63xsAGgdSx0mXaQ1lfl,Legacy of Kings,album,,10,1998-09-28,day,,"C: 1998 HammerFall Managament, under exclusive license to Nuclear Blast GmbH; P: 1998 HammerFall Managament, under exclusive license to Nuclear Blast GmbH",,https://i.scdn.co/image/ab67616d0000b273c74508076e95a160cf40643f,,2o18h28enlHxj887tATc58,HammerFall,spotify:artist:2o18h28enlHxj887tATc58,https://open.spotify.com/artist/2o18h28enlHxj887tATc58,,,,868739,"868,739",false,Spotify public artist page,,https://i.scdn.co/image/ab6761610000e5eb9a0164f238589f0c0ca31088,,2o18h28enlHxj887tATc58,HammerFall,https://open.spotify.com/artist/2o18h28enlHxj887tATc58,"[{""artist_id"": ""2o18h28enlHxj887tATc58"", ""artist_name"": ""HammerFall"", ""artist_url"": ""https://open.spotify.com/artist/2o18h28enlHxj887tATc58"", ""monthly_listeners"": ""868739"", ""monthly_listeners_display"": ""868,739"", ""is_approx"": ""false"", ""fetch_error"": """"}]","[{""artist_id"": ""2o18h28enlHxj887tATc58"", ""artist_name"": ""HammerFall"", ""artist_uri"": ""spotify:artist:2o18h28enlHxj887tATc58"", ""artist_url"": ""https://open.spotify.com/artist/2o18h28enlHxj887tATc58"", ""artist_type"": ""artist"", ""artist_genres"": """", ""artist_spotify_api_popularity"": """", ""artist_followers_total"": """", ""artist_image_url"": ""https://i.scdn.co/image/ab6761610000e5eb9a0164f238589f0c0ca31088"", ""artist_lookup_error"": """", ""artist_monthly_listeners"": ""868739"", ""artist_monthly_listeners_display"": ""868,739"", ""artist_monthly_listeners_is_approx"": ""false"", ""artist_monthly_listeners_source"": ""Spotify public artist page"", ""artist_monthly_listeners_fetch_error"": """"}]",0,,"{""spotify"": ""https://open.spotify.com/track/7K8tplxNrEPRR2wcc6y0xT""}",{}
week5_17august,2026-08-17T07:40:10+00:00,Spotify,Aysima Karçaaltıncaba,aaaaysimaaaa,Week5_User3,Week5_User3,1txRiqSazKMCTJxwcL2TCA,spotify:playlist:1txRiqSazKMCTJxwcL2TCA,https://open.spotify.com/playlist/1txRiqSazKMCTJxwcL2TCA,,aaaaysimaaaa,Aysima Karçaaltıncaba,True,False,0,AAAAA1uPnPVgANPgtAcP5LyCTXydPK3s,,10,2026-08-17T07:12:27Z,aaaaysimaaaa,primary_artist_monthly_listeners,400540,"400,540",Spotify public artist page,false,,5LKm2vMBOtKq12C0padpN2,spotify:track:5LKm2vMBOtKq12C0padpN2,https://open.spotify.com/track/5LKm2vMBOtKq12C0padpN2,Gutter Ballet,track,2,1,380360,380.360,False,False,True,,https://api.spotify.com/v1/tracks/5LKm2vMBOtKq12C0padpN2,https://api.spotify.com/v1/tracks/5LKm2vMBOtKq12C0padpN2,,,DEB340900149,,,6zMeDffPrKyYSBf9AuyTIF,spotify:album:6zMeDffPrKyYSBf9AuyTIF,https://open.spotify.com/album/6zMeDffPrKyYSBf9AuyTIF,Gutter Ballet (2011 Edition),album,,13,1989,year,,C: 2011 Savatage Inc. under exclusive license to Edel Germany GmbH. earMUSIC is a project of Edel.; P: 2011 Savatage Inc. under exclusive license to Edel Germany GmbH. earMUSIC is a project of Edel.,,https://i.scdn.co/image/ab67616d0000b2738cda8b13ef9130cb6f7512b7,,3N1B1g6JtIgd6ClRkzD4yT,Savatage,spotify:artist:3N1B1g6JtIgd6ClRkzD4yT,https://open.spotify.com/artist/3N1B1g6JtIgd6ClRkzD4yT,,,,400540,"400,540",false,Spotify public artist page,,https://i.scdn.co/image/ab6761610000e5eb28ce3420531dadeaea4d8aef,,3N1B1g6JtIgd6ClRkzD4yT,Savatage,https://open.spotify.com/artist/3N1B1g6JtIgd6ClRkzD4yT,"[{""artist_id"": ""3N1B1g6JtIgd6ClRkzD4yT"", ""artist_name"": ""Savatage"", ""artist_url"": ""https://open.spotify.com/artist/3N1B1g6JtIgd6ClRkzD4yT"", ""monthly_listeners"": ""400540"", ""monthly_listeners_display"": ""400,540"", ""is_approx"": ""false"", ""fetch_error"": """"}]","[{""artist_id"": ""3N1B1g6JtIgd6ClRkzD4yT"", ""artist_name"": ""Savatage"", ""artist_uri"": ""spotify:artist:3N1B1g6JtIgd6ClRkzD4yT"", ""artist_url"": ""https://open.spotify.com/artist/3N1B1g6JtIgd6ClRkzD4yT"", ""artist_type"": ""artist"", ""artist_genres"": """", ""artist_spotify_api_popularity"": """", ""artist_followers_total"": """", ""artist_image_url"": ""https://i.scdn.co/image/ab6761610000e5eb28ce3420531dadeaea4d8aef"", ""artist_lookup_error"": """", ""artist_monthly_listeners"": ""400540"", ""artist_monthly_listeners_display"": ""400,540"", ""artist_monthly_listeners_is_approx"": ""false"", ""artist_monthly_listeners_source"": ""Spotify public artist page"", ""artist_monthly_listeners_fetch_error"": """"}]",0,,"{""spotify"": ""https://open.spotify.com/track/5LKm2vMBOtKq12C0padpN2""}",{}
week5_17august,2026-08-17T07:40:10+00:00,Spotify,Aysima Karçaaltıncaba,aaaaysimaaaa,Week5_User3,Week5_User3,1txRiqSazKMCTJxwcL2TCA,spotify:playlist:1txRiqSazKMCTJxwcL2TCA,https://open.spotify.com/playlist/1txRiqSazKMCTJxwcL2TCA,,aaaaysimaaaa,Aysima Karçaaltıncaba,True,False,0,AAAAA1uPnPVgANPgtAcP5LyCTXydPK3s,,11,2026-08-17T07:12:27Z,aaaaysimaaaa,primary_artist_monthly_listeners,4222819,"4,222,819",Spotify public artist page,false,,4zX2bEgFHUIZV8rR3qsLor,spotify:track:4zX2bEgFHUIZV8rR3qsLor,https://open.spotify.com/track/4zX2bEgFHUIZV8rR3qsLor,Halls of Valhalla,track,3,1,364075,364.075,False,False,True,,https://api.spotify.com/v1/tracks/4zX2bEgFHUIZV8rR3qsLor,https://api.spotify.com/v1/tracks/4zX2bEgFHUIZV8rR3qsLor,,,GBARL1400240,,,0RIfXMHvRpLqHsZ0FZE3mS,spotify:album:0RIfXMHvRpLqHsZ0FZE3mS,https://open.spotify.com/album/0RIfXMHvRpLqHsZ0FZE3mS,Redeemer of Souls (Deluxe),album,,18,2014-07-07,day,,P: (P) 2014 Sony Music Entertainment UK Limited,,https://i.scdn.co/image/ab67616d0000b273a3734dd28eec5dccfd941846,,2tRsMl4eGxwoNabM08Dm4I,Judas Priest,spotify:artist:2tRsMl4eGxwoNabM08Dm4I,https://open.spotify.com/artist/2tRsMl4eGxwoNabM08Dm4I,,,,4222819,"4,222,819",false,Spotify public artist page,,https://i.scdn.co/image/ab6761610000e5eb4b3cfc24737acb15e73e8bd6,,2tRsMl4eGxwoNabM08Dm4I,Judas Priest,https://open.spotify.com/artist/2tRsMl4eGxwoNabM08Dm4I,"[{""artist_id"": ""2tRsMl4eGxwoNabM08Dm4I"", ""artist_name"": ""Judas Priest"", ""artist_url"": ""https://open.spotify.com/artist/2tRsMl4eGxwoNabM08Dm4I"", ""monthly_listeners"": ""4222819"", ""monthly_listeners_display"": ""4,222,819"", ""is_approx"": ""false"", ""fetch_error"": """"}]","[{""artist_id"": ""2tRsMl4eGxwoNabM08Dm4I"", ""artist_name"": ""Judas Priest"", ""artist_uri"": ""spotify:artist:2tRsMl4eGxwoNabM08Dm4I"", ""artist_url"": ""https://open.spotify.com/artist/2tRsMl4eGxwoNabM08Dm4I"", ""artist_type"": ""artist"", ""artist_genres"": """", ""artist_spotify_api_popularity"": """", ""artist_followers_total"": """", ""artist_image_url"": ""https://i.scdn.co/image/ab6761610000e5eb4b3cfc24737acb15e73e8bd6"", ""artist_lookup_error"": """", ""artist_monthly_listeners"": ""4222819"", ""artist_monthly_listeners_display"": ""4,222,819"", ""artist_monthly_listeners_is_approx"": ""false"", ""artist_monthly_listeners_source"": ""Spotify public artist page"", ""artist_monthly_listeners_fetch_error"": """"}]",0,,"{""spotify"": ""https://open.spotify.com/track/4zX2bEgFHUIZV8rR3qsLor""}",{}
week5_17august,2026-08-17T07:40:10+00:00,Spotify,Aysima Karçaaltıncaba,aaaaysimaaaa,Week5_User3,Week5_User3,1txRiqSazKMCTJxwcL2TCA,spotify:playlist:1txRiqSazKMCTJxwcL2TCA,https://open.spotify.com/playlist/1txRiqSazKMCTJxwcL2TCA,,aaaaysimaaaa,Aysima Karçaaltıncaba,True,False,0,AAAAA1uPnPVgANPgtAcP5LyCTXydPK3s,,12,2026-08-17T07:12:27Z,aaaaysimaaaa,primary_artist_monthly_listeners,1249585,"1,249,585",Spotify public artist page,false,,0HlhtIdbSWSKW9DU5sXeFX,spotify:track:0HlhtIdbSWSKW9DU5sXeFX,https://open.spotify.com/track/0HlhtIdbSWSKW9DU5sXeFX,Blade Runner,track,1,1,247967,247.967,False,False,True,,https://api.spotify.com/v1/tracks/0HlhtIdbSWSKW9DU5sXeFX,https://api.spotify.com/v1/tracks/0HlhtIdbSWSKW9DU5sXeFX,,,DED832100518,,,30O1KkbyS9bbOniw7xtQux,spotify:album:30O1KkbyS9bbOniw7xtQux,https://open.spotify.com/album/30O1KkbyS9bbOniw7xtQux,Dark Connection,album,,13,2021-10-29,day,,C: 2021 Nuclear Blast; P: 2021 Nuclear Blast,,https://i.scdn.co/image/ab67616d0000b273913a6d7587d853e1dd4c1580,,0rEuaTPLMhlViNCJrg3NEH,Beast In Black,spotify:artist:0rEuaTPLMhlViNCJrg3NEH,https://open.spotify.com/artist/0rEuaTPLMhlViNCJrg3NEH,,,,1249585,"1,249,585",false,Spotify public artist page,,https://i.scdn.co/image/ab6761610000e5eb1664e277c53965cf8e474889,,0rEuaTPLMhlViNCJrg3NEH,Beast In Black,https://open.spotify.com/artist/0rEuaTPLMhlViNCJrg3NEH,"[{""artist_id"": ""0rEuaTPLMhlViNCJrg3NEH"", ""artist_name"": ""Beast In Black"", ""artist_url"": ""https://open.spotify.com/artist/0rEuaTPLMhlViNCJrg3NEH"", ""monthly_listeners"": ""1249585"", ""monthly_listeners_display"": ""1,249,585"", ""is_approx"": ""false"", ""fetch_error"": """"}]","[{""artist_id"": ""0rEuaTPLMhlViNCJrg3NEH"", ""artist_name"": ""Beast In Black"", ""artist_uri"": ""spotify:artist:0rEuaTPLMhlViNCJrg3NEH"", ""artist_url"": ""https://open.spotify.com/artist/0rEuaTPLMhlViNCJrg3NEH"", ""artist_type"": ""artist"", ""artist_genres"": """", ""artist_spotify_api_popularity"": """", ""artist_followers_total"": """", ""artist_image_url"": ""https://i.scdn.co/image/ab6761610000e5eb1664e277c53965cf8e474889"", ""artist_lookup_error"": """", ""artist_monthly_listeners"": ""1249585"", ""artist_monthly_listeners_display"": ""1,249,585"", ""artist_monthly_listeners_is_approx"": ""false"", ""artist_monthly_listeners_source"": ""Spotify public artist page"", ""artist_monthly_listeners_fetch_error"": """"}]",0,,"{""spotify"": ""https://open.spotify.com/track/0HlhtIdbSWSKW9DU5sXeFX""}",{}
week5_17august,2026-08-17T07:40:10+00:00,Spotify,Aysima Karçaaltıncaba,aaaaysimaaaa,Week5_User3,Week5_User3,1txRiqSazKMCTJxwcL2TCA,spotify:playlist:1txRiqSazKMCTJxwcL2TCA,https://open.spotify.com/playlist/1txRiqSazKMCTJxwcL2TCA,,aaaaysimaaaa,Aysima Karçaaltıncaba,True,False,0,AAAAA1uPnPVgANPgtAcP5LyCTXydPK3s,,13,2026-08-17T07:12:27Z,aaaaysimaaaa,primary_artist_monthly_listeners,1210168,"1,210,168",Spotify public artist page,false,,00FuOCmghgctxEsVVMGKDk,spotify:track:00FuOCmghgctxEsVVMGKDk,https://open.spotify.com/track/00FuOCmghgctxEsVVMGKDk,Crack the Sky,track,2,1,230317,230.317,True,False,True,,https://api.spotify.com/v1/tracks/00FuOCmghgctxEsVVMGKDk,https://api.spotify.com/v1/tracks/00FuOCmghgctxEsVVMGKDk,,,USMBR1913487,,,4NxlBCBuzKXCwNVNMfRGUa,spotify:album:4NxlBCBuzKXCwNVNMfRGUa,https://open.spotify.com/album/4NxlBCBuzKXCwNVNMfRGUa,Berserker,album,,12,2019-05-03,day,,"C: (C) 2019 Metal Blade Records, Inc.; P: (P) 2019 Metal Blade Records, Inc.",,https://i.scdn.co/image/ab67616d0000b2738d529980602b892735c091c7,,3pulcT2wt7FEG10lQlqDJL,Amon Amarth,spotify:artist:3pulcT2wt7FEG10lQlqDJL,https://open.spotify.com/artist/3pulcT2wt7FEG10lQlqDJL,,,,1210168,"1,210,168",false,Spotify public artist page,,https://i.scdn.co/image/ab6761610000e5ebe0ed6357e133abef229c44a3,,3pulcT2wt7FEG10lQlqDJL,Amon Amarth,https://open.spotify.com/artist/3pulcT2wt7FEG10lQlqDJL,"[{""artist_id"": ""3pulcT2wt7FEG10lQlqDJL"", ""artist_name"": ""Amon Amarth"", ""artist_url"": ""https://open.spotify.com/artist/3pulcT2wt7FEG10lQlqDJL"", ""monthly_listeners"": ""1210168"", ""monthly_listeners_display"": ""1,210,168"", ""is_approx"": ""false"", ""fetch_error"": """"}]","[{""artist_id"": ""3pulcT2wt7FEG10lQlqDJL"", ""artist_name"": ""Amon Amarth"", ""artist_uri"": ""spotify:artist:3pulcT2wt7FEG10lQlqDJL"", ""artist_url"": ""https://open.spotify.com/artist/3pulcT2wt7FEG10lQlqDJL"", ""artist_type"": ""artist"", ""artist_genres"": """", ""artist_spotify_api_popularity"": """", ""artist_followers_total"": """", ""artist_image_url"": ""https://i.scdn.co/image/ab6761610000e5ebe0ed6357e133abef229c44a3"", ""artist_lookup_error"": """", ""artist_monthly_listeners"": ""1210168"", ""artist_monthly_listeners_display"": ""1,210,168"", ""artist_monthly_listeners_is_approx"": ""false"", ""artist_monthly_listeners_source"": ""Spotify public artist page"", ""artist_monthly_listeners_fetch_error"": """"}]",0,,"{""spotify"": ""https://open.spotify.com/track/00FuOCmghgctxEsVVMGKDk""}",{}
week5_17august,2026-08-17T07:40:10+00:00,Spotify,Aysima Karçaaltıncaba,aaaaysimaaaa,Week5_User3,Week5_User3,1txRiqSazKMCTJxwcL2TCA,spotify:playlist:1txRiqSazKMCTJxwcL2TCA,https://open.spotify.com/playlist/1txRiqSazKMCTJxwcL2TCA,,aaaaysimaaaa,Aysima Karçaaltıncaba,True,False,0,AAAAA1uPnPVgANPgtAcP5LyCTXydPK3s,,14,2026-08-17T07:12:27Z,aaaaysimaaaa,primary_artist_monthly_listeners,1047263,"1,047,263",Spotify public artist page,false,,5HkvAtKEPDLmchWYmepqYB,spotify:track:5HkvAtKEPDLmchWYmepqYB,https://open.spotify.com/track/5HkvAtKEPDLmchWYmepqYB,Hail and Kill,track,8,1,357026,357.026,False,False,True,,https://api.spotify.com/v1/tracks/5HkvAtKEPDLmchWYmepqYB,https://api.spotify.com/v1/tracks/5HkvAtKEPDLmchWYmepqYB,,,USAT20102851,,,7lZkD6ntnGAhmWowltbOYB,spotify:album:7lZkD6ntnGAhmWowltbOYB,https://open.spotify.com/album/7lZkD6ntnGAhmWowltbOYB,Kings of Metal,album,,10,1988-11-01,day,,C: © 1988 Atlantic Recording Corporation for the United States and WEA International Inc. for the world outside of the United States; P: ℗ 1988 Atlantic Recording Corporation for the United States and WEA International Inc. for the world outside of the United States,,https://i.scdn.co/image/ab67616d0000b2732612add61ad53e5a5d33c2d4,,4CzUzn54Cp9TQr6a7JIlMZ,Manowar,spotify:artist:4CzUzn54Cp9TQr6a7JIlMZ,https://open.spotify.com/artist/4CzUzn54Cp9TQr6a7JIlMZ,,,,1047263,"1,047,263",false,Spotify public artist page,,https://i.scdn.co/image/ab6761610000e5eba4780fe15900fbd223cd4f48,,4CzUzn54Cp9TQr6a7JIlMZ,Manowar,https://open.spotify.com/artist/4CzUzn54Cp9TQr6a7JIlMZ,"[{""artist_id"": ""4CzUzn54Cp9TQr6a7JIlMZ"", ""artist_name"": ""Manowar"", ""artist_url"": ""https://open.spotify.com/artist/4CzUzn54Cp9TQr6a7JIlMZ"", ""monthly_listeners"": ""1047263"", ""monthly_listeners_display"": ""1,047,263"", ""is_approx"": ""false"", ""fetch_error"": """"}]","[{""artist_id"": ""4CzUzn54Cp9TQr6a7JIlMZ"", ""artist_name"": ""Manowar"", ""artist_uri"": ""spotify:artist:4CzUzn54Cp9TQr6a7JIlMZ"", ""artist_url"": ""https://open.spotify.com/artist/4CzUzn54Cp9TQr6a7JIlMZ"", ""artist_type"": ""artist"", ""artist_genres"": """", ""artist_spotify_api_popularity"": """", ""artist_followers_total"": """", ""artist_image_url"": ""https://i.scdn.co/image/ab6761610000e5eba4780fe15900fbd223cd4f48"", ""artist_lookup_error"": """", ""artist_monthly_listeners"": ""1047263"", ""artist_monthly_listeners_display"": ""1,047,263"", ""artist_monthly_listeners_is_approx"": ""false"", ""artist_monthly_listeners_source"": ""Spotify public artist page"", ""artist_monthly_listeners_fetch_error"": """"}]",0,,"{""spotify"": ""https://open.spotify.com/track/5HkvAtKEPDLmchWYmepqYB""}",{}
week5_17august,2026-08-17T07:40:10+00:00,Spotify,Aysima Karçaaltıncaba,aaaaysimaaaa,Week5_User3,Week5_User3,1txRiqSazKMCTJxwcL2TCA,spotify:playlist:1txRiqSazKMCTJxwcL2TCA,https://open.spotify.com/playlist/1txRiqSazKMCTJxwcL2TCA,,aaaaysimaaaa,Aysima Karçaaltıncaba,True,False,0,AAAAA1uPnPVgANPgtAcP5LyCTXydPK3s,,15,2026-08-17T07:12:27Z,aaaaysimaaaa,primary_artist_monthly_listeners,314104,"314,104",Spotify public artist page,false,,6EMTWm0HgzsvJiQQOqObEQ,spotify:track:6EMTWm0HgzsvJiQQOqObEQ,https://open.spotify.com/track/6EMTWm0HgzsvJiQQOqObEQ,Vain Glory Opera,track,6,1,370186,370.186,False,False,True,,https://api.spotify.com/v1/tracks/6EMTWm0HgzsvJiQQOqObEQ,https://api.spotify.com/v1/tracks/6EMTWm0HgzsvJiQQOqObEQ,,,DEZ900500571,,,2T9uuvdso9EyHnHG0r3l4Z,spotify:album:2T9uuvdso9EyHnHG0r3l4Z,https://open.spotify.com/album/2T9uuvdso9EyHnHG0r3l4Z,Vain Glory Opera,album,,11,1998-01-19,day,,C: AFM Records; P: AFM Records,,https://i.scdn.co/image/ab67616d0000b273661fa273ca23e7b9859a03c7,,3AGFqPP3gt5rMSvhR87Xxu,Edguy,spotify:artist:3AGFqPP3gt5rMSvhR87Xxu,https://open.spotify.com/artist/3AGFqPP3gt5rMSvhR87Xxu,,,,314104,"314,104",false,Spotify public artist page,,https://i.scdn.co/image/ab6772690000c46cec078670d746fddbe7674e78,,3AGFqPP3gt5rMSvhR87Xxu,Edguy,https://open.spotify.com/artist/3AGFqPP3gt5rMSvhR87Xxu,"[{""artist_id"": ""3AGFqPP3gt5rMSvhR87Xxu"", ""artist_name"": ""Edguy"", ""artist_url"": ""https://open.spotify.com/artist/3AGFqPP3gt5rMSvhR87Xxu"", ""monthly_listeners"": ""314104"", ""monthly_listeners_display"": ""314,104"", ""is_approx"": ""false"", ""fetch_error"": """"}]","[{""artist_id"": ""3AGFqPP3gt5rMSvhR87Xxu"", ""artist_name"": ""Edguy"", ""artist_uri"": ""spotify:artist:3AGFqPP3gt5rMSvhR87Xxu"", ""artist_url"": ""https://open.spotify.com/artist/3AGFqPP3gt5rMSvhR87Xxu"", ""artist_type"": ""artist"", ""artist_genres"": """", ""artist_spotify_api_popularity"": """", ""artist_followers_total"": """", ""artist_image_url"": ""https://i.scdn.co/image/ab6772690000c46cec078670d746fddbe7674e78"", ""artist_lookup_error"": """", ""artist_monthly_listeners"": ""314104"", ""artist_monthly_listeners_display"": ""314,104"", ""artist_monthly_listeners_is_approx"": ""false"", ""artist_monthly_listeners_source"": ""Spotify public artist page"", ""artist_monthly_listeners_fetch_error"": """"}]",0,,"{""spotify"": ""https://open.spotify.com/track/6EMTWm0HgzsvJiQQOqObEQ""}",{}
week5_17august,2026-08-17T07:40:10+00:00,Spotify,Aysima Karçaaltıncaba,aaaaysimaaaa,Week5_User3,Week5_User3,1txRiqSazKMCTJxwcL2TCA,spotify:playlist:1txRiqSazKMCTJxwcL2TCA,https://open.spotify.com/playlist/1txRiqSazKMCTJxwcL2TCA,,aaaaysimaaaa,Aysima Karçaaltıncaba,True,False,0,AAAAA1uPnPVgANPgtAcP5LyCTXydPK3s,,16,2026-08-17T07:12:27Z,aaaaysimaaaa,primary_artist_monthly_listeners,57684,"57,684",Spotify public artist page,false,,1G25K7Q6ectDeo2bQ7NczQ,spotify:track:1G25K7Q6ectDeo2bQ7NczQ,https://open.spotify.com/track/1G25K7Q6ectDeo2bQ7NczQ,Hall Of The Mountain King,track,9,1,331226,331.226,False,False,True,,https://api.spotify.com/v1/tracks/1G25K7Q6ectDeo2bQ7NczQ,https://api.spotify.com/v1/tracks/1G25K7Q6ectDeo2bQ7NczQ,,,USBI19500036,,,6TsYwZv0u1NwtwqrPlOPz7,spotify:album:6TsYwZv0u1NwtwqrPlOPz7,https://open.spotify.com/album/6TsYwZv0u1NwtwqrPlOPz7,Stranger In Us All,album,,10,1995-01-01,day,,P: (P) 1995 BMG Entertainment,,https://i.scdn.co/image/ab67616d0000b273363328c5bd8e16293851284d,,7yMqxge3rOuzpKVIoSQToG,Ritchie Blackmore's Rainbow,spotify:artist:7yMqxge3rOuzpKVIoSQToG,https://open.spotify.com/artist/7yMqxge3rOuzpKVIoSQToG,,,,57684,"57,684",false,Spotify public artist page,,https://i.scdn.co/image/ab67616d0000b273363328c5bd8e16293851284d,,7yMqxge3rOuzpKVIoSQToG,Ritchie Blackmore's Rainbow,https://open.spotify.com/artist/7yMqxge3rOuzpKVIoSQToG,"[{""artist_id"": ""7yMqxge3rOuzpKVIoSQToG"", ""artist_name"": ""Ritchie Blackmore's Rainbow"", ""artist_url"": ""https://open.spotify.com/artist/7yMqxge3rOuzpKVIoSQToG"", ""monthly_listeners"": ""57684"", ""monthly_listeners_display"": ""57,684"", ""is_approx"": ""false"", ""fetch_error"": """"}]","[{""artist_id"": ""7yMqxge3rOuzpKVIoSQToG"", ""artist_name"": ""Ritchie Blackmore's Rainbow"", ""artist_uri"": ""spotify:artist:7yMqxge3rOuzpKVIoSQToG"", ""artist_url"": ""https://open.spotify.com/artist/7yMqxge3rOuzpKVIoSQToG"", ""artist_type"": ""artist"", ""artist_genres"": """", ""artist_spotify_api_popularity"": """", ""artist_followers_total"": """", ""artist_image_url"": ""https://i.scdn.co/image/ab67616d0000b273363328c5bd8e16293851284d"", ""artist_lookup_error"": """", ""artist_monthly_listeners"": ""57684"", ""artist_monthly_listeners_display"": ""57,684"", ""artist_monthly_listeners_is_approx"": ""false"", ""artist_monthly_listeners_source"": ""Spotify public artist page"", ""artist_monthly_listeners_fetch_error"": """"}]",0,,"{""spotify"": ""https://open.spotify.com/track/1G25K7Q6ectDeo2bQ7NczQ""}",{}
week5_17august,2026-08-17T07:40:10+00:00,Spotify,Aysima Karçaaltıncaba,aaaaysimaaaa,Week5_User3,Week5_User3,1txRiqSazKMCTJxwcL2TCA,spotify:playlist:1txRiqSazKMCTJxwcL2TCA,https://open.spotify.com/playlist/1txRiqSazKMCTJxwcL2TCA,,aaaaysimaaaa,Aysima Karçaaltıncaba,True,False,0,AAAAA1uPnPVgANPgtAcP5LyCTXydPK3s,,17,2026-08-17T07:12:27Z,aaaaysimaaaa,primary_artist_monthly_listeners,179130,"179,130",Spotify public artist page,false,,2sy3hVq78UZiiIWfguxFO9,spotify:track:2sy3hVq78UZiiIWfguxFO9,https://open.spotify.com/track/2sy3hVq78UZiiIWfguxFO9,Dethrone Tyranny,track,2,1,254080,254.080,False,False,True,,https://api.spotify.com/v1/tracks/2sy3hVq78UZiiIWfguxFO9,https://api.spotify.com/v1/tracks/2sy3hVq78UZiiIWfguxFO9,,,GBAJE0100083,,,7ywbmNj3poSGGxLfG7S1hE,spotify:album:7ywbmNj3poSGGxLfG7S1hE,https://open.spotify.com/album/7ywbmNj3poSGGxLfG7S1hE,No World Order,album,,11,2001-09-10,day,,"C: 2001 Gamma Ray / earMUSIC, a label of Edel Music & Entertainment GmbH; P: 2022 earMUSIC, a label of Edel Music & Entertainment GmbH",,https://i.scdn.co/image/ab67616d0000b27364133a7ae5d24ed7e279a932,,6LZE884lDIsCSLHuTplfGp,Gamma Ray,spotify:artist:6LZE884lDIsCSLHuTplfGp,https://open.spotify.com/artist/6LZE884lDIsCSLHuTplfGp,,,,179130,"179,130",false,Spotify public artist page,,https://i.scdn.co/image/ab6772690000c46c1110b1a024312710e7c796c4,,6LZE884lDIsCSLHuTplfGp,Gamma Ray,https://open.spotify.com/artist/6LZE884lDIsCSLHuTplfGp,"[{""artist_id"": ""6LZE884lDIsCSLHuTplfGp"", ""artist_name"": ""Gamma Ray"", ""artist_url"": ""https://open.spotify.com/artist/6LZE884lDIsCSLHuTplfGp"", ""monthly_listeners"": ""179130"", ""monthly_listeners_display"": ""179,130"", ""is_approx"": ""false"", ""fetch_error"": """"}]","[{""artist_id"": ""6LZE884lDIsCSLHuTplfGp"", ""artist_name"": ""Gamma Ray"", ""artist_uri"": ""spotify:artist:6LZE884lDIsCSLHuTplfGp"", ""artist_url"": ""https://open.spotify.com/artist/6LZE884lDIsCSLHuTplfGp"", ""artist_type"": ""artist"", ""artist_genres"": """", ""artist_spotify_api_popularity"": """", ""artist_followers_total"": """", ""artist_image_url"": ""https://i.scdn.co/image/ab6772690000c46c1110b1a024312710e7c796c4"", ""artist_lookup_error"": """", ""artist_monthly_listeners"": ""179130"", ""artist_monthly_listeners_display"": ""179,130"", ""artist_monthly_listeners_is_approx"": ""false"", ""artist_monthly_listeners_source"": ""Spotify public artist page"", ""artist_monthly_listeners_fetch_error"": """"}]",0,,"{""spotify"": ""https://open.spotify.com/track/2sy3hVq78UZiiIWfguxFO9""}",{}
week5_17august,2026-08-17T07:40:10+00:00,Spotify,Aysima Karçaaltıncaba,aaaaysimaaaa,Week5_User3,Week5_User3,1txRiqSazKMCTJxwcL2TCA,spotify:playlist:1txRiqSazKMCTJxwcL2TCA,https://open.spotify.com/playlist/1txRiqSazKMCTJxwcL2TCA,,aaaaysimaaaa,Aysima Karçaaltıncaba,True,False,0,AAAAA1uPnPVgANPgtAcP5LyCTXydPK3s,,18,2026-08-17T07:12:27Z,aaaaysimaaaa,primary_artist_monthly_listeners,473901,"473,901",Spotify public artist page,false,,773yjqHbb0VMYrt6ARF1SB,spotify:track:773yjqHbb0VMYrt6ARF1SB,https://open.spotify.com/track/773yjqHbb0VMYrt6ARF1SB,Blacksong,track,2,1,336813,336.813,False,False,True,,https://api.spotify.com/v1/tracks/773yjqHbb0VMYrt6ARF1SB,https://api.spotify.com/v1/tracks/773yjqHbb0VMYrt6ARF1SB,,,DEU600500344,,,3YPkjTtpwdR3mOv4ToAlhW,spotify:album:3YPkjTtpwdR3mOv4ToAlhW,https://open.spotify.com/album/3YPkjTtpwdR3mOv4ToAlhW,The Duke,album,,10,2006-02-24,day,,C: © 2006 Legend Man Music; P: ℗ 2006 Legend Man Music,,https://i.scdn.co/image/ab67616d0000b2736a501333949796282e865afa,,5SaDyTQkjAAdrsmhPzrmw2,Jorn,spotify:artist:5SaDyTQkjAAdrsmhPzrmw2,https://open.spotify.com/artist/5SaDyTQkjAAdrsmhPzrmw2,,,,473901,"473,901",false,Spotify public artist page,,https://i.scdn.co/image/ab6761610000e5ebf1310d077ecfed399b5c7ca9,,5SaDyTQkjAAdrsmhPzrmw2,Jorn,https://open.spotify.com/artist/5SaDyTQkjAAdrsmhPzrmw2,"[{""artist_id"": ""5SaDyTQkjAAdrsmhPzrmw2"", ""artist_name"": ""Jorn"", ""artist_url"": ""https://open.spotify.com/artist/5SaDyTQkjAAdrsmhPzrmw2"", ""monthly_listeners"": ""473901"", ""monthly_listeners_display"": ""473,901"", ""is_approx"": ""false"", ""fetch_error"": """"}]","[{""artist_id"": ""5SaDyTQkjAAdrsmhPzrmw2"", ""artist_name"": ""Jorn"", ""artist_uri"": ""spotify:artist:5SaDyTQkjAAdrsmhPzrmw2"", ""artist_url"": ""https://open.spotify.com/artist/5SaDyTQkjAAdrsmhPzrmw2"", ""artist_type"": ""artist"", ""artist_genres"": """", ""artist_spotify_api_popularity"": """", ""artist_followers_total"": """", ""artist_image_url"": ""https://i.scdn.co/image/ab6761610000e5ebf1310d077ecfed399b5c7ca9"", ""artist_lookup_error"": """", ""artist_monthly_listeners"": ""473901"", ""artist_monthly_listeners_display"": ""473,901"", ""artist_monthly_listeners_is_approx"": ""false"", ""artist_monthly_listeners_source"": ""Spotify public artist page"", ""artist_monthly_listeners_fetch_error"": """"}]",0,,"{""spotify"": ""https://open.spotify.com/track/773yjqHbb0VMYrt6ARF1SB""}",{}
week5_17august,2026-08-17T07:40:10+00:00,Spotify,Aysima Karçaaltıncaba,aaaaysimaaaa,Week5_User3,Week5_User3,1txRiqSazKMCTJxwcL2TCA,spotify:playlist:1txRiqSazKMCTJxwcL2TCA,https://open.spotify.com/playlist/1txRiqSazKMCTJxwcL2TCA,,aaaaysimaaaa,Aysima Karçaaltıncaba,True,False,0,AAAAA1uPnPVgANPgtAcP5LyCTXydPK3s,,19,2026-08-17T07:12:27Z,aaaaysimaaaa,primary_artist_monthly_listeners,464192,"464,192",Spotify public artist page,false,,2zzcdociKJgE51NaxgalV2,spotify:track:2zzcdociKJgE51NaxgalV2,https://open.spotify.com/track/2zzcdociKJgE51NaxgalV2,8th Commandment,track,3,1,221933,221.933,False,False,True,,https://api.spotify.com/v1/tracks/2zzcdociKJgE51NaxgalV2,https://api.spotify.com/v1/tracks/2zzcdociKJgE51NaxgalV2,,,FISFS9900084,,,3rM1PNwpD1hWbFTHVUoyuc,spotify:album:3rM1PNwpD1hWbFTHVUoyuc,https://open.spotify.com/album/3rM1PNwpD1hWbFTHVUoyuc,Ecliptica (International Version),album,,10,1999-01-01,day,,C: 1999 Spin-Farm Oy; P: 1999 Spin-Farm Oy,,https://i.scdn.co/image/ab67616d0000b273c579b15206ab88f6dcad44f6,,5YeoQ1L71cXDMpSpqxOjfH,Sonata Arctica,spotify:artist:5YeoQ1L71cXDMpSpqxOjfH,https://open.spotify.com/artist/5YeoQ1L71cXDMpSpqxOjfH,,,,464192,"464,192",false,Spotify public artist page,,https://i.scdn.co/image/ab6761610000e5eb3c36e8b69cb376bf869aedc2,,5YeoQ1L71cXDMpSpqxOjfH,Sonata Arctica,https://open.spotify.com/artist/5YeoQ1L71cXDMpSpqxOjfH,"[{""artist_id"": ""5YeoQ1L71cXDMpSpqxOjfH"", ""artist_name"": ""Sonata Arctica"", ""artist_url"": ""https://open.spotify.com/artist/5YeoQ1L71cXDMpSpqxOjfH"", ""monthly_listeners"": ""464192"", ""monthly_listeners_display"": ""464,192"", ""is_approx"": ""false"", ""fetch_error"": """"}]","[{""artist_id"": ""5YeoQ1L71cXDMpSpqxOjfH"", ""artist_name"": ""Sonata Arctica"", ""artist_uri"": ""spotify:artist:5YeoQ1L71cXDMpSpqxOjfH"", ""artist_url"": ""https://open.spotify.com/artist/5YeoQ1L71cXDMpSpqxOjfH"", ""artist_type"": ""artist"", ""artist_genres"": """", ""artist_spotify_api_popularity"": """", ""artist_followers_total"": """", ""artist_image_url"": ""https://i.scdn.co/image/ab6761610000e5eb3c36e8b69cb376bf869aedc2"", ""artist_lookup_error"": """", ""artist_monthly_listeners"": ""464192"", ""artist_monthly_listeners_display"": ""464,192"", ""artist_monthly_listeners_is_approx"": ""false"", ""artist_monthly_listeners_source"": ""Spotify public artist page"", ""artist_monthly_listeners_fetch_error"": """"}]",0,,"{""spotify"": ""https://open.spotify.com/track/2zzcdociKJgE51NaxgalV2""}",{}
week5_17august,2026-08-17T07:40:10+00:00,Spotify,Aysima Karçaaltıncaba,aaaaysimaaaa,Week5_User3,Week5_User3,1txRiqSazKMCTJxwcL2TCA,spotify:playlist:1txRiqSazKMCTJxwcL2TCA,https://open.spotify.com/playlist/1txRiqSazKMCTJxwcL2TCA,,aaaaysimaaaa,Aysima Karçaaltıncaba,True,False,0,AAAAA1uPnPVgANPgtAcP5LyCTXydPK3s,,20,2026-08-17T07:12:27Z,aaaaysimaaaa,primary_artist_monthly_listeners,172653,"172,653",Spotify public artist page,false,,2cxtdKFeXk4F10nd8TZORl,spotify:track:2cxtdKFeXk4F10nd8TZORl,https://open.spotify.com/track/2cxtdKFeXk4F10nd8TZORl,Kind Hearted Light,track,3,1,265773,265.773,False,False,True,,https://api.spotify.com/v1/tracks/2cxtdKFeXk4F10nd8TZORl,https://api.spotify.com/v1/tracks/2cxtdKFeXk4F10nd8TZORl,,,DET970200003,,,6FxqNK88NImuiMIpCrTZee,spotify:album:6FxqNK88NImuiMIpCrTZee,https://open.spotify.com/album/6FxqNK88NImuiMIpCrTZee,Masterplan,album,,11,2003-01-20,day,,C: 2003 AFM Records; P: 2003 AFM Records,,https://i.scdn.co/image/ab67616d0000b2737479397fc56803ba3511fd1c,,1OHNvr18TssBKYK0A75yvx,Masterplan,spotify:artist:1OHNvr18TssBKYK0A75yvx,https://open.spotify.com/artist/1OHNvr18TssBKYK0A75yvx,,,,172653,"172,653",false,Spotify public artist page,,https://i.scdn.co/image/ab6761610000e5eb8cfdd5ee976e9da4af82d208,,1OHNvr18TssBKYK0A75yvx,Masterplan,https://open.spotify.com/artist/1OHNvr18TssBKYK0A75yvx,"[{""artist_id"": ""1OHNvr18TssBKYK0A75yvx"", ""artist_name"": ""Masterplan"", ""artist_url"": ""https://open.spotify.com/artist/1OHNvr18TssBKYK0A75yvx"", ""monthly_listeners"": ""172653"", ""monthly_listeners_display"": ""172,653"", ""is_approx"": ""false"", ""fetch_error"": """"}]","[{""artist_id"": ""1OHNvr18TssBKYK0A75yvx"", ""artist_name"": ""Masterplan"", ""artist_uri"": ""spotify:artist:1OHNvr18TssBKYK0A75yvx"", ""artist_url"": ""https://open.spotify.com/artist/1OHNvr18TssBKYK0A75yvx"", ""artist_type"": ""artist"", ""artist_genres"": """", ""artist_spotify_api_popularity"": """", ""artist_followers_total"": """", ""artist_image_url"": ""https://i.scdn.co/image/ab6761610000e5eb8cfdd5ee976e9da4af82d208"", ""artist_lookup_error"": """", ""artist_monthly_listeners"": ""172653"", ""artist_monthly_listeners_display"": ""172,653"", ""artist_monthly_listeners_is_approx"": ""false"", ""artist_monthly_listeners_source"": ""Spotify public artist page"", ""artist_monthly_listeners_fetch_error"": """"}]",0,,"{""spotify"": ""https://open.spotify.com/track/2cxtdKFeXk4F10nd8TZORl""}",{}
week5_17august,2026-08-17T07:40:10+00:00,Spotify,Aysima Karçaaltıncaba,aaaaysimaaaa,Week5_User3,Week5_User3,1txRiqSazKMCTJxwcL2TCA,spotify:playlist:1txRiqSazKMCTJxwcL2TCA,https://open.spotify.com/playlist/1txRiqSazKMCTJxwcL2TCA,,aaaaysimaaaa,Aysima Karçaaltıncaba,True,False,0,AAAAA1uPnPVgANPgtAcP5LyCTXydPK3s,,21,2026-08-17T07:12:27Z,aaaaysimaaaa,primary_artist_monthly_listeners,60076,"60,076",Spotify public artist page,false,,3cBMgg4VYGlixkPcHhIisM,spotify:track:3cBMgg4VYGlixkPcHhIisM,https://open.spotify.com/track/3cBMgg4VYGlixkPcHhIisM,Crimson King - Remaster 2019,track,1,1,345977,345.977,False,False,True,,https://api.spotify.com/v1/tracks/3cBMgg4VYGlixkPcHhIisM,https://api.spotify.com/v1/tracks/3cBMgg4VYGlixkPcHhIisM,,,GBDHC1908101,,,7J03BO9WA7tIPAnFJg30pr,spotify:album:7J03BO9WA7tIPAnFJg30pr,https://open.spotify.com/album/7J03BO9WA7tIPAnFJg30pr,Touched By The Crimson King (Remasters 2019),album,,10,2019-03-29,day,,P: (P) 2019 Century Media Records Ltd. under exclusive license from Demons & Wizards,,https://i.scdn.co/image/ab67616d0000b273b7bd86d8794cf57e03f9c804,,4O6RDLeFX5xuQ7IePFzVcl,Demons & Wizards,spotify:artist:4O6RDLeFX5xuQ7IePFzVcl,https://open.spotify.com/artist/4O6RDLeFX5xuQ7IePFzVcl,,,,60076,"60,076",false,Spotify public artist page,,https://i.scdn.co/image/ab6761610000e5ebbc220b198ebd4f26e9b6a601,,4O6RDLeFX5xuQ7IePFzVcl,Demons & Wizards,https://open.spotify.com/artist/4O6RDLeFX5xuQ7IePFzVcl,"[{""artist_id"": ""4O6RDLeFX5xuQ7IePFzVcl"", ""artist_name"": ""Demons & Wizards"", ""artist_url"": ""https://open.spotify.com/artist/4O6RDLeFX5xuQ7IePFzVcl"", ""monthly_listeners"": ""60076"", ""monthly_listeners_display"": ""60,076"", ""is_approx"": ""false"", ""fetch_error"": """"}]","[{""artist_id"": ""4O6RDLeFX5xuQ7IePFzVcl"", ""artist_name"": ""Demons & Wizards"", ""artist_uri"": ""spotify:artist:4O6RDLeFX5xuQ7IePFzVcl"", ""artist_url"": ""https://open.spotify.com/artist/4O6RDLeFX5xuQ7IePFzVcl"", ""artist_type"": ""artist"", ""artist_genres"": """", ""artist_spotify_api_popularity"": """", ""artist_followers_total"": """", ""artist_image_url"": ""https://i.scdn.co/image/ab6761610000e5ebbc220b198ebd4f26e9b6a601"", ""artist_lookup_error"": """", ""artist_monthly_listeners"": ""60076"", ""artist_monthly_listeners_display"": ""60,076"", ""artist_monthly_listeners_is_approx"": ""false"", ""artist_monthly_listeners_source"": ""Spotify public artist page"", ""artist_monthly_listeners_fetch_error"": """"}]",0,,"{""spotify"": ""https://open.spotify.com/track/3cBMgg4VYGlixkPcHhIisM""}",{}
week5_17august,2026-08-17T07:40:10+00:00,Spotify,Aysima Karçaaltıncaba,aaaaysimaaaa,Week5_User3,Week5_User3,1txRiqSazKMCTJxwcL2TCA,spotify:playlist:1txRiqSazKMCTJxwcL2TCA,https://open.spotify.com/playlist/1txRiqSazKMCTJxwcL2TCA,,aaaaysimaaaa,Aysima Karçaaltıncaba,True,False,0,AAAAA1uPnPVgANPgtAcP5LyCTXydPK3s,,22,2026-08-17T07:12:27Z,aaaaysimaaaa,primary_artist_monthly_listeners,244242,"244,242",Spotify public artist page,false,,1vuTO497hSEkEWvFWTGfl8,spotify:track:1vuTO497hSEkEWvFWTGfl8,https://open.spotify.com/track/1vuTO497hSEkEWvFWTGfl8,Tuonela,track,2,1,277441,277.441,False,False,True,,https://api.spotify.com/v1/tracks/1vuTO497hSEkEWvFWTGfl8,https://api.spotify.com/v1/tracks/1vuTO497hSEkEWvFWTGfl8,,,DED832000683,,,3s7abfHktH3ljR7fAXPZPp,spotify:album:3s7abfHktH3ljR7fAXPZPp,https://open.spotify.com/album/3s7abfHktH3ljR7fAXPZPp,Leviathan,album,,11,2021-01-22,day,,C: 2021 Nuclear Blast; P: 2021 Nuclear Blast,,https://i.scdn.co/image/ab67616d0000b2732454ac2ea06a9427e6262ab9,,5c8Cw62ZYj9XO6iDLRDEsi,Therion,spotify:artist:5c8Cw62ZYj9XO6iDLRDEsi,https://open.spotify.com/artist/5c8Cw62ZYj9XO6iDLRDEsi,,,,244242,"244,242",false,Spotify public artist page,,https://i.scdn.co/image/ab6761610000e5eb9a7f93205c66fe4181cede4a,,5c8Cw62ZYj9XO6iDLRDEsi; 1tbhwOH5UBAJoqTx9Oak00,Therion; Marko Hietala,https://open.spotify.com/artist/5c8Cw62ZYj9XO6iDLRDEsi; https://open.spotify.com/artist/1tbhwOH5UBAJoqTx9Oak00,"[{""artist_id"": ""5c8Cw62ZYj9XO6iDLRDEsi"", ""artist_name"": ""Therion"", ""artist_url"": ""https://open.spotify.com/artist/5c8Cw62ZYj9XO6iDLRDEsi"", ""monthly_listeners"": ""244242"", ""monthly_listeners_display"": ""244,242"", ""is_approx"": ""false"", ""fetch_error"": """"}, {""artist_id"": ""1tbhwOH5UBAJoqTx9Oak00"", ""artist_name"": ""Marko Hietala"", ""artist_url"": ""https://open.spotify.com/artist/1tbhwOH5UBAJoqTx9Oak00"", ""monthly_listeners"": ""53223"", ""monthly_listeners_display"": ""53,223"", ""is_approx"": ""false"", ""fetch_error"": """"}]","[{""artist_id"": ""5c8Cw62ZYj9XO6iDLRDEsi"", ""artist_name"": ""Therion"", ""artist_uri"": ""spotify:artist:5c8Cw62ZYj9XO6iDLRDEsi"", ""artist_url"": ""https://open.spotify.com/artist/5c8Cw62ZYj9XO6iDLRDEsi"", ""artist_type"": ""artist"", ""artist_genres"": """", ""artist_spotify_api_popularity"": """", ""artist_followers_total"": """", ""artist_image_url"": ""https://i.scdn.co/image/ab6761610000e5eb9a7f93205c66fe4181cede4a"", ""artist_lookup_error"": """", ""artist_monthly_listeners"": ""244242"", ""artist_monthly_listeners_display"": ""244,242"", ""artist_monthly_listeners_is_approx"": ""false"", ""artist_monthly_listeners_source"": ""Spotify public artist page"", ""artist_monthly_listeners_fetch_error"": """"}, {""artist_id"": ""1tbhwOH5UBAJoqTx9Oak00"", ""artist_name"": ""Marko Hietala"", ""artist_uri"": ""spotify:artist:1tbhwOH5UBAJoqTx9Oak00"", ""artist_url"": ""https://open.spotify.com/artist/1tbhwOH5UBAJoqTx9Oak00"", ""artist_type"": ""artist"", ""artist_genres"": """", ""artist_spotify_api_popularity"": """", ""artist_followers_total"": """", ""artist_image_url"": ""https://i.scdn.co/image/ab6761610000e5ebb89f8d8a720a8d5cd5a1928f"", ""artist_lookup_error"": """", ""artist_monthly_listeners"": ""53223"", ""artist_monthly_listeners_display"": ""53,223"", ""artist_monthly_listeners_is_approx"": ""false"", ""artist_monthly_listeners_source"": ""Spotify public artist page"", ""artist_monthly_listeners_fetch_error"": """"}]",0,,"{""spotify"": ""https://open.spotify.com/track/1vuTO497hSEkEWvFWTGfl8""}",{}
week5_17august,2026-08-17T07:40:10+00:00,Spotify,Aysima Karçaaltıncaba,aaaaysimaaaa,Week5_User3,Week5_User3,1txRiqSazKMCTJxwcL2TCA,spotify:playlist:1txRiqSazKMCTJxwcL2TCA,https://open.spotify.com/playlist/1txRiqSazKMCTJxwcL2TCA,,aaaaysimaaaa,Aysima Karçaaltıncaba,True,False,0,AAAAA1uPnPVgANPgtAcP5LyCTXydPK3s,,23,2026-08-17T07:12:27Z,aaaaysimaaaa,primary_artist_monthly_listeners,476060,"476,060",Spotify public artist page,false,,7623cs9y5l1b6uPXZ4U2ny,spotify:track:7623cs9y5l1b6uPXZ4U2ny,https://open.spotify.com/track/7623cs9y5l1b6uPXZ4U2ny,Crusader,track,2,1,394666,394.666,False,False,True,,https://api.spotify.com/v1/tracks/7623cs9y5l1b6uPXZ4U2ny,https://api.spotify.com/v1/tracks/7623cs9y5l1b6uPXZ4U2ny,,,GB01A8400013,,,0VX5quh1hID3EiB0VwPmNu,spotify:album:0VX5quh1hID3EiB0VwPmNu,https://open.spotify.com/album/0VX5quh1hID3EiB0VwPmNu,Crusader,album,,10,1984,year,,"C: 1984 Union Square Music Limited, a BMG Company; P: 1984 Union Square Music Limited, a BMG Company",,https://i.scdn.co/image/ab67616d0000b27359646b38e8386f7ce94c74d6,,71vVmHeNgCVSa5SVmfvscU,Saxon,spotify:artist:71vVmHeNgCVSa5SVmfvscU,https://open.spotify.com/artist/71vVmHeNgCVSa5SVmfvscU,,,,476060,"476,060",false,Spotify public artist page,,https://i.scdn.co/image/ab6761610000e5eb3cf9569774c02e8e99f46eda,,71vVmHeNgCVSa5SVmfvscU,Saxon,https://open.spotify.com/artist/71vVmHeNgCVSa5SVmfvscU,"[{""artist_id"": ""71vVmHeNgCVSa5SVmfvscU"", ""artist_name"": ""Saxon"", ""artist_url"": ""https://open.spotify.com/artist/71vVmHeNgCVSa5SVmfvscU"", ""monthly_listeners"": ""476060"", ""monthly_listeners_display"": ""476,060"", ""is_approx"": ""false"", ""fetch_error"": """"}]","[{""artist_id"": ""71vVmHeNgCVSa5SVmfvscU"", ""artist_name"": ""Saxon"", ""artist_uri"": ""spotify:artist:71vVmHeNgCVSa5SVmfvscU"", ""artist_url"": ""https://open.spotify.com/artist/71vVmHeNgCVSa5SVmfvscU"", ""artist_type"": ""artist"", ""artist_genres"": """", ""artist_spotify_api_popularity"": """", ""artist_followers_total"": """", ""artist_image_url"": ""https://i.scdn.co/image/ab6761610000e5eb3cf9569774c02e8e99f46eda"", ""artist_lookup_error"": """", ""artist_monthly_listeners"": ""476060"", ""artist_monthly_listeners_display"": ""476,060"", ""artist_monthly_listeners_is_approx"": ""false"", ""artist_monthly_listeners_source"": ""Spotify public artist page"", ""artist_monthly_listeners_fetch_error"": """"}]",0,,"{""spotify"": ""https://open.spotify.com/track/7623cs9y5l1b6uPXZ4U2ny""}",{}
week5_17august,2026-08-17T07:40:10+00:00,Spotify,Aysima Karçaaltıncaba,aaaaysimaaaa,Week5_User3,Week5_User3,1txRiqSazKMCTJxwcL2TCA,spotify:playlist:1txRiqSazKMCTJxwcL2TCA,https://open.spotify.com/playlist/1txRiqSazKMCTJxwcL2TCA,,aaaaysimaaaa,Aysima Karçaaltıncaba,True,False,0,AAAAA1uPnPVgANPgtAcP5LyCTXydPK3s,,24,2026-08-17T07:12:27Z,aaaaysimaaaa,primary_artist_monthly_listeners,21267,"21,267",Spotify public artist page,false,,3mZZmANnoFr6noTgxc8Zll,spotify:track:3mZZmANnoFr6noTgxc8Zll,https://open.spotify.com/track/3mZZmANnoFr6noTgxc8Zll,Welcome to Paradise,track,1,1,276133,276.133,False,False,True,,https://api.spotify.com/v1/tracks/3mZZmANnoFr6noTgxc8Zll,https://api.spotify.com/v1/tracks/3mZZmANnoFr6noTgxc8Zll,,,DED831900283,,,5WgN3EoZSf12ZyYaFxzYSP,spotify:album:5WgN3EoZSf12ZyYaFxzYSP,https://open.spotify.com/album/5WgN3EoZSf12ZyYaFxzYSP,Welcome to Paradise,album,,13,2019-08-02,day,,C: 2019 Nuclear Blast; P: 2019 Nuclear Blast,,https://i.scdn.co/image/ab67616d0000b27321ebb75e78cb1e6f30794879,,0cxYOcvgOWW1MJEoWeuCvg,NorthTale,spotify:artist:0cxYOcvgOWW1MJEoWeuCvg,https://open.spotify.com/artist/0cxYOcvgOWW1MJEoWeuCvg,,,,21267,"21,267",false,Spotify public artist page,,https://i.scdn.co/image/ab6761610000e5eb6c949980fb3aab36f8347668,,0cxYOcvgOWW1MJEoWeuCvg,NorthTale,https://open.spotify.com/artist/0cxYOcvgOWW1MJEoWeuCvg,"[{""artist_id"": ""0cxYOcvgOWW1MJEoWeuCvg"", ""artist_name"": ""NorthTale"", ""artist_url"": ""https://open.spotify.com/artist/0cxYOcvgOWW1MJEoWeuCvg"", ""monthly_listeners"": ""21267"", ""monthly_listeners_display"": ""21,267"", ""is_approx"": ""false"", ""fetch_error"": """"}]","[{""artist_id"": ""0cxYOcvgOWW1MJEoWeuCvg"", ""artist_name"": ""NorthTale"", ""artist_uri"": ""spotify:artist:0cxYOcvgOWW1MJEoWeuCvg"", ""artist_url"": ""https://open.spotify.com/artist/0cxYOcvgOWW1MJEoWeuCvg"", ""artist_type"": ""artist"", ""artist_genres"": """", ""artist_spotify_api_popularity"": """", ""artist_followers_total"": """", ""artist_image_url"": ""https://i.scdn.co/image/ab6761610000e5eb6c949980fb3aab36f8347668"", ""artist_lookup_error"": """", ""artist_monthly_listeners"": ""21267"", ""artist_monthly_listeners_display"": ""21,267"", ""artist_monthly_listeners_is_approx"": ""false"", ""artist_monthly_listeners_source"": ""Spotify public artist page"", ""artist_monthly_listeners_fetch_error"": """"}]",0,,"{""spotify"": ""https://open.spotify.com/track/3mZZmANnoFr6noTgxc8Zll""}",{}
week5_17august,2026-08-17T07:40:10+00:00,Spotify,Aysima Karçaaltıncaba,aaaaysimaaaa,Week5_User3,Week5_User3,1txRiqSazKMCTJxwcL2TCA,spotify:playlist:1txRiqSazKMCTJxwcL2TCA,https://open.spotify.com/playlist/1txRiqSazKMCTJxwcL2TCA,,aaaaysimaaaa,Aysima Karçaaltıncaba,True,False,0,AAAAA1uPnPVgANPgtAcP5LyCTXydPK3s,,25,2026-08-17T07:12:27Z,aaaaysimaaaa,primary_artist_monthly_listeners,69296,"69,296",Spotify public artist page,false,,1ZF7wRCafQGaVWwR5qqtst,spotify:track:1ZF7wRCafQGaVWwR5qqtst,https://open.spotify.com/track/1ZF7wRCafQGaVWwR5qqtst,Evil,track,2,1,372613,372.613,False,False,True,,https://api.spotify.com/v1/tracks/1ZF7wRCafQGaVWwR5qqtst,https://api.spotify.com/v1/tracks/1ZF7wRCafQGaVWwR5qqtst,,,GBAJE0400059,,,08dpdTv8xeZjVVyPCtwz24,spotify:album:08dpdTv8xeZjVVyPCtwz24,https://open.spotify.com/album/08dpdTv8xeZjVVyPCtwz24,Dust to Dust,album,,13,2004-01-12,day,,"C: 2004 Sanctuary Records Group Ltd., a BMG Company; P: 2004 Sanctuary Records Group Ltd., a BMG Company",,https://i.scdn.co/image/ab67616d0000b27371201c6ff1573f10d22ccb0d,,7j3etSXgd9ZLYIUW7KWnpd,Heavenly,spotify:artist:7j3etSXgd9ZLYIUW7KWnpd,https://open.spotify.com/artist/7j3etSXgd9ZLYIUW7KWnpd,,,,69296,"69,296",false,Spotify public artist page,,https://i.scdn.co/image/ab6772690000c46ce1dbce8d74b9d4d5066ebf7a,,7j3etSXgd9ZLYIUW7KWnpd,Heavenly,https://open.spotify.com/artist/7j3etSXgd9ZLYIUW7KWnpd,"[{""artist_id"": ""7j3etSXgd9ZLYIUW7KWnpd"", ""artist_name"": ""Heavenly"", ""artist_url"": ""https://open.spotify.com/artist/7j3etSXgd9ZLYIUW7KWnpd"", ""monthly_listeners"": ""69296"", ""monthly_listeners_display"": ""69,296"", ""is_approx"": ""false"", ""fetch_error"": """"}]","[{""artist_id"": ""7j3etSXgd9ZLYIUW7KWnpd"", ""artist_name"": ""Heavenly"", ""artist_uri"": ""spotify:artist:7j3etSXgd9ZLYIUW7KWnpd"", ""artist_url"": ""https://open.spotify.com/artist/7j3etSXgd9ZLYIUW7KWnpd"", ""artist_type"": ""artist"", ""artist_genres"": """", ""artist_spotify_api_popularity"": """", ""artist_followers_total"": """", ""artist_image_url"": ""https://i.scdn.co/image/ab6772690000c46ce1dbce8d74b9d4d5066ebf7a"", ""artist_lookup_error"": """", ""artist_monthly_listeners"": ""69296"", ""artist_monthly_listeners_display"": ""69,296"", ""artist_monthly_listeners_is_approx"": ""false"", ""artist_monthly_listeners_source"": ""Spotify public artist page"", ""artist_monthly_listeners_fetch_error"": """"}]",0,,"{""spotify"": ""https://open.spotify.com/track/1ZF7wRCafQGaVWwR5qqtst""}",{}
week5_17august,2026-08-17T07:40:10+00:00,Spotify,Aysima Karçaaltıncaba,aaaaysimaaaa,Week5_User3,Week5_User3,1txRiqSazKMCTJxwcL2TCA,spotify:playlist:1txRiqSazKMCTJxwcL2TCA,https://open.spotify.com/playlist/1txRiqSazKMCTJxwcL2TCA,,aaaaysimaaaa,Aysima Karçaaltıncaba,True,False,0,AAAAA1uPnPVgANPgtAcP5LyCTXydPK3s,,26,2026-08-17T07:12:27Z,aaaaysimaaaa,primary_artist_monthly_listeners,222937,"222,937",Spotify public artist page,false,,2sC8boJqQccBbHhkq2nnYU,spotify:track:2sC8boJqQccBbHhkq2nnYU,https://open.spotify.com/track/2sC8boJqQccBbHhkq2nnYU,Cthulhu,track,8,1,364213,364.213,False,False,True,,https://api.spotify.com/v1/tracks/2sC8boJqQccBbHhkq2nnYU,https://api.spotify.com/v1/tracks/2sC8boJqQccBbHhkq2nnYU,,,US4E41306208,,,5niOLhE7RqBlAS1oBtpCgd,spotify:album:5niOLhE7RqBlAS1oBtpCgd,https://open.spotify.com/album/5niOLhE7RqBlAS1oBtpCgd,Plagues of Babylon,album,,13,2014-01-21,day,,P: (P) 2014 Platinum Dragon Germany GmbH under exclusive license to Century Media,,https://i.scdn.co/image/ab67616d0000b273bbc20f1310b8b0de3b56e136,,3KEixcRfBS5K3E91Vn1Kdy,Iced Earth,spotify:artist:3KEixcRfBS5K3E91Vn1Kdy,https://open.spotify.com/artist/3KEixcRfBS5K3E91Vn1Kdy,,,,222937,"222,937",false,Spotify public artist page,,https://i.scdn.co/image/a1fa09dcb7f14ee7bad400ad8c0772f1a2ec4468,,3KEixcRfBS5K3E91Vn1Kdy,Iced Earth,https://open.spotify.com/artist/3KEixcRfBS5K3E91Vn1Kdy,"[{""artist_id"": ""3KEixcRfBS5K3E91Vn1Kdy"", ""artist_name"": ""Iced Earth"", ""artist_url"": ""https://open.spotify.com/artist/3KEixcRfBS5K3E91Vn1Kdy"", ""monthly_listeners"": ""222937"", ""monthly_listeners_display"": ""222,937"", ""is_approx"": ""false"", ""fetch_error"": """"}]","[{""artist_id"": ""3KEixcRfBS5K3E91Vn1Kdy"", ""artist_name"": ""Iced Earth"", ""artist_uri"": ""spotify:artist:3KEixcRfBS5K3E91Vn1Kdy"", ""artist_url"": ""https://open.spotify.com/artist/3KEixcRfBS5K3E91Vn1Kdy"", ""artist_type"": ""artist"", ""artist_genres"": """", ""artist_spotify_api_popularity"": """", ""artist_followers_total"": """", ""artist_image_url"": ""https://i.scdn.co/image/a1fa09dcb7f14ee7bad400ad8c0772f1a2ec4468"", ""artist_lookup_error"": """", ""artist_monthly_listeners"": ""222937"", ""artist_monthly_listeners_display"": ""222,937"", ""artist_monthly_listeners_is_approx"": ""false"", ""artist_monthly_listeners_source"": ""Spotify public artist page"", ""artist_monthly_listeners_fetch_error"": """"}]",0,,"{""spotify"": ""https://open.spotify.com/track/2sC8boJqQccBbHhkq2nnYU""}",{}
week5_17august,2026-08-17T07:40:10+00:00,Spotify,Aysima Karçaaltıncaba,aaaaysimaaaa,Week5_User3,Week5_User3,1txRiqSazKMCTJxwcL2TCA,spotify:playlist:1txRiqSazKMCTJxwcL2TCA,https://open.spotify.com/playlist/1txRiqSazKMCTJxwcL2TCA,,aaaaysimaaaa,Aysima Karçaaltıncaba,True,False,0,AAAAA1uPnPVgANPgtAcP5LyCTXydPK3s,,27,2026-08-17T07:12:27Z,aaaaysimaaaa,primary_artist_monthly_listeners,102287,"102,287",Spotify public artist page,false,,7ssmnwOsdVBLYujFVMK3yD,spotify:track:7ssmnwOsdVBLYujFVMK3yD,https://open.spotify.com/track/7ssmnwOsdVBLYujFVMK3yD,Metal Is Forever,track,1,1,286226,286.226,False,False,True,,https://api.spotify.com/v1/tracks/7ssmnwOsdVBLYujFVMK3yD,https://api.spotify.com/v1/tracks/7ssmnwOsdVBLYujFVMK3yD,,,DED830370901,,,6IMqYUH5qX9GBiz0sWcZgG,spotify:album:6IMqYUH5qX9GBiz0sWcZgG,https://open.spotify.com/album/6IMqYUH5qX9GBiz0sWcZgG,Devil's Ground,album,,12,2004-02-23,day,,C: (C) 2004 Reigning Phoenix Music; P: (P) 2004 Reigning Phoenix Music,,https://i.scdn.co/image/ab67616d0000b2731d25312a6bbb026d7659b2d0,,1yfiDL3YUEJlQCgb5Pun6g,Primal Fear,spotify:artist:1yfiDL3YUEJlQCgb5Pun6g,https://open.spotify.com/artist/1yfiDL3YUEJlQCgb5Pun6g,,,,102287,"102,287",false,Spotify public artist page,,https://i.scdn.co/image/ab6761610000e5ebd8360d0ed8fe9dd3fd04fb45,,1yfiDL3YUEJlQCgb5Pun6g,Primal Fear,https://open.spotify.com/artist/1yfiDL3YUEJlQCgb5Pun6g,"[{""artist_id"": ""1yfiDL3YUEJlQCgb5Pun6g"", ""artist_name"": ""Primal Fear"", ""artist_url"": ""https://open.spotify.com/artist/1yfiDL3YUEJlQCgb5Pun6g"", ""monthly_listeners"": ""102287"", ""monthly_listeners_display"": ""102,287"", ""is_approx"": ""false"", ""fetch_error"": """"}]","[{""artist_id"": ""1yfiDL3YUEJlQCgb5Pun6g"", ""artist_name"": ""Primal Fear"", ""artist_uri"": ""spotify:artist:1yfiDL3YUEJlQCgb5Pun6g"", ""artist_url"": ""https://open.spotify.com/artist/1yfiDL3YUEJlQCgb5Pun6g"", ""artist_type"": ""artist"", ""artist_genres"": """", ""artist_spotify_api_popularity"": """", ""artist_followers_total"": """", ""artist_image_url"": ""https://i.scdn.co/image/ab6761610000e5ebd8360d0ed8fe9dd3fd04fb45"", ""artist_lookup_error"": """", ""artist_monthly_listeners"": ""102287"", ""artist_monthly_listeners_display"": ""102,287"", ""artist_monthly_listeners_is_approx"": ""false"", ""artist_monthly_listeners_source"": ""Spotify public artist page"", ""artist_monthly_listeners_fetch_error"": """"}]",0,,"{""spotify"": ""https://open.spotify.com/track/7ssmnwOsdVBLYujFVMK3yD""}",{}
week5_17august,2026-08-17T07:40:10+00:00,Spotify,Aysima Karçaaltıncaba,aaaaysimaaaa,Week5_User3,Week5_User3,1txRiqSazKMCTJxwcL2TCA,spotify:playlist:1txRiqSazKMCTJxwcL2TCA,https://open.spotify.com/playlist/1txRiqSazKMCTJxwcL2TCA,,aaaaysimaaaa,Aysima Karçaaltıncaba,True,False,0,AAAAA1uPnPVgANPgtAcP5LyCTXydPK3s,,28,2026-08-17T07:12:27Z,aaaaysimaaaa,primary_artist_monthly_listeners,167212,"167,212",Spotify public artist page,false,,5IF7E1KDhfYaucurjPSTLJ,spotify:track:5IF7E1KDhfYaucurjPSTLJ,https://open.spotify.com/track/5IF7E1KDhfYaucurjPSTLJ,In Flames You Burn,track,2,1,274373,274.373,False,False,True,,https://api.spotify.com/v1/tracks/5IF7E1KDhfYaucurjPSTLJ,https://api.spotify.com/v1/tracks/5IF7E1KDhfYaucurjPSTLJ,,,US4E40402202,,,75e23vS6UP1bZWkVphKGiD,spotify:album:75e23vS6UP1bZWkVphKGiD,https://open.spotify.com/album/75e23vS6UP1bZWkVphKGiD,Dragonslayer,album,,12,2002-07-13,day,,P: (P) 2002 Century Media Records Ltd.,,https://i.scdn.co/image/ab67616d0000b273b1b987d182eba3af75bf48bf,,1bkf8u8ot6vEpWTJFBzKZB,Dream Evil,spotify:artist:1bkf8u8ot6vEpWTJFBzKZB,https://open.spotify.com/artist/1bkf8u8ot6vEpWTJFBzKZB,,,,167212,"167,212",false,Spotify public artist page,,https://i.scdn.co/image/ab6761610000e5eb68620704b0615991995f22c5,,1bkf8u8ot6vEpWTJFBzKZB,Dream Evil,https://open.spotify.com/artist/1bkf8u8ot6vEpWTJFBzKZB,"[{""artist_id"": ""1bkf8u8ot6vEpWTJFBzKZB"", ""artist_name"": ""Dream Evil"", ""artist_url"": ""https://open.spotify.com/artist/1bkf8u8ot6vEpWTJFBzKZB"", ""monthly_listeners"": ""167212"", ""monthly_listeners_display"": ""167,212"", ""is_approx"": ""false"", ""fetch_error"": """"}]","[{""artist_id"": ""1bkf8u8ot6vEpWTJFBzKZB"", ""artist_name"": ""Dream Evil"", ""artist_uri"": ""spotify:artist:1bkf8u8ot6vEpWTJFBzKZB"", ""artist_url"": ""https://open.spotify.com/artist/1bkf8u8ot6vEpWTJFBzKZB"", ""artist_type"": ""artist"", ""artist_genres"": """", ""artist_spotify_api_popularity"": """", ""artist_followers_total"": """", ""artist_image_url"": ""https://i.scdn.co/image/ab6761610000e5eb68620704b0615991995f22c5"", ""artist_lookup_error"": """", ""artist_monthly_listeners"": ""167212"", ""artist_monthly_listeners_display"": ""167,212"", ""artist_monthly_listeners_is_approx"": ""false"", ""artist_monthly_listeners_source"": ""Spotify public artist page"", ""artist_monthly_listeners_fetch_error"": """"}]",0,,"{""spotify"": ""https://open.spotify.com/track/5IF7E1KDhfYaucurjPSTLJ""}",{}
week5_17august,2026-08-17T07:40:10+00:00,Spotify,Aysima Karçaaltıncaba,aaaaysimaaaa,Week5_User3,Week5_User3,1txRiqSazKMCTJxwcL2TCA,spotify:playlist:1txRiqSazKMCTJxwcL2TCA,https://open.spotify.com/playlist/1txRiqSazKMCTJxwcL2TCA,,aaaaysimaaaa,Aysima Karçaaltıncaba,True,False,0,AAAAA1uPnPVgANPgtAcP5LyCTXydPK3s,,29,2026-08-17T07:12:27Z,aaaaysimaaaa,primary_artist_monthly_listeners,200773,"200,773",Spotify public artist page,false,,1wAodvBubKuWcplCjtvBtH,spotify:track:1wAodvBubKuWcplCjtvBtH,https://open.spotify.com/track/1wAodvBubKuWcplCjtvBtH,Alegria,track,2,1,224840,224.840,False,False,True,,https://api.spotify.com/v1/tracks/1wAodvBubKuWcplCjtvBtH,https://api.spotify.com/v1/tracks/1wAodvBubKuWcplCjtvBtH,,,USYFZ1815502,,,24pcRYUkzSVNEoR5eNlH4I,spotify:album:24pcRYUkzSVNEoR5eNlH4I,https://open.spotify.com/album/24pcRYUkzSVNEoR5eNlH4I,Controlled Chaos,album,,11,2018-11-16,day,,C: © 2018 Sumerian Records; P: ℗ 2018 Sumerian Records,,https://i.scdn.co/image/ab67616d0000b273cb33782d35a446bbf3080b76,,73GhYkwfPQzmfJb1cdPqPf,Nita Strauss,spotify:artist:73GhYkwfPQzmfJb1cdPqPf,https://open.spotify.com/artist/73GhYkwfPQzmfJb1cdPqPf,,,,200773,"200,773",false,Spotify public artist page,,https://i.scdn.co/image/ab6761610000e5eb838c4ca3c29a7b7a2431eb9b,,73GhYkwfPQzmfJb1cdPqPf,Nita Strauss,https://open.spotify.com/artist/73GhYkwfPQzmfJb1cdPqPf,"[{""artist_id"": ""73GhYkwfPQzmfJb1cdPqPf"", ""artist_name"": ""Nita Strauss"", ""artist_url"": ""https://open.spotify.com/artist/73GhYkwfPQzmfJb1cdPqPf"", ""monthly_listeners"": ""200773"", ""monthly_listeners_display"": ""200,773"", ""is_approx"": ""false"", ""fetch_error"": """"}]","[{""artist_id"": ""73GhYkwfPQzmfJb1cdPqPf"", ""artist_name"": ""Nita Strauss"", ""artist_uri"": ""spotify:artist:73GhYkwfPQzmfJb1cdPqPf"", ""artist_url"": ""https://open.spotify.com/artist/73GhYkwfPQzmfJb1cdPqPf"", ""artist_type"": ""artist"", ""artist_genres"": """", ""artist_spotify_api_popularity"": """", ""artist_followers_total"": """", ""artist_image_url"": ""https://i.scdn.co/image/ab6761610000e5eb838c4ca3c29a7b7a2431eb9b"", ""artist_lookup_error"": """", ""artist_monthly_listeners"": ""200773"", ""artist_monthly_listeners_display"": ""200,773"", ""artist_monthly_listeners_is_approx"": ""false"", ""artist_monthly_listeners_source"": ""Spotify public artist page"", ""artist_monthly_listeners_fetch_error"": """"}]",0,,"{""spotify"": ""https://open.spotify.com/track/1wAodvBubKuWcplCjtvBtH""}",{}
week5_17august,2026-08-17T07:40:10+00:00,Spotify,Aysima Karçaaltıncaba,aaaaysimaaaa,Week5_User3,Week5_User3,1txRiqSazKMCTJxwcL2TCA,spotify:playlist:1txRiqSazKMCTJxwcL2TCA,https://open.spotify.com/playlist/1txRiqSazKMCTJxwcL2TCA,,aaaaysimaaaa,Aysima Karçaaltıncaba,True,False,0,AAAAA1uPnPVgANPgtAcP5LyCTXydPK3s,,30,2026-08-17T07:12:27Z,aaaaysimaaaa,primary_artist_monthly_listeners,60913,"60,913",Spotify public artist page,false,,7DWUX2nEjracF89X3vJSRV,spotify:track:7DWUX2nEjracF89X3vJSRV,https://open.spotify.com/track/7DWUX2nEjracF89X3vJSRV,Resurrection,track,1,1,238826,238.826,False,False,True,,https://api.spotify.com/v1/tracks/7DWUX2nEjracF89X3vJSRV,https://api.spotify.com/v1/tracks/7DWUX2nEjracF89X3vJSRV,,,USFM80610001,,,6kUgTLymqtTyWUIKbmTMyf,spotify:album:6kUgTLymqtTyWUIKbmTMyf,https://open.spotify.com/album/6kUgTLymqtTyWUIKbmTMyf,Resurrection,album,,16,2000,year,,C: © 2007 Metal God Entertainment; P: ℗ 2007 Metal God Entertainment,,https://i.scdn.co/image/ab67616d0000b2736b2a999f8885eda0e3b240d9,,0kq4QvLGV5t1ZoE6ittrLQ,Halford,spotify:artist:0kq4QvLGV5t1ZoE6ittrLQ,https://open.spotify.com/artist/0kq4QvLGV5t1ZoE6ittrLQ,,,,60913,"60,913",false,Spotify public artist page,,https://i.scdn.co/image/ab67616d0000b2736b2a999f8885eda0e3b240d9,,0kq4QvLGV5t1ZoE6ittrLQ,Halford,https://open.spotify.com/artist/0kq4QvLGV5t1ZoE6ittrLQ,"[{""artist_id"": ""0kq4QvLGV5t1ZoE6ittrLQ"", ""artist_name"": ""Halford"", ""artist_url"": ""https://open.spotify.com/artist/0kq4QvLGV5t1ZoE6ittrLQ"", ""monthly_listeners"": ""60913"", ""monthly_listeners_display"": ""60,913"", ""is_approx"": ""false"", ""fetch_error"": """"}]","[{""artist_id"": ""0kq4QvLGV5t1ZoE6ittrLQ"", ""artist_name"": ""Halford"", ""artist_uri"": ""spotify:artist:0kq4QvLGV5t1ZoE6ittrLQ"", ""artist_url"": ""https://open.spotify.com/artist/0kq4QvLGV5t1ZoE6ittrLQ"", ""artist_type"": ""artist"", ""artist_genres"": """", ""artist_spotify_api_popularity"": """", ""artist_followers_total"": """", ""artist_image_url"": ""https://i.scdn.co/image/ab67616d0000b2736b2a999f8885eda0e3b240d9"", ""artist_lookup_error"": """", ""artist_monthly_listeners"": ""60913"", ""artist_monthly_listeners_display"": ""60,913"", ""artist_monthly_listeners_is_approx"": ""false"", ""artist_monthly_listeners_source"": ""Spotify public artist page"", ""artist_monthly_listeners_fetch_error"": """"}]",0,,"{""spotify"": ""https://open.spotify.com/track/7DWUX2nEjracF89X3vJSRV""}",{}
week5_17august,2026-08-17T07:40:10+00:00,Spotify,Aysima Karçaaltıncaba,aaaaysimaaaa,Week5_User4,Week5_User4,5pbv54H3Vj9hg2DC710XyK,spotify:playlist:5pbv54H3Vj9hg2DC710XyK,https://open.spotify.com/playlist/5pbv54H3Vj9hg2DC710XyK,,aaaaysimaaaa,Aysima Karçaaltıncaba,True,False,0,AAAAA/XELajkgL8kWBy4w7HYIbmTzDgq,,1,2026-08-17T07:13:29Z,aaaaysimaaaa,primary_artist_monthly_listeners,3059978,"3,059,978",Spotify public artist page,false,,6W4pRJhZhyO3rz9vTITKRB,spotify:track:6W4pRJhZhyO3rz9vTITKRB,https://open.spotify.com/track/6W4pRJhZhyO3rz9vTITKRB,Angels Calling,track,1,1,353266,353.266,False,False,True,,https://api.spotify.com/v1/tracks/6W4pRJhZhyO3rz9vTITKRB,https://api.spotify.com/v1/tracks/6W4pRJhZhyO3rz9vTITKRB,,,DED831901513,,,3slBXddUn27FSk2rOB1Uy1,spotify:album:3slBXddUn27FSk2rOB1Uy1,https://open.spotify.com/album/3slBXddUn27FSk2rOB1Uy1,Angels Calling,single,,1,2020-01-17,day,,C: 2020 Nuclear Blast; P: 2020 Nuclear Blast,,https://i.scdn.co/image/ab67616d0000b273a91e09ed0aff46d505bc3f65,,3o2dn2O0FCVsWDFSh8qxgG,Sabaton,spotify:artist:3o2dn2O0FCVsWDFSh8qxgG,https://open.spotify.com/artist/3o2dn2O0FCVsWDFSh8qxgG,,,,3059978,"3,059,978",false,Spotify public artist page,,https://i.scdn.co/image/ab6761610000e5ebfc0524cca1171fac8678f4bf,,3o2dn2O0FCVsWDFSh8qxgG; 4Lm0pUvmisUHMdoky5ch2I,Sabaton; Apocalyptica,https://open.spotify.com/artist/3o2dn2O0FCVsWDFSh8qxgG; https://open.spotify.com/artist/4Lm0pUvmisUHMdoky5ch2I,"[{""artist_id"": ""3o2dn2O0FCVsWDFSh8qxgG"", ""artist_name"": ""Sabaton"", ""artist_url"": ""https://open.spotify.com/artist/3o2dn2O0FCVsWDFSh8qxgG"", ""monthly_listeners"": ""3059978"", ""monthly_listeners_display"": ""3,059,978"", ""is_approx"": ""false"", ""fetch_error"": """"}, {""artist_id"": ""4Lm0pUvmisUHMdoky5ch2I"", ""artist_name"": ""Apocalyptica"", ""artist_url"": ""https://open.spotify.com/artist/4Lm0pUvmisUHMdoky5ch2I"", ""monthly_listeners"": ""2948203"", ""monthly_listeners_display"": ""2,948,203"", ""is_approx"": ""false"", ""fetch_error"": """"}]","[{""artist_id"": ""3o2dn2O0FCVsWDFSh8qxgG"", ""artist_name"": ""Sabaton"", ""artist_uri"": ""spotify:artist:3o2dn2O0FCVsWDFSh8qxgG"", ""artist_url"": ""https://open.spotify.com/artist/3o2dn2O0FCVsWDFSh8qxgG"", ""artist_type"": ""artist"", ""artist_genres"": """", ""artist_spotify_api_popularity"": """", ""artist_followers_total"": """", ""artist_image_url"": ""https://i.scdn.co/image/ab6761610000e5ebfc0524cca1171fac8678f4bf"", ""artist_lookup_error"": """", ""artist_monthly_listeners"": ""3059978"", ""artist_monthly_listeners_display"": ""3,059,978"", ""artist_monthly_listeners_is_approx"": ""false"", ""artist_monthly_listeners_source"": ""Spotify public artist page"", ""artist_monthly_listeners_fetch_error"": """"}, {""artist_id"": ""4Lm0pUvmisUHMdoky5ch2I"", ""artist_name"": ""Apocalyptica"", ""artist_uri"": ""spotify:artist:4Lm0pUvmisUHMdoky5ch2I"", ""artist_url"": ""https://open.spotify.com/artist/4Lm0pUvmisUHMdoky5ch2I"", ""artist_type"": ""artist"", ""artist_genres"": """", ""artist_spotify_api_popularity"": """", ""artist_followers_total"": """", ""artist_image_url"": ""https://i.scdn.co/image/ab6761610000e5ebd5b5240aa1e0454e3ea2eb72"", ""artist_lookup_error"": """", ""artist_monthly_listeners"": ""2948203"", ""artist_monthly_listeners_display"": ""2,948,203"", ""artist_monthly_listeners_is_approx"": ""false"", ""artist_monthly_listeners_source"": ""Spotify public artist page"", ""artist_monthly_listeners_fetch_error"": """"}]",0,,"{""spotify"": ""https://open.spotify.com/track/6W4pRJhZhyO3rz9vTITKRB""}",{}
week5_17august,2026-08-17T07:40:10+00:00,Spotify,Aysima Karçaaltıncaba,aaaaysimaaaa,Week5_User4,Week5_User4,5pbv54H3Vj9hg2DC710XyK,spotify:playlist:5pbv54H3Vj9hg2DC710XyK,https://open.spotify.com/playlist/5pbv54H3Vj9hg2DC710XyK,,aaaaysimaaaa,Aysima Karçaaltıncaba,True,False,0,AAAAA/XELajkgL8kWBy4w7HYIbmTzDgq,,2,2026-08-17T07:13:29Z,aaaaysimaaaa,primary_artist_monthly_listeners,381216,"381,216",Spotify public artist page,false,,7vvbcPlj9bCOyx0gAmESg2,spotify:track:7vvbcPlj9bCOyx0gAmESg2,https://open.spotify.com/track/7vvbcPlj9bCOyx0gAmESg2,Holy Thunderforce,track,7,1,261746,261.746,False,False,True,,https://api.spotify.com/v1/tracks/7vvbcPlj9bCOyx0gAmESg2,https://api.spotify.com/v1/tracks/7vvbcPlj9bCOyx0gAmESg2,,,DET270002001,,,6T6i4ZLAwRHVOxRaQnC5js,spotify:album:6T6i4ZLAwRHVOxRaQnC5js,https://open.spotify.com/album/6T6i4ZLAwRHVOxRaQnC5js,Dawn of Victory,album,,10,2000,year,,C: (C) 2000 Limb Music,,https://i.scdn.co/image/ab67616d0000b273012217969f1979b6f050068b,,0zQfrabOFYf36Ikb6PXcCY,Rhapsody,spotify:artist:0zQfrabOFYf36Ikb6PXcCY,https://open.spotify.com/artist/0zQfrabOFYf36Ikb6PXcCY,,,,381216,"381,216",false,Spotify public artist page,,https://i.scdn.co/image/ab6761610000e5eb902fae03243cae6e08caf99a,,0zQfrabOFYf36Ikb6PXcCY,Rhapsody,https://open.spotify.com/artist/0zQfrabOFYf36Ikb6PXcCY,"[{""artist_id"": ""0zQfrabOFYf36Ikb6PXcCY"", ""artist_name"": ""Rhapsody"", ""artist_url"": ""https://open.spotify.com/artist/0zQfrabOFYf36Ikb6PXcCY"", ""monthly_listeners"": ""381216"", ""monthly_listeners_display"": ""381,216"", ""is_approx"": ""false"", ""fetch_error"": """"}]","[{""artist_id"": ""0zQfrabOFYf36Ikb6PXcCY"", ""artist_name"": ""Rhapsody"", ""artist_uri"": ""spotify:artist:0zQfrabOFYf36Ikb6PXcCY"", ""artist_url"": ""https://open.spotify.com/artist/0zQfrabOFYf36Ikb6PXcCY"", ""artist_type"": ""artist"", ""artist_genres"": """", ""artist_spotify_api_popularity"": """", ""artist_followers_total"": """", ""artist_image_url"": ""https://i.scdn.co/image/ab6761610000e5eb902fae03243cae6e08caf99a"", ""artist_lookup_error"": """", ""artist_monthly_listeners"": ""381216"", ""artist_monthly_listeners_display"": ""381,216"", ""artist_monthly_listeners_is_approx"": ""false"", ""artist_monthly_listeners_source"": ""Spotify public artist page"", ""artist_monthly_listeners_fetch_error"": """"}]",0,,"{""spotify"": ""https://open.spotify.com/track/7vvbcPlj9bCOyx0gAmESg2""}",{}
week5_17august,2026-08-17T07:40:10+00:00,Spotify,Aysima Karçaaltıncaba,aaaaysimaaaa,Week5_User4,Week5_User4,5pbv54H3Vj9hg2DC710XyK,spotify:playlist:5pbv54H3Vj9hg2DC710XyK,https://open.spotify.com/playlist/5pbv54H3Vj9hg2DC710XyK,,aaaaysimaaaa,Aysima Karçaaltıncaba,True,False,0,AAAAA/XELajkgL8kWBy4w7HYIbmTzDgq,,3,2026-08-17T07:13:29Z,aaaaysimaaaa,primary_artist_monthly_listeners,4222819,"4,222,819",Spotify public artist page,false,,1Fr7OlVZrc3mDvru8j2cFi,spotify:track:1Fr7OlVZrc3mDvru8j2cFi,https://open.spotify.com/track/1Fr7OlVZrc3mDvru8j2cFi,No Surrender,track,12,1,173973,173.973,False,False,True,,https://api.spotify.com/v1/tracks/1Fr7OlVZrc3mDvru8j2cFi,https://api.spotify.com/v1/tracks/1Fr7OlVZrc3mDvru8j2cFi,,,GBARL1702152,,,7p3G0OCxtlWyJcPE1FxnyB,spotify:album:7p3G0OCxtlWyJcPE1FxnyB,https://open.spotify.com/album/7p3G0OCxtlWyJcPE1FxnyB,Firepower,album,,14,2018-03-09,day,,P: (P) 2018 Sony Music Entertainment UK Limited,,https://i.scdn.co/image/ab67616d0000b2737ca75d243242bd697841b84b,,2tRsMl4eGxwoNabM08Dm4I,Judas Priest,spotify:artist:2tRsMl4eGxwoNabM08Dm4I,https://open.spotify.com/artist/2tRsMl4eGxwoNabM08Dm4I,,,,4222819,"4,222,819",false,Spotify public artist page,,https://i.scdn.co/image/ab6761610000e5eb4b3cfc24737acb15e73e8bd6,,2tRsMl4eGxwoNabM08Dm4I,Judas Priest,https://open.spotify.com/artist/2tRsMl4eGxwoNabM08Dm4I,"[{""artist_id"": ""2tRsMl4eGxwoNabM08Dm4I"", ""artist_name"": ""Judas Priest"", ""artist_url"": ""https://open.spotify.com/artist/2tRsMl4eGxwoNabM08Dm4I"", ""monthly_listeners"": ""4222819"", ""monthly_listeners_display"": ""4,222,819"", ""is_approx"": ""false"", ""fetch_error"": """"}]","[{""artist_id"": ""2tRsMl4eGxwoNabM08Dm4I"", ""artist_name"": ""Judas Priest"", ""artist_uri"": ""spotify:artist:2tRsMl4eGxwoNabM08Dm4I"", ""artist_url"": ""https://open.spotify.com/artist/2tRsMl4eGxwoNabM08Dm4I"", ""artist_type"": ""artist"", ""artist_genres"": """", ""artist_spotify_api_popularity"": """", ""artist_followers_total"": """", ""artist_image_url"": ""https://i.scdn.co/image/ab6761610000e5eb4b3cfc24737acb15e73e8bd6"", ""artist_lookup_error"": """", ""artist_monthly_listeners"": ""4222819"", ""artist_monthly_listeners_display"": ""4,222,819"", ""artist_monthly_listeners_is_approx"": ""false"", ""artist_monthly_listeners_source"": ""Spotify public artist page"", ""artist_monthly_listeners_fetch_error"": """"}]",0,,"{""spotify"": ""https://open.spotify.com/track/1Fr7OlVZrc3mDvru8j2cFi""}",{}
week5_17august,2026-08-17T07:40:10+00:00,Spotify,Aysima Karçaaltıncaba,aaaaysimaaaa,Week5_User4,Week5_User4,5pbv54H3Vj9hg2DC710XyK,spotify:playlist:5pbv54H3Vj9hg2DC710XyK,https://open.spotify.com/playlist/5pbv54H3Vj9hg2DC710XyK,,aaaaysimaaaa,Aysima Karçaaltıncaba,True,False,0,AAAAA/XELajkgL8kWBy4w7HYIbmTzDgq,,4,2026-08-17T07:13:29Z,aaaaysimaaaa,primary_artist_monthly_listeners,108314,"108,314",Spotify public artist page,false,,4Mtj8Pf6GBFctUuG8mP9fO,spotify:track:4Mtj8Pf6GBFctUuG8mP9fO,https://open.spotify.com/track/4Mtj8Pf6GBFctUuG8mP9fO,Mercenary Man,track,3,1,208586,208.586,False,False,True,,https://api.spotify.com/v1/tracks/4Mtj8Pf6GBFctUuG8mP9fO,https://api.spotify.com/v1/tracks/4Mtj8Pf6GBFctUuG8mP9fO,,,US4E40844803,,,1yjOwnIzzjmQDMPu8mHinj,spotify:album:1yjOwnIzzjmQDMPu8mHinj,https://open.spotify.com/album/1yjOwnIzzjmQDMPu8mHinj,The Premonition,album,,10,2008-07-13,day,,P: (P) 2008 Century Media Records Ltd.,,https://i.scdn.co/image/ab67616d0000b273115870a1892f8f8a1cfae7eb,,70I9vE7YTwKmelfEplXc5r,Firewind,spotify:artist:70I9vE7YTwKmelfEplXc5r,https://open.spotify.com/artist/70I9vE7YTwKmelfEplXc5r,,,,108314,"108,314",false,Spotify public artist page,,https://i.scdn.co/image/ab6761610000e5eb65dfd5aaf0e94b6c190d63b4,,70I9vE7YTwKmelfEplXc5r,Firewind,https://open.spotify.com/artist/70I9vE7YTwKmelfEplXc5r,"[{""artist_id"": ""70I9vE7YTwKmelfEplXc5r"", ""artist_name"": ""Firewind"", ""artist_url"": ""https://open.spotify.com/artist/70I9vE7YTwKmelfEplXc5r"", ""monthly_listeners"": ""108314"", ""monthly_listeners_display"": ""108,314"", ""is_approx"": ""false"", ""fetch_error"": """"}]","[{""artist_id"": ""70I9vE7YTwKmelfEplXc5r"", ""artist_name"": ""Firewind"", ""artist_uri"": ""spotify:artist:70I9vE7YTwKmelfEplXc5r"", ""artist_url"": ""https://open.spotify.com/artist/70I9vE7YTwKmelfEplXc5r"", ""artist_type"": ""artist"", ""artist_genres"": """", ""artist_spotify_api_popularity"": """", ""artist_followers_total"": """", ""artist_image_url"": ""https://i.scdn.co/image/ab6761610000e5eb65dfd5aaf0e94b6c190d63b4"", ""artist_lookup_error"": """", ""artist_monthly_listeners"": ""108314"", ""artist_monthly_listeners_display"": ""108,314"", ""artist_monthly_listeners_is_approx"": ""false"", ""artist_monthly_listeners_source"": ""Spotify public artist page"", ""artist_monthly_listeners_fetch_error"": """"}]",0,,"{""spotify"": ""https://open.spotify.com/track/4Mtj8Pf6GBFctUuG8mP9fO""}",{}
week5_17august,2026-08-17T07:40:10+00:00,Spotify,Aysima Karçaaltıncaba,aaaaysimaaaa,Week5_User4,Week5_User4,5pbv54H3Vj9hg2DC710XyK,spotify:playlist:5pbv54H3Vj9hg2DC710XyK,https://open.spotify.com/playlist/5pbv54H3Vj9hg2DC710XyK,,aaaaysimaaaa,Aysima Karçaaltıncaba,True,False,0,AAAAA/XELajkgL8kWBy4w7HYIbmTzDgq,,5,2026-08-17T07:13:29Z,aaaaysimaaaa,primary_artist_monthly_listeners,426671,"426,671",Spotify public artist page,false,,3SgshUlk02dwRHeLm0ztOi,spotify:track:3SgshUlk02dwRHeLm0ztOi,https://open.spotify.com/track/3SgshUlk02dwRHeLm0ztOi,Rising Force,track,1,1,264066,264.066,False,False,True,,https://api.spotify.com/v1/tracks/3SgshUlk02dwRHeLm0ztOi,https://api.spotify.com/v1/tracks/3SgshUlk02dwRHeLm0ztOi,,,USF068825490,,,2Bgu9FC19pRP8O6ZY4QIWs,spotify:album:2Bgu9FC19pRP8O6ZY4QIWs,https://open.spotify.com/album/2Bgu9FC19pRP8O6ZY4QIWs,Odyssey,album,,12,1988-01-01,day,,"C: © 1988 Universal Records, a Division of UMG Recordings, Inc.; P: ℗ 1988 Universal Records, a Division of UMG Recordings, Inc.",,https://i.scdn.co/image/ab67616d0000b273fca6a26d626b192b9ffe4ae5,,5DpSoH5zCXNRqYai7pmcGG,Yngwie Malmsteen,spotify:artist:5DpSoH5zCXNRqYai7pmcGG,https://open.spotify.com/artist/5DpSoH5zCXNRqYai7pmcGG,,,,426671,"426,671",false,Spotify public artist page,,https://i.scdn.co/image/ab6761610000e5ebd7a9434c9b22083362ce43e6,,5DpSoH5zCXNRqYai7pmcGG,Yngwie Malmsteen,https://open.spotify.com/artist/5DpSoH5zCXNRqYai7pmcGG,"[{""artist_id"": ""5DpSoH5zCXNRqYai7pmcGG"", ""artist_name"": ""Yngwie Malmsteen"", ""artist_url"": ""https://open.spotify.com/artist/5DpSoH5zCXNRqYai7pmcGG"", ""monthly_listeners"": ""426671"", ""monthly_listeners_display"": ""426,671"", ""is_approx"": ""false"", ""fetch_error"": """"}]","[{""artist_id"": ""5DpSoH5zCXNRqYai7pmcGG"", ""artist_name"": ""Yngwie Malmsteen"", ""artist_uri"": ""spotify:artist:5DpSoH5zCXNRqYai7pmcGG"", ""artist_url"": ""https://open.spotify.com/artist/5DpSoH5zCXNRqYai7pmcGG"", ""artist_type"": ""artist"", ""artist_genres"": """", ""artist_spotify_api_popularity"": """", ""artist_followers_total"": """", ""artist_image_url"": ""https://i.scdn.co/image/ab6761610000e5ebd7a9434c9b22083362ce43e6"", ""artist_lookup_error"": """", ""artist_monthly_listeners"": ""426671"", ""artist_monthly_listeners_display"": ""426,671"", ""artist_monthly_listeners_is_approx"": ""false"", ""artist_monthly_listeners_source"": ""Spotify public artist page"", ""artist_monthly_listeners_fetch_error"": """"}]",0,,"{""spotify"": ""https://open.spotify.com/track/3SgshUlk02dwRHeLm0ztOi""}",{}
week5_17august,2026-08-17T07:40:10+00:00,Spotify,Aysima Karçaaltıncaba,aaaaysimaaaa,Week5_User4,Week5_User4,5pbv54H3Vj9hg2DC710XyK,spotify:playlist:5pbv54H3Vj9hg2DC710XyK,https://open.spotify.com/playlist/5pbv54H3Vj9hg2DC710XyK,,aaaaysimaaaa,Aysima Karçaaltıncaba,True,False,0,AAAAA/XELajkgL8kWBy4w7HYIbmTzDgq,,6,2026-08-17T07:13:29Z,aaaaysimaaaa,primary_artist_monthly_listeners,107405,"107,405",Spotify public artist page,false,,3m7rOz2R0CTanwRIcBtndb,spotify:track:3m7rOz2R0CTanwRIcBtndb,https://open.spotify.com/track/3m7rOz2R0CTanwRIcBtndb,Conquistadores - 2017 Remaster,track,7,1,289173,289.173,False,False,True,,https://api.spotify.com/v1/tracks/3m7rOz2R0CTanwRIcBtndb,https://api.spotify.com/v1/tracks/3m7rOz2R0CTanwRIcBtndb,,,GB5KW1701817,,,10dgMHUxjgLKR5FO0BHDXS,spotify:album:10dgMHUxjgLKR5FO0BHDXS,https://open.spotify.com/album/10dgMHUxjgLKR5FO0BHDXS,Port Royal (Expanded Version; 2017 Remaster),album,,14,2017-08-11,day,,"C: © 2017 Sanctuary Records Group Ltd., a BMG Company; P: ℗ 2017 Sanctuary Records Group Ltd., a BMG Company",,https://i.scdn.co/image/ab67616d0000b27363ed79bb631289f7d4cb3444,,7954VFaZClkL503srfV5PE,Running Wild,spotify:artist:7954VFaZClkL503srfV5PE,https://open.spotify.com/artist/7954VFaZClkL503srfV5PE,,,,107405,"107,405",false,Spotify public artist page,,https://i.scdn.co/image/ffc7d8dd0a29d7ca6f0840f2c2d9050f5a60d97d,,7954VFaZClkL503srfV5PE,Running Wild,https://open.spotify.com/artist/7954VFaZClkL503srfV5PE,"[{""artist_id"": ""7954VFaZClkL503srfV5PE"", ""artist_name"": ""Running Wild"", ""artist_url"": ""https://open.spotify.com/artist/7954VFaZClkL503srfV5PE"", ""monthly_listeners"": ""107405"", ""monthly_listeners_display"": ""107,405"", ""is_approx"": ""false"", ""fetch_error"": """"}]","[{""artist_id"": ""7954VFaZClkL503srfV5PE"", ""artist_name"": ""Running Wild"", ""artist_uri"": ""spotify:artist:7954VFaZClkL503srfV5PE"", ""artist_url"": ""https://open.spotify.com/artist/7954VFaZClkL503srfV5PE"", ""artist_type"": ""artist"", ""artist_genres"": """", ""artist_spotify_api_popularity"": """", ""artist_followers_total"": """", ""artist_image_url"": ""https://i.scdn.co/image/ffc7d8dd0a29d7ca6f0840f2c2d9050f5a60d97d"", ""artist_lookup_error"": """", ""artist_monthly_listeners"": ""107405"", ""artist_monthly_listeners_display"": ""107,405"", ""artist_monthly_listeners_is_approx"": ""false"", ""artist_monthly_listeners_source"": ""Spotify public artist page"", ""artist_monthly_listeners_fetch_error"": """"}]",0,,"{""spotify"": ""https://open.spotify.com/track/3m7rOz2R0CTanwRIcBtndb""}",{}
week5_17august,2026-08-17T07:40:10+00:00,Spotify,Aysima Karçaaltıncaba,aaaaysimaaaa,Week5_User4,Week5_User4,5pbv54H3Vj9hg2DC710XyK,spotify:playlist:5pbv54H3Vj9hg2DC710XyK,https://open.spotify.com/playlist/5pbv54H3Vj9hg2DC710XyK,,aaaaysimaaaa,Aysima Karçaaltıncaba,True,False,0,AAAAA/XELajkgL8kWBy4w7HYIbmTzDgq,,7,2026-08-17T07:13:29Z,aaaaysimaaaa,primary_artist_monthly_listeners,314104,"314,104",Spotify public artist page,false,,6EMTWm0HgzsvJiQQOqObEQ,spotify:track:6EMTWm0HgzsvJiQQOqObEQ,https://open.spotify.com/track/6EMTWm0HgzsvJiQQOqObEQ,Vain Glory Opera,track,6,1,370186,370.186,False,False,True,,https://api.spotify.com/v1/tracks/6EMTWm0HgzsvJiQQOqObEQ,https://api.spotify.com/v1/tracks/6EMTWm0HgzsvJiQQOqObEQ,,,DEZ900500571,,,2T9uuvdso9EyHnHG0r3l4Z,spotify:album:2T9uuvdso9EyHnHG0r3l4Z,https://open.spotify.com/album/2T9uuvdso9EyHnHG0r3l4Z,Vain Glory Opera,album,,11,1998-01-19,day,,C: AFM Records; P: AFM Records,,https://i.scdn.co/image/ab67616d0000b273661fa273ca23e7b9859a03c7,,3AGFqPP3gt5rMSvhR87Xxu,Edguy,spotify:artist:3AGFqPP3gt5rMSvhR87Xxu,https://open.spotify.com/artist/3AGFqPP3gt5rMSvhR87Xxu,,,,314104,"314,104",false,Spotify public artist page,,https://i.scdn.co/image/ab6772690000c46cec078670d746fddbe7674e78,,3AGFqPP3gt5rMSvhR87Xxu,Edguy,https://open.spotify.com/artist/3AGFqPP3gt5rMSvhR87Xxu,"[{""artist_id"": ""3AGFqPP3gt5rMSvhR87Xxu"", ""artist_name"": ""Edguy"", ""artist_url"": ""https://open.spotify.com/artist/3AGFqPP3gt5rMSvhR87Xxu"", ""monthly_listeners"": ""314104"", ""monthly_listeners_display"": ""314,104"", ""is_approx"": ""false"", ""fetch_error"": """"}]","[{""artist_id"": ""3AGFqPP3gt5rMSvhR87Xxu"", ""artist_name"": ""Edguy"", ""artist_uri"": ""spotify:artist:3AGFqPP3gt5rMSvhR87Xxu"", ""artist_url"": ""https://open.spotify.com/artist/3AGFqPP3gt5rMSvhR87Xxu"", ""artist_type"": ""artist"", ""artist_genres"": """", ""artist_spotify_api_popularity"": """", ""artist_followers_total"": """", ""artist_image_url"": ""https://i.scdn.co/image/ab6772690000c46cec078670d746fddbe7674e78"", ""artist_lookup_error"": """", ""artist_monthly_listeners"": ""314104"", ""artist_monthly_listeners_display"": ""314,104"", ""artist_monthly_listeners_is_approx"": ""false"", ""artist_monthly_listeners_source"": ""Spotify public artist page"", ""artist_monthly_listeners_fetch_error"": """"}]",0,,"{""spotify"": ""https://open.spotify.com/track/6EMTWm0HgzsvJiQQOqObEQ""}",{}
week5_17august,2026-08-17T07:40:10+00:00,Spotify,Aysima Karçaaltıncaba,aaaaysimaaaa,Week5_User4,Week5_User4,5pbv54H3Vj9hg2DC710XyK,spotify:playlist:5pbv54H3Vj9hg2DC710XyK,https://open.spotify.com/playlist/5pbv54H3Vj9hg2DC710XyK,,aaaaysimaaaa,Aysima Karçaaltıncaba,True,False,0,AAAAA/XELajkgL8kWBy4w7HYIbmTzDgq,,8,2026-08-17T07:13:29Z,aaaaysimaaaa,primary_artist_monthly_listeners,16586,"16,586",Spotify public artist page,false,,73k60UciuH1K0HusB2ixSQ,spotify:track:73k60UciuH1K0HusB2ixSQ,https://open.spotify.com/track/73k60UciuH1K0HusB2ixSQ,The Wingman,track,1,1,237773,237.773,False,False,True,,https://api.spotify.com/v1/tracks/73k60UciuH1K0HusB2ixSQ,https://api.spotify.com/v1/tracks/73k60UciuH1K0HusB2ixSQ,,,DET270709801,,,2B47M3ekeNDYSw0lU3Ejfc,spotify:album:2B47M3ekeNDYSw0lU3Ejfc,https://open.spotify.com/album/2B47M3ekeNDYSw0lU3Ejfc,Waterlines,album,,11,2007,year,,C: (C) 2007 Limb Music,,https://i.scdn.co/image/ab67616d0000b27332e9e4c8a3cd91dc486fa465,,72AisxxoPQu3Q0K5UgvQew,Excalion,spotify:artist:72AisxxoPQu3Q0K5UgvQew,https://open.spotify.com/artist/72AisxxoPQu3Q0K5UgvQew,,,,16586,"16,586",false,Spotify public artist page,,https://i.scdn.co/image/ab6761610000e5eb3e77c1be159b45fc7aed9a32,,72AisxxoPQu3Q0K5UgvQew,Excalion,https://open.spotify.com/artist/72AisxxoPQu3Q0K5UgvQew,"[{""artist_id"": ""72AisxxoPQu3Q0K5UgvQew"", ""artist_name"": ""Excalion"", ""artist_url"": ""https://open.spotify.com/artist/72AisxxoPQu3Q0K5UgvQew"", ""monthly_listeners"": ""16586"", ""monthly_listeners_display"": ""16,586"", ""is_approx"": ""false"", ""fetch_error"": """"}]","[{""artist_id"": ""72AisxxoPQu3Q0K5UgvQew"", ""artist_name"": ""Excalion"", ""artist_uri"": ""spotify:artist:72AisxxoPQu3Q0K5UgvQew"", ""artist_url"": ""https://open.spotify.com/artist/72AisxxoPQu3Q0K5UgvQew"", ""artist_type"": ""artist"", ""artist_genres"": """", ""artist_spotify_api_popularity"": """", ""artist_followers_total"": """", ""artist_image_url"": ""https://i.scdn.co/image/ab6761610000e5eb3e77c1be159b45fc7aed9a32"", ""artist_lookup_error"": """", ""artist_monthly_listeners"": ""16586"", ""artist_monthly_listeners_display"": ""16,586"", ""artist_monthly_listeners_is_approx"": ""false"", ""artist_monthly_listeners_source"": ""Spotify public artist page"", ""artist_monthly_listeners_fetch_error"": """"}]",0,,"{""spotify"": ""https://open.spotify.com/track/73k60UciuH1K0HusB2ixSQ""}",{}
week5_17august,2026-08-17T07:40:10+00:00,Spotify,Aysima Karçaaltıncaba,aaaaysimaaaa,Week5_User4,Week5_User4,5pbv54H3Vj9hg2DC710XyK,spotify:playlist:5pbv54H3Vj9hg2DC710XyK,https://open.spotify.com/playlist/5pbv54H3Vj9hg2DC710XyK,,aaaaysimaaaa,Aysima Karçaaltıncaba,True,False,0,AAAAA/XELajkgL8kWBy4w7HYIbmTzDgq,,9,2026-08-17T07:13:29Z,aaaaysimaaaa,primary_artist_monthly_listeners,60076,"60,076",Spotify public artist page,false,,54pFmRnoVoKuHf1i36ZORF,spotify:track:54pFmRnoVoKuHf1i36ZORF,https://open.spotify.com/track/54pFmRnoVoKuHf1i36ZORF,Blood on My Hands - Remaster 2019,track,5,1,284866,284.866,False,False,True,,https://api.spotify.com/v1/tracks/54pFmRnoVoKuHf1i36ZORF,https://api.spotify.com/v1/tracks/54pFmRnoVoKuHf1i36ZORF,,,GBDHC1908005,,,6ee1ODEQBi5qbxs8knwoQL,spotify:album:6ee1ODEQBi5qbxs8knwoQL,https://open.spotify.com/album/6ee1ODEQBi5qbxs8knwoQL,Demons & Wizards (Remasters 2019),album,,12,2019-03-29,day,,P: (P) 2019 Century Media Records Ltd. under exclusive license from Demons & Wizards,,https://i.scdn.co/image/ab67616d0000b2732dfcaef0db0ad36a5aa90fbc,,4O6RDLeFX5xuQ7IePFzVcl,Demons & Wizards,spotify:artist:4O6RDLeFX5xuQ7IePFzVcl,https://open.spotify.com/artist/4O6RDLeFX5xuQ7IePFzVcl,,,,60076,"60,076",false,Spotify public artist page,,https://i.scdn.co/image/ab6761610000e5ebbc220b198ebd4f26e9b6a601,,4O6RDLeFX5xuQ7IePFzVcl,Demons & Wizards,https://open.spotify.com/artist/4O6RDLeFX5xuQ7IePFzVcl,"[{""artist_id"": ""4O6RDLeFX5xuQ7IePFzVcl"", ""artist_name"": ""Demons & Wizards"", ""artist_url"": ""https://open.spotify.com/artist/4O6RDLeFX5xuQ7IePFzVcl"", ""monthly_listeners"": ""60076"", ""monthly_listeners_display"": ""60,076"", ""is_approx"": ""false"", ""fetch_error"": """"}]","[{""artist_id"": ""4O6RDLeFX5xuQ7IePFzVcl"", ""artist_name"": ""Demons & Wizards"", ""artist_uri"": ""spotify:artist:4O6RDLeFX5xuQ7IePFzVcl"", ""artist_url"": ""https://open.spotify.com/artist/4O6RDLeFX5xuQ7IePFzVcl"", ""artist_type"": ""artist"", ""artist_genres"": """", ""artist_spotify_api_popularity"": """", ""artist_followers_total"": """", ""artist_image_url"": ""https://i.scdn.co/image/ab6761610000e5ebbc220b198ebd4f26e9b6a601"", ""artist_lookup_error"": """", ""artist_monthly_listeners"": ""60076"", ""artist_monthly_listeners_display"": ""60,076"", ""artist_monthly_listeners_is_approx"": ""false"", ""artist_monthly_listeners_source"": ""Spotify public artist page"", ""artist_monthly_listeners_fetch_error"": """"}]",0,,"{""spotify"": ""https://open.spotify.com/track/54pFmRnoVoKuHf1i36ZORF""}",{}
week5_17august,2026-08-17T07:40:10+00:00,Spotify,Aysima Karçaaltıncaba,aaaaysimaaaa,Week5_User4,Week5_User4,5pbv54H3Vj9hg2DC710XyK,spotify:playlist:5pbv54H3Vj9hg2DC710XyK,https://open.spotify.com/playlist/5pbv54H3Vj9hg2DC710XyK,,aaaaysimaaaa,Aysima Karçaaltıncaba,True,False,0,AAAAA/XELajkgL8kWBy4w7HYIbmTzDgq,,10,2026-08-17T07:13:29Z,aaaaysimaaaa,primary_artist_monthly_listeners,14053,"14,053",Spotify public artist page,false,,4t9ax3CjKoJUCn4mO6QS9d,spotify:track:4t9ax3CjKoJUCn4mO6QS9d,https://open.spotify.com/track/4t9ax3CjKoJUCn4mO6QS9d,Full Throttle,track,2,1,230964,230.964,False,False,True,,https://api.spotify.com/v1/tracks/4t9ax3CjKoJUCn4mO6QS9d,https://api.spotify.com/v1/tracks/4t9ax3CjKoJUCn4mO6QS9d,,,DEU601606525,,,6NTy6aMObIjW1FRLc36jZU,spotify:album:6NTy6aMObIjW1FRLc36jZU,https://open.spotify.com/album/6NTy6aMObIjW1FRLc36jZU,Burn up the Night,album,,8,2016-09-23,day,,C: 2016 AFM Records; P: 2016 AFM Records,,https://i.scdn.co/image/ab67616d0000b273e172371c64895da14e51ec64,,0SmK0Nh1fuDYGSGWDI3eVh,Kryptos,spotify:artist:0SmK0Nh1fuDYGSGWDI3eVh,https://open.spotify.com/artist/0SmK0Nh1fuDYGSGWDI3eVh,,,,14053,"14,053",false,Spotify public artist page,,https://i.scdn.co/image/ab6761610000e5ebca00a79ff51150dac65c4aa1,,0SmK0Nh1fuDYGSGWDI3eVh,Kryptos,https://open.spotify.com/artist/0SmK0Nh1fuDYGSGWDI3eVh,"[{""artist_id"": ""0SmK0Nh1fuDYGSGWDI3eVh"", ""artist_name"": ""Kryptos"", ""artist_url"": ""https://open.spotify.com/artist/0SmK0Nh1fuDYGSGWDI3eVh"", ""monthly_listeners"": ""14053"", ""monthly_listeners_display"": ""14,053"", ""is_approx"": ""false"", ""fetch_error"": """"}]","[{""artist_id"": ""0SmK0Nh1fuDYGSGWDI3eVh"", ""artist_name"": ""Kryptos"", ""artist_uri"": ""spotify:artist:0SmK0Nh1fuDYGSGWDI3eVh"", ""artist_url"": ""https://open.spotify.com/artist/0SmK0Nh1fuDYGSGWDI3eVh"", ""artist_type"": ""artist"", ""artist_genres"": """", ""artist_spotify_api_popularity"": """", ""artist_followers_total"": """", ""artist_image_url"": ""https://i.scdn.co/image/ab6761610000e5ebca00a79ff51150dac65c4aa1"", ""artist_lookup_error"": """", ""artist_monthly_listeners"": ""14053"", ""artist_monthly_listeners_display"": ""14,053"", ""artist_monthly_listeners_is_approx"": ""false"", ""artist_monthly_listeners_source"": ""Spotify public artist page"", ""artist_monthly_listeners_fetch_error"": """"}]",0,,"{""spotify"": ""https://open.spotify.com/track/4t9ax3CjKoJUCn4mO6QS9d""}",{}
week5_17august,2026-08-17T07:40:10+00:00,Spotify,Aysima Karçaaltıncaba,aaaaysimaaaa,Week5_User4,Week5_User4,5pbv54H3Vj9hg2DC710XyK,spotify:playlist:5pbv54H3Vj9hg2DC710XyK,https://open.spotify.com/playlist/5pbv54H3Vj9hg2DC710XyK,,aaaaysimaaaa,Aysima Karçaaltıncaba,True,False,0,AAAAA/XELajkgL8kWBy4w7HYIbmTzDgq,,11,2026-08-17T07:13:29Z,aaaaysimaaaa,primary_artist_monthly_listeners,194015,"194,015",Spotify public artist page,false,,0yyD9NWnZoRestLJVBtFGE,spotify:track:0yyD9NWnZoRestLJVBtFGE,https://open.spotify.com/track/0yyD9NWnZoRestLJVBtFGE,Andromeda,track,3,1,244093,244.093,False,False,True,,https://api.spotify.com/v1/tracks/0yyD9NWnZoRestLJVBtFGE,https://api.spotify.com/v1/tracks/0yyD9NWnZoRestLJVBtFGE,,,USMBR2014341,,,3Slb2LnbJfdXZPqPCNz6lz,spotify:album:3Slb2LnbJfdXZPqPCNz6lz,https://open.spotify.com/album/3Slb2LnbJfdXZPqPCNz6lz,Thalassic,album,,9,2020-07-10,day,,"C: (C) 2020 Metal Blade Records, Inc.; P: (P) 2020 Metal Blade Records, Inc.",,https://i.scdn.co/image/ab67616d0000b2733d516d3951879a6f05f748e2,,0krXCIkthz13P8o0v2tksH,Ensiferum,spotify:artist:0krXCIkthz13P8o0v2tksH,https://open.spotify.com/artist/0krXCIkthz13P8o0v2tksH,,,,194015,"194,015",false,Spotify public artist page,,https://i.scdn.co/image/ab6761610000e5eb0a5ef9d5834390b5ebdee107,,0krXCIkthz13P8o0v2tksH,Ensiferum,https://open.spotify.com/artist/0krXCIkthz13P8o0v2tksH,"[{""artist_id"": ""0krXCIkthz13P8o0v2tksH"", ""artist_name"": ""Ensiferum"", ""artist_url"": ""https://open.spotify.com/artist/0krXCIkthz13P8o0v2tksH"", ""monthly_listeners"": ""194015"", ""monthly_listeners_display"": ""194,015"", ""is_approx"": ""false"", ""fetch_error"": """"}]","[{""artist_id"": ""0krXCIkthz13P8o0v2tksH"", ""artist_name"": ""Ensiferum"", ""artist_uri"": ""spotify:artist:0krXCIkthz13P8o0v2tksH"", ""artist_url"": ""https://open.spotify.com/artist/0krXCIkthz13P8o0v2tksH"", ""artist_type"": ""artist"", ""artist_genres"": """", ""artist_spotify_api_popularity"": """", ""artist_followers_total"": """", ""artist_image_url"": ""https://i.scdn.co/image/ab6761610000e5eb0a5ef9d5834390b5ebdee107"", ""artist_lookup_error"": """", ""artist_monthly_listeners"": ""194015"", ""artist_monthly_listeners_display"": ""194,015"", ""artist_monthly_listeners_is_approx"": ""false"", ""artist_monthly_listeners_source"": ""Spotify public artist page"", ""artist_monthly_listeners_fetch_error"": """"}]",0,,"{""spotify"": ""https://open.spotify.com/track/0yyD9NWnZoRestLJVBtFGE""}",{}
week5_17august,2026-08-17T07:40:10+00:00,Spotify,Aysima Karçaaltıncaba,aaaaysimaaaa,Week5_User4,Week5_User4,5pbv54H3Vj9hg2DC710XyK,spotify:playlist:5pbv54H3Vj9hg2DC710XyK,https://open.spotify.com/playlist/5pbv54H3Vj9hg2DC710XyK,,aaaaysimaaaa,Aysima Karçaaltıncaba,True,False,0,AAAAA/XELajkgL8kWBy4w7HYIbmTzDgq,,12,2026-08-17T07:13:29Z,aaaaysimaaaa,primary_artist_monthly_listeners,1249585,"1,249,585",Spotify public artist page,false,,4rW7HpxbunvRKn4rql3Kni,spotify:track:4rW7HpxbunvRKn4rql3Kni,https://open.spotify.com/track/4rW7HpxbunvRKn4rql3Kni,Zodd The Immortal,track,5,1,214833,214.833,False,False,True,,https://api.spotify.com/v1/tracks/4rW7HpxbunvRKn4rql3Kni,https://api.spotify.com/v1/tracks/4rW7HpxbunvRKn4rql3Kni,,,DED831701296,,,499iZ0iesrciB5jO9jSOWx,spotify:album:499iZ0iesrciB5jO9jSOWx,https://open.spotify.com/album/499iZ0iesrciB5jO9jSOWx,Berserker,album,,12,2017-11-03,day,,C: 2017 Nuclear Blast; P: 2017 Nuclear Blast,,https://i.scdn.co/image/ab67616d0000b273eae389f411e0a8d740d03561,,0rEuaTPLMhlViNCJrg3NEH,Beast In Black,spotify:artist:0rEuaTPLMhlViNCJrg3NEH,https://open.spotify.com/artist/0rEuaTPLMhlViNCJrg3NEH,,,,1249585,"1,249,585",false,Spotify public artist page,,https://i.scdn.co/image/ab6761610000e5eb1664e277c53965cf8e474889,,0rEuaTPLMhlViNCJrg3NEH,Beast In Black,https://open.spotify.com/artist/0rEuaTPLMhlViNCJrg3NEH,"[{""artist_id"": ""0rEuaTPLMhlViNCJrg3NEH"", ""artist_name"": ""Beast In Black"", ""artist_url"": ""https://open.spotify.com/artist/0rEuaTPLMhlViNCJrg3NEH"", ""monthly_listeners"": ""1249585"", ""monthly_listeners_display"": ""1,249,585"", ""is_approx"": ""false"", ""fetch_error"": """"}]","[{""artist_id"": ""0rEuaTPLMhlViNCJrg3NEH"", ""artist_name"": ""Beast In Black"", ""artist_uri"": ""spotify:artist:0rEuaTPLMhlViNCJrg3NEH"", ""artist_url"": ""https://open.spotify.com/artist/0rEuaTPLMhlViNCJrg3NEH"", ""artist_type"": ""artist"", ""artist_genres"": """", ""artist_spotify_api_popularity"": """", ""artist_followers_total"": """", ""artist_image_url"": ""https://i.scdn.co/image/ab6761610000e5eb1664e277c53965cf8e474889"", ""artist_lookup_error"": """", ""artist_monthly_listeners"": ""1249585"", ""artist_monthly_listeners_display"": ""1,249,585"", ""artist_monthly_listeners_is_approx"": ""false"", ""artist_monthly_listeners_source"": ""Spotify public artist page"", ""artist_monthly_listeners_fetch_error"": """"}]",0,,"{""spotify"": ""https://open.spotify.com/track/4rW7HpxbunvRKn4rql3Kni""}",{}
week5_17august,2026-08-17T07:40:10+00:00,Spotify,Aysima Karçaaltıncaba,aaaaysimaaaa,Week5_User4,Week5_User4,5pbv54H3Vj9hg2DC710XyK,spotify:playlist:5pbv54H3Vj9hg2DC710XyK,https://open.spotify.com/playlist/5pbv54H3Vj9hg2DC710XyK,,aaaaysimaaaa,Aysima Karçaaltıncaba,True,False,0,AAAAA/XELajkgL8kWBy4w7HYIbmTzDgq,,13,2026-08-17T07:13:29Z,aaaaysimaaaa,primary_artist_monthly_listeners,464192,"464,192",Spotify public artist page,false,,2zzcdociKJgE51NaxgalV2,spotify:track:2zzcdociKJgE51NaxgalV2,https://open.spotify.com/track/2zzcdociKJgE51NaxgalV2,8th Commandment,track,3,1,221933,221.933,False,False,True,,https://api.spotify.com/v1/tracks/2zzcdociKJgE51NaxgalV2,https://api.spotify.com/v1/tracks/2zzcdociKJgE51NaxgalV2,,,FISFS9900084,,,3rM1PNwpD1hWbFTHVUoyuc,spotify:album:3rM1PNwpD1hWbFTHVUoyuc,https://open.spotify.com/album/3rM1PNwpD1hWbFTHVUoyuc,Ecliptica (International Version),album,,10,1999-01-01,day,,C: 1999 Spin-Farm Oy; P: 1999 Spin-Farm Oy,,https://i.scdn.co/image/ab67616d0000b273c579b15206ab88f6dcad44f6,,5YeoQ1L71cXDMpSpqxOjfH,Sonata Arctica,spotify:artist:5YeoQ1L71cXDMpSpqxOjfH,https://open.spotify.com/artist/5YeoQ1L71cXDMpSpqxOjfH,,,,464192,"464,192",false,Spotify public artist page,,https://i.scdn.co/image/ab6761610000e5eb3c36e8b69cb376bf869aedc2,,5YeoQ1L71cXDMpSpqxOjfH,Sonata Arctica,https://open.spotify.com/artist/5YeoQ1L71cXDMpSpqxOjfH,"[{""artist_id"": ""5YeoQ1L71cXDMpSpqxOjfH"", ""artist_name"": ""Sonata Arctica"", ""artist_url"": ""https://open.spotify.com/artist/5YeoQ1L71cXDMpSpqxOjfH"", ""monthly_listeners"": ""464192"", ""monthly_listeners_display"": ""464,192"", ""is_approx"": ""false"", ""fetch_error"": """"}]","[{""artist_id"": ""5YeoQ1L71cXDMpSpqxOjfH"", ""artist_name"": ""Sonata Arctica"", ""artist_uri"": ""spotify:artist:5YeoQ1L71cXDMpSpqxOjfH"", ""artist_url"": ""https://open.spotify.com/artist/5YeoQ1L71cXDMpSpqxOjfH"", ""artist_type"": ""artist"", ""artist_genres"": """", ""artist_spotify_api_popularity"": """", ""artist_followers_total"": """", ""artist_image_url"": ""https://i.scdn.co/image/ab6761610000e5eb3c36e8b69cb376bf869aedc2"", ""artist_lookup_error"": """", ""artist_monthly_listeners"": ""464192"", ""artist_monthly_listeners_display"": ""464,192"", ""artist_monthly_listeners_is_approx"": ""false"", ""artist_monthly_listeners_source"": ""Spotify public artist page"", ""artist_monthly_listeners_fetch_error"": """"}]",0,,"{""spotify"": ""https://open.spotify.com/track/2zzcdociKJgE51NaxgalV2""}",{}
week5_17august,2026-08-17T07:40:10+00:00,Spotify,Aysima Karçaaltıncaba,aaaaysimaaaa,Week5_User4,Week5_User4,5pbv54H3Vj9hg2DC710XyK,spotify:playlist:5pbv54H3Vj9hg2DC710XyK,https://open.spotify.com/playlist/5pbv54H3Vj9hg2DC710XyK,,aaaaysimaaaa,Aysima Karçaaltıncaba,True,False,0,AAAAA/XELajkgL8kWBy4w7HYIbmTzDgq,,14,2026-08-17T07:13:29Z,aaaaysimaaaa,primary_artist_monthly_listeners,471436,"471,436",Spotify public artist page,false,,4VtZFQxmbK85potLyPmJa1,spotify:track:4VtZFQxmbK85potLyPmJa1,https://open.spotify.com/track/4VtZFQxmbK85potLyPmJa1,Abduction,track,2,1,230666,230.666,False,False,True,,https://api.spotify.com/v1/tracks/4VtZFQxmbK85potLyPmJa1,https://api.spotify.com/v1/tracks/4VtZFQxmbK85potLyPmJa1,,,GBCUF0500079,,,3naMLlWCKTzfkc0nWiqNr3,spotify:album:3naMLlWCKTzfkc0nWiqNr3,https://open.spotify.com/album/3naMLlWCKTzfkc0nWiqNr3,Tyranny of Souls,album,,10,2005-05-23,day,,"C: 2005 Duellist Enterprises Ltd. under exclusive license to Sanctuary Records Group Ltd., a BMG Company; P: 2005 Duellist Enterprises Ltd. under exclusive license to Sanctuary Records Group Ltd., a BMG Company",,https://i.scdn.co/image/ab67616d0000b2739d773e317f313cb5b2027771,,7Iffw1nP3NjCWkRIx3Ily9,Bruce Dickinson,spotify:artist:7Iffw1nP3NjCWkRIx3Ily9,https://open.spotify.com/artist/7Iffw1nP3NjCWkRIx3Ily9,,,,471436,"471,436",false,Spotify public artist page,,https://i.scdn.co/image/ab6761610000e5ebd90e4a9038787929178b4815,,7Iffw1nP3NjCWkRIx3Ily9,Bruce Dickinson,https://open.spotify.com/artist/7Iffw1nP3NjCWkRIx3Ily9,"[{""artist_id"": ""7Iffw1nP3NjCWkRIx3Ily9"", ""artist_name"": ""Bruce Dickinson"", ""artist_url"": ""https://open.spotify.com/artist/7Iffw1nP3NjCWkRIx3Ily9"", ""monthly_listeners"": ""471436"", ""monthly_listeners_display"": ""471,436"", ""is_approx"": ""false"", ""fetch_error"": """"}]","[{""artist_id"": ""7Iffw1nP3NjCWkRIx3Ily9"", ""artist_name"": ""Bruce Dickinson"", ""artist_uri"": ""spotify:artist:7Iffw1nP3NjCWkRIx3Ily9"", ""artist_url"": ""https://open.spotify.com/artist/7Iffw1nP3NjCWkRIx3Ily9"", ""artist_type"": ""artist"", ""artist_genres"": """", ""artist_spotify_api_popularity"": """", ""artist_followers_total"": """", ""artist_image_url"": ""https://i.scdn.co/image/ab6761610000e5ebd90e4a9038787929178b4815"", ""artist_lookup_error"": """", ""artist_monthly_listeners"": ""471436"", ""artist_monthly_listeners_display"": ""471,436"", ""artist_monthly_listeners_is_approx"": ""false"", ""artist_monthly_listeners_source"": ""Spotify public artist page"", ""artist_monthly_listeners_fetch_error"": """"}]",0,,"{""spotify"": ""https://open.spotify.com/track/4VtZFQxmbK85potLyPmJa1""}",{}
week5_17august,2026-08-17T07:40:10+00:00,Spotify,Aysima Karçaaltıncaba,aaaaysimaaaa,Week5_User4,Week5_User4,5pbv54H3Vj9hg2DC710XyK,spotify:playlist:5pbv54H3Vj9hg2DC710XyK,https://open.spotify.com/playlist/5pbv54H3Vj9hg2DC710XyK,,aaaaysimaaaa,Aysima Karçaaltıncaba,True,False,0,AAAAA/XELajkgL8kWBy4w7HYIbmTzDgq,,15,2026-08-17T07:13:29Z,aaaaysimaaaa,primary_artist_monthly_listeners,268302,"268,302",Spotify public artist page,false,,72KaasbDSttz9SKfYBVrxb,spotify:track:72KaasbDSttz9SKfYBVrxb,https://open.spotify.com/track/72KaasbDSttz9SKfYBVrxb,The Bee,track,1,1,330557,330.557,False,False,True,,https://api.spotify.com/v1/tracks/72KaasbDSttz9SKfYBVrxb,https://api.spotify.com/v1/tracks/72KaasbDSttz9SKfYBVrxb,,,DED831800285,,,3lB84cPLKnojDBlvf9w6Qm,spotify:album:3lB84cPLKnojDBlvf9w6Qm,https://open.spotify.com/album/3lB84cPLKnojDBlvf9w6Qm,Queen of Time (Deluxe Edition),album,,12,2018-05-18,day,,C: (C) 2018 Reigning Phoenix Music; P: (P) 2018 Reigning Phoenix Music,,https://i.scdn.co/image/ab67616d0000b273692c76f7f27d94e860cc9614,,2UOVgpgiNTC6KK0vSC77aD,Amorphis,spotify:artist:2UOVgpgiNTC6KK0vSC77aD,https://open.spotify.com/artist/2UOVgpgiNTC6KK0vSC77aD,,,,268302,"268,302",false,Spotify public artist page,,https://i.scdn.co/image/ab6761610000e5eb1c268fd10eb0a74442dd947e,,2UOVgpgiNTC6KK0vSC77aD,Amorphis,https://open.spotify.com/artist/2UOVgpgiNTC6KK0vSC77aD,"[{""artist_id"": ""2UOVgpgiNTC6KK0vSC77aD"", ""artist_name"": ""Amorphis"", ""artist_url"": ""https://open.spotify.com/artist/2UOVgpgiNTC6KK0vSC77aD"", ""monthly_listeners"": ""268302"", ""monthly_listeners_display"": ""268,302"", ""is_approx"": ""false"", ""fetch_error"": """"}]","[{""artist_id"": ""2UOVgpgiNTC6KK0vSC77aD"", ""artist_name"": ""Amorphis"", ""artist_uri"": ""spotify:artist:2UOVgpgiNTC6KK0vSC77aD"", ""artist_url"": ""https://open.spotify.com/artist/2UOVgpgiNTC6KK0vSC77aD"", ""artist_type"": ""artist"", ""artist_genres"": """", ""artist_spotify_api_popularity"": """", ""artist_followers_total"": """", ""artist_image_url"": ""https://i.scdn.co/image/ab6761610000e5eb1c268fd10eb0a74442dd947e"", ""artist_lookup_error"": """", ""artist_monthly_listeners"": ""268302"", ""artist_monthly_listeners_display"": ""268,302"", ""artist_monthly_listeners_is_approx"": ""false"", ""artist_monthly_listeners_source"": ""Spotify public artist page"", ""artist_monthly_listeners_fetch_error"": """"}]",0,,"{""spotify"": ""https://open.spotify.com/track/72KaasbDSttz9SKfYBVrxb""}",{}
week5_17august,2026-08-17T07:40:10+00:00,Spotify,Aysima Karçaaltıncaba,aaaaysimaaaa,Week5_User4,Week5_User4,5pbv54H3Vj9hg2DC710XyK,spotify:playlist:5pbv54H3Vj9hg2DC710XyK,https://open.spotify.com/playlist/5pbv54H3Vj9hg2DC710XyK,,aaaaysimaaaa,Aysima Karçaaltıncaba,True,False,0,AAAAA/XELajkgL8kWBy4w7HYIbmTzDgq,,16,2026-08-17T07:13:29Z,aaaaysimaaaa,primary_artist_monthly_listeners,1210168,"1,210,168",Spotify public artist page,false,,19zT5M46RioXTv0PzU22Hb,spotify:track:19zT5M46RioXTv0PzU22Hb,https://open.spotify.com/track/19zT5M46RioXTv0PzU22Hb,The Way of Vikings,track,6,1,311320,311.320,False,False,True,,https://api.spotify.com/v1/tracks/19zT5M46RioXTv0PzU22Hb,https://api.spotify.com/v1/tracks/19zT5M46RioXTv0PzU22Hb,,,USMBR1611732,,,5LlHYLimFw8u8SPzbNAUhG,spotify:album:5LlHYLimFw8u8SPzbNAUhG,https://open.spotify.com/album/5LlHYLimFw8u8SPzbNAUhG,Jomsviking,album,,11,2016-03-25,day,,"C: (C) 2016 Metal Blade Records, Inc.; P: (P) 2016 Metal Blade Records, Inc.",,https://i.scdn.co/image/ab67616d0000b273b229100629ef1469cd8edb9c,,3pulcT2wt7FEG10lQlqDJL,Amon Amarth,spotify:artist:3pulcT2wt7FEG10lQlqDJL,https://open.spotify.com/artist/3pulcT2wt7FEG10lQlqDJL,,,,1210168,"1,210,168",false,Spotify public artist page,,https://i.scdn.co/image/ab6761610000e5ebe0ed6357e133abef229c44a3,,3pulcT2wt7FEG10lQlqDJL,Amon Amarth,https://open.spotify.com/artist/3pulcT2wt7FEG10lQlqDJL,"[{""artist_id"": ""3pulcT2wt7FEG10lQlqDJL"", ""artist_name"": ""Amon Amarth"", ""artist_url"": ""https://open.spotify.com/artist/3pulcT2wt7FEG10lQlqDJL"", ""monthly_listeners"": ""1210168"", ""monthly_listeners_display"": ""1,210,168"", ""is_approx"": ""false"", ""fetch_error"": """"}]","[{""artist_id"": ""3pulcT2wt7FEG10lQlqDJL"", ""artist_name"": ""Amon Amarth"", ""artist_uri"": ""spotify:artist:3pulcT2wt7FEG10lQlqDJL"", ""artist_url"": ""https://open.spotify.com/artist/3pulcT2wt7FEG10lQlqDJL"", ""artist_type"": ""artist"", ""artist_genres"": """", ""artist_spotify_api_popularity"": """", ""artist_followers_total"": """", ""artist_image_url"": ""https://i.scdn.co/image/ab6761610000e5ebe0ed6357e133abef229c44a3"", ""artist_lookup_error"": """", ""artist_monthly_listeners"": ""1210168"", ""artist_monthly_listeners_display"": ""1,210,168"", ""artist_monthly_listeners_is_approx"": ""false"", ""artist_monthly_listeners_source"": ""Spotify public artist page"", ""artist_monthly_listeners_fetch_error"": """"}]",0,,"{""spotify"": ""https://open.spotify.com/track/19zT5M46RioXTv0PzU22Hb""}",{}
week5_17august,2026-08-17T07:40:10+00:00,Spotify,Aysima Karçaaltıncaba,aaaaysimaaaa,Week5_User4,Week5_User4,5pbv54H3Vj9hg2DC710XyK,spotify:playlist:5pbv54H3Vj9hg2DC710XyK,https://open.spotify.com/playlist/5pbv54H3Vj9hg2DC710XyK,,aaaaysimaaaa,Aysima Karçaaltıncaba,True,False,0,AAAAA/XELajkgL8kWBy4w7HYIbmTzDgq,,17,2026-08-17T07:13:29Z,aaaaysimaaaa,primary_artist_monthly_listeners,179130,"179,130",Spotify public artist page,false,,41WYMfl4K0Ol7GH1wO4m9D,spotify:track:41WYMfl4K0Ol7GH1wO4m9D,https://open.spotify.com/track/41WYMfl4K0Ol7GH1wO4m9D,Heaven or Hell,track,4,1,256278,256.278,False,False,True,,https://api.spotify.com/v1/tracks/41WYMfl4K0Ol7GH1wO4m9D,https://api.spotify.com/v1/tracks/41WYMfl4K0Ol7GH1wO4m9D,,,GBAJE0100092,,,7ywbmNj3poSGGxLfG7S1hE,spotify:album:7ywbmNj3poSGGxLfG7S1hE,https://open.spotify.com/album/7ywbmNj3poSGGxLfG7S1hE,No World Order,album,,11,2001-09-10,day,,"C: 2001 Gamma Ray / earMUSIC, a label of Edel Music & Entertainment GmbH; P: 2022 earMUSIC, a label of Edel Music & Entertainment GmbH",,https://i.scdn.co/image/ab67616d0000b27364133a7ae5d24ed7e279a932,,6LZE884lDIsCSLHuTplfGp,Gamma Ray,spotify:artist:6LZE884lDIsCSLHuTplfGp,https://open.spotify.com/artist/6LZE884lDIsCSLHuTplfGp,,,,179130,"179,130",false,Spotify public artist page,,https://i.scdn.co/image/ab6772690000c46c1110b1a024312710e7c796c4,,6LZE884lDIsCSLHuTplfGp,Gamma Ray,https://open.spotify.com/artist/6LZE884lDIsCSLHuTplfGp,"[{""artist_id"": ""6LZE884lDIsCSLHuTplfGp"", ""artist_name"": ""Gamma Ray"", ""artist_url"": ""https://open.spotify.com/artist/6LZE884lDIsCSLHuTplfGp"", ""monthly_listeners"": ""179130"", ""monthly_listeners_display"": ""179,130"", ""is_approx"": ""false"", ""fetch_error"": """"}]","[{""artist_id"": ""6LZE884lDIsCSLHuTplfGp"", ""artist_name"": ""Gamma Ray"", ""artist_uri"": ""spotify:artist:6LZE884lDIsCSLHuTplfGp"", ""artist_url"": ""https://open.spotify.com/artist/6LZE884lDIsCSLHuTplfGp"", ""artist_type"": ""artist"", ""artist_genres"": """", ""artist_spotify_api_popularity"": """", ""artist_followers_total"": """", ""artist_image_url"": ""https://i.scdn.co/image/ab6772690000c46c1110b1a024312710e7c796c4"", ""artist_lookup_error"": """", ""artist_monthly_listeners"": ""179130"", ""artist_monthly_listeners_display"": ""179,130"", ""artist_monthly_listeners_is_approx"": ""false"", ""artist_monthly_listeners_source"": ""Spotify public artist page"", ""artist_monthly_listeners_fetch_error"": """"}]",0,,"{""spotify"": ""https://open.spotify.com/track/41WYMfl4K0Ol7GH1wO4m9D""}",{}
week5_17august,2026-08-17T07:40:10+00:00,Spotify,Aysima Karçaaltıncaba,aaaaysimaaaa,Week5_User4,Week5_User4,5pbv54H3Vj9hg2DC710XyK,spotify:playlist:5pbv54H3Vj9hg2DC710XyK,https://open.spotify.com/playlist/5pbv54H3Vj9hg2DC710XyK,,aaaaysimaaaa,Aysima Karçaaltıncaba,True,False,0,AAAAA/XELajkgL8kWBy4w7HYIbmTzDgq,,18,2026-08-17T07:13:29Z,aaaaysimaaaa,primary_artist_monthly_listeners,21267,"21,267",Spotify public artist page,false,,0B9rIMgBSvpN5kglmGNnbS,spotify:track:0B9rIMgBSvpN5kglmGNnbS,https://open.spotify.com/track/0B9rIMgBSvpN5kglmGNnbS,Time to Rise,track,5,1,231280,231.280,False,False,True,,https://api.spotify.com/v1/tracks/0B9rIMgBSvpN5kglmGNnbS,https://api.spotify.com/v1/tracks/0B9rIMgBSvpN5kglmGNnbS,,,DED831900287,,,5WgN3EoZSf12ZyYaFxzYSP,spotify:album:5WgN3EoZSf12ZyYaFxzYSP,https://open.spotify.com/album/5WgN3EoZSf12ZyYaFxzYSP,Welcome to Paradise,album,,13,2019-08-02,day,,C: 2019 Nuclear Blast; P: 2019 Nuclear Blast,,https://i.scdn.co/image/ab67616d0000b27321ebb75e78cb1e6f30794879,,0cxYOcvgOWW1MJEoWeuCvg,NorthTale,spotify:artist:0cxYOcvgOWW1MJEoWeuCvg,https://open.spotify.com/artist/0cxYOcvgOWW1MJEoWeuCvg,,,,21267,"21,267",false,Spotify public artist page,,https://i.scdn.co/image/ab6761610000e5eb6c949980fb3aab36f8347668,,0cxYOcvgOWW1MJEoWeuCvg,NorthTale,https://open.spotify.com/artist/0cxYOcvgOWW1MJEoWeuCvg,"[{""artist_id"": ""0cxYOcvgOWW1MJEoWeuCvg"", ""artist_name"": ""NorthTale"", ""artist_url"": ""https://open.spotify.com/artist/0cxYOcvgOWW1MJEoWeuCvg"", ""monthly_listeners"": ""21267"", ""monthly_listeners_display"": ""21,267"", ""is_approx"": ""false"", ""fetch_error"": """"}]","[{""artist_id"": ""0cxYOcvgOWW1MJEoWeuCvg"", ""artist_name"": ""NorthTale"", ""artist_uri"": ""spotify:artist:0cxYOcvgOWW1MJEoWeuCvg"", ""artist_url"": ""https://open.spotify.com/artist/0cxYOcvgOWW1MJEoWeuCvg"", ""artist_type"": ""artist"", ""artist_genres"": """", ""artist_spotify_api_popularity"": """", ""artist_followers_total"": """", ""artist_image_url"": ""https://i.scdn.co/image/ab6761610000e5eb6c949980fb3aab36f8347668"", ""artist_lookup_error"": """", ""artist_monthly_listeners"": ""21267"", ""artist_monthly_listeners_display"": ""21,267"", ""artist_monthly_listeners_is_approx"": ""false"", ""artist_monthly_listeners_source"": ""Spotify public artist page"", ""artist_monthly_listeners_fetch_error"": """"}]",0,,"{""spotify"": ""https://open.spotify.com/track/0B9rIMgBSvpN5kglmGNnbS""}",{}
week5_17august,2026-08-17T07:40:10+00:00,Spotify,Aysima Karçaaltıncaba,aaaaysimaaaa,Week5_User4,Week5_User4,5pbv54H3Vj9hg2DC710XyK,spotify:playlist:5pbv54H3Vj9hg2DC710XyK,https://open.spotify.com/playlist/5pbv54H3Vj9hg2DC710XyK,,aaaaysimaaaa,Aysima Karçaaltıncaba,True,False,0,AAAAA/XELajkgL8kWBy4w7HYIbmTzDgq,,19,2026-08-17T07:13:29Z,aaaaysimaaaa,primary_artist_monthly_listeners,400540,"400,540",Spotify public artist page,false,,5LKm2vMBOtKq12C0padpN2,spotify:track:5LKm2vMBOtKq12C0padpN2,https://open.spotify.com/track/5LKm2vMBOtKq12C0padpN2,Gutter Ballet,track,2,1,380360,380.360,False,False,True,,https://api.spotify.com/v1/tracks/5LKm2vMBOtKq12C0padpN2,https://api.spotify.com/v1/tracks/5LKm2vMBOtKq12C0padpN2,,,DEB340900149,,,6zMeDffPrKyYSBf9AuyTIF,spotify:album:6zMeDffPrKyYSBf9AuyTIF,https://open.spotify.com/album/6zMeDffPrKyYSBf9AuyTIF,Gutter Ballet (2011 Edition),album,,13,1989,year,,C: 2011 Savatage Inc. under exclusive license to Edel Germany GmbH. earMUSIC is a project of Edel.; P: 2011 Savatage Inc. under exclusive license to Edel Germany GmbH. earMUSIC is a project of Edel.,,https://i.scdn.co/image/ab67616d0000b2738cda8b13ef9130cb6f7512b7,,3N1B1g6JtIgd6ClRkzD4yT,Savatage,spotify:artist:3N1B1g6JtIgd6ClRkzD4yT,https://open.spotify.com/artist/3N1B1g6JtIgd6ClRkzD4yT,,,,400540,"400,540",false,Spotify public artist page,,https://i.scdn.co/image/ab6761610000e5eb28ce3420531dadeaea4d8aef,,3N1B1g6JtIgd6ClRkzD4yT,Savatage,https://open.spotify.com/artist/3N1B1g6JtIgd6ClRkzD4yT,"[{""artist_id"": ""3N1B1g6JtIgd6ClRkzD4yT"", ""artist_name"": ""Savatage"", ""artist_url"": ""https://open.spotify.com/artist/3N1B1g6JtIgd6ClRkzD4yT"", ""monthly_listeners"": ""400540"", ""monthly_listeners_display"": ""400,540"", ""is_approx"": ""false"", ""fetch_error"": """"}]","[{""artist_id"": ""3N1B1g6JtIgd6ClRkzD4yT"", ""artist_name"": ""Savatage"", ""artist_uri"": ""spotify:artist:3N1B1g6JtIgd6ClRkzD4yT"", ""artist_url"": ""https://open.spotify.com/artist/3N1B1g6JtIgd6ClRkzD4yT"", ""artist_type"": ""artist"", ""artist_genres"": """", ""artist_spotify_api_popularity"": """", ""artist_followers_total"": """", ""artist_image_url"": ""https://i.scdn.co/image/ab6761610000e5eb28ce3420531dadeaea4d8aef"", ""artist_lookup_error"": """", ""artist_monthly_listeners"": ""400540"", ""artist_monthly_listeners_display"": ""400,540"", ""artist_monthly_listeners_is_approx"": ""false"", ""artist_monthly_listeners_source"": ""Spotify public artist page"", ""artist_monthly_listeners_fetch_error"": """"}]",0,,"{""spotify"": ""https://open.spotify.com/track/5LKm2vMBOtKq12C0padpN2""}",{}
week5_17august,2026-08-17T07:40:10+00:00,Spotify,Aysima Karçaaltıncaba,aaaaysimaaaa,Week5_User4,Week5_User4,5pbv54H3Vj9hg2DC710XyK,spotify:playlist:5pbv54H3Vj9hg2DC710XyK,https://open.spotify.com/playlist/5pbv54H3Vj9hg2DC710XyK,,aaaaysimaaaa,Aysima Karçaaltıncaba,True,False,0,AAAAA/XELajkgL8kWBy4w7HYIbmTzDgq,,20,2026-08-17T07:13:29Z,aaaaysimaaaa,primary_artist_monthly_listeners,28635,"28,635",Spotify public artist page,false,,6ruhOxyV98u0nHjd4bX5KM,spotify:track:6ruhOxyV98u0nHjd4bX5KM,https://open.spotify.com/track/6ruhOxyV98u0nHjd4bX5KM,Your Time Has Come,track,2,1,303493,303.493,False,False,True,,https://api.spotify.com/v1/tracks/6ruhOxyV98u0nHjd4bX5KM,https://api.spotify.com/v1/tracks/6ruhOxyV98u0nHjd4bX5KM,,,DEH841400201,,,3cQzjRT13tkhslb7ii9NcD,spotify:album:3cQzjRT13tkhslb7ii9NcD,https://open.spotify.com/album/3cQzjRT13tkhslb7ii9NcD,Light of Dawn,album,,12,2014-08-01,day,,C: 2014 Edel Germany GmbH. earMUSIC is a project of Edel.; P: 2014 Edel Germany GmbH. earMUSIC is a project of Edel.,,https://i.scdn.co/image/ab67616d0000b27373c0fd64f80440fb41dc2601,,3DDcmHnwKjM4sQ8qm34JMU,Unisonic,spotify:artist:3DDcmHnwKjM4sQ8qm34JMU,https://open.spotify.com/artist/3DDcmHnwKjM4sQ8qm34JMU,,,,28635,"28,635",false,Spotify public artist page,,https://i.scdn.co/image/ab6761610000e5eb0be750ff9272422d98f971b0,,3DDcmHnwKjM4sQ8qm34JMU,Unisonic,https://open.spotify.com/artist/3DDcmHnwKjM4sQ8qm34JMU,"[{""artist_id"": ""3DDcmHnwKjM4sQ8qm34JMU"", ""artist_name"": ""Unisonic"", ""artist_url"": ""https://open.spotify.com/artist/3DDcmHnwKjM4sQ8qm34JMU"", ""monthly_listeners"": ""28635"", ""monthly_listeners_display"": ""28,635"", ""is_approx"": ""false"", ""fetch_error"": """"}]","[{""artist_id"": ""3DDcmHnwKjM4sQ8qm34JMU"", ""artist_name"": ""Unisonic"", ""artist_uri"": ""spotify:artist:3DDcmHnwKjM4sQ8qm34JMU"", ""artist_url"": ""https://open.spotify.com/artist/3DDcmHnwKjM4sQ8qm34JMU"", ""artist_type"": ""artist"", ""artist_genres"": """", ""artist_spotify_api_popularity"": """", ""artist_followers_total"": """", ""artist_image_url"": ""https://i.scdn.co/image/ab6761610000e5eb0be750ff9272422d98f971b0"", ""artist_lookup_error"": """", ""artist_monthly_listeners"": ""28635"", ""artist_monthly_listeners_display"": ""28,635"", ""artist_monthly_listeners_is_approx"": ""false"", ""artist_monthly_listeners_source"": ""Spotify public artist page"", ""artist_monthly_listeners_fetch_error"": """"}]",0,,"{""spotify"": ""https://open.spotify.com/track/6ruhOxyV98u0nHjd4bX5KM""}",{}
week5_17august,2026-08-17T07:40:10+00:00,Spotify,Aysima Karçaaltıncaba,aaaaysimaaaa,Week5_User4,Week5_User4,5pbv54H3Vj9hg2DC710XyK,spotify:playlist:5pbv54H3Vj9hg2DC710XyK,https://open.spotify.com/playlist/5pbv54H3Vj9hg2DC710XyK,,aaaaysimaaaa,Aysima Karçaaltıncaba,True,False,0,AAAAA/XELajkgL8kWBy4w7HYIbmTzDgq,,21,2026-08-17T07:13:29Z,aaaaysimaaaa,primary_artist_monthly_listeners,473901,"473,901",Spotify public artist page,false,,773yjqHbb0VMYrt6ARF1SB,spotify:track:773yjqHbb0VMYrt6ARF1SB,https://open.spotify.com/track/773yjqHbb0VMYrt6ARF1SB,Blacksong,track,2,1,336813,336.813,False,False,True,,https://api.spotify.com/v1/tracks/773yjqHbb0VMYrt6ARF1SB,https://api.spotify.com/v1/tracks/773yjqHbb0VMYrt6ARF1SB,,,DEU600500344,,,3YPkjTtpwdR3mOv4ToAlhW,spotify:album:3YPkjTtpwdR3mOv4ToAlhW,https://open.spotify.com/album/3YPkjTtpwdR3mOv4ToAlhW,The Duke,album,,10,2006-02-24,day,,C: © 2006 Legend Man Music; P: ℗ 2006 Legend Man Music,,https://i.scdn.co/image/ab67616d0000b2736a501333949796282e865afa,,5SaDyTQkjAAdrsmhPzrmw2,Jorn,spotify:artist:5SaDyTQkjAAdrsmhPzrmw2,https://open.spotify.com/artist/5SaDyTQkjAAdrsmhPzrmw2,,,,473901,"473,901",false,Spotify public artist page,,https://i.scdn.co/image/ab6761610000e5ebf1310d077ecfed399b5c7ca9,,5SaDyTQkjAAdrsmhPzrmw2,Jorn,https://open.spotify.com/artist/5SaDyTQkjAAdrsmhPzrmw2,"[{""artist_id"": ""5SaDyTQkjAAdrsmhPzrmw2"", ""artist_name"": ""Jorn"", ""artist_url"": ""https://open.spotify.com/artist/5SaDyTQkjAAdrsmhPzrmw2"", ""monthly_listeners"": ""473901"", ""monthly_listeners_display"": ""473,901"", ""is_approx"": ""false"", ""fetch_error"": """"}]","[{""artist_id"": ""5SaDyTQkjAAdrsmhPzrmw2"", ""artist_name"": ""Jorn"", ""artist_uri"": ""spotify:artist:5SaDyTQkjAAdrsmhPzrmw2"", ""artist_url"": ""https://open.spotify.com/artist/5SaDyTQkjAAdrsmhPzrmw2"", ""artist_type"": ""artist"", ""artist_genres"": """", ""artist_spotify_api_popularity"": """", ""artist_followers_total"": """", ""artist_image_url"": ""https://i.scdn.co/image/ab6761610000e5ebf1310d077ecfed399b5c7ca9"", ""artist_lookup_error"": """", ""artist_monthly_listeners"": ""473901"", ""artist_monthly_listeners_display"": ""473,901"", ""artist_monthly_listeners_is_approx"": ""false"", ""artist_monthly_listeners_source"": ""Spotify public artist page"", ""artist_monthly_listeners_fetch_error"": """"}]",0,,"{""spotify"": ""https://open.spotify.com/track/773yjqHbb0VMYrt6ARF1SB""}",{}
week5_17august,2026-08-17T07:40:10+00:00,Spotify,Aysima Karçaaltıncaba,aaaaysimaaaa,Week5_User4,Week5_User4,5pbv54H3Vj9hg2DC710XyK,spotify:playlist:5pbv54H3Vj9hg2DC710XyK,https://open.spotify.com/playlist/5pbv54H3Vj9hg2DC710XyK,,aaaaysimaaaa,Aysima Karçaaltıncaba,True,False,0,AAAAA/XELajkgL8kWBy4w7HYIbmTzDgq,,22,2026-08-17T07:13:29Z,aaaaysimaaaa,primary_artist_monthly_listeners,69296,"69,296",Spotify public artist page,false,,0ASc6EqyR29pOrdrkpzYHq,spotify:track:0ASc6EqyR29pOrdrkpzYHq,https://open.spotify.com/track/0ASc6EqyR29pOrdrkpzYHq,Lost in Your Eyes,track,2,1,228464,228.464,False,False,True,,https://api.spotify.com/v1/tracks/0ASc6EqyR29pOrdrkpzYHq,https://api.spotify.com/v1/tracks/0ASc6EqyR29pOrdrkpzYHq,,,DEU600902761,,,0pSzBJY7Ou2BkA16eYsKg0,spotify:album:0pSzBJY7Ou2BkA16eYsKg0,https://open.spotify.com/album/0pSzBJY7Ou2BkA16eYsKg0,Carpe Diem,album,,9,2009-12-18,day,,C: 2009 AFM Records; P: 2009 AFM Records,,https://i.scdn.co/image/ab67616d0000b273485c6d37aef458889e10f30d,,7j3etSXgd9ZLYIUW7KWnpd,Heavenly,spotify:artist:7j3etSXgd9ZLYIUW7KWnpd,https://open.spotify.com/artist/7j3etSXgd9ZLYIUW7KWnpd,,,,69296,"69,296",false,Spotify public artist page,,https://i.scdn.co/image/ab6772690000c46ce1dbce8d74b9d4d5066ebf7a,,7j3etSXgd9ZLYIUW7KWnpd,Heavenly,https://open.spotify.com/artist/7j3etSXgd9ZLYIUW7KWnpd,"[{""artist_id"": ""7j3etSXgd9ZLYIUW7KWnpd"", ""artist_name"": ""Heavenly"", ""artist_url"": ""https://open.spotify.com/artist/7j3etSXgd9ZLYIUW7KWnpd"", ""monthly_listeners"": ""69296"", ""monthly_listeners_display"": ""69,296"", ""is_approx"": ""false"", ""fetch_error"": """"}]","[{""artist_id"": ""7j3etSXgd9ZLYIUW7KWnpd"", ""artist_name"": ""Heavenly"", ""artist_uri"": ""spotify:artist:7j3etSXgd9ZLYIUW7KWnpd"", ""artist_url"": ""https://open.spotify.com/artist/7j3etSXgd9ZLYIUW7KWnpd"", ""artist_type"": ""artist"", ""artist_genres"": """", ""artist_spotify_api_popularity"": """", ""artist_followers_total"": """", ""artist_image_url"": ""https://i.scdn.co/image/ab6772690000c46ce1dbce8d74b9d4d5066ebf7a"", ""artist_lookup_error"": """", ""artist_monthly_listeners"": ""69296"", ""artist_monthly_listeners_display"": ""69,296"", ""artist_monthly_listeners_is_approx"": ""false"", ""artist_monthly_listeners_source"": ""Spotify public artist page"", ""artist_monthly_listeners_fetch_error"": """"}]",0,,"{""spotify"": ""https://open.spotify.com/track/0ASc6EqyR29pOrdrkpzYHq""}",{}
week5_17august,2026-08-17T07:40:10+00:00,Spotify,Aysima Karçaaltıncaba,aaaaysimaaaa,Week5_User4,Week5_User4,5pbv54H3Vj9hg2DC710XyK,spotify:playlist:5pbv54H3Vj9hg2DC710XyK,https://open.spotify.com/playlist/5pbv54H3Vj9hg2DC710XyK,,aaaaysimaaaa,Aysima Karçaaltıncaba,True,False,0,AAAAA/XELajkgL8kWBy4w7HYIbmTzDgq,,23,2026-08-17T07:13:29Z,aaaaysimaaaa,primary_artist_monthly_listeners,1476465,"1,476,465",Spotify public artist page,false,,33v9NERZw9Ox5PlqUZMVMC,spotify:track:33v9NERZw9Ox5PlqUZMVMC,https://open.spotify.com/track/33v9NERZw9Ox5PlqUZMVMC,If I Could Fly,track,6,1,249000,249.000,False,False,True,,https://api.spotify.com/v1/tracks/33v9NERZw9Ox5PlqUZMVMC,https://api.spotify.com/v1/tracks/33v9NERZw9Ox5PlqUZMVMC,,,DED830055106,,,2XFrf3tNlJbE61zW3OEPwL,spotify:album:2XFrf3tNlJbE61zW3OEPwL,https://open.spotify.com/album/2XFrf3tNlJbE61zW3OEPwL,The Dark Ride (Special Edition),album,,15,2013-12-06,day,,C: (C) 2013 Reigning Phoenix Music; P: (P) 2013 Reigning Phoenix Music,,https://i.scdn.co/image/ab67616d0000b273653dbff2b0f97dc6422b80fb,,4pQN0GB0fNEEOfQCaWotsY,Helloween,spotify:artist:4pQN0GB0fNEEOfQCaWotsY,https://open.spotify.com/artist/4pQN0GB0fNEEOfQCaWotsY,,,,1476465,"1,476,465",false,Spotify public artist page,,https://i.scdn.co/image/ab6761610000e5eb7d6b878498239115a09316d3,,4pQN0GB0fNEEOfQCaWotsY,Helloween,https://open.spotify.com/artist/4pQN0GB0fNEEOfQCaWotsY,"[{""artist_id"": ""4pQN0GB0fNEEOfQCaWotsY"", ""artist_name"": ""Helloween"", ""artist_url"": ""https://open.spotify.com/artist/4pQN0GB0fNEEOfQCaWotsY"", ""monthly_listeners"": ""1476465"", ""monthly_listeners_display"": ""1,476,465"", ""is_approx"": ""false"", ""fetch_error"": """"}]","[{""artist_id"": ""4pQN0GB0fNEEOfQCaWotsY"", ""artist_name"": ""Helloween"", ""artist_uri"": ""spotify:artist:4pQN0GB0fNEEOfQCaWotsY"", ""artist_url"": ""https://open.spotify.com/artist/4pQN0GB0fNEEOfQCaWotsY"", ""artist_type"": ""artist"", ""artist_genres"": """", ""artist_spotify_api_popularity"": """", ""artist_followers_total"": """", ""artist_image_url"": ""https://i.scdn.co/image/ab6761610000e5eb7d6b878498239115a09316d3"", ""artist_lookup_error"": """", ""artist_monthly_listeners"": ""1476465"", ""artist_monthly_listeners_display"": ""1,476,465"", ""artist_monthly_listeners_is_approx"": ""false"", ""artist_monthly_listeners_source"": ""Spotify public artist page"", ""artist_monthly_listeners_fetch_error"": """"}]",0,,"{""spotify"": ""https://open.spotify.com/track/33v9NERZw9Ox5PlqUZMVMC""}",{}
week5_17august,2026-08-17T07:40:10+00:00,Spotify,Aysima Karçaaltıncaba,aaaaysimaaaa,Week5_User4,Week5_User4,5pbv54H3Vj9hg2DC710XyK,spotify:playlist:5pbv54H3Vj9hg2DC710XyK,https://open.spotify.com/playlist/5pbv54H3Vj9hg2DC710XyK,,aaaaysimaaaa,Aysima Karçaaltıncaba,True,False,0,AAAAA/XELajkgL8kWBy4w7HYIbmTzDgq,,24,2026-08-17T07:13:29Z,aaaaysimaaaa,primary_artist_monthly_listeners,222937,"222,937",Spotify public artist page,false,,2sC8boJqQccBbHhkq2nnYU,spotify:track:2sC8boJqQccBbHhkq2nnYU,https://open.spotify.com/track/2sC8boJqQccBbHhkq2nnYU,Cthulhu,track,8,1,364213,364.213,False,False,True,,https://api.spotify.com/v1/tracks/2sC8boJqQccBbHhkq2nnYU,https://api.spotify.com/v1/tracks/2sC8boJqQccBbHhkq2nnYU,,,US4E41306208,,,5niOLhE7RqBlAS1oBtpCgd,spotify:album:5niOLhE7RqBlAS1oBtpCgd,https://open.spotify.com/album/5niOLhE7RqBlAS1oBtpCgd,Plagues of Babylon,album,,13,2014-01-21,day,,P: (P) 2014 Platinum Dragon Germany GmbH under exclusive license to Century Media,,https://i.scdn.co/image/ab67616d0000b273bbc20f1310b8b0de3b56e136,,3KEixcRfBS5K3E91Vn1Kdy,Iced Earth,spotify:artist:3KEixcRfBS5K3E91Vn1Kdy,https://open.spotify.com/artist/3KEixcRfBS5K3E91Vn1Kdy,,,,222937,"222,937",false,Spotify public artist page,,https://i.scdn.co/image/a1fa09dcb7f14ee7bad400ad8c0772f1a2ec4468,,3KEixcRfBS5K3E91Vn1Kdy,Iced Earth,https://open.spotify.com/artist/3KEixcRfBS5K3E91Vn1Kdy,"[{""artist_id"": ""3KEixcRfBS5K3E91Vn1Kdy"", ""artist_name"": ""Iced Earth"", ""artist_url"": ""https://open.spotify.com/artist/3KEixcRfBS5K3E91Vn1Kdy"", ""monthly_listeners"": ""222937"", ""monthly_listeners_display"": ""222,937"", ""is_approx"": ""false"", ""fetch_error"": """"}]","[{""artist_id"": ""3KEixcRfBS5K3E91Vn1Kdy"", ""artist_name"": ""Iced Earth"", ""artist_uri"": ""spotify:artist:3KEixcRfBS5K3E91Vn1Kdy"", ""artist_url"": ""https://open.spotify.com/artist/3KEixcRfBS5K3E91Vn1Kdy"", ""artist_type"": ""artist"", ""artist_genres"": """", ""artist_spotify_api_popularity"": """", ""artist_followers_total"": """", ""artist_image_url"": ""https://i.scdn.co/image/a1fa09dcb7f14ee7bad400ad8c0772f1a2ec4468"", ""artist_lookup_error"": """", ""artist_monthly_listeners"": ""222937"", ""artist_monthly_listeners_display"": ""222,937"", ""artist_monthly_listeners_is_approx"": ""false"", ""artist_monthly_listeners_source"": ""Spotify public artist page"", ""artist_monthly_listeners_fetch_error"": """"}]",0,,"{""spotify"": ""https://open.spotify.com/track/2sC8boJqQccBbHhkq2nnYU""}",{}
week5_17august,2026-08-17T07:40:10+00:00,Spotify,Aysima Karçaaltıncaba,aaaaysimaaaa,Week5_User4,Week5_User4,5pbv54H3Vj9hg2DC710XyK,spotify:playlist:5pbv54H3Vj9hg2DC710XyK,https://open.spotify.com/playlist/5pbv54H3Vj9hg2DC710XyK,,aaaaysimaaaa,Aysima Karçaaltıncaba,True,False,0,AAAAA/XELajkgL8kWBy4w7HYIbmTzDgq,,25,2026-08-17T07:13:29Z,aaaaysimaaaa,primary_artist_monthly_listeners,244242,"244,242",Spotify public artist page,false,,1vuTO497hSEkEWvFWTGfl8,spotify:track:1vuTO497hSEkEWvFWTGfl8,https://open.spotify.com/track/1vuTO497hSEkEWvFWTGfl8,Tuonela,track,2,1,277441,277.441,False,False,True,,https://api.spotify.com/v1/tracks/1vuTO497hSEkEWvFWTGfl8,https://api.spotify.com/v1/tracks/1vuTO497hSEkEWvFWTGfl8,,,DED832000683,,,3s7abfHktH3ljR7fAXPZPp,spotify:album:3s7abfHktH3ljR7fAXPZPp,https://open.spotify.com/album/3s7abfHktH3ljR7fAXPZPp,Leviathan,album,,11,2021-01-22,day,,C: 2021 Nuclear Blast; P: 2021 Nuclear Blast,,https://i.scdn.co/image/ab67616d0000b2732454ac2ea06a9427e6262ab9,,5c8Cw62ZYj9XO6iDLRDEsi,Therion,spotify:artist:5c8Cw62ZYj9XO6iDLRDEsi,https://open.spotify.com/artist/5c8Cw62ZYj9XO6iDLRDEsi,,,,244242,"244,242",false,Spotify public artist page,,https://i.scdn.co/image/ab6761610000e5eb9a7f93205c66fe4181cede4a,,5c8Cw62ZYj9XO6iDLRDEsi; 1tbhwOH5UBAJoqTx9Oak00,Therion; Marko Hietala,https://open.spotify.com/artist/5c8Cw62ZYj9XO6iDLRDEsi; https://open.spotify.com/artist/1tbhwOH5UBAJoqTx9Oak00,"[{""artist_id"": ""5c8Cw62ZYj9XO6iDLRDEsi"", ""artist_name"": ""Therion"", ""artist_url"": ""https://open.spotify.com/artist/5c8Cw62ZYj9XO6iDLRDEsi"", ""monthly_listeners"": ""244242"", ""monthly_listeners_display"": ""244,242"", ""is_approx"": ""false"", ""fetch_error"": """"}, {""artist_id"": ""1tbhwOH5UBAJoqTx9Oak00"", ""artist_name"": ""Marko Hietala"", ""artist_url"": ""https://open.spotify.com/artist/1tbhwOH5UBAJoqTx9Oak00"", ""monthly_listeners"": ""53223"", ""monthly_listeners_display"": ""53,223"", ""is_approx"": ""false"", ""fetch_error"": """"}]","[{""artist_id"": ""5c8Cw62ZYj9XO6iDLRDEsi"", ""artist_name"": ""Therion"", ""artist_uri"": ""spotify:artist:5c8Cw62ZYj9XO6iDLRDEsi"", ""artist_url"": ""https://open.spotify.com/artist/5c8Cw62ZYj9XO6iDLRDEsi"", ""artist_type"": ""artist"", ""artist_genres"": """", ""artist_spotify_api_popularity"": """", ""artist_followers_total"": """", ""artist_image_url"": ""https://i.scdn.co/image/ab6761610000e5eb9a7f93205c66fe4181cede4a"", ""artist_lookup_error"": """", ""artist_monthly_listeners"": ""244242"", ""artist_monthly_listeners_display"": ""244,242"", ""artist_monthly_listeners_is_approx"": ""false"", ""artist_monthly_listeners_source"": ""Spotify public artist page"", ""artist_monthly_listeners_fetch_error"": """"}, {""artist_id"": ""1tbhwOH5UBAJoqTx9Oak00"", ""artist_name"": ""Marko Hietala"", ""artist_uri"": ""spotify:artist:1tbhwOH5UBAJoqTx9Oak00"", ""artist_url"": ""https://open.spotify.com/artist/1tbhwOH5UBAJoqTx9Oak00"", ""artist_type"": ""artist"", ""artist_genres"": """", ""artist_spotify_api_popularity"": """", ""artist_followers_total"": """", ""artist_image_url"": ""https://i.scdn.co/image/ab6761610000e5ebb89f8d8a720a8d5cd5a1928f"", ""artist_lookup_error"": """", ""artist_monthly_listeners"": ""53223"", ""artist_monthly_listeners_display"": ""53,223"", ""artist_monthly_listeners_is_approx"": ""false"", ""artist_monthly_listeners_source"": ""Spotify public artist page"", ""artist_monthly_listeners_fetch_error"": """"}]",0,,"{""spotify"": ""https://open.spotify.com/track/1vuTO497hSEkEWvFWTGfl8""}",{}
week5_17august,2026-08-17T07:40:10+00:00,Spotify,Aysima Karçaaltıncaba,aaaaysimaaaa,Week5_User4,Week5_User4,5pbv54H3Vj9hg2DC710XyK,spotify:playlist:5pbv54H3Vj9hg2DC710XyK,https://open.spotify.com/playlist/5pbv54H3Vj9hg2DC710XyK,,aaaaysimaaaa,Aysima Karçaaltıncaba,True,False,0,AAAAA/XELajkgL8kWBy4w7HYIbmTzDgq,,26,2026-08-17T07:13:29Z,aaaaysimaaaa,primary_artist_monthly_listeners,38931,"38,931",Spotify public artist page,false,,44eM3FQgL5lLsDjDosGTIX,spotify:track:44eM3FQgL5lLsDjDosGTIX,https://open.spotify.com/track/44eM3FQgL5lLsDjDosGTIX,Skybound,track,1,1,208120,208.120,False,False,True,,https://api.spotify.com/v1/tracks/44eM3FQgL5lLsDjDosGTIX,https://api.spotify.com/v1/tracks/44eM3FQgL5lLsDjDosGTIX,,,DED832300799,,,6YJV00XPVPZ8GPBKaPcagD,spotify:album:6YJV00XPVPZ8GPBKaPcagD,https://open.spotify.com/album/6YJV00XPVPZ8GPBKaPcagD,Sunraven,album,,9,2024-10-18,day,,C: 2024 Nuclear Blast; P: 2024 Nuclear Blast,,https://i.scdn.co/image/ab67616d0000b2737047b2efa7da4fa5269cdaf7,,7GTkjp7qsfmx8iJzBUQLmN,Grand Magus,spotify:artist:7GTkjp7qsfmx8iJzBUQLmN,https://open.spotify.com/artist/7GTkjp7qsfmx8iJzBUQLmN,,,,38931,"38,931",false,Spotify public artist page,,https://i.scdn.co/image/ab6761610000e5eb991bb718dc144d18c31924ab,,7GTkjp7qsfmx8iJzBUQLmN,Grand Magus,https://open.spotify.com/artist/7GTkjp7qsfmx8iJzBUQLmN,"[{""artist_id"": ""7GTkjp7qsfmx8iJzBUQLmN"", ""artist_name"": ""Grand Magus"", ""artist_url"": ""https://open.spotify.com/artist/7GTkjp7qsfmx8iJzBUQLmN"", ""monthly_listeners"": ""38931"", ""monthly_listeners_display"": ""38,931"", ""is_approx"": ""false"", ""fetch_error"": """"}]","[{""artist_id"": ""7GTkjp7qsfmx8iJzBUQLmN"", ""artist_name"": ""Grand Magus"", ""artist_uri"": ""spotify:artist:7GTkjp7qsfmx8iJzBUQLmN"", ""artist_url"": ""https://open.spotify.com/artist/7GTkjp7qsfmx8iJzBUQLmN"", ""artist_type"": ""artist"", ""artist_genres"": """", ""artist_spotify_api_popularity"": """", ""artist_followers_total"": """", ""artist_image_url"": ""https://i.scdn.co/image/ab6761610000e5eb991bb718dc144d18c31924ab"", ""artist_lookup_error"": """", ""artist_monthly_listeners"": ""38931"", ""artist_monthly_listeners_display"": ""38,931"", ""artist_monthly_listeners_is_approx"": ""false"", ""artist_monthly_listeners_source"": ""Spotify public artist page"", ""artist_monthly_listeners_fetch_error"": """"}]",0,,"{""spotify"": ""https://open.spotify.com/track/44eM3FQgL5lLsDjDosGTIX""}",{}
week5_17august,2026-08-17T07:40:10+00:00,Spotify,Aysima Karçaaltıncaba,aaaaysimaaaa,Week5_User4,Week5_User4,5pbv54H3Vj9hg2DC710XyK,spotify:playlist:5pbv54H3Vj9hg2DC710XyK,https://open.spotify.com/playlist/5pbv54H3Vj9hg2DC710XyK,,aaaaysimaaaa,Aysima Karçaaltıncaba,True,False,0,AAAAA/XELajkgL8kWBy4w7HYIbmTzDgq,,27,2026-08-17T07:13:29Z,aaaaysimaaaa,primary_artist_monthly_listeners,73241,"73,241",Spotify public artist page,false,,7cwY4gGH91p3hz3mU9CWkT,spotify:track:7cwY4gGH91p3hz3mU9CWkT,https://open.spotify.com/track/7cwY4gGH91p3hz3mU9CWkT,In the Heart of Stone,track,1,1,277226,277.226,False,False,True,,https://api.spotify.com/v1/tracks/7cwY4gGH91p3hz3mU9CWkT,https://api.spotify.com/v1/tracks/7cwY4gGH91p3hz3mU9CWkT,,,QMDA61894007,,,7LaPnYZGPs0Apw5MgYZV0H,spotify:album:7LaPnYZGPs0Apw5MgYZV0H,https://open.spotify.com/album/7LaPnYZGPs0Apw5MgYZV0H,The Gates of Oblivion,album,,15,2002,year,,"C: (C) 2002 Dark Moor; P: (P) 2022 Maldito Records, S.L./Maldito Digital, bajo licencia exclusiva de DARK MOOR",,https://i.scdn.co/image/ab67616d0000b273edff12c8899828b80a619c0b,,0YWKRTzA4kBceGwjywtMkh,Dark Moor,spotify:artist:0YWKRTzA4kBceGwjywtMkh,https://open.spotify.com/artist/0YWKRTzA4kBceGwjywtMkh,,,,73241,"73,241",false,Spotify public artist page,,https://i.scdn.co/image/ab6761610000e5eb1c7310cc250682db4e9748aa,,0YWKRTzA4kBceGwjywtMkh,Dark Moor,https://open.spotify.com/artist/0YWKRTzA4kBceGwjywtMkh,"[{""artist_id"": ""0YWKRTzA4kBceGwjywtMkh"", ""artist_name"": ""Dark Moor"", ""artist_url"": ""https://open.spotify.com/artist/0YWKRTzA4kBceGwjywtMkh"", ""monthly_listeners"": ""73241"", ""monthly_listeners_display"": ""73,241"", ""is_approx"": ""false"", ""fetch_error"": """"}]","[{""artist_id"": ""0YWKRTzA4kBceGwjywtMkh"", ""artist_name"": ""Dark Moor"", ""artist_uri"": ""spotify:artist:0YWKRTzA4kBceGwjywtMkh"", ""artist_url"": ""https://open.spotify.com/artist/0YWKRTzA4kBceGwjywtMkh"", ""artist_type"": ""artist"", ""artist_genres"": """", ""artist_spotify_api_popularity"": """", ""artist_followers_total"": """", ""artist_image_url"": ""https://i.scdn.co/image/ab6761610000e5eb1c7310cc250682db4e9748aa"", ""artist_lookup_error"": """", ""artist_monthly_listeners"": ""73241"", ""artist_monthly_listeners_display"": ""73,241"", ""artist_monthly_listeners_is_approx"": ""false"", ""artist_monthly_listeners_source"": ""Spotify public artist page"", ""artist_monthly_listeners_fetch_error"": """"}]",0,,"{""spotify"": ""https://open.spotify.com/track/7cwY4gGH91p3hz3mU9CWkT""}",{}
week5_17august,2026-08-17T07:40:10+00:00,Spotify,Aysima Karçaaltıncaba,aaaaysimaaaa,Week5_User4,Week5_User4,5pbv54H3Vj9hg2DC710XyK,spotify:playlist:5pbv54H3Vj9hg2DC710XyK,https://open.spotify.com/playlist/5pbv54H3Vj9hg2DC710XyK,,aaaaysimaaaa,Aysima Karçaaltıncaba,True,False,0,AAAAA/XELajkgL8kWBy4w7HYIbmTzDgq,,28,2026-08-17T07:13:29Z,aaaaysimaaaa,primary_artist_monthly_listeners,17078,"17,078",Spotify public artist page,false,,3AdlMcK1KoF7to9n9kYyvg,spotify:track:3AdlMcK1KoF7to9n9kYyvg,https://open.spotify.com/track/3AdlMcK1KoF7to9n9kYyvg,Running Through the Fire,track,11,1,257973,257.973,False,False,True,,https://api.spotify.com/v1/tracks/3AdlMcK1KoF7to9n9kYyvg,https://api.spotify.com/v1/tracks/3AdlMcK1KoF7to9n9kYyvg,,,DEZ900700051,,,1WNGqwmzYOSkk04eshChkP,spotify:album:1WNGqwmzYOSkk04eshChkP,https://open.spotify.com/album/1WNGqwmzYOSkk04eshChkP,Walk the Earth,album,,12,2007-02-16,day,,C: 2007 AFM Records; P: 2007 AFM Records,,https://i.scdn.co/image/ab67616d0000b2730857ce0f4fd79637a29a1b11,,4q3AhU7fP8KdrW5CEBrlZ5,Silent Force,spotify:artist:4q3AhU7fP8KdrW5CEBrlZ5,https://open.spotify.com/artist/4q3AhU7fP8KdrW5CEBrlZ5,,,,17078,"17,078",false,Spotify public artist page,,https://i.scdn.co/image/ab6761610000e5eb38b3c5aaa06c8ac10be8f9da,,4q3AhU7fP8KdrW5CEBrlZ5,Silent Force,https://open.spotify.com/artist/4q3AhU7fP8KdrW5CEBrlZ5,"[{""artist_id"": ""4q3AhU7fP8KdrW5CEBrlZ5"", ""artist_name"": ""Silent Force"", ""artist_url"": ""https://open.spotify.com/artist/4q3AhU7fP8KdrW5CEBrlZ5"", ""monthly_listeners"": ""17078"", ""monthly_listeners_display"": ""17,078"", ""is_approx"": ""false"", ""fetch_error"": """"}]","[{""artist_id"": ""4q3AhU7fP8KdrW5CEBrlZ5"", ""artist_name"": ""Silent Force"", ""artist_uri"": ""spotify:artist:4q3AhU7fP8KdrW5CEBrlZ5"", ""artist_url"": ""https://open.spotify.com/artist/4q3AhU7fP8KdrW5CEBrlZ5"", ""artist_type"": ""artist"", ""artist_genres"": """", ""artist_spotify_api_popularity"": """", ""artist_followers_total"": """", ""artist_image_url"": ""https://i.scdn.co/image/ab6761610000e5eb38b3c5aaa06c8ac10be8f9da"", ""artist_lookup_error"": """", ""artist_monthly_listeners"": ""17078"", ""artist_monthly_listeners_display"": ""17,078"", ""artist_monthly_listeners_is_approx"": ""false"", ""artist_monthly_listeners_source"": ""Spotify public artist page"", ""artist_monthly_listeners_fetch_error"": """"}]",0,,"{""spotify"": ""https://open.spotify.com/track/3AdlMcK1KoF7to9n9kYyvg""}",{}
week5_17august,2026-08-17T07:40:10+00:00,Spotify,Aysima Karçaaltıncaba,aaaaysimaaaa,Week5_User4,Week5_User4,5pbv54H3Vj9hg2DC710XyK,spotify:playlist:5pbv54H3Vj9hg2DC710XyK,https://open.spotify.com/playlist/5pbv54H3Vj9hg2DC710XyK,,aaaaysimaaaa,Aysima Karçaaltıncaba,True,False,0,AAAAA/XELajkgL8kWBy4w7HYIbmTzDgq,,29,2026-08-17T07:13:29Z,aaaaysimaaaa,primary_artist_monthly_listeners,102287,"102,287",Spotify public artist page,false,,7ssmnwOsdVBLYujFVMK3yD,spotify:track:7ssmnwOsdVBLYujFVMK3yD,https://open.spotify.com/track/7ssmnwOsdVBLYujFVMK3yD,Metal Is Forever,track,1,1,286226,286.226,False,False,True,,https://api.spotify.com/v1/tracks/7ssmnwOsdVBLYujFVMK3yD,https://api.spotify.com/v1/tracks/7ssmnwOsdVBLYujFVMK3yD,,,DED830370901,,,6IMqYUH5qX9GBiz0sWcZgG,spotify:album:6IMqYUH5qX9GBiz0sWcZgG,https://open.spotify.com/album/6IMqYUH5qX9GBiz0sWcZgG,Devil's Ground,album,,12,2004-02-23,day,,C: (C) 2004 Reigning Phoenix Music; P: (P) 2004 Reigning Phoenix Music,,https://i.scdn.co/image/ab67616d0000b2731d25312a6bbb026d7659b2d0,,1yfiDL3YUEJlQCgb5Pun6g,Primal Fear,spotify:artist:1yfiDL3YUEJlQCgb5Pun6g,https://open.spotify.com/artist/1yfiDL3YUEJlQCgb5Pun6g,,,,102287,"102,287",false,Spotify public artist page,,https://i.scdn.co/image/ab6761610000e5ebd8360d0ed8fe9dd3fd04fb45,,1yfiDL3YUEJlQCgb5Pun6g,Primal Fear,https://open.spotify.com/artist/1yfiDL3YUEJlQCgb5Pun6g,"[{""artist_id"": ""1yfiDL3YUEJlQCgb5Pun6g"", ""artist_name"": ""Primal Fear"", ""artist_url"": ""https://open.spotify.com/artist/1yfiDL3YUEJlQCgb5Pun6g"", ""monthly_listeners"": ""102287"", ""monthly_listeners_display"": ""102,287"", ""is_approx"": ""false"", ""fetch_error"": """"}]","[{""artist_id"": ""1yfiDL3YUEJlQCgb5Pun6g"", ""artist_name"": ""Primal Fear"", ""artist_uri"": ""spotify:artist:1yfiDL3YUEJlQCgb5Pun6g"", ""artist_url"": ""https://open.spotify.com/artist/1yfiDL3YUEJlQCgb5Pun6g"", ""artist_type"": ""artist"", ""artist_genres"": """", ""artist_spotify_api_popularity"": """", ""artist_followers_total"": """", ""artist_image_url"": ""https://i.scdn.co/image/ab6761610000e5ebd8360d0ed8fe9dd3fd04fb45"", ""artist_lookup_error"": """", ""artist_monthly_listeners"": ""102287"", ""artist_monthly_listeners_display"": ""102,287"", ""artist_monthly_listeners_is_approx"": ""false"", ""artist_monthly_listeners_source"": ""Spotify public artist page"", ""artist_monthly_listeners_fetch_error"": """"}]",0,,"{""spotify"": ""https://open.spotify.com/track/7ssmnwOsdVBLYujFVMK3yD""}",{}
week5_17august,2026-08-17T07:40:10+00:00,Spotify,Aysima Karçaaltıncaba,aaaaysimaaaa,Week5_User4,Week5_User4,5pbv54H3Vj9hg2DC710XyK,spotify:playlist:5pbv54H3Vj9hg2DC710XyK,https://open.spotify.com/playlist/5pbv54H3Vj9hg2DC710XyK,,aaaaysimaaaa,Aysima Karçaaltıncaba,True,False,0,AAAAA/XELajkgL8kWBy4w7HYIbmTzDgq,,30,2026-08-17T07:13:29Z,aaaaysimaaaa,primary_artist_monthly_listeners,53464,"53,464",Spotify public artist page,false,,1dgyPZ91F5X6zYIHG3dPPS,spotify:track:1dgyPZ91F5X6zYIHG3dPPS,https://open.spotify.com/track/1dgyPZ91F5X6zYIHG3dPPS,Where Have The Angels Gone,track,10,1,283213,283.213,False,False,True,,https://api.spotify.com/v1/tracks/1dgyPZ91F5X6zYIHG3dPPS,https://api.spotify.com/v1/tracks/1dgyPZ91F5X6zYIHG3dPPS,,,USA370512711,,,1SrxH9azLw34ga5JUmulsA,spotify:album:1SrxH9azLw34ga5JUmulsA,https://open.spotify.com/album/1SrxH9azLw34ga5JUmulsA,The Battle,album,,12,2005-08-02,day,,C: (C) 2005 Frontiers Records,,https://i.scdn.co/image/ab67616d0000b27321092065dc948c345e83ed68,,2hxa4ytcni5FUIK8IR27tX,Allen Lande,spotify:artist:2hxa4ytcni5FUIK8IR27tX,https://open.spotify.com/artist/2hxa4ytcni5FUIK8IR27tX,,,,53464,"53,464",false,Spotify public artist page,,https://i.scdn.co/image/ab67616d0000b27309cd30cabc7f20c982de226c,,2hxa4ytcni5FUIK8IR27tX,Allen Lande,https://open.spotify.com/artist/2hxa4ytcni5FUIK8IR27tX,"[{""artist_id"": ""2hxa4ytcni5FUIK8IR27tX"", ""artist_name"": ""Allen Lande"", ""artist_url"": ""https://open.spotify.com/artist/2hxa4ytcni5FUIK8IR27tX"", ""monthly_listeners"": ""53464"", ""monthly_listeners_display"": ""53,464"", ""is_approx"": ""false"", ""fetch_error"": """"}]","[{""artist_id"": ""2hxa4ytcni5FUIK8IR27tX"", ""artist_name"": ""Allen Lande"", ""artist_uri"": ""spotify:artist:2hxa4ytcni5FUIK8IR27tX"", ""artist_url"": ""https://open.spotify.com/artist/2hxa4ytcni5FUIK8IR27tX"", ""artist_type"": ""artist"", ""artist_genres"": """", ""artist_spotify_api_popularity"": """", ""artist_followers_total"": """", ""artist_image_url"": ""https://i.scdn.co/image/ab67616d0000b27309cd30cabc7f20c982de226c"", ""artist_lookup_error"": """", ""artist_monthly_listeners"": ""53464"", ""artist_monthly_listeners_display"": ""53,464"", ""artist_monthly_listeners_is_approx"": ""false"", ""artist_monthly_listeners_source"": ""Spotify public artist page"", ""artist_monthly_listeners_fetch_error"": """"}]",0,,"{""spotify"": ""https://open.spotify.com/track/1dgyPZ91F5X6zYIHG3dPPS""}",{}
week5_17august,2026-08-17T07:40:10+00:00,Spotify,Aysima Karçaaltıncaba,aaaaysimaaaa,Week5_User5,Week5_User5,4oBT7mfCflwiHfRKpfco6I,spotify:playlist:4oBT7mfCflwiHfRKpfco6I,https://open.spotify.com/playlist/4oBT7mfCflwiHfRKpfco6I,,aaaaysimaaaa,Aysima Karçaaltıncaba,True,False,0,AAAAAzybBtdFrffZ8DoczcB1U9QkuVMT,,1,2026-08-17T07:22:58Z,aaaaysimaaaa,primary_artist_monthly_listeners,3059978,"3,059,978",Spotify public artist page,false,,7xrNu3NxSQ0zAnB8ZSqUgq,spotify:track:7xrNu3NxSQ0zAnB8ZSqUgq,https://open.spotify.com/track/7xrNu3NxSQ0zAnB8ZSqUgq,Till Seger,track,11,1,207733,207.733,False,False,True,,https://api.spotify.com/v1/tracks/7xrNu3NxSQ0zAnB8ZSqUgq,https://api.spotify.com/v1/tracks/7xrNu3NxSQ0zAnB8ZSqUgq,,,SE6HE2500111,,,1jjx7U3tayhJTytJVBj0WY,spotify:album:1jjx7U3tayhJTytJVBj0WY,https://open.spotify.com/album/1jjx7U3tayhJTytJVBj0WY,Legends,album,,11,2025-10-17,day,,"C: 2025 Sabaton, under exclusive license to Better Noise Music; P: 2025 Sabaton, under exclusive license to Better Noise Music",,https://i.scdn.co/image/ab67616d0000b2732015d006804756df2e271b74,,3o2dn2O0FCVsWDFSh8qxgG,Sabaton,spotify:artist:3o2dn2O0FCVsWDFSh8qxgG,https://open.spotify.com/artist/3o2dn2O0FCVsWDFSh8qxgG,,,,3059978,"3,059,978",false,Spotify public artist page,,https://i.scdn.co/image/ab6761610000e5ebfc0524cca1171fac8678f4bf,,3o2dn2O0FCVsWDFSh8qxgG,Sabaton,https://open.spotify.com/artist/3o2dn2O0FCVsWDFSh8qxgG,"[{""artist_id"": ""3o2dn2O0FCVsWDFSh8qxgG"", ""artist_name"": ""Sabaton"", ""artist_url"": ""https://open.spotify.com/artist/3o2dn2O0FCVsWDFSh8qxgG"", ""monthly_listeners"": ""3059978"", ""monthly_listeners_display"": ""3,059,978"", ""is_approx"": ""false"", ""fetch_error"": """"}]","[{""artist_id"": ""3o2dn2O0FCVsWDFSh8qxgG"", ""artist_name"": ""Sabaton"", ""artist_uri"": ""spotify:artist:3o2dn2O0FCVsWDFSh8qxgG"", ""artist_url"": ""https://open.spotify.com/artist/3o2dn2O0FCVsWDFSh8qxgG"", ""artist_type"": ""artist"", ""artist_genres"": """", ""artist_spotify_api_popularity"": """", ""artist_followers_total"": """", ""artist_image_url"": ""https://i.scdn.co/image/ab6761610000e5ebfc0524cca1171fac8678f4bf"", ""artist_lookup_error"": """", ""artist_monthly_listeners"": ""3059978"", ""artist_monthly_listeners_display"": ""3,059,978"", ""artist_monthly_listeners_is_approx"": ""false"", ""artist_monthly_listeners_source"": ""Spotify public artist page"", ""artist_monthly_listeners_fetch_error"": """"}]",0,,"{""spotify"": ""https://open.spotify.com/track/7xrNu3NxSQ0zAnB8ZSqUgq""}",{}
week5_17august,2026-08-17T07:40:10+00:00,Spotify,Aysima Karçaaltıncaba,aaaaysimaaaa,Week5_User5,Week5_User5,4oBT7mfCflwiHfRKpfco6I,spotify:playlist:4oBT7mfCflwiHfRKpfco6I,https://open.spotify.com/playlist/4oBT7mfCflwiHfRKpfco6I,,aaaaysimaaaa,Aysima Karçaaltıncaba,True,False,0,AAAAAzybBtdFrffZ8DoczcB1U9QkuVMT,,2,2026-08-17T07:22:58Z,aaaaysimaaaa,primary_artist_monthly_listeners,426671,"426,671",Spotify public artist page,false,,3SgshUlk02dwRHeLm0ztOi,spotify:track:3SgshUlk02dwRHeLm0ztOi,https://open.spotify.com/track/3SgshUlk02dwRHeLm0ztOi,Rising Force,track,1,1,264066,264.066,False,False,True,,https://api.spotify.com/v1/tracks/3SgshUlk02dwRHeLm0ztOi,https://api.spotify.com/v1/tracks/3SgshUlk02dwRHeLm0ztOi,,,USF068825490,,,2Bgu9FC19pRP8O6ZY4QIWs,spotify:album:2Bgu9FC19pRP8O6ZY4QIWs,https://open.spotify.com/album/2Bgu9FC19pRP8O6ZY4QIWs,Odyssey,album,,12,1988-01-01,day,,"C: © 1988 Universal Records, a Division of UMG Recordings, Inc.; P: ℗ 1988 Universal Records, a Division of UMG Recordings, Inc.",,https://i.scdn.co/image/ab67616d0000b273fca6a26d626b192b9ffe4ae5,,5DpSoH5zCXNRqYai7pmcGG,Yngwie Malmsteen,spotify:artist:5DpSoH5zCXNRqYai7pmcGG,https://open.spotify.com/artist/5DpSoH5zCXNRqYai7pmcGG,,,,426671,"426,671",false,Spotify public artist page,,https://i.scdn.co/image/ab6761610000e5ebd7a9434c9b22083362ce43e6,,5DpSoH5zCXNRqYai7pmcGG,Yngwie Malmsteen,https://open.spotify.com/artist/5DpSoH5zCXNRqYai7pmcGG,"[{""artist_id"": ""5DpSoH5zCXNRqYai7pmcGG"", ""artist_name"": ""Yngwie Malmsteen"", ""artist_url"": ""https://open.spotify.com/artist/5DpSoH5zCXNRqYai7pmcGG"", ""monthly_listeners"": ""426671"", ""monthly_listeners_display"": ""426,671"", ""is_approx"": ""false"", ""fetch_error"": """"}]","[{""artist_id"": ""5DpSoH5zCXNRqYai7pmcGG"", ""artist_name"": ""Yngwie Malmsteen"", ""artist_uri"": ""spotify:artist:5DpSoH5zCXNRqYai7pmcGG"", ""artist_url"": ""https://open.spotify.com/artist/5DpSoH5zCXNRqYai7pmcGG"", ""artist_type"": ""artist"", ""artist_genres"": """", ""artist_spotify_api_popularity"": """", ""artist_followers_total"": """", ""artist_image_url"": ""https://i.scdn.co/image/ab6761610000e5ebd7a9434c9b22083362ce43e6"", ""artist_lookup_error"": """", ""artist_monthly_listeners"": ""426671"", ""artist_monthly_listeners_display"": ""426,671"", ""artist_monthly_listeners_is_approx"": ""false"", ""artist_monthly_listeners_source"": ""Spotify public artist page"", ""artist_monthly_listeners_fetch_error"": """"}]",0,,"{""spotify"": ""https://open.spotify.com/track/3SgshUlk02dwRHeLm0ztOi""}",{}
week5_17august,2026-08-17T07:40:10+00:00,Spotify,Aysima Karçaaltıncaba,aaaaysimaaaa,Week5_User5,Week5_User5,4oBT7mfCflwiHfRKpfco6I,spotify:playlist:4oBT7mfCflwiHfRKpfco6I,https://open.spotify.com/playlist/4oBT7mfCflwiHfRKpfco6I,,aaaaysimaaaa,Aysima Karçaaltıncaba,True,False,0,AAAAAzybBtdFrffZ8DoczcB1U9QkuVMT,,3,2026-08-17T07:22:58Z,aaaaysimaaaa,primary_artist_monthly_listeners,623190,"623,190",Spotify public artist page,false,,7s0fJ0s9A5eRh4NXaMkfgS,spotify:track:7s0fJ0s9A5eRh4NXaMkfgS,https://open.spotify.com/track/7s0fJ0s9A5eRh4NXaMkfgS,Nightfall - Remastered 2007,track,4,1,334693,334.693,False,False,True,,https://api.spotify.com/v1/tracks/7s0fJ0s9A5eRh4NXaMkfgS,https://api.spotify.com/v1/tracks/7s0fJ0s9A5eRh4NXaMkfgS,,,DED831701042,,,7EPGJTyG9MQ6gJWANmL4n3,spotify:album:7EPGJTyG9MQ6gJWANmL4n3,https://open.spotify.com/album/7EPGJTyG9MQ6gJWANmL4n3,Nightfall in Middle Earth (Remastered 2007),album,,23,1998-04-28,day,,C: 2017 Nuclear Blast; P: 2017 Nuclear Blast,,https://i.scdn.co/image/ab67616d0000b2735e77d3ce3a4f7f382daaf46f,,7jxJ25p0pPjk0MStloN6o6,Blind Guardian,spotify:artist:7jxJ25p0pPjk0MStloN6o6,https://open.spotify.com/artist/7jxJ25p0pPjk0MStloN6o6,,,,623190,"623,190",false,Spotify public artist page,,https://i.scdn.co/image/ab6761610000e5eb26139a78b669ae67aacde9f3,,7jxJ25p0pPjk0MStloN6o6,Blind Guardian,https://open.spotify.com/artist/7jxJ25p0pPjk0MStloN6o6,"[{""artist_id"": ""7jxJ25p0pPjk0MStloN6o6"", ""artist_name"": ""Blind Guardian"", ""artist_url"": ""https://open.spotify.com/artist/7jxJ25p0pPjk0MStloN6o6"", ""monthly_listeners"": ""623190"", ""monthly_listeners_display"": ""623,190"", ""is_approx"": ""false"", ""fetch_error"": """"}]","[{""artist_id"": ""7jxJ25p0pPjk0MStloN6o6"", ""artist_name"": ""Blind Guardian"", ""artist_uri"": ""spotify:artist:7jxJ25p0pPjk0MStloN6o6"", ""artist_url"": ""https://open.spotify.com/artist/7jxJ25p0pPjk0MStloN6o6"", ""artist_type"": ""artist"", ""artist_genres"": """", ""artist_spotify_api_popularity"": """", ""artist_followers_total"": """", ""artist_image_url"": ""https://i.scdn.co/image/ab6761610000e5eb26139a78b669ae67aacde9f3"", ""artist_lookup_error"": """", ""artist_monthly_listeners"": ""623190"", ""artist_monthly_listeners_display"": ""623,190"", ""artist_monthly_listeners_is_approx"": ""false"", ""artist_monthly_listeners_source"": ""Spotify public artist page"", ""artist_monthly_listeners_fetch_error"": """"}]",0,,"{""spotify"": ""https://open.spotify.com/track/7s0fJ0s9A5eRh4NXaMkfgS""}",{}
week5_17august,2026-08-17T07:40:10+00:00,Spotify,Aysima Karçaaltıncaba,aaaaysimaaaa,Week5_User5,Week5_User5,4oBT7mfCflwiHfRKpfco6I,spotify:playlist:4oBT7mfCflwiHfRKpfco6I,https://open.spotify.com/playlist/4oBT7mfCflwiHfRKpfco6I,,aaaaysimaaaa,Aysima Karçaaltıncaba,True,False,0,AAAAAzybBtdFrffZ8DoczcB1U9QkuVMT,,4,2026-08-17T07:22:58Z,aaaaysimaaaa,primary_artist_monthly_listeners,381216,"381,216",Spotify public artist page,false,,7aHlmfKaJ8R9uiweZJ5rMr,spotify:track:7aHlmfKaJ8R9uiweZJ5rMr,https://open.spotify.com/track/7aHlmfKaJ8R9uiweZJ5rMr,Rain of a Thousand Flames,track,1,1,223613,223.613,False,False,True,,https://api.spotify.com/v1/tracks/7aHlmfKaJ8R9uiweZJ5rMr,https://api.spotify.com/v1/tracks/7aHlmfKaJ8R9uiweZJ5rMr,,,DET270103601,,,7dgAsSMdkBxba2biH3Nsvr,spotify:album:7dgAsSMdkBxba2biH3Nsvr,https://open.spotify.com/album/7dgAsSMdkBxba2biH3Nsvr,Rain of a Thousand Flames,album,,7,2001,year,,C: (C) 2001 Limb Music Products - a label of Diversity Media GmbH,,https://i.scdn.co/image/ab67616d0000b27346c0d2e3a8f765196867611f,,0zQfrabOFYf36Ikb6PXcCY,Rhapsody,spotify:artist:0zQfrabOFYf36Ikb6PXcCY,https://open.spotify.com/artist/0zQfrabOFYf36Ikb6PXcCY,,,,381216,"381,216",false,Spotify public artist page,,https://i.scdn.co/image/ab6761610000e5eb902fae03243cae6e08caf99a,,0zQfrabOFYf36Ikb6PXcCY,Rhapsody,https://open.spotify.com/artist/0zQfrabOFYf36Ikb6PXcCY,"[{""artist_id"": ""0zQfrabOFYf36Ikb6PXcCY"", ""artist_name"": ""Rhapsody"", ""artist_url"": ""https://open.spotify.com/artist/0zQfrabOFYf36Ikb6PXcCY"", ""monthly_listeners"": ""381216"", ""monthly_listeners_display"": ""381,216"", ""is_approx"": ""false"", ""fetch_error"": """"}]","[{""artist_id"": ""0zQfrabOFYf36Ikb6PXcCY"", ""artist_name"": ""Rhapsody"", ""artist_uri"": ""spotify:artist:0zQfrabOFYf36Ikb6PXcCY"", ""artist_url"": ""https://open.spotify.com/artist/0zQfrabOFYf36Ikb6PXcCY"", ""artist_type"": ""artist"", ""artist_genres"": """", ""artist_spotify_api_popularity"": """", ""artist_followers_total"": """", ""artist_image_url"": ""https://i.scdn.co/image/ab6761610000e5eb902fae03243cae6e08caf99a"", ""artist_lookup_error"": """", ""artist_monthly_listeners"": ""381216"", ""artist_monthly_listeners_display"": ""381,216"", ""artist_monthly_listeners_is_approx"": ""false"", ""artist_monthly_listeners_source"": ""Spotify public artist page"", ""artist_monthly_listeners_fetch_error"": """"}]",0,,"{""spotify"": ""https://open.spotify.com/track/7aHlmfKaJ8R9uiweZJ5rMr""}",{}
week5_17august,2026-08-17T07:40:10+00:00,Spotify,Aysima Karçaaltıncaba,aaaaysimaaaa,Week5_User5,Week5_User5,4oBT7mfCflwiHfRKpfco6I,spotify:playlist:4oBT7mfCflwiHfRKpfco6I,https://open.spotify.com/playlist/4oBT7mfCflwiHfRKpfco6I,,aaaaysimaaaa,Aysima Karçaaltıncaba,True,False,0,AAAAAzybBtdFrffZ8DoczcB1U9QkuVMT,,5,2026-08-17T07:22:58Z,aaaaysimaaaa,primary_artist_monthly_listeners,108314,"108,314",Spotify public artist page,false,,4Mtj8Pf6GBFctUuG8mP9fO,spotify:track:4Mtj8Pf6GBFctUuG8mP9fO,https://open.spotify.com/track/4Mtj8Pf6GBFctUuG8mP9fO,Mercenary Man,track,3,1,208586,208.586,False,False,True,,https://api.spotify.com/v1/tracks/4Mtj8Pf6GBFctUuG8mP9fO,https://api.spotify.com/v1/tracks/4Mtj8Pf6GBFctUuG8mP9fO,,,US4E40844803,,,1yjOwnIzzjmQDMPu8mHinj,spotify:album:1yjOwnIzzjmQDMPu8mHinj,https://open.spotify.com/album/1yjOwnIzzjmQDMPu8mHinj,The Premonition,album,,10,2008-07-13,day,,P: (P) 2008 Century Media Records Ltd.,,https://i.scdn.co/image/ab67616d0000b273115870a1892f8f8a1cfae7eb,,70I9vE7YTwKmelfEplXc5r,Firewind,spotify:artist:70I9vE7YTwKmelfEplXc5r,https://open.spotify.com/artist/70I9vE7YTwKmelfEplXc5r,,,,108314,"108,314",false,Spotify public artist page,,https://i.scdn.co/image/ab6761610000e5eb65dfd5aaf0e94b6c190d63b4,,70I9vE7YTwKmelfEplXc5r,Firewind,https://open.spotify.com/artist/70I9vE7YTwKmelfEplXc5r,"[{""artist_id"": ""70I9vE7YTwKmelfEplXc5r"", ""artist_name"": ""Firewind"", ""artist_url"": ""https://open.spotify.com/artist/70I9vE7YTwKmelfEplXc5r"", ""monthly_listeners"": ""108314"", ""monthly_listeners_display"": ""108,314"", ""is_approx"": ""false"", ""fetch_error"": """"}]","[{""artist_id"": ""70I9vE7YTwKmelfEplXc5r"", ""artist_name"": ""Firewind"", ""artist_uri"": ""spotify:artist:70I9vE7YTwKmelfEplXc5r"", ""artist_url"": ""https://open.spotify.com/artist/70I9vE7YTwKmelfEplXc5r"", ""artist_type"": ""artist"", ""artist_genres"": """", ""artist_spotify_api_popularity"": """", ""artist_followers_total"": """", ""artist_image_url"": ""https://i.scdn.co/image/ab6761610000e5eb65dfd5aaf0e94b6c190d63b4"", ""artist_lookup_error"": """", ""artist_monthly_listeners"": ""108314"", ""artist_monthly_listeners_display"": ""108,314"", ""artist_monthly_listeners_is_approx"": ""false"", ""artist_monthly_listeners_source"": ""Spotify public artist page"", ""artist_monthly_listeners_fetch_error"": """"}]",0,,"{""spotify"": ""https://open.spotify.com/track/4Mtj8Pf6GBFctUuG8mP9fO""}",{}
week5_17august,2026-08-17T07:40:10+00:00,Spotify,Aysima Karçaaltıncaba,aaaaysimaaaa,Week5_User5,Week5_User5,4oBT7mfCflwiHfRKpfco6I,spotify:playlist:4oBT7mfCflwiHfRKpfco6I,https://open.spotify.com/playlist/4oBT7mfCflwiHfRKpfco6I,,aaaaysimaaaa,Aysima Karçaaltıncaba,True,False,0,AAAAAzybBtdFrffZ8DoczcB1U9QkuVMT,,6,2026-08-17T07:22:58Z,aaaaysimaaaa,primary_artist_monthly_listeners,107405,"107,405",Spotify public artist page,false,,3m7rOz2R0CTanwRIcBtndb,spotify:track:3m7rOz2R0CTanwRIcBtndb,https://open.spotify.com/track/3m7rOz2R0CTanwRIcBtndb,Conquistadores - 2017 Remaster,track,7,1,289173,289.173,False,False,True,,https://api.spotify.com/v1/tracks/3m7rOz2R0CTanwRIcBtndb,https://api.spotify.com/v1/tracks/3m7rOz2R0CTanwRIcBtndb,,,GB5KW1701817,,,10dgMHUxjgLKR5FO0BHDXS,spotify:album:10dgMHUxjgLKR5FO0BHDXS,https://open.spotify.com/album/10dgMHUxjgLKR5FO0BHDXS,Port Royal (Expanded Version; 2017 Remaster),album,,14,2017-08-11,day,,"C: © 2017 Sanctuary Records Group Ltd., a BMG Company; P: ℗ 2017 Sanctuary Records Group Ltd., a BMG Company",,https://i.scdn.co/image/ab67616d0000b27363ed79bb631289f7d4cb3444,,7954VFaZClkL503srfV5PE,Running Wild,spotify:artist:7954VFaZClkL503srfV5PE,https://open.spotify.com/artist/7954VFaZClkL503srfV5PE,,,,107405,"107,405",false,Spotify public artist page,,https://i.scdn.co/image/ffc7d8dd0a29d7ca6f0840f2c2d9050f5a60d97d,,7954VFaZClkL503srfV5PE,Running Wild,https://open.spotify.com/artist/7954VFaZClkL503srfV5PE,"[{""artist_id"": ""7954VFaZClkL503srfV5PE"", ""artist_name"": ""Running Wild"", ""artist_url"": ""https://open.spotify.com/artist/7954VFaZClkL503srfV5PE"", ""monthly_listeners"": ""107405"", ""monthly_listeners_display"": ""107,405"", ""is_approx"": ""false"", ""fetch_error"": """"}]","[{""artist_id"": ""7954VFaZClkL503srfV5PE"", ""artist_name"": ""Running Wild"", ""artist_uri"": ""spotify:artist:7954VFaZClkL503srfV5PE"", ""artist_url"": ""https://open.spotify.com/artist/7954VFaZClkL503srfV5PE"", ""artist_type"": ""artist"", ""artist_genres"": """", ""artist_spotify_api_popularity"": """", ""artist_followers_total"": """", ""artist_image_url"": ""https://i.scdn.co/image/ffc7d8dd0a29d7ca6f0840f2c2d9050f5a60d97d"", ""artist_lookup_error"": """", ""artist_monthly_listeners"": ""107405"", ""artist_monthly_listeners_display"": ""107,405"", ""artist_monthly_listeners_is_approx"": ""false"", ""artist_monthly_listeners_source"": ""Spotify public artist page"", ""artist_monthly_listeners_fetch_error"": """"}]",0,,"{""spotify"": ""https://open.spotify.com/track/3m7rOz2R0CTanwRIcBtndb""}",{}
week5_17august,2026-08-17T07:40:10+00:00,Spotify,Aysima Karçaaltıncaba,aaaaysimaaaa,Week5_User5,Week5_User5,4oBT7mfCflwiHfRKpfco6I,spotify:playlist:4oBT7mfCflwiHfRKpfco6I,https://open.spotify.com/playlist/4oBT7mfCflwiHfRKpfco6I,,aaaaysimaaaa,Aysima Karçaaltıncaba,True,False,0,AAAAAzybBtdFrffZ8DoczcB1U9QkuVMT,,7,2026-08-17T07:22:58Z,aaaaysimaaaa,primary_artist_monthly_listeners,16586,"16,586",Spotify public artist page,false,,73k60UciuH1K0HusB2ixSQ,spotify:track:73k60UciuH1K0HusB2ixSQ,https://open.spotify.com/track/73k60UciuH1K0HusB2ixSQ,The Wingman,track,1,1,237773,237.773,False,False,True,,https://api.spotify.com/v1/tracks/73k60UciuH1K0HusB2ixSQ,https://api.spotify.com/v1/tracks/73k60UciuH1K0HusB2ixSQ,,,DET270709801,,,2B47M3ekeNDYSw0lU3Ejfc,spotify:album:2B47M3ekeNDYSw0lU3Ejfc,https://open.spotify.com/album/2B47M3ekeNDYSw0lU3Ejfc,Waterlines,album,,11,2007,year,,C: (C) 2007 Limb Music,,https://i.scdn.co/image/ab67616d0000b27332e9e4c8a3cd91dc486fa465,,72AisxxoPQu3Q0K5UgvQew,Excalion,spotify:artist:72AisxxoPQu3Q0K5UgvQew,https://open.spotify.com/artist/72AisxxoPQu3Q0K5UgvQew,,,,16586,"16,586",false,Spotify public artist page,,https://i.scdn.co/image/ab6761610000e5eb3e77c1be159b45fc7aed9a32,,72AisxxoPQu3Q0K5UgvQew,Excalion,https://open.spotify.com/artist/72AisxxoPQu3Q0K5UgvQew,"[{""artist_id"": ""72AisxxoPQu3Q0K5UgvQew"", ""artist_name"": ""Excalion"", ""artist_url"": ""https://open.spotify.com/artist/72AisxxoPQu3Q0K5UgvQew"", ""monthly_listeners"": ""16586"", ""monthly_listeners_display"": ""16,586"", ""is_approx"": ""false"", ""fetch_error"": """"}]","[{""artist_id"": ""72AisxxoPQu3Q0K5UgvQew"", ""artist_name"": ""Excalion"", ""artist_uri"": ""spotify:artist:72AisxxoPQu3Q0K5UgvQew"", ""artist_url"": ""https://open.spotify.com/artist/72AisxxoPQu3Q0K5UgvQew"", ""artist_type"": ""artist"", ""artist_genres"": """", ""artist_spotify_api_popularity"": """", ""artist_followers_total"": """", ""artist_image_url"": ""https://i.scdn.co/image/ab6761610000e5eb3e77c1be159b45fc7aed9a32"", ""artist_lookup_error"": """", ""artist_monthly_listeners"": ""16586"", ""artist_monthly_listeners_display"": ""16,586"", ""artist_monthly_listeners_is_approx"": ""false"", ""artist_monthly_listeners_source"": ""Spotify public artist page"", ""artist_monthly_listeners_fetch_error"": """"}]",0,,"{""spotify"": ""https://open.spotify.com/track/73k60UciuH1K0HusB2ixSQ""}",{}
week5_17august,2026-08-17T07:40:10+00:00,Spotify,Aysima Karçaaltıncaba,aaaaysimaaaa,Week5_User5,Week5_User5,4oBT7mfCflwiHfRKpfco6I,spotify:playlist:4oBT7mfCflwiHfRKpfco6I,https://open.spotify.com/playlist/4oBT7mfCflwiHfRKpfco6I,,aaaaysimaaaa,Aysima Karçaaltıncaba,True,False,0,AAAAAzybBtdFrffZ8DoczcB1U9QkuVMT,,8,2026-08-17T07:22:58Z,aaaaysimaaaa,primary_artist_monthly_listeners,14053,"14,053",Spotify public artist page,false,,4t9ax3CjKoJUCn4mO6QS9d,spotify:track:4t9ax3CjKoJUCn4mO6QS9d,https://open.spotify.com/track/4t9ax3CjKoJUCn4mO6QS9d,Full Throttle,track,2,1,230964,230.964,False,False,True,,https://api.spotify.com/v1/tracks/4t9ax3CjKoJUCn4mO6QS9d,https://api.spotify.com/v1/tracks/4t9ax3CjKoJUCn4mO6QS9d,,,DEU601606525,,,6NTy6aMObIjW1FRLc36jZU,spotify:album:6NTy6aMObIjW1FRLc36jZU,https://open.spotify.com/album/6NTy6aMObIjW1FRLc36jZU,Burn up the Night,album,,8,2016-09-23,day,,C: 2016 AFM Records; P: 2016 AFM Records,,https://i.scdn.co/image/ab67616d0000b273e172371c64895da14e51ec64,,0SmK0Nh1fuDYGSGWDI3eVh,Kryptos,spotify:artist:0SmK0Nh1fuDYGSGWDI3eVh,https://open.spotify.com/artist/0SmK0Nh1fuDYGSGWDI3eVh,,,,14053,"14,053",false,Spotify public artist page,,https://i.scdn.co/image/ab6761610000e5ebca00a79ff51150dac65c4aa1,,0SmK0Nh1fuDYGSGWDI3eVh,Kryptos,https://open.spotify.com/artist/0SmK0Nh1fuDYGSGWDI3eVh,"[{""artist_id"": ""0SmK0Nh1fuDYGSGWDI3eVh"", ""artist_name"": ""Kryptos"", ""artist_url"": ""https://open.spotify.com/artist/0SmK0Nh1fuDYGSGWDI3eVh"", ""monthly_listeners"": ""14053"", ""monthly_listeners_display"": ""14,053"", ""is_approx"": ""false"", ""fetch_error"": """"}]","[{""artist_id"": ""0SmK0Nh1fuDYGSGWDI3eVh"", ""artist_name"": ""Kryptos"", ""artist_uri"": ""spotify:artist:0SmK0Nh1fuDYGSGWDI3eVh"", ""artist_url"": ""https://open.spotify.com/artist/0SmK0Nh1fuDYGSGWDI3eVh"", ""artist_type"": ""artist"", ""artist_genres"": """", ""artist_spotify_api_popularity"": """", ""artist_followers_total"": """", ""artist_image_url"": ""https://i.scdn.co/image/ab6761610000e5ebca00a79ff51150dac65c4aa1"", ""artist_lookup_error"": """", ""artist_monthly_listeners"": ""14053"", ""artist_monthly_listeners_display"": ""14,053"", ""artist_monthly_listeners_is_approx"": ""false"", ""artist_monthly_listeners_source"": ""Spotify public artist page"", ""artist_monthly_listeners_fetch_error"": """"}]",0,,"{""spotify"": ""https://open.spotify.com/track/4t9ax3CjKoJUCn4mO6QS9d""}",{}
week5_17august,2026-08-17T07:40:10+00:00,Spotify,Aysima Karçaaltıncaba,aaaaysimaaaa,Week5_User5,Week5_User5,4oBT7mfCflwiHfRKpfco6I,spotify:playlist:4oBT7mfCflwiHfRKpfco6I,https://open.spotify.com/playlist/4oBT7mfCflwiHfRKpfco6I,,aaaaysimaaaa,Aysima Karçaaltıncaba,True,False,0,AAAAAzybBtdFrffZ8DoczcB1U9QkuVMT,,9,2026-08-17T07:22:58Z,aaaaysimaaaa,primary_artist_monthly_listeners,868739,"868,739",Spotify public artist page,false,,7K8tplxNrEPRR2wcc6y0xT,spotify:track:7K8tplxNrEPRR2wcc6y0xT,https://open.spotify.com/track/7K8tplxNrEPRR2wcc6y0xT,At the End of the Rainbow,track,6,1,245973,245.973,False,False,True,,https://api.spotify.com/v1/tracks/7K8tplxNrEPRR2wcc6y0xT,https://api.spotify.com/v1/tracks/7K8tplxNrEPRR2wcc6y0xT,,,DED839841606,,,4uy63xsAGgdSx0mXaQ1lfl,spotify:album:4uy63xsAGgdSx0mXaQ1lfl,https://open.spotify.com/album/4uy63xsAGgdSx0mXaQ1lfl,Legacy of Kings,album,,10,1998-09-28,day,,"C: 1998 HammerFall Managament, under exclusive license to Nuclear Blast GmbH; P: 1998 HammerFall Managament, under exclusive license to Nuclear Blast GmbH",,https://i.scdn.co/image/ab67616d0000b273c74508076e95a160cf40643f,,2o18h28enlHxj887tATc58,HammerFall,spotify:artist:2o18h28enlHxj887tATc58,https://open.spotify.com/artist/2o18h28enlHxj887tATc58,,,,868739,"868,739",false,Spotify public artist page,,https://i.scdn.co/image/ab6761610000e5eb9a0164f238589f0c0ca31088,,2o18h28enlHxj887tATc58,HammerFall,https://open.spotify.com/artist/2o18h28enlHxj887tATc58,"[{""artist_id"": ""2o18h28enlHxj887tATc58"", ""artist_name"": ""HammerFall"", ""artist_url"": ""https://open.spotify.com/artist/2o18h28enlHxj887tATc58"", ""monthly_listeners"": ""868739"", ""monthly_listeners_display"": ""868,739"", ""is_approx"": ""false"", ""fetch_error"": """"}]","[{""artist_id"": ""2o18h28enlHxj887tATc58"", ""artist_name"": ""HammerFall"", ""artist_uri"": ""spotify:artist:2o18h28enlHxj887tATc58"", ""artist_url"": ""https://open.spotify.com/artist/2o18h28enlHxj887tATc58"", ""artist_type"": ""artist"", ""artist_genres"": """", ""artist_spotify_api_popularity"": """", ""artist_followers_total"": """", ""artist_image_url"": ""https://i.scdn.co/image/ab6761610000e5eb9a0164f238589f0c0ca31088"", ""artist_lookup_error"": """", ""artist_monthly_listeners"": ""868739"", ""artist_monthly_listeners_display"": ""868,739"", ""artist_monthly_listeners_is_approx"": ""false"", ""artist_monthly_listeners_source"": ""Spotify public artist page"", ""artist_monthly_listeners_fetch_error"": """"}]",0,,"{""spotify"": ""https://open.spotify.com/track/7K8tplxNrEPRR2wcc6y0xT""}",{}
week5_17august,2026-08-17T07:40:10+00:00,Spotify,Aysima Karçaaltıncaba,aaaaysimaaaa,Week5_User5,Week5_User5,4oBT7mfCflwiHfRKpfco6I,spotify:playlist:4oBT7mfCflwiHfRKpfco6I,https://open.spotify.com/playlist/4oBT7mfCflwiHfRKpfco6I,,aaaaysimaaaa,Aysima Karçaaltıncaba,True,False,0,AAAAAzybBtdFrffZ8DoczcB1U9QkuVMT,,10,2026-08-17T07:22:58Z,aaaaysimaaaa,primary_artist_monthly_listeners,584122,"584,122",Spotify public artist page,false,,6YTOLMRTnLAdPOo1kxjNoZ,spotify:track:6YTOLMRTnLAdPOo1kxjNoZ,https://open.spotify.com/track/6YTOLMRTnLAdPOo1kxjNoZ,Avantasia,track,9,1,331533,331.533,False,False,True,,https://api.spotify.com/v1/tracks/6YTOLMRTnLAdPOo1kxjNoZ,https://api.spotify.com/v1/tracks/6YTOLMRTnLAdPOo1kxjNoZ,,,DEZ900500547,,,2HA77HLuzBmzeJp0Hc4YFO,spotify:album:2HA77HLuzBmzeJp0Hc4YFO,https://open.spotify.com/album/2HA77HLuzBmzeJp0Hc4YFO,"The Metal Opera, Pt. I",album,,13,2001-01-22,day,,C: 2001 AFM Records; P: 2001 AFM Records,,https://i.scdn.co/image/ab67616d0000b273ad1a8e0311bbe50db73c3db8,,1Ih0fEQQsy9EeAJbYEeQRa,Avantasia,spotify:artist:1Ih0fEQQsy9EeAJbYEeQRa,https://open.spotify.com/artist/1Ih0fEQQsy9EeAJbYEeQRa,,,,584122,"584,122",false,Spotify public artist page,,https://i.scdn.co/image/ab6761610000e5eb28190c50d303fd27ed7c12ee,,1Ih0fEQQsy9EeAJbYEeQRa,Avantasia,https://open.spotify.com/artist/1Ih0fEQQsy9EeAJbYEeQRa,"[{""artist_id"": ""1Ih0fEQQsy9EeAJbYEeQRa"", ""artist_name"": ""Avantasia"", ""artist_url"": ""https://open.spotify.com/artist/1Ih0fEQQsy9EeAJbYEeQRa"", ""monthly_listeners"": ""584122"", ""monthly_listeners_display"": ""584,122"", ""is_approx"": ""false"", ""fetch_error"": """"}]","[{""artist_id"": ""1Ih0fEQQsy9EeAJbYEeQRa"", ""artist_name"": ""Avantasia"", ""artist_uri"": ""spotify:artist:1Ih0fEQQsy9EeAJbYEeQRa"", ""artist_url"": ""https://open.spotify.com/artist/1Ih0fEQQsy9EeAJbYEeQRa"", ""artist_type"": ""artist"", ""artist_genres"": """", ""artist_spotify_api_popularity"": """", ""artist_followers_total"": """", ""artist_image_url"": ""https://i.scdn.co/image/ab6761610000e5eb28190c50d303fd27ed7c12ee"", ""artist_lookup_error"": """", ""artist_monthly_listeners"": ""584122"", ""artist_monthly_listeners_display"": ""584,122"", ""artist_monthly_listeners_is_approx"": ""false"", ""artist_monthly_listeners_source"": ""Spotify public artist page"", ""artist_monthly_listeners_fetch_error"": """"}]",0,,"{""spotify"": ""https://open.spotify.com/track/6YTOLMRTnLAdPOo1kxjNoZ""}",{}
week5_17august,2026-08-17T07:40:10+00:00,Spotify,Aysima Karçaaltıncaba,aaaaysimaaaa,Week5_User5,Week5_User5,4oBT7mfCflwiHfRKpfco6I,spotify:playlist:4oBT7mfCflwiHfRKpfco6I,https://open.spotify.com/playlist/4oBT7mfCflwiHfRKpfco6I,,aaaaysimaaaa,Aysima Karçaaltıncaba,True,False,0,AAAAAzybBtdFrffZ8DoczcB1U9QkuVMT,,11,2026-08-17T07:22:58Z,aaaaysimaaaa,primary_artist_monthly_listeners,400540,"400,540",Spotify public artist page,false,,5LKm2vMBOtKq12C0padpN2,spotify:track:5LKm2vMBOtKq12C0padpN2,https://open.spotify.com/track/5LKm2vMBOtKq12C0padpN2,Gutter Ballet,track,2,1,380360,380.360,False,False,True,,https://api.spotify.com/v1/tracks/5LKm2vMBOtKq12C0padpN2,https://api.spotify.com/v1/tracks/5LKm2vMBOtKq12C0padpN2,,,DEB340900149,,,6zMeDffPrKyYSBf9AuyTIF,spotify:album:6zMeDffPrKyYSBf9AuyTIF,https://open.spotify.com/album/6zMeDffPrKyYSBf9AuyTIF,Gutter Ballet (2011 Edition),album,,13,1989,year,,C: 2011 Savatage Inc. under exclusive license to Edel Germany GmbH. earMUSIC is a project of Edel.; P: 2011 Savatage Inc. under exclusive license to Edel Germany GmbH. earMUSIC is a project of Edel.,,https://i.scdn.co/image/ab67616d0000b2738cda8b13ef9130cb6f7512b7,,3N1B1g6JtIgd6ClRkzD4yT,Savatage,spotify:artist:3N1B1g6JtIgd6ClRkzD4yT,https://open.spotify.com/artist/3N1B1g6JtIgd6ClRkzD4yT,,,,400540,"400,540",false,Spotify public artist page,,https://i.scdn.co/image/ab6761610000e5eb28ce3420531dadeaea4d8aef,,3N1B1g6JtIgd6ClRkzD4yT,Savatage,https://open.spotify.com/artist/3N1B1g6JtIgd6ClRkzD4yT,"[{""artist_id"": ""3N1B1g6JtIgd6ClRkzD4yT"", ""artist_name"": ""Savatage"", ""artist_url"": ""https://open.spotify.com/artist/3N1B1g6JtIgd6ClRkzD4yT"", ""monthly_listeners"": ""400540"", ""monthly_listeners_display"": ""400,540"", ""is_approx"": ""false"", ""fetch_error"": """"}]","[{""artist_id"": ""3N1B1g6JtIgd6ClRkzD4yT"", ""artist_name"": ""Savatage"", ""artist_uri"": ""spotify:artist:3N1B1g6JtIgd6ClRkzD4yT"", ""artist_url"": ""https://open.spotify.com/artist/3N1B1g6JtIgd6ClRkzD4yT"", ""artist_type"": ""artist"", ""artist_genres"": """", ""artist_spotify_api_popularity"": """", ""artist_followers_total"": """", ""artist_image_url"": ""https://i.scdn.co/image/ab6761610000e5eb28ce3420531dadeaea4d8aef"", ""artist_lookup_error"": """", ""artist_monthly_listeners"": ""400540"", ""artist_monthly_listeners_display"": ""400,540"", ""artist_monthly_listeners_is_approx"": ""false"", ""artist_monthly_listeners_source"": ""Spotify public artist page"", ""artist_monthly_listeners_fetch_error"": """"}]",0,,"{""spotify"": ""https://open.spotify.com/track/5LKm2vMBOtKq12C0padpN2""}",{}
week5_17august,2026-08-17T07:40:10+00:00,Spotify,Aysima Karçaaltıncaba,aaaaysimaaaa,Week5_User5,Week5_User5,4oBT7mfCflwiHfRKpfco6I,spotify:playlist:4oBT7mfCflwiHfRKpfco6I,https://open.spotify.com/playlist/4oBT7mfCflwiHfRKpfco6I,,aaaaysimaaaa,Aysima Karçaaltıncaba,True,False,0,AAAAAzybBtdFrffZ8DoczcB1U9QkuVMT,,12,2026-08-17T07:22:58Z,aaaaysimaaaa,primary_artist_monthly_listeners,1249585,"1,249,585",Spotify public artist page,false,,6LtjVoJQ1uTk69wxWuCYHy,spotify:track:6LtjVoJQ1uTk69wxWuCYHy,https://open.spotify.com/track/6LtjVoJQ1uTk69wxWuCYHy,End Of The World,track,11,1,310276,310.276,False,False,True,,https://api.spotify.com/v1/tracks/6LtjVoJQ1uTk69wxWuCYHy,https://api.spotify.com/v1/tracks/6LtjVoJQ1uTk69wxWuCYHy,,,DED831701302,,,499iZ0iesrciB5jO9jSOWx,spotify:album:499iZ0iesrciB5jO9jSOWx,https://open.spotify.com/album/499iZ0iesrciB5jO9jSOWx,Berserker,album,,12,2017-11-03,day,,C: 2017 Nuclear Blast; P: 2017 Nuclear Blast,,https://i.scdn.co/image/ab67616d0000b273eae389f411e0a8d740d03561,,0rEuaTPLMhlViNCJrg3NEH,Beast In Black,spotify:artist:0rEuaTPLMhlViNCJrg3NEH,https://open.spotify.com/artist/0rEuaTPLMhlViNCJrg3NEH,,,,1249585,"1,249,585",false,Spotify public artist page,,https://i.scdn.co/image/ab6761610000e5eb1664e277c53965cf8e474889,,0rEuaTPLMhlViNCJrg3NEH,Beast In Black,https://open.spotify.com/artist/0rEuaTPLMhlViNCJrg3NEH,"[{""artist_id"": ""0rEuaTPLMhlViNCJrg3NEH"", ""artist_name"": ""Beast In Black"", ""artist_url"": ""https://open.spotify.com/artist/0rEuaTPLMhlViNCJrg3NEH"", ""monthly_listeners"": ""1249585"", ""monthly_listeners_display"": ""1,249,585"", ""is_approx"": ""false"", ""fetch_error"": """"}]","[{""artist_id"": ""0rEuaTPLMhlViNCJrg3NEH"", ""artist_name"": ""Beast In Black"", ""artist_uri"": ""spotify:artist:0rEuaTPLMhlViNCJrg3NEH"", ""artist_url"": ""https://open.spotify.com/artist/0rEuaTPLMhlViNCJrg3NEH"", ""artist_type"": ""artist"", ""artist_genres"": """", ""artist_spotify_api_popularity"": """", ""artist_followers_total"": """", ""artist_image_url"": ""https://i.scdn.co/image/ab6761610000e5eb1664e277c53965cf8e474889"", ""artist_lookup_error"": """", ""artist_monthly_listeners"": ""1249585"", ""artist_monthly_listeners_display"": ""1,249,585"", ""artist_monthly_listeners_is_approx"": ""false"", ""artist_monthly_listeners_source"": ""Spotify public artist page"", ""artist_monthly_listeners_fetch_error"": """"}]",0,,"{""spotify"": ""https://open.spotify.com/track/6LtjVoJQ1uTk69wxWuCYHy""}",{}
week5_17august,2026-08-17T07:40:10+00:00,Spotify,Aysima Karçaaltıncaba,aaaaysimaaaa,Week5_User5,Week5_User5,4oBT7mfCflwiHfRKpfco6I,spotify:playlist:4oBT7mfCflwiHfRKpfco6I,https://open.spotify.com/playlist/4oBT7mfCflwiHfRKpfco6I,,aaaaysimaaaa,Aysima Karçaaltıncaba,True,False,0,AAAAAzybBtdFrffZ8DoczcB1U9QkuVMT,,13,2026-08-17T07:22:58Z,aaaaysimaaaa,primary_artist_monthly_listeners,194015,"194,015",Spotify public artist page,false,,0yyD9NWnZoRestLJVBtFGE,spotify:track:0yyD9NWnZoRestLJVBtFGE,https://open.spotify.com/track/0yyD9NWnZoRestLJVBtFGE,Andromeda,track,3,1,244093,244.093,False,False,True,,https://api.spotify.com/v1/tracks/0yyD9NWnZoRestLJVBtFGE,https://api.spotify.com/v1/tracks/0yyD9NWnZoRestLJVBtFGE,,,USMBR2014341,,,3Slb2LnbJfdXZPqPCNz6lz,spotify:album:3Slb2LnbJfdXZPqPCNz6lz,https://open.spotify.com/album/3Slb2LnbJfdXZPqPCNz6lz,Thalassic,album,,9,2020-07-10,day,,"C: (C) 2020 Metal Blade Records, Inc.; P: (P) 2020 Metal Blade Records, Inc.",,https://i.scdn.co/image/ab67616d0000b2733d516d3951879a6f05f748e2,,0krXCIkthz13P8o0v2tksH,Ensiferum,spotify:artist:0krXCIkthz13P8o0v2tksH,https://open.spotify.com/artist/0krXCIkthz13P8o0v2tksH,,,,194015,"194,015",false,Spotify public artist page,,https://i.scdn.co/image/ab6761610000e5eb0a5ef9d5834390b5ebdee107,,0krXCIkthz13P8o0v2tksH,Ensiferum,https://open.spotify.com/artist/0krXCIkthz13P8o0v2tksH,"[{""artist_id"": ""0krXCIkthz13P8o0v2tksH"", ""artist_name"": ""Ensiferum"", ""artist_url"": ""https://open.spotify.com/artist/0krXCIkthz13P8o0v2tksH"", ""monthly_listeners"": ""194015"", ""monthly_listeners_display"": ""194,015"", ""is_approx"": ""false"", ""fetch_error"": """"}]","[{""artist_id"": ""0krXCIkthz13P8o0v2tksH"", ""artist_name"": ""Ensiferum"", ""artist_uri"": ""spotify:artist:0krXCIkthz13P8o0v2tksH"", ""artist_url"": ""https://open.spotify.com/artist/0krXCIkthz13P8o0v2tksH"", ""artist_type"": ""artist"", ""artist_genres"": """", ""artist_spotify_api_popularity"": """", ""artist_followers_total"": """", ""artist_image_url"": ""https://i.scdn.co/image/ab6761610000e5eb0a5ef9d5834390b5ebdee107"", ""artist_lookup_error"": """", ""artist_monthly_listeners"": ""194015"", ""artist_monthly_listeners_display"": ""194,015"", ""artist_monthly_listeners_is_approx"": ""false"", ""artist_monthly_listeners_source"": ""Spotify public artist page"", ""artist_monthly_listeners_fetch_error"": """"}]",0,,"{""spotify"": ""https://open.spotify.com/track/0yyD9NWnZoRestLJVBtFGE""}",{}
week5_17august,2026-08-17T07:40:10+00:00,Spotify,Aysima Karçaaltıncaba,aaaaysimaaaa,Week5_User5,Week5_User5,4oBT7mfCflwiHfRKpfco6I,spotify:playlist:4oBT7mfCflwiHfRKpfco6I,https://open.spotify.com/playlist/4oBT7mfCflwiHfRKpfco6I,,aaaaysimaaaa,Aysima Karçaaltıncaba,True,False,0,AAAAAzybBtdFrffZ8DoczcB1U9QkuVMT,,14,2026-08-17T07:22:58Z,aaaaysimaaaa,primary_artist_monthly_listeners,172653,"172,653",Spotify public artist page,false,,1BaJ4KLFgnveSRGKBwRWve,spotify:track:1BaJ4KLFgnveSRGKBwRWve,https://open.spotify.com/track/1BaJ4KLFgnveSRGKBwRWve,Heroes,track,6,1,213573,213.573,False,False,True,,https://api.spotify.com/v1/tracks/1BaJ4KLFgnveSRGKBwRWve,https://api.spotify.com/v1/tracks/1BaJ4KLFgnveSRGKBwRWve,,,DET970200006,,,6FxqNK88NImuiMIpCrTZee,spotify:album:6FxqNK88NImuiMIpCrTZee,https://open.spotify.com/album/6FxqNK88NImuiMIpCrTZee,Masterplan,album,,11,2003-01-20,day,,C: 2003 AFM Records; P: 2003 AFM Records,,https://i.scdn.co/image/ab67616d0000b2737479397fc56803ba3511fd1c,,1OHNvr18TssBKYK0A75yvx,Masterplan,spotify:artist:1OHNvr18TssBKYK0A75yvx,https://open.spotify.com/artist/1OHNvr18TssBKYK0A75yvx,,,,172653,"172,653",false,Spotify public artist page,,https://i.scdn.co/image/ab6761610000e5eb8cfdd5ee976e9da4af82d208,,1OHNvr18TssBKYK0A75yvx,Masterplan,https://open.spotify.com/artist/1OHNvr18TssBKYK0A75yvx,"[{""artist_id"": ""1OHNvr18TssBKYK0A75yvx"", ""artist_name"": ""Masterplan"", ""artist_url"": ""https://open.spotify.com/artist/1OHNvr18TssBKYK0A75yvx"", ""monthly_listeners"": ""172653"", ""monthly_listeners_display"": ""172,653"", ""is_approx"": ""false"", ""fetch_error"": """"}]","[{""artist_id"": ""1OHNvr18TssBKYK0A75yvx"", ""artist_name"": ""Masterplan"", ""artist_uri"": ""spotify:artist:1OHNvr18TssBKYK0A75yvx"", ""artist_url"": ""https://open.spotify.com/artist/1OHNvr18TssBKYK0A75yvx"", ""artist_type"": ""artist"", ""artist_genres"": """", ""artist_spotify_api_popularity"": """", ""artist_followers_total"": """", ""artist_image_url"": ""https://i.scdn.co/image/ab6761610000e5eb8cfdd5ee976e9da4af82d208"", ""artist_lookup_error"": """", ""artist_monthly_listeners"": ""172653"", ""artist_monthly_listeners_display"": ""172,653"", ""artist_monthly_listeners_is_approx"": ""false"", ""artist_monthly_listeners_source"": ""Spotify public artist page"", ""artist_monthly_listeners_fetch_error"": """"}]",0,,"{""spotify"": ""https://open.spotify.com/track/1BaJ4KLFgnveSRGKBwRWve""}",{}
week5_17august,2026-08-17T07:40:10+00:00,Spotify,Aysima Karçaaltıncaba,aaaaysimaaaa,Week5_User5,Week5_User5,4oBT7mfCflwiHfRKpfco6I,spotify:playlist:4oBT7mfCflwiHfRKpfco6I,https://open.spotify.com/playlist/4oBT7mfCflwiHfRKpfco6I,,aaaaysimaaaa,Aysima Karçaaltıncaba,True,False,0,AAAAAzybBtdFrffZ8DoczcB1U9QkuVMT,,15,2026-08-17T07:22:58Z,aaaaysimaaaa,primary_artist_monthly_listeners,1210168,"1,210,168",Spotify public artist page,false,,00FuOCmghgctxEsVVMGKDk,spotify:track:00FuOCmghgctxEsVVMGKDk,https://open.spotify.com/track/00FuOCmghgctxEsVVMGKDk,Crack the Sky,track,2,1,230317,230.317,True,False,True,,https://api.spotify.com/v1/tracks/00FuOCmghgctxEsVVMGKDk,https://api.spotify.com/v1/tracks/00FuOCmghgctxEsVVMGKDk,,,USMBR1913487,,,4NxlBCBuzKXCwNVNMfRGUa,spotify:album:4NxlBCBuzKXCwNVNMfRGUa,https://open.spotify.com/album/4NxlBCBuzKXCwNVNMfRGUa,Berserker,album,,12,2019-05-03,day,,"C: (C) 2019 Metal Blade Records, Inc.; P: (P) 2019 Metal Blade Records, Inc.",,https://i.scdn.co/image/ab67616d0000b2738d529980602b892735c091c7,,3pulcT2wt7FEG10lQlqDJL,Amon Amarth,spotify:artist:3pulcT2wt7FEG10lQlqDJL,https://open.spotify.com/artist/3pulcT2wt7FEG10lQlqDJL,,,,1210168,"1,210,168",false,Spotify public artist page,,https://i.scdn.co/image/ab6761610000e5ebe0ed6357e133abef229c44a3,,3pulcT2wt7FEG10lQlqDJL,Amon Amarth,https://open.spotify.com/artist/3pulcT2wt7FEG10lQlqDJL,"[{""artist_id"": ""3pulcT2wt7FEG10lQlqDJL"", ""artist_name"": ""Amon Amarth"", ""artist_url"": ""https://open.spotify.com/artist/3pulcT2wt7FEG10lQlqDJL"", ""monthly_listeners"": ""1210168"", ""monthly_listeners_display"": ""1,210,168"", ""is_approx"": ""false"", ""fetch_error"": """"}]","[{""artist_id"": ""3pulcT2wt7FEG10lQlqDJL"", ""artist_name"": ""Amon Amarth"", ""artist_uri"": ""spotify:artist:3pulcT2wt7FEG10lQlqDJL"", ""artist_url"": ""https://open.spotify.com/artist/3pulcT2wt7FEG10lQlqDJL"", ""artist_type"": ""artist"", ""artist_genres"": """", ""artist_spotify_api_popularity"": """", ""artist_followers_total"": """", ""artist_image_url"": ""https://i.scdn.co/image/ab6761610000e5ebe0ed6357e133abef229c44a3"", ""artist_lookup_error"": """", ""artist_monthly_listeners"": ""1210168"", ""artist_monthly_listeners_display"": ""1,210,168"", ""artist_monthly_listeners_is_approx"": ""false"", ""artist_monthly_listeners_source"": ""Spotify public artist page"", ""artist_monthly_listeners_fetch_error"": """"}]",0,,"{""spotify"": ""https://open.spotify.com/track/00FuOCmghgctxEsVVMGKDk""}",{}
week5_17august,2026-08-17T07:40:10+00:00,Spotify,Aysima Karçaaltıncaba,aaaaysimaaaa,Week5_User5,Week5_User5,4oBT7mfCflwiHfRKpfco6I,spotify:playlist:4oBT7mfCflwiHfRKpfco6I,https://open.spotify.com/playlist/4oBT7mfCflwiHfRKpfco6I,,aaaaysimaaaa,Aysima Karçaaltıncaba,True,False,0,AAAAAzybBtdFrffZ8DoczcB1U9QkuVMT,,16,2026-08-17T07:22:58Z,aaaaysimaaaa,primary_artist_monthly_listeners,4222819,"4,222,819",Spotify public artist page,false,,4zX2bEgFHUIZV8rR3qsLor,spotify:track:4zX2bEgFHUIZV8rR3qsLor,https://open.spotify.com/track/4zX2bEgFHUIZV8rR3qsLor,Halls of Valhalla,track,3,1,364075,364.075,False,False,True,,https://api.spotify.com/v1/tracks/4zX2bEgFHUIZV8rR3qsLor,https://api.spotify.com/v1/tracks/4zX2bEgFHUIZV8rR3qsLor,,,GBARL1400240,,,0RIfXMHvRpLqHsZ0FZE3mS,spotify:album:0RIfXMHvRpLqHsZ0FZE3mS,https://open.spotify.com/album/0RIfXMHvRpLqHsZ0FZE3mS,Redeemer of Souls (Deluxe),album,,18,2014-07-07,day,,P: (P) 2014 Sony Music Entertainment UK Limited,,https://i.scdn.co/image/ab67616d0000b273a3734dd28eec5dccfd941846,,2tRsMl4eGxwoNabM08Dm4I,Judas Priest,spotify:artist:2tRsMl4eGxwoNabM08Dm4I,https://open.spotify.com/artist/2tRsMl4eGxwoNabM08Dm4I,,,,4222819,"4,222,819",false,Spotify public artist page,,https://i.scdn.co/image/ab6761610000e5eb4b3cfc24737acb15e73e8bd6,,2tRsMl4eGxwoNabM08Dm4I,Judas Priest,https://open.spotify.com/artist/2tRsMl4eGxwoNabM08Dm4I,"[{""artist_id"": ""2tRsMl4eGxwoNabM08Dm4I"", ""artist_name"": ""Judas Priest"", ""artist_url"": ""https://open.spotify.com/artist/2tRsMl4eGxwoNabM08Dm4I"", ""monthly_listeners"": ""4222819"", ""monthly_listeners_display"": ""4,222,819"", ""is_approx"": ""false"", ""fetch_error"": """"}]","[{""artist_id"": ""2tRsMl4eGxwoNabM08Dm4I"", ""artist_name"": ""Judas Priest"", ""artist_uri"": ""spotify:artist:2tRsMl4eGxwoNabM08Dm4I"", ""artist_url"": ""https://open.spotify.com/artist/2tRsMl4eGxwoNabM08Dm4I"", ""artist_type"": ""artist"", ""artist_genres"": """", ""artist_spotify_api_popularity"": """", ""artist_followers_total"": """", ""artist_image_url"": ""https://i.scdn.co/image/ab6761610000e5eb4b3cfc24737acb15e73e8bd6"", ""artist_lookup_error"": """", ""artist_monthly_listeners"": ""4222819"", ""artist_monthly_listeners_display"": ""4,222,819"", ""artist_monthly_listeners_is_approx"": ""false"", ""artist_monthly_listeners_source"": ""Spotify public artist page"", ""artist_monthly_listeners_fetch_error"": """"}]",0,,"{""spotify"": ""https://open.spotify.com/track/4zX2bEgFHUIZV8rR3qsLor""}",{}
week5_17august,2026-08-17T07:40:10+00:00,Spotify,Aysima Karçaaltıncaba,aaaaysimaaaa,Week5_User5,Week5_User5,4oBT7mfCflwiHfRKpfco6I,spotify:playlist:4oBT7mfCflwiHfRKpfco6I,https://open.spotify.com/playlist/4oBT7mfCflwiHfRKpfco6I,,aaaaysimaaaa,Aysima Karçaaltıncaba,True,False,0,AAAAAzybBtdFrffZ8DoczcB1U9QkuVMT,,17,2026-08-17T07:22:58Z,aaaaysimaaaa,primary_artist_monthly_listeners,179130,"179,130",Spotify public artist page,false,,41WYMfl4K0Ol7GH1wO4m9D,spotify:track:41WYMfl4K0Ol7GH1wO4m9D,https://open.spotify.com/track/41WYMfl4K0Ol7GH1wO4m9D,Heaven or Hell,track,4,1,256278,256.278,False,False,True,,https://api.spotify.com/v1/tracks/41WYMfl4K0Ol7GH1wO4m9D,https://api.spotify.com/v1/tracks/41WYMfl4K0Ol7GH1wO4m9D,,,GBAJE0100092,,,7ywbmNj3poSGGxLfG7S1hE,spotify:album:7ywbmNj3poSGGxLfG7S1hE,https://open.spotify.com/album/7ywbmNj3poSGGxLfG7S1hE,No World Order,album,,11,2001-09-10,day,,"C: 2001 Gamma Ray / earMUSIC, a label of Edel Music & Entertainment GmbH; P: 2022 earMUSIC, a label of Edel Music & Entertainment GmbH",,https://i.scdn.co/image/ab67616d0000b27364133a7ae5d24ed7e279a932,,6LZE884lDIsCSLHuTplfGp,Gamma Ray,spotify:artist:6LZE884lDIsCSLHuTplfGp,https://open.spotify.com/artist/6LZE884lDIsCSLHuTplfGp,,,,179130,"179,130",false,Spotify public artist page,,https://i.scdn.co/image/ab6772690000c46c1110b1a024312710e7c796c4,,6LZE884lDIsCSLHuTplfGp,Gamma Ray,https://open.spotify.com/artist/6LZE884lDIsCSLHuTplfGp,"[{""artist_id"": ""6LZE884lDIsCSLHuTplfGp"", ""artist_name"": ""Gamma Ray"", ""artist_url"": ""https://open.spotify.com/artist/6LZE884lDIsCSLHuTplfGp"", ""monthly_listeners"": ""179130"", ""monthly_listeners_display"": ""179,130"", ""is_approx"": ""false"", ""fetch_error"": """"}]","[{""artist_id"": ""6LZE884lDIsCSLHuTplfGp"", ""artist_name"": ""Gamma Ray"", ""artist_uri"": ""spotify:artist:6LZE884lDIsCSLHuTplfGp"", ""artist_url"": ""https://open.spotify.com/artist/6LZE884lDIsCSLHuTplfGp"", ""artist_type"": ""artist"", ""artist_genres"": """", ""artist_spotify_api_popularity"": """", ""artist_followers_total"": """", ""artist_image_url"": ""https://i.scdn.co/image/ab6772690000c46c1110b1a024312710e7c796c4"", ""artist_lookup_error"": """", ""artist_monthly_listeners"": ""179130"", ""artist_monthly_listeners_display"": ""179,130"", ""artist_monthly_listeners_is_approx"": ""false"", ""artist_monthly_listeners_source"": ""Spotify public artist page"", ""artist_monthly_listeners_fetch_error"": """"}]",0,,"{""spotify"": ""https://open.spotify.com/track/41WYMfl4K0Ol7GH1wO4m9D""}",{}
week5_17august,2026-08-17T07:40:10+00:00,Spotify,Aysima Karçaaltıncaba,aaaaysimaaaa,Week5_User5,Week5_User5,4oBT7mfCflwiHfRKpfco6I,spotify:playlist:4oBT7mfCflwiHfRKpfco6I,https://open.spotify.com/playlist/4oBT7mfCflwiHfRKpfco6I,,aaaaysimaaaa,Aysima Karçaaltıncaba,True,False,0,AAAAAzybBtdFrffZ8DoczcB1U9QkuVMT,,18,2026-08-17T07:22:58Z,aaaaysimaaaa,primary_artist_monthly_listeners,28635,"28,635",Spotify public artist page,false,,6ruhOxyV98u0nHjd4bX5KM,spotify:track:6ruhOxyV98u0nHjd4bX5KM,https://open.spotify.com/track/6ruhOxyV98u0nHjd4bX5KM,Your Time Has Come,track,2,1,303493,303.493,False,False,True,,https://api.spotify.com/v1/tracks/6ruhOxyV98u0nHjd4bX5KM,https://api.spotify.com/v1/tracks/6ruhOxyV98u0nHjd4bX5KM,,,DEH841400201,,,3cQzjRT13tkhslb7ii9NcD,spotify:album:3cQzjRT13tkhslb7ii9NcD,https://open.spotify.com/album/3cQzjRT13tkhslb7ii9NcD,Light of Dawn,album,,12,2014-08-01,day,,C: 2014 Edel Germany GmbH. earMUSIC is a project of Edel.; P: 2014 Edel Germany GmbH. earMUSIC is a project of Edel.,,https://i.scdn.co/image/ab67616d0000b27373c0fd64f80440fb41dc2601,,3DDcmHnwKjM4sQ8qm34JMU,Unisonic,spotify:artist:3DDcmHnwKjM4sQ8qm34JMU,https://open.spotify.com/artist/3DDcmHnwKjM4sQ8qm34JMU,,,,28635,"28,635",false,Spotify public artist page,,https://i.scdn.co/image/ab6761610000e5eb0be750ff9272422d98f971b0,,3DDcmHnwKjM4sQ8qm34JMU,Unisonic,https://open.spotify.com/artist/3DDcmHnwKjM4sQ8qm34JMU,"[{""artist_id"": ""3DDcmHnwKjM4sQ8qm34JMU"", ""artist_name"": ""Unisonic"", ""artist_url"": ""https://open.spotify.com/artist/3DDcmHnwKjM4sQ8qm34JMU"", ""monthly_listeners"": ""28635"", ""monthly_listeners_display"": ""28,635"", ""is_approx"": ""false"", ""fetch_error"": """"}]","[{""artist_id"": ""3DDcmHnwKjM4sQ8qm34JMU"", ""artist_name"": ""Unisonic"", ""artist_uri"": ""spotify:artist:3DDcmHnwKjM4sQ8qm34JMU"", ""artist_url"": ""https://open.spotify.com/artist/3DDcmHnwKjM4sQ8qm34JMU"", ""artist_type"": ""artist"", ""artist_genres"": """", ""artist_spotify_api_popularity"": """", ""artist_followers_total"": """", ""artist_image_url"": ""https://i.scdn.co/image/ab6761610000e5eb0be750ff9272422d98f971b0"", ""artist_lookup_error"": """", ""artist_monthly_listeners"": ""28635"", ""artist_monthly_listeners_display"": ""28,635"", ""artist_monthly_listeners_is_approx"": ""false"", ""artist_monthly_listeners_source"": ""Spotify public artist page"", ""artist_monthly_listeners_fetch_error"": """"}]",0,,"{""spotify"": ""https://open.spotify.com/track/6ruhOxyV98u0nHjd4bX5KM""}",{}
week5_17august,2026-08-17T07:40:10+00:00,Spotify,Aysima Karçaaltıncaba,aaaaysimaaaa,Week5_User5,Week5_User5,4oBT7mfCflwiHfRKpfco6I,spotify:playlist:4oBT7mfCflwiHfRKpfco6I,https://open.spotify.com/playlist/4oBT7mfCflwiHfRKpfco6I,,aaaaysimaaaa,Aysima Karçaaltıncaba,True,False,0,AAAAAzybBtdFrffZ8DoczcB1U9QkuVMT,,19,2026-08-17T07:22:58Z,aaaaysimaaaa,primary_artist_monthly_listeners,57684,"57,684",Spotify public artist page,false,,1G25K7Q6ectDeo2bQ7NczQ,spotify:track:1G25K7Q6ectDeo2bQ7NczQ,https://open.spotify.com/track/1G25K7Q6ectDeo2bQ7NczQ,Hall Of The Mountain King,track,9,1,331226,331.226,False,False,True,,https://api.spotify.com/v1/tracks/1G25K7Q6ectDeo2bQ7NczQ,https://api.spotify.com/v1/tracks/1G25K7Q6ectDeo2bQ7NczQ,,,USBI19500036,,,6TsYwZv0u1NwtwqrPlOPz7,spotify:album:6TsYwZv0u1NwtwqrPlOPz7,https://open.spotify.com/album/6TsYwZv0u1NwtwqrPlOPz7,Stranger In Us All,album,,10,1995-01-01,day,,P: (P) 1995 BMG Entertainment,,https://i.scdn.co/image/ab67616d0000b273363328c5bd8e16293851284d,,7yMqxge3rOuzpKVIoSQToG,Ritchie Blackmore's Rainbow,spotify:artist:7yMqxge3rOuzpKVIoSQToG,https://open.spotify.com/artist/7yMqxge3rOuzpKVIoSQToG,,,,57684,"57,684",false,Spotify public artist page,,https://i.scdn.co/image/ab67616d0000b273363328c5bd8e16293851284d,,7yMqxge3rOuzpKVIoSQToG,Ritchie Blackmore's Rainbow,https://open.spotify.com/artist/7yMqxge3rOuzpKVIoSQToG,"[{""artist_id"": ""7yMqxge3rOuzpKVIoSQToG"", ""artist_name"": ""Ritchie Blackmore's Rainbow"", ""artist_url"": ""https://open.spotify.com/artist/7yMqxge3rOuzpKVIoSQToG"", ""monthly_listeners"": ""57684"", ""monthly_listeners_display"": ""57,684"", ""is_approx"": ""false"", ""fetch_error"": """"}]","[{""artist_id"": ""7yMqxge3rOuzpKVIoSQToG"", ""artist_name"": ""Ritchie Blackmore's Rainbow"", ""artist_uri"": ""spotify:artist:7yMqxge3rOuzpKVIoSQToG"", ""artist_url"": ""https://open.spotify.com/artist/7yMqxge3rOuzpKVIoSQToG"", ""artist_type"": ""artist"", ""artist_genres"": """", ""artist_spotify_api_popularity"": """", ""artist_followers_total"": """", ""artist_image_url"": ""https://i.scdn.co/image/ab67616d0000b273363328c5bd8e16293851284d"", ""artist_lookup_error"": """", ""artist_monthly_listeners"": ""57684"", ""artist_monthly_listeners_display"": ""57,684"", ""artist_monthly_listeners_is_approx"": ""false"", ""artist_monthly_listeners_source"": ""Spotify public artist page"", ""artist_monthly_listeners_fetch_error"": """"}]",0,,"{""spotify"": ""https://open.spotify.com/track/1G25K7Q6ectDeo2bQ7NczQ""}",{}
week5_17august,2026-08-17T07:40:10+00:00,Spotify,Aysima Karçaaltıncaba,aaaaysimaaaa,Week5_User5,Week5_User5,4oBT7mfCflwiHfRKpfco6I,spotify:playlist:4oBT7mfCflwiHfRKpfco6I,https://open.spotify.com/playlist/4oBT7mfCflwiHfRKpfco6I,,aaaaysimaaaa,Aysima Karçaaltıncaba,True,False,0,AAAAAzybBtdFrffZ8DoczcB1U9QkuVMT,,20,2026-08-17T07:22:58Z,aaaaysimaaaa,primary_artist_monthly_listeners,471436,"471,436",Spotify public artist page,false,,4VtZFQxmbK85potLyPmJa1,spotify:track:4VtZFQxmbK85potLyPmJa1,https://open.spotify.com/track/4VtZFQxmbK85potLyPmJa1,Abduction,track,2,1,230666,230.666,False,False,True,,https://api.spotify.com/v1/tracks/4VtZFQxmbK85potLyPmJa1,https://api.spotify.com/v1/tracks/4VtZFQxmbK85potLyPmJa1,,,GBCUF0500079,,,3naMLlWCKTzfkc0nWiqNr3,spotify:album:3naMLlWCKTzfkc0nWiqNr3,https://open.spotify.com/album/3naMLlWCKTzfkc0nWiqNr3,Tyranny of Souls,album,,10,2005-05-23,day,,"C: 2005 Duellist Enterprises Ltd. under exclusive license to Sanctuary Records Group Ltd., a BMG Company; P: 2005 Duellist Enterprises Ltd. under exclusive license to Sanctuary Records Group Ltd., a BMG Company",,https://i.scdn.co/image/ab67616d0000b2739d773e317f313cb5b2027771,,7Iffw1nP3NjCWkRIx3Ily9,Bruce Dickinson,spotify:artist:7Iffw1nP3NjCWkRIx3Ily9,https://open.spotify.com/artist/7Iffw1nP3NjCWkRIx3Ily9,,,,471436,"471,436",false,Spotify public artist page,,https://i.scdn.co/image/ab6761610000e5ebd90e4a9038787929178b4815,,7Iffw1nP3NjCWkRIx3Ily9,Bruce Dickinson,https://open.spotify.com/artist/7Iffw1nP3NjCWkRIx3Ily9,"[{""artist_id"": ""7Iffw1nP3NjCWkRIx3Ily9"", ""artist_name"": ""Bruce Dickinson"", ""artist_url"": ""https://open.spotify.com/artist/7Iffw1nP3NjCWkRIx3Ily9"", ""monthly_listeners"": ""471436"", ""monthly_listeners_display"": ""471,436"", ""is_approx"": ""false"", ""fetch_error"": """"}]","[{""artist_id"": ""7Iffw1nP3NjCWkRIx3Ily9"", ""artist_name"": ""Bruce Dickinson"", ""artist_uri"": ""spotify:artist:7Iffw1nP3NjCWkRIx3Ily9"", ""artist_url"": ""https://open.spotify.com/artist/7Iffw1nP3NjCWkRIx3Ily9"", ""artist_type"": ""artist"", ""artist_genres"": """", ""artist_spotify_api_popularity"": """", ""artist_followers_total"": """", ""artist_image_url"": ""https://i.scdn.co/image/ab6761610000e5ebd90e4a9038787929178b4815"", ""artist_lookup_error"": """", ""artist_monthly_listeners"": ""471436"", ""artist_monthly_listeners_display"": ""471,436"", ""artist_monthly_listeners_is_approx"": ""false"", ""artist_monthly_listeners_source"": ""Spotify public artist page"", ""artist_monthly_listeners_fetch_error"": """"}]",0,,"{""spotify"": ""https://open.spotify.com/track/4VtZFQxmbK85potLyPmJa1""}",{}
week5_17august,2026-08-17T07:40:10+00:00,Spotify,Aysima Karçaaltıncaba,aaaaysimaaaa,Week5_User5,Week5_User5,4oBT7mfCflwiHfRKpfco6I,spotify:playlist:4oBT7mfCflwiHfRKpfco6I,https://open.spotify.com/playlist/4oBT7mfCflwiHfRKpfco6I,,aaaaysimaaaa,Aysima Karçaaltıncaba,True,False,0,AAAAAzybBtdFrffZ8DoczcB1U9QkuVMT,,21,2026-08-17T07:22:58Z,aaaaysimaaaa,primary_artist_monthly_listeners,464192,"464,192",Spotify public artist page,false,,1kfsilNfsFhDMkQjo7PVKO,spotify:track:1kfsilNfsFhDMkQjo7PVKO,https://open.spotify.com/track/1kfsilNfsFhDMkQjo7PVKO,Kingdom For A Heart,track,5,1,229573,229.573,False,False,True,,https://api.spotify.com/v1/tracks/1kfsilNfsFhDMkQjo7PVKO,https://api.spotify.com/v1/tracks/1kfsilNfsFhDMkQjo7PVKO,,,FISFS9900086,,,3rM1PNwpD1hWbFTHVUoyuc,spotify:album:3rM1PNwpD1hWbFTHVUoyuc,https://open.spotify.com/album/3rM1PNwpD1hWbFTHVUoyuc,Ecliptica (International Version),album,,10,1999-01-01,day,,C: 1999 Spin-Farm Oy; P: 1999 Spin-Farm Oy,,https://i.scdn.co/image/ab67616d0000b273c579b15206ab88f6dcad44f6,,5YeoQ1L71cXDMpSpqxOjfH,Sonata Arctica,spotify:artist:5YeoQ1L71cXDMpSpqxOjfH,https://open.spotify.com/artist/5YeoQ1L71cXDMpSpqxOjfH,,,,464192,"464,192",false,Spotify public artist page,,https://i.scdn.co/image/ab6761610000e5eb3c36e8b69cb376bf869aedc2,,5YeoQ1L71cXDMpSpqxOjfH,Sonata Arctica,https://open.spotify.com/artist/5YeoQ1L71cXDMpSpqxOjfH,"[{""artist_id"": ""5YeoQ1L71cXDMpSpqxOjfH"", ""artist_name"": ""Sonata Arctica"", ""artist_url"": ""https://open.spotify.com/artist/5YeoQ1L71cXDMpSpqxOjfH"", ""monthly_listeners"": ""464192"", ""monthly_listeners_display"": ""464,192"", ""is_approx"": ""false"", ""fetch_error"": """"}]","[{""artist_id"": ""5YeoQ1L71cXDMpSpqxOjfH"", ""artist_name"": ""Sonata Arctica"", ""artist_uri"": ""spotify:artist:5YeoQ1L71cXDMpSpqxOjfH"", ""artist_url"": ""https://open.spotify.com/artist/5YeoQ1L71cXDMpSpqxOjfH"", ""artist_type"": ""artist"", ""artist_genres"": """", ""artist_spotify_api_popularity"": """", ""artist_followers_total"": """", ""artist_image_url"": ""https://i.scdn.co/image/ab6761610000e5eb3c36e8b69cb376bf869aedc2"", ""artist_lookup_error"": """", ""artist_monthly_listeners"": ""464192"", ""artist_monthly_listeners_display"": ""464,192"", ""artist_monthly_listeners_is_approx"": ""false"", ""artist_monthly_listeners_source"": ""Spotify public artist page"", ""artist_monthly_listeners_fetch_error"": """"}]",0,,"{""spotify"": ""https://open.spotify.com/track/1kfsilNfsFhDMkQjo7PVKO""}",{}
week5_17august,2026-08-17T07:40:10+00:00,Spotify,Aysima Karçaaltıncaba,aaaaysimaaaa,Week5_User5,Week5_User5,4oBT7mfCflwiHfRKpfco6I,spotify:playlist:4oBT7mfCflwiHfRKpfco6I,https://open.spotify.com/playlist/4oBT7mfCflwiHfRKpfco6I,,aaaaysimaaaa,Aysima Karçaaltıncaba,True,False,0,AAAAAzybBtdFrffZ8DoczcB1U9QkuVMT,,22,2026-08-17T07:22:58Z,aaaaysimaaaa,primary_artist_monthly_listeners,473901,"473,901",Spotify public artist page,false,,773yjqHbb0VMYrt6ARF1SB,spotify:track:773yjqHbb0VMYrt6ARF1SB,https://open.spotify.com/track/773yjqHbb0VMYrt6ARF1SB,Blacksong,track,2,1,336813,336.813,False,False,True,,https://api.spotify.com/v1/tracks/773yjqHbb0VMYrt6ARF1SB,https://api.spotify.com/v1/tracks/773yjqHbb0VMYrt6ARF1SB,,,DEU600500344,,,3YPkjTtpwdR3mOv4ToAlhW,spotify:album:3YPkjTtpwdR3mOv4ToAlhW,https://open.spotify.com/album/3YPkjTtpwdR3mOv4ToAlhW,The Duke,album,,10,2006-02-24,day,,C: © 2006 Legend Man Music; P: ℗ 2006 Legend Man Music,,https://i.scdn.co/image/ab67616d0000b2736a501333949796282e865afa,,5SaDyTQkjAAdrsmhPzrmw2,Jorn,spotify:artist:5SaDyTQkjAAdrsmhPzrmw2,https://open.spotify.com/artist/5SaDyTQkjAAdrsmhPzrmw2,,,,473901,"473,901",false,Spotify public artist page,,https://i.scdn.co/image/ab6761610000e5ebf1310d077ecfed399b5c7ca9,,5SaDyTQkjAAdrsmhPzrmw2,Jorn,https://open.spotify.com/artist/5SaDyTQkjAAdrsmhPzrmw2,"[{""artist_id"": ""5SaDyTQkjAAdrsmhPzrmw2"", ""artist_name"": ""Jorn"", ""artist_url"": ""https://open.spotify.com/artist/5SaDyTQkjAAdrsmhPzrmw2"", ""monthly_listeners"": ""473901"", ""monthly_listeners_display"": ""473,901"", ""is_approx"": ""false"", ""fetch_error"": """"}]","[{""artist_id"": ""5SaDyTQkjAAdrsmhPzrmw2"", ""artist_name"": ""Jorn"", ""artist_uri"": ""spotify:artist:5SaDyTQkjAAdrsmhPzrmw2"", ""artist_url"": ""https://open.spotify.com/artist/5SaDyTQkjAAdrsmhPzrmw2"", ""artist_type"": ""artist"", ""artist_genres"": """", ""artist_spotify_api_popularity"": """", ""artist_followers_total"": """", ""artist_image_url"": ""https://i.scdn.co/image/ab6761610000e5ebf1310d077ecfed399b5c7ca9"", ""artist_lookup_error"": """", ""artist_monthly_listeners"": ""473901"", ""artist_monthly_listeners_display"": ""473,901"", ""artist_monthly_listeners_is_approx"": ""false"", ""artist_monthly_listeners_source"": ""Spotify public artist page"", ""artist_monthly_listeners_fetch_error"": """"}]",0,,"{""spotify"": ""https://open.spotify.com/track/773yjqHbb0VMYrt6ARF1SB""}",{}
week5_17august,2026-08-17T07:40:10+00:00,Spotify,Aysima Karçaaltıncaba,aaaaysimaaaa,Week5_User5,Week5_User5,4oBT7mfCflwiHfRKpfco6I,spotify:playlist:4oBT7mfCflwiHfRKpfco6I,https://open.spotify.com/playlist/4oBT7mfCflwiHfRKpfco6I,,aaaaysimaaaa,Aysima Karçaaltıncaba,True,False,0,AAAAAzybBtdFrffZ8DoczcB1U9QkuVMT,,23,2026-08-17T07:22:58Z,aaaaysimaaaa,primary_artist_monthly_listeners,1476465,"1,476,465",Spotify public artist page,false,,33v9NERZw9Ox5PlqUZMVMC,spotify:track:33v9NERZw9Ox5PlqUZMVMC,https://open.spotify.com/track/33v9NERZw9Ox5PlqUZMVMC,If I Could Fly,track,6,1,249000,249.000,False,False,True,,https://api.spotify.com/v1/tracks/33v9NERZw9Ox5PlqUZMVMC,https://api.spotify.com/v1/tracks/33v9NERZw9Ox5PlqUZMVMC,,,DED830055106,,,2XFrf3tNlJbE61zW3OEPwL,spotify:album:2XFrf3tNlJbE61zW3OEPwL,https://open.spotify.com/album/2XFrf3tNlJbE61zW3OEPwL,The Dark Ride (Special Edition),album,,15,2013-12-06,day,,C: (C) 2013 Reigning Phoenix Music; P: (P) 2013 Reigning Phoenix Music,,https://i.scdn.co/image/ab67616d0000b273653dbff2b0f97dc6422b80fb,,4pQN0GB0fNEEOfQCaWotsY,Helloween,spotify:artist:4pQN0GB0fNEEOfQCaWotsY,https://open.spotify.com/artist/4pQN0GB0fNEEOfQCaWotsY,,,,1476465,"1,476,465",false,Spotify public artist page,,https://i.scdn.co/image/ab6761610000e5eb7d6b878498239115a09316d3,,4pQN0GB0fNEEOfQCaWotsY,Helloween,https://open.spotify.com/artist/4pQN0GB0fNEEOfQCaWotsY,"[{""artist_id"": ""4pQN0GB0fNEEOfQCaWotsY"", ""artist_name"": ""Helloween"", ""artist_url"": ""https://open.spotify.com/artist/4pQN0GB0fNEEOfQCaWotsY"", ""monthly_listeners"": ""1476465"", ""monthly_listeners_display"": ""1,476,465"", ""is_approx"": ""false"", ""fetch_error"": """"}]","[{""artist_id"": ""4pQN0GB0fNEEOfQCaWotsY"", ""artist_name"": ""Helloween"", ""artist_uri"": ""spotify:artist:4pQN0GB0fNEEOfQCaWotsY"", ""artist_url"": ""https://open.spotify.com/artist/4pQN0GB0fNEEOfQCaWotsY"", ""artist_type"": ""artist"", ""artist_genres"": """", ""artist_spotify_api_popularity"": """", ""artist_followers_total"": """", ""artist_image_url"": ""https://i.scdn.co/image/ab6761610000e5eb7d6b878498239115a09316d3"", ""artist_lookup_error"": """", ""artist_monthly_listeners"": ""1476465"", ""artist_monthly_listeners_display"": ""1,476,465"", ""artist_monthly_listeners_is_approx"": ""false"", ""artist_monthly_listeners_source"": ""Spotify public artist page"", ""artist_monthly_listeners_fetch_error"": """"}]",0,,"{""spotify"": ""https://open.spotify.com/track/33v9NERZw9Ox5PlqUZMVMC""}",{}
week5_17august,2026-08-17T07:40:10+00:00,Spotify,Aysima Karçaaltıncaba,aaaaysimaaaa,Week5_User5,Week5_User5,4oBT7mfCflwiHfRKpfco6I,spotify:playlist:4oBT7mfCflwiHfRKpfco6I,https://open.spotify.com/playlist/4oBT7mfCflwiHfRKpfco6I,,aaaaysimaaaa,Aysima Karçaaltıncaba,True,False,0,AAAAAzybBtdFrffZ8DoczcB1U9QkuVMT,,24,2026-08-17T07:22:58Z,aaaaysimaaaa,primary_artist_monthly_listeners,21267,"21,267",Spotify public artist page,false,,3mZZmANnoFr6noTgxc8Zll,spotify:track:3mZZmANnoFr6noTgxc8Zll,https://open.spotify.com/track/3mZZmANnoFr6noTgxc8Zll,Welcome to Paradise,track,1,1,276133,276.133,False,False,True,,https://api.spotify.com/v1/tracks/3mZZmANnoFr6noTgxc8Zll,https://api.spotify.com/v1/tracks/3mZZmANnoFr6noTgxc8Zll,,,DED831900283,,,5WgN3EoZSf12ZyYaFxzYSP,spotify:album:5WgN3EoZSf12ZyYaFxzYSP,https://open.spotify.com/album/5WgN3EoZSf12ZyYaFxzYSP,Welcome to Paradise,album,,13,2019-08-02,day,,C: 2019 Nuclear Blast; P: 2019 Nuclear Blast,,https://i.scdn.co/image/ab67616d0000b27321ebb75e78cb1e6f30794879,,0cxYOcvgOWW1MJEoWeuCvg,NorthTale,spotify:artist:0cxYOcvgOWW1MJEoWeuCvg,https://open.spotify.com/artist/0cxYOcvgOWW1MJEoWeuCvg,,,,21267,"21,267",false,Spotify public artist page,,https://i.scdn.co/image/ab6761610000e5eb6c949980fb3aab36f8347668,,0cxYOcvgOWW1MJEoWeuCvg,NorthTale,https://open.spotify.com/artist/0cxYOcvgOWW1MJEoWeuCvg,"[{""artist_id"": ""0cxYOcvgOWW1MJEoWeuCvg"", ""artist_name"": ""NorthTale"", ""artist_url"": ""https://open.spotify.com/artist/0cxYOcvgOWW1MJEoWeuCvg"", ""monthly_listeners"": ""21267"", ""monthly_listeners_display"": ""21,267"", ""is_approx"": ""false"", ""fetch_error"": """"}]","[{""artist_id"": ""0cxYOcvgOWW1MJEoWeuCvg"", ""artist_name"": ""NorthTale"", ""artist_uri"": ""spotify:artist:0cxYOcvgOWW1MJEoWeuCvg"", ""artist_url"": ""https://open.spotify.com/artist/0cxYOcvgOWW1MJEoWeuCvg"", ""artist_type"": ""artist"", ""artist_genres"": """", ""artist_spotify_api_popularity"": """", ""artist_followers_total"": """", ""artist_image_url"": ""https://i.scdn.co/image/ab6761610000e5eb6c949980fb3aab36f8347668"", ""artist_lookup_error"": """", ""artist_monthly_listeners"": ""21267"", ""artist_monthly_listeners_display"": ""21,267"", ""artist_monthly_listeners_is_approx"": ""false"", ""artist_monthly_listeners_source"": ""Spotify public artist page"", ""artist_monthly_listeners_fetch_error"": """"}]",0,,"{""spotify"": ""https://open.spotify.com/track/3mZZmANnoFr6noTgxc8Zll""}",{}
week5_17august,2026-08-17T07:40:10+00:00,Spotify,Aysima Karçaaltıncaba,aaaaysimaaaa,Week5_User5,Week5_User5,4oBT7mfCflwiHfRKpfco6I,spotify:playlist:4oBT7mfCflwiHfRKpfco6I,https://open.spotify.com/playlist/4oBT7mfCflwiHfRKpfco6I,,aaaaysimaaaa,Aysima Karçaaltıncaba,True,False,0,AAAAAzybBtdFrffZ8DoczcB1U9QkuVMT,,25,2026-08-17T07:22:58Z,aaaaysimaaaa,primary_artist_monthly_listeners,222937,"222,937",Spotify public artist page,false,,6caUr9WyWVdShNl6t5FvRO,spotify:track:6caUr9WyWVdShNl6t5FvRO,https://open.spotify.com/track/6caUr9WyWVdShNl6t5FvRO,Ten Thousand Strong,track,8,1,234306,234.306,False,False,True,,https://api.spotify.com/v1/tracks/6caUr9WyWVdShNl6t5FvRO,https://api.spotify.com/v1/tracks/6caUr9WyWVdShNl6t5FvRO,,,DEA450710850,,,28fJUAZsvHzxUfLCgpzJK8,spotify:album:28fJUAZsvHzxUfLCgpzJK8,https://open.spotify.com/album/28fJUAZsvHzxUfLCgpzJK8,Framing Armageddon - Something Wicked (Pt. 1),album,,19,2007,year,,P: (P) 2007 Century Media Records Ltd.,,https://i.scdn.co/image/ab67616d0000b2736fcbcb2a1da14f962c6c5bdb,,3KEixcRfBS5K3E91Vn1Kdy,Iced Earth,spotify:artist:3KEixcRfBS5K3E91Vn1Kdy,https://open.spotify.com/artist/3KEixcRfBS5K3E91Vn1Kdy,,,,222937,"222,937",false,Spotify public artist page,,https://i.scdn.co/image/a1fa09dcb7f14ee7bad400ad8c0772f1a2ec4468,,3KEixcRfBS5K3E91Vn1Kdy,Iced Earth,https://open.spotify.com/artist/3KEixcRfBS5K3E91Vn1Kdy,"[{""artist_id"": ""3KEixcRfBS5K3E91Vn1Kdy"", ""artist_name"": ""Iced Earth"", ""artist_url"": ""https://open.spotify.com/artist/3KEixcRfBS5K3E91Vn1Kdy"", ""monthly_listeners"": ""222937"", ""monthly_listeners_display"": ""222,937"", ""is_approx"": ""false"", ""fetch_error"": """"}]","[{""artist_id"": ""3KEixcRfBS5K3E91Vn1Kdy"", ""artist_name"": ""Iced Earth"", ""artist_uri"": ""spotify:artist:3KEixcRfBS5K3E91Vn1Kdy"", ""artist_url"": ""https://open.spotify.com/artist/3KEixcRfBS5K3E91Vn1Kdy"", ""artist_type"": ""artist"", ""artist_genres"": """", ""artist_spotify_api_popularity"": """", ""artist_followers_total"": """", ""artist_image_url"": ""https://i.scdn.co/image/a1fa09dcb7f14ee7bad400ad8c0772f1a2ec4468"", ""artist_lookup_error"": """", ""artist_monthly_listeners"": ""222937"", ""artist_monthly_listeners_display"": ""222,937"", ""artist_monthly_listeners_is_approx"": ""false"", ""artist_monthly_listeners_source"": ""Spotify public artist page"", ""artist_monthly_listeners_fetch_error"": """"}]",0,,"{""spotify"": ""https://open.spotify.com/track/6caUr9WyWVdShNl6t5FvRO""}",{}
week5_17august,2026-08-17T07:40:10+00:00,Spotify,Aysima Karçaaltıncaba,aaaaysimaaaa,Week5_User5,Week5_User5,4oBT7mfCflwiHfRKpfco6I,spotify:playlist:4oBT7mfCflwiHfRKpfco6I,https://open.spotify.com/playlist/4oBT7mfCflwiHfRKpfco6I,,aaaaysimaaaa,Aysima Karçaaltıncaba,True,False,0,AAAAAzybBtdFrffZ8DoczcB1U9QkuVMT,,26,2026-08-17T07:22:58Z,aaaaysimaaaa,primary_artist_monthly_listeners,746481,"746,481",Spotify public artist page,false,,2SR0CHOWgkVt0nLI9YwYti,spotify:track:2SR0CHOWgkVt0nLI9YwYti,https://open.spotify.com/track/2SR0CHOWgkVt0nLI9YwYti,"No Gods, No Masters",track,5,1,254653,254.653,False,False,True,,https://api.spotify.com/v1/tracks/2SR0CHOWgkVt0nLI9YwYti,https://api.spotify.com/v1/tracks/2SR0CHOWgkVt0nLI9YwYti,,,SEVKO1100005,,,7e6aLYzxgcsbD9NA9LpQQX,spotify:album:7e6aLYzxgcsbD9NA9LpQQX,https://open.spotify.com/album/7e6aLYzxgcsbD9NA9LpQQX,Khaos Legions,album,,14,2011-05-27,day,,P: (P) 2011 Century Media Records Ltd.,,https://i.scdn.co/image/ab67616d0000b273adc0e21564f18fc62c039794,,0DCw6lHkzh9t7f8Hb4Z0Sx,Arch Enemy,spotify:artist:0DCw6lHkzh9t7f8Hb4Z0Sx,https://open.spotify.com/artist/0DCw6lHkzh9t7f8Hb4Z0Sx,,,,746481,"746,481",false,Spotify public artist page,,https://i.scdn.co/image/ab6761610000e5ebc6790f344338cb196c00660d,,0DCw6lHkzh9t7f8Hb4Z0Sx,Arch Enemy,https://open.spotify.com/artist/0DCw6lHkzh9t7f8Hb4Z0Sx,"[{""artist_id"": ""0DCw6lHkzh9t7f8Hb4Z0Sx"", ""artist_name"": ""Arch Enemy"", ""artist_url"": ""https://open.spotify.com/artist/0DCw6lHkzh9t7f8Hb4Z0Sx"", ""monthly_listeners"": ""746481"", ""monthly_listeners_display"": ""746,481"", ""is_approx"": ""false"", ""fetch_error"": """"}]","[{""artist_id"": ""0DCw6lHkzh9t7f8Hb4Z0Sx"", ""artist_name"": ""Arch Enemy"", ""artist_uri"": ""spotify:artist:0DCw6lHkzh9t7f8Hb4Z0Sx"", ""artist_url"": ""https://open.spotify.com/artist/0DCw6lHkzh9t7f8Hb4Z0Sx"", ""artist_type"": ""artist"", ""artist_genres"": """", ""artist_spotify_api_popularity"": """", ""artist_followers_total"": """", ""artist_image_url"": ""https://i.scdn.co/image/ab6761610000e5ebc6790f344338cb196c00660d"", ""artist_lookup_error"": """", ""artist_monthly_listeners"": ""746481"", ""artist_monthly_listeners_display"": ""746,481"", ""artist_monthly_listeners_is_approx"": ""false"", ""artist_monthly_listeners_source"": ""Spotify public artist page"", ""artist_monthly_listeners_fetch_error"": """"}]",0,,"{""spotify"": ""https://open.spotify.com/track/2SR0CHOWgkVt0nLI9YwYti""}",{}
week5_17august,2026-08-17T07:40:10+00:00,Spotify,Aysima Karçaaltıncaba,aaaaysimaaaa,Week5_User5,Week5_User5,4oBT7mfCflwiHfRKpfco6I,spotify:playlist:4oBT7mfCflwiHfRKpfco6I,https://open.spotify.com/playlist/4oBT7mfCflwiHfRKpfco6I,,aaaaysimaaaa,Aysima Karçaaltıncaba,True,False,0,AAAAAzybBtdFrffZ8DoczcB1U9QkuVMT,,27,2026-08-17T07:22:58Z,aaaaysimaaaa,primary_artist_monthly_listeners,69296,"69,296",Spotify public artist page,false,,1ZF7wRCafQGaVWwR5qqtst,spotify:track:1ZF7wRCafQGaVWwR5qqtst,https://open.spotify.com/track/1ZF7wRCafQGaVWwR5qqtst,Evil,track,2,1,372613,372.613,False,False,True,,https://api.spotify.com/v1/tracks/1ZF7wRCafQGaVWwR5qqtst,https://api.spotify.com/v1/tracks/1ZF7wRCafQGaVWwR5qqtst,,,GBAJE0400059,,,08dpdTv8xeZjVVyPCtwz24,spotify:album:08dpdTv8xeZjVVyPCtwz24,https://open.spotify.com/album/08dpdTv8xeZjVVyPCtwz24,Dust to Dust,album,,13,2004-01-12,day,,"C: 2004 Sanctuary Records Group Ltd., a BMG Company; P: 2004 Sanctuary Records Group Ltd., a BMG Company",,https://i.scdn.co/image/ab67616d0000b27371201c6ff1573f10d22ccb0d,,7j3etSXgd9ZLYIUW7KWnpd,Heavenly,spotify:artist:7j3etSXgd9ZLYIUW7KWnpd,https://open.spotify.com/artist/7j3etSXgd9ZLYIUW7KWnpd,,,,69296,"69,296",false,Spotify public artist page,,https://i.scdn.co/image/ab6772690000c46ce1dbce8d74b9d4d5066ebf7a,,7j3etSXgd9ZLYIUW7KWnpd,Heavenly,https://open.spotify.com/artist/7j3etSXgd9ZLYIUW7KWnpd,"[{""artist_id"": ""7j3etSXgd9ZLYIUW7KWnpd"", ""artist_name"": ""Heavenly"", ""artist_url"": ""https://open.spotify.com/artist/7j3etSXgd9ZLYIUW7KWnpd"", ""monthly_listeners"": ""69296"", ""monthly_listeners_display"": ""69,296"", ""is_approx"": ""false"", ""fetch_error"": """"}]","[{""artist_id"": ""7j3etSXgd9ZLYIUW7KWnpd"", ""artist_name"": ""Heavenly"", ""artist_uri"": ""spotify:artist:7j3etSXgd9ZLYIUW7KWnpd"", ""artist_url"": ""https://open.spotify.com/artist/7j3etSXgd9ZLYIUW7KWnpd"", ""artist_type"": ""artist"", ""artist_genres"": """", ""artist_spotify_api_popularity"": """", ""artist_followers_total"": """", ""artist_image_url"": ""https://i.scdn.co/image/ab6772690000c46ce1dbce8d74b9d4d5066ebf7a"", ""artist_lookup_error"": """", ""artist_monthly_listeners"": ""69296"", ""artist_monthly_listeners_display"": ""69,296"", ""artist_monthly_listeners_is_approx"": ""false"", ""artist_monthly_listeners_source"": ""Spotify public artist page"", ""artist_monthly_listeners_fetch_error"": """"}]",0,,"{""spotify"": ""https://open.spotify.com/track/1ZF7wRCafQGaVWwR5qqtst""}",{}
week5_17august,2026-08-17T07:40:10+00:00,Spotify,Aysima Karçaaltıncaba,aaaaysimaaaa,Week5_User5,Week5_User5,4oBT7mfCflwiHfRKpfco6I,spotify:playlist:4oBT7mfCflwiHfRKpfco6I,https://open.spotify.com/playlist/4oBT7mfCflwiHfRKpfco6I,,aaaaysimaaaa,Aysima Karçaaltıncaba,True,False,0,AAAAAzybBtdFrffZ8DoczcB1U9QkuVMT,,28,2026-08-17T07:22:58Z,aaaaysimaaaa,primary_artist_monthly_listeners,244242,"244,242",Spotify public artist page,false,,1vuTO497hSEkEWvFWTGfl8,spotify:track:1vuTO497hSEkEWvFWTGfl8,https://open.spotify.com/track/1vuTO497hSEkEWvFWTGfl8,Tuonela,track,2,1,277441,277.441,False,False,True,,https://api.spotify.com/v1/tracks/1vuTO497hSEkEWvFWTGfl8,https://api.spotify.com/v1/tracks/1vuTO497hSEkEWvFWTGfl8,,,DED832000683,,,3s7abfHktH3ljR7fAXPZPp,spotify:album:3s7abfHktH3ljR7fAXPZPp,https://open.spotify.com/album/3s7abfHktH3ljR7fAXPZPp,Leviathan,album,,11,2021-01-22,day,,C: 2021 Nuclear Blast; P: 2021 Nuclear Blast,,https://i.scdn.co/image/ab67616d0000b2732454ac2ea06a9427e6262ab9,,5c8Cw62ZYj9XO6iDLRDEsi,Therion,spotify:artist:5c8Cw62ZYj9XO6iDLRDEsi,https://open.spotify.com/artist/5c8Cw62ZYj9XO6iDLRDEsi,,,,244242,"244,242",false,Spotify public artist page,,https://i.scdn.co/image/ab6761610000e5eb9a7f93205c66fe4181cede4a,,5c8Cw62ZYj9XO6iDLRDEsi; 1tbhwOH5UBAJoqTx9Oak00,Therion; Marko Hietala,https://open.spotify.com/artist/5c8Cw62ZYj9XO6iDLRDEsi; https://open.spotify.com/artist/1tbhwOH5UBAJoqTx9Oak00,"[{""artist_id"": ""5c8Cw62ZYj9XO6iDLRDEsi"", ""artist_name"": ""Therion"", ""artist_url"": ""https://open.spotify.com/artist/5c8Cw62ZYj9XO6iDLRDEsi"", ""monthly_listeners"": ""244242"", ""monthly_listeners_display"": ""244,242"", ""is_approx"": ""false"", ""fetch_error"": """"}, {""artist_id"": ""1tbhwOH5UBAJoqTx9Oak00"", ""artist_name"": ""Marko Hietala"", ""artist_url"": ""https://open.spotify.com/artist/1tbhwOH5UBAJoqTx9Oak00"", ""monthly_listeners"": ""53223"", ""monthly_listeners_display"": ""53,223"", ""is_approx"": ""false"", ""fetch_error"": """"}]","[{""artist_id"": ""5c8Cw62ZYj9XO6iDLRDEsi"", ""artist_name"": ""Therion"", ""artist_uri"": ""spotify:artist:5c8Cw62ZYj9XO6iDLRDEsi"", ""artist_url"": ""https://open.spotify.com/artist/5c8Cw62ZYj9XO6iDLRDEsi"", ""artist_type"": ""artist"", ""artist_genres"": """", ""artist_spotify_api_popularity"": """", ""artist_followers_total"": """", ""artist_image_url"": ""https://i.scdn.co/image/ab6761610000e5eb9a7f93205c66fe4181cede4a"", ""artist_lookup_error"": """", ""artist_monthly_listeners"": ""244242"", ""artist_monthly_listeners_display"": ""244,242"", ""artist_monthly_listeners_is_approx"": ""false"", ""artist_monthly_listeners_source"": ""Spotify public artist page"", ""artist_monthly_listeners_fetch_error"": """"}, {""artist_id"": ""1tbhwOH5UBAJoqTx9Oak00"", ""artist_name"": ""Marko Hietala"", ""artist_uri"": ""spotify:artist:1tbhwOH5UBAJoqTx9Oak00"", ""artist_url"": ""https://open.spotify.com/artist/1tbhwOH5UBAJoqTx9Oak00"", ""artist_type"": ""artist"", ""artist_genres"": """", ""artist_spotify_api_popularity"": """", ""artist_followers_total"": """", ""artist_image_url"": ""https://i.scdn.co/image/ab6761610000e5ebb89f8d8a720a8d5cd5a1928f"", ""artist_lookup_error"": """", ""artist_monthly_listeners"": ""53223"", ""artist_monthly_listeners_display"": ""53,223"", ""artist_monthly_listeners_is_approx"": ""false"", ""artist_monthly_listeners_source"": ""Spotify public artist page"", ""artist_monthly_listeners_fetch_error"": """"}]",0,,"{""spotify"": ""https://open.spotify.com/track/1vuTO497hSEkEWvFWTGfl8""}",{}
week5_17august,2026-08-17T07:40:10+00:00,Spotify,Aysima Karçaaltıncaba,aaaaysimaaaa,Week5_User5,Week5_User5,4oBT7mfCflwiHfRKpfco6I,spotify:playlist:4oBT7mfCflwiHfRKpfco6I,https://open.spotify.com/playlist/4oBT7mfCflwiHfRKpfco6I,,aaaaysimaaaa,Aysima Karçaaltıncaba,True,False,0,AAAAAzybBtdFrffZ8DoczcB1U9QkuVMT,,29,2026-08-17T07:22:58Z,aaaaysimaaaa,primary_artist_monthly_listeners,73241,"73,241",Spotify public artist page,false,,7cwY4gGH91p3hz3mU9CWkT,spotify:track:7cwY4gGH91p3hz3mU9CWkT,https://open.spotify.com/track/7cwY4gGH91p3hz3mU9CWkT,In the Heart of Stone,track,1,1,277226,277.226,False,False,True,,https://api.spotify.com/v1/tracks/7cwY4gGH91p3hz3mU9CWkT,https://api.spotify.com/v1/tracks/7cwY4gGH91p3hz3mU9CWkT,,,QMDA61894007,,,7LaPnYZGPs0Apw5MgYZV0H,spotify:album:7LaPnYZGPs0Apw5MgYZV0H,https://open.spotify.com/album/7LaPnYZGPs0Apw5MgYZV0H,The Gates of Oblivion,album,,15,2002,year,,"C: (C) 2002 Dark Moor; P: (P) 2022 Maldito Records, S.L./Maldito Digital, bajo licencia exclusiva de DARK MOOR",,https://i.scdn.co/image/ab67616d0000b273edff12c8899828b80a619c0b,,0YWKRTzA4kBceGwjywtMkh,Dark Moor,spotify:artist:0YWKRTzA4kBceGwjywtMkh,https://open.spotify.com/artist/0YWKRTzA4kBceGwjywtMkh,,,,73241,"73,241",false,Spotify public artist page,,https://i.scdn.co/image/ab6761610000e5eb1c7310cc250682db4e9748aa,,0YWKRTzA4kBceGwjywtMkh,Dark Moor,https://open.spotify.com/artist/0YWKRTzA4kBceGwjywtMkh,"[{""artist_id"": ""0YWKRTzA4kBceGwjywtMkh"", ""artist_name"": ""Dark Moor"", ""artist_url"": ""https://open.spotify.com/artist/0YWKRTzA4kBceGwjywtMkh"", ""monthly_listeners"": ""73241"", ""monthly_listeners_display"": ""73,241"", ""is_approx"": ""false"", ""fetch_error"": """"}]","[{""artist_id"": ""0YWKRTzA4kBceGwjywtMkh"", ""artist_name"": ""Dark Moor"", ""artist_uri"": ""spotify:artist:0YWKRTzA4kBceGwjywtMkh"", ""artist_url"": ""https://open.spotify.com/artist/0YWKRTzA4kBceGwjywtMkh"", ""artist_type"": ""artist"", ""artist_genres"": """", ""artist_spotify_api_popularity"": """", ""artist_followers_total"": """", ""artist_image_url"": ""https://i.scdn.co/image/ab6761610000e5eb1c7310cc250682db4e9748aa"", ""artist_lookup_error"": """", ""artist_monthly_listeners"": ""73241"", ""artist_monthly_listeners_display"": ""73,241"", ""artist_monthly_listeners_is_approx"": ""false"", ""artist_monthly_listeners_source"": ""Spotify public artist page"", ""artist_monthly_listeners_fetch_error"": """"}]",0,,"{""spotify"": ""https://open.spotify.com/track/7cwY4gGH91p3hz3mU9CWkT""}",{}
week5_17august,2026-08-17T07:40:10+00:00,Spotify,Aysima Karçaaltıncaba,aaaaysimaaaa,Week5_User5,Week5_User5,4oBT7mfCflwiHfRKpfco6I,spotify:playlist:4oBT7mfCflwiHfRKpfco6I,https://open.spotify.com/playlist/4oBT7mfCflwiHfRKpfco6I,,aaaaysimaaaa,Aysima Karçaaltıncaba,True,False,0,AAAAAzybBtdFrffZ8DoczcB1U9QkuVMT,,30,2026-08-17T07:22:58Z,aaaaysimaaaa,primary_artist_monthly_listeners,1047263,"1,047,263",Spotify public artist page,false,,193ZW3mvJ9T4T68fz75hac,spotify:track:193ZW3mvJ9T4T68fz75hac,https://open.spotify.com/track/193ZW3mvJ9T4T68fz75hac,The Power of Thy Sword,track,6,1,470266,470.266,False,False,True,,https://api.spotify.com/v1/tracks/193ZW3mvJ9T4T68fz75hac,https://api.spotify.com/v1/tracks/193ZW3mvJ9T4T68fz75hac,,,USAT20102868,,,1uVLEeDuKWgOazttohIOvd,spotify:album:1uVLEeDuKWgOazttohIOvd,https://open.spotify.com/album/1uVLEeDuKWgOazttohIOvd,The Triumph of Steel,album,,8,1992-09-22,day,,C: © 1992 Atlantic Recording Corporation for the United States and WEA International Inc. for the world outside of the United States.; P: ℗ 1992 Atlantic Recording Corporation for the United States and WEA International Inc. for the world outside of the United States.,,https://i.scdn.co/image/ab67616d0000b27367c7ca3578f42c95a7aa9fa1,,4CzUzn54Cp9TQr6a7JIlMZ,Manowar,spotify:artist:4CzUzn54Cp9TQr6a7JIlMZ,https://open.spotify.com/artist/4CzUzn54Cp9TQr6a7JIlMZ,,,,1047263,"1,047,263",false,Spotify public artist page,,https://i.scdn.co/image/ab6761610000e5eba4780fe15900fbd223cd4f48,,4CzUzn54Cp9TQr6a7JIlMZ,Manowar,https://open.spotify.com/artist/4CzUzn54Cp9TQr6a7JIlMZ,"[{""artist_id"": ""4CzUzn54Cp9TQr6a7JIlMZ"", ""artist_name"": ""Manowar"", ""artist_url"": ""https://open.spotify.com/artist/4CzUzn54Cp9TQr6a7JIlMZ"", ""monthly_listeners"": ""1047263"", ""monthly_listeners_display"": ""1,047,263"", ""is_approx"": ""false"", ""fetch_error"": """"}]","[{""artist_id"": ""4CzUzn54Cp9TQr6a7JIlMZ"", ""artist_name"": ""Manowar"", ""artist_uri"": ""spotify:artist:4CzUzn54Cp9TQr6a7JIlMZ"", ""artist_url"": ""https://open.spotify.com/artist/4CzUzn54Cp9TQr6a7JIlMZ"", ""artist_type"": ""artist"", ""artist_genres"": """", ""artist_spotify_api_popularity"": """", ""artist_followers_total"": """", ""artist_image_url"": ""https://i.scdn.co/image/ab6761610000e5eba4780fe15900fbd223cd4f48"", ""artist_lookup_error"": """", ""artist_monthly_listeners"": ""1047263"", ""artist_monthly_listeners_display"": ""1,047,263"", ""artist_monthly_listeners_is_approx"": ""false"", ""artist_monthly_listeners_source"": ""Spotify public artist page"", ""artist_monthly_listeners_fetch_error"": """"}]",0,,"{""spotify"": ""https://open.spotify.com/track/193ZW3mvJ9T4T68fz75hac""}",{}
week5_17august,2026-08-17T07:40:10+00:00,Spotify,Aysima Karçaaltıncaba,aaaaysimaaaa,Week5_User6,Week5_User6,7c6HYIX8fdosTv1lrfCkrG,spotify:playlist:7c6HYIX8fdosTv1lrfCkrG,https://open.spotify.com/playlist/7c6HYIX8fdosTv1lrfCkrG,,aaaaysimaaaa,Aysima Karçaaltıncaba,True,False,0,AAAAAwBkN2ncdBs4CDqo4RpZhSOQCkAk,,1,2026-08-17T07:01:14Z,aaaaysimaaaa,primary_artist_monthly_listeners,3059978,"3,059,978",Spotify public artist page,false,,2mz3lcK6rYGTlNUtkgZm4f,spotify:track:2mz3lcK6rYGTlNUtkgZm4f,https://open.spotify.com/track/2mz3lcK6rYGTlNUtkgZm4f,The Duelist,track,9,1,235000,235.000,False,False,True,,https://api.spotify.com/v1/tracks/2mz3lcK6rYGTlNUtkgZm4f,https://api.spotify.com/v1/tracks/2mz3lcK6rYGTlNUtkgZm4f,,,SE6HE2500109,,,1jjx7U3tayhJTytJVBj0WY,spotify:album:1jjx7U3tayhJTytJVBj0WY,https://open.spotify.com/album/1jjx7U3tayhJTytJVBj0WY,Legends,album,,11,2025-10-17,day,,"C: 2025 Sabaton, under exclusive license to Better Noise Music; P: 2025 Sabaton, under exclusive license to Better Noise Music",,https://i.scdn.co/image/ab67616d0000b2732015d006804756df2e271b74,,3o2dn2O0FCVsWDFSh8qxgG,Sabaton,spotify:artist:3o2dn2O0FCVsWDFSh8qxgG,https://open.spotify.com/artist/3o2dn2O0FCVsWDFSh8qxgG,,,,3059978,"3,059,978",false,Spotify public artist page,,https://i.scdn.co/image/ab6761610000e5ebfc0524cca1171fac8678f4bf,,3o2dn2O0FCVsWDFSh8qxgG,Sabaton,https://open.spotify.com/artist/3o2dn2O0FCVsWDFSh8qxgG,"[{""artist_id"": ""3o2dn2O0FCVsWDFSh8qxgG"", ""artist_name"": ""Sabaton"", ""artist_url"": ""https://open.spotify.com/artist/3o2dn2O0FCVsWDFSh8qxgG"", ""monthly_listeners"": ""3059978"", ""monthly_listeners_display"": ""3,059,978"", ""is_approx"": ""false"", ""fetch_error"": """"}]","[{""artist_id"": ""3o2dn2O0FCVsWDFSh8qxgG"", ""artist_name"": ""Sabaton"", ""artist_uri"": ""spotify:artist:3o2dn2O0FCVsWDFSh8qxgG"", ""artist_url"": ""https://open.spotify.com/artist/3o2dn2O0FCVsWDFSh8qxgG"", ""artist_type"": ""artist"", ""artist_genres"": """", ""artist_spotify_api_popularity"": """", ""artist_followers_total"": """", ""artist_image_url"": ""https://i.scdn.co/image/ab6761610000e5ebfc0524cca1171fac8678f4bf"", ""artist_lookup_error"": """", ""artist_monthly_listeners"": ""3059978"", ""artist_monthly_listeners_display"": ""3,059,978"", ""artist_monthly_listeners_is_approx"": ""false"", ""artist_monthly_listeners_source"": ""Spotify public artist page"", ""artist_monthly_listeners_fetch_error"": """"}]",0,,"{""spotify"": ""https://open.spotify.com/track/2mz3lcK6rYGTlNUtkgZm4f""}",{}
week5_17august,2026-08-17T07:40:10+00:00,Spotify,Aysima Karçaaltıncaba,aaaaysimaaaa,Week5_User6,Week5_User6,7c6HYIX8fdosTv1lrfCkrG,spotify:playlist:7c6HYIX8fdosTv1lrfCkrG,https://open.spotify.com/playlist/7c6HYIX8fdosTv1lrfCkrG,,aaaaysimaaaa,Aysima Karçaaltıncaba,True,False,0,AAAAAwBkN2ncdBs4CDqo4RpZhSOQCkAk,,2,2026-08-17T07:01:14Z,aaaaysimaaaa,primary_artist_monthly_listeners,849932,"849,932",Spotify public artist page,false,,0drLoGXRnfSOZuzA5uJh6Q,spotify:track:0drLoGXRnfSOZuzA5uJh6Q,https://open.spotify.com/track/0drLoGXRnfSOZuzA5uJh6Q,Against the Wind,track,1,1,228266,228.266,False,False,True,,https://api.spotify.com/v1/tracks/0drLoGXRnfSOZuzA5uJh6Q,https://api.spotify.com/v1/tracks/0drLoGXRnfSOZuzA5uJh6Q,,,DEA249561401,,,0195QfhWZ95uDIyW3KTrO7,spotify:album:0195QfhWZ95uDIyW3KTrO7,https://open.spotify.com/album/0195QfhWZ95uDIyW3KTrO7,Fourth Dimension,album,,11,1995-01-01,day,,C: 1995 Stratovarius under exclusive license to Odyssey Music Network GmbH; P: 1995 Stratovarius under exclusive license to Odyssey Music Network GmbH,,https://i.scdn.co/image/ab67616d0000b273c708c231805a9aec70be1f7c,,1O8CSXsPwEqxcoBE360PPO,Stratovarius,spotify:artist:1O8CSXsPwEqxcoBE360PPO,https://open.spotify.com/artist/1O8CSXsPwEqxcoBE360PPO,,,,849932,"849,932",false,Spotify public artist page,,https://i.scdn.co/image/ab6761610000e5eb4733f393ad04f47b31edaadb,,1O8CSXsPwEqxcoBE360PPO,Stratovarius,https://open.spotify.com/artist/1O8CSXsPwEqxcoBE360PPO,"[{""artist_id"": ""1O8CSXsPwEqxcoBE360PPO"", ""artist_name"": ""Stratovarius"", ""artist_url"": ""https://open.spotify.com/artist/1O8CSXsPwEqxcoBE360PPO"", ""monthly_listeners"": ""849932"", ""monthly_listeners_display"": ""849,932"", ""is_approx"": ""false"", ""fetch_error"": """"}]","[{""artist_id"": ""1O8CSXsPwEqxcoBE360PPO"", ""artist_name"": ""Stratovarius"", ""artist_uri"": ""spotify:artist:1O8CSXsPwEqxcoBE360PPO"", ""artist_url"": ""https://open.spotify.com/artist/1O8CSXsPwEqxcoBE360PPO"", ""artist_type"": ""artist"", ""artist_genres"": """", ""artist_spotify_api_popularity"": """", ""artist_followers_total"": """", ""artist_image_url"": ""https://i.scdn.co/image/ab6761610000e5eb4733f393ad04f47b31edaadb"", ""artist_lookup_error"": """", ""artist_monthly_listeners"": ""849932"", ""artist_monthly_listeners_display"": ""849,932"", ""artist_monthly_listeners_is_approx"": ""false"", ""artist_monthly_listeners_source"": ""Spotify public artist page"", ""artist_monthly_listeners_fetch_error"": """"}]",0,,"{""spotify"": ""https://open.spotify.com/track/0drLoGXRnfSOZuzA5uJh6Q""}",{}
week5_17august,2026-08-17T07:40:10+00:00,Spotify,Aysima Karçaaltıncaba,aaaaysimaaaa,Week5_User6,Week5_User6,7c6HYIX8fdosTv1lrfCkrG,spotify:playlist:7c6HYIX8fdosTv1lrfCkrG,https://open.spotify.com/playlist/7c6HYIX8fdosTv1lrfCkrG,,aaaaysimaaaa,Aysima Karçaaltıncaba,True,False,0,AAAAAwBkN2ncdBs4CDqo4RpZhSOQCkAk,,3,2026-08-17T07:01:14Z,aaaaysimaaaa,primary_artist_monthly_listeners,381216,"381,216",Spotify public artist page,false,,7aHlmfKaJ8R9uiweZJ5rMr,spotify:track:7aHlmfKaJ8R9uiweZJ5rMr,https://open.spotify.com/track/7aHlmfKaJ8R9uiweZJ5rMr,Rain of a Thousand Flames,track,1,1,223613,223.613,False,False,True,,https://api.spotify.com/v1/tracks/7aHlmfKaJ8R9uiweZJ5rMr,https://api.spotify.com/v1/tracks/7aHlmfKaJ8R9uiweZJ5rMr,,,DET270103601,,,7dgAsSMdkBxba2biH3Nsvr,spotify:album:7dgAsSMdkBxba2biH3Nsvr,https://open.spotify.com/album/7dgAsSMdkBxba2biH3Nsvr,Rain of a Thousand Flames,album,,7,2001,year,,C: (C) 2001 Limb Music Products - a label of Diversity Media GmbH,,https://i.scdn.co/image/ab67616d0000b27346c0d2e3a8f765196867611f,,0zQfrabOFYf36Ikb6PXcCY,Rhapsody,spotify:artist:0zQfrabOFYf36Ikb6PXcCY,https://open.spotify.com/artist/0zQfrabOFYf36Ikb6PXcCY,,,,381216,"381,216",false,Spotify public artist page,,https://i.scdn.co/image/ab6761610000e5eb902fae03243cae6e08caf99a,,0zQfrabOFYf36Ikb6PXcCY,Rhapsody,https://open.spotify.com/artist/0zQfrabOFYf36Ikb6PXcCY,"[{""artist_id"": ""0zQfrabOFYf36Ikb6PXcCY"", ""artist_name"": ""Rhapsody"", ""artist_url"": ""https://open.spotify.com/artist/0zQfrabOFYf36Ikb6PXcCY"", ""monthly_listeners"": ""381216"", ""monthly_listeners_display"": ""381,216"", ""is_approx"": ""false"", ""fetch_error"": """"}]","[{""artist_id"": ""0zQfrabOFYf36Ikb6PXcCY"", ""artist_name"": ""Rhapsody"", ""artist_uri"": ""spotify:artist:0zQfrabOFYf36Ikb6PXcCY"", ""artist_url"": ""https://open.spotify.com/artist/0zQfrabOFYf36Ikb6PXcCY"", ""artist_type"": ""artist"", ""artist_genres"": """", ""artist_spotify_api_popularity"": """", ""artist_followers_total"": """", ""artist_image_url"": ""https://i.scdn.co/image/ab6761610000e5eb902fae03243cae6e08caf99a"", ""artist_lookup_error"": """", ""artist_monthly_listeners"": ""381216"", ""artist_monthly_listeners_display"": ""381,216"", ""artist_monthly_listeners_is_approx"": ""false"", ""artist_monthly_listeners_source"": ""Spotify public artist page"", ""artist_monthly_listeners_fetch_error"": """"}]",0,,"{""spotify"": ""https://open.spotify.com/track/7aHlmfKaJ8R9uiweZJ5rMr""}",{}
week5_17august,2026-08-17T07:40:10+00:00,Spotify,Aysima Karçaaltıncaba,aaaaysimaaaa,Week5_User6,Week5_User6,7c6HYIX8fdosTv1lrfCkrG,spotify:playlist:7c6HYIX8fdosTv1lrfCkrG,https://open.spotify.com/playlist/7c6HYIX8fdosTv1lrfCkrG,,aaaaysimaaaa,Aysima Karçaaltıncaba,True,False,0,AAAAAwBkN2ncdBs4CDqo4RpZhSOQCkAk,,4,2026-08-17T07:01:14Z,aaaaysimaaaa,primary_artist_monthly_listeners,60076,"60,076",Spotify public artist page,false,,54pFmRnoVoKuHf1i36ZORF,spotify:track:54pFmRnoVoKuHf1i36ZORF,https://open.spotify.com/track/54pFmRnoVoKuHf1i36ZORF,Blood on My Hands - Remaster 2019,track,5,1,284866,284.866,False,False,True,,https://api.spotify.com/v1/tracks/54pFmRnoVoKuHf1i36ZORF,https://api.spotify.com/v1/tracks/54pFmRnoVoKuHf1i36ZORF,,,GBDHC1908005,,,6ee1ODEQBi5qbxs8knwoQL,spotify:album:6ee1ODEQBi5qbxs8knwoQL,https://open.spotify.com/album/6ee1ODEQBi5qbxs8knwoQL,Demons & Wizards (Remasters 2019),album,,12,2019-03-29,day,,P: (P) 2019 Century Media Records Ltd. under exclusive license from Demons & Wizards,,https://i.scdn.co/image/ab67616d0000b2732dfcaef0db0ad36a5aa90fbc,,4O6RDLeFX5xuQ7IePFzVcl,Demons & Wizards,spotify:artist:4O6RDLeFX5xuQ7IePFzVcl,https://open.spotify.com/artist/4O6RDLeFX5xuQ7IePFzVcl,,,,60076,"60,076",false,Spotify public artist page,,https://i.scdn.co/image/ab6761610000e5ebbc220b198ebd4f26e9b6a601,,4O6RDLeFX5xuQ7IePFzVcl,Demons & Wizards,https://open.spotify.com/artist/4O6RDLeFX5xuQ7IePFzVcl,"[{""artist_id"": ""4O6RDLeFX5xuQ7IePFzVcl"", ""artist_name"": ""Demons & Wizards"", ""artist_url"": ""https://open.spotify.com/artist/4O6RDLeFX5xuQ7IePFzVcl"", ""monthly_listeners"": ""60076"", ""monthly_listeners_display"": ""60,076"", ""is_approx"": ""false"", ""fetch_error"": """"}]","[{""artist_id"": ""4O6RDLeFX5xuQ7IePFzVcl"", ""artist_name"": ""Demons & Wizards"", ""artist_uri"": ""spotify:artist:4O6RDLeFX5xuQ7IePFzVcl"", ""artist_url"": ""https://open.spotify.com/artist/4O6RDLeFX5xuQ7IePFzVcl"", ""artist_type"": ""artist"", ""artist_genres"": """", ""artist_spotify_api_popularity"": """", ""artist_followers_total"": """", ""artist_image_url"": ""https://i.scdn.co/image/ab6761610000e5ebbc220b198ebd4f26e9b6a601"", ""artist_lookup_error"": """", ""artist_monthly_listeners"": ""60076"", ""artist_monthly_listeners_display"": ""60,076"", ""artist_monthly_listeners_is_approx"": ""false"", ""artist_monthly_listeners_source"": ""Spotify public artist page"", ""artist_monthly_listeners_fetch_error"": """"}]",0,,"{""spotify"": ""https://open.spotify.com/track/54pFmRnoVoKuHf1i36ZORF""}",{}
week5_17august,2026-08-17T07:40:10+00:00,Spotify,Aysima Karçaaltıncaba,aaaaysimaaaa,Week5_User6,Week5_User6,7c6HYIX8fdosTv1lrfCkrG,spotify:playlist:7c6HYIX8fdosTv1lrfCkrG,https://open.spotify.com/playlist/7c6HYIX8fdosTv1lrfCkrG,,aaaaysimaaaa,Aysima Karçaaltıncaba,True,False,0,AAAAAwBkN2ncdBs4CDqo4RpZhSOQCkAk,,5,2026-08-17T07:01:14Z,aaaaysimaaaa,primary_artist_monthly_listeners,108314,"108,314",Spotify public artist page,false,,4Mtj8Pf6GBFctUuG8mP9fO,spotify:track:4Mtj8Pf6GBFctUuG8mP9fO,https://open.spotify.com/track/4Mtj8Pf6GBFctUuG8mP9fO,Mercenary Man,track,3,1,208586,208.586,False,False,True,,https://api.spotify.com/v1/tracks/4Mtj8Pf6GBFctUuG8mP9fO,https://api.spotify.com/v1/tracks/4Mtj8Pf6GBFctUuG8mP9fO,,,US4E40844803,,,1yjOwnIzzjmQDMPu8mHinj,spotify:album:1yjOwnIzzjmQDMPu8mHinj,https://open.spotify.com/album/1yjOwnIzzjmQDMPu8mHinj,The Premonition,album,,10,2008-07-13,day,,P: (P) 2008 Century Media Records Ltd.,,https://i.scdn.co/image/ab67616d0000b273115870a1892f8f8a1cfae7eb,,70I9vE7YTwKmelfEplXc5r,Firewind,spotify:artist:70I9vE7YTwKmelfEplXc5r,https://open.spotify.com/artist/70I9vE7YTwKmelfEplXc5r,,,,108314,"108,314",false,Spotify public artist page,,https://i.scdn.co/image/ab6761610000e5eb65dfd5aaf0e94b6c190d63b4,,70I9vE7YTwKmelfEplXc5r,Firewind,https://open.spotify.com/artist/70I9vE7YTwKmelfEplXc5r,"[{""artist_id"": ""70I9vE7YTwKmelfEplXc5r"", ""artist_name"": ""Firewind"", ""artist_url"": ""https://open.spotify.com/artist/70I9vE7YTwKmelfEplXc5r"", ""monthly_listeners"": ""108314"", ""monthly_listeners_display"": ""108,314"", ""is_approx"": ""false"", ""fetch_error"": """"}]","[{""artist_id"": ""70I9vE7YTwKmelfEplXc5r"", ""artist_name"": ""Firewind"", ""artist_uri"": ""spotify:artist:70I9vE7YTwKmelfEplXc5r"", ""artist_url"": ""https://open.spotify.com/artist/70I9vE7YTwKmelfEplXc5r"", ""artist_type"": ""artist"", ""artist_genres"": """", ""artist_spotify_api_popularity"": """", ""artist_followers_total"": """", ""artist_image_url"": ""https://i.scdn.co/image/ab6761610000e5eb65dfd5aaf0e94b6c190d63b4"", ""artist_lookup_error"": """", ""artist_monthly_listeners"": ""108314"", ""artist_monthly_listeners_display"": ""108,314"", ""artist_monthly_listeners_is_approx"": ""false"", ""artist_monthly_listeners_source"": ""Spotify public artist page"", ""artist_monthly_listeners_fetch_error"": """"}]",0,,"{""spotify"": ""https://open.spotify.com/track/4Mtj8Pf6GBFctUuG8mP9fO""}",{}
week5_17august,2026-08-17T07:40:10+00:00,Spotify,Aysima Karçaaltıncaba,aaaaysimaaaa,Week5_User6,Week5_User6,7c6HYIX8fdosTv1lrfCkrG,spotify:playlist:7c6HYIX8fdosTv1lrfCkrG,https://open.spotify.com/playlist/7c6HYIX8fdosTv1lrfCkrG,,aaaaysimaaaa,Aysima Karçaaltıncaba,True,False,0,AAAAAwBkN2ncdBs4CDqo4RpZhSOQCkAk,,6,2026-08-17T07:01:14Z,aaaaysimaaaa,primary_artist_monthly_listeners,242815,"242,815",Spotify public artist page,false,,5W5riPbci6HLF2TkTd2VyA,spotify:track:5W5riPbci6HLF2TkTd2VyA,https://open.spotify.com/track/5W5riPbci6HLF2TkTd2VyA,Dawn of Victory - Re-Recorded,track,1,1,284880,284.880,False,False,True,,https://api.spotify.com/v1/tracks/5W5riPbci6HLF2TkTd2VyA,https://api.spotify.com/v1/tracks/5W5riPbci6HLF2TkTd2VyA,,,DEU601706845,,,1UfSUScEvxwfbJEVSFH21R,spotify:album:1UfSUScEvxwfbJEVSFH21R,https://open.spotify.com/album/1UfSUScEvxwfbJEVSFH21R,Legendary Years (Re-Recorded),album,,14,2017-05-26,day,,C: 2017 AFM Records; P: 2017 AFM Records,,https://i.scdn.co/image/ab67616d0000b27311b32ec8f429d5bcfbc8bd21,,3IjLXN4eSksdGj8uDE4Jm1,Rhapsody Of Fire,spotify:artist:3IjLXN4eSksdGj8uDE4Jm1,https://open.spotify.com/artist/3IjLXN4eSksdGj8uDE4Jm1,,,,242815,"242,815",false,Spotify public artist page,,https://i.scdn.co/image/ab6761610000e5eb5d22c1db6d6eee22dfe54498,,3IjLXN4eSksdGj8uDE4Jm1,Rhapsody Of Fire,https://open.spotify.com/artist/3IjLXN4eSksdGj8uDE4Jm1,"[{""artist_id"": ""3IjLXN4eSksdGj8uDE4Jm1"", ""artist_name"": ""Rhapsody Of Fire"", ""artist_url"": ""https://open.spotify.com/artist/3IjLXN4eSksdGj8uDE4Jm1"", ""monthly_listeners"": ""242815"", ""monthly_listeners_display"": ""242,815"", ""is_approx"": ""false"", ""fetch_error"": """"}]","[{""artist_id"": ""3IjLXN4eSksdGj8uDE4Jm1"", ""artist_name"": ""Rhapsody Of Fire"", ""artist_uri"": ""spotify:artist:3IjLXN4eSksdGj8uDE4Jm1"", ""artist_url"": ""https://open.spotify.com/artist/3IjLXN4eSksdGj8uDE4Jm1"", ""artist_type"": ""artist"", ""artist_genres"": """", ""artist_spotify_api_popularity"": """", ""artist_followers_total"": """", ""artist_image_url"": ""https://i.scdn.co/image/ab6761610000e5eb5d22c1db6d6eee22dfe54498"", ""artist_lookup_error"": """", ""artist_monthly_listeners"": ""242815"", ""artist_monthly_listeners_display"": ""242,815"", ""artist_monthly_listeners_is_approx"": ""false"", ""artist_monthly_listeners_source"": ""Spotify public artist page"", ""artist_monthly_listeners_fetch_error"": """"}]",0,,"{""spotify"": ""https://open.spotify.com/track/5W5riPbci6HLF2TkTd2VyA""}",{}
week5_17august,2026-08-17T07:40:10+00:00,Spotify,Aysima Karçaaltıncaba,aaaaysimaaaa,Week5_User6,Week5_User6,7c6HYIX8fdosTv1lrfCkrG,spotify:playlist:7c6HYIX8fdosTv1lrfCkrG,https://open.spotify.com/playlist/7c6HYIX8fdosTv1lrfCkrG,,aaaaysimaaaa,Aysima Karçaaltıncaba,True,False,0,AAAAAwBkN2ncdBs4CDqo4RpZhSOQCkAk,,7,2026-08-17T07:01:14Z,aaaaysimaaaa,primary_artist_monthly_listeners,400540,"400,540",Spotify public artist page,false,,5LKm2vMBOtKq12C0padpN2,spotify:track:5LKm2vMBOtKq12C0padpN2,https://open.spotify.com/track/5LKm2vMBOtKq12C0padpN2,Gutter Ballet,track,2,1,380360,380.360,False,False,True,,https://api.spotify.com/v1/tracks/5LKm2vMBOtKq12C0padpN2,https://api.spotify.com/v1/tracks/5LKm2vMBOtKq12C0padpN2,,,DEB340900149,,,6zMeDffPrKyYSBf9AuyTIF,spotify:album:6zMeDffPrKyYSBf9AuyTIF,https://open.spotify.com/album/6zMeDffPrKyYSBf9AuyTIF,Gutter Ballet (2011 Edition),album,,13,1989,year,,C: 2011 Savatage Inc. under exclusive license to Edel Germany GmbH. earMUSIC is a project of Edel.; P: 2011 Savatage Inc. under exclusive license to Edel Germany GmbH. earMUSIC is a project of Edel.,,https://i.scdn.co/image/ab67616d0000b2738cda8b13ef9130cb6f7512b7,,3N1B1g6JtIgd6ClRkzD4yT,Savatage,spotify:artist:3N1B1g6JtIgd6ClRkzD4yT,https://open.spotify.com/artist/3N1B1g6JtIgd6ClRkzD4yT,,,,400540,"400,540",false,Spotify public artist page,,https://i.scdn.co/image/ab6761610000e5eb28ce3420531dadeaea4d8aef,,3N1B1g6JtIgd6ClRkzD4yT,Savatage,https://open.spotify.com/artist/3N1B1g6JtIgd6ClRkzD4yT,"[{""artist_id"": ""3N1B1g6JtIgd6ClRkzD4yT"", ""artist_name"": ""Savatage"", ""artist_url"": ""https://open.spotify.com/artist/3N1B1g6JtIgd6ClRkzD4yT"", ""monthly_listeners"": ""400540"", ""monthly_listeners_display"": ""400,540"", ""is_approx"": ""false"", ""fetch_error"": """"}]","[{""artist_id"": ""3N1B1g6JtIgd6ClRkzD4yT"", ""artist_name"": ""Savatage"", ""artist_uri"": ""spotify:artist:3N1B1g6JtIgd6ClRkzD4yT"", ""artist_url"": ""https://open.spotify.com/artist/3N1B1g6JtIgd6ClRkzD4yT"", ""artist_type"": ""artist"", ""artist_genres"": """", ""artist_spotify_api_popularity"": """", ""artist_followers_total"": """", ""artist_image_url"": ""https://i.scdn.co/image/ab6761610000e5eb28ce3420531dadeaea4d8aef"", ""artist_lookup_error"": """", ""artist_monthly_listeners"": ""400540"", ""artist_monthly_listeners_display"": ""400,540"", ""artist_monthly_listeners_is_approx"": ""false"", ""artist_monthly_listeners_source"": ""Spotify public artist page"", ""artist_monthly_listeners_fetch_error"": """"}]",0,,"{""spotify"": ""https://open.spotify.com/track/5LKm2vMBOtKq12C0padpN2""}",{}
week5_17august,2026-08-17T07:40:10+00:00,Spotify,Aysima Karçaaltıncaba,aaaaysimaaaa,Week5_User6,Week5_User6,7c6HYIX8fdosTv1lrfCkrG,spotify:playlist:7c6HYIX8fdosTv1lrfCkrG,https://open.spotify.com/playlist/7c6HYIX8fdosTv1lrfCkrG,,aaaaysimaaaa,Aysima Karçaaltıncaba,True,False,0,AAAAAwBkN2ncdBs4CDqo4RpZhSOQCkAk,,8,2026-08-17T07:01:14Z,aaaaysimaaaa,primary_artist_monthly_listeners,868739,"868,739",Spotify public artist page,false,,1tedBknW0ryQX3Z5e7tGZg,spotify:track:1tedBknW0ryQX3Z5e7tGZg,https://open.spotify.com/track/1tedBknW0ryQX3Z5e7tGZg,Blood Bound,track,2,1,229000,229.000,False,False,True,,https://api.spotify.com/v1/tracks/1tedBknW0ryQX3Z5e7tGZg,https://api.spotify.com/v1/tracks/1tedBknW0ryQX3Z5e7tGZg,,,DED830482302,,,4HPZbgMi7o0GcTjsbeTPdG,spotify:album:4HPZbgMi7o0GcTjsbeTPdG,https://open.spotify.com/album/4HPZbgMi7o0GcTjsbeTPdG,"Chapter V: Unbent, Unbowed, Unbroken",album,,10,2005-03-04,day,,"C: 2005 HammerFall Management, under exclusive license to Nuclear Blast GmbH; P: 2005 HammerFall Management, under exclusive license to Nuclear Blast GmbH",,https://i.scdn.co/image/ab67616d0000b2739b6dce439d58965cc623813b,,2o18h28enlHxj887tATc58,HammerFall,spotify:artist:2o18h28enlHxj887tATc58,https://open.spotify.com/artist/2o18h28enlHxj887tATc58,,,,868739,"868,739",false,Spotify public artist page,,https://i.scdn.co/image/ab6761610000e5eb9a0164f238589f0c0ca31088,,2o18h28enlHxj887tATc58,HammerFall,https://open.spotify.com/artist/2o18h28enlHxj887tATc58,"[{""artist_id"": ""2o18h28enlHxj887tATc58"", ""artist_name"": ""HammerFall"", ""artist_url"": ""https://open.spotify.com/artist/2o18h28enlHxj887tATc58"", ""monthly_listeners"": ""868739"", ""monthly_listeners_display"": ""868,739"", ""is_approx"": ""false"", ""fetch_error"": """"}]","[{""artist_id"": ""2o18h28enlHxj887tATc58"", ""artist_name"": ""HammerFall"", ""artist_uri"": ""spotify:artist:2o18h28enlHxj887tATc58"", ""artist_url"": ""https://open.spotify.com/artist/2o18h28enlHxj887tATc58"", ""artist_type"": ""artist"", ""artist_genres"": """", ""artist_spotify_api_popularity"": """", ""artist_followers_total"": """", ""artist_image_url"": ""https://i.scdn.co/image/ab6761610000e5eb9a0164f238589f0c0ca31088"", ""artist_lookup_error"": """", ""artist_monthly_listeners"": ""868739"", ""artist_monthly_listeners_display"": ""868,739"", ""artist_monthly_listeners_is_approx"": ""false"", ""artist_monthly_listeners_source"": ""Spotify public artist page"", ""artist_monthly_listeners_fetch_error"": """"}]",0,,"{""spotify"": ""https://open.spotify.com/track/1tedBknW0ryQX3Z5e7tGZg""}",{}
week5_17august,2026-08-17T07:40:10+00:00,Spotify,Aysima Karçaaltıncaba,aaaaysimaaaa,Week5_User6,Week5_User6,7c6HYIX8fdosTv1lrfCkrG,spotify:playlist:7c6HYIX8fdosTv1lrfCkrG,https://open.spotify.com/playlist/7c6HYIX8fdosTv1lrfCkrG,,aaaaysimaaaa,Aysima Karçaaltıncaba,True,False,0,AAAAAwBkN2ncdBs4CDqo4RpZhSOQCkAk,,9,2026-08-17T07:01:14Z,aaaaysimaaaa,primary_artist_monthly_listeners,464192,"464,192",Spotify public artist page,false,,2zzcdociKJgE51NaxgalV2,spotify:track:2zzcdociKJgE51NaxgalV2,https://open.spotify.com/track/2zzcdociKJgE51NaxgalV2,8th Commandment,track,3,1,221933,221.933,False,False,True,,https://api.spotify.com/v1/tracks/2zzcdociKJgE51NaxgalV2,https://api.spotify.com/v1/tracks/2zzcdociKJgE51NaxgalV2,,,FISFS9900084,,,3rM1PNwpD1hWbFTHVUoyuc,spotify:album:3rM1PNwpD1hWbFTHVUoyuc,https://open.spotify.com/album/3rM1PNwpD1hWbFTHVUoyuc,Ecliptica (International Version),album,,10,1999-01-01,day,,C: 1999 Spin-Farm Oy; P: 1999 Spin-Farm Oy,,https://i.scdn.co/image/ab67616d0000b273c579b15206ab88f6dcad44f6,,5YeoQ1L71cXDMpSpqxOjfH,Sonata Arctica,spotify:artist:5YeoQ1L71cXDMpSpqxOjfH,https://open.spotify.com/artist/5YeoQ1L71cXDMpSpqxOjfH,,,,464192,"464,192",false,Spotify public artist page,,https://i.scdn.co/image/ab6761610000e5eb3c36e8b69cb376bf869aedc2,,5YeoQ1L71cXDMpSpqxOjfH,Sonata Arctica,https://open.spotify.com/artist/5YeoQ1L71cXDMpSpqxOjfH,"[{""artist_id"": ""5YeoQ1L71cXDMpSpqxOjfH"", ""artist_name"": ""Sonata Arctica"", ""artist_url"": ""https://open.spotify.com/artist/5YeoQ1L71cXDMpSpqxOjfH"", ""monthly_listeners"": ""464192"", ""monthly_listeners_display"": ""464,192"", ""is_approx"": ""false"", ""fetch_error"": """"}]","[{""artist_id"": ""5YeoQ1L71cXDMpSpqxOjfH"", ""artist_name"": ""Sonata Arctica"", ""artist_uri"": ""spotify:artist:5YeoQ1L71cXDMpSpqxOjfH"", ""artist_url"": ""https://open.spotify.com/artist/5YeoQ1L71cXDMpSpqxOjfH"", ""artist_type"": ""artist"", ""artist_genres"": """", ""artist_spotify_api_popularity"": """", ""artist_followers_total"": """", ""artist_image_url"": ""https://i.scdn.co/image/ab6761610000e5eb3c36e8b69cb376bf869aedc2"", ""artist_lookup_error"": """", ""artist_monthly_listeners"": ""464192"", ""artist_monthly_listeners_display"": ""464,192"", ""artist_monthly_listeners_is_approx"": ""false"", ""artist_monthly_listeners_source"": ""Spotify public artist page"", ""artist_monthly_listeners_fetch_error"": """"}]",0,,"{""spotify"": ""https://open.spotify.com/track/2zzcdociKJgE51NaxgalV2""}",{}
week5_17august,2026-08-17T07:40:10+00:00,Spotify,Aysima Karçaaltıncaba,aaaaysimaaaa,Week5_User6,Week5_User6,7c6HYIX8fdosTv1lrfCkrG,spotify:playlist:7c6HYIX8fdosTv1lrfCkrG,https://open.spotify.com/playlist/7c6HYIX8fdosTv1lrfCkrG,,aaaaysimaaaa,Aysima Karçaaltıncaba,True,False,0,AAAAAwBkN2ncdBs4CDqo4RpZhSOQCkAk,,10,2026-08-17T07:01:14Z,aaaaysimaaaa,primary_artist_monthly_listeners,172653,"172,653",Spotify public artist page,false,,1BaJ4KLFgnveSRGKBwRWve,spotify:track:1BaJ4KLFgnveSRGKBwRWve,https://open.spotify.com/track/1BaJ4KLFgnveSRGKBwRWve,Heroes,track,6,1,213573,213.573,False,False,True,,https://api.spotify.com/v1/tracks/1BaJ4KLFgnveSRGKBwRWve,https://api.spotify.com/v1/tracks/1BaJ4KLFgnveSRGKBwRWve,,,DET970200006,,,6FxqNK88NImuiMIpCrTZee,spotify:album:6FxqNK88NImuiMIpCrTZee,https://open.spotify.com/album/6FxqNK88NImuiMIpCrTZee,Masterplan,album,,11,2003-01-20,day,,C: 2003 AFM Records; P: 2003 AFM Records,,https://i.scdn.co/image/ab67616d0000b2737479397fc56803ba3511fd1c,,1OHNvr18TssBKYK0A75yvx,Masterplan,spotify:artist:1OHNvr18TssBKYK0A75yvx,https://open.spotify.com/artist/1OHNvr18TssBKYK0A75yvx,,,,172653,"172,653",false,Spotify public artist page,,https://i.scdn.co/image/ab6761610000e5eb8cfdd5ee976e9da4af82d208,,1OHNvr18TssBKYK0A75yvx,Masterplan,https://open.spotify.com/artist/1OHNvr18TssBKYK0A75yvx,"[{""artist_id"": ""1OHNvr18TssBKYK0A75yvx"", ""artist_name"": ""Masterplan"", ""artist_url"": ""https://open.spotify.com/artist/1OHNvr18TssBKYK0A75yvx"", ""monthly_listeners"": ""172653"", ""monthly_listeners_display"": ""172,653"", ""is_approx"": ""false"", ""fetch_error"": """"}]","[{""artist_id"": ""1OHNvr18TssBKYK0A75yvx"", ""artist_name"": ""Masterplan"", ""artist_uri"": ""spotify:artist:1OHNvr18TssBKYK0A75yvx"", ""artist_url"": ""https://open.spotify.com/artist/1OHNvr18TssBKYK0A75yvx"", ""artist_type"": ""artist"", ""artist_genres"": """", ""artist_spotify_api_popularity"": """", ""artist_followers_total"": """", ""artist_image_url"": ""https://i.scdn.co/image/ab6761610000e5eb8cfdd5ee976e9da4af82d208"", ""artist_lookup_error"": """", ""artist_monthly_listeners"": ""172653"", ""artist_monthly_listeners_display"": ""172,653"", ""artist_monthly_listeners_is_approx"": ""false"", ""artist_monthly_listeners_source"": ""Spotify public artist page"", ""artist_monthly_listeners_fetch_error"": """"}]",0,,"{""spotify"": ""https://open.spotify.com/track/1BaJ4KLFgnveSRGKBwRWve""}",{}
week5_17august,2026-08-17T07:40:10+00:00,Spotify,Aysima Karçaaltıncaba,aaaaysimaaaa,Week5_User6,Week5_User6,7c6HYIX8fdosTv1lrfCkrG,spotify:playlist:7c6HYIX8fdosTv1lrfCkrG,https://open.spotify.com/playlist/7c6HYIX8fdosTv1lrfCkrG,,aaaaysimaaaa,Aysima Karçaaltıncaba,True,False,0,AAAAAwBkN2ncdBs4CDqo4RpZhSOQCkAk,,11,2026-08-17T07:01:14Z,aaaaysimaaaa,primary_artist_monthly_listeners,4222819,"4,222,819",Spotify public artist page,false,,4zX2bEgFHUIZV8rR3qsLor,spotify:track:4zX2bEgFHUIZV8rR3qsLor,https://open.spotify.com/track/4zX2bEgFHUIZV8rR3qsLor,Halls of Valhalla,track,3,1,364075,364.075,False,False,True,,https://api.spotify.com/v1/tracks/4zX2bEgFHUIZV8rR3qsLor,https://api.spotify.com/v1/tracks/4zX2bEgFHUIZV8rR3qsLor,,,GBARL1400240,,,0RIfXMHvRpLqHsZ0FZE3mS,spotify:album:0RIfXMHvRpLqHsZ0FZE3mS,https://open.spotify.com/album/0RIfXMHvRpLqHsZ0FZE3mS,Redeemer of Souls (Deluxe),album,,18,2014-07-07,day,,P: (P) 2014 Sony Music Entertainment UK Limited,,https://i.scdn.co/image/ab67616d0000b273a3734dd28eec5dccfd941846,,2tRsMl4eGxwoNabM08Dm4I,Judas Priest,spotify:artist:2tRsMl4eGxwoNabM08Dm4I,https://open.spotify.com/artist/2tRsMl4eGxwoNabM08Dm4I,,,,4222819,"4,222,819",false,Spotify public artist page,,https://i.scdn.co/image/ab6761610000e5eb4b3cfc24737acb15e73e8bd6,,2tRsMl4eGxwoNabM08Dm4I,Judas Priest,https://open.spotify.com/artist/2tRsMl4eGxwoNabM08Dm4I,"[{""artist_id"": ""2tRsMl4eGxwoNabM08Dm4I"", ""artist_name"": ""Judas Priest"", ""artist_url"": ""https://open.spotify.com/artist/2tRsMl4eGxwoNabM08Dm4I"", ""monthly_listeners"": ""4222819"", ""monthly_listeners_display"": ""4,222,819"", ""is_approx"": ""false"", ""fetch_error"": """"}]","[{""artist_id"": ""2tRsMl4eGxwoNabM08Dm4I"", ""artist_name"": ""Judas Priest"", ""artist_uri"": ""spotify:artist:2tRsMl4eGxwoNabM08Dm4I"", ""artist_url"": ""https://open.spotify.com/artist/2tRsMl4eGxwoNabM08Dm4I"", ""artist_type"": ""artist"", ""artist_genres"": """", ""artist_spotify_api_popularity"": """", ""artist_followers_total"": """", ""artist_image_url"": ""https://i.scdn.co/image/ab6761610000e5eb4b3cfc24737acb15e73e8bd6"", ""artist_lookup_error"": """", ""artist_monthly_listeners"": ""4222819"", ""artist_monthly_listeners_display"": ""4,222,819"", ""artist_monthly_listeners_is_approx"": ""false"", ""artist_monthly_listeners_source"": ""Spotify public artist page"", ""artist_monthly_listeners_fetch_error"": """"}]",0,,"{""spotify"": ""https://open.spotify.com/track/4zX2bEgFHUIZV8rR3qsLor""}",{}
week5_17august,2026-08-17T07:40:10+00:00,Spotify,Aysima Karçaaltıncaba,aaaaysimaaaa,Week5_User6,Week5_User6,7c6HYIX8fdosTv1lrfCkrG,spotify:playlist:7c6HYIX8fdosTv1lrfCkrG,https://open.spotify.com/playlist/7c6HYIX8fdosTv1lrfCkrG,,aaaaysimaaaa,Aysima Karçaaltıncaba,True,False,0,AAAAAwBkN2ncdBs4CDqo4RpZhSOQCkAk,,12,2026-08-17T07:01:14Z,aaaaysimaaaa,primary_artist_monthly_listeners,1476465,"1,476,465",Spotify public artist page,false,,5PrM0M6ERoOYiYggVqjfJD,spotify:track:5PrM0M6ERoOYiYggVqjfJD,https://open.spotify.com/track/5PrM0M6ERoOYiYggVqjfJD,Perfect Gentleman,track,6,1,233493,233.493,False,False,True,,https://api.spotify.com/v1/tracks/5PrM0M6ERoOYiYggVqjfJD,https://api.spotify.com/v1/tracks/5PrM0M6ERoOYiYggVqjfJD,,,GBAJE9400222,,,7H1YEetipoavKBGvSRqxmp,spotify:album:7H1YEetipoavKBGvSRqxmp,https://open.spotify.com/album/7H1YEetipoavKBGvSRqxmp,Master of the Rings (Expanded Edition),album,,18,1994-01-01,day,,"C: 2006 Sanctuary Records Group Ltd., a BMG Company; P: 2006 Sanctuary Records Group Ltd., a BMG Company",,https://i.scdn.co/image/ab67616d0000b27399d14b8213a2fde3f6aebfac,,4pQN0GB0fNEEOfQCaWotsY,Helloween,spotify:artist:4pQN0GB0fNEEOfQCaWotsY,https://open.spotify.com/artist/4pQN0GB0fNEEOfQCaWotsY,,,,1476465,"1,476,465",false,Spotify public artist page,,https://i.scdn.co/image/ab6761610000e5eb7d6b878498239115a09316d3,,4pQN0GB0fNEEOfQCaWotsY,Helloween,https://open.spotify.com/artist/4pQN0GB0fNEEOfQCaWotsY,"[{""artist_id"": ""4pQN0GB0fNEEOfQCaWotsY"", ""artist_name"": ""Helloween"", ""artist_url"": ""https://open.spotify.com/artist/4pQN0GB0fNEEOfQCaWotsY"", ""monthly_listeners"": ""1476465"", ""monthly_listeners_display"": ""1,476,465"", ""is_approx"": ""false"", ""fetch_error"": """"}]","[{""artist_id"": ""4pQN0GB0fNEEOfQCaWotsY"", ""artist_name"": ""Helloween"", ""artist_uri"": ""spotify:artist:4pQN0GB0fNEEOfQCaWotsY"", ""artist_url"": ""https://open.spotify.com/artist/4pQN0GB0fNEEOfQCaWotsY"", ""artist_type"": ""artist"", ""artist_genres"": """", ""artist_spotify_api_popularity"": """", ""artist_followers_total"": """", ""artist_image_url"": ""https://i.scdn.co/image/ab6761610000e5eb7d6b878498239115a09316d3"", ""artist_lookup_error"": """", ""artist_monthly_listeners"": ""1476465"", ""artist_monthly_listeners_display"": ""1,476,465"", ""artist_monthly_listeners_is_approx"": ""false"", ""artist_monthly_listeners_source"": ""Spotify public artist page"", ""artist_monthly_listeners_fetch_error"": """"}]",0,,"{""spotify"": ""https://open.spotify.com/track/5PrM0M6ERoOYiYggVqjfJD""}",{}
week5_17august,2026-08-17T07:40:10+00:00,Spotify,Aysima Karçaaltıncaba,aaaaysimaaaa,Week5_User6,Week5_User6,7c6HYIX8fdosTv1lrfCkrG,spotify:playlist:7c6HYIX8fdosTv1lrfCkrG,https://open.spotify.com/playlist/7c6HYIX8fdosTv1lrfCkrG,,aaaaysimaaaa,Aysima Karçaaltıncaba,True,False,0,AAAAAwBkN2ncdBs4CDqo4RpZhSOQCkAk,,13,2026-08-17T07:01:14Z,aaaaysimaaaa,primary_artist_monthly_listeners,314104,"314,104",Spotify public artist page,false,,6EMTWm0HgzsvJiQQOqObEQ,spotify:track:6EMTWm0HgzsvJiQQOqObEQ,https://open.spotify.com/track/6EMTWm0HgzsvJiQQOqObEQ,Vain Glory Opera,track,6,1,370186,370.186,False,False,True,,https://api.spotify.com/v1/tracks/6EMTWm0HgzsvJiQQOqObEQ,https://api.spotify.com/v1/tracks/6EMTWm0HgzsvJiQQOqObEQ,,,DEZ900500571,,,2T9uuvdso9EyHnHG0r3l4Z,spotify:album:2T9uuvdso9EyHnHG0r3l4Z,https://open.spotify.com/album/2T9uuvdso9EyHnHG0r3l4Z,Vain Glory Opera,album,,11,1998-01-19,day,,C: AFM Records; P: AFM Records,,https://i.scdn.co/image/ab67616d0000b273661fa273ca23e7b9859a03c7,,3AGFqPP3gt5rMSvhR87Xxu,Edguy,spotify:artist:3AGFqPP3gt5rMSvhR87Xxu,https://open.spotify.com/artist/3AGFqPP3gt5rMSvhR87Xxu,,,,314104,"314,104",false,Spotify public artist page,,https://i.scdn.co/image/ab6772690000c46cec078670d746fddbe7674e78,,3AGFqPP3gt5rMSvhR87Xxu,Edguy,https://open.spotify.com/artist/3AGFqPP3gt5rMSvhR87Xxu,"[{""artist_id"": ""3AGFqPP3gt5rMSvhR87Xxu"", ""artist_name"": ""Edguy"", ""artist_url"": ""https://open.spotify.com/artist/3AGFqPP3gt5rMSvhR87Xxu"", ""monthly_listeners"": ""314104"", ""monthly_listeners_display"": ""314,104"", ""is_approx"": ""false"", ""fetch_error"": """"}]","[{""artist_id"": ""3AGFqPP3gt5rMSvhR87Xxu"", ""artist_name"": ""Edguy"", ""artist_uri"": ""spotify:artist:3AGFqPP3gt5rMSvhR87Xxu"", ""artist_url"": ""https://open.spotify.com/artist/3AGFqPP3gt5rMSvhR87Xxu"", ""artist_type"": ""artist"", ""artist_genres"": """", ""artist_spotify_api_popularity"": """", ""artist_followers_total"": """", ""artist_image_url"": ""https://i.scdn.co/image/ab6772690000c46cec078670d746fddbe7674e78"", ""artist_lookup_error"": """", ""artist_monthly_listeners"": ""314104"", ""artist_monthly_listeners_display"": ""314,104"", ""artist_monthly_listeners_is_approx"": ""false"", ""artist_monthly_listeners_source"": ""Spotify public artist page"", ""artist_monthly_listeners_fetch_error"": """"}]",0,,"{""spotify"": ""https://open.spotify.com/track/6EMTWm0HgzsvJiQQOqObEQ""}",{}
week5_17august,2026-08-17T07:40:10+00:00,Spotify,Aysima Karçaaltıncaba,aaaaysimaaaa,Week5_User6,Week5_User6,7c6HYIX8fdosTv1lrfCkrG,spotify:playlist:7c6HYIX8fdosTv1lrfCkrG,https://open.spotify.com/playlist/7c6HYIX8fdosTv1lrfCkrG,,aaaaysimaaaa,Aysima Karçaaltıncaba,True,False,0,AAAAAwBkN2ncdBs4CDqo4RpZhSOQCkAk,,14,2026-08-17T07:01:14Z,aaaaysimaaaa,primary_artist_monthly_listeners,1210168,"1,210,168",Spotify public artist page,false,,00FuOCmghgctxEsVVMGKDk,spotify:track:00FuOCmghgctxEsVVMGKDk,https://open.spotify.com/track/00FuOCmghgctxEsVVMGKDk,Crack the Sky,track,2,1,230317,230.317,True,False,True,,https://api.spotify.com/v1/tracks/00FuOCmghgctxEsVVMGKDk,https://api.spotify.com/v1/tracks/00FuOCmghgctxEsVVMGKDk,,,USMBR1913487,,,4NxlBCBuzKXCwNVNMfRGUa,spotify:album:4NxlBCBuzKXCwNVNMfRGUa,https://open.spotify.com/album/4NxlBCBuzKXCwNVNMfRGUa,Berserker,album,,12,2019-05-03,day,,"C: (C) 2019 Metal Blade Records, Inc.; P: (P) 2019 Metal Blade Records, Inc.",,https://i.scdn.co/image/ab67616d0000b2738d529980602b892735c091c7,,3pulcT2wt7FEG10lQlqDJL,Amon Amarth,spotify:artist:3pulcT2wt7FEG10lQlqDJL,https://open.spotify.com/artist/3pulcT2wt7FEG10lQlqDJL,,,,1210168,"1,210,168",false,Spotify public artist page,,https://i.scdn.co/image/ab6761610000e5ebe0ed6357e133abef229c44a3,,3pulcT2wt7FEG10lQlqDJL,Amon Amarth,https://open.spotify.com/artist/3pulcT2wt7FEG10lQlqDJL,"[{""artist_id"": ""3pulcT2wt7FEG10lQlqDJL"", ""artist_name"": ""Amon Amarth"", ""artist_url"": ""https://open.spotify.com/artist/3pulcT2wt7FEG10lQlqDJL"", ""monthly_listeners"": ""1210168"", ""monthly_listeners_display"": ""1,210,168"", ""is_approx"": ""false"", ""fetch_error"": """"}]","[{""artist_id"": ""3pulcT2wt7FEG10lQlqDJL"", ""artist_name"": ""Amon Amarth"", ""artist_uri"": ""spotify:artist:3pulcT2wt7FEG10lQlqDJL"", ""artist_url"": ""https://open.spotify.com/artist/3pulcT2wt7FEG10lQlqDJL"", ""artist_type"": ""artist"", ""artist_genres"": """", ""artist_spotify_api_popularity"": """", ""artist_followers_total"": """", ""artist_image_url"": ""https://i.scdn.co/image/ab6761610000e5ebe0ed6357e133abef229c44a3"", ""artist_lookup_error"": """", ""artist_monthly_listeners"": ""1210168"", ""artist_monthly_listeners_display"": ""1,210,168"", ""artist_monthly_listeners_is_approx"": ""false"", ""artist_monthly_listeners_source"": ""Spotify public artist page"", ""artist_monthly_listeners_fetch_error"": """"}]",0,,"{""spotify"": ""https://open.spotify.com/track/00FuOCmghgctxEsVVMGKDk""}",{}
week5_17august,2026-08-17T07:40:10+00:00,Spotify,Aysima Karçaaltıncaba,aaaaysimaaaa,Week5_User6,Week5_User6,7c6HYIX8fdosTv1lrfCkrG,spotify:playlist:7c6HYIX8fdosTv1lrfCkrG,https://open.spotify.com/playlist/7c6HYIX8fdosTv1lrfCkrG,,aaaaysimaaaa,Aysima Karçaaltıncaba,True,False,0,AAAAAwBkN2ncdBs4CDqo4RpZhSOQCkAk,,15,2026-08-17T07:01:14Z,aaaaysimaaaa,primary_artist_monthly_listeners,179130,"179,130",Spotify public artist page,false,,41WYMfl4K0Ol7GH1wO4m9D,spotify:track:41WYMfl4K0Ol7GH1wO4m9D,https://open.spotify.com/track/41WYMfl4K0Ol7GH1wO4m9D,Heaven or Hell,track,4,1,256278,256.278,False,False,True,,https://api.spotify.com/v1/tracks/41WYMfl4K0Ol7GH1wO4m9D,https://api.spotify.com/v1/tracks/41WYMfl4K0Ol7GH1wO4m9D,,,GBAJE0100092,,,7ywbmNj3poSGGxLfG7S1hE,spotify:album:7ywbmNj3poSGGxLfG7S1hE,https://open.spotify.com/album/7ywbmNj3poSGGxLfG7S1hE,No World Order,album,,11,2001-09-10,day,,"C: 2001 Gamma Ray / earMUSIC, a label of Edel Music & Entertainment GmbH; P: 2022 earMUSIC, a label of Edel Music & Entertainment GmbH",,https://i.scdn.co/image/ab67616d0000b27364133a7ae5d24ed7e279a932,,6LZE884lDIsCSLHuTplfGp,Gamma Ray,spotify:artist:6LZE884lDIsCSLHuTplfGp,https://open.spotify.com/artist/6LZE884lDIsCSLHuTplfGp,,,,179130,"179,130",false,Spotify public artist page,,https://i.scdn.co/image/ab6772690000c46c1110b1a024312710e7c796c4,,6LZE884lDIsCSLHuTplfGp,Gamma Ray,https://open.spotify.com/artist/6LZE884lDIsCSLHuTplfGp,"[{""artist_id"": ""6LZE884lDIsCSLHuTplfGp"", ""artist_name"": ""Gamma Ray"", ""artist_url"": ""https://open.spotify.com/artist/6LZE884lDIsCSLHuTplfGp"", ""monthly_listeners"": ""179130"", ""monthly_listeners_display"": ""179,130"", ""is_approx"": ""false"", ""fetch_error"": """"}]","[{""artist_id"": ""6LZE884lDIsCSLHuTplfGp"", ""artist_name"": ""Gamma Ray"", ""artist_uri"": ""spotify:artist:6LZE884lDIsCSLHuTplfGp"", ""artist_url"": ""https://open.spotify.com/artist/6LZE884lDIsCSLHuTplfGp"", ""artist_type"": ""artist"", ""artist_genres"": """", ""artist_spotify_api_popularity"": """", ""artist_followers_total"": """", ""artist_image_url"": ""https://i.scdn.co/image/ab6772690000c46c1110b1a024312710e7c796c4"", ""artist_lookup_error"": """", ""artist_monthly_listeners"": ""179130"", ""artist_monthly_listeners_display"": ""179,130"", ""artist_monthly_listeners_is_approx"": ""false"", ""artist_monthly_listeners_source"": ""Spotify public artist page"", ""artist_monthly_listeners_fetch_error"": """"}]",0,,"{""spotify"": ""https://open.spotify.com/track/41WYMfl4K0Ol7GH1wO4m9D""}",{}
week5_17august,2026-08-17T07:40:10+00:00,Spotify,Aysima Karçaaltıncaba,aaaaysimaaaa,Week5_User6,Week5_User6,7c6HYIX8fdosTv1lrfCkrG,spotify:playlist:7c6HYIX8fdosTv1lrfCkrG,https://open.spotify.com/playlist/7c6HYIX8fdosTv1lrfCkrG,,aaaaysimaaaa,Aysima Karçaaltıncaba,True,False,0,AAAAAwBkN2ncdBs4CDqo4RpZhSOQCkAk,,16,2026-08-17T07:01:14Z,aaaaysimaaaa,primary_artist_monthly_listeners,471436,"471,436",Spotify public artist page,false,,4VtZFQxmbK85potLyPmJa1,spotify:track:4VtZFQxmbK85potLyPmJa1,https://open.spotify.com/track/4VtZFQxmbK85potLyPmJa1,Abduction,track,2,1,230666,230.666,False,False,True,,https://api.spotify.com/v1/tracks/4VtZFQxmbK85potLyPmJa1,https://api.spotify.com/v1/tracks/4VtZFQxmbK85potLyPmJa1,,,GBCUF0500079,,,3naMLlWCKTzfkc0nWiqNr3,spotify:album:3naMLlWCKTzfkc0nWiqNr3,https://open.spotify.com/album/3naMLlWCKTzfkc0nWiqNr3,Tyranny of Souls,album,,10,2005-05-23,day,,"C: 2005 Duellist Enterprises Ltd. under exclusive license to Sanctuary Records Group Ltd., a BMG Company; P: 2005 Duellist Enterprises Ltd. under exclusive license to Sanctuary Records Group Ltd., a BMG Company",,https://i.scdn.co/image/ab67616d0000b2739d773e317f313cb5b2027771,,7Iffw1nP3NjCWkRIx3Ily9,Bruce Dickinson,spotify:artist:7Iffw1nP3NjCWkRIx3Ily9,https://open.spotify.com/artist/7Iffw1nP3NjCWkRIx3Ily9,,,,471436,"471,436",false,Spotify public artist page,,https://i.scdn.co/image/ab6761610000e5ebd90e4a9038787929178b4815,,7Iffw1nP3NjCWkRIx3Ily9,Bruce Dickinson,https://open.spotify.com/artist/7Iffw1nP3NjCWkRIx3Ily9,"[{""artist_id"": ""7Iffw1nP3NjCWkRIx3Ily9"", ""artist_name"": ""Bruce Dickinson"", ""artist_url"": ""https://open.spotify.com/artist/7Iffw1nP3NjCWkRIx3Ily9"", ""monthly_listeners"": ""471436"", ""monthly_listeners_display"": ""471,436"", ""is_approx"": ""false"", ""fetch_error"": """"}]","[{""artist_id"": ""7Iffw1nP3NjCWkRIx3Ily9"", ""artist_name"": ""Bruce Dickinson"", ""artist_uri"": ""spotify:artist:7Iffw1nP3NjCWkRIx3Ily9"", ""artist_url"": ""https://open.spotify.com/artist/7Iffw1nP3NjCWkRIx3Ily9"", ""artist_type"": ""artist"", ""artist_genres"": """", ""artist_spotify_api_popularity"": """", ""artist_followers_total"": """", ""artist_image_url"": ""https://i.scdn.co/image/ab6761610000e5ebd90e4a9038787929178b4815"", ""artist_lookup_error"": """", ""artist_monthly_listeners"": ""471436"", ""artist_monthly_listeners_display"": ""471,436"", ""artist_monthly_listeners_is_approx"": ""false"", ""artist_monthly_listeners_source"": ""Spotify public artist page"", ""artist_monthly_listeners_fetch_error"": """"}]",0,,"{""spotify"": ""https://open.spotify.com/track/4VtZFQxmbK85potLyPmJa1""}",{}
week5_17august,2026-08-17T07:40:10+00:00,Spotify,Aysima Karçaaltıncaba,aaaaysimaaaa,Week5_User6,Week5_User6,7c6HYIX8fdosTv1lrfCkrG,spotify:playlist:7c6HYIX8fdosTv1lrfCkrG,https://open.spotify.com/playlist/7c6HYIX8fdosTv1lrfCkrG,,aaaaysimaaaa,Aysima Karçaaltıncaba,True,False,0,AAAAAwBkN2ncdBs4CDqo4RpZhSOQCkAk,,17,2026-08-17T07:01:14Z,aaaaysimaaaa,primary_artist_monthly_listeners,28635,"28,635",Spotify public artist page,false,,6ruhOxyV98u0nHjd4bX5KM,spotify:track:6ruhOxyV98u0nHjd4bX5KM,https://open.spotify.com/track/6ruhOxyV98u0nHjd4bX5KM,Your Time Has Come,track,2,1,303493,303.493,False,False,True,,https://api.spotify.com/v1/tracks/6ruhOxyV98u0nHjd4bX5KM,https://api.spotify.com/v1/tracks/6ruhOxyV98u0nHjd4bX5KM,,,DEH841400201,,,3cQzjRT13tkhslb7ii9NcD,spotify:album:3cQzjRT13tkhslb7ii9NcD,https://open.spotify.com/album/3cQzjRT13tkhslb7ii9NcD,Light of Dawn,album,,12,2014-08-01,day,,C: 2014 Edel Germany GmbH. earMUSIC is a project of Edel.; P: 2014 Edel Germany GmbH. earMUSIC is a project of Edel.,,https://i.scdn.co/image/ab67616d0000b27373c0fd64f80440fb41dc2601,,3DDcmHnwKjM4sQ8qm34JMU,Unisonic,spotify:artist:3DDcmHnwKjM4sQ8qm34JMU,https://open.spotify.com/artist/3DDcmHnwKjM4sQ8qm34JMU,,,,28635,"28,635",false,Spotify public artist page,,https://i.scdn.co/image/ab6761610000e5eb0be750ff9272422d98f971b0,,3DDcmHnwKjM4sQ8qm34JMU,Unisonic,https://open.spotify.com/artist/3DDcmHnwKjM4sQ8qm34JMU,"[{""artist_id"": ""3DDcmHnwKjM4sQ8qm34JMU"", ""artist_name"": ""Unisonic"", ""artist_url"": ""https://open.spotify.com/artist/3DDcmHnwKjM4sQ8qm34JMU"", ""monthly_listeners"": ""28635"", ""monthly_listeners_display"": ""28,635"", ""is_approx"": ""false"", ""fetch_error"": """"}]","[{""artist_id"": ""3DDcmHnwKjM4sQ8qm34JMU"", ""artist_name"": ""Unisonic"", ""artist_uri"": ""spotify:artist:3DDcmHnwKjM4sQ8qm34JMU"", ""artist_url"": ""https://open.spotify.com/artist/3DDcmHnwKjM4sQ8qm34JMU"", ""artist_type"": ""artist"", ""artist_genres"": """", ""artist_spotify_api_popularity"": """", ""artist_followers_total"": """", ""artist_image_url"": ""https://i.scdn.co/image/ab6761610000e5eb0be750ff9272422d98f971b0"", ""artist_lookup_error"": """", ""artist_monthly_listeners"": ""28635"", ""artist_monthly_listeners_display"": ""28,635"", ""artist_monthly_listeners_is_approx"": ""false"", ""artist_monthly_listeners_source"": ""Spotify public artist page"", ""artist_monthly_listeners_fetch_error"": """"}]",0,,"{""spotify"": ""https://open.spotify.com/track/6ruhOxyV98u0nHjd4bX5KM""}",{}
week5_17august,2026-08-17T07:40:10+00:00,Spotify,Aysima Karçaaltıncaba,aaaaysimaaaa,Week5_User6,Week5_User6,7c6HYIX8fdosTv1lrfCkrG,spotify:playlist:7c6HYIX8fdosTv1lrfCkrG,https://open.spotify.com/playlist/7c6HYIX8fdosTv1lrfCkrG,,aaaaysimaaaa,Aysima Karçaaltıncaba,True,False,0,AAAAAwBkN2ncdBs4CDqo4RpZhSOQCkAk,,18,2026-08-17T07:01:14Z,aaaaysimaaaa,primary_artist_monthly_listeners,1047263,"1,047,263",Spotify public artist page,false,,5HkvAtKEPDLmchWYmepqYB,spotify:track:5HkvAtKEPDLmchWYmepqYB,https://open.spotify.com/track/5HkvAtKEPDLmchWYmepqYB,Hail and Kill,track,8,1,357026,357.026,False,False,True,,https://api.spotify.com/v1/tracks/5HkvAtKEPDLmchWYmepqYB,https://api.spotify.com/v1/tracks/5HkvAtKEPDLmchWYmepqYB,,,USAT20102851,,,7lZkD6ntnGAhmWowltbOYB,spotify:album:7lZkD6ntnGAhmWowltbOYB,https://open.spotify.com/album/7lZkD6ntnGAhmWowltbOYB,Kings of Metal,album,,10,1988-11-01,day,,C: © 1988 Atlantic Recording Corporation for the United States and WEA International Inc. for the world outside of the United States; P: ℗ 1988 Atlantic Recording Corporation for the United States and WEA International Inc. for the world outside of the United States,,https://i.scdn.co/image/ab67616d0000b2732612add61ad53e5a5d33c2d4,,4CzUzn54Cp9TQr6a7JIlMZ,Manowar,spotify:artist:4CzUzn54Cp9TQr6a7JIlMZ,https://open.spotify.com/artist/4CzUzn54Cp9TQr6a7JIlMZ,,,,1047263,"1,047,263",false,Spotify public artist page,,https://i.scdn.co/image/ab6761610000e5eba4780fe15900fbd223cd4f48,,4CzUzn54Cp9TQr6a7JIlMZ,Manowar,https://open.spotify.com/artist/4CzUzn54Cp9TQr6a7JIlMZ,"[{""artist_id"": ""4CzUzn54Cp9TQr6a7JIlMZ"", ""artist_name"": ""Manowar"", ""artist_url"": ""https://open.spotify.com/artist/4CzUzn54Cp9TQr6a7JIlMZ"", ""monthly_listeners"": ""1047263"", ""monthly_listeners_display"": ""1,047,263"", ""is_approx"": ""false"", ""fetch_error"": """"}]","[{""artist_id"": ""4CzUzn54Cp9TQr6a7JIlMZ"", ""artist_name"": ""Manowar"", ""artist_uri"": ""spotify:artist:4CzUzn54Cp9TQr6a7JIlMZ"", ""artist_url"": ""https://open.spotify.com/artist/4CzUzn54Cp9TQr6a7JIlMZ"", ""artist_type"": ""artist"", ""artist_genres"": """", ""artist_spotify_api_popularity"": """", ""artist_followers_total"": """", ""artist_image_url"": ""https://i.scdn.co/image/ab6761610000e5eba4780fe15900fbd223cd4f48"", ""artist_lookup_error"": """", ""artist_monthly_listeners"": ""1047263"", ""artist_monthly_listeners_display"": ""1,047,263"", ""artist_monthly_listeners_is_approx"": ""false"", ""artist_monthly_listeners_source"": ""Spotify public artist page"", ""artist_monthly_listeners_fetch_error"": """"}]",0,,"{""spotify"": ""https://open.spotify.com/track/5HkvAtKEPDLmchWYmepqYB""}",{}
week5_17august,2026-08-17T07:40:10+00:00,Spotify,Aysima Karçaaltıncaba,aaaaysimaaaa,Week5_User6,Week5_User6,7c6HYIX8fdosTv1lrfCkrG,spotify:playlist:7c6HYIX8fdosTv1lrfCkrG,https://open.spotify.com/playlist/7c6HYIX8fdosTv1lrfCkrG,,aaaaysimaaaa,Aysima Karçaaltıncaba,True,False,0,AAAAAwBkN2ncdBs4CDqo4RpZhSOQCkAk,,19,2026-08-17T07:01:14Z,aaaaysimaaaa,primary_artist_monthly_listeners,473901,"473,901",Spotify public artist page,false,,773yjqHbb0VMYrt6ARF1SB,spotify:track:773yjqHbb0VMYrt6ARF1SB,https://open.spotify.com/track/773yjqHbb0VMYrt6ARF1SB,Blacksong,track,2,1,336813,336.813,False,False,True,,https://api.spotify.com/v1/tracks/773yjqHbb0VMYrt6ARF1SB,https://api.spotify.com/v1/tracks/773yjqHbb0VMYrt6ARF1SB,,,DEU600500344,,,3YPkjTtpwdR3mOv4ToAlhW,spotify:album:3YPkjTtpwdR3mOv4ToAlhW,https://open.spotify.com/album/3YPkjTtpwdR3mOv4ToAlhW,The Duke,album,,10,2006-02-24,day,,C: © 2006 Legend Man Music; P: ℗ 2006 Legend Man Music,,https://i.scdn.co/image/ab67616d0000b2736a501333949796282e865afa,,5SaDyTQkjAAdrsmhPzrmw2,Jorn,spotify:artist:5SaDyTQkjAAdrsmhPzrmw2,https://open.spotify.com/artist/5SaDyTQkjAAdrsmhPzrmw2,,,,473901,"473,901",false,Spotify public artist page,,https://i.scdn.co/image/ab6761610000e5ebf1310d077ecfed399b5c7ca9,,5SaDyTQkjAAdrsmhPzrmw2,Jorn,https://open.spotify.com/artist/5SaDyTQkjAAdrsmhPzrmw2,"[{""artist_id"": ""5SaDyTQkjAAdrsmhPzrmw2"", ""artist_name"": ""Jorn"", ""artist_url"": ""https://open.spotify.com/artist/5SaDyTQkjAAdrsmhPzrmw2"", ""monthly_listeners"": ""473901"", ""monthly_listeners_display"": ""473,901"", ""is_approx"": ""false"", ""fetch_error"": """"}]","[{""artist_id"": ""5SaDyTQkjAAdrsmhPzrmw2"", ""artist_name"": ""Jorn"", ""artist_uri"": ""spotify:artist:5SaDyTQkjAAdrsmhPzrmw2"", ""artist_url"": ""https://open.spotify.com/artist/5SaDyTQkjAAdrsmhPzrmw2"", ""artist_type"": ""artist"", ""artist_genres"": """", ""artist_spotify_api_popularity"": """", ""artist_followers_total"": """", ""artist_image_url"": ""https://i.scdn.co/image/ab6761610000e5ebf1310d077ecfed399b5c7ca9"", ""artist_lookup_error"": """", ""artist_monthly_listeners"": ""473901"", ""artist_monthly_listeners_display"": ""473,901"", ""artist_monthly_listeners_is_approx"": ""false"", ""artist_monthly_listeners_source"": ""Spotify public artist page"", ""artist_monthly_listeners_fetch_error"": """"}]",0,,"{""spotify"": ""https://open.spotify.com/track/773yjqHbb0VMYrt6ARF1SB""}",{}
week5_17august,2026-08-17T07:40:10+00:00,Spotify,Aysima Karçaaltıncaba,aaaaysimaaaa,Week5_User6,Week5_User6,7c6HYIX8fdosTv1lrfCkrG,spotify:playlist:7c6HYIX8fdosTv1lrfCkrG,https://open.spotify.com/playlist/7c6HYIX8fdosTv1lrfCkrG,,aaaaysimaaaa,Aysima Karçaaltıncaba,True,False,0,AAAAAwBkN2ncdBs4CDqo4RpZhSOQCkAk,,20,2026-08-17T07:01:14Z,aaaaysimaaaa,primary_artist_monthly_listeners,9895,"9,895",Spotify public artist page,false,,2yUkX5Ea2NwodDJPvvsTxR,spotify:track:2yUkX5Ea2NwodDJPvvsTxR,https://open.spotify.com/track/2yUkX5Ea2NwodDJPvvsTxR,Lucretia My Reflection,track,4,1,278360,278.360,False,False,True,,https://api.spotify.com/v1/tracks/2yUkX5Ea2NwodDJPvvsTxR,https://api.spotify.com/v1/tracks/2yUkX5Ea2NwodDJPvvsTxR,,,US4E40847804,,,1GInCtYNFPydxDCuW00VNp,spotify:album:1GInCtYNFPydxDCuW00VNp,https://open.spotify.com/album/1GInCtYNFPydxDCuW00VNp,Praises To The War Machine,album,,12,2008-06-10,day,,P: (P) 2008 Century Media Records Ltd.,,https://i.scdn.co/image/ab67616d0000b27321b6bcf4958d1f9a643379fd,,1qrGnVZhEO4vX3ahn4RY1r,Warrel Dane,spotify:artist:1qrGnVZhEO4vX3ahn4RY1r,https://open.spotify.com/artist/1qrGnVZhEO4vX3ahn4RY1r,,,,9895,"9,895",false,Spotify public artist page,,https://i.scdn.co/image/07f121b8bcd5582bec2e181534d5ff1e8fc95ed5,,1qrGnVZhEO4vX3ahn4RY1r,Warrel Dane,https://open.spotify.com/artist/1qrGnVZhEO4vX3ahn4RY1r,"[{""artist_id"": ""1qrGnVZhEO4vX3ahn4RY1r"", ""artist_name"": ""Warrel Dane"", ""artist_url"": ""https://open.spotify.com/artist/1qrGnVZhEO4vX3ahn4RY1r"", ""monthly_listeners"": ""9895"", ""monthly_listeners_display"": ""9,895"", ""is_approx"": ""false"", ""fetch_error"": """"}]","[{""artist_id"": ""1qrGnVZhEO4vX3ahn4RY1r"", ""artist_name"": ""Warrel Dane"", ""artist_uri"": ""spotify:artist:1qrGnVZhEO4vX3ahn4RY1r"", ""artist_url"": ""https://open.spotify.com/artist/1qrGnVZhEO4vX3ahn4RY1r"", ""artist_type"": ""artist"", ""artist_genres"": """", ""artist_spotify_api_popularity"": """", ""artist_followers_total"": """", ""artist_image_url"": ""https://i.scdn.co/image/07f121b8bcd5582bec2e181534d5ff1e8fc95ed5"", ""artist_lookup_error"": """", ""artist_monthly_listeners"": ""9895"", ""artist_monthly_listeners_display"": ""9,895"", ""artist_monthly_listeners_is_approx"": ""false"", ""artist_monthly_listeners_source"": ""Spotify public artist page"", ""artist_monthly_listeners_fetch_error"": """"}]",0,,"{""spotify"": ""https://open.spotify.com/track/2yUkX5Ea2NwodDJPvvsTxR""}",{}
week5_17august,2026-08-17T07:40:10+00:00,Spotify,Aysima Karçaaltıncaba,aaaaysimaaaa,Week5_User6,Week5_User6,7c6HYIX8fdosTv1lrfCkrG,spotify:playlist:7c6HYIX8fdosTv1lrfCkrG,https://open.spotify.com/playlist/7c6HYIX8fdosTv1lrfCkrG,,aaaaysimaaaa,Aysima Karçaaltıncaba,True,False,0,AAAAAwBkN2ncdBs4CDqo4RpZhSOQCkAk,,21,2026-08-17T07:01:14Z,aaaaysimaaaa,primary_artist_monthly_listeners,21267,"21,267",Spotify public artist page,false,,3mZZmANnoFr6noTgxc8Zll,spotify:track:3mZZmANnoFr6noTgxc8Zll,https://open.spotify.com/track/3mZZmANnoFr6noTgxc8Zll,Welcome to Paradise,track,1,1,276133,276.133,False,False,True,,https://api.spotify.com/v1/tracks/3mZZmANnoFr6noTgxc8Zll,https://api.spotify.com/v1/tracks/3mZZmANnoFr6noTgxc8Zll,,,DED831900283,,,5WgN3EoZSf12ZyYaFxzYSP,spotify:album:5WgN3EoZSf12ZyYaFxzYSP,https://open.spotify.com/album/5WgN3EoZSf12ZyYaFxzYSP,Welcome to Paradise,album,,13,2019-08-02,day,,C: 2019 Nuclear Blast; P: 2019 Nuclear Blast,,https://i.scdn.co/image/ab67616d0000b27321ebb75e78cb1e6f30794879,,0cxYOcvgOWW1MJEoWeuCvg,NorthTale,spotify:artist:0cxYOcvgOWW1MJEoWeuCvg,https://open.spotify.com/artist/0cxYOcvgOWW1MJEoWeuCvg,,,,21267,"21,267",false,Spotify public artist page,,https://i.scdn.co/image/ab6761610000e5eb6c949980fb3aab36f8347668,,0cxYOcvgOWW1MJEoWeuCvg,NorthTale,https://open.spotify.com/artist/0cxYOcvgOWW1MJEoWeuCvg,"[{""artist_id"": ""0cxYOcvgOWW1MJEoWeuCvg"", ""artist_name"": ""NorthTale"", ""artist_url"": ""https://open.spotify.com/artist/0cxYOcvgOWW1MJEoWeuCvg"", ""monthly_listeners"": ""21267"", ""monthly_listeners_display"": ""21,267"", ""is_approx"": ""false"", ""fetch_error"": """"}]","[{""artist_id"": ""0cxYOcvgOWW1MJEoWeuCvg"", ""artist_name"": ""NorthTale"", ""artist_uri"": ""spotify:artist:0cxYOcvgOWW1MJEoWeuCvg"", ""artist_url"": ""https://open.spotify.com/artist/0cxYOcvgOWW1MJEoWeuCvg"", ""artist_type"": ""artist"", ""artist_genres"": """", ""artist_spotify_api_popularity"": """", ""artist_followers_total"": """", ""artist_image_url"": ""https://i.scdn.co/image/ab6761610000e5eb6c949980fb3aab36f8347668"", ""artist_lookup_error"": """", ""artist_monthly_listeners"": ""21267"", ""artist_monthly_listeners_display"": ""21,267"", ""artist_monthly_listeners_is_approx"": ""false"", ""artist_monthly_listeners_source"": ""Spotify public artist page"", ""artist_monthly_listeners_fetch_error"": """"}]",0,,"{""spotify"": ""https://open.spotify.com/track/3mZZmANnoFr6noTgxc8Zll""}",{}
week5_17august,2026-08-17T07:40:10+00:00,Spotify,Aysima Karçaaltıncaba,aaaaysimaaaa,Week5_User6,Week5_User6,7c6HYIX8fdosTv1lrfCkrG,spotify:playlist:7c6HYIX8fdosTv1lrfCkrG,https://open.spotify.com/playlist/7c6HYIX8fdosTv1lrfCkrG,,aaaaysimaaaa,Aysima Karçaaltıncaba,True,False,0,AAAAAwBkN2ncdBs4CDqo4RpZhSOQCkAk,,22,2026-08-17T07:01:14Z,aaaaysimaaaa,primary_artist_monthly_listeners,194015,"194,015",Spotify public artist page,false,,1Mp05e1nlnPnuZLnvJKuSy,spotify:track:1Mp05e1nlnPnuZLnvJKuSy,https://open.spotify.com/track/1Mp05e1nlnPnuZLnvJKuSy,Lai Lai Hei,track,9,1,435240,435.240,False,False,True,,https://api.spotify.com/v1/tracks/1Mp05e1nlnPnuZLnvJKuSy,https://api.spotify.com/v1/tracks/1Mp05e1nlnPnuZLnvJKuSy,,,FISFS0400009,,,1UrdsJhCNyCqmBn9zy2Ut9,spotify:album:1UrdsJhCNyCqmBn9zy2Ut9,https://open.spotify.com/album/1UrdsJhCNyCqmBn9zy2Ut9,Iron,album,,11,2008-01-01,day,,C: 2008 Spin-Farm Oy; P: 2008 Spin-Farm Oy,,https://i.scdn.co/image/ab67616d0000b273f6df9f51261fd69be472723e,,0krXCIkthz13P8o0v2tksH,Ensiferum,spotify:artist:0krXCIkthz13P8o0v2tksH,https://open.spotify.com/artist/0krXCIkthz13P8o0v2tksH,,,,194015,"194,015",false,Spotify public artist page,,https://i.scdn.co/image/ab6761610000e5eb0a5ef9d5834390b5ebdee107,,0krXCIkthz13P8o0v2tksH,Ensiferum,https://open.spotify.com/artist/0krXCIkthz13P8o0v2tksH,"[{""artist_id"": ""0krXCIkthz13P8o0v2tksH"", ""artist_name"": ""Ensiferum"", ""artist_url"": ""https://open.spotify.com/artist/0krXCIkthz13P8o0v2tksH"", ""monthly_listeners"": ""194015"", ""monthly_listeners_display"": ""194,015"", ""is_approx"": ""false"", ""fetch_error"": """"}]","[{""artist_id"": ""0krXCIkthz13P8o0v2tksH"", ""artist_name"": ""Ensiferum"", ""artist_uri"": ""spotify:artist:0krXCIkthz13P8o0v2tksH"", ""artist_url"": ""https://open.spotify.com/artist/0krXCIkthz13P8o0v2tksH"", ""artist_type"": ""artist"", ""artist_genres"": """", ""artist_spotify_api_popularity"": """", ""artist_followers_total"": """", ""artist_image_url"": ""https://i.scdn.co/image/ab6761610000e5eb0a5ef9d5834390b5ebdee107"", ""artist_lookup_error"": """", ""artist_monthly_listeners"": ""194015"", ""artist_monthly_listeners_display"": ""194,015"", ""artist_monthly_listeners_is_approx"": ""false"", ""artist_monthly_listeners_source"": ""Spotify public artist page"", ""artist_monthly_listeners_fetch_error"": """"}]",0,,"{""spotify"": ""https://open.spotify.com/track/1Mp05e1nlnPnuZLnvJKuSy""}",{}
week5_17august,2026-08-17T07:40:10+00:00,Spotify,Aysima Karçaaltıncaba,aaaaysimaaaa,Week5_User6,Week5_User6,7c6HYIX8fdosTv1lrfCkrG,spotify:playlist:7c6HYIX8fdosTv1lrfCkrG,https://open.spotify.com/playlist/7c6HYIX8fdosTv1lrfCkrG,,aaaaysimaaaa,Aysima Karçaaltıncaba,True,False,0,AAAAAwBkN2ncdBs4CDqo4RpZhSOQCkAk,,23,2026-08-17T07:01:14Z,aaaaysimaaaa,primary_artist_monthly_listeners,30327,"30,327",Spotify public artist page,false,,3wh5MasSWNaLcbXNe7bffS,spotify:track:3wh5MasSWNaLcbXNe7bffS,https://open.spotify.com/track/3wh5MasSWNaLcbXNe7bffS,Beyond The Rainbow Bridge,track,11,1,248893,248.893,False,False,True,,https://api.spotify.com/v1/tracks/3wh5MasSWNaLcbXNe7bffS,https://api.spotify.com/v1/tracks/3wh5MasSWNaLcbXNe7bffS,,,DEA452401560,,,2ZYp47lVyM4suksutbKGFE,spotify:album:2ZYp47lVyM4suksutbKGFE,https://open.spotify.com/album/2ZYp47lVyM4suksutbKGFE,Hic Svnt Dracones,album,,12,2024-10-11,day,,C: (C) 2024 Steamhammer; P: (P) 2024 Steamhammer,,https://i.scdn.co/image/ab67616d0000b2738b543e4df1d7cfe8430f77f8,,4ZGFYwFpBWxq6FxqilvRJT,Dragony,spotify:artist:4ZGFYwFpBWxq6FxqilvRJT,https://open.spotify.com/artist/4ZGFYwFpBWxq6FxqilvRJT,,,,30327,"30,327",false,Spotify public artist page,,https://i.scdn.co/image/ab6761610000e5eb37437b584bd4ccbdac075bec,,4ZGFYwFpBWxq6FxqilvRJT,Dragony,https://open.spotify.com/artist/4ZGFYwFpBWxq6FxqilvRJT,"[{""artist_id"": ""4ZGFYwFpBWxq6FxqilvRJT"", ""artist_name"": ""Dragony"", ""artist_url"": ""https://open.spotify.com/artist/4ZGFYwFpBWxq6FxqilvRJT"", ""monthly_listeners"": ""30327"", ""monthly_listeners_display"": ""30,327"", ""is_approx"": ""false"", ""fetch_error"": """"}]","[{""artist_id"": ""4ZGFYwFpBWxq6FxqilvRJT"", ""artist_name"": ""Dragony"", ""artist_uri"": ""spotify:artist:4ZGFYwFpBWxq6FxqilvRJT"", ""artist_url"": ""https://open.spotify.com/artist/4ZGFYwFpBWxq6FxqilvRJT"", ""artist_type"": ""artist"", ""artist_genres"": """", ""artist_spotify_api_popularity"": """", ""artist_followers_total"": """", ""artist_image_url"": ""https://i.scdn.co/image/ab6761610000e5eb37437b584bd4ccbdac075bec"", ""artist_lookup_error"": """", ""artist_monthly_listeners"": ""30327"", ""artist_monthly_listeners_display"": ""30,327"", ""artist_monthly_listeners_is_approx"": ""false"", ""artist_monthly_listeners_source"": ""Spotify public artist page"", ""artist_monthly_listeners_fetch_error"": """"}]",0,,"{""spotify"": ""https://open.spotify.com/track/3wh5MasSWNaLcbXNe7bffS""}",{}
week5_17august,2026-08-17T07:40:10+00:00,Spotify,Aysima Karçaaltıncaba,aaaaysimaaaa,Week5_User6,Week5_User6,7c6HYIX8fdosTv1lrfCkrG,spotify:playlist:7c6HYIX8fdosTv1lrfCkrG,https://open.spotify.com/playlist/7c6HYIX8fdosTv1lrfCkrG,,aaaaysimaaaa,Aysima Karçaaltıncaba,True,False,0,AAAAAwBkN2ncdBs4CDqo4RpZhSOQCkAk,,24,2026-08-17T07:01:14Z,aaaaysimaaaa,primary_artist_monthly_listeners,244242,"244,242",Spotify public artist page,false,,1vuTO497hSEkEWvFWTGfl8,spotify:track:1vuTO497hSEkEWvFWTGfl8,https://open.spotify.com/track/1vuTO497hSEkEWvFWTGfl8,Tuonela,track,2,1,277441,277.441,False,False,True,,https://api.spotify.com/v1/tracks/1vuTO497hSEkEWvFWTGfl8,https://api.spotify.com/v1/tracks/1vuTO497hSEkEWvFWTGfl8,,,DED832000683,,,3s7abfHktH3ljR7fAXPZPp,spotify:album:3s7abfHktH3ljR7fAXPZPp,https://open.spotify.com/album/3s7abfHktH3ljR7fAXPZPp,Leviathan,album,,11,2021-01-22,day,,C: 2021 Nuclear Blast; P: 2021 Nuclear Blast,,https://i.scdn.co/image/ab67616d0000b2732454ac2ea06a9427e6262ab9,,5c8Cw62ZYj9XO6iDLRDEsi,Therion,spotify:artist:5c8Cw62ZYj9XO6iDLRDEsi,https://open.spotify.com/artist/5c8Cw62ZYj9XO6iDLRDEsi,,,,244242,"244,242",false,Spotify public artist page,,https://i.scdn.co/image/ab6761610000e5eb9a7f93205c66fe4181cede4a,,5c8Cw62ZYj9XO6iDLRDEsi; 1tbhwOH5UBAJoqTx9Oak00,Therion; Marko Hietala,https://open.spotify.com/artist/5c8Cw62ZYj9XO6iDLRDEsi; https://open.spotify.com/artist/1tbhwOH5UBAJoqTx9Oak00,"[{""artist_id"": ""5c8Cw62ZYj9XO6iDLRDEsi"", ""artist_name"": ""Therion"", ""artist_url"": ""https://open.spotify.com/artist/5c8Cw62ZYj9XO6iDLRDEsi"", ""monthly_listeners"": ""244242"", ""monthly_listeners_display"": ""244,242"", ""is_approx"": ""false"", ""fetch_error"": """"}, {""artist_id"": ""1tbhwOH5UBAJoqTx9Oak00"", ""artist_name"": ""Marko Hietala"", ""artist_url"": ""https://open.spotify.com/artist/1tbhwOH5UBAJoqTx9Oak00"", ""monthly_listeners"": ""53223"", ""monthly_listeners_display"": ""53,223"", ""is_approx"": ""false"", ""fetch_error"": """"}]","[{""artist_id"": ""5c8Cw62ZYj9XO6iDLRDEsi"", ""artist_name"": ""Therion"", ""artist_uri"": ""spotify:artist:5c8Cw62ZYj9XO6iDLRDEsi"", ""artist_url"": ""https://open.spotify.com/artist/5c8Cw62ZYj9XO6iDLRDEsi"", ""artist_type"": ""artist"", ""artist_genres"": """", ""artist_spotify_api_popularity"": """", ""artist_followers_total"": """", ""artist_image_url"": ""https://i.scdn.co/image/ab6761610000e5eb9a7f93205c66fe4181cede4a"", ""artist_lookup_error"": """", ""artist_monthly_listeners"": ""244242"", ""artist_monthly_listeners_display"": ""244,242"", ""artist_monthly_listeners_is_approx"": ""false"", ""artist_monthly_listeners_source"": ""Spotify public artist page"", ""artist_monthly_listeners_fetch_error"": """"}, {""artist_id"": ""1tbhwOH5UBAJoqTx9Oak00"", ""artist_name"": ""Marko Hietala"", ""artist_uri"": ""spotify:artist:1tbhwOH5UBAJoqTx9Oak00"", ""artist_url"": ""https://open.spotify.com/artist/1tbhwOH5UBAJoqTx9Oak00"", ""artist_type"": ""artist"", ""artist_genres"": """", ""artist_spotify_api_popularity"": """", ""artist_followers_total"": """", ""artist_image_url"": ""https://i.scdn.co/image/ab6761610000e5ebb89f8d8a720a8d5cd5a1928f"", ""artist_lookup_error"": """", ""artist_monthly_listeners"": ""53223"", ""artist_monthly_listeners_display"": ""53,223"", ""artist_monthly_listeners_is_approx"": ""false"", ""artist_monthly_listeners_source"": ""Spotify public artist page"", ""artist_monthly_listeners_fetch_error"": """"}]",0,,"{""spotify"": ""https://open.spotify.com/track/1vuTO497hSEkEWvFWTGfl8""}",{}
week5_17august,2026-08-17T07:40:10+00:00,Spotify,Aysima Karçaaltıncaba,aaaaysimaaaa,Week5_User6,Week5_User6,7c6HYIX8fdosTv1lrfCkrG,spotify:playlist:7c6HYIX8fdosTv1lrfCkrG,https://open.spotify.com/playlist/7c6HYIX8fdosTv1lrfCkrG,,aaaaysimaaaa,Aysima Karçaaltıncaba,True,False,0,AAAAAwBkN2ncdBs4CDqo4RpZhSOQCkAk,,25,2026-08-17T07:01:14Z,aaaaysimaaaa,primary_artist_monthly_listeners,69296,"69,296",Spotify public artist page,false,,1ZF7wRCafQGaVWwR5qqtst,spotify:track:1ZF7wRCafQGaVWwR5qqtst,https://open.spotify.com/track/1ZF7wRCafQGaVWwR5qqtst,Evil,track,2,1,372613,372.613,False,False,True,,https://api.spotify.com/v1/tracks/1ZF7wRCafQGaVWwR5qqtst,https://api.spotify.com/v1/tracks/1ZF7wRCafQGaVWwR5qqtst,,,GBAJE0400059,,,08dpdTv8xeZjVVyPCtwz24,spotify:album:08dpdTv8xeZjVVyPCtwz24,https://open.spotify.com/album/08dpdTv8xeZjVVyPCtwz24,Dust to Dust,album,,13,2004-01-12,day,,"C: 2004 Sanctuary Records Group Ltd., a BMG Company; P: 2004 Sanctuary Records Group Ltd., a BMG Company",,https://i.scdn.co/image/ab67616d0000b27371201c6ff1573f10d22ccb0d,,7j3etSXgd9ZLYIUW7KWnpd,Heavenly,spotify:artist:7j3etSXgd9ZLYIUW7KWnpd,https://open.spotify.com/artist/7j3etSXgd9ZLYIUW7KWnpd,,,,69296,"69,296",false,Spotify public artist page,,https://i.scdn.co/image/ab6772690000c46ce1dbce8d74b9d4d5066ebf7a,,7j3etSXgd9ZLYIUW7KWnpd,Heavenly,https://open.spotify.com/artist/7j3etSXgd9ZLYIUW7KWnpd,"[{""artist_id"": ""7j3etSXgd9ZLYIUW7KWnpd"", ""artist_name"": ""Heavenly"", ""artist_url"": ""https://open.spotify.com/artist/7j3etSXgd9ZLYIUW7KWnpd"", ""monthly_listeners"": ""69296"", ""monthly_listeners_display"": ""69,296"", ""is_approx"": ""false"", ""fetch_error"": """"}]","[{""artist_id"": ""7j3etSXgd9ZLYIUW7KWnpd"", ""artist_name"": ""Heavenly"", ""artist_uri"": ""spotify:artist:7j3etSXgd9ZLYIUW7KWnpd"", ""artist_url"": ""https://open.spotify.com/artist/7j3etSXgd9ZLYIUW7KWnpd"", ""artist_type"": ""artist"", ""artist_genres"": """", ""artist_spotify_api_popularity"": """", ""artist_followers_total"": """", ""artist_image_url"": ""https://i.scdn.co/image/ab6772690000c46ce1dbce8d74b9d4d5066ebf7a"", ""artist_lookup_error"": """", ""artist_monthly_listeners"": ""69296"", ""artist_monthly_listeners_display"": ""69,296"", ""artist_monthly_listeners_is_approx"": ""false"", ""artist_monthly_listeners_source"": ""Spotify public artist page"", ""artist_monthly_listeners_fetch_error"": """"}]",0,,"{""spotify"": ""https://open.spotify.com/track/1ZF7wRCafQGaVWwR5qqtst""}",{}
week5_17august,2026-08-17T07:40:10+00:00,Spotify,Aysima Karçaaltıncaba,aaaaysimaaaa,Week5_User6,Week5_User6,7c6HYIX8fdosTv1lrfCkrG,spotify:playlist:7c6HYIX8fdosTv1lrfCkrG,https://open.spotify.com/playlist/7c6HYIX8fdosTv1lrfCkrG,,aaaaysimaaaa,Aysima Karçaaltıncaba,True,False,0,AAAAAwBkN2ncdBs4CDqo4RpZhSOQCkAk,,26,2026-08-17T07:01:14Z,aaaaysimaaaa,primary_artist_monthly_listeners,222937,"222,937",Spotify public artist page,false,,2sC8boJqQccBbHhkq2nnYU,spotify:track:2sC8boJqQccBbHhkq2nnYU,https://open.spotify.com/track/2sC8boJqQccBbHhkq2nnYU,Cthulhu,track,8,1,364213,364.213,False,False,True,,https://api.spotify.com/v1/tracks/2sC8boJqQccBbHhkq2nnYU,https://api.spotify.com/v1/tracks/2sC8boJqQccBbHhkq2nnYU,,,US4E41306208,,,5niOLhE7RqBlAS1oBtpCgd,spotify:album:5niOLhE7RqBlAS1oBtpCgd,https://open.spotify.com/album/5niOLhE7RqBlAS1oBtpCgd,Plagues of Babylon,album,,13,2014-01-21,day,,P: (P) 2014 Platinum Dragon Germany GmbH under exclusive license to Century Media,,https://i.scdn.co/image/ab67616d0000b273bbc20f1310b8b0de3b56e136,,3KEixcRfBS5K3E91Vn1Kdy,Iced Earth,spotify:artist:3KEixcRfBS5K3E91Vn1Kdy,https://open.spotify.com/artist/3KEixcRfBS5K3E91Vn1Kdy,,,,222937,"222,937",false,Spotify public artist page,,https://i.scdn.co/image/a1fa09dcb7f14ee7bad400ad8c0772f1a2ec4468,,3KEixcRfBS5K3E91Vn1Kdy,Iced Earth,https://open.spotify.com/artist/3KEixcRfBS5K3E91Vn1Kdy,"[{""artist_id"": ""3KEixcRfBS5K3E91Vn1Kdy"", ""artist_name"": ""Iced Earth"", ""artist_url"": ""https://open.spotify.com/artist/3KEixcRfBS5K3E91Vn1Kdy"", ""monthly_listeners"": ""222937"", ""monthly_listeners_display"": ""222,937"", ""is_approx"": ""false"", ""fetch_error"": """"}]","[{""artist_id"": ""3KEixcRfBS5K3E91Vn1Kdy"", ""artist_name"": ""Iced Earth"", ""artist_uri"": ""spotify:artist:3KEixcRfBS5K3E91Vn1Kdy"", ""artist_url"": ""https://open.spotify.com/artist/3KEixcRfBS5K3E91Vn1Kdy"", ""artist_type"": ""artist"", ""artist_genres"": """", ""artist_spotify_api_popularity"": """", ""artist_followers_total"": """", ""artist_image_url"": ""https://i.scdn.co/image/a1fa09dcb7f14ee7bad400ad8c0772f1a2ec4468"", ""artist_lookup_error"": """", ""artist_monthly_listeners"": ""222937"", ""artist_monthly_listeners_display"": ""222,937"", ""artist_monthly_listeners_is_approx"": ""false"", ""artist_monthly_listeners_source"": ""Spotify public artist page"", ""artist_monthly_listeners_fetch_error"": """"}]",0,,"{""spotify"": ""https://open.spotify.com/track/2sC8boJqQccBbHhkq2nnYU""}",{}
week5_17august,2026-08-17T07:40:10+00:00,Spotify,Aysima Karçaaltıncaba,aaaaysimaaaa,Week5_User6,Week5_User6,7c6HYIX8fdosTv1lrfCkrG,spotify:playlist:7c6HYIX8fdosTv1lrfCkrG,https://open.spotify.com/playlist/7c6HYIX8fdosTv1lrfCkrG,,aaaaysimaaaa,Aysima Karçaaltıncaba,True,False,0,AAAAAwBkN2ncdBs4CDqo4RpZhSOQCkAk,,27,2026-08-17T07:01:14Z,aaaaysimaaaa,primary_artist_monthly_listeners,746481,"746,481",Spotify public artist page,false,,2SR0CHOWgkVt0nLI9YwYti,spotify:track:2SR0CHOWgkVt0nLI9YwYti,https://open.spotify.com/track/2SR0CHOWgkVt0nLI9YwYti,"No Gods, No Masters",track,5,1,254653,254.653,False,False,True,,https://api.spotify.com/v1/tracks/2SR0CHOWgkVt0nLI9YwYti,https://api.spotify.com/v1/tracks/2SR0CHOWgkVt0nLI9YwYti,,,SEVKO1100005,,,7e6aLYzxgcsbD9NA9LpQQX,spotify:album:7e6aLYzxgcsbD9NA9LpQQX,https://open.spotify.com/album/7e6aLYzxgcsbD9NA9LpQQX,Khaos Legions,album,,14,2011-05-27,day,,P: (P) 2011 Century Media Records Ltd.,,https://i.scdn.co/image/ab67616d0000b273adc0e21564f18fc62c039794,,0DCw6lHkzh9t7f8Hb4Z0Sx,Arch Enemy,spotify:artist:0DCw6lHkzh9t7f8Hb4Z0Sx,https://open.spotify.com/artist/0DCw6lHkzh9t7f8Hb4Z0Sx,,,,746481,"746,481",false,Spotify public artist page,,https://i.scdn.co/image/ab6761610000e5ebc6790f344338cb196c00660d,,0DCw6lHkzh9t7f8Hb4Z0Sx,Arch Enemy,https://open.spotify.com/artist/0DCw6lHkzh9t7f8Hb4Z0Sx,"[{""artist_id"": ""0DCw6lHkzh9t7f8Hb4Z0Sx"", ""artist_name"": ""Arch Enemy"", ""artist_url"": ""https://open.spotify.com/artist/0DCw6lHkzh9t7f8Hb4Z0Sx"", ""monthly_listeners"": ""746481"", ""monthly_listeners_display"": ""746,481"", ""is_approx"": ""false"", ""fetch_error"": """"}]","[{""artist_id"": ""0DCw6lHkzh9t7f8Hb4Z0Sx"", ""artist_name"": ""Arch Enemy"", ""artist_uri"": ""spotify:artist:0DCw6lHkzh9t7f8Hb4Z0Sx"", ""artist_url"": ""https://open.spotify.com/artist/0DCw6lHkzh9t7f8Hb4Z0Sx"", ""artist_type"": ""artist"", ""artist_genres"": """", ""artist_spotify_api_popularity"": """", ""artist_followers_total"": """", ""artist_image_url"": ""https://i.scdn.co/image/ab6761610000e5ebc6790f344338cb196c00660d"", ""artist_lookup_error"": """", ""artist_monthly_listeners"": ""746481"", ""artist_monthly_listeners_display"": ""746,481"", ""artist_monthly_listeners_is_approx"": ""false"", ""artist_monthly_listeners_source"": ""Spotify public artist page"", ""artist_monthly_listeners_fetch_error"": """"}]",0,,"{""spotify"": ""https://open.spotify.com/track/2SR0CHOWgkVt0nLI9YwYti""}",{}
week5_17august,2026-08-17T07:40:10+00:00,Spotify,Aysima Karçaaltıncaba,aaaaysimaaaa,Week5_User6,Week5_User6,7c6HYIX8fdosTv1lrfCkrG,spotify:playlist:7c6HYIX8fdosTv1lrfCkrG,https://open.spotify.com/playlist/7c6HYIX8fdosTv1lrfCkrG,,aaaaysimaaaa,Aysima Karçaaltıncaba,True,False,0,AAAAAwBkN2ncdBs4CDqo4RpZhSOQCkAk,,28,2026-08-17T07:01:14Z,aaaaysimaaaa,primary_artist_monthly_listeners,167212,"167,212",Spotify public artist page,false,,5IF7E1KDhfYaucurjPSTLJ,spotify:track:5IF7E1KDhfYaucurjPSTLJ,https://open.spotify.com/track/5IF7E1KDhfYaucurjPSTLJ,In Flames You Burn,track,2,1,274373,274.373,False,False,True,,https://api.spotify.com/v1/tracks/5IF7E1KDhfYaucurjPSTLJ,https://api.spotify.com/v1/tracks/5IF7E1KDhfYaucurjPSTLJ,,,US4E40402202,,,75e23vS6UP1bZWkVphKGiD,spotify:album:75e23vS6UP1bZWkVphKGiD,https://open.spotify.com/album/75e23vS6UP1bZWkVphKGiD,Dragonslayer,album,,12,2002-07-13,day,,P: (P) 2002 Century Media Records Ltd.,,https://i.scdn.co/image/ab67616d0000b273b1b987d182eba3af75bf48bf,,1bkf8u8ot6vEpWTJFBzKZB,Dream Evil,spotify:artist:1bkf8u8ot6vEpWTJFBzKZB,https://open.spotify.com/artist/1bkf8u8ot6vEpWTJFBzKZB,,,,167212,"167,212",false,Spotify public artist page,,https://i.scdn.co/image/ab6761610000e5eb68620704b0615991995f22c5,,1bkf8u8ot6vEpWTJFBzKZB,Dream Evil,https://open.spotify.com/artist/1bkf8u8ot6vEpWTJFBzKZB,"[{""artist_id"": ""1bkf8u8ot6vEpWTJFBzKZB"", ""artist_name"": ""Dream Evil"", ""artist_url"": ""https://open.spotify.com/artist/1bkf8u8ot6vEpWTJFBzKZB"", ""monthly_listeners"": ""167212"", ""monthly_listeners_display"": ""167,212"", ""is_approx"": ""false"", ""fetch_error"": """"}]","[{""artist_id"": ""1bkf8u8ot6vEpWTJFBzKZB"", ""artist_name"": ""Dream Evil"", ""artist_uri"": ""spotify:artist:1bkf8u8ot6vEpWTJFBzKZB"", ""artist_url"": ""https://open.spotify.com/artist/1bkf8u8ot6vEpWTJFBzKZB"", ""artist_type"": ""artist"", ""artist_genres"": """", ""artist_spotify_api_popularity"": """", ""artist_followers_total"": """", ""artist_image_url"": ""https://i.scdn.co/image/ab6761610000e5eb68620704b0615991995f22c5"", ""artist_lookup_error"": """", ""artist_monthly_listeners"": ""167212"", ""artist_monthly_listeners_display"": ""167,212"", ""artist_monthly_listeners_is_approx"": ""false"", ""artist_monthly_listeners_source"": ""Spotify public artist page"", ""artist_monthly_listeners_fetch_error"": """"}]",0,,"{""spotify"": ""https://open.spotify.com/track/5IF7E1KDhfYaucurjPSTLJ""}",{}
week5_17august,2026-08-17T07:40:10+00:00,Spotify,Aysima Karçaaltıncaba,aaaaysimaaaa,Week5_User6,Week5_User6,7c6HYIX8fdosTv1lrfCkrG,spotify:playlist:7c6HYIX8fdosTv1lrfCkrG,https://open.spotify.com/playlist/7c6HYIX8fdosTv1lrfCkrG,,aaaaysimaaaa,Aysima Karçaaltıncaba,True,False,0,AAAAAwBkN2ncdBs4CDqo4RpZhSOQCkAk,,29,2026-08-17T07:01:14Z,aaaaysimaaaa,primary_artist_monthly_listeners,10410,"10,410",Spotify public artist page,false,,4WfOALlN54z9keukpld1MI,spotify:track:4WfOALlN54z9keukpld1MI,https://open.spotify.com/track/4WfOALlN54z9keukpld1MI,Burn the Night,track,2,1,216663,216.663,False,False,True,,https://api.spotify.com/v1/tracks/4WfOALlN54z9keukpld1MI,https://api.spotify.com/v1/tracks/4WfOALlN54z9keukpld1MI,,,QZES81916310,,,08pgHOzsTZwcC9zWoeJY2O,spotify:album:08pgHOzsTZwcC9zWoeJY2O,https://open.spotify.com/album/08pgHOzsTZwcC9zWoeJY2O,Burn the Night,album,,8,2019-04-29,day,,C: 2019 No Remorse Records; P: 2019 No Remorse Records,,https://i.scdn.co/image/ab67616d0000b27396c5c70dd67c5c9e105e4398,,3fVaQSX4WX520bPc3Dq0CH,Riot City,spotify:artist:3fVaQSX4WX520bPc3Dq0CH,https://open.spotify.com/artist/3fVaQSX4WX520bPc3Dq0CH,,,,10410,"10,410",false,Spotify public artist page,,https://i.scdn.co/image/ab6761610000e5eb5b01734ea622fdee6af2337b,,3fVaQSX4WX520bPc3Dq0CH,Riot City,https://open.spotify.com/artist/3fVaQSX4WX520bPc3Dq0CH,"[{""artist_id"": ""3fVaQSX4WX520bPc3Dq0CH"", ""artist_name"": ""Riot City"", ""artist_url"": ""https://open.spotify.com/artist/3fVaQSX4WX520bPc3Dq0CH"", ""monthly_listeners"": ""10410"", ""monthly_listeners_display"": ""10,410"", ""is_approx"": ""false"", ""fetch_error"": """"}]","[{""artist_id"": ""3fVaQSX4WX520bPc3Dq0CH"", ""artist_name"": ""Riot City"", ""artist_uri"": ""spotify:artist:3fVaQSX4WX520bPc3Dq0CH"", ""artist_url"": ""https://open.spotify.com/artist/3fVaQSX4WX520bPc3Dq0CH"", ""artist_type"": ""artist"", ""artist_genres"": """", ""artist_spotify_api_popularity"": """", ""artist_followers_total"": """", ""artist_image_url"": ""https://i.scdn.co/image/ab6761610000e5eb5b01734ea622fdee6af2337b"", ""artist_lookup_error"": """", ""artist_monthly_listeners"": ""10410"", ""artist_monthly_listeners_display"": ""10,410"", ""artist_monthly_listeners_is_approx"": ""false"", ""artist_monthly_listeners_source"": ""Spotify public artist page"", ""artist_monthly_listeners_fetch_error"": """"}]",0,,"{""spotify"": ""https://open.spotify.com/track/4WfOALlN54z9keukpld1MI""}",{}
week5_17august,2026-08-17T07:40:10+00:00,Spotify,Aysima Karçaaltıncaba,aaaaysimaaaa,Week5_User6,Week5_User6,7c6HYIX8fdosTv1lrfCkrG,spotify:playlist:7c6HYIX8fdosTv1lrfCkrG,https://open.spotify.com/playlist/7c6HYIX8fdosTv1lrfCkrG,,aaaaysimaaaa,Aysima Karçaaltıncaba,True,False,0,AAAAAwBkN2ncdBs4CDqo4RpZhSOQCkAk,,30,2026-08-17T07:01:14Z,aaaaysimaaaa,primary_artist_monthly_listeners,107405,"107,405",Spotify public artist page,false,,6QYNj3zXz2aZCqH7QHuA6W,spotify:track:6QYNj3zXz2aZCqH7QHuA6W,https://open.spotify.com/track/6QYNj3zXz2aZCqH7QHuA6W,Bad to the Bone,track,12,1,286053,286.053,False,False,True,,https://api.spotify.com/v1/tracks/6QYNj3zXz2aZCqH7QHuA6W,https://api.spotify.com/v1/tracks/6QYNj3zXz2aZCqH7QHuA6W,,,GBAJE0300759,,,7jUbppPLoL18SFen8l1cQS,spotify:album:7jUbppPLoL18SFen8l1cQS,https://open.spotify.com/album/7jUbppPLoL18SFen8l1cQS,Running Wild - 20 Years In History,compilation,,26,2003-02-22,day,,"C: 2003 Sanctuary Records Group Ltd., a BMG Company; P: 2003 Sanctuary Records Group Ltd., a BMG Company",,https://i.scdn.co/image/ab67616d0000b27394fab069cb5693615107ca66,,7954VFaZClkL503srfV5PE,Running Wild,spotify:artist:7954VFaZClkL503srfV5PE,https://open.spotify.com/artist/7954VFaZClkL503srfV5PE,,,,107405,"107,405",false,Spotify public artist page,,https://i.scdn.co/image/ffc7d8dd0a29d7ca6f0840f2c2d9050f5a60d97d,,7954VFaZClkL503srfV5PE,Running Wild,https://open.spotify.com/artist/7954VFaZClkL503srfV5PE,"[{""artist_id"": ""7954VFaZClkL503srfV5PE"", ""artist_name"": ""Running Wild"", ""artist_url"": ""https://open.spotify.com/artist/7954VFaZClkL503srfV5PE"", ""monthly_listeners"": ""107405"", ""monthly_listeners_display"": ""107,405"", ""is_approx"": ""false"", ""fetch_error"": """"}]","[{""artist_id"": ""7954VFaZClkL503srfV5PE"", ""artist_name"": ""Running Wild"", ""artist_uri"": ""spotify:artist:7954VFaZClkL503srfV5PE"", ""artist_url"": ""https://open.spotify.com/artist/7954VFaZClkL503srfV5PE"", ""artist_type"": ""artist"", ""artist_genres"": """", ""artist_spotify_api_popularity"": """", ""artist_followers_total"": """", ""artist_image_url"": ""https://i.scdn.co/image/ffc7d8dd0a29d7ca6f0840f2c2d9050f5a60d97d"", ""artist_lookup_error"": """", ""artist_monthly_listeners"": ""107405"", ""artist_monthly_listeners_display"": ""107,405"", ""artist_monthly_listeners_is_approx"": ""false"", ""artist_monthly_listeners_source"": ""Spotify public artist page"", ""artist_monthly_listeners_fetch_error"": """"}]",0,,"{""spotify"": ""https://open.spotify.com/track/6QYNj3zXz2aZCqH7QHuA6W""}",{}
week5_17august,2026-08-17T07:40:10+00:00,Spotify,Aysima Karçaaltıncaba,aaaaysimaaaa,Week5_User7,Week5_User7,6nKK89hSDp9a3d8MkfVQXT,spotify:playlist:6nKK89hSDp9a3d8MkfVQXT,https://open.spotify.com/playlist/6nKK89hSDp9a3d8MkfVQXT,,aaaaysimaaaa,Aysima Karçaaltıncaba,True,False,0,AAAAA5Fl8W7YwThwP5gJgLuRf7LL4gmw,,1,2026-08-17T07:02:09Z,aaaaysimaaaa,primary_artist_monthly_listeners,37150,"37,150",Spotify public artist page,false,,1udfV76sZrwghgMHIC8xdF,spotify:track:1udfV76sZrwghgMHIC8xdF,https://open.spotify.com/track/1udfV76sZrwghgMHIC8xdF,Feeding the Beast,track,1,1,297708,297.708,False,False,True,,https://api.spotify.com/v1/tracks/1udfV76sZrwghgMHIC8xdF,https://api.spotify.com/v1/tracks/1udfV76sZrwghgMHIC8xdF,,,DEH842600388,,,5Jjs5valCzIu0Hy7pUsSGH,spotify:album:5Jjs5valCzIu0Hy7pUsSGH,https://open.spotify.com/album/5Jjs5valCzIu0Hy7pUsSGH,Feeding the Beast,single,,1,2026-06-17,day,,"C: 2026 earMUSIC, a label of Edel Music & Entertainment GmbH; P: 2026 earMUSIC, a label of Edel Music & Entertainment GmbH",,https://i.scdn.co/image/ab67616d0000b273e852f9acd59602626e9789ec,,1jpvVuIxURdWfijigYFTch,Kai Hansen,spotify:artist:1jpvVuIxURdWfijigYFTch,https://open.spotify.com/artist/1jpvVuIxURdWfijigYFTch,,,,37150,"37,150",false,Spotify public artist page,,https://i.scdn.co/image/ab6761610000e5ebd421ebf80ef0353ee1c52b14,,1jpvVuIxURdWfijigYFTch; 6LZE884lDIsCSLHuTplfGp,Kai Hansen; Gamma Ray,https://open.spotify.com/artist/1jpvVuIxURdWfijigYFTch; https://open.spotify.com/artist/6LZE884lDIsCSLHuTplfGp,"[{""artist_id"": ""1jpvVuIxURdWfijigYFTch"", ""artist_name"": ""Kai Hansen"", ""artist_url"": ""https://open.spotify.com/artist/1jpvVuIxURdWfijigYFTch"", ""monthly_listeners"": ""37150"", ""monthly_listeners_display"": ""37,150"", ""is_approx"": ""false"", ""fetch_error"": """"}, {""artist_id"": ""6LZE884lDIsCSLHuTplfGp"", ""artist_name"": ""Gamma Ray"", ""artist_url"": ""https://open.spotify.com/artist/6LZE884lDIsCSLHuTplfGp"", ""monthly_listeners"": ""179130"", ""monthly_listeners_display"": ""179,130"", ""is_approx"": ""false"", ""fetch_error"": """"}]","[{""artist_id"": ""1jpvVuIxURdWfijigYFTch"", ""artist_name"": ""Kai Hansen"", ""artist_uri"": ""spotify:artist:1jpvVuIxURdWfijigYFTch"", ""artist_url"": ""https://open.spotify.com/artist/1jpvVuIxURdWfijigYFTch"", ""artist_type"": ""artist"", ""artist_genres"": """", ""artist_spotify_api_popularity"": """", ""artist_followers_total"": """", ""artist_image_url"": ""https://i.scdn.co/image/ab6761610000e5ebd421ebf80ef0353ee1c52b14"", ""artist_lookup_error"": """", ""artist_monthly_listeners"": ""37150"", ""artist_monthly_listeners_display"": ""37,150"", ""artist_monthly_listeners_is_approx"": ""false"", ""artist_monthly_listeners_source"": ""Spotify public artist page"", ""artist_monthly_listeners_fetch_error"": """"}, {""artist_id"": ""6LZE884lDIsCSLHuTplfGp"", ""artist_name"": ""Gamma Ray"", ""artist_uri"": ""spotify:artist:6LZE884lDIsCSLHuTplfGp"", ""artist_url"": ""https://open.spotify.com/artist/6LZE884lDIsCSLHuTplfGp"", ""artist_type"": ""artist"", ""artist_genres"": """", ""artist_spotify_api_popularity"": """", ""artist_followers_total"": """", ""artist_image_url"": ""https://i.scdn.co/image/ab6772690000c46c1110b1a024312710e7c796c4"", ""artist_lookup_error"": """", ""artist_monthly_listeners"": ""179130"", ""artist_monthly_listeners_display"": ""179,130"", ""artist_monthly_listeners_is_approx"": ""false"", ""artist_monthly_listeners_source"": ""Spotify public artist page"", ""artist_monthly_listeners_fetch_error"": """"}]",0,,"{""spotify"": ""https://open.spotify.com/track/1udfV76sZrwghgMHIC8xdF""}",{}
week5_17august,2026-08-17T07:40:10+00:00,Spotify,Aysima Karçaaltıncaba,aaaaysimaaaa,Week5_User7,Week5_User7,6nKK89hSDp9a3d8MkfVQXT,spotify:playlist:6nKK89hSDp9a3d8MkfVQXT,https://open.spotify.com/playlist/6nKK89hSDp9a3d8MkfVQXT,,aaaaysimaaaa,Aysima Karçaaltıncaba,True,False,0,AAAAA5Fl8W7YwThwP5gJgLuRf7LL4gmw,,2,2026-08-17T07:02:09Z,aaaaysimaaaa,primary_artist_monthly_listeners,868739,"868,739",Spotify public artist page,false,,06OAtSr9Yof33xxJgjpDte,spotify:track:06OAtSr9Yof33xxJgjpDte,https://open.spotify.com/track/06OAtSr9Yof33xxJgjpDte,Crimson Thunder,track,4,1,305120,305.120,False,False,True,,https://api.spotify.com/v1/tracks/06OAtSr9Yof33xxJgjpDte,https://api.spotify.com/v1/tracks/06OAtSr9Yof33xxJgjpDte,,,DED830264704,,,2uehY2zRsh0h6ZmJt8LLQi,spotify:album:2uehY2zRsh0h6ZmJt8LLQi,https://open.spotify.com/album/2uehY2zRsh0h6ZmJt8LLQi,Crimson Thunder,album,,12,2002-10-28,day,,"C: 2002 HammerFall Management, under exclusive license to Nuclear Blast GmbH; P: 2002 HammerFall Management, under exclusive license to Nuclear Blast GmbH",,https://i.scdn.co/image/ab67616d0000b273bceefa541bb181ec0b8d32e4,,2o18h28enlHxj887tATc58,HammerFall,spotify:artist:2o18h28enlHxj887tATc58,https://open.spotify.com/artist/2o18h28enlHxj887tATc58,,,,868739,"868,739",false,Spotify public artist page,,https://i.scdn.co/image/ab6761610000e5eb9a0164f238589f0c0ca31088,,2o18h28enlHxj887tATc58,HammerFall,https://open.spotify.com/artist/2o18h28enlHxj887tATc58,"[{""artist_id"": ""2o18h28enlHxj887tATc58"", ""artist_name"": ""HammerFall"", ""artist_url"": ""https://open.spotify.com/artist/2o18h28enlHxj887tATc58"", ""monthly_listeners"": ""868739"", ""monthly_listeners_display"": ""868,739"", ""is_approx"": ""false"", ""fetch_error"": """"}]","[{""artist_id"": ""2o18h28enlHxj887tATc58"", ""artist_name"": ""HammerFall"", ""artist_uri"": ""spotify:artist:2o18h28enlHxj887tATc58"", ""artist_url"": ""https://open.spotify.com/artist/2o18h28enlHxj887tATc58"", ""artist_type"": ""artist"", ""artist_genres"": """", ""artist_spotify_api_popularity"": """", ""artist_followers_total"": """", ""artist_image_url"": ""https://i.scdn.co/image/ab6761610000e5eb9a0164f238589f0c0ca31088"", ""artist_lookup_error"": """", ""artist_monthly_listeners"": ""868739"", ""artist_monthly_listeners_display"": ""868,739"", ""artist_monthly_listeners_is_approx"": ""false"", ""artist_monthly_listeners_source"": ""Spotify public artist page"", ""artist_monthly_listeners_fetch_error"": """"}]",0,,"{""spotify"": ""https://open.spotify.com/track/06OAtSr9Yof33xxJgjpDte""}",{}
week5_17august,2026-08-17T07:40:10+00:00,Spotify,Aysima Karçaaltıncaba,aaaaysimaaaa,Week5_User7,Week5_User7,6nKK89hSDp9a3d8MkfVQXT,spotify:playlist:6nKK89hSDp9a3d8MkfVQXT,https://open.spotify.com/playlist/6nKK89hSDp9a3d8MkfVQXT,,aaaaysimaaaa,Aysima Karçaaltıncaba,True,False,0,AAAAA5Fl8W7YwThwP5gJgLuRf7LL4gmw,,3,2026-08-17T07:02:09Z,aaaaysimaaaa,primary_artist_monthly_listeners,314104,"314,104",Spotify public artist page,false,,2soaqea9OtrB2gD36zNF6s,spotify:track:2soaqea9OtrB2gD36zNF6s,https://open.spotify.com/track/2soaqea9OtrB2gD36zNF6s,Tears of a Mandrake,track,1,1,431693,431.693,False,False,True,,https://api.spotify.com/v1/tracks/2soaqea9OtrB2gD36zNF6s,https://api.spotify.com/v1/tracks/2soaqea9OtrB2gD36zNF6s,,,DEZ900500471,,,2S5whZS0ouI2rHct9VJuK5,spotify:album:2S5whZS0ouI2rHct9VJuK5,https://open.spotify.com/album/2S5whZS0ouI2rHct9VJuK5,Mandrake,album,,11,2001-09-24,day,,C: 2001 AFM Records; P: 2001 AFM Records,,https://i.scdn.co/image/ab67616d0000b273ed44479d621cb05e1ed6775b,,3AGFqPP3gt5rMSvhR87Xxu,Edguy,spotify:artist:3AGFqPP3gt5rMSvhR87Xxu,https://open.spotify.com/artist/3AGFqPP3gt5rMSvhR87Xxu,,,,314104,"314,104",false,Spotify public artist page,,https://i.scdn.co/image/ab6772690000c46cec078670d746fddbe7674e78,,3AGFqPP3gt5rMSvhR87Xxu,Edguy,https://open.spotify.com/artist/3AGFqPP3gt5rMSvhR87Xxu,"[{""artist_id"": ""3AGFqPP3gt5rMSvhR87Xxu"", ""artist_name"": ""Edguy"", ""artist_url"": ""https://open.spotify.com/artist/3AGFqPP3gt5rMSvhR87Xxu"", ""monthly_listeners"": ""314104"", ""monthly_listeners_display"": ""314,104"", ""is_approx"": ""false"", ""fetch_error"": """"}]","[{""artist_id"": ""3AGFqPP3gt5rMSvhR87Xxu"", ""artist_name"": ""Edguy"", ""artist_uri"": ""spotify:artist:3AGFqPP3gt5rMSvhR87Xxu"", ""artist_url"": ""https://open.spotify.com/artist/3AGFqPP3gt5rMSvhR87Xxu"", ""artist_type"": ""artist"", ""artist_genres"": """", ""artist_spotify_api_popularity"": """", ""artist_followers_total"": """", ""artist_image_url"": ""https://i.scdn.co/image/ab6772690000c46cec078670d746fddbe7674e78"", ""artist_lookup_error"": """", ""artist_monthly_listeners"": ""314104"", ""artist_monthly_listeners_display"": ""314,104"", ""artist_monthly_listeners_is_approx"": ""false"", ""artist_monthly_listeners_source"": ""Spotify public artist page"", ""artist_monthly_listeners_fetch_error"": """"}]",0,,"{""spotify"": ""https://open.spotify.com/track/2soaqea9OtrB2gD36zNF6s""}",{}
week5_17august,2026-08-17T07:40:10+00:00,Spotify,Aysima Karçaaltıncaba,aaaaysimaaaa,Week5_User7,Week5_User7,6nKK89hSDp9a3d8MkfVQXT,spotify:playlist:6nKK89hSDp9a3d8MkfVQXT,https://open.spotify.com/playlist/6nKK89hSDp9a3d8MkfVQXT,,aaaaysimaaaa,Aysima Karçaaltıncaba,True,False,0,AAAAA5Fl8W7YwThwP5gJgLuRf7LL4gmw,,4,2026-08-17T07:02:09Z,aaaaysimaaaa,primary_artist_monthly_listeners,28059,"28,059",Spotify public artist page,false,,6rPaw0xYJ1al8NlLmSlqBm,spotify:track:6rPaw0xYJ1al8NlLmSlqBm,https://open.spotify.com/track/6rPaw0xYJ1al8NlLmSlqBm,All Is One,track,1,1,270346,270.346,False,False,True,,https://api.spotify.com/v1/tracks/6rPaw0xYJ1al8NlLmSlqBm,https://api.spotify.com/v1/tracks/6rPaw0xYJ1al8NlLmSlqBm,,,US4E41305201,,,5OKSK5AV8iZqXSgv4V3YNx,spotify:album:5OKSK5AV8iZqXSgv4V3YNx,https://open.spotify.com/album/5OKSK5AV8iZqXSgv4V3YNx,All Is One (Deluxe Edition),album,,14,2013-04-03,day,,"P: (P) 2013 Century Media Records, Ltd.",,https://i.scdn.co/image/ab67616d0000b27397209a18a5ade360948c58fd,,7xTMxqAmbtE0Nce5lz7t0h,Orphaned Land,spotify:artist:7xTMxqAmbtE0Nce5lz7t0h,https://open.spotify.com/artist/7xTMxqAmbtE0Nce5lz7t0h,,,,28059,"28,059",false,Spotify public artist page,,https://i.scdn.co/image/ab6761610000e5eb57fa807b972641f73df43af7,,7xTMxqAmbtE0Nce5lz7t0h,Orphaned Land,https://open.spotify.com/artist/7xTMxqAmbtE0Nce5lz7t0h,"[{""artist_id"": ""7xTMxqAmbtE0Nce5lz7t0h"", ""artist_name"": ""Orphaned Land"", ""artist_url"": ""https://open.spotify.com/artist/7xTMxqAmbtE0Nce5lz7t0h"", ""monthly_listeners"": ""28059"", ""monthly_listeners_display"": ""28,059"", ""is_approx"": ""false"", ""fetch_error"": """"}]","[{""artist_id"": ""7xTMxqAmbtE0Nce5lz7t0h"", ""artist_name"": ""Orphaned Land"", ""artist_uri"": ""spotify:artist:7xTMxqAmbtE0Nce5lz7t0h"", ""artist_url"": ""https://open.spotify.com/artist/7xTMxqAmbtE0Nce5lz7t0h"", ""artist_type"": ""artist"", ""artist_genres"": """", ""artist_spotify_api_popularity"": """", ""artist_followers_total"": """", ""artist_image_url"": ""https://i.scdn.co/image/ab6761610000e5eb57fa807b972641f73df43af7"", ""artist_lookup_error"": """", ""artist_monthly_listeners"": ""28059"", ""artist_monthly_listeners_display"": ""28,059"", ""artist_monthly_listeners_is_approx"": ""false"", ""artist_monthly_listeners_source"": ""Spotify public artist page"", ""artist_monthly_listeners_fetch_error"": """"}]",0,,"{""spotify"": ""https://open.spotify.com/track/6rPaw0xYJ1al8NlLmSlqBm""}",{}
week5_17august,2026-08-17T07:40:10+00:00,Spotify,Aysima Karçaaltıncaba,aaaaysimaaaa,Week5_User7,Week5_User7,6nKK89hSDp9a3d8MkfVQXT,spotify:playlist:6nKK89hSDp9a3d8MkfVQXT,https://open.spotify.com/playlist/6nKK89hSDp9a3d8MkfVQXT,,aaaaysimaaaa,Aysima Karçaaltıncaba,True,False,0,AAAAA5Fl8W7YwThwP5gJgLuRf7LL4gmw,,5,2026-08-17T07:02:09Z,aaaaysimaaaa,primary_artist_monthly_listeners,102287,"102,287",Spotify public artist page,false,,4kr0TJoXUl2FHU8WSBcB8T,spotify:track:4kr0TJoXUl2FHU8WSBcB8T,https://open.spotify.com/track/4kr0TJoXUl2FHU8WSBcB8T,One,track,1,1,268360,268.360,False,False,True,,https://api.spotify.com/v1/tracks/4kr0TJoXUl2FHU8WSBcB8T,https://api.spotify.com/v1/tracks/4kr0TJoXUl2FHU8WSBcB8T,,,DE1KY2507223,,,42IHJll6dkoZg9lcat1Gb8,spotify:album:42IHJll6dkoZg9lcat1Gb8,https://open.spotify.com/album/42IHJll6dkoZg9lcat1Gb8,One,single,,3,2026-02-20,day,,C: (C) 2025 Reigning Phoenix Music; P: (P) 2025 Reigning Phoenix Music,,https://i.scdn.co/image/ab67616d0000b2734386ea824c923eeaa6d13fc1,,1yfiDL3YUEJlQCgb5Pun6g,Primal Fear,spotify:artist:1yfiDL3YUEJlQCgb5Pun6g,https://open.spotify.com/artist/1yfiDL3YUEJlQCgb5Pun6g,,,,102287,"102,287",false,Spotify public artist page,,https://i.scdn.co/image/ab6761610000e5ebd8360d0ed8fe9dd3fd04fb45,,1yfiDL3YUEJlQCgb5Pun6g,Primal Fear,https://open.spotify.com/artist/1yfiDL3YUEJlQCgb5Pun6g,"[{""artist_id"": ""1yfiDL3YUEJlQCgb5Pun6g"", ""artist_name"": ""Primal Fear"", ""artist_url"": ""https://open.spotify.com/artist/1yfiDL3YUEJlQCgb5Pun6g"", ""monthly_listeners"": ""102287"", ""monthly_listeners_display"": ""102,287"", ""is_approx"": ""false"", ""fetch_error"": """"}]","[{""artist_id"": ""1yfiDL3YUEJlQCgb5Pun6g"", ""artist_name"": ""Primal Fear"", ""artist_uri"": ""spotify:artist:1yfiDL3YUEJlQCgb5Pun6g"", ""artist_url"": ""https://open.spotify.com/artist/1yfiDL3YUEJlQCgb5Pun6g"", ""artist_type"": ""artist"", ""artist_genres"": """", ""artist_spotify_api_popularity"": """", ""artist_followers_total"": """", ""artist_image_url"": ""https://i.scdn.co/image/ab6761610000e5ebd8360d0ed8fe9dd3fd04fb45"", ""artist_lookup_error"": """", ""artist_monthly_listeners"": ""102287"", ""artist_monthly_listeners_display"": ""102,287"", ""artist_monthly_listeners_is_approx"": ""false"", ""artist_monthly_listeners_source"": ""Spotify public artist page"", ""artist_monthly_listeners_fetch_error"": """"}]",0,,"{""spotify"": ""https://open.spotify.com/track/4kr0TJoXUl2FHU8WSBcB8T""}",{}
week5_17august,2026-08-17T07:40:10+00:00,Spotify,Aysima Karçaaltıncaba,aaaaysimaaaa,Week5_User7,Week5_User7,6nKK89hSDp9a3d8MkfVQXT,spotify:playlist:6nKK89hSDp9a3d8MkfVQXT,https://open.spotify.com/playlist/6nKK89hSDp9a3d8MkfVQXT,,aaaaysimaaaa,Aysima Karçaaltıncaba,True,False,0,AAAAA5Fl8W7YwThwP5gJgLuRf7LL4gmw,,6,2026-08-17T07:02:09Z,aaaaysimaaaa,primary_artist_monthly_listeners,172653,"172,653",Spotify public artist page,false,,7JHgyW2ye10A9vT4k5U4Qp,spotify:track:7JHgyW2ye10A9vT4k5U4Qp,https://open.spotify.com/track/7JHgyW2ye10A9vT4k5U4Qp,Crawling from Hell,track,9,1,253240,253.240,False,False,True,,https://api.spotify.com/v1/tracks/7JHgyW2ye10A9vT4k5U4Qp,https://api.spotify.com/v1/tracks/7JHgyW2ye10A9vT4k5U4Qp,,,DET970200009,,,6FxqNK88NImuiMIpCrTZee,spotify:album:6FxqNK88NImuiMIpCrTZee,https://open.spotify.com/album/6FxqNK88NImuiMIpCrTZee,Masterplan,album,,11,2003-01-20,day,,C: 2003 AFM Records; P: 2003 AFM Records,,https://i.scdn.co/image/ab67616d0000b2737479397fc56803ba3511fd1c,,1OHNvr18TssBKYK0A75yvx,Masterplan,spotify:artist:1OHNvr18TssBKYK0A75yvx,https://open.spotify.com/artist/1OHNvr18TssBKYK0A75yvx,,,,172653,"172,653",false,Spotify public artist page,,https://i.scdn.co/image/ab6761610000e5eb8cfdd5ee976e9da4af82d208,,1OHNvr18TssBKYK0A75yvx,Masterplan,https://open.spotify.com/artist/1OHNvr18TssBKYK0A75yvx,"[{""artist_id"": ""1OHNvr18TssBKYK0A75yvx"", ""artist_name"": ""Masterplan"", ""artist_url"": ""https://open.spotify.com/artist/1OHNvr18TssBKYK0A75yvx"", ""monthly_listeners"": ""172653"", ""monthly_listeners_display"": ""172,653"", ""is_approx"": ""false"", ""fetch_error"": """"}]","[{""artist_id"": ""1OHNvr18TssBKYK0A75yvx"", ""artist_name"": ""Masterplan"", ""artist_uri"": ""spotify:artist:1OHNvr18TssBKYK0A75yvx"", ""artist_url"": ""https://open.spotify.com/artist/1OHNvr18TssBKYK0A75yvx"", ""artist_type"": ""artist"", ""artist_genres"": """", ""artist_spotify_api_popularity"": """", ""artist_followers_total"": """", ""artist_image_url"": ""https://i.scdn.co/image/ab6761610000e5eb8cfdd5ee976e9da4af82d208"", ""artist_lookup_error"": """", ""artist_monthly_listeners"": ""172653"", ""artist_monthly_listeners_display"": ""172,653"", ""artist_monthly_listeners_is_approx"": ""false"", ""artist_monthly_listeners_source"": ""Spotify public artist page"", ""artist_monthly_listeners_fetch_error"": """"}]",0,,"{""spotify"": ""https://open.spotify.com/track/7JHgyW2ye10A9vT4k5U4Qp""}",{}
week5_17august,2026-08-17T07:40:10+00:00,Spotify,Aysima Karçaaltıncaba,aaaaysimaaaa,Week5_User7,Week5_User7,6nKK89hSDp9a3d8MkfVQXT,spotify:playlist:6nKK89hSDp9a3d8MkfVQXT,https://open.spotify.com/playlist/6nKK89hSDp9a3d8MkfVQXT,,aaaaysimaaaa,Aysima Karçaaltıncaba,True,False,0,AAAAA5Fl8W7YwThwP5gJgLuRf7LL4gmw,,7,2026-08-17T07:02:09Z,aaaaysimaaaa,primary_artist_monthly_listeners,35685,"35,685",Spotify public artist page,false,,5RLWQvZQ4GtcsmBKFkDgiR,spotify:track:5RLWQvZQ4GtcsmBKFkDgiR,https://open.spotify.com/track/5RLWQvZQ4GtcsmBKFkDgiR,Let the Demons Free,track,1,1,239160,239.160,False,False,True,,https://api.spotify.com/v1/tracks/5RLWQvZQ4GtcsmBKFkDgiR,https://api.spotify.com/v1/tracks/5RLWQvZQ4GtcsmBKFkDgiR,,,DED830274101,,,1sTLIU5psuqq5iSNnATYSO,spotify:album:1sTLIU5psuqq5iSNnATYSO,https://open.spotify.com/album/1sTLIU5psuqq5iSNnATYSO,Thunderstone,album,,10,2002-06-24,day,,C: 2002 Nuclear Blast; P: 2002 Nuclear Blast,,https://i.scdn.co/image/ab67616d0000b273bb0fe520add231163568d0bf,,5FLzywPMVGQ62kSD3X0M8q,Thunderstone,spotify:artist:5FLzywPMVGQ62kSD3X0M8q,https://open.spotify.com/artist/5FLzywPMVGQ62kSD3X0M8q,,,,35685,"35,685",false,Spotify public artist page,,https://i.scdn.co/image/e7337e3e4dabda6800c5217b961c3000e5a29de2,,5FLzywPMVGQ62kSD3X0M8q,Thunderstone,https://open.spotify.com/artist/5FLzywPMVGQ62kSD3X0M8q,"[{""artist_id"": ""5FLzywPMVGQ62kSD3X0M8q"", ""artist_name"": ""Thunderstone"", ""artist_url"": ""https://open.spotify.com/artist/5FLzywPMVGQ62kSD3X0M8q"", ""monthly_listeners"": ""35685"", ""monthly_listeners_display"": ""35,685"", ""is_approx"": ""false"", ""fetch_error"": """"}]","[{""artist_id"": ""5FLzywPMVGQ62kSD3X0M8q"", ""artist_name"": ""Thunderstone"", ""artist_uri"": ""spotify:artist:5FLzywPMVGQ62kSD3X0M8q"", ""artist_url"": ""https://open.spotify.com/artist/5FLzywPMVGQ62kSD3X0M8q"", ""artist_type"": ""artist"", ""artist_genres"": """", ""artist_spotify_api_popularity"": """", ""artist_followers_total"": """", ""artist_image_url"": ""https://i.scdn.co/image/e7337e3e4dabda6800c5217b961c3000e5a29de2"", ""artist_lookup_error"": """", ""artist_monthly_listeners"": ""35685"", ""artist_monthly_listeners_display"": ""35,685"", ""artist_monthly_listeners_is_approx"": ""false"", ""artist_monthly_listeners_source"": ""Spotify public artist page"", ""artist_monthly_listeners_fetch_error"": """"}]",0,,"{""spotify"": ""https://open.spotify.com/track/5RLWQvZQ4GtcsmBKFkDgiR""}",{}
week5_17august,2026-08-17T07:40:10+00:00,Spotify,Aysima Karçaaltıncaba,aaaaysimaaaa,Week5_User7,Week5_User7,6nKK89hSDp9a3d8MkfVQXT,spotify:playlist:6nKK89hSDp9a3d8MkfVQXT,https://open.spotify.com/playlist/6nKK89hSDp9a3d8MkfVQXT,,aaaaysimaaaa,Aysima Karçaaltıncaba,True,False,0,AAAAA5Fl8W7YwThwP5gJgLuRf7LL4gmw,,8,2026-08-17T07:02:09Z,aaaaysimaaaa,primary_artist_monthly_listeners,849932,"849,932",Spotify public artist page,false,,6dF0wcJNepVHKjb8os6ulz,spotify:track:6dF0wcJNepVHKjb8os6ulz,https://open.spotify.com/track/6dF0wcJNepVHKjb8os6ulz,Soul Of A Vagabond,track,2,1,442026,442.026,False,False,True,,https://api.spotify.com/v1/tracks/6dF0wcJNepVHKjb8os6ulz,https://api.spotify.com/v1/tracks/6dF0wcJNepVHKjb8os6ulz,,,DEH841400421,,,1uHpdAzzpIgZTJTheEEla0,spotify:album:1uHpdAzzpIgZTJTheEEla0,https://open.spotify.com/album/1uHpdAzzpIgZTJTheEEla0,"Elements, Pt. 1&2 (Complete Edition)",album,,28,2014-12-05,day,,C: 2014 Stratovarius under exclusive license to Odyssey Music Network GmbH; P: 2014 Stratovarius under exclusive license to Odyssey Music Network GmbH,,https://i.scdn.co/image/ab67616d0000b273fd2b926eaeca0064d2efb24d,,1O8CSXsPwEqxcoBE360PPO,Stratovarius,spotify:artist:1O8CSXsPwEqxcoBE360PPO,https://open.spotify.com/artist/1O8CSXsPwEqxcoBE360PPO,,,,849932,"849,932",false,Spotify public artist page,,https://i.scdn.co/image/ab6761610000e5eb4733f393ad04f47b31edaadb,,1O8CSXsPwEqxcoBE360PPO,Stratovarius,https://open.spotify.com/artist/1O8CSXsPwEqxcoBE360PPO,"[{""artist_id"": ""1O8CSXsPwEqxcoBE360PPO"", ""artist_name"": ""Stratovarius"", ""artist_url"": ""https://open.spotify.com/artist/1O8CSXsPwEqxcoBE360PPO"", ""monthly_listeners"": ""849932"", ""monthly_listeners_display"": ""849,932"", ""is_approx"": ""false"", ""fetch_error"": """"}]","[{""artist_id"": ""1O8CSXsPwEqxcoBE360PPO"", ""artist_name"": ""Stratovarius"", ""artist_uri"": ""spotify:artist:1O8CSXsPwEqxcoBE360PPO"", ""artist_url"": ""https://open.spotify.com/artist/1O8CSXsPwEqxcoBE360PPO"", ""artist_type"": ""artist"", ""artist_genres"": """", ""artist_spotify_api_popularity"": """", ""artist_followers_total"": """", ""artist_image_url"": ""https://i.scdn.co/image/ab6761610000e5eb4733f393ad04f47b31edaadb"", ""artist_lookup_error"": """", ""artist_monthly_listeners"": ""849932"", ""artist_monthly_listeners_display"": ""849,932"", ""artist_monthly_listeners_is_approx"": ""false"", ""artist_monthly_listeners_source"": ""Spotify public artist page"", ""artist_monthly_listeners_fetch_error"": """"}]",0,,"{""spotify"": ""https://open.spotify.com/track/6dF0wcJNepVHKjb8os6ulz""}",{}
week5_17august,2026-08-17T07:40:10+00:00,Spotify,Aysima Karçaaltıncaba,aaaaysimaaaa,Week5_User7,Week5_User7,6nKK89hSDp9a3d8MkfVQXT,spotify:playlist:6nKK89hSDp9a3d8MkfVQXT,https://open.spotify.com/playlist/6nKK89hSDp9a3d8MkfVQXT,,aaaaysimaaaa,Aysima Karçaaltıncaba,True,False,0,AAAAA5Fl8W7YwThwP5gJgLuRf7LL4gmw,,9,2026-08-17T07:02:09Z,aaaaysimaaaa,primary_artist_monthly_listeners,36826,"36,826",Spotify public artist page,false,,4OtcuquysTSSvJGnc65UhQ,spotify:track:4OtcuquysTSSvJGnc65UhQ,https://open.spotify.com/track/4OtcuquysTSSvJGnc65UhQ,Mirror Mirror,track,8,1,278853,278.853,False,False,True,,https://api.spotify.com/v1/tracks/4OtcuquysTSSvJGnc65UhQ,https://api.spotify.com/v1/tracks/4OtcuquysTSSvJGnc65UhQ,,,FIRKD2600008,,,2LNCt6wm6wAfAL6sXUnC4v,spotify:album:2LNCt6wm6wAfAL6sXUnC4v,https://open.spotify.com/album/2LNCt6wm6wAfAL6sXUnC4v,Aetherbound,album,,13,2026-07-31,day,,C: (C) 2026 Dreamtale Production Oy / Supersounds Music Oy; P: (P) 2026 Dreamtale Production Oy,,https://i.scdn.co/image/ab67616d0000b27371cba43c1124bef0b5a4915e,,7pDnkvo4I1Esv7dZ4WFKv7,Dreamtale,spotify:artist:7pDnkvo4I1Esv7dZ4WFKv7,https://open.spotify.com/artist/7pDnkvo4I1Esv7dZ4WFKv7,,,,36826,"36,826",false,Spotify public artist page,,https://i.scdn.co/image/ab6761610000e5eb8eb7d034f0a530cf3b46a436,,7pDnkvo4I1Esv7dZ4WFKv7,Dreamtale,https://open.spotify.com/artist/7pDnkvo4I1Esv7dZ4WFKv7,"[{""artist_id"": ""7pDnkvo4I1Esv7dZ4WFKv7"", ""artist_name"": ""Dreamtale"", ""artist_url"": ""https://open.spotify.com/artist/7pDnkvo4I1Esv7dZ4WFKv7"", ""monthly_listeners"": ""36826"", ""monthly_listeners_display"": ""36,826"", ""is_approx"": ""false"", ""fetch_error"": """"}]","[{""artist_id"": ""7pDnkvo4I1Esv7dZ4WFKv7"", ""artist_name"": ""Dreamtale"", ""artist_uri"": ""spotify:artist:7pDnkvo4I1Esv7dZ4WFKv7"", ""artist_url"": ""https://open.spotify.com/artist/7pDnkvo4I1Esv7dZ4WFKv7"", ""artist_type"": ""artist"", ""artist_genres"": """", ""artist_spotify_api_popularity"": """", ""artist_followers_total"": """", ""artist_image_url"": ""https://i.scdn.co/image/ab6761610000e5eb8eb7d034f0a530cf3b46a436"", ""artist_lookup_error"": """", ""artist_monthly_listeners"": ""36826"", ""artist_monthly_listeners_display"": ""36,826"", ""artist_monthly_listeners_is_approx"": ""false"", ""artist_monthly_listeners_source"": ""Spotify public artist page"", ""artist_monthly_listeners_fetch_error"": """"}]",0,,"{""spotify"": ""https://open.spotify.com/track/4OtcuquysTSSvJGnc65UhQ""}",{}
week5_17august,2026-08-17T07:40:10+00:00,Spotify,Aysima Karçaaltıncaba,aaaaysimaaaa,Week5_User7,Week5_User7,6nKK89hSDp9a3d8MkfVQXT,spotify:playlist:6nKK89hSDp9a3d8MkfVQXT,https://open.spotify.com/playlist/6nKK89hSDp9a3d8MkfVQXT,,aaaaysimaaaa,Aysima Karçaaltıncaba,True,False,0,AAAAA5Fl8W7YwThwP5gJgLuRf7LL4gmw,,10,2026-08-17T07:02:09Z,aaaaysimaaaa,primary_artist_monthly_listeners,1047263,"1,047,263",Spotify public artist page,false,,3RD8qr6j4i5KzamCqVkfHX,spotify:track:3RD8qr6j4i5KzamCqVkfHX,https://open.spotify.com/track/3RD8qr6j4i5KzamCqVkfHX,Die for Metal,track,16,1,317106,317.106,False,False,True,,https://api.spotify.com/v1/tracks/3RD8qr6j4i5KzamCqVkfHX,https://api.spotify.com/v1/tracks/3RD8qr6j4i5KzamCqVkfHX,,,USMC70600600,,,0HMX9EYI9nsFyyQ286WRQ9,spotify:album:0HMX9EYI9nsFyyQ286WRQ9,https://open.spotify.com/album/0HMX9EYI9nsFyyQ286WRQ9,Gods of War,album,,16,2007-02-23,day,,C: 2007 Magic Circle Music Ltd; P: 2007 Magic Circle Music Ltd,,https://i.scdn.co/image/ab67616d0000b2738a2f8d52d90e090ea3ced026,,4CzUzn54Cp9TQr6a7JIlMZ,Manowar,spotify:artist:4CzUzn54Cp9TQr6a7JIlMZ,https://open.spotify.com/artist/4CzUzn54Cp9TQr6a7JIlMZ,,,,1047263,"1,047,263",false,Spotify public artist page,,https://i.scdn.co/image/ab6761610000e5eba4780fe15900fbd223cd4f48,,4CzUzn54Cp9TQr6a7JIlMZ,Manowar,https://open.spotify.com/artist/4CzUzn54Cp9TQr6a7JIlMZ,"[{""artist_id"": ""4CzUzn54Cp9TQr6a7JIlMZ"", ""artist_name"": ""Manowar"", ""artist_url"": ""https://open.spotify.com/artist/4CzUzn54Cp9TQr6a7JIlMZ"", ""monthly_listeners"": ""1047263"", ""monthly_listeners_display"": ""1,047,263"", ""is_approx"": ""false"", ""fetch_error"": """"}]","[{""artist_id"": ""4CzUzn54Cp9TQr6a7JIlMZ"", ""artist_name"": ""Manowar"", ""artist_uri"": ""spotify:artist:4CzUzn54Cp9TQr6a7JIlMZ"", ""artist_url"": ""https://open.spotify.com/artist/4CzUzn54Cp9TQr6a7JIlMZ"", ""artist_type"": ""artist"", ""artist_genres"": """", ""artist_spotify_api_popularity"": """", ""artist_followers_total"": """", ""artist_image_url"": ""https://i.scdn.co/image/ab6761610000e5eba4780fe15900fbd223cd4f48"", ""artist_lookup_error"": """", ""artist_monthly_listeners"": ""1047263"", ""artist_monthly_listeners_display"": ""1,047,263"", ""artist_monthly_listeners_is_approx"": ""false"", ""artist_monthly_listeners_source"": ""Spotify public artist page"", ""artist_monthly_listeners_fetch_error"": """"}]",0,,"{""spotify"": ""https://open.spotify.com/track/3RD8qr6j4i5KzamCqVkfHX""}",{}
week5_17august,2026-08-17T07:40:10+00:00,Spotify,Aysima Karçaaltıncaba,aaaaysimaaaa,Week5_User7,Week5_User7,6nKK89hSDp9a3d8MkfVQXT,spotify:playlist:6nKK89hSDp9a3d8MkfVQXT,https://open.spotify.com/playlist/6nKK89hSDp9a3d8MkfVQXT,,aaaaysimaaaa,Aysima Karçaaltıncaba,True,False,0,AAAAA5Fl8W7YwThwP5gJgLuRf7LL4gmw,,11,2026-08-17T07:02:09Z,aaaaysimaaaa,primary_artist_monthly_listeners,84872,"84,872",Spotify public artist page,false,,7GMkC6bamVWtGU6vkJUzZU,spotify:track:7GMkC6bamVWtGU6vkJUzZU,https://open.spotify.com/track/7GMkC6bamVWtGU6vkJUzZU,March for Freedom,track,5,1,365040,365.040,False,False,True,,https://api.spotify.com/v1/tracks/7GMkC6bamVWtGU6vkJUzZU,https://api.spotify.com/v1/tracks/7GMkC6bamVWtGU6vkJUzZU,,,DEZ900500532,,,6j08zeAcOb1cJWSzhZFxa0,spotify:album:6j08zeAcOb1cJWSzhZFxa0,https://open.spotify.com/album/6j08zeAcOb1cJWSzhZFxa0,Anima Mundi,album,,11,2004-01-19,day,,C: 2004 AFM Records; P: 2004 AFM Records,,https://i.scdn.co/image/ab67616d0000b2737acd9c5ab79c819f48701710,,39AhZ0oT49zA0WOAbfHVMM,Dionysus,spotify:artist:39AhZ0oT49zA0WOAbfHVMM,https://open.spotify.com/artist/39AhZ0oT49zA0WOAbfHVMM,,,,84872,"84,872",false,Spotify public artist page,,https://i.scdn.co/image/ab6761610000e5eb3eb3e30b92f0fc2fde4b86d0,,39AhZ0oT49zA0WOAbfHVMM,Dionysus,https://open.spotify.com/artist/39AhZ0oT49zA0WOAbfHVMM,"[{""artist_id"": ""39AhZ0oT49zA0WOAbfHVMM"", ""artist_name"": ""Dionysus"", ""artist_url"": ""https://open.spotify.com/artist/39AhZ0oT49zA0WOAbfHVMM"", ""monthly_listeners"": ""84872"", ""monthly_listeners_display"": ""84,872"", ""is_approx"": ""false"", ""fetch_error"": """"}]","[{""artist_id"": ""39AhZ0oT49zA0WOAbfHVMM"", ""artist_name"": ""Dionysus"", ""artist_uri"": ""spotify:artist:39AhZ0oT49zA0WOAbfHVMM"", ""artist_url"": ""https://open.spotify.com/artist/39AhZ0oT49zA0WOAbfHVMM"", ""artist_type"": ""artist"", ""artist_genres"": """", ""artist_spotify_api_popularity"": """", ""artist_followers_total"": """", ""artist_image_url"": ""https://i.scdn.co/image/ab6761610000e5eb3eb3e30b92f0fc2fde4b86d0"", ""artist_lookup_error"": """", ""artist_monthly_listeners"": ""84872"", ""artist_monthly_listeners_display"": ""84,872"", ""artist_monthly_listeners_is_approx"": ""false"", ""artist_monthly_listeners_source"": ""Spotify public artist page"", ""artist_monthly_listeners_fetch_error"": """"}]",0,,"{""spotify"": ""https://open.spotify.com/track/7GMkC6bamVWtGU6vkJUzZU""}",{}
week5_17august,2026-08-17T07:40:10+00:00,Spotify,Aysima Karçaaltıncaba,aaaaysimaaaa,Week5_User7,Week5_User7,6nKK89hSDp9a3d8MkfVQXT,spotify:playlist:6nKK89hSDp9a3d8MkfVQXT,https://open.spotify.com/playlist/6nKK89hSDp9a3d8MkfVQXT,,aaaaysimaaaa,Aysima Karçaaltıncaba,True,False,0,AAAAA5Fl8W7YwThwP5gJgLuRf7LL4gmw,,12,2026-08-17T07:02:09Z,aaaaysimaaaa,primary_artist_monthly_listeners,17506,"17,506",Spotify public artist page,false,,7CHpjQaE98EFoXow5VUBR9,spotify:track:7CHpjQaE98EFoXow5VUBR9,https://open.spotify.com/track/7CHpjQaE98EFoXow5VUBR9,Livin' in Hysteria,track,1,1,278560,278.560,False,False,True,,https://api.spotify.com/v1/tracks/7CHpjQaE98EFoXow5VUBR9,https://api.spotify.com/v1/tracks/7CHpjQaE98EFoXow5VUBR9,,,DET271370201,,,5RlQyIjNj3WoYVZ6qNVKKe,spotify:album:5RlQyIjNj3WoYVZ6qNVKKe,https://open.spotify.com/album/5RlQyIjNj3WoYVZ6qNVKKe,Livin' in Hysteria,album,,10,2003,year,,C: (C) 2003 Limb Music,,https://i.scdn.co/image/ab67616d0000b27390e74498f1917dabe2648032,,4bJlNp8kcrWMSIM4NObk2D,Heavens Gate,spotify:artist:4bJlNp8kcrWMSIM4NObk2D,https://open.spotify.com/artist/4bJlNp8kcrWMSIM4NObk2D,,,,17506,"17,506",false,Spotify public artist page,,https://i.scdn.co/image/ab67616d0000b27390e74498f1917dabe2648032,,4bJlNp8kcrWMSIM4NObk2D,Heavens Gate,https://open.spotify.com/artist/4bJlNp8kcrWMSIM4NObk2D,"[{""artist_id"": ""4bJlNp8kcrWMSIM4NObk2D"", ""artist_name"": ""Heavens Gate"", ""artist_url"": ""https://open.spotify.com/artist/4bJlNp8kcrWMSIM4NObk2D"", ""monthly_listeners"": ""17506"", ""monthly_listeners_display"": ""17,506"", ""is_approx"": ""false"", ""fetch_error"": """"}]","[{""artist_id"": ""4bJlNp8kcrWMSIM4NObk2D"", ""artist_name"": ""Heavens Gate"", ""artist_uri"": ""spotify:artist:4bJlNp8kcrWMSIM4NObk2D"", ""artist_url"": ""https://open.spotify.com/artist/4bJlNp8kcrWMSIM4NObk2D"", ""artist_type"": ""artist"", ""artist_genres"": """", ""artist_spotify_api_popularity"": """", ""artist_followers_total"": """", ""artist_image_url"": ""https://i.scdn.co/image/ab67616d0000b27390e74498f1917dabe2648032"", ""artist_lookup_error"": """", ""artist_monthly_listeners"": ""17506"", ""artist_monthly_listeners_display"": ""17,506"", ""artist_monthly_listeners_is_approx"": ""false"", ""artist_monthly_listeners_source"": ""Spotify public artist page"", ""artist_monthly_listeners_fetch_error"": """"}]",0,,"{""spotify"": ""https://open.spotify.com/track/7CHpjQaE98EFoXow5VUBR9""}",{}
week5_17august,2026-08-17T07:40:10+00:00,Spotify,Aysima Karçaaltıncaba,aaaaysimaaaa,Week5_User7,Week5_User7,6nKK89hSDp9a3d8MkfVQXT,spotify:playlist:6nKK89hSDp9a3d8MkfVQXT,https://open.spotify.com/playlist/6nKK89hSDp9a3d8MkfVQXT,,aaaaysimaaaa,Aysima Karçaaltıncaba,True,False,0,AAAAA5Fl8W7YwThwP5gJgLuRf7LL4gmw,,13,2026-08-17T07:02:09Z,aaaaysimaaaa,primary_artist_monthly_listeners,45519,"45,519",Spotify public artist page,false,,4PevqJzeWn57SJld7ty3xM,spotify:track:4PevqJzeWn57SJld7ty3xM,https://open.spotify.com/track/4PevqJzeWn57SJld7ty3xM,Winds of Time,track,1,1,640306,640.306,False,False,True,,https://api.spotify.com/v1/tracks/4PevqJzeWn57SJld7ty3xM,https://api.spotify.com/v1/tracks/4PevqJzeWn57SJld7ty3xM,,,QT55Y2569691,,,2xZIU1PggMA6Pu9bpNfICG,spotify:album:2xZIU1PggMA6Pu9bpNfICG,https://open.spotify.com/album/2xZIU1PggMA6Pu9bpNfICG,Winds of Time,album,,8,2025-10-17,day,,C: 2025 Wings of Steel; P: 2025 Wings of Steel,,https://i.scdn.co/image/ab67616d0000b27324b7b877a21fa80bbee310e2,,0y43lCvntQtyFlhCABGb0T,Wings of Steel,spotify:artist:0y43lCvntQtyFlhCABGb0T,https://open.spotify.com/artist/0y43lCvntQtyFlhCABGb0T,,,,45519,"45,519",false,Spotify public artist page,,https://i.scdn.co/image/ab6761610000e5ebf0ec514bb1af4546a9f63f24,,0y43lCvntQtyFlhCABGb0T,Wings of Steel,https://open.spotify.com/artist/0y43lCvntQtyFlhCABGb0T,"[{""artist_id"": ""0y43lCvntQtyFlhCABGb0T"", ""artist_name"": ""Wings of Steel"", ""artist_url"": ""https://open.spotify.com/artist/0y43lCvntQtyFlhCABGb0T"", ""monthly_listeners"": ""45519"", ""monthly_listeners_display"": ""45,519"", ""is_approx"": ""false"", ""fetch_error"": """"}]","[{""artist_id"": ""0y43lCvntQtyFlhCABGb0T"", ""artist_name"": ""Wings of Steel"", ""artist_uri"": ""spotify:artist:0y43lCvntQtyFlhCABGb0T"", ""artist_url"": ""https://open.spotify.com/artist/0y43lCvntQtyFlhCABGb0T"", ""artist_type"": ""artist"", ""artist_genres"": """", ""artist_spotify_api_popularity"": """", ""artist_followers_total"": """", ""artist_image_url"": ""https://i.scdn.co/image/ab6761610000e5ebf0ec514bb1af4546a9f63f24"", ""artist_lookup_error"": """", ""artist_monthly_listeners"": ""45519"", ""artist_monthly_listeners_display"": ""45,519"", ""artist_monthly_listeners_is_approx"": ""false"", ""artist_monthly_listeners_source"": ""Spotify public artist page"", ""artist_monthly_listeners_fetch_error"": """"}]",0,,"{""spotify"": ""https://open.spotify.com/track/4PevqJzeWn57SJld7ty3xM""}",{}
week5_17august,2026-08-17T07:40:10+00:00,Spotify,Aysima Karçaaltıncaba,aaaaysimaaaa,Week5_User7,Week5_User7,6nKK89hSDp9a3d8MkfVQXT,spotify:playlist:6nKK89hSDp9a3d8MkfVQXT,https://open.spotify.com/playlist/6nKK89hSDp9a3d8MkfVQXT,,aaaaysimaaaa,Aysima Karçaaltıncaba,True,False,0,AAAAA5Fl8W7YwThwP5gJgLuRf7LL4gmw,,14,2026-08-17T07:02:09Z,aaaaysimaaaa,primary_artist_monthly_listeners,20692,"20,692",Spotify public artist page,false,,1JnaBnib3kfHnG7T8jovNP,spotify:track:1JnaBnib3kfHnG7T8jovNP,https://open.spotify.com/track/1JnaBnib3kfHnG7T8jovNP,The Burning of Rome (Cry for Pompeii),track,1,1,399240,399.240,False,False,True,,https://api.spotify.com/v1/tracks/1JnaBnib3kfHnG7T8jovNP,https://api.spotify.com/v1/tracks/1JnaBnib3kfHnG7T8jovNP,,,DEA451108300,,,144jP4MHI1Mmlf8VUm1bKc,spotify:album:144jP4MHI1Mmlf8VUm1bKc,https://open.spotify.com/album/144jP4MHI1Mmlf8VUm1bKc,Age Of Consent,album,,23,2011-11-25,day,,C: (C) 2011 Steamhammer; P: (P) 2011 Steamhammer,,https://i.scdn.co/image/ab67616d0000b27379ccc1e66559bb13b2047cbf,,4npN9NLDTitqe7UKQj5lxY,Virgin Steele,spotify:artist:4npN9NLDTitqe7UKQj5lxY,https://open.spotify.com/artist/4npN9NLDTitqe7UKQj5lxY,,,,20692,"20,692",false,Spotify public artist page,,https://i.scdn.co/image/ab6761610000e5eb33f9d691b3052726f4a61f79,,4npN9NLDTitqe7UKQj5lxY,Virgin Steele,https://open.spotify.com/artist/4npN9NLDTitqe7UKQj5lxY,"[{""artist_id"": ""4npN9NLDTitqe7UKQj5lxY"", ""artist_name"": ""Virgin Steele"", ""artist_url"": ""https://open.spotify.com/artist/4npN9NLDTitqe7UKQj5lxY"", ""monthly_listeners"": ""20692"", ""monthly_listeners_display"": ""20,692"", ""is_approx"": ""false"", ""fetch_error"": """"}]","[{""artist_id"": ""4npN9NLDTitqe7UKQj5lxY"", ""artist_name"": ""Virgin Steele"", ""artist_uri"": ""spotify:artist:4npN9NLDTitqe7UKQj5lxY"", ""artist_url"": ""https://open.spotify.com/artist/4npN9NLDTitqe7UKQj5lxY"", ""artist_type"": ""artist"", ""artist_genres"": """", ""artist_spotify_api_popularity"": """", ""artist_followers_total"": """", ""artist_image_url"": ""https://i.scdn.co/image/ab6761610000e5eb33f9d691b3052726f4a61f79"", ""artist_lookup_error"": """", ""artist_monthly_listeners"": ""20692"", ""artist_monthly_listeners_display"": ""20,692"", ""artist_monthly_listeners_is_approx"": ""false"", ""artist_monthly_listeners_source"": ""Spotify public artist page"", ""artist_monthly_listeners_fetch_error"": """"}]",0,,"{""spotify"": ""https://open.spotify.com/track/1JnaBnib3kfHnG7T8jovNP""}",{}
week5_17august,2026-08-17T07:40:10+00:00,Spotify,Aysima Karçaaltıncaba,aaaaysimaaaa,Week5_User7,Week5_User7,6nKK89hSDp9a3d8MkfVQXT,spotify:playlist:6nKK89hSDp9a3d8MkfVQXT,https://open.spotify.com/playlist/6nKK89hSDp9a3d8MkfVQXT,,aaaaysimaaaa,Aysima Karçaaltıncaba,True,False,0,AAAAA5Fl8W7YwThwP5gJgLuRf7LL4gmw,,15,2026-08-17T07:02:09Z,aaaaysimaaaa,primary_artist_monthly_listeners,30327,"30,327",Spotify public artist page,false,,3wh5MasSWNaLcbXNe7bffS,spotify:track:3wh5MasSWNaLcbXNe7bffS,https://open.spotify.com/track/3wh5MasSWNaLcbXNe7bffS,Beyond The Rainbow Bridge,track,11,1,248893,248.893,False,False,True,,https://api.spotify.com/v1/tracks/3wh5MasSWNaLcbXNe7bffS,https://api.spotify.com/v1/tracks/3wh5MasSWNaLcbXNe7bffS,,,DEA452401560,,,2ZYp47lVyM4suksutbKGFE,spotify:album:2ZYp47lVyM4suksutbKGFE,https://open.spotify.com/album/2ZYp47lVyM4suksutbKGFE,Hic Svnt Dracones,album,,12,2024-10-11,day,,C: (C) 2024 Steamhammer; P: (P) 2024 Steamhammer,,https://i.scdn.co/image/ab67616d0000b2738b543e4df1d7cfe8430f77f8,,4ZGFYwFpBWxq6FxqilvRJT,Dragony,spotify:artist:4ZGFYwFpBWxq6FxqilvRJT,https://open.spotify.com/artist/4ZGFYwFpBWxq6FxqilvRJT,,,,30327,"30,327",false,Spotify public artist page,,https://i.scdn.co/image/ab6761610000e5eb37437b584bd4ccbdac075bec,,4ZGFYwFpBWxq6FxqilvRJT,Dragony,https://open.spotify.com/artist/4ZGFYwFpBWxq6FxqilvRJT,"[{""artist_id"": ""4ZGFYwFpBWxq6FxqilvRJT"", ""artist_name"": ""Dragony"", ""artist_url"": ""https://open.spotify.com/artist/4ZGFYwFpBWxq6FxqilvRJT"", ""monthly_listeners"": ""30327"", ""monthly_listeners_display"": ""30,327"", ""is_approx"": ""false"", ""fetch_error"": """"}]","[{""artist_id"": ""4ZGFYwFpBWxq6FxqilvRJT"", ""artist_name"": ""Dragony"", ""artist_uri"": ""spotify:artist:4ZGFYwFpBWxq6FxqilvRJT"", ""artist_url"": ""https://open.spotify.com/artist/4ZGFYwFpBWxq6FxqilvRJT"", ""artist_type"": ""artist"", ""artist_genres"": """", ""artist_spotify_api_popularity"": """", ""artist_followers_total"": """", ""artist_image_url"": ""https://i.scdn.co/image/ab6761610000e5eb37437b584bd4ccbdac075bec"", ""artist_lookup_error"": """", ""artist_monthly_listeners"": ""30327"", ""artist_monthly_listeners_display"": ""30,327"", ""artist_monthly_listeners_is_approx"": ""false"", ""artist_monthly_listeners_source"": ""Spotify public artist page"", ""artist_monthly_listeners_fetch_error"": """"}]",0,,"{""spotify"": ""https://open.spotify.com/track/3wh5MasSWNaLcbXNe7bffS""}",{}
week5_17august,2026-08-17T07:40:10+00:00,Spotify,Aysima Karçaaltıncaba,aaaaysimaaaa,Week5_User7,Week5_User7,6nKK89hSDp9a3d8MkfVQXT,spotify:playlist:6nKK89hSDp9a3d8MkfVQXT,https://open.spotify.com/playlist/6nKK89hSDp9a3d8MkfVQXT,,aaaaysimaaaa,Aysima Karçaaltıncaba,True,False,0,AAAAA5Fl8W7YwThwP5gJgLuRf7LL4gmw,,16,2026-08-17T07:02:09Z,aaaaysimaaaa,primary_artist_monthly_listeners,439019,"439,019",Spotify public artist page,false,,6spmQ1gUjeu10pUUxnLyZW,spotify:track:6spmQ1gUjeu10pUUxnLyZW,https://open.spotify.com/track/6spmQ1gUjeu10pUUxnLyZW,On a Quest for Aberdeen,track,1,1,233906,233.906,False,False,True,,https://api.spotify.com/v1/tracks/6spmQ1gUjeu10pUUxnLyZW,https://api.spotify.com/v1/tracks/6spmQ1gUjeu10pUUxnLyZW,,,ATN262539901,,,2NRdEeTAqfiFWX49WM1VgA,spotify:album:2NRdEeTAqfiFWX49WM1VgA,https://open.spotify.com/album/2NRdEeTAqfiFWX49WM1VgA,On a Quest for Aberdeen,single,,1,2025-05-27,day,,C: (C) 2025 Napalm Records Handels GmbH; P: (P) 2025 Napalm Records Handels GmbH,,https://i.scdn.co/image/ab67616d0000b27350c0d403e8321117cad78eb1,,7dkEByOe0oHqc54qU4hwzV,Gloryhammer,spotify:artist:7dkEByOe0oHqc54qU4hwzV,https://open.spotify.com/artist/7dkEByOe0oHqc54qU4hwzV,,,,439019,"439,019",false,Spotify public artist page,,https://i.scdn.co/image/ab6761610000e5ebd7e711e39e98d2b60bdf5234,,7dkEByOe0oHqc54qU4hwzV,Gloryhammer,https://open.spotify.com/artist/7dkEByOe0oHqc54qU4hwzV,"[{""artist_id"": ""7dkEByOe0oHqc54qU4hwzV"", ""artist_name"": ""Gloryhammer"", ""artist_url"": ""https://open.spotify.com/artist/7dkEByOe0oHqc54qU4hwzV"", ""monthly_listeners"": ""439019"", ""monthly_listeners_display"": ""439,019"", ""is_approx"": ""false"", ""fetch_error"": """"}]","[{""artist_id"": ""7dkEByOe0oHqc54qU4hwzV"", ""artist_name"": ""Gloryhammer"", ""artist_uri"": ""spotify:artist:7dkEByOe0oHqc54qU4hwzV"", ""artist_url"": ""https://open.spotify.com/artist/7dkEByOe0oHqc54qU4hwzV"", ""artist_type"": ""artist"", ""artist_genres"": """", ""artist_spotify_api_popularity"": """", ""artist_followers_total"": """", ""artist_image_url"": ""https://i.scdn.co/image/ab6761610000e5ebd7e711e39e98d2b60bdf5234"", ""artist_lookup_error"": """", ""artist_monthly_listeners"": ""439019"", ""artist_monthly_listeners_display"": ""439,019"", ""artist_monthly_listeners_is_approx"": ""false"", ""artist_monthly_listeners_source"": ""Spotify public artist page"", ""artist_monthly_listeners_fetch_error"": """"}]",0,,"{""spotify"": ""https://open.spotify.com/track/6spmQ1gUjeu10pUUxnLyZW""}",{}
week5_17august,2026-08-17T07:40:10+00:00,Spotify,Aysima Karçaaltıncaba,aaaaysimaaaa,Week5_User7,Week5_User7,6nKK89hSDp9a3d8MkfVQXT,spotify:playlist:6nKK89hSDp9a3d8MkfVQXT,https://open.spotify.com/playlist/6nKK89hSDp9a3d8MkfVQXT,,aaaaysimaaaa,Aysima Karçaaltıncaba,True,False,0,AAAAA5Fl8W7YwThwP5gJgLuRf7LL4gmw,,17,2026-08-17T07:02:09Z,aaaaysimaaaa,primary_artist_monthly_listeners,18254,"18,254",Spotify public artist page,false,,7qZe7eUXVI2wZPRuFEmDwz,spotify:track:7qZe7eUXVI2wZPRuFEmDwz,https://open.spotify.com/track/7qZe7eUXVI2wZPRuFEmDwz,Moonlight,track,1,1,343826,343.826,False,False,True,,https://api.spotify.com/v1/tracks/7qZe7eUXVI2wZPRuFEmDwz,https://api.spotify.com/v1/tracks/7qZe7eUXVI2wZPRuFEmDwz,,,FR6V81859248,,,1RgTRrUYZbABCBnXzMp5OR,spotify:album:1RgTRrUYZbABCBnXzMp5OR,https://open.spotify.com/album/1RgTRrUYZbABCBnXzMp5OR,Return to Heaven Denied,album,,11,1998,year,,C: Discoteca Pick Up; P: Discoteca Pick Up,,https://i.scdn.co/image/ab67616d0000b273ecdb62690c971432f58e93ae,,3SG07EEING9Ytq5yFSSuff,Labyrinth,spotify:artist:3SG07EEING9Ytq5yFSSuff,https://open.spotify.com/artist/3SG07EEING9Ytq5yFSSuff,,,,18254,"18,254",false,Spotify public artist page,,https://i.scdn.co/image/ab6761610000e5eb42d7998cd4779b80d44fc89d,,3SG07EEING9Ytq5yFSSuff,Labyrinth,https://open.spotify.com/artist/3SG07EEING9Ytq5yFSSuff,"[{""artist_id"": ""3SG07EEING9Ytq5yFSSuff"", ""artist_name"": ""Labyrinth"", ""artist_url"": ""https://open.spotify.com/artist/3SG07EEING9Ytq5yFSSuff"", ""monthly_listeners"": ""18254"", ""monthly_listeners_display"": ""18,254"", ""is_approx"": ""false"", ""fetch_error"": """"}]","[{""artist_id"": ""3SG07EEING9Ytq5yFSSuff"", ""artist_name"": ""Labyrinth"", ""artist_uri"": ""spotify:artist:3SG07EEING9Ytq5yFSSuff"", ""artist_url"": ""https://open.spotify.com/artist/3SG07EEING9Ytq5yFSSuff"", ""artist_type"": ""artist"", ""artist_genres"": """", ""artist_spotify_api_popularity"": """", ""artist_followers_total"": """", ""artist_image_url"": ""https://i.scdn.co/image/ab6761610000e5eb42d7998cd4779b80d44fc89d"", ""artist_lookup_error"": """", ""artist_monthly_listeners"": ""18254"", ""artist_monthly_listeners_display"": ""18,254"", ""artist_monthly_listeners_is_approx"": ""false"", ""artist_monthly_listeners_source"": ""Spotify public artist page"", ""artist_monthly_listeners_fetch_error"": """"}]",0,,"{""spotify"": ""https://open.spotify.com/track/7qZe7eUXVI2wZPRuFEmDwz""}",{}
week5_17august,2026-08-17T07:40:10+00:00,Spotify,Aysima Karçaaltıncaba,aaaaysimaaaa,Week5_User7,Week5_User7,6nKK89hSDp9a3d8MkfVQXT,spotify:playlist:6nKK89hSDp9a3d8MkfVQXT,https://open.spotify.com/playlist/6nKK89hSDp9a3d8MkfVQXT,,aaaaysimaaaa,Aysima Karçaaltıncaba,True,False,0,AAAAA5Fl8W7YwThwP5gJgLuRf7LL4gmw,,18,2026-08-17T07:02:09Z,aaaaysimaaaa,primary_artist_monthly_listeners,623190,"623,190",Spotify public artist page,false,,6kVxgKhYwVW0Ljz63aA3TW,spotify:track:6kVxgKhYwVW0Ljz63aA3TW,https://open.spotify.com/track/6kVxgKhYwVW0Ljz63aA3TW,Bright Eyes - Remastered 2007,track,7,1,314973,314.973,False,False,True,,https://api.spotify.com/v1/tracks/6kVxgKhYwVW0Ljz63aA3TW,https://api.spotify.com/v1/tracks/6kVxgKhYwVW0Ljz63aA3TW,,,DED831701017,,,26B8ymdqbI7cBSGclGRy9w,spotify:album:26B8ymdqbI7cBSGclGRy9w,https://open.spotify.com/album/26B8ymdqbI7cBSGclGRy9w,Imaginations from the Other Side (Remastered 2007),album,,12,1995-04-04,day,,C: 2017 Nuclear Blast; P: 2017 Nuclear Blast,,https://i.scdn.co/image/ab67616d0000b273db934a22709329b44786be3d,,7jxJ25p0pPjk0MStloN6o6,Blind Guardian,spotify:artist:7jxJ25p0pPjk0MStloN6o6,https://open.spotify.com/artist/7jxJ25p0pPjk0MStloN6o6,,,,623190,"623,190",false,Spotify public artist page,,https://i.scdn.co/image/ab6761610000e5eb26139a78b669ae67aacde9f3,,7jxJ25p0pPjk0MStloN6o6,Blind Guardian,https://open.spotify.com/artist/7jxJ25p0pPjk0MStloN6o6,"[{""artist_id"": ""7jxJ25p0pPjk0MStloN6o6"", ""artist_name"": ""Blind Guardian"", ""artist_url"": ""https://open.spotify.com/artist/7jxJ25p0pPjk0MStloN6o6"", ""monthly_listeners"": ""623190"", ""monthly_listeners_display"": ""623,190"", ""is_approx"": ""false"", ""fetch_error"": """"}]","[{""artist_id"": ""7jxJ25p0pPjk0MStloN6o6"", ""artist_name"": ""Blind Guardian"", ""artist_uri"": ""spotify:artist:7jxJ25p0pPjk0MStloN6o6"", ""artist_url"": ""https://open.spotify.com/artist/7jxJ25p0pPjk0MStloN6o6"", ""artist_type"": ""artist"", ""artist_genres"": """", ""artist_spotify_api_popularity"": """", ""artist_followers_total"": """", ""artist_image_url"": ""https://i.scdn.co/image/ab6761610000e5eb26139a78b669ae67aacde9f3"", ""artist_lookup_error"": """", ""artist_monthly_listeners"": ""623190"", ""artist_monthly_listeners_display"": ""623,190"", ""artist_monthly_listeners_is_approx"": ""false"", ""artist_monthly_listeners_source"": ""Spotify public artist page"", ""artist_monthly_listeners_fetch_error"": """"}]",0,,"{""spotify"": ""https://open.spotify.com/track/6kVxgKhYwVW0Ljz63aA3TW""}",{}
week5_17august,2026-08-17T07:40:10+00:00,Spotify,Aysima Karçaaltıncaba,aaaaysimaaaa,Week5_User7,Week5_User7,6nKK89hSDp9a3d8MkfVQXT,spotify:playlist:6nKK89hSDp9a3d8MkfVQXT,https://open.spotify.com/playlist/6nKK89hSDp9a3d8MkfVQXT,,aaaaysimaaaa,Aysima Karçaaltıncaba,True,False,0,AAAAA5Fl8W7YwThwP5gJgLuRf7LL4gmw,,19,2026-08-17T07:02:09Z,aaaaysimaaaa,primary_artist_monthly_listeners,400540,"400,540",Spotify public artist page,false,,4Du5T47AodxH9wp07vnis7,spotify:track:4Du5T47AodxH9wp07vnis7,https://open.spotify.com/track/4Du5T47AodxH9wp07vnis7,Power Of The Night,track,1,1,315573,315.573,False,False,True,,https://api.spotify.com/v1/tracks/4Du5T47AodxH9wp07vnis7,https://api.spotify.com/v1/tracks/4Du5T47AodxH9wp07vnis7,,,DEH840900479,,,359sP58SzwVgT6mxWCVVJL,spotify:album:359sP58SzwVgT6mxWCVVJL,https://open.spotify.com/album/359sP58SzwVgT6mxWCVVJL,Power of the Night (2011 Edition),album,,12,1985,year,,C: 2011 Savatage Inc. under exclusive license to Edel Germany GmbH. earMUSIC is a project of Edel.; P: 2011 Savatage Inc. under exclusive license to Edel Germany GmbH. earMUSIC is a project of Edel.,,https://i.scdn.co/image/ab67616d0000b273b67fbc42cee39aae8f2a1af8,,3N1B1g6JtIgd6ClRkzD4yT,Savatage,spotify:artist:3N1B1g6JtIgd6ClRkzD4yT,https://open.spotify.com/artist/3N1B1g6JtIgd6ClRkzD4yT,,,,400540,"400,540",false,Spotify public artist page,,https://i.scdn.co/image/ab6761610000e5eb28ce3420531dadeaea4d8aef,,3N1B1g6JtIgd6ClRkzD4yT,Savatage,https://open.spotify.com/artist/3N1B1g6JtIgd6ClRkzD4yT,"[{""artist_id"": ""3N1B1g6JtIgd6ClRkzD4yT"", ""artist_name"": ""Savatage"", ""artist_url"": ""https://open.spotify.com/artist/3N1B1g6JtIgd6ClRkzD4yT"", ""monthly_listeners"": ""400540"", ""monthly_listeners_display"": ""400,540"", ""is_approx"": ""false"", ""fetch_error"": """"}]","[{""artist_id"": ""3N1B1g6JtIgd6ClRkzD4yT"", ""artist_name"": ""Savatage"", ""artist_uri"": ""spotify:artist:3N1B1g6JtIgd6ClRkzD4yT"", ""artist_url"": ""https://open.spotify.com/artist/3N1B1g6JtIgd6ClRkzD4yT"", ""artist_type"": ""artist"", ""artist_genres"": """", ""artist_spotify_api_popularity"": """", ""artist_followers_total"": """", ""artist_image_url"": ""https://i.scdn.co/image/ab6761610000e5eb28ce3420531dadeaea4d8aef"", ""artist_lookup_error"": """", ""artist_monthly_listeners"": ""400540"", ""artist_monthly_listeners_display"": ""400,540"", ""artist_monthly_listeners_is_approx"": ""false"", ""artist_monthly_listeners_source"": ""Spotify public artist page"", ""artist_monthly_listeners_fetch_error"": """"}]",0,,"{""spotify"": ""https://open.spotify.com/track/4Du5T47AodxH9wp07vnis7""}",{}
week5_17august,2026-08-17T07:40:10+00:00,Spotify,Aysima Karçaaltıncaba,aaaaysimaaaa,Week5_User7,Week5_User7,6nKK89hSDp9a3d8MkfVQXT,spotify:playlist:6nKK89hSDp9a3d8MkfVQXT,https://open.spotify.com/playlist/6nKK89hSDp9a3d8MkfVQXT,,aaaaysimaaaa,Aysima Karçaaltıncaba,True,False,0,AAAAA5Fl8W7YwThwP5gJgLuRf7LL4gmw,,20,2026-08-17T07:02:09Z,aaaaysimaaaa,primary_artist_monthly_listeners,21267,"21,267",Spotify public artist page,false,,3mZZmANnoFr6noTgxc8Zll,spotify:track:3mZZmANnoFr6noTgxc8Zll,https://open.spotify.com/track/3mZZmANnoFr6noTgxc8Zll,Welcome to Paradise,track,1,1,276133,276.133,False,False,True,,https://api.spotify.com/v1/tracks/3mZZmANnoFr6noTgxc8Zll,https://api.spotify.com/v1/tracks/3mZZmANnoFr6noTgxc8Zll,,,DED831900283,,,5WgN3EoZSf12ZyYaFxzYSP,spotify:album:5WgN3EoZSf12ZyYaFxzYSP,https://open.spotify.com/album/5WgN3EoZSf12ZyYaFxzYSP,Welcome to Paradise,album,,13,2019-08-02,day,,C: 2019 Nuclear Blast; P: 2019 Nuclear Blast,,https://i.scdn.co/image/ab67616d0000b27321ebb75e78cb1e6f30794879,,0cxYOcvgOWW1MJEoWeuCvg,NorthTale,spotify:artist:0cxYOcvgOWW1MJEoWeuCvg,https://open.spotify.com/artist/0cxYOcvgOWW1MJEoWeuCvg,,,,21267,"21,267",false,Spotify public artist page,,https://i.scdn.co/image/ab6761610000e5eb6c949980fb3aab36f8347668,,0cxYOcvgOWW1MJEoWeuCvg,NorthTale,https://open.spotify.com/artist/0cxYOcvgOWW1MJEoWeuCvg,"[{""artist_id"": ""0cxYOcvgOWW1MJEoWeuCvg"", ""artist_name"": ""NorthTale"", ""artist_url"": ""https://open.spotify.com/artist/0cxYOcvgOWW1MJEoWeuCvg"", ""monthly_listeners"": ""21267"", ""monthly_listeners_display"": ""21,267"", ""is_approx"": ""false"", ""fetch_error"": """"}]","[{""artist_id"": ""0cxYOcvgOWW1MJEoWeuCvg"", ""artist_name"": ""NorthTale"", ""artist_uri"": ""spotify:artist:0cxYOcvgOWW1MJEoWeuCvg"", ""artist_url"": ""https://open.spotify.com/artist/0cxYOcvgOWW1MJEoWeuCvg"", ""artist_type"": ""artist"", ""artist_genres"": """", ""artist_spotify_api_popularity"": """", ""artist_followers_total"": """", ""artist_image_url"": ""https://i.scdn.co/image/ab6761610000e5eb6c949980fb3aab36f8347668"", ""artist_lookup_error"": """", ""artist_monthly_listeners"": ""21267"", ""artist_monthly_listeners_display"": ""21,267"", ""artist_monthly_listeners_is_approx"": ""false"", ""artist_monthly_listeners_source"": ""Spotify public artist page"", ""artist_monthly_listeners_fetch_error"": """"}]",0,,"{""spotify"": ""https://open.spotify.com/track/3mZZmANnoFr6noTgxc8Zll""}",{}
week5_17august,2026-08-17T07:40:10+00:00,Spotify,Aysima Karçaaltıncaba,aaaaysimaaaa,Week5_User7,Week5_User7,6nKK89hSDp9a3d8MkfVQXT,spotify:playlist:6nKK89hSDp9a3d8MkfVQXT,https://open.spotify.com/playlist/6nKK89hSDp9a3d8MkfVQXT,,aaaaysimaaaa,Aysima Karçaaltıncaba,True,False,0,AAAAA5Fl8W7YwThwP5gJgLuRf7LL4gmw,,21,2026-08-17T07:02:09Z,aaaaysimaaaa,primary_artist_monthly_listeners,73241,"73,241",Spotify public artist page,false,,1mgbrEMLKoluaruVHx0RXw,spotify:track:1mgbrEMLKoluaruVHx0RXw,https://open.spotify.com/track/1mgbrEMLKoluaruVHx0RXw,Maid of Orleans,track,3,1,304893,304.893,False,False,True,,https://api.spotify.com/v1/tracks/1mgbrEMLKoluaruVHx0RXw,https://api.spotify.com/v1/tracks/1mgbrEMLKoluaruVHx0RXw,,,QMDA61892437,,,6Xl2ObL7qQYilcxjbYShjO,spotify:album:6Xl2ObL7qQYilcxjbYShjO,https://open.spotify.com/album/6Xl2ObL7qQYilcxjbYShjO,The Hall of the Olden Dreams,album,,12,2000,year,,C: (C) 2000 Dark Moor; P: (P) 2000 Dark Moor,,https://i.scdn.co/image/ab67616d0000b273931051abb3a327bef5b04ceb,,0YWKRTzA4kBceGwjywtMkh,Dark Moor,spotify:artist:0YWKRTzA4kBceGwjywtMkh,https://open.spotify.com/artist/0YWKRTzA4kBceGwjywtMkh,,,,73241,"73,241",false,Spotify public artist page,,https://i.scdn.co/image/ab6761610000e5eb1c7310cc250682db4e9748aa,,0YWKRTzA4kBceGwjywtMkh,Dark Moor,https://open.spotify.com/artist/0YWKRTzA4kBceGwjywtMkh,"[{""artist_id"": ""0YWKRTzA4kBceGwjywtMkh"", ""artist_name"": ""Dark Moor"", ""artist_url"": ""https://open.spotify.com/artist/0YWKRTzA4kBceGwjywtMkh"", ""monthly_listeners"": ""73241"", ""monthly_listeners_display"": ""73,241"", ""is_approx"": ""false"", ""fetch_error"": """"}]","[{""artist_id"": ""0YWKRTzA4kBceGwjywtMkh"", ""artist_name"": ""Dark Moor"", ""artist_uri"": ""spotify:artist:0YWKRTzA4kBceGwjywtMkh"", ""artist_url"": ""https://open.spotify.com/artist/0YWKRTzA4kBceGwjywtMkh"", ""artist_type"": ""artist"", ""artist_genres"": """", ""artist_spotify_api_popularity"": """", ""artist_followers_total"": """", ""artist_image_url"": ""https://i.scdn.co/image/ab6761610000e5eb1c7310cc250682db4e9748aa"", ""artist_lookup_error"": """", ""artist_monthly_listeners"": ""73241"", ""artist_monthly_listeners_display"": ""73,241"", ""artist_monthly_listeners_is_approx"": ""false"", ""artist_monthly_listeners_source"": ""Spotify public artist page"", ""artist_monthly_listeners_fetch_error"": """"}]",0,,"{""spotify"": ""https://open.spotify.com/track/1mgbrEMLKoluaruVHx0RXw""}",{}
week5_17august,2026-08-17T07:40:10+00:00,Spotify,Aysima Karçaaltıncaba,aaaaysimaaaa,Week5_User7,Week5_User7,6nKK89hSDp9a3d8MkfVQXT,spotify:playlist:6nKK89hSDp9a3d8MkfVQXT,https://open.spotify.com/playlist/6nKK89hSDp9a3d8MkfVQXT,,aaaaysimaaaa,Aysima Karçaaltıncaba,True,False,0,AAAAA5Fl8W7YwThwP5gJgLuRf7LL4gmw,,22,2026-08-17T07:02:09Z,aaaaysimaaaa,primary_artist_monthly_listeners,222937,"222,937",Spotify public artist page,false,,6hlUmAQ9aaeGs9e987h6RK,spotify:track:6hlUmAQ9aaeGs9e987h6RK,https://open.spotify.com/track/6hlUmAQ9aaeGs9e987h6RK,Dystopia,track,1,1,349013,349.013,False,False,True,,https://api.spotify.com/v1/tracks/6hlUmAQ9aaeGs9e987h6RK,https://api.spotify.com/v1/tracks/6hlUmAQ9aaeGs9e987h6RK,,,US4E41172701,,,6la9AnaFIgSo4faEDcnHQx,spotify:album:6la9AnaFIgSo4faEDcnHQx,https://open.spotify.com/album/6la9AnaFIgSo4faEDcnHQx,Dystopia,album,,10,2011,year,,P: (P) 2012 Century Media Records,,https://i.scdn.co/image/ab67616d0000b273db1ad34c659167323b074d7c,,3KEixcRfBS5K3E91Vn1Kdy,Iced Earth,spotify:artist:3KEixcRfBS5K3E91Vn1Kdy,https://open.spotify.com/artist/3KEixcRfBS5K3E91Vn1Kdy,,,,222937,"222,937",false,Spotify public artist page,,https://i.scdn.co/image/a1fa09dcb7f14ee7bad400ad8c0772f1a2ec4468,,3KEixcRfBS5K3E91Vn1Kdy,Iced Earth,https://open.spotify.com/artist/3KEixcRfBS5K3E91Vn1Kdy,"[{""artist_id"": ""3KEixcRfBS5K3E91Vn1Kdy"", ""artist_name"": ""Iced Earth"", ""artist_url"": ""https://open.spotify.com/artist/3KEixcRfBS5K3E91Vn1Kdy"", ""monthly_listeners"": ""222937"", ""monthly_listeners_display"": ""222,937"", ""is_approx"": ""false"", ""fetch_error"": """"}]","[{""artist_id"": ""3KEixcRfBS5K3E91Vn1Kdy"", ""artist_name"": ""Iced Earth"", ""artist_uri"": ""spotify:artist:3KEixcRfBS5K3E91Vn1Kdy"", ""artist_url"": ""https://open.spotify.com/artist/3KEixcRfBS5K3E91Vn1Kdy"", ""artist_type"": ""artist"", ""artist_genres"": """", ""artist_spotify_api_popularity"": """", ""artist_followers_total"": """", ""artist_image_url"": ""https://i.scdn.co/image/a1fa09dcb7f14ee7bad400ad8c0772f1a2ec4468"", ""artist_lookup_error"": """", ""artist_monthly_listeners"": ""222937"", ""artist_monthly_listeners_display"": ""222,937"", ""artist_monthly_listeners_is_approx"": ""false"", ""artist_monthly_listeners_source"": ""Spotify public artist page"", ""artist_monthly_listeners_fetch_error"": """"}]",0,,"{""spotify"": ""https://open.spotify.com/track/6hlUmAQ9aaeGs9e987h6RK""}",{}
week5_17august,2026-08-17T07:40:10+00:00,Spotify,Aysima Karçaaltıncaba,aaaaysimaaaa,Week5_User7,Week5_User7,6nKK89hSDp9a3d8MkfVQXT,spotify:playlist:6nKK89hSDp9a3d8MkfVQXT,https://open.spotify.com/playlist/6nKK89hSDp9a3d8MkfVQXT,,aaaaysimaaaa,Aysima Karçaaltıncaba,True,False,0,AAAAA5Fl8W7YwThwP5gJgLuRf7LL4gmw,,23,2026-08-17T07:02:09Z,aaaaysimaaaa,primary_artist_monthly_listeners,43557,"43,557",Spotify public artist page,false,,2bukZeBP6YTLavnCsnOi1m,spotify:track:2bukZeBP6YTLavnCsnOi1m,https://open.spotify.com/track/2bukZeBP6YTLavnCsnOi1m,Salieri Strikes Back,track,9,1,317026,317.026,False,False,True,,https://api.spotify.com/v1/tracks/2bukZeBP6YTLavnCsnOi1m,https://api.spotify.com/v1/tracks/2bukZeBP6YTLavnCsnOi1m,,,FIUM70700194,,,2XYNz3UZasf7RvNctTVWBU,spotify:album:2XYNz3UZasf7RvNctTVWBU,https://open.spotify.com/album/2XYNz3UZasf7RvNctTVWBU,Beyond Abilities,album,,11,2002-01-01,day,,C: 2002 Spin-Farm Oy; P: 2002 Spin-Farm Oy,,https://i.scdn.co/image/ab67616d0000b273c72301b7fbbf7497d4386fa2,,28pvPjZ2n9xUBEHnMgupmh,Warmen,spotify:artist:28pvPjZ2n9xUBEHnMgupmh,https://open.spotify.com/artist/28pvPjZ2n9xUBEHnMgupmh,,,,43557,"43,557",false,Spotify public artist page,,https://i.scdn.co/image/ab6761610000e5ebdfaa670eb6224293dba76edf,,28pvPjZ2n9xUBEHnMgupmh,Warmen,https://open.spotify.com/artist/28pvPjZ2n9xUBEHnMgupmh,"[{""artist_id"": ""28pvPjZ2n9xUBEHnMgupmh"", ""artist_name"": ""Warmen"", ""artist_url"": ""https://open.spotify.com/artist/28pvPjZ2n9xUBEHnMgupmh"", ""monthly_listeners"": ""43557"", ""monthly_listeners_display"": ""43,557"", ""is_approx"": ""false"", ""fetch_error"": """"}]","[{""artist_id"": ""28pvPjZ2n9xUBEHnMgupmh"", ""artist_name"": ""Warmen"", ""artist_uri"": ""spotify:artist:28pvPjZ2n9xUBEHnMgupmh"", ""artist_url"": ""https://open.spotify.com/artist/28pvPjZ2n9xUBEHnMgupmh"", ""artist_type"": ""artist"", ""artist_genres"": """", ""artist_spotify_api_popularity"": """", ""artist_followers_total"": """", ""artist_image_url"": ""https://i.scdn.co/image/ab6761610000e5ebdfaa670eb6224293dba76edf"", ""artist_lookup_error"": """", ""artist_monthly_listeners"": ""43557"", ""artist_monthly_listeners_display"": ""43,557"", ""artist_monthly_listeners_is_approx"": ""false"", ""artist_monthly_listeners_source"": ""Spotify public artist page"", ""artist_monthly_listeners_fetch_error"": """"}]",0,,"{""spotify"": ""https://open.spotify.com/track/2bukZeBP6YTLavnCsnOi1m""}",{}
week5_17august,2026-08-17T07:40:10+00:00,Spotify,Aysima Karçaaltıncaba,aaaaysimaaaa,Week5_User7,Week5_User7,6nKK89hSDp9a3d8MkfVQXT,spotify:playlist:6nKK89hSDp9a3d8MkfVQXT,https://open.spotify.com/playlist/6nKK89hSDp9a3d8MkfVQXT,,aaaaysimaaaa,Aysima Karçaaltıncaba,True,False,0,AAAAA5Fl8W7YwThwP5gJgLuRf7LL4gmw,,24,2026-08-17T07:02:09Z,aaaaysimaaaa,primary_artist_monthly_listeners,473901,"473,901",Spotify public artist page,false,,2PZu3GJ0UnQ8GsOChCao4J,spotify:track:2PZu3GJ0UnQ8GsOChCao4J,https://open.spotify.com/track/2PZu3GJ0UnQ8GsOChCao4J,Walking on Water,track,2,1,343120,343.120,False,False,True,,https://api.spotify.com/v1/tracks/2PZu3GJ0UnQ8GsOChCao4J,https://api.spotify.com/v1/tracks/2PZu3GJ0UnQ8GsOChCao4J,,,ITG271500015,,,6ofLhFMYc9dV9TAbXtNFMa,spotify:album:6ofLhFMYc9dV9TAbXtNFMa,https://open.spotify.com/album/6ofLhFMYc9dV9TAbXtNFMa,Dracula - Swing of Death,album,,10,2015-01-23,day,,C: © 2015 Legend Man Music; P: ℗ 2015 Legend Man Music,,https://i.scdn.co/image/ab67616d0000b2730c1b24eb3e969cd0ea15c097,,5SaDyTQkjAAdrsmhPzrmw2,Jorn,spotify:artist:5SaDyTQkjAAdrsmhPzrmw2,https://open.spotify.com/artist/5SaDyTQkjAAdrsmhPzrmw2,,,,473901,"473,901",false,Spotify public artist page,,https://i.scdn.co/image/ab6761610000e5ebf1310d077ecfed399b5c7ca9,,5SaDyTQkjAAdrsmhPzrmw2; 48sIqEQtYIpYsTKKgnbccA,Jorn; Trond Holter,https://open.spotify.com/artist/5SaDyTQkjAAdrsmhPzrmw2; https://open.spotify.com/artist/48sIqEQtYIpYsTKKgnbccA,"[{""artist_id"": ""5SaDyTQkjAAdrsmhPzrmw2"", ""artist_name"": ""Jorn"", ""artist_url"": ""https://open.spotify.com/artist/5SaDyTQkjAAdrsmhPzrmw2"", ""monthly_listeners"": ""473901"", ""monthly_listeners_display"": ""473,901"", ""is_approx"": ""false"", ""fetch_error"": """"}, {""artist_id"": ""48sIqEQtYIpYsTKKgnbccA"", ""artist_name"": ""Trond Holter"", ""artist_url"": ""https://open.spotify.com/artist/48sIqEQtYIpYsTKKgnbccA"", ""monthly_listeners"": ""15430"", ""monthly_listeners_display"": ""15,430"", ""is_approx"": ""false"", ""fetch_error"": """"}]","[{""artist_id"": ""5SaDyTQkjAAdrsmhPzrmw2"", ""artist_name"": ""Jorn"", ""artist_uri"": ""spotify:artist:5SaDyTQkjAAdrsmhPzrmw2"", ""artist_url"": ""https://open.spotify.com/artist/5SaDyTQkjAAdrsmhPzrmw2"", ""artist_type"": ""artist"", ""artist_genres"": """", ""artist_spotify_api_popularity"": """", ""artist_followers_total"": """", ""artist_image_url"": ""https://i.scdn.co/image/ab6761610000e5ebf1310d077ecfed399b5c7ca9"", ""artist_lookup_error"": """", ""artist_monthly_listeners"": ""473901"", ""artist_monthly_listeners_display"": ""473,901"", ""artist_monthly_listeners_is_approx"": ""false"", ""artist_monthly_listeners_source"": ""Spotify public artist page"", ""artist_monthly_listeners_fetch_error"": """"}, {""artist_id"": ""48sIqEQtYIpYsTKKgnbccA"", ""artist_name"": ""Trond Holter"", ""artist_uri"": ""spotify:artist:48sIqEQtYIpYsTKKgnbccA"", ""artist_url"": ""https://open.spotify.com/artist/48sIqEQtYIpYsTKKgnbccA"", ""artist_type"": ""artist"", ""artist_genres"": """", ""artist_spotify_api_popularity"": """", ""artist_followers_total"": """", ""artist_image_url"": ""https://i.scdn.co/image/ab67616d0000b2730c1b24eb3e969cd0ea15c097"", ""artist_lookup_error"": """", ""artist_monthly_listeners"": ""15430"", ""artist_monthly_listeners_display"": ""15,430"", ""artist_monthly_listeners_is_approx"": ""false"", ""artist_monthly_listeners_source"": ""Spotify public artist page"", ""artist_monthly_listeners_fetch_error"": """"}]",0,,"{""spotify"": ""https://open.spotify.com/track/2PZu3GJ0UnQ8GsOChCao4J""}",{}
week5_17august,2026-08-17T07:40:10+00:00,Spotify,Aysima Karçaaltıncaba,aaaaysimaaaa,Week5_User7,Week5_User7,6nKK89hSDp9a3d8MkfVQXT,spotify:playlist:6nKK89hSDp9a3d8MkfVQXT,https://open.spotify.com/playlist/6nKK89hSDp9a3d8MkfVQXT,,aaaaysimaaaa,Aysima Karçaaltıncaba,True,False,0,AAAAA5Fl8W7YwThwP5gJgLuRf7LL4gmw,,25,2026-08-17T07:02:09Z,aaaaysimaaaa,primary_artist_monthly_listeners,25681,"25,681",Spotify public artist page,false,,1UJBZ2eOZGYI9jHpPMxiTR,spotify:track:1UJBZ2eOZGYI9jHpPMxiTR,https://open.spotify.com/track/1UJBZ2eOZGYI9jHpPMxiTR,I Spit on Your Grave,track,1,1,243600,243.600,False,False,True,,https://api.spotify.com/v1/tracks/1UJBZ2eOZGYI9jHpPMxiTR,https://api.spotify.com/v1/tracks/1UJBZ2eOZGYI9jHpPMxiTR,,,DED830161301,,,0RExpkLhSxTjnexywriEzs,spotify:album:0RExpkLhSxTjnexywriEzs,https://open.spotify.com/album/0RExpkLhSxTjnexywriEzs,Suicide by My Side,album,,10,2002-01-14,day,,C: 2002 Nuclear Blast; P: 2002 Nuclear Blast,,https://i.scdn.co/image/ab67616d0000b273f2e3019451296ce21965328b,,4rh9OYS6oUILiTsDgzIboL,Sinergy,spotify:artist:4rh9OYS6oUILiTsDgzIboL,https://open.spotify.com/artist/4rh9OYS6oUILiTsDgzIboL,,,,25681,"25,681",false,Spotify public artist page,,https://i.scdn.co/image/ab67616d0000b273f2e3019451296ce21965328b,,4rh9OYS6oUILiTsDgzIboL,Sinergy,https://open.spotify.com/artist/4rh9OYS6oUILiTsDgzIboL,"[{""artist_id"": ""4rh9OYS6oUILiTsDgzIboL"", ""artist_name"": ""Sinergy"", ""artist_url"": ""https://open.spotify.com/artist/4rh9OYS6oUILiTsDgzIboL"", ""monthly_listeners"": ""25681"", ""monthly_listeners_display"": ""25,681"", ""is_approx"": ""false"", ""fetch_error"": """"}]","[{""artist_id"": ""4rh9OYS6oUILiTsDgzIboL"", ""artist_name"": ""Sinergy"", ""artist_uri"": ""spotify:artist:4rh9OYS6oUILiTsDgzIboL"", ""artist_url"": ""https://open.spotify.com/artist/4rh9OYS6oUILiTsDgzIboL"", ""artist_type"": ""artist"", ""artist_genres"": """", ""artist_spotify_api_popularity"": """", ""artist_followers_total"": """", ""artist_image_url"": ""https://i.scdn.co/image/ab67616d0000b273f2e3019451296ce21965328b"", ""artist_lookup_error"": """", ""artist_monthly_listeners"": ""25681"", ""artist_monthly_listeners_display"": ""25,681"", ""artist_monthly_listeners_is_approx"": ""false"", ""artist_monthly_listeners_source"": ""Spotify public artist page"", ""artist_monthly_listeners_fetch_error"": """"}]",0,,"{""spotify"": ""https://open.spotify.com/track/1UJBZ2eOZGYI9jHpPMxiTR""}",{}
week5_17august,2026-08-17T07:40:10+00:00,Spotify,Aysima Karçaaltıncaba,aaaaysimaaaa,Week5_User7,Week5_User7,6nKK89hSDp9a3d8MkfVQXT,spotify:playlist:6nKK89hSDp9a3d8MkfVQXT,https://open.spotify.com/playlist/6nKK89hSDp9a3d8MkfVQXT,,aaaaysimaaaa,Aysima Karçaaltıncaba,True,False,0,AAAAA5Fl8W7YwThwP5gJgLuRf7LL4gmw,,26,2026-08-17T07:02:09Z,aaaaysimaaaa,primary_artist_monthly_listeners,476060,"476,060",Spotify public artist page,false,,5u6vCWUMT8MWQKrDlBu8gQ,spotify:track:5u6vCWUMT8MWQKrDlBu8gQ,https://open.spotify.com/track/5u6vCWUMT8MWQKrDlBu8gQ,Battering Ram,track,1,1,296034,296.034,False,False,True,,https://api.spotify.com/v1/tracks/5u6vCWUMT8MWQKrDlBu8gQ,https://api.spotify.com/v1/tracks/5u6vCWUMT8MWQKrDlBu8gQ,,,DENV61002610,,,2EWu9EFdT9eIVH3XuybROQ,spotify:album:2EWu9EFdT9eIVH3XuybROQ,https://open.spotify.com/album/2EWu9EFdT9eIVH3XuybROQ,Battering Ram,album,,11,2015-10-16,day,,C: © 2015 UDR GmbH; P: ℗ 2015 UDR GmbH,,https://i.scdn.co/image/ab67616d0000b273880e8c263808fbbde266c987,,71vVmHeNgCVSa5SVmfvscU,Saxon,spotify:artist:71vVmHeNgCVSa5SVmfvscU,https://open.spotify.com/artist/71vVmHeNgCVSa5SVmfvscU,,,,476060,"476,060",false,Spotify public artist page,,https://i.scdn.co/image/ab6761610000e5eb3cf9569774c02e8e99f46eda,,71vVmHeNgCVSa5SVmfvscU,Saxon,https://open.spotify.com/artist/71vVmHeNgCVSa5SVmfvscU,"[{""artist_id"": ""71vVmHeNgCVSa5SVmfvscU"", ""artist_name"": ""Saxon"", ""artist_url"": ""https://open.spotify.com/artist/71vVmHeNgCVSa5SVmfvscU"", ""monthly_listeners"": ""476060"", ""monthly_listeners_display"": ""476,060"", ""is_approx"": ""false"", ""fetch_error"": """"}]","[{""artist_id"": ""71vVmHeNgCVSa5SVmfvscU"", ""artist_name"": ""Saxon"", ""artist_uri"": ""spotify:artist:71vVmHeNgCVSa5SVmfvscU"", ""artist_url"": ""https://open.spotify.com/artist/71vVmHeNgCVSa5SVmfvscU"", ""artist_type"": ""artist"", ""artist_genres"": """", ""artist_spotify_api_popularity"": """", ""artist_followers_total"": """", ""artist_image_url"": ""https://i.scdn.co/image/ab6761610000e5eb3cf9569774c02e8e99f46eda"", ""artist_lookup_error"": """", ""artist_monthly_listeners"": ""476060"", ""artist_monthly_listeners_display"": ""476,060"", ""artist_monthly_listeners_is_approx"": ""false"", ""artist_monthly_listeners_source"": ""Spotify public artist page"", ""artist_monthly_listeners_fetch_error"": """"}]",0,,"{""spotify"": ""https://open.spotify.com/track/5u6vCWUMT8MWQKrDlBu8gQ""}",{}
week5_17august,2026-08-17T07:40:10+00:00,Spotify,Aysima Karçaaltıncaba,aaaaysimaaaa,Week5_User7,Week5_User7,6nKK89hSDp9a3d8MkfVQXT,spotify:playlist:6nKK89hSDp9a3d8MkfVQXT,https://open.spotify.com/playlist/6nKK89hSDp9a3d8MkfVQXT,,aaaaysimaaaa,Aysima Karçaaltıncaba,True,False,0,AAAAA5Fl8W7YwThwP5gJgLuRf7LL4gmw,,27,2026-08-17T07:02:09Z,aaaaysimaaaa,primary_artist_monthly_listeners,14053,"14,053",Spotify public artist page,false,,4t9ax3CjKoJUCn4mO6QS9d,spotify:track:4t9ax3CjKoJUCn4mO6QS9d,https://open.spotify.com/track/4t9ax3CjKoJUCn4mO6QS9d,Full Throttle,track,2,1,230964,230.964,False,False,True,,https://api.spotify.com/v1/tracks/4t9ax3CjKoJUCn4mO6QS9d,https://api.spotify.com/v1/tracks/4t9ax3CjKoJUCn4mO6QS9d,,,DEU601606525,,,6NTy6aMObIjW1FRLc36jZU,spotify:album:6NTy6aMObIjW1FRLc36jZU,https://open.spotify.com/album/6NTy6aMObIjW1FRLc36jZU,Burn up the Night,album,,8,2016-09-23,day,,C: 2016 AFM Records; P: 2016 AFM Records,,https://i.scdn.co/image/ab67616d0000b273e172371c64895da14e51ec64,,0SmK0Nh1fuDYGSGWDI3eVh,Kryptos,spotify:artist:0SmK0Nh1fuDYGSGWDI3eVh,https://open.spotify.com/artist/0SmK0Nh1fuDYGSGWDI3eVh,,,,14053,"14,053",false,Spotify public artist page,,https://i.scdn.co/image/ab6761610000e5ebca00a79ff51150dac65c4aa1,,0SmK0Nh1fuDYGSGWDI3eVh,Kryptos,https://open.spotify.com/artist/0SmK0Nh1fuDYGSGWDI3eVh,"[{""artist_id"": ""0SmK0Nh1fuDYGSGWDI3eVh"", ""artist_name"": ""Kryptos"", ""artist_url"": ""https://open.spotify.com/artist/0SmK0Nh1fuDYGSGWDI3eVh"", ""monthly_listeners"": ""14053"", ""monthly_listeners_display"": ""14,053"", ""is_approx"": ""false"", ""fetch_error"": """"}]","[{""artist_id"": ""0SmK0Nh1fuDYGSGWDI3eVh"", ""artist_name"": ""Kryptos"", ""artist_uri"": ""spotify:artist:0SmK0Nh1fuDYGSGWDI3eVh"", ""artist_url"": ""https://open.spotify.com/artist/0SmK0Nh1fuDYGSGWDI3eVh"", ""artist_type"": ""artist"", ""artist_genres"": """", ""artist_spotify_api_popularity"": """", ""artist_followers_total"": """", ""artist_image_url"": ""https://i.scdn.co/image/ab6761610000e5ebca00a79ff51150dac65c4aa1"", ""artist_lookup_error"": """", ""artist_monthly_listeners"": ""14053"", ""artist_monthly_listeners_display"": ""14,053"", ""artist_monthly_listeners_is_approx"": ""false"", ""artist_monthly_listeners_source"": ""Spotify public artist page"", ""artist_monthly_listeners_fetch_error"": """"}]",0,,"{""spotify"": ""https://open.spotify.com/track/4t9ax3CjKoJUCn4mO6QS9d""}",{}
week5_17august,2026-08-17T07:40:10+00:00,Spotify,Aysima Karçaaltıncaba,aaaaysimaaaa,Week5_User7,Week5_User7,6nKK89hSDp9a3d8MkfVQXT,spotify:playlist:6nKK89hSDp9a3d8MkfVQXT,https://open.spotify.com/playlist/6nKK89hSDp9a3d8MkfVQXT,,aaaaysimaaaa,Aysima Karçaaltıncaba,True,False,0,AAAAA5Fl8W7YwThwP5gJgLuRf7LL4gmw,,28,2026-08-17T07:02:09Z,aaaaysimaaaa,primary_artist_monthly_listeners,45886,"45,886",Spotify public artist page,false,,6NeucmhWPI0FU895rAieqg,spotify:track:6NeucmhWPI0FU895rAieqg,https://open.spotify.com/track/6NeucmhWPI0FU895rAieqg,Oceans Of Regret,track,3,1,380773,380.773,False,False,True,,https://api.spotify.com/v1/tracks/6NeucmhWPI0FU895rAieqg,https://api.spotify.com/v1/tracks/6NeucmhWPI0FU895rAieqg,,,ITG270900349,,,6vFeGgNXrx6ycj0NJxZBa4,spotify:album:6vFeGgNXrx6ycj0NJxZBa4,https://open.spotify.com/album/6vFeGgNXrx6ycj0NJxZBa4,Gather The Faithful,album,,10,2009-08-28,day,,C: 2009 Frontiers Records,,https://i.scdn.co/image/ab67616d0000b2734616ddf17bda651d60f2ccf4,,09EwLsoJmivFrBl0yisGDE,Cain's Offering,spotify:artist:09EwLsoJmivFrBl0yisGDE,https://open.spotify.com/artist/09EwLsoJmivFrBl0yisGDE,,,,45886,"45,886",false,Spotify public artist page,,https://i.scdn.co/image/ab67616d0000b273efe55e4449fe3cc1b1c9fd03,,09EwLsoJmivFrBl0yisGDE,Cain's Offering,https://open.spotify.com/artist/09EwLsoJmivFrBl0yisGDE,"[{""artist_id"": ""09EwLsoJmivFrBl0yisGDE"", ""artist_name"": ""Cain's Offering"", ""artist_url"": ""https://open.spotify.com/artist/09EwLsoJmivFrBl0yisGDE"", ""monthly_listeners"": ""45886"", ""monthly_listeners_display"": ""45,886"", ""is_approx"": ""false"", ""fetch_error"": """"}]","[{""artist_id"": ""09EwLsoJmivFrBl0yisGDE"", ""artist_name"": ""Cain's Offering"", ""artist_uri"": ""spotify:artist:09EwLsoJmivFrBl0yisGDE"", ""artist_url"": ""https://open.spotify.com/artist/09EwLsoJmivFrBl0yisGDE"", ""artist_type"": ""artist"", ""artist_genres"": """", ""artist_spotify_api_popularity"": """", ""artist_followers_total"": """", ""artist_image_url"": ""https://i.scdn.co/image/ab67616d0000b273efe55e4449fe3cc1b1c9fd03"", ""artist_lookup_error"": """", ""artist_monthly_listeners"": ""45886"", ""artist_monthly_listeners_display"": ""45,886"", ""artist_monthly_listeners_is_approx"": ""false"", ""artist_monthly_listeners_source"": ""Spotify public artist page"", ""artist_monthly_listeners_fetch_error"": """"}]",0,,"{""spotify"": ""https://open.spotify.com/track/6NeucmhWPI0FU895rAieqg""}",{}
week5_17august,2026-08-17T07:40:10+00:00,Spotify,Aysima Karçaaltıncaba,aaaaysimaaaa,Week5_User7,Week5_User7,6nKK89hSDp9a3d8MkfVQXT,spotify:playlist:6nKK89hSDp9a3d8MkfVQXT,https://open.spotify.com/playlist/6nKK89hSDp9a3d8MkfVQXT,,aaaaysimaaaa,Aysima Karçaaltıncaba,True,False,0,AAAAA5Fl8W7YwThwP5gJgLuRf7LL4gmw,,29,2026-08-17T07:02:09Z,aaaaysimaaaa,primary_artist_monthly_listeners,279807,"279,807",Spotify public artist page,false,,2YkbC7444FgOHOIfH33UC8,spotify:track:2YkbC7444FgOHOIfH33UC8,https://open.spotify.com/track/2YkbC7444FgOHOIfH33UC8,For the King,track,9,1,229146,229.146,False,False,True,,https://api.spotify.com/v1/tracks/2YkbC7444FgOHOIfH33UC8,https://api.spotify.com/v1/tracks/2YkbC7444FgOHOIfH33UC8,,,DEU601103552,,,7bw6R2kPVyTRru6808YbIX,spotify:album:7bw6R2kPVyTRru6808YbIX,https://open.spotify.com/album/7bw6R2kPVyTRru6808YbIX,Nosferatu,album,,13,2006-01-31,day,,C: 2006 AFM Records; P: 2006 AFM Records,,https://i.scdn.co/image/ab67616d0000b2738f76138292757fcf7102ae9f,,6nf7iwR6AoROxfUKZWd1r6,Bloodbound,spotify:artist:6nf7iwR6AoROxfUKZWd1r6,https://open.spotify.com/artist/6nf7iwR6AoROxfUKZWd1r6,,,,279807,"279,807",false,Spotify public artist page,,https://i.scdn.co/image/ab6761610000e5ebe01c687c2c587f7c43dd0729,,6nf7iwR6AoROxfUKZWd1r6,Bloodbound,https://open.spotify.com/artist/6nf7iwR6AoROxfUKZWd1r6,"[{""artist_id"": ""6nf7iwR6AoROxfUKZWd1r6"", ""artist_name"": ""Bloodbound"", ""artist_url"": ""https://open.spotify.com/artist/6nf7iwR6AoROxfUKZWd1r6"", ""monthly_listeners"": ""279807"", ""monthly_listeners_display"": ""279,807"", ""is_approx"": ""false"", ""fetch_error"": """"}]","[{""artist_id"": ""6nf7iwR6AoROxfUKZWd1r6"", ""artist_name"": ""Bloodbound"", ""artist_uri"": ""spotify:artist:6nf7iwR6AoROxfUKZWd1r6"", ""artist_url"": ""https://open.spotify.com/artist/6nf7iwR6AoROxfUKZWd1r6"", ""artist_type"": ""artist"", ""artist_genres"": """", ""artist_spotify_api_popularity"": """", ""artist_followers_total"": """", ""artist_image_url"": ""https://i.scdn.co/image/ab6761610000e5ebe01c687c2c587f7c43dd0729"", ""artist_lookup_error"": """", ""artist_monthly_listeners"": ""279807"", ""artist_monthly_listeners_display"": ""279,807"", ""artist_monthly_listeners_is_approx"": ""false"", ""artist_monthly_listeners_source"": ""Spotify public artist page"", ""artist_monthly_listeners_fetch_error"": """"}]",0,,"{""spotify"": ""https://open.spotify.com/track/2YkbC7444FgOHOIfH33UC8""}",{}
week5_17august,2026-08-17T07:40:10+00:00,Spotify,Aysima Karçaaltıncaba,aaaaysimaaaa,Week5_User7,Week5_User7,6nKK89hSDp9a3d8MkfVQXT,spotify:playlist:6nKK89hSDp9a3d8MkfVQXT,https://open.spotify.com/playlist/6nKK89hSDp9a3d8MkfVQXT,,aaaaysimaaaa,Aysima Karçaaltıncaba,True,False,0,AAAAA5Fl8W7YwThwP5gJgLuRf7LL4gmw,,30,2026-08-17T07:02:09Z,aaaaysimaaaa,primary_artist_monthly_listeners,17874,"17,874",Spotify public artist page,false,,2KELBGkAp1uI99CxxtBYDn,spotify:track:2KELBGkAp1uI99CxxtBYDn,https://open.spotify.com/track/2KELBGkAp1uI99CxxtBYDn,Pyre Of Gods,track,2,1,273440,273.440,False,False,True,,https://api.spotify.com/v1/tracks/2KELBGkAp1uI99CxxtBYDn,https://api.spotify.com/v1/tracks/2KELBGkAp1uI99CxxtBYDn,,,FISFS0300064,,,55YRNMafjgwp2meWFbX5q9,spotify:album:55YRNMafjgwp2meWFbX5q9,https://open.spotify.com/album/55YRNMafjgwp2meWFbX5q9,Suffer Our Pleasures,album,,10,2003-07-28,day,,C: 2003 Spin-Farm Oy; P: 2003 Spin-Farm Oy,,https://i.scdn.co/image/ab67616d0000b273c1955dd96e90dfb3a82a527b,,60WI98KvQgbplg7Soa95e4,Tarot,spotify:artist:60WI98KvQgbplg7Soa95e4,https://open.spotify.com/artist/60WI98KvQgbplg7Soa95e4,,,,17874,"17,874",false,Spotify public artist page,,https://i.scdn.co/image/ab67616d0000b273c1955dd96e90dfb3a82a527b,,60WI98KvQgbplg7Soa95e4,Tarot,https://open.spotify.com/artist/60WI98KvQgbplg7Soa95e4,"[{""artist_id"": ""60WI98KvQgbplg7Soa95e4"", ""artist_name"": ""Tarot"", ""artist_url"": ""https://open.spotify.com/artist/60WI98KvQgbplg7Soa95e4"", ""monthly_listeners"": ""17874"", ""monthly_listeners_display"": ""17,874"", ""is_approx"": ""false"", ""fetch_error"": """"}]","[{""artist_id"": ""60WI98KvQgbplg7Soa95e4"", ""artist_name"": ""Tarot"", ""artist_uri"": ""spotify:artist:60WI98KvQgbplg7Soa95e4"", ""artist_url"": ""https://open.spotify.com/artist/60WI98KvQgbplg7Soa95e4"", ""artist_type"": ""artist"", ""artist_genres"": """", ""artist_spotify_api_popularity"": """", ""artist_followers_total"": """", ""artist_image_url"": ""https://i.scdn.co/image/ab67616d0000b273c1955dd96e90dfb3a82a527b"", ""artist_lookup_error"": """", ""artist_monthly_listeners"": ""17874"", ""artist_monthly_listeners_display"": ""17,874"", ""artist_monthly_listeners_is_approx"": ""false"", ""artist_monthly_listeners_source"": ""Spotify public artist page"", ""artist_monthly_listeners_fetch_error"": """"}]",0,,"{""spotify"": ""https://open.spotify.com/track/2KELBGkAp1uI99CxxtBYDn""}",{}
week5_17august,2026-08-17T07:40:10+00:00,Spotify,Aysima Karçaaltıncaba,aaaaysimaaaa,Week5_User8,Week5_User8,7qtHlqqroKu3ZIv61TuSIf,spotify:playlist:7qtHlqqroKu3ZIv61TuSIf,https://open.spotify.com/playlist/7qtHlqqroKu3ZIv61TuSIf,,aaaaysimaaaa,Aysima Karçaaltıncaba,True,False,0,AAAAA0vqsKys1zKnCbuT6ZOrdl+uW8Wh,,1,2026-08-17T07:27:38Z,aaaaysimaaaa,primary_artist_monthly_listeners,1249585,"1,249,585",Spotify public artist page,false,,4rW7HpxbunvRKn4rql3Kni,spotify:track:4rW7HpxbunvRKn4rql3Kni,https://open.spotify.com/track/4rW7HpxbunvRKn4rql3Kni,Zodd The Immortal,track,5,1,214833,214.833,False,False,True,,https://api.spotify.com/v1/tracks/4rW7HpxbunvRKn4rql3Kni,https://api.spotify.com/v1/tracks/4rW7HpxbunvRKn4rql3Kni,,,DED831701296,,,499iZ0iesrciB5jO9jSOWx,spotify:album:499iZ0iesrciB5jO9jSOWx,https://open.spotify.com/album/499iZ0iesrciB5jO9jSOWx,Berserker,album,,12,2017-11-03,day,,C: 2017 Nuclear Blast; P: 2017 Nuclear Blast,,https://i.scdn.co/image/ab67616d0000b273eae389f411e0a8d740d03561,,0rEuaTPLMhlViNCJrg3NEH,Beast In Black,spotify:artist:0rEuaTPLMhlViNCJrg3NEH,https://open.spotify.com/artist/0rEuaTPLMhlViNCJrg3NEH,,,,1249585,"1,249,585",false,Spotify public artist page,,https://i.scdn.co/image/ab6761610000e5eb1664e277c53965cf8e474889,,0rEuaTPLMhlViNCJrg3NEH,Beast In Black,https://open.spotify.com/artist/0rEuaTPLMhlViNCJrg3NEH,"[{""artist_id"": ""0rEuaTPLMhlViNCJrg3NEH"", ""artist_name"": ""Beast In Black"", ""artist_url"": ""https://open.spotify.com/artist/0rEuaTPLMhlViNCJrg3NEH"", ""monthly_listeners"": ""1249585"", ""monthly_listeners_display"": ""1,249,585"", ""is_approx"": ""false"", ""fetch_error"": """"}]","[{""artist_id"": ""0rEuaTPLMhlViNCJrg3NEH"", ""artist_name"": ""Beast In Black"", ""artist_uri"": ""spotify:artist:0rEuaTPLMhlViNCJrg3NEH"", ""artist_url"": ""https://open.spotify.com/artist/0rEuaTPLMhlViNCJrg3NEH"", ""artist_type"": ""artist"", ""artist_genres"": """", ""artist_spotify_api_popularity"": """", ""artist_followers_total"": """", ""artist_image_url"": ""https://i.scdn.co/image/ab6761610000e5eb1664e277c53965cf8e474889"", ""artist_lookup_error"": """", ""artist_monthly_listeners"": ""1249585"", ""artist_monthly_listeners_display"": ""1,249,585"", ""artist_monthly_listeners_is_approx"": ""false"", ""artist_monthly_listeners_source"": ""Spotify public artist page"", ""artist_monthly_listeners_fetch_error"": """"}]",0,,"{""spotify"": ""https://open.spotify.com/track/4rW7HpxbunvRKn4rql3Kni""}",{}
week5_17august,2026-08-17T07:40:10+00:00,Spotify,Aysima Karçaaltıncaba,aaaaysimaaaa,Week5_User8,Week5_User8,7qtHlqqroKu3ZIv61TuSIf,spotify:playlist:7qtHlqqroKu3ZIv61TuSIf,https://open.spotify.com/playlist/7qtHlqqroKu3ZIv61TuSIf,,aaaaysimaaaa,Aysima Karçaaltıncaba,True,False,0,AAAAA0vqsKys1zKnCbuT6ZOrdl+uW8Wh,,2,2026-08-17T07:27:38Z,aaaaysimaaaa,primary_artist_monthly_listeners,381216,"381,216",Spotify public artist page,false,,7vvbcPlj9bCOyx0gAmESg2,spotify:track:7vvbcPlj9bCOyx0gAmESg2,https://open.spotify.com/track/7vvbcPlj9bCOyx0gAmESg2,Holy Thunderforce,track,7,1,261746,261.746,False,False,True,,https://api.spotify.com/v1/tracks/7vvbcPlj9bCOyx0gAmESg2,https://api.spotify.com/v1/tracks/7vvbcPlj9bCOyx0gAmESg2,,,DET270002001,,,6T6i4ZLAwRHVOxRaQnC5js,spotify:album:6T6i4ZLAwRHVOxRaQnC5js,https://open.spotify.com/album/6T6i4ZLAwRHVOxRaQnC5js,Dawn of Victory,album,,10,2000,year,,C: (C) 2000 Limb Music,,https://i.scdn.co/image/ab67616d0000b273012217969f1979b6f050068b,,0zQfrabOFYf36Ikb6PXcCY,Rhapsody,spotify:artist:0zQfrabOFYf36Ikb6PXcCY,https://open.spotify.com/artist/0zQfrabOFYf36Ikb6PXcCY,,,,381216,"381,216",false,Spotify public artist page,,https://i.scdn.co/image/ab6761610000e5eb902fae03243cae6e08caf99a,,0zQfrabOFYf36Ikb6PXcCY,Rhapsody,https://open.spotify.com/artist/0zQfrabOFYf36Ikb6PXcCY,"[{""artist_id"": ""0zQfrabOFYf36Ikb6PXcCY"", ""artist_name"": ""Rhapsody"", ""artist_url"": ""https://open.spotify.com/artist/0zQfrabOFYf36Ikb6PXcCY"", ""monthly_listeners"": ""381216"", ""monthly_listeners_display"": ""381,216"", ""is_approx"": ""false"", ""fetch_error"": """"}]","[{""artist_id"": ""0zQfrabOFYf36Ikb6PXcCY"", ""artist_name"": ""Rhapsody"", ""artist_uri"": ""spotify:artist:0zQfrabOFYf36Ikb6PXcCY"", ""artist_url"": ""https://open.spotify.com/artist/0zQfrabOFYf36Ikb6PXcCY"", ""artist_type"": ""artist"", ""artist_genres"": """", ""artist_spotify_api_popularity"": """", ""artist_followers_total"": """", ""artist_image_url"": ""https://i.scdn.co/image/ab6761610000e5eb902fae03243cae6e08caf99a"", ""artist_lookup_error"": """", ""artist_monthly_listeners"": ""381216"", ""artist_monthly_listeners_display"": ""381,216"", ""artist_monthly_listeners_is_approx"": ""false"", ""artist_monthly_listeners_source"": ""Spotify public artist page"", ""artist_monthly_listeners_fetch_error"": """"}]",0,,"{""spotify"": ""https://open.spotify.com/track/7vvbcPlj9bCOyx0gAmESg2""}",{}
week5_17august,2026-08-17T07:40:10+00:00,Spotify,Aysima Karçaaltıncaba,aaaaysimaaaa,Week5_User8,Week5_User8,7qtHlqqroKu3ZIv61TuSIf,spotify:playlist:7qtHlqqroKu3ZIv61TuSIf,https://open.spotify.com/playlist/7qtHlqqroKu3ZIv61TuSIf,,aaaaysimaaaa,Aysima Karçaaltıncaba,True,False,0,AAAAA0vqsKys1zKnCbuT6ZOrdl+uW8Wh,,3,2026-08-17T07:27:38Z,aaaaysimaaaa,primary_artist_monthly_listeners,4222819,"4,222,819",Spotify public artist page,false,,1Fr7OlVZrc3mDvru8j2cFi,spotify:track:1Fr7OlVZrc3mDvru8j2cFi,https://open.spotify.com/track/1Fr7OlVZrc3mDvru8j2cFi,No Surrender,track,12,1,173973,173.973,False,False,True,,https://api.spotify.com/v1/tracks/1Fr7OlVZrc3mDvru8j2cFi,https://api.spotify.com/v1/tracks/1Fr7OlVZrc3mDvru8j2cFi,,,GBARL1702152,,,7p3G0OCxtlWyJcPE1FxnyB,spotify:album:7p3G0OCxtlWyJcPE1FxnyB,https://open.spotify.com/album/7p3G0OCxtlWyJcPE1FxnyB,Firepower,album,,14,2018-03-09,day,,P: (P) 2018 Sony Music Entertainment UK Limited,,https://i.scdn.co/image/ab67616d0000b2737ca75d243242bd697841b84b,,2tRsMl4eGxwoNabM08Dm4I,Judas Priest,spotify:artist:2tRsMl4eGxwoNabM08Dm4I,https://open.spotify.com/artist/2tRsMl4eGxwoNabM08Dm4I,,,,4222819,"4,222,819",false,Spotify public artist page,,https://i.scdn.co/image/ab6761610000e5eb4b3cfc24737acb15e73e8bd6,,2tRsMl4eGxwoNabM08Dm4I,Judas Priest,https://open.spotify.com/artist/2tRsMl4eGxwoNabM08Dm4I,"[{""artist_id"": ""2tRsMl4eGxwoNabM08Dm4I"", ""artist_name"": ""Judas Priest"", ""artist_url"": ""https://open.spotify.com/artist/2tRsMl4eGxwoNabM08Dm4I"", ""monthly_listeners"": ""4222819"", ""monthly_listeners_display"": ""4,222,819"", ""is_approx"": ""false"", ""fetch_error"": """"}]","[{""artist_id"": ""2tRsMl4eGxwoNabM08Dm4I"", ""artist_name"": ""Judas Priest"", ""artist_uri"": ""spotify:artist:2tRsMl4eGxwoNabM08Dm4I"", ""artist_url"": ""https://open.spotify.com/artist/2tRsMl4eGxwoNabM08Dm4I"", ""artist_type"": ""artist"", ""artist_genres"": """", ""artist_spotify_api_popularity"": """", ""artist_followers_total"": """", ""artist_image_url"": ""https://i.scdn.co/image/ab6761610000e5eb4b3cfc24737acb15e73e8bd6"", ""artist_lookup_error"": """", ""artist_monthly_listeners"": ""4222819"", ""artist_monthly_listeners_display"": ""4,222,819"", ""artist_monthly_listeners_is_approx"": ""false"", ""artist_monthly_listeners_source"": ""Spotify public artist page"", ""artist_monthly_listeners_fetch_error"": """"}]",0,,"{""spotify"": ""https://open.spotify.com/track/1Fr7OlVZrc3mDvru8j2cFi""}",{}
week5_17august,2026-08-17T07:40:10+00:00,Spotify,Aysima Karçaaltıncaba,aaaaysimaaaa,Week5_User8,Week5_User8,7qtHlqqroKu3ZIv61TuSIf,spotify:playlist:7qtHlqqroKu3ZIv61TuSIf,https://open.spotify.com/playlist/7qtHlqqroKu3ZIv61TuSIf,,aaaaysimaaaa,Aysima Karçaaltıncaba,True,False,0,AAAAA0vqsKys1zKnCbuT6ZOrdl+uW8Wh,,4,2026-08-17T07:27:38Z,aaaaysimaaaa,primary_artist_monthly_listeners,28635,"28,635",Spotify public artist page,false,,7fkcqrzdbgIa4vthgYN3vs,spotify:track:7fkcqrzdbgIa4vthgYN3vs,https://open.spotify.com/track/7fkcqrzdbgIa4vthgYN3vs,Unisonic,track,1,1,205866,205.866,False,False,True,,https://api.spotify.com/v1/tracks/7fkcqrzdbgIa4vthgYN3vs,https://api.spotify.com/v1/tracks/7fkcqrzdbgIa4vthgYN3vs,,,DEH841200037,,,0Z0DLUUAsIS4S4pW6ranLi,spotify:album:0Z0DLUUAsIS4S4pW6ranLi,https://open.spotify.com/album/0Z0DLUUAsIS4S4pW6ranLi,Unisonic,album,,11,2012-03-30,day,,C: 2012 Edel Germany GmbH. earMUSIC is a project of Edel.; P: 2012 Edel Germany GmbH. earMUSIC is a project of Edel.,,https://i.scdn.co/image/ab67616d0000b2733d82320d77736ca6dc12d413,,3DDcmHnwKjM4sQ8qm34JMU,Unisonic,spotify:artist:3DDcmHnwKjM4sQ8qm34JMU,https://open.spotify.com/artist/3DDcmHnwKjM4sQ8qm34JMU,,,,28635,"28,635",false,Spotify public artist page,,https://i.scdn.co/image/ab6761610000e5eb0be750ff9272422d98f971b0,,3DDcmHnwKjM4sQ8qm34JMU,Unisonic,https://open.spotify.com/artist/3DDcmHnwKjM4sQ8qm34JMU,"[{""artist_id"": ""3DDcmHnwKjM4sQ8qm34JMU"", ""artist_name"": ""Unisonic"", ""artist_url"": ""https://open.spotify.com/artist/3DDcmHnwKjM4sQ8qm34JMU"", ""monthly_listeners"": ""28635"", ""monthly_listeners_display"": ""28,635"", ""is_approx"": ""false"", ""fetch_error"": """"}]","[{""artist_id"": ""3DDcmHnwKjM4sQ8qm34JMU"", ""artist_name"": ""Unisonic"", ""artist_uri"": ""spotify:artist:3DDcmHnwKjM4sQ8qm34JMU"", ""artist_url"": ""https://open.spotify.com/artist/3DDcmHnwKjM4sQ8qm34JMU"", ""artist_type"": ""artist"", ""artist_genres"": """", ""artist_spotify_api_popularity"": """", ""artist_followers_total"": """", ""artist_image_url"": ""https://i.scdn.co/image/ab6761610000e5eb0be750ff9272422d98f971b0"", ""artist_lookup_error"": """", ""artist_monthly_listeners"": ""28635"", ""artist_monthly_listeners_display"": ""28,635"", ""artist_monthly_listeners_is_approx"": ""false"", ""artist_monthly_listeners_source"": ""Spotify public artist page"", ""artist_monthly_listeners_fetch_error"": """"}]",0,,"{""spotify"": ""https://open.spotify.com/track/7fkcqrzdbgIa4vthgYN3vs""}",{}
week5_17august,2026-08-17T07:40:10+00:00,Spotify,Aysima Karçaaltıncaba,aaaaysimaaaa,Week5_User8,Week5_User8,7qtHlqqroKu3ZIv61TuSIf,spotify:playlist:7qtHlqqroKu3ZIv61TuSIf,https://open.spotify.com/playlist/7qtHlqqroKu3ZIv61TuSIf,,aaaaysimaaaa,Aysima Karçaaltıncaba,True,False,0,AAAAA0vqsKys1zKnCbuT6ZOrdl+uW8Wh,,5,2026-08-17T07:27:38Z,aaaaysimaaaa,primary_artist_monthly_listeners,849932,"849,932",Spotify public artist page,false,,4d3ffZ4UnPuPb9WW6SottL,spotify:track:4d3ffZ4UnPuPb9WW6SottL,https://open.spotify.com/track/4d3ffZ4UnPuPb9WW6SottL,World on Fire,track,7,1,266000,266.000,False,False,True,,https://api.spotify.com/v1/tracks/4d3ffZ4UnPuPb9WW6SottL,https://api.spotify.com/v1/tracks/4d3ffZ4UnPuPb9WW6SottL,,,DEH842200098,,,1A8SZuGMMox79UUIJysrCo,spotify:album:1A8SZuGMMox79UUIJysrCo,https://open.spotify.com/album/1A8SZuGMMox79UUIJysrCo,Survive,album,,11,2022-09-23,day,,"C: 2022 earMUSIC, a label of Edel Music & Entertainment GmbH.; P: 2022 earMUSIC, a label of Edel Music & Entertainment GmbH.",,https://i.scdn.co/image/ab67616d0000b273378285bbfba4d860fa0c3274,,1O8CSXsPwEqxcoBE360PPO,Stratovarius,spotify:artist:1O8CSXsPwEqxcoBE360PPO,https://open.spotify.com/artist/1O8CSXsPwEqxcoBE360PPO,,,,849932,"849,932",false,Spotify public artist page,,https://i.scdn.co/image/ab6761610000e5eb4733f393ad04f47b31edaadb,,1O8CSXsPwEqxcoBE360PPO,Stratovarius,https://open.spotify.com/artist/1O8CSXsPwEqxcoBE360PPO,"[{""artist_id"": ""1O8CSXsPwEqxcoBE360PPO"", ""artist_name"": ""Stratovarius"", ""artist_url"": ""https://open.spotify.com/artist/1O8CSXsPwEqxcoBE360PPO"", ""monthly_listeners"": ""849932"", ""monthly_listeners_display"": ""849,932"", ""is_approx"": ""false"", ""fetch_error"": """"}]","[{""artist_id"": ""1O8CSXsPwEqxcoBE360PPO"", ""artist_name"": ""Stratovarius"", ""artist_uri"": ""spotify:artist:1O8CSXsPwEqxcoBE360PPO"", ""artist_url"": ""https://open.spotify.com/artist/1O8CSXsPwEqxcoBE360PPO"", ""artist_type"": ""artist"", ""artist_genres"": """", ""artist_spotify_api_popularity"": """", ""artist_followers_total"": """", ""artist_image_url"": ""https://i.scdn.co/image/ab6761610000e5eb4733f393ad04f47b31edaadb"", ""artist_lookup_error"": """", ""artist_monthly_listeners"": ""849932"", ""artist_monthly_listeners_display"": ""849,932"", ""artist_monthly_listeners_is_approx"": ""false"", ""artist_monthly_listeners_source"": ""Spotify public artist page"", ""artist_monthly_listeners_fetch_error"": """"}]",0,,"{""spotify"": ""https://open.spotify.com/track/4d3ffZ4UnPuPb9WW6SottL""}",{}
week5_17august,2026-08-17T07:40:10+00:00,Spotify,Aysima Karçaaltıncaba,aaaaysimaaaa,Week5_User8,Week5_User8,7qtHlqqroKu3ZIv61TuSIf,spotify:playlist:7qtHlqqroKu3ZIv61TuSIf,https://open.spotify.com/playlist/7qtHlqqroKu3ZIv61TuSIf,,aaaaysimaaaa,Aysima Karçaaltıncaba,True,False,0,AAAAA0vqsKys1zKnCbuT6ZOrdl+uW8Wh,,6,2026-08-17T07:27:38Z,aaaaysimaaaa,primary_artist_monthly_listeners,242815,"242,815",Spotify public artist page,false,,5W5riPbci6HLF2TkTd2VyA,spotify:track:5W5riPbci6HLF2TkTd2VyA,https://open.spotify.com/track/5W5riPbci6HLF2TkTd2VyA,Dawn of Victory - Re-Recorded,track,1,1,284880,284.880,False,False,True,,https://api.spotify.com/v1/tracks/5W5riPbci6HLF2TkTd2VyA,https://api.spotify.com/v1/tracks/5W5riPbci6HLF2TkTd2VyA,,,DEU601706845,,,1UfSUScEvxwfbJEVSFH21R,spotify:album:1UfSUScEvxwfbJEVSFH21R,https://open.spotify.com/album/1UfSUScEvxwfbJEVSFH21R,Legendary Years (Re-Recorded),album,,14,2017-05-26,day,,C: 2017 AFM Records; P: 2017 AFM Records,,https://i.scdn.co/image/ab67616d0000b27311b32ec8f429d5bcfbc8bd21,,3IjLXN4eSksdGj8uDE4Jm1,Rhapsody Of Fire,spotify:artist:3IjLXN4eSksdGj8uDE4Jm1,https://open.spotify.com/artist/3IjLXN4eSksdGj8uDE4Jm1,,,,242815,"242,815",false,Spotify public artist page,,https://i.scdn.co/image/ab6761610000e5eb5d22c1db6d6eee22dfe54498,,3IjLXN4eSksdGj8uDE4Jm1,Rhapsody Of Fire,https://open.spotify.com/artist/3IjLXN4eSksdGj8uDE4Jm1,"[{""artist_id"": ""3IjLXN4eSksdGj8uDE4Jm1"", ""artist_name"": ""Rhapsody Of Fire"", ""artist_url"": ""https://open.spotify.com/artist/3IjLXN4eSksdGj8uDE4Jm1"", ""monthly_listeners"": ""242815"", ""monthly_listeners_display"": ""242,815"", ""is_approx"": ""false"", ""fetch_error"": """"}]","[{""artist_id"": ""3IjLXN4eSksdGj8uDE4Jm1"", ""artist_name"": ""Rhapsody Of Fire"", ""artist_uri"": ""spotify:artist:3IjLXN4eSksdGj8uDE4Jm1"", ""artist_url"": ""https://open.spotify.com/artist/3IjLXN4eSksdGj8uDE4Jm1"", ""artist_type"": ""artist"", ""artist_genres"": """", ""artist_spotify_api_popularity"": """", ""artist_followers_total"": """", ""artist_image_url"": ""https://i.scdn.co/image/ab6761610000e5eb5d22c1db6d6eee22dfe54498"", ""artist_lookup_error"": """", ""artist_monthly_listeners"": ""242815"", ""artist_monthly_listeners_display"": ""242,815"", ""artist_monthly_listeners_is_approx"": ""false"", ""artist_monthly_listeners_source"": ""Spotify public artist page"", ""artist_monthly_listeners_fetch_error"": """"}]",0,,"{""spotify"": ""https://open.spotify.com/track/5W5riPbci6HLF2TkTd2VyA""}",{}
week5_17august,2026-08-17T07:40:10+00:00,Spotify,Aysima Karçaaltıncaba,aaaaysimaaaa,Week5_User8,Week5_User8,7qtHlqqroKu3ZIv61TuSIf,spotify:playlist:7qtHlqqroKu3ZIv61TuSIf,https://open.spotify.com/playlist/7qtHlqqroKu3ZIv61TuSIf,,aaaaysimaaaa,Aysima Karçaaltıncaba,True,False,0,AAAAA0vqsKys1zKnCbuT6ZOrdl+uW8Wh,,7,2026-08-17T07:27:38Z,aaaaysimaaaa,primary_artist_monthly_listeners,14053,"14,053",Spotify public artist page,false,,4t9ax3CjKoJUCn4mO6QS9d,spotify:track:4t9ax3CjKoJUCn4mO6QS9d,https://open.spotify.com/track/4t9ax3CjKoJUCn4mO6QS9d,Full Throttle,track,2,1,230964,230.964,False,False,True,,https://api.spotify.com/v1/tracks/4t9ax3CjKoJUCn4mO6QS9d,https://api.spotify.com/v1/tracks/4t9ax3CjKoJUCn4mO6QS9d,,,DEU601606525,,,6NTy6aMObIjW1FRLc36jZU,spotify:album:6NTy6aMObIjW1FRLc36jZU,https://open.spotify.com/album/6NTy6aMObIjW1FRLc36jZU,Burn up the Night,album,,8,2016-09-23,day,,C: 2016 AFM Records; P: 2016 AFM Records,,https://i.scdn.co/image/ab67616d0000b273e172371c64895da14e51ec64,,0SmK0Nh1fuDYGSGWDI3eVh,Kryptos,spotify:artist:0SmK0Nh1fuDYGSGWDI3eVh,https://open.spotify.com/artist/0SmK0Nh1fuDYGSGWDI3eVh,,,,14053,"14,053",false,Spotify public artist page,,https://i.scdn.co/image/ab6761610000e5ebca00a79ff51150dac65c4aa1,,0SmK0Nh1fuDYGSGWDI3eVh,Kryptos,https://open.spotify.com/artist/0SmK0Nh1fuDYGSGWDI3eVh,"[{""artist_id"": ""0SmK0Nh1fuDYGSGWDI3eVh"", ""artist_name"": ""Kryptos"", ""artist_url"": ""https://open.spotify.com/artist/0SmK0Nh1fuDYGSGWDI3eVh"", ""monthly_listeners"": ""14053"", ""monthly_listeners_display"": ""14,053"", ""is_approx"": ""false"", ""fetch_error"": """"}]","[{""artist_id"": ""0SmK0Nh1fuDYGSGWDI3eVh"", ""artist_name"": ""Kryptos"", ""artist_uri"": ""spotify:artist:0SmK0Nh1fuDYGSGWDI3eVh"", ""artist_url"": ""https://open.spotify.com/artist/0SmK0Nh1fuDYGSGWDI3eVh"", ""artist_type"": ""artist"", ""artist_genres"": """", ""artist_spotify_api_popularity"": """", ""artist_followers_total"": """", ""artist_image_url"": ""https://i.scdn.co/image/ab6761610000e5ebca00a79ff51150dac65c4aa1"", ""artist_lookup_error"": """", ""artist_monthly_listeners"": ""14053"", ""artist_monthly_listeners_display"": ""14,053"", ""artist_monthly_listeners_is_approx"": ""false"", ""artist_monthly_listeners_source"": ""Spotify public artist page"", ""artist_monthly_listeners_fetch_error"": """"}]",0,,"{""spotify"": ""https://open.spotify.com/track/4t9ax3CjKoJUCn4mO6QS9d""}",{}
week5_17august,2026-08-17T07:40:10+00:00,Spotify,Aysima Karçaaltıncaba,aaaaysimaaaa,Week5_User8,Week5_User8,7qtHlqqroKu3ZIv61TuSIf,spotify:playlist:7qtHlqqroKu3ZIv61TuSIf,https://open.spotify.com/playlist/7qtHlqqroKu3ZIv61TuSIf,,aaaaysimaaaa,Aysima Karçaaltıncaba,True,False,0,AAAAA0vqsKys1zKnCbuT6ZOrdl+uW8Wh,,8,2026-08-17T07:27:38Z,aaaaysimaaaa,primary_artist_monthly_listeners,868739,"868,739",Spotify public artist page,false,,7K8tplxNrEPRR2wcc6y0xT,spotify:track:7K8tplxNrEPRR2wcc6y0xT,https://open.spotify.com/track/7K8tplxNrEPRR2wcc6y0xT,At the End of the Rainbow,track,6,1,245973,245.973,False,False,True,,https://api.spotify.com/v1/tracks/7K8tplxNrEPRR2wcc6y0xT,https://api.spotify.com/v1/tracks/7K8tplxNrEPRR2wcc6y0xT,,,DED839841606,,,4uy63xsAGgdSx0mXaQ1lfl,spotify:album:4uy63xsAGgdSx0mXaQ1lfl,https://open.spotify.com/album/4uy63xsAGgdSx0mXaQ1lfl,Legacy of Kings,album,,10,1998-09-28,day,,"C: 1998 HammerFall Managament, under exclusive license to Nuclear Blast GmbH; P: 1998 HammerFall Managament, under exclusive license to Nuclear Blast GmbH",,https://i.scdn.co/image/ab67616d0000b273c74508076e95a160cf40643f,,2o18h28enlHxj887tATc58,HammerFall,spotify:artist:2o18h28enlHxj887tATc58,https://open.spotify.com/artist/2o18h28enlHxj887tATc58,,,,868739,"868,739",false,Spotify public artist page,,https://i.scdn.co/image/ab6761610000e5eb9a0164f238589f0c0ca31088,,2o18h28enlHxj887tATc58,HammerFall,https://open.spotify.com/artist/2o18h28enlHxj887tATc58,"[{""artist_id"": ""2o18h28enlHxj887tATc58"", ""artist_name"": ""HammerFall"", ""artist_url"": ""https://open.spotify.com/artist/2o18h28enlHxj887tATc58"", ""monthly_listeners"": ""868739"", ""monthly_listeners_display"": ""868,739"", ""is_approx"": ""false"", ""fetch_error"": """"}]","[{""artist_id"": ""2o18h28enlHxj887tATc58"", ""artist_name"": ""HammerFall"", ""artist_uri"": ""spotify:artist:2o18h28enlHxj887tATc58"", ""artist_url"": ""https://open.spotify.com/artist/2o18h28enlHxj887tATc58"", ""artist_type"": ""artist"", ""artist_genres"": """", ""artist_spotify_api_popularity"": """", ""artist_followers_total"": """", ""artist_image_url"": ""https://i.scdn.co/image/ab6761610000e5eb9a0164f238589f0c0ca31088"", ""artist_lookup_error"": """", ""artist_monthly_listeners"": ""868739"", ""artist_monthly_listeners_display"": ""868,739"", ""artist_monthly_listeners_is_approx"": ""false"", ""artist_monthly_listeners_source"": ""Spotify public artist page"", ""artist_monthly_listeners_fetch_error"": """"}]",0,,"{""spotify"": ""https://open.spotify.com/track/7K8tplxNrEPRR2wcc6y0xT""}",{}
week5_17august,2026-08-17T07:40:10+00:00,Spotify,Aysima Karçaaltıncaba,aaaaysimaaaa,Week5_User8,Week5_User8,7qtHlqqroKu3ZIv61TuSIf,spotify:playlist:7qtHlqqroKu3ZIv61TuSIf,https://open.spotify.com/playlist/7qtHlqqroKu3ZIv61TuSIf,,aaaaysimaaaa,Aysima Karçaaltıncaba,True,False,0,AAAAA0vqsKys1zKnCbuT6ZOrdl+uW8Wh,,9,2026-08-17T07:27:38Z,aaaaysimaaaa,primary_artist_monthly_listeners,60076,"60,076",Spotify public artist page,false,,54pFmRnoVoKuHf1i36ZORF,spotify:track:54pFmRnoVoKuHf1i36ZORF,https://open.spotify.com/track/54pFmRnoVoKuHf1i36ZORF,Blood on My Hands - Remaster 2019,track,5,1,284866,284.866,False,False,True,,https://api.spotify.com/v1/tracks/54pFmRnoVoKuHf1i36ZORF,https://api.spotify.com/v1/tracks/54pFmRnoVoKuHf1i36ZORF,,,GBDHC1908005,,,6ee1ODEQBi5qbxs8knwoQL,spotify:album:6ee1ODEQBi5qbxs8knwoQL,https://open.spotify.com/album/6ee1ODEQBi5qbxs8knwoQL,Demons & Wizards (Remasters 2019),album,,12,2019-03-29,day,,P: (P) 2019 Century Media Records Ltd. under exclusive license from Demons & Wizards,,https://i.scdn.co/image/ab67616d0000b2732dfcaef0db0ad36a5aa90fbc,,4O6RDLeFX5xuQ7IePFzVcl,Demons & Wizards,spotify:artist:4O6RDLeFX5xuQ7IePFzVcl,https://open.spotify.com/artist/4O6RDLeFX5xuQ7IePFzVcl,,,,60076,"60,076",false,Spotify public artist page,,https://i.scdn.co/image/ab6761610000e5ebbc220b198ebd4f26e9b6a601,,4O6RDLeFX5xuQ7IePFzVcl,Demons & Wizards,https://open.spotify.com/artist/4O6RDLeFX5xuQ7IePFzVcl,"[{""artist_id"": ""4O6RDLeFX5xuQ7IePFzVcl"", ""artist_name"": ""Demons & Wizards"", ""artist_url"": ""https://open.spotify.com/artist/4O6RDLeFX5xuQ7IePFzVcl"", ""monthly_listeners"": ""60076"", ""monthly_listeners_display"": ""60,076"", ""is_approx"": ""false"", ""fetch_error"": """"}]","[{""artist_id"": ""4O6RDLeFX5xuQ7IePFzVcl"", ""artist_name"": ""Demons & Wizards"", ""artist_uri"": ""spotify:artist:4O6RDLeFX5xuQ7IePFzVcl"", ""artist_url"": ""https://open.spotify.com/artist/4O6RDLeFX5xuQ7IePFzVcl"", ""artist_type"": ""artist"", ""artist_genres"": """", ""artist_spotify_api_popularity"": """", ""artist_followers_total"": """", ""artist_image_url"": ""https://i.scdn.co/image/ab6761610000e5ebbc220b198ebd4f26e9b6a601"", ""artist_lookup_error"": """", ""artist_monthly_listeners"": ""60076"", ""artist_monthly_listeners_display"": ""60,076"", ""artist_monthly_listeners_is_approx"": ""false"", ""artist_monthly_listeners_source"": ""Spotify public artist page"", ""artist_monthly_listeners_fetch_error"": """"}]",0,,"{""spotify"": ""https://open.spotify.com/track/54pFmRnoVoKuHf1i36ZORF""}",{}
week5_17august,2026-08-17T07:40:10+00:00,Spotify,Aysima Karçaaltıncaba,aaaaysimaaaa,Week5_User8,Week5_User8,7qtHlqqroKu3ZIv61TuSIf,spotify:playlist:7qtHlqqroKu3ZIv61TuSIf,https://open.spotify.com/playlist/7qtHlqqroKu3ZIv61TuSIf,,aaaaysimaaaa,Aysima Karçaaltıncaba,True,False,0,AAAAA0vqsKys1zKnCbuT6ZOrdl+uW8Wh,,10,2026-08-17T07:27:38Z,aaaaysimaaaa,primary_artist_monthly_listeners,108314,"108,314",Spotify public artist page,false,,4Mtj8Pf6GBFctUuG8mP9fO,spotify:track:4Mtj8Pf6GBFctUuG8mP9fO,https://open.spotify.com/track/4Mtj8Pf6GBFctUuG8mP9fO,Mercenary Man,track,3,1,208586,208.586,False,False,True,,https://api.spotify.com/v1/tracks/4Mtj8Pf6GBFctUuG8mP9fO,https://api.spotify.com/v1/tracks/4Mtj8Pf6GBFctUuG8mP9fO,,,US4E40844803,,,1yjOwnIzzjmQDMPu8mHinj,spotify:album:1yjOwnIzzjmQDMPu8mHinj,https://open.spotify.com/album/1yjOwnIzzjmQDMPu8mHinj,The Premonition,album,,10,2008-07-13,day,,P: (P) 2008 Century Media Records Ltd.,,https://i.scdn.co/image/ab67616d0000b273115870a1892f8f8a1cfae7eb,,70I9vE7YTwKmelfEplXc5r,Firewind,spotify:artist:70I9vE7YTwKmelfEplXc5r,https://open.spotify.com/artist/70I9vE7YTwKmelfEplXc5r,,,,108314,"108,314",false,Spotify public artist page,,https://i.scdn.co/image/ab6761610000e5eb65dfd5aaf0e94b6c190d63b4,,70I9vE7YTwKmelfEplXc5r,Firewind,https://open.spotify.com/artist/70I9vE7YTwKmelfEplXc5r,"[{""artist_id"": ""70I9vE7YTwKmelfEplXc5r"", ""artist_name"": ""Firewind"", ""artist_url"": ""https://open.spotify.com/artist/70I9vE7YTwKmelfEplXc5r"", ""monthly_listeners"": ""108314"", ""monthly_listeners_display"": ""108,314"", ""is_approx"": ""false"", ""fetch_error"": """"}]","[{""artist_id"": ""70I9vE7YTwKmelfEplXc5r"", ""artist_name"": ""Firewind"", ""artist_uri"": ""spotify:artist:70I9vE7YTwKmelfEplXc5r"", ""artist_url"": ""https://open.spotify.com/artist/70I9vE7YTwKmelfEplXc5r"", ""artist_type"": ""artist"", ""artist_genres"": """", ""artist_spotify_api_popularity"": """", ""artist_followers_total"": """", ""artist_image_url"": ""https://i.scdn.co/image/ab6761610000e5eb65dfd5aaf0e94b6c190d63b4"", ""artist_lookup_error"": """", ""artist_monthly_listeners"": ""108314"", ""artist_monthly_listeners_display"": ""108,314"", ""artist_monthly_listeners_is_approx"": ""false"", ""artist_monthly_listeners_source"": ""Spotify public artist page"", ""artist_monthly_listeners_fetch_error"": """"}]",0,,"{""spotify"": ""https://open.spotify.com/track/4Mtj8Pf6GBFctUuG8mP9fO""}",{}
week5_17august,2026-08-17T07:40:10+00:00,Spotify,Aysima Karçaaltıncaba,aaaaysimaaaa,Week5_User8,Week5_User8,7qtHlqqroKu3ZIv61TuSIf,spotify:playlist:7qtHlqqroKu3ZIv61TuSIf,https://open.spotify.com/playlist/7qtHlqqroKu3ZIv61TuSIf,,aaaaysimaaaa,Aysima Karçaaltıncaba,True,False,0,AAAAA0vqsKys1zKnCbuT6ZOrdl+uW8Wh,,11,2026-08-17T07:27:38Z,aaaaysimaaaa,primary_artist_monthly_listeners,1210168,"1,210,168",Spotify public artist page,false,,00FuOCmghgctxEsVVMGKDk,spotify:track:00FuOCmghgctxEsVVMGKDk,https://open.spotify.com/track/00FuOCmghgctxEsVVMGKDk,Crack the Sky,track,2,1,230317,230.317,True,False,True,,https://api.spotify.com/v1/tracks/00FuOCmghgctxEsVVMGKDk,https://api.spotify.com/v1/tracks/00FuOCmghgctxEsVVMGKDk,,,USMBR1913487,,,4NxlBCBuzKXCwNVNMfRGUa,spotify:album:4NxlBCBuzKXCwNVNMfRGUa,https://open.spotify.com/album/4NxlBCBuzKXCwNVNMfRGUa,Berserker,album,,12,2019-05-03,day,,"C: (C) 2019 Metal Blade Records, Inc.; P: (P) 2019 Metal Blade Records, Inc.",,https://i.scdn.co/image/ab67616d0000b2738d529980602b892735c091c7,,3pulcT2wt7FEG10lQlqDJL,Amon Amarth,spotify:artist:3pulcT2wt7FEG10lQlqDJL,https://open.spotify.com/artist/3pulcT2wt7FEG10lQlqDJL,,,,1210168,"1,210,168",false,Spotify public artist page,,https://i.scdn.co/image/ab6761610000e5ebe0ed6357e133abef229c44a3,,3pulcT2wt7FEG10lQlqDJL,Amon Amarth,https://open.spotify.com/artist/3pulcT2wt7FEG10lQlqDJL,"[{""artist_id"": ""3pulcT2wt7FEG10lQlqDJL"", ""artist_name"": ""Amon Amarth"", ""artist_url"": ""https://open.spotify.com/artist/3pulcT2wt7FEG10lQlqDJL"", ""monthly_listeners"": ""1210168"", ""monthly_listeners_display"": ""1,210,168"", ""is_approx"": ""false"", ""fetch_error"": """"}]","[{""artist_id"": ""3pulcT2wt7FEG10lQlqDJL"", ""artist_name"": ""Amon Amarth"", ""artist_uri"": ""spotify:artist:3pulcT2wt7FEG10lQlqDJL"", ""artist_url"": ""https://open.spotify.com/artist/3pulcT2wt7FEG10lQlqDJL"", ""artist_type"": ""artist"", ""artist_genres"": """", ""artist_spotify_api_popularity"": """", ""artist_followers_total"": """", ""artist_image_url"": ""https://i.scdn.co/image/ab6761610000e5ebe0ed6357e133abef229c44a3"", ""artist_lookup_error"": """", ""artist_monthly_listeners"": ""1210168"", ""artist_monthly_listeners_display"": ""1,210,168"", ""artist_monthly_listeners_is_approx"": ""false"", ""artist_monthly_listeners_source"": ""Spotify public artist page"", ""artist_monthly_listeners_fetch_error"": """"}]",0,,"{""spotify"": ""https://open.spotify.com/track/00FuOCmghgctxEsVVMGKDk""}",{}
week5_17august,2026-08-17T07:40:10+00:00,Spotify,Aysima Karçaaltıncaba,aaaaysimaaaa,Week5_User8,Week5_User8,7qtHlqqroKu3ZIv61TuSIf,spotify:playlist:7qtHlqqroKu3ZIv61TuSIf,https://open.spotify.com/playlist/7qtHlqqroKu3ZIv61TuSIf,,aaaaysimaaaa,Aysima Karçaaltıncaba,True,False,0,AAAAA0vqsKys1zKnCbuT6ZOrdl+uW8Wh,,12,2026-08-17T07:27:38Z,aaaaysimaaaa,primary_artist_monthly_listeners,1476465,"1,476,465",Spotify public artist page,false,,1qENkZOt5QuFZdKSUksuW6,spotify:track:1qENkZOt5QuFZdKSUksuW6,https://open.spotify.com/track/1qENkZOt5QuFZdKSUksuW6,Stay Crazy,track,4,1,244201,244.201,False,False,True,,https://api.spotify.com/v1/tracks/1qENkZOt5QuFZdKSUksuW6,https://api.spotify.com/v1/tracks/1qENkZOt5QuFZdKSUksuW6,,,DED831500182,,,53fL5tHaUSXNuyqq43hVwG,spotify:album:53fL5tHaUSXNuyqq43hVwG,https://open.spotify.com/album/53fL5tHaUSXNuyqq43hVwG,My God-Given Right,album,,16,2015-03-29,day,,C: (C) 2015 Reigning Phoenix Music; P: (P) 2015 Reigning Phoenix Music,,https://i.scdn.co/image/ab67616d0000b2738d086a4b6a2c6419292d6b9a,,4pQN0GB0fNEEOfQCaWotsY,Helloween,spotify:artist:4pQN0GB0fNEEOfQCaWotsY,https://open.spotify.com/artist/4pQN0GB0fNEEOfQCaWotsY,,,,1476465,"1,476,465",false,Spotify public artist page,,https://i.scdn.co/image/ab6761610000e5eb7d6b878498239115a09316d3,,4pQN0GB0fNEEOfQCaWotsY,Helloween,https://open.spotify.com/artist/4pQN0GB0fNEEOfQCaWotsY,"[{""artist_id"": ""4pQN0GB0fNEEOfQCaWotsY"", ""artist_name"": ""Helloween"", ""artist_url"": ""https://open.spotify.com/artist/4pQN0GB0fNEEOfQCaWotsY"", ""monthly_listeners"": ""1476465"", ""monthly_listeners_display"": ""1,476,465"", ""is_approx"": ""false"", ""fetch_error"": """"}]","[{""artist_id"": ""4pQN0GB0fNEEOfQCaWotsY"", ""artist_name"": ""Helloween"", ""artist_uri"": ""spotify:artist:4pQN0GB0fNEEOfQCaWotsY"", ""artist_url"": ""https://open.spotify.com/artist/4pQN0GB0fNEEOfQCaWotsY"", ""artist_type"": ""artist"", ""artist_genres"": """", ""artist_spotify_api_popularity"": """", ""artist_followers_total"": """", ""artist_image_url"": ""https://i.scdn.co/image/ab6761610000e5eb7d6b878498239115a09316d3"", ""artist_lookup_error"": """", ""artist_monthly_listeners"": ""1476465"", ""artist_monthly_listeners_display"": ""1,476,465"", ""artist_monthly_listeners_is_approx"": ""false"", ""artist_monthly_listeners_source"": ""Spotify public artist page"", ""artist_monthly_listeners_fetch_error"": """"}]",0,,"{""spotify"": ""https://open.spotify.com/track/1qENkZOt5QuFZdKSUksuW6""}",{}
week5_17august,2026-08-17T07:40:10+00:00,Spotify,Aysima Karçaaltıncaba,aaaaysimaaaa,Week5_User8,Week5_User8,7qtHlqqroKu3ZIv61TuSIf,spotify:playlist:7qtHlqqroKu3ZIv61TuSIf,https://open.spotify.com/playlist/7qtHlqqroKu3ZIv61TuSIf,,aaaaysimaaaa,Aysima Karçaaltıncaba,True,False,0,AAAAA0vqsKys1zKnCbuT6ZOrdl+uW8Wh,,13,2026-08-17T07:27:38Z,aaaaysimaaaa,primary_artist_monthly_listeners,194015,"194,015",Spotify public artist page,false,,0yyD9NWnZoRestLJVBtFGE,spotify:track:0yyD9NWnZoRestLJVBtFGE,https://open.spotify.com/track/0yyD9NWnZoRestLJVBtFGE,Andromeda,track,3,1,244093,244.093,False,False,True,,https://api.spotify.com/v1/tracks/0yyD9NWnZoRestLJVBtFGE,https://api.spotify.com/v1/tracks/0yyD9NWnZoRestLJVBtFGE,,,USMBR2014341,,,3Slb2LnbJfdXZPqPCNz6lz,spotify:album:3Slb2LnbJfdXZPqPCNz6lz,https://open.spotify.com/album/3Slb2LnbJfdXZPqPCNz6lz,Thalassic,album,,9,2020-07-10,day,,"C: (C) 2020 Metal Blade Records, Inc.; P: (P) 2020 Metal Blade Records, Inc.",,https://i.scdn.co/image/ab67616d0000b2733d516d3951879a6f05f748e2,,0krXCIkthz13P8o0v2tksH,Ensiferum,spotify:artist:0krXCIkthz13P8o0v2tksH,https://open.spotify.com/artist/0krXCIkthz13P8o0v2tksH,,,,194015,"194,015",false,Spotify public artist page,,https://i.scdn.co/image/ab6761610000e5eb0a5ef9d5834390b5ebdee107,,0krXCIkthz13P8o0v2tksH,Ensiferum,https://open.spotify.com/artist/0krXCIkthz13P8o0v2tksH,"[{""artist_id"": ""0krXCIkthz13P8o0v2tksH"", ""artist_name"": ""Ensiferum"", ""artist_url"": ""https://open.spotify.com/artist/0krXCIkthz13P8o0v2tksH"", ""monthly_listeners"": ""194015"", ""monthly_listeners_display"": ""194,015"", ""is_approx"": ""false"", ""fetch_error"": """"}]","[{""artist_id"": ""0krXCIkthz13P8o0v2tksH"", ""artist_name"": ""Ensiferum"", ""artist_uri"": ""spotify:artist:0krXCIkthz13P8o0v2tksH"", ""artist_url"": ""https://open.spotify.com/artist/0krXCIkthz13P8o0v2tksH"", ""artist_type"": ""artist"", ""artist_genres"": """", ""artist_spotify_api_popularity"": """", ""artist_followers_total"": """", ""artist_image_url"": ""https://i.scdn.co/image/ab6761610000e5eb0a5ef9d5834390b5ebdee107"", ""artist_lookup_error"": """", ""artist_monthly_listeners"": ""194015"", ""artist_monthly_listeners_display"": ""194,015"", ""artist_monthly_listeners_is_approx"": ""false"", ""artist_monthly_listeners_source"": ""Spotify public artist page"", ""artist_monthly_listeners_fetch_error"": """"}]",0,,"{""spotify"": ""https://open.spotify.com/track/0yyD9NWnZoRestLJVBtFGE""}",{}
week5_17august,2026-08-17T07:40:10+00:00,Spotify,Aysima Karçaaltıncaba,aaaaysimaaaa,Week5_User8,Week5_User8,7qtHlqqroKu3ZIv61TuSIf,spotify:playlist:7qtHlqqroKu3ZIv61TuSIf,https://open.spotify.com/playlist/7qtHlqqroKu3ZIv61TuSIf,,aaaaysimaaaa,Aysima Karçaaltıncaba,True,False,0,AAAAA0vqsKys1zKnCbuT6ZOrdl+uW8Wh,,14,2026-08-17T07:27:38Z,aaaaysimaaaa,primary_artist_monthly_listeners,314104,"314,104",Spotify public artist page,false,,6EMTWm0HgzsvJiQQOqObEQ,spotify:track:6EMTWm0HgzsvJiQQOqObEQ,https://open.spotify.com/track/6EMTWm0HgzsvJiQQOqObEQ,Vain Glory Opera,track,6,1,370186,370.186,False,False,True,,https://api.spotify.com/v1/tracks/6EMTWm0HgzsvJiQQOqObEQ,https://api.spotify.com/v1/tracks/6EMTWm0HgzsvJiQQOqObEQ,,,DEZ900500571,,,2T9uuvdso9EyHnHG0r3l4Z,spotify:album:2T9uuvdso9EyHnHG0r3l4Z,https://open.spotify.com/album/2T9uuvdso9EyHnHG0r3l4Z,Vain Glory Opera,album,,11,1998-01-19,day,,C: AFM Records; P: AFM Records,,https://i.scdn.co/image/ab67616d0000b273661fa273ca23e7b9859a03c7,,3AGFqPP3gt5rMSvhR87Xxu,Edguy,spotify:artist:3AGFqPP3gt5rMSvhR87Xxu,https://open.spotify.com/artist/3AGFqPP3gt5rMSvhR87Xxu,,,,314104,"314,104",false,Spotify public artist page,,https://i.scdn.co/image/ab6772690000c46cec078670d746fddbe7674e78,,3AGFqPP3gt5rMSvhR87Xxu,Edguy,https://open.spotify.com/artist/3AGFqPP3gt5rMSvhR87Xxu,"[{""artist_id"": ""3AGFqPP3gt5rMSvhR87Xxu"", ""artist_name"": ""Edguy"", ""artist_url"": ""https://open.spotify.com/artist/3AGFqPP3gt5rMSvhR87Xxu"", ""monthly_listeners"": ""314104"", ""monthly_listeners_display"": ""314,104"", ""is_approx"": ""false"", ""fetch_error"": """"}]","[{""artist_id"": ""3AGFqPP3gt5rMSvhR87Xxu"", ""artist_name"": ""Edguy"", ""artist_uri"": ""spotify:artist:3AGFqPP3gt5rMSvhR87Xxu"", ""artist_url"": ""https://open.spotify.com/artist/3AGFqPP3gt5rMSvhR87Xxu"", ""artist_type"": ""artist"", ""artist_genres"": """", ""artist_spotify_api_popularity"": """", ""artist_followers_total"": """", ""artist_image_url"": ""https://i.scdn.co/image/ab6772690000c46cec078670d746fddbe7674e78"", ""artist_lookup_error"": """", ""artist_monthly_listeners"": ""314104"", ""artist_monthly_listeners_display"": ""314,104"", ""artist_monthly_listeners_is_approx"": ""false"", ""artist_monthly_listeners_source"": ""Spotify public artist page"", ""artist_monthly_listeners_fetch_error"": """"}]",0,,"{""spotify"": ""https://open.spotify.com/track/6EMTWm0HgzsvJiQQOqObEQ""}",{}
week5_17august,2026-08-17T07:40:10+00:00,Spotify,Aysima Karçaaltıncaba,aaaaysimaaaa,Week5_User8,Week5_User8,7qtHlqqroKu3ZIv61TuSIf,spotify:playlist:7qtHlqqroKu3ZIv61TuSIf,https://open.spotify.com/playlist/7qtHlqqroKu3ZIv61TuSIf,,aaaaysimaaaa,Aysima Karçaaltıncaba,True,False,0,AAAAA0vqsKys1zKnCbuT6ZOrdl+uW8Wh,,15,2026-08-17T07:27:38Z,aaaaysimaaaa,primary_artist_monthly_listeners,107405,"107,405",Spotify public artist page,false,,3m7rOz2R0CTanwRIcBtndb,spotify:track:3m7rOz2R0CTanwRIcBtndb,https://open.spotify.com/track/3m7rOz2R0CTanwRIcBtndb,Conquistadores - 2017 Remaster,track,7,1,289173,289.173,False,False,True,,https://api.spotify.com/v1/tracks/3m7rOz2R0CTanwRIcBtndb,https://api.spotify.com/v1/tracks/3m7rOz2R0CTanwRIcBtndb,,,GB5KW1701817,,,10dgMHUxjgLKR5FO0BHDXS,spotify:album:10dgMHUxjgLKR5FO0BHDXS,https://open.spotify.com/album/10dgMHUxjgLKR5FO0BHDXS,Port Royal (Expanded Version; 2017 Remaster),album,,14,2017-08-11,day,,"C: © 2017 Sanctuary Records Group Ltd., a BMG Company; P: ℗ 2017 Sanctuary Records Group Ltd., a BMG Company",,https://i.scdn.co/image/ab67616d0000b27363ed79bb631289f7d4cb3444,,7954VFaZClkL503srfV5PE,Running Wild,spotify:artist:7954VFaZClkL503srfV5PE,https://open.spotify.com/artist/7954VFaZClkL503srfV5PE,,,,107405,"107,405",false,Spotify public artist page,,https://i.scdn.co/image/ffc7d8dd0a29d7ca6f0840f2c2d9050f5a60d97d,,7954VFaZClkL503srfV5PE,Running Wild,https://open.spotify.com/artist/7954VFaZClkL503srfV5PE,"[{""artist_id"": ""7954VFaZClkL503srfV5PE"", ""artist_name"": ""Running Wild"", ""artist_url"": ""https://open.spotify.com/artist/7954VFaZClkL503srfV5PE"", ""monthly_listeners"": ""107405"", ""monthly_listeners_display"": ""107,405"", ""is_approx"": ""false"", ""fetch_error"": """"}]","[{""artist_id"": ""7954VFaZClkL503srfV5PE"", ""artist_name"": ""Running Wild"", ""artist_uri"": ""spotify:artist:7954VFaZClkL503srfV5PE"", ""artist_url"": ""https://open.spotify.com/artist/7954VFaZClkL503srfV5PE"", ""artist_type"": ""artist"", ""artist_genres"": """", ""artist_spotify_api_popularity"": """", ""artist_followers_total"": """", ""artist_image_url"": ""https://i.scdn.co/image/ffc7d8dd0a29d7ca6f0840f2c2d9050f5a60d97d"", ""artist_lookup_error"": """", ""artist_monthly_listeners"": ""107405"", ""artist_monthly_listeners_display"": ""107,405"", ""artist_monthly_listeners_is_approx"": ""false"", ""artist_monthly_listeners_source"": ""Spotify public artist page"", ""artist_monthly_listeners_fetch_error"": """"}]",0,,"{""spotify"": ""https://open.spotify.com/track/3m7rOz2R0CTanwRIcBtndb""}",{}
week5_17august,2026-08-17T07:40:10+00:00,Spotify,Aysima Karçaaltıncaba,aaaaysimaaaa,Week5_User8,Week5_User8,7qtHlqqroKu3ZIv61TuSIf,spotify:playlist:7qtHlqqroKu3ZIv61TuSIf,https://open.spotify.com/playlist/7qtHlqqroKu3ZIv61TuSIf,,aaaaysimaaaa,Aysima Karçaaltıncaba,True,False,0,AAAAA0vqsKys1zKnCbuT6ZOrdl+uW8Wh,,16,2026-08-17T07:27:38Z,aaaaysimaaaa,primary_artist_monthly_listeners,172653,"172,653",Spotify public artist page,false,,1BaJ4KLFgnveSRGKBwRWve,spotify:track:1BaJ4KLFgnveSRGKBwRWve,https://open.spotify.com/track/1BaJ4KLFgnveSRGKBwRWve,Heroes,track,6,1,213573,213.573,False,False,True,,https://api.spotify.com/v1/tracks/1BaJ4KLFgnveSRGKBwRWve,https://api.spotify.com/v1/tracks/1BaJ4KLFgnveSRGKBwRWve,,,DET970200006,,,6FxqNK88NImuiMIpCrTZee,spotify:album:6FxqNK88NImuiMIpCrTZee,https://open.spotify.com/album/6FxqNK88NImuiMIpCrTZee,Masterplan,album,,11,2003-01-20,day,,C: 2003 AFM Records; P: 2003 AFM Records,,https://i.scdn.co/image/ab67616d0000b2737479397fc56803ba3511fd1c,,1OHNvr18TssBKYK0A75yvx,Masterplan,spotify:artist:1OHNvr18TssBKYK0A75yvx,https://open.spotify.com/artist/1OHNvr18TssBKYK0A75yvx,,,,172653,"172,653",false,Spotify public artist page,,https://i.scdn.co/image/ab6761610000e5eb8cfdd5ee976e9da4af82d208,,1OHNvr18TssBKYK0A75yvx,Masterplan,https://open.spotify.com/artist/1OHNvr18TssBKYK0A75yvx,"[{""artist_id"": ""1OHNvr18TssBKYK0A75yvx"", ""artist_name"": ""Masterplan"", ""artist_url"": ""https://open.spotify.com/artist/1OHNvr18TssBKYK0A75yvx"", ""monthly_listeners"": ""172653"", ""monthly_listeners_display"": ""172,653"", ""is_approx"": ""false"", ""fetch_error"": """"}]","[{""artist_id"": ""1OHNvr18TssBKYK0A75yvx"", ""artist_name"": ""Masterplan"", ""artist_uri"": ""spotify:artist:1OHNvr18TssBKYK0A75yvx"", ""artist_url"": ""https://open.spotify.com/artist/1OHNvr18TssBKYK0A75yvx"", ""artist_type"": ""artist"", ""artist_genres"": """", ""artist_spotify_api_popularity"": """", ""artist_followers_total"": """", ""artist_image_url"": ""https://i.scdn.co/image/ab6761610000e5eb8cfdd5ee976e9da4af82d208"", ""artist_lookup_error"": """", ""artist_monthly_listeners"": ""172653"", ""artist_monthly_listeners_display"": ""172,653"", ""artist_monthly_listeners_is_approx"": ""false"", ""artist_monthly_listeners_source"": ""Spotify public artist page"", ""artist_monthly_listeners_fetch_error"": """"}]",0,,"{""spotify"": ""https://open.spotify.com/track/1BaJ4KLFgnveSRGKBwRWve""}",{}
week5_17august,2026-08-17T07:40:10+00:00,Spotify,Aysima Karçaaltıncaba,aaaaysimaaaa,Week5_User8,Week5_User8,7qtHlqqroKu3ZIv61TuSIf,spotify:playlist:7qtHlqqroKu3ZIv61TuSIf,https://open.spotify.com/playlist/7qtHlqqroKu3ZIv61TuSIf,,aaaaysimaaaa,Aysima Karçaaltıncaba,True,False,0,AAAAA0vqsKys1zKnCbuT6ZOrdl+uW8Wh,,17,2026-08-17T07:27:38Z,aaaaysimaaaa,primary_artist_monthly_listeners,400540,"400,540",Spotify public artist page,false,,5LKm2vMBOtKq12C0padpN2,spotify:track:5LKm2vMBOtKq12C0padpN2,https://open.spotify.com/track/5LKm2vMBOtKq12C0padpN2,Gutter Ballet,track,2,1,380360,380.360,False,False,True,,https://api.spotify.com/v1/tracks/5LKm2vMBOtKq12C0padpN2,https://api.spotify.com/v1/tracks/5LKm2vMBOtKq12C0padpN2,,,DEB340900149,,,6zMeDffPrKyYSBf9AuyTIF,spotify:album:6zMeDffPrKyYSBf9AuyTIF,https://open.spotify.com/album/6zMeDffPrKyYSBf9AuyTIF,Gutter Ballet (2011 Edition),album,,13,1989,year,,C: 2011 Savatage Inc. under exclusive license to Edel Germany GmbH. earMUSIC is a project of Edel.; P: 2011 Savatage Inc. under exclusive license to Edel Germany GmbH. earMUSIC is a project of Edel.,,https://i.scdn.co/image/ab67616d0000b2738cda8b13ef9130cb6f7512b7,,3N1B1g6JtIgd6ClRkzD4yT,Savatage,spotify:artist:3N1B1g6JtIgd6ClRkzD4yT,https://open.spotify.com/artist/3N1B1g6JtIgd6ClRkzD4yT,,,,400540,"400,540",false,Spotify public artist page,,https://i.scdn.co/image/ab6761610000e5eb28ce3420531dadeaea4d8aef,,3N1B1g6JtIgd6ClRkzD4yT,Savatage,https://open.spotify.com/artist/3N1B1g6JtIgd6ClRkzD4yT,"[{""artist_id"": ""3N1B1g6JtIgd6ClRkzD4yT"", ""artist_name"": ""Savatage"", ""artist_url"": ""https://open.spotify.com/artist/3N1B1g6JtIgd6ClRkzD4yT"", ""monthly_listeners"": ""400540"", ""monthly_listeners_display"": ""400,540"", ""is_approx"": ""false"", ""fetch_error"": """"}]","[{""artist_id"": ""3N1B1g6JtIgd6ClRkzD4yT"", ""artist_name"": ""Savatage"", ""artist_uri"": ""spotify:artist:3N1B1g6JtIgd6ClRkzD4yT"", ""artist_url"": ""https://open.spotify.com/artist/3N1B1g6JtIgd6ClRkzD4yT"", ""artist_type"": ""artist"", ""artist_genres"": """", ""artist_spotify_api_popularity"": """", ""artist_followers_total"": """", ""artist_image_url"": ""https://i.scdn.co/image/ab6761610000e5eb28ce3420531dadeaea4d8aef"", ""artist_lookup_error"": """", ""artist_monthly_listeners"": ""400540"", ""artist_monthly_listeners_display"": ""400,540"", ""artist_monthly_listeners_is_approx"": ""false"", ""artist_monthly_listeners_source"": ""Spotify public artist page"", ""artist_monthly_listeners_fetch_error"": """"}]",0,,"{""spotify"": ""https://open.spotify.com/track/5LKm2vMBOtKq12C0padpN2""}",{}
week5_17august,2026-08-17T07:40:10+00:00,Spotify,Aysima Karçaaltıncaba,aaaaysimaaaa,Week5_User8,Week5_User8,7qtHlqqroKu3ZIv61TuSIf,spotify:playlist:7qtHlqqroKu3ZIv61TuSIf,https://open.spotify.com/playlist/7qtHlqqroKu3ZIv61TuSIf,,aaaaysimaaaa,Aysima Karçaaltıncaba,True,False,0,AAAAA0vqsKys1zKnCbuT6ZOrdl+uW8Wh,,18,2026-08-17T07:27:38Z,aaaaysimaaaa,primary_artist_monthly_listeners,464192,"464,192",Spotify public artist page,false,,2zzcdociKJgE51NaxgalV2,spotify:track:2zzcdociKJgE51NaxgalV2,https://open.spotify.com/track/2zzcdociKJgE51NaxgalV2,8th Commandment,track,3,1,221933,221.933,False,False,True,,https://api.spotify.com/v1/tracks/2zzcdociKJgE51NaxgalV2,https://api.spotify.com/v1/tracks/2zzcdociKJgE51NaxgalV2,,,FISFS9900084,,,3rM1PNwpD1hWbFTHVUoyuc,spotify:album:3rM1PNwpD1hWbFTHVUoyuc,https://open.spotify.com/album/3rM1PNwpD1hWbFTHVUoyuc,Ecliptica (International Version),album,,10,1999-01-01,day,,C: 1999 Spin-Farm Oy; P: 1999 Spin-Farm Oy,,https://i.scdn.co/image/ab67616d0000b273c579b15206ab88f6dcad44f6,,5YeoQ1L71cXDMpSpqxOjfH,Sonata Arctica,spotify:artist:5YeoQ1L71cXDMpSpqxOjfH,https://open.spotify.com/artist/5YeoQ1L71cXDMpSpqxOjfH,,,,464192,"464,192",false,Spotify public artist page,,https://i.scdn.co/image/ab6761610000e5eb3c36e8b69cb376bf869aedc2,,5YeoQ1L71cXDMpSpqxOjfH,Sonata Arctica,https://open.spotify.com/artist/5YeoQ1L71cXDMpSpqxOjfH,"[{""artist_id"": ""5YeoQ1L71cXDMpSpqxOjfH"", ""artist_name"": ""Sonata Arctica"", ""artist_url"": ""https://open.spotify.com/artist/5YeoQ1L71cXDMpSpqxOjfH"", ""monthly_listeners"": ""464192"", ""monthly_listeners_display"": ""464,192"", ""is_approx"": ""false"", ""fetch_error"": """"}]","[{""artist_id"": ""5YeoQ1L71cXDMpSpqxOjfH"", ""artist_name"": ""Sonata Arctica"", ""artist_uri"": ""spotify:artist:5YeoQ1L71cXDMpSpqxOjfH"", ""artist_url"": ""https://open.spotify.com/artist/5YeoQ1L71cXDMpSpqxOjfH"", ""artist_type"": ""artist"", ""artist_genres"": """", ""artist_spotify_api_popularity"": """", ""artist_followers_total"": """", ""artist_image_url"": ""https://i.scdn.co/image/ab6761610000e5eb3c36e8b69cb376bf869aedc2"", ""artist_lookup_error"": """", ""artist_monthly_listeners"": ""464192"", ""artist_monthly_listeners_display"": ""464,192"", ""artist_monthly_listeners_is_approx"": ""false"", ""artist_monthly_listeners_source"": ""Spotify public artist page"", ""artist_monthly_listeners_fetch_error"": """"}]",0,,"{""spotify"": ""https://open.spotify.com/track/2zzcdociKJgE51NaxgalV2""}",{}
week5_17august,2026-08-17T07:40:10+00:00,Spotify,Aysima Karçaaltıncaba,aaaaysimaaaa,Week5_User8,Week5_User8,7qtHlqqroKu3ZIv61TuSIf,spotify:playlist:7qtHlqqroKu3ZIv61TuSIf,https://open.spotify.com/playlist/7qtHlqqroKu3ZIv61TuSIf,,aaaaysimaaaa,Aysima Karçaaltıncaba,True,False,0,AAAAA0vqsKys1zKnCbuT6ZOrdl+uW8Wh,,19,2026-08-17T07:27:38Z,aaaaysimaaaa,primary_artist_monthly_listeners,20558,"20,558",Spotify public artist page,false,,2DjlmGfmcfuIyRlVsZA9LF,spotify:track:2DjlmGfmcfuIyRlVsZA9LF,https://open.spotify.com/track/2DjlmGfmcfuIyRlVsZA9LF,Strike!,track,2,1,289560,289.560,False,False,True,,https://api.spotify.com/v1/tracks/2DjlmGfmcfuIyRlVsZA9LF,https://api.spotify.com/v1/tracks/2DjlmGfmcfuIyRlVsZA9LF,,,FIRED1600002,,,5OXs7L0F9kvc8lepyEQ8os,spotify:album:5OXs7L0F9kvc8lepyEQ8os,https://open.spotify.com/album/5OXs7L0F9kvc8lepyEQ8os,Metsutan - Songs of the Void,album,,10,2016-05-20,day,,C: 2016 Redhouse Oy; P: 2016 Redhouse Oy,,https://i.scdn.co/image/ab67616d0000b273ea55f632c8fbea5c51ef1e1d,,0cBiR10Zh0R2zJJmcxhNFS,Whispered,spotify:artist:0cBiR10Zh0R2zJJmcxhNFS,https://open.spotify.com/artist/0cBiR10Zh0R2zJJmcxhNFS,,,,20558,"20,558",false,Spotify public artist page,,https://i.scdn.co/image/ab6761610000e5eb78642ff1330a66c5632955e4,,0cBiR10Zh0R2zJJmcxhNFS,Whispered,https://open.spotify.com/artist/0cBiR10Zh0R2zJJmcxhNFS,"[{""artist_id"": ""0cBiR10Zh0R2zJJmcxhNFS"", ""artist_name"": ""Whispered"", ""artist_url"": ""https://open.spotify.com/artist/0cBiR10Zh0R2zJJmcxhNFS"", ""monthly_listeners"": ""20558"", ""monthly_listeners_display"": ""20,558"", ""is_approx"": ""false"", ""fetch_error"": """"}]","[{""artist_id"": ""0cBiR10Zh0R2zJJmcxhNFS"", ""artist_name"": ""Whispered"", ""artist_uri"": ""spotify:artist:0cBiR10Zh0R2zJJmcxhNFS"", ""artist_url"": ""https://open.spotify.com/artist/0cBiR10Zh0R2zJJmcxhNFS"", ""artist_type"": ""artist"", ""artist_genres"": """", ""artist_spotify_api_popularity"": """", ""artist_followers_total"": """", ""artist_image_url"": ""https://i.scdn.co/image/ab6761610000e5eb78642ff1330a66c5632955e4"", ""artist_lookup_error"": """", ""artist_monthly_listeners"": ""20558"", ""artist_monthly_listeners_display"": ""20,558"", ""artist_monthly_listeners_is_approx"": ""false"", ""artist_monthly_listeners_source"": ""Spotify public artist page"", ""artist_monthly_listeners_fetch_error"": """"}]",0,,"{""spotify"": ""https://open.spotify.com/track/2DjlmGfmcfuIyRlVsZA9LF""}",{}
week5_17august,2026-08-17T07:40:10+00:00,Spotify,Aysima Karçaaltıncaba,aaaaysimaaaa,Week5_User8,Week5_User8,7qtHlqqroKu3ZIv61TuSIf,spotify:playlist:7qtHlqqroKu3ZIv61TuSIf,https://open.spotify.com/playlist/7qtHlqqroKu3ZIv61TuSIf,,aaaaysimaaaa,Aysima Karçaaltıncaba,True,False,0,AAAAA0vqsKys1zKnCbuT6ZOrdl+uW8Wh,,20,2026-08-17T07:27:38Z,aaaaysimaaaa,primary_artist_monthly_listeners,471436,"471,436",Spotify public artist page,false,,4VtZFQxmbK85potLyPmJa1,spotify:track:4VtZFQxmbK85potLyPmJa1,https://open.spotify.com/track/4VtZFQxmbK85potLyPmJa1,Abduction,track,2,1,230666,230.666,False,False,True,,https://api.spotify.com/v1/tracks/4VtZFQxmbK85potLyPmJa1,https://api.spotify.com/v1/tracks/4VtZFQxmbK85potLyPmJa1,,,GBCUF0500079,,,3naMLlWCKTzfkc0nWiqNr3,spotify:album:3naMLlWCKTzfkc0nWiqNr3,https://open.spotify.com/album/3naMLlWCKTzfkc0nWiqNr3,Tyranny of Souls,album,,10,2005-05-23,day,,"C: 2005 Duellist Enterprises Ltd. under exclusive license to Sanctuary Records Group Ltd., a BMG Company; P: 2005 Duellist Enterprises Ltd. under exclusive license to Sanctuary Records Group Ltd., a BMG Company",,https://i.scdn.co/image/ab67616d0000b2739d773e317f313cb5b2027771,,7Iffw1nP3NjCWkRIx3Ily9,Bruce Dickinson,spotify:artist:7Iffw1nP3NjCWkRIx3Ily9,https://open.spotify.com/artist/7Iffw1nP3NjCWkRIx3Ily9,,,,471436,"471,436",false,Spotify public artist page,,https://i.scdn.co/image/ab6761610000e5ebd90e4a9038787929178b4815,,7Iffw1nP3NjCWkRIx3Ily9,Bruce Dickinson,https://open.spotify.com/artist/7Iffw1nP3NjCWkRIx3Ily9,"[{""artist_id"": ""7Iffw1nP3NjCWkRIx3Ily9"", ""artist_name"": ""Bruce Dickinson"", ""artist_url"": ""https://open.spotify.com/artist/7Iffw1nP3NjCWkRIx3Ily9"", ""monthly_listeners"": ""471436"", ""monthly_listeners_display"": ""471,436"", ""is_approx"": ""false"", ""fetch_error"": """"}]","[{""artist_id"": ""7Iffw1nP3NjCWkRIx3Ily9"", ""artist_name"": ""Bruce Dickinson"", ""artist_uri"": ""spotify:artist:7Iffw1nP3NjCWkRIx3Ily9"", ""artist_url"": ""https://open.spotify.com/artist/7Iffw1nP3NjCWkRIx3Ily9"", ""artist_type"": ""artist"", ""artist_genres"": """", ""artist_spotify_api_popularity"": """", ""artist_followers_total"": """", ""artist_image_url"": ""https://i.scdn.co/image/ab6761610000e5ebd90e4a9038787929178b4815"", ""artist_lookup_error"": """", ""artist_monthly_listeners"": ""471436"", ""artist_monthly_listeners_display"": ""471,436"", ""artist_monthly_listeners_is_approx"": ""false"", ""artist_monthly_listeners_source"": ""Spotify public artist page"", ""artist_monthly_listeners_fetch_error"": """"}]",0,,"{""spotify"": ""https://open.spotify.com/track/4VtZFQxmbK85potLyPmJa1""}",{}
week5_17august,2026-08-17T07:40:10+00:00,Spotify,Aysima Karçaaltıncaba,aaaaysimaaaa,Week5_User8,Week5_User8,7qtHlqqroKu3ZIv61TuSIf,spotify:playlist:7qtHlqqroKu3ZIv61TuSIf,https://open.spotify.com/playlist/7qtHlqqroKu3ZIv61TuSIf,,aaaaysimaaaa,Aysima Karçaaltıncaba,True,False,0,AAAAA0vqsKys1zKnCbuT6ZOrdl+uW8Wh,,21,2026-08-17T07:27:38Z,aaaaysimaaaa,primary_artist_monthly_listeners,21267,"21,267",Spotify public artist page,false,,3mZZmANnoFr6noTgxc8Zll,spotify:track:3mZZmANnoFr6noTgxc8Zll,https://open.spotify.com/track/3mZZmANnoFr6noTgxc8Zll,Welcome to Paradise,track,1,1,276133,276.133,False,False,True,,https://api.spotify.com/v1/tracks/3mZZmANnoFr6noTgxc8Zll,https://api.spotify.com/v1/tracks/3mZZmANnoFr6noTgxc8Zll,,,DED831900283,,,5WgN3EoZSf12ZyYaFxzYSP,spotify:album:5WgN3EoZSf12ZyYaFxzYSP,https://open.spotify.com/album/5WgN3EoZSf12ZyYaFxzYSP,Welcome to Paradise,album,,13,2019-08-02,day,,C: 2019 Nuclear Blast; P: 2019 Nuclear Blast,,https://i.scdn.co/image/ab67616d0000b27321ebb75e78cb1e6f30794879,,0cxYOcvgOWW1MJEoWeuCvg,NorthTale,spotify:artist:0cxYOcvgOWW1MJEoWeuCvg,https://open.spotify.com/artist/0cxYOcvgOWW1MJEoWeuCvg,,,,21267,"21,267",false,Spotify public artist page,,https://i.scdn.co/image/ab6761610000e5eb6c949980fb3aab36f8347668,,0cxYOcvgOWW1MJEoWeuCvg,NorthTale,https://open.spotify.com/artist/0cxYOcvgOWW1MJEoWeuCvg,"[{""artist_id"": ""0cxYOcvgOWW1MJEoWeuCvg"", ""artist_name"": ""NorthTale"", ""artist_url"": ""https://open.spotify.com/artist/0cxYOcvgOWW1MJEoWeuCvg"", ""monthly_listeners"": ""21267"", ""monthly_listeners_display"": ""21,267"", ""is_approx"": ""false"", ""fetch_error"": """"}]","[{""artist_id"": ""0cxYOcvgOWW1MJEoWeuCvg"", ""artist_name"": ""NorthTale"", ""artist_uri"": ""spotify:artist:0cxYOcvgOWW1MJEoWeuCvg"", ""artist_url"": ""https://open.spotify.com/artist/0cxYOcvgOWW1MJEoWeuCvg"", ""artist_type"": ""artist"", ""artist_genres"": """", ""artist_spotify_api_popularity"": """", ""artist_followers_total"": """", ""artist_image_url"": ""https://i.scdn.co/image/ab6761610000e5eb6c949980fb3aab36f8347668"", ""artist_lookup_error"": """", ""artist_monthly_listeners"": ""21267"", ""artist_monthly_listeners_display"": ""21,267"", ""artist_monthly_listeners_is_approx"": ""false"", ""artist_monthly_listeners_source"": ""Spotify public artist page"", ""artist_monthly_listeners_fetch_error"": """"}]",0,,"{""spotify"": ""https://open.spotify.com/track/3mZZmANnoFr6noTgxc8Zll""}",{}
week5_17august,2026-08-17T07:40:10+00:00,Spotify,Aysima Karçaaltıncaba,aaaaysimaaaa,Week5_User8,Week5_User8,7qtHlqqroKu3ZIv61TuSIf,spotify:playlist:7qtHlqqroKu3ZIv61TuSIf,https://open.spotify.com/playlist/7qtHlqqroKu3ZIv61TuSIf,,aaaaysimaaaa,Aysima Karçaaltıncaba,True,False,0,AAAAA0vqsKys1zKnCbuT6ZOrdl+uW8Wh,,22,2026-08-17T07:27:38Z,aaaaysimaaaa,primary_artist_monthly_listeners,244242,"244,242",Spotify public artist page,false,,1vuTO497hSEkEWvFWTGfl8,spotify:track:1vuTO497hSEkEWvFWTGfl8,https://open.spotify.com/track/1vuTO497hSEkEWvFWTGfl8,Tuonela,track,2,1,277441,277.441,False,False,True,,https://api.spotify.com/v1/tracks/1vuTO497hSEkEWvFWTGfl8,https://api.spotify.com/v1/tracks/1vuTO497hSEkEWvFWTGfl8,,,DED832000683,,,3s7abfHktH3ljR7fAXPZPp,spotify:album:3s7abfHktH3ljR7fAXPZPp,https://open.spotify.com/album/3s7abfHktH3ljR7fAXPZPp,Leviathan,album,,11,2021-01-22,day,,C: 2021 Nuclear Blast; P: 2021 Nuclear Blast,,https://i.scdn.co/image/ab67616d0000b2732454ac2ea06a9427e6262ab9,,5c8Cw62ZYj9XO6iDLRDEsi,Therion,spotify:artist:5c8Cw62ZYj9XO6iDLRDEsi,https://open.spotify.com/artist/5c8Cw62ZYj9XO6iDLRDEsi,,,,244242,"244,242",false,Spotify public artist page,,https://i.scdn.co/image/ab6761610000e5eb9a7f93205c66fe4181cede4a,,5c8Cw62ZYj9XO6iDLRDEsi; 1tbhwOH5UBAJoqTx9Oak00,Therion; Marko Hietala,https://open.spotify.com/artist/5c8Cw62ZYj9XO6iDLRDEsi; https://open.spotify.com/artist/1tbhwOH5UBAJoqTx9Oak00,"[{""artist_id"": ""5c8Cw62ZYj9XO6iDLRDEsi"", ""artist_name"": ""Therion"", ""artist_url"": ""https://open.spotify.com/artist/5c8Cw62ZYj9XO6iDLRDEsi"", ""monthly_listeners"": ""244242"", ""monthly_listeners_display"": ""244,242"", ""is_approx"": ""false"", ""fetch_error"": """"}, {""artist_id"": ""1tbhwOH5UBAJoqTx9Oak00"", ""artist_name"": ""Marko Hietala"", ""artist_url"": ""https://open.spotify.com/artist/1tbhwOH5UBAJoqTx9Oak00"", ""monthly_listeners"": ""53223"", ""monthly_listeners_display"": ""53,223"", ""is_approx"": ""false"", ""fetch_error"": """"}]","[{""artist_id"": ""5c8Cw62ZYj9XO6iDLRDEsi"", ""artist_name"": ""Therion"", ""artist_uri"": ""spotify:artist:5c8Cw62ZYj9XO6iDLRDEsi"", ""artist_url"": ""https://open.spotify.com/artist/5c8Cw62ZYj9XO6iDLRDEsi"", ""artist_type"": ""artist"", ""artist_genres"": """", ""artist_spotify_api_popularity"": """", ""artist_followers_total"": """", ""artist_image_url"": ""https://i.scdn.co/image/ab6761610000e5eb9a7f93205c66fe4181cede4a"", ""artist_lookup_error"": """", ""artist_monthly_listeners"": ""244242"", ""artist_monthly_listeners_display"": ""244,242"", ""artist_monthly_listeners_is_approx"": ""false"", ""artist_monthly_listeners_source"": ""Spotify public artist page"", ""artist_monthly_listeners_fetch_error"": """"}, {""artist_id"": ""1tbhwOH5UBAJoqTx9Oak00"", ""artist_name"": ""Marko Hietala"", ""artist_uri"": ""spotify:artist:1tbhwOH5UBAJoqTx9Oak00"", ""artist_url"": ""https://open.spotify.com/artist/1tbhwOH5UBAJoqTx9Oak00"", ""artist_type"": ""artist"", ""artist_genres"": """", ""artist_spotify_api_popularity"": """", ""artist_followers_total"": """", ""artist_image_url"": ""https://i.scdn.co/image/ab6761610000e5ebb89f8d8a720a8d5cd5a1928f"", ""artist_lookup_error"": """", ""artist_monthly_listeners"": ""53223"", ""artist_monthly_listeners_display"": ""53,223"", ""artist_monthly_listeners_is_approx"": ""false"", ""artist_monthly_listeners_source"": ""Spotify public artist page"", ""artist_monthly_listeners_fetch_error"": """"}]",0,,"{""spotify"": ""https://open.spotify.com/track/1vuTO497hSEkEWvFWTGfl8""}",{}
week5_17august,2026-08-17T07:40:10+00:00,Spotify,Aysima Karçaaltıncaba,aaaaysimaaaa,Week5_User8,Week5_User8,7qtHlqqroKu3ZIv61TuSIf,spotify:playlist:7qtHlqqroKu3ZIv61TuSIf,https://open.spotify.com/playlist/7qtHlqqroKu3ZIv61TuSIf,,aaaaysimaaaa,Aysima Karçaaltıncaba,True,False,0,AAAAA0vqsKys1zKnCbuT6ZOrdl+uW8Wh,,23,2026-08-17T07:27:38Z,aaaaysimaaaa,primary_artist_monthly_listeners,25582,"25,582",Spotify public artist page,false,,7mBlBHsCrl4sVGDhSUrZRC,spotify:track:7mBlBHsCrl4sVGDhSUrZRC,https://open.spotify.com/track/7mBlBHsCrl4sVGDhSUrZRC,Hour to Live,track,1,1,258200,258.200,False,False,True,,https://api.spotify.com/v1/tracks/7mBlBHsCrl4sVGDhSUrZRC,https://api.spotify.com/v1/tracks/7mBlBHsCrl4sVGDhSUrZRC,,,ATN261404001,,,4R0qOtZ09A0xjmu7l5XAaV,spotify:album:4R0qOtZ09A0xjmu7l5XAaV,https://open.spotify.com/album/4R0qOtZ09A0xjmu7l5XAaV,Chasing the Dream,album,,9,2014-01-10,day,,C: (C) 2014 Noise Art Records; P: (P) 2014 Noise Art Records,,https://i.scdn.co/image/ab67616d0000b27350869367a7c366497ac6455e,,6V6MyDcytW48stIykhH937,Skull Fist,spotify:artist:6V6MyDcytW48stIykhH937,https://open.spotify.com/artist/6V6MyDcytW48stIykhH937,,,,25582,"25,582",false,Spotify public artist page,,https://i.scdn.co/image/ab6761610000e5eb50c186415c4a70538caebcf2,,6V6MyDcytW48stIykhH937,Skull Fist,https://open.spotify.com/artist/6V6MyDcytW48stIykhH937,"[{""artist_id"": ""6V6MyDcytW48stIykhH937"", ""artist_name"": ""Skull Fist"", ""artist_url"": ""https://open.spotify.com/artist/6V6MyDcytW48stIykhH937"", ""monthly_listeners"": ""25582"", ""monthly_listeners_display"": ""25,582"", ""is_approx"": ""false"", ""fetch_error"": """"}]","[{""artist_id"": ""6V6MyDcytW48stIykhH937"", ""artist_name"": ""Skull Fist"", ""artist_uri"": ""spotify:artist:6V6MyDcytW48stIykhH937"", ""artist_url"": ""https://open.spotify.com/artist/6V6MyDcytW48stIykhH937"", ""artist_type"": ""artist"", ""artist_genres"": """", ""artist_spotify_api_popularity"": """", ""artist_followers_total"": """", ""artist_image_url"": ""https://i.scdn.co/image/ab6761610000e5eb50c186415c4a70538caebcf2"", ""artist_lookup_error"": """", ""artist_monthly_listeners"": ""25582"", ""artist_monthly_listeners_display"": ""25,582"", ""artist_monthly_listeners_is_approx"": ""false"", ""artist_monthly_listeners_source"": ""Spotify public artist page"", ""artist_monthly_listeners_fetch_error"": """"}]",0,,"{""spotify"": ""https://open.spotify.com/track/7mBlBHsCrl4sVGDhSUrZRC""}",{}
week5_17august,2026-08-17T07:40:10+00:00,Spotify,Aysima Karçaaltıncaba,aaaaysimaaaa,Week5_User8,Week5_User8,7qtHlqqroKu3ZIv61TuSIf,spotify:playlist:7qtHlqqroKu3ZIv61TuSIf,https://open.spotify.com/playlist/7qtHlqqroKu3ZIv61TuSIf,,aaaaysimaaaa,Aysima Karçaaltıncaba,True,False,0,AAAAA0vqsKys1zKnCbuT6ZOrdl+uW8Wh,,24,2026-08-17T07:27:38Z,aaaaysimaaaa,primary_artist_monthly_listeners,473901,"473,901",Spotify public artist page,false,,773yjqHbb0VMYrt6ARF1SB,spotify:track:773yjqHbb0VMYrt6ARF1SB,https://open.spotify.com/track/773yjqHbb0VMYrt6ARF1SB,Blacksong,track,2,1,336813,336.813,False,False,True,,https://api.spotify.com/v1/tracks/773yjqHbb0VMYrt6ARF1SB,https://api.spotify.com/v1/tracks/773yjqHbb0VMYrt6ARF1SB,,,DEU600500344,,,3YPkjTtpwdR3mOv4ToAlhW,spotify:album:3YPkjTtpwdR3mOv4ToAlhW,https://open.spotify.com/album/3YPkjTtpwdR3mOv4ToAlhW,The Duke,album,,10,2006-02-24,day,,C: © 2006 Legend Man Music; P: ℗ 2006 Legend Man Music,,https://i.scdn.co/image/ab67616d0000b2736a501333949796282e865afa,,5SaDyTQkjAAdrsmhPzrmw2,Jorn,spotify:artist:5SaDyTQkjAAdrsmhPzrmw2,https://open.spotify.com/artist/5SaDyTQkjAAdrsmhPzrmw2,,,,473901,"473,901",false,Spotify public artist page,,https://i.scdn.co/image/ab6761610000e5ebf1310d077ecfed399b5c7ca9,,5SaDyTQkjAAdrsmhPzrmw2,Jorn,https://open.spotify.com/artist/5SaDyTQkjAAdrsmhPzrmw2,"[{""artist_id"": ""5SaDyTQkjAAdrsmhPzrmw2"", ""artist_name"": ""Jorn"", ""artist_url"": ""https://open.spotify.com/artist/5SaDyTQkjAAdrsmhPzrmw2"", ""monthly_listeners"": ""473901"", ""monthly_listeners_display"": ""473,901"", ""is_approx"": ""false"", ""fetch_error"": """"}]","[{""artist_id"": ""5SaDyTQkjAAdrsmhPzrmw2"", ""artist_name"": ""Jorn"", ""artist_uri"": ""spotify:artist:5SaDyTQkjAAdrsmhPzrmw2"", ""artist_url"": ""https://open.spotify.com/artist/5SaDyTQkjAAdrsmhPzrmw2"", ""artist_type"": ""artist"", ""artist_genres"": """", ""artist_spotify_api_popularity"": """", ""artist_followers_total"": """", ""artist_image_url"": ""https://i.scdn.co/image/ab6761610000e5ebf1310d077ecfed399b5c7ca9"", ""artist_lookup_error"": """", ""artist_monthly_listeners"": ""473901"", ""artist_monthly_listeners_display"": ""473,901"", ""artist_monthly_listeners_is_approx"": ""false"", ""artist_monthly_listeners_source"": ""Spotify public artist page"", ""artist_monthly_listeners_fetch_error"": """"}]",0,,"{""spotify"": ""https://open.spotify.com/track/773yjqHbb0VMYrt6ARF1SB""}",{}
week5_17august,2026-08-17T07:40:10+00:00,Spotify,Aysima Karçaaltıncaba,aaaaysimaaaa,Week5_User8,Week5_User8,7qtHlqqroKu3ZIv61TuSIf,spotify:playlist:7qtHlqqroKu3ZIv61TuSIf,https://open.spotify.com/playlist/7qtHlqqroKu3ZIv61TuSIf,,aaaaysimaaaa,Aysima Karçaaltıncaba,True,False,0,AAAAA0vqsKys1zKnCbuT6ZOrdl+uW8Wh,,25,2026-08-17T07:27:38Z,aaaaysimaaaa,primary_artist_monthly_listeners,9895,"9,895",Spotify public artist page,false,,2yUkX5Ea2NwodDJPvvsTxR,spotify:track:2yUkX5Ea2NwodDJPvvsTxR,https://open.spotify.com/track/2yUkX5Ea2NwodDJPvvsTxR,Lucretia My Reflection,track,4,1,278360,278.360,False,False,True,,https://api.spotify.com/v1/tracks/2yUkX5Ea2NwodDJPvvsTxR,https://api.spotify.com/v1/tracks/2yUkX5Ea2NwodDJPvvsTxR,,,US4E40847804,,,1GInCtYNFPydxDCuW00VNp,spotify:album:1GInCtYNFPydxDCuW00VNp,https://open.spotify.com/album/1GInCtYNFPydxDCuW00VNp,Praises To The War Machine,album,,12,2008-06-10,day,,P: (P) 2008 Century Media Records Ltd.,,https://i.scdn.co/image/ab67616d0000b27321b6bcf4958d1f9a643379fd,,1qrGnVZhEO4vX3ahn4RY1r,Warrel Dane,spotify:artist:1qrGnVZhEO4vX3ahn4RY1r,https://open.spotify.com/artist/1qrGnVZhEO4vX3ahn4RY1r,,,,9895,"9,895",false,Spotify public artist page,,https://i.scdn.co/image/07f121b8bcd5582bec2e181534d5ff1e8fc95ed5,,1qrGnVZhEO4vX3ahn4RY1r,Warrel Dane,https://open.spotify.com/artist/1qrGnVZhEO4vX3ahn4RY1r,"[{""artist_id"": ""1qrGnVZhEO4vX3ahn4RY1r"", ""artist_name"": ""Warrel Dane"", ""artist_url"": ""https://open.spotify.com/artist/1qrGnVZhEO4vX3ahn4RY1r"", ""monthly_listeners"": ""9895"", ""monthly_listeners_display"": ""9,895"", ""is_approx"": ""false"", ""fetch_error"": """"}]","[{""artist_id"": ""1qrGnVZhEO4vX3ahn4RY1r"", ""artist_name"": ""Warrel Dane"", ""artist_uri"": ""spotify:artist:1qrGnVZhEO4vX3ahn4RY1r"", ""artist_url"": ""https://open.spotify.com/artist/1qrGnVZhEO4vX3ahn4RY1r"", ""artist_type"": ""artist"", ""artist_genres"": """", ""artist_spotify_api_popularity"": """", ""artist_followers_total"": """", ""artist_image_url"": ""https://i.scdn.co/image/07f121b8bcd5582bec2e181534d5ff1e8fc95ed5"", ""artist_lookup_error"": """", ""artist_monthly_listeners"": ""9895"", ""artist_monthly_listeners_display"": ""9,895"", ""artist_monthly_listeners_is_approx"": ""false"", ""artist_monthly_listeners_source"": ""Spotify public artist page"", ""artist_monthly_listeners_fetch_error"": """"}]",0,,"{""spotify"": ""https://open.spotify.com/track/2yUkX5Ea2NwodDJPvvsTxR""}",{}
week5_17august,2026-08-17T07:40:10+00:00,Spotify,Aysima Karçaaltıncaba,aaaaysimaaaa,Week5_User8,Week5_User8,7qtHlqqroKu3ZIv61TuSIf,spotify:playlist:7qtHlqqroKu3ZIv61TuSIf,https://open.spotify.com/playlist/7qtHlqqroKu3ZIv61TuSIf,,aaaaysimaaaa,Aysima Karçaaltıncaba,True,False,0,AAAAA0vqsKys1zKnCbuT6ZOrdl+uW8Wh,,26,2026-08-17T07:27:38Z,aaaaysimaaaa,primary_artist_monthly_listeners,1047263,"1,047,263",Spotify public artist page,false,,193ZW3mvJ9T4T68fz75hac,spotify:track:193ZW3mvJ9T4T68fz75hac,https://open.spotify.com/track/193ZW3mvJ9T4T68fz75hac,The Power of Thy Sword,track,6,1,470266,470.266,False,False,True,,https://api.spotify.com/v1/tracks/193ZW3mvJ9T4T68fz75hac,https://api.spotify.com/v1/tracks/193ZW3mvJ9T4T68fz75hac,,,USAT20102868,,,1uVLEeDuKWgOazttohIOvd,spotify:album:1uVLEeDuKWgOazttohIOvd,https://open.spotify.com/album/1uVLEeDuKWgOazttohIOvd,The Triumph of Steel,album,,8,1992-09-22,day,,C: © 1992 Atlantic Recording Corporation for the United States and WEA International Inc. for the world outside of the United States.; P: ℗ 1992 Atlantic Recording Corporation for the United States and WEA International Inc. for the world outside of the United States.,,https://i.scdn.co/image/ab67616d0000b27367c7ca3578f42c95a7aa9fa1,,4CzUzn54Cp9TQr6a7JIlMZ,Manowar,spotify:artist:4CzUzn54Cp9TQr6a7JIlMZ,https://open.spotify.com/artist/4CzUzn54Cp9TQr6a7JIlMZ,,,,1047263,"1,047,263",false,Spotify public artist page,,https://i.scdn.co/image/ab6761610000e5eba4780fe15900fbd223cd4f48,,4CzUzn54Cp9TQr6a7JIlMZ,Manowar,https://open.spotify.com/artist/4CzUzn54Cp9TQr6a7JIlMZ,"[{""artist_id"": ""4CzUzn54Cp9TQr6a7JIlMZ"", ""artist_name"": ""Manowar"", ""artist_url"": ""https://open.spotify.com/artist/4CzUzn54Cp9TQr6a7JIlMZ"", ""monthly_listeners"": ""1047263"", ""monthly_listeners_display"": ""1,047,263"", ""is_approx"": ""false"", ""fetch_error"": """"}]","[{""artist_id"": ""4CzUzn54Cp9TQr6a7JIlMZ"", ""artist_name"": ""Manowar"", ""artist_uri"": ""spotify:artist:4CzUzn54Cp9TQr6a7JIlMZ"", ""artist_url"": ""https://open.spotify.com/artist/4CzUzn54Cp9TQr6a7JIlMZ"", ""artist_type"": ""artist"", ""artist_genres"": """", ""artist_spotify_api_popularity"": """", ""artist_followers_total"": """", ""artist_image_url"": ""https://i.scdn.co/image/ab6761610000e5eba4780fe15900fbd223cd4f48"", ""artist_lookup_error"": """", ""artist_monthly_listeners"": ""1047263"", ""artist_monthly_listeners_display"": ""1,047,263"", ""artist_monthly_listeners_is_approx"": ""false"", ""artist_monthly_listeners_source"": ""Spotify public artist page"", ""artist_monthly_listeners_fetch_error"": """"}]",0,,"{""spotify"": ""https://open.spotify.com/track/193ZW3mvJ9T4T68fz75hac""}",{}
week5_17august,2026-08-17T07:40:10+00:00,Spotify,Aysima Karçaaltıncaba,aaaaysimaaaa,Week5_User8,Week5_User8,7qtHlqqroKu3ZIv61TuSIf,spotify:playlist:7qtHlqqroKu3ZIv61TuSIf,https://open.spotify.com/playlist/7qtHlqqroKu3ZIv61TuSIf,,aaaaysimaaaa,Aysima Karçaaltıncaba,True,False,0,AAAAA0vqsKys1zKnCbuT6ZOrdl+uW8Wh,,27,2026-08-17T07:27:38Z,aaaaysimaaaa,primary_artist_monthly_listeners,69296,"69,296",Spotify public artist page,false,,1ZF7wRCafQGaVWwR5qqtst,spotify:track:1ZF7wRCafQGaVWwR5qqtst,https://open.spotify.com/track/1ZF7wRCafQGaVWwR5qqtst,Evil,track,2,1,372613,372.613,False,False,True,,https://api.spotify.com/v1/tracks/1ZF7wRCafQGaVWwR5qqtst,https://api.spotify.com/v1/tracks/1ZF7wRCafQGaVWwR5qqtst,,,GBAJE0400059,,,08dpdTv8xeZjVVyPCtwz24,spotify:album:08dpdTv8xeZjVVyPCtwz24,https://open.spotify.com/album/08dpdTv8xeZjVVyPCtwz24,Dust to Dust,album,,13,2004-01-12,day,,"C: 2004 Sanctuary Records Group Ltd., a BMG Company; P: 2004 Sanctuary Records Group Ltd., a BMG Company",,https://i.scdn.co/image/ab67616d0000b27371201c6ff1573f10d22ccb0d,,7j3etSXgd9ZLYIUW7KWnpd,Heavenly,spotify:artist:7j3etSXgd9ZLYIUW7KWnpd,https://open.spotify.com/artist/7j3etSXgd9ZLYIUW7KWnpd,,,,69296,"69,296",false,Spotify public artist page,,https://i.scdn.co/image/ab6772690000c46ce1dbce8d74b9d4d5066ebf7a,,7j3etSXgd9ZLYIUW7KWnpd,Heavenly,https://open.spotify.com/artist/7j3etSXgd9ZLYIUW7KWnpd,"[{""artist_id"": ""7j3etSXgd9ZLYIUW7KWnpd"", ""artist_name"": ""Heavenly"", ""artist_url"": ""https://open.spotify.com/artist/7j3etSXgd9ZLYIUW7KWnpd"", ""monthly_listeners"": ""69296"", ""monthly_listeners_display"": ""69,296"", ""is_approx"": ""false"", ""fetch_error"": """"}]","[{""artist_id"": ""7j3etSXgd9ZLYIUW7KWnpd"", ""artist_name"": ""Heavenly"", ""artist_uri"": ""spotify:artist:7j3etSXgd9ZLYIUW7KWnpd"", ""artist_url"": ""https://open.spotify.com/artist/7j3etSXgd9ZLYIUW7KWnpd"", ""artist_type"": ""artist"", ""artist_genres"": """", ""artist_spotify_api_popularity"": """", ""artist_followers_total"": """", ""artist_image_url"": ""https://i.scdn.co/image/ab6772690000c46ce1dbce8d74b9d4d5066ebf7a"", ""artist_lookup_error"": """", ""artist_monthly_listeners"": ""69296"", ""artist_monthly_listeners_display"": ""69,296"", ""artist_monthly_listeners_is_approx"": ""false"", ""artist_monthly_listeners_source"": ""Spotify public artist page"", ""artist_monthly_listeners_fetch_error"": """"}]",0,,"{""spotify"": ""https://open.spotify.com/track/1ZF7wRCafQGaVWwR5qqtst""}",{}
week5_17august,2026-08-17T07:40:10+00:00,Spotify,Aysima Karçaaltıncaba,aaaaysimaaaa,Week5_User8,Week5_User8,7qtHlqqroKu3ZIv61TuSIf,spotify:playlist:7qtHlqqroKu3ZIv61TuSIf,https://open.spotify.com/playlist/7qtHlqqroKu3ZIv61TuSIf,,aaaaysimaaaa,Aysima Karçaaltıncaba,True,False,0,AAAAA0vqsKys1zKnCbuT6ZOrdl+uW8Wh,,28,2026-08-17T07:27:38Z,aaaaysimaaaa,primary_artist_monthly_listeners,200773,"200,773",Spotify public artist page,false,,1wAodvBubKuWcplCjtvBtH,spotify:track:1wAodvBubKuWcplCjtvBtH,https://open.spotify.com/track/1wAodvBubKuWcplCjtvBtH,Alegria,track,2,1,224840,224.840,False,False,True,,https://api.spotify.com/v1/tracks/1wAodvBubKuWcplCjtvBtH,https://api.spotify.com/v1/tracks/1wAodvBubKuWcplCjtvBtH,,,USYFZ1815502,,,24pcRYUkzSVNEoR5eNlH4I,spotify:album:24pcRYUkzSVNEoR5eNlH4I,https://open.spotify.com/album/24pcRYUkzSVNEoR5eNlH4I,Controlled Chaos,album,,11,2018-11-16,day,,C: © 2018 Sumerian Records; P: ℗ 2018 Sumerian Records,,https://i.scdn.co/image/ab67616d0000b273cb33782d35a446bbf3080b76,,73GhYkwfPQzmfJb1cdPqPf,Nita Strauss,spotify:artist:73GhYkwfPQzmfJb1cdPqPf,https://open.spotify.com/artist/73GhYkwfPQzmfJb1cdPqPf,,,,200773,"200,773",false,Spotify public artist page,,https://i.scdn.co/image/ab6761610000e5eb838c4ca3c29a7b7a2431eb9b,,73GhYkwfPQzmfJb1cdPqPf,Nita Strauss,https://open.spotify.com/artist/73GhYkwfPQzmfJb1cdPqPf,"[{""artist_id"": ""73GhYkwfPQzmfJb1cdPqPf"", ""artist_name"": ""Nita Strauss"", ""artist_url"": ""https://open.spotify.com/artist/73GhYkwfPQzmfJb1cdPqPf"", ""monthly_listeners"": ""200773"", ""monthly_listeners_display"": ""200,773"", ""is_approx"": ""false"", ""fetch_error"": """"}]","[{""artist_id"": ""73GhYkwfPQzmfJb1cdPqPf"", ""artist_name"": ""Nita Strauss"", ""artist_uri"": ""spotify:artist:73GhYkwfPQzmfJb1cdPqPf"", ""artist_url"": ""https://open.spotify.com/artist/73GhYkwfPQzmfJb1cdPqPf"", ""artist_type"": ""artist"", ""artist_genres"": """", ""artist_spotify_api_popularity"": """", ""artist_followers_total"": """", ""artist_image_url"": ""https://i.scdn.co/image/ab6761610000e5eb838c4ca3c29a7b7a2431eb9b"", ""artist_lookup_error"": """", ""artist_monthly_listeners"": ""200773"", ""artist_monthly_listeners_display"": ""200,773"", ""artist_monthly_listeners_is_approx"": ""false"", ""artist_monthly_listeners_source"": ""Spotify public artist page"", ""artist_monthly_listeners_fetch_error"": """"}]",0,,"{""spotify"": ""https://open.spotify.com/track/1wAodvBubKuWcplCjtvBtH""}",{}
week5_17august,2026-08-17T07:40:10+00:00,Spotify,Aysima Karçaaltıncaba,aaaaysimaaaa,Week5_User8,Week5_User8,7qtHlqqroKu3ZIv61TuSIf,spotify:playlist:7qtHlqqroKu3ZIv61TuSIf,https://open.spotify.com/playlist/7qtHlqqroKu3ZIv61TuSIf,,aaaaysimaaaa,Aysima Karçaaltıncaba,True,False,0,AAAAA0vqsKys1zKnCbuT6ZOrdl+uW8Wh,,29,2026-08-17T07:27:38Z,aaaaysimaaaa,primary_artist_monthly_listeners,746481,"746,481",Spotify public artist page,false,,2SR0CHOWgkVt0nLI9YwYti,spotify:track:2SR0CHOWgkVt0nLI9YwYti,https://open.spotify.com/track/2SR0CHOWgkVt0nLI9YwYti,"No Gods, No Masters",track,5,1,254653,254.653,False,False,True,,https://api.spotify.com/v1/tracks/2SR0CHOWgkVt0nLI9YwYti,https://api.spotify.com/v1/tracks/2SR0CHOWgkVt0nLI9YwYti,,,SEVKO1100005,,,7e6aLYzxgcsbD9NA9LpQQX,spotify:album:7e6aLYzxgcsbD9NA9LpQQX,https://open.spotify.com/album/7e6aLYzxgcsbD9NA9LpQQX,Khaos Legions,album,,14,2011-05-27,day,,P: (P) 2011 Century Media Records Ltd.,,https://i.scdn.co/image/ab67616d0000b273adc0e21564f18fc62c039794,,0DCw6lHkzh9t7f8Hb4Z0Sx,Arch Enemy,spotify:artist:0DCw6lHkzh9t7f8Hb4Z0Sx,https://open.spotify.com/artist/0DCw6lHkzh9t7f8Hb4Z0Sx,,,,746481,"746,481",false,Spotify public artist page,,https://i.scdn.co/image/ab6761610000e5ebc6790f344338cb196c00660d,,0DCw6lHkzh9t7f8Hb4Z0Sx,Arch Enemy,https://open.spotify.com/artist/0DCw6lHkzh9t7f8Hb4Z0Sx,"[{""artist_id"": ""0DCw6lHkzh9t7f8Hb4Z0Sx"", ""artist_name"": ""Arch Enemy"", ""artist_url"": ""https://open.spotify.com/artist/0DCw6lHkzh9t7f8Hb4Z0Sx"", ""monthly_listeners"": ""746481"", ""monthly_listeners_display"": ""746,481"", ""is_approx"": ""false"", ""fetch_error"": """"}]","[{""artist_id"": ""0DCw6lHkzh9t7f8Hb4Z0Sx"", ""artist_name"": ""Arch Enemy"", ""artist_uri"": ""spotify:artist:0DCw6lHkzh9t7f8Hb4Z0Sx"", ""artist_url"": ""https://open.spotify.com/artist/0DCw6lHkzh9t7f8Hb4Z0Sx"", ""artist_type"": ""artist"", ""artist_genres"": """", ""artist_spotify_api_popularity"": """", ""artist_followers_total"": """", ""artist_image_url"": ""https://i.scdn.co/image/ab6761610000e5ebc6790f344338cb196c00660d"", ""artist_lookup_error"": """", ""artist_monthly_listeners"": ""746481"", ""artist_monthly_listeners_display"": ""746,481"", ""artist_monthly_listeners_is_approx"": ""false"", ""artist_monthly_listeners_source"": ""Spotify public artist page"", ""artist_monthly_listeners_fetch_error"": """"}]",0,,"{""spotify"": ""https://open.spotify.com/track/2SR0CHOWgkVt0nLI9YwYti""}",{}
week5_17august,2026-08-17T07:40:10+00:00,Spotify,Aysima Karçaaltıncaba,aaaaysimaaaa,Week5_User8,Week5_User8,7qtHlqqroKu3ZIv61TuSIf,spotify:playlist:7qtHlqqroKu3ZIv61TuSIf,https://open.spotify.com/playlist/7qtHlqqroKu3ZIv61TuSIf,,aaaaysimaaaa,Aysima Karçaaltıncaba,True,False,0,AAAAA0vqsKys1zKnCbuT6ZOrdl+uW8Wh,,30,2026-08-17T07:27:38Z,aaaaysimaaaa,primary_artist_monthly_listeners,10410,"10,410",Spotify public artist page,false,,4WfOALlN54z9keukpld1MI,spotify:track:4WfOALlN54z9keukpld1MI,https://open.spotify.com/track/4WfOALlN54z9keukpld1MI,Burn the Night,track,2,1,216663,216.663,False,False,True,,https://api.spotify.com/v1/tracks/4WfOALlN54z9keukpld1MI,https://api.spotify.com/v1/tracks/4WfOALlN54z9keukpld1MI,,,QZES81916310,,,08pgHOzsTZwcC9zWoeJY2O,spotify:album:08pgHOzsTZwcC9zWoeJY2O,https://open.spotify.com/album/08pgHOzsTZwcC9zWoeJY2O,Burn the Night,album,,8,2019-04-29,day,,C: 2019 No Remorse Records; P: 2019 No Remorse Records,,https://i.scdn.co/image/ab67616d0000b27396c5c70dd67c5c9e105e4398,,3fVaQSX4WX520bPc3Dq0CH,Riot City,spotify:artist:3fVaQSX4WX520bPc3Dq0CH,https://open.spotify.com/artist/3fVaQSX4WX520bPc3Dq0CH,,,,10410,"10,410",false,Spotify public artist page,,https://i.scdn.co/image/ab6761610000e5eb5b01734ea622fdee6af2337b,,3fVaQSX4WX520bPc3Dq0CH,Riot City,https://open.spotify.com/artist/3fVaQSX4WX520bPc3Dq0CH,"[{""artist_id"": ""3fVaQSX4WX520bPc3Dq0CH"", ""artist_name"": ""Riot City"", ""artist_url"": ""https://open.spotify.com/artist/3fVaQSX4WX520bPc3Dq0CH"", ""monthly_listeners"": ""10410"", ""monthly_listeners_display"": ""10,410"", ""is_approx"": ""false"", ""fetch_error"": """"}]","[{""artist_id"": ""3fVaQSX4WX520bPc3Dq0CH"", ""artist_name"": ""Riot City"", ""artist_uri"": ""spotify:artist:3fVaQSX4WX520bPc3Dq0CH"", ""artist_url"": ""https://open.spotify.com/artist/3fVaQSX4WX520bPc3Dq0CH"", ""artist_type"": ""artist"", ""artist_genres"": """", ""artist_spotify_api_popularity"": """", ""artist_followers_total"": """", ""artist_image_url"": ""https://i.scdn.co/image/ab6761610000e5eb5b01734ea622fdee6af2337b"", ""artist_lookup_error"": """", ""artist_monthly_listeners"": ""10410"", ""artist_monthly_listeners_display"": ""10,410"", ""artist_monthly_listeners_is_approx"": ""false"", ""artist_monthly_listeners_source"": ""Spotify public artist page"", ""artist_monthly_listeners_fetch_error"": """"}]",0,,"{""spotify"": ""https://open.spotify.com/track/4WfOALlN54z9keukpld1MI""}",{}
week5_17august,2026-08-17T07:40:10+00:00,Spotify,Aysima Karçaaltıncaba,aaaaysimaaaa,Week5_User9,Week5_User9,1xsWyL6Il706WAgqFuu5cX,spotify:playlist:1xsWyL6Il706WAgqFuu5cX,https://open.spotify.com/playlist/1xsWyL6Il706WAgqFuu5cX,,aaaaysimaaaa,Aysima Karçaaltıncaba,True,False,0,AAAAA6RGfXfTRMiW+w5cLmWpl6JE+bgx,,1,2026-08-17T07:28:44Z,aaaaysimaaaa,primary_artist_monthly_listeners,3059978,"3,059,978",Spotify public artist page,false,,3dt0qnuV3FZjTQN947C7FK,spotify:track:3dt0qnuV3FZjTQN947C7FK,https://open.spotify.com/track/3dt0qnuV3FZjTQN947C7FK,The Art of War,track,3,1,308840,308.840,False,False,True,,https://api.spotify.com/v1/tracks/3dt0qnuV3FZjTQN947C7FK,https://api.spotify.com/v1/tracks/3dt0qnuV3FZjTQN947C7FK,,,SE2EG1000403,,,0ByHC8GAef76h66JrvigzE,spotify:album:0ByHC8GAef76h66JrvigzE,https://open.spotify.com/album/0ByHC8GAef76h66JrvigzE,The Art of War (Re-Armed),album,,17,2010-09-24,day,,C: 2010 Nuclear Blast; P: 2010 Nuclear Blast,,https://i.scdn.co/image/ab67616d0000b273052d58444fff15346b74f242,,3o2dn2O0FCVsWDFSh8qxgG,Sabaton,spotify:artist:3o2dn2O0FCVsWDFSh8qxgG,https://open.spotify.com/artist/3o2dn2O0FCVsWDFSh8qxgG,,,,3059978,"3,059,978",false,Spotify public artist page,,https://i.scdn.co/image/ab6761610000e5ebfc0524cca1171fac8678f4bf,,3o2dn2O0FCVsWDFSh8qxgG,Sabaton,https://open.spotify.com/artist/3o2dn2O0FCVsWDFSh8qxgG,"[{""artist_id"": ""3o2dn2O0FCVsWDFSh8qxgG"", ""artist_name"": ""Sabaton"", ""artist_url"": ""https://open.spotify.com/artist/3o2dn2O0FCVsWDFSh8qxgG"", ""monthly_listeners"": ""3059978"", ""monthly_listeners_display"": ""3,059,978"", ""is_approx"": ""false"", ""fetch_error"": """"}]","[{""artist_id"": ""3o2dn2O0FCVsWDFSh8qxgG"", ""artist_name"": ""Sabaton"", ""artist_uri"": ""spotify:artist:3o2dn2O0FCVsWDFSh8qxgG"", ""artist_url"": ""https://open.spotify.com/artist/3o2dn2O0FCVsWDFSh8qxgG"", ""artist_type"": ""artist"", ""artist_genres"": """", ""artist_spotify_api_popularity"": """", ""artist_followers_total"": """", ""artist_image_url"": ""https://i.scdn.co/image/ab6761610000e5ebfc0524cca1171fac8678f4bf"", ""artist_lookup_error"": """", ""artist_monthly_listeners"": ""3059978"", ""artist_monthly_listeners_display"": ""3,059,978"", ""artist_monthly_listeners_is_approx"": ""false"", ""artist_monthly_listeners_source"": ""Spotify public artist page"", ""artist_monthly_listeners_fetch_error"": """"}]",0,,"{""spotify"": ""https://open.spotify.com/track/3dt0qnuV3FZjTQN947C7FK""}",{}
week5_17august,2026-08-17T07:40:10+00:00,Spotify,Aysima Karçaaltıncaba,aaaaysimaaaa,Week5_User9,Week5_User9,1xsWyL6Il706WAgqFuu5cX,spotify:playlist:1xsWyL6Il706WAgqFuu5cX,https://open.spotify.com/playlist/1xsWyL6Il706WAgqFuu5cX,,aaaaysimaaaa,Aysima Karçaaltıncaba,True,False,0,AAAAA6RGfXfTRMiW+w5cLmWpl6JE+bgx,,2,2026-08-17T07:28:44Z,aaaaysimaaaa,primary_artist_monthly_listeners,381216,"381,216",Spotify public artist page,false,,2Wy6uQOX2y45ooKuQb7Q9B,spotify:track:2Wy6uQOX2y45ooKuQb7Q9B,https://open.spotify.com/track/2Wy6uQOX2y45ooKuQb7Q9B,Dawn of Victory,track,2,1,287026,287.026,False,False,True,,https://api.spotify.com/v1/tracks/2Wy6uQOX2y45ooKuQb7Q9B,https://api.spotify.com/v1/tracks/2Wy6uQOX2y45ooKuQb7Q9B,,,DET270002302,,,6T6i4ZLAwRHVOxRaQnC5js,spotify:album:6T6i4ZLAwRHVOxRaQnC5js,https://open.spotify.com/album/6T6i4ZLAwRHVOxRaQnC5js,Dawn of Victory,album,,10,2000,year,,C: (C) 2000 Limb Music,,https://i.scdn.co/image/ab67616d0000b273012217969f1979b6f050068b,,0zQfrabOFYf36Ikb6PXcCY,Rhapsody,spotify:artist:0zQfrabOFYf36Ikb6PXcCY,https://open.spotify.com/artist/0zQfrabOFYf36Ikb6PXcCY,,,,381216,"381,216",false,Spotify public artist page,,https://i.scdn.co/image/ab6761610000e5eb902fae03243cae6e08caf99a,,0zQfrabOFYf36Ikb6PXcCY,Rhapsody,https://open.spotify.com/artist/0zQfrabOFYf36Ikb6PXcCY,"[{""artist_id"": ""0zQfrabOFYf36Ikb6PXcCY"", ""artist_name"": ""Rhapsody"", ""artist_url"": ""https://open.spotify.com/artist/0zQfrabOFYf36Ikb6PXcCY"", ""monthly_listeners"": ""381216"", ""monthly_listeners_display"": ""381,216"", ""is_approx"": ""false"", ""fetch_error"": """"}]","[{""artist_id"": ""0zQfrabOFYf36Ikb6PXcCY"", ""artist_name"": ""Rhapsody"", ""artist_uri"": ""spotify:artist:0zQfrabOFYf36Ikb6PXcCY"", ""artist_url"": ""https://open.spotify.com/artist/0zQfrabOFYf36Ikb6PXcCY"", ""artist_type"": ""artist"", ""artist_genres"": """", ""artist_spotify_api_popularity"": """", ""artist_followers_total"": """", ""artist_image_url"": ""https://i.scdn.co/image/ab6761610000e5eb902fae03243cae6e08caf99a"", ""artist_lookup_error"": """", ""artist_monthly_listeners"": ""381216"", ""artist_monthly_listeners_display"": ""381,216"", ""artist_monthly_listeners_is_approx"": ""false"", ""artist_monthly_listeners_source"": ""Spotify public artist page"", ""artist_monthly_listeners_fetch_error"": """"}]",0,,"{""spotify"": ""https://open.spotify.com/track/2Wy6uQOX2y45ooKuQb7Q9B""}",{}
week5_17august,2026-08-17T07:40:10+00:00,Spotify,Aysima Karçaaltıncaba,aaaaysimaaaa,Week5_User9,Week5_User9,1xsWyL6Il706WAgqFuu5cX,spotify:playlist:1xsWyL6Il706WAgqFuu5cX,https://open.spotify.com/playlist/1xsWyL6Il706WAgqFuu5cX,,aaaaysimaaaa,Aysima Karçaaltıncaba,True,False,0,AAAAA6RGfXfTRMiW+w5cLmWpl6JE+bgx,,3,2026-08-17T07:28:44Z,aaaaysimaaaa,primary_artist_monthly_listeners,107405,"107,405",Spotify public artist page,false,,3m7rOz2R0CTanwRIcBtndb,spotify:track:3m7rOz2R0CTanwRIcBtndb,https://open.spotify.com/track/3m7rOz2R0CTanwRIcBtndb,Conquistadores - 2017 Remaster,track,7,1,289173,289.173,False,False,True,,https://api.spotify.com/v1/tracks/3m7rOz2R0CTanwRIcBtndb,https://api.spotify.com/v1/tracks/3m7rOz2R0CTanwRIcBtndb,,,GB5KW1701817,,,10dgMHUxjgLKR5FO0BHDXS,spotify:album:10dgMHUxjgLKR5FO0BHDXS,https://open.spotify.com/album/10dgMHUxjgLKR5FO0BHDXS,Port Royal (Expanded Version; 2017 Remaster),album,,14,2017-08-11,day,,"C: © 2017 Sanctuary Records Group Ltd., a BMG Company; P: ℗ 2017 Sanctuary Records Group Ltd., a BMG Company",,https://i.scdn.co/image/ab67616d0000b27363ed79bb631289f7d4cb3444,,7954VFaZClkL503srfV5PE,Running Wild,spotify:artist:7954VFaZClkL503srfV5PE,https://open.spotify.com/artist/7954VFaZClkL503srfV5PE,,,,107405,"107,405",false,Spotify public artist page,,https://i.scdn.co/image/ffc7d8dd0a29d7ca6f0840f2c2d9050f5a60d97d,,7954VFaZClkL503srfV5PE,Running Wild,https://open.spotify.com/artist/7954VFaZClkL503srfV5PE,"[{""artist_id"": ""7954VFaZClkL503srfV5PE"", ""artist_name"": ""Running Wild"", ""artist_url"": ""https://open.spotify.com/artist/7954VFaZClkL503srfV5PE"", ""monthly_listeners"": ""107405"", ""monthly_listeners_display"": ""107,405"", ""is_approx"": ""false"", ""fetch_error"": """"}]","[{""artist_id"": ""7954VFaZClkL503srfV5PE"", ""artist_name"": ""Running Wild"", ""artist_uri"": ""spotify:artist:7954VFaZClkL503srfV5PE"", ""artist_url"": ""https://open.spotify.com/artist/7954VFaZClkL503srfV5PE"", ""artist_type"": ""artist"", ""artist_genres"": """", ""artist_spotify_api_popularity"": """", ""artist_followers_total"": """", ""artist_image_url"": ""https://i.scdn.co/image/ffc7d8dd0a29d7ca6f0840f2c2d9050f5a60d97d"", ""artist_lookup_error"": """", ""artist_monthly_listeners"": ""107405"", ""artist_monthly_listeners_display"": ""107,405"", ""artist_monthly_listeners_is_approx"": ""false"", ""artist_monthly_listeners_source"": ""Spotify public artist page"", ""artist_monthly_listeners_fetch_error"": """"}]",0,,"{""spotify"": ""https://open.spotify.com/track/3m7rOz2R0CTanwRIcBtndb""}",{}
week5_17august,2026-08-17T07:40:10+00:00,Spotify,Aysima Karçaaltıncaba,aaaaysimaaaa,Week5_User9,Week5_User9,1xsWyL6Il706WAgqFuu5cX,spotify:playlist:1xsWyL6Il706WAgqFuu5cX,https://open.spotify.com/playlist/1xsWyL6Il706WAgqFuu5cX,,aaaaysimaaaa,Aysima Karçaaltıncaba,True,False,0,AAAAA6RGfXfTRMiW+w5cLmWpl6JE+bgx,,4,2026-08-17T07:28:44Z,aaaaysimaaaa,primary_artist_monthly_listeners,4222819,"4,222,819",Spotify public artist page,false,,1Fr7OlVZrc3mDvru8j2cFi,spotify:track:1Fr7OlVZrc3mDvru8j2cFi,https://open.spotify.com/track/1Fr7OlVZrc3mDvru8j2cFi,No Surrender,track,12,1,173973,173.973,False,False,True,,https://api.spotify.com/v1/tracks/1Fr7OlVZrc3mDvru8j2cFi,https://api.spotify.com/v1/tracks/1Fr7OlVZrc3mDvru8j2cFi,,,GBARL1702152,,,7p3G0OCxtlWyJcPE1FxnyB,spotify:album:7p3G0OCxtlWyJcPE1FxnyB,https://open.spotify.com/album/7p3G0OCxtlWyJcPE1FxnyB,Firepower,album,,14,2018-03-09,day,,P: (P) 2018 Sony Music Entertainment UK Limited,,https://i.scdn.co/image/ab67616d0000b2737ca75d243242bd697841b84b,,2tRsMl4eGxwoNabM08Dm4I,Judas Priest,spotify:artist:2tRsMl4eGxwoNabM08Dm4I,https://open.spotify.com/artist/2tRsMl4eGxwoNabM08Dm4I,,,,4222819,"4,222,819",false,Spotify public artist page,,https://i.scdn.co/image/ab6761610000e5eb4b3cfc24737acb15e73e8bd6,,2tRsMl4eGxwoNabM08Dm4I,Judas Priest,https://open.spotify.com/artist/2tRsMl4eGxwoNabM08Dm4I,"[{""artist_id"": ""2tRsMl4eGxwoNabM08Dm4I"", ""artist_name"": ""Judas Priest"", ""artist_url"": ""https://open.spotify.com/artist/2tRsMl4eGxwoNabM08Dm4I"", ""monthly_listeners"": ""4222819"", ""monthly_listeners_display"": ""4,222,819"", ""is_approx"": ""false"", ""fetch_error"": """"}]","[{""artist_id"": ""2tRsMl4eGxwoNabM08Dm4I"", ""artist_name"": ""Judas Priest"", ""artist_uri"": ""spotify:artist:2tRsMl4eGxwoNabM08Dm4I"", ""artist_url"": ""https://open.spotify.com/artist/2tRsMl4eGxwoNabM08Dm4I"", ""artist_type"": ""artist"", ""artist_genres"": """", ""artist_spotify_api_popularity"": """", ""artist_followers_total"": """", ""artist_image_url"": ""https://i.scdn.co/image/ab6761610000e5eb4b3cfc24737acb15e73e8bd6"", ""artist_lookup_error"": """", ""artist_monthly_listeners"": ""4222819"", ""artist_monthly_listeners_display"": ""4,222,819"", ""artist_monthly_listeners_is_approx"": ""false"", ""artist_monthly_listeners_source"": ""Spotify public artist page"", ""artist_monthly_listeners_fetch_error"": """"}]",0,,"{""spotify"": ""https://open.spotify.com/track/1Fr7OlVZrc3mDvru8j2cFi""}",{}
week5_17august,2026-08-17T07:40:10+00:00,Spotify,Aysima Karçaaltıncaba,aaaaysimaaaa,Week5_User9,Week5_User9,1xsWyL6Il706WAgqFuu5cX,spotify:playlist:1xsWyL6Il706WAgqFuu5cX,https://open.spotify.com/playlist/1xsWyL6Il706WAgqFuu5cX,,aaaaysimaaaa,Aysima Karçaaltıncaba,True,False,0,AAAAA6RGfXfTRMiW+w5cLmWpl6JE+bgx,,5,2026-08-17T07:28:44Z,aaaaysimaaaa,primary_artist_monthly_listeners,28635,"28,635",Spotify public artist page,false,,6ruhOxyV98u0nHjd4bX5KM,spotify:track:6ruhOxyV98u0nHjd4bX5KM,https://open.spotify.com/track/6ruhOxyV98u0nHjd4bX5KM,Your Time Has Come,track,2,1,303493,303.493,False,False,True,,https://api.spotify.com/v1/tracks/6ruhOxyV98u0nHjd4bX5KM,https://api.spotify.com/v1/tracks/6ruhOxyV98u0nHjd4bX5KM,,,DEH841400201,,,3cQzjRT13tkhslb7ii9NcD,spotify:album:3cQzjRT13tkhslb7ii9NcD,https://open.spotify.com/album/3cQzjRT13tkhslb7ii9NcD,Light of Dawn,album,,12,2014-08-01,day,,C: 2014 Edel Germany GmbH. earMUSIC is a project of Edel.; P: 2014 Edel Germany GmbH. earMUSIC is a project of Edel.,,https://i.scdn.co/image/ab67616d0000b27373c0fd64f80440fb41dc2601,,3DDcmHnwKjM4sQ8qm34JMU,Unisonic,spotify:artist:3DDcmHnwKjM4sQ8qm34JMU,https://open.spotify.com/artist/3DDcmHnwKjM4sQ8qm34JMU,,,,28635,"28,635",false,Spotify public artist page,,https://i.scdn.co/image/ab6761610000e5eb0be750ff9272422d98f971b0,,3DDcmHnwKjM4sQ8qm34JMU,Unisonic,https://open.spotify.com/artist/3DDcmHnwKjM4sQ8qm34JMU,"[{""artist_id"": ""3DDcmHnwKjM4sQ8qm34JMU"", ""artist_name"": ""Unisonic"", ""artist_url"": ""https://open.spotify.com/artist/3DDcmHnwKjM4sQ8qm34JMU"", ""monthly_listeners"": ""28635"", ""monthly_listeners_display"": ""28,635"", ""is_approx"": ""false"", ""fetch_error"": """"}]","[{""artist_id"": ""3DDcmHnwKjM4sQ8qm34JMU"", ""artist_name"": ""Unisonic"", ""artist_uri"": ""spotify:artist:3DDcmHnwKjM4sQ8qm34JMU"", ""artist_url"": ""https://open.spotify.com/artist/3DDcmHnwKjM4sQ8qm34JMU"", ""artist_type"": ""artist"", ""artist_genres"": """", ""artist_spotify_api_popularity"": """", ""artist_followers_total"": """", ""artist_image_url"": ""https://i.scdn.co/image/ab6761610000e5eb0be750ff9272422d98f971b0"", ""artist_lookup_error"": """", ""artist_monthly_listeners"": ""28635"", ""artist_monthly_listeners_display"": ""28,635"", ""artist_monthly_listeners_is_approx"": ""false"", ""artist_monthly_listeners_source"": ""Spotify public artist page"", ""artist_monthly_listeners_fetch_error"": """"}]",0,,"{""spotify"": ""https://open.spotify.com/track/6ruhOxyV98u0nHjd4bX5KM""}",{}
week5_17august,2026-08-17T07:40:10+00:00,Spotify,Aysima Karçaaltıncaba,aaaaysimaaaa,Week5_User9,Week5_User9,1xsWyL6Il706WAgqFuu5cX,spotify:playlist:1xsWyL6Il706WAgqFuu5cX,https://open.spotify.com/playlist/1xsWyL6Il706WAgqFuu5cX,,aaaaysimaaaa,Aysima Karçaaltıncaba,True,False,0,AAAAA6RGfXfTRMiW+w5cLmWpl6JE+bgx,,6,2026-08-17T07:28:44Z,aaaaysimaaaa,primary_artist_monthly_listeners,849932,"849,932",Spotify public artist page,false,,1IaQLINjiOCSv4INrrv0aS,spotify:track:1IaQLINjiOCSv4INrrv0aS,https://open.spotify.com/track/1IaQLINjiOCSv4INrrv0aS,Unbreakable - Remastered,track,2,1,277546,277.546,False,False,True,,https://api.spotify.com/v1/tracks/1IaQLINjiOCSv4INrrv0aS,https://api.spotify.com/v1/tracks/1IaQLINjiOCSv4INrrv0aS,,,DEH841201011,,,37qdr3nW8foSCx7SRHP5La,spotify:album:37qdr3nW8foSCx7SRHP5La,https://open.spotify.com/album/37qdr3nW8foSCx7SRHP5La,Nemesis,album,,11,2013-02-22,day,,C: 2013 Edel Germany GmbH. earMUSIC is a project of Edel.; P: 2013 Edel Germany GmbH. earMUSIC is a project of Edel.,,https://i.scdn.co/image/ab67616d0000b2739532632e19344281ad70337b,,1O8CSXsPwEqxcoBE360PPO,Stratovarius,spotify:artist:1O8CSXsPwEqxcoBE360PPO,https://open.spotify.com/artist/1O8CSXsPwEqxcoBE360PPO,,,,849932,"849,932",false,Spotify public artist page,,https://i.scdn.co/image/ab6761610000e5eb4733f393ad04f47b31edaadb,,1O8CSXsPwEqxcoBE360PPO,Stratovarius,https://open.spotify.com/artist/1O8CSXsPwEqxcoBE360PPO,"[{""artist_id"": ""1O8CSXsPwEqxcoBE360PPO"", ""artist_name"": ""Stratovarius"", ""artist_url"": ""https://open.spotify.com/artist/1O8CSXsPwEqxcoBE360PPO"", ""monthly_listeners"": ""849932"", ""monthly_listeners_display"": ""849,932"", ""is_approx"": ""false"", ""fetch_error"": """"}]","[{""artist_id"": ""1O8CSXsPwEqxcoBE360PPO"", ""artist_name"": ""Stratovarius"", ""artist_uri"": ""spotify:artist:1O8CSXsPwEqxcoBE360PPO"", ""artist_url"": ""https://open.spotify.com/artist/1O8CSXsPwEqxcoBE360PPO"", ""artist_type"": ""artist"", ""artist_genres"": """", ""artist_spotify_api_popularity"": """", ""artist_followers_total"": """", ""artist_image_url"": ""https://i.scdn.co/image/ab6761610000e5eb4733f393ad04f47b31edaadb"", ""artist_lookup_error"": """", ""artist_monthly_listeners"": ""849932"", ""artist_monthly_listeners_display"": ""849,932"", ""artist_monthly_listeners_is_approx"": ""false"", ""artist_monthly_listeners_source"": ""Spotify public artist page"", ""artist_monthly_listeners_fetch_error"": """"}]",0,,"{""spotify"": ""https://open.spotify.com/track/1IaQLINjiOCSv4INrrv0aS""}",{}
week5_17august,2026-08-17T07:40:10+00:00,Spotify,Aysima Karçaaltıncaba,aaaaysimaaaa,Week5_User9,Week5_User9,1xsWyL6Il706WAgqFuu5cX,spotify:playlist:1xsWyL6Il706WAgqFuu5cX,https://open.spotify.com/playlist/1xsWyL6Il706WAgqFuu5cX,,aaaaysimaaaa,Aysima Karçaaltıncaba,True,False,0,AAAAA6RGfXfTRMiW+w5cLmWpl6JE+bgx,,7,2026-08-17T07:28:44Z,aaaaysimaaaa,primary_artist_monthly_listeners,172653,"172,653",Spotify public artist page,false,,1BaJ4KLFgnveSRGKBwRWve,spotify:track:1BaJ4KLFgnveSRGKBwRWve,https://open.spotify.com/track/1BaJ4KLFgnveSRGKBwRWve,Heroes,track,6,1,213573,213.573,False,False,True,,https://api.spotify.com/v1/tracks/1BaJ4KLFgnveSRGKBwRWve,https://api.spotify.com/v1/tracks/1BaJ4KLFgnveSRGKBwRWve,,,DET970200006,,,6FxqNK88NImuiMIpCrTZee,spotify:album:6FxqNK88NImuiMIpCrTZee,https://open.spotify.com/album/6FxqNK88NImuiMIpCrTZee,Masterplan,album,,11,2003-01-20,day,,C: 2003 AFM Records; P: 2003 AFM Records,,https://i.scdn.co/image/ab67616d0000b2737479397fc56803ba3511fd1c,,1OHNvr18TssBKYK0A75yvx,Masterplan,spotify:artist:1OHNvr18TssBKYK0A75yvx,https://open.spotify.com/artist/1OHNvr18TssBKYK0A75yvx,,,,172653,"172,653",false,Spotify public artist page,,https://i.scdn.co/image/ab6761610000e5eb8cfdd5ee976e9da4af82d208,,1OHNvr18TssBKYK0A75yvx,Masterplan,https://open.spotify.com/artist/1OHNvr18TssBKYK0A75yvx,"[{""artist_id"": ""1OHNvr18TssBKYK0A75yvx"", ""artist_name"": ""Masterplan"", ""artist_url"": ""https://open.spotify.com/artist/1OHNvr18TssBKYK0A75yvx"", ""monthly_listeners"": ""172653"", ""monthly_listeners_display"": ""172,653"", ""is_approx"": ""false"", ""fetch_error"": """"}]","[{""artist_id"": ""1OHNvr18TssBKYK0A75yvx"", ""artist_name"": ""Masterplan"", ""artist_uri"": ""spotify:artist:1OHNvr18TssBKYK0A75yvx"", ""artist_url"": ""https://open.spotify.com/artist/1OHNvr18TssBKYK0A75yvx"", ""artist_type"": ""artist"", ""artist_genres"": """", ""artist_spotify_api_popularity"": """", ""artist_followers_total"": """", ""artist_image_url"": ""https://i.scdn.co/image/ab6761610000e5eb8cfdd5ee976e9da4af82d208"", ""artist_lookup_error"": """", ""artist_monthly_listeners"": ""172653"", ""artist_monthly_listeners_display"": ""172,653"", ""artist_monthly_listeners_is_approx"": ""false"", ""artist_monthly_listeners_source"": ""Spotify public artist page"", ""artist_monthly_listeners_fetch_error"": """"}]",0,,"{""spotify"": ""https://open.spotify.com/track/1BaJ4KLFgnveSRGKBwRWve""}",{}
week5_17august,2026-08-17T07:40:10+00:00,Spotify,Aysima Karçaaltıncaba,aaaaysimaaaa,Week5_User9,Week5_User9,1xsWyL6Il706WAgqFuu5cX,spotify:playlist:1xsWyL6Il706WAgqFuu5cX,https://open.spotify.com/playlist/1xsWyL6Il706WAgqFuu5cX,,aaaaysimaaaa,Aysima Karçaaltıncaba,True,False,0,AAAAA6RGfXfTRMiW+w5cLmWpl6JE+bgx,,8,2026-08-17T07:28:44Z,aaaaysimaaaa,primary_artist_monthly_listeners,108314,"108,314",Spotify public artist page,false,,4Mtj8Pf6GBFctUuG8mP9fO,spotify:track:4Mtj8Pf6GBFctUuG8mP9fO,https://open.spotify.com/track/4Mtj8Pf6GBFctUuG8mP9fO,Mercenary Man,track,3,1,208586,208.586,False,False,True,,https://api.spotify.com/v1/tracks/4Mtj8Pf6GBFctUuG8mP9fO,https://api.spotify.com/v1/tracks/4Mtj8Pf6GBFctUuG8mP9fO,,,US4E40844803,,,1yjOwnIzzjmQDMPu8mHinj,spotify:album:1yjOwnIzzjmQDMPu8mHinj,https://open.spotify.com/album/1yjOwnIzzjmQDMPu8mHinj,The Premonition,album,,10,2008-07-13,day,,P: (P) 2008 Century Media Records Ltd.,,https://i.scdn.co/image/ab67616d0000b273115870a1892f8f8a1cfae7eb,,70I9vE7YTwKmelfEplXc5r,Firewind,spotify:artist:70I9vE7YTwKmelfEplXc5r,https://open.spotify.com/artist/70I9vE7YTwKmelfEplXc5r,,,,108314,"108,314",false,Spotify public artist page,,https://i.scdn.co/image/ab6761610000e5eb65dfd5aaf0e94b6c190d63b4,,70I9vE7YTwKmelfEplXc5r,Firewind,https://open.spotify.com/artist/70I9vE7YTwKmelfEplXc5r,"[{""artist_id"": ""70I9vE7YTwKmelfEplXc5r"", ""artist_name"": ""Firewind"", ""artist_url"": ""https://open.spotify.com/artist/70I9vE7YTwKmelfEplXc5r"", ""monthly_listeners"": ""108314"", ""monthly_listeners_display"": ""108,314"", ""is_approx"": ""false"", ""fetch_error"": """"}]","[{""artist_id"": ""70I9vE7YTwKmelfEplXc5r"", ""artist_name"": ""Firewind"", ""artist_uri"": ""spotify:artist:70I9vE7YTwKmelfEplXc5r"", ""artist_url"": ""https://open.spotify.com/artist/70I9vE7YTwKmelfEplXc5r"", ""artist_type"": ""artist"", ""artist_genres"": """", ""artist_spotify_api_popularity"": """", ""artist_followers_total"": """", ""artist_image_url"": ""https://i.scdn.co/image/ab6761610000e5eb65dfd5aaf0e94b6c190d63b4"", ""artist_lookup_error"": """", ""artist_monthly_listeners"": ""108314"", ""artist_monthly_listeners_display"": ""108,314"", ""artist_monthly_listeners_is_approx"": ""false"", ""artist_monthly_listeners_source"": ""Spotify public artist page"", ""artist_monthly_listeners_fetch_error"": """"}]",0,,"{""spotify"": ""https://open.spotify.com/track/4Mtj8Pf6GBFctUuG8mP9fO""}",{}
week5_17august,2026-08-17T07:40:10+00:00,Spotify,Aysima Karçaaltıncaba,aaaaysimaaaa,Week5_User9,Week5_User9,1xsWyL6Il706WAgqFuu5cX,spotify:playlist:1xsWyL6Il706WAgqFuu5cX,https://open.spotify.com/playlist/1xsWyL6Il706WAgqFuu5cX,,aaaaysimaaaa,Aysima Karçaaltıncaba,True,False,0,AAAAA6RGfXfTRMiW+w5cLmWpl6JE+bgx,,9,2026-08-17T07:28:44Z,aaaaysimaaaa,primary_artist_monthly_listeners,111795,"111,795",Spotify public artist page,false,,0iIZ10DBMWUY0g7eqgVjg0,spotify:track:0iIZ10DBMWUY0g7eqgVjg0,https://open.spotify.com/track/0iIZ10DBMWUY0g7eqgVjg0,Falling From The Sun,track,1,1,255200,255.200,False,False,True,,https://api.spotify.com/v1/tracks/0iIZ10DBMWUY0g7eqgVjg0,https://api.spotify.com/v1/tracks/0iIZ10DBMWUY0g7eqgVjg0,,,ATN262428201,,,4KZl1xBZni500nf88OtWX0,spotify:album:4KZl1xBZni500nf88OtWX0,https://open.spotify.com/album/4KZl1xBZni500nf88OtWX0,Theories Of Emptiness,album,,11,2024-06-07,day,,C: (C) 2024 Napalm Records Handels GmbH; P: (P) 2024 Napalm Records Handels GmbH,,https://i.scdn.co/image/ab67616d0000b2734a3a174ae2160007e9787654,,4S0foX2r0RlC12KBW8u73D,Evergrey,spotify:artist:4S0foX2r0RlC12KBW8u73D,https://open.spotify.com/artist/4S0foX2r0RlC12KBW8u73D,,,,111795,"111,795",false,Spotify public artist page,,https://i.scdn.co/image/ab6761610000e5eb508c02089af4867be1f7e066,,4S0foX2r0RlC12KBW8u73D,Evergrey,https://open.spotify.com/artist/4S0foX2r0RlC12KBW8u73D,"[{""artist_id"": ""4S0foX2r0RlC12KBW8u73D"", ""artist_name"": ""Evergrey"", ""artist_url"": ""https://open.spotify.com/artist/4S0foX2r0RlC12KBW8u73D"", ""monthly_listeners"": ""111795"", ""monthly_listeners_display"": ""111,795"", ""is_approx"": ""false"", ""fetch_error"": """"}]","[{""artist_id"": ""4S0foX2r0RlC12KBW8u73D"", ""artist_name"": ""Evergrey"", ""artist_uri"": ""spotify:artist:4S0foX2r0RlC12KBW8u73D"", ""artist_url"": ""https://open.spotify.com/artist/4S0foX2r0RlC12KBW8u73D"", ""artist_type"": ""artist"", ""artist_genres"": """", ""artist_spotify_api_popularity"": """", ""artist_followers_total"": """", ""artist_image_url"": ""https://i.scdn.co/image/ab6761610000e5eb508c02089af4867be1f7e066"", ""artist_lookup_error"": """", ""artist_monthly_listeners"": ""111795"", ""artist_monthly_listeners_display"": ""111,795"", ""artist_monthly_listeners_is_approx"": ""false"", ""artist_monthly_listeners_source"": ""Spotify public artist page"", ""artist_monthly_listeners_fetch_error"": """"}]",0,,"{""spotify"": ""https://open.spotify.com/track/0iIZ10DBMWUY0g7eqgVjg0""}",{}
week5_17august,2026-08-17T07:40:10+00:00,Spotify,Aysima Karçaaltıncaba,aaaaysimaaaa,Week5_User9,Week5_User9,1xsWyL6Il706WAgqFuu5cX,spotify:playlist:1xsWyL6Il706WAgqFuu5cX,https://open.spotify.com/playlist/1xsWyL6Il706WAgqFuu5cX,,aaaaysimaaaa,Aysima Karçaaltıncaba,True,False,0,AAAAA6RGfXfTRMiW+w5cLmWpl6JE+bgx,,10,2026-08-17T07:28:44Z,aaaaysimaaaa,primary_artist_monthly_listeners,57684,"57,684",Spotify public artist page,false,,1G25K7Q6ectDeo2bQ7NczQ,spotify:track:1G25K7Q6ectDeo2bQ7NczQ,https://open.spotify.com/track/1G25K7Q6ectDeo2bQ7NczQ,Hall Of The Mountain King,track,9,1,331226,331.226,False,False,True,,https://api.spotify.com/v1/tracks/1G25K7Q6ectDeo2bQ7NczQ,https://api.spotify.com/v1/tracks/1G25K7Q6ectDeo2bQ7NczQ,,,USBI19500036,,,6TsYwZv0u1NwtwqrPlOPz7,spotify:album:6TsYwZv0u1NwtwqrPlOPz7,https://open.spotify.com/album/6TsYwZv0u1NwtwqrPlOPz7,Stranger In Us All,album,,10,1995-01-01,day,,P: (P) 1995 BMG Entertainment,,https://i.scdn.co/image/ab67616d0000b273363328c5bd8e16293851284d,,7yMqxge3rOuzpKVIoSQToG,Ritchie Blackmore's Rainbow,spotify:artist:7yMqxge3rOuzpKVIoSQToG,https://open.spotify.com/artist/7yMqxge3rOuzpKVIoSQToG,,,,57684,"57,684",false,Spotify public artist page,,https://i.scdn.co/image/ab67616d0000b273363328c5bd8e16293851284d,,7yMqxge3rOuzpKVIoSQToG,Ritchie Blackmore's Rainbow,https://open.spotify.com/artist/7yMqxge3rOuzpKVIoSQToG,"[{""artist_id"": ""7yMqxge3rOuzpKVIoSQToG"", ""artist_name"": ""Ritchie Blackmore's Rainbow"", ""artist_url"": ""https://open.spotify.com/artist/7yMqxge3rOuzpKVIoSQToG"", ""monthly_listeners"": ""57684"", ""monthly_listeners_display"": ""57,684"", ""is_approx"": ""false"", ""fetch_error"": """"}]","[{""artist_id"": ""7yMqxge3rOuzpKVIoSQToG"", ""artist_name"": ""Ritchie Blackmore's Rainbow"", ""artist_uri"": ""spotify:artist:7yMqxge3rOuzpKVIoSQToG"", ""artist_url"": ""https://open.spotify.com/artist/7yMqxge3rOuzpKVIoSQToG"", ""artist_type"": ""artist"", ""artist_genres"": """", ""artist_spotify_api_popularity"": """", ""artist_followers_total"": """", ""artist_image_url"": ""https://i.scdn.co/image/ab67616d0000b273363328c5bd8e16293851284d"", ""artist_lookup_error"": """", ""artist_monthly_listeners"": ""57684"", ""artist_monthly_listeners_display"": ""57,684"", ""artist_monthly_listeners_is_approx"": ""false"", ""artist_monthly_listeners_source"": ""Spotify public artist page"", ""artist_monthly_listeners_fetch_error"": """"}]",0,,"{""spotify"": ""https://open.spotify.com/track/1G25K7Q6ectDeo2bQ7NczQ""}",{}
week5_17august,2026-08-17T07:40:10+00:00,Spotify,Aysima Karçaaltıncaba,aaaaysimaaaa,Week5_User9,Week5_User9,1xsWyL6Il706WAgqFuu5cX,spotify:playlist:1xsWyL6Il706WAgqFuu5cX,https://open.spotify.com/playlist/1xsWyL6Il706WAgqFuu5cX,,aaaaysimaaaa,Aysima Karçaaltıncaba,True,False,0,AAAAA6RGfXfTRMiW+w5cLmWpl6JE+bgx,,11,2026-08-17T07:28:44Z,aaaaysimaaaa,primary_artist_monthly_listeners,14053,"14,053",Spotify public artist page,false,,4t9ax3CjKoJUCn4mO6QS9d,spotify:track:4t9ax3CjKoJUCn4mO6QS9d,https://open.spotify.com/track/4t9ax3CjKoJUCn4mO6QS9d,Full Throttle,track,2,1,230964,230.964,False,False,True,,https://api.spotify.com/v1/tracks/4t9ax3CjKoJUCn4mO6QS9d,https://api.spotify.com/v1/tracks/4t9ax3CjKoJUCn4mO6QS9d,,,DEU601606525,,,6NTy6aMObIjW1FRLc36jZU,spotify:album:6NTy6aMObIjW1FRLc36jZU,https://open.spotify.com/album/6NTy6aMObIjW1FRLc36jZU,Burn up the Night,album,,8,2016-09-23,day,,C: 2016 AFM Records; P: 2016 AFM Records,,https://i.scdn.co/image/ab67616d0000b273e172371c64895da14e51ec64,,0SmK0Nh1fuDYGSGWDI3eVh,Kryptos,spotify:artist:0SmK0Nh1fuDYGSGWDI3eVh,https://open.spotify.com/artist/0SmK0Nh1fuDYGSGWDI3eVh,,,,14053,"14,053",false,Spotify public artist page,,https://i.scdn.co/image/ab6761610000e5ebca00a79ff51150dac65c4aa1,,0SmK0Nh1fuDYGSGWDI3eVh,Kryptos,https://open.spotify.com/artist/0SmK0Nh1fuDYGSGWDI3eVh,"[{""artist_id"": ""0SmK0Nh1fuDYGSGWDI3eVh"", ""artist_name"": ""Kryptos"", ""artist_url"": ""https://open.spotify.com/artist/0SmK0Nh1fuDYGSGWDI3eVh"", ""monthly_listeners"": ""14053"", ""monthly_listeners_display"": ""14,053"", ""is_approx"": ""false"", ""fetch_error"": """"}]","[{""artist_id"": ""0SmK0Nh1fuDYGSGWDI3eVh"", ""artist_name"": ""Kryptos"", ""artist_uri"": ""spotify:artist:0SmK0Nh1fuDYGSGWDI3eVh"", ""artist_url"": ""https://open.spotify.com/artist/0SmK0Nh1fuDYGSGWDI3eVh"", ""artist_type"": ""artist"", ""artist_genres"": """", ""artist_spotify_api_popularity"": """", ""artist_followers_total"": """", ""artist_image_url"": ""https://i.scdn.co/image/ab6761610000e5ebca00a79ff51150dac65c4aa1"", ""artist_lookup_error"": """", ""artist_monthly_listeners"": ""14053"", ""artist_monthly_listeners_display"": ""14,053"", ""artist_monthly_listeners_is_approx"": ""false"", ""artist_monthly_listeners_source"": ""Spotify public artist page"", ""artist_monthly_listeners_fetch_error"": """"}]",0,,"{""spotify"": ""https://open.spotify.com/track/4t9ax3CjKoJUCn4mO6QS9d""}",{}
week5_17august,2026-08-17T07:40:10+00:00,Spotify,Aysima Karçaaltıncaba,aaaaysimaaaa,Week5_User9,Week5_User9,1xsWyL6Il706WAgqFuu5cX,spotify:playlist:1xsWyL6Il706WAgqFuu5cX,https://open.spotify.com/playlist/1xsWyL6Il706WAgqFuu5cX,,aaaaysimaaaa,Aysima Karçaaltıncaba,True,False,0,AAAAA6RGfXfTRMiW+w5cLmWpl6JE+bgx,,12,2026-08-17T07:28:44Z,aaaaysimaaaa,primary_artist_monthly_listeners,476060,"476,060",Spotify public artist page,false,,7623cs9y5l1b6uPXZ4U2ny,spotify:track:7623cs9y5l1b6uPXZ4U2ny,https://open.spotify.com/track/7623cs9y5l1b6uPXZ4U2ny,Crusader,track,2,1,394666,394.666,False,False,True,,https://api.spotify.com/v1/tracks/7623cs9y5l1b6uPXZ4U2ny,https://api.spotify.com/v1/tracks/7623cs9y5l1b6uPXZ4U2ny,,,GB01A8400013,,,0VX5quh1hID3EiB0VwPmNu,spotify:album:0VX5quh1hID3EiB0VwPmNu,https://open.spotify.com/album/0VX5quh1hID3EiB0VwPmNu,Crusader,album,,10,1984,year,,"C: 1984 Union Square Music Limited, a BMG Company; P: 1984 Union Square Music Limited, a BMG Company",,https://i.scdn.co/image/ab67616d0000b27359646b38e8386f7ce94c74d6,,71vVmHeNgCVSa5SVmfvscU,Saxon,spotify:artist:71vVmHeNgCVSa5SVmfvscU,https://open.spotify.com/artist/71vVmHeNgCVSa5SVmfvscU,,,,476060,"476,060",false,Spotify public artist page,,https://i.scdn.co/image/ab6761610000e5eb3cf9569774c02e8e99f46eda,,71vVmHeNgCVSa5SVmfvscU,Saxon,https://open.spotify.com/artist/71vVmHeNgCVSa5SVmfvscU,"[{""artist_id"": ""71vVmHeNgCVSa5SVmfvscU"", ""artist_name"": ""Saxon"", ""artist_url"": ""https://open.spotify.com/artist/71vVmHeNgCVSa5SVmfvscU"", ""monthly_listeners"": ""476060"", ""monthly_listeners_display"": ""476,060"", ""is_approx"": ""false"", ""fetch_error"": """"}]","[{""artist_id"": ""71vVmHeNgCVSa5SVmfvscU"", ""artist_name"": ""Saxon"", ""artist_uri"": ""spotify:artist:71vVmHeNgCVSa5SVmfvscU"", ""artist_url"": ""https://open.spotify.com/artist/71vVmHeNgCVSa5SVmfvscU"", ""artist_type"": ""artist"", ""artist_genres"": """", ""artist_spotify_api_popularity"": """", ""artist_followers_total"": """", ""artist_image_url"": ""https://i.scdn.co/image/ab6761610000e5eb3cf9569774c02e8e99f46eda"", ""artist_lookup_error"": """", ""artist_monthly_listeners"": ""476060"", ""artist_monthly_listeners_display"": ""476,060"", ""artist_monthly_listeners_is_approx"": ""false"", ""artist_monthly_listeners_source"": ""Spotify public artist page"", ""artist_monthly_listeners_fetch_error"": """"}]",0,,"{""spotify"": ""https://open.spotify.com/track/7623cs9y5l1b6uPXZ4U2ny""}",{}
week5_17august,2026-08-17T07:40:10+00:00,Spotify,Aysima Karçaaltıncaba,aaaaysimaaaa,Week5_User9,Week5_User9,1xsWyL6Il706WAgqFuu5cX,spotify:playlist:1xsWyL6Il706WAgqFuu5cX,https://open.spotify.com/playlist/1xsWyL6Il706WAgqFuu5cX,,aaaaysimaaaa,Aysima Karçaaltıncaba,True,False,0,AAAAA6RGfXfTRMiW+w5cLmWpl6JE+bgx,,13,2026-08-17T07:28:44Z,aaaaysimaaaa,primary_artist_monthly_listeners,60076,"60,076",Spotify public artist page,false,,54pFmRnoVoKuHf1i36ZORF,spotify:track:54pFmRnoVoKuHf1i36ZORF,https://open.spotify.com/track/54pFmRnoVoKuHf1i36ZORF,Blood on My Hands - Remaster 2019,track,5,1,284866,284.866,False,False,True,,https://api.spotify.com/v1/tracks/54pFmRnoVoKuHf1i36ZORF,https://api.spotify.com/v1/tracks/54pFmRnoVoKuHf1i36ZORF,,,GBDHC1908005,,,6ee1ODEQBi5qbxs8knwoQL,spotify:album:6ee1ODEQBi5qbxs8knwoQL,https://open.spotify.com/album/6ee1ODEQBi5qbxs8knwoQL,Demons & Wizards (Remasters 2019),album,,12,2019-03-29,day,,P: (P) 2019 Century Media Records Ltd. under exclusive license from Demons & Wizards,,https://i.scdn.co/image/ab67616d0000b2732dfcaef0db0ad36a5aa90fbc,,4O6RDLeFX5xuQ7IePFzVcl,Demons & Wizards,spotify:artist:4O6RDLeFX5xuQ7IePFzVcl,https://open.spotify.com/artist/4O6RDLeFX5xuQ7IePFzVcl,,,,60076,"60,076",false,Spotify public artist page,,https://i.scdn.co/image/ab6761610000e5ebbc220b198ebd4f26e9b6a601,,4O6RDLeFX5xuQ7IePFzVcl,Demons & Wizards,https://open.spotify.com/artist/4O6RDLeFX5xuQ7IePFzVcl,"[{""artist_id"": ""4O6RDLeFX5xuQ7IePFzVcl"", ""artist_name"": ""Demons & Wizards"", ""artist_url"": ""https://open.spotify.com/artist/4O6RDLeFX5xuQ7IePFzVcl"", ""monthly_listeners"": ""60076"", ""monthly_listeners_display"": ""60,076"", ""is_approx"": ""false"", ""fetch_error"": """"}]","[{""artist_id"": ""4O6RDLeFX5xuQ7IePFzVcl"", ""artist_name"": ""Demons & Wizards"", ""artist_uri"": ""spotify:artist:4O6RDLeFX5xuQ7IePFzVcl"", ""artist_url"": ""https://open.spotify.com/artist/4O6RDLeFX5xuQ7IePFzVcl"", ""artist_type"": ""artist"", ""artist_genres"": """", ""artist_spotify_api_popularity"": """", ""artist_followers_total"": """", ""artist_image_url"": ""https://i.scdn.co/image/ab6761610000e5ebbc220b198ebd4f26e9b6a601"", ""artist_lookup_error"": """", ""artist_monthly_listeners"": ""60076"", ""artist_monthly_listeners_display"": ""60,076"", ""artist_monthly_listeners_is_approx"": ""false"", ""artist_monthly_listeners_source"": ""Spotify public artist page"", ""artist_monthly_listeners_fetch_error"": """"}]",0,,"{""spotify"": ""https://open.spotify.com/track/54pFmRnoVoKuHf1i36ZORF""}",{}
week5_17august,2026-08-17T07:40:10+00:00,Spotify,Aysima Karçaaltıncaba,aaaaysimaaaa,Week5_User9,Week5_User9,1xsWyL6Il706WAgqFuu5cX,spotify:playlist:1xsWyL6Il706WAgqFuu5cX,https://open.spotify.com/playlist/1xsWyL6Il706WAgqFuu5cX,,aaaaysimaaaa,Aysima Karçaaltıncaba,True,False,0,AAAAA6RGfXfTRMiW+w5cLmWpl6JE+bgx,,14,2026-08-17T07:28:44Z,aaaaysimaaaa,primary_artist_monthly_listeners,464192,"464,192",Spotify public artist page,false,,1kfsilNfsFhDMkQjo7PVKO,spotify:track:1kfsilNfsFhDMkQjo7PVKO,https://open.spotify.com/track/1kfsilNfsFhDMkQjo7PVKO,Kingdom For A Heart,track,5,1,229573,229.573,False,False,True,,https://api.spotify.com/v1/tracks/1kfsilNfsFhDMkQjo7PVKO,https://api.spotify.com/v1/tracks/1kfsilNfsFhDMkQjo7PVKO,,,FISFS9900086,,,3rM1PNwpD1hWbFTHVUoyuc,spotify:album:3rM1PNwpD1hWbFTHVUoyuc,https://open.spotify.com/album/3rM1PNwpD1hWbFTHVUoyuc,Ecliptica (International Version),album,,10,1999-01-01,day,,C: 1999 Spin-Farm Oy; P: 1999 Spin-Farm Oy,,https://i.scdn.co/image/ab67616d0000b273c579b15206ab88f6dcad44f6,,5YeoQ1L71cXDMpSpqxOjfH,Sonata Arctica,spotify:artist:5YeoQ1L71cXDMpSpqxOjfH,https://open.spotify.com/artist/5YeoQ1L71cXDMpSpqxOjfH,,,,464192,"464,192",false,Spotify public artist page,,https://i.scdn.co/image/ab6761610000e5eb3c36e8b69cb376bf869aedc2,,5YeoQ1L71cXDMpSpqxOjfH,Sonata Arctica,https://open.spotify.com/artist/5YeoQ1L71cXDMpSpqxOjfH,"[{""artist_id"": ""5YeoQ1L71cXDMpSpqxOjfH"", ""artist_name"": ""Sonata Arctica"", ""artist_url"": ""https://open.spotify.com/artist/5YeoQ1L71cXDMpSpqxOjfH"", ""monthly_listeners"": ""464192"", ""monthly_listeners_display"": ""464,192"", ""is_approx"": ""false"", ""fetch_error"": """"}]","[{""artist_id"": ""5YeoQ1L71cXDMpSpqxOjfH"", ""artist_name"": ""Sonata Arctica"", ""artist_uri"": ""spotify:artist:5YeoQ1L71cXDMpSpqxOjfH"", ""artist_url"": ""https://open.spotify.com/artist/5YeoQ1L71cXDMpSpqxOjfH"", ""artist_type"": ""artist"", ""artist_genres"": """", ""artist_spotify_api_popularity"": """", ""artist_followers_total"": """", ""artist_image_url"": ""https://i.scdn.co/image/ab6761610000e5eb3c36e8b69cb376bf869aedc2"", ""artist_lookup_error"": """", ""artist_monthly_listeners"": ""464192"", ""artist_monthly_listeners_display"": ""464,192"", ""artist_monthly_listeners_is_approx"": ""false"", ""artist_monthly_listeners_source"": ""Spotify public artist page"", ""artist_monthly_listeners_fetch_error"": """"}]",0,,"{""spotify"": ""https://open.spotify.com/track/1kfsilNfsFhDMkQjo7PVKO""}",{}
week5_17august,2026-08-17T07:40:10+00:00,Spotify,Aysima Karçaaltıncaba,aaaaysimaaaa,Week5_User9,Week5_User9,1xsWyL6Il706WAgqFuu5cX,spotify:playlist:1xsWyL6Il706WAgqFuu5cX,https://open.spotify.com/playlist/1xsWyL6Il706WAgqFuu5cX,,aaaaysimaaaa,Aysima Karçaaltıncaba,True,False,0,AAAAA6RGfXfTRMiW+w5cLmWpl6JE+bgx,,15,2026-08-17T07:28:44Z,aaaaysimaaaa,primary_artist_monthly_listeners,400540,"400,540",Spotify public artist page,false,,5LKm2vMBOtKq12C0padpN2,spotify:track:5LKm2vMBOtKq12C0padpN2,https://open.spotify.com/track/5LKm2vMBOtKq12C0padpN2,Gutter Ballet,track,2,1,380360,380.360,False,False,True,,https://api.spotify.com/v1/tracks/5LKm2vMBOtKq12C0padpN2,https://api.spotify.com/v1/tracks/5LKm2vMBOtKq12C0padpN2,,,DEB340900149,,,6zMeDffPrKyYSBf9AuyTIF,spotify:album:6zMeDffPrKyYSBf9AuyTIF,https://open.spotify.com/album/6zMeDffPrKyYSBf9AuyTIF,Gutter Ballet (2011 Edition),album,,13,1989,year,,C: 2011 Savatage Inc. under exclusive license to Edel Germany GmbH. earMUSIC is a project of Edel.; P: 2011 Savatage Inc. under exclusive license to Edel Germany GmbH. earMUSIC is a project of Edel.,,https://i.scdn.co/image/ab67616d0000b2738cda8b13ef9130cb6f7512b7,,3N1B1g6JtIgd6ClRkzD4yT,Savatage,spotify:artist:3N1B1g6JtIgd6ClRkzD4yT,https://open.spotify.com/artist/3N1B1g6JtIgd6ClRkzD4yT,,,,400540,"400,540",false,Spotify public artist page,,https://i.scdn.co/image/ab6761610000e5eb28ce3420531dadeaea4d8aef,,3N1B1g6JtIgd6ClRkzD4yT,Savatage,https://open.spotify.com/artist/3N1B1g6JtIgd6ClRkzD4yT,"[{""artist_id"": ""3N1B1g6JtIgd6ClRkzD4yT"", ""artist_name"": ""Savatage"", ""artist_url"": ""https://open.spotify.com/artist/3N1B1g6JtIgd6ClRkzD4yT"", ""monthly_listeners"": ""400540"", ""monthly_listeners_display"": ""400,540"", ""is_approx"": ""false"", ""fetch_error"": """"}]","[{""artist_id"": ""3N1B1g6JtIgd6ClRkzD4yT"", ""artist_name"": ""Savatage"", ""artist_uri"": ""spotify:artist:3N1B1g6JtIgd6ClRkzD4yT"", ""artist_url"": ""https://open.spotify.com/artist/3N1B1g6JtIgd6ClRkzD4yT"", ""artist_type"": ""artist"", ""artist_genres"": """", ""artist_spotify_api_popularity"": """", ""artist_followers_total"": """", ""artist_image_url"": ""https://i.scdn.co/image/ab6761610000e5eb28ce3420531dadeaea4d8aef"", ""artist_lookup_error"": """", ""artist_monthly_listeners"": ""400540"", ""artist_monthly_listeners_display"": ""400,540"", ""artist_monthly_listeners_is_approx"": ""false"", ""artist_monthly_listeners_source"": ""Spotify public artist page"", ""artist_monthly_listeners_fetch_error"": """"}]",0,,"{""spotify"": ""https://open.spotify.com/track/5LKm2vMBOtKq12C0padpN2""}",{}
week5_17august,2026-08-17T07:40:10+00:00,Spotify,Aysima Karçaaltıncaba,aaaaysimaaaa,Week5_User9,Week5_User9,1xsWyL6Il706WAgqFuu5cX,spotify:playlist:1xsWyL6Il706WAgqFuu5cX,https://open.spotify.com/playlist/1xsWyL6Il706WAgqFuu5cX,,aaaaysimaaaa,Aysima Karçaaltıncaba,True,False,0,AAAAA6RGfXfTRMiW+w5cLmWpl6JE+bgx,,16,2026-08-17T07:28:44Z,aaaaysimaaaa,primary_artist_monthly_listeners,1210168,"1,210,168",Spotify public artist page,false,,00FuOCmghgctxEsVVMGKDk,spotify:track:00FuOCmghgctxEsVVMGKDk,https://open.spotify.com/track/00FuOCmghgctxEsVVMGKDk,Crack the Sky,track,2,1,230317,230.317,True,False,True,,https://api.spotify.com/v1/tracks/00FuOCmghgctxEsVVMGKDk,https://api.spotify.com/v1/tracks/00FuOCmghgctxEsVVMGKDk,,,USMBR1913487,,,4NxlBCBuzKXCwNVNMfRGUa,spotify:album:4NxlBCBuzKXCwNVNMfRGUa,https://open.spotify.com/album/4NxlBCBuzKXCwNVNMfRGUa,Berserker,album,,12,2019-05-03,day,,"C: (C) 2019 Metal Blade Records, Inc.; P: (P) 2019 Metal Blade Records, Inc.",,https://i.scdn.co/image/ab67616d0000b2738d529980602b892735c091c7,,3pulcT2wt7FEG10lQlqDJL,Amon Amarth,spotify:artist:3pulcT2wt7FEG10lQlqDJL,https://open.spotify.com/artist/3pulcT2wt7FEG10lQlqDJL,,,,1210168,"1,210,168",false,Spotify public artist page,,https://i.scdn.co/image/ab6761610000e5ebe0ed6357e133abef229c44a3,,3pulcT2wt7FEG10lQlqDJL,Amon Amarth,https://open.spotify.com/artist/3pulcT2wt7FEG10lQlqDJL,"[{""artist_id"": ""3pulcT2wt7FEG10lQlqDJL"", ""artist_name"": ""Amon Amarth"", ""artist_url"": ""https://open.spotify.com/artist/3pulcT2wt7FEG10lQlqDJL"", ""monthly_listeners"": ""1210168"", ""monthly_listeners_display"": ""1,210,168"", ""is_approx"": ""false"", ""fetch_error"": """"}]","[{""artist_id"": ""3pulcT2wt7FEG10lQlqDJL"", ""artist_name"": ""Amon Amarth"", ""artist_uri"": ""spotify:artist:3pulcT2wt7FEG10lQlqDJL"", ""artist_url"": ""https://open.spotify.com/artist/3pulcT2wt7FEG10lQlqDJL"", ""artist_type"": ""artist"", ""artist_genres"": """", ""artist_spotify_api_popularity"": """", ""artist_followers_total"": """", ""artist_image_url"": ""https://i.scdn.co/image/ab6761610000e5ebe0ed6357e133abef229c44a3"", ""artist_lookup_error"": """", ""artist_monthly_listeners"": ""1210168"", ""artist_monthly_listeners_display"": ""1,210,168"", ""artist_monthly_listeners_is_approx"": ""false"", ""artist_monthly_listeners_source"": ""Spotify public artist page"", ""artist_monthly_listeners_fetch_error"": """"}]",0,,"{""spotify"": ""https://open.spotify.com/track/00FuOCmghgctxEsVVMGKDk""}",{}
week5_17august,2026-08-17T07:40:10+00:00,Spotify,Aysima Karçaaltıncaba,aaaaysimaaaa,Week5_User9,Week5_User9,1xsWyL6Il706WAgqFuu5cX,spotify:playlist:1xsWyL6Il706WAgqFuu5cX,https://open.spotify.com/playlist/1xsWyL6Il706WAgqFuu5cX,,aaaaysimaaaa,Aysima Karçaaltıncaba,True,False,0,AAAAA6RGfXfTRMiW+w5cLmWpl6JE+bgx,,17,2026-08-17T07:28:44Z,aaaaysimaaaa,primary_artist_monthly_listeners,868739,"868,739",Spotify public artist page,false,,7K8tplxNrEPRR2wcc6y0xT,spotify:track:7K8tplxNrEPRR2wcc6y0xT,https://open.spotify.com/track/7K8tplxNrEPRR2wcc6y0xT,At the End of the Rainbow,track,6,1,245973,245.973,False,False,True,,https://api.spotify.com/v1/tracks/7K8tplxNrEPRR2wcc6y0xT,https://api.spotify.com/v1/tracks/7K8tplxNrEPRR2wcc6y0xT,,,DED839841606,,,4uy63xsAGgdSx0mXaQ1lfl,spotify:album:4uy63xsAGgdSx0mXaQ1lfl,https://open.spotify.com/album/4uy63xsAGgdSx0mXaQ1lfl,Legacy of Kings,album,,10,1998-09-28,day,,"C: 1998 HammerFall Managament, under exclusive license to Nuclear Blast GmbH; P: 1998 HammerFall Managament, under exclusive license to Nuclear Blast GmbH",,https://i.scdn.co/image/ab67616d0000b273c74508076e95a160cf40643f,,2o18h28enlHxj887tATc58,HammerFall,spotify:artist:2o18h28enlHxj887tATc58,https://open.spotify.com/artist/2o18h28enlHxj887tATc58,,,,868739,"868,739",false,Spotify public artist page,,https://i.scdn.co/image/ab6761610000e5eb9a0164f238589f0c0ca31088,,2o18h28enlHxj887tATc58,HammerFall,https://open.spotify.com/artist/2o18h28enlHxj887tATc58,"[{""artist_id"": ""2o18h28enlHxj887tATc58"", ""artist_name"": ""HammerFall"", ""artist_url"": ""https://open.spotify.com/artist/2o18h28enlHxj887tATc58"", ""monthly_listeners"": ""868739"", ""monthly_listeners_display"": ""868,739"", ""is_approx"": ""false"", ""fetch_error"": """"}]","[{""artist_id"": ""2o18h28enlHxj887tATc58"", ""artist_name"": ""HammerFall"", ""artist_uri"": ""spotify:artist:2o18h28enlHxj887tATc58"", ""artist_url"": ""https://open.spotify.com/artist/2o18h28enlHxj887tATc58"", ""artist_type"": ""artist"", ""artist_genres"": """", ""artist_spotify_api_popularity"": """", ""artist_followers_total"": """", ""artist_image_url"": ""https://i.scdn.co/image/ab6761610000e5eb9a0164f238589f0c0ca31088"", ""artist_lookup_error"": """", ""artist_monthly_listeners"": ""868739"", ""artist_monthly_listeners_display"": ""868,739"", ""artist_monthly_listeners_is_approx"": ""false"", ""artist_monthly_listeners_source"": ""Spotify public artist page"", ""artist_monthly_listeners_fetch_error"": """"}]",0,,"{""spotify"": ""https://open.spotify.com/track/7K8tplxNrEPRR2wcc6y0xT""}",{}
week5_17august,2026-08-17T07:40:10+00:00,Spotify,Aysima Karçaaltıncaba,aaaaysimaaaa,Week5_User9,Week5_User9,1xsWyL6Il706WAgqFuu5cX,spotify:playlist:1xsWyL6Il706WAgqFuu5cX,https://open.spotify.com/playlist/1xsWyL6Il706WAgqFuu5cX,,aaaaysimaaaa,Aysima Karçaaltıncaba,True,False,0,AAAAA6RGfXfTRMiW+w5cLmWpl6JE+bgx,,18,2026-08-17T07:28:44Z,aaaaysimaaaa,primary_artist_monthly_listeners,746481,"746,481",Spotify public artist page,false,,2SR0CHOWgkVt0nLI9YwYti,spotify:track:2SR0CHOWgkVt0nLI9YwYti,https://open.spotify.com/track/2SR0CHOWgkVt0nLI9YwYti,"No Gods, No Masters",track,5,1,254653,254.653,False,False,True,,https://api.spotify.com/v1/tracks/2SR0CHOWgkVt0nLI9YwYti,https://api.spotify.com/v1/tracks/2SR0CHOWgkVt0nLI9YwYti,,,SEVKO1100005,,,7e6aLYzxgcsbD9NA9LpQQX,spotify:album:7e6aLYzxgcsbD9NA9LpQQX,https://open.spotify.com/album/7e6aLYzxgcsbD9NA9LpQQX,Khaos Legions,album,,14,2011-05-27,day,,P: (P) 2011 Century Media Records Ltd.,,https://i.scdn.co/image/ab67616d0000b273adc0e21564f18fc62c039794,,0DCw6lHkzh9t7f8Hb4Z0Sx,Arch Enemy,spotify:artist:0DCw6lHkzh9t7f8Hb4Z0Sx,https://open.spotify.com/artist/0DCw6lHkzh9t7f8Hb4Z0Sx,,,,746481,"746,481",false,Spotify public artist page,,https://i.scdn.co/image/ab6761610000e5ebc6790f344338cb196c00660d,,0DCw6lHkzh9t7f8Hb4Z0Sx,Arch Enemy,https://open.spotify.com/artist/0DCw6lHkzh9t7f8Hb4Z0Sx,"[{""artist_id"": ""0DCw6lHkzh9t7f8Hb4Z0Sx"", ""artist_name"": ""Arch Enemy"", ""artist_url"": ""https://open.spotify.com/artist/0DCw6lHkzh9t7f8Hb4Z0Sx"", ""monthly_listeners"": ""746481"", ""monthly_listeners_display"": ""746,481"", ""is_approx"": ""false"", ""fetch_error"": """"}]","[{""artist_id"": ""0DCw6lHkzh9t7f8Hb4Z0Sx"", ""artist_name"": ""Arch Enemy"", ""artist_uri"": ""spotify:artist:0DCw6lHkzh9t7f8Hb4Z0Sx"", ""artist_url"": ""https://open.spotify.com/artist/0DCw6lHkzh9t7f8Hb4Z0Sx"", ""artist_type"": ""artist"", ""artist_genres"": """", ""artist_spotify_api_popularity"": """", ""artist_followers_total"": """", ""artist_image_url"": ""https://i.scdn.co/image/ab6761610000e5ebc6790f344338cb196c00660d"", ""artist_lookup_error"": """", ""artist_monthly_listeners"": ""746481"", ""artist_monthly_listeners_display"": ""746,481"", ""artist_monthly_listeners_is_approx"": ""false"", ""artist_monthly_listeners_source"": ""Spotify public artist page"", ""artist_monthly_listeners_fetch_error"": """"}]",0,,"{""spotify"": ""https://open.spotify.com/track/2SR0CHOWgkVt0nLI9YwYti""}",{}
week5_17august,2026-08-17T07:40:10+00:00,Spotify,Aysima Karçaaltıncaba,aaaaysimaaaa,Week5_User9,Week5_User9,1xsWyL6Il706WAgqFuu5cX,spotify:playlist:1xsWyL6Il706WAgqFuu5cX,https://open.spotify.com/playlist/1xsWyL6Il706WAgqFuu5cX,,aaaaysimaaaa,Aysima Karçaaltıncaba,True,False,0,AAAAA6RGfXfTRMiW+w5cLmWpl6JE+bgx,,19,2026-08-17T07:28:44Z,aaaaysimaaaa,primary_artist_monthly_listeners,473901,"473,901",Spotify public artist page,false,,773yjqHbb0VMYrt6ARF1SB,spotify:track:773yjqHbb0VMYrt6ARF1SB,https://open.spotify.com/track/773yjqHbb0VMYrt6ARF1SB,Blacksong,track,2,1,336813,336.813,False,False,True,,https://api.spotify.com/v1/tracks/773yjqHbb0VMYrt6ARF1SB,https://api.spotify.com/v1/tracks/773yjqHbb0VMYrt6ARF1SB,,,DEU600500344,,,3YPkjTtpwdR3mOv4ToAlhW,spotify:album:3YPkjTtpwdR3mOv4ToAlhW,https://open.spotify.com/album/3YPkjTtpwdR3mOv4ToAlhW,The Duke,album,,10,2006-02-24,day,,C: © 2006 Legend Man Music; P: ℗ 2006 Legend Man Music,,https://i.scdn.co/image/ab67616d0000b2736a501333949796282e865afa,,5SaDyTQkjAAdrsmhPzrmw2,Jorn,spotify:artist:5SaDyTQkjAAdrsmhPzrmw2,https://open.spotify.com/artist/5SaDyTQkjAAdrsmhPzrmw2,,,,473901,"473,901",false,Spotify public artist page,,https://i.scdn.co/image/ab6761610000e5ebf1310d077ecfed399b5c7ca9,,5SaDyTQkjAAdrsmhPzrmw2,Jorn,https://open.spotify.com/artist/5SaDyTQkjAAdrsmhPzrmw2,"[{""artist_id"": ""5SaDyTQkjAAdrsmhPzrmw2"", ""artist_name"": ""Jorn"", ""artist_url"": ""https://open.spotify.com/artist/5SaDyTQkjAAdrsmhPzrmw2"", ""monthly_listeners"": ""473901"", ""monthly_listeners_display"": ""473,901"", ""is_approx"": ""false"", ""fetch_error"": """"}]","[{""artist_id"": ""5SaDyTQkjAAdrsmhPzrmw2"", ""artist_name"": ""Jorn"", ""artist_uri"": ""spotify:artist:5SaDyTQkjAAdrsmhPzrmw2"", ""artist_url"": ""https://open.spotify.com/artist/5SaDyTQkjAAdrsmhPzrmw2"", ""artist_type"": ""artist"", ""artist_genres"": """", ""artist_spotify_api_popularity"": """", ""artist_followers_total"": """", ""artist_image_url"": ""https://i.scdn.co/image/ab6761610000e5ebf1310d077ecfed399b5c7ca9"", ""artist_lookup_error"": """", ""artist_monthly_listeners"": ""473901"", ""artist_monthly_listeners_display"": ""473,901"", ""artist_monthly_listeners_is_approx"": ""false"", ""artist_monthly_listeners_source"": ""Spotify public artist page"", ""artist_monthly_listeners_fetch_error"": """"}]",0,,"{""spotify"": ""https://open.spotify.com/track/773yjqHbb0VMYrt6ARF1SB""}",{}
week5_17august,2026-08-17T07:40:10+00:00,Spotify,Aysima Karçaaltıncaba,aaaaysimaaaa,Week5_User9,Week5_User9,1xsWyL6Il706WAgqFuu5cX,spotify:playlist:1xsWyL6Il706WAgqFuu5cX,https://open.spotify.com/playlist/1xsWyL6Il706WAgqFuu5cX,,aaaaysimaaaa,Aysima Karçaaltıncaba,True,False,0,AAAAA6RGfXfTRMiW+w5cLmWpl6JE+bgx,,20,2026-08-17T07:28:44Z,aaaaysimaaaa,primary_artist_monthly_listeners,179130,"179,130",Spotify public artist page,false,,2sy3hVq78UZiiIWfguxFO9,spotify:track:2sy3hVq78UZiiIWfguxFO9,https://open.spotify.com/track/2sy3hVq78UZiiIWfguxFO9,Dethrone Tyranny,track,2,1,254080,254.080,False,False,True,,https://api.spotify.com/v1/tracks/2sy3hVq78UZiiIWfguxFO9,https://api.spotify.com/v1/tracks/2sy3hVq78UZiiIWfguxFO9,,,GBAJE0100083,,,7ywbmNj3poSGGxLfG7S1hE,spotify:album:7ywbmNj3poSGGxLfG7S1hE,https://open.spotify.com/album/7ywbmNj3poSGGxLfG7S1hE,No World Order,album,,11,2001-09-10,day,,"C: 2001 Gamma Ray / earMUSIC, a label of Edel Music & Entertainment GmbH; P: 2022 earMUSIC, a label of Edel Music & Entertainment GmbH",,https://i.scdn.co/image/ab67616d0000b27364133a7ae5d24ed7e279a932,,6LZE884lDIsCSLHuTplfGp,Gamma Ray,spotify:artist:6LZE884lDIsCSLHuTplfGp,https://open.spotify.com/artist/6LZE884lDIsCSLHuTplfGp,,,,179130,"179,130",false,Spotify public artist page,,https://i.scdn.co/image/ab6772690000c46c1110b1a024312710e7c796c4,,6LZE884lDIsCSLHuTplfGp,Gamma Ray,https://open.spotify.com/artist/6LZE884lDIsCSLHuTplfGp,"[{""artist_id"": ""6LZE884lDIsCSLHuTplfGp"", ""artist_name"": ""Gamma Ray"", ""artist_url"": ""https://open.spotify.com/artist/6LZE884lDIsCSLHuTplfGp"", ""monthly_listeners"": ""179130"", ""monthly_listeners_display"": ""179,130"", ""is_approx"": ""false"", ""fetch_error"": """"}]","[{""artist_id"": ""6LZE884lDIsCSLHuTplfGp"", ""artist_name"": ""Gamma Ray"", ""artist_uri"": ""spotify:artist:6LZE884lDIsCSLHuTplfGp"", ""artist_url"": ""https://open.spotify.com/artist/6LZE884lDIsCSLHuTplfGp"", ""artist_type"": ""artist"", ""artist_genres"": """", ""artist_spotify_api_popularity"": """", ""artist_followers_total"": """", ""artist_image_url"": ""https://i.scdn.co/image/ab6772690000c46c1110b1a024312710e7c796c4"", ""artist_lookup_error"": """", ""artist_monthly_listeners"": ""179130"", ""artist_monthly_listeners_display"": ""179,130"", ""artist_monthly_listeners_is_approx"": ""false"", ""artist_monthly_listeners_source"": ""Spotify public artist page"", ""artist_monthly_listeners_fetch_error"": """"}]",0,,"{""spotify"": ""https://open.spotify.com/track/2sy3hVq78UZiiIWfguxFO9""}",{}
week5_17august,2026-08-17T07:40:10+00:00,Spotify,Aysima Karçaaltıncaba,aaaaysimaaaa,Week5_User9,Week5_User9,1xsWyL6Il706WAgqFuu5cX,spotify:playlist:1xsWyL6Il706WAgqFuu5cX,https://open.spotify.com/playlist/1xsWyL6Il706WAgqFuu5cX,,aaaaysimaaaa,Aysima Karçaaltıncaba,True,False,0,AAAAA6RGfXfTRMiW+w5cLmWpl6JE+bgx,,21,2026-08-17T07:28:44Z,aaaaysimaaaa,primary_artist_monthly_listeners,189738,"189,738",Spotify public artist page,false,,09euNJVYQk6y91pgbcHhzs,spotify:track:09euNJVYQk6y91pgbcHhzs,https://open.spotify.com/track/09euNJVYQk6y91pgbcHhzs,Extinct,track,2,1,282146,282.146,False,False,True,,https://api.spotify.com/v1/tracks/09euNJVYQk6y91pgbcHhzs,https://api.spotify.com/v1/tracks/09euNJVYQk6y91pgbcHhzs,,,ATN261558122,,,5CDqFnSFm7vN3XZ307wG89,spotify:album:5CDqFnSFm7vN3XZ307wG89,https://open.spotify.com/album/5CDqFnSFm7vN3XZ307wG89,Extinct (Deluxe Version),album,,14,2015-03-09,day,,C: (C) 2015 Napalm Records Handels GmbH; P: (P) 2015 Napalm Records Handels GmbH,,https://i.scdn.co/image/ab67616d0000b273e8a1f4d6fc110ad3c5965656,,17bYSQ9ZRnreVnJjE5X2x6,Moonspell,spotify:artist:17bYSQ9ZRnreVnJjE5X2x6,https://open.spotify.com/artist/17bYSQ9ZRnreVnJjE5X2x6,,,,189738,"189,738",false,Spotify public artist page,,https://i.scdn.co/image/ab6761610000e5ebbba3640c8ca13b74f487eb1a,,17bYSQ9ZRnreVnJjE5X2x6,Moonspell,https://open.spotify.com/artist/17bYSQ9ZRnreVnJjE5X2x6,"[{""artist_id"": ""17bYSQ9ZRnreVnJjE5X2x6"", ""artist_name"": ""Moonspell"", ""artist_url"": ""https://open.spotify.com/artist/17bYSQ9ZRnreVnJjE5X2x6"", ""monthly_listeners"": ""189738"", ""monthly_listeners_display"": ""189,738"", ""is_approx"": ""false"", ""fetch_error"": """"}]","[{""artist_id"": ""17bYSQ9ZRnreVnJjE5X2x6"", ""artist_name"": ""Moonspell"", ""artist_uri"": ""spotify:artist:17bYSQ9ZRnreVnJjE5X2x6"", ""artist_url"": ""https://open.spotify.com/artist/17bYSQ9ZRnreVnJjE5X2x6"", ""artist_type"": ""artist"", ""artist_genres"": """", ""artist_spotify_api_popularity"": """", ""artist_followers_total"": """", ""artist_image_url"": ""https://i.scdn.co/image/ab6761610000e5ebbba3640c8ca13b74f487eb1a"", ""artist_lookup_error"": """", ""artist_monthly_listeners"": ""189738"", ""artist_monthly_listeners_display"": ""189,738"", ""artist_monthly_listeners_is_approx"": ""false"", ""artist_monthly_listeners_source"": ""Spotify public artist page"", ""artist_monthly_listeners_fetch_error"": """"}]",0,,"{""spotify"": ""https://open.spotify.com/track/09euNJVYQk6y91pgbcHhzs""}",{}
week5_17august,2026-08-17T07:40:10+00:00,Spotify,Aysima Karçaaltıncaba,aaaaysimaaaa,Week5_User9,Week5_User9,1xsWyL6Il706WAgqFuu5cX,spotify:playlist:1xsWyL6Il706WAgqFuu5cX,https://open.spotify.com/playlist/1xsWyL6Il706WAgqFuu5cX,,aaaaysimaaaa,Aysima Karçaaltıncaba,True,False,0,AAAAA6RGfXfTRMiW+w5cLmWpl6JE+bgx,,22,2026-08-17T07:28:44Z,aaaaysimaaaa,primary_artist_monthly_listeners,1047263,"1,047,263",Spotify public artist page,false,,5HkvAtKEPDLmchWYmepqYB,spotify:track:5HkvAtKEPDLmchWYmepqYB,https://open.spotify.com/track/5HkvAtKEPDLmchWYmepqYB,Hail and Kill,track,8,1,357026,357.026,False,False,True,,https://api.spotify.com/v1/tracks/5HkvAtKEPDLmchWYmepqYB,https://api.spotify.com/v1/tracks/5HkvAtKEPDLmchWYmepqYB,,,USAT20102851,,,7lZkD6ntnGAhmWowltbOYB,spotify:album:7lZkD6ntnGAhmWowltbOYB,https://open.spotify.com/album/7lZkD6ntnGAhmWowltbOYB,Kings of Metal,album,,10,1988-11-01,day,,C: © 1988 Atlantic Recording Corporation for the United States and WEA International Inc. for the world outside of the United States; P: ℗ 1988 Atlantic Recording Corporation for the United States and WEA International Inc. for the world outside of the United States,,https://i.scdn.co/image/ab67616d0000b2732612add61ad53e5a5d33c2d4,,4CzUzn54Cp9TQr6a7JIlMZ,Manowar,spotify:artist:4CzUzn54Cp9TQr6a7JIlMZ,https://open.spotify.com/artist/4CzUzn54Cp9TQr6a7JIlMZ,,,,1047263,"1,047,263",false,Spotify public artist page,,https://i.scdn.co/image/ab6761610000e5eba4780fe15900fbd223cd4f48,,4CzUzn54Cp9TQr6a7JIlMZ,Manowar,https://open.spotify.com/artist/4CzUzn54Cp9TQr6a7JIlMZ,"[{""artist_id"": ""4CzUzn54Cp9TQr6a7JIlMZ"", ""artist_name"": ""Manowar"", ""artist_url"": ""https://open.spotify.com/artist/4CzUzn54Cp9TQr6a7JIlMZ"", ""monthly_listeners"": ""1047263"", ""monthly_listeners_display"": ""1,047,263"", ""is_approx"": ""false"", ""fetch_error"": """"}]","[{""artist_id"": ""4CzUzn54Cp9TQr6a7JIlMZ"", ""artist_name"": ""Manowar"", ""artist_uri"": ""spotify:artist:4CzUzn54Cp9TQr6a7JIlMZ"", ""artist_url"": ""https://open.spotify.com/artist/4CzUzn54Cp9TQr6a7JIlMZ"", ""artist_type"": ""artist"", ""artist_genres"": """", ""artist_spotify_api_popularity"": """", ""artist_followers_total"": """", ""artist_image_url"": ""https://i.scdn.co/image/ab6761610000e5eba4780fe15900fbd223cd4f48"", ""artist_lookup_error"": """", ""artist_monthly_listeners"": ""1047263"", ""artist_monthly_listeners_display"": ""1,047,263"", ""artist_monthly_listeners_is_approx"": ""false"", ""artist_monthly_listeners_source"": ""Spotify public artist page"", ""artist_monthly_listeners_fetch_error"": """"}]",0,,"{""spotify"": ""https://open.spotify.com/track/5HkvAtKEPDLmchWYmepqYB""}",{}
week5_17august,2026-08-17T07:40:10+00:00,Spotify,Aysima Karçaaltıncaba,aaaaysimaaaa,Week5_User9,Week5_User9,1xsWyL6Il706WAgqFuu5cX,spotify:playlist:1xsWyL6Il706WAgqFuu5cX,https://open.spotify.com/playlist/1xsWyL6Il706WAgqFuu5cX,,aaaaysimaaaa,Aysima Karçaaltıncaba,True,False,0,AAAAA6RGfXfTRMiW+w5cLmWpl6JE+bgx,,23,2026-08-17T07:28:44Z,aaaaysimaaaa,primary_artist_monthly_listeners,1204388,"1,204,388",Spotify public artist page,false,,7CZbnYUg1iaBDVbfHREbNk,spotify:track:7CZbnYUg1iaBDVbfHREbNk,https://open.spotify.com/track/7CZbnYUg1iaBDVbfHREbNk,No Ones Master,track,4,1,250413,250.413,False,False,True,,https://api.spotify.com/v1/tracks/7CZbnYUg1iaBDVbfHREbNk,https://api.spotify.com/v1/tracks/7CZbnYUg1iaBDVbfHREbNk,,,DED832000745,,,1Ua7bczSzWunvSHJQ44tQD,spotify:album:1Ua7bczSzWunvSHJQ44tQD,https://open.spotify.com/album/1Ua7bczSzWunvSHJQ44tQD,Too Mean to Die,album,,11,2021-01-29,day,,C: 2021 Nuclear Blast; P: 2021 Nuclear Blast,,https://i.scdn.co/image/ab67616d0000b2733a2a931c2fe28e89a7169cc7,,3JDIAtVrJdQ7GFOX26LYpv,Accept,spotify:artist:3JDIAtVrJdQ7GFOX26LYpv,https://open.spotify.com/artist/3JDIAtVrJdQ7GFOX26LYpv,,,,1204388,"1,204,388",false,Spotify public artist page,,https://i.scdn.co/image/ab6761610000e5eb0b273e92a175c1dea33b148d,,3JDIAtVrJdQ7GFOX26LYpv,Accept,https://open.spotify.com/artist/3JDIAtVrJdQ7GFOX26LYpv,"[{""artist_id"": ""3JDIAtVrJdQ7GFOX26LYpv"", ""artist_name"": ""Accept"", ""artist_url"": ""https://open.spotify.com/artist/3JDIAtVrJdQ7GFOX26LYpv"", ""monthly_listeners"": ""1204388"", ""monthly_listeners_display"": ""1,204,388"", ""is_approx"": ""false"", ""fetch_error"": """"}]","[{""artist_id"": ""3JDIAtVrJdQ7GFOX26LYpv"", ""artist_name"": ""Accept"", ""artist_uri"": ""spotify:artist:3JDIAtVrJdQ7GFOX26LYpv"", ""artist_url"": ""https://open.spotify.com/artist/3JDIAtVrJdQ7GFOX26LYpv"", ""artist_type"": ""artist"", ""artist_genres"": """", ""artist_spotify_api_popularity"": """", ""artist_followers_total"": """", ""artist_image_url"": ""https://i.scdn.co/image/ab6761610000e5eb0b273e92a175c1dea33b148d"", ""artist_lookup_error"": """", ""artist_monthly_listeners"": ""1204388"", ""artist_monthly_listeners_display"": ""1,204,388"", ""artist_monthly_listeners_is_approx"": ""false"", ""artist_monthly_listeners_source"": ""Spotify public artist page"", ""artist_monthly_listeners_fetch_error"": """"}]",0,,"{""spotify"": ""https://open.spotify.com/track/7CZbnYUg1iaBDVbfHREbNk""}",{}
week5_17august,2026-08-17T07:40:10+00:00,Spotify,Aysima Karçaaltıncaba,aaaaysimaaaa,Week5_User9,Week5_User9,1xsWyL6Il706WAgqFuu5cX,spotify:playlist:1xsWyL6Il706WAgqFuu5cX,https://open.spotify.com/playlist/1xsWyL6Il706WAgqFuu5cX,,aaaaysimaaaa,Aysima Karçaaltıncaba,True,False,0,AAAAA6RGfXfTRMiW+w5cLmWpl6JE+bgx,,24,2026-08-17T07:28:44Z,aaaaysimaaaa,primary_artist_monthly_listeners,102287,"102,287",Spotify public artist page,false,,7ssmnwOsdVBLYujFVMK3yD,spotify:track:7ssmnwOsdVBLYujFVMK3yD,https://open.spotify.com/track/7ssmnwOsdVBLYujFVMK3yD,Metal Is Forever,track,1,1,286226,286.226,False,False,True,,https://api.spotify.com/v1/tracks/7ssmnwOsdVBLYujFVMK3yD,https://api.spotify.com/v1/tracks/7ssmnwOsdVBLYujFVMK3yD,,,DED830370901,,,6IMqYUH5qX9GBiz0sWcZgG,spotify:album:6IMqYUH5qX9GBiz0sWcZgG,https://open.spotify.com/album/6IMqYUH5qX9GBiz0sWcZgG,Devil's Ground,album,,12,2004-02-23,day,,C: (C) 2004 Reigning Phoenix Music; P: (P) 2004 Reigning Phoenix Music,,https://i.scdn.co/image/ab67616d0000b2731d25312a6bbb026d7659b2d0,,1yfiDL3YUEJlQCgb5Pun6g,Primal Fear,spotify:artist:1yfiDL3YUEJlQCgb5Pun6g,https://open.spotify.com/artist/1yfiDL3YUEJlQCgb5Pun6g,,,,102287,"102,287",false,Spotify public artist page,,https://i.scdn.co/image/ab6761610000e5ebd8360d0ed8fe9dd3fd04fb45,,1yfiDL3YUEJlQCgb5Pun6g,Primal Fear,https://open.spotify.com/artist/1yfiDL3YUEJlQCgb5Pun6g,"[{""artist_id"": ""1yfiDL3YUEJlQCgb5Pun6g"", ""artist_name"": ""Primal Fear"", ""artist_url"": ""https://open.spotify.com/artist/1yfiDL3YUEJlQCgb5Pun6g"", ""monthly_listeners"": ""102287"", ""monthly_listeners_display"": ""102,287"", ""is_approx"": ""false"", ""fetch_error"": """"}]","[{""artist_id"": ""1yfiDL3YUEJlQCgb5Pun6g"", ""artist_name"": ""Primal Fear"", ""artist_uri"": ""spotify:artist:1yfiDL3YUEJlQCgb5Pun6g"", ""artist_url"": ""https://open.spotify.com/artist/1yfiDL3YUEJlQCgb5Pun6g"", ""artist_type"": ""artist"", ""artist_genres"": """", ""artist_spotify_api_popularity"": """", ""artist_followers_total"": """", ""artist_image_url"": ""https://i.scdn.co/image/ab6761610000e5ebd8360d0ed8fe9dd3fd04fb45"", ""artist_lookup_error"": """", ""artist_monthly_listeners"": ""102287"", ""artist_monthly_listeners_display"": ""102,287"", ""artist_monthly_listeners_is_approx"": ""false"", ""artist_monthly_listeners_source"": ""Spotify public artist page"", ""artist_monthly_listeners_fetch_error"": """"}]",0,,"{""spotify"": ""https://open.spotify.com/track/7ssmnwOsdVBLYujFVMK3yD""}",{}
week5_17august,2026-08-17T07:40:10+00:00,Spotify,Aysima Karçaaltıncaba,aaaaysimaaaa,Week5_User9,Week5_User9,1xsWyL6Il706WAgqFuu5cX,spotify:playlist:1xsWyL6Il706WAgqFuu5cX,https://open.spotify.com/playlist/1xsWyL6Il706WAgqFuu5cX,,aaaaysimaaaa,Aysima Karçaaltıncaba,True,False,0,AAAAA6RGfXfTRMiW+w5cLmWpl6JE+bgx,,25,2026-08-17T07:28:44Z,aaaaysimaaaa,primary_artist_monthly_listeners,16586,"16,586",Spotify public artist page,false,,73k60UciuH1K0HusB2ixSQ,spotify:track:73k60UciuH1K0HusB2ixSQ,https://open.spotify.com/track/73k60UciuH1K0HusB2ixSQ,The Wingman,track,1,1,237773,237.773,False,False,True,,https://api.spotify.com/v1/tracks/73k60UciuH1K0HusB2ixSQ,https://api.spotify.com/v1/tracks/73k60UciuH1K0HusB2ixSQ,,,DET270709801,,,2B47M3ekeNDYSw0lU3Ejfc,spotify:album:2B47M3ekeNDYSw0lU3Ejfc,https://open.spotify.com/album/2B47M3ekeNDYSw0lU3Ejfc,Waterlines,album,,11,2007,year,,C: (C) 2007 Limb Music,,https://i.scdn.co/image/ab67616d0000b27332e9e4c8a3cd91dc486fa465,,72AisxxoPQu3Q0K5UgvQew,Excalion,spotify:artist:72AisxxoPQu3Q0K5UgvQew,https://open.spotify.com/artist/72AisxxoPQu3Q0K5UgvQew,,,,16586,"16,586",false,Spotify public artist page,,https://i.scdn.co/image/ab6761610000e5eb3e77c1be159b45fc7aed9a32,,72AisxxoPQu3Q0K5UgvQew,Excalion,https://open.spotify.com/artist/72AisxxoPQu3Q0K5UgvQew,"[{""artist_id"": ""72AisxxoPQu3Q0K5UgvQew"", ""artist_name"": ""Excalion"", ""artist_url"": ""https://open.spotify.com/artist/72AisxxoPQu3Q0K5UgvQew"", ""monthly_listeners"": ""16586"", ""monthly_listeners_display"": ""16,586"", ""is_approx"": ""false"", ""fetch_error"": """"}]","[{""artist_id"": ""72AisxxoPQu3Q0K5UgvQew"", ""artist_name"": ""Excalion"", ""artist_uri"": ""spotify:artist:72AisxxoPQu3Q0K5UgvQew"", ""artist_url"": ""https://open.spotify.com/artist/72AisxxoPQu3Q0K5UgvQew"", ""artist_type"": ""artist"", ""artist_genres"": """", ""artist_spotify_api_popularity"": """", ""artist_followers_total"": """", ""artist_image_url"": ""https://i.scdn.co/image/ab6761610000e5eb3e77c1be159b45fc7aed9a32"", ""artist_lookup_error"": """", ""artist_monthly_listeners"": ""16586"", ""artist_monthly_listeners_display"": ""16,586"", ""artist_monthly_listeners_is_approx"": ""false"", ""artist_monthly_listeners_source"": ""Spotify public artist page"", ""artist_monthly_listeners_fetch_error"": """"}]",0,,"{""spotify"": ""https://open.spotify.com/track/73k60UciuH1K0HusB2ixSQ""}",{}
week5_17august,2026-08-17T07:40:10+00:00,Spotify,Aysima Karçaaltıncaba,aaaaysimaaaa,Week5_User9,Week5_User9,1xsWyL6Il706WAgqFuu5cX,spotify:playlist:1xsWyL6Il706WAgqFuu5cX,https://open.spotify.com/playlist/1xsWyL6Il706WAgqFuu5cX,,aaaaysimaaaa,Aysima Karçaaltıncaba,True,False,0,AAAAA6RGfXfTRMiW+w5cLmWpl6JE+bgx,,26,2026-08-17T07:28:44Z,aaaaysimaaaa,primary_artist_monthly_listeners,222937,"222,937",Spotify public artist page,false,,2sC8boJqQccBbHhkq2nnYU,spotify:track:2sC8boJqQccBbHhkq2nnYU,https://open.spotify.com/track/2sC8boJqQccBbHhkq2nnYU,Cthulhu,track,8,1,364213,364.213,False,False,True,,https://api.spotify.com/v1/tracks/2sC8boJqQccBbHhkq2nnYU,https://api.spotify.com/v1/tracks/2sC8boJqQccBbHhkq2nnYU,,,US4E41306208,,,5niOLhE7RqBlAS1oBtpCgd,spotify:album:5niOLhE7RqBlAS1oBtpCgd,https://open.spotify.com/album/5niOLhE7RqBlAS1oBtpCgd,Plagues of Babylon,album,,13,2014-01-21,day,,P: (P) 2014 Platinum Dragon Germany GmbH under exclusive license to Century Media,,https://i.scdn.co/image/ab67616d0000b273bbc20f1310b8b0de3b56e136,,3KEixcRfBS5K3E91Vn1Kdy,Iced Earth,spotify:artist:3KEixcRfBS5K3E91Vn1Kdy,https://open.spotify.com/artist/3KEixcRfBS5K3E91Vn1Kdy,,,,222937,"222,937",false,Spotify public artist page,,https://i.scdn.co/image/a1fa09dcb7f14ee7bad400ad8c0772f1a2ec4468,,3KEixcRfBS5K3E91Vn1Kdy,Iced Earth,https://open.spotify.com/artist/3KEixcRfBS5K3E91Vn1Kdy,"[{""artist_id"": ""3KEixcRfBS5K3E91Vn1Kdy"", ""artist_name"": ""Iced Earth"", ""artist_url"": ""https://open.spotify.com/artist/3KEixcRfBS5K3E91Vn1Kdy"", ""monthly_listeners"": ""222937"", ""monthly_listeners_display"": ""222,937"", ""is_approx"": ""false"", ""fetch_error"": """"}]","[{""artist_id"": ""3KEixcRfBS5K3E91Vn1Kdy"", ""artist_name"": ""Iced Earth"", ""artist_uri"": ""spotify:artist:3KEixcRfBS5K3E91Vn1Kdy"", ""artist_url"": ""https://open.spotify.com/artist/3KEixcRfBS5K3E91Vn1Kdy"", ""artist_type"": ""artist"", ""artist_genres"": """", ""artist_spotify_api_popularity"": """", ""artist_followers_total"": """", ""artist_image_url"": ""https://i.scdn.co/image/a1fa09dcb7f14ee7bad400ad8c0772f1a2ec4468"", ""artist_lookup_error"": """", ""artist_monthly_listeners"": ""222937"", ""artist_monthly_listeners_display"": ""222,937"", ""artist_monthly_listeners_is_approx"": ""false"", ""artist_monthly_listeners_source"": ""Spotify public artist page"", ""artist_monthly_listeners_fetch_error"": """"}]",0,,"{""spotify"": ""https://open.spotify.com/track/2sC8boJqQccBbHhkq2nnYU""}",{}
week5_17august,2026-08-17T07:40:10+00:00,Spotify,Aysima Karçaaltıncaba,aaaaysimaaaa,Week5_User9,Week5_User9,1xsWyL6Il706WAgqFuu5cX,spotify:playlist:1xsWyL6Il706WAgqFuu5cX,https://open.spotify.com/playlist/1xsWyL6Il706WAgqFuu5cX,,aaaaysimaaaa,Aysima Karçaaltıncaba,True,False,0,AAAAA6RGfXfTRMiW+w5cLmWpl6JE+bgx,,27,2026-08-17T07:28:44Z,aaaaysimaaaa,primary_artist_monthly_listeners,584122,"584,122",Spotify public artist page,false,,1IHm4OFrUoNPBCkIU6Bs70,spotify:track:1IHm4OFrUoNPBCkIU6Bs70,https://open.spotify.com/track/1IHm4OFrUoNPBCkIU6Bs70,Breaking Away,track,5,1,275533,275.533,False,False,True,,https://api.spotify.com/v1/tracks/1IHm4OFrUoNPBCkIU6Bs70,https://api.spotify.com/v1/tracks/1IHm4OFrUoNPBCkIU6Bs70,,,DEZ900500543,,,2HA77HLuzBmzeJp0Hc4YFO,spotify:album:2HA77HLuzBmzeJp0Hc4YFO,https://open.spotify.com/album/2HA77HLuzBmzeJp0Hc4YFO,"The Metal Opera, Pt. I",album,,13,2001-01-22,day,,C: 2001 AFM Records; P: 2001 AFM Records,,https://i.scdn.co/image/ab67616d0000b273ad1a8e0311bbe50db73c3db8,,1Ih0fEQQsy9EeAJbYEeQRa,Avantasia,spotify:artist:1Ih0fEQQsy9EeAJbYEeQRa,https://open.spotify.com/artist/1Ih0fEQQsy9EeAJbYEeQRa,,,,584122,"584,122",false,Spotify public artist page,,https://i.scdn.co/image/ab6761610000e5eb28190c50d303fd27ed7c12ee,,1Ih0fEQQsy9EeAJbYEeQRa,Avantasia,https://open.spotify.com/artist/1Ih0fEQQsy9EeAJbYEeQRa,"[{""artist_id"": ""1Ih0fEQQsy9EeAJbYEeQRa"", ""artist_name"": ""Avantasia"", ""artist_url"": ""https://open.spotify.com/artist/1Ih0fEQQsy9EeAJbYEeQRa"", ""monthly_listeners"": ""584122"", ""monthly_listeners_display"": ""584,122"", ""is_approx"": ""false"", ""fetch_error"": """"}]","[{""artist_id"": ""1Ih0fEQQsy9EeAJbYEeQRa"", ""artist_name"": ""Avantasia"", ""artist_uri"": ""spotify:artist:1Ih0fEQQsy9EeAJbYEeQRa"", ""artist_url"": ""https://open.spotify.com/artist/1Ih0fEQQsy9EeAJbYEeQRa"", ""artist_type"": ""artist"", ""artist_genres"": """", ""artist_spotify_api_popularity"": """", ""artist_followers_total"": """", ""artist_image_url"": ""https://i.scdn.co/image/ab6761610000e5eb28190c50d303fd27ed7c12ee"", ""artist_lookup_error"": """", ""artist_monthly_listeners"": ""584122"", ""artist_monthly_listeners_display"": ""584,122"", ""artist_monthly_listeners_is_approx"": ""false"", ""artist_monthly_listeners_source"": ""Spotify public artist page"", ""artist_monthly_listeners_fetch_error"": """"}]",0,,"{""spotify"": ""https://open.spotify.com/track/1IHm4OFrUoNPBCkIU6Bs70""}",{}
week5_17august,2026-08-17T07:40:10+00:00,Spotify,Aysima Karçaaltıncaba,aaaaysimaaaa,Week5_User9,Week5_User9,1xsWyL6Il706WAgqFuu5cX,spotify:playlist:1xsWyL6Il706WAgqFuu5cX,https://open.spotify.com/playlist/1xsWyL6Il706WAgqFuu5cX,,aaaaysimaaaa,Aysima Karçaaltıncaba,True,False,0,AAAAA6RGfXfTRMiW+w5cLmWpl6JE+bgx,,28,2026-08-17T07:28:44Z,aaaaysimaaaa,primary_artist_monthly_listeners,21267,"21,267",Spotify public artist page,false,,3mZZmANnoFr6noTgxc8Zll,spotify:track:3mZZmANnoFr6noTgxc8Zll,https://open.spotify.com/track/3mZZmANnoFr6noTgxc8Zll,Welcome to Paradise,track,1,1,276133,276.133,False,False,True,,https://api.spotify.com/v1/tracks/3mZZmANnoFr6noTgxc8Zll,https://api.spotify.com/v1/tracks/3mZZmANnoFr6noTgxc8Zll,,,DED831900283,,,5WgN3EoZSf12ZyYaFxzYSP,spotify:album:5WgN3EoZSf12ZyYaFxzYSP,https://open.spotify.com/album/5WgN3EoZSf12ZyYaFxzYSP,Welcome to Paradise,album,,13,2019-08-02,day,,C: 2019 Nuclear Blast; P: 2019 Nuclear Blast,,https://i.scdn.co/image/ab67616d0000b27321ebb75e78cb1e6f30794879,,0cxYOcvgOWW1MJEoWeuCvg,NorthTale,spotify:artist:0cxYOcvgOWW1MJEoWeuCvg,https://open.spotify.com/artist/0cxYOcvgOWW1MJEoWeuCvg,,,,21267,"21,267",false,Spotify public artist page,,https://i.scdn.co/image/ab6761610000e5eb6c949980fb3aab36f8347668,,0cxYOcvgOWW1MJEoWeuCvg,NorthTale,https://open.spotify.com/artist/0cxYOcvgOWW1MJEoWeuCvg,"[{""artist_id"": ""0cxYOcvgOWW1MJEoWeuCvg"", ""artist_name"": ""NorthTale"", ""artist_url"": ""https://open.spotify.com/artist/0cxYOcvgOWW1MJEoWeuCvg"", ""monthly_listeners"": ""21267"", ""monthly_listeners_display"": ""21,267"", ""is_approx"": ""false"", ""fetch_error"": """"}]","[{""artist_id"": ""0cxYOcvgOWW1MJEoWeuCvg"", ""artist_name"": ""NorthTale"", ""artist_uri"": ""spotify:artist:0cxYOcvgOWW1MJEoWeuCvg"", ""artist_url"": ""https://open.spotify.com/artist/0cxYOcvgOWW1MJEoWeuCvg"", ""artist_type"": ""artist"", ""artist_genres"": """", ""artist_spotify_api_popularity"": """", ""artist_followers_total"": """", ""artist_image_url"": ""https://i.scdn.co/image/ab6761610000e5eb6c949980fb3aab36f8347668"", ""artist_lookup_error"": """", ""artist_monthly_listeners"": ""21267"", ""artist_monthly_listeners_display"": ""21,267"", ""artist_monthly_listeners_is_approx"": ""false"", ""artist_monthly_listeners_source"": ""Spotify public artist page"", ""artist_monthly_listeners_fetch_error"": """"}]",0,,"{""spotify"": ""https://open.spotify.com/track/3mZZmANnoFr6noTgxc8Zll""}",{}
week5_17august,2026-08-17T07:40:10+00:00,Spotify,Aysima Karçaaltıncaba,aaaaysimaaaa,Week5_User9,Week5_User9,1xsWyL6Il706WAgqFuu5cX,spotify:playlist:1xsWyL6Il706WAgqFuu5cX,https://open.spotify.com/playlist/1xsWyL6Il706WAgqFuu5cX,,aaaaysimaaaa,Aysima Karçaaltıncaba,True,False,0,AAAAA6RGfXfTRMiW+w5cLmWpl6JE+bgx,,29,2026-08-17T07:28:44Z,aaaaysimaaaa,primary_artist_monthly_listeners,31573,"31,573",Spotify public artist page,false,,3qy8XCdTUJI7UGynBI7Hkn,spotify:track:3qy8XCdTUJI7UGynBI7Hkn,https://open.spotify.com/track/3qy8XCdTUJI7UGynBI7Hkn,Sharpen the Guillotine,track,1,1,361013,361.013,False,False,True,,https://api.spotify.com/v1/tracks/3qy8XCdTUJI7UGynBI7Hkn,https://api.spotify.com/v1/tracks/3qy8XCdTUJI7UGynBI7Hkn,,,GBDHC1800601,,,76dTSQmBFHcITyGb89GcfC,spotify:album:76dTSQmBFHcITyGb89GcfC,https://open.spotify.com/album/76dTSQmBFHcITyGb89GcfC,Cabaret De La Guillotine,album,,10,2018-05-04,day,,P: (P) 2018 Century Media Records Ltd.,,https://i.scdn.co/image/ab67616d0000b2738a0460a82dc2c64ad11938e2,,3bnPBquC93vbHmamojAf59,Angelus Apatrida,spotify:artist:3bnPBquC93vbHmamojAf59,https://open.spotify.com/artist/3bnPBquC93vbHmamojAf59,,,,31573,"31,573",false,Spotify public artist page,,https://i.scdn.co/image/ab6761610000e5ebe2e02a23d38e23a35f3dda34,,3bnPBquC93vbHmamojAf59,Angelus Apatrida,https://open.spotify.com/artist/3bnPBquC93vbHmamojAf59,"[{""artist_id"": ""3bnPBquC93vbHmamojAf59"", ""artist_name"": ""Angelus Apatrida"", ""artist_url"": ""https://open.spotify.com/artist/3bnPBquC93vbHmamojAf59"", ""monthly_listeners"": ""31573"", ""monthly_listeners_display"": ""31,573"", ""is_approx"": ""false"", ""fetch_error"": """"}]","[{""artist_id"": ""3bnPBquC93vbHmamojAf59"", ""artist_name"": ""Angelus Apatrida"", ""artist_uri"": ""spotify:artist:3bnPBquC93vbHmamojAf59"", ""artist_url"": ""https://open.spotify.com/artist/3bnPBquC93vbHmamojAf59"", ""artist_type"": ""artist"", ""artist_genres"": """", ""artist_spotify_api_popularity"": """", ""artist_followers_total"": """", ""artist_image_url"": ""https://i.scdn.co/image/ab6761610000e5ebe2e02a23d38e23a35f3dda34"", ""artist_lookup_error"": """", ""artist_monthly_listeners"": ""31573"", ""artist_monthly_listeners_display"": ""31,573"", ""artist_monthly_listeners_is_approx"": ""false"", ""artist_monthly_listeners_source"": ""Spotify public artist page"", ""artist_monthly_listeners_fetch_error"": """"}]",0,,"{""spotify"": ""https://open.spotify.com/track/3qy8XCdTUJI7UGynBI7Hkn""}",{}
week5_17august,2026-08-17T07:40:10+00:00,Spotify,Aysima Karçaaltıncaba,aaaaysimaaaa,Week5_User9,Week5_User9,1xsWyL6Il706WAgqFuu5cX,spotify:playlist:1xsWyL6Il706WAgqFuu5cX,https://open.spotify.com/playlist/1xsWyL6Il706WAgqFuu5cX,,aaaaysimaaaa,Aysima Karçaaltıncaba,True,False,0,AAAAA6RGfXfTRMiW+w5cLmWpl6JE+bgx,,30,2026-08-17T07:28:44Z,aaaaysimaaaa,primary_artist_monthly_listeners,20692,"20,692",Spotify public artist page,false,,1JnaBnib3kfHnG7T8jovNP,spotify:track:1JnaBnib3kfHnG7T8jovNP,https://open.spotify.com/track/1JnaBnib3kfHnG7T8jovNP,The Burning of Rome (Cry for Pompeii),track,1,1,399240,399.240,False,False,True,,https://api.spotify.com/v1/tracks/1JnaBnib3kfHnG7T8jovNP,https://api.spotify.com/v1/tracks/1JnaBnib3kfHnG7T8jovNP,,,DEA451108300,,,144jP4MHI1Mmlf8VUm1bKc,spotify:album:144jP4MHI1Mmlf8VUm1bKc,https://open.spotify.com/album/144jP4MHI1Mmlf8VUm1bKc,Age Of Consent,album,,23,2011-11-25,day,,C: (C) 2011 Steamhammer; P: (P) 2011 Steamhammer,,https://i.scdn.co/image/ab67616d0000b27379ccc1e66559bb13b2047cbf,,4npN9NLDTitqe7UKQj5lxY,Virgin Steele,spotify:artist:4npN9NLDTitqe7UKQj5lxY,https://open.spotify.com/artist/4npN9NLDTitqe7UKQj5lxY,,,,20692,"20,692",false,Spotify public artist page,,https://i.scdn.co/image/ab6761610000e5eb33f9d691b3052726f4a61f79,,4npN9NLDTitqe7UKQj5lxY,Virgin Steele,https://open.spotify.com/artist/4npN9NLDTitqe7UKQj5lxY,"[{""artist_id"": ""4npN9NLDTitqe7UKQj5lxY"", ""artist_name"": ""Virgin Steele"", ""artist_url"": ""https://open.spotify.com/artist/4npN9NLDTitqe7UKQj5lxY"", ""monthly_listeners"": ""20692"", ""monthly_listeners_display"": ""20,692"", ""is_approx"": ""false"", ""fetch_error"": """"}]","[{""artist_id"": ""4npN9NLDTitqe7UKQj5lxY"", ""artist_name"": ""Virgin Steele"", ""artist_uri"": ""spotify:artist:4npN9NLDTitqe7UKQj5lxY"", ""artist_url"": ""https://open.spotify.com/artist/4npN9NLDTitqe7UKQj5lxY"", ""artist_type"": ""artist"", ""artist_genres"": """", ""artist_spotify_api_popularity"": """", ""artist_followers_total"": """", ""artist_image_url"": ""https://i.scdn.co/image/ab6761610000e5eb33f9d691b3052726f4a61f79"", ""artist_lookup_error"": """", ""artist_monthly_listeners"": ""20692"", ""artist_monthly_listeners_display"": ""20,692"", ""artist_monthly_listeners_is_approx"": ""false"", ""artist_monthly_listeners_source"": ""Spotify public artist page"", ""artist_monthly_listeners_fetch_error"": """"}]",0,,"{""spotify"": ""https://open.spotify.com/track/1JnaBnib3kfHnG7T8jovNP""}",{}
week5_17august,2026-08-17T07:40:10+00:00,Spotify,Aysima Karçaaltıncaba,aaaaysimaaaa,Week5_User10,Week5_User10,3m8EgEhS0mVzt7RcNC9J6K,spotify:playlist:3m8EgEhS0mVzt7RcNC9J6K,https://open.spotify.com/playlist/3m8EgEhS0mVzt7RcNC9J6K,,aaaaysimaaaa,Aysima Karçaaltıncaba,True,False,0,AAAAA110gI8wXY0FpW+JVg7YDyrEGZTQ,,1,2026-08-17T07:23:36Z,aaaaysimaaaa,primary_artist_monthly_listeners,3059978,"3,059,978",Spotify public artist page,false,,0URCTFCWXOg3JQximz1u30,spotify:track:0URCTFCWXOg3JQximz1u30,https://open.spotify.com/track/0URCTFCWXOg3JQximz1u30,Soldier of 3 Armies,track,8,1,218066,218.066,False,False,True,,https://api.spotify.com/v1/tracks/0URCTFCWXOg3JQximz1u30,https://api.spotify.com/v1/tracks/0URCTFCWXOg3JQximz1u30,,,SE2EG1400108,,,5TdhTTvwtD0ekZBYve97r7,spotify:album:5TdhTTvwtD0ekZBYve97r7,https://open.spotify.com/album/5TdhTTvwtD0ekZBYve97r7,Heroes,album,,13,2014-05-16,day,,C: 2014 Nuclear Blast; P: 2014 Nuclear Blast,,https://i.scdn.co/image/ab67616d0000b273735eecca68d3bb03e2e35a75,,3o2dn2O0FCVsWDFSh8qxgG,Sabaton,spotify:artist:3o2dn2O0FCVsWDFSh8qxgG,https://open.spotify.com/artist/3o2dn2O0FCVsWDFSh8qxgG,,,,3059978,"3,059,978",false,Spotify public artist page,,https://i.scdn.co/image/ab6761610000e5ebfc0524cca1171fac8678f4bf,,3o2dn2O0FCVsWDFSh8qxgG,Sabaton,https://open.spotify.com/artist/3o2dn2O0FCVsWDFSh8qxgG,"[{""artist_id"": ""3o2dn2O0FCVsWDFSh8qxgG"", ""artist_name"": ""Sabaton"", ""artist_url"": ""https://open.spotify.com/artist/3o2dn2O0FCVsWDFSh8qxgG"", ""monthly_listeners"": ""3059978"", ""monthly_listeners_display"": ""3,059,978"", ""is_approx"": ""false"", ""fetch_error"": """"}]","[{""artist_id"": ""3o2dn2O0FCVsWDFSh8qxgG"", ""artist_name"": ""Sabaton"", ""artist_uri"": ""spotify:artist:3o2dn2O0FCVsWDFSh8qxgG"", ""artist_url"": ""https://open.spotify.com/artist/3o2dn2O0FCVsWDFSh8qxgG"", ""artist_type"": ""artist"", ""artist_genres"": """", ""artist_spotify_api_popularity"": """", ""artist_followers_total"": """", ""artist_image_url"": ""https://i.scdn.co/image/ab6761610000e5ebfc0524cca1171fac8678f4bf"", ""artist_lookup_error"": """", ""artist_monthly_listeners"": ""3059978"", ""artist_monthly_listeners_display"": ""3,059,978"", ""artist_monthly_listeners_is_approx"": ""false"", ""artist_monthly_listeners_source"": ""Spotify public artist page"", ""artist_monthly_listeners_fetch_error"": """"}]",0,,"{""spotify"": ""https://open.spotify.com/track/0URCTFCWXOg3JQximz1u30""}",{}
week5_17august,2026-08-17T07:40:10+00:00,Spotify,Aysima Karçaaltıncaba,aaaaysimaaaa,Week5_User10,Week5_User10,3m8EgEhS0mVzt7RcNC9J6K,spotify:playlist:3m8EgEhS0mVzt7RcNC9J6K,https://open.spotify.com/playlist/3m8EgEhS0mVzt7RcNC9J6K,,aaaaysimaaaa,Aysima Karçaaltıncaba,True,False,0,AAAAA110gI8wXY0FpW+JVg7YDyrEGZTQ,,2,2026-08-17T07:23:36Z,aaaaysimaaaa,primary_artist_monthly_listeners,381216,"381,216",Spotify public artist page,false,,1NQCQj6x94ZBEPSODneBHw,spotify:track:1NQCQj6x94ZBEPSODneBHw,https://open.spotify.com/track/1NQCQj6x94ZBEPSODneBHw,The Village of Dwarves,track,4,1,232173,232.173,False,False,True,,https://api.spotify.com/v1/tracks/1NQCQj6x94ZBEPSODneBHw,https://api.spotify.com/v1/tracks/1NQCQj6x94ZBEPSODneBHw,,,DET270002304,,,6T6i4ZLAwRHVOxRaQnC5js,spotify:album:6T6i4ZLAwRHVOxRaQnC5js,https://open.spotify.com/album/6T6i4ZLAwRHVOxRaQnC5js,Dawn of Victory,album,,10,2000,year,,C: (C) 2000 Limb Music,,https://i.scdn.co/image/ab67616d0000b273012217969f1979b6f050068b,,0zQfrabOFYf36Ikb6PXcCY,Rhapsody,spotify:artist:0zQfrabOFYf36Ikb6PXcCY,https://open.spotify.com/artist/0zQfrabOFYf36Ikb6PXcCY,,,,381216,"381,216",false,Spotify public artist page,,https://i.scdn.co/image/ab6761610000e5eb902fae03243cae6e08caf99a,,0zQfrabOFYf36Ikb6PXcCY,Rhapsody,https://open.spotify.com/artist/0zQfrabOFYf36Ikb6PXcCY,"[{""artist_id"": ""0zQfrabOFYf36Ikb6PXcCY"", ""artist_name"": ""Rhapsody"", ""artist_url"": ""https://open.spotify.com/artist/0zQfrabOFYf36Ikb6PXcCY"", ""monthly_listeners"": ""381216"", ""monthly_listeners_display"": ""381,216"", ""is_approx"": ""false"", ""fetch_error"": """"}]","[{""artist_id"": ""0zQfrabOFYf36Ikb6PXcCY"", ""artist_name"": ""Rhapsody"", ""artist_uri"": ""spotify:artist:0zQfrabOFYf36Ikb6PXcCY"", ""artist_url"": ""https://open.spotify.com/artist/0zQfrabOFYf36Ikb6PXcCY"", ""artist_type"": ""artist"", ""artist_genres"": """", ""artist_spotify_api_popularity"": """", ""artist_followers_total"": """", ""artist_image_url"": ""https://i.scdn.co/image/ab6761610000e5eb902fae03243cae6e08caf99a"", ""artist_lookup_error"": """", ""artist_monthly_listeners"": ""381216"", ""artist_monthly_listeners_display"": ""381,216"", ""artist_monthly_listeners_is_approx"": ""false"", ""artist_monthly_listeners_source"": ""Spotify public artist page"", ""artist_monthly_listeners_fetch_error"": """"}]",0,,"{""spotify"": ""https://open.spotify.com/track/1NQCQj6x94ZBEPSODneBHw""}",{}
week5_17august,2026-08-17T07:40:10+00:00,Spotify,Aysima Karçaaltıncaba,aaaaysimaaaa,Week5_User10,Week5_User10,3m8EgEhS0mVzt7RcNC9J6K,spotify:playlist:3m8EgEhS0mVzt7RcNC9J6K,https://open.spotify.com/playlist/3m8EgEhS0mVzt7RcNC9J6K,,aaaaysimaaaa,Aysima Karçaaltıncaba,True,False,0,AAAAA110gI8wXY0FpW+JVg7YDyrEGZTQ,,3,2026-08-17T07:23:36Z,aaaaysimaaaa,primary_artist_monthly_listeners,426671,"426,671",Spotify public artist page,false,,3SgshUlk02dwRHeLm0ztOi,spotify:track:3SgshUlk02dwRHeLm0ztOi,https://open.spotify.com/track/3SgshUlk02dwRHeLm0ztOi,Rising Force,track,1,1,264066,264.066,False,False,True,,https://api.spotify.com/v1/tracks/3SgshUlk02dwRHeLm0ztOi,https://api.spotify.com/v1/tracks/3SgshUlk02dwRHeLm0ztOi,,,USF068825490,,,2Bgu9FC19pRP8O6ZY4QIWs,spotify:album:2Bgu9FC19pRP8O6ZY4QIWs,https://open.spotify.com/album/2Bgu9FC19pRP8O6ZY4QIWs,Odyssey,album,,12,1988-01-01,day,,"C: © 1988 Universal Records, a Division of UMG Recordings, Inc.; P: ℗ 1988 Universal Records, a Division of UMG Recordings, Inc.",,https://i.scdn.co/image/ab67616d0000b273fca6a26d626b192b9ffe4ae5,,5DpSoH5zCXNRqYai7pmcGG,Yngwie Malmsteen,spotify:artist:5DpSoH5zCXNRqYai7pmcGG,https://open.spotify.com/artist/5DpSoH5zCXNRqYai7pmcGG,,,,426671,"426,671",false,Spotify public artist page,,https://i.scdn.co/image/ab6761610000e5ebd7a9434c9b22083362ce43e6,,5DpSoH5zCXNRqYai7pmcGG,Yngwie Malmsteen,https://open.spotify.com/artist/5DpSoH5zCXNRqYai7pmcGG,"[{""artist_id"": ""5DpSoH5zCXNRqYai7pmcGG"", ""artist_name"": ""Yngwie Malmsteen"", ""artist_url"": ""https://open.spotify.com/artist/5DpSoH5zCXNRqYai7pmcGG"", ""monthly_listeners"": ""426671"", ""monthly_listeners_display"": ""426,671"", ""is_approx"": ""false"", ""fetch_error"": """"}]","[{""artist_id"": ""5DpSoH5zCXNRqYai7pmcGG"", ""artist_name"": ""Yngwie Malmsteen"", ""artist_uri"": ""spotify:artist:5DpSoH5zCXNRqYai7pmcGG"", ""artist_url"": ""https://open.spotify.com/artist/5DpSoH5zCXNRqYai7pmcGG"", ""artist_type"": ""artist"", ""artist_genres"": """", ""artist_spotify_api_popularity"": """", ""artist_followers_total"": """", ""artist_image_url"": ""https://i.scdn.co/image/ab6761610000e5ebd7a9434c9b22083362ce43e6"", ""artist_lookup_error"": """", ""artist_monthly_listeners"": ""426671"", ""artist_monthly_listeners_display"": ""426,671"", ""artist_monthly_listeners_is_approx"": ""false"", ""artist_monthly_listeners_source"": ""Spotify public artist page"", ""artist_monthly_listeners_fetch_error"": """"}]",0,,"{""spotify"": ""https://open.spotify.com/track/3SgshUlk02dwRHeLm0ztOi""}",{}
week5_17august,2026-08-17T07:40:10+00:00,Spotify,Aysima Karçaaltıncaba,aaaaysimaaaa,Week5_User10,Week5_User10,3m8EgEhS0mVzt7RcNC9J6K,spotify:playlist:3m8EgEhS0mVzt7RcNC9J6K,https://open.spotify.com/playlist/3m8EgEhS0mVzt7RcNC9J6K,,aaaaysimaaaa,Aysima Karçaaltıncaba,True,False,0,AAAAA110gI8wXY0FpW+JVg7YDyrEGZTQ,,4,2026-08-17T07:23:36Z,aaaaysimaaaa,primary_artist_monthly_listeners,4222819,"4,222,819",Spotify public artist page,false,,1Fr7OlVZrc3mDvru8j2cFi,spotify:track:1Fr7OlVZrc3mDvru8j2cFi,https://open.spotify.com/track/1Fr7OlVZrc3mDvru8j2cFi,No Surrender,track,12,1,173973,173.973,False,False,True,,https://api.spotify.com/v1/tracks/1Fr7OlVZrc3mDvru8j2cFi,https://api.spotify.com/v1/tracks/1Fr7OlVZrc3mDvru8j2cFi,,,GBARL1702152,,,7p3G0OCxtlWyJcPE1FxnyB,spotify:album:7p3G0OCxtlWyJcPE1FxnyB,https://open.spotify.com/album/7p3G0OCxtlWyJcPE1FxnyB,Firepower,album,,14,2018-03-09,day,,P: (P) 2018 Sony Music Entertainment UK Limited,,https://i.scdn.co/image/ab67616d0000b2737ca75d243242bd697841b84b,,2tRsMl4eGxwoNabM08Dm4I,Judas Priest,spotify:artist:2tRsMl4eGxwoNabM08Dm4I,https://open.spotify.com/artist/2tRsMl4eGxwoNabM08Dm4I,,,,4222819,"4,222,819",false,Spotify public artist page,,https://i.scdn.co/image/ab6761610000e5eb4b3cfc24737acb15e73e8bd6,,2tRsMl4eGxwoNabM08Dm4I,Judas Priest,https://open.spotify.com/artist/2tRsMl4eGxwoNabM08Dm4I,"[{""artist_id"": ""2tRsMl4eGxwoNabM08Dm4I"", ""artist_name"": ""Judas Priest"", ""artist_url"": ""https://open.spotify.com/artist/2tRsMl4eGxwoNabM08Dm4I"", ""monthly_listeners"": ""4222819"", ""monthly_listeners_display"": ""4,222,819"", ""is_approx"": ""false"", ""fetch_error"": """"}]","[{""artist_id"": ""2tRsMl4eGxwoNabM08Dm4I"", ""artist_name"": ""Judas Priest"", ""artist_uri"": ""spotify:artist:2tRsMl4eGxwoNabM08Dm4I"", ""artist_url"": ""https://open.spotify.com/artist/2tRsMl4eGxwoNabM08Dm4I"", ""artist_type"": ""artist"", ""artist_genres"": """", ""artist_spotify_api_popularity"": """", ""artist_followers_total"": """", ""artist_image_url"": ""https://i.scdn.co/image/ab6761610000e5eb4b3cfc24737acb15e73e8bd6"", ""artist_lookup_error"": """", ""artist_monthly_listeners"": ""4222819"", ""artist_monthly_listeners_display"": ""4,222,819"", ""artist_monthly_listeners_is_approx"": ""false"", ""artist_monthly_listeners_source"": ""Spotify public artist page"", ""artist_monthly_listeners_fetch_error"": """"}]",0,,"{""spotify"": ""https://open.spotify.com/track/1Fr7OlVZrc3mDvru8j2cFi""}",{}
week5_17august,2026-08-17T07:40:10+00:00,Spotify,Aysima Karçaaltıncaba,aaaaysimaaaa,Week5_User10,Week5_User10,3m8EgEhS0mVzt7RcNC9J6K,spotify:playlist:3m8EgEhS0mVzt7RcNC9J6K,https://open.spotify.com/playlist/3m8EgEhS0mVzt7RcNC9J6K,,aaaaysimaaaa,Aysima Karçaaltıncaba,True,False,0,AAAAA110gI8wXY0FpW+JVg7YDyrEGZTQ,,5,2026-08-17T07:23:36Z,aaaaysimaaaa,primary_artist_monthly_listeners,400540,"400,540",Spotify public artist page,false,,5LKm2vMBOtKq12C0padpN2,spotify:track:5LKm2vMBOtKq12C0padpN2,https://open.spotify.com/track/5LKm2vMBOtKq12C0padpN2,Gutter Ballet,track,2,1,380360,380.360,False,False,True,,https://api.spotify.com/v1/tracks/5LKm2vMBOtKq12C0padpN2,https://api.spotify.com/v1/tracks/5LKm2vMBOtKq12C0padpN2,,,DEB340900149,,,6zMeDffPrKyYSBf9AuyTIF,spotify:album:6zMeDffPrKyYSBf9AuyTIF,https://open.spotify.com/album/6zMeDffPrKyYSBf9AuyTIF,Gutter Ballet (2011 Edition),album,,13,1989,year,,C: 2011 Savatage Inc. under exclusive license to Edel Germany GmbH. earMUSIC is a project of Edel.; P: 2011 Savatage Inc. under exclusive license to Edel Germany GmbH. earMUSIC is a project of Edel.,,https://i.scdn.co/image/ab67616d0000b2738cda8b13ef9130cb6f7512b7,,3N1B1g6JtIgd6ClRkzD4yT,Savatage,spotify:artist:3N1B1g6JtIgd6ClRkzD4yT,https://open.spotify.com/artist/3N1B1g6JtIgd6ClRkzD4yT,,,,400540,"400,540",false,Spotify public artist page,,https://i.scdn.co/image/ab6761610000e5eb28ce3420531dadeaea4d8aef,,3N1B1g6JtIgd6ClRkzD4yT,Savatage,https://open.spotify.com/artist/3N1B1g6JtIgd6ClRkzD4yT,"[{""artist_id"": ""3N1B1g6JtIgd6ClRkzD4yT"", ""artist_name"": ""Savatage"", ""artist_url"": ""https://open.spotify.com/artist/3N1B1g6JtIgd6ClRkzD4yT"", ""monthly_listeners"": ""400540"", ""monthly_listeners_display"": ""400,540"", ""is_approx"": ""false"", ""fetch_error"": """"}]","[{""artist_id"": ""3N1B1g6JtIgd6ClRkzD4yT"", ""artist_name"": ""Savatage"", ""artist_uri"": ""spotify:artist:3N1B1g6JtIgd6ClRkzD4yT"", ""artist_url"": ""https://open.spotify.com/artist/3N1B1g6JtIgd6ClRkzD4yT"", ""artist_type"": ""artist"", ""artist_genres"": """", ""artist_spotify_api_popularity"": """", ""artist_followers_total"": """", ""artist_image_url"": ""https://i.scdn.co/image/ab6761610000e5eb28ce3420531dadeaea4d8aef"", ""artist_lookup_error"": """", ""artist_monthly_listeners"": ""400540"", ""artist_monthly_listeners_display"": ""400,540"", ""artist_monthly_listeners_is_approx"": ""false"", ""artist_monthly_listeners_source"": ""Spotify public artist page"", ""artist_monthly_listeners_fetch_error"": """"}]",0,,"{""spotify"": ""https://open.spotify.com/track/5LKm2vMBOtKq12C0padpN2""}",{}
week5_17august,2026-08-17T07:40:10+00:00,Spotify,Aysima Karçaaltıncaba,aaaaysimaaaa,Week5_User10,Week5_User10,3m8EgEhS0mVzt7RcNC9J6K,spotify:playlist:3m8EgEhS0mVzt7RcNC9J6K,https://open.spotify.com/playlist/3m8EgEhS0mVzt7RcNC9J6K,,aaaaysimaaaa,Aysima Karçaaltıncaba,True,False,0,AAAAA110gI8wXY0FpW+JVg7YDyrEGZTQ,,6,2026-08-17T07:23:36Z,aaaaysimaaaa,primary_artist_monthly_listeners,849932,"849,932",Spotify public artist page,false,,0drLoGXRnfSOZuzA5uJh6Q,spotify:track:0drLoGXRnfSOZuzA5uJh6Q,https://open.spotify.com/track/0drLoGXRnfSOZuzA5uJh6Q,Against the Wind,track,1,1,228266,228.266,False,False,True,,https://api.spotify.com/v1/tracks/0drLoGXRnfSOZuzA5uJh6Q,https://api.spotify.com/v1/tracks/0drLoGXRnfSOZuzA5uJh6Q,,,DEA249561401,,,0195QfhWZ95uDIyW3KTrO7,spotify:album:0195QfhWZ95uDIyW3KTrO7,https://open.spotify.com/album/0195QfhWZ95uDIyW3KTrO7,Fourth Dimension,album,,11,1995-01-01,day,,C: 1995 Stratovarius under exclusive license to Odyssey Music Network GmbH; P: 1995 Stratovarius under exclusive license to Odyssey Music Network GmbH,,https://i.scdn.co/image/ab67616d0000b273c708c231805a9aec70be1f7c,,1O8CSXsPwEqxcoBE360PPO,Stratovarius,spotify:artist:1O8CSXsPwEqxcoBE360PPO,https://open.spotify.com/artist/1O8CSXsPwEqxcoBE360PPO,,,,849932,"849,932",false,Spotify public artist page,,https://i.scdn.co/image/ab6761610000e5eb4733f393ad04f47b31edaadb,,1O8CSXsPwEqxcoBE360PPO,Stratovarius,https://open.spotify.com/artist/1O8CSXsPwEqxcoBE360PPO,"[{""artist_id"": ""1O8CSXsPwEqxcoBE360PPO"", ""artist_name"": ""Stratovarius"", ""artist_url"": ""https://open.spotify.com/artist/1O8CSXsPwEqxcoBE360PPO"", ""monthly_listeners"": ""849932"", ""monthly_listeners_display"": ""849,932"", ""is_approx"": ""false"", ""fetch_error"": """"}]","[{""artist_id"": ""1O8CSXsPwEqxcoBE360PPO"", ""artist_name"": ""Stratovarius"", ""artist_uri"": ""spotify:artist:1O8CSXsPwEqxcoBE360PPO"", ""artist_url"": ""https://open.spotify.com/artist/1O8CSXsPwEqxcoBE360PPO"", ""artist_type"": ""artist"", ""artist_genres"": """", ""artist_spotify_api_popularity"": """", ""artist_followers_total"": """", ""artist_image_url"": ""https://i.scdn.co/image/ab6761610000e5eb4733f393ad04f47b31edaadb"", ""artist_lookup_error"": """", ""artist_monthly_listeners"": ""849932"", ""artist_monthly_listeners_display"": ""849,932"", ""artist_monthly_listeners_is_approx"": ""false"", ""artist_monthly_listeners_source"": ""Spotify public artist page"", ""artist_monthly_listeners_fetch_error"": """"}]",0,,"{""spotify"": ""https://open.spotify.com/track/0drLoGXRnfSOZuzA5uJh6Q""}",{}
week5_17august,2026-08-17T07:40:10+00:00,Spotify,Aysima Karçaaltıncaba,aaaaysimaaaa,Week5_User10,Week5_User10,3m8EgEhS0mVzt7RcNC9J6K,spotify:playlist:3m8EgEhS0mVzt7RcNC9J6K,https://open.spotify.com/playlist/3m8EgEhS0mVzt7RcNC9J6K,,aaaaysimaaaa,Aysima Karçaaltıncaba,True,False,0,AAAAA110gI8wXY0FpW+JVg7YDyrEGZTQ,,7,2026-08-17T07:23:36Z,aaaaysimaaaa,primary_artist_monthly_listeners,28635,"28,635",Spotify public artist page,false,,7fkcqrzdbgIa4vthgYN3vs,spotify:track:7fkcqrzdbgIa4vthgYN3vs,https://open.spotify.com/track/7fkcqrzdbgIa4vthgYN3vs,Unisonic,track,1,1,205866,205.866,False,False,True,,https://api.spotify.com/v1/tracks/7fkcqrzdbgIa4vthgYN3vs,https://api.spotify.com/v1/tracks/7fkcqrzdbgIa4vthgYN3vs,,,DEH841200037,,,0Z0DLUUAsIS4S4pW6ranLi,spotify:album:0Z0DLUUAsIS4S4pW6ranLi,https://open.spotify.com/album/0Z0DLUUAsIS4S4pW6ranLi,Unisonic,album,,11,2012-03-30,day,,C: 2012 Edel Germany GmbH. earMUSIC is a project of Edel.; P: 2012 Edel Germany GmbH. earMUSIC is a project of Edel.,,https://i.scdn.co/image/ab67616d0000b2733d82320d77736ca6dc12d413,,3DDcmHnwKjM4sQ8qm34JMU,Unisonic,spotify:artist:3DDcmHnwKjM4sQ8qm34JMU,https://open.spotify.com/artist/3DDcmHnwKjM4sQ8qm34JMU,,,,28635,"28,635",false,Spotify public artist page,,https://i.scdn.co/image/ab6761610000e5eb0be750ff9272422d98f971b0,,3DDcmHnwKjM4sQ8qm34JMU,Unisonic,https://open.spotify.com/artist/3DDcmHnwKjM4sQ8qm34JMU,"[{""artist_id"": ""3DDcmHnwKjM4sQ8qm34JMU"", ""artist_name"": ""Unisonic"", ""artist_url"": ""https://open.spotify.com/artist/3DDcmHnwKjM4sQ8qm34JMU"", ""monthly_listeners"": ""28635"", ""monthly_listeners_display"": ""28,635"", ""is_approx"": ""false"", ""fetch_error"": """"}]","[{""artist_id"": ""3DDcmHnwKjM4sQ8qm34JMU"", ""artist_name"": ""Unisonic"", ""artist_uri"": ""spotify:artist:3DDcmHnwKjM4sQ8qm34JMU"", ""artist_url"": ""https://open.spotify.com/artist/3DDcmHnwKjM4sQ8qm34JMU"", ""artist_type"": ""artist"", ""artist_genres"": """", ""artist_spotify_api_popularity"": """", ""artist_followers_total"": """", ""artist_image_url"": ""https://i.scdn.co/image/ab6761610000e5eb0be750ff9272422d98f971b0"", ""artist_lookup_error"": """", ""artist_monthly_listeners"": ""28635"", ""artist_monthly_listeners_display"": ""28,635"", ""artist_monthly_listeners_is_approx"": ""false"", ""artist_monthly_listeners_source"": ""Spotify public artist page"", ""artist_monthly_listeners_fetch_error"": """"}]",0,,"{""spotify"": ""https://open.spotify.com/track/7fkcqrzdbgIa4vthgYN3vs""}",{}
week5_17august,2026-08-17T07:40:10+00:00,Spotify,Aysima Karçaaltıncaba,aaaaysimaaaa,Week5_User10,Week5_User10,3m8EgEhS0mVzt7RcNC9J6K,spotify:playlist:3m8EgEhS0mVzt7RcNC9J6K,https://open.spotify.com/playlist/3m8EgEhS0mVzt7RcNC9J6K,,aaaaysimaaaa,Aysima Karçaaltıncaba,True,False,0,AAAAA110gI8wXY0FpW+JVg7YDyrEGZTQ,,8,2026-08-17T07:23:36Z,aaaaysimaaaa,primary_artist_monthly_listeners,14053,"14,053",Spotify public artist page,false,,4t9ax3CjKoJUCn4mO6QS9d,spotify:track:4t9ax3CjKoJUCn4mO6QS9d,https://open.spotify.com/track/4t9ax3CjKoJUCn4mO6QS9d,Full Throttle,track,2,1,230964,230.964,False,False,True,,https://api.spotify.com/v1/tracks/4t9ax3CjKoJUCn4mO6QS9d,https://api.spotify.com/v1/tracks/4t9ax3CjKoJUCn4mO6QS9d,,,DEU601606525,,,6NTy6aMObIjW1FRLc36jZU,spotify:album:6NTy6aMObIjW1FRLc36jZU,https://open.spotify.com/album/6NTy6aMObIjW1FRLc36jZU,Burn up the Night,album,,8,2016-09-23,day,,C: 2016 AFM Records; P: 2016 AFM Records,,https://i.scdn.co/image/ab67616d0000b273e172371c64895da14e51ec64,,0SmK0Nh1fuDYGSGWDI3eVh,Kryptos,spotify:artist:0SmK0Nh1fuDYGSGWDI3eVh,https://open.spotify.com/artist/0SmK0Nh1fuDYGSGWDI3eVh,,,,14053,"14,053",false,Spotify public artist page,,https://i.scdn.co/image/ab6761610000e5ebca00a79ff51150dac65c4aa1,,0SmK0Nh1fuDYGSGWDI3eVh,Kryptos,https://open.spotify.com/artist/0SmK0Nh1fuDYGSGWDI3eVh,"[{""artist_id"": ""0SmK0Nh1fuDYGSGWDI3eVh"", ""artist_name"": ""Kryptos"", ""artist_url"": ""https://open.spotify.com/artist/0SmK0Nh1fuDYGSGWDI3eVh"", ""monthly_listeners"": ""14053"", ""monthly_listeners_display"": ""14,053"", ""is_approx"": ""false"", ""fetch_error"": """"}]","[{""artist_id"": ""0SmK0Nh1fuDYGSGWDI3eVh"", ""artist_name"": ""Kryptos"", ""artist_uri"": ""spotify:artist:0SmK0Nh1fuDYGSGWDI3eVh"", ""artist_url"": ""https://open.spotify.com/artist/0SmK0Nh1fuDYGSGWDI3eVh"", ""artist_type"": ""artist"", ""artist_genres"": """", ""artist_spotify_api_popularity"": """", ""artist_followers_total"": """", ""artist_image_url"": ""https://i.scdn.co/image/ab6761610000e5ebca00a79ff51150dac65c4aa1"", ""artist_lookup_error"": """", ""artist_monthly_listeners"": ""14053"", ""artist_monthly_listeners_display"": ""14,053"", ""artist_monthly_listeners_is_approx"": ""false"", ""artist_monthly_listeners_source"": ""Spotify public artist page"", ""artist_monthly_listeners_fetch_error"": """"}]",0,,"{""spotify"": ""https://open.spotify.com/track/4t9ax3CjKoJUCn4mO6QS9d""}",{}
week5_17august,2026-08-17T07:40:10+00:00,Spotify,Aysima Karçaaltıncaba,aaaaysimaaaa,Week5_User10,Week5_User10,3m8EgEhS0mVzt7RcNC9J6K,spotify:playlist:3m8EgEhS0mVzt7RcNC9J6K,https://open.spotify.com/playlist/3m8EgEhS0mVzt7RcNC9J6K,,aaaaysimaaaa,Aysima Karçaaltıncaba,True,False,0,AAAAA110gI8wXY0FpW+JVg7YDyrEGZTQ,,9,2026-08-17T07:23:36Z,aaaaysimaaaa,primary_artist_monthly_listeners,387913,"387,913",Spotify public artist page,false,,2AQPuZzaegH8a65SWyq3YA,spotify:track:2AQPuZzaegH8a65SWyq3YA,https://open.spotify.com/track/2AQPuZzaegH8a65SWyq3YA,Forever,track,2,1,246293,246.293,False,False,True,,https://api.spotify.com/v1/tracks/2AQPuZzaegH8a65SWyq3YA,https://api.spotify.com/v1/tracks/2AQPuZzaegH8a65SWyq3YA,,,DEA240190002,,,7pmaYcI9BoO4vrtByPMs2u,spotify:album:7pmaYcI9BoO4vrtByPMs2u,https://open.spotify.com/album/7pmaYcI9BoO4vrtByPMs2u,Karma,album,,13,2001-07-19,day,,"C: 2001 Sanctuary Records Group Ltd., a BMG Company; P: 2001 Sanctuary Records Group Ltd., a BMG Company",,https://i.scdn.co/image/ab67616d0000b27310e1b565b64bc65c6db028f4,,7gTbq5nTZGQIUgjEGXQpOS,Kamelot,spotify:artist:7gTbq5nTZGQIUgjEGXQpOS,https://open.spotify.com/artist/7gTbq5nTZGQIUgjEGXQpOS,,,,387913,"387,913",false,Spotify public artist page,,https://i.scdn.co/image/ab6761610000e5eb05cfb3d751023418788b5ebc,,7gTbq5nTZGQIUgjEGXQpOS,Kamelot,https://open.spotify.com/artist/7gTbq5nTZGQIUgjEGXQpOS,"[{""artist_id"": ""7gTbq5nTZGQIUgjEGXQpOS"", ""artist_name"": ""Kamelot"", ""artist_url"": ""https://open.spotify.com/artist/7gTbq5nTZGQIUgjEGXQpOS"", ""monthly_listeners"": ""387913"", ""monthly_listeners_display"": ""387,913"", ""is_approx"": ""false"", ""fetch_error"": """"}]","[{""artist_id"": ""7gTbq5nTZGQIUgjEGXQpOS"", ""artist_name"": ""Kamelot"", ""artist_uri"": ""spotify:artist:7gTbq5nTZGQIUgjEGXQpOS"", ""artist_url"": ""https://open.spotify.com/artist/7gTbq5nTZGQIUgjEGXQpOS"", ""artist_type"": ""artist"", ""artist_genres"": """", ""artist_spotify_api_popularity"": """", ""artist_followers_total"": """", ""artist_image_url"": ""https://i.scdn.co/image/ab6761610000e5eb05cfb3d751023418788b5ebc"", ""artist_lookup_error"": """", ""artist_monthly_listeners"": ""387913"", ""artist_monthly_listeners_display"": ""387,913"", ""artist_monthly_listeners_is_approx"": ""false"", ""artist_monthly_listeners_source"": ""Spotify public artist page"", ""artist_monthly_listeners_fetch_error"": """"}]",0,,"{""spotify"": ""https://open.spotify.com/track/2AQPuZzaegH8a65SWyq3YA""}",{}
week5_17august,2026-08-17T07:40:10+00:00,Spotify,Aysima Karçaaltıncaba,aaaaysimaaaa,Week5_User10,Week5_User10,3m8EgEhS0mVzt7RcNC9J6K,spotify:playlist:3m8EgEhS0mVzt7RcNC9J6K,https://open.spotify.com/playlist/3m8EgEhS0mVzt7RcNC9J6K,,aaaaysimaaaa,Aysima Karçaaltıncaba,True,False,0,AAAAA110gI8wXY0FpW+JVg7YDyrEGZTQ,,10,2026-08-17T07:23:36Z,aaaaysimaaaa,primary_artist_monthly_listeners,107405,"107,405",Spotify public artist page,false,,3m7rOz2R0CTanwRIcBtndb,spotify:track:3m7rOz2R0CTanwRIcBtndb,https://open.spotify.com/track/3m7rOz2R0CTanwRIcBtndb,Conquistadores - 2017 Remaster,track,7,1,289173,289.173,False,False,True,,https://api.spotify.com/v1/tracks/3m7rOz2R0CTanwRIcBtndb,https://api.spotify.com/v1/tracks/3m7rOz2R0CTanwRIcBtndb,,,GB5KW1701817,,,10dgMHUxjgLKR5FO0BHDXS,spotify:album:10dgMHUxjgLKR5FO0BHDXS,https://open.spotify.com/album/10dgMHUxjgLKR5FO0BHDXS,Port Royal (Expanded Version; 2017 Remaster),album,,14,2017-08-11,day,,"C: © 2017 Sanctuary Records Group Ltd., a BMG Company; P: ℗ 2017 Sanctuary Records Group Ltd., a BMG Company",,https://i.scdn.co/image/ab67616d0000b27363ed79bb631289f7d4cb3444,,7954VFaZClkL503srfV5PE,Running Wild,spotify:artist:7954VFaZClkL503srfV5PE,https://open.spotify.com/artist/7954VFaZClkL503srfV5PE,,,,107405,"107,405",false,Spotify public artist page,,https://i.scdn.co/image/ffc7d8dd0a29d7ca6f0840f2c2d9050f5a60d97d,,7954VFaZClkL503srfV5PE,Running Wild,https://open.spotify.com/artist/7954VFaZClkL503srfV5PE,"[{""artist_id"": ""7954VFaZClkL503srfV5PE"", ""artist_name"": ""Running Wild"", ""artist_url"": ""https://open.spotify.com/artist/7954VFaZClkL503srfV5PE"", ""monthly_listeners"": ""107405"", ""monthly_listeners_display"": ""107,405"", ""is_approx"": ""false"", ""fetch_error"": """"}]","[{""artist_id"": ""7954VFaZClkL503srfV5PE"", ""artist_name"": ""Running Wild"", ""artist_uri"": ""spotify:artist:7954VFaZClkL503srfV5PE"", ""artist_url"": ""https://open.spotify.com/artist/7954VFaZClkL503srfV5PE"", ""artist_type"": ""artist"", ""artist_genres"": """", ""artist_spotify_api_popularity"": """", ""artist_followers_total"": """", ""artist_image_url"": ""https://i.scdn.co/image/ffc7d8dd0a29d7ca6f0840f2c2d9050f5a60d97d"", ""artist_lookup_error"": """", ""artist_monthly_listeners"": ""107405"", ""artist_monthly_listeners_display"": ""107,405"", ""artist_monthly_listeners_is_approx"": ""false"", ""artist_monthly_listeners_source"": ""Spotify public artist page"", ""artist_monthly_listeners_fetch_error"": """"}]",0,,"{""spotify"": ""https://open.spotify.com/track/3m7rOz2R0CTanwRIcBtndb""}",{}
week5_17august,2026-08-17T07:40:10+00:00,Spotify,Aysima Karçaaltıncaba,aaaaysimaaaa,Week5_User10,Week5_User10,3m8EgEhS0mVzt7RcNC9J6K,spotify:playlist:3m8EgEhS0mVzt7RcNC9J6K,https://open.spotify.com/playlist/3m8EgEhS0mVzt7RcNC9J6K,,aaaaysimaaaa,Aysima Karçaaltıncaba,True,False,0,AAAAA110gI8wXY0FpW+JVg7YDyrEGZTQ,,11,2026-08-17T07:23:36Z,aaaaysimaaaa,primary_artist_monthly_listeners,222937,"222,937",Spotify public artist page,false,,0ZUPWnw89a0iLfNdcUiIm3,spotify:track:0ZUPWnw89a0iLfNdcUiIm3,https://open.spotify.com/track/0ZUPWnw89a0iLfNdcUiIm3,Anthem,track,2,1,294613,294.613,False,False,True,,https://api.spotify.com/v1/tracks/0ZUPWnw89a0iLfNdcUiIm3,https://api.spotify.com/v1/tracks/0ZUPWnw89a0iLfNdcUiIm3,,,US4E41172702,,,6la9AnaFIgSo4faEDcnHQx,spotify:album:6la9AnaFIgSo4faEDcnHQx,https://open.spotify.com/album/6la9AnaFIgSo4faEDcnHQx,Dystopia,album,,10,2011,year,,P: (P) 2012 Century Media Records,,https://i.scdn.co/image/ab67616d0000b273db1ad34c659167323b074d7c,,3KEixcRfBS5K3E91Vn1Kdy,Iced Earth,spotify:artist:3KEixcRfBS5K3E91Vn1Kdy,https://open.spotify.com/artist/3KEixcRfBS5K3E91Vn1Kdy,,,,222937,"222,937",false,Spotify public artist page,,https://i.scdn.co/image/a1fa09dcb7f14ee7bad400ad8c0772f1a2ec4468,,3KEixcRfBS5K3E91Vn1Kdy,Iced Earth,https://open.spotify.com/artist/3KEixcRfBS5K3E91Vn1Kdy,"[{""artist_id"": ""3KEixcRfBS5K3E91Vn1Kdy"", ""artist_name"": ""Iced Earth"", ""artist_url"": ""https://open.spotify.com/artist/3KEixcRfBS5K3E91Vn1Kdy"", ""monthly_listeners"": ""222937"", ""monthly_listeners_display"": ""222,937"", ""is_approx"": ""false"", ""fetch_error"": """"}]","[{""artist_id"": ""3KEixcRfBS5K3E91Vn1Kdy"", ""artist_name"": ""Iced Earth"", ""artist_uri"": ""spotify:artist:3KEixcRfBS5K3E91Vn1Kdy"", ""artist_url"": ""https://open.spotify.com/artist/3KEixcRfBS5K3E91Vn1Kdy"", ""artist_type"": ""artist"", ""artist_genres"": """", ""artist_spotify_api_popularity"": """", ""artist_followers_total"": """", ""artist_image_url"": ""https://i.scdn.co/image/a1fa09dcb7f14ee7bad400ad8c0772f1a2ec4468"", ""artist_lookup_error"": """", ""artist_monthly_listeners"": ""222937"", ""artist_monthly_listeners_display"": ""222,937"", ""artist_monthly_listeners_is_approx"": ""false"", ""artist_monthly_listeners_source"": ""Spotify public artist page"", ""artist_monthly_listeners_fetch_error"": """"}]",0,,"{""spotify"": ""https://open.spotify.com/track/0ZUPWnw89a0iLfNdcUiIm3""}",{}
week5_17august,2026-08-17T07:40:10+00:00,Spotify,Aysima Karçaaltıncaba,aaaaysimaaaa,Week5_User10,Week5_User10,3m8EgEhS0mVzt7RcNC9J6K,spotify:playlist:3m8EgEhS0mVzt7RcNC9J6K,https://open.spotify.com/playlist/3m8EgEhS0mVzt7RcNC9J6K,,aaaaysimaaaa,Aysima Karçaaltıncaba,True,False,0,AAAAA110gI8wXY0FpW+JVg7YDyrEGZTQ,,12,2026-08-17T07:23:36Z,aaaaysimaaaa,primary_artist_monthly_listeners,1476465,"1,476,465",Spotify public artist page,false,,30ogzELFO9Uid6H823jney,spotify:track:30ogzELFO9Uid6H823jney,https://open.spotify.com/track/30ogzELFO9Uid6H823jney,My God-Given Right,track,3,1,210476,210.476,False,False,True,,https://api.spotify.com/v1/tracks/30ogzELFO9Uid6H823jney,https://api.spotify.com/v1/tracks/30ogzELFO9Uid6H823jney,,,DED831500180,,,53fL5tHaUSXNuyqq43hVwG,spotify:album:53fL5tHaUSXNuyqq43hVwG,https://open.spotify.com/album/53fL5tHaUSXNuyqq43hVwG,My God-Given Right,album,,16,2015-03-29,day,,C: (C) 2015 Reigning Phoenix Music; P: (P) 2015 Reigning Phoenix Music,,https://i.scdn.co/image/ab67616d0000b2738d086a4b6a2c6419292d6b9a,,4pQN0GB0fNEEOfQCaWotsY,Helloween,spotify:artist:4pQN0GB0fNEEOfQCaWotsY,https://open.spotify.com/artist/4pQN0GB0fNEEOfQCaWotsY,,,,1476465,"1,476,465",false,Spotify public artist page,,https://i.scdn.co/image/ab6761610000e5eb7d6b878498239115a09316d3,,4pQN0GB0fNEEOfQCaWotsY,Helloween,https://open.spotify.com/artist/4pQN0GB0fNEEOfQCaWotsY,"[{""artist_id"": ""4pQN0GB0fNEEOfQCaWotsY"", ""artist_name"": ""Helloween"", ""artist_url"": ""https://open.spotify.com/artist/4pQN0GB0fNEEOfQCaWotsY"", ""monthly_listeners"": ""1476465"", ""monthly_listeners_display"": ""1,476,465"", ""is_approx"": ""false"", ""fetch_error"": """"}]","[{""artist_id"": ""4pQN0GB0fNEEOfQCaWotsY"", ""artist_name"": ""Helloween"", ""artist_uri"": ""spotify:artist:4pQN0GB0fNEEOfQCaWotsY"", ""artist_url"": ""https://open.spotify.com/artist/4pQN0GB0fNEEOfQCaWotsY"", ""artist_type"": ""artist"", ""artist_genres"": """", ""artist_spotify_api_popularity"": """", ""artist_followers_total"": """", ""artist_image_url"": ""https://i.scdn.co/image/ab6761610000e5eb7d6b878498239115a09316d3"", ""artist_lookup_error"": """", ""artist_monthly_listeners"": ""1476465"", ""artist_monthly_listeners_display"": ""1,476,465"", ""artist_monthly_listeners_is_approx"": ""false"", ""artist_monthly_listeners_source"": ""Spotify public artist page"", ""artist_monthly_listeners_fetch_error"": """"}]",0,,"{""spotify"": ""https://open.spotify.com/track/30ogzELFO9Uid6H823jney""}",{}
week5_17august,2026-08-17T07:40:10+00:00,Spotify,Aysima Karçaaltıncaba,aaaaysimaaaa,Week5_User10,Week5_User10,3m8EgEhS0mVzt7RcNC9J6K,spotify:playlist:3m8EgEhS0mVzt7RcNC9J6K,https://open.spotify.com/playlist/3m8EgEhS0mVzt7RcNC9J6K,,aaaaysimaaaa,Aysima Karçaaltıncaba,True,False,0,AAAAA110gI8wXY0FpW+JVg7YDyrEGZTQ,,13,2026-08-17T07:23:36Z,aaaaysimaaaa,primary_artist_monthly_listeners,60076,"60,076",Spotify public artist page,false,,54pFmRnoVoKuHf1i36ZORF,spotify:track:54pFmRnoVoKuHf1i36ZORF,https://open.spotify.com/track/54pFmRnoVoKuHf1i36ZORF,Blood on My Hands - Remaster 2019,track,5,1,284866,284.866,False,False,True,,https://api.spotify.com/v1/tracks/54pFmRnoVoKuHf1i36ZORF,https://api.spotify.com/v1/tracks/54pFmRnoVoKuHf1i36ZORF,,,GBDHC1908005,,,6ee1ODEQBi5qbxs8knwoQL,spotify:album:6ee1ODEQBi5qbxs8knwoQL,https://open.spotify.com/album/6ee1ODEQBi5qbxs8knwoQL,Demons & Wizards (Remasters 2019),album,,12,2019-03-29,day,,P: (P) 2019 Century Media Records Ltd. under exclusive license from Demons & Wizards,,https://i.scdn.co/image/ab67616d0000b2732dfcaef0db0ad36a5aa90fbc,,4O6RDLeFX5xuQ7IePFzVcl,Demons & Wizards,spotify:artist:4O6RDLeFX5xuQ7IePFzVcl,https://open.spotify.com/artist/4O6RDLeFX5xuQ7IePFzVcl,,,,60076,"60,076",false,Spotify public artist page,,https://i.scdn.co/image/ab6761610000e5ebbc220b198ebd4f26e9b6a601,,4O6RDLeFX5xuQ7IePFzVcl,Demons & Wizards,https://open.spotify.com/artist/4O6RDLeFX5xuQ7IePFzVcl,"[{""artist_id"": ""4O6RDLeFX5xuQ7IePFzVcl"", ""artist_name"": ""Demons & Wizards"", ""artist_url"": ""https://open.spotify.com/artist/4O6RDLeFX5xuQ7IePFzVcl"", ""monthly_listeners"": ""60076"", ""monthly_listeners_display"": ""60,076"", ""is_approx"": ""false"", ""fetch_error"": """"}]","[{""artist_id"": ""4O6RDLeFX5xuQ7IePFzVcl"", ""artist_name"": ""Demons & Wizards"", ""artist_uri"": ""spotify:artist:4O6RDLeFX5xuQ7IePFzVcl"", ""artist_url"": ""https://open.spotify.com/artist/4O6RDLeFX5xuQ7IePFzVcl"", ""artist_type"": ""artist"", ""artist_genres"": """", ""artist_spotify_api_popularity"": """", ""artist_followers_total"": """", ""artist_image_url"": ""https://i.scdn.co/image/ab6761610000e5ebbc220b198ebd4f26e9b6a601"", ""artist_lookup_error"": """", ""artist_monthly_listeners"": ""60076"", ""artist_monthly_listeners_display"": ""60,076"", ""artist_monthly_listeners_is_approx"": ""false"", ""artist_monthly_listeners_source"": ""Spotify public artist page"", ""artist_monthly_listeners_fetch_error"": """"}]",0,,"{""spotify"": ""https://open.spotify.com/track/54pFmRnoVoKuHf1i36ZORF""}",{}
week5_17august,2026-08-17T07:40:10+00:00,Spotify,Aysima Karçaaltıncaba,aaaaysimaaaa,Week5_User10,Week5_User10,3m8EgEhS0mVzt7RcNC9J6K,spotify:playlist:3m8EgEhS0mVzt7RcNC9J6K,https://open.spotify.com/playlist/3m8EgEhS0mVzt7RcNC9J6K,,aaaaysimaaaa,Aysima Karçaaltıncaba,True,False,0,AAAAA110gI8wXY0FpW+JVg7YDyrEGZTQ,,14,2026-08-17T07:23:36Z,aaaaysimaaaa,primary_artist_monthly_listeners,1210168,"1,210,168",Spotify public artist page,false,,00FuOCmghgctxEsVVMGKDk,spotify:track:00FuOCmghgctxEsVVMGKDk,https://open.spotify.com/track/00FuOCmghgctxEsVVMGKDk,Crack the Sky,track,2,1,230317,230.317,True,False,True,,https://api.spotify.com/v1/tracks/00FuOCmghgctxEsVVMGKDk,https://api.spotify.com/v1/tracks/00FuOCmghgctxEsVVMGKDk,,,USMBR1913487,,,4NxlBCBuzKXCwNVNMfRGUa,spotify:album:4NxlBCBuzKXCwNVNMfRGUa,https://open.spotify.com/album/4NxlBCBuzKXCwNVNMfRGUa,Berserker,album,,12,2019-05-03,day,,"C: (C) 2019 Metal Blade Records, Inc.; P: (P) 2019 Metal Blade Records, Inc.",,https://i.scdn.co/image/ab67616d0000b2738d529980602b892735c091c7,,3pulcT2wt7FEG10lQlqDJL,Amon Amarth,spotify:artist:3pulcT2wt7FEG10lQlqDJL,https://open.spotify.com/artist/3pulcT2wt7FEG10lQlqDJL,,,,1210168,"1,210,168",false,Spotify public artist page,,https://i.scdn.co/image/ab6761610000e5ebe0ed6357e133abef229c44a3,,3pulcT2wt7FEG10lQlqDJL,Amon Amarth,https://open.spotify.com/artist/3pulcT2wt7FEG10lQlqDJL,"[{""artist_id"": ""3pulcT2wt7FEG10lQlqDJL"", ""artist_name"": ""Amon Amarth"", ""artist_url"": ""https://open.spotify.com/artist/3pulcT2wt7FEG10lQlqDJL"", ""monthly_listeners"": ""1210168"", ""monthly_listeners_display"": ""1,210,168"", ""is_approx"": ""false"", ""fetch_error"": """"}]","[{""artist_id"": ""3pulcT2wt7FEG10lQlqDJL"", ""artist_name"": ""Amon Amarth"", ""artist_uri"": ""spotify:artist:3pulcT2wt7FEG10lQlqDJL"", ""artist_url"": ""https://open.spotify.com/artist/3pulcT2wt7FEG10lQlqDJL"", ""artist_type"": ""artist"", ""artist_genres"": """", ""artist_spotify_api_popularity"": """", ""artist_followers_total"": """", ""artist_image_url"": ""https://i.scdn.co/image/ab6761610000e5ebe0ed6357e133abef229c44a3"", ""artist_lookup_error"": """", ""artist_monthly_listeners"": ""1210168"", ""artist_monthly_listeners_display"": ""1,210,168"", ""artist_monthly_listeners_is_approx"": ""false"", ""artist_monthly_listeners_source"": ""Spotify public artist page"", ""artist_monthly_listeners_fetch_error"": """"}]",0,,"{""spotify"": ""https://open.spotify.com/track/00FuOCmghgctxEsVVMGKDk""}",{}
week5_17august,2026-08-17T07:40:10+00:00,Spotify,Aysima Karçaaltıncaba,aaaaysimaaaa,Week5_User10,Week5_User10,3m8EgEhS0mVzt7RcNC9J6K,spotify:playlist:3m8EgEhS0mVzt7RcNC9J6K,https://open.spotify.com/playlist/3m8EgEhS0mVzt7RcNC9J6K,,aaaaysimaaaa,Aysima Karçaaltıncaba,True,False,0,AAAAA110gI8wXY0FpW+JVg7YDyrEGZTQ,,15,2026-08-17T07:23:36Z,aaaaysimaaaa,primary_artist_monthly_listeners,464192,"464,192",Spotify public artist page,false,,2zzcdociKJgE51NaxgalV2,spotify:track:2zzcdociKJgE51NaxgalV2,https://open.spotify.com/track/2zzcdociKJgE51NaxgalV2,8th Commandment,track,3,1,221933,221.933,False,False,True,,https://api.spotify.com/v1/tracks/2zzcdociKJgE51NaxgalV2,https://api.spotify.com/v1/tracks/2zzcdociKJgE51NaxgalV2,,,FISFS9900084,,,3rM1PNwpD1hWbFTHVUoyuc,spotify:album:3rM1PNwpD1hWbFTHVUoyuc,https://open.spotify.com/album/3rM1PNwpD1hWbFTHVUoyuc,Ecliptica (International Version),album,,10,1999-01-01,day,,C: 1999 Spin-Farm Oy; P: 1999 Spin-Farm Oy,,https://i.scdn.co/image/ab67616d0000b273c579b15206ab88f6dcad44f6,,5YeoQ1L71cXDMpSpqxOjfH,Sonata Arctica,spotify:artist:5YeoQ1L71cXDMpSpqxOjfH,https://open.spotify.com/artist/5YeoQ1L71cXDMpSpqxOjfH,,,,464192,"464,192",false,Spotify public artist page,,https://i.scdn.co/image/ab6761610000e5eb3c36e8b69cb376bf869aedc2,,5YeoQ1L71cXDMpSpqxOjfH,Sonata Arctica,https://open.spotify.com/artist/5YeoQ1L71cXDMpSpqxOjfH,"[{""artist_id"": ""5YeoQ1L71cXDMpSpqxOjfH"", ""artist_name"": ""Sonata Arctica"", ""artist_url"": ""https://open.spotify.com/artist/5YeoQ1L71cXDMpSpqxOjfH"", ""monthly_listeners"": ""464192"", ""monthly_listeners_display"": ""464,192"", ""is_approx"": ""false"", ""fetch_error"": """"}]","[{""artist_id"": ""5YeoQ1L71cXDMpSpqxOjfH"", ""artist_name"": ""Sonata Arctica"", ""artist_uri"": ""spotify:artist:5YeoQ1L71cXDMpSpqxOjfH"", ""artist_url"": ""https://open.spotify.com/artist/5YeoQ1L71cXDMpSpqxOjfH"", ""artist_type"": ""artist"", ""artist_genres"": """", ""artist_spotify_api_popularity"": """", ""artist_followers_total"": """", ""artist_image_url"": ""https://i.scdn.co/image/ab6761610000e5eb3c36e8b69cb376bf869aedc2"", ""artist_lookup_error"": """", ""artist_monthly_listeners"": ""464192"", ""artist_monthly_listeners_display"": ""464,192"", ""artist_monthly_listeners_is_approx"": ""false"", ""artist_monthly_listeners_source"": ""Spotify public artist page"", ""artist_monthly_listeners_fetch_error"": """"}]",0,,"{""spotify"": ""https://open.spotify.com/track/2zzcdociKJgE51NaxgalV2""}",{}
week5_17august,2026-08-17T07:40:10+00:00,Spotify,Aysima Karçaaltıncaba,aaaaysimaaaa,Week5_User10,Week5_User10,3m8EgEhS0mVzt7RcNC9J6K,spotify:playlist:3m8EgEhS0mVzt7RcNC9J6K,https://open.spotify.com/playlist/3m8EgEhS0mVzt7RcNC9J6K,,aaaaysimaaaa,Aysima Karçaaltıncaba,True,False,0,AAAAA110gI8wXY0FpW+JVg7YDyrEGZTQ,,16,2026-08-17T07:23:36Z,aaaaysimaaaa,primary_artist_monthly_listeners,868739,"868,739",Spotify public artist page,false,,7K8tplxNrEPRR2wcc6y0xT,spotify:track:7K8tplxNrEPRR2wcc6y0xT,https://open.spotify.com/track/7K8tplxNrEPRR2wcc6y0xT,At the End of the Rainbow,track,6,1,245973,245.973,False,False,True,,https://api.spotify.com/v1/tracks/7K8tplxNrEPRR2wcc6y0xT,https://api.spotify.com/v1/tracks/7K8tplxNrEPRR2wcc6y0xT,,,DED839841606,,,4uy63xsAGgdSx0mXaQ1lfl,spotify:album:4uy63xsAGgdSx0mXaQ1lfl,https://open.spotify.com/album/4uy63xsAGgdSx0mXaQ1lfl,Legacy of Kings,album,,10,1998-09-28,day,,"C: 1998 HammerFall Managament, under exclusive license to Nuclear Blast GmbH; P: 1998 HammerFall Managament, under exclusive license to Nuclear Blast GmbH",,https://i.scdn.co/image/ab67616d0000b273c74508076e95a160cf40643f,,2o18h28enlHxj887tATc58,HammerFall,spotify:artist:2o18h28enlHxj887tATc58,https://open.spotify.com/artist/2o18h28enlHxj887tATc58,,,,868739,"868,739",false,Spotify public artist page,,https://i.scdn.co/image/ab6761610000e5eb9a0164f238589f0c0ca31088,,2o18h28enlHxj887tATc58,HammerFall,https://open.spotify.com/artist/2o18h28enlHxj887tATc58,"[{""artist_id"": ""2o18h28enlHxj887tATc58"", ""artist_name"": ""HammerFall"", ""artist_url"": ""https://open.spotify.com/artist/2o18h28enlHxj887tATc58"", ""monthly_listeners"": ""868739"", ""monthly_listeners_display"": ""868,739"", ""is_approx"": ""false"", ""fetch_error"": """"}]","[{""artist_id"": ""2o18h28enlHxj887tATc58"", ""artist_name"": ""HammerFall"", ""artist_uri"": ""spotify:artist:2o18h28enlHxj887tATc58"", ""artist_url"": ""https://open.spotify.com/artist/2o18h28enlHxj887tATc58"", ""artist_type"": ""artist"", ""artist_genres"": """", ""artist_spotify_api_popularity"": """", ""artist_followers_total"": """", ""artist_image_url"": ""https://i.scdn.co/image/ab6761610000e5eb9a0164f238589f0c0ca31088"", ""artist_lookup_error"": """", ""artist_monthly_listeners"": ""868739"", ""artist_monthly_listeners_display"": ""868,739"", ""artist_monthly_listeners_is_approx"": ""false"", ""artist_monthly_listeners_source"": ""Spotify public artist page"", ""artist_monthly_listeners_fetch_error"": """"}]",0,,"{""spotify"": ""https://open.spotify.com/track/7K8tplxNrEPRR2wcc6y0xT""}",{}
week5_17august,2026-08-17T07:40:10+00:00,Spotify,Aysima Karçaaltıncaba,aaaaysimaaaa,Week5_User10,Week5_User10,3m8EgEhS0mVzt7RcNC9J6K,spotify:playlist:3m8EgEhS0mVzt7RcNC9J6K,https://open.spotify.com/playlist/3m8EgEhS0mVzt7RcNC9J6K,,aaaaysimaaaa,Aysima Karçaaltıncaba,True,False,0,AAAAA110gI8wXY0FpW+JVg7YDyrEGZTQ,,17,2026-08-17T07:23:36Z,aaaaysimaaaa,primary_artist_monthly_listeners,242815,"242,815",Spotify public artist page,false,,5W5riPbci6HLF2TkTd2VyA,spotify:track:5W5riPbci6HLF2TkTd2VyA,https://open.spotify.com/track/5W5riPbci6HLF2TkTd2VyA,Dawn of Victory - Re-Recorded,track,1,1,284880,284.880,False,False,True,,https://api.spotify.com/v1/tracks/5W5riPbci6HLF2TkTd2VyA,https://api.spotify.com/v1/tracks/5W5riPbci6HLF2TkTd2VyA,,,DEU601706845,,,1UfSUScEvxwfbJEVSFH21R,spotify:album:1UfSUScEvxwfbJEVSFH21R,https://open.spotify.com/album/1UfSUScEvxwfbJEVSFH21R,Legendary Years (Re-Recorded),album,,14,2017-05-26,day,,C: 2017 AFM Records; P: 2017 AFM Records,,https://i.scdn.co/image/ab67616d0000b27311b32ec8f429d5bcfbc8bd21,,3IjLXN4eSksdGj8uDE4Jm1,Rhapsody Of Fire,spotify:artist:3IjLXN4eSksdGj8uDE4Jm1,https://open.spotify.com/artist/3IjLXN4eSksdGj8uDE4Jm1,,,,242815,"242,815",false,Spotify public artist page,,https://i.scdn.co/image/ab6761610000e5eb5d22c1db6d6eee22dfe54498,,3IjLXN4eSksdGj8uDE4Jm1,Rhapsody Of Fire,https://open.spotify.com/artist/3IjLXN4eSksdGj8uDE4Jm1,"[{""artist_id"": ""3IjLXN4eSksdGj8uDE4Jm1"", ""artist_name"": ""Rhapsody Of Fire"", ""artist_url"": ""https://open.spotify.com/artist/3IjLXN4eSksdGj8uDE4Jm1"", ""monthly_listeners"": ""242815"", ""monthly_listeners_display"": ""242,815"", ""is_approx"": ""false"", ""fetch_error"": """"}]","[{""artist_id"": ""3IjLXN4eSksdGj8uDE4Jm1"", ""artist_name"": ""Rhapsody Of Fire"", ""artist_uri"": ""spotify:artist:3IjLXN4eSksdGj8uDE4Jm1"", ""artist_url"": ""https://open.spotify.com/artist/3IjLXN4eSksdGj8uDE4Jm1"", ""artist_type"": ""artist"", ""artist_genres"": """", ""artist_spotify_api_popularity"": """", ""artist_followers_total"": """", ""artist_image_url"": ""https://i.scdn.co/image/ab6761610000e5eb5d22c1db6d6eee22dfe54498"", ""artist_lookup_error"": """", ""artist_monthly_listeners"": ""242815"", ""artist_monthly_listeners_display"": ""242,815"", ""artist_monthly_listeners_is_approx"": ""false"", ""artist_monthly_listeners_source"": ""Spotify public artist page"", ""artist_monthly_listeners_fetch_error"": """"}]",0,,"{""spotify"": ""https://open.spotify.com/track/5W5riPbci6HLF2TkTd2VyA""}",{}
week5_17august,2026-08-17T07:40:10+00:00,Spotify,Aysima Karçaaltıncaba,aaaaysimaaaa,Week5_User10,Week5_User10,3m8EgEhS0mVzt7RcNC9J6K,spotify:playlist:3m8EgEhS0mVzt7RcNC9J6K,https://open.spotify.com/playlist/3m8EgEhS0mVzt7RcNC9J6K,,aaaaysimaaaa,Aysima Karçaaltıncaba,True,False,0,AAAAA110gI8wXY0FpW+JVg7YDyrEGZTQ,,18,2026-08-17T07:23:36Z,aaaaysimaaaa,primary_artist_monthly_listeners,1047263,"1,047,263",Spotify public artist page,false,,5HkvAtKEPDLmchWYmepqYB,spotify:track:5HkvAtKEPDLmchWYmepqYB,https://open.spotify.com/track/5HkvAtKEPDLmchWYmepqYB,Hail and Kill,track,8,1,357026,357.026,False,False,True,,https://api.spotify.com/v1/tracks/5HkvAtKEPDLmchWYmepqYB,https://api.spotify.com/v1/tracks/5HkvAtKEPDLmchWYmepqYB,,,USAT20102851,,,7lZkD6ntnGAhmWowltbOYB,spotify:album:7lZkD6ntnGAhmWowltbOYB,https://open.spotify.com/album/7lZkD6ntnGAhmWowltbOYB,Kings of Metal,album,,10,1988-11-01,day,,C: © 1988 Atlantic Recording Corporation for the United States and WEA International Inc. for the world outside of the United States; P: ℗ 1988 Atlantic Recording Corporation for the United States and WEA International Inc. for the world outside of the United States,,https://i.scdn.co/image/ab67616d0000b2732612add61ad53e5a5d33c2d4,,4CzUzn54Cp9TQr6a7JIlMZ,Manowar,spotify:artist:4CzUzn54Cp9TQr6a7JIlMZ,https://open.spotify.com/artist/4CzUzn54Cp9TQr6a7JIlMZ,,,,1047263,"1,047,263",false,Spotify public artist page,,https://i.scdn.co/image/ab6761610000e5eba4780fe15900fbd223cd4f48,,4CzUzn54Cp9TQr6a7JIlMZ,Manowar,https://open.spotify.com/artist/4CzUzn54Cp9TQr6a7JIlMZ,"[{""artist_id"": ""4CzUzn54Cp9TQr6a7JIlMZ"", ""artist_name"": ""Manowar"", ""artist_url"": ""https://open.spotify.com/artist/4CzUzn54Cp9TQr6a7JIlMZ"", ""monthly_listeners"": ""1047263"", ""monthly_listeners_display"": ""1,047,263"", ""is_approx"": ""false"", ""fetch_error"": """"}]","[{""artist_id"": ""4CzUzn54Cp9TQr6a7JIlMZ"", ""artist_name"": ""Manowar"", ""artist_uri"": ""spotify:artist:4CzUzn54Cp9TQr6a7JIlMZ"", ""artist_url"": ""https://open.spotify.com/artist/4CzUzn54Cp9TQr6a7JIlMZ"", ""artist_type"": ""artist"", ""artist_genres"": """", ""artist_spotify_api_popularity"": """", ""artist_followers_total"": """", ""artist_image_url"": ""https://i.scdn.co/image/ab6761610000e5eba4780fe15900fbd223cd4f48"", ""artist_lookup_error"": """", ""artist_monthly_listeners"": ""1047263"", ""artist_monthly_listeners_display"": ""1,047,263"", ""artist_monthly_listeners_is_approx"": ""false"", ""artist_monthly_listeners_source"": ""Spotify public artist page"", ""artist_monthly_listeners_fetch_error"": """"}]",0,,"{""spotify"": ""https://open.spotify.com/track/5HkvAtKEPDLmchWYmepqYB""}",{}
week5_17august,2026-08-17T07:40:10+00:00,Spotify,Aysima Karçaaltıncaba,aaaaysimaaaa,Week5_User10,Week5_User10,3m8EgEhS0mVzt7RcNC9J6K,spotify:playlist:3m8EgEhS0mVzt7RcNC9J6K,https://open.spotify.com/playlist/3m8EgEhS0mVzt7RcNC9J6K,,aaaaysimaaaa,Aysima Karçaaltıncaba,True,False,0,AAAAA110gI8wXY0FpW+JVg7YDyrEGZTQ,,19,2026-08-17T07:23:36Z,aaaaysimaaaa,primary_artist_monthly_listeners,584122,"584,122",Spotify public artist page,false,,6YTOLMRTnLAdPOo1kxjNoZ,spotify:track:6YTOLMRTnLAdPOo1kxjNoZ,https://open.spotify.com/track/6YTOLMRTnLAdPOo1kxjNoZ,Avantasia,track,9,1,331533,331.533,False,False,True,,https://api.spotify.com/v1/tracks/6YTOLMRTnLAdPOo1kxjNoZ,https://api.spotify.com/v1/tracks/6YTOLMRTnLAdPOo1kxjNoZ,,,DEZ900500547,,,2HA77HLuzBmzeJp0Hc4YFO,spotify:album:2HA77HLuzBmzeJp0Hc4YFO,https://open.spotify.com/album/2HA77HLuzBmzeJp0Hc4YFO,"The Metal Opera, Pt. I",album,,13,2001-01-22,day,,C: 2001 AFM Records; P: 2001 AFM Records,,https://i.scdn.co/image/ab67616d0000b273ad1a8e0311bbe50db73c3db8,,1Ih0fEQQsy9EeAJbYEeQRa,Avantasia,spotify:artist:1Ih0fEQQsy9EeAJbYEeQRa,https://open.spotify.com/artist/1Ih0fEQQsy9EeAJbYEeQRa,,,,584122,"584,122",false,Spotify public artist page,,https://i.scdn.co/image/ab6761610000e5eb28190c50d303fd27ed7c12ee,,1Ih0fEQQsy9EeAJbYEeQRa,Avantasia,https://open.spotify.com/artist/1Ih0fEQQsy9EeAJbYEeQRa,"[{""artist_id"": ""1Ih0fEQQsy9EeAJbYEeQRa"", ""artist_name"": ""Avantasia"", ""artist_url"": ""https://open.spotify.com/artist/1Ih0fEQQsy9EeAJbYEeQRa"", ""monthly_listeners"": ""584122"", ""monthly_listeners_display"": ""584,122"", ""is_approx"": ""false"", ""fetch_error"": """"}]","[{""artist_id"": ""1Ih0fEQQsy9EeAJbYEeQRa"", ""artist_name"": ""Avantasia"", ""artist_uri"": ""spotify:artist:1Ih0fEQQsy9EeAJbYEeQRa"", ""artist_url"": ""https://open.spotify.com/artist/1Ih0fEQQsy9EeAJbYEeQRa"", ""artist_type"": ""artist"", ""artist_genres"": """", ""artist_spotify_api_popularity"": """", ""artist_followers_total"": """", ""artist_image_url"": ""https://i.scdn.co/image/ab6761610000e5eb28190c50d303fd27ed7c12ee"", ""artist_lookup_error"": """", ""artist_monthly_listeners"": ""584122"", ""artist_monthly_listeners_display"": ""584,122"", ""artist_monthly_listeners_is_approx"": ""false"", ""artist_monthly_listeners_source"": ""Spotify public artist page"", ""artist_monthly_listeners_fetch_error"": """"}]",0,,"{""spotify"": ""https://open.spotify.com/track/6YTOLMRTnLAdPOo1kxjNoZ""}",{}
week5_17august,2026-08-17T07:40:10+00:00,Spotify,Aysima Karçaaltıncaba,aaaaysimaaaa,Week5_User10,Week5_User10,3m8EgEhS0mVzt7RcNC9J6K,spotify:playlist:3m8EgEhS0mVzt7RcNC9J6K,https://open.spotify.com/playlist/3m8EgEhS0mVzt7RcNC9J6K,,aaaaysimaaaa,Aysima Karçaaltıncaba,True,False,0,AAAAA110gI8wXY0FpW+JVg7YDyrEGZTQ,,20,2026-08-17T07:23:36Z,aaaaysimaaaa,primary_artist_monthly_listeners,108314,"108,314",Spotify public artist page,false,,52HGqJIfLXhTUOJ5HwBRhT,spotify:track:52HGqJIfLXhTUOJ5HwBRhT,https://open.spotify.com/track/52HGqJIfLXhTUOJ5HwBRhT,The Fire and the Fury,track,5,1,325146,325.146,False,False,True,,https://api.spotify.com/v1/tracks/52HGqJIfLXhTUOJ5HwBRhT,https://api.spotify.com/v1/tracks/52HGqJIfLXhTUOJ5HwBRhT,,,TCAFJ2125075,,,5dfXEf5Emwj9h8fORRqer1,spotify:album:5dfXEf5Emwj9h8fORRqer1,https://open.spotify.com/album/5dfXEf5Emwj9h8fORRqer1,Burning Earth,album,,9,2003-01-01,day,,C: 2003 Firewind Ltd; P: 2003 Firewind Ltd,,https://i.scdn.co/image/ab67616d0000b2737ccd32e8d0c699c466ff08bc,,70I9vE7YTwKmelfEplXc5r,Firewind,spotify:artist:70I9vE7YTwKmelfEplXc5r,https://open.spotify.com/artist/70I9vE7YTwKmelfEplXc5r,,,,108314,"108,314",false,Spotify public artist page,,https://i.scdn.co/image/ab6761610000e5eb65dfd5aaf0e94b6c190d63b4,,70I9vE7YTwKmelfEplXc5r,Firewind,https://open.spotify.com/artist/70I9vE7YTwKmelfEplXc5r,"[{""artist_id"": ""70I9vE7YTwKmelfEplXc5r"", ""artist_name"": ""Firewind"", ""artist_url"": ""https://open.spotify.com/artist/70I9vE7YTwKmelfEplXc5r"", ""monthly_listeners"": ""108314"", ""monthly_listeners_display"": ""108,314"", ""is_approx"": ""false"", ""fetch_error"": """"}]","[{""artist_id"": ""70I9vE7YTwKmelfEplXc5r"", ""artist_name"": ""Firewind"", ""artist_uri"": ""spotify:artist:70I9vE7YTwKmelfEplXc5r"", ""artist_url"": ""https://open.spotify.com/artist/70I9vE7YTwKmelfEplXc5r"", ""artist_type"": ""artist"", ""artist_genres"": """", ""artist_spotify_api_popularity"": """", ""artist_followers_total"": """", ""artist_image_url"": ""https://i.scdn.co/image/ab6761610000e5eb65dfd5aaf0e94b6c190d63b4"", ""artist_lookup_error"": """", ""artist_monthly_listeners"": ""108314"", ""artist_monthly_listeners_display"": ""108,314"", ""artist_monthly_listeners_is_approx"": ""false"", ""artist_monthly_listeners_source"": ""Spotify public artist page"", ""artist_monthly_listeners_fetch_error"": """"}]",0,,"{""spotify"": ""https://open.spotify.com/track/52HGqJIfLXhTUOJ5HwBRhT""}",{}
week5_17august,2026-08-17T07:40:10+00:00,Spotify,Aysima Karçaaltıncaba,aaaaysimaaaa,Week5_User10,Week5_User10,3m8EgEhS0mVzt7RcNC9J6K,spotify:playlist:3m8EgEhS0mVzt7RcNC9J6K,https://open.spotify.com/playlist/3m8EgEhS0mVzt7RcNC9J6K,,aaaaysimaaaa,Aysima Karçaaltıncaba,True,False,0,AAAAA110gI8wXY0FpW+JVg7YDyrEGZTQ,,21,2026-08-17T07:23:36Z,aaaaysimaaaa,primary_artist_monthly_listeners,473901,"473,901",Spotify public artist page,false,,773yjqHbb0VMYrt6ARF1SB,spotify:track:773yjqHbb0VMYrt6ARF1SB,https://open.spotify.com/track/773yjqHbb0VMYrt6ARF1SB,Blacksong,track,2,1,336813,336.813,False,False,True,,https://api.spotify.com/v1/tracks/773yjqHbb0VMYrt6ARF1SB,https://api.spotify.com/v1/tracks/773yjqHbb0VMYrt6ARF1SB,,,DEU600500344,,,3YPkjTtpwdR3mOv4ToAlhW,spotify:album:3YPkjTtpwdR3mOv4ToAlhW,https://open.spotify.com/album/3YPkjTtpwdR3mOv4ToAlhW,The Duke,album,,10,2006-02-24,day,,C: © 2006 Legend Man Music; P: ℗ 2006 Legend Man Music,,https://i.scdn.co/image/ab67616d0000b2736a501333949796282e865afa,,5SaDyTQkjAAdrsmhPzrmw2,Jorn,spotify:artist:5SaDyTQkjAAdrsmhPzrmw2,https://open.spotify.com/artist/5SaDyTQkjAAdrsmhPzrmw2,,,,473901,"473,901",false,Spotify public artist page,,https://i.scdn.co/image/ab6761610000e5ebf1310d077ecfed399b5c7ca9,,5SaDyTQkjAAdrsmhPzrmw2,Jorn,https://open.spotify.com/artist/5SaDyTQkjAAdrsmhPzrmw2,"[{""artist_id"": ""5SaDyTQkjAAdrsmhPzrmw2"", ""artist_name"": ""Jorn"", ""artist_url"": ""https://open.spotify.com/artist/5SaDyTQkjAAdrsmhPzrmw2"", ""monthly_listeners"": ""473901"", ""monthly_listeners_display"": ""473,901"", ""is_approx"": ""false"", ""fetch_error"": """"}]","[{""artist_id"": ""5SaDyTQkjAAdrsmhPzrmw2"", ""artist_name"": ""Jorn"", ""artist_uri"": ""spotify:artist:5SaDyTQkjAAdrsmhPzrmw2"", ""artist_url"": ""https://open.spotify.com/artist/5SaDyTQkjAAdrsmhPzrmw2"", ""artist_type"": ""artist"", ""artist_genres"": """", ""artist_spotify_api_popularity"": """", ""artist_followers_total"": """", ""artist_image_url"": ""https://i.scdn.co/image/ab6761610000e5ebf1310d077ecfed399b5c7ca9"", ""artist_lookup_error"": """", ""artist_monthly_listeners"": ""473901"", ""artist_monthly_listeners_display"": ""473,901"", ""artist_monthly_listeners_is_approx"": ""false"", ""artist_monthly_listeners_source"": ""Spotify public artist page"", ""artist_monthly_listeners_fetch_error"": """"}]",0,,"{""spotify"": ""https://open.spotify.com/track/773yjqHbb0VMYrt6ARF1SB""}",{}
week5_17august,2026-08-17T07:40:10+00:00,Spotify,Aysima Karçaaltıncaba,aaaaysimaaaa,Week5_User10,Week5_User10,3m8EgEhS0mVzt7RcNC9J6K,spotify:playlist:3m8EgEhS0mVzt7RcNC9J6K,https://open.spotify.com/playlist/3m8EgEhS0mVzt7RcNC9J6K,,aaaaysimaaaa,Aysima Karçaaltıncaba,True,False,0,AAAAA110gI8wXY0FpW+JVg7YDyrEGZTQ,,22,2026-08-17T07:23:36Z,aaaaysimaaaa,primary_artist_monthly_listeners,21183,"21,183",Spotify public artist page,false,,4oNnIsGr61LVTPTyfa1zyx,spotify:track:4oNnIsGr61LVTPTyfa1zyx,https://open.spotify.com/track/4oNnIsGr61LVTPTyfa1zyx,Steal Away the Light,track,2,1,233218,233.218,False,False,True,,https://api.spotify.com/v1/tracks/4oNnIsGr61LVTPTyfa1zyx,https://api.spotify.com/v1/tracks/4oNnIsGr61LVTPTyfa1zyx,,,DEU601405352,,,0PRu59gkd2Lyi8sybScuec,spotify:album:0PRu59gkd2Lyi8sybScuec,https://open.spotify.com/album/0PRu59gkd2Lyi8sybScuec,The Heart of the Matter,album,,12,2014-01-01,day,,C: 2014 AFM Records; P: 2014 AFM Records,,https://i.scdn.co/image/ab67616d0000b2739f0b7d3514e848b07aebc5ba,,0hk3NBCfedrc9J4qj27UxG,Triosphere,spotify:artist:0hk3NBCfedrc9J4qj27UxG,https://open.spotify.com/artist/0hk3NBCfedrc9J4qj27UxG,,,,21183,"21,183",false,Spotify public artist page,,https://i.scdn.co/image/ab6761610000e5ebda51f8212c7f39dd45d7e690,,0hk3NBCfedrc9J4qj27UxG,Triosphere,https://open.spotify.com/artist/0hk3NBCfedrc9J4qj27UxG,"[{""artist_id"": ""0hk3NBCfedrc9J4qj27UxG"", ""artist_name"": ""Triosphere"", ""artist_url"": ""https://open.spotify.com/artist/0hk3NBCfedrc9J4qj27UxG"", ""monthly_listeners"": ""21183"", ""monthly_listeners_display"": ""21,183"", ""is_approx"": ""false"", ""fetch_error"": """"}]","[{""artist_id"": ""0hk3NBCfedrc9J4qj27UxG"", ""artist_name"": ""Triosphere"", ""artist_uri"": ""spotify:artist:0hk3NBCfedrc9J4qj27UxG"", ""artist_url"": ""https://open.spotify.com/artist/0hk3NBCfedrc9J4qj27UxG"", ""artist_type"": ""artist"", ""artist_genres"": """", ""artist_spotify_api_popularity"": """", ""artist_followers_total"": """", ""artist_image_url"": ""https://i.scdn.co/image/ab6761610000e5ebda51f8212c7f39dd45d7e690"", ""artist_lookup_error"": """", ""artist_monthly_listeners"": ""21183"", ""artist_monthly_listeners_display"": ""21,183"", ""artist_monthly_listeners_is_approx"": ""false"", ""artist_monthly_listeners_source"": ""Spotify public artist page"", ""artist_monthly_listeners_fetch_error"": """"}]",0,,"{""spotify"": ""https://open.spotify.com/track/4oNnIsGr61LVTPTyfa1zyx""}",{}
week5_17august,2026-08-17T07:40:10+00:00,Spotify,Aysima Karçaaltıncaba,aaaaysimaaaa,Week5_User10,Week5_User10,3m8EgEhS0mVzt7RcNC9J6K,spotify:playlist:3m8EgEhS0mVzt7RcNC9J6K,https://open.spotify.com/playlist/3m8EgEhS0mVzt7RcNC9J6K,,aaaaysimaaaa,Aysima Karçaaltıncaba,True,False,0,AAAAA110gI8wXY0FpW+JVg7YDyrEGZTQ,,23,2026-08-17T07:23:36Z,aaaaysimaaaa,primary_artist_monthly_listeners,1249585,"1,249,585",Spotify public artist page,false,,4rW7HpxbunvRKn4rql3Kni,spotify:track:4rW7HpxbunvRKn4rql3Kni,https://open.spotify.com/track/4rW7HpxbunvRKn4rql3Kni,Zodd The Immortal,track,5,1,214833,214.833,False,False,True,,https://api.spotify.com/v1/tracks/4rW7HpxbunvRKn4rql3Kni,https://api.spotify.com/v1/tracks/4rW7HpxbunvRKn4rql3Kni,,,DED831701296,,,499iZ0iesrciB5jO9jSOWx,spotify:album:499iZ0iesrciB5jO9jSOWx,https://open.spotify.com/album/499iZ0iesrciB5jO9jSOWx,Berserker,album,,12,2017-11-03,day,,C: 2017 Nuclear Blast; P: 2017 Nuclear Blast,,https://i.scdn.co/image/ab67616d0000b273eae389f411e0a8d740d03561,,0rEuaTPLMhlViNCJrg3NEH,Beast In Black,spotify:artist:0rEuaTPLMhlViNCJrg3NEH,https://open.spotify.com/artist/0rEuaTPLMhlViNCJrg3NEH,,,,1249585,"1,249,585",false,Spotify public artist page,,https://i.scdn.co/image/ab6761610000e5eb1664e277c53965cf8e474889,,0rEuaTPLMhlViNCJrg3NEH,Beast In Black,https://open.spotify.com/artist/0rEuaTPLMhlViNCJrg3NEH,"[{""artist_id"": ""0rEuaTPLMhlViNCJrg3NEH"", ""artist_name"": ""Beast In Black"", ""artist_url"": ""https://open.spotify.com/artist/0rEuaTPLMhlViNCJrg3NEH"", ""monthly_listeners"": ""1249585"", ""monthly_listeners_display"": ""1,249,585"", ""is_approx"": ""false"", ""fetch_error"": """"}]","[{""artist_id"": ""0rEuaTPLMhlViNCJrg3NEH"", ""artist_name"": ""Beast In Black"", ""artist_uri"": ""spotify:artist:0rEuaTPLMhlViNCJrg3NEH"", ""artist_url"": ""https://open.spotify.com/artist/0rEuaTPLMhlViNCJrg3NEH"", ""artist_type"": ""artist"", ""artist_genres"": """", ""artist_spotify_api_popularity"": """", ""artist_followers_total"": """", ""artist_image_url"": ""https://i.scdn.co/image/ab6761610000e5eb1664e277c53965cf8e474889"", ""artist_lookup_error"": """", ""artist_monthly_listeners"": ""1249585"", ""artist_monthly_listeners_display"": ""1,249,585"", ""artist_monthly_listeners_is_approx"": ""false"", ""artist_monthly_listeners_source"": ""Spotify public artist page"", ""artist_monthly_listeners_fetch_error"": """"}]",0,,"{""spotify"": ""https://open.spotify.com/track/4rW7HpxbunvRKn4rql3Kni""}",{}
week5_17august,2026-08-17T07:40:10+00:00,Spotify,Aysima Karçaaltıncaba,aaaaysimaaaa,Week5_User10,Week5_User10,3m8EgEhS0mVzt7RcNC9J6K,spotify:playlist:3m8EgEhS0mVzt7RcNC9J6K,https://open.spotify.com/playlist/3m8EgEhS0mVzt7RcNC9J6K,,aaaaysimaaaa,Aysima Karçaaltıncaba,True,False,0,AAAAA110gI8wXY0FpW+JVg7YDyrEGZTQ,,24,2026-08-17T07:23:36Z,aaaaysimaaaa,primary_artist_monthly_listeners,9895,"9,895",Spotify public artist page,false,,2yUkX5Ea2NwodDJPvvsTxR,spotify:track:2yUkX5Ea2NwodDJPvvsTxR,https://open.spotify.com/track/2yUkX5Ea2NwodDJPvvsTxR,Lucretia My Reflection,track,4,1,278360,278.360,False,False,True,,https://api.spotify.com/v1/tracks/2yUkX5Ea2NwodDJPvvsTxR,https://api.spotify.com/v1/tracks/2yUkX5Ea2NwodDJPvvsTxR,,,US4E40847804,,,1GInCtYNFPydxDCuW00VNp,spotify:album:1GInCtYNFPydxDCuW00VNp,https://open.spotify.com/album/1GInCtYNFPydxDCuW00VNp,Praises To The War Machine,album,,12,2008-06-10,day,,P: (P) 2008 Century Media Records Ltd.,,https://i.scdn.co/image/ab67616d0000b27321b6bcf4958d1f9a643379fd,,1qrGnVZhEO4vX3ahn4RY1r,Warrel Dane,spotify:artist:1qrGnVZhEO4vX3ahn4RY1r,https://open.spotify.com/artist/1qrGnVZhEO4vX3ahn4RY1r,,,,9895,"9,895",false,Spotify public artist page,,https://i.scdn.co/image/07f121b8bcd5582bec2e181534d5ff1e8fc95ed5,,1qrGnVZhEO4vX3ahn4RY1r,Warrel Dane,https://open.spotify.com/artist/1qrGnVZhEO4vX3ahn4RY1r,"[{""artist_id"": ""1qrGnVZhEO4vX3ahn4RY1r"", ""artist_name"": ""Warrel Dane"", ""artist_url"": ""https://open.spotify.com/artist/1qrGnVZhEO4vX3ahn4RY1r"", ""monthly_listeners"": ""9895"", ""monthly_listeners_display"": ""9,895"", ""is_approx"": ""false"", ""fetch_error"": """"}]","[{""artist_id"": ""1qrGnVZhEO4vX3ahn4RY1r"", ""artist_name"": ""Warrel Dane"", ""artist_uri"": ""spotify:artist:1qrGnVZhEO4vX3ahn4RY1r"", ""artist_url"": ""https://open.spotify.com/artist/1qrGnVZhEO4vX3ahn4RY1r"", ""artist_type"": ""artist"", ""artist_genres"": """", ""artist_spotify_api_popularity"": """", ""artist_followers_total"": """", ""artist_image_url"": ""https://i.scdn.co/image/07f121b8bcd5582bec2e181534d5ff1e8fc95ed5"", ""artist_lookup_error"": """", ""artist_monthly_listeners"": ""9895"", ""artist_monthly_listeners_display"": ""9,895"", ""artist_monthly_listeners_is_approx"": ""false"", ""artist_monthly_listeners_source"": ""Spotify public artist page"", ""artist_monthly_listeners_fetch_error"": """"}]",0,,"{""spotify"": ""https://open.spotify.com/track/2yUkX5Ea2NwodDJPvvsTxR""}",{}
week5_17august,2026-08-17T07:40:10+00:00,Spotify,Aysima Karçaaltıncaba,aaaaysimaaaa,Week5_User10,Week5_User10,3m8EgEhS0mVzt7RcNC9J6K,spotify:playlist:3m8EgEhS0mVzt7RcNC9J6K,https://open.spotify.com/playlist/3m8EgEhS0mVzt7RcNC9J6K,,aaaaysimaaaa,Aysima Karçaaltıncaba,True,False,0,AAAAA110gI8wXY0FpW+JVg7YDyrEGZTQ,,25,2026-08-17T07:23:36Z,aaaaysimaaaa,primary_artist_monthly_listeners,21267,"21,267",Spotify public artist page,false,,3mZZmANnoFr6noTgxc8Zll,spotify:track:3mZZmANnoFr6noTgxc8Zll,https://open.spotify.com/track/3mZZmANnoFr6noTgxc8Zll,Welcome to Paradise,track,1,1,276133,276.133,False,False,True,,https://api.spotify.com/v1/tracks/3mZZmANnoFr6noTgxc8Zll,https://api.spotify.com/v1/tracks/3mZZmANnoFr6noTgxc8Zll,,,DED831900283,,,5WgN3EoZSf12ZyYaFxzYSP,spotify:album:5WgN3EoZSf12ZyYaFxzYSP,https://open.spotify.com/album/5WgN3EoZSf12ZyYaFxzYSP,Welcome to Paradise,album,,13,2019-08-02,day,,C: 2019 Nuclear Blast; P: 2019 Nuclear Blast,,https://i.scdn.co/image/ab67616d0000b27321ebb75e78cb1e6f30794879,,0cxYOcvgOWW1MJEoWeuCvg,NorthTale,spotify:artist:0cxYOcvgOWW1MJEoWeuCvg,https://open.spotify.com/artist/0cxYOcvgOWW1MJEoWeuCvg,,,,21267,"21,267",false,Spotify public artist page,,https://i.scdn.co/image/ab6761610000e5eb6c949980fb3aab36f8347668,,0cxYOcvgOWW1MJEoWeuCvg,NorthTale,https://open.spotify.com/artist/0cxYOcvgOWW1MJEoWeuCvg,"[{""artist_id"": ""0cxYOcvgOWW1MJEoWeuCvg"", ""artist_name"": ""NorthTale"", ""artist_url"": ""https://open.spotify.com/artist/0cxYOcvgOWW1MJEoWeuCvg"", ""monthly_listeners"": ""21267"", ""monthly_listeners_display"": ""21,267"", ""is_approx"": ""false"", ""fetch_error"": """"}]","[{""artist_id"": ""0cxYOcvgOWW1MJEoWeuCvg"", ""artist_name"": ""NorthTale"", ""artist_uri"": ""spotify:artist:0cxYOcvgOWW1MJEoWeuCvg"", ""artist_url"": ""https://open.spotify.com/artist/0cxYOcvgOWW1MJEoWeuCvg"", ""artist_type"": ""artist"", ""artist_genres"": """", ""artist_spotify_api_popularity"": """", ""artist_followers_total"": """", ""artist_image_url"": ""https://i.scdn.co/image/ab6761610000e5eb6c949980fb3aab36f8347668"", ""artist_lookup_error"": """", ""artist_monthly_listeners"": ""21267"", ""artist_monthly_listeners_display"": ""21,267"", ""artist_monthly_listeners_is_approx"": ""false"", ""artist_monthly_listeners_source"": ""Spotify public artist page"", ""artist_monthly_listeners_fetch_error"": """"}]",0,,"{""spotify"": ""https://open.spotify.com/track/3mZZmANnoFr6noTgxc8Zll""}",{}
week5_17august,2026-08-17T07:40:10+00:00,Spotify,Aysima Karçaaltıncaba,aaaaysimaaaa,Week5_User10,Week5_User10,3m8EgEhS0mVzt7RcNC9J6K,spotify:playlist:3m8EgEhS0mVzt7RcNC9J6K,https://open.spotify.com/playlist/3m8EgEhS0mVzt7RcNC9J6K,,aaaaysimaaaa,Aysima Karçaaltıncaba,True,False,0,AAAAA110gI8wXY0FpW+JVg7YDyrEGZTQ,,26,2026-08-17T07:23:36Z,aaaaysimaaaa,primary_artist_monthly_listeners,172653,"172,653",Spotify public artist page,false,,2cxtdKFeXk4F10nd8TZORl,spotify:track:2cxtdKFeXk4F10nd8TZORl,https://open.spotify.com/track/2cxtdKFeXk4F10nd8TZORl,Kind Hearted Light,track,3,1,265773,265.773,False,False,True,,https://api.spotify.com/v1/tracks/2cxtdKFeXk4F10nd8TZORl,https://api.spotify.com/v1/tracks/2cxtdKFeXk4F10nd8TZORl,,,DET970200003,,,6FxqNK88NImuiMIpCrTZee,spotify:album:6FxqNK88NImuiMIpCrTZee,https://open.spotify.com/album/6FxqNK88NImuiMIpCrTZee,Masterplan,album,,11,2003-01-20,day,,C: 2003 AFM Records; P: 2003 AFM Records,,https://i.scdn.co/image/ab67616d0000b2737479397fc56803ba3511fd1c,,1OHNvr18TssBKYK0A75yvx,Masterplan,spotify:artist:1OHNvr18TssBKYK0A75yvx,https://open.spotify.com/artist/1OHNvr18TssBKYK0A75yvx,,,,172653,"172,653",false,Spotify public artist page,,https://i.scdn.co/image/ab6761610000e5eb8cfdd5ee976e9da4af82d208,,1OHNvr18TssBKYK0A75yvx,Masterplan,https://open.spotify.com/artist/1OHNvr18TssBKYK0A75yvx,"[{""artist_id"": ""1OHNvr18TssBKYK0A75yvx"", ""artist_name"": ""Masterplan"", ""artist_url"": ""https://open.spotify.com/artist/1OHNvr18TssBKYK0A75yvx"", ""monthly_listeners"": ""172653"", ""monthly_listeners_display"": ""172,653"", ""is_approx"": ""false"", ""fetch_error"": """"}]","[{""artist_id"": ""1OHNvr18TssBKYK0A75yvx"", ""artist_name"": ""Masterplan"", ""artist_uri"": ""spotify:artist:1OHNvr18TssBKYK0A75yvx"", ""artist_url"": ""https://open.spotify.com/artist/1OHNvr18TssBKYK0A75yvx"", ""artist_type"": ""artist"", ""artist_genres"": """", ""artist_spotify_api_popularity"": """", ""artist_followers_total"": """", ""artist_image_url"": ""https://i.scdn.co/image/ab6761610000e5eb8cfdd5ee976e9da4af82d208"", ""artist_lookup_error"": """", ""artist_monthly_listeners"": ""172653"", ""artist_monthly_listeners_display"": ""172,653"", ""artist_monthly_listeners_is_approx"": ""false"", ""artist_monthly_listeners_source"": ""Spotify public artist page"", ""artist_monthly_listeners_fetch_error"": """"}]",0,,"{""spotify"": ""https://open.spotify.com/track/2cxtdKFeXk4F10nd8TZORl""}",{}
week5_17august,2026-08-17T07:40:10+00:00,Spotify,Aysima Karçaaltıncaba,aaaaysimaaaa,Week5_User10,Week5_User10,3m8EgEhS0mVzt7RcNC9J6K,spotify:playlist:3m8EgEhS0mVzt7RcNC9J6K,https://open.spotify.com/playlist/3m8EgEhS0mVzt7RcNC9J6K,,aaaaysimaaaa,Aysima Karçaaltıncaba,True,False,0,AAAAA110gI8wXY0FpW+JVg7YDyrEGZTQ,,27,2026-08-17T07:23:36Z,aaaaysimaaaa,primary_artist_monthly_listeners,244242,"244,242",Spotify public artist page,false,,1vuTO497hSEkEWvFWTGfl8,spotify:track:1vuTO497hSEkEWvFWTGfl8,https://open.spotify.com/track/1vuTO497hSEkEWvFWTGfl8,Tuonela,track,2,1,277441,277.441,False,False,True,,https://api.spotify.com/v1/tracks/1vuTO497hSEkEWvFWTGfl8,https://api.spotify.com/v1/tracks/1vuTO497hSEkEWvFWTGfl8,,,DED832000683,,,3s7abfHktH3ljR7fAXPZPp,spotify:album:3s7abfHktH3ljR7fAXPZPp,https://open.spotify.com/album/3s7abfHktH3ljR7fAXPZPp,Leviathan,album,,11,2021-01-22,day,,C: 2021 Nuclear Blast; P: 2021 Nuclear Blast,,https://i.scdn.co/image/ab67616d0000b2732454ac2ea06a9427e6262ab9,,5c8Cw62ZYj9XO6iDLRDEsi,Therion,spotify:artist:5c8Cw62ZYj9XO6iDLRDEsi,https://open.spotify.com/artist/5c8Cw62ZYj9XO6iDLRDEsi,,,,244242,"244,242",false,Spotify public artist page,,https://i.scdn.co/image/ab6761610000e5eb9a7f93205c66fe4181cede4a,,5c8Cw62ZYj9XO6iDLRDEsi; 1tbhwOH5UBAJoqTx9Oak00,Therion; Marko Hietala,https://open.spotify.com/artist/5c8Cw62ZYj9XO6iDLRDEsi; https://open.spotify.com/artist/1tbhwOH5UBAJoqTx9Oak00,"[{""artist_id"": ""5c8Cw62ZYj9XO6iDLRDEsi"", ""artist_name"": ""Therion"", ""artist_url"": ""https://open.spotify.com/artist/5c8Cw62ZYj9XO6iDLRDEsi"", ""monthly_listeners"": ""244242"", ""monthly_listeners_display"": ""244,242"", ""is_approx"": ""false"", ""fetch_error"": """"}, {""artist_id"": ""1tbhwOH5UBAJoqTx9Oak00"", ""artist_name"": ""Marko Hietala"", ""artist_url"": ""https://open.spotify.com/artist/1tbhwOH5UBAJoqTx9Oak00"", ""monthly_listeners"": ""53223"", ""monthly_listeners_display"": ""53,223"", ""is_approx"": ""false"", ""fetch_error"": """"}]","[{""artist_id"": ""5c8Cw62ZYj9XO6iDLRDEsi"", ""artist_name"": ""Therion"", ""artist_uri"": ""spotify:artist:5c8Cw62ZYj9XO6iDLRDEsi"", ""artist_url"": ""https://open.spotify.com/artist/5c8Cw62ZYj9XO6iDLRDEsi"", ""artist_type"": ""artist"", ""artist_genres"": """", ""artist_spotify_api_popularity"": """", ""artist_followers_total"": """", ""artist_image_url"": ""https://i.scdn.co/image/ab6761610000e5eb9a7f93205c66fe4181cede4a"", ""artist_lookup_error"": """", ""artist_monthly_listeners"": ""244242"", ""artist_monthly_listeners_display"": ""244,242"", ""artist_monthly_listeners_is_approx"": ""false"", ""artist_monthly_listeners_source"": ""Spotify public artist page"", ""artist_monthly_listeners_fetch_error"": """"}, {""artist_id"": ""1tbhwOH5UBAJoqTx9Oak00"", ""artist_name"": ""Marko Hietala"", ""artist_uri"": ""spotify:artist:1tbhwOH5UBAJoqTx9Oak00"", ""artist_url"": ""https://open.spotify.com/artist/1tbhwOH5UBAJoqTx9Oak00"", ""artist_type"": ""artist"", ""artist_genres"": """", ""artist_spotify_api_popularity"": """", ""artist_followers_total"": """", ""artist_image_url"": ""https://i.scdn.co/image/ab6761610000e5ebb89f8d8a720a8d5cd5a1928f"", ""artist_lookup_error"": """", ""artist_monthly_listeners"": ""53223"", ""artist_monthly_listeners_display"": ""53,223"", ""artist_monthly_listeners_is_approx"": ""false"", ""artist_monthly_listeners_source"": ""Spotify public artist page"", ""artist_monthly_listeners_fetch_error"": """"}]",0,,"{""spotify"": ""https://open.spotify.com/track/1vuTO497hSEkEWvFWTGfl8""}",{}
week5_17august,2026-08-17T07:40:10+00:00,Spotify,Aysima Karçaaltıncaba,aaaaysimaaaa,Week5_User10,Week5_User10,3m8EgEhS0mVzt7RcNC9J6K,spotify:playlist:3m8EgEhS0mVzt7RcNC9J6K,https://open.spotify.com/playlist/3m8EgEhS0mVzt7RcNC9J6K,,aaaaysimaaaa,Aysima Karçaaltıncaba,True,False,0,AAAAA110gI8wXY0FpW+JVg7YDyrEGZTQ,,28,2026-08-17T07:23:36Z,aaaaysimaaaa,primary_artist_monthly_listeners,746481,"746,481",Spotify public artist page,false,,2SR0CHOWgkVt0nLI9YwYti,spotify:track:2SR0CHOWgkVt0nLI9YwYti,https://open.spotify.com/track/2SR0CHOWgkVt0nLI9YwYti,"No Gods, No Masters",track,5,1,254653,254.653,False,False,True,,https://api.spotify.com/v1/tracks/2SR0CHOWgkVt0nLI9YwYti,https://api.spotify.com/v1/tracks/2SR0CHOWgkVt0nLI9YwYti,,,SEVKO1100005,,,7e6aLYzxgcsbD9NA9LpQQX,spotify:album:7e6aLYzxgcsbD9NA9LpQQX,https://open.spotify.com/album/7e6aLYzxgcsbD9NA9LpQQX,Khaos Legions,album,,14,2011-05-27,day,,P: (P) 2011 Century Media Records Ltd.,,https://i.scdn.co/image/ab67616d0000b273adc0e21564f18fc62c039794,,0DCw6lHkzh9t7f8Hb4Z0Sx,Arch Enemy,spotify:artist:0DCw6lHkzh9t7f8Hb4Z0Sx,https://open.spotify.com/artist/0DCw6lHkzh9t7f8Hb4Z0Sx,,,,746481,"746,481",false,Spotify public artist page,,https://i.scdn.co/image/ab6761610000e5ebc6790f344338cb196c00660d,,0DCw6lHkzh9t7f8Hb4Z0Sx,Arch Enemy,https://open.spotify.com/artist/0DCw6lHkzh9t7f8Hb4Z0Sx,"[{""artist_id"": ""0DCw6lHkzh9t7f8Hb4Z0Sx"", ""artist_name"": ""Arch Enemy"", ""artist_url"": ""https://open.spotify.com/artist/0DCw6lHkzh9t7f8Hb4Z0Sx"", ""monthly_listeners"": ""746481"", ""monthly_listeners_display"": ""746,481"", ""is_approx"": ""false"", ""fetch_error"": """"}]","[{""artist_id"": ""0DCw6lHkzh9t7f8Hb4Z0Sx"", ""artist_name"": ""Arch Enemy"", ""artist_uri"": ""spotify:artist:0DCw6lHkzh9t7f8Hb4Z0Sx"", ""artist_url"": ""https://open.spotify.com/artist/0DCw6lHkzh9t7f8Hb4Z0Sx"", ""artist_type"": ""artist"", ""artist_genres"": """", ""artist_spotify_api_popularity"": """", ""artist_followers_total"": """", ""artist_image_url"": ""https://i.scdn.co/image/ab6761610000e5ebc6790f344338cb196c00660d"", ""artist_lookup_error"": """", ""artist_monthly_listeners"": ""746481"", ""artist_monthly_listeners_display"": ""746,481"", ""artist_monthly_listeners_is_approx"": ""false"", ""artist_monthly_listeners_source"": ""Spotify public artist page"", ""artist_monthly_listeners_fetch_error"": """"}]",0,,"{""spotify"": ""https://open.spotify.com/track/2SR0CHOWgkVt0nLI9YwYti""}",{}
week5_17august,2026-08-17T07:40:10+00:00,Spotify,Aysima Karçaaltıncaba,aaaaysimaaaa,Week5_User10,Week5_User10,3m8EgEhS0mVzt7RcNC9J6K,spotify:playlist:3m8EgEhS0mVzt7RcNC9J6K,https://open.spotify.com/playlist/3m8EgEhS0mVzt7RcNC9J6K,,aaaaysimaaaa,Aysima Karçaaltıncaba,True,False,0,AAAAA110gI8wXY0FpW+JVg7YDyrEGZTQ,,29,2026-08-17T07:23:36Z,aaaaysimaaaa,primary_artist_monthly_listeners,84872,"84,872",Spotify public artist page,false,,0fXBApFSiFvuyKkn1f7taZ,spotify:track:0fXBApFSiFvuyKkn1f7taZ,https://open.spotify.com/track/0fXBApFSiFvuyKkn1f7taZ,Illusion of Life,track,1,1,300746,300.746,False,False,True,,https://api.spotify.com/v1/tracks/0fXBApFSiFvuyKkn1f7taZ,https://api.spotify.com/v1/tracks/0fXBApFSiFvuyKkn1f7taZ,,,DEU600600371,,,1BIbKfOF0AI0a2KqOk95mH,spotify:album:1BIbKfOF0AI0a2KqOk95mH,https://open.spotify.com/album/1BIbKfOF0AI0a2KqOk95mH,Fairytales and Reality,album,,11,2006-09-22,day,,C: 2006 AFM Records; P: 2006 AFM Records,,https://i.scdn.co/image/ab67616d0000b2731ae4bd361072411447bd7847,,39AhZ0oT49zA0WOAbfHVMM,Dionysus,spotify:artist:39AhZ0oT49zA0WOAbfHVMM,https://open.spotify.com/artist/39AhZ0oT49zA0WOAbfHVMM,,,,84872,"84,872",false,Spotify public artist page,,https://i.scdn.co/image/ab6761610000e5eb3eb3e30b92f0fc2fde4b86d0,,39AhZ0oT49zA0WOAbfHVMM,Dionysus,https://open.spotify.com/artist/39AhZ0oT49zA0WOAbfHVMM,"[{""artist_id"": ""39AhZ0oT49zA0WOAbfHVMM"", ""artist_name"": ""Dionysus"", ""artist_url"": ""https://open.spotify.com/artist/39AhZ0oT49zA0WOAbfHVMM"", ""monthly_listeners"": ""84872"", ""monthly_listeners_display"": ""84,872"", ""is_approx"": ""false"", ""fetch_error"": """"}]","[{""artist_id"": ""39AhZ0oT49zA0WOAbfHVMM"", ""artist_name"": ""Dionysus"", ""artist_uri"": ""spotify:artist:39AhZ0oT49zA0WOAbfHVMM"", ""artist_url"": ""https://open.spotify.com/artist/39AhZ0oT49zA0WOAbfHVMM"", ""artist_type"": ""artist"", ""artist_genres"": """", ""artist_spotify_api_popularity"": """", ""artist_followers_total"": """", ""artist_image_url"": ""https://i.scdn.co/image/ab6761610000e5eb3eb3e30b92f0fc2fde4b86d0"", ""artist_lookup_error"": """", ""artist_monthly_listeners"": ""84872"", ""artist_monthly_listeners_display"": ""84,872"", ""artist_monthly_listeners_is_approx"": ""false"", ""artist_monthly_listeners_source"": ""Spotify public artist page"", ""artist_monthly_listeners_fetch_error"": """"}]",0,,"{""spotify"": ""https://open.spotify.com/track/0fXBApFSiFvuyKkn1f7taZ""}",{}
week5_17august,2026-08-17T07:40:10+00:00,Spotify,Aysima Karçaaltıncaba,aaaaysimaaaa,Week5_User10,Week5_User10,3m8EgEhS0mVzt7RcNC9J6K,spotify:playlist:3m8EgEhS0mVzt7RcNC9J6K,https://open.spotify.com/playlist/3m8EgEhS0mVzt7RcNC9J6K,,aaaaysimaaaa,Aysima Karçaaltıncaba,True,False,0,AAAAA110gI8wXY0FpW+JVg7YDyrEGZTQ,,30,2026-08-17T07:23:36Z,aaaaysimaaaa,primary_artist_monthly_listeners,213428,"213,428",Spotify public artist page,false,,3sZYJXigQU5taJRplJjBHI,spotify:track:3sZYJXigQU5taJRplJjBHI,https://open.spotify.com/track/3sZYJXigQU5taJRplJjBHI,The End of Innocence,track,2,1,327186,327.186,False,False,True,,https://api.spotify.com/v1/tracks/3sZYJXigQU5taJRplJjBHI,https://api.spotify.com/v1/tracks/3sZYJXigQU5taJRplJjBHI,,,DED831000678,,,2deDTqKZ9NiPV8i46ygd6k,spotify:album:2deDTqKZ9NiPV8i46ygd6k,https://open.spotify.com/album/2deDTqKZ9NiPV8i46ygd6k,Iconoclast,album,,12,2011-06-17,day,,C: 2011 Nuclear Blast; P: 2011 Nuclear Blast,,https://i.scdn.co/image/ab67616d0000b2733c6e84c323fd27921ec41066,,4MnZkh4dpNmTMPxkl4Ev5L,Symphony X,spotify:artist:4MnZkh4dpNmTMPxkl4Ev5L,https://open.spotify.com/artist/4MnZkh4dpNmTMPxkl4Ev5L,,,,213428,"213,428",false,Spotify public artist page,,https://i.scdn.co/image/ab6761610000e5eb54935264e9cf5607a3e98686,,4MnZkh4dpNmTMPxkl4Ev5L,Symphony X,https://open.spotify.com/artist/4MnZkh4dpNmTMPxkl4Ev5L,"[{""artist_id"": ""4MnZkh4dpNmTMPxkl4Ev5L"", ""artist_name"": ""Symphony X"", ""artist_url"": ""https://open.spotify.com/artist/4MnZkh4dpNmTMPxkl4Ev5L"", ""monthly_listeners"": ""213428"", ""monthly_listeners_display"": ""213,428"", ""is_approx"": ""false"", ""fetch_error"": """"}]","[{""artist_id"": ""4MnZkh4dpNmTMPxkl4Ev5L"", ""artist_name"": ""Symphony X"", ""artist_uri"": ""spotify:artist:4MnZkh4dpNmTMPxkl4Ev5L"", ""artist_url"": ""https://open.spotify.com/artist/4MnZkh4dpNmTMPxkl4Ev5L"", ""artist_type"": ""artist"", ""artist_genres"": """", ""artist_spotify_api_popularity"": """", ""artist_followers_total"": """", ""artist_image_url"": ""https://i.scdn.co/image/ab6761610000e5eb54935264e9cf5607a3e98686"", ""artist_lookup_error"": """", ""artist_monthly_listeners"": ""213428"", ""artist_monthly_listeners_display"": ""213,428"", ""artist_monthly_listeners_is_approx"": ""false"", ""artist_monthly_listeners_source"": ""Spotify public artist page"", ""artist_monthly_listeners_fetch_error"": """"}]",0,,"{""spotify"": ""https://open.spotify.com/track/3sZYJXigQU5taJRplJjBHI""}",{}
