captured_at_utc,auth_profile,verified_account_name,playlist_name,playlist_id,playlist_url,playlist_author,playlist_track_count_reported,playlist_duration,playlist_duration_seconds,playlist_description,playlist_position,video_id,youtube_music_url,youtube_url,title,artists,artist_ids,artist_details_json,primary_artist_id,primary_artist_name,artist_subscribers_display,artist_subscribers_approx,artist_channel_views,artist_description,artist_song_shelf_count,artist_album_shelf_count,artist_single_shelf_count,artist_video_shelf_count,album_browse_id,album_name,album_type,album_year,album_track_count,album_duration,album_duration_seconds,album_audio_playlist_id,album_artists,album_description,duration,duration_seconds,video_type,view_count,playlist_view_display,view_count_source,like_count,comment_count,like_comment_note,category,upload_date,publish_date,topic_channel_owner,topic_channel_id,topic_channel_url,available_country_count,available_country_codes,available_countries_note,tags,canonical_url,family_safe,unlisted,paid,allow_ratings,is_live_content,is_private,is_crawlable,is_available,is_explicit_track,is_explicit_album,playability_status,playable_in_embed,profile_like_status,profile_in_library,thumbnail_url,track_thumbnails_json,song_lookup_error,artist_lookup_error,album_lookup_error,source_note,view_rank_within_discover_mix_desc,view_percentile_within_discover_mix,log10_view_count,popularity_measure,popularity_value_view_count,popularity_log10_view_count,popularity_original_pool_fixed_band,popularity_original_pool_fixed_tier,popularity_tier_reference,popularity_comparison_note,popularity_video_version_note
2026-08-12T17:28:39+00:00,user_02,aysima baba,Discover Mix,RDTMAK5uy_n_5IN6hzAOwdCnM8D8rzrs3vDl12UcZpA,https://music.youtube.com/playlist?list=RDTMAK5uy_n_5IN6hzAOwdCnM8D8rzrs3vDl12UcZpA,,,,50575,"Discover great music, picked just for you. Always updating.",1,3mbvWn1EY6g,https://music.youtube.com/watch?v=3mbvWn1EY6g,https://www.youtube.com/watch?v=3mbvWn1EY6g,Ace of Spades,Motörhead,UC29TwdZt2GUC-AqbhFs_uSA,"[{""id"": ""UC29TwdZt2GUC-AqbhFs_uSA"", ""name"": ""Motörhead"", ""subscribers_display"": ""957K"", ""subscribers_approx"": 957000, ""channel_views"": 622335734, ""description"": ""Motörhead were an English rock band formed in London in 1975 by bassist and lead vocalist Lemmy Kilmister, guitarist Larry Wallis and drummer Lucas Fox. Kilmister was the primary songwriter and only constant member. The band are often considered a precursor to the new wave of British heavy metal, which re-energised heavy metal in the late 1970s and early 1980s. Though several guitarists and drummers played in Motörhead, most of their best-selling albums and singles featured drummer Phil \""Philthy Animal\"" Taylor and guitarist \""Fast\"" Eddie Clarke. From 1992 until the band's break-up in 2015, the group consisted of Kilmister, guitarist Phil Campbell and drummer Mikkey Dee.\nMotörhead released 24 studio albums, 21 live recordings, 16 compilation albums and five EPs over a career spanning 40 years. Usually a power trio, they had particular success in the early 1980s with several successful singles in the UK Top 40 chart. The albums Overkill, Bomber, Ace of Spades and, particularly, the live album No Sleep 'til Hammersmith cemented Motörhead's reputation as a top-tier rock band. The band are ranked number 26 on VH1's 100 Greatest Artists of Hard Rock.\n\nFrom Wikipedia ("", ""song_shelf_count"": 5, ""album_shelf_count"": 10, ""single_shelf_count"": 10, ""video_shelf_count"": 10, ""lookup_error"": """"}]",UC29TwdZt2GUC-AqbhFs_uSA,Motörhead,957K,957000,622335734,"Motörhead were an English rock band formed in London in 1975 by bassist and lead vocalist Lemmy Kilmister, guitarist Larry Wallis and drummer Lucas Fox. Kilmister was the primary songwriter and only constant member. The band are often considered a precursor to the new wave of British heavy metal, which re-energised heavy metal in the late 1970s and early 1980s. Though several guitarists and drummers played in Motörhead, most of their best-selling albums and singles featured drummer Phil ""Philthy Animal"" Taylor and guitarist ""Fast"" Eddie Clarke. From 1992 until the band's break-up in 2015, the group consisted of Kilmister, guitarist Phil Campbell and drummer Mikkey Dee.
Motörhead released 24 studio albums, 21 live recordings, 16 compilation albums and five EPs over a career spanning 40 years. Usually a power trio, they had particular success in the early 1980s with several successful singles in the UK Top 40 chart. The albums Overkill, Bomber, Ace of Spades and, particularly, the live album No Sleep 'til Hammersmith cemented Motörhead's reputation as a top-tier rock band. The band are ranked number 26 on VH1's 100 Greatest Artists of Hard Rock.

From Wikipedia (",5,10,10,10,,,,,,,,,,,2:45,165,MUSIC_VIDEO_TYPE_OMV,69487220,,ytmusicapi player response videoDetails.viewCount,,,Not exposed by this YouTube Music endpoint; official YouTube Data API credentials are required.,Music,2020-10-27T08:00:09-07:00,2020-10-27T08:00:09-07:00,Motörhead Official,UCbPCDmtTU-W4SdA8abZtWpA,http://www.youtube.com/@motorhead,249,AD;AE;AF;AG;AI;AL;AM;AO;AQ;AR;AS;AT;AU;AW;AX;AZ;BA;BB;BD;BE;BF;BG;BH;BI;BJ;BL;BM;BN;BO;BQ;BR;BS;BT;BV;BW;BY;BZ;CA;CC;CD;CF;CG;CH;CI;CK;CL;CM;CN;CO;CR;CU;CV;CW;CX;CY;CZ;DE;DJ;DK;DM;DO;DZ;EC;EE;EG;EH;ER;ES;ET;FI;FJ;FK;FM;FO;FR;GA;GB;GD;GE;GF;GG;GH;GI;GL;GM;GN;GP;GQ;GR;GS;GT;GU;GW;GY;HK;HM;HN;HR;HT;HU;ID;IE;IL;IM;IN;IO;IQ;IR;IS;IT;JE;JM;JO;JP;KE;KG;KH;KI;KM;KN;KP;KR;KW;KY;KZ;LA;LB;LC;LI;LK;LR;LS;LT;LU;LV;LY;MA;MC;MD;ME;MF;MG;MH;MK;ML;MM;MN;MO;MP;MQ;MR;MS;MT;MU;MV;MW;MX;MY;MZ;NA;NC;NE;NF;NG;NI;NL;NO;NP;NR;NU;NZ;OM;PA;PE;PF;PG;PH;PK;PL;PM;PN;PR;PS;PT;PW;PY;QA;RE;RO;RS;RU;RW;SA;SB;SC;SD;SE;SG;SH;SI;SJ;SK;SL;SM;SN;SO;SR;SS;ST;SV;SX;SY;SZ;TC;TD;TF;TG;TH;TJ;TK;TL;TM;TN;TO;TR;TT;TV;TW;TZ;UA;UG;UM;US;UY;UZ;VA;VC;VE;VG;VI;VN;VU;WF;WS;YE;YT;ZA;ZM;ZW,"Distribution availability, not artist nationality or audience geography.",#lemmy; #fasteddie; #philthyanimal; #overkill; #bomber; #aceofspades; #nwobhm; #vicmaile; #bronzerecords; #borntolose; #livetowin; #AddamsFamily2; #AddamsFamily; #TheAddamsFamily; #TheAddamsFamily2,https://music.youtube.com/watch?v=3mbvWn1EY6g,True,False,False,True,False,False,True,True,False,,OK,True,INDIFFERENT,False,https://i.ytimg.com/vi/3mbvWn1EY6g/maxresdefault.jpg,"[{""url"": ""https://i.ytimg.com/vi/3mbvWn1EY6g/hqdefault.jpg?sqp=-oaymwEWCJADEOEBIAQqCggAEOADGC0guwJIWg&rs=AMzJL3k2EkEGkfCsXx0IKJNWor0F1n_wYw"", ""width"": 400, ""height"": 225}]",,,missing album browse id,YouTube Music internal web API via ytmusicapi; personalized playlist fetched with named auth profile.,3.0,91.666667,7.841904937,cumulative views of the exact recommended YouTube video,69487220,7.841904937,High,High,"Frozen 83-song candidate pool captured 2026-06-29T19:44:09+00:00; Low <=7,505; lower buffer 7,506-19,756; Middle 19,757-243,792; upper buffer 243,793-1,223,809; High >=1,223,810 views.","Use view_count or popularity_log10_view_count for comparisons across users, weeks, and the original playlist. Do not use the within-Discover-Mix rank or percentile for cross-playlist comparisons because those are recalculated separately inside every 30-song mix.",Popularity is for the exact recommended video ID. Report or control video_type because this item is MUSIC_VIDEO_TYPE_OMV; ATV denotes an Art Track and OMV an official music video.
2026-08-12T17:28:39+00:00,user_02,aysima baba,Discover Mix,RDTMAK5uy_n_5IN6hzAOwdCnM8D8rzrs3vDl12UcZpA,https://music.youtube.com/playlist?list=RDTMAK5uy_n_5IN6hzAOwdCnM8D8rzrs3vDl12UcZpA,,,,50575,"Discover great music, picked just for you. Always updating.",2,1zN7J64IeBo,https://music.youtube.com/watch?v=1zN7J64IeBo,https://www.youtube.com/watch?v=1zN7J64IeBo,Army of the Night (The Monumental Mass),Napalm Records,UCG7AaCh_CiG6pq_rRDNw72A,"[{""id"": ""UCG7AaCh_CiG6pq_rRDNw72A"", ""name"": ""Napalm Records"", ""subscribers_display"": """", ""subscribers_approx"": null, ""channel_views"": null, ""description"": """", ""song_shelf_count"": 0, ""album_shelf_count"": 0, ""single_shelf_count"": 0, ""video_shelf_count"": 0, ""lookup_error"": ""'musicImmersiveHeaderRenderer'""}]",UCG7AaCh_CiG6pq_rRDNw72A,Napalm Records,,,,,0,0,0,0,,,,,,,,,,,3:45,225,MUSIC_VIDEO_TYPE_OMV,34035534,,ytmusicapi player response videoDetails.viewCount,,,Not exposed by this YouTube Music endpoint; official YouTube Data API credentials are required.,People & Blogs,2015-06-26T05:22:14-07:00,2015-06-26T05:22:14-07:00,Napalm Records,UCG7AaCh_CiG6pq_rRDNw72A,http://www.youtube.com/@napalmrecords,249,AD;AE;AF;AG;AI;AL;AM;AO;AQ;AR;AS;AT;AU;AW;AX;AZ;BA;BB;BD;BE;BF;BG;BH;BI;BJ;BL;BM;BN;BO;BQ;BR;BS;BT;BV;BW;BY;BZ;CA;CC;CD;CF;CG;CH;CI;CK;CL;CM;CN;CO;CR;CU;CV;CW;CX;CY;CZ;DE;DJ;DK;DM;DO;DZ;EC;EE;EG;EH;ER;ES;ET;FI;FJ;FK;FM;FO;FR;GA;GB;GD;GE;GF;GG;GH;GI;GL;GM;GN;GP;GQ;GR;GS;GT;GU;GW;GY;HK;HM;HN;HR;HT;HU;ID;IE;IL;IM;IN;IO;IQ;IR;IS;IT;JE;JM;JO;JP;KE;KG;KH;KI;KM;KN;KP;KR;KW;KY;KZ;LA;LB;LC;LI;LK;LR;LS;LT;LU;LV;LY;MA;MC;MD;ME;MF;MG;MH;MK;ML;MM;MN;MO;MP;MQ;MR;MS;MT;MU;MV;MW;MX;MY;MZ;NA;NC;NE;NF;NG;NI;NL;NO;NP;NR;NU;NZ;OM;PA;PE;PF;PG;PH;PK;PL;PM;PN;PR;PS;PT;PW;PY;QA;RE;RO;RS;RU;RW;SA;SB;SC;SD;SE;SG;SH;SI;SJ;SK;SL;SM;SN;SO;SR;SS;ST;SV;SX;SY;SZ;TC;TD;TF;TG;TH;TJ;TK;TL;TM;TN;TO;TR;TT;TV;TW;TZ;UA;UG;UM;US;UY;UZ;VA;VC;VE;VG;VI;VN;VU;WF;WS;YE;YT;ZA;ZM;ZW,"Distribution availability, not artist nationality or audience geography.",Napalm; Records; Channel; Powerwolf (Musical Group); Army Of The Night; Napalm Records (Record Label); Metal; Official; Heavy Metal (Musical Genre); Power Metal (Musical Genre); blessed & possessed; attila; armata strigoi; romanian,https://music.youtube.com/watch?v=1zN7J64IeBo,True,False,False,True,False,False,True,True,False,,OK,True,INDIFFERENT,False,https://i.ytimg.com/vi/1zN7J64IeBo/maxresdefault.jpg?sqp=-oaymwEmCIAKENAF8quKqQMa8AEB-AH-CYAC0AWKAgwIABABGEIgSShlMA8=&rs=AOn4CLDRYCeyW49ZFpRMakHRf-TzG3k3Xg,"[{""url"": ""https://i.ytimg.com/vi/1zN7J64IeBo/hqdefault.jpg?sqp=-oaymwEWCJADEOEBIAQqCggAEOADGC0guwJIWg&rs=AMzJL3mOqwYD3Qs_h8Ttt7_p1mf0SEQ7CQ"", ""width"": 400, ""height"": 225}]",,'musicImmersiveHeaderRenderer',missing album browse id,YouTube Music internal web API via ytmusicapi; personalized playlist fetched with named auth profile.,4.0,88.333333,7.531932569,cumulative views of the exact recommended YouTube video,34035534,7.531932569,High,High,"Frozen 83-song candidate pool captured 2026-06-29T19:44:09+00:00; Low <=7,505; lower buffer 7,506-19,756; Middle 19,757-243,792; upper buffer 243,793-1,223,809; High >=1,223,810 views.","Use view_count or popularity_log10_view_count for comparisons across users, weeks, and the original playlist. Do not use the within-Discover-Mix rank or percentile for cross-playlist comparisons because those are recalculated separately inside every 30-song mix.",Popularity is for the exact recommended video ID. Report or control video_type because this item is MUSIC_VIDEO_TYPE_OMV; ATV denotes an Art Track and OMV an official music video.
2026-08-12T17:28:39+00:00,user_02,aysima baba,Discover Mix,RDTMAK5uy_n_5IN6hzAOwdCnM8D8rzrs3vDl12UcZpA,https://music.youtube.com/playlist?list=RDTMAK5uy_n_5IN6hzAOwdCnM8D8rzrs3vDl12UcZpA,,,,50575,"Discover great music, picked just for you. Always updating.",3,9RY8GvvunuU,https://music.youtube.com/watch?v=9RY8GvvunuU,https://www.youtube.com/watch?v=9RY8GvvunuU,Void,Peyton Parrish,UCgd0ac7xyo9CRMiuo83OSag,"[{""id"": ""UCgd0ac7xyo9CRMiuo83OSag"", ""name"": ""Peyton Parrish"", ""subscribers_display"": ""1.54M"", ""subscribers_approx"": 1540000, ""channel_views"": 505150232, ""description"": ""Stream EvangelCore 1 - "", ""song_shelf_count"": 5, ""album_shelf_count"": 8, ""single_shelf_count"": 10, ""video_shelf_count"": 10, ""lookup_error"": """"}]",UCgd0ac7xyo9CRMiuo83OSag,Peyton Parrish,1.54M,1540000,505150232,Stream EvangelCore 1 - ,5,8,10,10,,,,,,,,,,,2:54,174,MUSIC_VIDEO_TYPE_OMV,188887,,ytmusicapi player response videoDetails.viewCount,,,Not exposed by this YouTube Music endpoint; official YouTube Data API credentials are required.,Music,2026-01-11T11:00:07-08:00,2026-01-11T11:00:07-08:00,Peyton Parrish,UCsibJeFZ8hva1_nGDJrzVQg,http://www.youtube.com/@PeytonParrish,249,AD;AE;AF;AG;AI;AL;AM;AO;AQ;AR;AS;AT;AU;AW;AX;AZ;BA;BB;BD;BE;BF;BG;BH;BI;BJ;BL;BM;BN;BO;BQ;BR;BS;BT;BV;BW;BY;BZ;CA;CC;CD;CF;CG;CH;CI;CK;CL;CM;CN;CO;CR;CU;CV;CW;CX;CY;CZ;DE;DJ;DK;DM;DO;DZ;EC;EE;EG;EH;ER;ES;ET;FI;FJ;FK;FM;FO;FR;GA;GB;GD;GE;GF;GG;GH;GI;GL;GM;GN;GP;GQ;GR;GS;GT;GU;GW;GY;HK;HM;HN;HR;HT;HU;ID;IE;IL;IM;IN;IO;IQ;IR;IS;IT;JE;JM;JO;JP;KE;KG;KH;KI;KM;KN;KP;KR;KW;KY;KZ;LA;LB;LC;LI;LK;LR;LS;LT;LU;LV;LY;MA;MC;MD;ME;MF;MG;MH;MK;ML;MM;MN;MO;MP;MQ;MR;MS;MT;MU;MV;MW;MX;MY;MZ;NA;NC;NE;NF;NG;NI;NL;NO;NP;NR;NU;NZ;OM;PA;PE;PF;PG;PH;PK;PL;PM;PN;PR;PS;PT;PW;PY;QA;RE;RO;RS;RU;RW;SA;SB;SC;SD;SE;SG;SH;SI;SJ;SK;SL;SM;SN;SO;SR;SS;ST;SV;SX;SY;SZ;TC;TD;TF;TG;TH;TJ;TK;TL;TM;TN;TO;TR;TT;TV;TW;TZ;UA;UG;UM;US;UY;UZ;VA;VC;VE;VG;VI;VN;VU;WF;WS;YE;YT;ZA;ZM;ZW,"Distribution availability, not artist nationality or audience geography.",peyton parrish; rock; christian music; void; music,https://music.youtube.com/watch?v=9RY8GvvunuU,True,False,False,True,False,False,True,True,False,,OK,True,INDIFFERENT,False,https://i.ytimg.com/vi/9RY8GvvunuU/maxresdefault.jpg,"[{""url"": ""https://i.ytimg.com/vi/9RY8GvvunuU/hqdefault.jpg?sqp=-oaymwEWCJADEOEBIAQqCggAEOADGC0guwJIWg&rs=AMzJL3n97U2tGz-mj4mtzpvzIaPbcxDsmw"", ""width"": 400, ""height"": 225}]",,,missing album browse id,YouTube Music internal web API via ytmusicapi; personalized playlist fetched with named auth profile.,24.0,21.666667,5.276202069,cumulative views of the exact recommended YouTube video,188887,5.276202069,Middle,Middle,"Frozen 83-song candidate pool captured 2026-06-29T19:44:09+00:00; Low <=7,505; lower buffer 7,506-19,756; Middle 19,757-243,792; upper buffer 243,793-1,223,809; High >=1,223,810 views.","Use view_count or popularity_log10_view_count for comparisons across users, weeks, and the original playlist. Do not use the within-Discover-Mix rank or percentile for cross-playlist comparisons because those are recalculated separately inside every 30-song mix.",Popularity is for the exact recommended video ID. Report or control video_type because this item is MUSIC_VIDEO_TYPE_OMV; ATV denotes an Art Track and OMV an official music video.
2026-08-12T17:28:39+00:00,user_02,aysima baba,Discover Mix,RDTMAK5uy_n_5IN6hzAOwdCnM8D8rzrs3vDl12UcZpA,https://music.youtube.com/playlist?list=RDTMAK5uy_n_5IN6hzAOwdCnM8D8rzrs3vDl12UcZpA,,,,50575,"Discover great music, picked just for you. Always updating.",4,UtwTsPc6Puk,https://music.youtube.com/watch?v=UtwTsPc6Puk,https://www.youtube.com/watch?v=UtwTsPc6Puk,Rising High,Beyond The Black,UCab1v_wq5f-zZXzLMm-OXWg,"[{""id"": ""UCab1v_wq5f-zZXzLMm-OXWg"", ""name"": ""Beyond The Black"", ""subscribers_display"": ""117K"", ""subscribers_approx"": 117000, ""channel_views"": 51515473, ""description"": ""German symphonic metal band Beyond the Black have written an impressive story since their debut in 2015. “Songs Of Love And Death” was an instant success, staying in the German Top 15 for weeks and winning the Metal Hammer Award for “Best Debut.” Follow-up “Lost In Forever” hit #4 on the charts and led to international touring from the UK to Russia and Japan.\n\nSince their live debut in 2014, they’ve played Wacken Open Air multiple times and supported legends like Aerosmith, Korn, Scorpions, Saxon and Within Temptation. Their first own European headline tour followed in 2019 after the release of album #3, Heart of the Hurricane – with sold-out shows across 10 countries.\n\nIn 2020, they released Horizons (#3 DE) and despite the pandemic, came back stronger than ever: Their self-titled fifth album Beyond the Black (2023) became their highest-charting release to date, reaching #2 in Germany and entering international charts including the UK, US and Scandinavia.\n\nAfter a successful 2023 festival run and their most acclaimed headline tour “Dancing In The Dark” in April 2024, the band continues to rise. Following a packed summer 2024, Beyond the Black announced their next big European headline tour “Rising High” for January 2026. In 2025, they’ll appear at major festivals such as Wacken, Hellfest and Graspop. Stay tuned for more very soon!"", ""song_shelf_count"": 5, ""album_shelf_count"": 6, ""single_shelf_count"": 10, ""video_shelf_count"": 10, ""lookup_error"": """"}]",UCab1v_wq5f-zZXzLMm-OXWg,Beyond The Black,117K,117000,51515473,"German symphonic metal band Beyond the Black have written an impressive story since their debut in 2015. “Songs Of Love And Death” was an instant success, staying in the German Top 15 for weeks and winning the Metal Hammer Award for “Best Debut.” Follow-up “Lost In Forever” hit #4 on the charts and led to international touring from the UK to Russia and Japan.

Since their live debut in 2014, they’ve played Wacken Open Air multiple times and supported legends like Aerosmith, Korn, Scorpions, Saxon and Within Temptation. Their first own European headline tour followed in 2019 after the release of album #3, Heart of the Hurricane – with sold-out shows across 10 countries.

In 2020, they released Horizons (#3 DE) and despite the pandemic, came back stronger than ever: Their self-titled fifth album Beyond the Black (2023) became their highest-charting release to date, reaching #2 in Germany and entering international charts including the UK, US and Scandinavia.

After a successful 2023 festival run and their most acclaimed headline tour “Dancing In The Dark” in April 2024, the band continues to rise. Following a packed summer 2024, Beyond the Black announced their next big European headline tour “Rising High” for January 2026. In 2025, they’ll appear at major festivals such as Wacken, Hellfest and Graspop. Stay tuned for more very soon!",5,6,10,10,,,,,,,,,,,3:19,199,MUSIC_VIDEO_TYPE_OMV,940247,,ytmusicapi player response videoDetails.viewCount,,,Not exposed by this YouTube Music endpoint; official YouTube Data API credentials are required.,Music,2025-06-20T06:00:08-07:00,2025-06-20T06:00:08-07:00,beyondtheblack_official,UCv8qGsOBKIMaIV8_BQrb6tQ,http://www.youtube.com/@beyondtheblack_official,249,AD;AE;AF;AG;AI;AL;AM;AO;AQ;AR;AS;AT;AU;AW;AX;AZ;BA;BB;BD;BE;BF;BG;BH;BI;BJ;BL;BM;BN;BO;BQ;BR;BS;BT;BV;BW;BY;BZ;CA;CC;CD;CF;CG;CH;CI;CK;CL;CM;CN;CO;CR;CU;CV;CW;CX;CY;CZ;DE;DJ;DK;DM;DO;DZ;EC;EE;EG;EH;ER;ES;ET;FI;FJ;FK;FM;FO;FR;GA;GB;GD;GE;GF;GG;GH;GI;GL;GM;GN;GP;GQ;GR;GS;GT;GU;GW;GY;HK;HM;HN;HR;HT;HU;ID;IE;IL;IM;IN;IO;IQ;IR;IS;IT;JE;JM;JO;JP;KE;KG;KH;KI;KM;KN;KP;KR;KW;KY;KZ;LA;LB;LC;LI;LK;LR;LS;LT;LU;LV;LY;MA;MC;MD;ME;MF;MG;MH;MK;ML;MM;MN;MO;MP;MQ;MR;MS;MT;MU;MV;MW;MX;MY;MZ;NA;NC;NE;NF;NG;NI;NL;NO;NP;NR;NU;NZ;OM;PA;PE;PF;PG;PH;PK;PL;PM;PN;PR;PS;PT;PW;PY;QA;RE;RO;RS;RU;RW;SA;SB;SC;SD;SE;SG;SH;SI;SJ;SK;SL;SM;SN;SO;SR;SS;ST;SV;SX;SY;SZ;TC;TD;TF;TG;TH;TJ;TK;TL;TM;TN;TO;TR;TT;TV;TW;TZ;UA;UG;UM;US;UY;UZ;VA;VC;VE;VG;VI;VN;VU;WF;WS;YE;YT;ZA;ZM;ZW,"Distribution availability, not artist nationality or audience geography.",Beyond The Black; BTB; Jennifer Haben,https://music.youtube.com/watch?v=UtwTsPc6Puk,True,False,False,True,False,False,True,True,False,,OK,True,INDIFFERENT,False,https://i.ytimg.com/vi/UtwTsPc6Puk/maxresdefault.jpg,"[{""url"": ""https://i.ytimg.com/vi/UtwTsPc6Puk/hqdefault.jpg?sqp=-oaymwEWCJADEOEBIAQqCggAEOADGC0guwJIWg&rs=AMzJL3ks1kfC8IpCjGIzvtO8nHqCW0xYkA"", ""width"": 400, ""height"": 225}]",,,missing album browse id,YouTube Music internal web API via ytmusicapi; personalized playlist fetched with named auth profile.,17.0,45.0,5.973241956,cumulative views of the exact recommended YouTube video,940247,5.973241956,Upper buffer,Buffer,"Frozen 83-song candidate pool captured 2026-06-29T19:44:09+00:00; Low <=7,505; lower buffer 7,506-19,756; Middle 19,757-243,792; upper buffer 243,793-1,223,809; High >=1,223,810 views.","Use view_count or popularity_log10_view_count for comparisons across users, weeks, and the original playlist. Do not use the within-Discover-Mix rank or percentile for cross-playlist comparisons because those are recalculated separately inside every 30-song mix.",Popularity is for the exact recommended video ID. Report or control video_type because this item is MUSIC_VIDEO_TYPE_OMV; ATV denotes an Art Track and OMV an official music video.
2026-08-12T17:28:39+00:00,user_02,aysima baba,Discover Mix,RDTMAK5uy_n_5IN6hzAOwdCnM8D8rzrs3vDl12UcZpA,https://music.youtube.com/playlist?list=RDTMAK5uy_n_5IN6hzAOwdCnM8D8rzrs3vDl12UcZpA,,,,50575,"Discover great music, picked just for you. Always updating.",5,6zrqHXbytkw,https://music.youtube.com/watch?v=6zrqHXbytkw,https://www.youtube.com/watch?v=6zrqHXbytkw,On a Quest for Aberdeen,Gloryhammer,UCPGTSBEsBiITt6ZaniWufag,"[{""id"": ""UCPGTSBEsBiITt6ZaniWufag"", ""name"": ""Gloryhammer"", ""subscribers_display"": ""53K"", ""subscribers_approx"": 53000, ""channel_views"": 52973898, ""description"": ""Gloryhammer are a British power metal band founded by keyboardist Christopher Bowes, lead vocalist of the band Alestorm. Each member of the band represents a character in the story concept. Band members appear on stage in armour and costumes to represent their respective characters.\n\nFrom Wikipedia ("", ""song_shelf_count"": 5, ""album_shelf_count"": 4, ""single_shelf_count"": 10, ""video_shelf_count"": 10, ""lookup_error"": """"}]",UCPGTSBEsBiITt6ZaniWufag,Gloryhammer,53K,53000,52973898,"Gloryhammer are a British power metal band founded by keyboardist Christopher Bowes, lead vocalist of the band Alestorm. Each member of the band represents a character in the story concept. Band members appear on stage in armour and costumes to represent their respective characters.

From Wikipedia (",5,4,10,10,MPREb_fZuasvE8nOc,On a Quest for Aberdeen,Single,2025,1,"3 minutes, 54 seconds",234,OLAK5uy_kRJ-eUh4XTU6a9MCW7tOTlwDyLCUp-f0s,Gloryhammer,,3:54,234,MUSIC_VIDEO_TYPE_ATV,847541,,ytmusicapi player response videoDetails.viewCount,,,Not exposed by this YouTube Music endpoint; official YouTube Data API credentials are required.,Music,2025-05-26T03:00:20-07:00,2025-05-26T03:00:20-07:00,Gloryhammer - Topic,UCPGTSBEsBiITt6ZaniWufag,http://www.youtube.com/channel/UCPGTSBEsBiITt6ZaniWufag,122,AE;AR;AS;AT;AU;AW;AZ;BA;BD;BE;BG;BH;BM;BO;BR;BY;CA;CH;CL;CO;CR;CY;CZ;DE;DK;DO;DZ;EC;EE;EG;ES;FI;FR;GB;GE;GF;GH;GP;GR;GT;GU;HK;HN;HR;HU;ID;IE;IL;IN;IQ;IS;IT;JM;JO;JP;KE;KH;KR;KW;KY;KZ;LA;LB;LI;LK;LT;LU;LV;LY;MA;MK;MP;MQ;MT;MX;MY;NC;NG;NI;NL;NO;NP;NZ;OM;PA;PE;PF;PG;PH;PK;PL;PR;PT;PY;QA;RE;RO;RS;SA;SE;SG;SI;SK;SN;SV;TC;TH;TN;TR;TW;TZ;UA;UG;US;UY;VE;VI;VN;YE;YT;ZA;ZW,"Distribution availability, not artist nationality or audience geography.",Gloryhammer; Paul Templing; Michael Barber; Sozos Michael; James Cartwright; Ben Turk; On a Quest for Aberdeen,https://music.youtube.com/watch?v=6zrqHXbytkw,True,False,False,True,False,False,True,True,False,False,OK,True,INDIFFERENT,False,https://i.ytimg.com/vi/6zrqHXbytkw/maxresdefault.jpg,"[{""url"": ""https://yt3.googleusercontent.com/2x9ukDIqoNakp7sCnBF_qVeRiVfgkATi2BssDe9rscsFeGP6WHj03Oy3-WkLkD4x36QgI-eRk8L0RR0=w60-h60-l90-rj"", ""width"": 60, ""height"": 60}, {""url"": ""https://yt3.googleusercontent.com/2x9ukDIqoNakp7sCnBF_qVeRiVfgkATi2BssDe9rscsFeGP6WHj03Oy3-WkLkD4x36QgI-eRk8L0RR0=w120-h120-l90-rj"", ""width"": 120, ""height"": 120}]",,,,YouTube Music internal web API via ytmusicapi; personalized playlist fetched with named auth profile.,18.0,41.666667,5.928160716,cumulative views of the exact recommended YouTube video,847541,5.928160716,Upper buffer,Buffer,"Frozen 83-song candidate pool captured 2026-06-29T19:44:09+00:00; Low <=7,505; lower buffer 7,506-19,756; Middle 19,757-243,792; upper buffer 243,793-1,223,809; High >=1,223,810 views.","Use view_count or popularity_log10_view_count for comparisons across users, weeks, and the original playlist. Do not use the within-Discover-Mix rank or percentile for cross-playlist comparisons because those are recalculated separately inside every 30-song mix.",Popularity is for the exact recommended video ID. Report or control video_type because this item is MUSIC_VIDEO_TYPE_ATV; ATV denotes an Art Track and OMV an official music video.
2026-08-12T17:28:39+00:00,user_02,aysima baba,Discover Mix,RDTMAK5uy_n_5IN6hzAOwdCnM8D8rzrs3vDl12UcZpA,https://music.youtube.com/playlist?list=RDTMAK5uy_n_5IN6hzAOwdCnM8D8rzrs3vDl12UcZpA,,,,50575,"Discover great music, picked just for you. Always updating.",6,yXYD6PlQD2s,https://music.youtube.com/watch?v=yXYD6PlQD2s,https://www.youtube.com/watch?v=yXYD6PlQD2s,Sober,Nanowar of Steel,UCWc4wCNn-f4hsdBCqfTjJ_w,"[{""id"": ""UCWc4wCNn-f4hsdBCqfTjJ_w"", ""name"": ""Nanowar of Steel"", ""subscribers_display"": ""157K"", ""subscribers_approx"": 157000, ""channel_views"": 64304889, ""description"": ""Nanowar of Steel is an Italian power metal band. Their name is a pun on the metal bands Manowar and Rhapsody of Fire, and represents their tendency to satirize \""true metal\"", the primary focus of their music. Their work mainly aims to make humorous references to and jokes about the genre, often parodying the way in which power metal bands are perceived to take themselves very seriously.\nIn 2006, the band changed their name from Nanowar to Nanowar of Steel, as a parody of the Italian power metal band Rhapsody changing their name to Rhapsody of Fire after a legal dispute. On their logo, the \""of Steel\"" part was made to look like it was quickly and carelessly scribbled behind the main name as an afterthought.\n\nFrom Wikipedia ("", ""song_shelf_count"": 5, ""album_shelf_count"": 6, ""single_shelf_count"": 10, ""video_shelf_count"": 10, ""lookup_error"": """"}]",UCWc4wCNn-f4hsdBCqfTjJ_w,Nanowar of Steel,157K,157000,64304889,"Nanowar of Steel is an Italian power metal band. Their name is a pun on the metal bands Manowar and Rhapsody of Fire, and represents their tendency to satirize ""true metal"", the primary focus of their music. Their work mainly aims to make humorous references to and jokes about the genre, often parodying the way in which power metal bands are perceived to take themselves very seriously.
In 2006, the band changed their name from Nanowar to Nanowar of Steel, as a parody of the Italian power metal band Rhapsody changing their name to Rhapsody of Fire after a legal dispute. On their logo, the ""of Steel"" part was made to look like it was quickly and carelessly scribbled behind the main name as an afterthought.

From Wikipedia (",5,6,10,10,,,,,,,,,,,4:23,263,MUSIC_VIDEO_TYPE_OMV,1490626,,ytmusicapi player response videoDetails.viewCount,,,Not exposed by this YouTube Music endpoint; official YouTube Data API credentials are required.,Music,2023-04-19T02:00:08-07:00,2023-04-19T02:00:08-07:00,nanowarVEVO,UChiNu7HTnMqt9kF2pD6UaJQ,http://www.youtube.com/@nanowarVEVO,249,AD;AE;AF;AG;AI;AL;AM;AO;AQ;AR;AS;AT;AU;AW;AX;AZ;BA;BB;BD;BE;BF;BG;BH;BI;BJ;BL;BM;BN;BO;BQ;BR;BS;BT;BV;BW;BY;BZ;CA;CC;CD;CF;CG;CH;CI;CK;CL;CM;CN;CO;CR;CU;CV;CW;CX;CY;CZ;DE;DJ;DK;DM;DO;DZ;EC;EE;EG;EH;ER;ES;ET;FI;FJ;FK;FM;FO;FR;GA;GB;GD;GE;GF;GG;GH;GI;GL;GM;GN;GP;GQ;GR;GS;GT;GU;GW;GY;HK;HM;HN;HR;HT;HU;ID;IE;IL;IM;IN;IO;IQ;IR;IS;IT;JE;JM;JO;JP;KE;KG;KH;KI;KM;KN;KP;KR;KW;KY;KZ;LA;LB;LC;LI;LK;LR;LS;LT;LU;LV;LY;MA;MC;MD;ME;MF;MG;MH;MK;ML;MM;MN;MO;MP;MQ;MR;MS;MT;MU;MV;MW;MX;MY;MZ;NA;NC;NE;NF;NG;NI;NL;NO;NP;NR;NU;NZ;OM;PA;PE;PF;PG;PH;PK;PL;PM;PN;PR;PS;PT;PW;PY;QA;RE;RO;RS;RU;RW;SA;SB;SC;SD;SE;SG;SH;SI;SJ;SK;SL;SM;SN;SO;SR;SS;ST;SV;SX;SY;SZ;TC;TD;TF;TG;TH;TJ;TK;TL;TM;TN;TO;TR;TT;TV;TW;TZ;UA;UG;UM;US;UY;UZ;VA;VC;VE;VG;VI;VN;VU;WF;WS;YE;YT;ZA;ZM;ZW,"Distribution availability, not artist nationality or audience geography.",nanowar; nanowar of steel; rhapsody; of fire; manowar; heavy metal; power metal; wacken; jbo; ultra vomit; J.BO.; gli atroci; sabaton; italian; folk; metal; giorgio; mastrota; alestorm; beer; drink; sober; dislike; false metal; rumahoy,https://music.youtube.com/watch?v=yXYD6PlQD2s,True,False,False,True,False,False,True,True,False,,OK,True,INDIFFERENT,False,https://i.ytimg.com/vi/yXYD6PlQD2s/maxresdefault.jpg,"[{""url"": ""https://i.ytimg.com/vi/yXYD6PlQD2s/hqdefault.jpg?sqp=-oaymwEWCJADEOEBIAQqCggAEOADGC0guwJIWg&rs=AMzJL3kBwRxQZWrXcdjAZvV_dMcl19oQ0w"", ""width"": 400, ""height"": 225}]",,,missing album browse id,YouTube Music internal web API via ytmusicapi; personalized playlist fetched with named auth profile.,15.0,51.666667,6.173368692,cumulative views of the exact recommended YouTube video,1490626,6.173368692,High,High,"Frozen 83-song candidate pool captured 2026-06-29T19:44:09+00:00; Low <=7,505; lower buffer 7,506-19,756; Middle 19,757-243,792; upper buffer 243,793-1,223,809; High >=1,223,810 views.","Use view_count or popularity_log10_view_count for comparisons across users, weeks, and the original playlist. Do not use the within-Discover-Mix rank or percentile for cross-playlist comparisons because those are recalculated separately inside every 30-song mix.",Popularity is for the exact recommended video ID. Report or control video_type because this item is MUSIC_VIDEO_TYPE_OMV; ATV denotes an Art Track and OMV an official music video.
2026-08-12T17:28:39+00:00,user_02,aysima baba,Discover Mix,RDTMAK5uy_n_5IN6hzAOwdCnM8D8rzrs3vDl12UcZpA,https://music.youtube.com/playlist?list=RDTMAK5uy_n_5IN6hzAOwdCnM8D8rzrs3vDl12UcZpA,,,,50575,"Discover great music, picked just for you. Always updating.",7,z2yyRmnLH3A,https://music.youtube.com/watch?v=z2yyRmnLH3A,https://www.youtube.com/watch?v=z2yyRmnLH3A,Presence of Mind,Dynazty,UC1_8sQRmjjw7YI2Bk-Kr_tA,"[{""id"": ""UC1_8sQRmjjw7YI2Bk-Kr_tA"", ""name"": ""Dynazty"", ""subscribers_display"": ""42.2K"", ""subscribers_approx"": 42200, ""channel_views"": 46304145, ""description"": ""Formed in 2008, Dynazty has over the years evolved from it’s humble beginnings rooted in the Scandinavian Hard Rock scene into now being a powerhouse and formidable force to be reckoned with on the top shelf of the modern melodic metal scene.\n\nCareer milestones include the 2020 chart breaking album The Dark Delight, certified for gold status in the bands home country Sweden and neighbors Finland. With single tracks Heartless Madness reaching platinum status.\n\nTours in recent years together with bands like Sabaton, Powerwolf, Battle Beast, Pain and Kissin' Dynamite have showcased and established the band on the European continent as one of the most prominent live acts of it’s generation.\n\nReleased on February 14th 2025, brand new album \""Game of Faces\"" is doubling down on punch and ferocity together with the band’s trademark attention to songwriting and production detail.\n\nProduced by Dynazty themselves and mixed by swedish pioneer Jens Bogren, Game of Faces takes you on a journey exploring the essence of the human mind and existance with lyrical themes such as self discovery, spiritual death, rebirth and re-invention in Die to Survive, Fire to Fight and Fortune Favors the Brave.\nWhile taking on the duality and deceptive nature of human kind in the eponymous title track, the album’s opener Call of The Night and first single release Devilry of Ecstasy."", ""song_shelf_count"": 5, ""album_shelf_count"": 9, ""single_shelf_count"": 10, ""video_shelf_count"": 10, ""lookup_error"": """"}]",UC1_8sQRmjjw7YI2Bk-Kr_tA,Dynazty,42.2K,42200,46304145,"Formed in 2008, Dynazty has over the years evolved from it’s humble beginnings rooted in the Scandinavian Hard Rock scene into now being a powerhouse and formidable force to be reckoned with on the top shelf of the modern melodic metal scene.

Career milestones include the 2020 chart breaking album The Dark Delight, certified for gold status in the bands home country Sweden and neighbors Finland. With single tracks Heartless Madness reaching platinum status.

Tours in recent years together with bands like Sabaton, Powerwolf, Battle Beast, Pain and Kissin' Dynamite have showcased and established the band on the European continent as one of the most prominent live acts of it’s generation.

Released on February 14th 2025, brand new album ""Game of Faces"" is doubling down on punch and ferocity together with the band’s trademark attention to songwriting and production detail.

Produced by Dynazty themselves and mixed by swedish pioneer Jens Bogren, Game of Faces takes you on a journey exploring the essence of the human mind and existance with lyrical themes such as self discovery, spiritual death, rebirth and re-invention in Die to Survive, Fire to Fight and Fortune Favors the Brave.
While taking on the duality and deceptive nature of human kind in the eponymous title track, the album’s opener Call of The Night and first single release Devilry of Ecstasy.",5,9,10,10,,,,,,,,,,,4:24,264,MUSIC_VIDEO_TYPE_OMV,4402224,,ytmusicapi player response videoDetails.viewCount,,,Not exposed by this YouTube Music endpoint; official YouTube Data API credentials are required.,Music,2020-01-30T07:56:12-08:00,2020-01-30T07:56:12-08:00,AFM Records,UCKdA5J4-opjla1aWOjF74mg,http://www.youtube.com/@afmrecords,249,AD;AE;AF;AG;AI;AL;AM;AO;AQ;AR;AS;AT;AU;AW;AX;AZ;BA;BB;BD;BE;BF;BG;BH;BI;BJ;BL;BM;BN;BO;BQ;BR;BS;BT;BV;BW;BY;BZ;CA;CC;CD;CF;CG;CH;CI;CK;CL;CM;CN;CO;CR;CU;CV;CW;CX;CY;CZ;DE;DJ;DK;DM;DO;DZ;EC;EE;EG;EH;ER;ES;ET;FI;FJ;FK;FM;FO;FR;GA;GB;GD;GE;GF;GG;GH;GI;GL;GM;GN;GP;GQ;GR;GS;GT;GU;GW;GY;HK;HM;HN;HR;HT;HU;ID;IE;IL;IM;IN;IO;IQ;IR;IS;IT;JE;JM;JO;JP;KE;KG;KH;KI;KM;KN;KP;KR;KW;KY;KZ;LA;LB;LC;LI;LK;LR;LS;LT;LU;LV;LY;MA;MC;MD;ME;MF;MG;MH;MK;ML;MM;MN;MO;MP;MQ;MR;MS;MT;MU;MV;MW;MX;MY;MZ;NA;NC;NE;NF;NG;NI;NL;NO;NP;NR;NU;NZ;OM;PA;PE;PF;PG;PH;PK;PL;PM;PN;PR;PS;PT;PW;PY;QA;RE;RO;RS;RU;RW;SA;SB;SC;SD;SE;SG;SH;SI;SJ;SK;SL;SM;SN;SO;SR;SS;ST;SV;SX;SY;SZ;TC;TD;TF;TG;TH;TJ;TK;TL;TM;TN;TO;TR;TT;TV;TW;TZ;UA;UG;UM;US;UY;UZ;VA;VC;VE;VG;VI;VN;VU;WF;WS;YE;YT;ZA;ZM;ZW,"Distribution availability, not artist nationality or audience geography.",afmrecords; AFM; Records; heavymetal; powermetal; official; musicvideo; music; metal; clip,https://music.youtube.com/watch?v=z2yyRmnLH3A,True,False,False,True,False,False,True,True,False,,OK,True,INDIFFERENT,False,https://i.ytimg.com/vi/z2yyRmnLH3A/maxresdefault.jpg,"[{""url"": ""https://i.ytimg.com/vi/z2yyRmnLH3A/hqdefault.jpg?sqp=-oaymwEWCJADEOEBIAQqCggAEOADGC0guwJIWg&rs=AMzJL3mRGGWu8cEXYWGkOnLCKSF4DIEAZQ"", ""width"": 400, ""height"": 225}]",,,missing album browse id,YouTube Music internal web API via ytmusicapi; personalized playlist fetched with named auth profile.,9.0,71.666667,6.643672137,cumulative views of the exact recommended YouTube video,4402224,6.643672137,High,High,"Frozen 83-song candidate pool captured 2026-06-29T19:44:09+00:00; Low <=7,505; lower buffer 7,506-19,756; Middle 19,757-243,792; upper buffer 243,793-1,223,809; High >=1,223,810 views.","Use view_count or popularity_log10_view_count for comparisons across users, weeks, and the original playlist. Do not use the within-Discover-Mix rank or percentile for cross-playlist comparisons because those are recalculated separately inside every 30-song mix.",Popularity is for the exact recommended video ID. Report or control video_type because this item is MUSIC_VIDEO_TYPE_OMV; ATV denotes an Art Track and OMV an official music video.
2026-08-12T17:28:39+00:00,user_02,aysima baba,Discover Mix,RDTMAK5uy_n_5IN6hzAOwdCnM8D8rzrs3vDl12UcZpA,https://music.youtube.com/playlist?list=RDTMAK5uy_n_5IN6hzAOwdCnM8D8rzrs3vDl12UcZpA,,,,50575,"Discover great music, picked just for you. Always updating.",8,MpiK6ncKQfM,https://music.youtube.com/watch?v=MpiK6ncKQfM,https://www.youtube.com/watch?v=MpiK6ncKQfM,Powersnake,Brothers of Metal,UC7apj1hieWRm-ji4_Umt2GA,"[{""id"": ""UC7apj1hieWRm-ji4_Umt2GA"", ""name"": ""Brothers of Metal"", ""subscribers_display"": ""105K"", ""subscribers_approx"": 105000, ""channel_views"": 99001180, ""description"": ""Brothers of Metal are an eight-piece Swedish power metal band from Falun, formed in 2012. The band's visual style and lyrics are inspired by Vikings and Norse mythology, and are often purposefully over-the-top, which earns them both criticism and praise.\n\nFrom Wikipedia ("", ""song_shelf_count"": 5, ""album_shelf_count"": 3, ""single_shelf_count"": 10, ""video_shelf_count"": 10, ""lookup_error"": """"}]",UC7apj1hieWRm-ji4_Umt2GA,Brothers of Metal,105K,105000,99001180,"Brothers of Metal are an eight-piece Swedish power metal band from Falun, formed in 2012. The band's visual style and lyrics are inspired by Vikings and Norse mythology, and are often purposefully over-the-top, which earns them both criticism and praise.

From Wikipedia (",5,3,10,10,MPREb_QylJ6tWnKT8,Emblas Saga,Album,2020,13,55 minutes,3319,OLAK5uy_kkAA2VtaKm0S2oOgNCEJpvoFFaGTgZFRI,Brothers of Metal,,3:44,224,MUSIC_VIDEO_TYPE_ATV,9491683,,ytmusicapi player response videoDetails.viewCount,,,Not exposed by this YouTube Music endpoint; official YouTube Data API credentials are required.,Music,2020-01-09T02:00:56-08:00,2020-01-09T02:00:56-08:00,Brothers of Metal - Topic,UC7apj1hieWRm-ji4_Umt2GA,http://www.youtube.com/channel/UC7apj1hieWRm-ji4_Umt2GA,249,AD;AE;AF;AG;AI;AL;AM;AO;AQ;AR;AS;AT;AU;AW;AX;AZ;BA;BB;BD;BE;BF;BG;BH;BI;BJ;BL;BM;BN;BO;BQ;BR;BS;BT;BV;BW;BY;BZ;CA;CC;CD;CF;CG;CH;CI;CK;CL;CM;CN;CO;CR;CU;CV;CW;CX;CY;CZ;DE;DJ;DK;DM;DO;DZ;EC;EE;EG;EH;ER;ES;ET;FI;FJ;FK;FM;FO;FR;GA;GB;GD;GE;GF;GG;GH;GI;GL;GM;GN;GP;GQ;GR;GS;GT;GU;GW;GY;HK;HM;HN;HR;HT;HU;ID;IE;IL;IM;IN;IO;IQ;IR;IS;IT;JE;JM;JO;JP;KE;KG;KH;KI;KM;KN;KP;KR;KW;KY;KZ;LA;LB;LC;LI;LK;LR;LS;LT;LU;LV;LY;MA;MC;MD;ME;MF;MG;MH;MK;ML;MM;MN;MO;MP;MQ;MR;MS;MT;MU;MV;MW;MX;MY;MZ;NA;NC;NE;NF;NG;NI;NL;NO;NP;NR;NU;NZ;OM;PA;PE;PF;PG;PH;PK;PL;PM;PN;PR;PS;PT;PW;PY;QA;RE;RO;RS;RU;RW;SA;SB;SC;SD;SE;SG;SH;SI;SJ;SK;SL;SM;SN;SO;SR;SS;ST;SV;SX;SY;SZ;TC;TD;TF;TG;TH;TJ;TK;TL;TM;TN;TO;TR;TT;TV;TW;TZ;UA;UG;UM;US;UY;UZ;VA;VC;VE;VG;VI;VN;VU;WF;WS;YE;YT;ZA;ZM;ZW,"Distribution availability, not artist nationality or audience geography.",Brothers of Metal; Emblas Saga; Powersnake,https://music.youtube.com/watch?v=MpiK6ncKQfM,True,False,False,True,False,False,True,True,False,False,OK,True,INDIFFERENT,False,https://i.ytimg.com/vi/MpiK6ncKQfM/maxresdefault.jpg,"[{""url"": ""https://yt3.googleusercontent.com/5vMpeF0pcE6MYil7CEkMbimnOSaF7o1HRrQvFPUlrkSQ11FYpIhaWGLxLlA3aqACKPDGZMAZohEKAxbdrQ=w60-h60-l90-rj"", ""width"": 60, ""height"": 60}, {""url"": ""https://yt3.googleusercontent.com/5vMpeF0pcE6MYil7CEkMbimnOSaF7o1HRrQvFPUlrkSQ11FYpIhaWGLxLlA3aqACKPDGZMAZohEKAxbdrQ=w120-h120-l90-rj"", ""width"": 120, ""height"": 120}]",,,,YouTube Music internal web API via ytmusicapi; personalized playlist fetched with named auth profile.,6.0,81.666667,6.977343225,cumulative views of the exact recommended YouTube video,9491683,6.977343225,High,High,"Frozen 83-song candidate pool captured 2026-06-29T19:44:09+00:00; Low <=7,505; lower buffer 7,506-19,756; Middle 19,757-243,792; upper buffer 243,793-1,223,809; High >=1,223,810 views.","Use view_count or popularity_log10_view_count for comparisons across users, weeks, and the original playlist. Do not use the within-Discover-Mix rank or percentile for cross-playlist comparisons because those are recalculated separately inside every 30-song mix.",Popularity is for the exact recommended video ID. Report or control video_type because this item is MUSIC_VIDEO_TYPE_ATV; ATV denotes an Art Track and OMV an official music video.
2026-08-12T17:28:39+00:00,user_02,aysima baba,Discover Mix,RDTMAK5uy_n_5IN6hzAOwdCnM8D8rzrs3vDl12UcZpA,https://music.youtube.com/playlist?list=RDTMAK5uy_n_5IN6hzAOwdCnM8D8rzrs3vDl12UcZpA,,,,50575,"Discover great music, picked just for you. Always updating.",9,bc0sJvtKrRM,https://music.youtube.com/watch?v=bc0sJvtKrRM,https://www.youtube.com/watch?v=bc0sJvtKrRM,A Man with a Plan,Korpiklaani,UC_MdHsWfs_34TX-nKRWfDrA,"[{""id"": ""UC_MdHsWfs_34TX-nKRWfDrA"", ""name"": ""Korpiklaani"", ""subscribers_display"": ""173K"", ""subscribers_approx"": 173000, ""channel_views"": 64309677, ""description"": ""The foundation of Korpiklaani in 2003 in Lahti, Finland brought the traditional folk music back to life. No one could have foreseen that such a large audience would be interested in Finnish and English mythological texts.\n\nKorpiklaani:\nJonne Järvelä – Vocals, acoustic guitar, mandolin, percussion, violafon\nOlli Vänskä – Fiddle\nCane – Guitars, backing vocals\nJarkko Aaltonen - Bass\nSami Perttula – Accordion\nSamuli Mikkonen – Drums\n\n”Sprit Of The Forest” 2003\n”Voice Of Wilderness” 2005\n”Tales Along This Road” 2006\n”Tervaskanto” 2007\n”Korven Kuningas” 2008\n”Karkelo” 2009\n”Ukon Wacka” 2011\n“Manala’ 2012\n”Noita” 2015 \n“Live at Masters of Rock” 2017  (DVD/Blu-Ray)\n“Kulkija\"" 2018\n\""Jylhä\"" 2021\n\""Rankarumpu\""2025\n\nFor more info - www.korpiklaani.com"", ""song_shelf_count"": 5, ""album_shelf_count"": 10, ""single_shelf_count"": 10, ""video_shelf_count"": 10, ""lookup_error"": """"}]",UC_MdHsWfs_34TX-nKRWfDrA,Korpiklaani,173K,173000,64309677,"The foundation of Korpiklaani in 2003 in Lahti, Finland brought the traditional folk music back to life. No one could have foreseen that such a large audience would be interested in Finnish and English mythological texts.

Korpiklaani:
Jonne Järvelä – Vocals, acoustic guitar, mandolin, percussion, violafon
Olli Vänskä – Fiddle
Cane – Guitars, backing vocals
Jarkko Aaltonen - Bass
Sami Perttula – Accordion
Samuli Mikkonen – Drums

”Sprit Of The Forest” 2003
”Voice Of Wilderness” 2005
”Tales Along This Road” 2006
”Tervaskanto” 2007
”Korven Kuningas” 2008
”Karkelo” 2009
”Ukon Wacka” 2011
“Manala’ 2012
”Noita” 2015 
“Live at Masters of Rock” 2017  (DVD/Blu-Ray)
“Kulkija"" 2018
""Jylhä"" 2021
""Rankarumpu""2025

For more info - www.korpiklaani.com",5,10,10,10,,,,,,,,,,,3:00,180,MUSIC_VIDEO_TYPE_OMV,21199750,,ytmusicapi player response videoDetails.viewCount,,,Not exposed by this YouTube Music endpoint; official YouTube Data API credentials are required.,Music,2016-04-08T06:00:41-07:00,2016-04-08T06:00:41-07:00,Nuclear Blast Records,UCoxg3Kml41wE3IPq-PC-LQw,http://www.youtube.com/@NuclearBlastRecords,249,AD;AE;AF;AG;AI;AL;AM;AO;AQ;AR;AS;AT;AU;AW;AX;AZ;BA;BB;BD;BE;BF;BG;BH;BI;BJ;BL;BM;BN;BO;BQ;BR;BS;BT;BV;BW;BY;BZ;CA;CC;CD;CF;CG;CH;CI;CK;CL;CM;CN;CO;CR;CU;CV;CW;CX;CY;CZ;DE;DJ;DK;DM;DO;DZ;EC;EE;EG;EH;ER;ES;ET;FI;FJ;FK;FM;FO;FR;GA;GB;GD;GE;GF;GG;GH;GI;GL;GM;GN;GP;GQ;GR;GS;GT;GU;GW;GY;HK;HM;HN;HR;HT;HU;ID;IE;IL;IM;IN;IO;IQ;IR;IS;IT;JE;JM;JO;JP;KE;KG;KH;KI;KM;KN;KP;KR;KW;KY;KZ;LA;LB;LC;LI;LK;LR;LS;LT;LU;LV;LY;MA;MC;MD;ME;MF;MG;MH;MK;ML;MM;MN;MO;MP;MQ;MR;MS;MT;MU;MV;MW;MX;MY;MZ;NA;NC;NE;NF;NG;NI;NL;NO;NP;NR;NU;NZ;OM;PA;PE;PF;PG;PH;PK;PL;PM;PN;PR;PS;PT;PW;PY;QA;RE;RO;RS;RU;RW;SA;SB;SC;SD;SE;SG;SH;SI;SJ;SK;SL;SM;SN;SO;SR;SS;ST;SV;SX;SY;SZ;TC;TD;TF;TG;TH;TJ;TK;TL;TM;TN;TO;TR;TT;TV;TW;TZ;UA;UG;UM;US;UY;UZ;VA;VC;VE;VG;VI;VN;VU;WF;WS;YE;YT;ZA;ZM;ZW,"Distribution availability, not artist nationality or audience geography.",Metal Festival; official video; 2013; karkelo; Summerbreeze; korpiklaani; 2009; folk metal; vodka; metal; Summer Festival; music video; party music; Metal Festival 2013; korpiklaani - vodka; vodka - korpiklaani; Jonne Järvelä; Tuomas Rounakari; Juho Kauppinen; Jarkko Aaltonen; Cane Savijärvi; Matson Johansson; nuclear blast; Heavy Metal (Musical Genre); noita; lempo; kopriklaani full album; korpiklaani vodka; pagan metal; kopriklaani; Ämmänhauta; Viinamäen Mies,https://music.youtube.com/watch?v=bc0sJvtKrRM,True,False,False,True,False,False,True,True,False,,OK,True,INDIFFERENT,False,https://i.ytimg.com/vi/bc0sJvtKrRM/hqdefault.jpg,"[{""url"": ""https://i.ytimg.com/vi/bc0sJvtKrRM/hqdefault.jpg?sqp=-oaymwEWCJADEOEBIAQqCggAEOADGC0guwJIWg&rs=AMzJL3mL60J8rndnYiJW_Yh5UB66as7wrQ"", ""width"": 400, ""height"": 225}]",,,missing album browse id,YouTube Music internal web API via ytmusicapi; personalized playlist fetched with named auth profile.,5.0,85.0,7.32633074,cumulative views of the exact recommended YouTube video,21199750,7.32633074,High,High,"Frozen 83-song candidate pool captured 2026-06-29T19:44:09+00:00; Low <=7,505; lower buffer 7,506-19,756; Middle 19,757-243,792; upper buffer 243,793-1,223,809; High >=1,223,810 views.","Use view_count or popularity_log10_view_count for comparisons across users, weeks, and the original playlist. Do not use the within-Discover-Mix rank or percentile for cross-playlist comparisons because those are recalculated separately inside every 30-song mix.",Popularity is for the exact recommended video ID. Report or control video_type because this item is MUSIC_VIDEO_TYPE_OMV; ATV denotes an Art Track and OMV an official music video.
2026-08-12T17:28:39+00:00,user_02,aysima baba,Discover Mix,RDTMAK5uy_n_5IN6hzAOwdCnM8D8rzrs3vDl12UcZpA,https://music.youtube.com/playlist?list=RDTMAK5uy_n_5IN6hzAOwdCnM8D8rzrs3vDl12UcZpA,,,,50575,"Discover great music, picked just for you. Always updating.",10,hzq7OGH_ZAM,https://music.youtube.com/watch?v=hzq7OGH_ZAM,https://www.youtube.com/watch?v=hzq7OGH_ZAM,Once Upon a Nightmare,Ethereal Chronicles,UCLRmXGh0SGHUQvap8ybowOA,"[{""id"": ""UCLRmXGh0SGHUQvap8ybowOA"", ""name"": ""Ethereal Chronicles"", ""subscribers_display"": ""18K"", ""subscribers_approx"": 18000, ""channel_views"": 5125013, ""description"": ""Welcome to Ethereal Chronicles—where ancient myths, dark fantasy, and gothic romance collide into cinematic soundscapes.\n\nStep into a world of haunting melodies, rich orchestral depths, and dark fairytales. Every song here is a portal to another realm—unraveling tales of powerful villains, tragic destinies, and the beautiful shadows of the underworld. As an independent lyricist and composer, I craft original worlds through music, blending evocative storytelling with modern, atmospheric production.\n\nIf you lose yourself in dark fantasy books, anime lore, gothic aesthetics, and music that feels like a movie soundtrack, you’ve found your sanctuary.\n\n🖤 Join the chronicle—subscribe to never miss a chapter."", ""song_shelf_count"": 5, ""album_shelf_count"": 6, ""single_shelf_count"": 10, ""video_shelf_count"": 1, ""lookup_error"": """"}]",UCLRmXGh0SGHUQvap8ybowOA,Ethereal Chronicles,18K,18000,5125013,"Welcome to Ethereal Chronicles—where ancient myths, dark fantasy, and gothic romance collide into cinematic soundscapes.

Step into a world of haunting melodies, rich orchestral depths, and dark fairytales. Every song here is a portal to another realm—unraveling tales of powerful villains, tragic destinies, and the beautiful shadows of the underworld. As an independent lyricist and composer, I craft original worlds through music, blending evocative storytelling with modern, atmospheric production.

If you lose yourself in dark fantasy books, anime lore, gothic aesthetics, and music that feels like a movie soundtrack, you’ve found your sanctuary.

🖤 Join the chronicle—subscribe to never miss a chapter.",5,6,10,1,MPREb_tgpaQVcz4kR,Once Upon a Nightmare: Tome I,Album,2026,8,33 minutes,2004,OLAK5uy_m_JY2EpkexCGjhO-hQFhmgHZ9_EikmYBQ,Ethereal Chronicles,,4:05,245,MUSIC_VIDEO_TYPE_ATV,12444,,ytmusicapi player response videoDetails.viewCount,,,Not exposed by this YouTube Music endpoint; official YouTube Data API credentials are required.,Music,2026-05-17T03:04:07-07:00,2026-05-17T03:04:07-07:00,Ethereal Chronicles - Topic,UCLRmXGh0SGHUQvap8ybowOA,http://www.youtube.com/channel/UCLRmXGh0SGHUQvap8ybowOA,123,AE;AR;AS;AT;AU;AW;AZ;BA;BD;BE;BG;BH;BM;BO;BR;BY;CA;CH;CL;CO;CR;CY;CZ;DE;DK;DO;DZ;EC;EE;EG;ES;FI;FR;GB;GE;GF;GH;GP;GR;GT;GU;HK;HN;HR;HU;ID;IE;IL;IN;IQ;IS;IT;JM;JO;JP;KE;KH;KR;KW;KY;KZ;LA;LB;LI;LK;LT;LU;LV;LY;MA;MK;MP;MQ;MT;MX;MY;NC;NG;NI;NL;NO;NP;NZ;OM;PA;PE;PF;PG;PH;PK;PL;PR;PT;PY;QA;RE;RO;RS;RU;SA;SE;SG;SI;SK;SN;SV;TC;TH;TN;TR;TW;TZ;UA;UG;US;UY;VE;VI;VN;YE;YT;ZA;ZW,"Distribution availability, not artist nationality or audience geography.",Ethereal Chronicles; GenerativeAI; Once Upon a Nightmare: Tome I; Once Upon a Nightmare,https://music.youtube.com/watch?v=hzq7OGH_ZAM,True,False,False,True,False,False,True,True,True,False,OK,True,INDIFFERENT,False,https://i.ytimg.com/vi/hzq7OGH_ZAM/maxresdefault.jpg,"[{""url"": ""https://yt3.googleusercontent.com/ULMuuChn_UKJR3QP9yWvWmqc2xcF74TLKy2_GB3E5uKXNPTguHSKSWiHDI0Y1OEJqq5ieS22Q8DjA3U2xQ=w60-h60-l90-rj"", ""width"": 60, ""height"": 60}, {""url"": ""https://yt3.googleusercontent.com/ULMuuChn_UKJR3QP9yWvWmqc2xcF74TLKy2_GB3E5uKXNPTguHSKSWiHDI0Y1OEJqq5ieS22Q8DjA3U2xQ=w120-h120-l90-rj"", ""width"": 120, ""height"": 120}]",,,,YouTube Music internal web API via ytmusicapi; personalized playlist fetched with named auth profile.,29.0,5.0,4.094960002,cumulative views of the exact recommended YouTube video,12444,4.094960002,Lower buffer,Buffer,"Frozen 83-song candidate pool captured 2026-06-29T19:44:09+00:00; Low <=7,505; lower buffer 7,506-19,756; Middle 19,757-243,792; upper buffer 243,793-1,223,809; High >=1,223,810 views.","Use view_count or popularity_log10_view_count for comparisons across users, weeks, and the original playlist. Do not use the within-Discover-Mix rank or percentile for cross-playlist comparisons because those are recalculated separately inside every 30-song mix.",Popularity is for the exact recommended video ID. Report or control video_type because this item is MUSIC_VIDEO_TYPE_ATV; ATV denotes an Art Track and OMV an official music video.
2026-08-12T17:28:39+00:00,user_02,aysima baba,Discover Mix,RDTMAK5uy_n_5IN6hzAOwdCnM8D8rzrs3vDl12UcZpA,https://music.youtube.com/playlist?list=RDTMAK5uy_n_5IN6hzAOwdCnM8D8rzrs3vDl12UcZpA,,,,50575,"Discover great music, picked just for you. Always updating.",11,ReoBorxNKqw,https://music.youtube.com/watch?v=ReoBorxNKqw,https://www.youtube.com/watch?v=ReoBorxNKqw,"Stryper - ""Ashes To Roses"" - Official Lyric Video",Frontiers Music srl,UCBLAoqCQyz6a0OvwXWzKZag,"[{""id"": ""UCBLAoqCQyz6a0OvwXWzKZag"", ""name"": ""Frontiers Music srl"", ""subscribers_display"": """", ""subscribers_approx"": null, ""channel_views"": null, ""description"": """", ""song_shelf_count"": 0, ""album_shelf_count"": 0, ""single_shelf_count"": 0, ""video_shelf_count"": 0, ""lookup_error"": ""'musicImmersiveHeaderRenderer'""}]",UCBLAoqCQyz6a0OvwXWzKZag,Frontiers Music srl,,,,,0,0,0,0,,,,,,,,,,,4:18,258,MUSIC_VIDEO_TYPE_OMV,39369,,ytmusicapi player response videoDetails.viewCount,,,Not exposed by this YouTube Music endpoint; official YouTube Data API credentials are required.,Music,2026-08-03T08:00:06-07:00,2026-08-03T08:00:06-07:00,Frontiers Music srl,UCBLAoqCQyz6a0OvwXWzKZag,http://www.youtube.com/@frontiersmusicsrl,249,AD;AE;AF;AG;AI;AL;AM;AO;AQ;AR;AS;AT;AU;AW;AX;AZ;BA;BB;BD;BE;BF;BG;BH;BI;BJ;BL;BM;BN;BO;BQ;BR;BS;BT;BV;BW;BY;BZ;CA;CC;CD;CF;CG;CH;CI;CK;CL;CM;CN;CO;CR;CU;CV;CW;CX;CY;CZ;DE;DJ;DK;DM;DO;DZ;EC;EE;EG;EH;ER;ES;ET;FI;FJ;FK;FM;FO;FR;GA;GB;GD;GE;GF;GG;GH;GI;GL;GM;GN;GP;GQ;GR;GS;GT;GU;GW;GY;HK;HM;HN;HR;HT;HU;ID;IE;IL;IM;IN;IO;IQ;IR;IS;IT;JE;JM;JO;JP;KE;KG;KH;KI;KM;KN;KP;KR;KW;KY;KZ;LA;LB;LC;LI;LK;LR;LS;LT;LU;LV;LY;MA;MC;MD;ME;MF;MG;MH;MK;ML;MM;MN;MO;MP;MQ;MR;MS;MT;MU;MV;MW;MX;MY;MZ;NA;NC;NE;NF;NG;NI;NL;NO;NP;NR;NU;NZ;OM;PA;PE;PF;PG;PH;PK;PL;PM;PN;PR;PS;PT;PW;PY;QA;RE;RO;RS;RU;RW;SA;SB;SC;SD;SE;SG;SH;SI;SJ;SK;SL;SM;SN;SO;SR;SS;ST;SV;SX;SY;SZ;TC;TD;TF;TG;TH;TJ;TK;TL;TM;TN;TO;TR;TT;TV;TW;TZ;UA;UG;UM;US;UY;UZ;VA;VC;VE;VG;VI;VN;VU;WF;WS;YE;YT;ZA;ZM;ZW,"Distribution availability, not artist nationality or audience geography.",Frontiers Records; Frontiers Music; Frontiers Music Srl; Heavy Metal; Hard Rock; Melodic Rock; AOR; Melodic Hard Rock; Hair Metal; '80s Hard Rock; '80s Hair Metal; Album Oriented Rock; '80s Music; '80s Rock; Serafino Perugino,https://music.youtube.com/watch?v=ReoBorxNKqw,True,False,False,True,False,False,True,True,False,,OK,True,INDIFFERENT,False,https://i.ytimg.com/vi/ReoBorxNKqw/maxresdefault.jpg,"[{""url"": ""https://i.ytimg.com/vi/ReoBorxNKqw/hqdefault.jpg?sqp=-oaymwEWCJADEOEBIAQqCggAEOADGC0guwJIWg&rs=AMzJL3myST-wiHbpvZAd-jjQv05oyDqfbQ"", ""width"": 400, ""height"": 225}]",,'musicImmersiveHeaderRenderer',missing album browse id,YouTube Music internal web API via ytmusicapi; personalized playlist fetched with named auth profile.,28.0,8.333333,4.595154384,cumulative views of the exact recommended YouTube video,39369,4.595154384,Middle,Middle,"Frozen 83-song candidate pool captured 2026-06-29T19:44:09+00:00; Low <=7,505; lower buffer 7,506-19,756; Middle 19,757-243,792; upper buffer 243,793-1,223,809; High >=1,223,810 views.","Use view_count or popularity_log10_view_count for comparisons across users, weeks, and the original playlist. Do not use the within-Discover-Mix rank or percentile for cross-playlist comparisons because those are recalculated separately inside every 30-song mix.",Popularity is for the exact recommended video ID. Report or control video_type because this item is MUSIC_VIDEO_TYPE_OMV; ATV denotes an Art Track and OMV an official music video.
2026-08-12T17:28:39+00:00,user_02,aysima baba,Discover Mix,RDTMAK5uy_n_5IN6hzAOwdCnM8D8rzrs3vDl12UcZpA,https://music.youtube.com/playlist?list=RDTMAK5uy_n_5IN6hzAOwdCnM8D8rzrs3vDl12UcZpA,,,,50575,"Discover great music, picked just for you. Always updating.",12,iywaBOMvYLI,https://music.youtube.com/watch?v=iywaBOMvYLI,https://www.youtube.com/watch?v=iywaBOMvYLI,Toxicity,System Of A Down,UCDJftX2zx_UT_QSnBGIF96w,"[{""id"": ""UCDJftX2zx_UT_QSnBGIF96w"", ""name"": ""System Of A Down"", ""subscribers_display"": ""8.27M"", ""subscribers_approx"": 8270000, ""channel_views"": 7596530170, ""description"": ""System of a Down is an Armenian-American heavy metal band formed in Glendale, California, in 1994. Since 1997, the band has consisted of founding members Serj Tankian, Daron Malakian, and Shavo Odadjian; along with John Dolmayan, who replaced original drummer Andy Khachaturian.\nThe band achieved commercial success with the release of five studio albums, three of which debuted at number one on the US Billboard 200. System of a Down has been nominated for four Grammy Awards, and their song \""B.Y.O.B.\"" won a Grammy Award for Best Hard Rock Performance in 2006. Known for their politically charged lyrics, many of their songs address social and political issues, such as the anti-war message in \""B.Y.O.B.\"" and criticism of the prison industrial complex and the war on drugs in \""Prison Song.\"" The band went on hiatus in 2006 and reunited in 2010. Other than two new songs in 2020, System of a Down has not released any new material since the Mezmerize and Hypnotize albums in 2005. The band has sold over 12 million records worldwide, while two of their singles, \""Aerials\"" and \""Hypnotize\"", reached number one on Billboard's Alternative Songs chart.\n\nFrom Wikipedia ("", ""song_shelf_count"": 5, ""album_shelf_count"": 5, ""single_shelf_count"": 8, ""video_shelf_count"": 10, ""lookup_error"": """"}]",UCDJftX2zx_UT_QSnBGIF96w,System Of A Down,8.27M,8270000,7596530170,"System of a Down is an Armenian-American heavy metal band formed in Glendale, California, in 1994. Since 1997, the band has consisted of founding members Serj Tankian, Daron Malakian, and Shavo Odadjian; along with John Dolmayan, who replaced original drummer Andy Khachaturian.
The band achieved commercial success with the release of five studio albums, three of which debuted at number one on the US Billboard 200. System of a Down has been nominated for four Grammy Awards, and their song ""B.Y.O.B."" won a Grammy Award for Best Hard Rock Performance in 2006. Known for their politically charged lyrics, many of their songs address social and political issues, such as the anti-war message in ""B.Y.O.B."" and criticism of the prison industrial complex and the war on drugs in ""Prison Song."" The band went on hiatus in 2006 and reunited in 2010. Other than two new songs in 2020, System of a Down has not released any new material since the Mezmerize and Hypnotize albums in 2005. The band has sold over 12 million records worldwide, while two of their singles, ""Aerials"" and ""Hypnotize"", reached number one on Billboard's Alternative Songs chart.

From Wikipedia (",5,5,8,10,,,,,,,,,,,3:45,225,MUSIC_VIDEO_TYPE_OMV,1207045410,,ytmusicapi player response videoDetails.viewCount,,,Not exposed by this YouTube Music endpoint; official YouTube Data API credentials are required.,Music,2009-10-02T08:16:02-07:00,2009-10-02T08:16:02-07:00,systemofadownVEVO,UCvtZDkeFxMkRTNqfqXtxxkw,http://www.youtube.com/@systemofadownVEVO,248,AD;AE;AF;AG;AI;AL;AM;AO;AQ;AR;AS;AT;AU;AW;AX;AZ;BA;BB;BD;BE;BF;BG;BH;BI;BJ;BL;BM;BN;BO;BQ;BR;BS;BT;BV;BW;BY;BZ;CA;CC;CD;CF;CG;CH;CI;CK;CL;CM;CN;CO;CR;CU;CV;CW;CX;CY;CZ;DJ;DK;DM;DO;DZ;EC;EE;EG;EH;ER;ES;ET;FI;FJ;FK;FM;FO;FR;GA;GB;GD;GE;GF;GG;GH;GI;GL;GM;GN;GP;GQ;GR;GS;GT;GU;GW;GY;HK;HM;HN;HR;HT;HU;ID;IE;IL;IM;IN;IO;IQ;IR;IS;IT;JE;JM;JO;JP;KE;KG;KH;KI;KM;KN;KP;KR;KW;KY;KZ;LA;LB;LC;LI;LK;LR;LS;LT;LU;LV;LY;MA;MC;MD;ME;MF;MG;MH;MK;ML;MM;MN;MO;MP;MQ;MR;MS;MT;MU;MV;MW;MX;MY;MZ;NA;NC;NE;NF;NG;NI;NL;NO;NP;NR;NU;NZ;OM;PA;PE;PF;PG;PH;PK;PL;PM;PN;PR;PS;PT;PW;PY;QA;RE;RO;RS;RU;RW;SA;SB;SC;SD;SE;SG;SH;SI;SJ;SK;SL;SM;SN;SO;SR;SS;ST;SV;SX;SY;SZ;TC;TD;TF;TG;TH;TJ;TK;TL;TM;TN;TO;TR;TT;TV;TW;TZ;UA;UG;UM;US;UY;UZ;VA;VC;VE;VG;VI;VN;VU;WF;WS;YE;YT;ZA;ZM;ZW,"Distribution availability, not artist nationality or audience geography.",system of down; toxicity; system of down toxicity; toxicity system of down; sister of down; soad; soad toxicity; chop suey; sistem of down; slipknot; toxic; metal; toxicity system of down lyrics; rammstein; toxity; system of down chop suey; toxicity system of down album; chop suey system of down; byob soad; lonely day system of down; korn; disturbed; powerman 5000; nu metal; hard rock; nu metal playlist; toxicity hd video,https://music.youtube.com/watch?v=iywaBOMvYLI,True,False,False,True,False,False,True,True,False,,OK,True,INDIFFERENT,False,https://i.ytimg.com/vi/iywaBOMvYLI/maxresdefault.jpg,"[{""url"": ""https://i.ytimg.com/vi/iywaBOMvYLI/hqdefault.jpg?sqp=-oaymwEWCJADEOEBIAQqCggAEOADGC0guwJIWg&rs=AMzJL3l6ILGUbXJv1RP0WtIYrfV8aY8eFA"", ""width"": 400, ""height"": 225}]",,,missing album browse id,YouTube Music internal web API via ytmusicapi; personalized playlist fetched with named auth profile.,1.0,98.333333,9.081723609,cumulative views of the exact recommended YouTube video,1207045410,9.081723609,High,High,"Frozen 83-song candidate pool captured 2026-06-29T19:44:09+00:00; Low <=7,505; lower buffer 7,506-19,756; Middle 19,757-243,792; upper buffer 243,793-1,223,809; High >=1,223,810 views.","Use view_count or popularity_log10_view_count for comparisons across users, weeks, and the original playlist. Do not use the within-Discover-Mix rank or percentile for cross-playlist comparisons because those are recalculated separately inside every 30-song mix.",Popularity is for the exact recommended video ID. Report or control video_type because this item is MUSIC_VIDEO_TYPE_OMV; ATV denotes an Art Track and OMV an official music video.
2026-08-12T17:28:39+00:00,user_02,aysima baba,Discover Mix,RDTMAK5uy_n_5IN6hzAOwdCnM8D8rzrs3vDl12UcZpA,https://music.youtube.com/playlist?list=RDTMAK5uy_n_5IN6hzAOwdCnM8D8rzrs3vDl12UcZpA,,,,50575,"Discover great music, picked just for you. Always updating.",13,bn-HCyk--5o,https://music.youtube.com/watch?v=bn-HCyk--5o,https://www.youtube.com/watch?v=bn-HCyk--5o,Against the Wind,Stratovarius,UCrmWShE1Kjc31dCC5g2Ti2w,"[{""id"": ""UCrmWShE1Kjc31dCC5g2Ti2w"", ""name"": ""Stratovarius"", ""subscribers_display"": ""178K"", ""subscribers_approx"": 178000, ""channel_views"": 53410876, ""description"": ""Stratovarius is a Finnish power metal band formed in 1984. They have released sixteen studio albums, six DVDs, and six live albums. The band's line-up has changed many times, with no founding member left since the departure of drummer Tuomo Lassila in 1995, and no member from their early recording days left following guitarist Timo Tolkki's departure in 2008. Currently, the longest standing member is singer Timo Kotipelto, who joined in 1994.\nThe band was founded in August 1984 as Black Water, consisting of Lassila as singer and drummer, guitarist Staffan Stråhlman, bassist John Vihervä, and, later, keyboardist Antti Ikonen. In Summer 1985, the band changed its name to Stratovarius, which was soon followed by line-up changes. Tolkki replaced Stråhlman and with this line-up, the band released its first album Fright Night in 1989, with Tolkki as sole songwriter. While going through many bassists, the band released the albums Twilight Time in 1992 and Dreamspace in 1994. In 1994, Kotipelto replaced Tolkki as lead vocalist, and after the release of Fourth Dimension in 1995, Lassila and Ikonen left the band and were replaced by Jörg Michael and Jens Johansson respectively.\n\nFrom Wikipedia ("", ""song_shelf_count"": 5, ""album_shelf_count"": 10, ""single_shelf_count"": 8, ""video_shelf_count"": 10, ""lookup_error"": """"}]",UCrmWShE1Kjc31dCC5g2Ti2w,Stratovarius,178K,178000,53410876,"Stratovarius is a Finnish power metal band formed in 1984. They have released sixteen studio albums, six DVDs, and six live albums. The band's line-up has changed many times, with no founding member left since the departure of drummer Tuomo Lassila in 1995, and no member from their early recording days left following guitarist Timo Tolkki's departure in 2008. Currently, the longest standing member is singer Timo Kotipelto, who joined in 1994.
The band was founded in August 1984 as Black Water, consisting of Lassila as singer and drummer, guitarist Staffan Stråhlman, bassist John Vihervä, and, later, keyboardist Antti Ikonen. In Summer 1985, the band changed its name to Stratovarius, which was soon followed by line-up changes. Tolkki replaced Stråhlman and with this line-up, the band released its first album Fright Night in 1989, with Tolkki as sole songwriter. While going through many bassists, the band released the albums Twilight Time in 1992 and Dreamspace in 1994. In 1994, Kotipelto replaced Tolkki as lead vocalist, and after the release of Fourth Dimension in 1995, Lassila and Ikonen left the band and were replaced by Jörg Michael and Jens Johansson respectively.

From Wikipedia (",5,10,8,10,MPREb_vFwKimPbOtM,Fourth Dimension,Album,1995,11,59 minutes,3571,OLAK5uy_njeTIJXqZncR9lsMijbROgR6caLecsEwE,Stratovarius,"Fourth Dimension is the fourth studio album by power metal band Stratovarius, released on 11 March 1995 through Noise Records. The album is the band's first to feature vocalist Timo Kotipelto as well as the last with keyboardist Antti Ikonen and drummer Tuomo Lassila, thus being the last Stratovarius album to date featuring an all-Finnish line-up.
Founding member and guitarist Timo Tolkki, who had served as the band's vocalist for their first three albums, made the decision to leave the vocals to Timo Kotipelto who the band had already known some time before. Tolkki still provided background vocals on Fourth Dimension before handing over lead singing duties to Kotipelto for all subsequent albums. The track ""030366"" is likely a reference to Tolkki's birthday of 3 March 1966. The album seen Stratovarius take off both commercially and artistically. As they redefined its style, with a mix between melody, speed and technical guitar passages.
For a couple of months, the recording sessions for this album ran parallel and in the same studio as Tolkki's then-upcoming solo studio album Classical Variations and Themes.

From Wikipedia (",3:49,229,MUSIC_VIDEO_TYPE_ATV,74500,,ytmusicapi player response videoDetails.viewCount,,,Not exposed by this YouTube Music endpoint; official YouTube Data API credentials are required.,Music,2026-01-26T03:40:07-08:00,2026-01-26T03:40:07-08:00,Stratovarius - Topic,UCrmWShE1Kjc31dCC5g2Ti2w,http://www.youtube.com/channel/UCrmWShE1Kjc31dCC5g2Ti2w,114,AE;AR;AS;AT;AU;AW;AZ;BA;BD;BE;BG;BH;BM;BO;BR;BY;CA;CH;CL;CO;CR;CY;CZ;DE;DK;DO;DZ;EC;EE;EG;ES;FI;FR;GB;GE;GF;GH;GP;GR;GT;GU;HK;HN;HR;HU;IE;IL;IN;IQ;IS;IT;JM;JO;KE;KH;KW;KY;KZ;LB;LI;LK;LT;LU;LV;LY;MA;MK;MP;MQ;MT;MX;NC;NG;NI;NL;NO;NP;NZ;OM;PA;PE;PF;PG;PH;PK;PL;PR;PT;PY;QA;RE;RO;RS;RU;SA;SE;SI;SK;SN;SV;TC;TN;TR;TZ;UA;UG;US;UY;VE;VI;YE;YT;ZA;ZW,"Distribution availability, not artist nationality or audience geography.",Stratovarius; Fourth Dimension; Against the Wind,https://music.youtube.com/watch?v=bn-HCyk--5o,True,False,False,True,False,False,True,True,False,False,OK,True,INDIFFERENT,False,https://i.ytimg.com/vi/bn-HCyk--5o/maxresdefault.jpg,"[{""url"": ""https://yt3.googleusercontent.com/FA3iSI0BU6YCW_VuI7S2CYJViq6dIDd3QKexx5-VEkOXdLVp0CWjal_0cR-VYkmYM7WJwSepxLOMEp4=w60-h60-l90-rj"", ""width"": 60, ""height"": 60}, {""url"": ""https://yt3.googleusercontent.com/FA3iSI0BU6YCW_VuI7S2CYJViq6dIDd3QKexx5-VEkOXdLVp0CWjal_0cR-VYkmYM7WJwSepxLOMEp4=w120-h120-l90-rj"", ""width"": 120, ""height"": 120}]",,,,YouTube Music internal web API via ytmusicapi; personalized playlist fetched with named auth profile.,26.0,15.0,4.872156273,cumulative views of the exact recommended YouTube video,74500,4.872156273,Middle,Middle,"Frozen 83-song candidate pool captured 2026-06-29T19:44:09+00:00; Low <=7,505; lower buffer 7,506-19,756; Middle 19,757-243,792; upper buffer 243,793-1,223,809; High >=1,223,810 views.","Use view_count or popularity_log10_view_count for comparisons across users, weeks, and the original playlist. Do not use the within-Discover-Mix rank or percentile for cross-playlist comparisons because those are recalculated separately inside every 30-song mix.",Popularity is for the exact recommended video ID. Report or control video_type because this item is MUSIC_VIDEO_TYPE_ATV; ATV denotes an Art Track and OMV an official music video.
2026-08-12T17:28:39+00:00,user_02,aysima baba,Discover Mix,RDTMAK5uy_n_5IN6hzAOwdCnM8D8rzrs3vDl12UcZpA,https://music.youtube.com/playlist?list=RDTMAK5uy_n_5IN6hzAOwdCnM8D8rzrs3vDl12UcZpA,,,,50575,"Discover great music, picked just for you. Always updating.",14,AyD5rZfiIMI,https://music.youtube.com/watch?v=AyD5rZfiIMI,https://www.youtube.com/watch?v=AyD5rZfiIMI,No Easy Way Out,Tommy Johansson,UC1ObBcwLaGfsa1OuXFh9r7Q,"[{""id"": ""UC1ObBcwLaGfsa1OuXFh9r7Q"", ""name"": ""Tommy Johansson"", ""subscribers_display"": ""395K"", ""subscribers_approx"": 395000, ""channel_views"": 112521970, ""description"": ""Tommy \""ReinXeed\"" Johansson is a Swedish multi-instrumentalist and singer. He is known for his work as a guitarist for the power metal band Sabaton and as lead vocalist and guitarist of the power metal band Majestica. He is a tenor. He is an active YouTuber, uploading many metal cover songs.\nIn 2009, Johansson was Karaoke Music Champion in Sweden. In 2016, Johansson joined Sabaton as a guitarist, replacing Thobbe Englund. He left the band in 2024 to pursue his own musical career, making way for Englund to return. Johansson has recorded three albums with Christian melodic neoclassical power metal band Golden Resurrection alongside singer Christian Liljegren of Narnia.\n\nFrom Wikipedia ("", ""song_shelf_count"": 5, ""album_shelf_count"": 9, ""single_shelf_count"": 4, ""video_shelf_count"": 10, ""lookup_error"": """"}]",UC1ObBcwLaGfsa1OuXFh9r7Q,Tommy Johansson,395K,395000,112521970,"Tommy ""ReinXeed"" Johansson is a Swedish multi-instrumentalist and singer. He is known for his work as a guitarist for the power metal band Sabaton and as lead vocalist and guitarist of the power metal band Majestica. He is a tenor. He is an active YouTuber, uploading many metal cover songs.
In 2009, Johansson was Karaoke Music Champion in Sweden. In 2016, Johansson joined Sabaton as a guitarist, replacing Thobbe Englund. He left the band in 2024 to pursue his own musical career, making way for Englund to return. Johansson has recorded three albums with Christian melodic neoclassical power metal band Golden Resurrection alongside singer Christian Liljegren of Narnia.

From Wikipedia (",5,9,4,10,,,,,,,,,,,4:16,256,MUSIC_VIDEO_TYPE_OMV,801610,,ytmusicapi player response videoDetails.viewCount,,,Not exposed by this YouTube Music endpoint; official YouTube Data API credentials are required.,Music,2024-01-12T03:00:07-08:00,2024-01-12T03:00:07-08:00,Tommy Johansson,UCOOPJ4JWcKERf9KgARnuzeA,http://www.youtube.com/@ReinXeed,249,AD;AE;AF;AG;AI;AL;AM;AO;AQ;AR;AS;AT;AU;AW;AX;AZ;BA;BB;BD;BE;BF;BG;BH;BI;BJ;BL;BM;BN;BO;BQ;BR;BS;BT;BV;BW;BY;BZ;CA;CC;CD;CF;CG;CH;CI;CK;CL;CM;CN;CO;CR;CU;CV;CW;CX;CY;CZ;DE;DJ;DK;DM;DO;DZ;EC;EE;EG;EH;ER;ES;ET;FI;FJ;FK;FM;FO;FR;GA;GB;GD;GE;GF;GG;GH;GI;GL;GM;GN;GP;GQ;GR;GS;GT;GU;GW;GY;HK;HM;HN;HR;HT;HU;ID;IE;IL;IM;IN;IO;IQ;IR;IS;IT;JE;JM;JO;JP;KE;KG;KH;KI;KM;KN;KP;KR;KW;KY;KZ;LA;LB;LC;LI;LK;LR;LS;LT;LU;LV;LY;MA;MC;MD;ME;MF;MG;MH;MK;ML;MM;MN;MO;MP;MQ;MR;MS;MT;MU;MV;MW;MX;MY;MZ;NA;NC;NE;NF;NG;NI;NL;NO;NP;NR;NU;NZ;OM;PA;PE;PF;PG;PH;PK;PL;PM;PN;PR;PS;PT;PW;PY;QA;RE;RO;RS;RU;RW;SA;SB;SC;SD;SE;SG;SH;SI;SJ;SK;SL;SM;SN;SO;SR;SS;ST;SV;SX;SY;SZ;TC;TD;TF;TG;TH;TJ;TK;TL;TM;TN;TO;TR;TT;TV;TW;TZ;UA;UG;UM;US;UY;UZ;VA;VC;VE;VG;VI;VN;VU;WF;WS;YE;YT;ZA;ZM;ZW,"Distribution availability, not artist nationality or audience geography.",Tommy Johansson; Tommy J; No easy way Out; Rocky; Robert Tepper; Rocky IV Soundtrack; Rock covers; Metal Covers; Cover; ivan drago; dolph lundgren; sylvester stallone; Rocky Balboa; 80s rock cover; Tribute to Robert Tepper; Movie soundtrack cover; Classic rock cover; Vocal cover; No Easy Way Out lyrics; Emotional cover; Powerful vocals; Rocky montage music; Training montage cover; Inspirational music; Epic cover; Movie theme cover; apollo creed,https://music.youtube.com/watch?v=AyD5rZfiIMI,True,False,False,True,False,False,True,True,False,,OK,True,INDIFFERENT,False,https://i.ytimg.com/vi/AyD5rZfiIMI/maxresdefault.jpg,"[{""url"": ""https://i.ytimg.com/vi/AyD5rZfiIMI/hqdefault.jpg?sqp=-oaymwEWCJADEOEBIAQqCggAEOADGC0guwJIWg&rs=AMzJL3kYcJ--EjHOV3ydGylTlrwx5Uw3eA"", ""width"": 400, ""height"": 225}]",,,missing album browse id,YouTube Music internal web API via ytmusicapi; personalized playlist fetched with named auth profile.,19.0,38.333333,5.903963126,cumulative views of the exact recommended YouTube video,801610,5.903963126,Upper buffer,Buffer,"Frozen 83-song candidate pool captured 2026-06-29T19:44:09+00:00; Low <=7,505; lower buffer 7,506-19,756; Middle 19,757-243,792; upper buffer 243,793-1,223,809; High >=1,223,810 views.","Use view_count or popularity_log10_view_count for comparisons across users, weeks, and the original playlist. Do not use the within-Discover-Mix rank or percentile for cross-playlist comparisons because those are recalculated separately inside every 30-song mix.",Popularity is for the exact recommended video ID. Report or control video_type because this item is MUSIC_VIDEO_TYPE_OMV; ATV denotes an Art Track and OMV an official music video.
2026-08-12T17:28:39+00:00,user_02,aysima baba,Discover Mix,RDTMAK5uy_n_5IN6hzAOwdCnM8D8rzrs3vDl12UcZpA,https://music.youtube.com/playlist?list=RDTMAK5uy_n_5IN6hzAOwdCnM8D8rzrs3vDl12UcZpA,,,,50575,"Discover great music, picked just for you. Always updating.",15,tVgUKJzDMnI,https://music.youtube.com/watch?v=tVgUKJzDMnI,https://www.youtube.com/watch?v=tVgUKJzDMnI,Ljósálfur,SKÁLD,UC-wIawlQBEwyFmemXR_eb9A,"[{""id"": ""UC-wIawlQBEwyFmemXR_eb9A"", ""name"": ""SKÁLD"", ""subscribers_display"": ""506K"", ""subscribers_approx"": 506000, ""channel_views"": 240304936, ""description"": ""Skáld is a French Nordic folk group formed in 2018. Their songs bear a heavy Norse influence, making use of traditional instruments and the themes they treat are mostly centred on Scandinavian culture, especially on Norse mythology and they use mostly Nordic languages, particularly Old Norse.\n\nFrom Wikipedia ("", ""song_shelf_count"": 5, ""album_shelf_count"": 2, ""single_shelf_count"": 10, ""video_shelf_count"": 10, ""lookup_error"": """"}]",UC-wIawlQBEwyFmemXR_eb9A,SKÁLD,506K,506000,240304936,"Skáld is a French Nordic folk group formed in 2018. Their songs bear a heavy Norse influence, making use of traditional instruments and the themes they treat are mostly centred on Scandinavian culture, especially on Norse mythology and they use mostly Nordic languages, particularly Old Norse.

From Wikipedia (",5,2,10,10,MPREb_I2gTJ14LF6M,Huldufólk,Album,2023,12,43 minutes,2619,OLAK5uy_mC--tKU8pntXzYBRf1TAxMlo0POu-CAMM,SKÁLD,,3:08,188,MUSIC_VIDEO_TYPE_ATV,1565913,,ytmusicapi player response videoDetails.viewCount,,,Not exposed by this YouTube Music endpoint; official YouTube Data API credentials are required.,Music,2023-01-19T02:04:39-08:00,2023-01-19T02:04:39-08:00,SKÁLD - Topic,UC-wIawlQBEwyFmemXR_eb9A,http://www.youtube.com/channel/UC-wIawlQBEwyFmemXR_eb9A,121,AE;AR;AS;AT;AU;AW;AZ;BA;BD;BE;BG;BH;BM;BO;BR;CA;CH;CL;CO;CR;CY;CZ;DE;DK;DO;DZ;EC;EE;EG;ES;FI;FR;GB;GE;GF;GH;GP;GR;GT;GU;HK;HN;HR;HU;ID;IE;IL;IN;IQ;IS;IT;JM;JO;JP;KE;KH;KR;KW;KY;KZ;LA;LB;LI;LK;LT;LU;LV;LY;MA;MK;MP;MQ;MT;MX;MY;NC;NG;NI;NL;NO;NP;NZ;OM;PA;PE;PF;PG;PH;PK;PL;PR;PT;PY;QA;RE;RO;RS;SA;SE;SG;SI;SK;SN;SV;TC;TH;TN;TR;TW;TZ;UA;UG;US;UY;VE;VI;VN;YE;YT;ZA;ZW,"Distribution availability, not artist nationality or audience geography.",SKÁLD; スカルド; Huldufólk; Ljósálfur,https://music.youtube.com/watch?v=tVgUKJzDMnI,True,False,False,True,False,False,True,True,False,False,OK,True,INDIFFERENT,False,https://i.ytimg.com/vi/tVgUKJzDMnI/maxresdefault.jpg,"[{""url"": ""https://yt3.googleusercontent.com/xoGZRdeOJo1hf235U6nhdRRqQlEevz59zUalvHwOcEqXG6Ob5omM6EHbUa968P6rq-62CcOwBWugiuwy=w60-h60-l90-rj"", ""width"": 60, ""height"": 60}, {""url"": ""https://yt3.googleusercontent.com/xoGZRdeOJo1hf235U6nhdRRqQlEevz59zUalvHwOcEqXG6Ob5omM6EHbUa968P6rq-62CcOwBWugiuwy=w120-h120-l90-rj"", ""width"": 120, ""height"": 120}]",,,,YouTube Music internal web API via ytmusicapi; personalized playlist fetched with named auth profile.,14.0,55.0,6.19476763,cumulative views of the exact recommended YouTube video,1565913,6.19476763,High,High,"Frozen 83-song candidate pool captured 2026-06-29T19:44:09+00:00; Low <=7,505; lower buffer 7,506-19,756; Middle 19,757-243,792; upper buffer 243,793-1,223,809; High >=1,223,810 views.","Use view_count or popularity_log10_view_count for comparisons across users, weeks, and the original playlist. Do not use the within-Discover-Mix rank or percentile for cross-playlist comparisons because those are recalculated separately inside every 30-song mix.",Popularity is for the exact recommended video ID. Report or control video_type because this item is MUSIC_VIDEO_TYPE_ATV; ATV denotes an Art Track and OMV an official music video.
2026-08-12T17:28:39+00:00,user_02,aysima baba,Discover Mix,RDTMAK5uy_n_5IN6hzAOwdCnM8D8rzrs3vDl12UcZpA,https://music.youtube.com/playlist?list=RDTMAK5uy_n_5IN6hzAOwdCnM8D8rzrs3vDl12UcZpA,,,,50575,"Discover great music, picked just for you. Always updating.",16,wEERFBI9eCg,https://music.youtube.com/watch?v=wEERFBI9eCg,https://www.youtube.com/watch?v=wEERFBI9eCg,Nightwish - Wish I Had An Angel (OFFICIAL VIDEO),Nightwish,UCnDibivBAgWYKWi9qOiCNnA,"[{""id"": ""UCnDibivBAgWYKWi9qOiCNnA"", ""name"": ""Nightwish"", ""subscribers_display"": ""1.87M"", ""subscribers_approx"": 1870000, ""channel_views"": 1281055223, ""description"": ""Nightwish were formed in Kitee, Finland, in 1997 by keyboardist Tuomas Holopainen. Nightwish's demos landed them a contract with the Finnish label Spinefarm, which released their debut album, Angels Fall First, in late 1997. The follow-up, Oceanborn, appeared in late 1998 and made Nightwish a mainstream success in their homeland.\n\nTheir third album, Wishmaster topped the Finnish charts. Released in 2002, Century Child proved a massive hit in Finland and around Europe, but 2004's Once saw them go one step further and conquer Europe. Marko Hietala was now on bass, replacing Sami Vänskä, while in 2005 Swedish singer Anette Olzon replaced Tarja Turunen. Dark Passion Play (2007) and the concept album Imaginaerum (2011) both featured Olzon before she and the band parted ways in 2012.\n\nAt short notice, ex-After Forever frontwoman Floor Jansen stepped in to take over on lead vocal duties. She was embraced immediately by their passionate fans, and was soon made a permanent member, alongside English piper Troy Donockley. Endless Forms Most Beautiful placed on no less than ten different charts including the Top 200 (number 34) and hard rock charts (number two). \n\nDecades, a double-length compilation album was released in March of 2018, and coincided with Nightwish's 20th anniversary world tour. After this Nightwish released a live recording of this very tour as Decades: Live in Buenos Aires. The latest album of Nightwish, \""Human. :||: Nature.\"" is out now!"", ""song_shelf_count"": 5, ""album_shelf_count"": 10, ""single_shelf_count"": 10, ""video_shelf_count"": 10, ""lookup_error"": """"}]",UCnDibivBAgWYKWi9qOiCNnA,Nightwish,1.87M,1870000,1281055223,"Nightwish were formed in Kitee, Finland, in 1997 by keyboardist Tuomas Holopainen. Nightwish's demos landed them a contract with the Finnish label Spinefarm, which released their debut album, Angels Fall First, in late 1997. The follow-up, Oceanborn, appeared in late 1998 and made Nightwish a mainstream success in their homeland.

Their third album, Wishmaster topped the Finnish charts. Released in 2002, Century Child proved a massive hit in Finland and around Europe, but 2004's Once saw them go one step further and conquer Europe. Marko Hietala was now on bass, replacing Sami Vänskä, while in 2005 Swedish singer Anette Olzon replaced Tarja Turunen. Dark Passion Play (2007) and the concept album Imaginaerum (2011) both featured Olzon before she and the band parted ways in 2012.

At short notice, ex-After Forever frontwoman Floor Jansen stepped in to take over on lead vocal duties. She was embraced immediately by their passionate fans, and was soon made a permanent member, alongside English piper Troy Donockley. Endless Forms Most Beautiful placed on no less than ten different charts including the Top 200 (number 34) and hard rock charts (number two). 

Decades, a double-length compilation album was released in March of 2018, and coincided with Nightwish's 20th anniversary world tour. After this Nightwish released a live recording of this very tour as Decades: Live in Buenos Aires. The latest album of Nightwish, ""Human. :||: Nature."" is out now!",5,10,10,10,,,,,,,,,,,4:04,244,MUSIC_VIDEO_TYPE_OMV,83177674,,ytmusicapi player response videoDetails.viewCount,,,Not exposed by this YouTube Music endpoint; official YouTube Data API credentials are required.,Entertainment,2015-03-26T06:56:12-07:00,2015-03-26T06:56:12-07:00,Nightwish,UCQplaZZ2mv8fo8Zd-1hQPzg,http://www.youtube.com/@nightwish,249,AD;AE;AF;AG;AI;AL;AM;AO;AQ;AR;AS;AT;AU;AW;AX;AZ;BA;BB;BD;BE;BF;BG;BH;BI;BJ;BL;BM;BN;BO;BQ;BR;BS;BT;BV;BW;BY;BZ;CA;CC;CD;CF;CG;CH;CI;CK;CL;CM;CN;CO;CR;CU;CV;CW;CX;CY;CZ;DE;DJ;DK;DM;DO;DZ;EC;EE;EG;EH;ER;ES;ET;FI;FJ;FK;FM;FO;FR;GA;GB;GD;GE;GF;GG;GH;GI;GL;GM;GN;GP;GQ;GR;GS;GT;GU;GW;GY;HK;HM;HN;HR;HT;HU;ID;IE;IL;IM;IN;IO;IQ;IR;IS;IT;JE;JM;JO;JP;KE;KG;KH;KI;KM;KN;KP;KR;KW;KY;KZ;LA;LB;LC;LI;LK;LR;LS;LT;LU;LV;LY;MA;MC;MD;ME;MF;MG;MH;MK;ML;MM;MN;MO;MP;MQ;MR;MS;MT;MU;MV;MW;MX;MY;MZ;NA;NC;NE;NF;NG;NI;NL;NO;NP;NR;NU;NZ;OM;PA;PE;PF;PG;PH;PK;PL;PM;PN;PR;PS;PT;PW;PY;QA;RE;RO;RS;RU;RW;SA;SB;SC;SD;SE;SG;SH;SI;SJ;SK;SL;SM;SN;SO;SR;SS;ST;SV;SX;SY;SZ;TC;TD;TF;TG;TH;TJ;TK;TL;TM;TN;TO;TR;TT;TV;TW;TZ;UA;UG;UM;US;UY;UZ;VA;VC;VE;VG;VI;VN;VU;WF;WS;YE;YT;ZA;ZM;ZW,"Distribution availability, not artist nationality or audience geography.",wish i had an angel; nightwish; nightwish wish i had an angel; wish i had an angel tarja; tarja turunen; wish i had an angel nightwish; nightwish music; nightwish music video; wish i had an angel music video; marko hietala; i wish i had an angel; nightwish i wish i had an angel; symphonic metal; metal; tuomas holopainen,https://music.youtube.com/watch?v=wEERFBI9eCg,True,False,False,True,False,False,True,True,False,,OK,True,INDIFFERENT,False,https://i.ytimg.com/vi/wEERFBI9eCg/maxresdefault.jpg,"[{""url"": ""https://i.ytimg.com/vi/wEERFBI9eCg/hqdefault.jpg?sqp=-oaymwEWCJADEOEBIAQqCggAEOADGC0guwJIWg&rs=AMzJL3nF51LtuVs_5yaIt9CRMk43R1OWyw"", ""width"": 400, ""height"": 225}]",,,missing album browse id,YouTube Music internal web API via ytmusicapi; personalized playlist fetched with named auth profile.,2.0,95.0,7.920006771,cumulative views of the exact recommended YouTube video,83177674,7.920006771,High,High,"Frozen 83-song candidate pool captured 2026-06-29T19:44:09+00:00; Low <=7,505; lower buffer 7,506-19,756; Middle 19,757-243,792; upper buffer 243,793-1,223,809; High >=1,223,810 views.","Use view_count or popularity_log10_view_count for comparisons across users, weeks, and the original playlist. Do not use the within-Discover-Mix rank or percentile for cross-playlist comparisons because those are recalculated separately inside every 30-song mix.",Popularity is for the exact recommended video ID. Report or control video_type because this item is MUSIC_VIDEO_TYPE_OMV; ATV denotes an Art Track and OMV an official music video.
2026-08-12T17:28:39+00:00,user_02,aysima baba,Discover Mix,RDTMAK5uy_n_5IN6hzAOwdCnM8D8rzrs3vDl12UcZpA,https://music.youtube.com/playlist?list=RDTMAK5uy_n_5IN6hzAOwdCnM8D8rzrs3vDl12UcZpA,,,,50575,"Discover great music, picked just for you. Always updating.",17,8QwYaervXag,https://music.youtube.com/watch?v=8QwYaervXag,https://www.youtube.com/watch?v=8QwYaervXag,Viral,Amaranthe,UClXbyJ6lJGR3VVkLSVRmdOQ,"[{""id"": ""UClXbyJ6lJGR3VVkLSVRmdOQ"", ""name"": ""Amaranthe"", ""subscribers_display"": ""402K"", ""subscribers_approx"": 402000, ""channel_views"": 309003639, ""description"": ""Amaranthe is a Swedish heavy metal band originally known as Avalanche. The band is notable for their blend of various metal genres and having three lead vocalists.\n\nFrom Wikipedia ("", ""song_shelf_count"": 5, ""album_shelf_count"": 10, ""single_shelf_count"": 10, ""video_shelf_count"": 10, ""lookup_error"": """"}]",UClXbyJ6lJGR3VVkLSVRmdOQ,Amaranthe,402K,402000,309003639,"Amaranthe is a Swedish heavy metal band originally known as Avalanche. The band is notable for their blend of various metal genres and having three lead vocalists.

From Wikipedia (",5,10,10,10,MPREb_uZO8Y6j98Zl,Manifest,Album,2020,12,40 minutes,2425,OLAK5uy_mg7d84cA9O3Fp4HvB42ya8J0vItIEZSNc,Amaranthe,"Manifest is the sixth studio album by Swedish heavy metal band Amaranthe. It was released on 2 October 2020 via Nuclear Blast.
The album features guest appearances from Noora Louhimo of Battle Beast, Perttu Kivilaakso of Apocalyptica, Elias Holmlid of Dragonland, and Heidi Shepherd of Butcher Babies.
In an interview with HeadBangers Lifestyle, the band's guitarist and keyboardist Olof Mörck revealed that the album version of ""Do or Die"" will only contain Nils Molin's male clean vocals and Henrik Englund Wilhemsson's unclean vocals, while the single version of the song, which will appear as a bonus track on the album, only contains Elize Ryd's female clean vocals and Angela Gossow's harsh vocals. The guitar solo by Jeff Loomis appears on both versions of the song. It is also the final album to feature Wilhemsson before his departure from the band on June 8, 2022.

From Wikipedia (",3:02,182,MUSIC_VIDEO_TYPE_ATV,2904656,,ytmusicapi player response videoDetails.viewCount,,,Not exposed by this YouTube Music endpoint; official YouTube Data API credentials are required.,Music,2020-10-01T03:01:07-07:00,2020-10-01T03:01:07-07:00,Amaranthe - Topic,UClXbyJ6lJGR3VVkLSVRmdOQ,http://www.youtube.com/channel/UClXbyJ6lJGR3VVkLSVRmdOQ,249,AD;AE;AF;AG;AI;AL;AM;AO;AQ;AR;AS;AT;AU;AW;AX;AZ;BA;BB;BD;BE;BF;BG;BH;BI;BJ;BL;BM;BN;BO;BQ;BR;BS;BT;BV;BW;BY;BZ;CA;CC;CD;CF;CG;CH;CI;CK;CL;CM;CN;CO;CR;CU;CV;CW;CX;CY;CZ;DE;DJ;DK;DM;DO;DZ;EC;EE;EG;EH;ER;ES;ET;FI;FJ;FK;FM;FO;FR;GA;GB;GD;GE;GF;GG;GH;GI;GL;GM;GN;GP;GQ;GR;GS;GT;GU;GW;GY;HK;HM;HN;HR;HT;HU;ID;IE;IL;IM;IN;IO;IQ;IR;IS;IT;JE;JM;JO;JP;KE;KG;KH;KI;KM;KN;KP;KR;KW;KY;KZ;LA;LB;LC;LI;LK;LR;LS;LT;LU;LV;LY;MA;MC;MD;ME;MF;MG;MH;MK;ML;MM;MN;MO;MP;MQ;MR;MS;MT;MU;MV;MW;MX;MY;MZ;NA;NC;NE;NF;NG;NI;NL;NO;NP;NR;NU;NZ;OM;PA;PE;PF;PG;PH;PK;PL;PM;PN;PR;PS;PT;PW;PY;QA;RE;RO;RS;RU;RW;SA;SB;SC;SD;SE;SG;SH;SI;SJ;SK;SL;SM;SN;SO;SR;SS;ST;SV;SX;SY;SZ;TC;TD;TF;TG;TH;TJ;TK;TL;TM;TN;TO;TR;TT;TV;TW;TZ;UA;UG;UM;US;UY;UZ;VA;VC;VE;VG;VI;VN;VU;WF;WS;YE;YT;ZA;ZM;ZW,"Distribution availability, not artist nationality or audience geography.",Amaranthe; Manifest; Viral,https://music.youtube.com/watch?v=8QwYaervXag,True,False,False,True,False,False,True,True,False,False,OK,True,INDIFFERENT,False,https://i.ytimg.com/vi/8QwYaervXag/maxresdefault.jpg,"[{""url"": ""https://yt3.googleusercontent.com/6DXFN5plm6o2cM_n2HdUpUE44yuWPIBmoA_iGIQFgmRjOnEd57DR_3HF3_IeR8KG05sIwfeCaTPJY2FH8g=w60-h60-l90-rj"", ""width"": 60, ""height"": 60}, {""url"": ""https://yt3.googleusercontent.com/6DXFN5plm6o2cM_n2HdUpUE44yuWPIBmoA_iGIQFgmRjOnEd57DR_3HF3_IeR8KG05sIwfeCaTPJY2FH8g=w120-h120-l90-rj"", ""width"": 120, ""height"": 120}]",,,,YouTube Music internal web API via ytmusicapi; personalized playlist fetched with named auth profile.,11.0,65.0,6.463094706,cumulative views of the exact recommended YouTube video,2904656,6.463094706,High,High,"Frozen 83-song candidate pool captured 2026-06-29T19:44:09+00:00; Low <=7,505; lower buffer 7,506-19,756; Middle 19,757-243,792; upper buffer 243,793-1,223,809; High >=1,223,810 views.","Use view_count or popularity_log10_view_count for comparisons across users, weeks, and the original playlist. Do not use the within-Discover-Mix rank or percentile for cross-playlist comparisons because those are recalculated separately inside every 30-song mix.",Popularity is for the exact recommended video ID. Report or control video_type because this item is MUSIC_VIDEO_TYPE_ATV; ATV denotes an Art Track and OMV an official music video.
2026-08-12T17:28:39+00:00,user_02,aysima baba,Discover Mix,RDTMAK5uy_n_5IN6hzAOwdCnM8D8rzrs3vDl12UcZpA,https://music.youtube.com/playlist?list=RDTMAK5uy_n_5IN6hzAOwdCnM8D8rzrs3vDl12UcZpA,,,,50575,"Discover great music, picked just for you. Always updating.",18,JYy2LFsFJKE,https://music.youtube.com/watch?v=JYy2LFsFJKE,https://www.youtube.com/watch?v=JYy2LFsFJKE,Heart of the Forgotten,SALHEIM,UCY9B9kvAJSAjrO1thgdHW2Q,"[{""id"": ""UCY9B9kvAJSAjrO1thgdHW2Q"", ""name"": ""SALHEIM"", ""subscribers_display"": ""3.88K"", ""subscribers_approx"": 3880, ""channel_views"": null, ""description"": null, ""song_shelf_count"": 5, ""album_shelf_count"": 10, ""single_shelf_count"": 10, ""video_shelf_count"": 10, ""lookup_error"": """"}]",UCY9B9kvAJSAjrO1thgdHW2Q,SALHEIM,3.88K,3880,,,5,10,10,10,MPREb_nfvJomwsCfd,Winterborn,Album,2025,14,"1 hour, 2 minutes",3771,OLAK5uy_ndxiCriHk_fw32SVxZT-L6cf5QGHLdQlY,SALHEIM,,4:29,269,MUSIC_VIDEO_TYPE_ATV,376345,,ytmusicapi player response videoDetails.viewCount,,,Not exposed by this YouTube Music endpoint; official YouTube Data API credentials are required.,Music,2025-10-30T00:51:26-07:00,2025-10-30T00:51:26-07:00,SALHEIM - Topic,UCY9B9kvAJSAjrO1thgdHW2Q,http://www.youtube.com/channel/UCY9B9kvAJSAjrO1thgdHW2Q,123,AE;AR;AS;AT;AU;AW;AZ;BA;BD;BE;BG;BH;BM;BO;BR;BY;CA;CH;CL;CO;CR;CY;CZ;DE;DK;DO;DZ;EC;EE;EG;ES;FI;FR;GB;GE;GF;GH;GP;GR;GT;GU;HK;HN;HR;HU;ID;IE;IL;IN;IQ;IS;IT;JM;JO;JP;KE;KH;KR;KW;KY;KZ;LA;LB;LI;LK;LT;LU;LV;LY;MA;MK;MP;MQ;MT;MX;MY;NC;NG;NI;NL;NO;NP;NZ;OM;PA;PE;PF;PG;PH;PK;PL;PR;PT;PY;QA;RE;RO;RS;RU;SA;SE;SG;SI;SK;SN;SV;TC;TH;TN;TR;TW;TZ;UA;UG;US;UY;VE;VI;VN;YE;YT;ZA;ZW,"Distribution availability, not artist nationality or audience geography.",SALHEIM; Winterborn; Heart of the Forgotten,https://music.youtube.com/watch?v=JYy2LFsFJKE,True,False,False,True,False,False,True,True,False,False,OK,True,INDIFFERENT,False,https://i.ytimg.com/vi/JYy2LFsFJKE/maxresdefault.jpg,"[{""url"": ""https://yt3.googleusercontent.com/DOauvfBNyMBTezGxHuDIzKf9Yd6fOScV-Hi-_w4s5vCSZFp_MWff8IphEB6BW-Vk3IKND_KDcXzSWrXF=w60-h60-l90-rj"", ""width"": 60, ""height"": 60}, {""url"": ""https://yt3.googleusercontent.com/DOauvfBNyMBTezGxHuDIzKf9Yd6fOScV-Hi-_w4s5vCSZFp_MWff8IphEB6BW-Vk3IKND_KDcXzSWrXF=w120-h120-l90-rj"", ""width"": 120, ""height"": 120}]",,,,YouTube Music internal web API via ytmusicapi; personalized playlist fetched with named auth profile.,22.0,28.333333,5.575586151,cumulative views of the exact recommended YouTube video,376345,5.575586151,Upper buffer,Buffer,"Frozen 83-song candidate pool captured 2026-06-29T19:44:09+00:00; Low <=7,505; lower buffer 7,506-19,756; Middle 19,757-243,792; upper buffer 243,793-1,223,809; High >=1,223,810 views.","Use view_count or popularity_log10_view_count for comparisons across users, weeks, and the original playlist. Do not use the within-Discover-Mix rank or percentile for cross-playlist comparisons because those are recalculated separately inside every 30-song mix.",Popularity is for the exact recommended video ID. Report or control video_type because this item is MUSIC_VIDEO_TYPE_ATV; ATV denotes an Art Track and OMV an official music video.
2026-08-12T17:28:39+00:00,user_02,aysima baba,Discover Mix,RDTMAK5uy_n_5IN6hzAOwdCnM8D8rzrs3vDl12UcZpA,https://music.youtube.com/playlist?list=RDTMAK5uy_n_5IN6hzAOwdCnM8D8rzrs3vDl12UcZpA,,,,50575,"Discover great music, picked just for you. Always updating.",19,4vvz0G9fK_k,https://music.youtube.com/watch?v=4vvz0G9fK_k,https://www.youtube.com/watch?v=4vvz0G9fK_k,Battles (Acoustic),Alpine Universe,UCGDViLkaQvB2CbxSGAlzvfQ,"[{""id"": ""UCGDViLkaQvB2CbxSGAlzvfQ"", ""name"": ""Alpine Universe"", ""subscribers_display"": ""24.9K"", ""subscribers_approx"": 24900, ""channel_views"": null, ""description"": null, ""song_shelf_count"": 5, ""album_shelf_count"": 3, ""single_shelf_count"": 10, ""video_shelf_count"": 10, ""lookup_error"": """"}]",UCGDViLkaQvB2CbxSGAlzvfQ,Alpine Universe,24.9K,24900,,,5,3,10,10,,,,,,,,,,,3:39,219,MUSIC_VIDEO_TYPE_OMV,2368329,,ytmusicapi player response videoDetails.viewCount,,,Not exposed by this YouTube Music endpoint; official YouTube Data API credentials are required.,Music,2021-08-29T21:00:10-07:00,2021-08-29T21:00:10-07:00,Alpine Universe,UCurlJj06uWYB8gyV5FjcSFQ,http://www.youtube.com/@alpineuniverse,249,AD;AE;AF;AG;AI;AL;AM;AO;AQ;AR;AS;AT;AU;AW;AX;AZ;BA;BB;BD;BE;BF;BG;BH;BI;BJ;BL;BM;BN;BO;BQ;BR;BS;BT;BV;BW;BY;BZ;CA;CC;CD;CF;CG;CH;CI;CK;CL;CM;CN;CO;CR;CU;CV;CW;CX;CY;CZ;DE;DJ;DK;DM;DO;DZ;EC;EE;EG;EH;ER;ES;ET;FI;FJ;FK;FM;FO;FR;GA;GB;GD;GE;GF;GG;GH;GI;GL;GM;GN;GP;GQ;GR;GS;GT;GU;GW;GY;HK;HM;HN;HR;HT;HU;ID;IE;IL;IM;IN;IO;IQ;IR;IS;IT;JE;JM;JO;JP;KE;KG;KH;KI;KM;KN;KP;KR;KW;KY;KZ;LA;LB;LC;LI;LK;LR;LS;LT;LU;LV;LY;MA;MC;MD;ME;MF;MG;MH;MK;ML;MM;MN;MO;MP;MQ;MR;MS;MT;MU;MV;MW;MX;MY;MZ;NA;NC;NE;NF;NG;NI;NL;NO;NP;NR;NU;NZ;OM;PA;PE;PF;PG;PH;PK;PL;PM;PN;PR;PS;PT;PW;PY;QA;RE;RO;RS;RU;RW;SA;SB;SC;SD;SE;SG;SH;SI;SJ;SK;SL;SM;SN;SO;SR;SS;ST;SV;SX;SY;SZ;TC;TD;TF;TG;TH;TJ;TK;TL;TM;TN;TO;TR;TT;TV;TW;TZ;UA;UG;UM;US;UY;UZ;VA;VC;VE;VG;VI;VN;VU;WF;WS;YE;YT;ZA;ZM;ZW,"Distribution availability, not artist nationality or audience geography.",viking; battles; alpine universe; folk metal; metal music; metal; viking metal; hybrid music; trailer; epic; male chanting; seashanties,https://music.youtube.com/watch?v=4vvz0G9fK_k,True,False,False,True,False,False,True,True,False,,OK,True,INDIFFERENT,False,https://i.ytimg.com/vi/4vvz0G9fK_k/maxresdefault.jpg,"[{""url"": ""https://i.ytimg.com/vi/4vvz0G9fK_k/hqdefault.jpg?sqp=-oaymwEWCJADEOEBIAQqCggAEOADGC0guwJIWg&rs=AMzJL3nRfTpofIc_I1BRO73sC4yqZPsrAg"", ""width"": 400, ""height"": 225}]",,,missing album browse id,YouTube Music internal web API via ytmusicapi; personalized playlist fetched with named auth profile.,12.0,61.666667,6.374442033,cumulative views of the exact recommended YouTube video,2368329,6.374442033,High,High,"Frozen 83-song candidate pool captured 2026-06-29T19:44:09+00:00; Low <=7,505; lower buffer 7,506-19,756; Middle 19,757-243,792; upper buffer 243,793-1,223,809; High >=1,223,810 views.","Use view_count or popularity_log10_view_count for comparisons across users, weeks, and the original playlist. Do not use the within-Discover-Mix rank or percentile for cross-playlist comparisons because those are recalculated separately inside every 30-song mix.",Popularity is for the exact recommended video ID. Report or control video_type because this item is MUSIC_VIDEO_TYPE_OMV; ATV denotes an Art Track and OMV an official music video.
2026-08-12T17:28:39+00:00,user_02,aysima baba,Discover Mix,RDTMAK5uy_n_5IN6hzAOwdCnM8D8rzrs3vDl12UcZpA,https://music.youtube.com/playlist?list=RDTMAK5uy_n_5IN6hzAOwdCnM8D8rzrs3vDl12UcZpA,,,,50575,"Discover great music, picked just for you. Always updating.",20,2ZBhE3HOwYA,https://music.youtube.com/watch?v=2ZBhE3HOwYA,https://www.youtube.com/watch?v=2ZBhE3HOwYA,Clocks,Visions of Atlantis,UCjUfzvqaP7gHrvWYrX9WQbQ,"[{""id"": ""UCjUfzvqaP7gHrvWYrX9WQbQ"", ""name"": ""Visions of Atlantis"", ""subscribers_display"": ""41.2K"", ""subscribers_approx"": 41200, ""channel_views"": 17218646, ""description"": ""We have the power in our hands to go on our own adventures, to face the perils and defeat. We have the confidence to take risks, to trust the universe, to demand and to let go. We don’t remain in our comfort zone. Each challenge makes us stronger, each mistake helps us learn. We always move forward, we go harder, stronger, we do better. Every time. The power is ours, to rule our lives and fate, to choose the best for ourselves."", ""song_shelf_count"": 5, ""album_shelf_count"": 10, ""single_shelf_count"": 10, ""video_shelf_count"": 10, ""lookup_error"": """"}]",UCjUfzvqaP7gHrvWYrX9WQbQ,Visions of Atlantis,41.2K,41200,17218646,"We have the power in our hands to go on our own adventures, to face the perils and defeat. We have the confidence to take risks, to trust the universe, to demand and to let go. We don’t remain in our comfort zone. Each challenge makes us stronger, each mistake helps us learn. We always move forward, we go harder, stronger, we do better. Every time. The power is ours, to rule our lives and fate, to choose the best for ourselves.",5,10,10,10,MPREb_DvGE835lcIL,Pirates,Album,2022,12,58 minutes,3491,OLAK5uy_lvKq38ueDdEFvvqwrmzOv84S0hzu8OMb8,Visions of Atlantis,"Pirates is the eighth studio album by Austrian symphonic metal band Visions of Atlantis, released by Napalm Records on 13 May 2022.

From Wikipedia (",3:56,236,MUSIC_VIDEO_TYPE_ATV,1814462,,ytmusicapi player response videoDetails.viewCount,,,Not exposed by this YouTube Music endpoint; official YouTube Data API credentials are required.,Music,2022-05-12T03:06:38-07:00,2022-05-12T03:06:38-07:00,Visions of Atlantis - Topic,UCjUfzvqaP7gHrvWYrX9WQbQ,http://www.youtube.com/channel/UCjUfzvqaP7gHrvWYrX9WQbQ,122,AE;AR;AS;AT;AU;AW;AZ;BA;BD;BE;BG;BH;BM;BO;BR;BY;CA;CH;CL;CO;CR;CY;CZ;DE;DK;DO;DZ;EC;EE;EG;ES;FI;FR;GB;GE;GF;GH;GP;GR;GT;GU;HK;HN;HR;HU;ID;IE;IL;IN;IQ;IS;IT;JM;JO;JP;KE;KH;KR;KW;KY;KZ;LA;LB;LI;LK;LT;LU;LV;LY;MA;MK;MP;MQ;MT;MX;MY;NC;NG;NI;NL;NO;NP;NZ;OM;PA;PE;PF;PG;PH;PK;PL;PR;PT;PY;QA;RE;RO;RS;SA;SE;SG;SI;SK;SN;SV;TC;TH;TN;TR;TW;TZ;UA;UG;US;UY;VE;VI;VN;YE;YT;ZA;ZW,"Distribution availability, not artist nationality or audience geography.",Visions of Atlantis; Clémentine Delauney; Siegfried Samer; Michele Guaitoli; Pirates; Clocks,https://music.youtube.com/watch?v=2ZBhE3HOwYA,True,False,False,True,False,False,True,True,False,False,OK,True,INDIFFERENT,False,https://i.ytimg.com/vi/2ZBhE3HOwYA/maxresdefault.jpg,"[{""url"": ""https://yt3.googleusercontent.com/puZsGFS0Ct9M0HVPiSHnTiFRaIKziMi_JzOU-hG0xUrIO9NB3NpgF7Kuz_XDv0X-7mZLM3l7Lb8ZS0ST=w60-h60-l90-rj"", ""width"": 60, ""height"": 60}, {""url"": ""https://yt3.googleusercontent.com/puZsGFS0Ct9M0HVPiSHnTiFRaIKziMi_JzOU-hG0xUrIO9NB3NpgF7Kuz_XDv0X-7mZLM3l7Lb8ZS0ST=w120-h120-l90-rj"", ""width"": 120, ""height"": 120}]",,,,YouTube Music internal web API via ytmusicapi; personalized playlist fetched with named auth profile.,13.0,58.333333,6.258747877,cumulative views of the exact recommended YouTube video,1814462,6.258747877,High,High,"Frozen 83-song candidate pool captured 2026-06-29T19:44:09+00:00; Low <=7,505; lower buffer 7,506-19,756; Middle 19,757-243,792; upper buffer 243,793-1,223,809; High >=1,223,810 views.","Use view_count or popularity_log10_view_count for comparisons across users, weeks, and the original playlist. Do not use the within-Discover-Mix rank or percentile for cross-playlist comparisons because those are recalculated separately inside every 30-song mix.",Popularity is for the exact recommended video ID. Report or control video_type because this item is MUSIC_VIDEO_TYPE_ATV; ATV denotes an Art Track and OMV an official music video.
2026-08-12T17:28:39+00:00,user_02,aysima baba,Discover Mix,RDTMAK5uy_n_5IN6hzAOwdCnM8D8rzrs3vDl12UcZpA,https://music.youtube.com/playlist?list=RDTMAK5uy_n_5IN6hzAOwdCnM8D8rzrs3vDl12UcZpA,,,,50575,"Discover great music, picked just for you. Always updating.",21,BC97jAjhd2M,https://music.youtube.com/watch?v=BC97jAjhd2M,https://www.youtube.com/watch?v=BC97jAjhd2M,Life is Art,Amberian Dawn,UCUfteSNn_FOmOvnmJ03XF_Q,"[{""id"": ""UCUfteSNn_FOmOvnmJ03XF_Q"", ""name"": ""Amberian Dawn"", ""subscribers_display"": ""15K"", ""subscribers_approx"": 15000, ""channel_views"": 6147376, ""description"": ""Amberian Dawn is a Finnish symphonic and melodic metal band founded by composer and multi-instrumentalist Tuomas Seppälä, and fronted by Swedish singer Nicole Willerton.\n\nSince 2007, Amberian Dawn has crafted a distinctive sound that combines orchestral grandeur with melodic metal precision, blending classical influences with powerful modern metal. With ten studio albums and a growing international fanbase, the band has established itself as one of Finland’s recognizable names in symphonic metal.\n\nAmberian Dawn has toured extensively across Europe and beyond, sharing stages with renowned acts such as Epica, Delain, and Lacuna Coil. The band has also appeared on the 70000 Tons of Metal cruise and gained international media exposure through appearances on ZDF and CNN.\n\nThis is the official YouTube channel of Amberian Dawn — your destination for music videos, lyric videos, live performances, and exclusive behind-the-scenes content.\n\nSubscribe for new releases, epic melodies, and symphonic metal energy.\n\n"", ""song_shelf_count"": 5, ""album_shelf_count"": 10, ""single_shelf_count"": 10, ""video_shelf_count"": 10, ""lookup_error"": """"}]",UCUfteSNn_FOmOvnmJ03XF_Q,Amberian Dawn,15K,15000,6147376,"Amberian Dawn is a Finnish symphonic and melodic metal band founded by composer and multi-instrumentalist Tuomas Seppälä, and fronted by Swedish singer Nicole Willerton.

Since 2007, Amberian Dawn has crafted a distinctive sound that combines orchestral grandeur with melodic metal precision, blending classical influences with powerful modern metal. With ten studio albums and a growing international fanbase, the band has established itself as one of Finland’s recognizable names in symphonic metal.

Amberian Dawn has toured extensively across Europe and beyond, sharing stages with renowned acts such as Epica, Delain, and Lacuna Coil. The band has also appeared on the 70000 Tons of Metal cruise and gained international media exposure through appearances on ZDF and CNN.

This is the official YouTube channel of Amberian Dawn — your destination for music videos, lyric videos, live performances, and exclusive behind-the-scenes content.

Subscribe for new releases, epic melodies, and symphonic metal energy.

",5,10,10,10,MPREb_rtHUFqF3SsO,Temptation's Gates,Album,2026,10,36 minutes,2209,OLAK5uy_kCc_qpkwxQva3BsiTYKaBX9EAkes6K9tw,Amberian Dawn,"Temptation's Gates is the eleventh studio album by the Finnish symphonic metal band Amberian Dawn. The album was released on 26 June 2026, by Napalm Records. It is the first album to feature Nicole Willerton on vocals.

From Wikipedia (",3:41,221,MUSIC_VIDEO_TYPE_ATV,5176,,ytmusicapi player response videoDetails.viewCount,,,Not exposed by this YouTube Music endpoint; official YouTube Data API credentials are required.,Music,2026-06-25T03:01:24-07:00,2026-06-25T03:01:24-07:00,Amberian Dawn - Topic,UCUfteSNn_FOmOvnmJ03XF_Q,http://www.youtube.com/channel/UCUfteSNn_FOmOvnmJ03XF_Q,122,AE;AR;AS;AT;AU;AW;AZ;BA;BD;BE;BG;BH;BM;BO;BR;BY;CA;CH;CL;CO;CR;CY;CZ;DE;DK;DO;DZ;EC;EE;EG;ES;FI;FR;GB;GE;GF;GH;GP;GR;GT;GU;HK;HN;HR;HU;ID;IE;IL;IN;IQ;IS;IT;JM;JO;JP;KE;KH;KR;KW;KY;KZ;LA;LB;LI;LK;LT;LU;LV;LY;MA;MK;MP;MQ;MT;MX;MY;NC;NG;NI;NL;NO;NP;NZ;OM;PA;PE;PF;PG;PH;PK;PL;PR;PT;PY;QA;RE;RO;RS;SA;SE;SG;SI;SK;SN;SV;TC;TH;TN;TR;TW;TZ;UA;UG;US;UY;VE;VI;VN;YE;YT;ZA;ZW,"Distribution availability, not artist nationality or audience geography.",Amberian Dawn; Tuomas Seppälä; Nicole Willerton; Temptation's Gates; Life is Art,https://music.youtube.com/watch?v=BC97jAjhd2M,True,False,False,True,False,False,True,True,False,False,OK,True,INDIFFERENT,False,https://i.ytimg.com/vi/BC97jAjhd2M/maxresdefault.jpg,"[{""url"": ""https://yt3.googleusercontent.com/qzyk1zBKxQO9zkuxEFMVnVEd9B2rvxoj720smElhr_yDCDlSu6RBHgLmcAN3FpZky7K-4yx8imhTyTfQ=w60-h60-l90-rj"", ""width"": 60, ""height"": 60}, {""url"": ""https://yt3.googleusercontent.com/qzyk1zBKxQO9zkuxEFMVnVEd9B2rvxoj720smElhr_yDCDlSu6RBHgLmcAN3FpZky7K-4yx8imhTyTfQ=w120-h120-l90-rj"", ""width"": 120, ""height"": 120}]",,,,YouTube Music internal web API via ytmusicapi; personalized playlist fetched with named auth profile.,30.0,1.666667,3.713994268,cumulative views of the exact recommended YouTube video,5176,3.713994268,Low,Low,"Frozen 83-song candidate pool captured 2026-06-29T19:44:09+00:00; Low <=7,505; lower buffer 7,506-19,756; Middle 19,757-243,792; upper buffer 243,793-1,223,809; High >=1,223,810 views.","Use view_count or popularity_log10_view_count for comparisons across users, weeks, and the original playlist. Do not use the within-Discover-Mix rank or percentile for cross-playlist comparisons because those are recalculated separately inside every 30-song mix.",Popularity is for the exact recommended video ID. Report or control video_type because this item is MUSIC_VIDEO_TYPE_ATV; ATV denotes an Art Track and OMV an official music video.
2026-08-12T17:28:39+00:00,user_02,aysima baba,Discover Mix,RDTMAK5uy_n_5IN6hzAOwdCnM8D8rzrs3vDl12UcZpA,https://music.youtube.com/playlist?list=RDTMAK5uy_n_5IN6hzAOwdCnM8D8rzrs3vDl12UcZpA,,,,50575,"Discover great music, picked just for you. Always updating.",22,Yyd2SgwY0FM,https://music.youtube.com/watch?v=Yyd2SgwY0FM,https://www.youtube.com/watch?v=Yyd2SgwY0FM,Black Glass Oath,Lunavia,UC9HXdJBInFQtbVP6Qi-XH4Q,"[{""id"": ""UC9HXdJBInFQtbVP6Qi-XH4Q"", ""name"": ""Lunavia"", ""subscribers_display"": ""8.5K"", ""subscribers_approx"": 8500, ""channel_views"": null, ""description"": null, ""song_shelf_count"": 5, ""album_shelf_count"": 2, ""single_shelf_count"": 10, ""video_shelf_count"": 10, ""lookup_error"": """"}]",UC9HXdJBInFQtbVP6Qi-XH4Q,Lunavia,8.5K,8500,,,5,2,10,10,MPREb_EhZKNDStebs,Black Glass Oath,Single,2026,2,"6 minutes, 24 seconds",384,OLAK5uy_kK_V5DCgvfVl0J__zhghQFOSrBqaMzpIU,Lunavia,,3:14,194,MUSIC_VIDEO_TYPE_ATV,54576,,ytmusicapi player response videoDetails.viewCount,,,Not exposed by this YouTube Music endpoint; official YouTube Data API credentials are required.,Music,2026-04-29T10:43:24-07:00,2026-04-29T10:43:24-07:00,Lunavia - Topic,UC9HXdJBInFQtbVP6Qi-XH4Q,http://www.youtube.com/channel/UC9HXdJBInFQtbVP6Qi-XH4Q,123,AE;AR;AS;AT;AU;AW;AZ;BA;BD;BE;BG;BH;BM;BO;BR;BY;CA;CH;CL;CO;CR;CY;CZ;DE;DK;DO;DZ;EC;EE;EG;ES;FI;FR;GB;GE;GF;GH;GP;GR;GT;GU;HK;HN;HR;HU;ID;IE;IL;IN;IQ;IS;IT;JM;JO;JP;KE;KH;KR;KW;KY;KZ;LA;LB;LI;LK;LT;LU;LV;LY;MA;MK;MP;MQ;MT;MX;MY;NC;NG;NI;NL;NO;NP;NZ;OM;PA;PE;PF;PG;PH;PK;PL;PR;PT;PY;QA;RE;RO;RS;RU;SA;SE;SG;SI;SK;SN;SV;TC;TH;TN;TR;TW;TZ;UA;UG;US;UY;VE;VI;VN;YE;YT;ZA;ZW,"Distribution availability, not artist nationality or audience geography.",Lunavia; Black Glass Oath,https://music.youtube.com/watch?v=Yyd2SgwY0FM,True,False,False,True,False,False,True,True,False,False,OK,True,INDIFFERENT,False,https://i.ytimg.com/vi/Yyd2SgwY0FM/maxresdefault.jpg,"[{""url"": ""https://yt3.googleusercontent.com/sXiDKTXLmwq-TxtBX6EIbxswA0N-tKcYjd1MRyKLYZRskSXV5mHnalHW1mutJL8kWH3UjYu35ax3RaHA=w60-h60-l90-rj"", ""width"": 60, ""height"": 60}, {""url"": ""https://yt3.googleusercontent.com/sXiDKTXLmwq-TxtBX6EIbxswA0N-tKcYjd1MRyKLYZRskSXV5mHnalHW1mutJL8kWH3UjYu35ax3RaHA=w120-h120-l90-rj"", ""width"": 120, ""height"": 120}]",,,,YouTube Music internal web API via ytmusicapi; personalized playlist fetched with named auth profile.,27.0,11.666667,4.737001702,cumulative views of the exact recommended YouTube video,54576,4.737001702,Middle,Middle,"Frozen 83-song candidate pool captured 2026-06-29T19:44:09+00:00; Low <=7,505; lower buffer 7,506-19,756; Middle 19,757-243,792; upper buffer 243,793-1,223,809; High >=1,223,810 views.","Use view_count or popularity_log10_view_count for comparisons across users, weeks, and the original playlist. Do not use the within-Discover-Mix rank or percentile for cross-playlist comparisons because those are recalculated separately inside every 30-song mix.",Popularity is for the exact recommended video ID. Report or control video_type because this item is MUSIC_VIDEO_TYPE_ATV; ATV denotes an Art Track and OMV an official music video.
2026-08-12T17:28:39+00:00,user_02,aysima baba,Discover Mix,RDTMAK5uy_n_5IN6hzAOwdCnM8D8rzrs3vDl12UcZpA,https://music.youtube.com/playlist?list=RDTMAK5uy_n_5IN6hzAOwdCnM8D8rzrs3vDl12UcZpA,,,,50575,"Discover great music, picked just for you. Always updating.",23,V9vHb2WRlwI,https://music.youtube.com/watch?v=V9vHb2WRlwI,https://www.youtube.com/watch?v=V9vHb2WRlwI,Locking Up the Sun,Poets Of The Fall,UC6Nm7oQCqJGgPzQj2EOKKzQ,"[{""id"": ""UC6Nm7oQCqJGgPzQj2EOKKzQ"", ""name"": ""Poets Of The Fall"", ""subscribers_display"": ""506K"", ""subscribers_approx"": 506000, ""channel_views"": 269573125, ""description"": ""Finnish rockers Poets of the Fall - singer Marko, guitarist Olli and keyboardist Captain - started out their musical adventure from scratch in 2003. Marko sold everything he had to invest in pursuing the love of his life, music, with his buddies Olli and Captain. He moved into his folks' basement, when he couldn't keep a place of his own any longer. The guys then built a little studio of their own in Captain's living room for the recording and producing sessions, and kept an office in Olli's beat up old car. The result of the recording sessions was a blend of pop, rock, metal and industrial sounds. Later the guys were joined by guitarist Jaska, bassist Jani and drummer Jari.\n\nThe band's first single was Late Goodbye, written for the acclaimed computer game Max Payne 2. Reaching millions of people through the game, the song earned the guys international recognition and the first prize at the G.A.N.G. Awards in 2004."", ""song_shelf_count"": 5, ""album_shelf_count"": 10, ""single_shelf_count"": 10, ""video_shelf_count"": 10, ""lookup_error"": """"}]",UC6Nm7oQCqJGgPzQj2EOKKzQ,Poets Of The Fall,506K,506000,269573125,"Finnish rockers Poets of the Fall - singer Marko, guitarist Olli and keyboardist Captain - started out their musical adventure from scratch in 2003. Marko sold everything he had to invest in pursuing the love of his life, music, with his buddies Olli and Captain. He moved into his folks' basement, when he couldn't keep a place of his own any longer. The guys then built a little studio of their own in Captain's living room for the recording and producing sessions, and kept an office in Olli's beat up old car. The result of the recording sessions was a blend of pop, rock, metal and industrial sounds. Later the guys were joined by guitarist Jaska, bassist Jani and drummer Jari.

The band's first single was Late Goodbye, written for the acclaimed computer game Max Payne 2. Reaching millions of people through the game, the song earned the guys international recognition and the first prize at the G.A.N.G. Awards in 2004.",5,10,10,10,,,,,,,,,,,3:54,234,MUSIC_VIDEO_TYPE_OMV,4392787,,ytmusicapi player response videoDetails.viewCount,,,Not exposed by this YouTube Music endpoint; official YouTube Data API credentials are required.,Entertainment,2008-07-15T14:18:05-07:00,2008-07-15T14:18:05-07:00,Poets of the Fall (Official),UC0hNui8bT7yV0Xb8w8YxjHw,http://www.youtube.com/@PoetsOfTheFallBand,249,AD;AE;AF;AG;AI;AL;AM;AO;AQ;AR;AS;AT;AU;AW;AX;AZ;BA;BB;BD;BE;BF;BG;BH;BI;BJ;BL;BM;BN;BO;BQ;BR;BS;BT;BV;BW;BY;BZ;CA;CC;CD;CF;CG;CH;CI;CK;CL;CM;CN;CO;CR;CU;CV;CW;CX;CY;CZ;DE;DJ;DK;DM;DO;DZ;EC;EE;EG;EH;ER;ES;ET;FI;FJ;FK;FM;FO;FR;GA;GB;GD;GE;GF;GG;GH;GI;GL;GM;GN;GP;GQ;GR;GS;GT;GU;GW;GY;HK;HM;HN;HR;HT;HU;ID;IE;IL;IM;IN;IO;IQ;IR;IS;IT;JE;JM;JO;JP;KE;KG;KH;KI;KM;KN;KP;KR;KW;KY;KZ;LA;LB;LC;LI;LK;LR;LS;LT;LU;LV;LY;MA;MC;MD;ME;MF;MG;MH;MK;ML;MM;MN;MO;MP;MQ;MR;MS;MT;MU;MV;MW;MX;MY;MZ;NA;NC;NE;NF;NG;NI;NL;NO;NP;NR;NU;NZ;OM;PA;PE;PF;PG;PH;PK;PL;PM;PN;PR;PS;PT;PW;PY;QA;RE;RO;RS;RU;RW;SA;SB;SC;SD;SE;SG;SH;SI;SJ;SK;SL;SM;SN;SO;SR;SS;ST;SV;SX;SY;SZ;TC;TD;TF;TG;TH;TJ;TK;TL;TM;TN;TO;TR;TT;TV;TW;TZ;UA;UG;UM;US;UY;UZ;VA;VC;VE;VG;VI;VN;VU;WF;WS;YE;YT;ZA;ZM;ZW,"Distribution availability, not artist nationality or audience geography.",poets; of; the; fall; locking; up; sun; rock; music; video,https://music.youtube.com/watch?v=V9vHb2WRlwI,True,False,False,True,False,False,True,True,False,,OK,True,INDIFFERENT,False,https://i.ytimg.com/vi/V9vHb2WRlwI/hqdefault.jpg,"[{""url"": ""https://i.ytimg.com/vi/V9vHb2WRlwI/hqdefault.jpg?sqp=-oaymwEWCJADEOEBIAQqCggAEOADGC0guwJIWg&rs=AMzJL3mxGR5Iahl3RHm06HMmGskBTtlHqQ"", ""width"": 400, ""height"": 225}]",,,missing album browse id,YouTube Music internal web API via ytmusicapi; personalized playlist fetched with named auth profile.,10.0,68.333333,6.642740145,cumulative views of the exact recommended YouTube video,4392787,6.642740145,High,High,"Frozen 83-song candidate pool captured 2026-06-29T19:44:09+00:00; Low <=7,505; lower buffer 7,506-19,756; Middle 19,757-243,792; upper buffer 243,793-1,223,809; High >=1,223,810 views.","Use view_count or popularity_log10_view_count for comparisons across users, weeks, and the original playlist. Do not use the within-Discover-Mix rank or percentile for cross-playlist comparisons because those are recalculated separately inside every 30-song mix.",Popularity is for the exact recommended video ID. Report or control video_type because this item is MUSIC_VIDEO_TYPE_OMV; ATV denotes an Art Track and OMV an official music video.
2026-08-12T17:28:39+00:00,user_02,aysima baba,Discover Mix,RDTMAK5uy_n_5IN6hzAOwdCnM8D8rzrs3vDl12UcZpA,https://music.youtube.com/playlist?list=RDTMAK5uy_n_5IN6hzAOwdCnM8D8rzrs3vDl12UcZpA,,,,50575,"Discover great music, picked just for you. Always updating.",24,NKZm-5iGN_g,https://music.youtube.com/watch?v=NKZm-5iGN_g,https://www.youtube.com/watch?v=NKZm-5iGN_g,MANOWAR - Fight Until We Die (Official Lyric Video),Manowar,UCYNIpBZ3RonbMWRN0ff5OPQ,"[{""id"": ""UCYNIpBZ3RonbMWRN0ff5OPQ"", ""name"": ""Manowar"", ""subscribers_display"": ""421K"", ""subscribers_approx"": 421000, ""channel_views"": 427148921, ""description"": ""True since 1980\n\nThe official MANOWAR channel - for all who love true metal.\n\nHailed the world over for their bombastic and crystal-clear sound, unforgettable live performances and immortal hymns U.S. metal legends MANOWAR have changed the lives of music lovers for more than four decades. With powerful storytelling, their music and concerts bring to life universal themes like friendship, loyalty, and integrity. \n\nMANOWAR unite people of all ages and backgrounds in a worldwide community, providing them with motivation and inspiration to achieve their dreams, overcome and conquer any obstacles in their path, and write their own history. \n\nWith unfaltering courage, always true to themselves, MANOWAR have endured and inspire victory to all who come to know them."", ""song_shelf_count"": 5, ""album_shelf_count"": 10, ""single_shelf_count"": 6, ""video_shelf_count"": 10, ""lookup_error"": """"}]",UCYNIpBZ3RonbMWRN0ff5OPQ,Manowar,421K,421000,427148921,"True since 1980

The official MANOWAR channel - for all who love true metal.

Hailed the world over for their bombastic and crystal-clear sound, unforgettable live performances and immortal hymns U.S. metal legends MANOWAR have changed the lives of music lovers for more than four decades. With powerful storytelling, their music and concerts bring to life universal themes like friendship, loyalty, and integrity. 

MANOWAR unite people of all ages and backgrounds in a worldwide community, providing them with motivation and inspiration to achieve their dreams, overcome and conquer any obstacles in their path, and write their own history. 

With unfaltering courage, always true to themselves, MANOWAR have endured and inspire victory to all who come to know them.",5,10,6,10,,,,,,,,,,,4:02,242,MUSIC_VIDEO_TYPE_OMV,548432,,ytmusicapi player response videoDetails.viewCount,,,Not exposed by this YouTube Music endpoint; official YouTube Data API credentials are required.,Music,2022-07-09T09:15:01-07:00,2022-07-09T09:15:01-07:00,MANOWAR,UCFcDpTbLxlmlkRdQc7w_mmw,http://www.youtube.com/@MANOWARband,249,AD;AE;AF;AG;AI;AL;AM;AO;AQ;AR;AS;AT;AU;AW;AX;AZ;BA;BB;BD;BE;BF;BG;BH;BI;BJ;BL;BM;BN;BO;BQ;BR;BS;BT;BV;BW;BY;BZ;CA;CC;CD;CF;CG;CH;CI;CK;CL;CM;CN;CO;CR;CU;CV;CW;CX;CY;CZ;DE;DJ;DK;DM;DO;DZ;EC;EE;EG;EH;ER;ES;ET;FI;FJ;FK;FM;FO;FR;GA;GB;GD;GE;GF;GG;GH;GI;GL;GM;GN;GP;GQ;GR;GS;GT;GU;GW;GY;HK;HM;HN;HR;HT;HU;ID;IE;IL;IM;IN;IO;IQ;IR;IS;IT;JE;JM;JO;JP;KE;KG;KH;KI;KM;KN;KP;KR;KW;KY;KZ;LA;LB;LC;LI;LK;LR;LS;LT;LU;LV;LY;MA;MC;MD;ME;MF;MG;MH;MK;ML;MM;MN;MO;MP;MQ;MR;MS;MT;MU;MV;MW;MX;MY;MZ;NA;NC;NE;NF;NG;NI;NL;NO;NP;NR;NU;NZ;OM;PA;PE;PF;PG;PH;PK;PL;PM;PN;PR;PS;PT;PW;PY;QA;RE;RO;RS;RU;RW;SA;SB;SC;SD;SE;SG;SH;SI;SJ;SK;SL;SM;SN;SO;SR;SS;ST;SV;SX;SY;SZ;TC;TD;TF;TG;TH;TJ;TK;TL;TM;TN;TO;TR;TT;TV;TW;TZ;UA;UG;UM;US;UY;UZ;VA;VC;VE;VG;VI;VN;VU;WF;WS;YE;YT;ZA;ZM;ZW,"Distribution availability, not artist nationality or audience geography.",manowar; kings of metal; heavy metal; power metal,https://music.youtube.com/watch?v=NKZm-5iGN_g,True,False,False,True,False,False,True,True,False,,OK,True,INDIFFERENT,False,https://i.ytimg.com/vi/NKZm-5iGN_g/maxresdefault.jpg,"[{""url"": ""https://i.ytimg.com/vi/NKZm-5iGN_g/hqdefault.jpg?sqp=-oaymwEWCJADEOEBIAQqCggAEOADGC0guwJIWg&rs=AMzJL3leP7aLLeOsvHbgeAqoNbGpiYRe_A"", ""width"": 400, ""height"": 225}]",,,missing album browse id,YouTube Music internal web API via ytmusicapi; personalized playlist fetched with named auth profile.,21.0,31.666667,5.739122787,cumulative views of the exact recommended YouTube video,548432,5.739122787,Upper buffer,Buffer,"Frozen 83-song candidate pool captured 2026-06-29T19:44:09+00:00; Low <=7,505; lower buffer 7,506-19,756; Middle 19,757-243,792; upper buffer 243,793-1,223,809; High >=1,223,810 views.","Use view_count or popularity_log10_view_count for comparisons across users, weeks, and the original playlist. Do not use the within-Discover-Mix rank or percentile for cross-playlist comparisons because those are recalculated separately inside every 30-song mix.",Popularity is for the exact recommended video ID. Report or control video_type because this item is MUSIC_VIDEO_TYPE_OMV; ATV denotes an Art Track and OMV an official music video.
2026-08-12T17:28:39+00:00,user_02,aysima baba,Discover Mix,RDTMAK5uy_n_5IN6hzAOwdCnM8D8rzrs3vDl12UcZpA,https://music.youtube.com/playlist?list=RDTMAK5uy_n_5IN6hzAOwdCnM8D8rzrs3vDl12UcZpA,,,,50575,"Discover great music, picked just for you. Always updating.",25,EqOUNPk2iRU,https://music.youtube.com/watch?v=EqOUNPk2iRU,https://www.youtube.com/watch?v=EqOUNPk2iRU,Ares – Chaos & Rage | Dark Symphonic Metal | Epic Apocalyptic Vocal Trance,LUNAs Tunes,UCAusjRIdgLff9Nso6N9lAow,"[{""id"": ""UCAusjRIdgLff9Nso6N9lAow"", ""name"": ""LUNAs Tunes"", ""subscribers_display"": ""19K"", ""subscribers_approx"": 19000, ""channel_views"": 10841028, ""description"": ""LUNAs Tunes is the home of Atmospheric Metal, Symphonic Metal, and Epic Cinematic Music. 🌑\n\nI am a human creator using AI as an instrument to bring deep emotional visions to life. My music is a bridge between digital sound and human soul — exploring the \""Frozen Path\"" between light and shadow.\n\nExpect dark melodies, crushing riffs, and stories that touch the heart. Stay United. 🐺"", ""song_shelf_count"": 5, ""album_shelf_count"": 0, ""single_shelf_count"": 10, ""video_shelf_count"": 10, ""lookup_error"": """"}]",UCAusjRIdgLff9Nso6N9lAow,LUNAs Tunes,19K,19000,10841028,"LUNAs Tunes is the home of Atmospheric Metal, Symphonic Metal, and Epic Cinematic Music. 🌑

I am a human creator using AI as an instrument to bring deep emotional visions to life. My music is a bridge between digital sound and human soul — exploring the ""Frozen Path"" between light and shadow.

Expect dark melodies, crushing riffs, and stories that touch the heart. Stay United. 🐺",5,0,10,10,,,,,,,,,,,4:41,281,MUSIC_VIDEO_TYPE_OMV,207524,,ytmusicapi player response videoDetails.viewCount,,,Not exposed by this YouTube Music endpoint; official YouTube Data API credentials are required.,Music,2026-04-21T09:30:06-07:00,2026-04-21T09:30:06-07:00,LUNAs Tunes,UCWl3E-Bj8L_saNzQuDp5fpA,http://www.youtube.com/@lunaitsme_official,249,AD;AE;AF;AG;AI;AL;AM;AO;AQ;AR;AS;AT;AU;AW;AX;AZ;BA;BB;BD;BE;BF;BG;BH;BI;BJ;BL;BM;BN;BO;BQ;BR;BS;BT;BV;BW;BY;BZ;CA;CC;CD;CF;CG;CH;CI;CK;CL;CM;CN;CO;CR;CU;CV;CW;CX;CY;CZ;DE;DJ;DK;DM;DO;DZ;EC;EE;EG;EH;ER;ES;ET;FI;FJ;FK;FM;FO;FR;GA;GB;GD;GE;GF;GG;GH;GI;GL;GM;GN;GP;GQ;GR;GS;GT;GU;GW;GY;HK;HM;HN;HR;HT;HU;ID;IE;IL;IM;IN;IO;IQ;IR;IS;IT;JE;JM;JO;JP;KE;KG;KH;KI;KM;KN;KP;KR;KW;KY;KZ;LA;LB;LC;LI;LK;LR;LS;LT;LU;LV;LY;MA;MC;MD;ME;MF;MG;MH;MK;ML;MM;MN;MO;MP;MQ;MR;MS;MT;MU;MV;MW;MX;MY;MZ;NA;NC;NE;NF;NG;NI;NL;NO;NP;NR;NU;NZ;OM;PA;PE;PF;PG;PH;PK;PL;PM;PN;PR;PS;PT;PW;PY;QA;RE;RO;RS;RU;RW;SA;SB;SC;SD;SE;SG;SH;SI;SJ;SK;SL;SM;SN;SO;SR;SS;ST;SV;SX;SY;SZ;TC;TD;TF;TG;TH;TJ;TK;TL;TM;TN;TO;TR;TT;TV;TW;TZ;UA;UG;UM;US;UY;UZ;VA;VC;VE;VG;VI;VN;VU;WF;WS;YE;YT;ZA;ZM;ZW,"Distribution availability, not artist nationality or audience geography.",ares; god of war; ares song; greek mythology; greek gods; war god; epic metal; symphonic metal; epic music; dark symphonic metal; battle music; cinematic music; mythology music; epic battle music; dark music; luna tunes; luna myth saga; greek mythology music; epic soundtrack; powerful female vocals; ai music; epic choir music,https://music.youtube.com/watch?v=EqOUNPk2iRU,True,False,False,True,False,False,True,True,False,,OK,True,INDIFFERENT,False,https://i.ytimg.com/vi/EqOUNPk2iRU/maxresdefault.jpg,"[{""url"": ""https://i.ytimg.com/vi/EqOUNPk2iRU/hqdefault.jpg?sqp=-oaymwEWCJADEOEBIAQqCggAEOADGC0guwJIWg&rs=AMzJL3nzluvSazPto_DucuOJ_y3q492d5w"", ""width"": 400, ""height"": 225}]",,,missing album browse id,YouTube Music internal web API via ytmusicapi; personalized playlist fetched with named auth profile.,23.0,25.0,5.31706833,cumulative views of the exact recommended YouTube video,207524,5.31706833,Middle,Middle,"Frozen 83-song candidate pool captured 2026-06-29T19:44:09+00:00; Low <=7,505; lower buffer 7,506-19,756; Middle 19,757-243,792; upper buffer 243,793-1,223,809; High >=1,223,810 views.","Use view_count or popularity_log10_view_count for comparisons across users, weeks, and the original playlist. Do not use the within-Discover-Mix rank or percentile for cross-playlist comparisons because those are recalculated separately inside every 30-song mix.",Popularity is for the exact recommended video ID. Report or control video_type because this item is MUSIC_VIDEO_TYPE_OMV; ATV denotes an Art Track and OMV an official music video.
2026-08-12T17:28:39+00:00,user_02,aysima baba,Discover Mix,RDTMAK5uy_n_5IN6hzAOwdCnM8D8rzrs3vDl12UcZpA,https://music.youtube.com/playlist?list=RDTMAK5uy_n_5IN6hzAOwdCnM8D8rzrs3vDl12UcZpA,,,,50575,"Discover great music, picked just for you. Always updating.",26,eGtwgYt_QnA,https://music.youtube.com/watch?v=eGtwgYt_QnA,https://www.youtube.com/watch?v=eGtwgYt_QnA,The Hellion / Electric Eye,Judas Priest,UCy6-RHgm74I8CCCvMu4NPJQ,"[{""id"": ""UCy6-RHgm74I8CCCvMu4NPJQ"", ""name"": ""Judas Priest"", ""subscribers_display"": ""1.31M"", ""subscribers_approx"": 1310000, ""channel_views"": 1318029768, ""description"": ""THE NEW ALBUM. INVINCIBLE SHIELD. MARCH 8TH 2024. PRE-ORDER NOW. judaspriest.lnk.to/store"", ""song_shelf_count"": 5, ""album_shelf_count"": 10, ""single_shelf_count"": 5, ""video_shelf_count"": 10, ""lookup_error"": """"}]",UCy6-RHgm74I8CCCvMu4NPJQ,Judas Priest,1.31M,1310000,1318029768,THE NEW ALBUM. INVINCIBLE SHIELD. MARCH 8TH 2024. PRE-ORDER NOW. judaspriest.lnk.to/store,5,10,5,10,,,,,,,,,,,4:22,262,MUSIC_VIDEO_TYPE_OMV,4662371,,ytmusicapi player response videoDetails.viewCount,,,Not exposed by this YouTube Music endpoint; official YouTube Data API credentials are required.,Music,2018-05-05T00:00:03-07:00,2018-05-05T00:00:03-07:00,JudasPriestVEVO,UCStHqF-8YWv8x6SJcTFkEXA,http://www.youtube.com/@JudasPriestVEVO,249,AD;AE;AF;AG;AI;AL;AM;AO;AQ;AR;AS;AT;AU;AW;AX;AZ;BA;BB;BD;BE;BF;BG;BH;BI;BJ;BL;BM;BN;BO;BQ;BR;BS;BT;BV;BW;BY;BZ;CA;CC;CD;CF;CG;CH;CI;CK;CL;CM;CN;CO;CR;CU;CV;CW;CX;CY;CZ;DE;DJ;DK;DM;DO;DZ;EC;EE;EG;EH;ER;ES;ET;FI;FJ;FK;FM;FO;FR;GA;GB;GD;GE;GF;GG;GH;GI;GL;GM;GN;GP;GQ;GR;GS;GT;GU;GW;GY;HK;HM;HN;HR;HT;HU;ID;IE;IL;IM;IN;IO;IQ;IR;IS;IT;JE;JM;JO;JP;KE;KG;KH;KI;KM;KN;KP;KR;KW;KY;KZ;LA;LB;LC;LI;LK;LR;LS;LT;LU;LV;LY;MA;MC;MD;ME;MF;MG;MH;MK;ML;MM;MN;MO;MP;MQ;MR;MS;MT;MU;MV;MW;MX;MY;MZ;NA;NC;NE;NF;NG;NI;NL;NO;NP;NR;NU;NZ;OM;PA;PE;PF;PG;PH;PK;PL;PM;PN;PR;PS;PT;PW;PY;QA;RE;RO;RS;RU;RW;SA;SB;SC;SD;SE;SG;SH;SI;SJ;SK;SL;SM;SN;SO;SR;SS;ST;SV;SX;SY;SZ;TC;TD;TF;TG;TH;TJ;TK;TL;TM;TN;TO;TR;TT;TV;TW;TZ;UA;UG;UM;US;UY;UZ;VA;VC;VE;VG;VI;VN;VU;WF;WS;YE;YT;ZA;ZM;ZW,"Distribution availability, not artist nationality or audience geography.",Judas Priest The Hellion Electric Eye; Judas Priest remix; The Hellion Electric Eye official video; Judas Priest The Hellion Electric Eye official video; Judas Priest album; Judas Priest full album; The Hellion; Electric Eye; Judas Priest essentials; Judas Priest full; Judas Priest official audio; Judas Priest official video; Judas Priest full track; Judas Priest hd; Judas Priest hq; lyrics; official audio; official video; remix,https://music.youtube.com/watch?v=eGtwgYt_QnA,True,False,False,True,False,False,True,True,False,,OK,True,INDIFFERENT,False,https://i.ytimg.com/vi/eGtwgYt_QnA/maxresdefault.jpg,"[{""url"": ""https://i.ytimg.com/vi/eGtwgYt_QnA/hqdefault.jpg?sqp=-oaymwEWCJADEOEBIAQqCggAEOADGC0guwJIWg&rs=AMzJL3mV862rR5TU1EfE5OvKOYhdGrG_kw"", ""width"": 400, ""height"": 225}]",,,missing album browse id,YouTube Music internal web API via ytmusicapi; personalized playlist fetched with named auth profile.,8.0,75.0,6.668606829,cumulative views of the exact recommended YouTube video,4662371,6.668606829,High,High,"Frozen 83-song candidate pool captured 2026-06-29T19:44:09+00:00; Low <=7,505; lower buffer 7,506-19,756; Middle 19,757-243,792; upper buffer 243,793-1,223,809; High >=1,223,810 views.","Use view_count or popularity_log10_view_count for comparisons across users, weeks, and the original playlist. Do not use the within-Discover-Mix rank or percentile for cross-playlist comparisons because those are recalculated separately inside every 30-song mix.",Popularity is for the exact recommended video ID. Report or control video_type because this item is MUSIC_VIDEO_TYPE_OMV; ATV denotes an Art Track and OMV an official music video.
2026-08-12T17:28:39+00:00,user_02,aysima baba,Discover Mix,RDTMAK5uy_n_5IN6hzAOwdCnM8D8rzrs3vDl12UcZpA,https://music.youtube.com/playlist?list=RDTMAK5uy_n_5IN6hzAOwdCnM8D8rzrs3vDl12UcZpA,,,,50575,"Discover great music, picked just for you. Always updating.",27,OO7zUml5q20,https://music.youtube.com/watch?v=OO7zUml5q20,https://www.youtube.com/watch?v=OO7zUml5q20,Berzerkermode,Feuerschwanz,UCIB3k3K3hAvpkB2RDwInwTw,"[{""id"": ""UCIB3k3K3hAvpkB2RDwInwTw"", ""name"": ""Feuerschwanz"", ""subscribers_display"": ""119K"", ""subscribers_approx"": 119000, ""channel_views"": null, ""description"": null, ""song_shelf_count"": 5, ""album_shelf_count"": 10, ""single_shelf_count"": 10, ""video_shelf_count"": 10, ""lookup_error"": """"}]",UCIB3k3K3hAvpkB2RDwInwTw,Feuerschwanz,119K,119000,,,5,10,10,10,,,,,,,,,,,3:40,220,MUSIC_VIDEO_TYPE_OMV,6220964,,ytmusicapi player response videoDetails.viewCount,,,Not exposed by this YouTube Music endpoint; official YouTube Data API credentials are required.,Music,2023-05-09T07:00:09-07:00,2023-05-09T07:00:09-07:00,Napalm Records,UCG7AaCh_CiG6pq_rRDNw72A,http://www.youtube.com/@napalmrecords,249,AD;AE;AF;AG;AI;AL;AM;AO;AQ;AR;AS;AT;AU;AW;AX;AZ;BA;BB;BD;BE;BF;BG;BH;BI;BJ;BL;BM;BN;BO;BQ;BR;BS;BT;BV;BW;BY;BZ;CA;CC;CD;CF;CG;CH;CI;CK;CL;CM;CN;CO;CR;CU;CV;CW;CX;CY;CZ;DE;DJ;DK;DM;DO;DZ;EC;EE;EG;EH;ER;ES;ET;FI;FJ;FK;FM;FO;FR;GA;GB;GD;GE;GF;GG;GH;GI;GL;GM;GN;GP;GQ;GR;GS;GT;GU;GW;GY;HK;HM;HN;HR;HT;HU;ID;IE;IL;IM;IN;IO;IQ;IR;IS;IT;JE;JM;JO;JP;KE;KG;KH;KI;KM;KN;KP;KR;KW;KY;KZ;LA;LB;LC;LI;LK;LR;LS;LT;LU;LV;LY;MA;MC;MD;ME;MF;MG;MH;MK;ML;MM;MN;MO;MP;MQ;MR;MS;MT;MU;MV;MW;MX;MY;MZ;NA;NC;NE;NF;NG;NI;NL;NO;NP;NR;NU;NZ;OM;PA;PE;PF;PG;PH;PK;PL;PM;PN;PR;PS;PT;PW;PY;QA;RE;RO;RS;RU;RW;SA;SB;SC;SD;SE;SG;SH;SI;SJ;SK;SL;SM;SN;SO;SR;SS;ST;SV;SX;SY;SZ;TC;TD;TF;TG;TH;TJ;TK;TL;TM;TN;TO;TR;TT;TV;TW;TZ;UA;UG;UM;US;UY;UZ;VA;VC;VE;VG;VI;VN;VU;WF;WS;YE;YT;ZA;ZM;ZW,"Distribution availability, not artist nationality or audience geography.",napalm records,https://music.youtube.com/watch?v=OO7zUml5q20,True,False,False,True,False,False,True,True,False,,OK,True,INDIFFERENT,False,https://i.ytimg.com/vi/OO7zUml5q20/maxresdefault.jpg,"[{""url"": ""https://i.ytimg.com/vi/OO7zUml5q20/hqdefault.jpg?sqp=-oaymwEWCJADEOEBIAQqCggAEOADGC0guwJIWg&rs=AMzJL3mnvsbuzHzX4Erv_LH1P_ZJmO67zA"", ""width"": 400, ""height"": 225}]",,,missing album browse id,YouTube Music internal web API via ytmusicapi; personalized playlist fetched with named auth profile.,7.0,78.333333,6.793857688,cumulative views of the exact recommended YouTube video,6220964,6.793857688,High,High,"Frozen 83-song candidate pool captured 2026-06-29T19:44:09+00:00; Low <=7,505; lower buffer 7,506-19,756; Middle 19,757-243,792; upper buffer 243,793-1,223,809; High >=1,223,810 views.","Use view_count or popularity_log10_view_count for comparisons across users, weeks, and the original playlist. Do not use the within-Discover-Mix rank or percentile for cross-playlist comparisons because those are recalculated separately inside every 30-song mix.",Popularity is for the exact recommended video ID. Report or control video_type because this item is MUSIC_VIDEO_TYPE_OMV; ATV denotes an Art Track and OMV an official music video.
2026-08-12T17:28:39+00:00,user_02,aysima baba,Discover Mix,RDTMAK5uy_n_5IN6hzAOwdCnM8D8rzrs3vDl12UcZpA,https://music.youtube.com/playlist?list=RDTMAK5uy_n_5IN6hzAOwdCnM8D8rzrs3vDl12UcZpA,,,,50575,"Discover great music, picked just for you. Always updating.",28,Niebgo_BD2Q,https://music.youtube.com/watch?v=Niebgo_BD2Q,https://www.youtube.com/watch?v=Niebgo_BD2Q,Avenge The Fallen,Hammerfall,UCOspMA8k5GDzhPH7EsZ_IwQ,"[{""id"": ""UCOspMA8k5GDzhPH7EsZ_IwQ"", ""name"": ""Hammerfall"", ""subscribers_display"": ""108K"", ""subscribers_approx"": 108000, ""channel_views"": 71705140, ""description"": ""HammerFall is a Swedish power metal band from Gothenburg. It was formed in 1993 by ex-Ceremonial Oath guitarist Oscar Dronjak. They have released thirteen studio albums.\nThe band has largely stayed consistent with their original sound throughout its career. The group's mascot \""Hector\"" – a role-playing game character belonging to the paladin class – has appeared on most of their album covers.\n\nFrom Wikipedia ("", ""song_shelf_count"": 5, ""album_shelf_count"": 10, ""single_shelf_count"": 10, ""video_shelf_count"": 10, ""lookup_error"": """"}]",UCOspMA8k5GDzhPH7EsZ_IwQ,Hammerfall,108K,108000,71705140,"HammerFall is a Swedish power metal band from Gothenburg. It was formed in 1993 by ex-Ceremonial Oath guitarist Oscar Dronjak. They have released thirteen studio albums.
The band has largely stayed consistent with their original sound throughout its career. The group's mascot ""Hector"" – a role-playing game character belonging to the paladin class – has appeared on most of their album covers.

From Wikipedia (",5,10,10,10,,,,,,,,,,,3:30,210,MUSIC_VIDEO_TYPE_OMV,602959,,ytmusicapi player response videoDetails.viewCount,,,Not exposed by this YouTube Music endpoint; official YouTube Data API credentials are required.,Music,2024-08-09T02:00:06-07:00,2024-08-09T02:00:06-07:00,Nuclear Blast Records,UCoxg3Kml41wE3IPq-PC-LQw,http://www.youtube.com/@NuclearBlastRecords,249,AD;AE;AF;AG;AI;AL;AM;AO;AQ;AR;AS;AT;AU;AW;AX;AZ;BA;BB;BD;BE;BF;BG;BH;BI;BJ;BL;BM;BN;BO;BQ;BR;BS;BT;BV;BW;BY;BZ;CA;CC;CD;CF;CG;CH;CI;CK;CL;CM;CN;CO;CR;CU;CV;CW;CX;CY;CZ;DE;DJ;DK;DM;DO;DZ;EC;EE;EG;EH;ER;ES;ET;FI;FJ;FK;FM;FO;FR;GA;GB;GD;GE;GF;GG;GH;GI;GL;GM;GN;GP;GQ;GR;GS;GT;GU;GW;GY;HK;HM;HN;HR;HT;HU;ID;IE;IL;IM;IN;IO;IQ;IR;IS;IT;JE;JM;JO;JP;KE;KG;KH;KI;KM;KN;KP;KR;KW;KY;KZ;LA;LB;LC;LI;LK;LR;LS;LT;LU;LV;LY;MA;MC;MD;ME;MF;MG;MH;MK;ML;MM;MN;MO;MP;MQ;MR;MS;MT;MU;MV;MW;MX;MY;MZ;NA;NC;NE;NF;NG;NI;NL;NO;NP;NR;NU;NZ;OM;PA;PE;PF;PG;PH;PK;PL;PM;PN;PR;PS;PT;PW;PY;QA;RE;RO;RS;RU;RW;SA;SB;SC;SD;SE;SG;SH;SI;SJ;SK;SL;SM;SN;SO;SR;SS;ST;SV;SX;SY;SZ;TC;TD;TF;TG;TH;TJ;TK;TL;TM;TN;TO;TR;TT;TV;TW;TZ;UA;UG;UM;US;UY;UZ;VA;VC;VE;VG;VI;VN;VU;WF;WS;YE;YT;ZA;ZM;ZW,"Distribution availability, not artist nationality or audience geography.",HammerFall (Musical Group); metal; Heavy Metal (Musical Genre); Power Metal (Musical Genre); swedish metal; Oscar Dronjak; Fredrik Larsson; Joacim Cans; Anders Johansson; Pontus Norgren; official music video; hammerfall; power metal; heavy metal; crimson thunder; hearts on fire; nuclear blast records; hammerfall band; music video; nuclear blast; hammer fall; HammerFall; hail to the king; epic metal; epic; avenge the fallen; glory to the brave,https://music.youtube.com/watch?v=Niebgo_BD2Q,True,False,False,True,False,False,True,True,False,,OK,True,INDIFFERENT,False,https://i.ytimg.com/vi/Niebgo_BD2Q/maxresdefault.jpg,"[{""url"": ""https://i.ytimg.com/vi/Niebgo_BD2Q/hqdefault.jpg?sqp=-oaymwEWCJADEOEBIAQqCggAEOADGC0guwJIWg&rs=AMzJL3kVv6A_y6fIkrJPNGiO62N_TAeK-A"", ""width"": 400, ""height"": 225}]",,,missing album browse id,YouTube Music internal web API via ytmusicapi; personalized playlist fetched with named auth profile.,20.0,35.0,5.780287782,cumulative views of the exact recommended YouTube video,602959,5.780287782,Upper buffer,Buffer,"Frozen 83-song candidate pool captured 2026-06-29T19:44:09+00:00; Low <=7,505; lower buffer 7,506-19,756; Middle 19,757-243,792; upper buffer 243,793-1,223,809; High >=1,223,810 views.","Use view_count or popularity_log10_view_count for comparisons across users, weeks, and the original playlist. Do not use the within-Discover-Mix rank or percentile for cross-playlist comparisons because those are recalculated separately inside every 30-song mix.",Popularity is for the exact recommended video ID. Report or control video_type because this item is MUSIC_VIDEO_TYPE_OMV; ATV denotes an Art Track and OMV an official music video.
2026-08-12T17:28:39+00:00,user_02,aysima baba,Discover Mix,RDTMAK5uy_n_5IN6hzAOwdCnM8D8rzrs3vDl12UcZpA,https://music.youtube.com/playlist?list=RDTMAK5uy_n_5IN6hzAOwdCnM8D8rzrs3vDl12UcZpA,,,,50575,"Discover great music, picked just for you. Always updating.",29,NSPG3D5qoYA,https://music.youtube.com/watch?v=NSPG3D5qoYA,https://www.youtube.com/watch?v=NSPG3D5qoYA,Symphony of Avalon,Freedom Call,UC8Un9pLdux03pya-p---Urw,"[{""id"": ""UC8Un9pLdux03pya-p---Urw"", ""name"": ""Freedom Call"", ""subscribers_display"": ""12.3K"", ""subscribers_approx"": 12300, ""channel_views"": 11120998, ""description"": ""Freedom Call is a German power metal band formed in 1998. The band tours regularly and the current line-up includes one original member, lead vocalist and songwriter, Chris Bay. Freedom Call has released 14 albums in total, eleven of these studio albums.\n\nFrom Wikipedia ("", ""song_shelf_count"": 5, ""album_shelf_count"": 10, ""single_shelf_count"": 10, ""video_shelf_count"": 10, ""lookup_error"": """"}]",UC8Un9pLdux03pya-p---Urw,Freedom Call,12.3K,12300,11120998,"Freedom Call is a German power metal band formed in 1998. The band tours regularly and the current line-up includes one original member, lead vocalist and songwriter, Chris Bay. Freedom Call has released 14 albums in total, eleven of these studio albums.

From Wikipedia (",5,10,10,10,MPREb_zt5mBiyBn6k,Silver Romance,Album,2024,13,53 minutes,3188,OLAK5uy_nEkraDj3gceEVUMo-pVCa6LO-HNnhsqm8,Freedom Call,,4:06,246,MUSIC_VIDEO_TYPE_ATV,159706,,ytmusicapi player response videoDetails.viewCount,,,Not exposed by this YouTube Music endpoint; official YouTube Data API credentials are required.,Music,2024-05-09T03:00:18-07:00,2024-05-09T03:00:18-07:00,Freedom Call - Topic,UC8Un9pLdux03pya-p---Urw,http://www.youtube.com/channel/UC8Un9pLdux03pya-p---Urw,122,AE;AR;AS;AT;AU;AW;AZ;BA;BD;BE;BG;BH;BM;BO;BR;BY;CA;CH;CL;CO;CR;CY;CZ;DE;DK;DO;DZ;EC;EE;EG;ES;FI;FR;GB;GE;GF;GH;GP;GR;GT;GU;HK;HN;HR;HU;ID;IE;IL;IN;IQ;IS;IT;JM;JO;JP;KE;KH;KR;KW;KY;KZ;LA;LB;LI;LK;LT;LU;LV;LY;MA;MK;MP;MQ;MT;MX;MY;NC;NG;NI;NL;NO;NP;NZ;OM;PA;PE;PF;PG;PH;PK;PL;PR;PT;PY;QA;RE;RO;RS;SA;SE;SG;SI;SK;SN;SV;TC;TH;TN;TR;TW;TZ;UA;UG;US;UY;VE;VI;VN;YE;YT;ZA;ZW,"Distribution availability, not artist nationality or audience geography.",Freedom Call; Chris Bay; Silver Romance; Symphony of Avalon,https://music.youtube.com/watch?v=NSPG3D5qoYA,True,False,False,True,False,False,True,True,False,False,OK,True,INDIFFERENT,False,https://i.ytimg.com/vi/NSPG3D5qoYA/maxresdefault.jpg,"[{""url"": ""https://yt3.googleusercontent.com/32aH4LqLT_XGk-FBeYIYJPbI0Cu4dnQhzOLlpS-5nichIUWZl0n8u610vqAh8Fx-oeXay4-7uhuIuguD5Q=w60-h60-l90-rj"", ""width"": 60, ""height"": 60}, {""url"": ""https://yt3.googleusercontent.com/32aH4LqLT_XGk-FBeYIYJPbI0Cu4dnQhzOLlpS-5nichIUWZl0n8u610vqAh8Fx-oeXay4-7uhuIuguD5Q=w120-h120-l90-rj"", ""width"": 120, ""height"": 120}]",,,,YouTube Music internal web API via ytmusicapi; personalized playlist fetched with named auth profile.,25.0,18.333333,5.203321232,cumulative views of the exact recommended YouTube video,159706,5.203321232,Middle,Middle,"Frozen 83-song candidate pool captured 2026-06-29T19:44:09+00:00; Low <=7,505; lower buffer 7,506-19,756; Middle 19,757-243,792; upper buffer 243,793-1,223,809; High >=1,223,810 views.","Use view_count or popularity_log10_view_count for comparisons across users, weeks, and the original playlist. Do not use the within-Discover-Mix rank or percentile for cross-playlist comparisons because those are recalculated separately inside every 30-song mix.",Popularity is for the exact recommended video ID. Report or control video_type because this item is MUSIC_VIDEO_TYPE_ATV; ATV denotes an Art Track and OMV an official music video.
2026-08-12T17:28:39+00:00,user_02,aysima baba,Discover Mix,RDTMAK5uy_n_5IN6hzAOwdCnM8D8rzrs3vDl12UcZpA,https://music.youtube.com/playlist?list=RDTMAK5uy_n_5IN6hzAOwdCnM8D8rzrs3vDl12UcZpA,,,,50575,"Discover great music, picked just for you. Always updating.",30,cQKrMeeTlfc,https://music.youtube.com/watch?v=cQKrMeeTlfc,https://www.youtube.com/watch?v=cQKrMeeTlfc,Ravenlight (Live from the 013),Napalm Records,UCG7AaCh_CiG6pq_rRDNw72A,"[{""id"": ""UCG7AaCh_CiG6pq_rRDNw72A"", ""name"": ""Napalm Records"", ""subscribers_display"": """", ""subscribers_approx"": null, ""channel_views"": null, ""description"": """", ""song_shelf_count"": 0, ""album_shelf_count"": 0, ""single_shelf_count"": 0, ""video_shelf_count"": 0, ""lookup_error"": ""'musicImmersiveHeaderRenderer'""}]",UCG7AaCh_CiG6pq_rRDNw72A,Napalm Records,,,,,0,0,0,0,,,,,,,,,,,3:43,223,MUSIC_VIDEO_TYPE_OMV,1379630,,ytmusicapi player response videoDetails.viewCount,,,Not exposed by this YouTube Music endpoint; official YouTube Data API credentials are required.,People & Blogs,2018-03-03T07:45:29-08:00,2018-03-03T07:45:29-08:00,Napalm Records,UCG7AaCh_CiG6pq_rRDNw72A,http://www.youtube.com/@napalmrecords,249,AD;AE;AF;AG;AI;AL;AM;AO;AQ;AR;AS;AT;AU;AW;AX;AZ;BA;BB;BD;BE;BF;BG;BH;BI;BJ;BL;BM;BN;BO;BQ;BR;BS;BT;BV;BW;BY;BZ;CA;CC;CD;CF;CG;CH;CI;CK;CL;CM;CN;CO;CR;CU;CV;CW;CX;CY;CZ;DE;DJ;DK;DM;DO;DZ;EC;EE;EG;EH;ER;ES;ET;FI;FJ;FK;FM;FO;FR;GA;GB;GD;GE;GF;GG;GH;GI;GL;GM;GN;GP;GQ;GR;GS;GT;GU;GW;GY;HK;HM;HN;HR;HT;HU;ID;IE;IL;IM;IN;IO;IQ;IR;IS;IT;JE;JM;JO;JP;KE;KG;KH;KI;KM;KN;KP;KR;KW;KY;KZ;LA;LB;LC;LI;LK;LR;LS;LT;LU;LV;LY;MA;MC;MD;ME;MF;MG;MH;MK;ML;MM;MN;MO;MP;MQ;MR;MS;MT;MU;MV;MW;MX;MY;MZ;NA;NC;NE;NF;NG;NI;NL;NO;NP;NR;NU;NZ;OM;PA;PE;PF;PG;PH;PK;PL;PM;PN;PR;PS;PT;PW;PY;QA;RE;RO;RS;RU;RW;SA;SB;SC;SD;SE;SG;SH;SI;SJ;SK;SL;SM;SN;SO;SR;SS;ST;SV;SX;SY;SZ;TC;TD;TF;TG;TH;TJ;TK;TL;TM;TN;TO;TR;TT;TV;TW;TZ;UA;UG;UM;US;UY;UZ;VA;VC;VE;VG;VI;VN;VU;WF;WS;YE;YT;ZA;ZM;ZW,"Distribution availability, not artist nationality or audience geography.",Napalm; Records; Channel; kamelot; ravenheart; the shadow theory; thomas youngblood; metal; power metal; heavy metal; melodic metal; beyond the black; once human; tommy karevik,https://music.youtube.com/watch?v=cQKrMeeTlfc,True,False,False,True,False,False,True,True,False,,OK,True,INDIFFERENT,False,https://i.ytimg.com/vi/cQKrMeeTlfc/maxresdefault.jpg,"[{""url"": ""https://i.ytimg.com/vi/cQKrMeeTlfc/hqdefault.jpg?sqp=-oaymwEWCJADEOEBIAQqCggAEOADGC0guwJIWg&rs=AMzJL3mpqzKXVjqHpcj0bTdNKxeDGepzTw"", ""width"": 400, ""height"": 225}]",,'musicImmersiveHeaderRenderer',missing album browse id,YouTube Music internal web API via ytmusicapi; personalized playlist fetched with named auth profile.,16.0,48.333333,6.13976263,cumulative views of the exact recommended YouTube video,1379630,6.13976263,High,High,"Frozen 83-song candidate pool captured 2026-06-29T19:44:09+00:00; Low <=7,505; lower buffer 7,506-19,756; Middle 19,757-243,792; upper buffer 243,793-1,223,809; High >=1,223,810 views.","Use view_count or popularity_log10_view_count for comparisons across users, weeks, and the original playlist. Do not use the within-Discover-Mix rank or percentile for cross-playlist comparisons because those are recalculated separately inside every 30-song mix.",Popularity is for the exact recommended video ID. Report or control video_type because this item is MUSIC_VIDEO_TYPE_OMV; ATV denotes an Art Track and OMV an official music video.
