captured_at_utc,auth_profile,verified_account_name,playlist_name,playlist_id,playlist_url,playlist_author,playlist_track_count_reported,playlist_duration,playlist_duration_seconds,playlist_description,playlist_position,video_id,youtube_music_url,youtube_url,title,artists,artist_ids,artist_details_json,primary_artist_id,primary_artist_name,artist_subscribers_display,artist_subscribers_approx,artist_channel_views,artist_description,artist_song_shelf_count,artist_album_shelf_count,artist_single_shelf_count,artist_video_shelf_count,album_browse_id,album_name,album_type,album_year,album_track_count,album_duration,album_duration_seconds,album_audio_playlist_id,album_artists,album_description,duration,duration_seconds,video_type,view_count,playlist_view_display,view_count_source,like_count,comment_count,like_comment_note,category,upload_date,publish_date,topic_channel_owner,topic_channel_id,topic_channel_url,available_country_count,available_country_codes,available_countries_note,tags,canonical_url,family_safe,unlisted,paid,allow_ratings,is_live_content,is_private,is_crawlable,is_available,is_explicit_track,is_explicit_album,playability_status,playable_in_embed,profile_like_status,profile_in_library,thumbnail_url,track_thumbnails_json,song_lookup_error,artist_lookup_error,album_lookup_error,source_note,view_rank_within_discover_mix_desc,view_percentile_within_discover_mix,log10_view_count,popularity_measure,popularity_value_view_count,popularity_log10_view_count,popularity_original_pool_fixed_band,popularity_original_pool_fixed_tier,popularity_tier_reference,popularity_comparison_note,popularity_video_version_note
2026-07-28T18:12:11+00:00,user_05,Aysima Baba,Discover Mix,RDTMAK5uy_n_5IN6hzAOwdCnM8D8rzrs3vDl12UcZpA,https://music.youtube.com/playlist?list=RDTMAK5uy_n_5IN6hzAOwdCnM8D8rzrs3vDl12UcZpA,,,,52824,"Discover great music, picked just for you. Always updating.",1,LEb-gW7JxM4,https://music.youtube.com/watch?v=LEb-gW7JxM4,https://www.youtube.com/watch?v=LEb-gW7JxM4,Armageddon,Primal Fear,UCnksEYBV7qSwUIhTQR_ZGUw,"[{""id"": ""UCnksEYBV7qSwUIhTQR_ZGUw"", ""name"": ""Primal Fear"", ""subscribers_display"": ""25.2K"", ""subscribers_approx"": 25200, ""channel_views"": 17931272, ""description"": ""Primal Fear is a German power metal band formed in 1997 by Ralf Scheepers and Mat Sinner. Sinner and Scheepers formed the band after Scheepers was not hired as Rob Halford's replacement in Judas Priest.\n\nFrom Wikipedia ("", ""song_shelf_count"": 5, ""album_shelf_count"": 10, ""single_shelf_count"": 10, ""video_shelf_count"": 10, ""lookup_error"": """"}]",UCnksEYBV7qSwUIhTQR_ZGUw,Primal Fear,25.2K,25200,17931272,"Primal Fear is a German power metal band formed in 1997 by Ralf Scheepers and Mat Sinner. Sinner and Scheepers formed the band after Scheepers was not hired as Rob Halford's replacement in Judas Priest.

From Wikipedia (",5,10,10,10,MPREb_2CavxD6HsCA,Black Sun,Album,2002,13,57 minutes,3430,OLAK5uy_logTgN8Y1MVevSF00PGJajJrGtKqQUS2Y,Primal Fear,"Black Sun is the fourth studio release and first concept album by German power metal band Primal Fear.
A music video was made for ""Armageddon"".
In 2017, Loudwire ranked it as the 19th best power metal album of all time.

From Wikipedia (",4:06,246,MUSIC_VIDEO_TYPE_ATV,60120,,ytmusicapi player response videoDetails.viewCount,,,Not exposed by this YouTube Music endpoint; official YouTube Data API credentials are required.,Music,2024-10-31T03:00:32-07:00,2024-10-31T03:00:32-07:00,PRIMAL FEAR - Topic,UCnksEYBV7qSwUIhTQR_ZGUw,http://www.youtube.com/channel/UCnksEYBV7qSwUIhTQR_ZGUw,122,AE;AR;AS;AT;AU;AW;AZ;BA;BD;BE;BG;BH;BM;BO;BR;BY;CA;CH;CL;CO;CR;CY;CZ;DE;DK;DO;DZ;EC;EE;EG;ES;FI;FR;GB;GE;GF;GH;GP;GR;GT;GU;HK;HN;HR;HU;ID;IE;IL;IN;IQ;IS;IT;JM;JO;JP;KE;KH;KR;KW;KY;KZ;LA;LB;LI;LK;LT;LU;LV;LY;MA;MK;MP;MQ;MT;MX;MY;NC;NG;NI;NL;NO;NP;NZ;OM;PA;PE;PF;PG;PH;PK;PL;PR;PT;PY;QA;RE;RO;RS;SA;SE;SG;SI;SK;SN;SV;TC;TH;TN;TR;TW;TZ;UA;UG;US;UY;VE;VI;VN;YE;YT;ZA;ZW,"Distribution availability, not artist nationality or audience geography.",Primal Fear; Mat Sinner; Stefan Leibing; Ralf Scheepers; Klaus Sperling; Henrik Wolter; Black Sun; Armageddon,https://music.youtube.com/watch?v=LEb-gW7JxM4,True,False,False,True,False,False,True,True,False,False,OK,True,INDIFFERENT,False,https://i.ytimg.com/vi/LEb-gW7JxM4/maxresdefault.jpg,"[{""url"": ""https://yt3.googleusercontent.com/k9bLkiZwgGbmjTjjDAmZo7piDYNaPyVaPokE1fQKRy47VJz0M4bjJmfPox71wgBK7KkevvMtHWxzyFT4=w60-h60-l90-rj"", ""width"": 60, ""height"": 60}, {""url"": ""https://yt3.googleusercontent.com/k9bLkiZwgGbmjTjjDAmZo7piDYNaPyVaPokE1fQKRy47VJz0M4bjJmfPox71wgBK7KkevvMtHWxzyFT4=w120-h120-l90-rj"", ""width"": 120, ""height"": 120}]",,,,YouTube Music internal web API via ytmusicapi; personalized playlist fetched with named auth profile.,26.0,15.0,4.779018972,cumulative views of the exact recommended YouTube video,60120,4.779018972,Middle,Middle,"Frozen 83-song candidate pool captured 2026-06-29T19:44:09+00:00; Low <=7,505; lower buffer 7,506-19,756; Middle 19,757-243,792; upper buffer 243,793-1,223,809; High >=1,223,810 views.","Use view_count or popularity_log10_view_count for comparisons across users, weeks, and the original playlist. Do not use the within-Discover-Mix rank or percentile for cross-playlist comparisons because those are recalculated separately inside every 30-song mix.",Popularity is for the exact recommended video ID. Report or control video_type because this item is MUSIC_VIDEO_TYPE_ATV; ATV denotes an Art Track and OMV an official music video.
2026-07-28T18:12:11+00:00,user_05,Aysima Baba,Discover Mix,RDTMAK5uy_n_5IN6hzAOwdCnM8D8rzrs3vDl12UcZpA,https://music.youtube.com/playlist?list=RDTMAK5uy_n_5IN6hzAOwdCnM8D8rzrs3vDl12UcZpA,,,,52824,"Discover great music, picked just for you. Always updating.",2,UX_abrEVvNM,https://music.youtube.com/watch?v=UX_abrEVvNM,https://www.youtube.com/watch?v=UX_abrEVvNM,Hokkabaz,Neyse,UCw1QfGL4v3Gy-QgX0O-GYAw,"[{""id"": ""UCw1QfGL4v3Gy-QgX0O-GYAw"", ""name"": ""Neyse"", ""subscribers_display"": ""730"", ""subscribers_approx"": 730, ""channel_views"": null, ""description"": null, ""song_shelf_count"": 5, ""album_shelf_count"": 2, ""single_shelf_count"": 2, ""video_shelf_count"": 10, ""lookup_error"": """"}]",UCw1QfGL4v3Gy-QgX0O-GYAw,Neyse,730,730,,,5,2,2,10,,,,,,,,,,,3:45,225,MUSIC_VIDEO_TYPE_OMV,374469,,ytmusicapi player response videoDetails.viewCount,,,Not exposed by this YouTube Music endpoint; official YouTube Data API credentials are required.,Music,2017-11-03T00:00:01-07:00,2017-11-03T00:00:01-07:00,NeyseVEVO,UCZWhrd4WsVUNNXuzmysXXsQ,http://www.youtube.com/@NeyseVEVO,249,AD;AE;AF;AG;AI;AL;AM;AO;AQ;AR;AS;AT;AU;AW;AX;AZ;BA;BB;BD;BE;BF;BG;BH;BI;BJ;BL;BM;BN;BO;BQ;BR;BS;BT;BV;BW;BY;BZ;CA;CC;CD;CF;CG;CH;CI;CK;CL;CM;CN;CO;CR;CU;CV;CW;CX;CY;CZ;DE;DJ;DK;DM;DO;DZ;EC;EE;EG;EH;ER;ES;ET;FI;FJ;FK;FM;FO;FR;GA;GB;GD;GE;GF;GG;GH;GI;GL;GM;GN;GP;GQ;GR;GS;GT;GU;GW;GY;HK;HM;HN;HR;HT;HU;ID;IE;IL;IM;IN;IO;IQ;IR;IS;IT;JE;JM;JO;JP;KE;KG;KH;KI;KM;KN;KP;KR;KW;KY;KZ;LA;LB;LC;LI;LK;LR;LS;LT;LU;LV;LY;MA;MC;MD;ME;MF;MG;MH;MK;ML;MM;MN;MO;MP;MQ;MR;MS;MT;MU;MV;MW;MX;MY;MZ;NA;NC;NE;NF;NG;NI;NL;NO;NP;NR;NU;NZ;OM;PA;PE;PF;PG;PH;PK;PL;PM;PN;PR;PS;PT;PW;PY;QA;RE;RO;RS;RU;RW;SA;SB;SC;SD;SE;SG;SH;SI;SJ;SK;SL;SM;SN;SO;SR;SS;ST;SV;SX;SY;SZ;TC;TD;TF;TG;TH;TJ;TK;TL;TM;TN;TO;TR;TT;TV;TW;TZ;UA;UG;UM;US;UY;UZ;VA;VC;VE;VG;VI;VN;VU;WF;WS;YE;YT;ZA;ZM;ZW,"Distribution availability, not artist nationality or audience geography.",hokkabaz; neyse; siyah; rock music; muteriz; rock muzik; alternative rock; aydinlik; kirik; devran; kahreddin; nafile; duman; mor ve otesi; kurban; adamlar; Alternative; Epic; Hokkabaz; NEYSE,https://music.youtube.com/watch?v=UX_abrEVvNM,True,False,False,True,False,False,True,True,False,,OK,True,INDIFFERENT,False,https://i.ytimg.com/vi/UX_abrEVvNM/maxresdefault.jpg,"[{""url"": ""https://i.ytimg.com/vi/UX_abrEVvNM/hqdefault.jpg?sqp=-oaymwEWCJADEOEBIAQqCggAEOADGC0guwJIWg&rs=AMzJL3lTr_LoinyAZAa0eJzman4Xyxa39Q"", ""width"": 400, ""height"": 225}]",,,missing album browse id,YouTube Music internal web API via ytmusicapi; personalized playlist fetched with named auth profile.,15.0,51.666667,5.573415871,cumulative views of the exact recommended YouTube video,374469,5.573415871,Upper buffer,Buffer,"Frozen 83-song candidate pool captured 2026-06-29T19:44:09+00:00; Low <=7,505; lower buffer 7,506-19,756; Middle 19,757-243,792; upper buffer 243,793-1,223,809; High >=1,223,810 views.","Use view_count or popularity_log10_view_count for comparisons across users, weeks, and the original playlist. Do not use the within-Discover-Mix rank or percentile for cross-playlist comparisons because those are recalculated separately inside every 30-song mix.",Popularity is for the exact recommended video ID. Report or control video_type because this item is MUSIC_VIDEO_TYPE_OMV; ATV denotes an Art Track and OMV an official music video.
2026-07-28T18:12:11+00:00,user_05,Aysima Baba,Discover Mix,RDTMAK5uy_n_5IN6hzAOwdCnM8D8rzrs3vDl12UcZpA,https://music.youtube.com/playlist?list=RDTMAK5uy_n_5IN6hzAOwdCnM8D8rzrs3vDl12UcZpA,,,,52824,"Discover great music, picked just for you. Always updating.",3,6XkX4RYJ614,https://music.youtube.com/watch?v=6XkX4RYJ614,https://www.youtube.com/watch?v=6XkX4RYJ614,Battle in the Sky,Bloodbound,UCMdFBg2b49RBAUr5XZxkArA,"[{""id"": ""UCMdFBg2b49RBAUr5XZxkArA"", ""name"": ""Bloodbound"", ""subscribers_display"": ""18K"", ""subscribers_approx"": 18000, ""channel_views"": null, ""description"": null, ""song_shelf_count"": 5, ""album_shelf_count"": 10, ""single_shelf_count"": 10, ""video_shelf_count"": 10, ""lookup_error"": """"}]",UCMdFBg2b49RBAUr5XZxkArA,Bloodbound,18K,18000,,,5,10,10,10,MPREb_K4cmYFJDDke,War of Dragons,Album,2017,12,45 minutes,2714,OLAK5uy_kcmRKUmVgDl6ifKtuaQv_nm4JwIzsMhpA,Bloodbound,,4:25,265,MUSIC_VIDEO_TYPE_ATV,813440,,ytmusicapi player response videoDetails.viewCount,,,Not exposed by this YouTube Music endpoint; official YouTube Data API credentials are required.,Music,2017-02-23T02:15:05-08:00,2017-02-23T02:15:05-08:00,Bloodbound - Topic,UCMdFBg2b49RBAUr5XZxkArA,http://www.youtube.com/channel/UCMdFBg2b49RBAUr5XZxkArA,248,AD;AE;AF;AG;AI;AL;AM;AO;AQ;AR;AS;AT;AU;AW;AX;AZ;BA;BB;BD;BE;BF;BG;BH;BI;BJ;BL;BM;BN;BO;BQ;BR;BS;BT;BV;BW;BY;BZ;CA;CC;CD;CF;CG;CH;CI;CK;CL;CM;CN;CO;CR;CU;CV;CW;CX;CY;CZ;DE;DJ;DK;DM;DO;DZ;EC;EE;EG;EH;ER;ES;ET;FI;FJ;FK;FM;FO;FR;GA;GB;GD;GE;GF;GG;GH;GI;GL;GM;GN;GP;GQ;GR;GS;GT;GU;GW;GY;HK;HM;HN;HR;HT;HU;ID;IE;IL;IM;IN;IO;IQ;IR;IS;IT;JE;JM;JO;KE;KG;KH;KI;KM;KN;KP;KR;KW;KY;KZ;LA;LB;LC;LI;LK;LR;LS;LT;LU;LV;LY;MA;MC;MD;ME;MF;MG;MH;MK;ML;MM;MN;MO;MP;MQ;MR;MS;MT;MU;MV;MW;MX;MY;MZ;NA;NC;NE;NF;NG;NI;NL;NO;NP;NR;NU;NZ;OM;PA;PE;PF;PG;PH;PK;PL;PM;PN;PR;PS;PT;PW;PY;QA;RE;RO;RS;RU;RW;SA;SB;SC;SD;SE;SG;SH;SI;SJ;SK;SL;SM;SN;SO;SR;SS;ST;SV;SX;SY;SZ;TC;TD;TF;TG;TH;TJ;TK;TL;TM;TN;TO;TR;TT;TV;TW;TZ;UA;UG;UM;US;UY;UZ;VA;VC;VE;VG;VI;VN;VU;WF;WS;YE;YT;ZA;ZM;ZW,"Distribution availability, not artist nationality or audience geography.",Bloodbound; War of Dragons; Battle in the Sky,https://music.youtube.com/watch?v=6XkX4RYJ614,True,False,False,True,False,False,True,True,False,False,OK,True,INDIFFERENT,False,https://i.ytimg.com/vi/6XkX4RYJ614/maxresdefault.jpg,"[{""url"": ""https://yt3.googleusercontent.com/eQ4eddfUE5OhCC5v2kCYB2PeAco5o2YvTOUmw4vOiDPwR5fzp5AxO8ToRFllHfG2wXcspYDdZMGfODsQVg=w60-h60-l90-rj"", ""width"": 60, ""height"": 60}, {""url"": ""https://yt3.googleusercontent.com/eQ4eddfUE5OhCC5v2kCYB2PeAco5o2YvTOUmw4vOiDPwR5fzp5AxO8ToRFllHfG2wXcspYDdZMGfODsQVg=w120-h120-l90-rj"", ""width"": 120, ""height"": 120}]",,,,YouTube Music internal web API via ytmusicapi; personalized playlist fetched with named auth profile.,10.0,68.333333,5.910325525,cumulative views of the exact recommended YouTube video,813440,5.910325525,Upper buffer,Buffer,"Frozen 83-song candidate pool captured 2026-06-29T19:44:09+00:00; Low <=7,505; lower buffer 7,506-19,756; Middle 19,757-243,792; upper buffer 243,793-1,223,809; High >=1,223,810 views.","Use view_count or popularity_log10_view_count for comparisons across users, weeks, and the original playlist. Do not use the within-Discover-Mix rank or percentile for cross-playlist comparisons because those are recalculated separately inside every 30-song mix.",Popularity is for the exact recommended video ID. Report or control video_type because this item is MUSIC_VIDEO_TYPE_ATV; ATV denotes an Art Track and OMV an official music video.
2026-07-28T18:12:11+00:00,user_05,Aysima Baba,Discover Mix,RDTMAK5uy_n_5IN6hzAOwdCnM8D8rzrs3vDl12UcZpA,https://music.youtube.com/playlist?list=RDTMAK5uy_n_5IN6hzAOwdCnM8D8rzrs3vDl12UcZpA,,,,52824,"Discover great music, picked just for you. Always updating.",4,wRHReQvqKr0,https://music.youtube.com/watch?v=wRHReQvqKr0,https://www.youtube.com/watch?v=wRHReQvqKr0,Forevermore,Innerwish,UCv72Cf_a0iP6vHNrEogD-Gw,"[{""id"": ""UCv72Cf_a0iP6vHNrEogD-Gw"", ""name"": ""Innerwish"", ""subscribers_display"": ""4.66K"", ""subscribers_approx"": 4660, ""channel_views"": 2337660, ""description"": ""The story of INNERWISH began in 1995, in Athens, Greece and in their 30 years of existence they managed not\nonly to be one of the most important metal bands from Greece, but also establishing themselves as a\nrespectful band in the European melodic metal scene."", ""song_shelf_count"": 5, ""album_shelf_count"": 6, ""single_shelf_count"": 6, ""video_shelf_count"": 3, ""lookup_error"": """"}]",UCv72Cf_a0iP6vHNrEogD-Gw,Innerwish,4.66K,4660,2337660,"The story of INNERWISH began in 1995, in Athens, Greece and in their 30 years of existence they managed not
only to be one of the most important metal bands from Greece, but also establishing themselves as a
respectful band in the European melodic metal scene.",5,6,6,3,MPREb_Z3poUosYSFV,Ash Of Eternal Flame,Album,2024,11,"1 hour, 3 minutes",3789,OLAK5uy_l96GXPPZeMtvYgdDuagGfDphpZOM9jkV4,Innerwish,,6:27,387,MUSIC_VIDEO_TYPE_ATV,38371,,ytmusicapi player response videoDetails.viewCount,,,Not exposed by this YouTube Music endpoint; official YouTube Data API credentials are required.,Music,2024-11-07T02:01:14-08:00,2024-11-07T02:01:14-08:00,InnerWish - Topic,UCv72Cf_a0iP6vHNrEogD-Gw,http://www.youtube.com/channel/UCv72Cf_a0iP6vHNrEogD-Gw,122,AE;AR;AS;AT;AU;AW;AZ;BA;BD;BE;BG;BH;BM;BO;BR;BY;CA;CH;CL;CO;CR;CY;CZ;DE;DK;DO;DZ;EC;EE;EG;ES;FI;FR;GB;GE;GF;GH;GP;GR;GT;GU;HK;HN;HR;HU;ID;IE;IL;IN;IQ;IS;IT;JM;JO;JP;KE;KH;KR;KW;KY;KZ;LA;LB;LI;LK;LT;LU;LV;LY;MA;MK;MP;MQ;MT;MX;MY;NC;NG;NI;NL;NO;NP;NZ;OM;PA;PE;PF;PG;PH;PK;PL;PR;PT;PY;QA;RE;RO;RS;SA;SE;SG;SI;SK;SN;SV;TC;TH;TN;TR;TW;TZ;UA;UG;US;UY;VE;VI;VN;YE;YT;ZA;ZW,"Distribution availability, not artist nationality or audience geography.",Innerwish; Thimios Krikos; Ash Of Eternal Flame; Forevermore,https://music.youtube.com/watch?v=wRHReQvqKr0,True,False,False,True,False,False,True,True,False,False,OK,True,INDIFFERENT,False,https://i.ytimg.com/vi/wRHReQvqKr0/maxresdefault.jpg,"[{""url"": ""https://yt3.googleusercontent.com/Ezd4Dw7myHuILr5XToy77XXb2wyJBn0ZtAoQOKc4XjONLOfbw6Y9lVe_NypaWmTzoXvummGKGktxCFg=w60-h60-l90-rj"", ""width"": 60, ""height"": 60}, {""url"": ""https://yt3.googleusercontent.com/Ezd4Dw7myHuILr5XToy77XXb2wyJBn0ZtAoQOKc4XjONLOfbw6Y9lVe_NypaWmTzoXvummGKGktxCFg=w120-h120-l90-rj"", ""width"": 120, ""height"": 120}]",,,,YouTube Music internal web API via ytmusicapi; personalized playlist fetched with named auth profile.,28.0,8.333333,4.584003118,cumulative views of the exact recommended YouTube video,38371,4.584003118,Middle,Middle,"Frozen 83-song candidate pool captured 2026-06-29T19:44:09+00:00; Low <=7,505; lower buffer 7,506-19,756; Middle 19,757-243,792; upper buffer 243,793-1,223,809; High >=1,223,810 views.","Use view_count or popularity_log10_view_count for comparisons across users, weeks, and the original playlist. Do not use the within-Discover-Mix rank or percentile for cross-playlist comparisons because those are recalculated separately inside every 30-song mix.",Popularity is for the exact recommended video ID. Report or control video_type because this item is MUSIC_VIDEO_TYPE_ATV; ATV denotes an Art Track and OMV an official music video.
2026-07-28T18:12:11+00:00,user_05,Aysima Baba,Discover Mix,RDTMAK5uy_n_5IN6hzAOwdCnM8D8rzrs3vDl12UcZpA,https://music.youtube.com/playlist?list=RDTMAK5uy_n_5IN6hzAOwdCnM8D8rzrs3vDl12UcZpA,,,,52824,"Discover great music, picked just for you. Always updating.",5,sXAGEmBeeDs,https://music.youtube.com/watch?v=sXAGEmBeeDs,https://www.youtube.com/watch?v=sXAGEmBeeDs,Blinding Lights,Feuerschwanz,UCIB3k3K3hAvpkB2RDwInwTw,"[{""id"": ""UCIB3k3K3hAvpkB2RDwInwTw"", ""name"": ""Feuerschwanz"", ""subscribers_display"": ""119K"", ""subscribers_approx"": 119000, ""channel_views"": null, ""description"": null, ""song_shelf_count"": 5, ""album_shelf_count"": 10, ""single_shelf_count"": 10, ""video_shelf_count"": 10, ""lookup_error"": """"}]",UCIB3k3K3hAvpkB2RDwInwTw,Feuerschwanz,119K,119000,,,5,10,10,10,,,,,,,,,,,3:57,237,MUSIC_VIDEO_TYPE_OMV,1983752,,ytmusicapi player response videoDetails.viewCount,,,Not exposed by this YouTube Music endpoint; official YouTube Data API credentials are required.,Music,2022-10-13T07:00:06-07:00,2022-10-13T07:00:06-07:00,Napalm Records,UCG7AaCh_CiG6pq_rRDNw72A,http://www.youtube.com/@napalmrecords,249,AD;AE;AF;AG;AI;AL;AM;AO;AQ;AR;AS;AT;AU;AW;AX;AZ;BA;BB;BD;BE;BF;BG;BH;BI;BJ;BL;BM;BN;BO;BQ;BR;BS;BT;BV;BW;BY;BZ;CA;CC;CD;CF;CG;CH;CI;CK;CL;CM;CN;CO;CR;CU;CV;CW;CX;CY;CZ;DE;DJ;DK;DM;DO;DZ;EC;EE;EG;EH;ER;ES;ET;FI;FJ;FK;FM;FO;FR;GA;GB;GD;GE;GF;GG;GH;GI;GL;GM;GN;GP;GQ;GR;GS;GT;GU;GW;GY;HK;HM;HN;HR;HT;HU;ID;IE;IL;IM;IN;IO;IQ;IR;IS;IT;JE;JM;JO;JP;KE;KG;KH;KI;KM;KN;KP;KR;KW;KY;KZ;LA;LB;LC;LI;LK;LR;LS;LT;LU;LV;LY;MA;MC;MD;ME;MF;MG;MH;MK;ML;MM;MN;MO;MP;MQ;MR;MS;MT;MU;MV;MW;MX;MY;MZ;NA;NC;NE;NF;NG;NI;NL;NO;NP;NR;NU;NZ;OM;PA;PE;PF;PG;PH;PK;PL;PM;PN;PR;PS;PT;PW;PY;QA;RE;RO;RS;RU;RW;SA;SB;SC;SD;SE;SG;SH;SI;SJ;SK;SL;SM;SN;SO;SR;SS;ST;SV;SX;SY;SZ;TC;TD;TF;TG;TH;TJ;TK;TL;TM;TN;TO;TR;TT;TV;TW;TZ;UA;UG;UM;US;UY;UZ;VA;VC;VE;VG;VI;VN;VU;WF;WS;YE;YT;ZA;ZM;ZW,"Distribution availability, not artist nationality or audience geography.",napalm records,https://music.youtube.com/watch?v=sXAGEmBeeDs,True,False,False,True,False,False,True,True,False,,OK,True,INDIFFERENT,False,https://i.ytimg.com/vi/sXAGEmBeeDs/maxresdefault.jpg,"[{""url"": ""https://i.ytimg.com/vi/sXAGEmBeeDs/hqdefault.jpg?sqp=-oaymwEWCJADEOEBIAQqCggAEOADGC0guwJIWg&rs=AMzJL3m_6fEV5V3Nzq2Mc0T7CaQtj47j0w"", ""width"": 400, ""height"": 225}]",,,missing album browse id,YouTube Music internal web API via ytmusicapi; personalized playlist fetched with named auth profile.,2.0,95.0,6.297487378,cumulative views of the exact recommended YouTube video,1983752,6.297487378,High,High,"Frozen 83-song candidate pool captured 2026-06-29T19:44:09+00:00; Low <=7,505; lower buffer 7,506-19,756; Middle 19,757-243,792; upper buffer 243,793-1,223,809; High >=1,223,810 views.","Use view_count or popularity_log10_view_count for comparisons across users, weeks, and the original playlist. Do not use the within-Discover-Mix rank or percentile for cross-playlist comparisons because those are recalculated separately inside every 30-song mix.",Popularity is for the exact recommended video ID. Report or control video_type because this item is MUSIC_VIDEO_TYPE_OMV; ATV denotes an Art Track and OMV an official music video.
2026-07-28T18:12:11+00:00,user_05,Aysima Baba,Discover Mix,RDTMAK5uy_n_5IN6hzAOwdCnM8D8rzrs3vDl12UcZpA,https://music.youtube.com/playlist?list=RDTMAK5uy_n_5IN6hzAOwdCnM8D8rzrs3vDl12UcZpA,,,,52824,"Discover great music, picked just for you. Always updating.",6,UO37wJG1j2k,https://music.youtube.com/watch?v=UO37wJG1j2k,https://www.youtube.com/watch?v=UO37wJG1j2k,Metal United,Majestica,UC0oLl-AD2ikFO_WDmG4YMzw,"[{""id"": ""UC0oLl-AD2ikFO_WDmG4YMzw"", ""name"": ""Majestica"", ""subscribers_display"": ""28.9K"", ""subscribers_approx"": 28900, ""channel_views"": 12321987, ""description"": ""Symphonic power metal from Sweden."", ""song_shelf_count"": 5, ""album_shelf_count"": 4, ""single_shelf_count"": 8, ""video_shelf_count"": 10, ""lookup_error"": """"}]",UC0oLl-AD2ikFO_WDmG4YMzw,Majestica,28.9K,28900,12321987,Symphonic power metal from Sweden.,5,4,8,10,,,,,,,,,,,3:54,234,MUSIC_VIDEO_TYPE_OMV,1254359,,ytmusicapi player response videoDetails.viewCount,,,Not exposed by this YouTube Music endpoint; official YouTube Data API credentials are required.,Music,2021-09-10T02:01:09-07:00,2021-09-10T02:01:09-07:00,Nuclear Blast Records,UCoxg3Kml41wE3IPq-PC-LQw,http://www.youtube.com/@NuclearBlastRecords,249,AD;AE;AF;AG;AI;AL;AM;AO;AQ;AR;AS;AT;AU;AW;AX;AZ;BA;BB;BD;BE;BF;BG;BH;BI;BJ;BL;BM;BN;BO;BQ;BR;BS;BT;BV;BW;BY;BZ;CA;CC;CD;CF;CG;CH;CI;CK;CL;CM;CN;CO;CR;CU;CV;CW;CX;CY;CZ;DE;DJ;DK;DM;DO;DZ;EC;EE;EG;EH;ER;ES;ET;FI;FJ;FK;FM;FO;FR;GA;GB;GD;GE;GF;GG;GH;GI;GL;GM;GN;GP;GQ;GR;GS;GT;GU;GW;GY;HK;HM;HN;HR;HT;HU;ID;IE;IL;IM;IN;IO;IQ;IR;IS;IT;JE;JM;JO;JP;KE;KG;KH;KI;KM;KN;KP;KR;KW;KY;KZ;LA;LB;LC;LI;LK;LR;LS;LT;LU;LV;LY;MA;MC;MD;ME;MF;MG;MH;MK;ML;MM;MN;MO;MP;MQ;MR;MS;MT;MU;MV;MW;MX;MY;MZ;NA;NC;NE;NF;NG;NI;NL;NO;NP;NR;NU;NZ;OM;PA;PE;PF;PG;PH;PK;PL;PM;PN;PR;PS;PT;PW;PY;QA;RE;RO;RS;RU;RW;SA;SB;SC;SD;SE;SG;SH;SI;SJ;SK;SL;SM;SN;SO;SR;SS;ST;SV;SX;SY;SZ;TC;TD;TF;TG;TH;TJ;TK;TL;TM;TN;TO;TR;TT;TV;TW;TZ;UA;UG;UM;US;UY;UZ;VA;VC;VE;VG;VI;VN;VU;WF;WS;YE;YT;ZA;ZM;ZW,"Distribution availability, not artist nationality or audience geography.",Majestica; rising tide; sabaton; power metal; reinxeed; live; nuclear blast; metal; above the sky; Nuclear Blast; tommy johansson; metal united; symphonic metal,https://music.youtube.com/watch?v=UO37wJG1j2k,True,False,False,True,False,False,True,True,False,,OK,True,INDIFFERENT,False,https://i.ytimg.com/vi/UO37wJG1j2k/maxresdefault.jpg,"[{""url"": ""https://i.ytimg.com/vi/UO37wJG1j2k/hqdefault.jpg?sqp=-oaymwEWCJADEOEBIAQqCggAEOADGC0guwJIWg&rs=AMzJL3lHedd-Tlm9WU164sHfXY9a2wNHzQ"", ""width"": 400, ""height"": 225}]",,,missing album browse id,YouTube Music internal web API via ytmusicapi; personalized playlist fetched with named auth profile.,6.0,81.666667,6.09842185,cumulative views of the exact recommended YouTube video,1254359,6.09842185,High,High,"Frozen 83-song candidate pool captured 2026-06-29T19:44:09+00:00; Low <=7,505; lower buffer 7,506-19,756; Middle 19,757-243,792; upper buffer 243,793-1,223,809; High >=1,223,810 views.","Use view_count or popularity_log10_view_count for comparisons across users, weeks, and the original playlist. Do not use the within-Discover-Mix rank or percentile for cross-playlist comparisons because those are recalculated separately inside every 30-song mix.",Popularity is for the exact recommended video ID. Report or control video_type because this item is MUSIC_VIDEO_TYPE_OMV; ATV denotes an Art Track and OMV an official music video.
2026-07-28T18:12:11+00:00,user_05,Aysima Baba,Discover Mix,RDTMAK5uy_n_5IN6hzAOwdCnM8D8rzrs3vDl12UcZpA,https://music.youtube.com/playlist?list=RDTMAK5uy_n_5IN6hzAOwdCnM8D8rzrs3vDl12UcZpA,,,,52824,"Discover great music, picked just for you. Always updating.",7,NSPG3D5qoYA,https://music.youtube.com/watch?v=NSPG3D5qoYA,https://www.youtube.com/watch?v=NSPG3D5qoYA,Symphony of Avalon,Freedom Call,UC8Un9pLdux03pya-p---Urw,"[{""id"": ""UC8Un9pLdux03pya-p---Urw"", ""name"": ""Freedom Call"", ""subscribers_display"": ""12.2K"", ""subscribers_approx"": 12200, ""channel_views"": 13103820, ""description"": ""Freedom Call is a German power metal band formed in 1998. The band tours regularly and the current line-up includes one original member, lead vocalist and songwriter, Chris Bay. Freedom Call has released 14 albums in total, eleven of these studio albums.\n\nFrom Wikipedia ("", ""song_shelf_count"": 5, ""album_shelf_count"": 10, ""single_shelf_count"": 10, ""video_shelf_count"": 10, ""lookup_error"": """"}]",UC8Un9pLdux03pya-p---Urw,Freedom Call,12.2K,12200,13103820,"Freedom Call is a German power metal band formed in 1998. The band tours regularly and the current line-up includes one original member, lead vocalist and songwriter, Chris Bay. Freedom Call has released 14 albums in total, eleven of these studio albums.

From Wikipedia (",5,10,10,10,MPREb_zt5mBiyBn6k,Silver Romance,Album,2024,13,53 minutes,3188,OLAK5uy_nEkraDj3gceEVUMo-pVCa6LO-HNnhsqm8,Freedom Call,,4:06,246,MUSIC_VIDEO_TYPE_ATV,156318,,ytmusicapi player response videoDetails.viewCount,,,Not exposed by this YouTube Music endpoint; official YouTube Data API credentials are required.,Music,2024-05-09T03:00:18-07:00,2024-05-09T03:00:18-07:00,Freedom Call - Topic,UC8Un9pLdux03pya-p---Urw,http://www.youtube.com/channel/UC8Un9pLdux03pya-p---Urw,122,AE;AR;AS;AT;AU;AW;AZ;BA;BD;BE;BG;BH;BM;BO;BR;BY;CA;CH;CL;CO;CR;CY;CZ;DE;DK;DO;DZ;EC;EE;EG;ES;FI;FR;GB;GE;GF;GH;GP;GR;GT;GU;HK;HN;HR;HU;ID;IE;IL;IN;IQ;IS;IT;JM;JO;JP;KE;KH;KR;KW;KY;KZ;LA;LB;LI;LK;LT;LU;LV;LY;MA;MK;MP;MQ;MT;MX;MY;NC;NG;NI;NL;NO;NP;NZ;OM;PA;PE;PF;PG;PH;PK;PL;PR;PT;PY;QA;RE;RO;RS;SA;SE;SG;SI;SK;SN;SV;TC;TH;TN;TR;TW;TZ;UA;UG;US;UY;VE;VI;VN;YE;YT;ZA;ZW,"Distribution availability, not artist nationality or audience geography.",Freedom Call; Chris Bay; Silver Romance; Symphony of Avalon,https://music.youtube.com/watch?v=NSPG3D5qoYA,True,False,False,True,False,False,True,True,False,False,OK,True,INDIFFERENT,False,https://i.ytimg.com/vi/NSPG3D5qoYA/maxresdefault.jpg,"[{""url"": ""https://yt3.googleusercontent.com/32aH4LqLT_XGk-FBeYIYJPbI0Cu4dnQhzOLlpS-5nichIUWZl0n8u610vqAh8Fx-oeXay4-7uhuIuguD5Q=w60-h60-l90-rj"", ""width"": 60, ""height"": 60}, {""url"": ""https://yt3.googleusercontent.com/32aH4LqLT_XGk-FBeYIYJPbI0Cu4dnQhzOLlpS-5nichIUWZl0n8u610vqAh8Fx-oeXay4-7uhuIuguD5Q=w120-h120-l90-rj"", ""width"": 120, ""height"": 120}]",,,,YouTube Music internal web API via ytmusicapi; personalized playlist fetched with named auth profile.,22.0,28.333333,5.19400899,cumulative views of the exact recommended YouTube video,156318,5.19400899,Middle,Middle,"Frozen 83-song candidate pool captured 2026-06-29T19:44:09+00:00; Low <=7,505; lower buffer 7,506-19,756; Middle 19,757-243,792; upper buffer 243,793-1,223,809; High >=1,223,810 views.","Use view_count or popularity_log10_view_count for comparisons across users, weeks, and the original playlist. Do not use the within-Discover-Mix rank or percentile for cross-playlist comparisons because those are recalculated separately inside every 30-song mix.",Popularity is for the exact recommended video ID. Report or control video_type because this item is MUSIC_VIDEO_TYPE_ATV; ATV denotes an Art Track and OMV an official music video.
2026-07-28T18:12:11+00:00,user_05,Aysima Baba,Discover Mix,RDTMAK5uy_n_5IN6hzAOwdCnM8D8rzrs3vDl12UcZpA,https://music.youtube.com/playlist?list=RDTMAK5uy_n_5IN6hzAOwdCnM8D8rzrs3vDl12UcZpA,,,,52824,"Discover great music, picked just for you. Always updating.",8,2upIhtJz8Oo,https://music.youtube.com/watch?v=2upIhtJz8Oo,https://www.youtube.com/watch?v=2upIhtJz8Oo,Ride to Hell,ANGUS McSIX,UCMooeoff7wXSATd31UgzBuw,"[{""id"": ""UCMooeoff7wXSATd31UgzBuw"", ""name"": ""ANGUS McSIX"", ""subscribers_display"": ""8.8K"", ""subscribers_approx"": 8800, ""channel_views"": 6663022, ""description"": ""Angus McSix is an international power metal band formed by Swiss singer Thomas Winkler and German producer, vocalist and guitarist Sebastian \""Seeb\"" Levermann. The debut studio album, Angus McSix and the Sword of Power, was released on 21 April 2023 through Napalm Records. The band members each embody a character in the concept story told through this album.\n\nFrom Wikipedia ("", ""song_shelf_count"": 5, ""album_shelf_count"": 2, ""single_shelf_count"": 8, ""video_shelf_count"": 10, ""lookup_error"": """"}]",UCMooeoff7wXSATd31UgzBuw,ANGUS McSIX,8.8K,8800,6663022,"Angus McSix is an international power metal band formed by Swiss singer Thomas Winkler and German producer, vocalist and guitarist Sebastian ""Seeb"" Levermann. The debut studio album, Angus McSix and the Sword of Power, was released on 21 April 2023 through Napalm Records. The band members each embody a character in the concept story told through this album.

From Wikipedia (",5,2,8,10,,,,,,,,,,,4:48,288,MUSIC_VIDEO_TYPE_OMV,564179,,ytmusicapi player response videoDetails.viewCount,,,Not exposed by this YouTube Music endpoint; official YouTube Data API credentials are required.,Music,2023-06-21T07:00:09-07:00,2023-06-21T07:00:09-07:00,Napalm Records,UCG7AaCh_CiG6pq_rRDNw72A,http://www.youtube.com/@napalmrecords,249,AD;AE;AF;AG;AI;AL;AM;AO;AQ;AR;AS;AT;AU;AW;AX;AZ;BA;BB;BD;BE;BF;BG;BH;BI;BJ;BL;BM;BN;BO;BQ;BR;BS;BT;BV;BW;BY;BZ;CA;CC;CD;CF;CG;CH;CI;CK;CL;CM;CN;CO;CR;CU;CV;CW;CX;CY;CZ;DE;DJ;DK;DM;DO;DZ;EC;EE;EG;EH;ER;ES;ET;FI;FJ;FK;FM;FO;FR;GA;GB;GD;GE;GF;GG;GH;GI;GL;GM;GN;GP;GQ;GR;GS;GT;GU;GW;GY;HK;HM;HN;HR;HT;HU;ID;IE;IL;IM;IN;IO;IQ;IR;IS;IT;JE;JM;JO;JP;KE;KG;KH;KI;KM;KN;KP;KR;KW;KY;KZ;LA;LB;LC;LI;LK;LR;LS;LT;LU;LV;LY;MA;MC;MD;ME;MF;MG;MH;MK;ML;MM;MN;MO;MP;MQ;MR;MS;MT;MU;MV;MW;MX;MY;MZ;NA;NC;NE;NF;NG;NI;NL;NO;NP;NR;NU;NZ;OM;PA;PE;PF;PG;PH;PK;PL;PM;PN;PR;PS;PT;PW;PY;QA;RE;RO;RS;RU;RW;SA;SB;SC;SD;SE;SG;SH;SI;SJ;SK;SL;SM;SN;SO;SR;SS;ST;SV;SX;SY;SZ;TC;TD;TF;TG;TH;TJ;TK;TL;TM;TN;TO;TR;TT;TV;TW;TZ;UA;UG;UM;US;UY;UZ;VA;VC;VE;VG;VI;VN;VU;WF;WS;YE;YT;ZA;ZM;ZW,"Distribution availability, not artist nationality or audience geography.",napalm records,https://music.youtube.com/watch?v=2upIhtJz8Oo,True,False,False,True,False,False,True,True,False,,OK,True,INDIFFERENT,False,https://i.ytimg.com/vi/2upIhtJz8Oo/maxresdefault.jpg,"[{""url"": ""https://i.ytimg.com/vi/2upIhtJz8Oo/hqdefault.jpg?sqp=-oaymwEWCJADEOEBIAQqCggAEOADGC0guwJIWg&rs=AMzJL3kq9Spjmr43KedCEJnWzXprNHYiFw"", ""width"": 400, ""height"": 225}]",,,missing album browse id,YouTube Music internal web API via ytmusicapi; personalized playlist fetched with named auth profile.,12.0,61.666667,5.751416917,cumulative views of the exact recommended YouTube video,564179,5.751416917,Upper buffer,Buffer,"Frozen 83-song candidate pool captured 2026-06-29T19:44:09+00:00; Low <=7,505; lower buffer 7,506-19,756; Middle 19,757-243,792; upper buffer 243,793-1,223,809; High >=1,223,810 views.","Use view_count or popularity_log10_view_count for comparisons across users, weeks, and the original playlist. Do not use the within-Discover-Mix rank or percentile for cross-playlist comparisons because those are recalculated separately inside every 30-song mix.",Popularity is for the exact recommended video ID. Report or control video_type because this item is MUSIC_VIDEO_TYPE_OMV; ATV denotes an Art Track and OMV an official music video.
2026-07-28T18:12:11+00:00,user_05,Aysima Baba,Discover Mix,RDTMAK5uy_n_5IN6hzAOwdCnM8D8rzrs3vDl12UcZpA,https://music.youtube.com/playlist?list=RDTMAK5uy_n_5IN6hzAOwdCnM8D8rzrs3vDl12UcZpA,,,,52824,"Discover great music, picked just for you. Always updating.",9,9zUgqT94g1o,https://music.youtube.com/watch?v=9zUgqT94g1o,https://www.youtube.com/watch?v=9zUgqT94g1o,Run from the Crushing Tide,Ensiferum,UC9_e3R2JB9CLgfytblJdj5Q,"[{""id"": ""UC9_e3R2JB9CLgfytblJdj5Q"", ""name"": ""Ensiferum"", ""subscribers_display"": ""72.6K"", ""subscribers_approx"": 72600, ""channel_views"": 34614839, ""description"": ""Ensiferum is a Finnish folk metal band from Helsinki. The members of the band label themselves as \""melodic folk metal\"". The group has released nine studio albums.\n\nFrom Wikipedia ("", ""song_shelf_count"": 5, ""album_shelf_count"": 10, ""single_shelf_count"": 10, ""video_shelf_count"": 10, ""lookup_error"": """"}]",UC9_e3R2JB9CLgfytblJdj5Q,Ensiferum,72.6K,72600,34614839,"Ensiferum is a Finnish folk metal band from Helsinki. The members of the band label themselves as ""melodic folk metal"". The group has released nine studio albums.

From Wikipedia (",5,10,10,10,,,,,,,,,,,4:35,275,MUSIC_VIDEO_TYPE_OMV,448879,,ytmusicapi player response videoDetails.viewCount,,,Not exposed by this YouTube Music endpoint; official YouTube Data API credentials are required.,Music,2021-09-16T09:00:11-07:00,2021-09-16T09:00:11-07:00,Metal Blade Records,UCSldglor1t-5E-Gy2eBdMrA,http://www.youtube.com/@metalbladerecords,249,AD;AE;AF;AG;AI;AL;AM;AO;AQ;AR;AS;AT;AU;AW;AX;AZ;BA;BB;BD;BE;BF;BG;BH;BI;BJ;BL;BM;BN;BO;BQ;BR;BS;BT;BV;BW;BY;BZ;CA;CC;CD;CF;CG;CH;CI;CK;CL;CM;CN;CO;CR;CU;CV;CW;CX;CY;CZ;DE;DJ;DK;DM;DO;DZ;EC;EE;EG;EH;ER;ES;ET;FI;FJ;FK;FM;FO;FR;GA;GB;GD;GE;GF;GG;GH;GI;GL;GM;GN;GP;GQ;GR;GS;GT;GU;GW;GY;HK;HM;HN;HR;HT;HU;ID;IE;IL;IM;IN;IO;IQ;IR;IS;IT;JE;JM;JO;JP;KE;KG;KH;KI;KM;KN;KP;KR;KW;KY;KZ;LA;LB;LC;LI;LK;LR;LS;LT;LU;LV;LY;MA;MC;MD;ME;MF;MG;MH;MK;ML;MM;MN;MO;MP;MQ;MR;MS;MT;MU;MV;MW;MX;MY;MZ;NA;NC;NE;NF;NG;NI;NL;NO;NP;NR;NU;NZ;OM;PA;PE;PF;PG;PH;PK;PL;PM;PN;PR;PS;PT;PW;PY;QA;RE;RO;RS;RU;RW;SA;SB;SC;SD;SE;SG;SH;SI;SJ;SK;SL;SM;SN;SO;SR;SS;ST;SV;SX;SY;SZ;TC;TD;TF;TG;TH;TJ;TK;TL;TM;TN;TO;TR;TT;TV;TW;TZ;UA;UG;UM;US;UY;UZ;VA;VC;VE;VG;VI;VN;VU;WF;WS;YE;YT;ZA;ZM;ZW,"Distribution availability, not artist nationality or audience geography.",metal; blade; metal blade records; Ensiferum; rum women victory; pagan metal; sabaton; powerwolf; amon amarth; alestorm; thalassic; victory songs; iron; Ensiferum iron; feuerschwanz; folk metal; Finnish metal; finntroll; turisas; battle beast; beast in black; Brothers of metal; eluveitie; wind rose; wintersun; orden ogan; skalmöld; twilight force; fesival summer; andromeda; finland; for sirens; amorphis; blind guardian; power metal,https://music.youtube.com/watch?v=9zUgqT94g1o,True,False,False,True,False,False,True,True,False,,OK,True,INDIFFERENT,False,https://i.ytimg.com/vi/9zUgqT94g1o/maxresdefault.jpg,"[{""url"": ""https://i.ytimg.com/vi/9zUgqT94g1o/hqdefault.jpg?sqp=-oaymwEWCJADEOEBIAQqCggAEOADGC0guwJIWg&rs=AMzJL3lFsJe6Cs5vpyQa8XLYGDvw6yGflA"", ""width"": 400, ""height"": 225}]",,,missing album browse id,YouTube Music internal web API via ytmusicapi; personalized playlist fetched with named auth profile.,13.0,58.333333,5.652129288,cumulative views of the exact recommended YouTube video,448879,5.652129288,Upper buffer,Buffer,"Frozen 83-song candidate pool captured 2026-06-29T19:44:09+00:00; Low <=7,505; lower buffer 7,506-19,756; Middle 19,757-243,792; upper buffer 243,793-1,223,809; High >=1,223,810 views.","Use view_count or popularity_log10_view_count for comparisons across users, weeks, and the original playlist. Do not use the within-Discover-Mix rank or percentile for cross-playlist comparisons because those are recalculated separately inside every 30-song mix.",Popularity is for the exact recommended video ID. Report or control video_type because this item is MUSIC_VIDEO_TYPE_OMV; ATV denotes an Art Track and OMV an official music video.
2026-07-28T18:12:11+00:00,user_05,Aysima Baba,Discover Mix,RDTMAK5uy_n_5IN6hzAOwdCnM8D8rzrs3vDl12UcZpA,https://music.youtube.com/playlist?list=RDTMAK5uy_n_5IN6hzAOwdCnM8D8rzrs3vDl12UcZpA,,,,52824,"Discover great music, picked just for you. Always updating.",10,dNFphskQJ48,https://music.youtube.com/watch?v=dNFphskQJ48,https://www.youtube.com/watch?v=dNFphskQJ48,Return of the King,Bruce Dickinson,UC18vB5KHtNwt7B_D8NYesRA,"[{""id"": ""UC18vB5KHtNwt7B_D8NYesRA"", ""name"": ""Bruce Dickinson"", ""subscribers_display"": ""176K"", ""subscribers_approx"": 176000, ""channel_views"": 75717007, ""description"": ""Renowned around the world as one of the greatest and most distinctive heavy metal vocalists of all time, Bruce Dickinson is best known as the lead singer of the iconic British band, Iron Maiden, who he joined in 1981 and who have sold well over 100 million albums. He has also become globally renowned as an author, pilot, broadcaster, brewer, businessman, sportsman, spoken-word performer, screenwriter and internationally successful solo artist. \n\nHis first solo album, Tattooed Millionaire, was released in May 1990, with its follow-up Balls To Picasso four years later (1994). It was on this second album that Dickinson first started working with guitarist Roy Z and despite a one album hiatus, he was joined again by him for all his subsequent solo studio albums - Accident Of Birth (1997), The Chemical Wedding (1998) and Tyranny Of Souls (2005).\n\nAlways on the back burner was a desire to create another solo musical project and in 2021 Dickinson finally had the opportunity to focus on that anew. He turned once more to Roy Z to work on some unfinished ideas together and that rapidly became his seventh studio album, The Mandrake Project, which is out now!\n\nWith The Mandrake Project the celebrated polymath is creating a whole new world in music, and beyond. The Mandrake Project could well be the crowning achievement of Dickinson’s solo career… so far!"", ""song_shelf_count"": 5, ""album_shelf_count"": 10, ""single_shelf_count"": 8, ""video_shelf_count"": 10, ""lookup_error"": """"}]",UC18vB5KHtNwt7B_D8NYesRA,Bruce Dickinson,176K,176000,75717007,"Renowned around the world as one of the greatest and most distinctive heavy metal vocalists of all time, Bruce Dickinson is best known as the lead singer of the iconic British band, Iron Maiden, who he joined in 1981 and who have sold well over 100 million albums. He has also become globally renowned as an author, pilot, broadcaster, brewer, businessman, sportsman, spoken-word performer, screenwriter and internationally successful solo artist. 

His first solo album, Tattooed Millionaire, was released in May 1990, with its follow-up Balls To Picasso four years later (1994). It was on this second album that Dickinson first started working with guitarist Roy Z and despite a one album hiatus, he was joined again by him for all his subsequent solo studio albums - Accident Of Birth (1997), The Chemical Wedding (1998) and Tyranny Of Souls (2005).

Always on the back burner was a desire to create another solo musical project and in 2021 Dickinson finally had the opportunity to focus on that anew. He turned once more to Roy Z to work on some unfinished ideas together and that rapidly became his seventh studio album, The Mandrake Project, which is out now!

With The Mandrake Project the celebrated polymath is creating a whole new world in music, and beyond. The Mandrake Project could well be the crowning achievement of Dickinson’s solo career… so far!",5,10,8,10,,,,,,,,,,,5:09,309,MUSIC_VIDEO_TYPE_OMV,41823,,ytmusicapi player response videoDetails.viewCount,,,Not exposed by this YouTube Music endpoint; official YouTube Data API credentials are required.,Music,2024-05-21T09:00:36-07:00,2024-05-21T09:00:36-07:00,Bruce Dickinson,UCuxB-cofMU3KfWkX19q4s0w,http://www.youtube.com/@BruceDickinsonYT,249,AD;AE;AF;AG;AI;AL;AM;AO;AQ;AR;AS;AT;AU;AW;AX;AZ;BA;BB;BD;BE;BF;BG;BH;BI;BJ;BL;BM;BN;BO;BQ;BR;BS;BT;BV;BW;BY;BZ;CA;CC;CD;CF;CG;CH;CI;CK;CL;CM;CN;CO;CR;CU;CV;CW;CX;CY;CZ;DE;DJ;DK;DM;DO;DZ;EC;EE;EG;EH;ER;ES;ET;FI;FJ;FK;FM;FO;FR;GA;GB;GD;GE;GF;GG;GH;GI;GL;GM;GN;GP;GQ;GR;GS;GT;GU;GW;GY;HK;HM;HN;HR;HT;HU;ID;IE;IL;IM;IN;IO;IQ;IR;IS;IT;JE;JM;JO;JP;KE;KG;KH;KI;KM;KN;KP;KR;KW;KY;KZ;LA;LB;LC;LI;LK;LR;LS;LT;LU;LV;LY;MA;MC;MD;ME;MF;MG;MH;MK;ML;MM;MN;MO;MP;MQ;MR;MS;MT;MU;MV;MW;MX;MY;MZ;NA;NC;NE;NF;NG;NI;NL;NO;NP;NR;NU;NZ;OM;PA;PE;PF;PG;PH;PK;PL;PM;PN;PR;PS;PT;PW;PY;QA;RE;RO;RS;RU;RW;SA;SB;SC;SD;SE;SG;SH;SI;SJ;SK;SL;SM;SN;SO;SR;SS;ST;SV;SX;SY;SZ;TC;TD;TF;TG;TH;TJ;TK;TL;TM;TN;TO;TR;TT;TV;TW;TZ;UA;UG;UM;US;UY;UZ;VA;VC;VE;VG;VI;VN;VU;WF;WS;YE;YT;ZA;ZM;ZW,"Distribution availability, not artist nationality or audience geography.",Bruce dickinson; Bruce Dickinson; bruce dicinson; bruce dick; bruce Iron Maiden; Iron Maiden; iron maden; bruce Dickinson mandrake; mandrake; mandrake project; bruce Dickinson tour 2024; Iron Maiden tour 2024; afterglow of ragnorak; on the graves; Dickinson; Iron Maiden bruce; Dickinson Iron Maiden; tears of the dragon; Steve Harris; bruce Dickinson band; the mandrake project; bruce Dickinson Iron Maiden; bruce Dickinson pilot; rock; metal; heavy metal; metal legend,https://music.youtube.com/watch?v=dNFphskQJ48,True,False,False,True,False,False,True,True,False,,OK,True,INDIFFERENT,False,https://i.ytimg.com/vi/dNFphskQJ48/maxresdefault.jpg,"[{""url"": ""https://i.ytimg.com/vi/dNFphskQJ48/hqdefault.jpg?sqp=-oaymwEWCJADEOEBIAQqCggAEOADGC0guwJIWg&rs=AMzJL3mYGLf7KfnuArUGv5ZbH3fUT1xOvA"", ""width"": 400, ""height"": 225}]",,,missing album browse id,YouTube Music internal web API via ytmusicapi; personalized playlist fetched with named auth profile.,27.0,11.666667,4.621415182,cumulative views of the exact recommended YouTube video,41823,4.621415182,Middle,Middle,"Frozen 83-song candidate pool captured 2026-06-29T19:44:09+00:00; Low <=7,505; lower buffer 7,506-19,756; Middle 19,757-243,792; upper buffer 243,793-1,223,809; High >=1,223,810 views.","Use view_count or popularity_log10_view_count for comparisons across users, weeks, and the original playlist. Do not use the within-Discover-Mix rank or percentile for cross-playlist comparisons because those are recalculated separately inside every 30-song mix.",Popularity is for the exact recommended video ID. Report or control video_type because this item is MUSIC_VIDEO_TYPE_OMV; ATV denotes an Art Track and OMV an official music video.
2026-07-28T18:12:11+00:00,user_05,Aysima Baba,Discover Mix,RDTMAK5uy_n_5IN6hzAOwdCnM8D8rzrs3vDl12UcZpA,https://music.youtube.com/playlist?list=RDTMAK5uy_n_5IN6hzAOwdCnM8D8rzrs3vDl12UcZpA,,,,52824,"Discover great music, picked just for you. Always updating.",11,KmqgRAXygDg,https://music.youtube.com/watch?v=KmqgRAXygDg,https://www.youtube.com/watch?v=KmqgRAXygDg,Amen & Attack,Powerwolf,UC9LO_ioQYQay7CrsbacNqBQ,"[{""id"": ""UC9LO_ioQYQay7CrsbacNqBQ"", ""name"": ""Powerwolf"", ""subscribers_display"": ""435K"", ""subscribers_approx"": 435000, ""channel_views"": 350503034, ""description"": ""Powerwolf is a German power metal band founded in 2004 in Saarbrücken by members of Red Aim. The band consists of vocalist Karsten Brill as \""Attila Dorn\"", lead guitarist Benjamin Buss as \""Matthew Greywolf\"", bassist/rhythm guitarist David Vogt as \""Charles Greywolf\"", keyboardist Christian Jost as \""Falk Maria Schlegel\"" and drummer Roel van Helden. The group uses religious themes and images, contrary to traditional power metal music, as well as corpse paint, gothic-tinged compositions and songs about werewolf and vampire legends.\nThey released their debut album, Return in Bloodred, in 2005. Their second album, Lupus Dei, was released in 2007. The band entered the official German charts for the first time in 2009 with their third album, Bible of the Beast. Shortly after its release, their first drummer Stefan Gemballa left the band. He was replaced by Tom Diener, who was replaced in 2011 by Roel van Helden. In the same year, the band released their fourth album, Blood of the Saints. In 2012, Powerwolf signed with Napalm Records and released Preachers of the Night in 2013. It has debuted at No. 1 in Germany.\n\nFrom Wikipedia ("", ""song_shelf_count"": 5, ""album_shelf_count"": 10, ""single_shelf_count"": 10, ""video_shelf_count"": 10, ""lookup_error"": """"}]",UC9LO_ioQYQay7CrsbacNqBQ,Powerwolf,435K,435000,350503034,"Powerwolf is a German power metal band founded in 2004 in Saarbrücken by members of Red Aim. The band consists of vocalist Karsten Brill as ""Attila Dorn"", lead guitarist Benjamin Buss as ""Matthew Greywolf"", bassist/rhythm guitarist David Vogt as ""Charles Greywolf"", keyboardist Christian Jost as ""Falk Maria Schlegel"" and drummer Roel van Helden. The group uses religious themes and images, contrary to traditional power metal music, as well as corpse paint, gothic-tinged compositions and songs about werewolf and vampire legends.
They released their debut album, Return in Bloodred, in 2005. Their second album, Lupus Dei, was released in 2007. The band entered the official German charts for the first time in 2009 with their third album, Bible of the Beast. Shortly after its release, their first drummer Stefan Gemballa left the band. He was replaced by Tom Diener, who was replaced in 2011 by Roel van Helden. In the same year, the band released their fourth album, Blood of the Saints. In 2012, Powerwolf signed with Napalm Records and released Preachers of the Night in 2013. It has debuted at No. 1 in Germany.

From Wikipedia (",5,10,10,10,,,,,,,,,,,4:38,278,MUSIC_VIDEO_TYPE_OMV,16710866,,ytmusicapi player response videoDetails.viewCount,,,Not exposed by this YouTube Music endpoint; official YouTube Data API credentials are required.,Entertainment,2013-06-28T01:15:24-07:00,2013-06-28T01:15:24-07:00,Napalm Records,UCG7AaCh_CiG6pq_rRDNw72A,http://www.youtube.com/@napalmrecords,249,AD;AE;AF;AG;AI;AL;AM;AO;AQ;AR;AS;AT;AU;AW;AX;AZ;BA;BB;BD;BE;BF;BG;BH;BI;BJ;BL;BM;BN;BO;BQ;BR;BS;BT;BV;BW;BY;BZ;CA;CC;CD;CF;CG;CH;CI;CK;CL;CM;CN;CO;CR;CU;CV;CW;CX;CY;CZ;DE;DJ;DK;DM;DO;DZ;EC;EE;EG;EH;ER;ES;ET;FI;FJ;FK;FM;FO;FR;GA;GB;GD;GE;GF;GG;GH;GI;GL;GM;GN;GP;GQ;GR;GS;GT;GU;GW;GY;HK;HM;HN;HR;HT;HU;ID;IE;IL;IM;IN;IO;IQ;IR;IS;IT;JE;JM;JO;JP;KE;KG;KH;KI;KM;KN;KP;KR;KW;KY;KZ;LA;LB;LC;LI;LK;LR;LS;LT;LU;LV;LY;MA;MC;MD;ME;MF;MG;MH;MK;ML;MM;MN;MO;MP;MQ;MR;MS;MT;MU;MV;MW;MX;MY;MZ;NA;NC;NE;NF;NG;NI;NL;NO;NP;NR;NU;NZ;OM;PA;PE;PF;PG;PH;PK;PL;PM;PN;PR;PS;PT;PW;PY;QA;RE;RO;RS;RU;RW;SA;SB;SC;SD;SE;SG;SH;SI;SJ;SK;SL;SM;SN;SO;SR;SS;ST;SV;SX;SY;SZ;TC;TD;TF;TG;TH;TJ;TK;TL;TM;TN;TO;TR;TT;TV;TW;TZ;UA;UG;UM;US;UY;UZ;VA;VC;VE;VG;VI;VN;VU;WF;WS;YE;YT;ZA;ZM;ZW,"Distribution availability, not artist nationality or audience geography.",Napalm; Records; Channel; powerwolf; amen; attack; preachers; the; night; metal; powermetal; heavy; christian; anti-christian; mass; wolfes; wölfe; german; romanian; attila; chartstürmer; charts; winner; first; wolfsnächte; 2013; grave digger; nprtop10,https://music.youtube.com/watch?v=KmqgRAXygDg,True,False,False,True,False,False,True,True,False,,OK,True,INDIFFERENT,False,https://i.ytimg.com/vi/KmqgRAXygDg/maxresdefault.jpg,"[{""url"": ""https://i.ytimg.com/vi/KmqgRAXygDg/hqdefault.jpg?sqp=-oaymwEWCJADEOEBIAQqCggAEOADGC0guwJIWg&rs=AMzJL3l_CBAsFapDgSLaUKoLtrhI4o6FDQ"", ""width"": 400, ""height"": 225}]",,,missing album browse id,YouTube Music internal web API via ytmusicapi; personalized playlist fetched with named auth profile.,1.0,98.333333,7.222998957,cumulative views of the exact recommended YouTube video,16710866,7.222998957,High,High,"Frozen 83-song candidate pool captured 2026-06-29T19:44:09+00:00; Low <=7,505; lower buffer 7,506-19,756; Middle 19,757-243,792; upper buffer 243,793-1,223,809; High >=1,223,810 views.","Use view_count or popularity_log10_view_count for comparisons across users, weeks, and the original playlist. Do not use the within-Discover-Mix rank or percentile for cross-playlist comparisons because those are recalculated separately inside every 30-song mix.",Popularity is for the exact recommended video ID. Report or control video_type because this item is MUSIC_VIDEO_TYPE_OMV; ATV denotes an Art Track and OMV an official music video.
2026-07-28T18:12:11+00:00,user_05,Aysima Baba,Discover Mix,RDTMAK5uy_n_5IN6hzAOwdCnM8D8rzrs3vDl12UcZpA,https://music.youtube.com/playlist?list=RDTMAK5uy_n_5IN6hzAOwdCnM8D8rzrs3vDl12UcZpA,,,,52824,"Discover great music, picked just for you. Always updating.",12,HADrV6wh1fk,https://music.youtube.com/watch?v=HADrV6wh1fk,https://www.youtube.com/watch?v=HADrV6wh1fk,Kind Hearted Light,Masterplan,UCQm2l9VFAwCEMR2zydt9y6w,"[{""id"": ""UCQm2l9VFAwCEMR2zydt9y6w"", ""name"": ""Masterplan"", ""subscribers_display"": ""10.1K"", ""subscribers_approx"": 10100, ""channel_views"": 8152919, ""description"": ""Masterplan is a German power metal band founded by guitarist Roland Grapow and drummer Uli Kusch upon leaving Helloween in 2001.\n\nFrom Wikipedia ("", ""song_shelf_count"": 5, ""album_shelf_count"": 8, ""single_shelf_count"": 10, ""video_shelf_count"": 10, ""lookup_error"": """"}]",UCQm2l9VFAwCEMR2zydt9y6w,Masterplan,10.1K,10100,8152919,"Masterplan is a German power metal band founded by guitarist Roland Grapow and drummer Uli Kusch upon leaving Helloween in 2001.

From Wikipedia (",5,8,10,10,MPREb_liof3jIuBv6,Enlighten Me,Single,2002,5,21 minutes,1288,OLAK5uy_lXEyMZiLNd951Pe0w5SRsSnjJpxraZDUs,Masterplan,,4:26,266,MUSIC_VIDEO_TYPE_ATV,314054,,ytmusicapi player response videoDetails.viewCount,,,Not exposed by this YouTube Music endpoint; official YouTube Data API credentials are required.,Music,2015-01-18T19:19:16-08:00,2015-01-18T19:19:16-08:00,Masterplan - Topic,UCQm2l9VFAwCEMR2zydt9y6w,http://www.youtube.com/channel/UCQm2l9VFAwCEMR2zydt9y6w,249,AD;AE;AF;AG;AI;AL;AM;AO;AQ;AR;AS;AT;AU;AW;AX;AZ;BA;BB;BD;BE;BF;BG;BH;BI;BJ;BL;BM;BN;BO;BQ;BR;BS;BT;BV;BW;BY;BZ;CA;CC;CD;CF;CG;CH;CI;CK;CL;CM;CN;CO;CR;CU;CV;CW;CX;CY;CZ;DE;DJ;DK;DM;DO;DZ;EC;EE;EG;EH;ER;ES;ET;FI;FJ;FK;FM;FO;FR;GA;GB;GD;GE;GF;GG;GH;GI;GL;GM;GN;GP;GQ;GR;GS;GT;GU;GW;GY;HK;HM;HN;HR;HT;HU;ID;IE;IL;IM;IN;IO;IQ;IR;IS;IT;JE;JM;JO;JP;KE;KG;KH;KI;KM;KN;KP;KR;KW;KY;KZ;LA;LB;LC;LI;LK;LR;LS;LT;LU;LV;LY;MA;MC;MD;ME;MF;MG;MH;MK;ML;MM;MN;MO;MP;MQ;MR;MS;MT;MU;MV;MW;MX;MY;MZ;NA;NC;NE;NF;NG;NI;NL;NO;NP;NR;NU;NZ;OM;PA;PE;PF;PG;PH;PK;PL;PM;PN;PR;PS;PT;PW;PY;QA;RE;RO;RS;RU;RW;SA;SB;SC;SD;SE;SG;SH;SI;SJ;SK;SL;SM;SN;SO;SR;SS;ST;SV;SX;SY;SZ;TC;TD;TF;TG;TH;TJ;TK;TL;TM;TN;TO;TR;TT;TV;TW;TZ;UA;UG;UM;US;UY;UZ;VA;VC;VE;VG;VI;VN;VU;WF;WS;YE;YT;ZA;ZM;ZW,"Distribution availability, not artist nationality or audience geography.",Masterplan; Enlighten Me; Kind Hearted Light,https://music.youtube.com/watch?v=HADrV6wh1fk,True,False,False,True,False,False,True,True,False,False,OK,True,INDIFFERENT,False,https://i.ytimg.com/vi/HADrV6wh1fk/maxresdefault.jpg,"[{""url"": ""https://yt3.googleusercontent.com/YfXxhqw5yTpNKixnvZSBxmjCmJZYYJG78bGq2dB8iN6n1HRA_BoaWs1LuNR_4WzG1M3RzUy1IpPVhATH=w60-h60-l90-rj"", ""width"": 60, ""height"": 60}, {""url"": ""https://yt3.googleusercontent.com/YfXxhqw5yTpNKixnvZSBxmjCmJZYYJG78bGq2dB8iN6n1HRA_BoaWs1LuNR_4WzG1M3RzUy1IpPVhATH=w120-h120-l90-rj"", ""width"": 120, ""height"": 120}]",,,,YouTube Music internal web API via ytmusicapi; personalized playlist fetched with named auth profile.,18.0,41.666667,5.497004329,cumulative views of the exact recommended YouTube video,314054,5.497004329,Upper buffer,Buffer,"Frozen 83-song candidate pool captured 2026-06-29T19:44:09+00:00; Low <=7,505; lower buffer 7,506-19,756; Middle 19,757-243,792; upper buffer 243,793-1,223,809; High >=1,223,810 views.","Use view_count or popularity_log10_view_count for comparisons across users, weeks, and the original playlist. Do not use the within-Discover-Mix rank or percentile for cross-playlist comparisons because those are recalculated separately inside every 30-song mix.",Popularity is for the exact recommended video ID. Report or control video_type because this item is MUSIC_VIDEO_TYPE_ATV; ATV denotes an Art Track and OMV an official music video.
2026-07-28T18:12:11+00:00,user_05,Aysima Baba,Discover Mix,RDTMAK5uy_n_5IN6hzAOwdCnM8D8rzrs3vDl12UcZpA,https://music.youtube.com/playlist?list=RDTMAK5uy_n_5IN6hzAOwdCnM8D8rzrs3vDl12UcZpA,,,,52824,"Discover great music, picked just for you. Always updating.",13,haS4Kvsx6rQ,https://music.youtube.com/watch?v=haS4Kvsx6rQ,https://www.youtube.com/watch?v=haS4Kvsx6rQ,The Fairies Dance,Tungsten,UCXZL5WaWwdiGOlJb0JRwpKQ,"[{""id"": ""UCXZL5WaWwdiGOlJb0JRwpKQ"", ""name"": ""Tungsten"", ""subscribers_display"": ""6.4K"", ""subscribers_approx"": 6400, ""channel_views"": 3355693, ""description"": ""Tungsten is a Swedish power metal band formed by ex-HammerFall drummer Anders Johansson and his two sons.\n\nFrom Wikipedia ("", ""song_shelf_count"": 5, ""album_shelf_count"": 4, ""single_shelf_count"": 10, ""video_shelf_count"": 10, ""lookup_error"": """"}]",UCXZL5WaWwdiGOlJb0JRwpKQ,Tungsten,6.4K,6400,3355693,"Tungsten is a Swedish power metal band formed by ex-HammerFall drummer Anders Johansson and his two sons.

From Wikipedia (",5,4,10,10,,,,,,,,,,,4:06,246,MUSIC_VIDEO_TYPE_OMV,272917,,ytmusicapi player response videoDetails.viewCount,,,Not exposed by this YouTube Music endpoint; official YouTube Data API credentials are required.,Music,2019-08-16T06:57:51-07:00,2019-08-16T06:57:51-07:00,Arising Empire,UCYksGW7JYYv53UkN8Sitxyw,http://www.youtube.com/@ArisingEmpire,249,AD;AE;AF;AG;AI;AL;AM;AO;AQ;AR;AS;AT;AU;AW;AX;AZ;BA;BB;BD;BE;BF;BG;BH;BI;BJ;BL;BM;BN;BO;BQ;BR;BS;BT;BV;BW;BY;BZ;CA;CC;CD;CF;CG;CH;CI;CK;CL;CM;CN;CO;CR;CU;CV;CW;CX;CY;CZ;DE;DJ;DK;DM;DO;DZ;EC;EE;EG;EH;ER;ES;ET;FI;FJ;FK;FM;FO;FR;GA;GB;GD;GE;GF;GG;GH;GI;GL;GM;GN;GP;GQ;GR;GS;GT;GU;GW;GY;HK;HM;HN;HR;HT;HU;ID;IE;IL;IM;IN;IO;IQ;IR;IS;IT;JE;JM;JO;JP;KE;KG;KH;KI;KM;KN;KP;KR;KW;KY;KZ;LA;LB;LC;LI;LK;LR;LS;LT;LU;LV;LY;MA;MC;MD;ME;MF;MG;MH;MK;ML;MM;MN;MO;MP;MQ;MR;MS;MT;MU;MV;MW;MX;MY;MZ;NA;NC;NE;NF;NG;NI;NL;NO;NP;NR;NU;NZ;OM;PA;PE;PF;PG;PH;PK;PL;PM;PN;PR;PS;PT;PW;PY;QA;RE;RO;RS;RU;RW;SA;SB;SC;SD;SE;SG;SH;SI;SJ;SK;SL;SM;SN;SO;SR;SS;ST;SV;SX;SY;SZ;TC;TD;TF;TG;TH;TJ;TK;TL;TM;TN;TO;TR;TT;TV;TW;TZ;UA;UG;UM;US;UY;UZ;VA;VC;VE;VG;VI;VN;VU;WF;WS;YE;YT;ZA;ZM;ZW,"Distribution availability, not artist nationality or audience geography.",Arising; Empire; Tungsten; We Will Rise; Powermetal; Swedish Metal; Powerwolf; Avantasia; Rhapsody; Rhapsody Of Fire; Nightwish; Sabaton; Dragonforce; Blind Guardian; Hammerfall; Sonata Arctica; Edguy,https://music.youtube.com/watch?v=haS4Kvsx6rQ,True,False,False,True,False,False,True,True,False,,OK,True,INDIFFERENT,False,https://i.ytimg.com/vi/haS4Kvsx6rQ/maxresdefault.jpg,"[{""url"": ""https://i.ytimg.com/vi/haS4Kvsx6rQ/hqdefault.jpg?sqp=-oaymwEWCJADEOEBIAQqCggAEOADGC0guwJIWg&rs=AMzJL3mn7OnUXAr_Ch-R4gZ3kGqIuE_mLw"", ""width"": 400, ""height"": 225}]",,,missing album browse id,YouTube Music internal web API via ytmusicapi; personalized playlist fetched with named auth profile.,20.0,35.0,5.436030589,cumulative views of the exact recommended YouTube video,272917,5.436030589,Upper buffer,Buffer,"Frozen 83-song candidate pool captured 2026-06-29T19:44:09+00:00; Low <=7,505; lower buffer 7,506-19,756; Middle 19,757-243,792; upper buffer 243,793-1,223,809; High >=1,223,810 views.","Use view_count or popularity_log10_view_count for comparisons across users, weeks, and the original playlist. Do not use the within-Discover-Mix rank or percentile for cross-playlist comparisons because those are recalculated separately inside every 30-song mix.",Popularity is for the exact recommended video ID. Report or control video_type because this item is MUSIC_VIDEO_TYPE_OMV; ATV denotes an Art Track and OMV an official music video.
2026-07-28T18:12:11+00:00,user_05,Aysima Baba,Discover Mix,RDTMAK5uy_n_5IN6hzAOwdCnM8D8rzrs3vDl12UcZpA,https://music.youtube.com/playlist?list=RDTMAK5uy_n_5IN6hzAOwdCnM8D8rzrs3vDl12UcZpA,,,,52824,"Discover great music, picked just for you. Always updating.",14,9QYLAQ1q4RU,https://music.youtube.com/watch?v=9QYLAQ1q4RU,https://www.youtube.com/watch?v=9QYLAQ1q4RU,Brothers of the Road,KK's Priest,UCliRcXwIgFPm7ZlpwRlsLqA,"[{""id"": ""UCliRcXwIgFPm7ZlpwRlsLqA"", ""name"": ""KK's Priest"", ""subscribers_display"": ""10.4K"", ""subscribers_approx"": 10400, ""channel_views"": 1902966, ""description"": ""KK's Priest are an English heavy metal band, formed by former Judas Priest guitarist, K. K. Downing in 2019.\n\nFrom Wikipedia ("", ""song_shelf_count"": 5, ""album_shelf_count"": 2, ""single_shelf_count"": 3, ""video_shelf_count"": 10, ""lookup_error"": """"}]",UCliRcXwIgFPm7ZlpwRlsLqA,KK's Priest,10.4K,10400,1902966,"KK's Priest are an English heavy metal band, formed by former Judas Priest guitarist, K. K. Downing in 2019.

From Wikipedia (",5,2,3,10,,,,,,,,,,,3:31,211,MUSIC_VIDEO_TYPE_OMV,922948,,ytmusicapi player response videoDetails.viewCount,,,Not exposed by this YouTube Music endpoint; official YouTube Data API credentials are required.,People & Blogs,2021-07-23T17:28:13-07:00,2021-07-23T17:28:13-07:00,KKs Priest,UCeG76Mc8GkqHa0YGbpkQCgw,http://www.youtube.com/@KKsPriest,249,AD;AE;AF;AG;AI;AL;AM;AO;AQ;AR;AS;AT;AU;AW;AX;AZ;BA;BB;BD;BE;BF;BG;BH;BI;BJ;BL;BM;BN;BO;BQ;BR;BS;BT;BV;BW;BY;BZ;CA;CC;CD;CF;CG;CH;CI;CK;CL;CM;CN;CO;CR;CU;CV;CW;CX;CY;CZ;DE;DJ;DK;DM;DO;DZ;EC;EE;EG;EH;ER;ES;ET;FI;FJ;FK;FM;FO;FR;GA;GB;GD;GE;GF;GG;GH;GI;GL;GM;GN;GP;GQ;GR;GS;GT;GU;GW;GY;HK;HM;HN;HR;HT;HU;ID;IE;IL;IM;IN;IO;IQ;IR;IS;IT;JE;JM;JO;JP;KE;KG;KH;KI;KM;KN;KP;KR;KW;KY;KZ;LA;LB;LC;LI;LK;LR;LS;LT;LU;LV;LY;MA;MC;MD;ME;MF;MG;MH;MK;ML;MM;MN;MO;MP;MQ;MR;MS;MT;MU;MV;MW;MX;MY;MZ;NA;NC;NE;NF;NG;NI;NL;NO;NP;NR;NU;NZ;OM;PA;PE;PF;PG;PH;PK;PL;PM;PN;PR;PS;PT;PW;PY;QA;RE;RO;RS;RU;RW;SA;SB;SC;SD;SE;SG;SH;SI;SJ;SK;SL;SM;SN;SO;SR;SS;ST;SV;SX;SY;SZ;TC;TD;TF;TG;TH;TJ;TK;TL;TM;TN;TO;TR;TT;TV;TW;TZ;UA;UG;UM;US;UY;UZ;VA;VC;VE;VG;VI;VN;VU;WF;WS;YE;YT;ZA;ZM;ZW,"Distribution availability, not artist nationality or audience geography.",,https://music.youtube.com/watch?v=9QYLAQ1q4RU,True,False,False,True,False,False,True,True,False,,OK,True,INDIFFERENT,False,https://i.ytimg.com/vi/9QYLAQ1q4RU/maxresdefault.jpg,"[{""url"": ""https://i.ytimg.com/vi/9QYLAQ1q4RU/hqdefault.jpg?sqp=-oaymwEWCJADEOEBIAQqCggAEOADGC0guwJIWg&rs=AMzJL3ktB3WCxRJhp39QfVJqmUbSV79Dlw"", ""width"": 400, ""height"": 225}]",,,missing album browse id,YouTube Music internal web API via ytmusicapi; personalized playlist fetched with named auth profile.,9.0,71.666667,5.965177233,cumulative views of the exact recommended YouTube video,922948,5.965177233,Upper buffer,Buffer,"Frozen 83-song candidate pool captured 2026-06-29T19:44:09+00:00; Low <=7,505; lower buffer 7,506-19,756; Middle 19,757-243,792; upper buffer 243,793-1,223,809; High >=1,223,810 views.","Use view_count or popularity_log10_view_count for comparisons across users, weeks, and the original playlist. Do not use the within-Discover-Mix rank or percentile for cross-playlist comparisons because those are recalculated separately inside every 30-song mix.",Popularity is for the exact recommended video ID. Report or control video_type because this item is MUSIC_VIDEO_TYPE_OMV; ATV denotes an Art Track and OMV an official music video.
2026-07-28T18:12:11+00:00,user_05,Aysima Baba,Discover Mix,RDTMAK5uy_n_5IN6hzAOwdCnM8D8rzrs3vDl12UcZpA,https://music.youtube.com/playlist?list=RDTMAK5uy_n_5IN6hzAOwdCnM8D8rzrs3vDl12UcZpA,,,,52824,"Discover great music, picked just for you. Always updating.",15,EgCCQVMIhcA,https://music.youtube.com/watch?v=EgCCQVMIhcA,https://www.youtube.com/watch?v=EgCCQVMIhcA,My Walden,Nightwish,UCnDibivBAgWYKWi9qOiCNnA,"[{""id"": ""UCnDibivBAgWYKWi9qOiCNnA"", ""name"": ""Nightwish"", ""subscribers_display"": ""1.87M"", ""subscribers_approx"": 1870000, ""channel_views"": 1309290185, ""description"": ""Nightwish were formed in Kitee, Finland, in 1997 by keyboardist Tuomas Holopainen. Nightwish's demos landed them a contract with the Finnish label Spinefarm, which released their debut album, Angels Fall First, in late 1997. The follow-up, Oceanborn, appeared in late 1998 and made Nightwish a mainstream success in their homeland.\n\nTheir third album, Wishmaster topped the Finnish charts. Released in 2002, Century Child proved a massive hit in Finland and around Europe, but 2004's Once saw them go one step further and conquer Europe. Marko Hietala was now on bass, replacing Sami Vänskä, while in 2005 Swedish singer Anette Olzon replaced Tarja Turunen. Dark Passion Play (2007) and the concept album Imaginaerum (2011) both featured Olzon before she and the band parted ways in 2012.\n\nAt short notice, ex-After Forever frontwoman Floor Jansen stepped in to take over on lead vocal duties. She was embraced immediately by their passionate fans, and was soon made a permanent member, alongside English piper Troy Donockley. Endless Forms Most Beautiful placed on no less than ten different charts including the Top 200 (number 34) and hard rock charts (number two). \n\nDecades, a double-length compilation album was released in March of 2018, and coincided with Nightwish's 20th anniversary world tour. After this Nightwish released a live recording of this very tour as Decades: Live in Buenos Aires. The latest album of Nightwish, \""Human. :||: Nature.\"" is out now!"", ""song_shelf_count"": 5, ""album_shelf_count"": 10, ""single_shelf_count"": 10, ""video_shelf_count"": 10, ""lookup_error"": """"}]",UCnDibivBAgWYKWi9qOiCNnA,Nightwish,1.87M,1870000,1309290185,"Nightwish were formed in Kitee, Finland, in 1997 by keyboardist Tuomas Holopainen. Nightwish's demos landed them a contract with the Finnish label Spinefarm, which released their debut album, Angels Fall First, in late 1997. The follow-up, Oceanborn, appeared in late 1998 and made Nightwish a mainstream success in their homeland.

Their third album, Wishmaster topped the Finnish charts. Released in 2002, Century Child proved a massive hit in Finland and around Europe, but 2004's Once saw them go one step further and conquer Europe. Marko Hietala was now on bass, replacing Sami Vänskä, while in 2005 Swedish singer Anette Olzon replaced Tarja Turunen. Dark Passion Play (2007) and the concept album Imaginaerum (2011) both featured Olzon before she and the band parted ways in 2012.

At short notice, ex-After Forever frontwoman Floor Jansen stepped in to take over on lead vocal duties. She was embraced immediately by their passionate fans, and was soon made a permanent member, alongside English piper Troy Donockley. Endless Forms Most Beautiful placed on no less than ten different charts including the Top 200 (number 34) and hard rock charts (number two). 

Decades, a double-length compilation album was released in March of 2018, and coincided with Nightwish's 20th anniversary world tour. After this Nightwish released a live recording of this very tour as Decades: Live in Buenos Aires. The latest album of Nightwish, ""Human. :||: Nature."" is out now!",5,10,10,10,MPREb_k7OsrM6xtP5,Endless Forms Most Beautiful (Deluxe Edition),Album,2015,22,"2 hours, 38 minutes",9483,OLAK5uy_nFExOyaB_o1BRBsjOXwawwfehSu_-i0es,Nightwish,"Endless Forms Most Beautiful is the eighth studio album by the Finnish symphonic metal band Nightwish. It was released on 25 March 2015 in Japan, 27 March in Argentina and most of Europe, 30 March in the UK and 31 March in the US. The album is the band's first featuring singer Floor Jansen and the first with Troy Donockley as a full-time member. It was also the first without drummer Jukka Nevalainen, who took a break from the band due to severe insomnia. Drumming was provided by Kai Hahto of Wintersun and Swallow the Sun. The album includes only five Nightwish members, despite its being their first album release as a sextet.
Unlike its predecessor Imaginaerum, which has themes of imagination and fantasy, Endless Forms Most Beautiful addresses science and reason. Focusing on the evolutionary theories of Charles Darwin and Richard Dawkins, the latter part of the album cites passages from their books. Both authors influenced album tracks; The Ancestor's Tale inspired ""Endless Forms Most Beautiful"", and The Greatest Show on Earth: The Evidence for Evolution inspired ""The Greatest Show on Earth"". Some songs, such as ""Edema Ruh"", still have fanciful themes.

From Wikipedia (",4:40,280,MUSIC_VIDEO_TYPE_ATV,382436,,ytmusicapi player response videoDetails.viewCount,,,Not exposed by this YouTube Music endpoint; official YouTube Data API credentials are required.,Music,2019-04-20T07:04:53-07:00,2019-04-20T07:04:53-07:00,Nightwish - Topic,UCnDibivBAgWYKWi9qOiCNnA,http://www.youtube.com/channel/UCnDibivBAgWYKWi9qOiCNnA,249,AD;AE;AF;AG;AI;AL;AM;AO;AQ;AR;AS;AT;AU;AW;AX;AZ;BA;BB;BD;BE;BF;BG;BH;BI;BJ;BL;BM;BN;BO;BQ;BR;BS;BT;BV;BW;BY;BZ;CA;CC;CD;CF;CG;CH;CI;CK;CL;CM;CN;CO;CR;CU;CV;CW;CX;CY;CZ;DE;DJ;DK;DM;DO;DZ;EC;EE;EG;EH;ER;ES;ET;FI;FJ;FK;FM;FO;FR;GA;GB;GD;GE;GF;GG;GH;GI;GL;GM;GN;GP;GQ;GR;GS;GT;GU;GW;GY;HK;HM;HN;HR;HT;HU;ID;IE;IL;IM;IN;IO;IQ;IR;IS;IT;JE;JM;JO;JP;KE;KG;KH;KI;KM;KN;KP;KR;KW;KY;KZ;LA;LB;LC;LI;LK;LR;LS;LT;LU;LV;LY;MA;MC;MD;ME;MF;MG;MH;MK;ML;MM;MN;MO;MP;MQ;MR;MS;MT;MU;MV;MW;MX;MY;MZ;NA;NC;NE;NF;NG;NI;NL;NO;NP;NR;NU;NZ;OM;PA;PE;PF;PG;PH;PK;PL;PM;PN;PR;PS;PT;PW;PY;QA;RE;RO;RS;RU;RW;SA;SB;SC;SD;SE;SG;SH;SI;SJ;SK;SL;SM;SN;SO;SR;SS;ST;SV;SX;SY;SZ;TC;TD;TF;TG;TH;TJ;TK;TL;TM;TN;TO;TR;TT;TV;TW;TZ;UA;UG;UM;US;UY;UZ;VA;VC;VE;VG;VI;VN;VU;WF;WS;YE;YT;ZA;ZM;ZW,"Distribution availability, not artist nationality or audience geography.",Nightwish; Endless Forms Most Beautiful (Deluxe Version); My Walden,https://music.youtube.com/watch?v=EgCCQVMIhcA,True,False,False,True,False,False,True,True,False,False,OK,True,INDIFFERENT,False,https://i.ytimg.com/vi/EgCCQVMIhcA/maxresdefault.jpg,"[{""url"": ""https://yt3.googleusercontent.com/xm7l__w6N44sXVPLFd_NdO-c3vP1ECOdLqVcKuv3ixROfbdtlc2fbeSVRbO-b_iOSKAgca_PGAlsnUk=w60-h60-l90-rj"", ""width"": 60, ""height"": 60}, {""url"": ""https://yt3.googleusercontent.com/xm7l__w6N44sXVPLFd_NdO-c3vP1ECOdLqVcKuv3ixROfbdtlc2fbeSVRbO-b_iOSKAgca_PGAlsnUk=w120-h120-l90-rj"", ""width"": 120, ""height"": 120}]",,,,YouTube Music internal web API via ytmusicapi; personalized playlist fetched with named auth profile.,14.0,55.0,5.582558767,cumulative views of the exact recommended YouTube video,382436,5.582558767,Upper buffer,Buffer,"Frozen 83-song candidate pool captured 2026-06-29T19:44:09+00:00; Low <=7,505; lower buffer 7,506-19,756; Middle 19,757-243,792; upper buffer 243,793-1,223,809; High >=1,223,810 views.","Use view_count or popularity_log10_view_count for comparisons across users, weeks, and the original playlist. Do not use the within-Discover-Mix rank or percentile for cross-playlist comparisons because those are recalculated separately inside every 30-song mix.",Popularity is for the exact recommended video ID. Report or control video_type because this item is MUSIC_VIDEO_TYPE_ATV; ATV denotes an Art Track and OMV an official music video.
2026-07-28T18:12:11+00:00,user_05,Aysima Baba,Discover Mix,RDTMAK5uy_n_5IN6hzAOwdCnM8D8rzrs3vDl12UcZpA,https://music.youtube.com/playlist?list=RDTMAK5uy_n_5IN6hzAOwdCnM8D8rzrs3vDl12UcZpA,,,,52824,"Discover great music, picked just for you. Always updating.",16,GZZzLMSCm-M,https://music.youtube.com/watch?v=GZZzLMSCm-M,https://www.youtube.com/watch?v=GZZzLMSCm-M,Forever,Kamelot,UCTAwYvdtEjXhMt0HR7d44Eg,"[{""id"": ""UCTAwYvdtEjXhMt0HR7d44Eg"", ""name"": ""Kamelot"", ""subscribers_display"": ""157K"", ""subscribers_approx"": 157000, ""channel_views"": 88798685, ""description"": ""Kamelot is an American power metal band from Tampa, Florida, formed by Thomas Youngblood in 1987. The Norwegian vocalist Roy Khan joined for the album Siége Perilous, and shared songwriting credit with Youngblood until his departure in April 2011. On June 22, 2012, Youngblood announced on their website that their new vocalist would be the Swedish singer Tommy Karevik, who was first featured on Kamelot's album Silverthorn as the main vocalist, co-songwriter, and lyricist.\nAs of January 2026, Kamelot has released thirteen studio albums, three live albums, two live DVDs and twenty music videos.\n\nFrom Wikipedia ("", ""song_shelf_count"": 5, ""album_shelf_count"": 10, ""single_shelf_count"": 10, ""video_shelf_count"": 10, ""lookup_error"": """"}]",UCTAwYvdtEjXhMt0HR7d44Eg,Kamelot,157K,157000,88798685,"Kamelot is an American power metal band from Tampa, Florida, formed by Thomas Youngblood in 1987. The Norwegian vocalist Roy Khan joined for the album Siége Perilous, and shared songwriting credit with Youngblood until his departure in April 2011. On June 22, 2012, Youngblood announced on their website that their new vocalist would be the Swedish singer Tommy Karevik, who was first featured on Kamelot's album Silverthorn as the main vocalist, co-songwriter, and lyricist.
As of January 2026, Kamelot has released thirteen studio albums, three live albums, two live DVDs and twenty music videos.

From Wikipedia (",5,10,10,10,MPREb_VPo3fBFu52H,One Cold Winter's Night,Album,2006,19,"1 hour, 33 minutes",5612,OLAK5uy_lajRM15eOxSwKq0gJa_T4C1mzXdKLTGpc,Kamelot,"One Cold Winter's Night is the second live album by American power metal band Kamelot, released in 2006 on the SPV label Steamhammer in Germany. It is the second live album and first live DVD from the band, and was released on November 14, 2006. It marks the first appearance of Oliver Palotai on keyboards. The album featured guest appearances by Simone Simons while the second disc of the DVD set contained a number of interviews and videos.
The CD release contained the audio from the live in Oslo, Norway on 11 February 2006.

From Wikipedia (",7:56,476,MUSIC_VIDEO_TYPE_ATV,330879,,ytmusicapi player response videoDetails.viewCount,,,Not exposed by this YouTube Music endpoint; official YouTube Data API credentials are required.,Music,2019-01-10T02:19:00-08:00,2019-01-10T02:19:00-08:00,Kamelot - Topic,UCTAwYvdtEjXhMt0HR7d44Eg,http://www.youtube.com/channel/UCTAwYvdtEjXhMt0HR7d44Eg,249,AD;AE;AF;AG;AI;AL;AM;AO;AQ;AR;AS;AT;AU;AW;AX;AZ;BA;BB;BD;BE;BF;BG;BH;BI;BJ;BL;BM;BN;BO;BQ;BR;BS;BT;BV;BW;BY;BZ;CA;CC;CD;CF;CG;CH;CI;CK;CL;CM;CN;CO;CR;CU;CV;CW;CX;CY;CZ;DE;DJ;DK;DM;DO;DZ;EC;EE;EG;EH;ER;ES;ET;FI;FJ;FK;FM;FO;FR;GA;GB;GD;GE;GF;GG;GH;GI;GL;GM;GN;GP;GQ;GR;GS;GT;GU;GW;GY;HK;HM;HN;HR;HT;HU;ID;IE;IL;IM;IN;IO;IQ;IR;IS;IT;JE;JM;JO;JP;KE;KG;KH;KI;KM;KN;KP;KR;KW;KY;KZ;LA;LB;LC;LI;LK;LR;LS;LT;LU;LV;LY;MA;MC;MD;ME;MF;MG;MH;MK;ML;MM;MN;MO;MP;MQ;MR;MS;MT;MU;MV;MW;MX;MY;MZ;NA;NC;NE;NF;NG;NI;NL;NO;NP;NR;NU;NZ;OM;PA;PE;PF;PG;PH;PK;PL;PM;PN;PR;PS;PT;PW;PY;QA;RE;RO;RS;RU;RW;SA;SB;SC;SD;SE;SG;SH;SI;SJ;SK;SL;SM;SN;SO;SR;SS;ST;SV;SX;SY;SZ;TC;TD;TF;TG;TH;TJ;TK;TL;TM;TN;TO;TR;TT;TV;TW;TZ;UA;UG;UM;US;UY;UZ;VA;VC;VE;VG;VI;VN;VU;WF;WS;YE;YT;ZA;ZM;ZW,"Distribution availability, not artist nationality or audience geography.",Kamelot; One Cold Winter's Night; Forever,https://music.youtube.com/watch?v=GZZzLMSCm-M,True,False,False,True,False,False,True,True,False,False,OK,True,INDIFFERENT,False,https://i.ytimg.com/vi/GZZzLMSCm-M/maxresdefault.jpg,"[{""url"": ""https://yt3.googleusercontent.com/WEP_i62zVmn1XnPTXDVo-nb3O2g782KrbQlDqizfJauobypqi52jKa9xnVthjtkXM__c_KskxyLrvviKMw=w60-h60-l90-rj"", ""width"": 60, ""height"": 60}, {""url"": ""https://yt3.googleusercontent.com/WEP_i62zVmn1XnPTXDVo-nb3O2g782KrbQlDqizfJauobypqi52jKa9xnVthjtkXM__c_KskxyLrvviKMw=w120-h120-l90-rj"", ""width"": 120, ""height"": 120}]",,,,YouTube Music internal web API via ytmusicapi; personalized playlist fetched with named auth profile.,17.0,45.0,5.519669205,cumulative views of the exact recommended YouTube video,330879,5.519669205,Upper buffer,Buffer,"Frozen 83-song candidate pool captured 2026-06-29T19:44:09+00:00; Low <=7,505; lower buffer 7,506-19,756; Middle 19,757-243,792; upper buffer 243,793-1,223,809; High >=1,223,810 views.","Use view_count or popularity_log10_view_count for comparisons across users, weeks, and the original playlist. Do not use the within-Discover-Mix rank or percentile for cross-playlist comparisons because those are recalculated separately inside every 30-song mix.",Popularity is for the exact recommended video ID. Report or control video_type because this item is MUSIC_VIDEO_TYPE_ATV; ATV denotes an Art Track and OMV an official music video.
2026-07-28T18:12:11+00:00,user_05,Aysima Baba,Discover Mix,RDTMAK5uy_n_5IN6hzAOwdCnM8D8rzrs3vDl12UcZpA,https://music.youtube.com/playlist?list=RDTMAK5uy_n_5IN6hzAOwdCnM8D8rzrs3vDl12UcZpA,,,,52824,"Discover great music, picked just for you. Always updating.",17,nnsTQq_8mR8,https://music.youtube.com/watch?v=nnsTQq_8mR8,https://www.youtube.com/watch?v=nnsTQq_8mR8,Midnight Blitz,Tailgunner,UC55SmEdTpEtDzks2idxZzxA,"[{""id"": ""UC55SmEdTpEtDzks2idxZzxA"", ""name"": ""Tailgunner"", ""subscribers_display"": ""3.37K"", ""subscribers_approx"": 3370, ""channel_views"": 658545, ""description"": ""Tailgunner are an English heavy metal band conceptualised in 2018 and officially formed by January 2022 by bassist Thomas Hewson. The band released their debut album, Guns for Hire, in 2023. In addition to Hewson, the current line-up consists of lead vocalist Craig Cairns, guitarist Zach Salvini and drummer Eddie Mariotti.\n\nFrom Wikipedia ("", ""song_shelf_count"": 5, ""album_shelf_count"": 2, ""single_shelf_count"": 9, ""video_shelf_count"": 10, ""lookup_error"": """"}]",UC55SmEdTpEtDzks2idxZzxA,Tailgunner,3.37K,3370,658545,"Tailgunner are an English heavy metal band conceptualised in 2018 and officially formed by January 2022 by bassist Thomas Hewson. The band released their debut album, Guns for Hire, in 2023. In addition to Hewson, the current line-up consists of lead vocalist Craig Cairns, guitarist Zach Salvini and drummer Eddie Mariotti.

From Wikipedia (",5,2,9,10,,,,,,,,,,,3:57,237,MUSIC_VIDEO_TYPE_OMV,1126304,,ytmusicapi player response videoDetails.viewCount,,,Not exposed by this YouTube Music endpoint; official YouTube Data API credentials are required.,Music,2025-11-05T07:00:16-08:00,2025-11-05T07:00:16-08:00,Napalm Records,UCG7AaCh_CiG6pq_rRDNw72A,http://www.youtube.com/@napalmrecords,249,AD;AE;AF;AG;AI;AL;AM;AO;AQ;AR;AS;AT;AU;AW;AX;AZ;BA;BB;BD;BE;BF;BG;BH;BI;BJ;BL;BM;BN;BO;BQ;BR;BS;BT;BV;BW;BY;BZ;CA;CC;CD;CF;CG;CH;CI;CK;CL;CM;CN;CO;CR;CU;CV;CW;CX;CY;CZ;DE;DJ;DK;DM;DO;DZ;EC;EE;EG;EH;ER;ES;ET;FI;FJ;FK;FM;FO;FR;GA;GB;GD;GE;GF;GG;GH;GI;GL;GM;GN;GP;GQ;GR;GS;GT;GU;GW;GY;HK;HM;HN;HR;HT;HU;ID;IE;IL;IM;IN;IO;IQ;IR;IS;IT;JE;JM;JO;JP;KE;KG;KH;KI;KM;KN;KP;KR;KW;KY;KZ;LA;LB;LC;LI;LK;LR;LS;LT;LU;LV;LY;MA;MC;MD;ME;MF;MG;MH;MK;ML;MM;MN;MO;MP;MQ;MR;MS;MT;MU;MV;MW;MX;MY;MZ;NA;NC;NE;NF;NG;NI;NL;NO;NP;NR;NU;NZ;OM;PA;PE;PF;PG;PH;PK;PL;PM;PN;PR;PS;PT;PW;PY;QA;RE;RO;RS;RU;RW;SA;SB;SC;SD;SE;SG;SH;SI;SJ;SK;SL;SM;SN;SO;SR;SS;ST;SV;SX;SY;SZ;TC;TD;TF;TG;TH;TJ;TK;TL;TM;TN;TO;TR;TT;TV;TW;TZ;UA;UG;UM;US;UY;UZ;VA;VC;VE;VG;VI;VN;VU;WF;WS;YE;YT;ZA;ZM;ZW,"Distribution availability, not artist nationality or audience geography.",napalm records,https://music.youtube.com/watch?v=nnsTQq_8mR8,True,False,False,True,False,False,True,True,False,,OK,True,INDIFFERENT,False,https://i.ytimg.com/vi/nnsTQq_8mR8/maxresdefault.jpg,"[{""url"": ""https://i.ytimg.com/vi/nnsTQq_8mR8/hqdefault.jpg?sqp=-oaymwEWCJADEOEBIAQqCggAEOADGC0guwJIWg&rs=AMzJL3k4INLtfQV4inL9_JdMK-r__WzJCg"", ""width"": 400, ""height"": 225}]",,,missing album browse id,YouTube Music internal web API via ytmusicapi; personalized playlist fetched with named auth profile.,7.0,78.333333,6.051655626,cumulative views of the exact recommended YouTube video,1126304,6.051655626,Upper buffer,Buffer,"Frozen 83-song candidate pool captured 2026-06-29T19:44:09+00:00; Low <=7,505; lower buffer 7,506-19,756; Middle 19,757-243,792; upper buffer 243,793-1,223,809; High >=1,223,810 views.","Use view_count or popularity_log10_view_count for comparisons across users, weeks, and the original playlist. Do not use the within-Discover-Mix rank or percentile for cross-playlist comparisons because those are recalculated separately inside every 30-song mix.",Popularity is for the exact recommended video ID. Report or control video_type because this item is MUSIC_VIDEO_TYPE_OMV; ATV denotes an Art Track and OMV an official music video.
2026-07-28T18:12:11+00:00,user_05,Aysima Baba,Discover Mix,RDTMAK5uy_n_5IN6hzAOwdCnM8D8rzrs3vDl12UcZpA,https://music.youtube.com/playlist?list=RDTMAK5uy_n_5IN6hzAOwdCnM8D8rzrs3vDl12UcZpA,,,,52824,"Discover great music, picked just for you. Always updating.",18,sq55-0HBQ5Y,https://music.youtube.com/watch?v=sq55-0HBQ5Y,https://www.youtube.com/watch?v=sq55-0HBQ5Y,Power of Will,Dynazty,UC1_8sQRmjjw7YI2Bk-Kr_tA,"[{""id"": ""UC1_8sQRmjjw7YI2Bk-Kr_tA"", ""name"": ""Dynazty"", ""subscribers_display"": ""42.1K"", ""subscribers_approx"": 42100, ""channel_views"": 45939545, ""description"": ""Formed in 2008, Dynazty has over the years evolved from it’s humble beginnings rooted in the Scandinavian Hard Rock scene into now being a powerhouse and formidable force to be reckoned with on the top shelf of the modern melodic metal scene.\n\nCareer milestones include the 2020 chart breaking album The Dark Delight, certified for gold status in the bands home country Sweden and neighbors Finland. With single tracks Heartless Madness reaching platinum status.\n\nTours in recent years together with bands like Sabaton, Powerwolf, Battle Beast, Pain and Kissin' Dynamite have showcased and established the band on the European continent as one of the most prominent live acts of it’s generation.\n\nReleased on February 14th 2025, brand new album \""Game of Faces\"" is doubling down on punch and ferocity together with the band’s trademark attention to songwriting and production detail.\n\nProduced by Dynazty themselves and mixed by swedish pioneer Jens Bogren, Game of Faces takes you on a journey exploring the essence of the human mind and existance with lyrical themes such as self discovery, spiritual death, rebirth and re-invention in Die to Survive, Fire to Fight and Fortune Favors the Brave.\nWhile taking on the duality and deceptive nature of human kind in the eponymous title track, the album’s opener Call of The Night and first single release Devilry of Ecstasy."", ""song_shelf_count"": 5, ""album_shelf_count"": 9, ""single_shelf_count"": 10, ""video_shelf_count"": 10, ""lookup_error"": """"}]",UC1_8sQRmjjw7YI2Bk-Kr_tA,Dynazty,42.1K,42100,45939545,"Formed in 2008, Dynazty has over the years evolved from it’s humble beginnings rooted in the Scandinavian Hard Rock scene into now being a powerhouse and formidable force to be reckoned with on the top shelf of the modern melodic metal scene.

Career milestones include the 2020 chart breaking album The Dark Delight, certified for gold status in the bands home country Sweden and neighbors Finland. With single tracks Heartless Madness reaching platinum status.

Tours in recent years together with bands like Sabaton, Powerwolf, Battle Beast, Pain and Kissin' Dynamite have showcased and established the band on the European continent as one of the most prominent live acts of it’s generation.

Released on February 14th 2025, brand new album ""Game of Faces"" is doubling down on punch and ferocity together with the band’s trademark attention to songwriting and production detail.

Produced by Dynazty themselves and mixed by swedish pioneer Jens Bogren, Game of Faces takes you on a journey exploring the essence of the human mind and existance with lyrical themes such as self discovery, spiritual death, rebirth and re-invention in Die to Survive, Fire to Fight and Fortune Favors the Brave.
While taking on the duality and deceptive nature of human kind in the eponymous title track, the album’s opener Call of The Night and first single release Devilry of Ecstasy.",5,9,10,10,MPREb_o04ZhvQdWBZ,Power of Will,Single,2021,1,"3 minutes, 54 seconds",234,OLAK5uy_n3JP5z0oM-aHVV9qGfeyRURgAFYrxNozY,Dynazty,,3:54,234,MUSIC_VIDEO_TYPE_ATV,1005735,,ytmusicapi player response videoDetails.viewCount,,,Not exposed by this YouTube Music endpoint; official YouTube Data API credentials are required.,Music,2021-12-02T02:06:26-08:00,2021-12-02T02:06:26-08:00,Dynazty - Topic,UC1_8sQRmjjw7YI2Bk-Kr_tA,http://www.youtube.com/channel/UC1_8sQRmjjw7YI2Bk-Kr_tA,249,AD;AE;AF;AG;AI;AL;AM;AO;AQ;AR;AS;AT;AU;AW;AX;AZ;BA;BB;BD;BE;BF;BG;BH;BI;BJ;BL;BM;BN;BO;BQ;BR;BS;BT;BV;BW;BY;BZ;CA;CC;CD;CF;CG;CH;CI;CK;CL;CM;CN;CO;CR;CU;CV;CW;CX;CY;CZ;DE;DJ;DK;DM;DO;DZ;EC;EE;EG;EH;ER;ES;ET;FI;FJ;FK;FM;FO;FR;GA;GB;GD;GE;GF;GG;GH;GI;GL;GM;GN;GP;GQ;GR;GS;GT;GU;GW;GY;HK;HM;HN;HR;HT;HU;ID;IE;IL;IM;IN;IO;IQ;IR;IS;IT;JE;JM;JO;JP;KE;KG;KH;KI;KM;KN;KP;KR;KW;KY;KZ;LA;LB;LC;LI;LK;LR;LS;LT;LU;LV;LY;MA;MC;MD;ME;MF;MG;MH;MK;ML;MM;MN;MO;MP;MQ;MR;MS;MT;MU;MV;MW;MX;MY;MZ;NA;NC;NE;NF;NG;NI;NL;NO;NP;NR;NU;NZ;OM;PA;PE;PF;PG;PH;PK;PL;PM;PN;PR;PS;PT;PW;PY;QA;RE;RO;RS;RU;RW;SA;SB;SC;SD;SE;SG;SH;SI;SJ;SK;SL;SM;SN;SO;SR;SS;ST;SV;SX;SY;SZ;TC;TD;TF;TG;TH;TJ;TK;TL;TM;TN;TO;TR;TT;TV;TW;TZ;UA;UG;UM;US;UY;UZ;VA;VC;VE;VG;VI;VN;VU;WF;WS;YE;YT;ZA;ZM;ZW,"Distribution availability, not artist nationality or audience geography.",Dynazty; Power of Will,https://music.youtube.com/watch?v=sq55-0HBQ5Y,True,False,False,True,False,False,True,True,False,False,OK,True,INDIFFERENT,False,https://i.ytimg.com/vi/sq55-0HBQ5Y/maxresdefault.jpg,"[{""url"": ""https://yt3.googleusercontent.com/CDUPhACGlb9wdCK7cw3atW9gIQzLcM7JoeazAI5kaVXA7WT9eDBB_9FxP8IkMhO7rLZ4kHu_T-jyRMA9=w60-h60-l90-rj"", ""width"": 60, ""height"": 60}, {""url"": ""https://yt3.googleusercontent.com/CDUPhACGlb9wdCK7cw3atW9gIQzLcM7JoeazAI5kaVXA7WT9eDBB_9FxP8IkMhO7rLZ4kHu_T-jyRMA9=w120-h120-l90-rj"", ""width"": 120, ""height"": 120}]",,,,YouTube Music internal web API via ytmusicapi; personalized playlist fetched with named auth profile.,8.0,75.0,6.002483564,cumulative views of the exact recommended YouTube video,1005735,6.002483564,Upper buffer,Buffer,"Frozen 83-song candidate pool captured 2026-06-29T19:44:09+00:00; Low <=7,505; lower buffer 7,506-19,756; Middle 19,757-243,792; upper buffer 243,793-1,223,809; High >=1,223,810 views.","Use view_count or popularity_log10_view_count for comparisons across users, weeks, and the original playlist. Do not use the within-Discover-Mix rank or percentile for cross-playlist comparisons because those are recalculated separately inside every 30-song mix.",Popularity is for the exact recommended video ID. Report or control video_type because this item is MUSIC_VIDEO_TYPE_ATV; ATV denotes an Art Track and OMV an official music video.
2026-07-28T18:12:11+00:00,user_05,Aysima Baba,Discover Mix,RDTMAK5uy_n_5IN6hzAOwdCnM8D8rzrs3vDl12UcZpA,https://music.youtube.com/playlist?list=RDTMAK5uy_n_5IN6hzAOwdCnM8D8rzrs3vDl12UcZpA,,,,52824,"Discover great music, picked just for you. Always updating.",19,fay61YjCUv4,https://music.youtube.com/watch?v=fay61YjCUv4,https://www.youtube.com/watch?v=fay61YjCUv4,Motor,Malt,UCRhcS75N74HlhdJlxJR-Pqw,"[{""id"": ""UCRhcS75N74HlhdJlxJR-Pqw"", ""name"": ""Malt"", ""subscribers_display"": ""2.07K"", ""subscribers_approx"": 2070, ""channel_views"": null, ""description"": null, ""song_shelf_count"": 5, ""album_shelf_count"": 2, ""single_shelf_count"": 2, ""video_shelf_count"": 10, ""lookup_error"": """"}]",UCRhcS75N74HlhdJlxJR-Pqw,Malt,2.07K,2070,,,5,2,2,10,MPREb_eFBHG83yQcf,Kendi Adını Taşıyan İlk Albüm,Album,2006,10,36 minutes,2196,OLAK5uy_mPXOJUXOg6gxIm9Al8t8PJ_xgiDPq5kCc,Malt,,3:16,196,MUSIC_VIDEO_TYPE_ATV,83718,,ytmusicapi player response videoDetails.viewCount,,,Not exposed by this YouTube Music endpoint; official YouTube Data API credentials are required.,Music,2025-01-09T16:36:06-08:00,2025-01-09T16:36:06-08:00,Malt - Topic,UCRhcS75N74HlhdJlxJR-Pqw,http://www.youtube.com/channel/UCRhcS75N74HlhdJlxJR-Pqw,249,AD;AE;AF;AG;AI;AL;AM;AO;AQ;AR;AS;AT;AU;AW;AX;AZ;BA;BB;BD;BE;BF;BG;BH;BI;BJ;BL;BM;BN;BO;BQ;BR;BS;BT;BV;BW;BY;BZ;CA;CC;CD;CF;CG;CH;CI;CK;CL;CM;CN;CO;CR;CU;CV;CW;CX;CY;CZ;DE;DJ;DK;DM;DO;DZ;EC;EE;EG;EH;ER;ES;ET;FI;FJ;FK;FM;FO;FR;GA;GB;GD;GE;GF;GG;GH;GI;GL;GM;GN;GP;GQ;GR;GS;GT;GU;GW;GY;HK;HM;HN;HR;HT;HU;ID;IE;IL;IM;IN;IO;IQ;IR;IS;IT;JE;JM;JO;JP;KE;KG;KH;KI;KM;KN;KP;KR;KW;KY;KZ;LA;LB;LC;LI;LK;LR;LS;LT;LU;LV;LY;MA;MC;MD;ME;MF;MG;MH;MK;ML;MM;MN;MO;MP;MQ;MR;MS;MT;MU;MV;MW;MX;MY;MZ;NA;NC;NE;NF;NG;NI;NL;NO;NP;NR;NU;NZ;OM;PA;PE;PF;PG;PH;PK;PL;PM;PN;PR;PS;PT;PW;PY;QA;RE;RO;RS;RU;RW;SA;SB;SC;SD;SE;SG;SH;SI;SJ;SK;SL;SM;SN;SO;SR;SS;ST;SV;SX;SY;SZ;TC;TD;TF;TG;TH;TJ;TK;TL;TM;TN;TO;TR;TT;TV;TW;TZ;UA;UG;UM;US;UY;UZ;VA;VC;VE;VG;VI;VN;VU;WF;WS;YE;YT;ZA;ZM;ZW,"Distribution availability, not artist nationality or audience geography.",Malt; Kendi Adını Taşıyan İlk Albüm; Motor,https://music.youtube.com/watch?v=fay61YjCUv4,True,False,False,True,False,False,True,True,False,False,OK,True,INDIFFERENT,False,https://i.ytimg.com/vi/fay61YjCUv4/maxresdefault.jpg,"[{""url"": ""https://yt3.googleusercontent.com/OgKe8ZjKhcTVaYzx_wQdPw0651yLwD_rLvfTh8msrdDAVvbQxi1CAX1hQp_qQOIYE2IAr18qkS2q3VrX2w=w60-h60-l90-rj"", ""width"": 60, ""height"": 60}, {""url"": ""https://yt3.googleusercontent.com/OgKe8ZjKhcTVaYzx_wQdPw0651yLwD_rLvfTh8msrdDAVvbQxi1CAX1hQp_qQOIYE2IAr18qkS2q3VrX2w=w120-h120-l90-rj"", ""width"": 120, ""height"": 120}]",,,,YouTube Music internal web API via ytmusicapi; personalized playlist fetched with named auth profile.,25.0,18.333333,4.922818845,cumulative views of the exact recommended YouTube video,83718,4.922818845,Middle,Middle,"Frozen 83-song candidate pool captured 2026-06-29T19:44:09+00:00; Low <=7,505; lower buffer 7,506-19,756; Middle 19,757-243,792; upper buffer 243,793-1,223,809; High >=1,223,810 views.","Use view_count or popularity_log10_view_count for comparisons across users, weeks, and the original playlist. Do not use the within-Discover-Mix rank or percentile for cross-playlist comparisons because those are recalculated separately inside every 30-song mix.",Popularity is for the exact recommended video ID. Report or control video_type because this item is MUSIC_VIDEO_TYPE_ATV; ATV denotes an Art Track and OMV an official music video.
2026-07-28T18:12:11+00:00,user_05,Aysima Baba,Discover Mix,RDTMAK5uy_n_5IN6hzAOwdCnM8D8rzrs3vDl12UcZpA,https://music.youtube.com/playlist?list=RDTMAK5uy_n_5IN6hzAOwdCnM8D8rzrs3vDl12UcZpA,,,,52824,"Discover great music, picked just for you. Always updating.",20,A0G6TfCny-A,https://music.youtube.com/watch?v=A0G6TfCny-A,https://www.youtube.com/watch?v=A0G6TfCny-A,Undying Evil,Enforcer - Topic,UC4dNGpBnJCHJQky_9uxJxxg,"[{""id"": ""UC4dNGpBnJCHJQky_9uxJxxg"", ""name"": ""Enforcer - Topic"", ""subscribers_display"": ""13K"", ""subscribers_approx"": 13000, ""channel_views"": 4343808, ""description"": ""Enforcer is a Swedish heavy metal band formed in 2004 in Arvika. They are considered part of the new wave of traditional heavy metal.\n\nFrom Wikipedia ("", ""song_shelf_count"": 5, ""album_shelf_count"": 9, ""single_shelf_count"": 5, ""video_shelf_count"": 3, ""lookup_error"": """"}]",UC4dNGpBnJCHJQky_9uxJxxg,Enforcer - Topic,13K,13000,4343808,"Enforcer is a Swedish heavy metal band formed in 2004 in Arvika. They are considered part of the new wave of traditional heavy metal.

From Wikipedia (",5,9,5,3,MPREb_QHJEHTEyOpY,From Beyond (Bonus Digital Booklet Version),Album,2015,10,42 minutes,2571,OLAK5uy_l6Tr7066w0WPKsaAQl_vipjQNTyfcpcGE,Enforcer,,3:54,234,MUSIC_VIDEO_TYPE_ATV,363266,,ytmusicapi player response videoDetails.viewCount,,,Not exposed by this YouTube Music endpoint; official YouTube Data API credentials are required.,Music,2019-04-03T09:20:59-07:00,2019-04-03T09:20:59-07:00,Enforcer - Topic,UC4dNGpBnJCHJQky_9uxJxxg,http://www.youtube.com/channel/UC4dNGpBnJCHJQky_9uxJxxg,249,AD;AE;AF;AG;AI;AL;AM;AO;AQ;AR;AS;AT;AU;AW;AX;AZ;BA;BB;BD;BE;BF;BG;BH;BI;BJ;BL;BM;BN;BO;BQ;BR;BS;BT;BV;BW;BY;BZ;CA;CC;CD;CF;CG;CH;CI;CK;CL;CM;CN;CO;CR;CU;CV;CW;CX;CY;CZ;DE;DJ;DK;DM;DO;DZ;EC;EE;EG;EH;ER;ES;ET;FI;FJ;FK;FM;FO;FR;GA;GB;GD;GE;GF;GG;GH;GI;GL;GM;GN;GP;GQ;GR;GS;GT;GU;GW;GY;HK;HM;HN;HR;HT;HU;ID;IE;IL;IM;IN;IO;IQ;IR;IS;IT;JE;JM;JO;JP;KE;KG;KH;KI;KM;KN;KP;KR;KW;KY;KZ;LA;LB;LC;LI;LK;LR;LS;LT;LU;LV;LY;MA;MC;MD;ME;MF;MG;MH;MK;ML;MM;MN;MO;MP;MQ;MR;MS;MT;MU;MV;MW;MX;MY;MZ;NA;NC;NE;NF;NG;NI;NL;NO;NP;NR;NU;NZ;OM;PA;PE;PF;PG;PH;PK;PL;PM;PN;PR;PS;PT;PW;PY;QA;RE;RO;RS;RU;RW;SA;SB;SC;SD;SE;SG;SH;SI;SJ;SK;SL;SM;SN;SO;SR;SS;ST;SV;SX;SY;SZ;TC;TD;TF;TG;TH;TJ;TK;TL;TM;TN;TO;TR;TT;TV;TW;TZ;UA;UG;UM;US;UY;UZ;VA;VC;VE;VG;VI;VN;VU;WF;WS;YE;YT;ZA;ZM;ZW,"Distribution availability, not artist nationality or audience geography.",Enforcer; From Beyond (Bonus Digital Booklet Version); Undying Evil,https://music.youtube.com/watch?v=A0G6TfCny-A,True,False,False,True,False,False,True,True,False,False,OK,True,INDIFFERENT,False,https://i.ytimg.com/vi/A0G6TfCny-A/maxresdefault.jpg,"[{""url"": ""https://yt3.googleusercontent.com/Qo2pq1JZFBIsVd327JqblrQD_tZqtd2dktoXWItnrGf5lovrr8NP6qca-xC1WmbAJh8aDc_DkTvUWY1K=w60-h60-l90-rj"", ""width"": 60, ""height"": 60}, {""url"": ""https://yt3.googleusercontent.com/Qo2pq1JZFBIsVd327JqblrQD_tZqtd2dktoXWItnrGf5lovrr8NP6qca-xC1WmbAJh8aDc_DkTvUWY1K=w120-h120-l90-rj"", ""width"": 120, ""height"": 120}]",,,,YouTube Music internal web API via ytmusicapi; personalized playlist fetched with named auth profile.,16.0,48.333333,5.560224752,cumulative views of the exact recommended YouTube video,363266,5.560224752,Upper buffer,Buffer,"Frozen 83-song candidate pool captured 2026-06-29T19:44:09+00:00; Low <=7,505; lower buffer 7,506-19,756; Middle 19,757-243,792; upper buffer 243,793-1,223,809; High >=1,223,810 views.","Use view_count or popularity_log10_view_count for comparisons across users, weeks, and the original playlist. Do not use the within-Discover-Mix rank or percentile for cross-playlist comparisons because those are recalculated separately inside every 30-song mix.",Popularity is for the exact recommended video ID. Report or control video_type because this item is MUSIC_VIDEO_TYPE_ATV; ATV denotes an Art Track and OMV an official music video.
2026-07-28T18:12:11+00:00,user_05,Aysima Baba,Discover Mix,RDTMAK5uy_n_5IN6hzAOwdCnM8D8rzrs3vDl12UcZpA,https://music.youtube.com/playlist?list=RDTMAK5uy_n_5IN6hzAOwdCnM8D8rzrs3vDl12UcZpA,,,,52824,"Discover great music, picked just for you. Always updating.",21,C1_kMRiyt5w,https://music.youtube.com/watch?v=C1_kMRiyt5w,https://www.youtube.com/watch?v=C1_kMRiyt5w,Tyrants Serenade,Paradise Lost,UCWZ2Qw9bIIR-H2RXz297zBQ,"[{""id"": ""UCWZ2Qw9bIIR-H2RXz297zBQ"", ""name"": ""Paradise Lost"", ""subscribers_display"": ""83.4K"", ""subscribers_approx"": 83400, ""channel_views"": 50828100, ""description"": ""More than three decades into their career, and with over two million albums sold, Paradise Lost remain the undisputed kings of metal’s dark side. Formed in Halifax in 1988, the band quickly became noted as the pioneers of gothic metal through their early groundbreaking albums like 1991’s aptly-titled ‘Gothic’, a mixture of heaviness intertwined with shadowy melody and atmosphere. \nNever a group to remain creatively static, across their career they’ve explored a myriad of avenues of dark music, from sludgy doom-death roots, to conquering the metal mainstream with the enormous, lush sounds of 1995’s ‘Draconian Times’, to more experimental, electronic leanings, leaving an influence on a trail of artists.\nNow, in 2025, the Yorkshire quintet return with their staggering 17th album, ‘Ascension’, a record that sees their crown continue to gleam as it underlines just how they attained their position. The albums 10 tracks traverse the multitude of sounds in the band’s arsenal, from full-bore heavy metal to sky-high melody, all the while keeping a minor-key melancholy that remains irresistible."", ""song_shelf_count"": 5, ""album_shelf_count"": 10, ""single_shelf_count"": 10, ""video_shelf_count"": 10, ""lookup_error"": """"}]",UCWZ2Qw9bIIR-H2RXz297zBQ,Paradise Lost,83.4K,83400,50828100,"More than three decades into their career, and with over two million albums sold, Paradise Lost remain the undisputed kings of metal’s dark side. Formed in Halifax in 1988, the band quickly became noted as the pioneers of gothic metal through their early groundbreaking albums like 1991’s aptly-titled ‘Gothic’, a mixture of heaviness intertwined with shadowy melody and atmosphere. 
Never a group to remain creatively static, across their career they’ve explored a myriad of avenues of dark music, from sludgy doom-death roots, to conquering the metal mainstream with the enormous, lush sounds of 1995’s ‘Draconian Times’, to more experimental, electronic leanings, leaving an influence on a trail of artists.
Now, in 2025, the Yorkshire quintet return with their staggering 17th album, ‘Ascension’, a record that sees their crown continue to gleam as it underlines just how they attained their position. The albums 10 tracks traverse the multitude of sounds in the band’s arsenal, from full-bore heavy metal to sky-high melody, all the while keeping a minor-key melancholy that remains irresistible.",5,10,10,10,,,,,,,,,,,4:16,256,MUSIC_VIDEO_TYPE_OMV,1580056,,ytmusicapi player response videoDetails.viewCount,,,Not exposed by this YouTube Music endpoint; official YouTube Data API credentials are required.,Music,2025-08-15T08:00:07-07:00,2025-08-15T08:00:07-07:00,Nuclear Blast Records,UCoxg3Kml41wE3IPq-PC-LQw,http://www.youtube.com/@NuclearBlastRecords,249,AD;AE;AF;AG;AI;AL;AM;AO;AQ;AR;AS;AT;AU;AW;AX;AZ;BA;BB;BD;BE;BF;BG;BH;BI;BJ;BL;BM;BN;BO;BQ;BR;BS;BT;BV;BW;BY;BZ;CA;CC;CD;CF;CG;CH;CI;CK;CL;CM;CN;CO;CR;CU;CV;CW;CX;CY;CZ;DE;DJ;DK;DM;DO;DZ;EC;EE;EG;EH;ER;ES;ET;FI;FJ;FK;FM;FO;FR;GA;GB;GD;GE;GF;GG;GH;GI;GL;GM;GN;GP;GQ;GR;GS;GT;GU;GW;GY;HK;HM;HN;HR;HT;HU;ID;IE;IL;IM;IN;IO;IQ;IR;IS;IT;JE;JM;JO;JP;KE;KG;KH;KI;KM;KN;KP;KR;KW;KY;KZ;LA;LB;LC;LI;LK;LR;LS;LT;LU;LV;LY;MA;MC;MD;ME;MF;MG;MH;MK;ML;MM;MN;MO;MP;MQ;MR;MS;MT;MU;MV;MW;MX;MY;MZ;NA;NC;NE;NF;NG;NI;NL;NO;NP;NR;NU;NZ;OM;PA;PE;PF;PG;PH;PK;PL;PM;PN;PR;PS;PT;PW;PY;QA;RE;RO;RS;RU;RW;SA;SB;SC;SD;SE;SG;SH;SI;SJ;SK;SL;SM;SN;SO;SR;SS;ST;SV;SX;SY;SZ;TC;TD;TF;TG;TH;TJ;TK;TL;TM;TN;TO;TR;TT;TV;TW;TZ;UA;UG;UM;US;UY;UZ;VA;VC;VE;VG;VI;VN;VU;WF;WS;YE;YT;ZA;ZM;ZW,"Distribution availability, not artist nationality or audience geography.",,https://music.youtube.com/watch?v=C1_kMRiyt5w,True,False,False,True,False,False,True,True,False,,OK,True,INDIFFERENT,False,https://i.ytimg.com/vi/C1_kMRiyt5w/maxresdefault.jpg,"[{""url"": ""https://i.ytimg.com/vi/C1_kMRiyt5w/hqdefault.jpg?sqp=-oaymwEWCJADEOEBIAQqCggAEOADGC0guwJIWg&rs=AMzJL3lUX00AEMl6e5rJAVPVREVstN3fIg"", ""width"": 400, ""height"": 225}]",,,missing album browse id,YouTube Music internal web API via ytmusicapi; personalized playlist fetched with named auth profile.,5.0,85.0,6.198672479,cumulative views of the exact recommended YouTube video,1580056,6.198672479,High,High,"Frozen 83-song candidate pool captured 2026-06-29T19:44:09+00:00; Low <=7,505; lower buffer 7,506-19,756; Middle 19,757-243,792; upper buffer 243,793-1,223,809; High >=1,223,810 views.","Use view_count or popularity_log10_view_count for comparisons across users, weeks, and the original playlist. Do not use the within-Discover-Mix rank or percentile for cross-playlist comparisons because those are recalculated separately inside every 30-song mix.",Popularity is for the exact recommended video ID. Report or control video_type because this item is MUSIC_VIDEO_TYPE_OMV; ATV denotes an Art Track and OMV an official music video.
2026-07-28T18:12:11+00:00,user_05,Aysima Baba,Discover Mix,RDTMAK5uy_n_5IN6hzAOwdCnM8D8rzrs3vDl12UcZpA,https://music.youtube.com/playlist?list=RDTMAK5uy_n_5IN6hzAOwdCnM8D8rzrs3vDl12UcZpA,,,,52824,"Discover great music, picked just for you. Always updating.",22,zXHmPx_mFwQ,https://music.youtube.com/watch?v=zXHmPx_mFwQ,https://www.youtube.com/watch?v=zXHmPx_mFwQ,The Hidden Hand (feat. Cederick Forsberg),Tyfon's Doom,UC3e1Aw8uXx3JWIp6CE5sWdg,"[{""id"": ""UC3e1Aw8uXx3JWIp6CE5sWdg"", ""name"": ""Tyfon's Doom"", ""subscribers_display"": ""28"", ""subscribers_approx"": 28, ""channel_views"": null, ""description"": null, ""song_shelf_count"": 5, ""album_shelf_count"": 1, ""single_shelf_count"": 0, ""video_shelf_count"": 0, ""lookup_error"": """"}]",UC3e1Aw8uXx3JWIp6CE5sWdg,Tyfon's Doom,28,28,,,5,1,0,0,MPREb_4AuzWSbcTjW,Emperor's Path,Album,2017,11,44 minutes,2697,OLAK5uy_moJ6DyShgOr3BGGhJTDItBaQwsmsEjx7s,Tyfon's Doom,,3:19,199,MUSIC_VIDEO_TYPE_ATV,21232,,ytmusicapi player response videoDetails.viewCount,,,Not exposed by this YouTube Music endpoint; official YouTube Data API credentials are required.,Music,2017-11-16T02:31:55-08:00,2017-11-16T02:31:55-08:00,Tyfon's Doom - Topic,UC3e1Aw8uXx3JWIp6CE5sWdg,http://www.youtube.com/channel/UC3e1Aw8uXx3JWIp6CE5sWdg,123,AE;AR;AS;AT;AU;AW;AZ;BA;BD;BE;BG;BH;BM;BO;BR;BY;CA;CH;CL;CO;CR;CY;CZ;DE;DK;DO;DZ;EC;EE;EG;ES;FI;FR;GB;GE;GF;GH;GP;GR;GT;GU;HK;HN;HR;HU;ID;IE;IL;IN;IQ;IS;IT;JM;JO;JP;KE;KH;KR;KW;KY;KZ;LA;LB;LI;LK;LT;LU;LV;LY;MA;MK;MP;MQ;MT;MX;MY;NC;NG;NI;NL;NO;NP;NZ;OM;PA;PE;PF;PG;PH;PK;PL;PR;PT;PY;QA;RE;RO;RS;RU;SA;SE;SG;SI;SK;SN;SV;TC;TH;TN;TR;TW;TZ;UA;UG;US;UY;VE;VI;VN;YE;YT;ZA;ZW,"Distribution availability, not artist nationality or audience geography.",Tyfon's; Doom; Cederick; Forsberg; Emperor's; Path; The; Hidden; Hand,https://music.youtube.com/watch?v=zXHmPx_mFwQ,True,False,False,True,False,False,True,True,False,False,OK,True,INDIFFERENT,False,https://i.ytimg.com/vi/zXHmPx_mFwQ/maxresdefault.jpg,"[{""url"": ""https://yt3.googleusercontent.com/x6RXMTnjBU97j2gqKIGkRBxTVZGbjovHQyzpbL7aW0cFEHmq0Ofad2a6ApnICL7NVXlW2PmIIu3PKO0=w60-h60-l90-rj"", ""width"": 60, ""height"": 60}, {""url"": ""https://yt3.googleusercontent.com/x6RXMTnjBU97j2gqKIGkRBxTVZGbjovHQyzpbL7aW0cFEHmq0Ofad2a6ApnICL7NVXlW2PmIIu3PKO0=w120-h120-l90-rj"", ""width"": 120, ""height"": 120}]",,,,YouTube Music internal web API via ytmusicapi; personalized playlist fetched with named auth profile.,30.0,1.666667,4.326990906,cumulative views of the exact recommended YouTube video,21232,4.326990906,Middle,Middle,"Frozen 83-song candidate pool captured 2026-06-29T19:44:09+00:00; Low <=7,505; lower buffer 7,506-19,756; Middle 19,757-243,792; upper buffer 243,793-1,223,809; High >=1,223,810 views.","Use view_count or popularity_log10_view_count for comparisons across users, weeks, and the original playlist. Do not use the within-Discover-Mix rank or percentile for cross-playlist comparisons because those are recalculated separately inside every 30-song mix.",Popularity is for the exact recommended video ID. Report or control video_type because this item is MUSIC_VIDEO_TYPE_ATV; ATV denotes an Art Track and OMV an official music video.
2026-07-28T18:12:11+00:00,user_05,Aysima Baba,Discover Mix,RDTMAK5uy_n_5IN6hzAOwdCnM8D8rzrs3vDl12UcZpA,https://music.youtube.com/playlist?list=RDTMAK5uy_n_5IN6hzAOwdCnM8D8rzrs3vDl12UcZpA,,,,52824,"Discover great music, picked just for you. Always updating.",23,TEJJSeQm49c,https://music.youtube.com/watch?v=TEJJSeQm49c,https://www.youtube.com/watch?v=TEJJSeQm49c,Circle of Stone,Blaze Bayley,UCFWnaaPfunkgp49YYWhfBpw,"[{""id"": ""UCFWnaaPfunkgp49YYWhfBpw"", ""name"": ""Blaze Bayley"", ""subscribers_display"": ""4.36K"", ""subscribers_approx"": 4360, ""channel_views"": 4045931, ""description"": ""Blaze Bayley is an English heavy metal singer. He was the lead singer of Wolfsbane from 1984 to 1994. He was also the lead singer of Iron Maiden from 1994 to 1999. Since then, he has pursued a solo career and has released eleven studio albums. Blaze was voted number 67 in Sweden Rock magazine's top 100 singers of all time.\n\nFrom Wikipedia ("", ""song_shelf_count"": 5, ""album_shelf_count"": 10, ""single_shelf_count"": 10, ""video_shelf_count"": 10, ""lookup_error"": """"}]",UCFWnaaPfunkgp49YYWhfBpw,Blaze Bayley,4.36K,4360,4045931,"Blaze Bayley is an English heavy metal singer. He was the lead singer of Wolfsbane from 1984 to 1994. He was also the lead singer of Iron Maiden from 1994 to 1999. Since then, he has pursued a solo career and has released eleven studio albums. Blaze was voted number 67 in Sweden Rock magazine's top 100 singers of all time.

From Wikipedia (",5,10,10,10,,,,,,,,,,,3:32,212,MUSIC_VIDEO_TYPE_OMV,284232,,ytmusicapi player response videoDetails.viewCount,,,Not exposed by this YouTube Music endpoint; official YouTube Data API credentials are required.,Music,2024-01-10T23:03:21-08:00,2024-01-10T23:03:21-08:00,blazebayleyofficial,UC0KJuyHJ4j3g9iJM1ff24Cw,http://www.youtube.com/@blazebayley,249,AD;AE;AF;AG;AI;AL;AM;AO;AQ;AR;AS;AT;AU;AW;AX;AZ;BA;BB;BD;BE;BF;BG;BH;BI;BJ;BL;BM;BN;BO;BQ;BR;BS;BT;BV;BW;BY;BZ;CA;CC;CD;CF;CG;CH;CI;CK;CL;CM;CN;CO;CR;CU;CV;CW;CX;CY;CZ;DE;DJ;DK;DM;DO;DZ;EC;EE;EG;EH;ER;ES;ET;FI;FJ;FK;FM;FO;FR;GA;GB;GD;GE;GF;GG;GH;GI;GL;GM;GN;GP;GQ;GR;GS;GT;GU;GW;GY;HK;HM;HN;HR;HT;HU;ID;IE;IL;IM;IN;IO;IQ;IR;IS;IT;JE;JM;JO;JP;KE;KG;KH;KI;KM;KN;KP;KR;KW;KY;KZ;LA;LB;LC;LI;LK;LR;LS;LT;LU;LV;LY;MA;MC;MD;ME;MF;MG;MH;MK;ML;MM;MN;MO;MP;MQ;MR;MS;MT;MU;MV;MW;MX;MY;MZ;NA;NC;NE;NF;NG;NI;NL;NO;NP;NR;NU;NZ;OM;PA;PE;PF;PG;PH;PK;PL;PM;PN;PR;PS;PT;PW;PY;QA;RE;RO;RS;RU;RW;SA;SB;SC;SD;SE;SG;SH;SI;SJ;SK;SL;SM;SN;SO;SR;SS;ST;SV;SX;SY;SZ;TC;TD;TF;TG;TH;TJ;TK;TL;TM;TN;TO;TR;TT;TV;TW;TZ;UA;UG;UM;US;UY;UZ;VA;VC;VE;VG;VI;VN;VU;WF;WS;YE;YT;ZA;ZM;ZW,"Distribution availability, not artist nationality or audience geography.",,https://music.youtube.com/watch?v=TEJJSeQm49c,True,False,False,True,False,False,True,True,False,,OK,True,INDIFFERENT,False,https://i.ytimg.com/vi/TEJJSeQm49c/maxresdefault.jpg,"[{""url"": ""https://i.ytimg.com/vi/TEJJSeQm49c/hqdefault.jpg?sqp=-oaymwEWCJADEOEBIAQqCggAEOADGC0guwJIWg&rs=AMzJL3lqZKqnhQhWBKsloxzh5YWeuBXarA"", ""width"": 400, ""height"": 225}]",,,missing album browse id,YouTube Music internal web API via ytmusicapi; personalized playlist fetched with named auth profile.,19.0,38.333333,5.453672971,cumulative views of the exact recommended YouTube video,284232,5.453672971,Upper buffer,Buffer,"Frozen 83-song candidate pool captured 2026-06-29T19:44:09+00:00; Low <=7,505; lower buffer 7,506-19,756; Middle 19,757-243,792; upper buffer 243,793-1,223,809; High >=1,223,810 views.","Use view_count or popularity_log10_view_count for comparisons across users, weeks, and the original playlist. Do not use the within-Discover-Mix rank or percentile for cross-playlist comparisons because those are recalculated separately inside every 30-song mix.",Popularity is for the exact recommended video ID. Report or control video_type because this item is MUSIC_VIDEO_TYPE_OMV; ATV denotes an Art Track and OMV an official music video.
2026-07-28T18:12:11+00:00,user_05,Aysima Baba,Discover Mix,RDTMAK5uy_n_5IN6hzAOwdCnM8D8rzrs3vDl12UcZpA,https://music.youtube.com/playlist?list=RDTMAK5uy_n_5IN6hzAOwdCnM8D8rzrs3vDl12UcZpA,,,,52824,"Discover great music, picked just for you. Always updating.",24,KHHw25HE2EQ,https://music.youtube.com/watch?v=KHHw25HE2EQ,https://www.youtube.com/watch?v=KHHw25HE2EQ,Live a Little More,SHIRAZ LANE,UCPs_f0SOpFEg9DqIrPH2ZZQ,"[{""id"": ""UCPs_f0SOpFEg9DqIrPH2ZZQ"", ""name"": ""SHIRAZ LANE"", ""subscribers_display"": ""1.45K"", ""subscribers_approx"": 1450, ""channel_views"": null, ""description"": null, ""song_shelf_count"": 5, ""album_shelf_count"": 4, ""single_shelf_count"": 10, ""video_shelf_count"": 10, ""lookup_error"": """"}]",UCPs_f0SOpFEg9DqIrPH2ZZQ,SHIRAZ LANE,1.45K,1450,,,5,4,10,10,,,,,,,,,,,3:17,197,MUSIC_VIDEO_TYPE_OMV,29143,,ytmusicapi player response videoDetails.viewCount,,,Not exposed by this YouTube Music endpoint; official YouTube Data API credentials are required.,Music,2025-10-07T03:00:35-07:00,2025-10-07T03:00:35-07:00,Frontiers Music srl,UCBLAoqCQyz6a0OvwXWzKZag,http://www.youtube.com/@frontiersmusicsrl,249,AD;AE;AF;AG;AI;AL;AM;AO;AQ;AR;AS;AT;AU;AW;AX;AZ;BA;BB;BD;BE;BF;BG;BH;BI;BJ;BL;BM;BN;BO;BQ;BR;BS;BT;BV;BW;BY;BZ;CA;CC;CD;CF;CG;CH;CI;CK;CL;CM;CN;CO;CR;CU;CV;CW;CX;CY;CZ;DE;DJ;DK;DM;DO;DZ;EC;EE;EG;EH;ER;ES;ET;FI;FJ;FK;FM;FO;FR;GA;GB;GD;GE;GF;GG;GH;GI;GL;GM;GN;GP;GQ;GR;GS;GT;GU;GW;GY;HK;HM;HN;HR;HT;HU;ID;IE;IL;IM;IN;IO;IQ;IR;IS;IT;JE;JM;JO;JP;KE;KG;KH;KI;KM;KN;KP;KR;KW;KY;KZ;LA;LB;LC;LI;LK;LR;LS;LT;LU;LV;LY;MA;MC;MD;ME;MF;MG;MH;MK;ML;MM;MN;MO;MP;MQ;MR;MS;MT;MU;MV;MW;MX;MY;MZ;NA;NC;NE;NF;NG;NI;NL;NO;NP;NR;NU;NZ;OM;PA;PE;PF;PG;PH;PK;PL;PM;PN;PR;PS;PT;PW;PY;QA;RE;RO;RS;RU;RW;SA;SB;SC;SD;SE;SG;SH;SI;SJ;SK;SL;SM;SN;SO;SR;SS;ST;SV;SX;SY;SZ;TC;TD;TF;TG;TH;TJ;TK;TL;TM;TN;TO;TR;TT;TV;TW;TZ;UA;UG;UM;US;UY;UZ;VA;VC;VE;VG;VI;VN;VU;WF;WS;YE;YT;ZA;ZM;ZW,"Distribution availability, not artist nationality or audience geography.",Frontiers Records; Frontiers Music; Frontiers Music Srl; Heavy Metal; Hard Rock; Melodic Rock; AOR; Melodic Hard Rock; Hair Metal; '80s Hard Rock; '80s Hair Metal; Album Oriented Rock; '80s Music; '80s Rock; Serafino Perugino,https://music.youtube.com/watch?v=KHHw25HE2EQ,True,False,False,True,False,False,True,True,False,,OK,True,INDIFFERENT,False,https://i.ytimg.com/vi/KHHw25HE2EQ/maxresdefault.jpg,"[{""url"": ""https://i.ytimg.com/vi/KHHw25HE2EQ/hqdefault.jpg?sqp=-oaymwEWCJADEOEBIAQqCggAEOADGC0guwJIWg&rs=AMzJL3knrBCRyPdcBRQFMNHWgL-OoJJGCw"", ""width"": 400, ""height"": 225}]",,,missing album browse id,YouTube Music internal web API via ytmusicapi; personalized playlist fetched with named auth profile.,29.0,5.0,4.464534256,cumulative views of the exact recommended YouTube video,29143,4.464534256,Middle,Middle,"Frozen 83-song candidate pool captured 2026-06-29T19:44:09+00:00; Low <=7,505; lower buffer 7,506-19,756; Middle 19,757-243,792; upper buffer 243,793-1,223,809; High >=1,223,810 views.","Use view_count or popularity_log10_view_count for comparisons across users, weeks, and the original playlist. Do not use the within-Discover-Mix rank or percentile for cross-playlist comparisons because those are recalculated separately inside every 30-song mix.",Popularity is for the exact recommended video ID. Report or control video_type because this item is MUSIC_VIDEO_TYPE_OMV; ATV denotes an Art Track and OMV an official music video.
2026-07-28T18:12:11+00:00,user_05,Aysima Baba,Discover Mix,RDTMAK5uy_n_5IN6hzAOwdCnM8D8rzrs3vDl12UcZpA,https://music.youtube.com/playlist?list=RDTMAK5uy_n_5IN6hzAOwdCnM8D8rzrs3vDl12UcZpA,,,,52824,"Discover great music, picked just for you. Always updating.",25,7sxPCgPwOmc,https://music.youtube.com/watch?v=7sxPCgPwOmc,https://www.youtube.com/watch?v=7sxPCgPwOmc,The Voice Commanding You,Angra,UCTkcCBkaRc7knrvFO6hkr-g,"[{""id"": ""UCTkcCBkaRc7knrvFO6hkr-g"", ""name"": ""Angra"", ""subscribers_display"": ""322K"", ""subscribers_approx"": 322000, ""channel_views"": 106120368, ""description"": ""Angra is a Brazilian progressive and power metal band formed in 1991. They have released ten regular studio albums, six EPs, and seven live CD/DVDs to date. Led by Rafael Bittencourt, the band has gained a degree of popularity in Japan and Europe.\nEmerging in the early 1990s, Angra spearheaded a national movement for melodic, progressive, and power metal. They proved that Brazilian bands could achieve technical mastery, paving the way for other melodic metal bands in Latin America and diversifying the country's musical export. Angra broke new ground by seamlessly integrating fast-paced European-style power metal and intricate progressive metal with classical music orchestration and indigenous Brazilian regional rhythms, such as baião, frevo, and maracatu. This innovative fusion, most notably showcased on their critically acclaimed early albums Angels Cry and Holy Land, established a completely new paradigm within the global melodic metal subgenre.\nBeyond their home country, Angra achieved international success, most notably in Japan. The Japanese market, known for its appreciation of virtuosic musicianship and neo-classical arrangements, embraced the band.\n\nFrom Wikipedia ("", ""song_shelf_count"": 5, ""album_shelf_count"": 10, ""single_shelf_count"": 10, ""video_shelf_count"": 10, ""lookup_error"": """"}]",UCTkcCBkaRc7knrvFO6hkr-g,Angra,322K,322000,106120368,"Angra is a Brazilian progressive and power metal band formed in 1991. They have released ten regular studio albums, six EPs, and seven live CD/DVDs to date. Led by Rafael Bittencourt, the band has gained a degree of popularity in Japan and Europe.
Emerging in the early 1990s, Angra spearheaded a national movement for melodic, progressive, and power metal. They proved that Brazilian bands could achieve technical mastery, paving the way for other melodic metal bands in Latin America and diversifying the country's musical export. Angra broke new ground by seamlessly integrating fast-paced European-style power metal and intricate progressive metal with classical music orchestration and indigenous Brazilian regional rhythms, such as baião, frevo, and maracatu. This innovative fusion, most notably showcased on their critically acclaimed early albums Angels Cry and Holy Land, established a completely new paradigm within the global melodic metal subgenre.
Beyond their home country, Angra achieved international success, most notably in Japan. The Japanese market, known for its appreciation of virtuosic musicianship and neo-classical arrangements, embraced the band.

From Wikipedia (",5,10,10,10,MPREb_0g3ANhLl9Ap,Aurora Consurgens,Album,2006,10,50 minutes,3052,OLAK5uy_meRu3CkW2PMKkll6Q9dsgZVxX7fNZNZzA,Angra,"Aurora Consurgens is the sixth studio album by the Brazilian power metal band Angra. It was released in October 2006 by Paradoxx Music in Brazil and SPV label Steamhammer in the rest of the world. This is the last album to feature drummer Aquiles Priester.

From Wikipedia (",5:28,328,MUSIC_VIDEO_TYPE_ATV,199050,,ytmusicapi player response videoDetails.viewCount,,,Not exposed by this YouTube Music endpoint; official YouTube Data API credentials are required.,Music,2023-08-23T15:57:31-07:00,2023-08-23T15:57:31-07:00,ANGRA - Topic,UCTkcCBkaRc7knrvFO6hkr-g,http://www.youtube.com/channel/UCTkcCBkaRc7knrvFO6hkr-g,114,AE;AR;AS;AT;AU;AW;AZ;BA;BD;BE;BG;BH;BM;BO;BR;BY;CA;CH;CL;CO;CR;CY;CZ;DE;DK;DO;DZ;EC;EE;EG;ES;FI;FR;GB;GE;GF;GH;GP;GR;GT;GU;HN;HR;HU;IE;IL;IN;IQ;IS;IT;JM;JO;KE;KH;KW;KY;KZ;LA;LB;LI;LK;LT;LU;LV;LY;MA;MK;MP;MQ;MT;MX;NC;NG;NI;NL;NO;NP;NZ;OM;PA;PE;PF;PG;PK;PL;PR;PT;PY;QA;RE;RO;RS;RU;SA;SE;SI;SK;SN;SV;TC;TN;TR;TZ;UA;UG;US;UY;VE;VI;VN;YE;YT;ZA;ZW,"Distribution availability, not artist nationality or audience geography.",Angra; Aurora Consurgens; The Voice Commanding You,https://music.youtube.com/watch?v=7sxPCgPwOmc,True,False,False,True,False,False,True,True,False,False,OK,True,INDIFFERENT,False,https://i.ytimg.com/vi/7sxPCgPwOmc/maxresdefault.jpg,"[{""url"": ""https://yt3.googleusercontent.com/TcGVBByfLQz5dOhQ6TaHnA8CZwDplEE_PQrGrRO_knD1YvRxXoouwkSJkE7nVXAh2uviMe2uyStwM1i3=w60-h60-l90-rj"", ""width"": 60, ""height"": 60}, {""url"": ""https://yt3.googleusercontent.com/TcGVBByfLQz5dOhQ6TaHnA8CZwDplEE_PQrGrRO_knD1YvRxXoouwkSJkE7nVXAh2uviMe2uyStwM1i3=w120-h120-l90-rj"", ""width"": 120, ""height"": 120}]",,,,YouTube Music internal web API via ytmusicapi; personalized playlist fetched with named auth profile.,21.0,31.666667,5.298962182,cumulative views of the exact recommended YouTube video,199050,5.298962182,Middle,Middle,"Frozen 83-song candidate pool captured 2026-06-29T19:44:09+00:00; Low <=7,505; lower buffer 7,506-19,756; Middle 19,757-243,792; upper buffer 243,793-1,223,809; High >=1,223,810 views.","Use view_count or popularity_log10_view_count for comparisons across users, weeks, and the original playlist. Do not use the within-Discover-Mix rank or percentile for cross-playlist comparisons because those are recalculated separately inside every 30-song mix.",Popularity is for the exact recommended video ID. Report or control video_type because this item is MUSIC_VIDEO_TYPE_ATV; ATV denotes an Art Track and OMV an official music video.
2026-07-28T18:12:11+00:00,user_05,Aysima Baba,Discover Mix,RDTMAK5uy_n_5IN6hzAOwdCnM8D8rzrs3vDl12UcZpA,https://music.youtube.com/playlist?list=RDTMAK5uy_n_5IN6hzAOwdCnM8D8rzrs3vDl12UcZpA,,,,52824,"Discover great music, picked just for you. Always updating.",26,8F_ws83QcSQ,https://music.youtube.com/watch?v=8F_ws83QcSQ,https://www.youtube.com/watch?v=8F_ws83QcSQ,Platitudes and Barren Words,Children Of Bodom,UCRiuOu6t_N0OHqpe8xORymQ,"[{""id"": ""UCRiuOu6t_N0OHqpe8xORymQ"", ""name"": ""Children Of Bodom"", ""subscribers_display"": ""217K"", ""subscribers_approx"": 217000, ""channel_views"": 115893625, ""description"": ""The band formed in 1993 in the city of Espoo, Finland. They took their name from one of the biggest murder mysteries in the history of their hometown and Finnish crime: the murders at Lake Bodom. After starting out as a thrash-metal combo, the founding members Alexi Laiho (guitars and vocals), Jaska Raatikainen (drums), Henkka Seppälä (bass) and Alexander Kuoppala (guitars) soon found elements of classic heavy metal creeping into their music. After taking in keyboardist Janne Wirman to complete their line-up, they honed their combination of old school black metal, classic heavy, and death metal vocals into the sharpest instrument of its kind and headed out to a studio to record a demo. Soon we had Something Wild in our hands. And that was just the beginning. \n\nAfter ten studio albums and countless shows around the world Children Of Bodom quit in  2019 ending their career in their home city, playing for a house full of fans in Helsinki Ice Hall. \n\nAlexi Laiho passed away in the end of 2020, the world lost one of the greatest guitarists and songwriters in history of metal music. His music will live forever."", ""song_shelf_count"": 5, ""album_shelf_count"": 10, ""single_shelf_count"": 10, ""video_shelf_count"": 10, ""lookup_error"": """"}]",UCRiuOu6t_N0OHqpe8xORymQ,Children Of Bodom,217K,217000,115893625,"The band formed in 1993 in the city of Espoo, Finland. They took their name from one of the biggest murder mysteries in the history of their hometown and Finnish crime: the murders at Lake Bodom. After starting out as a thrash-metal combo, the founding members Alexi Laiho (guitars and vocals), Jaska Raatikainen (drums), Henkka Seppälä (bass) and Alexander Kuoppala (guitars) soon found elements of classic heavy metal creeping into their music. After taking in keyboardist Janne Wirman to complete their line-up, they honed their combination of old school black metal, classic heavy, and death metal vocals into the sharpest instrument of its kind and headed out to a studio to record a demo. Soon we had Something Wild in our hands. And that was just the beginning. 

After ten studio albums and countless shows around the world Children Of Bodom quit in  2019 ending their career in their home city, playing for a house full of fans in Helsinki Ice Hall. 

Alexi Laiho passed away in the end of 2020, the world lost one of the greatest guitarists and songwriters in history of metal music. His music will live forever.",5,10,10,10,,,,,,,,,,,4:20,260,MUSIC_VIDEO_TYPE_OMV,1904327,,ytmusicapi player response videoDetails.viewCount,,,Not exposed by this YouTube Music endpoint; official YouTube Data API credentials are required.,Music,2019-03-01T07:00:01-08:00,2019-03-01T07:00:01-08:00,Nuclear Blast Records,UCoxg3Kml41wE3IPq-PC-LQw,http://www.youtube.com/@NuclearBlastRecords,249,AD;AE;AF;AG;AI;AL;AM;AO;AQ;AR;AS;AT;AU;AW;AX;AZ;BA;BB;BD;BE;BF;BG;BH;BI;BJ;BL;BM;BN;BO;BQ;BR;BS;BT;BV;BW;BY;BZ;CA;CC;CD;CF;CG;CH;CI;CK;CL;CM;CN;CO;CR;CU;CV;CW;CX;CY;CZ;DE;DJ;DK;DM;DO;DZ;EC;EE;EG;EH;ER;ES;ET;FI;FJ;FK;FM;FO;FR;GA;GB;GD;GE;GF;GG;GH;GI;GL;GM;GN;GP;GQ;GR;GS;GT;GU;GW;GY;HK;HM;HN;HR;HT;HU;ID;IE;IL;IM;IN;IO;IQ;IR;IS;IT;JE;JM;JO;JP;KE;KG;KH;KI;KM;KN;KP;KR;KW;KY;KZ;LA;LB;LC;LI;LK;LR;LS;LT;LU;LV;LY;MA;MC;MD;ME;MF;MG;MH;MK;ML;MM;MN;MO;MP;MQ;MR;MS;MT;MU;MV;MW;MX;MY;MZ;NA;NC;NE;NF;NG;NI;NL;NO;NP;NR;NU;NZ;OM;PA;PE;PF;PG;PH;PK;PL;PM;PN;PR;PS;PT;PW;PY;QA;RE;RO;RS;RU;RW;SA;SB;SC;SD;SE;SG;SH;SI;SJ;SK;SL;SM;SN;SO;SR;SS;ST;SV;SX;SY;SZ;TC;TD;TF;TG;TH;TJ;TK;TL;TM;TN;TO;TR;TT;TV;TW;TZ;UA;UG;UM;US;UY;UZ;VA;VC;VE;VG;VI;VN;VU;WF;WS;YE;YT;ZA;ZM;ZW,"Distribution availability, not artist nationality or audience geography.",Children of Bodom; Hatebreeder; Lake Bodom; melodic Death Metal; Ensiferum; Wintersun; Hypocrisy; Follow the Reaper; In Flames; Alexi Laiho; Halo of Blood; Children Of Bodom (Musical Group); New Album 2015; Children of Bodom New Album 2015; Alexi Laiho (Guitarist); Janne Warman; I Worship Choas; Children of Bodom New Song 2015; hexed; Under The Grass And Clover,https://music.youtube.com/watch?v=8F_ws83QcSQ,True,False,False,True,False,False,True,True,False,,OK,True,INDIFFERENT,False,https://i.ytimg.com/vi/8F_ws83QcSQ/maxresdefault.jpg,"[{""url"": ""https://i.ytimg.com/vi/8F_ws83QcSQ/hqdefault.jpg?sqp=-oaymwEWCJADEOEBIAQqCggAEOADGC0guwJIWg&rs=AMzJL3l4hMvN5WmLDgWdErkvAiOOT6aRXQ"", ""width"": 400, ""height"": 225}]",,,missing album browse id,YouTube Music internal web API via ytmusicapi; personalized playlist fetched with named auth profile.,3.0,91.666667,6.279741525,cumulative views of the exact recommended YouTube video,1904327,6.279741525,High,High,"Frozen 83-song candidate pool captured 2026-06-29T19:44:09+00:00; Low <=7,505; lower buffer 7,506-19,756; Middle 19,757-243,792; upper buffer 243,793-1,223,809; High >=1,223,810 views.","Use view_count or popularity_log10_view_count for comparisons across users, weeks, and the original playlist. Do not use the within-Discover-Mix rank or percentile for cross-playlist comparisons because those are recalculated separately inside every 30-song mix.",Popularity is for the exact recommended video ID. Report or control video_type because this item is MUSIC_VIDEO_TYPE_OMV; ATV denotes an Art Track and OMV an official music video.
2026-07-28T18:12:11+00:00,user_05,Aysima Baba,Discover Mix,RDTMAK5uy_n_5IN6hzAOwdCnM8D8rzrs3vDl12UcZpA,https://music.youtube.com/playlist?list=RDTMAK5uy_n_5IN6hzAOwdCnM8D8rzrs3vDl12UcZpA,,,,52824,"Discover great music, picked just for you. Always updating.",27,fj80c3UbyoY,https://music.youtube.com/watch?v=fj80c3UbyoY,https://www.youtube.com/watch?v=fj80c3UbyoY,River Walk,Philip Ayers,UCnk-ZY7dBZ7FYcN3fy0-5NQ,"[{""id"": ""UCnk-ZY7dBZ7FYcN3fy0-5NQ"", ""name"": ""Philip Ayers"", ""subscribers_display"": ""4.47K"", ""subscribers_approx"": 4470, ""channel_views"": null, ""description"": null, ""song_shelf_count"": 5, ""album_shelf_count"": 6, ""single_shelf_count"": 10, ""video_shelf_count"": 10, ""lookup_error"": """"}]",UCnk-ZY7dBZ7FYcN3fy0-5NQ,Philip Ayers,4.47K,4470,,,5,6,10,10,MPREb_3qRfubgJLbr,River Walk,Single,2025,2,"6 minutes, 53 seconds",413,OLAK5uy_nK6D0KS1dv7cCD03PdvzZPTUSFBQBR5oY,Philip Ayers,,3:09,189,MUSIC_VIDEO_TYPE_ATV,111302,,ytmusicapi player response videoDetails.viewCount,,,Not exposed by this YouTube Music endpoint; official YouTube Data API credentials are required.,Music,2025-04-07T03:04:07-07:00,2025-04-07T03:04:07-07:00,Philip Ayers - Topic,UCnk-ZY7dBZ7FYcN3fy0-5NQ,http://www.youtube.com/channel/UCnk-ZY7dBZ7FYcN3fy0-5NQ,123,AE;AR;AS;AT;AU;AW;AZ;BA;BD;BE;BG;BH;BM;BO;BR;BY;CA;CH;CL;CO;CR;CY;CZ;DE;DK;DO;DZ;EC;EE;EG;ES;FI;FR;GB;GE;GF;GH;GP;GR;GT;GU;HK;HN;HR;HU;ID;IE;IL;IN;IQ;IS;IT;JM;JO;JP;KE;KH;KR;KW;KY;KZ;LA;LB;LI;LK;LT;LU;LV;LY;MA;MK;MP;MQ;MT;MX;MY;NC;NG;NI;NL;NO;NP;NZ;OM;PA;PE;PF;PG;PH;PK;PL;PR;PT;PY;QA;RE;RO;RS;RU;SA;SE;SG;SI;SK;SN;SV;TC;TH;TN;TR;TW;TZ;UA;UG;US;UY;VE;VI;VN;YE;YT;ZA;ZW,"Distribution availability, not artist nationality or audience geography.",Philip Ayers; River Walk,https://music.youtube.com/watch?v=fj80c3UbyoY,True,False,False,True,False,False,True,True,False,False,OK,True,INDIFFERENT,False,https://i.ytimg.com/vi/fj80c3UbyoY/maxresdefault.jpg,"[{""url"": ""https://yt3.googleusercontent.com/I6YHmzEstCEZtv98uOCuONZ3clhn2mYlZgR6GNOzz6Bcq00xCYzJa0ZN-pIJotXLWfF6BAPIOTEOEhoFnQ=w60-h60-l90-rj"", ""width"": 60, ""height"": 60}, {""url"": ""https://yt3.googleusercontent.com/I6YHmzEstCEZtv98uOCuONZ3clhn2mYlZgR6GNOzz6Bcq00xCYzJa0ZN-pIJotXLWfF6BAPIOTEOEhoFnQ=w120-h120-l90-rj"", ""width"": 120, ""height"": 120}]",,,,YouTube Music internal web API via ytmusicapi; personalized playlist fetched with named auth profile.,24.0,21.666667,5.046502968,cumulative views of the exact recommended YouTube video,111302,5.046502968,Middle,Middle,"Frozen 83-song candidate pool captured 2026-06-29T19:44:09+00:00; Low <=7,505; lower buffer 7,506-19,756; Middle 19,757-243,792; upper buffer 243,793-1,223,809; High >=1,223,810 views.","Use view_count or popularity_log10_view_count for comparisons across users, weeks, and the original playlist. Do not use the within-Discover-Mix rank or percentile for cross-playlist comparisons because those are recalculated separately inside every 30-song mix.",Popularity is for the exact recommended video ID. Report or control video_type because this item is MUSIC_VIDEO_TYPE_ATV; ATV denotes an Art Track and OMV an official music video.
2026-07-28T18:12:11+00:00,user_05,Aysima Baba,Discover Mix,RDTMAK5uy_n_5IN6hzAOwdCnM8D8rzrs3vDl12UcZpA,https://music.youtube.com/playlist?list=RDTMAK5uy_n_5IN6hzAOwdCnM8D8rzrs3vDl12UcZpA,,,,52824,"Discover great music, picked just for you. Always updating.",28,7nHe7e1I_Fc,https://music.youtube.com/watch?v=7nHe7e1I_Fc,https://www.youtube.com/watch?v=7nHe7e1I_Fc,Thunderball,Art Nation,UCM_tcGRzKU7Ru7iTJYq8mBA,"[{""id"": ""UCM_tcGRzKU7Ru7iTJYq8mBA"", ""name"": ""Art Nation"", ""subscribers_display"": ""1.76K"", ""subscribers_approx"": 1760, ""channel_views"": 687061, ""description"": ""Art Nation is a Swedish melodic rock band from Gothenburg, founded in 2014 by Alexander Strandell and Christoffer Borg.\nTheir debut album Revolution was released in August 2015 by German record company Metal Heaven.\nThe band was nominated for one of Sweden's biggest music prizes, \""Gaffa- priset\"", 2015, 2016, and 2017, as \""The Best Live Act of the Year\"" and \""Swedish Breakthrough of the Year\"" and \""Swedish Group of the Year\"" like Zara Larsson, Ghost, Laleh, Håkan Hellström and In Flames.\nThe song \""Look to the Sky\"" featured in the newspaper Aftonbladet's best-selling list 2015 and was named \""Beautifulest Ballad of the Year\"".\nIn early 2016, the band signed a worldwide record contract with Sony Music Entertainment / Gain, which led to a sharp success curve in a short period of time. In mid-2016, the band was highly featured with \""We Are Better Together\"", this year's specially written Gothia Cup song, performed during the opening ceremony at Ullevi on July 18, 2016, for an audience of 60,000. In this connection, the band also participated in SVT where the \""Gothia song\"" was played live.\nThe tour summer also included many play dates at festivals, clubs and other contexts.\n\nFrom Wikipedia ("", ""song_shelf_count"": 5, ""album_shelf_count"": 6, ""single_shelf_count"": 10, ""video_shelf_count"": 10, ""lookup_error"": """"}]",UCM_tcGRzKU7Ru7iTJYq8mBA,Art Nation,1.76K,1760,687061,"Art Nation is a Swedish melodic rock band from Gothenburg, founded in 2014 by Alexander Strandell and Christoffer Borg.
Their debut album Revolution was released in August 2015 by German record company Metal Heaven.
The band was nominated for one of Sweden's biggest music prizes, ""Gaffa- priset"", 2015, 2016, and 2017, as ""The Best Live Act of the Year"" and ""Swedish Breakthrough of the Year"" and ""Swedish Group of the Year"" like Zara Larsson, Ghost, Laleh, Håkan Hellström and In Flames.
The song ""Look to the Sky"" featured in the newspaper Aftonbladet's best-selling list 2015 and was named ""Beautifulest Ballad of the Year"".
In early 2016, the band signed a worldwide record contract with Sony Music Entertainment / Gain, which led to a sharp success curve in a short period of time. In mid-2016, the band was highly featured with ""We Are Better Together"", this year's specially written Gothia Cup song, performed during the opening ceremony at Ullevi on July 18, 2016, for an audience of 60,000. In this connection, the band also participated in SVT where the ""Gothia song"" was played live.
The tour summer also included many play dates at festivals, clubs and other contexts.

From Wikipedia (",5,6,10,10,,,,,,,,,,,4:22,262,MUSIC_VIDEO_TYPE_OMV,117458,,ytmusicapi player response videoDetails.viewCount,,,Not exposed by this YouTube Music endpoint; official YouTube Data API credentials are required.,Music,2024-11-26T06:00:05-08:00,2024-11-26T06:00:05-08:00,Frontiers Music srl,UCBLAoqCQyz6a0OvwXWzKZag,http://www.youtube.com/@frontiersmusicsrl,249,AD;AE;AF;AG;AI;AL;AM;AO;AQ;AR;AS;AT;AU;AW;AX;AZ;BA;BB;BD;BE;BF;BG;BH;BI;BJ;BL;BM;BN;BO;BQ;BR;BS;BT;BV;BW;BY;BZ;CA;CC;CD;CF;CG;CH;CI;CK;CL;CM;CN;CO;CR;CU;CV;CW;CX;CY;CZ;DE;DJ;DK;DM;DO;DZ;EC;EE;EG;EH;ER;ES;ET;FI;FJ;FK;FM;FO;FR;GA;GB;GD;GE;GF;GG;GH;GI;GL;GM;GN;GP;GQ;GR;GS;GT;GU;GW;GY;HK;HM;HN;HR;HT;HU;ID;IE;IL;IM;IN;IO;IQ;IR;IS;IT;JE;JM;JO;JP;KE;KG;KH;KI;KM;KN;KP;KR;KW;KY;KZ;LA;LB;LC;LI;LK;LR;LS;LT;LU;LV;LY;MA;MC;MD;ME;MF;MG;MH;MK;ML;MM;MN;MO;MP;MQ;MR;MS;MT;MU;MV;MW;MX;MY;MZ;NA;NC;NE;NF;NG;NI;NL;NO;NP;NR;NU;NZ;OM;PA;PE;PF;PG;PH;PK;PL;PM;PN;PR;PS;PT;PW;PY;QA;RE;RO;RS;RU;RW;SA;SB;SC;SD;SE;SG;SH;SI;SJ;SK;SL;SM;SN;SO;SR;SS;ST;SV;SX;SY;SZ;TC;TD;TF;TG;TH;TJ;TK;TL;TM;TN;TO;TR;TT;TV;TW;TZ;UA;UG;UM;US;UY;UZ;VA;VC;VE;VG;VI;VN;VU;WF;WS;YE;YT;ZA;ZM;ZW,"Distribution availability, not artist nationality or audience geography.",Frontiers Records; Frontiers Music; Frontiers Music Srl; Heavy Metal; Hard Rock; Melodic Rock; AOR; Melodic Hard Rock; Hair Metal; '80s Hard Rock; '80s Hair Metal; Album Oriented Rock; '80s Music; '80s Rock; Serafino Perugino; Art Nation,https://music.youtube.com/watch?v=7nHe7e1I_Fc,True,False,False,True,False,False,True,True,False,,OK,True,INDIFFERENT,False,https://i.ytimg.com/vi/7nHe7e1I_Fc/maxresdefault.jpg,"[{""url"": ""https://i.ytimg.com/vi/7nHe7e1I_Fc/hqdefault.jpg?sqp=-oaymwEWCJADEOEBIAQqCggAEOADGC0guwJIWg&rs=AMzJL3nYVZ4QcQI569ryql1xrvCI2TIA8A"", ""width"": 400, ""height"": 225}]",,,missing album browse id,YouTube Music internal web API via ytmusicapi; personalized playlist fetched with named auth profile.,23.0,25.0,5.069882602,cumulative views of the exact recommended YouTube video,117458,5.069882602,Middle,Middle,"Frozen 83-song candidate pool captured 2026-06-29T19:44:09+00:00; Low <=7,505; lower buffer 7,506-19,756; Middle 19,757-243,792; upper buffer 243,793-1,223,809; High >=1,223,810 views.","Use view_count or popularity_log10_view_count for comparisons across users, weeks, and the original playlist. Do not use the within-Discover-Mix rank or percentile for cross-playlist comparisons because those are recalculated separately inside every 30-song mix.",Popularity is for the exact recommended video ID. Report or control video_type because this item is MUSIC_VIDEO_TYPE_OMV; ATV denotes an Art Track and OMV an official music video.
2026-07-28T18:12:11+00:00,user_05,Aysima Baba,Discover Mix,RDTMAK5uy_n_5IN6hzAOwdCnM8D8rzrs3vDl12UcZpA,https://music.youtube.com/playlist?list=RDTMAK5uy_n_5IN6hzAOwdCnM8D8rzrs3vDl12UcZpA,,,,52824,"Discover great music, picked just for you. Always updating.",29,ABGD7azyJWA,https://music.youtube.com/watch?v=ABGD7azyJWA,https://www.youtube.com/watch?v=ABGD7azyJWA,Elverhøy (Official Music Video),SKÁLD,UC-wIawlQBEwyFmemXR_eb9A,"[{""id"": ""UC-wIawlQBEwyFmemXR_eb9A"", ""name"": ""SKÁLD"", ""subscribers_display"": ""505K"", ""subscribers_approx"": 505000, ""channel_views"": 240304936, ""description"": ""Skáld is a French Nordic folk group formed in 2018. Their songs bear a heavy Norse influence, making use of traditional instruments and the themes they treat are mostly centred on Scandinavian culture, especially on Norse mythology and they use mostly Nordic languages, particularly Old Norse.\n\nFrom Wikipedia ("", ""song_shelf_count"": 5, ""album_shelf_count"": 2, ""single_shelf_count"": 10, ""video_shelf_count"": 10, ""lookup_error"": """"}]",UC-wIawlQBEwyFmemXR_eb9A,SKÁLD,505K,505000,240304936,"Skáld is a French Nordic folk group formed in 2018. Their songs bear a heavy Norse influence, making use of traditional instruments and the themes they treat are mostly centred on Scandinavian culture, especially on Norse mythology and they use mostly Nordic languages, particularly Old Norse.

From Wikipedia (",5,2,10,10,,,,,,,,,,,4:00,240,MUSIC_VIDEO_TYPE_OMV,1722847,,ytmusicapi player response videoDetails.viewCount,,,Not exposed by this YouTube Music endpoint; official YouTube Data API credentials are required.,Music,2023-03-03T01:30:08-08:00,2023-03-03T01:30:08-08:00,skaldvikingsVEVO,UCJXZPJyEbHDLSSeRn7ynQ-w,http://www.youtube.com/@skaldvikingsvevo4585,244,AD;AE;AF;AG;AI;AL;AM;AO;AQ;AR;AS;AT;AU;AW;AX;AZ;BA;BB;BD;BE;BF;BG;BH;BI;BJ;BL;BM;BN;BO;BQ;BR;BS;BT;BV;BW;BZ;CA;CC;CD;CF;CG;CH;CI;CK;CL;CM;CN;CO;CR;CU;CV;CW;CX;CY;CZ;DE;DJ;DK;DM;DO;DZ;EC;EE;EG;EH;ER;ES;ET;FI;FJ;FK;FM;FO;FR;GA;GB;GD;GE;GF;GG;GH;GI;GL;GM;GN;GP;GQ;GR;GS;GT;GU;GW;GY;HK;HM;HN;HR;HT;HU;ID;IE;IL;IM;IN;IQ;IR;IS;IT;JE;JM;JO;JP;KE;KG;KH;KI;KM;KN;KR;KW;KY;KZ;LA;LB;LC;LI;LK;LR;LS;LT;LU;LV;LY;MA;MC;MD;ME;MF;MG;MH;MK;ML;MM;MN;MO;MP;MQ;MR;MS;MT;MU;MV;MW;MX;MY;MZ;NA;NC;NE;NF;NG;NI;NL;NO;NP;NR;NU;NZ;OM;PA;PE;PF;PG;PH;PK;PL;PM;PN;PR;PS;PT;PW;PY;QA;RE;RO;RS;RW;SA;SB;SC;SD;SE;SG;SH;SI;SJ;SK;SL;SM;SN;SO;SR;ST;SV;SX;SY;SZ;TC;TD;TF;TG;TH;TJ;TK;TL;TM;TN;TO;TR;TT;TV;TW;TZ;UA;UG;UM;US;UY;UZ;VA;VC;VE;VG;VI;VN;VU;WF;WS;YE;YT;ZA;ZM;ZW,"Distribution availability, not artist nationality or audience geography.",skald; huldufolk; scald; skaald; skáld; skald new album; skald album; skald 2023; skald vikings; skald elverhoy; elverhoy; elverhøy; skáld elverhøy; skáld elverhoy; skald pagan folk; skald pagan; vikings; viking,https://music.youtube.com/watch?v=ABGD7azyJWA,True,False,False,True,False,False,True,True,False,,OK,True,INDIFFERENT,False,https://i.ytimg.com/vi/ABGD7azyJWA/maxresdefault.jpg,"[{""url"": ""https://i.ytimg.com/vi/ABGD7azyJWA/hqdefault.jpg?sqp=-oaymwEWCJADEOEBIAQqCggAEOADGC0guwJIWg&rs=AMzJL3mxeOCAgr3fUn1NLcwLjZAeoghQuA"", ""width"": 400, ""height"": 225}]",,,missing album browse id,YouTube Music internal web API via ytmusicapi; personalized playlist fetched with named auth profile.,4.0,88.333333,6.236246711,cumulative views of the exact recommended YouTube video,1722847,6.236246711,High,High,"Frozen 83-song candidate pool captured 2026-06-29T19:44:09+00:00; Low <=7,505; lower buffer 7,506-19,756; Middle 19,757-243,792; upper buffer 243,793-1,223,809; High >=1,223,810 views.","Use view_count or popularity_log10_view_count for comparisons across users, weeks, and the original playlist. Do not use the within-Discover-Mix rank or percentile for cross-playlist comparisons because those are recalculated separately inside every 30-song mix.",Popularity is for the exact recommended video ID. Report or control video_type because this item is MUSIC_VIDEO_TYPE_OMV; ATV denotes an Art Track and OMV an official music video.
2026-07-28T18:12:11+00:00,user_05,Aysima Baba,Discover Mix,RDTMAK5uy_n_5IN6hzAOwdCnM8D8rzrs3vDl12UcZpA,https://music.youtube.com/playlist?list=RDTMAK5uy_n_5IN6hzAOwdCnM8D8rzrs3vDl12UcZpA,,,,52824,"Discover great music, picked just for you. Always updating.",30,o0GmTRm67rw,https://music.youtube.com/watch?v=o0GmTRm67rw,https://www.youtube.com/watch?v=o0GmTRm67rw,I Still Believe,Narnia,UCI_wDm-Vd-mk3ohNzvZq11A,"[{""id"": ""UCI_wDm-Vd-mk3ohNzvZq11A"", ""name"": ""Narnia"", ""subscribers_display"": ""18.8K"", ""subscribers_approx"": 18800, ""channel_views"": null, ""description"": null, ""song_shelf_count"": 5, ""album_shelf_count"": 10, ""single_shelf_count"": 10, ""video_shelf_count"": 10, ""lookup_error"": """"}]",UCI_wDm-Vd-mk3ohNzvZq11A,Narnia,18.8K,18800,,,5,10,10,10,,,,,,,,,,,4:32,272,MUSIC_VIDEO_TYPE_OMV,700040,,ytmusicapi player response videoDetails.viewCount,,,Not exposed by this YouTube Music endpoint; official YouTube Data API credentials are required.,Music,2016-09-15T23:59:41-07:00,2016-09-15T23:59:41-07:00,NARNIA - The Band,UCmS_rlbDdzruoc0_e_di-3Q,http://www.youtube.com/@NarniaTheBand,249,AD;AE;AF;AG;AI;AL;AM;AO;AQ;AR;AS;AT;AU;AW;AX;AZ;BA;BB;BD;BE;BF;BG;BH;BI;BJ;BL;BM;BN;BO;BQ;BR;BS;BT;BV;BW;BY;BZ;CA;CC;CD;CF;CG;CH;CI;CK;CL;CM;CN;CO;CR;CU;CV;CW;CX;CY;CZ;DE;DJ;DK;DM;DO;DZ;EC;EE;EG;EH;ER;ES;ET;FI;FJ;FK;FM;FO;FR;GA;GB;GD;GE;GF;GG;GH;GI;GL;GM;GN;GP;GQ;GR;GS;GT;GU;GW;GY;HK;HM;HN;HR;HT;HU;ID;IE;IL;IM;IN;IO;IQ;IR;IS;IT;JE;JM;JO;JP;KE;KG;KH;KI;KM;KN;KP;KR;KW;KY;KZ;LA;LB;LC;LI;LK;LR;LS;LT;LU;LV;LY;MA;MC;MD;ME;MF;MG;MH;MK;ML;MM;MN;MO;MP;MQ;MR;MS;MT;MU;MV;MW;MX;MY;MZ;NA;NC;NE;NF;NG;NI;NL;NO;NP;NR;NU;NZ;OM;PA;PE;PF;PG;PH;PK;PL;PM;PN;PR;PS;PT;PW;PY;QA;RE;RO;RS;RU;RW;SA;SB;SC;SD;SE;SG;SH;SI;SJ;SK;SL;SM;SN;SO;SR;SS;ST;SV;SX;SY;SZ;TC;TD;TF;TG;TH;TJ;TK;TL;TM;TN;TO;TR;TT;TV;TW;TZ;UA;UG;UM;US;UY;UZ;VA;VC;VE;VG;VI;VN;VU;WF;WS;YE;YT;ZA;ZM;ZW,"Distribution availability, not artist nationality or audience geography.",narnia; divinefire; empire 21; audiovision; nuclear blast; neoclassical metal; power metal; white metal; melodic metal; heavy metal; swedish metal; masterplan; impellitteri; rob rock; royal hunt; christian liljegren; carljohan grimmark; andreas passmark; flagship; borderline; trinity; modest attraction; veni domine; mcm music; germusica; ulterium records; king records; yngwie malmsteen; at vance; swedish hardrock; janne stark; jerusalem; harmony; rivel records; gmr music,https://music.youtube.com/watch?v=o0GmTRm67rw,True,False,False,True,False,False,True,True,False,,OK,True,INDIFFERENT,False,https://i.ytimg.com/vi/o0GmTRm67rw/maxresdefault.jpg?sqp=-oaymwEmCIAKENAF8quKqQMa8AEB-AH-CYAC0AWKAgwIABABGFMgKyh_MA8=&rs=AOn4CLDNxJ9kiJio2nPDYmWGCTs6z7doNQ,"[{""url"": ""https://i.ytimg.com/vi/o0GmTRm67rw/hqdefault.jpg?sqp=-oaymwEWCJADEOEBIAQqCggAEOADGC0guwJIWg&rs=AMzJL3mYiyeBZekA-Hb5qImXlGnImH_WTA"", ""width"": 400, ""height"": 225}]",,,missing album browse id,YouTube Music internal web API via ytmusicapi; personalized playlist fetched with named auth profile.,11.0,65.0,5.845122856,cumulative views of the exact recommended YouTube video,700040,5.845122856,Upper buffer,Buffer,"Frozen 83-song candidate pool captured 2026-06-29T19:44:09+00:00; Low <=7,505; lower buffer 7,506-19,756; Middle 19,757-243,792; upper buffer 243,793-1,223,809; High >=1,223,810 views.","Use view_count or popularity_log10_view_count for comparisons across users, weeks, and the original playlist. Do not use the within-Discover-Mix rank or percentile for cross-playlist comparisons because those are recalculated separately inside every 30-song mix.",Popularity is for the exact recommended video ID. Report or control video_type because this item is MUSIC_VIDEO_TYPE_OMV; ATV denotes an Art Track and OMV an official music video.
